{"type": "FeatureCollection", "name": "question2_sensors", "features": [{"type": "Feature", "geometry": {"type": "Point", "coordinates": [118.7511, 32.2086]}, "properties": {"sensor_type": "surface_station", "sensor_id": "SURF_0001", "altitude_m": 26.2, "turbulence_index": 0.6452129574652476}}, {"type": "Feature", "geometry": {"type": "Point", "coordinates": [118.7361, 32.0439]}, "properties": {"sensor_type": "surface_station", "sensor_id": "SURF_0002", "altitude_m": 6.8, "turbulence_index": 0.2733409424081236}}, {"type": "Feature", "geometry": {"type": "Point", "coordinates": [119.1819, 32.1608]}, "properties": {"sensor_type": "surface_station", "sensor_id": "SURF_0003", "altitude_m": 9.0, "turbulence_index": 0.1900390951773749}}, {"type": "Feature", "geometry": {"type": "Point", "coordinates": [118.8322, 32.0589]}, "properties": {"sensor_type": "surface_station", "sensor_id": "SURF_0004", "altitude_m": 43.3, "turbulence_index": 0.0293309368820106}}, {"type": "Feature", "geometry": {"type": "Point", "coordinates": [118.9522, 32.1981]}, "properties": {"sensor_type": "surface_station", "sensor_id": "SURF_0005", "altitude_m": 4.5, "turbulence_index": 0.8392397803050688}}, {"type": "Feature", "geometry": {"type": "Point", "coordinates": [118.5522, 32.1578]}, "properties": {"sensor_type": "surface_station", "sensor_id": "SURF_0006", "altitude_m": 7.1, "turbulence_index": 0.5328134958549543}}, {"type": "Feature", "geometry": {"type": "Point", "coordinates": [118.715, 31.6428]}, "properties": {"sensor_type": "surface_station", "sensor_id": "SURF_0007", "altitude_m": 16.5, "turbulence_index": 0.659221606630026}}, {"type": "Feature", "geometry": {"type": "Point", "coordinates": [119.1803, 31.6008]}, "properties": {"sensor_type": "surface_station", "sensor_id": "SURF_0008", "altitude_m": 38.7, "turbulence_index": 0.0855506817792695}}, {"type": "Feature", "geometry": {"type": "Point", "coordinates": [118.7875, 32.0453]}, "properties": {"sensor_type": "surface_station", "sensor_id": "SURF_0009", "altitude_m": 8.0, "turbulence_index": 0.0}}, {"type": "Feature", "geometry": {"type": "Point", "coordinates": [119.01, 31.3728]}, "properties": {"sensor_type": "surface_station", "sensor_id": "SURF_0010", "altitude_m": 33.3, "turbulence_index": 0.3419373306648538}}, {"type": "Feature", "geometry": {"type": "Point", "coordinates": [119.2636, 31.5294]}, "properties": {"sensor_type": "surface_station", "sensor_id": "SURF_0011", "altitude_m": 25.0, "turbulence_index": 0.2016166259650549}}, {"type": "Feature", "geometry": {"type": "Point", "coordinates": [119.0, 31.945]}, "properties": {"sensor_type": "surface_station", "sensor_id": "SURF_0012", "altitude_m": 25.9, "turbulence_index": 0.3454541456280068}}, {"type": "Feature", "geometry": {"type": "Point", "coordinates": [118.8553, 31.9636]}, "properties": {"sensor_type": "surface_station", "sensor_id": "SURF_0013", "altitude_m": 9.0, "turbulence_index": 0.0}}, {"type": "Feature", "geometry": {"type": "Point", "coordinates": [118.7519, 32.0581]}, "properties": {"sensor_type": "surface_station", "sensor_id": "SURF_0014", "altitude_m": 28.9, "turbulence_index": 0.0675326363989888}}, {"type": "Feature", "geometry": {"type": "Point", "coordinates": [118.9325, 32.3744]}, "properties": {"sensor_type": "surface_station", "sensor_id": "SURF_0015", "altitude_m": 11.2, "turbulence_index": 0.2551710823717169}}, {"type": "Feature", "geometry": {"type": "Point", "coordinates": [118.52, 31.8978]}, "properties": {"sensor_type": "surface_station", "sensor_id": "SURF_0016", "altitude_m": 8.3, "turbulence_index": 0.0}}, {"type": "Feature", "geometry": {"type": "Point", "coordinates": [118.6836, 31.8681]}, "properties": {"sensor_type": "surface_station", "sensor_id": "SURF_0017", "altitude_m": 19.0, "turbulence_index": 0.1916855706209775}}, {"type": "Feature", "geometry": {"type": "Point", "coordinates": [118.9772, 32.0317]}, "properties": {"sensor_type": "surface_station", "sensor_id": "SURF_0018", "altitude_m": 50.1, "turbulence_index": 0.0}}, {"type": "Feature", "geometry": {"type": "Point", "coordinates": [119.19, 32.3917]}, "properties": {"sensor_type": "surface_station", "sensor_id": "SURF_0019", "altitude_m": 13.2, "turbulence_index": 0.1697975898753996}}, {"type": "Feature", "geometry": {"type": "Point", "coordinates": [118.6897, 32.5742]}, "properties": {"sensor_type": "surface_station", "sensor_id": "SURF_0020", "altitude_m": 18.0, "turbulence_index": 1.0}}, {"type": "Feature", "geometry": {"type": "Point", "coordinates": [119.2008, 32.1081]}, "properties": {"sensor_type": "surface_station", "sensor_id": "SURF_0021", "altitude_m": 73.6, "turbulence_index": 0.176525659095394}}, {"type": "Feature", "geometry": {"type": "Point", "coordinates": [118.7717, 32.0131]}, "properties": {"sensor_type": "surface_station", "sensor_id": "SURF_0022", "altitude_m": 8.4, "turbulence_index": 0.6490100031530526}}, {"type": "Feature", "geometry": {"type": "Point", "coordinates": [119.0525, 31.9964]}, "properties": {"sensor_type": "surface_station", "sensor_id": "SURF_0023", "altitude_m": 21.1, "turbulence_index": 0.1104870823326681}}, {"type": "Feature", "geometry": {"type": "Point", "coordinates": [118.8442, 31.8956]}, "properties": {"sensor_type": "surface_station", "sensor_id": "SURF_0024", "altitude_m": 10.0, "turbulence_index": 0.0477702989797693}}, {"type": "Feature", "geometry": {"type": "Point", "coordinates": [119.0014, 32.145]}, "properties": {"sensor_type": "surface_station", "sensor_id": "SURF_0025", "altitude_m": 17.5, "turbulence_index": 0.7651020502337638}}, {"type": "Feature", "geometry": {"type": "Point", "coordinates": [118.9806, 31.6444]}, "properties": {"sensor_type": "surface_station", "sensor_id": "SURF_0026", "altitude_m": 43.5, "turbulence_index": 0.0623229938825377}}, {"type": "Feature", "geometry": {"type": "Point", "coordinates": [118.8422, 32.4586]}, "properties": {"sensor_type": "surface_station", "sensor_id": "SURF_0027", "altitude_m": 112.3, "turbulence_index": 0.9960337552463816}}, {"type": "Feature", "geometry": {"type": "Point", "coordinates": [118.9419, 31.2572]}, "properties": {"sensor_type": "surface_station", "sensor_id": "SURF_0028", "altitude_m": 16.7, "turbulence_index": 0.073093696232741}}, {"type": "Feature", "geometry": {"type": "Point", "coordinates": [118.9031, 31.5325]}, "properties": {"sensor_type": "surface_station", "sensor_id": "SURF_0029", "altitude_m": 14.9, "turbulence_index": 0.0}}, {"type": "Feature", "geometry": {"type": "Point", "coordinates": [118.7214, 32.2342]}, "properties": {"sensor_type": "surface_station", "sensor_id": "SURF_0030", "altitude_m": 34.0, "turbulence_index": 0.3059548686633732}}, {"type": "Feature", "geometry": {"type": "Point", "coordinates": [118.9653, 32.35]}, "properties": {"sensor_type": "surface_station", "sensor_id": "SURF_0031", "altitude_m": 5.0, "turbulence_index": 0.2238108359982569}}, {"type": "Feature", "geometry": {"type": "Point", "coordinates": [118.5797, 32.0444]}, "properties": {"sensor_type": "surface_station", "sensor_id": "SURF_0032", "altitude_m": 58.0, "turbulence_index": 0.3783272695171406}}, {"type": "Feature", "geometry": {"type": "Point", "coordinates": [118.8139, 31.3283]}, "properties": {"sensor_type": "surface_station", "sensor_id": "SURF_0033", "altitude_m": 5.5, "turbulence_index": 0.2659041455240073}}, {"type": "Feature", "geometry": {"type": "Point", "coordinates": [118.6236, 31.8431]}, "properties": {"sensor_type": "surface_station", "sensor_id": "SURF_0034", "altitude_m": 15.0, "turbulence_index": 0.1875276965302753}}, {"type": "Feature", "geometry": {"type": "Point", "coordinates": [119.2444, 31.8439]}, "properties": {"sensor_type": "surface_station", "sensor_id": "SURF_0035", "altitude_m": 30.0, "turbulence_index": 0.3222278914408272}}, {"type": "Feature", "geometry": {"type": "Point", "coordinates": [118.6308, 32.1489]}, "properties": {"sensor_type": "surface_station", "sensor_id": "SURF_0036", "altitude_m": 23.0, "turbulence_index": 0.0}}, {"type": "Feature", "geometry": {"type": "Point", "coordinates": [118.92, 31.9175]}, "properties": {"sensor_type": "surface_station", "sensor_id": "SURF_0037", "altitude_m": 11.0, "turbulence_index": 0.1330034255260536}}, {"type": "Feature", "geometry": {"type": "Point", "coordinates": [118.9517, 32.6222]}, "properties": {"sensor_type": "surface_station", "sensor_id": "SURF_0038", "altitude_m": 31.0, "turbulence_index": 0.4873002639110241}}, {"type": "Feature", "geometry": {"type": "Point", "coordinates": [118.9028, 32.5811]}, "properties": {"sensor_type": "surface_station", "sensor_id": "SURF_0039", "altitude_m": 24.7, "turbulence_index": 1.0}}, {"type": "Feature", "geometry": {"type": "Point", "coordinates": [118.655, 31.4461]}, "properties": {"sensor_type": "surface_station", "sensor_id": "SURF_0040", "altitude_m": 9.3, "turbulence_index": 0.1989726163255965}}, {"type": "Feature", "geometry": {"type": "Point", "coordinates": [118.3003, 32.6344]}, "properties": {"sensor_type": "surface_station", "sensor_id": "SURF_0041", "altitude_m": 89.0, "turbulence_index": 0.265071446734192}}, {"type": "Feature", "geometry": {"type": "Point", "coordinates": [119.1586, 32.2997]}, "properties": {"sensor_type": "surface_station", "sensor_id": "SURF_0042", "altitude_m": 22.5, "turbulence_index": 0.218746373568513}}, {"type": "Feature", "geometry": {"type": "Point", "coordinates": [118.8997, 31.9317]}, "properties": {"sensor_type": "surface_station", "sensor_id": "SURF_0043", "altitude_m": 33.2, "turbulence_index": 0.0}}, {"type": "Feature", "geometry": {"type": "Point", "coordinates": [118.6594, 31.7192]}, "properties": {"sensor_type": "surface_station", "sensor_id": "SURF_0044", "altitude_m": 43.0, "turbulence_index": 0.0}}, {"type": "Feature", "geometry": {"type": "Point", "coordinates": [119.0322, 31.3439]}, "properties": {"sensor_type": "surface_station", "sensor_id": "SURF_0045", "altitude_m": 24.4, "turbulence_index": 0.0}}, {"type": "Feature", "geometry": {"type": "Point", "coordinates": [119.2964, 31.6975]}, "properties": {"sensor_type": "surface_station", "sensor_id": "SURF_0046", "altitude_m": 75.0, "turbulence_index": 0.0088737764966701}}, {"type": "Feature", "geometry": {"type": "Point", "coordinates": [118.7419, 32.0614]}, "properties": {"sensor_type": "surface_station", "sensor_id": "SURF_0047", "altitude_m": 6.9, "turbulence_index": 0.3106888984079649}}, {"type": "Feature", "geometry": {"type": "Point", "coordinates": [118.4214, 31.3708]}, "properties": {"sensor_type": "surface_station", "sensor_id": "SURF_0048", "altitude_m": 8.5, "turbulence_index": 0.2107204177369794}}, {"type": "Feature", "geometry": {"type": "Point", "coordinates": [118.8856, 32.6875]}, "properties": {"sensor_type": "surface_station", "sensor_id": "SURF_0049", "altitude_m": 38.4, "turbulence_index": 0.6496769300410447}}, {"type": "Feature", "geometry": {"type": "Point", "coordinates": [119.0975, 31.6461]}, "properties": {"sensor_type": "surface_station", "sensor_id": "SURF_0050", "altitude_m": 40.0, "turbulence_index": 0.3597217732421358}}, {"type": "Feature", "geometry": {"type": "Point", "coordinates": [118.6206, 32.3403]}, "properties": {"sensor_type": "surface_station", "sensor_id": "SURF_0051", "altitude_m": 12.4, "turbulence_index": 0.7134235762578776}}, {"type": "Feature", "geometry": {"type": "Point", "coordinates": [119.005, 32.5958]}, "properties": {"sensor_type": "surface_station", "sensor_id": "SURF_0052", "altitude_m": 31.6, "turbulence_index": 0.8066858126331018}}, {"type": "Feature", "geometry": {"type": "Point", "coordinates": [118.3186, 31.3622]}, "properties": {"sensor_type": "surface_station", "sensor_id": "SURF_0053", "altitude_m": 9.0, "turbulence_index": 1.0}}, {"type": "Feature", "geometry": {"type": "Point", "coordinates": [118.3244, 31.5031]}, "properties": {"sensor_type": "surface_station", "sensor_id": "SURF_0054", "altitude_m": 16.0, "turbulence_index": 0.52982747873552}}, {"type": "Feature", "geometry": {"type": "Point", "coordinates": [119.0711, 32.6386]}, "properties": {"sensor_type": "surface_station", "sensor_id": "SURF_0055", "altitude_m": 9.1, "turbulence_index": 0.5141853597443903}}, {"type": "Feature", "geometry": {"type": "Point", "coordinates": [118.4444, 31.6353]}, "properties": {"sensor_type": "surface_station", "sensor_id": "SURF_0056", "altitude_m": 3.4, "turbulence_index": 0.1922921754013869}}, {"type": "Feature", "geometry": {"type": "Point", "coordinates": [118.5953, 31.6631]}, "properties": {"sensor_type": "surface_station", "sensor_id": "SURF_0057", "altitude_m": 33.1, "turbulence_index": 0.1488354877703052}}, {"type": "Feature", "geometry": {"type": "Point", "coordinates": [119.0433, 32.5194]}, "properties": {"sensor_type": "surface_station", "sensor_id": "SURF_0058", "altitude_m": 44.4, "turbulence_index": 1.0}}, {"type": "Feature", "geometry": {"type": "Point", "coordinates": [118.4836, 32.2758]}, "properties": {"sensor_type": "surface_station", "sensor_id": "SURF_0059", "altitude_m": 10.6, "turbulence_index": 0.2748532300458081}}, {"type": "Feature", "geometry": {"type": "Point", "coordinates": [118.4153, 32.4703]}, "properties": {"sensor_type": "surface_station", "sensor_id": "SURF_0060", "altitude_m": 40.3, "turbulence_index": 0.950942708530944}}, {"type": "Feature", "geometry": {"type": "Point", "coordinates": [118.3122, 32.5331]}, "properties": {"sensor_type": "surface_station", "sensor_id": "SURF_0061", "altitude_m": 63.7, "turbulence_index": 0.4424992150588709}}, {"type": "Feature", "geometry": {"type": "Point", "coordinates": [118.9136, 32.6144]}, "properties": {"sensor_type": "surface_station", "sensor_id": "SURF_0062", "altitude_m": 6.0, "turbulence_index": 0.4044536588801348}}, {"type": "Feature", "geometry": {"type": "Point", "coordinates": [118.8278, 31.5111]}, "properties": {"sensor_type": "surface_station", "sensor_id": "SURF_0063", "altitude_m": 3.0, "turbulence_index": 0.7048782637961849}}, {"type": "Feature", "geometry": {"type": "Point", "coordinates": [118.4394, 32.5356]}, "properties": {"sensor_type": "surface_station", "sensor_id": "SURF_0064", "altitude_m": 32.5, "turbulence_index": 0.5499231664795813}}, {"type": "Feature", "geometry": {"type": "Point", "coordinates": [118.5953, 31.5081]}, "properties": {"sensor_type": "surface_station", "sensor_id": "SURF_0065", "altitude_m": 9.0, "turbulence_index": 0.14042874126464}}, {"type": "Feature", "geometry": {"type": "Point", "coordinates": [118.3811, 31.3094]}, "properties": {"sensor_type": "surface_station", "sensor_id": "SURF_0066", "altitude_m": 12.0, "turbulence_index": 0.0}}, {"type": "Feature", "geometry": {"type": "Point", "coordinates": [118.4781, 31.3861]}, "properties": {"sensor_type": "surface_station", "sensor_id": "SURF_0067", "altitude_m": 17.3, "turbulence_index": 0.7482538358844159}}, {"type": "Feature", "geometry": {"type": "Point", "coordinates": [119.0797, 31.2364]}, "properties": {"sensor_type": "surface_station", "sensor_id": "SURF_0068", "altitude_m": 37.0, "turbulence_index": 0.4826940958920373}}, {"type": "Feature", "geometry": {"type": "Point", "coordinates": [118.4672, 32.1711]}, "properties": {"sensor_type": "surface_station", "sensor_id": "SURF_0069", "altitude_m": 6.2, "turbulence_index": 0.4023637990008947}}, {"type": "Feature", "geometry": {"type": "Point", "coordinates": [118.6961, 32.0472]}, "properties": {"sensor_type": "surface_station", "sensor_id": "SURF_0070", "altitude_m": 5.0, "turbulence_index": 1.0}}, {"type": "Feature", "geometry": {"type": "Point", "coordinates": [118.3611, 31.725]}, "properties": {"sensor_type": "surface_station", "sensor_id": "SURF_0071", "altitude_m": 20.5, "turbulence_index": 0.2853140209291693}}, {"type": "Feature", "geometry": {"type": "Point", "coordinates": [118.9403, 32.1781]}, "properties": {"sensor_type": "surface_station", "sensor_id": "SURF_0072", "altitude_m": 73.0, "turbulence_index": 1.0}}, {"type": "Feature", "geometry": {"type": "Point", "coordinates": [118.9553, 32.5917]}, "properties": {"sensor_type": "surface_station", "sensor_id": "SURF_0073", "altitude_m": 45.9, "turbulence_index": 0.6019337860334635}}, {"type": "Feature", "geometry": {"type": "Point", "coordinates": [118.9158, 32.0511]}, "properties": {"sensor_type": "surface_station", "sensor_id": "SURF_0074", "altitude_m": 17.2, "turbulence_index": 0.1327872750173162}}, {"type": "Feature", "geometry": {"type": "Point", "coordinates": [118.7006, 31.96]}, "properties": {"sensor_type": "surface_station", "sensor_id": "SURF_0075", "altitude_m": 9.2, "turbulence_index": 0.0540789549713796}}, {"type": "Feature", "geometry": {"type": "Point", "coordinates": [118.8958, 32.2592]}, "properties": {"sensor_type": "surface_station", "sensor_id": "SURF_0076", "altitude_m": 14.4, "turbulence_index": 0.0202632145314914}}, {"type": "Feature", "geometry": {"type": "Point", "coordinates": [119.0336, 31.4889]}, "properties": {"sensor_type": "surface_station", "sensor_id": "SURF_0077", "altitude_m": 19.5, "turbulence_index": 0.1427068977401319}}, {"type": "Feature", "geometry": {"type": "Point", "coordinates": [118.7156, 31.9514]}, "properties": {"sensor_type": "surface_station", "sensor_id": "SURF_0078", "altitude_m": 8.3, "turbulence_index": 0.0}}, {"type": "Feature", "geometry": {"type": "Point", "coordinates": [119.1919, 31.8708]}, "properties": {"sensor_type": "surface_station", "sensor_id": "SURF_0079", "altitude_m": 13.0, "turbulence_index": 0.4972284931049826}}, {"type": "Feature", "geometry": {"type": "Point", "coordinates": [119.0367, 32.2225]}, "properties": {"sensor_type": "surface_station", "sensor_id": "SURF_0080", "altitude_m": 14.3, "turbulence_index": 0.1695622009415979}}, {"type": "Feature", "geometry": {"type": "Point", "coordinates": [118.8258, 31.9725]}, "properties": {"sensor_type": "surface_station", "sensor_id": "SURF_0081", "altitude_m": 10.2, "turbulence_index": 0.0}}, {"type": "Feature", "geometry": {"type": "Point", "coordinates": [119.0967, 32.4161]}, "properties": {"sensor_type": "surface_station", "sensor_id": "SURF_0082", "altitude_m": 32.0, "turbulence_index": 0.4072154223512028}}, {"type": "Feature", "geometry": {"type": "Point", "coordinates": [118.9586, 32.0939]}, "properties": {"sensor_type": "surface_station", "sensor_id": "SURF_0083", "altitude_m": 11.9, "turbulence_index": 0.1770688606599636}}, {"type": "Feature", "geometry": {"type": "Point", "coordinates": [118.7297, 31.9056]}, "properties": {"sensor_type": "surface_station", "sensor_id": "SURF_0084", "altitude_m": 41.0, "turbulence_index": 0.0}}, {"type": "Feature", "geometry": {"type": "Point", "coordinates": [118.8983, 31.59]}, "properties": {"sensor_type": "surface_station", "sensor_id": "SURF_0085", "altitude_m": 31.7, "turbulence_index": 0.0869309283516993}}, {"type": "Feature", "geometry": {"type": "Point", "coordinates": [119.1836, 31.3742]}, "properties": {"sensor_type": "surface_station", "sensor_id": "SURF_0086", "altitude_m": 8.6, "turbulence_index": 0.0333470134093995}}, {"type": "Feature", "geometry": {"type": "Point", "coordinates": [118.6675, 31.9817]}, "properties": {"sensor_type": "surface_station", "sensor_id": "SURF_0087", "altitude_m": 8.1, "turbulence_index": 0.7254816364550467}}, {"type": "Feature", "geometry": {"type": "Point", "coordinates": [119.2136, 31.4761]}, "properties": {"sensor_type": "surface_station", "sensor_id": "SURF_0088", "altitude_m": 18.0, "turbulence_index": 0.000416492127742}}, {"type": "Feature", "geometry": {"type": "Point", "coordinates": [118.5689, 32.0358]}, "properties": {"sensor_type": "surface_station", "sensor_id": "SURF_0089", "altitude_m": 32.0, "turbulence_index": 0.4733250864162582}}, {"type": "Feature", "geometry": {"type": "Point", "coordinates": [118.7311, 32.4753]}, "properties": {"sensor_type": "surface_station", "sensor_id": "SURF_0090", "altitude_m": 22.0, "turbulence_index": 0.2498561517937554}}, {"type": "Feature", "geometry": {"type": "Point", "coordinates": [118.7236, 32.0431]}, "properties": {"sensor_type": "surface_station", "sensor_id": "SURF_0091", "altitude_m": 6.2, "turbulence_index": 0.7921376885413318}}, {"type": "Feature", "geometry": {"type": "Point", "coordinates": [119.2425, 32.6308]}, "properties": {"sensor_type": "surface_station", "sensor_id": "SURF_0092", "altitude_m": 16.3, "turbulence_index": 0.3569694216268932}}, {"type": "Feature", "geometry": {"type": "Point", "coordinates": [118.7761, 31.9717]}, "properties": {"sensor_type": "surface_station", "sensor_id": "SURF_0093", "altitude_m": 22.6, "turbulence_index": 0.0}}, {"type": "Feature", "geometry": {"type": "Point", "coordinates": [118.9864, 31.6992]}, "properties": {"sensor_type": "surface_station", "sensor_id": "SURF_0094", "altitude_m": 10.4, "turbulence_index": 0.1599829455834067}}, {"type": "Feature", "geometry": {"type": "Point", "coordinates": [118.6725, 32.5258]}, "properties": {"sensor_type": "surface_station", "sensor_id": "SURF_0095", "altitude_m": 21.7, "turbulence_index": 0.4109158109409896}}, {"type": "Feature", "geometry": {"type": "Point", "coordinates": [119.1008, 31.4733]}, "properties": {"sensor_type": "surface_station", "sensor_id": "SURF_0096", "altitude_m": 38.2, "turbulence_index": 0.0}}, {"type": "Feature", "geometry": {"type": "Point", "coordinates": [118.785, 32.0631]}, "properties": {"sensor_type": "surface_station", "sensor_id": "SURF_0097", "altitude_m": 51.5, "turbulence_index": 0.4064515882470749}}, {"type": "Feature", "geometry": {"type": "Point", "coordinates": [118.7347, 32.1022]}, "properties": {"sensor_type": "surface_station", "sensor_id": "SURF_0098", "altitude_m": 9.0, "turbulence_index": 1.0}}, {"type": "Feature", "geometry": {"type": "Point", "coordinates": [119.0264, 32.0594]}, "properties": {"sensor_type": "surface_station", "sensor_id": "SURF_0099", "altitude_m": 100.0, "turbulence_index": 0.0412095407565257}}, {"type": "Feature", "geometry": {"type": "Point", "coordinates": [119.1572, 32.4919]}, "properties": {"sensor_type": "surface_station", "sensor_id": "SURF_0100", "altitude_m": 33.0, "turbulence_index": 0.7027451505375611}}, {"type": "Feature", "geometry": {"type": "Point", "coordinates": [118.6433, 31.9686]}, "properties": {"sensor_type": "surface_station", "sensor_id": "SURF_0101", "altitude_m": 41.0, "turbulence_index": 0.6127783697179036}}, {"type": "Feature", "geometry": {"type": "Point", "coordinates": [118.7544, 31.8803]}, "properties": {"sensor_type": "surface_station", "sensor_id": "SURF_0102", "altitude_m": 48.0, "turbulence_index": 0.5105621151780358}}, {"type": "Feature", "geometry": {"type": "Point", "coordinates": [118.3089, 32.3006]}, "properties": {"sensor_type": "surface_station", "sensor_id": "SURF_0103", "altitude_m": 27.5, "turbulence_index": 0.1713773735922051}}, {"type": "Feature", "geometry": {"type": "Point", "coordinates": [118.4511, 32.1517]}, "properties": {"sensor_type": "surface_station", "sensor_id": "SURF_0104", "altitude_m": 24.0, "turbulence_index": 1.0}}, {"type": "Feature", "geometry": {"type": "Point", "coordinates": [118.3603, 31.3853]}, "properties": {"sensor_type": "surface_station", "sensor_id": "SURF_0105", "altitude_m": 24.0, "turbulence_index": 0.6372102077894507}}, {"type": "Feature", "geometry": {"type": "Point", "coordinates": [119.2025, 31.9606]}, "properties": {"sensor_type": "surface_station", "sensor_id": "SURF_0106", "altitude_m": 36.0, "turbulence_index": 0.0230243376512405}}, {"type": "Feature", "geometry": {"type": "Point", "coordinates": [118.59, 32.0653]}, "properties": {"sensor_type": "surface_station", "sensor_id": "SURF_0107", "altitude_m": 46.6, "turbulence_index": 0.9611208226333848}}, {"type": "Feature", "geometry": {"type": "Point", "coordinates": [119.0639, 31.6028]}, "properties": {"sensor_type": "surface_station", "sensor_id": "SURF_0108", "altitude_m": 30.4, "turbulence_index": 0.4081482573189698}}, {"type": "Feature", "geometry": {"type": "Point", "coordinates": [118.9161, 31.3003]}, "properties": {"sensor_type": "surface_station", "sensor_id": "SURF_0109", "altitude_m": 10.0, "turbulence_index": 0.3941681486817752}}, {"type": "Feature", "geometry": {"type": "Point", "coordinates": [118.8675, 32.0856]}, "properties": {"sensor_type": "surface_station", "sensor_id": "SURF_0110", "altitude_m": 67.8, "turbulence_index": 0.3364009257536355}}, {"type": "Feature", "geometry": {"type": "Point", "coordinates": [118.7644, 31.8725]}, "properties": {"sensor_type": "surface_station", "sensor_id": "SURF_0111", "altitude_m": 34.8, "turbulence_index": 0.1841346831011326}}, {"type": "Feature", "geometry": {"type": "Point", "coordinates": [118.7792, 32.0289]}, "properties": {"sensor_type": "surface_station", "sensor_id": "SURF_0112", "altitude_m": 9.3, "turbulence_index": 0.0}}, {"type": "Feature", "geometry": {"type": "Point", "coordinates": [118.5256, 31.6586]}, "properties": {"sensor_type": "surface_station", "sensor_id": "SURF_0113", "altitude_m": 13.1, "turbulence_index": 0.3214123333231408}}, {"type": "Feature", "geometry": {"type": "Point", "coordinates": [118.9681, 32.6764]}, "properties": {"sensor_type": "surface_station", "sensor_id": "SURF_0114", "altitude_m": 5.6, "turbulence_index": 1.0}}, {"type": "Feature", "geometry": {"type": "Point", "coordinates": [119.095, 32.5022]}, "properties": {"sensor_type": "surface_station", "sensor_id": "SURF_0115", "altitude_m": 83.0, "turbulence_index": 0.93844204388524}}, {"type": "Feature", "geometry": {"type": "Point", "coordinates": [118.9106, 32.0658]}, "properties": {"sensor_type": "surface_station", "sensor_id": "SURF_0116", "altitude_m": 50.0, "turbulence_index": 0.0290240682613431}}, {"type": "Feature", "geometry": {"type": "Point", "coordinates": [118.7281, 31.2814]}, "properties": {"sensor_type": "surface_station", "sensor_id": "SURF_0117", "altitude_m": 17.0, "turbulence_index": 1.0}}, {"type": "Feature", "geometry": {"type": "Point", "coordinates": [118.9178, 31.2092]}, "properties": {"sensor_type": "surface_station", "sensor_id": "SURF_0118", "altitude_m": 31.0, "turbulence_index": 0.0549422391795437}}, {"type": "Feature", "geometry": {"type": "Point", "coordinates": [119.2994, 31.2094]}, "properties": {"sensor_type": "surface_station", "sensor_id": "SURF_0119", "altitude_m": 47.0, "turbulence_index": 0.2907655196791672}}, {"type": "Feature", "geometry": {"type": "Point", "coordinates": [118.3278, 31.4472]}, "properties": {"sensor_type": "surface_station", "sensor_id": "SURF_0120", "altitude_m": 5.0, "turbulence_index": 0.6061264863272284}}, {"type": "Feature", "geometry": {"type": "Point", "coordinates": [118.3433, 31.925]}, "properties": {"sensor_type": "surface_station", "sensor_id": "SURF_0121", "altitude_m": 37.0, "turbulence_index": 0.4192290821041796}}, {"type": "Feature", "geometry": {"type": "Point", "coordinates": [118.3792, 31.3369]}, "properties": {"sensor_type": "surface_station", "sensor_id": "SURF_0122", "altitude_m": 10.0, "turbulence_index": 0.0}}, {"type": "Feature", "geometry": {"type": "Point", "coordinates": [118.4933, 32.32]}, "properties": {"sensor_type": "surface_station", "sensor_id": "SURF_0123", "altitude_m": 20.6, "turbulence_index": 0.2833082918908893}}, {"type": "Feature", "geometry": {"type": "Point", "coordinates": [118.8789, 32.1303]}, "properties": {"sensor_type": "surface_station", "sensor_id": "SURF_0124", "altitude_m": 37.7, "turbulence_index": 0.142278515251688}}, {"type": "Feature", "geometry": {"type": "Point", "coordinates": [119.1756, 31.2064]}, "properties": {"sensor_type": "surface_station", "sensor_id": "SURF_0125", "altitude_m": 23.0, "turbulence_index": 0.5814940958518966}}, {"type": "Feature", "geometry": {"type": "Point", "coordinates": [118.3675, 31.7164]}, "properties": {"sensor_type": "surface_station", "sensor_id": "SURF_0126", "altitude_m": 9.6, "turbulence_index": 0.1522405635114997}}, {"type": "Feature", "geometry": {"type": "Point", "coordinates": [118.5406, 32.2258]}, "properties": {"sensor_type": "surface_station", "sensor_id": "SURF_0127", "altitude_m": 10.3, "turbulence_index": 1.0}}, {"type": "Feature", "geometry": {"type": "Point", "coordinates": [118.6644, 31.3178]}, "properties": {"sensor_type": "surface_station", "sensor_id": "SURF_0128", "altitude_m": 7.0, "turbulence_index": 0.2493904956658516}}, {"type": "Feature", "geometry": {"type": "Point", "coordinates": [118.8072, 32.6139]}, "properties": {"sensor_type": "surface_station", "sensor_id": "SURF_0129", "altitude_m": 30.0, "turbulence_index": 1.0}}, {"type": "Feature", "geometry": {"type": "Point", "coordinates": [118.3819, 32.2831]}, "properties": {"sensor_type": "surface_station", "sensor_id": "SURF_0130", "altitude_m": 15.2, "turbulence_index": 0.7887474130317542}}, {"type": "Feature", "geometry": {"type": "Point", "coordinates": [118.6181, 31.4439]}, "properties": {"sensor_type": "surface_station", "sensor_id": "SURF_0131", "altitude_m": 9.0, "turbulence_index": 0.5294098496553199}}, {"type": "Feature", "geometry": {"type": "Point", "coordinates": [118.3342, 32.3131]}, "properties": {"sensor_type": "surface_station", "sensor_id": "SURF_0132", "altitude_m": 20.0, "turbulence_index": 0.757524522463502}}, {"type": "Feature", "geometry": {"type": "Point", "coordinates": [118.7894, 31.5556]}, "properties": {"sensor_type": "surface_station", "sensor_id": "SURF_0133", "altitude_m": 10.8, "turbulence_index": 0.4939062795539601}}, {"type": "Feature", "geometry": {"type": "Point", "coordinates": [118.3836, 32.3914]}, "properties": {"sensor_type": "surface_station", "sensor_id": "SURF_0134", "altitude_m": 39.0, "turbulence_index": 0.7077096099469282}}, {"type": "Feature", "geometry": {"type": "Point", "coordinates": [118.3608, 32.5428]}, "properties": {"sensor_type": "surface_station", "sensor_id": "SURF_0135", "altitude_m": 93.0, "turbulence_index": 0.5889882980140566}}, {"type": "Feature", "geometry": {"type": "Point", "coordinates": [118.4139, 32.5375]}, "properties": {"sensor_type": "surface_station", "sensor_id": "SURF_0136", "altitude_m": 53.5, "turbulence_index": 0.8491201027615973}}, {"type": "Feature", "geometry": {"type": "Point", "coordinates": [118.3881, 32.0933]}, "properties": {"sensor_type": "surface_station", "sensor_id": "SURF_0137", "altitude_m": 12.0, "turbulence_index": 0.0}}, {"type": "Feature", "geometry": {"type": "Point", "coordinates": [118.5586, 31.2667]}, "properties": {"sensor_type": "surface_station", "sensor_id": "SURF_0138", "altitude_m": 11.0, "turbulence_index": 0.7872010959528776}}, {"type": "Feature", "geometry": {"type": "Point", "coordinates": [118.3533, 32.1603]}, "properties": {"sensor_type": "surface_station", "sensor_id": "SURF_0139", "altitude_m": 24.6, "turbulence_index": 0.3854850608684051}}, {"type": "Feature", "geometry": {"type": "Point", "coordinates": [118.6619, 32.1253]}, "properties": {"sensor_type": "surface_station", "sensor_id": "SURF_0140", "altitude_m": 16.2, "turbulence_index": 0.0}}, {"type": "Feature", "geometry": {"type": "Point", "coordinates": [118.8117, 32.5214]}, "properties": {"sensor_type": "surface_station", "sensor_id": "SURF_0141", "altitude_m": 45.9, "turbulence_index": 0.1657370306968844}}, {"type": "Feature", "geometry": {"type": "Point", "coordinates": [118.4089, 32.0858]}, "properties": {"sensor_type": "surface_station", "sensor_id": "SURF_0142", "altitude_m": 10.0, "turbulence_index": 0.0952909715123279}}, {"type": "Feature", "geometry": {"type": "Point", "coordinates": [119.0806, 32.33]}, "properties": {"sensor_type": "surface_station", "sensor_id": "SURF_0143", "altitude_m": 19.0, "turbulence_index": 0.0147484956726534}}, {"type": "Feature", "geometry": {"type": "Point", "coordinates": [118.7967, 32.0581]}, "properties": {"sensor_type": "surface_station", "sensor_id": "SURF_0144", "altitude_m": 7.1, "turbulence_index": 0.4133230097517891}}, {"type": "Feature", "geometry": {"type": "Point", "coordinates": [118.8606, 31.6894]}, "properties": {"sensor_type": "surface_station", "sensor_id": "SURF_0145", "altitude_m": 13.2, "turbulence_index": 0.3353291348566247}}, {"type": "Feature", "geometry": {"type": "Point", "coordinates": [118.7369, 32.5514]}, "properties": {"sensor_type": "surface_station", "sensor_id": "SURF_0146", "altitude_m": 27.6, "turbulence_index": 0.4913148583615641}}, {"type": "Feature", "geometry": {"type": "Point", "coordinates": [118.9381, 31.9347]}, "properties": {"sensor_type": "surface_station", "sensor_id": "SURF_0147", "altitude_m": 34.6, "turbulence_index": 0.0274935012877774}}, {"type": "Feature", "geometry": {"type": "Point", "coordinates": [119.0786, 32.2686]}, "properties": {"sensor_type": "surface_station", "sensor_id": "SURF_0148", "altitude_m": 30.9, "turbulence_index": 0.5023788454652809}}, {"type": "Feature", "geometry": {"type": "Point", "coordinates": [119.2428, 32.0314]}, "properties": {"sensor_type": "surface_station", "sensor_id": "SURF_0149", "altitude_m": 50.4, "turbulence_index": 0.4091372374739125}}, {"type": "Feature", "geometry": {"type": "Point", "coordinates": [119.2431, 31.9156]}, "properties": {"sensor_type": "surface_station", "sensor_id": "SURF_0150", "altitude_m": 27.1, "turbulence_index": 0.1494230168820336}}, {"type": "Feature", "geometry": {"type": "Point", "coordinates": [119.2375, 32.5092]}, "properties": {"sensor_type": "surface_station", "sensor_id": "SURF_0151", "altitude_m": 25.3, "turbulence_index": 0.4172227744084803}}, {"type": "Feature", "geometry": {"type": "Point", "coordinates": [119.0069, 32.0753]}, "properties": {"sensor_type": "surface_station", "sensor_id": "SURF_0152", "altitude_m": 83.7, "turbulence_index": 0.1771759364875622}}, {"type": "Feature", "geometry": {"type": "Point", "coordinates": [119.1331, 32.4283]}, "properties": {"sensor_type": "surface_station", "sensor_id": "SURF_0153", "altitude_m": 40.0, "turbulence_index": 0.1443349724277462}}, {"type": "Feature", "geometry": {"type": "Point", "coordinates": [118.6778, 32.14]}, "properties": {"sensor_type": "surface_station", "sensor_id": "SURF_0154", "altitude_m": 13.1, "turbulence_index": 0.0922104369993078}}, {"type": "Feature", "geometry": {"type": "Point", "coordinates": [119.2775, 31.3192]}, "properties": {"sensor_type": "surface_station", "sensor_id": "SURF_0155", "altitude_m": 13.0, "turbulence_index": 0.106071783332595}}, {"type": "Feature", "geometry": {"type": "Point", "coordinates": [118.8175, 32.4347]}, "properties": {"sensor_type": "surface_station", "sensor_id": "SURF_0156", "altitude_m": 45.0, "turbulence_index": 0.5048326870070198}}, {"type": "Feature", "geometry": {"type": "Point", "coordinates": [118.7708, 32.0867]}, "properties": {"sensor_type": "surface_station", "sensor_id": "SURF_0157", "altitude_m": 13.7, "turbulence_index": 0.1760324781951905}}, {"type": "Feature", "geometry": {"type": "Point", "coordinates": [119.2983, 31.9683]}, "properties": {"sensor_type": "surface_station", "sensor_id": "SURF_0158", "altitude_m": 10.0, "turbulence_index": 0.4419935361125101}}, {"type": "Feature", "geometry": {"type": "Point", "coordinates": [119.2831, 32.3189]}, "properties": {"sensor_type": "surface_station", "sensor_id": "SURF_0159", "altitude_m": 5.0, "turbulence_index": 0.3872219735233341}}, {"type": "Feature", "geometry": {"type": "Point", "coordinates": [118.8233, 31.2708]}, "properties": {"sensor_type": "surface_station", "sensor_id": "SURF_0160", "altitude_m": 6.3, "turbulence_index": 0.2004740578916467}}, {"type": "Feature", "geometry": {"type": "Point", "coordinates": [118.9747, 31.8639]}, "properties": {"sensor_type": "surface_station", "sensor_id": "SURF_0161", "altitude_m": 14.0, "turbulence_index": 0.0496138896238156}}, {"type": "Feature", "geometry": {"type": "Point", "coordinates": [119.0647, 31.7367]}, "properties": {"sensor_type": "surface_station", "sensor_id": "SURF_0162", "altitude_m": 10.4, "turbulence_index": 0.0817945487008128}}, {"type": "Feature", "geometry": {"type": "Point", "coordinates": [118.9989, 32.2725]}, "properties": {"sensor_type": "surface_station", "sensor_id": "SURF_0163", "altitude_m": 5.5, "turbulence_index": 0.6367420095048412}}, {"type": "Feature", "geometry": {"type": "Point", "coordinates": [119.2178, 32.2569]}, "properties": {"sensor_type": "surface_station", "sensor_id": "SURF_0164", "altitude_m": 5.0, "turbulence_index": 0.3940306922605868}}, {"type": "Feature", "geometry": {"type": "Point", "coordinates": [119.2086, 31.8081]}, "properties": {"sensor_type": "surface_station", "sensor_id": "SURF_0165", "altitude_m": 5.0, "turbulence_index": 0.1236819850751495}}, {"type": "Feature", "geometry": {"type": "Point", "coordinates": [119.1106, 31.6322]}, "properties": {"sensor_type": "surface_station", "sensor_id": "SURF_0166", "altitude_m": 63.0, "turbulence_index": 0.1314119875664504}}, {"type": "Feature", "geometry": {"type": "Point", "coordinates": [119.2119, 32.3369]}, "properties": {"sensor_type": "surface_station", "sensor_id": "SURF_0167", "altitude_m": 5.0, "turbulence_index": 0.4983112459172205}}, {"type": "Feature", "geometry": {"type": "Point", "coordinates": [118.7481, 32.425]}, "properties": {"sensor_type": "surface_station", "sensor_id": "SURF_0168", "altitude_m": 9.0, "turbulence_index": 0.7471468050171158}}, {"type": "Feature", "geometry": {"type": "Point", "coordinates": [118.895, 31.5475]}, "properties": {"sensor_type": "surface_station", "sensor_id": "SURF_0169", "altitude_m": 10.0, "turbulence_index": 0.0}}, {"type": "Feature", "geometry": {"type": "Point", "coordinates": [118.3428, 32.3514]}, "properties": {"sensor_type": "surface_station", "sensor_id": "SURF_0170", "altitude_m": 44.0, "turbulence_index": 0.5850773432903631}}, {"type": "Feature", "geometry": {"type": "Point", "coordinates": [118.8986, 32.6228]}, "properties": {"sensor_type": "surface_station", "sensor_id": "SURF_0171", "altitude_m": 28.5, "turbulence_index": 0.983565049320648}}, {"type": "Feature", "geometry": {"type": "Point", "coordinates": [118.3233, 32.1967]}, "properties": {"sensor_type": "surface_station", "sensor_id": "SURF_0172", "altitude_m": 44.0, "turbulence_index": 0.4852318119653939}}, {"type": "Feature", "geometry": {"type": "Point", "coordinates": [118.3622, 31.3097]}, "properties": {"sensor_type": "surface_station", "sensor_id": "SURF_0173", "altitude_m": 10.0, "turbulence_index": 0.0}}, {"type": "Feature", "geometry": {"type": "Point", "coordinates": [118.9403, 32.155]}, "properties": {"sensor_type": "surface_station", "sensor_id": "SURF_0174", "altitude_m": 25.0, "turbulence_index": 1.0}}, {"type": "Feature", "geometry": {"type": "Point", "coordinates": [119.0969, 32.6758]}, "properties": {"sensor_type": "surface_station", "sensor_id": "SURF_0175", "altitude_m": 17.1, "turbulence_index": 0.4572972775295306}}, {"type": "Feature", "geometry": {"type": "Point", "coordinates": [118.5406, 31.3775]}, "properties": {"sensor_type": "surface_station", "sensor_id": "SURF_0176", "altitude_m": 7.1, "turbulence_index": 0.0549592096110081}}, {"type": "Feature", "geometry": {"type": "Point", "coordinates": [118.3828, 31.2033]}, "properties": {"sensor_type": "surface_station", "sensor_id": "SURF_0177", "altitude_m": 15.3, "turbulence_index": 0.1472103111946107}}, {"type": "Feature", "geometry": {"type": "Point", "coordinates": [118.9914, 32.5572]}, "properties": {"sensor_type": "surface_station", "sensor_id": "SURF_0178", "altitude_m": 60.0, "turbulence_index": 0.7283317725916996}}, {"type": "Feature", "geometry": {"type": "Point", "coordinates": [118.8481, 31.7861]}, "properties": {"sensor_type": "surface_station", "sensor_id": "SURF_0179", "altitude_m": 11.2, "turbulence_index": 0.4064687865819812}}, {"type": "Feature", "geometry": {"type": "Point", "coordinates": [119.2431, 31.7817]}, "properties": {"sensor_type": "surface_station", "sensor_id": "SURF_0180", "altitude_m": 35.0, "turbulence_index": 0.2615050763606208}}, {"type": "Feature", "geometry": {"type": "Point", "coordinates": [119.0742, 31.2664]}, "properties": {"sensor_type": "surface_station", "sensor_id": "SURF_0181", "altitude_m": 26.9, "turbulence_index": 0.2596274100031092}}, {"type": "Feature", "geometry": {"type": "Point", "coordinates": [118.7978, 32.0194]}, "properties": {"sensor_type": "surface_station", "sensor_id": "SURF_0182", "altitude_m": 7.0, "turbulence_index": 0.0430190372432007}}, {"type": "Feature", "geometry": {"type": "Point", "coordinates": [119.0694, 32.5408]}, "properties": {"sensor_type": "surface_station", "sensor_id": "SURF_0183", "altitude_m": 29.0, "turbulence_index": 1.0}}, {"type": "Feature", "geometry": {"type": "Point", "coordinates": [118.5781, 31.6406]}, "properties": {"sensor_type": "surface_station", "sensor_id": "SURF_0184", "altitude_m": 24.0, "turbulence_index": 0.0210661939737396}}, {"type": "Feature", "geometry": {"type": "Point", "coordinates": [118.4689, 31.2258]}, "properties": {"sensor_type": "surface_station", "sensor_id": "SURF_0185", "altitude_m": 6.0, "turbulence_index": 0.3899835965194265}}, {"type": "Feature", "geometry": {"type": "Point", "coordinates": [118.7075, 31.9592]}, "properties": {"sensor_type": "surface_station", "sensor_id": "SURF_0186", "altitude_m": 11.0, "turbulence_index": 0.0}}, {"type": "Feature", "geometry": {"type": "Point", "coordinates": [119.1269, 32.5853]}, "properties": {"sensor_type": "surface_station", "sensor_id": "SURF_0187", "altitude_m": 28.0, "turbulence_index": 0.5079599684140088}}, {"type": "Feature", "geometry": {"type": "Point", "coordinates": [118.5353, 31.575]}, "properties": {"sensor_type": "surface_station", "sensor_id": "SURF_0188", "altitude_m": 23.3, "turbulence_index": 0.0}}, {"type": "Feature", "geometry": {"type": "Point", "coordinates": [118.5775, 32.4367]}, "properties": {"sensor_type": "surface_station", "sensor_id": "SURF_0189", "altitude_m": 27.2, "turbulence_index": 0.4206299141797682}}, {"type": "Feature", "geometry": {"type": "Point", "coordinates": [118.4572, 32.3883]}, "properties": {"sensor_type": "surface_station", "sensor_id": "SURF_0190", "altitude_m": 17.9, "turbulence_index": 0.4383076130317503}}, {"type": "Feature", "geometry": {"type": "Point", "coordinates": [118.4775, 31.4942]}, "properties": {"sensor_type": "surface_station", "sensor_id": "SURF_0191", "altitude_m": 7.0, "turbulence_index": 0.7673556645705576}}, {"type": "Feature", "geometry": {"type": "Point", "coordinates": [118.7328, 32.6919]}, "properties": {"sensor_type": "surface_station", "sensor_id": "SURF_0192", "altitude_m": 30.0, "turbulence_index": 0.6122311247603024}}, {"type": "Feature", "geometry": {"type": "Point", "coordinates": [118.7542, 31.4108]}, "properties": {"sensor_type": "surface_station", "sensor_id": "SURF_0193", "altitude_m": 6.0, "turbulence_index": 0.3228485141668878}}, {"type": "Feature", "geometry": {"type": "Point", "coordinates": [118.7361, 31.5836]}, "properties": {"sensor_type": "surface_station", "sensor_id": "SURF_0194", "altitude_m": 11.4, "turbulence_index": 0.5136328512399297}}, {"type": "Feature", "geometry": {"type": "Point", "coordinates": [118.3489, 31.9783]}, "properties": {"sensor_type": "surface_station", "sensor_id": "SURF_0195", "altitude_m": 25.0, "turbulence_index": 0.4479146978279837}}, {"type": "Feature", "geometry": {"type": "Point", "coordinates": [118.49, 31.3664]}, "properties": {"sensor_type": "surface_station", "sensor_id": "SURF_0196", "altitude_m": 21.0, "turbulence_index": 0.3837988877403738}}, {"type": "Feature", "geometry": {"type": "Point", "coordinates": [118.9356, 32.1686]}, "properties": {"sensor_type": "surface_station", "sensor_id": "SURF_0197", "altitude_m": 14.3, "turbulence_index": 1.0}}, {"type": "Feature", "geometry": {"type": "Point", "coordinates": [119.1414, 32.2519]}, "properties": {"sensor_type": "surface_station", "sensor_id": "SURF_0198", "altitude_m": 9.0, "turbulence_index": 1.0}}, {"type": "Feature", "geometry": {"type": "Point", "coordinates": [118.8397, 32.6736]}, "properties": {"sensor_type": "surface_station", "sensor_id": "SURF_0199", "altitude_m": 37.9, "turbulence_index": 0.9206417224855212}}, {"type": "Feature", "geometry": {"type": "Point", "coordinates": [119.1025, 32.6167]}, "properties": {"sensor_type": "surface_station", "sensor_id": "SURF_0200", "altitude_m": 36.1, "turbulence_index": 0.6691122567608794}}, {"type": "Feature", "geometry": {"type": "Point", "coordinates": [118.5744, 32.2392]}, "properties": {"sensor_type": "surface_station", "sensor_id": "SURF_0201", "altitude_m": 8.0, "turbulence_index": 1.0}}, {"type": "Feature", "geometry": {"type": "Point", "coordinates": [118.5794, 31.4672]}, "properties": {"sensor_type": "surface_station", "sensor_id": "SURF_0202", "altitude_m": 11.9, "turbulence_index": 0.3792255725683227}}, {"type": "Feature", "geometry": {"type": "Point", "coordinates": [118.3858, 31.3764]}, "properties": {"sensor_type": "surface_station", "sensor_id": "SURF_0203", "altitude_m": 20.0, "turbulence_index": 0.8086362251187922}}, {"type": "Feature", "geometry": {"type": "Point", "coordinates": [118.8775, 31.3525]}, "properties": {"sensor_type": "surface_station", "sensor_id": "SURF_0204", "altitude_m": 7.1, "turbulence_index": 0.2283762476420614}}, {"type": "Feature", "geometry": {"type": "Point", "coordinates": [119.2292, 32.6919]}, "properties": {"sensor_type": "surface_station", "sensor_id": "SURF_0205", "altitude_m": 13.3, "turbulence_index": 0.3872669049992418}}, {"type": "Feature", "geometry": {"type": "Point", "coordinates": [118.9069, 32.1083]}, "properties": {"sensor_type": "surface_station", "sensor_id": "SURF_0206", "altitude_m": 39.0, "turbulence_index": 0.0}}, {"type": "Feature", "geometry": {"type": "Point", "coordinates": [118.5639, 32.5631]}, "properties": {"sensor_type": "surface_station", "sensor_id": "SURF_0207", "altitude_m": 186.2, "turbulence_index": 0.5558290598570998}}, {"type": "Feature", "geometry": {"type": "Point", "coordinates": [118.6192, 31.9417]}, "properties": {"sensor_type": "surface_station", "sensor_id": "SURF_0208", "altitude_m": 9.1, "turbulence_index": 0.4394416149061922}}, {"type": "Feature", "geometry": {"type": "Point", "coordinates": [119.2406, 32.4264]}, "properties": {"sensor_type": "surface_station", "sensor_id": "SURF_0209", "altitude_m": 40.3, "turbulence_index": 0.0719495924038326}}, {"type": "Feature", "geometry": {"type": "Point", "coordinates": [118.8722, 32.3314]}, "properties": {"sensor_type": "surface_station", "sensor_id": "SURF_0210", "altitude_m": 8.4, "turbulence_index": 0.2873529010944832}}, {"type": "Feature", "geometry": {"type": "Point", "coordinates": [118.9481, 32.3253]}, "properties": {"sensor_type": "surface_station", "sensor_id": "SURF_0211", "altitude_m": 13.7, "turbulence_index": 0.5965764408619695}}, {"type": "Feature", "geometry": {"type": "Point", "coordinates": [118.5519, 31.7953]}, "properties": {"sensor_type": "surface_station", "sensor_id": "SURF_0212", "altitude_m": 14.9, "turbulence_index": 0.1187012613691928}}, {"type": "Feature", "geometry": {"type": "Point", "coordinates": [118.79, 32.2839]}, "properties": {"sensor_type": "surface_station", "sensor_id": "SURF_0213", "altitude_m": 9.7, "turbulence_index": 0.0}}, {"type": "Feature", "geometry": {"type": "Point", "coordinates": [119.2083, 32.2775]}, "properties": {"sensor_type": "surface_station", "sensor_id": "SURF_0214", "altitude_m": 8.6, "turbulence_index": 0.0466679497386724}}, {"type": "Feature", "geometry": {"type": "Point", "coordinates": [118.8692, 32.0106]}, "properties": {"sensor_type": "surface_station", "sensor_id": "SURF_0215", "altitude_m": 18.0, "turbulence_index": 0.0857769862897943}}, {"type": "Feature", "geometry": {"type": "Point", "coordinates": [118.9975, 31.4222]}, "properties": {"sensor_type": "surface_station", "sensor_id": "SURF_0216", "altitude_m": 26.6, "turbulence_index": 0.0}}, {"type": "Feature", "geometry": {"type": "Point", "coordinates": [119.2214, 31.6739]}, "properties": {"sensor_type": "surface_station", "sensor_id": "SURF_0217", "altitude_m": 33.1, "turbulence_index": 0.2224290323233442}}, {"type": "Feature", "geometry": {"type": "Point", "coordinates": [119.0325, 32.045]}, "properties": {"sensor_type": "surface_station", "sensor_id": "SURF_0218", "altitude_m": 109.1, "turbulence_index": 0.0386094069500138}}, {"type": "Feature", "geometry": {"type": "Point", "coordinates": [119.2958, 31.3672]}, "properties": {"sensor_type": "surface_station", "sensor_id": "SURF_0219", "altitude_m": 34.0, "turbulence_index": 0.4056349221319685}}, {"type": "Feature", "geometry": {"type": "Point", "coordinates": [119.1497, 32.26]}, "properties": {"sensor_type": "surface_station", "sensor_id": "SURF_0220", "altitude_m": 4.0, "turbulence_index": 0.4315466984501788}}, {"type": "Feature", "geometry": {"type": "Point", "coordinates": [119.2689, 31.4464]}, "properties": {"sensor_type": "surface_station", "sensor_id": "SURF_0221", "altitude_m": 0.8, "turbulence_index": 0.5123028464862677}}, {"type": "Feature", "geometry": {"type": "Point", "coordinates": [118.8656, 32.0436]}, "properties": {"sensor_type": "surface_station", "sensor_id": "SURF_0222", "altitude_m": 26.4, "turbulence_index": 0.0}}, {"type": "Feature", "geometry": {"type": "Point", "coordinates": [119.1786, 32.0775]}, "properties": {"sensor_type": "surface_station", "sensor_id": "SURF_0223", "altitude_m": 55.0, "turbulence_index": 0.2032600343252666}}, {"type": "Feature", "geometry": {"type": "Point", "coordinates": [118.7442, 31.7939]}, "properties": {"sensor_type": "surface_station", "sensor_id": "SURF_0224", "altitude_m": 26.1, "turbulence_index": 0.4342857277467965}}, {"type": "Feature", "geometry": {"type": "Point", "coordinates": [118.6194, 32.1767]}, "properties": {"sensor_type": "surface_station", "sensor_id": "SURF_0225", "altitude_m": 4.8, "turbulence_index": 0.0721280017053592}}, {"type": "Feature", "geometry": {"type": "Point", "coordinates": [118.7767, 31.2522]}, "properties": {"sensor_type": "surface_station", "sensor_id": "SURF_0226", "altitude_m": 6.4, "turbulence_index": 0.4707570945307245}}, {"type": "Feature", "geometry": {"type": "Point", "coordinates": [119.0344, 31.6556]}, "properties": {"sensor_type": "surface_station", "sensor_id": "SURF_0227", "altitude_m": 25.6, "turbulence_index": 0.6155829929172765}}, {"type": "Feature", "geometry": {"type": "Point", "coordinates": [118.9144, 32.125]}, "properties": {"sensor_type": "surface_station", "sensor_id": "SURF_0228", "altitude_m": 22.4, "turbulence_index": 0.0}}, {"type": "Feature", "geometry": {"type": "Point", "coordinates": [118.7792, 32.1936]}, "properties": {"sensor_type": "surface_station", "sensor_id": "SURF_0229", "altitude_m": 6.3, "turbulence_index": 1.0}}, {"type": "Feature", "geometry": {"type": "Point", "coordinates": [118.7428, 31.965]}, "properties": {"sensor_type": "surface_station", "sensor_id": "SURF_0230", "altitude_m": 32.1, "turbulence_index": 0.0}}, {"type": "Feature", "geometry": {"type": "Point", "coordinates": [118.6328, 31.8992]}, "properties": {"sensor_type": "surface_station", "sensor_id": "SURF_0231", "altitude_m": 10.1, "turbulence_index": 0.8641341181468374}}, {"type": "Feature", "geometry": {"type": "Point", "coordinates": [118.99, 31.4669]}, "properties": {"sensor_type": "surface_station", "sensor_id": "SURF_0232", "altitude_m": 11.4, "turbulence_index": 0.2007840916698847}}, {"type": "Feature", "geometry": {"type": "Point", "coordinates": [118.8881, 31.9628]}, "properties": {"sensor_type": "surface_station", "sensor_id": "SURF_0233", "altitude_m": 29.0, "turbulence_index": 0.1580500964546697}}, {"type": "Feature", "geometry": {"type": "Point", "coordinates": [118.6931, 31.9722]}, "properties": {"sensor_type": "surface_station", "sensor_id": "SURF_0234", "altitude_m": 7.5, "turbulence_index": 0.198045209240791}}, {"type": "Feature", "geometry": {"type": "Point", "coordinates": [118.7169, 32.3789]}, "properties": {"sensor_type": "surface_station", "sensor_id": "SURF_0235", "altitude_m": 6.9, "turbulence_index": 0.8738859575734972}}, {"type": "Feature", "geometry": {"type": "Point", "coordinates": [118.7278, 32.0897]}, "properties": {"sensor_type": "surface_station", "sensor_id": "SURF_0236", "altitude_m": 3.0, "turbulence_index": 1.0}}, {"type": "Feature", "geometry": {"type": "Point", "coordinates": [118.7147, 32.6014]}, "properties": {"sensor_type": "surface_station", "sensor_id": "SURF_0237", "altitude_m": 42.0, "turbulence_index": 0.9345883332719253}}, {"type": "Feature", "geometry": {"type": "Point", "coordinates": [118.7403, 32.4703]}, "properties": {"sensor_type": "surface_station", "sensor_id": "SURF_0238", "altitude_m": 24.0, "turbulence_index": 0.1821062101221416}}, {"type": "Feature", "geometry": {"type": "Point", "coordinates": [118.9581, 32.2581]}, "properties": {"sensor_type": "surface_station", "sensor_id": "SURF_0239", "altitude_m": 12.0, "turbulence_index": 0.1531654495160297}}, {"type": "Feature", "geometry": {"type": "Point", "coordinates": [118.7381, 32.2686]}, "properties": {"sensor_type": "surface_station", "sensor_id": "SURF_0240", "altitude_m": 9.0, "turbulence_index": 0.0}}, {"type": "Feature", "geometry": {"type": "Point", "coordinates": [118.9011, 31.4356]}, "properties": {"sensor_type": "surface_station", "sensor_id": "SURF_0241", "altitude_m": 12.0, "turbulence_index": 0.1624510008083564}}, {"type": "Feature", "geometry": {"type": "Point", "coordinates": [119.1572, 32.5758]}, "properties": {"sensor_type": "surface_station", "sensor_id": "SURF_0242", "altitude_m": 34.6, "turbulence_index": 0.4402274765994416}}, {"type": "Feature", "geometry": {"type": "Point", "coordinates": [118.4183, 31.3489]}, "properties": {"sensor_type": "surface_station", "sensor_id": "SURF_0243", "altitude_m": 10.0, "turbulence_index": 0.4700906699925292}}, {"type": "Feature", "geometry": {"type": "Point", "coordinates": [119.0044, 32.1131]}, "properties": {"sensor_type": "surface_station", "sensor_id": "SURF_0244", "altitude_m": 12.4, "turbulence_index": 0.0506892032410368}}, {"type": "Feature", "geometry": {"type": "Point", "coordinates": [118.3586, 31.2892]}, "properties": {"sensor_type": "surface_station", "sensor_id": "SURF_0245", "altitude_m": 10.0, "turbulence_index": 0.0}}, {"type": "Feature", "geometry": {"type": "Point", "coordinates": [119.1939, 32.6006]}, "properties": {"sensor_type": "surface_station", "sensor_id": "SURF_0246", "altitude_m": 16.0, "turbulence_index": 1.0}}, {"type": "Feature", "geometry": {"type": "Point", "coordinates": [119.13, 32.5356]}, "properties": {"sensor_type": "surface_station", "sensor_id": "SURF_0247", "altitude_m": 37.0, "turbulence_index": 1.0}}, {"type": "Feature", "geometry": {"type": "Point", "coordinates": [118.5814, 32.2931]}, "properties": {"sensor_type": "surface_station", "sensor_id": "SURF_0248", "altitude_m": 21.7, "turbulence_index": 0.2405936892290209}}, {"type": "Feature", "geometry": {"type": "Point", "coordinates": [118.9039, 31.3333]}, "properties": {"sensor_type": "surface_station", "sensor_id": "SURF_0249", "altitude_m": 16.6, "turbulence_index": 0.0893972408553826}}, {"type": "Feature", "geometry": {"type": "Point", "coordinates": [118.4511, 32.4836]}, "properties": {"sensor_type": "surface_station", "sensor_id": "SURF_0250", "altitude_m": 23.0, "turbulence_index": 0.5696577131063366}}, {"type": "Feature", "geometry": {"type": "Point", "coordinates": [119.1214, 31.8417]}, "properties": {"sensor_type": "surface_station", "sensor_id": "SURF_0251", "altitude_m": 14.2, "turbulence_index": 0.1372067946187885}}, {"type": "Feature", "geometry": {"type": "Point", "coordinates": [118.5842, 32.1072]}, "properties": {"sensor_type": "surface_station", "sensor_id": "SURF_0252", "altitude_m": 80.1, "turbulence_index": 0.803873959974998}}, {"type": "Feature", "geometry": {"type": "Point", "coordinates": [119.1539, 32.3514]}, "properties": {"sensor_type": "surface_station", "sensor_id": "SURF_0253", "altitude_m": 21.3, "turbulence_index": 0.3334716731826203}}, {"type": "Feature", "geometry": {"type": "Point", "coordinates": [119.2189, 32.235]}, "properties": {"sensor_type": "surface_station", "sensor_id": "SURF_0254", "altitude_m": 6.0, "turbulence_index": 0.5490535680963035}}, {"type": "Feature", "geometry": {"type": "Point", "coordinates": [118.6125, 32.2097]}, "properties": {"sensor_type": "surface_station", "sensor_id": "SURF_0255", "altitude_m": 23.0, "turbulence_index": 0.8258567315555897}}, {"type": "Feature", "geometry": {"type": "Point", "coordinates": [118.4586, 32.6481]}, "properties": {"sensor_type": "surface_station", "sensor_id": "SURF_0256", "altitude_m": 62.8, "turbulence_index": 0.9668961965935348}}, {"type": "Feature", "geometry": {"type": "Point", "coordinates": [118.5878, 31.2969]}, "properties": {"sensor_type": "surface_station", "sensor_id": "SURF_0257", "altitude_m": 9.0, "turbulence_index": 0.8288407001081843}}, {"type": "Feature", "geometry": {"type": "Point", "coordinates": [118.6464, 32.6917]}, "properties": {"sensor_type": "surface_station", "sensor_id": "SURF_0258", "altitude_m": 33.8, "turbulence_index": 0.6744283473581808}}, {"type": "Feature", "geometry": {"type": "Point", "coordinates": [118.4997, 32.5964]}, "properties": {"sensor_type": "surface_station", "sensor_id": "SURF_0259", "altitude_m": 170.5, "turbulence_index": 1.0}}, {"type": "Feature", "geometry": {"type": "Point", "coordinates": [118.3244, 32.4425]}, "properties": {"sensor_type": "surface_station", "sensor_id": "SURF_0260", "altitude_m": 44.0, "turbulence_index": 0.3921788167919436}}, {"type": "Feature", "geometry": {"type": "Point", "coordinates": [118.5592, 31.7053]}, "properties": {"sensor_type": "surface_station", "sensor_id": "SURF_0261", "altitude_m": 78.2, "turbulence_index": 0.3810754810148793}}, {"type": "Feature", "geometry": {"type": "Point", "coordinates": [118.3569, 31.3439]}, "properties": {"sensor_type": "surface_station", "sensor_id": "SURF_0262", "altitude_m": 26.0, "turbulence_index": 0.2119595021346833}}, {"type": "Feature", "geometry": {"type": "Point", "coordinates": [118.7156, 32.6369]}, "properties": {"sensor_type": "surface_station", "sensor_id": "SURF_0263", "altitude_m": 40.6, "turbulence_index": 1.0}}, {"type": "Feature", "geometry": {"type": "Point", "coordinates": [118.3806, 31.6244]}, "properties": {"sensor_type": "surface_station", "sensor_id": "SURF_0264", "altitude_m": 6.3, "turbulence_index": 0.2441622029670452}}, {"type": "Feature", "geometry": {"type": "Point", "coordinates": [118.565, 31.3781]}, "properties": {"sensor_type": "surface_station", "sensor_id": "SURF_0265", "altitude_m": 9.2, "turbulence_index": 0.1445647939367903}}, {"type": "Feature", "geometry": {"type": "Point", "coordinates": [118.7139, 31.4339]}, "properties": {"sensor_type": "surface_station", "sensor_id": "SURF_0266", "altitude_m": 2.0, "turbulence_index": 0.2420552447503719}}, {"type": "Feature", "geometry": {"type": "Point", "coordinates": [118.5889, 31.6708]}, "properties": {"sensor_type": "surface_station", "sensor_id": "SURF_0267", "altitude_m": 26.0, "turbulence_index": 0.0}}, {"type": "Feature", "geometry": {"type": "Point", "coordinates": [118.6067, 32.4103]}, "properties": {"sensor_type": "surface_station", "sensor_id": "SURF_0268", "altitude_m": 28.1, "turbulence_index": 0.4241384215199356}}, {"type": "Feature", "geometry": {"type": "Point", "coordinates": [118.5161, 31.7014]}, "properties": {"sensor_type": "surface_station", "sensor_id": "SURF_0269", "altitude_m": 23.4, "turbulence_index": 0.9553343184736534}}, {"type": "Feature", "geometry": {"type": "Point", "coordinates": [118.3453, 32.1219]}, "properties": {"sensor_type": "surface_station", "sensor_id": "SURF_0270", "altitude_m": 30.0, "turbulence_index": 0.3389205257559455}}, {"type": "Feature", "geometry": {"type": "Point", "coordinates": [118.6822, 31.5369]}, "properties": {"sensor_type": "surface_station", "sensor_id": "SURF_0271", "altitude_m": 2.0, "turbulence_index": 0.3296581008697572}}, {"type": "Feature", "geometry": {"type": "Point", "coordinates": [119.015, 32.6892]}, "properties": {"sensor_type": "surface_station", "sensor_id": "SURF_0272", "altitude_m": 15.9, "turbulence_index": 1.0}}, {"type": "Feature", "geometry": {"type": "Point", "coordinates": [118.5183, 31.4053]}, "properties": {"sensor_type": "surface_station", "sensor_id": "SURF_0273", "altitude_m": 8.2, "turbulence_index": 0.3468447066402913}}, {"type": "Feature", "geometry": {"type": "Point", "coordinates": [118.4539, 31.8536]}, "properties": {"sensor_type": "surface_station", "sensor_id": "SURF_0274", "altitude_m": 20.0, "turbulence_index": 0.3290072516688185}}, {"type": "Feature", "geometry": {"type": "Point", "coordinates": [118.3478, 32.4619]}, "properties": {"sensor_type": "surface_station", "sensor_id": "SURF_0275", "altitude_m": 60.0, "turbulence_index": 0.4438307655974382}}, {"type": "Feature", "geometry": {"type": "Point", "coordinates": [118.7267, 32.3058]}, "properties": {"sensor_type": "surface_station", "sensor_id": "SURF_0276", "altitude_m": 9.5, "turbulence_index": 0.0239652074282905}}, {"type": "Feature", "geometry": {"type": "Point", "coordinates": [119.1139, 32.2794]}, "properties": {"sensor_type": "surface_station", "sensor_id": "SURF_0277", "altitude_m": 8.5, "turbulence_index": 0.3047218803338023}}, {"type": "Feature", "geometry": {"type": "Point", "coordinates": [118.9469, 32.0086]}, "properties": {"sensor_type": "surface_station", "sensor_id": "SURF_0278", "altitude_m": 128.3, "turbulence_index": 0.2220138445159014}}, {"type": "Feature", "geometry": {"type": "Point", "coordinates": [118.8325, 31.8306]}, "properties": {"sensor_type": "surface_station", "sensor_id": "SURF_0279", "altitude_m": 6.4, "turbulence_index": 0.2472789423806266}}, {"type": "Feature", "geometry": {"type": "Point", "coordinates": [118.9261, 32.4211]}, "properties": {"sensor_type": "surface_station", "sensor_id": "SURF_0280", "altitude_m": 7.8, "turbulence_index": 0.4384458530558526}}, {"type": "Feature", "geometry": {"type": "Point", "coordinates": [118.4578, 32.1017]}, "properties": {"sensor_type": "surface_station", "sensor_id": "SURF_0281", "altitude_m": 6.5, "turbulence_index": 0.3094092599487282}}, {"type": "Feature", "geometry": {"type": "Point", "coordinates": [119.0036, 32.3753]}, "properties": {"sensor_type": "surface_station", "sensor_id": "SURF_0282", "altitude_m": 42.3, "turbulence_index": 0.3815713901521609}}, {"type": "Feature", "geometry": {"type": "Point", "coordinates": [118.61, 32.4856]}, "properties": {"sensor_type": "surface_station", "sensor_id": "SURF_0283", "altitude_m": 11.5, "turbulence_index": 0.6016388017274379}}, {"type": "Feature", "geometry": {"type": "Point", "coordinates": [119.0767, 31.2403]}, "properties": {"sensor_type": "surface_station", "sensor_id": "SURF_0284", "altitude_m": 25.3, "turbulence_index": 0.2291973281706737}}, {"type": "Feature", "geometry": {"type": "Point", "coordinates": [118.7797, 31.3711]}, "properties": {"sensor_type": "surface_station", "sensor_id": "SURF_0285", "altitude_m": 3.0, "turbulence_index": 0.6338324250774856}}, {"type": "Feature", "geometry": {"type": "Point", "coordinates": [118.9578, 32.5131]}, "properties": {"sensor_type": "surface_station", "sensor_id": "SURF_0286", "altitude_m": 163.4, "turbulence_index": 1.0}}, {"type": "Feature", "geometry": {"type": "Point", "coordinates": [118.7542, 32.2358]}, "properties": {"sensor_type": "surface_station", "sensor_id": "SURF_0287", "altitude_m": 24.4, "turbulence_index": 0.4643680932756874}}, {"type": "Feature", "geometry": {"type": "Point", "coordinates": [119.2167, 31.3994]}, "properties": {"sensor_type": "surface_station", "sensor_id": "SURF_0288", "altitude_m": 16.0, "turbulence_index": 0.0954968019624003}}, {"type": "Feature", "geometry": {"type": "Point", "coordinates": [119.2903, 32.2267]}, "properties": {"sensor_type": "surface_station", "sensor_id": "SURF_0289", "altitude_m": 5.0, "turbulence_index": 0.5231592528715344}}, {"type": "Feature", "geometry": {"type": "Point", "coordinates": [118.8231, 32.1825]}, "properties": {"sensor_type": "surface_station", "sensor_id": "SURF_0290", "altitude_m": 4.6, "turbulence_index": 0.4799538733344696}}, {"type": "Feature", "geometry": {"type": "Point", "coordinates": [118.9786, 31.5072]}, "properties": {"sensor_type": "surface_station", "sensor_id": "SURF_0291", "altitude_m": 11.5, "turbulence_index": 0.2869868274779585}}, {"type": "Feature", "geometry": {"type": "Point", "coordinates": [118.6642, 32.045]}, "properties": {"sensor_type": "surface_station", "sensor_id": "SURF_0292", "altitude_m": 10.3, "turbulence_index": 0.8194671543187204}}, {"type": "Feature", "geometry": {"type": "Point", "coordinates": [119.0178, 31.7828]}, "properties": {"sensor_type": "surface_station", "sensor_id": "SURF_0293", "altitude_m": 11.0, "turbulence_index": 0.1374265640755098}}, {"type": "Feature", "geometry": {"type": "Point", "coordinates": [119.2561, 31.6106]}, "properties": {"sensor_type": "surface_station", "sensor_id": "SURF_0294", "altitude_m": 32.0, "turbulence_index": 0.5455895644057359}}, {"type": "Feature", "geometry": {"type": "Point", "coordinates": [118.7725, 31.9914]}, "properties": {"sensor_type": "surface_station", "sensor_id": "SURF_0295", "altitude_m": 33.9, "turbulence_index": 0.4002459314282015}}, {"type": "Feature", "geometry": {"type": "Point", "coordinates": [118.9522, 31.5956]}, "properties": {"sensor_type": "surface_station", "sensor_id": "SURF_0296", "altitude_m": 14.0, "turbulence_index": 0.0524886338049331}}, {"type": "Feature", "geometry": {"type": "Point", "coordinates": [119.12, 31.5647]}, "properties": {"sensor_type": "surface_station", "sensor_id": "SURF_0297", "altitude_m": 28.9, "turbulence_index": 0.0809854926237478}}, {"type": "Feature", "geometry": {"type": "Point", "coordinates": [119.1558, 31.2978]}, "properties": {"sensor_type": "surface_station", "sensor_id": "SURF_0298", "altitude_m": 4.8, "turbulence_index": 0.1303787327749898}}, {"type": "Feature", "geometry": {"type": "Point", "coordinates": [118.7944, 31.9278]}, "properties": {"sensor_type": "surface_station", "sensor_id": "SURF_0299", "altitude_m": 14.0, "turbulence_index": 0.2768610387506693}}, {"type": "Feature", "geometry": {"type": "Point", "coordinates": [118.6658, 31.7483]}, "properties": {"sensor_type": "surface_station", "sensor_id": "SURF_0300", "altitude_m": 52.4, "turbulence_index": 0.2828525975141077}}, {"type": "Feature", "geometry": {"type": "Point", "coordinates": [118.91, 32.5072]}, "properties": {"sensor_type": "surface_station", "sensor_id": "SURF_0301", "altitude_m": 52.6, "turbulence_index": 1.0}}, {"type": "Feature", "geometry": {"type": "Point", "coordinates": [118.9153, 32.075]}, "properties": {"sensor_type": "surface_station", "sensor_id": "SURF_0302", "altitude_m": 27.7, "turbulence_index": 0.0574813759625909}}, {"type": "Feature", "geometry": {"type": "Point", "coordinates": [119.1481, 31.4294]}, "properties": {"sensor_type": "surface_station", "sensor_id": "SURF_0303", "altitude_m": 28.8, "turbulence_index": 0.0}}, {"type": "Feature", "geometry": {"type": "Point", "coordinates": [118.7519, 32.3556]}, "properties": {"sensor_type": "surface_station", "sensor_id": "SURF_0304", "altitude_m": 22.0, "turbulence_index": 0.1960503304888614}}, {"type": "Feature", "geometry": {"type": "Point", "coordinates": [118.4564, 32.065]}, "properties": {"sensor_type": "surface_station", "sensor_id": "SURF_0305", "altitude_m": 10.0, "turbulence_index": 0.0795264498792777}}, {"type": "Feature", "geometry": {"type": "Point", "coordinates": [118.7125, 32.1383]}, "properties": {"sensor_type": "surface_station", "sensor_id": "SURF_0306", "altitude_m": 7.9, "turbulence_index": 0.3887022948216628}}, {"type": "Feature", "geometry": {"type": "Point", "coordinates": [118.9394, 32.095]}, "properties": {"sensor_type": "surface_station", "sensor_id": "SURF_0307", "altitude_m": 66.7, "turbulence_index": 0.2907808779656271}}, {"type": "Feature", "geometry": {"type": "Point", "coordinates": [119.2322, 31.375]}, "properties": {"sensor_type": "surface_station", "sensor_id": "SURF_0308", "altitude_m": 15.0, "turbulence_index": 0.4104211064275815}}, {"type": "Feature", "geometry": {"type": "Point", "coordinates": [119.2325, 32.3064]}, "properties": {"sensor_type": "surface_station", "sensor_id": "SURF_0309", "altitude_m": 7.0, "turbulence_index": 0.0351756758357794}}, {"type": "Feature", "geometry": {"type": "Point", "coordinates": [119.0914, 32.3419]}, "properties": {"sensor_type": "surface_station", "sensor_id": "SURF_0310", "altitude_m": 5.0, "turbulence_index": 0.1166099485875861}}, {"type": "Feature", "geometry": {"type": "Point", "coordinates": [118.6706, 31.6458]}, "properties": {"sensor_type": "surface_station", "sensor_id": "SURF_0311", "altitude_m": 30.0, "turbulence_index": 0.2463437501754474}}, {"type": "Feature", "geometry": {"type": "Point", "coordinates": [119.2933, 31.7233]}, "properties": {"sensor_type": "surface_station", "sensor_id": "SURF_0312", "altitude_m": 90.0, "turbulence_index": 0.0}}, {"type": "Feature", "geometry": {"type": "Point", "coordinates": [118.7242, 32.6256]}, "properties": {"sensor_type": "surface_station", "sensor_id": "SURF_0313", "altitude_m": 46.7, "turbulence_index": 0.7743718418247024}}, {"type": "Feature", "geometry": {"type": "Point", "coordinates": [118.7822, 32.6103]}, "properties": {"sensor_type": "surface_station", "sensor_id": "SURF_0314", "altitude_m": 45.2, "turbulence_index": 0.967727481380784}}, {"type": "Feature", "geometry": {"type": "Point", "coordinates": [119.0631, 32.5869]}, "properties": {"sensor_type": "surface_station", "sensor_id": "SURF_0315", "altitude_m": 49.9, "turbulence_index": 1.0}}, {"type": "Feature", "geometry": {"type": "Point", "coordinates": [119.2481, 31.2997]}, "properties": {"sensor_type": "surface_station", "sensor_id": "SURF_0316", "altitude_m": 28.0, "turbulence_index": 0.0218852036317724}}, {"type": "Feature", "geometry": {"type": "Point", "coordinates": [118.9306, 31.8067]}, "properties": {"sensor_type": "surface_station", "sensor_id": "SURF_0317", "altitude_m": 5.5, "turbulence_index": 0.4416244776733242}}, {"type": "Feature", "geometry": {"type": "Point", "coordinates": [118.8247, 32.6281]}, "properties": {"sensor_type": "surface_station", "sensor_id": "SURF_0318", "altitude_m": 28.9, "turbulence_index": 1.0}}, {"type": "Feature", "geometry": {"type": "Point", "coordinates": [118.4914, 32.5369]}, "properties": {"sensor_type": "surface_station", "sensor_id": "SURF_0319", "altitude_m": 139.7, "turbulence_index": 0.9470634841368046}}, {"type": "Feature", "geometry": {"type": "Point", "coordinates": [118.5369, 31.9644]}, "properties": {"sensor_type": "surface_station", "sensor_id": "SURF_0320", "altitude_m": 20.0, "turbulence_index": 0.1201949624223052}}, {"type": "Feature", "geometry": {"type": "Point", "coordinates": [118.3375, 32.3561]}, "properties": {"sensor_type": "surface_station", "sensor_id": "SURF_0321", "altitude_m": 27.8, "turbulence_index": 0.4786160246489579}}, {"type": "Feature", "geometry": {"type": "Point", "coordinates": [118.4861, 31.2747]}, "properties": {"sensor_type": "surface_station", "sensor_id": "SURF_0322", "altitude_m": 6.7, "turbulence_index": 0.868728033354604}}, {"type": "Feature", "geometry": {"type": "Point", "coordinates": [118.9892, 32.4819]}, "properties": {"sensor_type": "surface_station", "sensor_id": "SURF_0323", "altitude_m": 22.8, "turbulence_index": 1.0}}, {"type": "Feature", "geometry": {"type": "Point", "coordinates": [119.2997, 32.0544]}, "properties": {"sensor_type": "surface_station", "sensor_id": "SURF_0324", "altitude_m": 20.0, "turbulence_index": 0.2548717991575348}}, {"type": "Feature", "geometry": {"type": "Point", "coordinates": [119.1797, 32.0469]}, "properties": {"sensor_type": "surface_station", "sensor_id": "SURF_0325", "altitude_m": 32.0, "turbulence_index": 0.1174998821612668}}, {"type": "Feature", "geometry": {"type": "Point", "coordinates": [118.8683, 32.4061]}, "properties": {"sensor_type": "surface_station", "sensor_id": "SURF_0326", "altitude_m": 17.0, "turbulence_index": 0.2297839976228035}}, {"type": "Feature", "geometry": {"type": "Point", "coordinates": [118.4458, 32.65]}, "properties": {"sensor_type": "surface_station", "sensor_id": "SURF_0327", "altitude_m": 60.0, "turbulence_index": 1.0}}, {"type": "Feature", "geometry": {"type": "Point", "coordinates": [118.6139, 31.6122]}, "properties": {"sensor_type": "surface_station", "sensor_id": "SURF_0328", "altitude_m": 28.2, "turbulence_index": 0.2099348817452359}}, {"type": "Feature", "geometry": {"type": "Point", "coordinates": [118.6108, 32.3161]}, "properties": {"sensor_type": "surface_station", "sensor_id": "SURF_0329", "altitude_m": 14.0, "turbulence_index": 0.2442418787756833}}, {"type": "Feature", "geometry": {"type": "Point", "coordinates": [118.3492, 32.2431]}, "properties": {"sensor_type": "surface_station", "sensor_id": "SURF_0330", "altitude_m": 21.0, "turbulence_index": 0.4209628399623804}}, {"type": "Feature", "geometry": {"type": "Point", "coordinates": [118.4925, 31.5678]}, "properties": {"sensor_type": "surface_station", "sensor_id": "SURF_0331", "altitude_m": 8.3, "turbulence_index": 0.0179453596341458}}, {"type": "Feature", "geometry": {"type": "Point", "coordinates": [118.6139, 31.4264]}, "properties": {"sensor_type": "surface_station", "sensor_id": "SURF_0332", "altitude_m": 4.4, "turbulence_index": 0.0198455336715591}}, {"type": "Feature", "geometry": {"type": "Point", "coordinates": [118.4142, 31.3333]}, "properties": {"sensor_type": "surface_station", "sensor_id": "SURF_0333", "altitude_m": 10.0, "turbulence_index": 0.150985413783726}}, {"type": "Feature", "geometry": {"type": "Point", "coordinates": [119.2897, 31.2139]}, "properties": {"sensor_type": "surface_station", "sensor_id": "SURF_0334", "altitude_m": 27.0, "turbulence_index": 0.4234688986150476}}, {"type": "Feature", "geometry": {"type": "Point", "coordinates": [118.5311, 32.3869]}, "properties": {"sensor_type": "surface_station", "sensor_id": "SURF_0335", "altitude_m": 83.0, "turbulence_index": 1.0}}, {"type": "Feature", "geometry": {"type": "Point", "coordinates": [118.5689, 32.6806]}, "properties": {"sensor_type": "surface_station", "sensor_id": "SURF_0336", "altitude_m": 83.0, "turbulence_index": 0.6966295149421315}}, {"type": "Feature", "geometry": {"type": "Point", "coordinates": [118.9119, 32.6353]}, "properties": {"sensor_type": "surface_station", "sensor_id": "SURF_0337", "altitude_m": 30.0, "turbulence_index": 0.6546288877927404}}, {"type": "Feature", "geometry": {"type": "Point", "coordinates": [118.3661, 32.0572]}, "properties": {"sensor_type": "surface_station", "sensor_id": "SURF_0338", "altitude_m": 57.0, "turbulence_index": 0.223341437741335}}, {"type": "Feature", "geometry": {"type": "Point", "coordinates": [118.845, 32.6322]}, "properties": {"sensor_type": "surface_station", "sensor_id": "SURF_0339", "altitude_m": 32.1, "turbulence_index": 1.0}}, {"type": "Feature", "geometry": {"type": "Point", "coordinates": [118.3944, 31.2422]}, "properties": {"sensor_type": "surface_station", "sensor_id": "SURF_0340", "altitude_m": 10.0, "turbulence_index": 0.1498835884350599}}, {"type": "Feature", "geometry": {"type": "Point", "coordinates": [118.3039, 31.5317]}, "properties": {"sensor_type": "surface_station", "sensor_id": "SURF_0341", "altitude_m": 10.0, "turbulence_index": 0.2771881924736809}}, {"type": "Feature", "geometry": {"type": "Point", "coordinates": [118.7886, 31.2228]}, "properties": {"sensor_type": "surface_station", "sensor_id": "SURF_0342", "altitude_m": 12.0, "turbulence_index": 0.2781178073718456}}, {"type": "Feature", "geometry": {"type": "Point", "coordinates": [118.6439, 31.7125]}, "properties": {"sensor_type": "surface_station", "sensor_id": "SURF_0343", "altitude_m": 29.0, "turbulence_index": 0.0}}, {"type": "Feature", "geometry": {"type": "Point", "coordinates": [118.4425, 32.6244]}, "properties": {"sensor_type": "surface_station", "sensor_id": "SURF_0344", "altitude_m": 68.0, "turbulence_index": 1.0}}, {"type": "Feature", "geometry": {"type": "Point", "coordinates": [118.3186, 32.1475]}, "properties": {"sensor_type": "surface_station", "sensor_id": "SURF_0345", "altitude_m": 19.9, "turbulence_index": 1.0}}, {"type": "Feature", "geometry": {"type": "Point", "coordinates": [118.3733, 31.3864]}, "properties": {"sensor_type": "surface_station", "sensor_id": "SURF_0346", "altitude_m": 6.0, "turbulence_index": 1.0}}, {"type": "Feature", "geometry": {"type": "Point", "coordinates": [118.5522, 31.6714]}, "properties": {"sensor_type": "surface_station", "sensor_id": "SURF_0347", "altitude_m": 11.0, "turbulence_index": 0.0}}, {"type": "Feature", "geometry": {"type": "Point", "coordinates": [118.3897, 32.2261]}, "properties": {"sensor_type": "surface_station", "sensor_id": "SURF_0348", "altitude_m": 40.0, "turbulence_index": 0.3641749742124823}}, {"type": "Feature", "geometry": {"type": "Point", "coordinates": [118.6936, 32.6183]}, "properties": {"sensor_type": "surface_station", "sensor_id": "SURF_0349", "altitude_m": 39.6, "turbulence_index": 0.9426960023969386}}, {"type": "Feature", "geometry": {"type": "Point", "coordinates": [118.8653, 32.6467]}, "properties": {"sensor_type": "surface_station", "sensor_id": "SURF_0350", "altitude_m": 38.7, "turbulence_index": 1.0}}, {"type": "Feature", "geometry": {"type": "Point", "coordinates": [119.2514, 32.5753]}, "properties": {"sensor_type": "surface_station", "sensor_id": "SURF_0351", "altitude_m": 29.0, "turbulence_index": 0.4845916871450454}}, {"type": "Feature", "geometry": {"type": "Point", "coordinates": [119.0239, 31.8092]}, "properties": {"sensor_type": "surface_station", "sensor_id": "SURF_0352", "altitude_m": 8.0, "turbulence_index": 0.5244085236254747}}, {"type": "Feature", "geometry": {"type": "Point", "coordinates": [118.7025, 32.1672]}, "properties": {"sensor_type": "surface_station", "sensor_id": "SURF_0353", "altitude_m": 21.8, "turbulence_index": 0.0}}, {"type": "Feature", "geometry": {"type": "Point", "coordinates": [119.0522, 31.9383]}, "properties": {"sensor_type": "surface_station", "sensor_id": "SURF_0354", "altitude_m": 11.0, "turbulence_index": 0.4245034640233284}}, {"type": "Feature", "geometry": {"type": "Point", "coordinates": [118.5322, 31.9494]}, "properties": {"sensor_type": "surface_station", "sensor_id": "SURF_0355", "altitude_m": 11.7, "turbulence_index": 0.1922349960487252}}, {"type": "Feature", "geometry": {"type": "Point", "coordinates": [119.0686, 31.3797]}, "properties": {"sensor_type": "surface_station", "sensor_id": "SURF_0356", "altitude_m": 57.9, "turbulence_index": 0.0}}, {"type": "Feature", "geometry": {"type": "Point", "coordinates": [118.8028, 32.0319]}, "properties": {"sensor_type": "surface_station", "sensor_id": "SURF_0357", "altitude_m": 9.4, "turbulence_index": 0.170148502818658}}, {"type": "Feature", "geometry": {"type": "Point", "coordinates": [118.7514, 32.08]}, "properties": {"sensor_type": "surface_station", "sensor_id": "SURF_0358", "altitude_m": 9.7, "turbulence_index": 0.4859707236501925}}, {"type": "Feature", "geometry": {"type": "Point", "coordinates": [119.1364, 31.6644]}, "properties": {"sensor_type": "surface_station", "sensor_id": "SURF_0359", "altitude_m": 40.0, "turbulence_index": 0.3073058746868648}}, {"type": "Feature", "geometry": {"type": "Point", "coordinates": [118.8644, 32.1636]}, "properties": {"sensor_type": "surface_station", "sensor_id": "SURF_0360", "altitude_m": 10.4, "turbulence_index": 0.6259794950777491}}, {"type": "Feature", "geometry": {"type": "Point", "coordinates": [118.8933, 32.0964]}, "properties": {"sensor_type": "surface_station", "sensor_id": "SURF_0361", "altitude_m": 21.7, "turbulence_index": 0.2742577859877166}}, {"type": "Feature", "geometry": {"type": "Point", "coordinates": [119.0839, 31.7831]}, "properties": {"sensor_type": "surface_station", "sensor_id": "SURF_0362", "altitude_m": 44.8, "turbulence_index": 0.6497694373858144}}, {"type": "Feature", "geometry": {"type": "Point", "coordinates": [118.5989, 31.9978]}, "properties": {"sensor_type": "surface_station", "sensor_id": "SURF_0363", "altitude_m": 12.9, "turbulence_index": 0.4766694455507583}}, {"type": "Feature", "geometry": {"type": "Point", "coordinates": [119.2992, 31.8361]}, "properties": {"sensor_type": "surface_station", "sensor_id": "SURF_0364", "altitude_m": 49.7, "turbulence_index": 0.1684230471116677}}, {"type": "Feature", "geometry": {"type": "Point", "coordinates": [118.9358, 32.2756]}, "properties": {"sensor_type": "surface_station", "sensor_id": "SURF_0365", "altitude_m": 51.8, "turbulence_index": 0.1367380979964792}}, {"type": "Feature", "geometry": {"type": "Point", "coordinates": [119.2981, 32.3906]}, "properties": {"sensor_type": "surface_station", "sensor_id": "SURF_0366", "altitude_m": 21.0, "turbulence_index": 0.1799710699890835}}, {"type": "Feature", "geometry": {"type": "Point", "coordinates": [119.1067, 31.6939]}, "properties": {"sensor_type": "surface_station", "sensor_id": "SURF_0367", "altitude_m": 26.0, "turbulence_index": 0.1278335847032899}}, {"type": "Feature", "geometry": {"type": "Point", "coordinates": [118.7797, 31.9894]}, "properties": {"sensor_type": "surface_station", "sensor_id": "SURF_0368", "altitude_m": 7.0, "turbulence_index": 0.062809708246464}}, {"type": "Feature", "geometry": {"type": "Point", "coordinates": [119.0358, 31.9964]}, "properties": {"sensor_type": "surface_station", "sensor_id": "SURF_0369", "altitude_m": 27.0, "turbulence_index": 0.0}}, {"type": "Feature", "geometry": {"type": "Point", "coordinates": [118.7831, 32.2797]}, "properties": {"sensor_type": "surface_station", "sensor_id": "SURF_0370", "altitude_m": 19.0, "turbulence_index": 0.0}}, {"type": "Feature", "geometry": {"type": "Point", "coordinates": [118.9933, 31.3858]}, "properties": {"sensor_type": "surface_station", "sensor_id": "SURF_0371", "altitude_m": 16.0, "turbulence_index": 0.0}}, {"type": "Feature", "geometry": {"type": "Point", "coordinates": [118.5175, 31.8514]}, "properties": {"sensor_type": "surface_station", "sensor_id": "SURF_0372", "altitude_m": 6.4, "turbulence_index": 0.2212307016160698}}, {"type": "Feature", "geometry": {"type": "Point", "coordinates": [119.1197, 32.2206]}, "properties": {"sensor_type": "surface_station", "sensor_id": "SURF_0373", "altitude_m": 4.0, "turbulence_index": 0.5692784345197645}}, {"type": "Feature", "geometry": {"type": "Point", "coordinates": [119.0228, 31.6914]}, "properties": {"sensor_type": "surface_station", "sensor_id": "SURF_0374", "altitude_m": 30.9, "turbulence_index": 0.3881631085936446}}, {"type": "Feature", "geometry": {"type": "Point", "coordinates": [119.2119, 31.3167]}, "properties": {"sensor_type": "surface_station", "sensor_id": "SURF_0375", "altitude_m": 35.0, "turbulence_index": 0.0537588427204871}}, {"type": "Feature", "geometry": {"type": "Point", "coordinates": [118.8125, 32.1047]}, "properties": {"sensor_type": "surface_station", "sensor_id": "SURF_0376", "altitude_m": 19.6, "turbulence_index": 0.3157855116362255}}, {"type": "Feature", "geometry": {"type": "Point", "coordinates": [118.8992, 31.4017]}, "properties": {"sensor_type": "surface_station", "sensor_id": "SURF_0377", "altitude_m": 5.0, "turbulence_index": 0.0}}, {"type": "Feature", "geometry": {"type": "Point", "coordinates": [119.1347, 32.07]}, "properties": {"sensor_type": "surface_station", "sensor_id": "SURF_0378", "altitude_m": 30.0, "turbulence_index": 0.2725254966186359}}, {"type": "Feature", "geometry": {"type": "Point", "coordinates": [118.745, 31.8214]}, "properties": {"sensor_type": "surface_station", "sensor_id": "SURF_0379", "altitude_m": 17.5, "turbulence_index": 0.7164928408411442}}, {"type": "Feature", "geometry": {"type": "Point", "coordinates": [119.2522, 31.5456]}, "properties": {"sensor_type": "surface_station", "sensor_id": "SURF_0380", "altitude_m": 33.0, "turbulence_index": 0.1301944063389909}}, {"type": "Feature", "geometry": {"type": "Point", "coordinates": [118.8239, 31.7567]}, "properties": {"sensor_type": "surface_station", "sensor_id": "SURF_0381", "altitude_m": 40.0, "turbulence_index": 0.5501612773330227}}, {"type": "Feature", "geometry": {"type": "Point", "coordinates": [119.0242, 32.6447]}, "properties": {"sensor_type": "surface_station", "sensor_id": "SURF_0382", "altitude_m": 30.5, "turbulence_index": 1.0}}, {"type": "Feature", "geometry": {"type": "Point", "coordinates": [118.8472, 32.3686]}, "properties": {"sensor_type": "surface_station", "sensor_id": "SURF_0383", "altitude_m": 10.4, "turbulence_index": 0.3984724384947262}}, {"type": "Feature", "geometry": {"type": "Point", "coordinates": [118.3825, 32.6317]}, "properties": {"sensor_type": "surface_station", "sensor_id": "SURF_0384", "altitude_m": 82.0, "turbulence_index": 0.5447818198063223}}, {"type": "Feature", "geometry": {"type": "Point", "coordinates": [118.3031, 32.0075]}, "properties": {"sensor_type": "surface_station", "sensor_id": "SURF_0385", "altitude_m": 18.0, "turbulence_index": 1.0}}, {"type": "Feature", "geometry": {"type": "Point", "coordinates": [119.1711, 31.2281]}, "properties": {"sensor_type": "surface_station", "sensor_id": "SURF_0386", "altitude_m": 16.0, "turbulence_index": 0.7653151276518497}}, {"type": "Feature", "geometry": {"type": "Point", "coordinates": [118.7503, 31.3231]}, "properties": {"sensor_type": "surface_station", "sensor_id": "SURF_0387", "altitude_m": 4.3, "turbulence_index": 0.3189457308366517}}, {"type": "Feature", "geometry": {"type": "Point", "coordinates": [118.7903, 32.0747]}, "properties": {"sensor_type": "surface_station", "sensor_id": "SURF_0388", "altitude_m": 9.0, "turbulence_index": 0.5876438581350767}}, {"type": "Feature", "geometry": {"type": "Point", "coordinates": [119.0758, 32.0597]}, "properties": {"sensor_type": "surface_station", "sensor_id": "SURF_0389", "altitude_m": 62.0, "turbulence_index": 0.0065533665957393}}, {"type": "Feature", "geometry": {"type": "Point", "coordinates": [118.5944, 32.61]}, "properties": {"sensor_type": "surface_station", "sensor_id": "SURF_0390", "altitude_m": 80.5, "turbulence_index": 1.0}}, {"type": "Feature", "geometry": {"type": "Point", "coordinates": [118.7711, 31.6108]}, "properties": {"sensor_type": "surface_station", "sensor_id": "SURF_0391", "altitude_m": 31.7, "turbulence_index": 0.6713402163873223}}, {"type": "Feature", "geometry": {"type": "Point", "coordinates": [118.4331, 31.4708]}, "properties": {"sensor_type": "surface_station", "sensor_id": "SURF_0392", "altitude_m": 8.0, "turbulence_index": 1.0}}, {"type": "Feature", "geometry": {"type": "Point", "coordinates": [118.3628, 31.8228]}, "properties": {"sensor_type": "surface_station", "sensor_id": "SURF_0393", "altitude_m": 4.6, "turbulence_index": 0.9288363569422708}}, {"type": "Feature", "geometry": {"type": "Point", "coordinates": [118.4636, 31.7942]}, "properties": {"sensor_type": "surface_station", "sensor_id": "SURF_0394", "altitude_m": 11.5, "turbulence_index": 0.2305011188228509}}, {"type": "Feature", "geometry": {"type": "Point", "coordinates": [118.5036, 32.1978]}, "properties": {"sensor_type": "surface_station", "sensor_id": "SURF_0395", "altitude_m": 18.0, "turbulence_index": 0.5617484867358448}}, {"type": "Feature", "geometry": {"type": "Point", "coordinates": [118.9931, 32.53]}, "properties": {"sensor_type": "surface_station", "sensor_id": "SURF_0396", "altitude_m": 42.0, "turbulence_index": 1.0}}, {"type": "Feature", "geometry": {"type": "Point", "coordinates": [118.3553, 32.6167]}, "properties": {"sensor_type": "surface_station", "sensor_id": "SURF_0397", "altitude_m": 75.2, "turbulence_index": 0.4353424279787268}}, {"type": "Feature", "geometry": {"type": "Point", "coordinates": [119.1133, 31.2256]}, "properties": {"sensor_type": "surface_station", "sensor_id": "SURF_0398", "altitude_m": 22.0, "turbulence_index": 0.1534229973957238}}, {"type": "Feature", "geometry": {"type": "Point", "coordinates": [118.5378, 31.5917]}, "properties": {"sensor_type": "surface_station", "sensor_id": "SURF_0399", "altitude_m": 12.9, "turbulence_index": 0.0}}, {"type": "Feature", "geometry": {"type": "Point", "coordinates": [118.3864, 32.315]}, "properties": {"sensor_type": "surface_station", "sensor_id": "SURF_0400", "altitude_m": 32.3, "turbulence_index": 0.5323287137849319}}, {"type": "Feature", "geometry": {"type": "Point", "coordinates": [118.4133, 31.3786]}, "properties": {"sensor_type": "surface_station", "sensor_id": "SURF_0401", "altitude_m": 10.2, "turbulence_index": 0.2700505561611097}}, {"type": "Feature", "geometry": {"type": "Point", "coordinates": [118.385, 32.1381]}, "properties": {"sensor_type": "surface_station", "sensor_id": "SURF_0402", "altitude_m": 16.0, "turbulence_index": 0.3020301928972891}}, {"type": "Feature", "geometry": {"type": "Point", "coordinates": [118.6364, 31.55]}, "properties": {"sensor_type": "surface_station", "sensor_id": "SURF_0403", "altitude_m": 10.4, "turbulence_index": 0.0}}, {"type": "Feature", "geometry": {"type": "Point", "coordinates": [118.6858, 31.4847]}, "properties": {"sensor_type": "surface_station", "sensor_id": "SURF_0404", "altitude_m": 8.0, "turbulence_index": 0.2894339886559456}}, {"type": "Feature", "geometry": {"type": "Point", "coordinates": [118.7228, 31.3781]}, "properties": {"sensor_type": "surface_station", "sensor_id": "SURF_0405", "altitude_m": 6.0, "turbulence_index": 0.2731846444895475}}, {"type": "Feature", "geometry": {"type": "Point", "coordinates": [118.5511, 31.2789]}, "properties": {"sensor_type": "surface_station", "sensor_id": "SURF_0406", "altitude_m": 4.0, "turbulence_index": 1.0}}, {"type": "Feature", "geometry": {"type": "Point", "coordinates": [118.5431, 32.4728]}, "properties": {"sensor_type": "surface_station", "sensor_id": "SURF_0407", "altitude_m": 33.0, "turbulence_index": 0.5698614878449495}}, {"type": "Feature", "geometry": {"type": "Point", "coordinates": [118.3806, 31.8628]}, "properties": {"sensor_type": "surface_station", "sensor_id": "SURF_0408", "altitude_m": 10.0, "turbulence_index": 0.7259392976184299}}, {"type": "Feature", "geometry": {"type": "Point", "coordinates": [118.3111, 31.7961]}, "properties": {"sensor_type": "surface_station", "sensor_id": "SURF_0409", "altitude_m": 10.0, "turbulence_index": 0.401582718994812}}, {"type": "Feature", "geometry": {"type": "Point", "coordinates": [119.0322, 32.5361]}, "properties": {"sensor_type": "surface_station", "sensor_id": "SURF_0410", "altitude_m": 57.0, "turbulence_index": 1.0}}, {"type": "Feature", "geometry": {"type": "Point", "coordinates": [119.1647, 32.6433]}, "properties": {"sensor_type": "surface_station", "sensor_id": "SURF_0411", "altitude_m": 21.4, "turbulence_index": 0.4051776657175458}}, {"type": "Feature", "geometry": {"type": "Point", "coordinates": [118.4289, 32.4081]}, "properties": {"sensor_type": "surface_station", "sensor_id": "SURF_0412", "altitude_m": 49.0, "turbulence_index": 0.630920952910899}}, {"type": "Feature", "geometry": {"type": "Point", "coordinates": [118.8181, 31.9011]}, "properties": {"sensor_type": "surface_station", "sensor_id": "SURF_0413", "altitude_m": 6.7, "turbulence_index": 0.5122403774102952}}, {"type": "Feature", "geometry": {"type": "Point", "coordinates": [118.9722, 31.3081]}, "properties": {"sensor_type": "surface_station", "sensor_id": "SURF_0414", "altitude_m": 9.8, "turbulence_index": 0.0293844061884788}}, {"type": "Feature", "geometry": {"type": "Point", "coordinates": [118.6981, 32.1917]}, "properties": {"sensor_type": "surface_station", "sensor_id": "SURF_0415", "altitude_m": 101.5, "turbulence_index": 0.0825339500440474}}, {"type": "Feature", "geometry": {"type": "Point", "coordinates": [118.9419, 32.1383]}, "properties": {"sensor_type": "surface_station", "sensor_id": "SURF_0416", "altitude_m": 6.8, "turbulence_index": 0.7508530530901076}}, {"type": "Feature", "geometry": {"type": "Point", "coordinates": [118.7111, 32.2225]}, "properties": {"sensor_type": "surface_station", "sensor_id": "SURF_0417", "altitude_m": 13.7, "turbulence_index": 0.137655203189201}}, {"type": "Feature", "geometry": {"type": "Point", "coordinates": [118.7417, 32.2217]}, "properties": {"sensor_type": "surface_station", "sensor_id": "SURF_0418", "altitude_m": 10.0, "turbulence_index": 0.9611474027246644}}, {"type": "Feature", "geometry": {"type": "Point", "coordinates": [118.6356, 31.7886]}, "properties": {"sensor_type": "surface_station", "sensor_id": "SURF_0419", "altitude_m": 17.0, "turbulence_index": 0.0929592791167055}}, {"type": "Feature", "geometry": {"type": "Point", "coordinates": [119.0708, 32.2086]}, "properties": {"sensor_type": "surface_station", "sensor_id": "SURF_0420", "altitude_m": 6.2, "turbulence_index": 0.2146953296126557}}, {"type": "Feature", "geometry": {"type": "Point", "coordinates": [118.7308, 32.3858]}, "properties": {"sensor_type": "surface_station", "sensor_id": "SURF_0421", "altitude_m": 6.7, "turbulence_index": 0.2656003331867466}}, {"type": "Feature", "geometry": {"type": "Point", "coordinates": [118.4261, 31.9361]}, "properties": {"sensor_type": "surface_station", "sensor_id": "SURF_0422", "altitude_m": 14.5, "turbulence_index": 0.1925209667547421}}, {"type": "Feature", "geometry": {"type": "Point", "coordinates": [118.4994, 32.0203]}, "properties": {"sensor_type": "surface_station", "sensor_id": "SURF_0423", "altitude_m": 42.3, "turbulence_index": 0.0}}, {"type": "Feature", "geometry": {"type": "Point", "coordinates": [118.8533, 32.1208]}, "properties": {"sensor_type": "surface_station", "sensor_id": "SURF_0424", "altitude_m": 20.7, "turbulence_index": 0.7499769826200885}}, {"type": "Feature", "geometry": {"type": "Point", "coordinates": [119.0217, 31.5658]}, "properties": {"sensor_type": "surface_station", "sensor_id": "SURF_0425", "altitude_m": 30.7, "turbulence_index": 0.0}}, {"type": "Feature", "geometry": {"type": "Point", "coordinates": [118.8947, 32.2536]}, "properties": {"sensor_type": "surface_station", "sensor_id": "SURF_0426", "altitude_m": 29.0, "turbulence_index": 0.0037181880865708}}, {"type": "Feature", "geometry": {"type": "Point", "coordinates": [118.735, 32.01]}, "properties": {"sensor_type": "surface_station", "sensor_id": "SURF_0427", "altitude_m": 42.2, "turbulence_index": 0.2815174479992064}}, {"type": "Feature", "geometry": {"type": "Point", "coordinates": [119.0475, 32.4569]}, "properties": {"sensor_type": "surface_station", "sensor_id": "SURF_0428", "altitude_m": 29.0, "turbulence_index": 1.0}}, {"type": "Feature", "geometry": {"type": "Point", "coordinates": [118.8869, 32.2978]}, "properties": {"sensor_type": "surface_station", "sensor_id": "SURF_0429", "altitude_m": 86.5, "turbulence_index": 0.5357923553814646}}, {"type": "Feature", "geometry": {"type": "Point", "coordinates": [119.1272, 32.0003]}, "properties": {"sensor_type": "surface_station", "sensor_id": "SURF_0430", "altitude_m": 27.7, "turbulence_index": 0.0}}, {"type": "Feature", "geometry": {"type": "Point", "coordinates": [119.1506, 31.91]}, "properties": {"sensor_type": "surface_station", "sensor_id": "SURF_0431", "altitude_m": 29.7, "turbulence_index": 0.0402949749864833}}, {"type": "Feature", "geometry": {"type": "Point", "coordinates": [118.6536, 32.2261]}, "properties": {"sensor_type": "surface_station", "sensor_id": "SURF_0432", "altitude_m": 34.2, "turbulence_index": 0.2411415473626388}}, {"type": "Feature", "geometry": {"type": "Point", "coordinates": [118.4169, 31.9019]}, "properties": {"sensor_type": "surface_station", "sensor_id": "SURF_0433", "altitude_m": 26.4, "turbulence_index": 0.1598799086233203}}, {"type": "Feature", "geometry": {"type": "Point", "coordinates": [118.8736, 32.2278]}, "properties": {"sensor_type": "surface_station", "sensor_id": "SURF_0434", "altitude_m": 15.5, "turbulence_index": 0.0}}, {"type": "Feature", "geometry": {"type": "Point", "coordinates": [118.6767, 31.9458]}, "properties": {"sensor_type": "surface_station", "sensor_id": "SURF_0435", "altitude_m": 14.6, "turbulence_index": 0.1588486584739203}}, {"type": "Feature", "geometry": {"type": "Point", "coordinates": [118.9494, 31.7353]}, "properties": {"sensor_type": "surface_station", "sensor_id": "SURF_0436", "altitude_m": 34.0, "turbulence_index": 0.0}}, {"type": "Feature", "geometry": {"type": "Point", "coordinates": [119.2089, 31.7458]}, "properties": {"sensor_type": "surface_station", "sensor_id": "SURF_0437", "altitude_m": 14.0, "turbulence_index": 0.454503024774005}}, {"type": "Feature", "geometry": {"type": "Point", "coordinates": [118.9044, 31.6539]}, "properties": {"sensor_type": "surface_station", "sensor_id": "SURF_0438", "altitude_m": 18.1, "turbulence_index": 0.3455060421023266}}, {"type": "Feature", "geometry": {"type": "Point", "coordinates": [119.2747, 31.4936]}, "properties": {"sensor_type": "surface_station", "sensor_id": "SURF_0439", "altitude_m": 17.0, "turbulence_index": 0.0748463706268146}}, {"type": "Feature", "geometry": {"type": "Point", "coordinates": [119.1814, 31.53]}, "properties": {"sensor_type": "surface_station", "sensor_id": "SURF_0440", "altitude_m": 66.0, "turbulence_index": 0.2524634475624727}}, {"type": "Feature", "geometry": {"type": "Point", "coordinates": [119.0947, 32.1397]}, "properties": {"sensor_type": "surface_station", "sensor_id": "SURF_0441", "altitude_m": 292.0, "turbulence_index": 0.0644610063475766}}, {"type": "Feature", "geometry": {"type": "Point", "coordinates": [119.2939, 32.2408]}, "properties": {"sensor_type": "surface_station", "sensor_id": "SURF_0442", "altitude_m": 11.0, "turbulence_index": 0.8736556111905064}}, {"type": "Feature", "geometry": {"type": "Point", "coordinates": [118.4422, 31.9917]}, "properties": {"sensor_type": "surface_station", "sensor_id": "SURF_0443", "altitude_m": 26.0, "turbulence_index": 0.204948591562097}}, {"type": "Feature", "geometry": {"type": "Point", "coordinates": [118.8033, 32.0411]}, "properties": {"sensor_type": "surface_station", "sensor_id": "SURF_0444", "altitude_m": 11.0, "turbulence_index": 0.1488503273905946}}, {"type": "Feature", "geometry": {"type": "Point", "coordinates": [118.7025, 32.0383]}, "properties": {"sensor_type": "surface_station", "sensor_id": "SURF_0445", "altitude_m": 8.2, "turbulence_index": 0.5801035099358969}}, {"type": "Feature", "geometry": {"type": "Point", "coordinates": [118.7056, 32.2744]}, "properties": {"sensor_type": "surface_station", "sensor_id": "SURF_0446", "altitude_m": 13.0, "turbulence_index": 0.1695544882674112}}, {"type": "Feature", "geometry": {"type": "Point", "coordinates": [118.5586, 32.1092]}, "properties": {"sensor_type": "surface_station", "sensor_id": "SURF_0447", "altitude_m": 55.0, "turbulence_index": 0.5599768027566313}}, {"type": "Feature", "geometry": {"type": "Point", "coordinates": [118.9667, 31.8508]}, "properties": {"sensor_type": "surface_station", "sensor_id": "SURF_0448", "altitude_m": 33.0, "turbulence_index": 0.2449019394259025}}, {"type": "Feature", "geometry": {"type": "Point", "coordinates": [118.9511, 32.3567]}, "properties": {"sensor_type": "surface_station", "sensor_id": "SURF_0449", "altitude_m": 9.0, "turbulence_index": 0.0702668713182269}}, {"type": "Feature", "geometry": {"type": "Point", "coordinates": [118.9883, 32.635]}, "properties": {"sensor_type": "surface_station", "sensor_id": "SURF_0450", "altitude_m": 34.3, "turbulence_index": 1.0}}, {"type": "Feature", "geometry": {"type": "Point", "coordinates": [118.9439, 32.6856]}, "properties": {"sensor_type": "surface_station", "sensor_id": "SURF_0451", "altitude_m": 19.3, "turbulence_index": 0.8590740884366687}}, {"type": "Feature", "geometry": {"type": "Point", "coordinates": [118.6831, 31.9467]}, "properties": {"sensor_type": "surface_station", "sensor_id": "SURF_0452", "altitude_m": 25.2, "turbulence_index": 0.1807042484392597}}, {"type": "Feature", "geometry": {"type": "Point", "coordinates": [118.6597, 31.8831]}, "properties": {"sensor_type": "surface_station", "sensor_id": "SURF_0453", "altitude_m": 8.5, "turbulence_index": 0.1582712717968257}}, {"type": "Feature", "geometry": {"type": "Point", "coordinates": [118.6708, 31.2203]}, "properties": {"sensor_type": "surface_station", "sensor_id": "SURF_0454", "altitude_m": 3.0, "turbulence_index": 0.3434493341950423}}, {"type": "Feature", "geometry": {"type": "Point", "coordinates": [118.5025, 31.6292]}, "properties": {"sensor_type": "surface_station", "sensor_id": "SURF_0455", "altitude_m": 13.0, "turbulence_index": 0.2350720513545947}}, {"type": "Feature", "geometry": {"type": "Point", "coordinates": [119.1697, 32.6033]}, "properties": {"sensor_type": "surface_station", "sensor_id": "SURF_0456", "altitude_m": 10.8, "turbulence_index": 0.5325300368906892}}, {"type": "Feature", "geometry": {"type": "Point", "coordinates": [118.3778, 32.2031]}, "properties": {"sensor_type": "surface_station", "sensor_id": "SURF_0457", "altitude_m": 30.0, "turbulence_index": 0.5567244282915504}}, {"type": "Feature", "geometry": {"type": "Point", "coordinates": [118.7078, 32.6481]}, "properties": {"sensor_type": "surface_station", "sensor_id": "SURF_0458", "altitude_m": 63.0, "turbulence_index": 0.6520008007210992}}, {"type": "Feature", "geometry": {"type": "Point", "coordinates": [118.9283, 32.6619]}, "properties": {"sensor_type": "surface_station", "sensor_id": "SURF_0459", "altitude_m": 11.2, "turbulence_index": 0.6972477486397364}}, {"type": "Feature", "geometry": {"type": "Point", "coordinates": [118.8036, 32.3244]}, "properties": {"sensor_type": "surface_station", "sensor_id": "SURF_0460", "altitude_m": 11.9, "turbulence_index": 0.4135490641525572}}, {"type": "Feature", "geometry": {"type": "Point", "coordinates": [119.0586, 31.5256]}, "properties": {"sensor_type": "surface_station", "sensor_id": "SURF_0461", "altitude_m": 11.0, "turbulence_index": 0.1515038105143576}}, {"type": "Feature", "geometry": {"type": "Point", "coordinates": [118.8111, 32.1233]}, "properties": {"sensor_type": "surface_station", "sensor_id": "SURF_0462", "altitude_m": 29.6, "turbulence_index": 0.1586332605165231}}, {"type": "Feature", "geometry": {"type": "Point", "coordinates": [118.8067, 31.6397]}, "properties": {"sensor_type": "surface_station", "sensor_id": "SURF_0463", "altitude_m": 91.2, "turbulence_index": 1.0}}, {"type": "Feature", "geometry": {"type": "Point", "coordinates": [118.9994, 32.0028]}, "properties": {"sensor_type": "surface_station", "sensor_id": "SURF_0464", "altitude_m": 12.0, "turbulence_index": 0.2236208435465388}}, {"type": "Feature", "geometry": {"type": "Point", "coordinates": [119.2131, 32.3692]}, "properties": {"sensor_type": "surface_station", "sensor_id": "SURF_0465", "altitude_m": 18.5, "turbulence_index": 0.3115545400564941}}, {"type": "Feature", "geometry": {"type": "Point", "coordinates": [118.7211, 32.01]}, "properties": {"sensor_type": "surface_station", "sensor_id": "SURF_0466", "altitude_m": 6.4, "turbulence_index": 0.4824580460256659}}, {"type": "Feature", "geometry": {"type": "Point", "coordinates": [118.7603, 31.9417]}, "properties": {"sensor_type": "surface_station", "sensor_id": "SURF_0467", "altitude_m": 33.5, "turbulence_index": 0.0}}, {"type": "Feature", "geometry": {"type": "Point", "coordinates": [118.7544, 31.9822]}, "properties": {"sensor_type": "surface_station", "sensor_id": "SURF_0468", "altitude_m": 21.4, "turbulence_index": 0.3456121837405249}}, {"type": "Feature", "geometry": {"type": "Point", "coordinates": [118.8442, 31.6217]}, "properties": {"sensor_type": "surface_station", "sensor_id": "SURF_0469", "altitude_m": 45.9, "turbulence_index": 1.0}}, {"type": "Feature", "geometry": {"type": "Point", "coordinates": [118.4483, 31.5953]}, "properties": {"sensor_type": "surface_station", "sensor_id": "SURF_0470", "altitude_m": 8.0, "turbulence_index": 0.6074416645300093}}, {"type": "Feature", "geometry": {"type": "Point", "coordinates": [118.4725, 32.4506]}, "properties": {"sensor_type": "surface_station", "sensor_id": "SURF_0471", "altitude_m": 38.0, "turbulence_index": 0.859337744310804}}, {"type": "Feature", "geometry": {"type": "Point", "coordinates": [118.5322, 31.8219]}, "properties": {"sensor_type": "surface_station", "sensor_id": "SURF_0472", "altitude_m": 12.8, "turbulence_index": 0.6753407286193643}}, {"type": "Feature", "geometry": {"type": "Point", "coordinates": [118.7703, 31.7231]}, "properties": {"sensor_type": "surface_station", "sensor_id": "SURF_0473", "altitude_m": 26.1, "turbulence_index": 0.4641742358300079}}, {"type": "Feature", "geometry": {"type": "Point", "coordinates": [118.7661, 32.6675]}, "properties": {"sensor_type": "surface_station", "sensor_id": "SURF_0474", "altitude_m": 35.0, "turbulence_index": 0.4865601412122327}}, {"type": "Feature", "geometry": {"type": "Point", "coordinates": [118.6089, 32.6922]}, "properties": {"sensor_type": "surface_station", "sensor_id": "SURF_0475", "altitude_m": 47.5, "turbulence_index": 0.8714393027765359}}, {"type": "Feature", "geometry": {"type": "Point", "coordinates": [118.5153, 32.2836]}, "properties": {"sensor_type": "surface_station", "sensor_id": "SURF_0476", "altitude_m": 29.3, "turbulence_index": 0.5007486169083097}}, {"type": "Feature", "geometry": {"type": "Point", "coordinates": [119.1994, 31.2492]}, "properties": {"sensor_type": "surface_station", "sensor_id": "SURF_0477", "altitude_m": 15.0, "turbulence_index": 0.1956210679350563}}, {"type": "Feature", "geometry": {"type": "Point", "coordinates": [118.4403, 32.2561]}, "properties": {"sensor_type": "surface_station", "sensor_id": "SURF_0478", "altitude_m": 28.0, "turbulence_index": 0.9195972036808768}}, {"type": "Feature", "geometry": {"type": "Point", "coordinates": [118.5131, 31.6769]}, "properties": {"sensor_type": "surface_station", "sensor_id": "SURF_0479", "altitude_m": 22.7, "turbulence_index": 0.5608072211114533}}, {"type": "Feature", "geometry": {"type": "Point", "coordinates": [118.755, 31.6569]}, "properties": {"sensor_type": "surface_station", "sensor_id": "SURF_0480", "altitude_m": 31.4, "turbulence_index": 0.9529299628121636}}, {"type": "Feature", "geometry": {"type": "Point", "coordinates": [118.5194, 31.4914]}, "properties": {"sensor_type": "surface_station", "sensor_id": "SURF_0481", "altitude_m": 39.9, "turbulence_index": 0.4009024131209449}}, {"type": "Feature", "geometry": {"type": "Point", "coordinates": [118.4678, 31.6297]}, "properties": {"sensor_type": "surface_station", "sensor_id": "SURF_0482", "altitude_m": 12.0, "turbulence_index": 0.4965267297203879}}, {"type": "Feature", "geometry": {"type": "Point", "coordinates": [118.3614, 32.2267]}, "properties": {"sensor_type": "surface_station", "sensor_id": "SURF_0483", "altitude_m": 21.8, "turbulence_index": 0.8697538272208734}}, {"type": "Feature", "geometry": {"type": "Point", "coordinates": [118.4967, 31.7647]}, "properties": {"sensor_type": "surface_station", "sensor_id": "SURF_0484", "altitude_m": 13.2, "turbulence_index": 0.3763837271209853}}, {"type": "Feature", "geometry": {"type": "Point", "coordinates": [118.5544, 31.5531]}, "properties": {"sensor_type": "surface_station", "sensor_id": "SURF_0485", "altitude_m": 60.0, "turbulence_index": 0.421060270021314}}, {"type": "Feature", "geometry": {"type": "Point", "coordinates": [118.4425, 31.3158]}, "properties": {"sensor_type": "surface_station", "sensor_id": "SURF_0486", "altitude_m": 18.0, "turbulence_index": 0.1941933278417454}}, {"type": "Feature", "geometry": {"type": "Point", "coordinates": [118.4081, 32.2036]}, "properties": {"sensor_type": "surface_station", "sensor_id": "SURF_0487", "altitude_m": 39.8, "turbulence_index": 0.775470286416073}}, {"type": "Feature", "geometry": {"type": "Point", "coordinates": [118.6222, 32.2675]}, "properties": {"sensor_type": "surface_station", "sensor_id": "SURF_0488", "altitude_m": 18.1, "turbulence_index": 0.526389931579442}}, {"type": "Feature", "geometry": {"type": "Point", "coordinates": [118.7644, 31.5019]}, "properties": {"sensor_type": "surface_station", "sensor_id": "SURF_0489", "altitude_m": 2.0, "turbulence_index": 1.0}}, {"type": "Feature", "geometry": {"type": "Point", "coordinates": [118.5447, 32.2769]}, "properties": {"sensor_type": "surface_station", "sensor_id": "SURF_0490", "altitude_m": 33.0, "turbulence_index": 0.3392705216588679}}, {"type": "Feature", "geometry": {"type": "Point", "coordinates": [118.5356, 31.6628]}, "properties": {"sensor_type": "surface_station", "sensor_id": "SURF_0491", "altitude_m": 30.9, "turbulence_index": 0.2942904990169139}}, {"type": "Feature", "geometry": {"type": "Point", "coordinates": [118.7267, 31.6108]}, "properties": {"sensor_type": "surface_station", "sensor_id": "SURF_0492", "altitude_m": 9.2, "turbulence_index": 1.0}}, {"type": "Feature", "geometry": {"type": "Point", "coordinates": [118.3336, 31.6933]}, "properties": {"sensor_type": "surface_station", "sensor_id": "SURF_0493", "altitude_m": 21.2, "turbulence_index": 0.1799924970035767}}, {"type": "Feature", "geometry": {"type": "Point", "coordinates": [118.51, 32.2339]}, "properties": {"sensor_type": "surface_station", "sensor_id": "SURF_0494", "altitude_m": 12.3, "turbulence_index": 0.3862884022070869}}, {"type": "Feature", "geometry": {"type": "Point", "coordinates": [118.3367, 31.8544]}, "properties": {"sensor_type": "surface_station", "sensor_id": "SURF_0495", "altitude_m": 15.0, "turbulence_index": 0.5172300790376183}}, {"type": "Feature", "geometry": {"type": "Point", "coordinates": [118.6203, 31.9433]}, "properties": {"sensor_type": "surface_station", "sensor_id": "SURF_0496", "altitude_m": 14.3, "turbulence_index": 1.0}}, {"type": "Feature", "geometry": {"type": "Point", "coordinates": [119.0039, 32.6631]}, "properties": {"sensor_type": "surface_station", "sensor_id": "SURF_0497", "altitude_m": 28.7, "turbulence_index": 0.7220975907109045}}, {"type": "Feature", "geometry": {"type": "Point", "coordinates": [118.4586, 32.5789]}, "properties": {"sensor_type": "surface_station", "sensor_id": "SURF_0498", "altitude_m": 58.0, "turbulence_index": 1.0}}, {"type": "Feature", "geometry": {"type": "Point", "coordinates": [119.1981, 32.6869]}, "properties": {"sensor_type": "surface_station", "sensor_id": "SURF_0499", "altitude_m": 4.4, "turbulence_index": 0.4497950572208931}}, {"type": "Feature", "geometry": {"type": "Point", "coordinates": [119.1472, 32.6717]}, "properties": {"sensor_type": "surface_station", "sensor_id": "SURF_0500", "altitude_m": 14.3, "turbulence_index": 0.8543364715915487}}, {"type": "Feature", "geometry": {"type": "Point", "coordinates": [118.545, 31.2489]}, "properties": {"sensor_type": "surface_station", "sensor_id": "SURF_0501", "altitude_m": 7.2, "turbulence_index": 0.5527103689219712}}, {"type": "Feature", "geometry": {"type": "Point", "coordinates": [118.9583, 31.2058]}, "properties": {"sensor_type": "surface_station", "sensor_id": "SURF_0502", "altitude_m": 58.0, "turbulence_index": 0.2914670638831796}}, {"type": "Feature", "geometry": {"type": "Point", "coordinates": [118.3564, 31.5136]}, "properties": {"sensor_type": "surface_station", "sensor_id": "SURF_0503", "altitude_m": 28.0, "turbulence_index": 0.4696068869114268}}, {"type": "Feature", "geometry": {"type": "Point", "coordinates": [118.4506, 31.6953]}, "properties": {"sensor_type": "surface_station", "sensor_id": "SURF_0504", "altitude_m": 18.1, "turbulence_index": 0.2430237850928442}}, {"type": "Feature", "geometry": {"type": "Point", "coordinates": [118.4167, 31.7272]}, "properties": {"sensor_type": "surface_station", "sensor_id": "SURF_0505", "altitude_m": 4.5, "turbulence_index": 0.0}}, {"type": "Feature", "geometry": {"type": "Point", "coordinates": [118.8472, 32.3686]}, "properties": {"sensor_type": "wind_profiler", "sensor_id": "WPR_A", "altitude_m": 16.2}}, {"type": "Feature", "geometry": {"type": "Point", "coordinates": [118.8994, 31.9317]}, "properties": {"sensor_type": "wind_profiler", "sensor_id": "WPR_B", "altitude_m": 40.6}}, {"type": "Feature", "geometry": {"type": "Point", "coordinates": [118.91, 31.33]}, "properties": {"sensor_type": "wind_profiler", "sensor_id": "WPR_C", "altitude_m": 25.2}}, {"type": "Feature", "geometry": {"type": "Point", "coordinates": [118.698, 32.191]}, "properties": {"sensor_type": "weather_radar", "sensor_id": "S-9250", "description": "S-band Doppler radar", "altitude_m": 138.2}}, {"type": "Feature", "geometry": {"type": "Point", "coordinates": [118.767, 32.514]}, "properties": {"sensor_type": "weather_radar", "sensor_id": "X-205", "description": "X-band Doppler radar", "altitude_m": 115.0}}, {"type": "Feature", "geometry": {"type": "Point", "coordinates": [118.54, 32.061]}, "properties": {"sensor_type": "weather_radar", "sensor_id": "X-206", "description": "X-band Doppler radar", "altitude_m": 425.0}}, {"type": "Feature", "geometry": {"type": "Point", "coordinates": [118.958, 32.006]}, "properties": {"sensor_type": "weather_radar", "sensor_id": "X-207", "description": "X-band Doppler radar", "altitude_m": 295.0}}]}