样本编号,实际磁芯损耗_w每m3,两两交互模型_五折预测,相对误差_percent,对数残差
1,1997.95525,1209.6945014971877,-39.45337356794214,0.501756432948949
2,2427.74983,1538.6656158705016,-36.62173932185997,0.4560492748576346
3,3332.72576,2129.259734035925,-36.11056272341097,0.4480161391041433
4,4502.908007,2880.5253865113173,-36.029663896455496,0.44675070845911513
5,6063.023248,3936.948365247403,-35.06624988538387,0.4318026648654474
6,14273.85421,9741.988859896546,-31.74941598414612,0.3819841949507854
7,56401.52952,43725.88573451806,-22.4739362449154,0.2545559996499289
8,73651.31728,59246.25236706801,-19.558462013881297,0.21763950159811074
9,125047.8122,108164.46087908847,-13.50151675897256,0.1450433069898036
10,161776.6059,144865.86440290272,-10.453143953057353,0.11040816645119911
11,352985.6272,360322.55835489265,2.078535382047041,-0.02057228575905512
12,441717.9624,458855.56325766136,3.879760914531769,-0.038063899249435096
13,1759.006565,1019.427970296488,-42.045243572101846,0.54550754143599
14,2364.873224,1373.4367004163191,-41.92345338101223,0.5434082762787762
15,3132.233226,1902.3025532715285,-39.266893107418674,0.49868121827997225
16,4363.429973,2633.6329997154735,-39.64305566923617,0.5048941774460305
17,5773.018252,3507.0572141585412,-39.25088989726372,0.49841775238935426
18,9988.187279,6182.081729740461,-38.10606912889803,0.4797480584210998
19,13463.78092,8813.632077242268,-34.5382093662122,0.4237035626636487
20,23248.3141,16341.347801677508,-29.709536221047923,0.3525340467433402
21,39002.19859,28423.034566372648,-27.124532477868584,0.31641812593998253
22,50069.23431,37275.55348163528,-25.551980182388213,0.2950690246918217
23,66762.87637,51600.82160890186,-22.71030786191715,0.2576095880822802
24,113796.1134,94492.81949351613,-16.963052014467017,0.1858845207920261
25,148257.1129,124640.48128953826,-15.929509990115113,0.17351457226402367
26,198685.0545,171585.30201568487,-13.639552583616767,0.14664039952601193
27,255933.2678,223929.30420463716,-12.504807940940474,0.13358634203067687
28,331623.2171,301845.89125566825,-8.979264511312095,0.0940828429149061
29,416358.3168,383776.8307907276,-7.825347710040603,0.08148501415642606
30,534557.2986,513765.67327610496,-3.889503590793366,0.03967165215524382
31,1507.127686,948.2693232707943,-37.08102292330962,0.4633223654525729
32,1987.49952,1289.0532553293433,-35.141958910795445,0.43296928770493714
33,2690.828365,1722.3270780687028,-35.99268164141331,0.4461727598128915
34,4918.264521,3239.702152315857,-34.12916002213829,0.417474331361813
35,6538.643558,4319.973832674031,-33.931651200216244,0.41448039193736363
36,11504.91656,7763.505882152216,-32.52010267380665,0.39334044985574046
37,14827.08294,10468.004103694502,-29.399436517251303,0.34813206017869724
38,19682.18168,14587.926687211677,-25.88257275343027,0.29951949582406456
39,26015.31362,19344.41842791665,-25.642186327344184,0.29628142549479897
40,33431.1089,25854.517069293102,-22.66329798802126,0.25700154343889814
41,43311.21706,33911.72182777877,-21.702219125359377,0.24465092471299954
42,56888.04649,46047.922857303296,-19.05518698836358,0.21140258436416914
43,73132.61212,61293.126298397794,-16.189064602499542,0.17660669301007026
44,96561.45489,83919.06209109235,-13.092587319970992,0.14032685608853512
45,124836.8907,114469.2305371114,-8.304965066619204,0.08670195286569538
46,164156.6808,152463.0291721155,-7.123469828274274,0.07389920748184231
47,213181.9924,208875.61156523952,-2.020049060560551,0.020407310497940756
48,272698.8683,271097.9159454953,-0.5870770071342716,0.005888070787539945
49,345321.4402,352989.4952771538,2.2205557444428212,-0.02196260408587314
50,450682.3276,482908.77035383356,7.150589401951411,-0.06906503663453023
51,568872.0099,639716.0576283991,12.453424759086424,-0.11736894779238227
52,2225.097322,1562.660443136261,-29.77114179744355,0.3534108739223214
53,3024.184603,2155.7133831380634,-28.717533281546725,0.3385197973854064
54,4089.657062,2913.071571534093,-28.769783691606442,0.3392530712427382
55,5561.224672,3839.5370450260793,-30.958785672558438,0.37046655061554823
56,7428.611375,5254.793706930354,-29.262772789344442,0.3461981998880006
57,9781.334899,7049.350315142769,-27.930590375108576,0.32754050877543506
58,13030.14014,9680.64701549825,-25.70573369521526,0.2971364067604725
59,17428.60715,13178.025524934745,-24.38853310813914,0.27956223584085116
60,38034.45168,30600.37384782586,-19.545642184407424,0.21748014601682542
61,64866.78904,55280.845967028465,-14.777890527401292,0.15990928496524504
62,84929.72944,76335.77148239106,-10.118904197946696,0.10668254691113255
63,109923.077,99319.34241115142,-9.646504517744338,0.10144048146075058
64,144795.5963,135366.20551964323,-6.5122082586131596,0.06733932782923979
65,398991.6659,423733.5382849366,6.2011000478234815,-0.060164281031859446
66,677349.1971,764710.3692200741,12.897508773037883,-0.12131021914052731
67,1351.668508,1070.687399928848,-20.787723203443313,0.2330388891229953
68,2547.825849,1985.0937403629043,-22.086757179968288,0.24957424986960675
69,3427.227242,2739.284365459713,-20.07287022318454,0.22405484420528143
70,4655.897506,3525.0375385849993,-24.28876421694582,0.2782436114191871
71,6205.058112,4836.759760968305,-22.051338220113266,0.24911975830471
72,8367.055189,6416.239984921561,-23.315433686192694,0.26546971932538277
73,11089.48772,8607.665783350303,-22.37995116919338,0.25334443094669545
74,14658.56285,11512.19491085672,-21.46436844689232,0.24161775904837235
75,19233.50271,15899.954922351604,-17.331984911490917,0.19033741706970453
76,32688.69228,27949.94366446084,-14.496598930751597,0.15661403224882342
77,55945.83678,49013.26979104402,-12.3915690388499,0.1322929488281428
78,74362.24612,66760.92369541898,-10.22201832407616,0.10783043366307865
79,128576.4162,123578.18929545785,-3.8873590136214697,0.03964933874176957
80,166639.6736,160924.60300120484,-3.4295978114512855,0.03489788728200871
81,218449.8965,214885.4743090179,-1.631688660920053,0.016451473032645936
82,273541.545,275767.54307283624,0.813769649811789,-0.008104763988512786
83,360199.2721,377516.0606755793,4.807557903884863,-0.04695570070199828
84,461810.5667,502863.0506196478,8.889463966361806,-0.08516308965009323
85,613904.3362,689703.4299694836,12.347053001559107,-0.11642258178350318
86,1129.391913,1013.3654524765167,-10.273356767296354,0.10840243502121716
87,1532.851361,1370.1520621250731,-10.614160186333086,0.11220790769986522
88,2119.668152,1870.1564184181962,-11.771263975749163,0.12523747077474123
89,5166.874084,4313.279657282731,-16.52051923155147,0.18056932363014866
90,7061.093869,5848.390852251673,-17.174435565463902,0.18843342304073296
91,9430.12443,7921.307346544072,-15.999970039164454,0.17435303046822703
92,12766.46246,10636.500085651563,-16.68404525546568,0.18253012160767135
93,21893.48022,18913.17575304137,-13.612748804715299,0.14633007667561237
94,28291.14184,24695.808521895928,-12.70833584037509,0.13591521270008755
95,49708.07326,44754.98278787417,-9.964358196340655,0.10496457401240633
96,65196.27638,59788.4264188011,-8.294722124433854,0.08659025248700836
97,85243.35886,79553.81197885217,-6.674475240343456,0.06907653827631322
98,112150.6467,106546.89743261591,-4.996626798215413,0.051257787630717644
99,147631.7533,144688.26883515716,-1.99380173915665,0.02013946175793535
100,193355.8322,193876.3786021735,0.26921680936681625,-0.0026885507001139786
101,245886.8962,251388.13810331293,2.237305846033507,-0.022126453022741188
102,321281.5746,328664.3791052114,2.297923407031079,-0.02271918771195658
103,415631.7819,436019.9485172169,4.905343504776118,-0.04788826715185479
104,542772.7158,590750.7606659807,8.839435636565714,-0.08470354265593727
105,711545.3171,804531.8513697122,13.06825187869853,-0.12282144931685046
106,896343.4213,1018470.0869534332,13.624985998815987,-0.12773324328680147
107,1299.233133,1277.5023268048358,-1.6725871318403467,0.01686732824937387
108,1755.831126,1745.3370556260247,-0.5976696858018519,0.0059946287955545685
109,2390.408185,2369.257883916811,-0.8847987224905223,0.008887363100771317
110,3242.978165,3008.8817044456637,-7.218564191422372,0.07492361137382986
111,5892.742949,5398.200741498128,-8.392394030793355,0.08765588315686124
112,7874.71143,7152.834284088573,-9.167029831230614,0.09614785870288323
113,10735.42591,9795.307149526996,-8.75716313776883,0.09164569674671874
114,14477.24774,13028.631566056954,-10.00615724728246,0.10542893185685465
115,18907.91771,16929.373819112352,-10.464102505804957,0.11053055180148519
116,42837.66482,40176.79602222107,-6.211516918486713,0.06412811916117533
117,74230.01899,71104.38953957576,-4.2107350812416104,0.04301956450562017
118,99316.153,96364.0691405851,-2.9724106001315915,0.030174821123575057
119,281919.8367,287453.59067654767,1.96288208780297,-0.019438659968136207
120,371891.5855,386632.91872847866,3.9638792065325377,-0.03887333750354216
121,486551.2281,513270.9960461975,5.491665913687882,-0.05346176772888889
122,642255.3272,696847.0584260195,8.500004424100235,-0.08158002776754003
123,808495.9048,877249.1301236355,8.50384336091884,-0.08161540904633391
124,1026883.575,1144400.5942458233,11.44404508036107,-0.10835244110503162
125,1114.703914,1317.4824970293694,18.19125065253601,-0.16713389469202689
126,1964.803519,2170.7859399982576,10.483614214162936,-0.09969703631938032
127,3628.229323,3727.035665304038,2.7232661860066782,-0.02686845043020014
128,4949.221631,5029.524598749919,1.6225373146947462,-0.01609514852052385
129,6603.373697,6643.450696417533,0.6069170284235308,-0.006050827051650387
130,9111.892514,8967.820253144919,-1.5811453069021626,0.01593778755052533
131,21305.04772,20630.45816393854,-3.1663367523377652,0.032175491337381956
132,28708.38837,28374.340354509386,-1.1635902760730783,0.011704129647949202
133,36731.5784,36185.06681438458,-1.4878521681371997,0.014990317172088652
134,49122.63239,48578.909252407815,-1.1068688934977977,0.011130402688456442
135,64903.79723,64403.58007148075,-0.7707055362980159,0.007736908198051395
136,114103.3322,117348.1778039699,2.8437781276030902,-0.028040933653903366
137,194634.2954,196684.0010646266,1.053106113911816,-0.010475995775188096
138,329555.1343,342462.9004504346,3.9167243374471132,-0.038419664875213755
139,432205.1043,452564.3264269887,4.710546433726765,-0.046029656841515276
140,579176.7738,618527.8171303524,6.794306179125377,-0.06573442618728009
141,737413.5818,794066.1242901848,7.682600902453947,-0.07401783361415326
142,1223675.078,1382009.5076651638,12.939254260530413,-0.12167991526446542
143,1472.545902,1836.3480333824537,24.705656434094205,-0.2207860260067136
144,2256.015194,2637.2910478370427,16.90041161296552,-0.1561522035527272
145,3084.707485,3588.86153065893,16.343658130000293,-0.15137819544182918
146,4200.974078,4817.810180682857,14.68316850401801,-0.13700308373519832
147,5525.178254,6135.454008367316,11.045358652917699,-0.10476856836785409
148,13775.45003,14396.280413651275,4.506788397469691,-0.04408184404825377
149,18310.96022,18977.249648898698,3.6387465260885,-0.03574107513333935
150,24421.93184,25530.100592310562,4.537596614267518,-0.04437659692591822
151,32684.68129,34245.28905645077,4.774737598338589,-0.04664250338982967
152,56884.91087,59731.115751344805,5.003444389408086,-0.04882296734005109
153,76878.8708,81095.66554484215,5.484985277440036,-0.05339843715451131
154,172790.731,176585.7665530922,2.196318940911359,-0.021725472942151214
155,516365.5506,546711.1948745351,5.876775520612173,-0.05710573681387565
156,679260.437,710482.2329969662,4.596439641746159,-0.04493932722161631
157,1402.690272,2011.7699135003204,43.422247495298826,-0.36062287306799057
158,3564.3754,4438.476933905032,24.523273668228992,-0.21932244954031788
159,4792.365224,5811.073846965205,21.256907087622356,-0.19274130787812993
160,8888.402923,10506.766360304857,18.20758409946868,-0.16727208020360962
161,20972.82318,23183.258949550487,10.539524176499008,-0.10020295587093386
162,37837.05515,41720.58212703096,10.263819321126423,-0.09770566580013629
163,49742.16541,54098.6049024242,8.758041505664723,-0.08395542612659135
164,67223.83993,72224.63867597117,7.439025725365422,-0.0717532981046638
165,89782.66539,97905.01829262049,9.046682750326502,-0.08660588666753455
166,266704.6966,278067.7295393718,4.260529748530783,-0.04172267437225052
167,357572.7731,379624.58380606404,6.167083280666049,-0.05984392449901854
168,619011.8338,659614.2577858812,6.55923227454802,-0.06353081614729206
169,1026071.684,1090929.7201305155,6.321004384184478,-0.061292675176121136
170,1187.754171,1896.294542668619,59.65378939247008,-0.467837468515631
171,1192.605834,1878.1593789562012,57.48366521542617,-0.4541515539811103
172,1641.045747,2444.8795840480434,48.98302430127462,-0.39866218260282515
173,3044.949531,4233.964666012517,39.04876330157201,-0.32965450074058644
174,4080.613099,5528.823736703045,35.4900257036852,-0.3037278405793238
175,5648.015608,7440.018510831952,31.728009042569067,-0.2755690732137399
176,13587.381,16825.52827397315,23.83201938602553,-0.21375577883448926
177,18242.28949,21641.305532896997,18.632617604058193,-0.17086128472057283
178,24635.10959,28514.103023407097,15.745793292438512,-0.14622616327194038
179,33238.5309,38739.23518903904,16.54917994296506,-0.15314314337252455
180,44430.17965,51053.029480490084,14.90619637971706,-0.1389459258695993
181,59069.01523,67872.5636337475,14.903834725310189,-0.13892537276845118
182,79066.42767,88637.63020679067,12.105267455282085,-0.11426813188244012
183,107275.1057,114285.52174307217,6.534988707144353,-0.06330327766786503
184,139304.1316,151269.65409921797,8.58949577574336,-0.08240449285341533
185,183014.8648,198038.47841242253,8.208958124161352,-0.07889396927225789
186,237859.9575,253389.941835799,6.529045283209976,-0.06324748764244958
187,320931.3637,341566.4667124925,6.429755812766806,-0.06231501171633802
188,556312.9256,574077.1289650805,3.1932034198057333,-0.031432806555400816
189,1455.296582,2347.194259409161,61.28631706008921,-0.47801096640717855
190,1947.216719,3032.671860907542,55.743930879197734,-0.44304300385248485
191,2619.028052,4010.960155941878,53.14689557750021,-0.42622737661511856
192,3573.989819,5297.326120156556,48.218836326700675,-0.3935196195172601
193,4896.646627,7088.740195333955,44.7672404262705,-0.36995702821729637
194,8757.571039,11873.444468066602,35.57919673378286,-0.30438576133117046
195,15704.90259,20071.4942087341,27.80400320034141,-0.24532767941109235
196,21387.24118,26568.76194342153,24.227158238001078,-0.21694162496982905
197,29039.82633,35724.759554393575,23.0198801756869,-0.2071757837686281
198,38777.3922,46112.79423260968,18.91669763344653,-0.17325304210810977
199,51692.85659,61749.834435666984,19.455256507554868,-0.17777169273893456
200,69575.88416,80432.38605962887,15.603828870737374,-0.14499889142085465
201,94829.7604,104608.02120017681,10.311384062272513,-0.09813694493898417
202,123936.1788,134842.2228757843,8.799725940706752,-0.08433862950325022
203,216240.5996,230957.89645695215,6.805982264281588,-0.06584375267979503
204,290107.5928,306982.54108105897,5.816789598020815,-0.056539012698635815
205,381807.5464,402504.70602103916,5.420835658223432,-0.05279011234953046
206,508254.8668,530466.4408540854,4.370164558173466,-0.042773668523411246
207,1359.728946,2494.7046233496753,83.47073000751396,-0.6068849592877035
208,1295.823376,2281.9386027795313,76.09950901051897,-0.5658790413813861
209,1713.519808,2934.9963283342045,71.28464547835588,-0.5381565800551256
210,3131.491897,5138.68300268838,64.09695990627627,-0.4952872860757527
211,4293.7631,6816.422022481711,58.75170249801883,-0.4621711761241727
212,5780.063046,8723.225762181833,50.91921476909498,-0.41157450613327917
213,7703.877937,11227.538149812572,45.7387856041854,-0.3766456936008655
214,13727.56106,19391.800243849637,41.261802873012584,-0.3454447407104251
215,18846.99738,25610.694792788723,35.88740039814619,-0.3066564185688687
216,34431.32807,43773.14186110346,27.13172658374155,-0.2400535801272241
217,46554.40586,56761.51849392542,21.925127053754263,-0.19823695767231087
218,61598.99788,74712.7524782111,21.28890899127578,-0.1930051912495827
219,84808.51689,96730.19867877368,14.05717518234233,-0.13152967336612953
220,109976.8533,123350.31587328129,12.160252063950702,-0.1147584846561358
221,147898.0434,167043.08771806944,12.944758346998825,-0.12172864900534286
222,195279.9663,212366.79311132146,8.749912822635231,-0.08388068234944157
223,263199.8984,289141.5505405837,9.8562546179857,-0.09400254902759997
224,584646.126,600992.339628401,2.795915837198403,-0.027575437033615202
225,778826.1991,808889.3332818337,3.8600568671899103,-0.03787419996490371
226,1741.014541,3167.811003839426,81.95201299237317,-0.5985728014459397
227,1568.169639,2911.3006429559923,85.64959877762259,-0.6186908334563768
228,2071.805286,3733.656641808334,80.21271916999704,-0.5889677403245228
229,3794.890527,6508.087352995699,71.49604993060447,-0.5393900478780438
230,12211.32658,18150.63442873636,48.63769558390076,-0.3963415856196715
231,16267.93111,23352.90265838111,43.55176758786453,-0.3615255338982575
232,22632.85134,31168.149040731518,37.711985876241414,-0.31999425935890713
233,41569.50494,53509.354897756064,28.722617637591874,-0.25248965239349097
234,56012.09577,69900.0235154293,24.794515460476056,-0.22149832235075273
235,98906.6499,115193.39623963801,16.466785960402856,-0.15243594731686727
236,237281.9938,258109.4853522123,8.777527202408523,-0.08413457565061222
237,314961.8538,336976.68088915315,6.989680440201032,-0.06756219933864394
238,544722.457,566193.7882008483,3.94170112227413,-0.03865998984536745
239,709348.3739,723681.786170139,2.020644974673561,-0.020005008528203305
240,2262.910587,4191.30386766045,85.21738736557735,-0.6163600160805132
241,1948.042054,3704.56454792539,90.16861264974467,-0.6427409276334224
242,2592.256897,4776.868918280172,84.27451861767277,-0.6112564087798074
243,4704.915331,8227.396251513388,74.86810436957867,-0.5588618144521451
244,6166.926736,10553.401763023154,71.12902771191854,-0.5372476340092422
245,10941.64448,17502.449346361525,59.96178068437409,-0.4697647299889187
246,14874.62098,23069.00617440358,55.089707532188704,-0.43883352178736246
247,27126.64693,39073.04827915161,44.03935871609625,-0.36491640065893094
248,37101.17357,50910.20525400713,37.21993229662447,-0.3164147978816185
249,50336.60598,65856.6167595701,30.832453792646625,-0.2687473399396918
250,69303.99422,84753.9565963263,22.293033107560348,-0.20124988948603395
251,90837.14978,108034.53724956693,18.932108186152426,-0.1733826248711967
252,120548.5034,144700.70938350382,20.035259918045423,-0.1826153462839759
253,160968.1046,183476.52106560057,13.98315307341985,-0.13088047142813508
254,216823.809,243457.81235816705,12.283707901361996,-0.11585858866322418
255,286943.8736,310975.10447865305,8.374888990364932,-0.080426224801732
256,385325.0273,411689.5249546788,6.842145146765234,-0.06618228017607919
257,2889.53144,5370.982577506958,85.87728457133372,-0.6199165096182897
258,2480.678594,4703.231458183692,89.59455165047842,-0.6397176673992595
259,3297.714089,6179.691586653087,87.39318873235062,-0.6280388370102852
260,4341.331734,7978.18252407484,83.77269955189377,-0.608529479451331
261,5670.629505,9998.796872324387,76.32604746101089,-0.5671646376018256
262,13623.67457,21962.286791725684,61.20677779611471,-0.47751768908213954
263,18325.83964,28317.04484940759,54.51976774695597,-0.43515184874748236
264,24592.22803,36631.71043034567,48.95645236234285,-0.3984838112147848
265,33679.40394,48898.04659478228,45.186793334865314,-0.37285095727190587
266,45459.87546,62890.944898007976,38.34385655839624,-0.3245721141876867
267,62572.44922,80729.13833088694,29.017066356231947,-0.25477450695819215
268,82051.91465,103547.758753777,26.197858021314307,-0.23268079108523665
269,110783.9294,132188.31263271903,19.320837732190995,-0.17664579452042695
270,145390.1865,170885.03072039067,17.53546428003974,-0.1615699257164369
271,196252.4584,228231.8694536945,16.295037175286918,-0.15096020001456267
272,1095.616077,751.2397256026902,-31.432210482003516,0.377347302078924
273,1909.33587,1372.2459266692138,-28.129673347140667,0.33030670946645735
274,2623.160983,1892.5879248007977,-27.850866299622844,0.32643490776507544
275,3549.272659,2575.3315496693076,-27.44058298426412,0.32076441472649897
276,4845.135951,3474.37549148106,-28.291475685755014,0.33256055682654484
277,6351.403688,4611.6302981877125,-27.391951059563763,0.32009440335446904
278,11029.67308,8548.618186815555,-22.494364748519327,0.2548195393499135
279,15113.44827,12042.106332497557,-20.32191385204274,0.22717559222765793
280,19940.16763,16095.916566007852,-19.27893052518008,0.21417056083799224
281,26026.23789,21133.375194621618,-18.799730933291574,0.20825162519653517
282,34262.29336,28728.251219009526,-16.15198983571623,0.17616442889748996
283,45874.56082,39288.31268699445,-14.357081605311258,0.15498364537538833
284,105597.3536,95705.79336973761,-9.367242542584314,0.09835447694657873
285,144536.8874,132265.7341014057,-8.48998032220965,0.0887217150265105
286,189925.2011,176021.80115039827,-7.320460828303283,0.07602245868814705
287,323386.9029,306341.11448397115,-5.271020026837593,0.05415021388624197
288,978.4264497,673.4161658823809,-31.173552586516823,0.3735821048357213
289,1322.360361,922.238958215327,-30.25812135521756,0.36036920726597277
290,2344.433168,1689.2652412417838,-27.945685793087886,0.3277499873766434
291,3171.45816,2344.612444265842,-26.07146851762844,0.3020713502390979
292,4277.388038,3102.2061134416736,-27.474288376880867,0.3212290439209493
293,7514.230322,5741.117495706571,-23.596732470418797,0.2691447220183747
294,9956.432911,7807.657632962731,-21.581778305996245,0.2431138660705976
295,22401.88282,18860.23784738251,-15.809586190030304,0.17208912145913047
296,51530.81264,46185.46603248219,-10.373107532499041,0.10951477189373371
297,69788.57213,63098.898494336674,-9.585629038522251,0.10076696041167388
298,220116.1066,205792.72338039978,-6.507194516950546,0.06728569935935269
299,374065.9706,361596.61913885415,-3.3334631966508668,0.03390289509021294
300,805.9127383,603.8286828877503,-25.075178218243288,0.2886849514100591
301,1133.209213,850.0163861582485,-24.990339258894785,0.28755327086565874
302,1497.701442,1160.106071458314,-22.540899078715444,0.25542011897524386
303,2659.779691,2114.271476354557,-20.509526277356755,0.2295329988958157
304,3616.413798,2772.6350781917918,-23.33191849546771,0.2656847114963439
305,11494.72838,9430.579445391942,-17.957352852282515,0.19793098675500786
306,19243.53155,16735.492542552598,-13.033153508911944,0.13964321477604535
307,25703.58543,22788.44184228643,-11.341388911101692,0.12037702238267656
308,33873.21869,30712.27397835972,-9.33169280595543,0.09796231447193726
309,45187.74242,41531.490554166914,-8.0912470285633,0.08437391664139149
310,59602.37429,55109.80826494013,-7.537562183682375,0.07836770160300333
311,79323.33333,74858.86707668182,-5.628187906255968,0.05792775812856732
312,108629.5997,103809.40170420796,-4.4372786138436275,0.045387385637987165
313,191311.8669,183138.12759227012,-4.2724685301421195,0.04366424374214439
314,249461.3838,241529.78597663573,-3.179489226967193,0.032311325999518914
315,427142.3839,421390.3212292127,-1.3466382376453583,0.013557876427977789
316,927.258475,777.6729219464664,-16.132023280082024,0.1759263292851685
317,1243.598131,1049.5607676630425,-15.602899240523021,0.16963713616722664
318,1716.460317,1435.520926832403,-16.36736878709892,0.1787364165414509
319,3092.694422,2576.3549354554875,-16.69545762010989,0.18266710793119145
320,4083.403273,3417.151182258533,-16.316098268981012,0.17812355995375384
321,9807.160843,8481.684210510444,-13.515396083624276,0.14520377729831146
322,16701.43194,15244.914334561241,-8.720914533983112,0.09124849948077163
323,28733.10879,26654.262732883468,-7.2350196155594295,0.07510098396358522
324,52609.57548,49973.98962998105,-5.00970750281171,0.05139548384883952
325,383820.4649,376975.0697106575,-1.7834888483932154,0.017995846761211354
326,522759.9608,513518.71847989014,-1.7677792893640176,0.017835911302082508
327,778.1715275,732.0175556588588,-5.9310794869889705,0.06114247542873219
328,1057.340411,988.3901887606426,-6.521099687672615,0.06743444026845058
329,1408.347747,1315.8991618502007,-6.564329395685775,0.06789700141145705
330,1914.446848,1805.2571018036801,-5.703461880406298,0.05872570837363256
331,2619.833509,2350.9353256215904,-10.263941676242206,0.10829750969711238
332,3358.272558,3100.51530002139,-7.675292982536116,0.07985839863696498
333,6196.269592,5705.443183287398,-7.9213210694755345,0.08252676865257413
334,8411.541611,7826.015614448166,-6.960983177995889,0.07215124509486515
335,14671.43686,13818.620844329382,-5.812764106259583,0.05988551365318706
336,25213.52305,24536.998639830243,-2.683180802731006,0.027198352564269612
337,32922.90003,32374.909606387195,-1.6644658371937542,0.016784737250164383
338,59518.79178,58480.33870046531,-1.7447482525739662,0.017601483767265336
339,81770.16356,80840.94554210283,-1.1363778393513289,0.01142883948603668
340,109005.8457,106725.68262430557,-2.091780547228428,0.021139682337754095
341,191579.1859,187711.22841757812,-2.0189862819653452,0.020396463658141073
342,255525.1192,247732.079508589,-3.0498135431105546,0.030972881073951797
343,341579.3928,333869.7420814192,-2.25705967077905,0.02282921142667682
344,869.3314017,906.8660875724255,4.3176498397533365,-0.04227038355988544
345,1209.671781,1243.3607263659537,2.784965797755822,-0.027468909234279693
346,2211.8587,2186.0644619394907,-1.1661792889622442,0.011730324921597202
347,2968.048897,2907.545716604579,-2.038483276221482,0.020595470931106696
348,3953.386891,3926.8049910739383,-0.6723829632403627,0.006746536416468274
349,7125.09244,7018.35168410315,-1.4980964358807773,0.015094312472729854
350,9613.206009,9468.724726087308,-1.502945872349206,0.015143545590774465
351,12510.94661,12414.120868376012,-0.7739281817939794,0.007769385480543178
352,21709.11751,22086.90238821872,1.7402129683286287,-0.017252446664890897
353,29302.81562,29760.596311717956,1.5622413137852418,-0.015501639468453732
354,52515.80528,52850.25213034127,0.6368498941568012,-0.006348305740425886
355,71214.73311,71813.25359123165,0.8404447437964307,-0.008369326712584169
356,95692.06829,96426.49011655539,0.7674845362623874,-0.007645543565963919
357,164004.0721,162245.63572502157,-1.0721906794522966,0.010779800630597691
358,222966.1134,220370.02361984344,-1.1643427517163507,0.011711743021498577
359,299341.3213,295132.5228688089,-1.406019861512226,0.014159979605526729
360,993.1452072,1140.6212263030418,14.849391411637056,-0.1384514441485365
361,1358.636001,1527.7406385833835,12.446647774600185,-0.11730868116452431
362,1896.952399,2033.9474421984796,7.2218492815475015,-0.06972985980544166
363,2514.323963,2692.921705702738,7.103211254035935,-0.06862277471392364
364,4450.983841,4788.434725304183,7.581489764033117,-0.07307841872573739
365,6016.132491,6398.41798833206,6.354339734105766,-0.061606160976106494
366,8213.583988,8728.550354439687,6.2696913697120475,-0.06080993518332001
367,10691.6548,11346.272738291103,6.1226999050802045,-0.059425784958184735
368,14180.43445,14944.431141836383,5.387681840991709,-0.05247557271044734
369,19258.68453,20114.388649833687,4.443211676793006,-0.043473308775546116
370,24954.9899,26786.453871216392,7.339069174363368,-0.07082250897306963
371,33773.96405,35645.98389723446,5.542789837944582,-0.053946275579273006
372,45016.12152,47519.66613836712,5.561440065987992,-0.05412296770998459
373,61682.11388,64557.697056292935,4.661940059134915,-0.04556535156168451
374,82409.82889,85843.141864823,4.166145010937662,-0.04081698661271638
375,145360.8569,146263.5387131986,0.6209937341106705,-0.00619073513554369
376,196926.3359,196347.23149471649,-0.2940715890725718,0.002945048291358887
377,259939.8297,255524.7299392701,-1.6985083685810796,0.01713098467320151
378,355880.6652,348868.71005905693,-1.9703107885904494,0.019899802061116745
379,479177.7654,467173.31458869844,-2.5052186637417657,0.025371334173115656
380,619685.956,584957.2767036152,-5.604238559891585,0.05767401384352233
381,821036.215,781340.3719113915,-4.834846790358506,0.049556348912776826
382,739.8215625,954.3693300881616,28.999934371088514,-0.25464170962219956
383,835.4853336,1092.347019859304,30.74400901240477,-0.26807109573435195
384,1143.163558,1475.3908445564664,29.062095640776754,-0.25512346411268094
385,2098.810441,2476.839417794888,18.01158262843271,-0.16561259152847896
386,2838.707823,3335.511353626932,17.501044898023366,-0.161277040305718
387,5186.650045,6037.0879012635605,16.39666931227399,-0.1518337347441321
388,7059.64503,8065.124148534226,14.24262996597474,-0.1331543337490384
389,12269.25192,13616.102837008526,10.977449365213827,-0.10415683581273605
390,16543.32032,18430.078647134855,11.404955538785433,-0.10800162470587438
391,22183.00785,24111.84361174787,8.69510471614366,-0.08337657231488826
392,29349.51758,32702.63650459097,11.424783782054144,-0.10817959236298869
393,39278.81673,43085.36273237624,9.691091329309101,-0.0924979685998899
394,54053.59161,58782.95186721752,8.749391328776339,-0.08387588698827031
395,72281.36189,76967.16629563353,6.482728442173705,-0.06281261175783293
396,98510.8538,101545.01172225471,3.080023982346923,-0.030335432453661326
397,129520.7229,131993.7226207824,1.9093467558019783,-0.018913474821193432
398,314222.2027,311781.67098715855,-0.7766897729921219,0.007797217174145388
399,733865.3511,695441.8439741745,-5.235770713010504,0.053778176129625876
400,968499.8293,912343.7505086224,-5.7982538656682445,0.059731468119696984
401,951.481771,1342.9924694606354,41.147472331410064,-0.34463506087419393
402,983.3822228,1377.0134978679548,40.028309027914105,-0.33667442352230736
403,1817.624491,2335.267978441505,28.479121512976185,-0.2505962266478816
404,3326.960389,4165.960903391988,25.218229744062874,-0.22488786706305675
405,4543.843552,5606.879665258622,23.395086144432053,-0.21022110414278572
406,6062.379548,7442.403240341335,22.76372967767433,-0.20509142516632828
407,7868.949799,9567.962014776069,21.591346484279036,-0.19549561723111353
408,14409.12046,16792.52831792049,16.54096698363287,-0.1530726731322023
409,19296.03239,22289.780025985387,15.514835254613638,-0.14422877948845247
410,47211.21881,53239.33916260755,12.768406545205977,-0.12016603002597215
411,87351.97459,91257.15788216903,4.4706296686464375,-0.04373579011076245
412,114483.3823,119907.46516571619,4.737877896988191,-0.04629064198383759
413,207436.5315,209015.95096755878,0.761398899286341,-0.007585148878371584
414,280098.7363,279722.6868780382,-0.13425602233313916,0.0013434622647618966
415,375312.9687,367879.02251280914,-1.9807325637961324,0.02000612015016756
416,664504.626,624250.2842965235,-6.057797060915645,0.06249045517362717
417,888278.957,827325.8041078215,-6.861938179649853,0.07108725796592097
418,891.0644612,1323.7473028954125,48.55797313616536,-0.3958050875610608
419,861.0731092,1312.403975767256,52.41492989910874,-0.42143641768342466
420,1195.612953,1707.4896829841407,42.81291271558686,-0.35636528500846154
421,2898.435212,3962.0596508325993,36.6965055637269,-0.31259299460400936
422,5406.004941,7033.384220970109,30.103177813024285,-0.263157625158458
423,6943.519876,8913.988866160336,28.378531715177825,-0.24981299280862324
424,9229.404894,11663.815586215238,26.376681055544974,-0.23409679338509903
425,12557.26737,15572.147329836926,24.009044890129836,-0.21518431961909634
426,17064.0813,20459.398440072593,19.89745055933712,-0.18146661276124298
427,31020.95035,36286.339161550226,16.97365410196154,-0.15677854483744014
428,183833.8566,187803.88623713527,2.1595747978967625,-0.021365863608274083
429,251465.9823,251758.29820413748,0.1162447109003955,-0.0011617719905068213
430,331266.0538,329287.87122004136,-0.597158253091925,0.0059894837311222915
431,454595.3958,433821.13423215714,-4.569835453631063,0.04677546729793036
432,590803.9623,551020.8580396455,-6.733723332775038,0.06971159398583282
433,792323.5259,731384.9134586889,-7.6911274813014,0.08002992213603832
434,811.244311,1327.149700752033,63.59433067901451,-0.4922195840288506
435,777.0210248,1251.8064250232526,61.10328872316669,-0.47687551815882756
436,1078.913049,1613.1821825792576,49.51920213352222,-0.40225464095933194
437,1443.438183,2158.693533726754,49.55219829644441,-0.40247529838768337
438,2618.379464,3767.726763853699,43.895367942501515,-0.36391623796741435
439,3531.156728,4941.227371134953,39.932258796499184,-0.3359882537811192
440,6286.854328,8454.879492496693,34.48505486823319,-0.2962828906586239
441,8263.579464,11005.788136933506,33.184271838612354,-0.2865634858565915
442,10938.67761,14113.233016004806,29.021381918255518,-0.25480795594265615
443,15114.43125,19088.8532711645,26.29554467135175,-0.2334545669848822
444,37383.75204,43579.52308267533,16.573432854053706,-0.1533512133738455
445,50514.39404,58863.363735095634,16.527902301440008,-0.1529605630743749
446,70153.48663,76681.78071392055,9.305730046393498,-0.08897863276439288
447,90902.25109,97910.49802521488,7.709651687587131,-0.07426901057107749
448,124490.291,131679.1574275024,5.774640230781043,-0.05614060934334475
449,164612.2355,171053.40288358222,3.9129335459284342,-0.03838318508154437
450,299771.0466,296816.74072625424,-0.9855207523386488,0.009904091520843039
451,708203.9434,650193.740874404,-8.191171916820482,0.08546172650190798
452,1059.696965,1735.8776717464,63.80887452540735,-0.4935301629950377
453,1306.918875,2060.725729955516,57.67816728146311,-0.45538585376411156
454,1778.998935,2720.2244485855845,52.90759286404993,-0.42466358473325005
455,2370.689654,3531.066598491757,48.946809319131454,-0.39841907178789704
456,3203.167708,4696.422140760978,46.61805340480719,-0.38266074325493626
457,4344.275323,6151.698150686182,41.60470258680661,-0.3478692050788794
458,7607.319762,10267.479129196217,34.968417924065925,-0.2998706237785864
459,18611.75563,23606.353740629336,26.835717220457276,-0.23772249789958266
460,24998.50716,30642.086884265176,22.575666971407966,-0.2035583428675274
461,34254.35616,41341.36860885256,20.689375727132493,-0.18804991609649946
462,46303.52633,54327.27782974257,17.328597054483925,-0.15980833411424555
463,63079.5044,69879.1356357799,10.779462046280592,-0.10237121055055987
464,82386.03548,89783.91015151858,8.979525023163026,-0.0859898347720005
465,149715.0746,154831.14235643815,3.4172028235012233,-0.03360113384860952
466,275143.6946,271608.2625067725,-1.2849402558060712,0.0129326701930772
467,373207.7538,353983.08429756004,-5.1511977730083185,0.0528861177627995
468,483004.2226,450214.1477656625,-6.788776018940225,0.07030204256620465
469,648264.9563,593954.5375854725,-8.377811909578847,0.08749671557912109
470,1032.120321,1714.6909895453107,66.13285821986162,-0.5076176329806588
471,1236.499405,1974.7371173151935,59.70384695132089,-0.4681509575546521
472,2220.87404,3437.822568417305,54.79592748165514,-0.4369374665634256
473,3012.929607,4520.924559894957,50.05078609840078,-0.4058036247942649
474,5310.013049,7608.341940420555,43.282923605119656,-0.35965097639370747
475,6952.35196,9624.800378658203,38.4394868676672,-0.3252631262398733
476,9325.626351,12761.14769695148,36.839577489431406,-0.31363908649181305
477,12589.23154,16983.80634774353,34.90741109797342,-0.2994185134332277
478,17054.31137,22097.678923377738,29.572390488011468,-0.2590695388766786
479,22976.95692,28985.89235686704,26.15200723833293,-0.23231740049306104
480,31236.54917,37841.60540599664,21.145281445942267,-0.1918203124841078
481,138016.1924,143680.70918227197,4.104240729852194,-0.04022252588140951
482,339754.072,318757.04829371616,-6.180065358064002,0.06379282972055123
483,442298.9101,411042.22491716413,-7.066869139643366,0.07328997446277263
484,588559.4414,536013.9965213641,-8.927805958502109,0.09351765288460001
485,1404.881552,2159.5187019635464,53.71535763205368,-0.42993237909673887
486,1622.907587,2545.1151867410153,56.82440621562117,-0.44995656170105747
487,2132.567199,3287.5587267118003,54.15967798123299,-0.4328187492551283
488,5037.560801,7282.19512688916,44.557959984196735,-0.3685103482994947
489,11919.61205,15775.235887946457,32.346890333116654,-0.2802562466259655
490,15927.82703,20712.531536867395,30.039907501854596,-0.26267119814202644
491,21477.21408,27309.716272504837,27.15669812099221,-0.24024998338356518
492,29115.33136,35921.26213952891,23.375762739486504,-0.21006449403204996
493,71651.5642,77759.70273098085,8.524780441542482,-0.08180835208142234
494,96084.04349,101930.61845024444,6.084855245348752,-0.05906910906032792
495,172231.8907,174528.3598655125,1.3333588548433128,-0.01324547860699532
496,231702.7744,229772.6180358191,-0.833031183670153,0.008365202787798509
497,313217.4554,293514.4540660705,-6.290518294635722,0.06497080970359193
498,411101.4334,376759.81696138537,-8.353562806773374,0.08723208650898329
499,544036.5187,489256.3715495801,-10.069204045588629,0.10612974527895958
500,1909.545944,2851.213176296951,49.3136724599778,-0.4008790914570799
501,2125.681827,3194.6432405322016,50.28793114540757,-0.40738280911299807
502,2832.109432,4188.925842799731,47.90833275964072,-0.3914225226395054
503,3794.321716,5500.055761507503,44.95491350442734,-0.37125256673142104
504,4917.008595,6959.240800942739,41.534037748468464,-0.3473700516269602
505,6415.244137,8768.95535990619,36.68934763263538,-0.3125406295601749
506,8651.717901,11685.120321006114,35.06127285605904,-0.30055836248898515
507,11540.36978,15257.86810699473,32.212991419367924,-0.2792440075495417
508,15469.20412,19862.685602964455,28.40147074718705,-0.24999165961951242
509,27632.14166,34104.11948072245,23.421918939027513,-0.21043853482339792
510,37315.90865,44632.17390146576,19.606289960905883,-0.17903524579191732
511,51295.24941,57076.23737952365,11.270026047278854,-0.10678972827225053
512,66381.67197,72212.58496867176,8.783920057492582,-0.08419334392197975
513,160727.2771,162554.37673814673,1.1367701059291613,-0.011303574270774774
514,288667.7834,267261.0399692032,-7.415702292324747,0.07705062990618927
515,377414.5799,341821.2086637765,-9.430841608094296,0.09905644599390939
516,2268.111524,3187.7050501190083,40.544458082785546,-0.3403536803685272
517,2923.608712,4097.476925808323,40.151344774359224,-0.3375526868271841
518,3829.823876,5325.30391961147,39.0482719840736,-0.32965096731565957
519,4979.143585,6745.468515766021,35.47447268014507,-0.303613043078915
520,6543.554438,8717.27139645385,33.2192079862674,-0.28682576582289343
521,8543.608971,11229.235513149879,31.434333561681438,-0.2733371763557759
522,26900.6113,32419.462659463235,20.515709839884696,-0.18660993056013808
523,35884.76692,41960.27389827401,16.93060175594422,-0.15641042544307027
524,49073.22009,53368.95938189779,8.753734285256652,-0.08391582164639111
525,64079.11164,67896.42846818747,5.957193741438497,-0.057864993933682385
526,86189.62224,89175.69065644682,3.4645335933042443,-0.03405869739625267
527,113588.7053,115329.31142512862,1.5323760584571215,-0.01520753757712967
528,689.8457043,570.8526587731823,-17.249226136381075,0.1893368199484371
529,920.1997399,780.0579117869954,-15.229500948156552,0.1652225922570727
530,1658.894966,1477.5575828669491,-10.931215468710448,0.11576125485624544
531,2222.131156,2031.4870685347692,-8.579335515388939,0.0896986446290553
532,3046.413828,2709.82516844939,-11.048684734062675,0.1170809854095447
533,3997.646339,3624.10964291913,-9.343915504399252,0.09809713029399347
534,5435.800204,4952.6376898149365,-8.888525995299139,0.09308644009552047
535,7240.807122,6769.476341565834,-6.509367981949205,0.06730894703334833
536,9686.04943,9319.665604136795,-3.782592980874392,0.03855989854045383
537,13169.05016,12561.630738521282,-4.612477089074422,0.047222403184443706
538,61747.45772,57121.76648414072,-7.491306373834757,0.0778675607383068
539,83848.17663,76564.26363969337,-8.687026102485964,0.09087730664791316
540,117081.5997,104649.08471395975,-10.618675366493356,0.11225842234750871
541,213114.1391,190426.14106380526,-10.645937492466794,0.11256347806838107
542,810.7764625,717.138775574957,-11.54913730923004,0.12272301200114555
543,1420.449995,1326.8269749785588,-6.59108172417158,0.06818336055976282
544,1915.29465,1809.1988491098818,-5.539398383957173,0.05698735253719711
545,2650.008769,2429.095726816962,-8.336313629120607,0.08704388983584632
546,3483.156534,3216.4256905583698,-7.657733462105451,0.07966822364091009
547,4726.887111,4454.9105706798655,-5.753819245803743,0.05925988298292495
548,6344.782869,6086.010844240929,-4.078500873897605,0.041640046469961334
549,8601.823602,8314.038126215335,-3.3456333110313103,0.03402880092012239
550,11304.20021,11191.380381329862,-0.9980345939939702,0.010030483464641193
551,14758.93898,14865.277510993152,0.7205025451846602,-0.007179193262803807
552,27394.67029,26677.517416032053,-2.6178554674181673,0.02652731316567447
553,37374.39757,35996.52168309067,-3.6866838704989164,0.03756359917855967
554,52032.4859,50081.70382711071,-3.7491617768146863,0.0382125040458039
555,99013.81821,92638.97857313299,-6.438333307525328,0.06654943027436211
556,134923.4597,122694.32371156401,-9.06375808597502,0.09501156334038541
557,182082.033,165718.0685325076,-8.987138488009078,0.09416935416152938
558,234476.0557,215011.64078532028,-8.301237777380317,0.08666130493433322
559,322173.7612,291713.9327579052,-9.454472123564974,0.0993173913218861
560,689.6302384,665.2499359124149,-3.535271676043308,0.035992754054368525
561,914.1884886,892.2187693298514,-2.4031936022070615,0.024325414438488124
562,1634.403121,1672.960085450004,2.359085341590215,-0.023316889562031484
563,2250.012466,2200.8365750820712,-2.185583042806523,0.022098207161256767
564,3001.069963,2954.449991322454,-1.5534450130227069,0.01565637402940734
565,4015.747686,3987.091548092054,-0.7135940838078398,0.007161523440506912
566,5424.1358,5416.109270668142,-0.14797803056217732,0.0014808762618141458
567,7324.569887,7349.657939520755,0.3425191227307748,-0.0034193386202279186
568,9964.628084,10015.662934587439,0.5121601143286483,-0.005108530354068108
569,12658.72226,13091.655544809133,3.4200393682476813,-0.03362856164368644
570,17151.48798,17652.02508182976,2.9183304819583307,-0.02876557978162353
571,31461.70215,31852.248724170342,1.241339620813685,-0.012336981731015939
572,43991.76265,43897.13200969468,-0.21510990832124974,0.0021534160200822328
573,84883.82925,80962.74148352776,-4.619357775347106,0.04729453981448195
574,115859.0423,108146.35292674357,-6.656959370754642,0.06888887015336387
575,157296.9327,144367.82981208782,-8.219551815781966,0.08577089378841585
576,206612.8175,187845.61429487038,-9.083271518297565,0.09522617003451828
577,370566.4934,334341.86956352973,-9.775472008843595,0.10286886693696928
578,784.7889109,825.2438453119921,5.1548809941259455,-0.05026413442826527
579,1061.171134,1124.0790236067908,5.928156881695845,-0.05759091307024278
580,1411.641315,1516.4690420715942,7.42594637587482,-0.07163155327693449
581,1903.454728,2013.8106555894726,5.797664949217152,-0.05635826276927336
582,3470.119381,3654.9191310897486,5.325457997254666,-0.05188497028675698
583,6251.862154,6642.6460330026575,6.2506797075273,-0.0606310190432886
584,8516.618515,9028.699403197419,6.012725441388624,-0.05838895225224583
585,19870.13212,21289.16282224107,7.1415262549400245,-0.06898044978924389
586,27104.88703,28746.75197008918,6.057449854972434,-0.05881074106988038
587,72377.73703,71165.81504545257,-1.6744402827144165,0.016886175163811856
588,98356.36393,95682.8973179209,-2.7181429907085706,0.027557678629946736
589,181651.193,167143.0465647847,-7.986815938618863,0.08323831419122207
590,244958.5314,224910.54767660366,-8.184235759749638,0.08538617935447768
591,453006.1537,404887.0878016098,-10.62216605787141,0.11229747703322523
592,875.1677313,1037.3495597469005,18.53151374834065,-0.17000867803620068
593,1194.215092,1411.233717517456,18.17249061507054,-0.16697515598359214
594,3909.69399,4527.950735515048,15.813430593197086,-0.14681035336851522
595,7082.300556,8129.486159254643,14.785952600775829,-0.13789892630553702
596,12346.53801,13982.466206628726,13.250096466748134,-0.12442843017820415
597,22679.30644,25651.00801552639,13.103141330129622,-0.12312997155047789
598,31833.39317,35273.969681848255,10.80807343871428,-0.10262945064091511
599,43428.80689,46399.76055822512,6.840974645585342,-0.0661713246903961
600,83971.54587,84469.68126732722,0.5932192770374919,-0.005914666593128004
601,116186.235,113656.1107733913,-2.1776454212572656,0.022017060641699615
602,214516.687,198401.1807182625,-7.51247210979792,0.07809638418001796
603,532551.5835,475397.13750695117,-10.7321896627219,0.11352922963715883
604,1039.644333,1298.6266298931564,24.910663067420042,-0.22242860033701728
605,1432.160788,1705.4207144516076,19.080254727069633,-0.17462748928273886
606,1925.019466,2277.9901927006426,18.33595622978717,-0.16835747989571193
607,3365.229503,4103.701254210966,21.944172026087397,-0.1983931476678844
608,6236.918915,7463.915191151314,19.673115730274223,-0.17959380427640426
609,10644.87113,12615.435248454123,18.511864487495433,-0.1698428918325412
610,26992.30288,31024.69128239149,14.939030657437149,-0.13923163359010893
611,52190.9005,56159.48035242164,7.60396891872298,-0.07328734692106309
612,71823.63711,74808.50772654773,4.155833283653288,-0.040717988634902724
613,133595.5401,129490.97097698713,-3.0723848415452353,0.031205721536847975
614,251993.1817,231406.51608366703,-8.169532793487072,0.08522605664269456
615,343065.9261,308747.10562972736,-10.003564288768526,0.1054001196505947
616,614025.9364,534131.5115111754,-13.011571686570955,0.13939508407146128
617,889.111964,1217.5187120913945,36.93648959732079,-0.31434705277219877
618,1232.242331,1585.2828058425807,28.65024727368994,-0.25192727480302946
619,2184.525096,2822.8747320766934,29.221437521846326,-0.25635731668805395
620,3956.657481,5101.927914079254,28.94540249134226,-0.2542188922825108
621,5307.631418,6754.76186406687,27.26508930441465,-0.24110204240788846
622,6953.236194,8838.669663925186,27.11591289753886,-0.23992918419375364
623,12624.537,15638.25671225708,23.87192268720096,-0.21407796427237002
624,23246.27222,28080.609655651468,20.796183533858095,-0.1889345057507814
625,31824.85785,37380.98772722887,17.45845936976863,-0.16091454780852033
626,44519.72675,50291.31153532065,12.96410649088418,-0.12189994059185594
627,61359.14384,67098.70776808185,9.354048262225314,-0.08942058159459876
628,113538.8022,115028.75043924767,1.3122810971909864,-0.013037452836163865
629,540557.6199,470211.3842229996,-13.013642410593354,0.13941888894653864
630,709895.3756,605311.0676263531,-14.73235515659653,0.1593751136061492
631,779.0517616,1144.670565363239,46.931259485549305,-0.38479466887384106
632,1082.936759,1480.7711124749726,36.73661921332682,-0.31288640199508766
633,1425.887502,1957.4535779005264,37.279664430393915,-0.31685000533127905
634,1940.259974,2647.8808421274275,36.470415181972285,-0.3109376665521104
635,3429.795709,4691.421350117882,36.78427953616295,-0.31323489692572437
636,6122.652855,8161.307245201708,33.2969129310812,-0.2874088821218095
637,11109.72416,14376.006515104715,29.400211094932487,-0.2577398274137952
638,15162.63384,19118.36734392066,26.08869636807546,-0.23181541274341022
639,20655.39012,25687.643993349768,24.36290887809079,-0.21803378971445042
640,27437.91214,33703.83802065042,22.836744460289033,-0.205686006956304
641,38275.28831,45693.231712250636,19.380503008027194,-0.17714571024686343
642,52867.36624,60179.179424202935,13.830485050096438,-0.1295401825197544
643,74679.12924,79739.08074686083,6.775589858043758,-0.06555915503271414
644,98749.56836,102107.44894291132,3.4004002636951998,-0.03343864710094202
645,137326.7257,137771.46665353118,0.32385608210214134,-0.0032333279778029578
646,186976.6489,181582.36563797848,-2.8850037123654535,0.02927438093048451
647,259966.3607,242552.98646061565,-6.698318271831831,0.0693320533436701
648,841850.3717,716125.7434016389,-14.934319984260105,0.16174652181388005
649,727.9912483,1110.7124119873533,52.57222041900654,-0.4224678744754824
650,720.7782272,1086.5943134320987,50.75293237604872,-0.41047210134410506
651,988.688982,1421.5680773531712,43.783141436198505,-0.36313601623838476
652,1318.546035,1885.0329461848441,42.962998344221184,-0.3574156579519103
653,3182.501773,4360.919642221525,37.02803496353385,-0.3150153536755145
654,4235.971426,5932.592382557972,40.05270068972302,-0.33684859928592203
655,5461.073831,7523.686481766752,37.76936028695035,-0.32041079871692624
656,7458.482682,10188.689126125077,36.60538692023844,-0.31192619609752015
657,9835.249573,13011.484842229002,32.294404383478906,-0.27985958932890753
658,13517.14557,17487.04479949378,29.369360631171908,-0.257501387757225
659,18744.33817,23502.53717230609,25.38472662599263,-0.22621663755195343
660,46934.43446,54842.21350691099,16.84856574473146,-0.15570860059308878
661,66263.00214,72375.01930484369,9.223876020483148,-0.08822949829962567
662,88778.25308,93474.48520145935,5.289845157493106,-0.051546791250691726
663,121961.4394,125491.01430612431,2.8940088961628896,-0.028529232573461627
664,166252.852,165258.19735784872,-0.5982782431613807,0.006000750978207847
665,229363.5866,218048.24510253986,-4.933364386733978,0.0505921127647877
666,565501.9261,482610.3854277388,-14.6580474524508,0.15850402886085035
667,767746.9313,649619.4796819565,-15.386248619453594,0.16707338671571925
668,684.4961366,1040.774906988728,52.04978543172217,-0.4190378169650799
669,1223.104389,1748.334858719714,42.94240740556396,-0.3572716177324615
670,1651.460177,2330.497082326723,41.117364789276614,-0.34442173255066155
671,2196.263153,3069.2535942792188,39.74889985686605,-0.33467705379334767
672,16871.50322,21515.76892275161,27.527278643708257,-0.24316010587305392
673,22861.11287,28446.845848990037,24.433338003943096,-0.2185999487993744
674,31500.34493,37839.21822645449,20.123186938240586,-0.18334758806247287
675,41795.51008,49694.11175864401,18.898206203310938,-0.17309753099526937
676,59257.32724,66533.2958748226,12.278597388225023,-0.11581307333836754
677,107555.0609,111586.9718156386,3.7486947447199084,-0.03680139226979229
678,279113.5712,260044.33635012584,-6.832070102463783,0.07076662332431383
679,383578.0985,338018.9503983485,-11.877411218162006,0.12644128657083264
680,681198.4228,572231.6108707613,-15.996339433867318,0.17430980992603295
681,684.0462375,996.9820960927641,45.74776403075591,-0.3767072979979451
682,922.4199793,1300.1181470309145,40.94644264075239,-0.34320979280552066
683,1607.580943,2243.9634513839155,39.586343142157766,-0.3335131710600896
684,2862.749609,3883.351846062103,35.65111785723427,-0.3049160938291857
685,3828.618031,5136.9886072699655,34.17344236683311,-0.2939631230402693
686,4951.620441,6706.013736620729,35.430690145273374,-0.30328981162185364
687,6456.609337,8799.961843244006,36.29385617022357,-0.3096430759113922
688,8635.440552,11383.85567665145,31.827155871218487,-0.27632145333392266
689,11710.85379,15132.348627998814,29.21644227955829,-0.2563186594889437
690,21146.58386,26436.86916062855,25.017210040414305,-0.22328122216045898
691,29086.50004,34875.231969573666,19.90178234443111,-0.18150274119286536
692,39467.02966,45959.69599816282,16.450861374914062,-0.15229920726564394
693,54462.48862,61061.698609357445,12.11698208541659,-0.11437262311976681
694,71864.2914,78259.43419858407,8.898915823142827,-0.08524988819091561
695,134018.8582,134488.72771688484,0.3505995523284125,-0.0034998638485497224
696,183163.2986,176870.65514442723,-3.435537306693152,0.03495939347611099
697,248601.6049,232439.08448207987,-6.50137412605261,0.06722344633676691
698,343043.1415,302381.2263042753,-11.85329489985584,0.12616765617355163
699,458087.4588,397936.7236005947,-13.130840856672968,0.14076711724593238
700,972.3431556,1238.9054594203626,27.41442692172559,-0.24227479188251966
701,1240.280021,1640.6794177178224,32.282983676137306,-0.27977325763266947
702,1621.650775,2104.4902469725394,29.774565486982812,-0.26062864751680515
703,2160.40164,2809.226893827519,30.03262179654329,-0.26261516988458045
704,2872.931727,3711.3101905498634,29.181983535171675,-0.256051949314668
705,3816.746169,4878.003338236851,27.805285503565564,-0.2453377127180243
706,4882.887341,6307.615868608092,29.177993021569737,-0.25602105820176924
707,6331.884828,8059.185459471758,27.2794069758427,-0.24121453882130517
708,27276.82978,32157.343533931642,17.892525609813156,-0.16460322353046664
709,36943.64862,42384.6145190012,14.727743745526137,-0.13739168985364358
710,51429.63675,55276.96903774746,7.4807689318308555,-0.07214175191885985
711,66137.61872,70880.08918081393,7.1706096357832845,-0.06925186121352844
712,122500.5024,124063.72497266222,1.2760948257647533,-0.012680213466962797
713,168565.1232,162691.7706507125,-3.4843225204533237,0.035464729910552606
714,227136.5654,212016.1586890948,-6.65696722334307,0.06888895427949215
715,311926.6097,274244.2888706622,-12.080508573981323,0.12874866041788735
716,414834.4707,359515.48166013043,-13.335195830405125,0.14312233422242215
717,555290.0615,469717.8884102236,-15.410355600210282,0.16735833349008544
718,1126.803697,1387.6180843420682,23.14639080759673,-0.20820363086191307
719,1030.126905,1217.9364780899393,18.231692831082714,-0.16747601190235617
720,1723.710939,2060.1076479879457,19.515842324647778,-0.17827874835098978
721,2954.399924,3546.764796171133,20.050260202048847,-0.18274030412412579
722,3901.908918,4659.076994458013,19.405067939056728,-0.17735145912037176
723,5014.948484,6043.206286067554,20.50385572948898,-0.18651156418579795
724,6523.680412,7890.1645065343455,20.946521108249925,-0.19017828759723265
725,8532.40745,10271.50096314475,20.382213617151503,-0.1855016085415624
726,11297.51022,13270.743074587355,17.466086032780375,-0.16097947642635546
727,14787.63776,17633.787386367723,19.246817325120382,-0.17602525432667626
728,19695.67725,22872.779317949422,16.13096126435267,-0.14954834472048617
729,35576.34905,40057.818377002026,12.596765679085411,-0.11864280531814941
730,85105.42578,86737.12980151236,1.9172737890182916,-0.018991256940124046
731,112803.502,111565.43056086042,-1.0975469885142166,0.011036144719735574
732,210884.5447,193973.57243881916,-8.019066681836755,0.0835888769592863
733,289045.561,252100.14605694922,-12.781865535395912,0.1367579126510563
734,377745.0985,324028.1909645109,-14.220411528513619,0.15338910439878184
735,510097.3827,423483.65143307345,-16.97984232118009,0.18608674407784243
736,1627.797108,1757.6956047294188,7.98001766258322,-0.07677600237476412
737,1429.962384,1525.444947097225,6.677277959587573,-0.06463799706081108
738,1814.406296,2003.7532096350617,10.43575047399756,-0.09926372219155954
739,2341.428255,2563.37568280659,9.47914706900084,-0.09056390740687803
740,4050.751571,4459.3092426597295,10.08597205972002,-0.09609143872135917
741,5180.006426,5723.647500142966,10.4949884118728,-0.09979998020249603
742,6718.09878,7490.884634076713,11.503043932270266,-0.10888170438043865
743,8650.154327,9618.281308105485,11.19201975488043,-0.10608842845893385
744,15028.79165,16451.859228963,9.468942095308112,-0.09047068920397727
745,19653.1025,21574.46161324587,9.776365402082789,-0.093275068570291
746,34840.65302,37236.923894634594,6.877801266408628,-0.06651595160518653
747,47695.16791,47986.755258903584,0.6113561639070191,-0.006094949639662062
748,61750.05456,61844.821797978744,0.153469075702056,-0.0015335143226504755
749,82271.43987,80790.20285000697,-1.8004267608948923,0.01816831647107442
750,108493.6133,104632.11432926683,-3.5591947334776157,0.036240782787517745
751,147133.9964,137711.86067460096,-6.40377883829372,0.06618017552351674
752,197240.3054,178372.79891982133,-9.56574592698774,0.10054707362391646
753,268764.7929,231080.55169490827,-14.021271461367713,0.1510702629028451
754,350464.588,293160.6954167527,-16.350836730827503,0.17853876136472913
755,470806.2125,383107.35020181176,-18.627380006840554,0.2061313332829613
756,2323.752022,2259.551171468989,-2.7628098834640165,0.028016933332255967
757,2008.202927,1947.3561256403718,-3.029912990442933,0.0307676363887861
758,2555.563955,2525.6819982168395,-1.1692901179286121,0.01176180076561728
759,3297.341904,3303.180853492147,0.17708049884253357,-0.001769238961751185
760,4304.419927,4309.331537280379,0.11410620626418116,-0.0011404115461335351
761,6931.464415,7039.708335904644,1.5616313440259268,-0.015495633579028834
762,9096.516792,9399.564169788096,3.3314661503688248,-0.03277175314717695
763,11581.25487,12039.582476843949,3.9574952109136,-0.03881192971765479
764,34570.51095,35406.62459301154,2.418574733306152,-0.023897904047379015
765,59800.53034,57454.34852178632,-3.923346172474225,0.04002383576365709
766,79473.0787,74179.5437748537,-6.660790058390307,0.06892990980897551
767,105156.1819,96447.23367422535,-8.281917494928221,0.08645063417994159
768,140342.3796,128973.1533751184,-8.10106416699349,0.08448073631257458
769,185278.196,164029.7462047251,-11.468402787813687,0.1218106670483099
770,253345.1944,212388.45904783419,-16.166375466155607,0.17633601155769618
771,330637.0618,271409.31624381774,-17.913220385441463,0.19739321033337376
772,440869.5115,352958.72367661993,-19.94031919428388,0.22239781936995584
773,3219.780591,2892.5081845997734,-10.164431927909177,0.10718920811833677
774,2799.945547,2519.471829628527,-10.017113285363223,0.10555068135332224
775,3533.266046,3229.590465293451,-8.594755581746794,0.08986733041857953
776,4525.315676,4199.446764904331,-7.201020534852723,0.07473454339921481
777,5719.052101,5326.443681385934,-6.864921191143147,0.07111928632474473
778,7287.02014,6854.026375765543,-5.941986654567647,0.06125843083572491
779,12101.52375,11650.834061435986,-3.724239177434283,0.037953603720932705
780,15791.35772,15110.01917177994,-4.31462930737826,0.044104765540222246
781,20371.23037,19553.624840793473,-4.0135304267659135,0.04096294639898268
782,34609.2452,33180.534246103314,-4.128119367066357,0.04215746260119779
783,46219.68547,42409.852755308246,-8.242878929075825,0.08602508821317656
784,179740.9994,154227.5075709874,-14.194586607496412,0.15308808833174226
785,241162.5021,197208.01981014461,-18.226084862740937,0.20121187908687332
786,420112.7655,327183.5594007556,-22.120062452433228,0.25000180739033695
787,4393.820239,3712.768817257887,-15.500211312630189,0.1684211523692749
788,4786.864817,4079.160808247515,-14.784290674747183,0.1599843873972553
789,5981.65421,5203.1056871487435,-13.015605642159917,0.13944145862040358
790,7610.313356,6634.856518770762,-12.817564686218658,0.13716730525070986
791,9830.333671,8703.45547238754,-11.463275167727106,0.12175275019419551
792,16134.65181,14336.138067843567,-11.146901484677482,0.1181857584409407
793,1062.695125,1282.0825068488698,20.644432884630938,-0.1876774623298294
794,1475.28012,1796.777878469449,21.792319581277155,-0.197147109674507
795,2047.879223,2309.9926048260845,12.799259784573957,-0.12043959086084222
796,2664.462294,3107.5463155843613,16.629397330265295,-0.15383117733690455
797,3775.700632,4396.362966692253,16.438335429244205,-0.1521916372636536
798,6953.502338,8149.069794637759,17.193744943524866,-0.15865831894151405
799,9677.926484,11129.703276880186,15.000907428676289,-0.13976983302817025
800,12996.57952,14424.472760472374,10.986684906402008,-0.10424005233079114
801,18803.34877,20364.32149292837,8.301567672981959,-0.07974944319554567
802,26489.10316,27128.07404641305,2.412202793554494,-0.023835687423192198
803,37235.20346,37106.69676541885,-0.345121505027352,0.003457184230843069
804,53611.4298,49929.77808431677,-6.867288802812767,0.07114470791448646
805,75783.08167,68046.04728341193,-10.209448093281887,0.10769042883523916
806,108977.8928,93437.25172524752,-14.260361138816661,0.15385493684971863
807,149950.2672,124437.9190378238,-17.01387309176879,0.1864967378458502
808,262700.1729,215298.05923189316,-18.044188226001296,0.19898996477717645
809,749.1535014,861.4198253360386,14.985757087998387,-0.13963808329623006
810,963.8096224,1194.4182664286175,23.92678374120967,-0.21452075153058914
811,1313.72777,1590.0435824435876,21.03295817851119,-0.19089270416009363
812,1807.253409,2128.512894806296,17.776117295252877,-0.1636153252458854
813,3308.226246,3943.061362072604,19.189591910172027,-0.17554524864104692
814,6173.265396,7339.380839151256,18.889766895601905,-0.17302654920756488
815,8325.027451,9887.439172717792,18.767646484218083,-0.171998847858843
816,11215.93985,12860.036694661583,14.658574017420237,-0.13678860479716093
817,21981.47781,23571.408199248657,7.2330459443693655,-0.06983427955133159
818,45023.34555,43068.970818007474,-4.340802994797716,0.044378342029981255
819,63080.06911,58417.02143212509,-7.392267864740942,0.07679754744115286
820,128856.2547,108708.96016000117,-15.635480471557456,0.170023257506708
821,176787.0517,144819.9757055443,-18.082249625782815,0.19945448632619112
822,233607.0741,190522.35032354618,-18.443244470418122,0.20387102124005807
823,317136.3468,251261.59040492625,-20.771745988679513,0.232837208218033
824,856.6457477,1076.5968245361007,25.675849956256158,-0.2285357866968294
825,1151.726862,1488.0273811036525,29.199676607321546,-0.2561889023179704
826,1566.034169,1940.8790304203485,23.93593121021796,-0.21459456230131568
827,2097.622753,2600.270708361642,23.962743283689093,-0.21481087708097668
828,2815.832497,3558.176096600233,26.363201660295104,-0.23399012723397394
829,3797.424531,4761.577921325605,25.389665612965,-0.22625602743486084
830,5236.695363,6509.304450254099,24.301759010954694,-0.21754196376356028
831,9192.992475,11518.160484508391,25.2928305536157,-0.22548345602962527
832,12932.30217,15886.821679182694,22.84604450425313,-0.2057617146931605
833,25224.40631,28175.79581867414,11.700531114201448,-0.1106512749029882
834,36989.00907,39401.004939599545,6.520844786717464,-0.0631705057064913
835,52005.40581,50928.62158868746,-2.0705236398818387,0.020922595353129125
836,75280.53523,69859.77379009862,-7.200747740886339,0.0747316037810517
837,106641.1559,94344.11393330983,-11.531234693499954,0.12252063066003593
838,271619.7258,227224.30380613625,-16.344697301753836,0.17846536907312682
839,1009.330003,1336.9405696585447,32.45822136316151,-0.28109709925068227
840,1810.755445,2355.939704110586,30.108110988482256,-0.26319554184901506
841,2394.52308,3254.734676498917,35.92413051616597,-0.30692668023230496
842,3242.159658,4344.553182648053,34.00182720576103,-0.2926832497337415
843,7977.251157,10185.181174344185,27.67783004308116,-0.24433995229236594
844,14641.55543,18601.74868476273,27.047626693052308,-0.2393918435016964
845,29914.03845,34410.65686396781,15.031799940632249,-0.14003842537310085
846,62328.07323,63546.31369586181,1.954561408253901,-0.019357051652427515
847,87883.8813,83630.99689221331,-4.839208674989052,0.049602184856395226
848,123800.4921,111032.17619343822,-10.313622902442226,0.10885130027913092
849,234105.831,197409.02648213046,-15.675305634685172,0.17049542953179753
850,318078.1125,268120.7170955563,-15.706014793596863,0.17085967339053632
851,443777.4452,359355.47905681946,-19.0234918552775,0.2110110962850893
852,838.640425,1249.6306893003937,49.00673185416665,-0.39882129916607845
853,1187.426592,1629.6349861517892,37.2409037435292,-0.3165676171125744
854,1506.42862,2159.339139977102,43.34161680870762,-0.36006052405018885
855,2707.314291,3857.6753101033314,42.49085608300109,-0.35410764382318227
856,3727.988947,5259.138936849617,41.07174167138476,-0.3440983811721381
857,5124.634185,7122.782509539502,38.99104311461213,-0.329239307042009
858,6610.646909,9415.647919308469,42.43156606185739,-0.35369146020693165
859,9094.512273,12551.624431148311,38.013167219663515,-0.32217890925267056
860,12398.28894,16948.201865384486,36.697910069713906,-0.31260326918100745
861,17211.13699,22560.871480378817,31.08298128988873,-0.2706603816324673
862,24494.17001,30933.68706382709,26.289999012818505,-0.23341065585320386
863,35087.43237,40452.6644107137,15.291036357795768,-0.1422894963550263
864,51065.40622,56471.37796272996,10.586367842527196,-0.10062663910676939
865,140317.5455,130083.36899105567,-7.293582903318627,0.07573249146825489
866,198336.5421,174979.48626046348,-11.776476282298011,0.12529654971833537
867,273221.0512,229941.98393373462,-15.840312112182286,0.17245414556286676
868,376396.2086,312773.8638468499,-16.903024870997633,0.18516188516221455
869,783.6628871,1151.0031149000804,46.874776622311266,-0.38441017803980504
870,1094.733299,1504.416645745731,37.423119139608005,-0.3178944412149667
871,1378.015305,1968.3817794503163,42.841793723787156,-0.3565674942327295
872,1876.108259,2699.458653480641,43.88608122856948,-0.363851697921751
873,2490.795483,3656.6611942617915,46.80696264382103,-0.38394835852140385
874,3376.347702,4924.704097102643,45.85891418071262,-0.3774696272835527
875,4582.056901,6576.461560133011,43.526405328963655,-0.361348841545027
876,5880.57273,8420.511698784561,43.1920339293986,-0.3590164380064582
877,7815.654294,11302.288443230038,44.610905473476386,-0.3688765391049085
878,11070.64095,15481.772180513268,39.84531022581187,-0.33536669878090564
879,14925.40259,20781.986385058088,39.23903398747844,-0.3310219391795606
880,20932.4027,27429.53018700305,31.03861310198781,-0.2703218502846205
881,29448.50397,36110.972808790604,22.624133455396723,-0.20395366524981107
882,42602.2508,48847.353843933444,14.659091777220002,-0.13679312045275083
883,87413.41476,87474.47081754923,0.06984746874019415,-0.000698230867486771
884,118586.3564,114392.37615958402,-3.536646514603585,0.03600700639697685
885,166749.9216,152806.2621424542,-8.362018598721676,0.08732435613036493
886,231445.3959,202382.9590967145,-12.556930195251075,0.13418223517946615
887,325175.1277,278535.8402014044,-14.34282130631592,0.15481715044315436
888,596099.9476,467935.587924549,-21.50048162081921,0.24207769651560973
889,708.7652037,1072.1264871864312,51.26680621305325,-0.4138750202081978
890,983.4575232,1390.6681322625886,41.40601901519814,-0.3464651338611926
891,2992.093566,4476.985038986862,49.627173757535544,-0.40297650582151157
892,5185.070986,7743.022566935382,49.33300986316299,-0.40100859166154734
893,9568.53606,13749.76383682362,43.69767486483841,-0.36254142648469134
894,24678.39419,32829.54525423119,33.029503465562364,-0.2854007482010381
895,35803.84731,44224.701519889706,23.519411578815912,-0.2112281365044879
896,50812.43183,59807.172381425364,17.70185017225412,-0.162984547545026
897,73139.44533,77950.42856387766,6.577822968400766,-0.06370526440434077
898,99768.37842,100741.45404989386,0.9753347155723622,-0.009706090291963676
899,141036.4806,133948.44800147798,-5.025673193465964,0.05156357505182463
900,193001.3105,176763.8041684427,-8.413158589178229,0.08788257734733307
901,278568.9295,238782.29508141894,-14.282509714918183,0.1541132938668337
902,389488.4452,324164.20047366753,-16.771805564806648,0.1835840201432397
903,520331.0961,418741.81993563834,-19.52396789770906,0.21721078375603042
904,696938.0157,535431.9558919849,-23.173661956981856,0.2636226613575996
905,938.0406753,1303.728508898493,38.98421925909986,-0.3291902101874511
906,1223.050584,1748.8402273708493,42.99001613255019,-0.35760462457958386
907,1603.438961,2357.5796350810692,47.032702361849935,-0.3854848410955647
908,2138.530562,3115.8168378607998,45.69896232611334,-0.3763724051980937
909,2798.160071,4192.561171684701,49.832785305465855,-0.40434972166568794
910,3715.695872,5532.367792630835,48.89183569410373,-0.3980499214001121
911,4755.175029,7280.305458660865,53.10278621209644,-0.425939315151993
912,6319.838092,9337.89601386787,47.755304454528584,-0.39038737120716505
913,8722.460852,12707.78625213221,45.69037875610989,-0.37631349041435946
914,16384.22888,22892.811850302372,39.72468291289138,-0.3345037497994934
915,21891.83835,29898.693449912324,36.57461274791626,-0.31170089283600966
916,31120.82442,39987.17982105691,28.49010450815335,-0.25068170766328457
917,63187.53128,71492.46392437535,13.143309251273132,-0.1234850526707536
918,86443.75696,91079.51912048392,5.362749518891251,-0.05223896752718815
919,121342.6439,121246.80643965007,-0.07898085724002021,0.0007901206355143131
920,167770.3466,157473.98933398683,-6.137173508118128,0.06333576216215242
921,240563.413,215368.40801764568,-10.473332028405467,0.11063363892731459
922,464877.115,373325.2016999306,-19.693787959441583,0.21932320762207702
923,832598.6389,646732.1920058186,-22.323654905290454,0.2526194139009572
924,941.8760287,1264.7697661737427,34.281978480693304,-0.2947717200090416
925,1224.052589,1623.5298007965648,32.63562492220381,-0.28243552025148055
926,1610.815256,2208.3151798717868,37.093013717507695,-0.31548944171438364
927,2095.126964,2890.515595368902,37.9637437270318,-0.32182073803471845
928,2780.980435,3893.3316721803126,39.998527971676026,-0.3364617220779067
929,3584.043542,5197.596108817492,45.020451004819066,-0.37170458789962346
930,6074.632478,8915.116924041107,46.759774460895486,-0.38362687670914397
931,8160.77248,11591.208590397053,42.03567883805349,-0.35090809947572055
932,11032.88796,15761.665641977897,42.8607423470826,-0.3567001400508847
933,15064.17596,20673.800172138566,37.23817503880621,-0.31654773432416583
934,20482.92543,27465.074082126972,34.08765352385005,-0.2933235308875375
935,38585.35599,48929.790517150795,26.80922402227343,-0.23751359802442273
936,56211.37027,63652.84533201638,13.238380466928232,-0.12432497237771223
937,107437.269,109881.30172943359,2.2748462914052547,-0.022493574931157667
938,288610.2916,250227.6858698919,-13.299111933023008,0.14270605926700597
939,409320.219,331770.0458098088,-18.94608904970589,0.21005568541974995
940,763.220977,961.5403852772187,25.984533215629728,-0.23098896117180434
941,966.768255,1187.9366176487893,22.87708160719337,-0.20601433318777662
942,2077.609685,2765.2101859368513,33.09574969260174,-0.2858986057145323
943,2745.415547,3695.8756570681508,34.61989974911986,-0.2972850638989062
944,7790.490007,10940.959230314384,40.43993664690652,-0.3396097142076986
945,19124.17456,25124.754756430688,31.37693696323743,-0.2729003868737898
946,35347.35317,44099.0527139978,24.75913684939086,-0.22121478723920873
947,50435.08141,57959.5775408212,14.919171180973414,-0.13905883595787927
948,67873.23527,74673.36385325367,10.018866135086574,-0.09548167541708175
949,95013.43839,100557.71445813077,5.8352546356372,-0.056713497549280234
950,128850.956,127929.63304207691,-0.7150299745724024,0.007175985653480765
951,184521.8028,176018.97151868657,-4.608036097788136,0.04717584690775922
952,255555.4032,225778.49524409216,-11.651840494487278,0.12388481929548156
953,359423.2255,299012.9168552161,-16.807569561133974,0.18401382260197963
954,481326.9227,384875.60075298627,-20.038630169692297,0.2236265450580639
955,663872.2785,518927.0552132345,-21.833299563925912,0.24632645475195503
956,824.0751503,971.4393875620234,17.88237847098972,-0.16451714873069623
957,1007.106866,1137.6759073243315,12.964765282846516,-0.12190577244466105
958,1670.793911,1979.0605233858205,18.450307387182026,-0.16932333969296387
959,2832.921144,3458.050448122478,22.06659742176283,-0.19939659031285384
960,3678.249795,4636.494558547461,26.05165002252003,-0.23152155778245387
961,4627.454297,5961.939387462936,28.838428319607356,-0.25338893970139686
962,6022.969781,7700.8256200262185,27.857616757752396,-0.24574708970979664
963,7752.760975,10212.550618390307,31.7279179807334,-0.27556838192668565
964,13899.54076,17546.660827909614,26.239140780861415,-0.2330078648510554
965,18359.64719,23218.90193607127,26.46703771474418,-0.23481151679990475
966,25168.44714,31371.106713116966,24.644585892067735,-0.22029618855816935
967,46951.40713,53083.79881886828,13.06114569024266,-0.12275859867881067
968,62070.61613,68950.97453100898,11.084727089866211,-0.10512303126943756
969,86257.86209,89023.93436031615,3.2067480033647087,-0.03156405255119665
970,119332.3062,119197.40117382132,-0.11304987766899506,0.0011311382724432661
971,168128.8466,158533.1864457366,-5.707325273629399,0.05876667989226192
972,229173.8421,204301.8082526002,-10.85291131810187,0.11488249861264244
973,320988.4024,266774.17053366324,-16.889779026588524,0.18500249562015192
974,431197.2175,354435.291925254,-17.8020456671305,0.19603977069707135
975,1073.433396,1084.880462286282,1.0663974429096346,-0.010607515285014024
976,1367.287888,1441.3177694803335,5.414359487131902,-0.0527286788579433
977,1767.916734,1894.7492575104604,7.174123140035878,-0.0692846448906197
978,2247.717152,2472.353456134733,9.993975618100041,-0.09525541119637104
979,2931.906808,3282.5980926294487,11.961201620479628,-0.11298221118891671
980,3801.00731,4356.644095659014,14.61814567410064,-0.13643594497375489
981,4757.597689,5471.586746059315,15.007344120544767,-0.13982580225385455
982,6152.055794,7368.011113868655,19.765024255055632,-0.18036150594081768
983,7988.024299,9520.426910754823,19.183750003698165,-0.17549623387766466
984,13656.58064,16743.262713521864,22.602159024206987,-0.2037744476705985
985,18057.87393,21378.63792166974,18.389562384489064,-0.16881037703947754
986,32459.27015,37024.78260038325,14.06535769068502,-0.13160141120143365
987,59060.94231,62985.17301946963,6.644375379031486,-0.0643295184764554
988,79652.53328,82654.949114141,3.769391519020113,-0.03700086186535145
989,109199.7839,109485.44409293678,0.26159410095388463,-0.002612525391263887
990,208758.6158,187459.61834525084,-10.202691454495245,0.10761518278271787
991,288196.1215,246454.10833565565,-14.483891367824794,0.15646542273669972
992,529174.1341,420332.3519333165,-20.56823551132136,0.23027184120380362
993,1251.981937,1214.7216141378915,-2.9761070636044265,0.03021291888432298
994,1150.367179,1059.599551147247,-7.890317935848645,0.08219012269131643
995,1845.774952,1845.8060161437281,0.0016829865252253513,-1.6829723631595073e-05
996,2374.2095,2400.488898608506,1.1068694067859723,-0.011007884384722999
997,3068.389033,3141.456606373161,2.381300825525436,-0.023533900816511633
998,4910.844527,5274.457235890604,7.404280605737941,-0.07142985195664409
999,8108.043319,8899.358213651662,9.759628353209852,-0.09312259198894424
1000,13719.96348,15443.633601797554,12.56322674845453,-0.11834489332661491
1001,31727.36904,35357.76288119664,11.442467343004878,-0.10833828378937405
1002,57465.73659,58849.99764101877,2.4088459196042926,-0.023802908819900992
1003,75945.32592,75272.50937281968,-0.8859222592435249,0.008898698830371643
1004,142631.1487,131815.01661274463,-7.583288913984161,0.07886236778364974
1005,192691.119,171989.0033324508,-10.743679197560315,0.11365794652020433
1006,265651.7073,225252.3987604544,-15.20762239781984,0.16496453399703448
1007,349933.416,286968.0131258092,-17.993538197618378,0.19837213936052045
1008,476622.4578,368289.72720911115,-22.7292543223692,0.2578547538027536
1009,1754.697826,1543.8253734498883,-12.017593538074617,0.12803331806689577
1010,1561.922846,1336.3586564529298,-14.441442490243855,0.1559691613157721
1011,1962.661101,1756.000301661738,-10.529622217150266,0.11126258998472682
1012,6478.939528,6552.887566029895,1.1413602135089345,-0.01134895839186889
1013,8387.554956,8404.847655497037,0.20617092332332693,-0.0020595868274408957
1014,10845.05856,11184.245639496425,3.1275725955731977,-0.03079660473691348
1015,14182.30884,14619.052095680257,3.0794933364337718,-0.030330284537910757
1016,18041.45511,18911.6260724737,4.8231750552724755,-0.04710469747547563
1017,24046.93982,25498.940951977598,6.038195058690834,-0.0586291739628102
1018,43466.30167,42492.960596243334,-2.239300415173018,0.022647534444471873
1019,55689.07224,54016.836724364344,-3.002807280446188,0.030488148939035398
1020,134332.1282,123545.70065505426,-8.029670704603449,0.0837041686145632
1021,181216.4179,160495.0076016031,-11.434620846457474,0.12142915921617004
1022,249437.8193,202473.65865393676,-18.828003218541305,0.20859986552424914
1023,439975.7728,335525.25422678544,-23.74006139212912,0.2710224365960947
1024,2077.915827,1696.3492897595584,-18.362944845139843,0.2028869198035892
1025,2638.247268,2219.554034248992,-15.870128582314821,0.17280849280303556
1026,3386.191619,2912.63092931239,-13.985052914030327,0.15064910151140243
1027,4332.108647,3810.8722982482955,-12.031931588619377,0.12819629632071106
1028,6837.211727,6297.036733487639,-7.900515810841742,0.08230084329454002
1029,8721.534736,8260.297058308422,-5.288492124989424,0.05433467390743196
1030,14470.24183,13819.675323696885,-4.495892424923734,0.04600092816902013
1031,18547.17624,17959.44243728759,-3.168858672108082,0.03220153550969229
1032,31919.17006,30912.47763220553,-3.153880335554285,0.032046862353878325
1033,55098.6931,50590.85937929736,-8.18138047761179,0.08535508188700369
1034,73174.08745,66206.34519014586,-9.522144385627245,0.10006505456748016
1035,96402.16713,85769.21773845526,-11.029782533006774,0.11686850746112754
1036,128133.6345,112206.36136947792,-12.430204756676968,0.13273405066243527
1037,171863.9905,146368.17894077665,-14.834876977456988,0.16057819015662567
1038,234430.3556,188490.6580485371,-19.59630928933459,0.21811010649523332
1039,3243.681288,2545.1488404300176,-21.535175177481328,0.2425197530555776
1040,2854.831757,2264.8517770350363,-20.66601572994074,0.23150359593360648
1041,4527.587523,3680.1692253375863,-18.716773410951326,0.2072305057380479
1042,5672.472447,4695.540424113633,-17.222331743595106,0.1890118680226145
1043,7177.279865,6037.308876140611,-15.883050547024888,0.1729621000411221
1044,9120.733192,7872.226728623575,-13.688663368330062,0.14720923347080905
1045,15000.41993,13229.854376436537,-11.803439915854831,0.1256022250494624
1046,25046.69085,22369.164082735555,-10.690141796773302,0.11305830998556488
1047,32107.62901,29153.9569445817,-9.19928427134365,0.09650301793772087
1048,42962.83211,38238.48400062527,-10.996360987745721,0.11649292931369715
1049,54683.97476,47319.9482485372,-13.466516550383249,0.14463875504791623
1050,72754.56115,61818.62738595614,-15.031268955766155,0.162886867246403
1051,127074.9846,104122.9043091742,-18.061839915285567,0.19920536854282211
1052,163416.7829,136796.20152631027,-16.289992313690156,0.17781164949544248
1053,224289.0,173116.93370220246,-22.815236724849434,0.25896811533896447
1054,287415.678,216817.18245094246,-24.563202689679837,0.28187500203277693
1055,4806.866695,3626.766020111401,-24.550309999570292,0.2817041094582251
1056,9438.850999,7528.614093800833,-20.238023731930372,0.22612328295754658
1057,12093.85559,9846.536055126337,-18.582324868604314,0.20557779734456716
1058,15557.23073,12738.766142997249,-18.11674992752872,0.1998757328651255
1059,19778.73104,16475.129722506503,-16.70279711480164,0.18275521618821777
1060,25667.99566,21979.46575789044,-14.370151650982319,0.1551362679545054
1061,33066.84625,27932.637437507692,-15.526756841808917,0.16873535078433832
1062,43155.12273,35296.14926707709,-18.210986241639436,0.20102725753177708
1063,54682.60835,45216.42006444676,-17.311149872303496,0.1900854161712786
1064,71443.96818,58223.53141791337,-18.50462271185484,0.20462388774079443
1065,94691.42506,76303.86415635837,-19.418401288174287,0.21589986636429614
1066,123821.8119,98203.30988636555,-20.689813547813586,0.23180361096653357
1067,163722.3468,129656.96482425678,-20.806800440844412,0.23327975500632547
1068,35065.13841,29878.77860169264,-14.79064405126744,0.16005894657683228
1069,61898.58731,56054.108170954794,-9.442023466181764,0.09917991571153273
1070,104974.692,102316.56760640304,-2.532157363792936,0.025647681502402264
1071,177473.1197,181422.57620139388,2.2253829245071133,-0.02200982615442193
1072,234721.2625,250061.82688398912,6.535651785695857,-0.06330950169338223
1073,304408.3904,333641.19078971347,9.603151986481347,-0.09169594711303475
1074,394656.5984,451058.7841418306,14.291458946966525,-0.1335816571471966
1075,518367.5256,617683.1093155271,19.15929891645341,-0.17529105829196112
1076,656397.8982,809352.329399008,23.302090335518365,-0.20946717728682707
1077,3699.34622,2954.487722161073,-20.13486852925398,0.22483083058530262
1078,6982.319282,5735.263259553626,-17.860197623176727,0.1967474833936258
1079,9331.461697,7721.355018997755,-17.25460308667273,0.18940179970317317
1080,11962.2772,10115.107063661684,-15.441626251047888,0.16772807652977484
1081,15710.22338,13513.36695735109,-13.98361035047809,0.15063233057211178
1082,20998.22969,18179.410165706577,-13.424081772168783,0.144148489601287
1083,27783.97515,24409.42706512669,-12.145663342465628,0.12949000823034318
1084,37362.04701,33461.97404247768,-10.438595525771003,0.11024571244404235
1085,49464.76554,44998.249805197614,-9.029691510799761,0.09463701305071126
1086,64214.28606,59968.067526223465,-6.612576101537574,0.06841349758718707
1087,84971.33827,82538.2289125053,-2.863447142333311,0.02905243603258789
1088,111441.1992,107467.4675139953,-3.5657653673244925,0.03630891637134326
1089,144049.3876,141697.4262995652,-1.632746476483304,0.016462226711718486
1090,248915.461,264179.31315502664,6.132143055198419,-0.05951476431896374
1091,325087.1044,347961.2361981521,7.036308573472935,-0.06799792337593935
1092,424127.0948,476742.24595643644,12.405515186726621,-0.11694281776529714
1093,543356.5831,630455.8305458666,16.02985040669632,-0.14867730310651694
1094,710924.8042,845817.135286536,18.974205188737166,-0.17373652050706134
1095,926553.0718,1149393.6885054696,24.050496780779174,-0.21551852882351596
1096,43754.37661,40700.1961429432,-6.980285639262823,0.07235873292640527
1097,491943.8922,545874.679327637,10.962792298620789,-0.10402475461372163
1098,172539.3805,168667.80556679648,-2.2438790043085377,0.022694370201342906
1099,1147399.96,1233085.5073012237,7.467801140695851,-0.072021092440675
1100,2439.866947,2204.6810813924044,-9.639290613644908,0.10136064375116494
1101,4474.67601,4103.326619747391,-8.298911237879965,0.08663593370869727
1102,5857.80254,5408.222603696605,-7.6748905964897,0.07985404026765686
1103,7444.952317,6922.022353047593,-7.023953165668166,0.07282828693050902
1104,9680.020954,9340.779518909745,-3.5045526936599494,0.0356743569287179
1105,13174.97273,11981.447710193148,-9.05903218371862,0.09495959528716469
1106,23258.38531,21473.456634416725,-7.674344765523519,0.07984812823184839
1107,31116.24969,28310.48852373524,-9.017028704350782,0.09449782560122522
1108,40058.70201,37445.47543903538,-6.52349287381372,0.06746004194720356
1109,52649.18974,49838.83335090816,-5.337891053918136,0.05485638258975456
1110,69198.91492,64253.15546193304,-7.147163309980634,0.07415434733651871
1111,90195.38276,84903.91783248525,-5.866669407673279,0.060457998155456494
1112,158471.3949,152454.55758858987,-3.7967970908610593,0.038707534596879256
1113,206449.5572,197339.08594278884,-4.4129284561193405,0.045132609972444726
1114,800032.2333,808791.9565686783,1.094921292426668,-0.010889704280266699
1115,1038206.085,1072492.0042660297,3.302419409921849,-0.03249061106286
1116,1346868.704,1411887.8242884958,4.827428248603504,-0.04714527158558823
1117,2331.578403,2027.0635277194501,-13.060460454117093,0.13995725667010017
1118,4166.859871,3738.7912424181495,-10.273170728899949,0.10840036163256883
1119,5479.735964,4930.547235998661,-10.022175002761497,0.10560693493613371
1120,6975.395903,6364.668360719466,-8.755453464911858,0.09162695931046194
1121,9107.658573,8384.417266658853,-7.941023486379079,0.08274076526213392
1122,12051.11065,10980.357083901234,-8.885102769334932,0.09304886895868059
1123,16103.91471,14554.6636892765,-9.62033796516238,0.10115092139192683
1124,21465.66097,19492.81838740542,-9.190691054665349,0.09640838421141495
1125,36612.41794,33427.4311932084,-8.699198048080618,0.09101061472454575
1126,48330.72123,44304.64433332506,-8.330264465773928,0.08697789899482977
1127,62678.69104,57730.08268784888,-7.895200537919717,0.08224313266134509
1128,82018.01712,74542.71494680704,-9.114219577213015,0.09556662803370486
1129,109103.4681,101056.40192089375,-7.375628217180609,0.07661788476656106
1130,142320.2905,133486.90674399308,-6.206693174229378,0.06407668832387792
1131,186834.6675,176875.548899505,-5.330444683396358,0.05477772305274975
1132,247067.484,229718.47391804366,-7.021972216285789,0.0728069811388874
1133,318768.4448,299346.7304432128,-6.0927342946296585,0.06286242571332679
1134,419259.4654,394545.7693816545,-5.894606576089356,0.06075482516347108
1135,549428.1197,521976.5824253293,-4.996383747096869,0.051255229292003435
1136,722509.6372,689878.6546687208,-4.516338724246875,0.046215039256074064
1137,938273.5554,919806.2892559904,-1.9682176949063293,0.019878450658742608
1138,1220196.99,1228847.0692084895,0.7089084204747553,-0.007064074773728279
1139,2363.484595,2068.0601979301064,-12.499527083648859,0.13352598788082926
1140,3118.634672,2767.3050113436257,-11.265495885449916,0.1195213744033845
1141,4221.497255,3814.472759158762,-9.641709357009594,0.10138741175413557
1142,5526.347609,4923.645168395118,-10.905981368659182,0.11547798472609472
1143,6947.590361,6379.503727717373,-8.176743356539214,0.08530458010418229
1144,12053.37084,10857.737741474702,-9.919491521471326,0.10446637686876414
1145,15821.10504,14487.681659111628,-8.428130509955661,0.08804606311044161
1146,21126.60539,19678.16038664205,-6.856023372517549,0.07102375418226536
1147,27797.8886,25373.84448706531,-8.720245439557187,0.09124116930244774
1148,35763.30342,32973.481257650325,-7.80079549583642,0.08121868340025173
1149,47536.0583,44011.395424694805,-7.414714221909291,0.07703995784658879
1150,62046.49427,56507.88166624097,-8.926552046046854,0.093503884644619
1151,106074.2276,98311.72600199778,-7.317990216505913,0.07599580146811924
1152,239077.4196,225369.45812007927,-5.73369141379202,0.05904633923143798
1153,308285.3462,286186.9885948195,-7.168150506525933,0.07438039932891449
1154,405974.4477,382323.59990629274,-5.825698619136831,0.06002285074529823
1155,1183718.214,1134361.0557721981,-4.169671265006132,0.04259096724078937
1156,3049.209039,2554.7559089287233,-16.215783298131452,0.17692554108560987
1157,4143.605824,3580.6520219390386,-13.586084824968175,0.14602146787951575
1158,5328.770452,4589.326982156721,-13.87643690986445,0.14938714079768012
1159,6676.46732,5821.563041509739,-12.8047399547559,0.13702021382987972
1160,8681.967295,7704.505955512078,-11.258523630362541,0.11944280315028166
1161,11390.89328,9855.711969554402,-13.477268838441772,0.14476301857808238
1162,14998.68302,13204.991985481793,-11.958990213516811,0.1273674597626755
1163,19830.68222,17615.142947349024,-11.172279642585965,0.1184714185165987
1164,25908.87594,23002.825074645156,-11.216429736607267,0.11896857266458305
1165,33429.21557,29745.43875326979,-11.019632838875523,0.11675443428554999
1166,43892.81251,39330.941082948564,-10.393208286691854,0.10973906850816562
1167,57418.88126,50496.376924311364,-12.05614631246934,0.12847160141332914
1168,73880.76961,66525.58691363016,-9.955476553907328,0.104865933027396
1169,97242.38734,88772.31431499038,-8.710268491655507,0.09113187450049054
1170,126337.0035,113245.14707613405,-10.362645987456842,0.1093980554233891
1171,165526.4381,148679.86533242912,-10.177572211995106,0.10733548921255043
1172,218872.0092,200327.61742183944,-8.472710533403626,0.08853301263640212
1173,279926.8377,252613.6168328867,-9.757271253992833,0.10266715993214603
1174,368376.3932,328214.2014453501,-10.902487916169195,0.11543877464156971
1175,485012.2785,442629.20823989843,-8.738556143605255,0.09144178926405999
1176,636338.7881,576010.6350477979,-9.480508524764259,0.09960498305519572
1177,826784.6874,757254.548513148,-8.409703269360776,0.08784485080729709
1178,1081934.644,979256.4010613648,-9.49024449009466,0.09971254540218766
1179,4122.392061,3466.196990946494,-15.917822961611447,0.1733755672904156
1180,5402.12844,4461.866356862298,-17.405400363596364,0.19122588730306056
1181,8662.200851,7536.236297384688,-12.998596695957762,0.13924593753207404
1182,11357.32209,9551.748215418396,-15.897883852139685,0.1731384570444181
1183,14895.03522,12643.673888325688,-15.11484396257985,0.1638709485058225
1184,19347.3988,16752.88441287077,-13.410145797631607,0.1439875342996526
1185,25348.51763,21879.432856749627,-13.68555283542382,0.1471731955993132
1186,32519.81662,28273.52678379277,-13.057545452441822,0.1399237281648542
1187,42328.56367,37171.55803791134,-12.183275748011377,0.1299182222563271
1188,54839.26998,47442.116428747184,-13.48878924528093,0.14489617634734486
1189,70785.82317,61506.77750348064,-13.108621544507162,0.14051137088839916
1190,94434.53346,82101.20971993433,-13.060183905382189,0.1399540757434874
1191,120244.6019,105685.20033721541,-12.10815399005831,0.1290631499918593
1192,156230.5105,138200.40334670592,-11.54070808294138,0.12262771813501594
1193,206771.5998,182618.95767716545,-11.680831480820483,0.12421301791508554
1194,349784.8148,305917.2057308423,-12.541313176857122,0.13400365471536269
1195,457801.7445,409795.71454126434,-10.486205117275526,0.1107774398166459
1196,778993.6378,689981.9410425634,-11.426498553803286,0.12133745385332162
1197,1017906.078,905774.1165314857,-11.015943797961514,0.1167129761014376
1198,5385.119702,4224.290113665629,-21.556244848248145,0.24278831288700076
1199,6701.86956,5380.7788469827365,-19.712271347418817,0.21955339548569164
1200,8647.374921,7144.392519001974,-17.38079377532319,0.19092801161008488
1201,11245.26047,8941.839159952957,-20.483485608822384,0.22920545770940493
1202,14643.25542,11871.03646968399,-18.931712046282193,0.2098783253350902
1203,24490.69373,20151.578516946392,-17.717404255226896,0.1950105740007455
1204,31358.21746,26240.219076766298,-16.32107561522632,0.17818303966453897
1205,40739.82173,34029.82245395731,-16.470369753978524,0.1799687638310381
1206,52971.41544,44572.38421644759,-15.855780242583622,0.17263795746196564
1207,67690.99198,56620.06525167904,-16.355096009808783,0.17858968103034556
1208,115482.3455,95748.73792174237,-17.087986473445522,0.18739021846489834
1209,148187.0021,126611.2698596094,-14.55980074813229,0.157353478711185
1210,193713.7486,163896.32673563622,-15.39251709280266,0.16714747284773956
1211,250268.7669,213988.9806527827,-14.496329964223476,0.15661088657155453
1212,427617.4581,359042.7802985,-16.03645419581152,0.1747874598622765
1213,559054.7473,481357.4756494307,-13.897971893775086,0.14963721959111886
1214,726569.9821,615006.0097173773,-15.354883236459923,0.16670276644988924
1215,949514.6279,797904.9190389524,-15.967074588029895,0.1739614947545114
1216,6957.920732,5443.2473704308995,-21.769051702515142,0.24550485844862102
1217,8808.786164,7019.148294289307,-20.316509407671123,0.22710776603662453
1218,11483.23475,9042.989074178544,-21.250507622178986,0.2388983542990477
1219,24949.1459,20497.87484978181,-17.841376486632317,0.19651837424027008
1220,31478.24411,25717.737204257148,-18.299962620573414,0.2021157266017184
1221,41091.95488,33643.26864287204,-18.126872422789823,0.19999936158016496
1222,53193.74075,43285.35833577959,-18.62697053171695,0.20612630119608255
1223,67880.20188,55561.48658810217,-18.147729309460658,0.20025414045997536
1224,89039.52533,73717.0473983239,-17.20862490549858,0.18884629554782606
1225,113820.4748,94256.29997323125,-17.1886252110141,0.18860475735361604
1226,191506.8692,159218.64279938824,-16.860087857679705,0.18464530890796027
1227,318524.1857,269845.05869622447,-15.282709818972315,0.1658504707939823
1228,416754.3963,343972.16283083934,-17.464058955425752,0.19193633848979808
1229,922254.6302,764970.5352759389,-17.054302550907497,0.18698403990614487
1230,7131.340313,5467.362680513092,-23.333308458910285,0.2657028412840621
1231,9116.476111,7025.508864365679,-22.936134764959743,0.26053568927508053
1232,11764.41442,8986.618219646643,-23.61185267012513,0.26934264151234366
1233,15132.66005,11688.133537573125,-22.762201100439544,0.2582812257323148
1234,19578.40683,15296.004775424994,-21.873087487451123,0.24683559807053435
1235,32105.32575,26000.282357172062,-19.015671855713652,0.21091452973543312
1236,40917.79776,33793.84046925748,-17.410412291803958,0.1912865702084865
1237,67650.58058,53889.018002173354,-20.342120436871856,0.22742922717877967
1238,88626.6167,70831.28761876671,-20.078989522380454,0.22413140811386434
1239,112581.5935,90133.1714698469,-19.93969114511876,0.22238997463843369
1240,146015.977,118903.48039005522,-18.56817121454099,0.20540397238644736
1241,186883.1826,152822.1472654989,-18.225842936014455,0.2012089206083889
1242,238615.2562,197504.17893173918,-17.229022956437777,0.18909270484050822
1243,310849.4628,252923.64037831765,-18.634686352651574,0.20622112606393728
1244,406710.7636,327792.8624723563,-19.403937193375942,0.21572038622169032
1245,528596.2207,435691.63243260887,-17.575719354247568,0.19329012444778648
1246,894881.522,714096.8482915972,-20.202079187461734,0.2256727368524878
1247,11797.23176,8876.80215277472,-24.755210939632164,0.28442353312409097
1248,15246.84977,11309.004010379414,-25.82727461097419,0.29877368574785557
1249,19653.60795,14767.245689433614,-24.86241850858935,0.285849333059625
1250,25351.60694,19125.540786979287,-24.558861959938206,0.2818174624100003
1251,32051.45453,24485.734657989502,-23.604918974672493,0.26925187637362846
1252,41017.71535,32256.64379870047,-21.359238262156232,0.24028002380438807
1253,51862.1504,39957.6720145241,-22.954077865378874,0.26076855054633974
1254,86357.0592,66730.99304655679,-22.726649489059042,0.25782104389891813
1255,110223.7877,87302.7194940877,-20.79502862693976,0.23313111927578412
1256,142256.6896,111589.64221066014,-21.55754325196941,0.24280486505822907
1257,185012.5713,143683.59550664033,-22.338468949952745,0.25281014709591076
1258,231347.2223,180413.10697591488,-22.016307270824367,0.24867044873084332
1259,300655.2357,240593.1068336418,-19.97707730800652,0.22285705870721806
1260,390932.5662,308821.22729836963,-21.003964878081412,0.23577252311069152
1261,507061.6237,397691.2812377092,-21.569437983537696,0.24295651295389398
1262,656005.4367,510024.670638911,-22.252981133119466,0.25170997821200203
1263,853420.7731,655993.8741704724,-23.13359425414338,0.26310126128680444
1264,11979.42965,8475.994988921517,-29.245421221522705,0.34595293384185233
1265,15422.80272,11000.728454307866,-28.672312976925205,0.33788561664931294
1266,19791.73715,14112.700101351862,-28.69397974319873,0.33818942655306294
1267,25299.31928,17978.923009132897,-28.935151139240862,0.34157736157403207
1268,31850.47355,22915.53736184712,-28.05275775296245,0.3292370821309394
1269,40620.83611,29425.534452158623,-27.56049045254715,0.32241832346166177
1270,51709.13352,38022.963272455185,-26.467607008443288,0.30744415588470275
1271,65261.65609,47566.429864227626,-27.11427702871886,0.31627741016876953
1272,84492.53484,61923.666353039254,-26.711079895636303,0.3107607467152569
1273,107426.4295,79194.08869885492,-26.280628456654682,0.30490457813673366
1274,137756.4553,101001.63616735433,-26.68101400591546,0.3103505929801358
1275,178332.4496,132609.88588934916,-25.638947826492952,0.2962378735105453
1276,226139.984,165715.14175121096,-26.72010547625626,0.31088390498264395
1277,287804.4944,212336.96234026662,-26.221804568085087,0.3041069528891498
1278,374001.5855,277966.3344074715,-25.677765767794707,0.2967600296065278
1279,482916.0795,363638.90885980224,-24.699357860209282,0.2836815234657397
1280,622421.6696,458056.3634865344,-26.407388132726027,0.3066255475300199
1281,808512.7607,584069.3408243576,-27.760034322936615,0.3251767520031823
1282,20823.73168,14815.266151377293,-28.853932719434212,0.3404351366191456
1283,26430.84279,19404.72967454481,-26.58300823503626,0.30901478172308217
1284,33106.50351,24586.105306311176,-25.73632761042009,0.29754828532995603
1285,42765.9572,31282.253578862958,-26.852441458125575,0.3126914351298815
1286,54157.24339,39113.97875282144,-27.77701318519522,0.32541181382413953
1287,67913.24024,50026.8346518531,-26.337140629629445,0.30567145722919875
1288,87832.67968,64847.118213142036,-26.16971445093222,0.30340116526815386
1289,111566.6792,82333.5952831402,-26.202342963399598,0.30384320235716444
1290,183078.6761,136083.4374441551,-25.669422380012996,0.2966477762601354
1291,232622.2601,169158.02516149226,-27.28209884609738,0.3185825985554249
1292,297754.7291,219254.43216637956,-26.364080654872275,0.3060372447228641
1293,382391.3582,284238.5013516728,-25.66816815901757,0.2966309028487597
1294,492775.9921,363438.3927412041,-26.246733086085317,0.3044448946114251
1295,633806.2778,472936.5857811083,-25.381523921991633,0.29278204083717263
1296,20175.60805,13451.730701198408,-33.326764339088115,0.40536657804873144
1297,25735.80589,16939.751794387783,-34.17827338770085,0.4182202104818167
1298,31984.25798,21277.643857524843,-33.47463658269041,0.4075869062710211
1299,40756.62715,27342.667103925018,-32.912340848781405,0.39917007619478007
1300,51314.63064,34218.95419309051,-33.31540387934378,0.4051962024566862
1301,65316.5271,44116.63271547488,-32.457167160874846,0.3924082287784074
1302,85181.4251,57111.86586006745,-32.952676251870486,0.39977149132799816
1303,107135.0688,72035.75198390138,-32.761743852166745,0.39692781252769294
1304,136699.7343,94026.21776830785,-31.21697108645526,0.3742131442457701
1305,175226.174,119006.11258029027,-32.08428292208773,0.38690270430788587
1306,220469.0579,148330.03359866803,-32.72070239174001,0.3963176102075625
1307,282815.6327,191173.1937998604,-32.403597363145195,0.3916154197863051
1308,361585.1559,245702.86593426875,-32.0484090883918,0.38637463269065186
1309,462955.5988,314776.2326020088,-32.007252225068285,0.38576913686819125
1310,762006.7051,516742.700801105,-32.186593983672154,0.38841028173312253
1311,15191.42341,15644.685973685893,2.9836740867055713,-0.029400285665889925
1312,20265.75617,21474.766600376224,5.965780009560944,-0.057946025904641374
1313,27863.55581,30444.733101948004,9.263632070324777,-0.08859341887913885
1314,60186.66077,72876.46661166278,21.08408354827354,-0.19131502363135233
1315,104361.2985,138440.15984614246,32.654692722266624,-0.2825792706926187
1316,138577.1111,186989.73675248763,34.9355137137706,-0.29962680213242976
1317,182400.2888,256407.42970513177,40.57402616630712,-0.34056404066347135
1318,234166.756,338296.99910045153,44.46841425281202,-0.3678907111851579
1319,307399.1091,467899.5577439127,52.212398765183245,-0.4201067197560935
1320,399958.8578,624511.8670883697,56.14402704406605,-0.4456086456105215
1321,516526.3052,820371.4151068805,58.82471170354645,-0.4626309659797734
1322,11757.52839,12804.135951039001,8.901595014894127,-0.08527449044497892
1323,15756.9192,17572.946438933526,11.525268460686947,-0.10908100220277994
1324,21192.92817,25202.392976537303,18.91888074349711,-0.17327140025339283
1325,28363.3543,33418.503873093905,17.82281996559873,-0.164011784342863
1326,36201.93771,43564.85464009678,20.338460855544035,-0.18513809375675905
1327,47042.41627,58324.98099713931,23.983812103491914,-0.21498082354238868
1328,62195.87017,79578.2276015019,27.947767888753216,-0.24645193128189646
1329,82415.34885,107221.24176426932,30.098632427580053,-0.26312268777319936
1330,108854.8593,148735.75300754808,36.636760144659966,-0.31215583288595994
1331,143589.4744,198170.8135394917,38.01207530535518,-0.32217099755373724
1332,183563.7669,258988.08623636578,41.088892764689604,-0.3442199508826693
1333,240938.2972,357561.42560036224,48.40373230643146,-0.3947662947418049
1334,316780.7102,477061.758324487,50.5968460084875,-0.4094361863196685
1335,408291.5973,618147.5783632904,51.3985549668549,-0.4147456104971514
1336,535420.6482,849050.0322443751,58.57625870402041,-0.4610654190946928
1337,696924.3541,1135958.9732990074,62.996021966540624,-0.488555609407614
1338,10118.78421,11715.685139406298,15.781549406184025,-0.14653503490336917
1339,13582.25892,16314.815145426577,20.118569683595585,-0.18330914966016998
1340,24610.27416,30369.73043136017,23.402649779177306,-0.21028239834160978
1341,31707.8056,38786.49234708947,22.32474500565713,-0.201509166620502
1342,41217.53777,52544.399800089624,27.480685753950656,-0.24279468285274675
1343,54633.15761,70495.79744581114,29.034821580416313,-0.25491211667966596
1344,96096.13124,129940.5212060247,35.21930542812214,-0.30172775905514193
1345,127269.7524,174717.73224493722,37.28142700852557,-0.3168628445731585
1346,163617.4116,230566.7303735802,40.91821164929138,-0.3430094768657561
1347,215056.7581,306784.73506094154,42.652915337954,-0.3552443284619109
1348,363848.8841,552814.1908109972,51.935106844813625,-0.4182833150456595
1349,813158.4767,1317334.7791930893,62.002219363089296,-0.48243984892260805
1350,8772.376872,10657.363151387577,21.48774849612476,-0.19464323628543845
1351,11782.02911,14787.150426372595,25.505974296244084,-0.22718317540485167
1352,16286.27466,20373.205717790443,25.09432723634567,-0.22389788462405136
1353,21906.14285,27209.184686828976,24.208012670879555,-0.21678749568862088
1354,27636.9186,35317.47076563728,27.79091358483531,-0.24522525471750178
1355,64281.12555,85614.55947185347,33.18771060606215,-0.28658930514448144
1356,85521.19308,117051.7923569418,36.868755148734664,-0.31385228905771534
1357,112450.8247,153939.68611221164,36.89511528518976,-0.3140448647726526
1358,191022.8157,271570.11799760436,42.16632552632002,-0.3518274926922569
1359,250757.2812,367281.01693792775,46.468734698471344,-0.3816418046653052
1360,324463.449,471461.9166736732,45.30509310886144,-0.37366543634038685
1361,430278.0275,647483.8035970894,50.480331835464064,-0.40866220418210375
1362,559790.7124,864457.9819595488,54.425209781231246,-0.4345397140597207
1363,729330.2761,1141405.116036606,56.50044341229371,-0.44788865729349503
1364,954619.323,1562042.893396782,63.6299261665775,-0.49243714423081464
1365,7316.289881,9866.20993910132,34.85263842160384,-0.29901242900953484
1366,9882.490085,13595.885342044081,37.57550197475439,-0.3190026856863426
1367,13983.80105,18813.186926505477,34.53557340552608,-0.2966584643699104
1368,18666.30499,25760.72449157984,38.00655515583023,-0.3221309991701755
1369,31183.97667,44030.416788025475,41.19564433353418,-0.34497629109903905
1370,41613.78546,58636.710264245456,40.90693652613803,-0.34292946184060646
1371,56241.75009,77672.52355552206,38.104741462041616,-0.3228422073789865
1372,75101.69765,105346.11417053099,40.271282097350806,-0.3384080909123881
1373,99839.97516,141740.39063386992,41.96757401704257,-0.3504284935442268
1374,128623.6056,186119.64794997114,44.7010034291646,-0.36949938217378
1375,169092.4384,249897.51355288824,47.78751546638541,-0.39060534985400075
1376,223473.8888,328516.8151873409,47.00456368813183,-0.3852934458062389
1377,287916.8537,425988.3887381195,47.955350047686196,-0.391740353391798
1378,501697.5029,766275.520164292,52.736562517240294,-0.4235444377667559
1379,656709.3948,1005546.2208829916,53.118902949337176,-0.426044577044447
1380,6681.516782,9381.190689487481,40.40510554071196,-0.3393616691925416
1381,8979.696481,12536.256063382772,39.60667924476112,-0.3336588487884615
1382,12635.3852,17393.999364328658,37.66101380374741,-0.3196240555035157
1383,9516.315257,10061.874890358227,5.732887347935693,-0.05574579707481142
1384,22278.13433,25350.60297072943,13.791409079493725,-0.1291968414616722
1385,70114.93951,85347.84553773928,21.7256210077265,-0.19659931779472117
1386,167677.2239,210108.9089362072,25.305574632791377,-0.2255851652099139
1387,222761.2851,277375.3796884708,24.516869959676306,-0.21927102242129415
1388,296344.7597,383794.476235792,29.509452647085897,-0.25858368590140124
1389,518131.1192,658444.345123886,27.08064054143884,-0.23965166385880465
1390,2580.532563,2429.350947861584,-5.85854320561877,0.06037167536978405
1391,3401.706415,3349.1961682656834,-1.5436442869605123,0.015556825210799374
1392,7910.743154,8417.849797733226,6.4103540446362794,-0.062132698634492556
1393,10472.36675,11445.85670444084,9.29579700253374,-0.0888877546813287
1394,14170.43986,15134.572745018551,6.803831740891004,-0.06582361761811306
1395,33113.75162,37526.75015688699,13.32678516022217,-0.12510536328675492
1396,43224.38235,49774.74891766177,15.154332373385012,-0.14110306330845113
1397,76722.17917,89716.95339062037,16.937441508050387,-0.15646891784769856
1398,101065.1484,119872.32817975416,18.60896666902252,-0.1706619020096003
1399,240633.0513,290798.7175408659,20.847371535144514,-0.1893581711122465
1400,323483.1756,394585.2991800619,21.980161239662905,-0.19868823273262315
1401,422517.9095,512573.33809988643,21.313990856968967,-0.1932119642584631
1402,563605.2942,712050.835846791,26.338564093422782,-0.23379513400251106
1403,73213.00475,78685.1112371439,7.47422743517968,-0.07208088804722479
1404,295410.3812,318368.74467680504,7.771684726699456,-0.0748447731114279
1405,694108.3896,746928.8728901997,7.609832135963518,-0.073341834293279
1406,915842.334,1022977.8567689827,11.698031286789444,-0.1106288949253802
1407,2213.649822,1846.9752394532215,-16.56425415179232,0.18109336115660124
1408,2889.326587,2427.9146631231765,-15.969531653253135,0.1739907344975462
1409,8213.393135,7590.388830666104,-7.585224451013649,0.07888331158564732
1410,10878.81082,10002.350582945737,-8.056581289592305,0.08399681215505694
1411,14300.77801,13650.321196331313,-4.548401584961647,0.04655088985871281
1412,18663.8668,17979.647609413467,-3.6660098248586563,0.03734896813994126
1413,31608.18827,31682.553512581148,0.2352720818602894,-0.002349957504334199
1414,41487.09042,41386.03112775924,-0.2435921420800363,0.002438893104223183
1415,53830.04687,53031.50597818962,-1.4834482565821674,0.014945613922609624
1416,120281.503,126256.4754537868,4.967490682076696,-0.04848050367792034
1417,159097.5765,162956.0949243137,2.425252797181163,-0.02396310556170178
1418,210718.8163,221586.34480446865,5.157360265822946,-0.05028771148381139
1419,274881.8635,282895.6959871315,2.915373311681412,-0.028736846195018373
1420,482113.3297,506219.65623227024,5.000136907077564,-0.048791468045511266
1421,638557.241,669887.6157298579,4.9064316741273775,-0.04789863996673027
1422,1103821.537,1155259.489286365,4.65998810153357,-0.045546701269108425
1423,2284.67955,1698.1251360532046,-25.673377868103874,0.29670099249316717
1424,2952.023645,2293.8921820576065,-22.294247678439366,0.25224089890223844
1425,3947.76671,3051.9797476843682,-22.690980195119778,0.2573595514984657
1426,5113.612355,4156.265278044385,-18.72154184740926,0.20728917191719098
1427,6403.582468,5343.843513760922,-16.549157593188,0.18091244118210348
1428,8260.233491,7014.839798521815,-15.07697928678546,0.1634249785043007
1429,10799.47252,8890.713240106967,-17.67456027466268,0.1944900164057355
1430,18357.80903,16236.380767446075,-11.555999188613008,0.12280059344416117
1431,23862.97993,21616.499250123845,-9.414082761105337,0.09887142388532766
1432,30258.89324,28137.177775916523,-7.011873987772719,0.07269837827415238
1433,51521.3483,46911.999465673216,-8.946483324712956,0.09372275699870691
1434,66588.93385,63208.64251815547,-5.076355989508801,0.05209736482354543
1435,86444.14327,84054.01797328639,-2.7649360688881863,0.028038799540723858
1436,112306.4409,107376.18590405579,-4.390001994929403,0.04489278975601607
1437,146730.6163,141984.36393267367,-3.234670777653048,0.032881425054096525
1438,251506.6181,242848.81478856414,-3.4423759409756283,0.03503021535257567
1439,440298.7405,430497.0911720841,-2.2261361267545845,0.0225128852223051
1440,582475.1561,568754.1746152865,-2.355633770989172,0.023838223837051586
1441,766288.0935,752675.181959198,-1.7764743647034085,0.01792443073210137
1442,1006393.041,999793.9632677339,-0.6557157555172366,0.0065787501552545535
1443,2336.789405,1745.9093208188815,-25.285979254990608,0.29150241741867955
1444,3015.177693,2310.4882138821526,-23.371407952302313,0.26619991455708814
1445,4040.968549,3144.4217595595946,-22.18643324166108,0.2508543900789224
1446,5200.054082,4113.096799825127,-20.902807259974043,0.2344928018565824
1447,6493.928229,5191.691981151958,-20.053135820513575,0.22380796974767847
1448,8333.920115,6829.790380733357,-18.048285962801597,0.19903996537087387
1449,10895.90781,9252.548803778094,-15.08235050147608,0.16348822854548217
1450,14231.14734,12296.104639826015,-13.597236076216356,0.14615052083113866
1451,18641.17256,15811.13733039123,-15.181637423825068,0.16465812681821035
1452,23793.35841,20937.658466060697,-12.002088543915242,0.12785710524511096
1453,30363.30039,27866.287772377204,-8.223785245839663,0.08581702047202988
1454,40052.43482,36373.37841298697,-9.185599885617728,0.09635232138707117
1455,51447.2233,47017.795426748286,-8.609653911587706,0.09003033577152664
1456,87134.19316,82011.57860824215,-5.878994647200611,0.0605889405795228
1457,111176.7538,106227.40918119007,-4.451780115574784,0.04553914567498474
1458,145469.3109,140470.03515144862,-3.4366532140844743,0.034970949630496406
1459,191931.6736,189343.99258632236,-1.34823031818634,0.013574014685806546
1460,247291.4544,236340.8667258519,-4.428211116602212,0.04529250484188729
1461,325325.1454,309678.2278316512,-4.809624398725853,0.049291345926651076
1462,568804.2949,544298.7919931067,-4.308248571013606,0.04403808320853919
1463,743696.7334,727810.6355253151,-2.1360989179094005,0.021592437013108423
1464,980580.8869,959125.6733478855,-2.188010580131016,0.02212302525580334
1465,2334.197958,1591.9468727256206,-31.798977577307074,0.3827106297159606
1466,2996.517998,2121.6307530753625,-29.19679593143019,0.3452659311066153
1467,4030.433254,2908.3946806465096,-27.839155312643477,0.3262726045461859
1468,5122.099321,3800.8963134439755,-25.794170022030784,0.2983274677696457
1469,6376.520543,4845.665228112898,-24.007690472629932,0.2745380412511995
1470,8206.778719,6375.7923013318905,-22.31065903396523,0.252452119929103
1471,10614.11261,8287.89757933689,-21.916246003189052,0.2473881661864059
1472,13825.0254,10780.939525228952,-22.018663884487676,0.24870066850101757
1473,23163.76514,18649.45997756064,-19.48865020498718,0.21677202025951026
1474,29105.78267,24248.492076771076,-16.68840397903282,0.18258243856903889
1475,37592.402,31976.86882806695,-14.937947226498197,0.16178916321254455
1476,48951.26666,42377.16746858367,-13.429885761849519,0.14421553115690777
1477,62672.29244,54305.141343871874,-13.350638328952954,0.14330053660436626
1478,82234.76286,73921.36895728404,-10.109342586503283,0.10657617189635715
1479,106453.6487,94371.08659878778,-11.350068549799015,0.12047492673155702
1480,136690.5966,123280.84167241,-9.810298046200785,0.10325493446390865
1481,179294.5044,162567.65373097605,-9.329260104764236,0.09793548405421504
1482,230345.0887,204545.02802107885,-11.200612448274503,0.11879043295377834
1483,303443.187,277594.0611589586,-8.518604782858871,0.08903456534136289
1484,398881.2407,370563.77946370497,-7.099221108167561,0.0736381560071866
1485,522433.7839,485268.47049001826,-7.113880180669098,0.07379596124139454
1486,684784.4513,625442.5408922177,-8.66577947193853,0.09064465450441794
1487,5376.10783,3733.5793222506063,-30.552372826000283,0.36459728333253416
1488,6609.858898,4727.110400587365,-28.483943855175397,0.33524820003220235
1489,8440.515031,6177.321268016938,-26.813455750874105,0.3121586036513637
1490,10949.07363,7781.850576357474,-28.926858661032924,0.341460679493391
1491,18290.84345,14056.547446466833,-23.14981271972544,0.263312279047776
1492,29393.82202,22920.162063150467,-22.02387955007946,0.24876755424933172
1493,49183.594,40221.417651219606,-18.221881769722625,0.2011604814621215
1494,62753.40913,52160.89169972862,-16.87958881776114,0.18487989235855018
1495,81960.67278,68325.8006751342,-16.635871378782735,0.18195208160371124
1496,104993.9408,87593.8985386116,-16.57242515978446,0.18119129769489994
1497,135408.7723,116900.76538183304,-13.668248078612088,0.1469727306373123
1498,174250.4518,149117.95780079707,-14.423201627074885,0.15575598662555024
1499,223902.5348,193241.16895174465,-13.69406821394116,0.1472718557757755
1500,382916.3038,339900.7255186029,-11.233676355516184,0.11916284615676886
1501,500515.302,435974.55615705886,-12.894859674628123,0.13805428750625737
1502,652474.8366,570472.7909685395,-12.56784798916803,0.1343070989974251
1503,853678.2686,744236.1047640502,-12.82007143223064,0.13719605854306494
1504,5445.498952,3539.6846984414424,-34.99797301142806,0.4307517321391092
1505,6781.972841,4521.623670118771,-33.328785353082324,0.4053968907312573
1506,8618.337947,5824.55791646606,-32.41669156761763,0.3918091501088501
1507,11044.81825,7348.232582452523,-33.4689587811685,0.40750156199104026
1508,14214.93495,9809.797430489347,-30.98950178108732,0.370911544863997
1509,18311.14894,12723.079570765658,-30.517306082456784,0.3640924728057513
1510,23479.70312,16529.494657703093,-29.60092138633866,0.35099001078386927
1511,29626.10676,21677.344193626526,-26.830263695348517,0.3123882889711158
1512,48572.69674,36878.67415550465,-24.075300259919956,0.2754281297551735
1513,61424.92549,47464.293538331825,-22.727959114807508,0.2578379920037648
1514,79804.00585,62472.963848534746,-21.717007582352153,0.24483981708753255
1515,102511.2245,80230.97285855688,-21.734450788306713,0.245062664337917
1516,132255.4075,106604.80830834401,-19.394745119707853,0.21560634157478553
1517,168355.224,135267.92877859622,-19.653263163015225,0.21881870649005464
1518,214432.0757,175831.20718220674,-18.001443297036204,0.1984685400621089
1519,279271.9287,229583.99628518283,-17.791953758515064,0.19591700256704137
1520,365372.7955,305467.8317968697,-16.395573080681185,0.1790737137190579
1521,476756.5012,397047.1589775877,-16.719088679815215,0.18295081889561082
1522,617817.7698,513366.18473583966,-16.90653622636549,0.18520414217039693
1523,5665.710497,3602.3585452361217,-36.418238327857125,0.45284352292856767
1524,7003.802864,4533.728404580582,-35.26761828371499,0.4349086194793532
1525,11504.05435,7610.54054836467,-33.84470972736086,0.41316532473765477
1526,14678.35837,9965.219499965664,-32.10944133689479,0.3872732087629629
1527,30615.44806,21655.675496575514,-29.26552812771242,0.3462371523906729
1528,39021.27045,28418.78186398822,-27.171049183540312,0.3170566337873435
1529,62369.33304,45301.21129471612,-27.366208540882415,0.3197399253489568
1530,81449.88479,60879.24983618875,-25.2555728063311,0.29109552908953695
1531,103346.7947,78901.90519461148,-23.653263341498214,0.26988489710329056
1532,132806.1478,101404.71195794005,-23.64456492582639,0.2697709705548661
1533,171287.9024,130685.67958258958,-23.704080818617353,0.270550732989296
1534,214854.9578,167855.21994437164,-21.87510045701555,0.24686136378215195
1535,277787.332,223733.7767470986,-19.45861060824091,0.21639897976052325
1536,362507.7538,287219.72684438125,-20.768666646826013,0.2327983422597768
1537,470873.158,373284.9660921689,-20.724942641098927,0.23224664202056644
1538,611376.2645,494948.69196016464,-19.043521853936056,0.2112584825554169
1539,794088.3646,631230.4906597129,-20.508784815443327,0.22952367125665596
1540,7243.035783,4559.649203651653,-37.04781613320862,0.46279473401384585
1541,9164.466149,5830.684360761961,-36.377261195970604,0.4521992511748092
1542,11769.56167,7551.959981600145,-35.834823816338904,0.44370954950472274
1543,15176.68396,9812.202691262577,-35.34686024217258,0.4361335164765219
1544,19472.87176,12523.738800346977,-35.68622566460646,0.4413963578512625
1545,24811.04197,16172.542920633272,-34.81715544156458,0.427973871947092
1546,31363.70142,20753.773825604858,-33.82868447927962,0.4129231172380585
1547,39911.71726,27590.345128602148,-30.87156598933536,0.3692040491058872
1548,50483.32101,34232.30556127814,-32.19086051312428,0.38847319943515757
1549,63670.83576,44053.567413515484,-30.810445806663488,0.36832028572205644
1550,82346.3993,57978.20446740911,-29.592301593921537,0.3508675764435605
1551,104468.5421,74229.61030609751,-28.94549037063904,0.3417228622507338
1552,134072.0196,98881.39328016476,-26.247554429944035,0.30445603104600494
1553,172326.4758,128658.89481925183,-25.340030182842142,0.2922261167723228
1554,217854.9792,164112.03518841875,-24.669137335733314,0.2832802724137675
1555,360047.3546,275336.65783252456,-23.527654261364056,0.2682410041227694
1556,465636.1346,361951.596971746,-22.26728767889183,0.25189400921981786
1557,778910.1631,584810.2257257547,-24.919425444616497,0.2866083217233637
1558,9317.710241,5540.366819238592,-40.539395667620745,0.5198562047903525
1559,11872.78343,7311.491602594953,-38.41804960309165,0.48480137142252566
1560,15318.14013,9633.954633703139,-37.10754339663337,0.46374395628801324
1561,19686.531,12042.219853459623,-38.83015827694771,0.49151590022997915
1562,25014.14259,15515.508915843115,-37.9730532037272,0.47760126961907545
1563,31274.39774,20438.189270630937,-34.648815812397046,0.4253946253842109
1564,39927.37568,26786.141622788757,-32.912841962197405,0.39917754575466446
1565,63713.45884,41684.27038883818,-34.57540816687173,0.42427197629018387
1566,82588.65685,56202.1352619309,-31.949328872115085,0.38491759466320197
1567,104552.2982,69964.28710658978,-33.082018940651295,0.40170247979037477
1568,133492.8437,92286.84196786018,-30.867573564274757,0.3691462970414374
1569,171237.6128,119571.78853508536,-30.172006850655325,0.3591352086331323
1570,215458.3108,153238.4293408773,-28.877921314847093,0.3407723673530878
1571,277049.4631,199562.03578182607,-27.968806165924647,0.3280709131012287
1572,353949.0195,255855.25692337024,-27.714093604553625,0.324541008114954
1573,585756.7931,423080.35631725035,-27.772010277818094,0.3253425459313348
1574,755913.5208,546253.9069704914,-27.735925877820154,0.32484308042730525
1575,12207.45893,6924.113136108773,-43.27965241732112,0.5670371757385873
1576,15599.88959,9152.217081577099,-41.33152655488058,0.5332676827322889
1577,19959.2349,11805.512242945531,-40.85187983360258,0.525125376856586
1578,25416.58055,15148.600793961334,-40.39874575511561,0.5174935677609618
1579,31855.27053,19447.476401274176,-38.95052191454682,0.49348553443674703
1580,40294.43645,24975.893204831144,-38.01652186940775,0.47830231822021574
1581,50652.25786,31229.961416681905,-38.34438436485937,0.48360587155381296
1582,63524.94169,39925.521171806366,-37.149849949265864,0.46441686351261424
1583,81844.93576,51574.263525436574,-36.9853943356109,0.4618036505236738
1584,103562.277,66132.66157492659,-36.14213254993747,0.4485103934015111
1585,131492.2547,82849.20098088738,-36.993094254936835,0.4619258506028423
1586,168385.787,111752.72927609281,-33.63292041026432,0.4099690417610713
1587,211755.6806,138815.77680547693,-34.44531149665086,0.42228545273211004
1588,270071.1319,178365.8377218286,-33.95597801697938,0.41484866656439223
1589,441293.2025,298533.7651255859,-32.350246177747124,0.390826470369003
1590,565061.1877,375587.2326953525,-33.53158191166409,0.40844326709946266
1591,16454.36582,9272.917979773698,-43.6446346142212,0.573492734670694
1592,20944.55946,12621.209815627062,-39.73991269794384,0.5065002035306598
1593,26591.67818,15464.031761274317,-41.846348859226765,0.5420815206751186
1594,33134.67284,19545.126218345697,-41.01307016754085,0.5278542948867848
1595,42345.01674,25375.12576599886,-40.075296411374474,0.5120813520524177
1596,52522.5773,32418.351621410056,-38.27730228042321,0.4825184504467739
1597,66918.03918,40537.56289489686,-39.42207005519606,0.5012395515769228
1598,85400.23642,54706.957998063765,-35.94050755431882,0.44535796494678515
1599,108091.7376,69069.36996553483,-36.10115675896505,0.44786892741266726
1600,174474.8608,113362.87857185351,-35.026239280511,0.4311866788322902
1601,218755.4475,138310.66423007607,-36.773842292509734,0.4584520826864562
1602,280460.1738,179391.3442539208,-36.03678489415498,0.4468620318397196
1603,355438.988,236825.09063085134,-33.3710992248123,0.40603175699550853
1604,454618.767,297633.5941199523,-34.53116859120946,0.42359601295679283
1605,744973.3929,486918.03252062004,-34.639540531083036,0.4252527056428619
1606,20265.00594,11147.550560151301,-44.99113105045899,0.5976757601275704
1607,25708.48733,14293.644977481159,-44.40106571030541,0.5870061523667882
1608,31962.01515,17874.731846635965,-44.07507861206941,0.5811600842824323
1609,40885.14909,22323.298058778113,-45.39998372113527,0.6051360050895713
1610,51482.36715,28615.887616412063,-44.416138572190604,0.5872772889555087
1611,83587.52629,46314.166757250634,-44.59201173561774,0.5904464101317188
1612,104593.9256,61181.90918696718,-41.505294082807445,0.5362339329874022
1613,168827.8561,96646.24160868487,-42.75456441771112,0.5578222745524553
1614,210969.3702,120773.3693283068,-42.75312609891519,0.557797149392476
1615,266481.8919,155476.78922035597,-41.655777016661155,0.5388098384407964
1616,340353.1094,199292.72209532303,-41.44530589226842,0.5352089265238344
1617,432682.4785,254790.32913195487,-41.11378625377943,0.529563184760951
1618,549898.074,326091.1086085526,-40.699717997457,0.5225561244722279
1619,703319.9742,415784.62845281925,-40.882579237741886,0.5256445374605594
1620,8916.816367,12700.506109798072,42.43319125423538,-0.3537028704803067
1621,11893.80298,17581.165754974736,47.81786603106095,-0.39081069499777676
1622,16362.31651,24986.11892955363,52.7052658728555,-0.4233395107293614
1623,21880.19557,34746.0137576235,58.8012028798493,-0.4624829376063886
1624,28178.84995,45905.127828188306,62.906321264499674,-0.48800513343731744
1625,36903.63576,61199.93200585666,65.8371343242866,-0.5058360022282375
1626,49585.58219,83781.62842214193,68.9636880759228,-0.5245136423924457
1627,66624.21623,115542.33312100043,73.42392850390222,-0.5505688648233757
1628,90089.73627,152251.82529565983,69.00018981003488,-0.5247296520706541
1629,121815.3515,214941.6883153926,76.44876911543663,-0.5678603882824849
1630,160936.1449,279460.95379755297,73.64710330994944,-0.5518549118647567
1631,217225.9353,373672.67144496576,72.02028428553197,-0.5424422157645719
1632,292214.9625,520069.0320464944,77.97481265063365,-0.5764718523289147
1633,386695.3893,693904.6477275538,79.4447689132439,-0.5846972805160711
1634,6846.479793,10723.222125277372,56.62387751791867,-0.44867706051718415
1635,9230.411456,14299.22372100892,54.91426128912234,-0.4377016249122043
1636,12784.91529,20861.762030920687,63.174816240183986,-0.4896519323807791
1637,17155.30198,28421.900937190127,65.67415117684875,-0.5048527285497979
1638,21764.36248,36485.540621349726,67.63891271741825,-0.5166421512294352
1639,51666.79161,88789.31394782427,71.84986948297227,-0.5414510578251956
1640,70315.49386,123209.72023747904,75.22414118685255,-0.5608957751841324
1641,94032.44386,161559.38646857903,71.81238712578435,-0.5412329229755546
1642,123275.7685,218842.0336018184,77.52234381878414,-0.5739262956742781
1643,166119.8262,292470.66776091524,76.06006125289049,-0.5656550079537901
1644,223381.2228,394494.49865959724,76.60145902809396,-0.5687253639148775
1645,296162.1611,519193.0964545086,75.30703264931995,-0.5613687229285826
1646,403706.7778,701029.8720405092,73.64827904569039,-0.5518616826760052
1647,536852.7893,959242.643802125,78.67889725466033,-0.5804201388552261
1648,6045.353415,9840.33500251559,62.77518164776461,-0.48719980907808846
1649,8145.742745,13145.402903066824,61.37758476519166,-0.4785766801856344
1650,11252.62658,18893.278251639673,67.90105063310182,-0.5182046355689867
1651,15063.35288,25288.635051853526,67.88184711140835,-0.5180902549865145
1652,19499.72449,32940.80539292294,68.92959390178001,-0.5243118379998926
1653,25172.74846,44316.51754397339,76.04957843357161,-0.5655954650265844
1654,33586.32068,59496.634178888424,77.14543592242158,-0.5718008810762907
1655,45729.16769,80678.48759232118,76.42675707383113,-0.5677356301737433
1656,61702.80507,105554.36092395775,71.06898268921398,-0.5368966967068864
1657,83045.25566,148330.043284176,78.61350670225153,-0.5800541050273882
1658,108798.387,192199.56472206188,76.6566306925689,-0.5690377228758123
1659,146597.7299,256361.48269753356,74.87411494871556,-0.5588961859337989
1660,196875.1868,345554.6287066518,75.5196448690566,-0.5625807872292192
1661,261263.4321,459515.45305613516,75.88203958074511,-0.5646433546908991
1662,355530.1708,613893.2918118791,72.66981601885448,-0.546211006928381
1663,474328.57,829096.8540172044,74.7937835617206,-0.5584367134529096
1664,637508.0253,1104038.727788883,73.18036541882621,-0.5491634400814593
1665,7136.491293,12014.340166662096,68.3507997613148,-0.5208797101946683
1666,13288.5742,23131.537983838632,74.07087950668654,-0.5542923837672351
1667,17173.4887,29330.123939363915,70.78722006766111,-0.5352482686070967
1668,22583.55994,38276.85101723682,69.48989051739741,-0.5276230960884938
1669,40541.58415,71758.82989535553,77.00055732863001,-0.5709826953301018
1670,96514.65226,165166.77192956232,71.13129256749635,-0.5372608687048448
1671,173757.3374,307418.758344331,76.92418803393278,-0.5705511386396864
1672,228931.9186,395117.31146478915,72.59162194641614,-0.5457580511958433
1673,311569.7249,525162.1292719716,68.55364539687716,-0.5220838834431287
1674,417537.1201,725394.2941576816,73.73168976783428,-0.5523419102725011
1675,560572.0064,932277.0411767783,66.30816925088222,-0.5086723225814307
1676,4635.450951,8366.703009381492,80.49383108188329,-0.5905264143691316
1677,8619.53204,15866.276945379439,84.07353057857463,-0.6101651145026512
1678,11624.29384,21225.137833263412,82.59292242102693,-0.6020890214053072
1679,15024.88606,27452.166233572236,82.71131058129458,-0.6027371834232458
1680,25977.49424,48726.61229026752,87.57241110360273,-0.6289947774217719
1681,35374.27917,65736.58286195518,85.83158273287064,-0.6196706083621528
1682,47781.04218,87763.81882080364,83.67916398763585,-0.6080203756717104
1683,64496.63201,118998.79338759267,84.50388753499915,-0.6125003479209088
1684,85353.07924,149549.1069047819,75.212315989529,-0.5608282867873857
1685,114346.9967,204354.19550944207,78.71409079993971,-0.5806170847750938
1686,152444.2189,267899.88008287194,75.7363329458943,-0.563814577501903
1687,202602.6375,356804.1273185383,76.11030721085173,-0.5659403582433189
1688,274340.6315,470141.27960576623,71.37136305154499,-0.5386627295046118
1689,367442.6845,637050.0223125062,73.37398434789256,-0.5502808345065606
1690,494705.0358,842986.2620808212,70.40179522684802,-0.5329889637204541
1691,664208.5735,1110898.6554704097,67.25147789294677,-0.5143283494113788
1692,4439.081264,7813.831981516577,76.02363004446624,-0.5654480616540614
1693,5798.195698,10380.501522973747,79.0298579703742,-0.5823824102461401
1694,8123.874426,14674.766861677334,80.63753933359152,-0.5913222923850938
1695,10998.88422,19747.02942388691,79.53666052761587,-0.5852092380093712
1696,14043.47153,25000.90835646551,78.02512934966236,-0.5767545304612813
1697,18384.82535,32869.363704473355,78.78529210218119,-0.5810154144315245
1698,4298.308867,5129.327783273355,19.3336249670993,-0.17675295559988768
1699,7262.601739,9055.38350885934,24.685117459107595,-0.2206213128161476
1700,17055.56461,22433.61443852061,31.53252297122639,-0.27408395802554963
1701,56785.45694,77318.16292323716,36.15838823826355,-0.30864864150386495
1702,102933.3815,136853.63659461812,32.95360028040866,-0.28483001129222707
1703,257073.5682,339491.0546108256,32.05988347534268,-0.27808529641646196
1704,347179.882,470618.0062743783,35.554515302928266,-0.3042037003787552
1705,457820.6436,609346.747678229,33.097263348967296,-0.28590997833733844
1706,2186.297222,2262.9722176297987,3.507070990085105,-0.034469743128497043
1707,2836.083391,3074.2061752737886,8.39618415415587,-0.08062270086793966
1708,5148.84407,5838.026293634424,13.385183436608214,-0.12562053924362182
1709,6468.652462,7624.66067967859,17.87092790143763,-0.1644200084637184
1710,8428.792282,10222.66478890023,21.282675463851586,-0.19295379588569794
1711,11337.93344,13810.12204798561,21.80457859510603,-0.19724775967400276
1712,20287.8896,25469.912153731984,25.542442589652037,-0.22747370337644313
1713,26441.01474,33398.33734069731,26.312615718837247,-0.2335897253066488
1714,34396.59654,45390.269914519675,31.96151503459091,-0.2773401413202574
1715,46386.26826,61622.13842486391,32.84564750814881,-0.2840177232282546
1716,62537.41459,79759.23682892848,27.53843015710842,-0.24324754619154554
1717,84187.37032,106672.03361230566,26.707881724824567,-0.23671410717706287
1718,114330.7262,147383.38453353208,28.90968983763183,-0.25394189442595483
1719,152316.1851,193198.11068789996,26.84017168698112,-0.23775761725241829
1720,207091.9912,260912.10952966692,25.988507820995316,-0.23102050903382576
1721,367820.1646,466292.3948089327,26.77184115667503,-0.23721875845631324
1722,493921.2311,635706.5409715214,28.706056946723024,-0.2523609900296844
1723,663688.8939,856330.9623965736,29.025959341365677,-0.2548434333328782
1724,17400.2295,17522.975105648107,0.7054252109037181,-0.007029487269369028
1725,63327.09362,70991.00420512633,12.102103771119396,-0.11423991082846108
1726,2863.495599,2178.348314829932,-23.926954328455665,0.2734761800316612
1727,3814.782033,3088.4985491515854,-19.03866269594582,0.2111984625016845
1728,7804.3987,6844.7119185546235,-12.296742110899284,0.13121113919159555
1729,10254.47301,9150.496848257693,-10.765801037905375,0.11390582344372113
1730,22117.6587,21514.914345888883,-2.7251725071203716,0.02762994051529688
1731,36845.74536,37783.978529604516,2.5463812997607786,-0.025145010728371275
1732,48216.87669,48995.56912671615,1.614979007708422,-0.016020769467614215
1733,61141.20103,63174.14043795326,3.3249909614234885,-0.03270908693255237
1734,80696.62909,86922.12526107824,7.714691730350985,-0.07431580233736312
1735,105147.2154,112529.56595839644,7.020966299785095,-0.0678545760057272
1736,238186.7384,257254.6193972206,8.005433520483777,-0.07701135024545458
1737,316087.1971,344572.81323522225,9.011948726986974,-0.08628731158157521
1738,421499.7513,459579.9130289838,9.034444649501221,-0.08649365228041361
1739,741313.2287,808800.8807461774,9.103797077050247,-0.08712950988462609
1740,973807.1521,1048855.2290663791,7.706667259994875,-0.07424130210769952
1741,2250.183901,1531.8343838385344,-31.924035935117352,0.384545985723439
1742,2878.198006,2037.6112972802766,-29.205312037858572,0.3453862168865305
1743,7764.07305,6145.320225491369,-20.849273494517565,0.23381622085945075
1744,10130.56664,8117.161385100696,-19.87455713434114,0.22157674357802293
1745,13086.87636,10847.11115424273,-17.114589793200054,0.18771113201571055
1746,21836.11904,19351.344297718788,-11.379195807320592,0.12080354563955709
1747,27729.02741,25430.149566061817,-8.29051019333311,0.08654432454832772
1748,46169.46358,43552.18262817963,-5.668857181511945,0.058358798288002944
1749,58989.77511,55904.1195136833,-5.230831259422146,0.05372605387950102
1750,76861.18834,75515.25056963357,-1.7511279742548167,0.017666415958617065
1751,129912.2198,132237.47870577907,1.7898692743136861,-0.017740397206875258
1752,171027.6793,174475.87069766657,2.016159847212861,-0.019961044622128554
1753,220742.914,224375.68331201663,1.6457014389221287,-0.016323065331036446
1754,291095.5483,298261.9791398952,2.461882664213575,-0.02432066698048274
1755,385140.2515,391771.0217914301,1.7216508182682277,-0.017069983477277617
1756,509068.6461,519118.1180009406,1.9740897377848903,-0.019548572848501422
1757,666199.5825,693072.2568139792,4.033727282316215,-0.039544961370648224
1758,884143.5055,900184.128263227,1.814255566369364,-0.0179799433574388
1759,2386.545892,1564.1038047702305,-34.46160788219905,0.422534075856305
1760,3052.123967,2084.3746983348524,-31.7074037335505,0.38136882548547035
1761,4120.743232,2819.4657490651243,-31.578708249271365,0.3794861268926688
1762,5164.282576,3759.9107671092165,-27.193938136099067,0.3173709668907083
1763,8117.332917,6232.103405524721,-23.224740573681203,0.2642877406201052
1764,10585.19013,8282.469965938479,-21.754169134244187,0.24531463765809214
1765,13652.17041,10833.623272199786,-20.64541426860357,0.23124394948959903
1766,22400.53349,18813.54879544301,-16.012943156725644,0.1745074842162353
1767,28437.15274,24961.501657158333,-12.22221899154053,0.13036178105801
1768,36873.75629,33059.240433007464,-10.344798688239456,0.10919896964156095
1769,60190.31851,54790.8526785065,-8.97065502419037,0.0939882591926029
1770,78425.36183,73952.18099060637,-5.7037426860586065,0.05872868627797523
1771,99306.08736,96312.53187211145,-3.014473299140722,0.030608427887010237
1772,129117.4025,125423.6835301805,-2.860744483935463,0.029024613130491872
1773,169338.3821,169746.4969987041,0.2410055497418791,-0.0024071559714133883
1774,218648.6268,213161.36136396232,-2.5096272116343683,0.02541655349161509
1775,285984.8135,285573.28191811766,-0.14389980252651743,0.001440034377248267
1776,377878.4138,378602.01379354973,0.19149016379981243,-0.0019130705510530532
1777,492975.6826,501142.2887567505,1.6565941171132574,-0.01643022278513051
1778,856584.1725,866189.4561551273,1.1213473192124943,-0.011151068285423449
1779,2406.348567,1458.8187544948182,-39.37624937215431,0.5004834451432796
1780,3083.167585,1929.85074736161,-37.406881262290845,0.4685148382419042
1781,4118.749689,2596.185999573862,-36.96664775459576,0.4615061989589808
1782,5223.268917,3445.2781977669915,-34.039808163930466,0.41611877993115876
1783,6384.546499,4363.822884456168,-31.650229422878102,0.3805319794130586
1784,8111.442472,5778.169600133657,-28.765202735772334,0.33918876133645526
1785,10520.03117,7507.473739724762,-28.63639262653666,0.3373821472358589
1786,13299.98672,9972.619276445072,-25.017825307685186,0.28791977146909
1787,22263.3284,17033.02530123098,-23.49290728141538,0.26778673417778087
1788,35601.21545,29195.624137166862,-17.992619723417732,0.1983609394009438
1789,45815.36459,38214.89043654234,-16.58935647784105,0.18139426459637953
1790,58384.46314,49770.90227311281,-14.75317302521519,0.15961929075428394
1791,75586.21294,65044.294673368895,-13.946879803330312,0.15020540371286195
1792,96411.80914,85194.74836345589,-11.634529915578877,0.12368890255715215
1793,160117.4689,148690.8449379352,-7.136400569260308,0.0740384422399405
1794,204956.8619,187104.68162492436,-8.7102135100926,0.09113127222523687
1795,267545.4168,250940.17669300947,-6.206512638339665,0.0640747634987271
1796,350717.5441,326186.7354204516,-6.994462949522115,0.07251115642998052
1797,456902.8682,434806.2526097475,-4.8361735344984,0.04957029050109618
1798,596572.5231,562432.5556585728,-5.722685192409455,0.05892958936531123
1799,782569.2534,746889.6040343527,-4.559296089212715,0.04666503279826806
1800,4257.975692,2585.603003607448,-39.276238507764404,0.4988351066600778
1801,6626.088298,4296.166221503767,-35.1628588650032,0.4332915811630329
1802,8321.054016,5475.884589057599,-34.19241626687693,0.41843509999530504
1803,10657.33859,7221.1771389782825,-32.242209647406135,0.38923074608459807
1804,13760.42563,9488.79024464517,-31.042901580325825,0.3716856367987109
1805,22590.35013,16265.984264078481,-27.995873589948282,0.32844675736354567
1806,28585.7831,21033.982037972197,-26.418031073732607,0.3067701776824254
1807,36021.3408,27961.78058649227,-22.37440371322249,0.2532729641307476
1808,45770.88914,35838.22819729297,-21.70082585095927,0.24463313031335865
1809,75225.7279,61773.40538626196,-17.882608635732506,0.197020360485757
1810,95524.40955,78720.99919250165,-17.590697955272887,0.19347186655181758
1811,123473.7145,105141.27746675519,-14.847238626845405,0.16072334989077852
1812,156779.7087,135514.93046703874,-13.563476045010189,0.1457598685431094
1813,200620.9565,175295.32117374992,-12.623624056069177,0.13494523798808444
1814,259432.9932,226472.05244540985,-12.704991893294068,0.13587690568571809
1815,339430.7296,304467.3677895761,-10.300588238320747,0.10870597478565358
1816,440867.9165,396844.6688240948,-9.985586618640955,0.10520037979848951
1817,571815.2855,519661.1845379432,-9.120795173646469,0.09563898076354604
1818,742184.5652,681559.7906108027,-8.168422981534304,0.08521397127189978
1819,4247.894925,2424.1502612539944,-42.93290431956731,0.5609424932122256
1820,5443.827939,3116.605650696757,-42.749739969385224,0.5577380015445854
1821,8619.831887,5309.937028540804,-38.39860106147795,0.4844856056655438
1822,10850.80996,6815.6909401174,-37.18726099487048,0.46501228268514616
1823,13821.99776,8825.808385946037,-36.14665159701171,0.44858116317761976
1824,17783.8058,11819.376983618444,-33.53853996978282,0.4085479547471671
1825,22666.8642,15392.871844977104,-32.09086308031481,0.38699959612169543
1826,28304.2993,19326.035860670898,-31.720493569431348,0.3815605166971068
1827,36110.35439,25842.27461404501,-28.435278327809815,0.33456794752051344
1828,45809.31228,32525.33846289749,-28.99841354506034,0.34246796476064034
1829,57784.85888,42054.36179773081,-27.2225240091634,0.317763674388452
1830,94218.55067,71888.17881805352,-23.700610647428118,0.27050525097253875
1831,120617.9295,95105.22782821806,-21.151666072813775,0.2376440024511517
1832,155187.6665,124990.77193941914,-19.458308280304514,0.21639522607100758
1833,193580.7764,158200.85081249458,-18.276569732522997,0.20182944105721035
1834,249870.3286,209194.033339263,-16.278961767346477,0.17767988723714545
1835,325390.4824,274742.90720852657,-15.565167984604031,0.16919016791984554
1836,420909.6285,352570.2536526006,-16.2361158358247,0.17716824795829922
1837,542796.7344,464899.0967224455,-14.351161814497912,0.15491452598594613
1838,705894.7478,595030.9220052862,-15.705432876534827,0.17085276999105758
1839,5658.817577,3254.542216217459,-42.48723921680398,0.5531633361425872
1840,6995.789699,4048.015693235241,-42.13640107257831,0.5470816877622848
1841,8817.723989,5328.713984321378,-39.5681471662202,0.5036538552575873
1842,11496.6026,6844.556603354798,-40.46452816108649,0.5185978857125875
1843,14297.21906,8873.635471668844,-37.9345351398089,0.4769804731555194
1844,18266.22986,11817.057744070118,-35.306531043127265,0.4355099330559291
1845,23138.25499,14851.358018637597,-35.81470156216998,0.4433959978113151
1846,29005.72346,19148.36537405155,-33.98418280978967,0.41527581827706683
1847,37090.53402,25209.820153049954,-32.03166031673665,0.38612818212719624
1848,46934.01133,32461.20539007028,-30.836499011706614,0.36869690487682405
1849,75774.56609,55224.794617050706,-27.119616163214495,0.31635066635451636
1850,95624.03663,70169.9187521842,-26.618953533938267,0.3095045062460198
1851,121700.7854,90822.85089438905,-25.372009230772758,0.29265453776882033
1852,156731.8409,119089.52184048256,-24.017020946965378,0.27466083061299784
1853,249635.7295,200535.4857208449,-19.668756502724534,0.2190115560606678
1854,323966.5072,261261.58513501598,-19.35537182745662,0.21511799029925704
1855,417453.4048,341122.6551039412,-18.28485498462481,0.20193082779647398
1856,539271.5736,441852.6358425206,-18.06491247204864,0.19924286772964095
1857,694781.4939,565819.1794803049,-18.561564398584373,0.2053228425867868
1858,7118.26324,4079.717910660362,-42.68661086127011,0.556635922220778
1859,11480.47562,6726.731456604495,-41.40720577041306,0.534558462331395
1860,14620.02605,8914.355537779107,-39.02640455432631,0.4947292770727163
1861,18744.58014,11614.228648958428,-38.03953696367814,0.47867369731818776
1862,23774.6963,14980.541027504898,-36.98955882138903,0.46186974033492945
1863,29772.07905,19039.10858503089,-36.05045669448843,0.4470757994193644
1864,38211.10368,25154.75553176226,-34.16898987681305,0.4180791802057513
1865,59719.14575,40337.470546401004,-32.45470939041187,0.3923718411167769
1866,76728.63234,53093.36587870618,-30.803711392327703,0.36822295763986546
1867,157262.1132,116048.66066407143,-26.2068540841206,0.3039043324632704
1868,249653.5336,190644.9247340462,-23.636200143074525,0.2696614259678469
1869,322525.6114,245918.8789911482,-23.752139272388895,0.2711808269254785
1870,414754.6719,322222.1433496169,-22.310183542114093,0.2524459995219761
1871,9091.330946,5214.456017248753,-42.64364537798498,0.5558865443310808
1872,11579.01699,6432.187887281121,-44.44962043983389,0.5878798371595302
1873,14759.73318,8385.905568622764,-43.18389454366299,0.5653503536862754
1874,18834.04103,10940.147546818744,-41.91290371836499,0.5432266417774336
1875,23894.60827,14295.004193658386,-40.17477067575134,0.5137427189498744
1876,29746.44543,18225.660711607405,-38.729954291525566,0.4898791132335969
1877,38091.05198,23477.800936036805,-38.36399963864478,0.48392406470575544
1878,47242.29509,30195.618654821414,-36.083506109733726,0.44759273756347184
1879,59521.02472,38344.970124004176,-35.577436201094734,0.4397062446946425
1880,76571.67647,51072.17790805849,-33.30147612992639,0.40498736419485937
1881,96321.46686,63499.31036678919,-34.07564021104112,0.41666216499864106
1882,122712.0826,83866.11125205831,-31.65619108149802,0.38061920602085664
1883,156250.6077,109780.89256186014,-29.740502019269815,0.35297468434060875
1884,195086.2629,134205.44037258407,-31.207129411578848,0.3740700715865497
1885,249494.1248,178917.09810367788,-28.288051573518295,0.3325128075454007
1886,316368.8628,228971.75758874236,-27.625065386573066,0.32331015353676484
1887,405420.4239,298574.66890794,-26.354309919624157,0.30590456372758545
1888,518344.9478,385548.4288092861,-25.6193331398983,0.29597413194784394
1889,666541.3795,488291.9934461686,-26.742433633684314,0.31118864832220083
1890,11608.32078,6314.537708438644,-45.603349286160544,0.6088676017818706
1891,23850.92544,13514.969917023973,-43.3356581864189,0.5680250652667187
1892,37484.09325,22160.566398820007,-40.8800787816309,0.5256022419205983
1893,47191.9684,27852.622979978238,-40.98016267535422,0.5272965727521601
1894,59161.92564,35872.60879765487,-39.365379998042144,0.5003041688741874
1895,75794.35695,46788.01956774671,-38.269784914710975,0.48239666529726577
1896,95038.04615,59718.22408015112,-37.1638764691175,0.4646400624270246
1897,120335.2237,75827.11093574137,-36.9867702869934,0.4618254861979665
1898,153500.0641,100433.83881290842,-34.57081636951028,0.42420179417511683
1899,308801.6306,205577.59895675193,-33.427294876223385,0.40687552542256356
1900,392932.679,271346.59430369566,-30.9432356213631,0.3702413474459334
1901,500546.1704,342427.68831668457,-31.589190255308253,0.37963933664305394
1902,641243.141,438339.58801601053,-31.642218062179545,0.380414775051479
1903,19697.71358,11323.293212415492,-42.51468239485137,0.5536406167885417
1904,24833.30208,14322.478355746565,-42.32551792908177,0.550355362100051
1905,31089.49774,18427.333038605368,-40.72810956062307,0.5230350153135443
1906,38990.01046,23597.154150773968,-39.478974556874306,0.50217935333961
1907,61498.36516,37742.88715939135,-38.627820331165125,0.48821355337186034
1908,99026.83564,61446.42578302841,-37.94972303627937,0.4772252107902961
1909,125228.1109,79991.60731355389,-36.1232819542965,0.44821524082862396
1910,159050.196,102485.58868734483,-35.56399723811416,0.4394976599899074
1911,318175.1243,210516.34469637444,-33.83632829262812,0.4130386394218295
1912,405387.1722,270406.9850317552,-33.29661035787575,0.4049144151355133
1913,515178.924,351003.1298068986,-31.86772333743634,0.383719125313398
1914,658330.588,450920.3980185153,-31.5054766954691,0.37841639567489693
1915,23896.78533,12735.198941835319,-46.707480667503994,0.6293742149009045
1916,29802.37973,15727.981525568657,-47.225752882625066,0.6391468582507791
1917,37527.53302,20764.435820164526,-44.66879608340286,0.5918331704751552
1918,59563.27602,32939.236339364914,-44.69874973246155,0.5923746688991312
1919,76622.2216,43064.83009709697,-43.795899938906274,0.5761804769257868
1920,95404.06704,54654.570051701485,-42.71253653286447,0.5570883738639747
1921,120684.2811,67956.43961399952,-43.69072840754609,0.5743109824746693
1922,152880.1154,89579.78056219264,-41.40521131357504,0.5345244236254398
1923,191419.0296,111109.6202746737,-41.954767764284135,0.5439476132462229
1924,239889.7485,144013.22791768564,-39.96691029183948,0.5102742806475362
1925,305783.602,184394.27488321924,-39.6977883453609,0.5058014054045188
1926,386517.6583,237075.04796524544,-38.66385070013102,0.4888008056032973
1927,623033.3264,378077.48478696664,-39.316651490929516,0.4995008499539786
1928,6015.668219,11800.880037468156,96.16906398188706,-0.673806672777717
1929,8205.304124,16318.833210086907,98.88151570586326,-0.6875390629533502
1930,11216.05413,22691.10790306998,102.30918681443613,-0.7046269689905884
1931,15231.82066,31464.13961113655,106.56847473108675,-0.7254617682076532
1932,20143.41562,40454.03707891267,100.8300768949366,-0.6972889759461278
1933,26755.89258,54284.547137465495,102.88819360129713,-0.7074848708869848
1934,51103.27435,101555.29312050654,98.72560890123577,-0.6867548375058199
1935,70483.77819,141616.20184632062,100.92027624366573,-0.697738007786624
1936,97789.13189,194297.23002639454,98.69000396174242,-0.6865756551162203
1937,132243.2241,254038.87960765683,92.09973239578393,-0.6528444907390369
1938,180733.5162,343544.05041436,90.08319963973565,-0.6422916831660181
1939,246372.4285,466699.9596951269,89.42864773325351,-0.6388422385173858
1940,330066.832,614651.4058552346,86.22028821582248,-0.6217601321878945
1941,6515.720194,13105.641443145007,101.13880051530349,-0.6988250335785402
1942,9073.712854,18494.58367678835,103.82597481730215,-0.7120963791683703
1943,12077.01067,25556.500723714948,111.61280238990588,-0.7495880149536678
1944,15515.73375,32510.91740123792,109.53515911703448,-0.7397213632408963
1945,20678.15927,44135.15835690499,113.43852603426141,-0.7581786709538036
1946,28030.00899,59441.183668493504,112.062663589226,-0.7517116279759293
1947,53661.69174,108017.53530998332,101.29357052950658,-0.6995942064034413
1948,73106.03827,149268.93103086762,104.18139809406419,-0.713838619089822
1949,98971.49891,196665.65669110167,98.70938488053022,-0.6866731938611075
1950,135455.5318,260069.04289577322,91.99588192512137,-0.6523037375030114
1951,186018.043,354627.37755899853,90.64138716855467,-0.64522392315315
1952,4350.801415,8699.321962865204,99.94757593102429,-0.6928850258555261
1953,5775.911544,12151.776550592398,110.38716500455463,-0.7437792901846514
1954,8032.245708,16900.738700966864,110.41112679277194,-0.74389317747322
1955,10827.39028,22965.75218922364,112.1079188550654,-0.7519250103644506
1956,14062.5029,29773.533093244198,111.72285833444484,-0.7501079614511124
1957,18185.94919,39442.96975418563,116.88705572692535,-0.7742065515342826
1958,24695.45219,53351.30106501549,116.03694742880305,-0.7702792599793185
1959,34104.41637,72045.91525655039,111.25098425647208,-0.7478767394405725
1960,46765.97746,97401.5719998684,108.27442788548187,-0.7336863889502858
1961,64439.99632,129564.82063407336,101.06273748166062,-0.6984468001439872
1962,85867.56404,173586.6031184846,102.1561983959649,-0.7038704719880684
1963,117860.7297,230725.81493562256,95.76140036032932,-0.6717263865756298
1964,161486.4226,313797.9250993189,94.31845727153963,-0.6643281595611974
1965,219319.3404,405741.22707242623,85.00020396396663,-0.6151867415975527
1966,302027.6953,559480.3102990373,85.24139309254836,-0.6164896160698827
1967,409038.713,746059.5624857722,82.3933869276017,-0.6009956351155026
1968,554812.347,992796.9141360073,78.94282986027478,-0.5818961825825628
1969,3980.956151,8078.427886444547,102.92682411021481,-0.7076752557044426
1970,5260.252892,11002.458688696564,109.1621622494526,-0.7379396610554778
1971,7337.319432,15336.487724397024,109.02030866354986,-0.737261231894955
1972,9851.795412,20504.08692155982,108.12538287777247,-0.732970514397886
1973,12690.48837,26765.253380098853,110.9079855695014,-0.7462517650258995
1974,16625.71619,35255.950044650664,112.05672971764271,-0.7516836458950475
1975,21963.97732,47594.41144338515,116.69304584487317,-0.7733116308758063
1976,30432.30731,64112.94799635276,110.67396350616296,-0.745141555787157
1977,41808.74835,86945.66212026232,107.96045218192312,-0.7321777418947608
1978,56663.07654,116770.28158509891,106.07825892169411,-0.7230858083367657
1979,75987.65118,153424.73794771315,101.90746202205898,-0.7026392976475293
1980,103967.0999,203315.8058250724,95.55783129531383,-0.6706859619457557
1981,263653.3444,484380.96972658933,83.71887935990443,-0.6082365737334179
1982,486290.367,860406.546166055,76.93267326557077,-0.5705990971933712
1983,659733.3393,1164579.4023494993,76.52274532391505,-0.5682795507731395
1984,3616.438762,7540.129924019559,108.49599344106242,-0.7347496389561208
1985,6616.230885,14075.809463980142,112.74664848671077,-0.7549318280473507
1986,8778.098178,18904.212384866256,115.35658409750648,-0.767124998982462
1987,11377.50907,24640.25851951771,116.56988685237506,-0.7727431123780502
1988,19855.50628,43149.63086320832,117.31821014643155,-0.776192499633483
1989,26892.04576,58962.54642299907,119.25645579073665,-0.7850718897143416
1990,36969.5991,77800.8609944665,110.44550898163916,-0.7440565689277943
1991,66801.21384,138106.15137923637,106.74197883592886,-0.7263013507226201
1992,91045.72445,184785.73305098756,102.95926488285258,-0.7078351073159492
1993,165797.1449,323242.4942738269,94.96264213041154,-0.6676377754036871
1994,228349.2747,429072.9914893874,87.90206014584174,-0.6307506844257293
1995,313271.615,578343.8858931334,84.61420001079043,-0.6130980562576038
1996,425729.8925,755910.7799563493,77.5564256288039,-0.574118263277283
1997,576032.8481,1013501.363895548,75.94506411196937,-0.5650016245981178
1998,777226.7064,1353251.073265611,74.11278615652198,-0.5545330995398032
1999,3647.441651,6940.850989080977,90.29368124855515,-0.6433983836038095
2000,4806.783385,9444.132484284846,96.47510045399824,-0.6753655220453414
2001,6559.713664,13055.579180280583,99.02666258026143,-0.6882686125768895
2002,11097.40707,22054.543242316955,98.73600295277765,-0.6868071396715347
2003,19262.29021,39981.416698667585,107.5631519553748,-0.7302654541514677
2004,26161.97301,52862.78359400225,102.05962132059491,-0.7033926229158816
2005,35092.01528,71307.53742951197,103.20160258835944,-0.7090284164388727
2006,47161.57558,93737.63144517422,98.758481438279,-0.6869202405391359
2007,62416.13848,121635.9858139975,94.87906297338998,-0.667208990298306
2008,84680.27276,163722.55919031656,93.34203097613705,-0.6592906156799483
2009,14147.98845,21137.23791225353,49.40101193151264,-0.4014638599909848
2010,26623.27853,39662.867340081946,48.97814818482443,-0.39862945272456685
2011,35744.53357,52065.23832977245,45.65930263941181,-0.37610016519864686
2012,49434.76174,72605.02619477871,46.870387636622404,-0.3843802950921127
2013,68127.042,96626.92602904182,41.83343822419563,-0.34948321289299855
2014,92616.97347,129132.94886256556,39.426871797310056,-0.33237006131708036
2015,178035.4588,237840.0223555618,33.59137778432362,-0.28961553548932883
2016,241559.4558,322545.5679268533,33.52636801513001,-0.2891287855709912
2017,328661.2406,435576.4002194623,32.53050448671077,-0.28164265548225664
2018,438181.1068,569617.8852843873,29.99599399532743,-0.2623334485721287
2019,2704.899525,2833.753695457304,4.763732229843325,-0.04653745949488819
2020,3590.832559,4035.1085571059957,12.372506676549708,-0.11664911902962416
2021,4682.615279,5475.682277077061,16.936411616681564,-0.15646011060947984
2022,5764.070872,7039.167932093833,22.12146742136436,-0.19984599803112424
2023,7457.039582,9476.979669511808,27.087694322926648,-0.23970716866032582
2024,13170.77464,17248.363606718583,30.95937086596893,-0.26971694304651805
2025,17506.79369,23583.519577589257,34.710672869015,-0.2979591286547194
2026,22906.40522,31492.082717497404,37.48155773478194,-0.31831959655767506
2027,29969.86428,41947.33396838862,39.96504480796608,-0.33622252550288856
2028,40659.08252,56693.77936879877,39.43693722284899,-0.33244225014343876
2029,55712.5096,75211.0559210659,34.99850654917527,-0.30009352979044657
2030,74970.49131,99697.43074940637,32.982229417653755,-0.28504531990549786
2031,103479.3029,137133.0623684338,32.52221316271914,-0.28158009189816724
2032,262412.7061,339348.8849642811,29.318770423777547,-0.2571102588110836
2033,346636.2366,433584.9009102379,25.083547283768866,-0.22381170631908454
2034,646279.5234,795599.8970228233,23.10461158312221,-0.20786430858935745
2035,16268.79238,16759.74964834036,3.0177855668249576,-0.02973146274092997
2036,26649.7524,28501.404703683806,6.94810321646292,-0.06717351414661366
2037,34913.65684,38301.469792670505,9.703403365038348,-0.0926102051057267
2038,2270.02048,1526.9263359446684,-32.735129511048804,0.3965320694378365
2039,2873.310248,2061.176830311073,-28.264731184327257,0.3321876651014435
2040,3853.887671,2891.400482932853,-24.974448407246978,0.2873414425693541
2041,6044.491118,4878.799656260436,-19.28518776821808,0.2142480806926219
2042,12777.36987,11337.501021174243,-11.268898556395609,0.1195597217883364
2043,16343.505,15186.441974305466,-7.07965045254695,0.07342751628222821
2044,21057.17988,19991.235384358795,-5.062142707218039,0.05194764218657433
2045,26645.86478,26230.35912589183,-1.5593626160710725,0.015716485639297062
2046,44558.8575,45352.11991844129,1.7802575356455057,-0.017645965486210002
2047,56245.72434,59533.60128290151,5.845558896222241,-0.056810854134614175
2048,127772.348,141819.6070614938,10.99397426859041,-0.10430572798215643
2049,170021.7485,185823.1861309895,9.293774337928012,-0.08886924817533881
2050,220068.92,240877.1706317531,9.455333643548162,-0.0903463681186949
2051,292946.9611,320121.2842521072,9.276192198775188,-0.08870836477978905
2052,393845.8629,429173.80774052785,8.969992621072125,-0.08590236128547879
2053,530793.6732,568554.8875799308,7.114104083471745,-0.06872447358385969
2054,702974.6048,749357.3902748951,6.598074120770167,-0.06389525917116678
2055,947651.7654,1001164.1379007966,5.646839319526747,-0.05493164110518656
2056,2948.450913,1928.3025268178415,-34.59946990076136,0.42463982206484197
2057,4953.419803,3486.793577800354,-29.608357125543755,0.351095639040242
2058,6076.61425,4449.093172436064,-26.783353535464844,0.31174738015702985
2059,7631.052229,5800.1905758556595,-23.99225687627436,0.2743349676845863
2060,9968.883131,7643.277122308056,-23.32865154633082,0.265642100810517
2061,12783.86498,10220.41867399533,-20.052201036346293,0.22379627724776796
2062,16442.29724,13862.881951205189,-15.687681904446652,0.1706422095251483
2063,20845.44358,17903.99511951686,-14.110750146402678,0.1521115120518317
2064,26359.49011,23374.906227600906,-11.32261614296868,0.12016530261073832
2065,34067.16576,31048.345563518495,-8.861377602553775,0.09278851550198475
2066,43430.93313,40044.80529235453,-7.796580901243614,0.08117297261250656
2067,55665.77528,53666.94411741121,-3.5907721621312785,0.0365682644936669
2068,71791.6397,70843.9348201923,-1.3200769389972593,0.013288674009011459
2069,92438.60807,92097.65230452793,-0.36884562910540397,0.003695275419161703
2070,120668.6873,121916.06274687422,1.03371924795457,-0.010284129076485016
2071,158959.4703,165160.70771554305,3.9011437342107573,-0.03826972008547891
2072,205432.4171,209648.03895528644,2.052072362676029,-0.020313010388138153
2073,271895.4094,280874.3314515133,3.302344115087247,-0.03248988218484783
2074,358346.0625,372031.2781855517,3.818994295647296,-0.03747875736395123
2075,475946.8257,494902.06170600496,3.9826373414984975,-0.039053750576368174
2076,634395.4065,641777.906362989,1.1637063867972608,-0.011569873999716762
2077,848639.637,842431.4197393352,-0.7315492925373216,0.007342382363667355
2078,3102.43057,1932.0930516554852,-37.723246078783795,0.47358196110612116
2079,5164.702863,3468.1468763002695,-32.84905311501811,0.39822716207609155
2080,6357.197798,4435.686035981753,-30.225766494520002,0.35990539185742954
2081,8023.438245,5870.500359841983,-26.833108443249664,0.3124271684771287
2082,10441.50791,7661.120074759934,-26.628221318275724,0.3096308109265653
2083,13294.97702,10217.428457559548,-23.148205204197126,0.2632913617439563
2084,17098.50778,13616.583808867797,-20.363905528674167,0.22770274778205568
2085,21632.00286,17894.586037361067,-17.277257435786662,0.18967562098776725
2086,27235.89962,23231.731539079174,-14.701802168416226,0.15901685912766794
2087,35092.17501,30936.302851259265,-11.842731770135256,0.12604782756692678
2088,45341.10055,39649.42925060357,-12.553006500404482,0.13413736476461047
2089,56824.03055,51475.32960857774,-9.412744730798162,0.09885665315201564
2090,73895.91328,68830.40208695982,-6.854927381229298,0.0710119876152806
2091,93383.78591,89703.38483468918,-3.941156421798824,0.04020922836019558
2092,158650.3835,156797.08605317687,-1.1681644922233207,0.011750411397914107
2093,202965.2134,200235.344517958,-1.3449934776074324,0.013541204453520805
2094,463258.2775,472026.5933956051,1.8927488879257155,-0.018750592610775385
2095,612299.6428,611356.8440475276,-0.15397669483539778,0.0015409536077584107
2096,2460.755717,1333.354184698692,-45.81525604157757,0.6127707939463898
2097,3164.058273,1774.3490611376003,-43.92173253322379,0.5784218376980395
2098,4113.471955,2444.059266825434,-40.584029900711116,0.5206071388646434
2099,5237.074402,3222.907783612473,-38.459767110017225,0.4854790317337443
2100,6411.996928,4091.837562104157,-36.18466122097061,0.449176604799538
2101,8110.995611,5375.83858406071,-33.72159421748318,0.4113060464873062
2102,10411.89168,7020.922337070268,-32.56823492932969,0.39405398724324314
2103,13212.41983,9363.69097920405,-29.129628791064167,0.344317735294279
2104,16949.10641,12447.271393498606,-26.560898891078438,0.30871367955302986
2105,21674.63865,16172.317210245737,-25.385989259637615,0.2928418848797456
2106,34296.82215,27444.0328749675,-19.980828675791763,0.22290393847105783
2107,43770.78587,35816.41312385344,-18.172789425739776,0.2005603500872457
2108,71566.30327,62132.975878645346,-13.181241674262964,0.14134747792661884
2109,91348.6112,79512.29654040377,-12.957301161023269,0.13877139647953562
2110,115706.8666,103871.67704646075,-10.22859740420906,0.1079037180150415
2111,150764.278,138318.84479716944,-8.254895236410412,0.08615605455210762
2112,192266.8462,175335.0775695487,-8.806390162991756,0.09218535893931801
2113,252240.1875,231796.82376941032,-8.1047211125268,0.08452053022599415
2114,329278.8731,307368.11491138156,-6.6541645937801475,0.06885892967662954
2115,427974.7168,403040.44946181047,-5.8261075618263085,0.06002719315688587
2116,564686.3717,528335.135585104,-6.43742047562789,0.06653967384871606
2117,740509.5173,689594.3313302763,-6.875696365843808,0.07123498707035303
2118,4184.158372,2423.745452089264,-42.0732860326525,0.5459915266840607
2119,8258.619095,5137.753493628194,-37.78919411916293,0.4746414733441835
2120,10575.36154,6719.085909759541,-36.46471674424153,0.45357479257823563
2121,13457.80865,8872.697142214183,-34.07026825118232,0.4165806815983295
2122,17141.99614,11678.79560598546,-31.870270471397617,0.38375651114137455
2123,21956.76255,15523.141140759973,-29.30132069602413,0.3467432935432697
2124,27349.72121,19639.349112326545,-28.191775844699567,0.33117117394047924
2125,43945.62079,33243.70434287854,-24.35263458505227,0.2790875723357402
2126,55308.78418,43342.042334510654,-21.63624101109168,0.24380862330033715
2127,71367.36546,57775.720386501685,-19.044622126504255,0.2112720735622169
2128,116338.0761,97679.35273957094,-16.038363350955454,0.17481019802597508
2129,147801.759,129488.73725347656,-12.39025967649237,0.13227800331937445
2130,188137.913,164903.16614094836,-12.349848304659165,0.13181684392821147
2131,244757.2784,213017.0513203641,-12.96804217105395,0.13889480341596183
2132,320320.8021,283185.6325047848,-11.593118321307793,0.12322037233038685
2133,413209.3593,370867.9052416681,-10.246973623748676,0.10810843911855805
2134,537484.5325,484985.83071831596,-9.767481407789909,0.10278030734663801
2135,703803.0558,626553.9492607394,-10.975954978122816,0.11626368395982922
2136,4282.162167,2295.1973851501234,-46.40096998572816,0.6236392148237417
2137,5393.521768,3007.5726009590503,-44.23731412742023,0.5840652522493315
2138,6649.597681,3789.07324032649,-43.01800767356094,0.5624348921656317
2139,8466.403329,4919.784548034771,-41.89050111535536,0.5428410435031434
2140,10687.15902,6355.585675387537,-40.530634348252285,0.5197088690198068
2141,13570.17285,8447.348600311623,-37.75061899589862,0.47402159440192904
2142,17279.97256,11022.508350121101,-36.2122346441903,0.44960877960963685
2143,22112.53768,14187.542340860524,-35.83937517179383,0.4437804838830157
2144,27359.02372,18338.224816159774,-32.97193275667157,0.40005874023760235
2145,35077.72306,24054.413364700504,-31.425385497354725,0.3772477707238604
2146,43920.42524,30662.997915602602,-30.185106933626297,0.35932283126632747
2147,54950.83362,39429.22910416292,-28.246349497030753,0.3319314545524428
2148,70743.54827,52896.673172834206,-25.227565670089614,0.2907208939308834
2149,89663.459,67590.36697245536,-24.617711912658464,0.2825978445723454
2150,114384.4864,88129.1811132566,-22.953554378807254,0.260761756094686
2151,146876.8152,115800.25860148192,-21.158245129567653,0.2377274453207452
2152,235920.5709,192653.49349223895,-18.339679851868755,0.20260197960310578
2153,306547.7932,254849.54442611366,-16.86466186372349,0.18470032618849075
2154,511870.6519,429945.4033293854,-16.00506852004863,0.17441372848966807
2155,665651.3177,562191.3368971662,-15.542668969741575,0.16892373738109434
2156,5564.911886,2954.763350591354,-46.90368129592782,0.6330625877503948
2157,8703.303821,5017.543918609652,-42.34897434577733,0.5507621483779843
2158,11010.44529,6261.113604720566,-43.13478301911106,0.5644863326394702
2159,13989.98686,8334.009887726304,-40.42875114089776,0.5179971300028328
2160,17803.67056,10818.571562425244,-39.23403870024629,0.49814040083236577
2161,22553.80993,13975.90063197448,-38.0330832114338,0.47856954354266
2162,28090.15936,18153.84746673274,-35.37292817005671,0.43653679440927284
2163,36070.22893,24128.4549268307,-33.10700918018626,0.40207599534705274
2164,45055.67527,30731.441574163615,-31.79229610919642,0.3826126672424941
2165,72225.39577,51457.81887852607,-28.75384298011709,0.3390293048570072
2166,116019.1856,85773.9782715526,-26.06914293703455,0.30203989358805927
2167,148683.7194,112355.31501826129,-24.433343831011744,0.28015505606215996
2168,237483.2191,184983.0374422586,-22.10690163991524,0.24983283318408134
2169,305489.5728,242576.51414720868,-20.594175466008355,0.23059846357420355
2170,393839.9904,317827.5480284193,-19.300336234108514,0.21443577719061402
2171,508481.5475,409824.5289702293,-19.4022809706326,0.2156998367597378
2172,657592.0297,530839.4418814445,-19.275262182904072,0.2141251172016645
2173,7055.334376,3853.5411494713667,-45.38116913948279,0.6047914751420134
2174,8749.244331,4908.966968280211,-43.89267481207559,0.5779038082236596
2175,11173.7274,6331.855886303701,-43.3326439814193,0.5679718726461545
2176,14201.84406,8281.715676148437,-41.68563151968282,0.5393216653589654
2177,23016.78486,14008.704774421569,-39.13700432258561,0.4965448202953162
2178,36679.48108,23504.918771075492,-35.91807168751938,0.44500779141357505
2179,46109.65534,29360.48708585643,-36.324644221779096,0.4513725777299218
2180,57151.42086,37835.081915116374,-33.79852793546737,0.4124674866679996
2181,92170.83755,63695.21246249527,-30.89439766895633,0.36953438279841144
2182,117329.6375,83104.53096970069,-29.17004369871961,0.3448881631748826
2183,239871.3487,177532.46430954224,-25.988466204199806,0.3009492428237479
2184,304640.3587,231285.6638535154,-24.07911255078383,0.27547834248687586
2185,392090.2814,304367.2248493361,-22.37317799294576,0.25325717409938875
2186,503296.1288,394351.0052264448,-21.646326553973527,0.2439373332050252
2187,8920.696852,4808.920636259808,-46.09254505513592,0.6179014069717965
2188,11348.40297,6158.734647405217,-45.73038458639421,0.6112056844754612
2189,14460.59559,7910.283192793851,-45.297666727751626,0.6032638216701027
2190,45761.636,28257.07456180784,-38.25160760902901,0.4821022449732144
2191,57337.02269,36636.05575847619,-36.104014405223396,0.44791364982099857
2192,92369.45694,59839.69450659549,-35.2170116736041,0.4341271429230247
2193,117236.4124,79168.03527815996,-32.47146201638633,0.3926198925155546
2194,149297.0265,101336.21647024543,-32.12442414568422,0.38749392372849734
2195,186299.4152,127211.73895016691,-31.716511931290853,0.3815022045876475
2196,237811.4848,165579.69381662694,-30.373550311970916,0.3620256665853532
2197,300634.3838,214885.1124529104,-28.522775825979757,0.3357913300544286
2198,491539.9241,359781.1537324835,-26.80530388427028,0.3120472250813773
2199,634463.7926,466199.1823802955,-26.52075850225666,0.3081672482619009
2200,11351.61512,5825.657569429988,-48.67992344837368,0.6670881545888783
2201,14545.8597,7712.561350328019,-46.977617621817025,0.6344560525610063
2202,18396.46334,9870.012677282208,-46.34831437507048,0.6226572984873435
2203,28951.56689,16137.272143901335,-44.261144119715254,0.5844926901534766
2204,36377.46043,20958.453185380615,-42.38615632416038,0.5514073055692208
2205,45688.42887,26274.531200705445,-42.491935375002875,0.553244993671731
2206,57272.84037,33100.29102830652,-42.20595518841294,0.5482844465592134
2207,73046.40383,43581.6880659754,-40.336983368267475,0.5164578444564842
2208,115740.5438,71860.85979398247,-37.912111491234874,0.4766192481348579
2209,147146.712,92035.85183184063,-37.453001442641394,0.4692519349209796
2210,230739.6756,149675.42908426237,-35.13233963987493,0.4328209860063428
2211,376864.5529,253644.96869322626,-32.6959867301369,0.3959503185765314
2212,614290.188,413067.0000241827,-32.75702459629996,0.3968576279255096
2213,15075.09404,8174.074670035446,-45.77762070109484,0.6120764605693214
2214,19344.94252,10535.846801914608,-45.53694439245815,0.6076475929432856
2215,30132.49779,17195.46063502983,-42.93383590411663,0.5609588177183547
2216,37983.62157,21891.745933053622,-42.365301074018625,0.551045387754062
2217,47667.4265,27389.759831963307,-42.53988133392663,0.5540790672446256
2218,59820.25789,35155.01850912374,-41.23225183387162,0.5315769821410274
2219,76027.76152,45401.11812283686,-40.28350011213528,0.5155618237442265
2220,95674.68948,57970.48032551786,-39.408760414491745,0.5010198646580566
2221,120981.9047,74414.25935138317,-38.49141362428627,0.4859934050557424
2222,153478.401,95954.26529591209,-37.48028082732496,0.4696881722447266
2223,191115.8471,120091.1152127766,-37.16318294110913,0.46462902539701467
2224,239696.4338,155536.1608316881,-35.11119111539819,0.43249501343962393
2225,305707.5431,198679.2566913187,-35.010024719498425,0.4309371544403984
2226,388388.1359,254048.243297441,-34.58908246289688,0.4244810066389153
2227,633185.7459,416683.3302681797,-34.192559929485974,0.4184372830684051
2228,18660.41453,9328.728298419614,-50.007925689850076,0.6933057069215849
2229,23611.07973,11984.114245051827,-49.243683973397744,0.6781341220837636
2230,29203.2313,14771.596876699377,-49.417936922961744,0.6815731571827186
2231,36771.80198,19106.705581789753,-48.039789858049936,0.6546919498915216
2232,46266.66295,24387.16752588507,-47.28997949940742,0.6403646061892996
2233,58150.36357,30719.661654382195,-47.1720213453135,0.6381292368596458
2234,74400.16881,40173.87465561001,-46.002979162313,0.6162413106181823
2235,93113.1122,50805.09136935289,-45.43723201923768,0.6058184409545149
2236,117534.316,64871.640837735766,-44.80621230846678,0.5943197808583971
2237,231730.5373,134039.83569284916,-42.15702545956633,0.5474381824122982
2238,476056.7033,279192.5664759148,-41.35308576886605,0.5336352255526329
2239,605116.4551,361980.13733159564,-40.18008694346682,0.5138315862053808
2240,4625.948633,11103.767621511226,140.03222911513956,-0.8756030163178234
2241,6209.64566,15369.197680173542,147.50522850563974,-0.90626152107283
2242,8634.114766,21464.825023907415,148.60481480316952,-0.9106943605726077
2243,11901.88288,29486.460723846827,147.74618454191028,-0.9072345866671334
2244,16135.45061,38206.113538951264,136.7836787605603,-0.8619767904933422
2245,21733.06614,51963.784041416366,139.10010537250574,-0.8717121291808407
2246,30644.49301,69959.03716174798,128.29236280371404,-0.8254569145295658
2247,43748.80826,96155.06593229868,119.78899484723628,-0.7874977857890695
2248,62093.50944,131606.80011922691,111.94936685998806,-0.7511772245920714
2249,120860.0317,237314.75244676936,96.35503078125483,-0.6747542162063276
2250,167394.544,322958.80771701725,92.9326966098831,-0.6571712198704738
2251,232899.5912,433630.9955541212,86.18795907707081,-0.6215865101531097
2252,317373.2769,571188.4125647173,79.97369474326946,-0.5876405139074148
2253,3855.403161,9121.823471055111,136.59843316331998,-0.8611941432321544
2254,5010.658185,12481.476123583423,149.0985348182042,-0.9126783543607146
2255,12313.7727,30447.640650614583,147.26492353244905,-0.9052901407618048
2256,16469.75761,40311.44782621678,144.7604195567562,-0.8951096667605096
2257,22641.58209,55370.40348900406,144.55183064905717,-0.8942570867556281
2258,32185.32439,75502.31558466675,134.58615693842552,-0.852652741407713
2259,45604.68448,102181.40196860737,124.05900431877599,-0.8067392433174554
2260,63658.94075,138752.29140904997,117.96198581744382,-0.7791504846113622
2261,122057.8752,247161.51765935356,102.49534678066685,-0.7055467214335813
2262,170979.0985,337109.68159191444,97.16426425766565,-0.678867024026971
2263,233589.7042,433743.5055746388,85.68605455455634,-0.6188871829139302
2264,327688.7114,589598.0768564434,79.92627037332952,-0.5873769719523647
2265,447495.1297,798008.6154035667,78.32788838138873,-0.5784537393328701
2266,3629.804343,8234.859004261643,126.86784812912558,-0.8191974951363576
2267,4808.291382,11261.595501667409,134.21200187296404,-0.8510565101176653
2268,8789.364332,21531.3241618121,144.97020886279154,-0.8959664206847826
2269,11471.9601,27699.628510658145,141.45506320805757,-0.8815131961180445
2270,14740.89733,36719.944007674065,149.10250160241816,-0.9126942787925163
2271,20269.42278,49396.60360901055,143.7001001219954,-0.8907681854841645
2272,28641.57512,68368.9160166579,138.70515406436868,-0.8700589393496792
2273,39570.33594,90341.60190446943,128.30638092497688,-0.8255183168941578
2274,104433.533,216855.67399003956,107.64946637402335,-0.7306812142516268
2275,146196.176,291281.18689907645,99.23994927136565,-0.6893396876062656
2276,202241.8954,381463.4182980427,88.61740666718589,-0.6345504740520358
2277,283718.1761,526402.5838313809,85.53713796815184,-0.6180848807011792
2278,532943.9534,923782.588754354,73.3357856601876,-0.5500604848587329
2279,3402.951784,7452.851546754343,119.01137658770729,-0.7839534903682406
2280,4509.832952,10128.15472647479,124.57937653728844,-0.809059029024958
2281,6219.101004,14359.08592303918,130.8868422269345,-0.8367575440233956
2282,8296.446408,19402.571188198035,133.86604618440916,-0.8495783132529109
2283,10674.60745,24866.07079966402,132.94599746301697,-0.8456364701696746
2284,13957.74554,33456.917525431476,139.70144339965861,-0.8742239771264764
2285,18431.75262,44958.82125201719,143.92048970553725,-0.8916721243380437
2286,25677.91649,59549.313604570925,131.90866606238006,-0.8411734273999993
2287,35435.35512,80670.86184067215,127.65642270970459,-0.8226673884836906
2288,48969.46637,110944.27710515834,126.55806838263968,-0.8178310986274564
2289,66602.14229,141948.83620093175,113.12953505738012,-0.756729940684906
2290,91657.20241,190544.46365605047,107.88815133556997,-0.7318300151188613
2291,173689.8286,337921.93506277073,94.55482096248134,-0.6655437932047459
2292,244843.9782,450622.0384387582,84.04456656502657,-0.610007751885421
2293,337354.5565,612974.0477224531,81.7002426414398,-0.5971881248090689
2294,464149.2191,797091.7016331395,71.73177694421754,-0.5407636372680535
2295,3202.188971,7097.061697973667,121.6315702242067,-0.7958462236485548
2296,4201.233831,9469.606572661238,125.40060738317041,-0.8127091103041497
2297,5615.042185,13262.912557740552,136.2032576205935,-0.8595225094691994
2298,9606.226554,22925.167805116085,138.6490436827156,-0.8698238502599569
2299,12587.97579,30373.371460082468,141.28876609543008,-0.88082422980046
2300,16760.96699,40446.796877409084,141.3154139706893,-0.8809346634700681
2301,22674.0827,54336.71174962972,139.64238142974457,-0.8739775487084884
2302,31239.97225,73885.880806512,136.51071203020032,-0.8608233149147733
2303,43124.00206,100348.7310866387,132.69809454841376,-0.8445716958397611
2304,58014.82481,130346.64973587949,124.67817521257372,-0.8094988599259327
2305,110409.9,230501.6023630457,108.76896217010044,-0.7360580103604626
2306,150584.6931,302778.4386068718,101.06853649846288,-0.6984756415556248
2307,209944.4507,403901.5448984295,92.38495876015527,-0.6543281722652701
2308,291288.8015,538530.1358249194,84.8784206779468,-0.6145282375245582
2309,402454.6648,709449.9508181963,76.28071255448305,-0.5669074961518099
2310,551737.6454,956027.446707311,73.27573252939953,-0.5497139693609068
2311,756429.4291,1289641.7188203044,70.49068547672988,-0.5335104786081573
2312,3355.326673,6430.236527573394,91.64263734189895,-0.6504621878915327
2313,4368.111993,8845.528051331195,102.50231829006118,-0.7055811488389523
2314,7744.292208,16282.150467687172,110.24710884317359,-0.7431133617272501
2315,9940.636176,20942.208377979605,110.67271759267337,-0.7451356418281989
2316,8574.680781,22961.48338750814,167.78236967592767,-0.985004411180725
2317,15040.69189,39826.23788923903,164.78993240808308,-0.9737666177450617
2318,19969.13071,50420.542017379084,152.49242317859054,-0.9262110550635949
2319,26475.30445,67340.10841357705,154.3506479434538,-0.9335436327256534
2320,34452.85537,83856.75088494872,143.3956488784016,-0.889518117981563
2321,45460.32374,106694.06032212911,134.69709747854318,-0.8531255498496932
2322,59634.05841,139732.2592146849,134.31619940066543,-0.8515012967031304
2323,420412.4859,806193.4479578842,91.7624892210377,-0.6510873849728398
2324,551657.5383,1013724.506067883,83.75974870057948,-0.6084590048503475
2325,952415.6338,1708358.433624093,79.37110364389873,-0.5842866784440108
2326,1249054.807,2193425.0613142713,75.60679075263918,-0.5630771661772602
2327,1641314.178,2766081.1590135293,68.52843874072288,-0.521934325472607
2328,2764832.535,4569317.409819616,65.265612002776,-0.502383763335839
2329,3606150.04,5921853.095103955,64.21538287142248,-0.4960086903901946
2330,6862.476523,17855.517293742065,160.19057746716118,-0.9562441667795909
2331,11657.8166,29819.624017559043,155.7908143584884,-0.9391897930454647
2332,14969.4369,37902.76269873091,153.20099180705262,-0.929013421363722
2333,19656.23636,49133.977346038366,149.96635391516207,-0.9161561384775183
2334,26416.46107,64622.11015994842,144.62818841898877,-0.8945692735481199
2335,33758.62416,82784.05614286178,145.22343016855277,-0.8969995688455192
2336,57554.71041,132022.54773348174,129.3861732480251,-0.8302367433423772
2337,133070.0988,279073.60700407176,109.71924536068033,-0.7405995233914382
2338,175199.1725,352328.3977011969,101.1016334573138,-0.6986402333697281
2339,228712.2475,465416.9504783436,103.49454634183664,-0.7104690192324359
2340,518325.6719,955244.8130692306,84.2943278436583,-0.6113639014569294
2341,896561.2016,1587032.2388961886,77.01326312849321,-0.5710544767077455
2342,2600226.706,4264239.276183626,63.99490345760744,-0.4946651648752205
2343,3398056.234,5497154.251742617,61.77349264381293,-0.4810269773028857
2344,8620.244159,23064.05157176714,167.55682491530158,-0.9841617873779125
2345,15102.6552,39064.11744310733,158.65728195335697,-0.9503337637606855
2346,19975.28886,50287.232280288066,151.74720942827992,-0.9232552608551217
2347,26954.65647,66648.63654617651,147.2620514394428,-0.9052785252457607
2348,34488.56974,85246.93855849888,147.1744673703563,-0.9049242469241943
2349,45487.66603,109179.40737790204,140.0198051619006,-0.8755512554571059
2350,59913.625,137905.59521062791,130.17401335777618,-0.833665416689291
2351,2123084.309,3599814.34167742,69.55588275121202,-0.5280123782435968
2352,2771293.873,4583667.524038644,65.39810406597913,-0.5031851338150002
2353,3616132.536,5868902.983116571,62.29778429549716,-0.48426263653228574
2354,6757.30019,18247.150294481555,170.03610586200043,-0.9933854894846537
2355,8567.370143,22558.84217212696,163.31116545208147,-0.9681662854338384
2356,11418.57747,30302.591196888487,165.37973995887322,-0.9759915952375628
2357,14854.77543,38058.44464550927,156.2034331979751,-0.9408016038452391
2358,33249.42674,81246.11342308448,144.3534261760462,-0.8934454592219385
2359,43531.90434,102632.34283395522,135.76350354985462,-0.8576590129936985
2360,57146.80649,131055.1573300809,129.33067546480302,-0.8299947736669733
2361,131737.0544,278357.3077594664,111.29765579415174,-0.7480976443658083
2362,174411.4117,355856.4741901688,104.03279276373681,-0.713110543779262
2363,227663.4738,453488.79803365323,99.19260233727191,-0.6891020216117312
2364,517431.5515,963030.45800768,86.11745944288054,-0.6212077907924662
2365,683795.4729,1242050.6201524176,81.64066148095984,-0.596860161949186
2366,898673.6519,1585096.6935752565,76.38179223614739,-0.5674807336412471
2367,1541628.341,2614059.53391566,69.56483377958733,-0.5280651678724286
2368,1993346.859,3259052.5390322786,63.49650961736001,-0.4916214562152934
2369,2606862.196,4209598.979426824,61.481454059446705,-0.479220114535293
2370,3403037.736,5365484.170740083,57.66748966606472,-0.45531813369144025
2371,12568.70593,8766.003764460364,-30.2553197339357,0.3603290367821046
2372,16599.30243,12271.997579446715,-26.069196996691414,0.3020406248074554
2373,22311.45558,16982.60115234627,-23.88393894135047,0.27291089136974733
2374,28359.74243,22393.230648220382,-21.038667034817696,0.23621190948075643
2375,38051.07209,30587.44012658883,-19.61477444251209,0.21833978841221224
2376,49087.74222,40842.791691760816,-16.796353132900688,0.18387900658429324
2377,66352.89768,57539.77766052821,-13.282193133410392,0.14251093843908436
2378,84150.62979,75416.34065636723,-10.379350879998652,0.10958443363019832
2379,110858.4523,103769.8161898273,-6.394312714189596,0.06607904274991938
2380,145429.5537,142461.25720536913,-2.041054530603888,0.020621718872272154
2381,191702.2985,193655.539036334,1.0188926015062845,-0.010137368820934967
2382,325497.1266,356525.18111448985,9.532512571952712,-0.09105123766222079
2383,420555.1756,466161.7325639369,10.84436944542905,-0.10295695442627384
2384,11673.9654,7791.642228309492,-33.25625045702558,0.4043095328978392
2385,15082.98699,10909.125057956846,-27.672648228168722,0.3239678189337578
2386,25626.20472,19442.374215265685,-24.130887005316627,0.27616052782700606
2387,34312.32593,26839.530650461726,-21.778748822750746,0.24562882117053242
2388,44279.04154,36446.55427559148,-17.688926842133537,0.19466454108748366
2389,172735.7728,166885.63637127954,-3.3867544249180925,0.034454336414926345
2390,296059.6819,308617.0186979082,4.241488309829931,-0.041540024449423285
2391,383170.9841,397788.3700487993,3.814846779991167,-0.03743880707805047
2392,8713.277468,6450.991098513045,-25.96366726292522,0.3006142303431609
2393,11683.74421,8815.052167944756,-24.552848731487632,0.2817377580342484
2394,15277.31431,12149.979669915838,-20.470447728087372,0.2290415067103293
2395,34017.55653,28779.651704230437,-15.397651566038464,0.16720816049450882
2396,46316.46317,40222.41380670901,-13.157415195809289,0.14107307628749943
2397,58911.58219,51644.53138543949,-12.335521359998477,0.1316534012689754
2398,77936.49401,71342.72198340452,-8.46044219765573,0.08839898142376867
2399,134016.4056,129561.795325696,-3.323929077459152,0.033804271002003006
2400,174649.4613,176042.34286071715,0.7975298351047112,-0.00794366374478983
2401,229920.3895,234711.1408353337,2.0836565846778514,-0.020622453741506064
2402,295564.4565,303616.45439900947,2.724278147094963,-0.02687830171454131
2403,508632.882,569689.29290863,12.004023544162056,-0.11336460916318103
2404,7455.827983,5950.295586877656,-20.192692207426212,0.22555510937714374
2405,13398.64795,11022.569867082475,-17.733715310562552,0.1952088257949356
2406,16889.93427,14241.491990863664,-15.680595535771364,0.17055816402561952
2407,22728.31516,19797.125841801888,-12.896641469301548,0.1380747433931404
2408,29709.69194,25978.40316335407,-12.55916346820906,0.13420777524206962
2409,51595.43088,45927.38490549095,-10.985557980302012,0.11637155953603795
2410,345615.9114,364793.4158025625,5.548790946828645,-0.054003133449809226
2411,451893.2551,488383.8574868861,8.075049134957995,-0.07765569920309545
2412,587335.2407,650961.0136048546,10.832956801472346,-0.1028539881539885
2413,762433.5738,879236.6693160209,15.319773358598246,-0.14253872145411428
2414,6391.05658,5497.233215404673,-13.985533587551618,0.1506546897827512
2415,8445.305691,7298.99474158604,-13.573350584994945,0.14587411543332962
2416,11550.45262,10236.740075242999,-11.373688875899667,0.120741407179219
2417,14752.05627,12975.150809477136,-12.045137491350303,0.12834642913951555
2418,19575.19698,17663.032315796,-9.768303563727406,0.10278941891412963
2419,25459.66537,23276.671822670203,-8.574321443761363,0.08964379998140792
2420,35001.95878,32713.360095076445,-6.538487458111211,0.0676204650046035
2421,45300.19668,41171.08567475536,-9.11499575688959,0.09557516823644363
2422,79900.83184,76714.56603343373,-3.9877755127089416,0.040694664217818755
2423,105496.1349,101674.97566282486,-3.6220845823377616,0.03689310379522048
2424,137459.4969,135906.5266815818,-1.1297656789388373,0.011361960090342293
2425,180012.4118,181570.93366248062,0.8657857793784721,-0.008620593474644167
2426,233482.3137,233833.1932973049,0.15028101775441363,-0.0015016820883904103
2427,526202.223,573968.9243789092,9.07763199983843,-0.08688966291462563
2428,890439.6327,1020939.669589832,14.655686033889628,-0.13676341679943071
2429,5455.6115,5085.861842462966,-6.77741913142155,0.07018020964495086
2430,7263.512133,6842.9506442727325,-5.790056945269615,0.059644457378070115
2431,9955.337787,9467.5826833142,-4.899432988830641,0.0502352541919624
2432,12820.68746,12086.905465193313,-5.723421595729987,0.05893740042991347
2433,17485.93625,16438.24030992383,-5.991649089285509,0.06178656818839379
2434,22381.30325,21729.67021883059,-2.9115061973409033,0.029547316140121183
2435,53508.45715,51071.54011854262,-4.5542651783548544,0.04661232176345287
2436,71007.41357,68774.54955282966,-3.144550554526478,0.03195053085715571
2437,94221.01931,92057.07233760397,-2.296671154953604,0.02323455541082531
2438,122895.1649,122862.0490286424,-0.026946439580879354,0.00026950070786213587
2439,161156.1532,163772.55876501455,1.62352197732562,-0.016104837885565715
2440,210418.1031,210823.64629567828,0.19273208421878907,-0.001925465942315796
2441,475260.925,511276.76933834754,7.578120237498497,-0.07304709754482452
2442,620715.7589,688889.9067422263,10.983150800463157,-0.10420820921185481
2443,808349.4939,904813.4117322337,11.933441977779866,-0.1127342406042171
2444,4760.381355,4759.891327882709,-0.010293862628805973,0.00010294392483167769
2445,8760.661555,8723.487633847975,-0.42432778527791537,0.004252306104886472
2446,11335.40285,11185.598884960658,-1.321558369134998,0.013303686599332565
2447,27204.63919,27284.462518012824,0.29341807276078213,-0.0029298844213769826
2448,63849.69312,62619.486100908085,-1.9267234640890918,0.019455266966474483
2449,85067.56299,83635.6562267927,-1.6832582395426547,0.01697586041228405
2450,111680.8592,112894.2354615629,1.0864675202667986,-0.010806078658596618
2451,147001.9337,147559.67786985988,0.379412811669623,-0.003786948566970594
2452,192313.4471,188792.1263177977,-1.8310320132586797,0.01848002885046718
2453,254258.099,253766.65516676422,-0.19328541948855196,0.0019347245680485514
2454,437069.1589,450894.0627005664,3.1630929611598475,-0.031140976750469562
2455,750797.2393,797833.5786838292,6.264852469047851,-0.06076439999099037
2456,962490.315,1034189.2680516645,7.4493168330389405,-0.07184907908150784
2457,1254344.225,1368537.0358938666,9.10378575656666,-0.08712940612577746
2458,4132.497455,4554.410783062715,10.20964520019809,-0.09721423140338281
2459,5456.584884,6010.099822164088,10.143981078478694,-0.09661824281202591
2460,9677.11589,10442.36658211543,7.907838459454792,-0.0761073292301564
2461,13175.37132,14065.119306698594,6.753115074244405,-0.06534864671825069
2462,17447.79703,18487.570858134935,5.959341608267974,-0.05788526480896827
2463,24104.59335,25631.194765027358,6.3332386191338035,-0.061407737399099105
2464,41848.60473,42682.73726321348,1.993214680860114,-0.01973610234677814
2465,55753.72075,57094.32284473881,2.404506957930354,-0.023760538909799678
2466,74638.55184,76125.68281727347,1.9924435035414099,-0.019728541253263288
2467,98400.24766,102549.67082068128,4.216882842631336,-0.04130395364855488
2468,170533.3907,171203.14742185167,0.39274227710038606,-0.00391973057993944
2469,295224.2316,305295.89005591505,3.4115283834699466,-0.033546262941655414
2470,386641.99,406954.48764031846,5.253567425596602,-0.05120218078000072
2471,665103.1074,717997.2065364744,7.95276680381879,-0.07652360106408373
2472,848154.7563,901060.2352408991,6.237715292866434,-0.06050899435881618
2473,1112643.992,1217566.877448235,9.430050061173102,-0.09011534691426704
2474,1444836.605,1604445.9557484342,11.04687894784021,-0.1047822590302463
2475,3574.166839,4243.057340819363,18.71458529917168,-0.17155198338792133
2476,8355.249479,9653.349448896659,15.536340035797739,-0.144414926831951
2477,11470.54488,12981.370257777724,13.171347948884227,-0.12373283775106181
2478,15051.86677,17169.962188463833,14.071978252461188,-0.13165945134423396
2479,20854.86861,23337.28239219594,11.903281812121364,-0.11246475697945613
2480,27735.21731,29197.53755426339,5.272431176286998,-0.051381386682036734
2481,36511.78654,38970.17649948401,6.733140699074681,-0.06516152108662077
2482,48724.79266,51702.54551643242,6.111371016416807,-0.059319026522793195
2483,65963.72346,69144.1729514994,4.821512984220797,-0.047088841399492765
2484,86750.61509,90955.40298606119,4.846983380692921,-0.04733180013710836
2485,114817.9251,119646.4999530264,4.205419013469362,-0.04119394786633812
2486,199735.3,207392.42074536343,3.8336341875289155,-0.03761976103929854
2487,262720.9189,276127.8395625632,5.1031035970403025,-0.04977162140211
2488,345122.4436,357790.3795117627,3.6705627659628397,-0.036048019768221806
2489,593165.7869,632156.6762988147,6.573354407810463,-0.06366333584784911
2490,759038.7633,792980.786149214,4.471711392135964,-0.043746144388256525
2491,998726.4413,1053018.551432371,5.436134249304666,-0.05293522105629833
2492,1296950.217,1428022.7094269027,10.1062084503204,-0.09627524534528753
2493,1692243.519,1898808.946104245,12.206601755893322,-0.11517164454863327
2494,4313.76447,5444.049387097612,26.20182267618362,-0.23271220677370863
2495,5884.273179,7451.22397570054,26.629470608073213,-0.2360950818455585
2496,7525.743139,9330.52908120695,23.98149802448301,-0.21496215900412707
2497,13641.66472,16307.077999504581,19.538768429023378,-0.17847055477023055
2498,25083.07128,27748.815757095734,10.627663763094539,-0.10099999626451606
2499,33821.8212,36877.1137957437,9.033495203220173,-0.08648494447786526
2500,44367.52716,49096.25235398551,10.658076969069269,-0.10127487349850028
2501,105099.362,112399.66378806048,6.946095246572943,-0.06715473879034484
2502,137595.8996,144192.48187598382,4.794170680347672,-0.046827961072693824
2503,183581.4614,190084.85135877045,3.5425090906104155,-0.034812058247974065
2504,547984.9576,584874.3143123183,6.731819222535239,-0.06514913988326043
2505,701640.3683,732894.765240362,4.454475305645275,-0.043581147488611194
2506,1209329.255,1291190.0929282461,6.769110859576968,-0.06549847454336444
2507,2053107.988,2248278.9955976484,9.506124799006361,-0.09081029594170431
2508,2890.265367,3860.9143359687514,33.58338580433716,-0.2895557096294201
2509,3879.119207,5124.371303272378,32.10141348647597,-0.2783997256076649
2510,5242.527551,6868.596599372253,31.01689085185797,-0.2701560667017393
2511,6763.633366,8760.057956791139,29.517043322113434,-0.25864229515680925
2512,11912.31745,15113.17528799658,26.870152272483132,-0.2379939543882017
2513,16566.20495,20467.63060903872,23.550509430578543,-0.21147986971264032
2514,22122.13244,25871.83908305461,16.95002348089463,-0.15657650781928645
2515,29773.2507,34404.40480095413,15.554747943442159,-0.14457423983570372
2516,39907.98521,44811.33471779077,12.286637578892629,-0.11588468006478081
2517,69741.5514,77377.98355965635,10.949616127490323,-0.10390600351512802
2518,92796.25036,101945.24077688785,9.859224248172351,-0.09402958062503153
2519,122028.4962,128499.33574765689,5.302728255416212,-0.05166914217437579
2520,216518.4239,226188.19255510235,4.466025791675066,-0.043691720515010246
2521,284142.8937,294831.24573700945,3.761611595429963,-0.036925885852349793
2522,373504.9225,391591.13766080746,4.842296331665476,-0.04728709542893661
2523,492480.0012,510188.94104156527,3.595869842108274,-0.035327276653688955
2524,836164.3563,861689.7175670518,3.052672728122575,-0.03007005723836187
2525,1091272.096,1124131.1999623498,3.0110825781024957,-0.02966639429896567
2526,1427193.23,1499868.0735730485,5.092151647401557,-0.049667414010405864
2527,1856005.719,1961866.542947984,5.703690611741268,-0.055469622189066925
2528,2721.525935,3773.803690364615,38.66499090939637,-0.32689070074403404
2529,3561.405234,4940.947966604548,38.73591018046301,-0.327402013233165
2530,4832.860581,6692.892641543104,38.48718640582494,-0.32560761843389585
2531,6236.48584,8446.683805675622,35.43979770626116,-0.3033570582315779
2532,10985.2907,14588.7106922265,32.802227001844386,-0.2836908205058357
2533,26911.82763,31772.978728898946,18.06325146598357,-0.16605032423789012
2534,36253.25739,42597.71794584535,17.500387586124567,-0.16127144619599854
2535,48784.99029,55421.77861397174,13.604160387282391,-0.12754994275583442
2536,63275.71016,73067.03043529224,15.474058292722031,-0.14387571522039266
2537,110882.4857,121022.70280559822,9.145012435086688,-0.0875072013700322
2538,196618.2547,207629.83639758945,5.60048796811411,-0.05449280618356589
2539,342067.6204,361045.5469497758,5.548004376322944,-0.05399568122388132
2540,451474.4704,464427.708552499,2.8690964831350563,-0.028287086022420027
2541,766766.7068,785293.2792535329,2.4161941682172206,-0.023874660287525273
2542,1718551.62,1798059.6953766563,4.626458376423755,-0.04522628180610866
2543,2591.067928,3613.216626997888,39.44893485624928,-0.33252828987946437
2544,4529.149742,6380.707510374555,40.880913059786295,-0.34274475929602133
2545,5789.921281,7972.132124795282,37.689818874677066,-0.3198332800099717
2546,7888.536324,10649.814925868764,35.00368748341666,-0.30013190676927337
2547,13912.55377,18601.03293674006,33.69963016315486,-0.2904255319466085
2548,18445.29415,22788.65584833047,23.54726177316325,-0.2114535832965423
2549,24609.73694,29939.46016906654,21.65696952413885,-0.1960351732085499
2550,76702.14207,87921.69220165671,14.627427381907419,-0.1365169210876065
2551,135162.8135,145693.5762751895,7.791168667252925,-0.07502554582156584
2552,180182.2365,191769.9839154316,6.431126419851937,-0.06232788967748171
2553,237953.4608,248584.03586331342,4.467501765922379,-0.04370584916410358
2554,314151.8674,325357.7359039105,3.567022725872388,-0.035048779707979705
2555,412969.3793,423127.74442873814,2.459834950948908,-0.024300681658392165
2556,532821.9849,532984.2519123898,0.030454263710642544,-0.00030449627340978225
2557,703949.0961,710804.6844507979,0.9738755811718539,-0.009691639783358852
2558,922340.4674,916215.7168292265,-0.6640444377376883,0.00666259022141702
2559,1211997.946,1227185.5026980133,1.2531008611142753,-0.012453145318378489
2560,1585250.526,1579957.0488948596,-0.33392053926626186,0.0033447929811938337
2561,2548.862964,3560.9316184969884,39.70667190788169,-0.33437483795961676
2562,3355.769616,4751.019684037766,41.57764768431486,-0.34767812747430504
2563,4461.933464,6258.564990296489,40.26576238288095,-0.3383687398564099
2564,7637.699067,10386.975111560481,35.99612946835264,-0.3074562395514473
2565,9893.089393,13304.866690601271,34.486469919248115,-0.29629341259782294
2566,13493.62046,17999.574689956313,33.393218990511855,-0.28813111404635094
2567,17552.08079,22272.047619288056,26.891209570874224,-0.2381599158118508
2568,23552.47774,29086.447926060602,23.49633973610372,-0.21104133187639107
2569,42201.4087,50402.25021311643,19.432625037269027,-0.177582219164913
2570,55286.14093,64241.463312826876,16.198132537710613,-0.1501265871965387
2571,73725.18566,84617.08099304605,14.773642460903977,-0.13779167624804955
2572,95128.81985,104961.05261296475,10.33570350023085,-0.09835738236533409
2573,126955.5641,139963.8621537928,10.246339454288487,-0.09754712555898237
2574,168886.3989,180632.80759974744,6.955212957499704,-0.06723999035807893
2575,222192.5942,235667.0207418461,6.064300473362087,-0.058875332450835316
2576,293320.3865,306957.6566335527,4.649274568425766,-0.04544433090116051
2577,389493.6803,403242.93865986035,3.53003374772865,-0.034691565760402554
2578,665211.0648,649512.8613885691,-2.3598830870545875,0.023881743076243467
2579,869195.276,864733.6527909312,-0.5133050457431139,0.0051462698174269406
2580,1141063.675,1131720.4139300284,-0.8188203055339223,0.00822191051845067
2581,1495837.971,1450936.808893588,-3.001739692193708,0.030477142616611275
2582,2552.731177,3524.814524322429,38.08012986564581,-0.32266398185676604
2583,4448.825328,6150.800344535647,38.256728260913356,-0.3239421205785149
2584,7491.151786,10093.025873326933,34.73263073095783,-0.29812211553691625
2585,9653.28201,12992.778658631234,34.594417164771436,-0.29709575313180636
2586,17072.0793,21420.562370217776,25.47131485159968,-0.226906979538823
2587,22498.08462,27764.489434920728,23.40823631821119,-0.21032766813601178
2588,29724.67276,36251.963600410745,21.959168038998264,-0.19851611451963613
2589,39870.22687,47892.60719191643,20.121230681917194,-0.18333130251175866
2590,52360.36567,61042.562494827995,16.581619921349176,-0.15342144189517803
2591,19682.70442,41029.492812091004,108.45454941852451,-0.7345508430874776
2592,54467.7123,113977.04653156975,109.25616611874803,-0.7383889906593861
2593,794882.0109,1379811.2454525577,73.5869256734437,-0.5515083004610037
2594,1045122.411,1827283.2411822558,74.83915969554842,-0.5586962778615696
2595,1374626.097,2296549.1709501706,67.06718837669284,-0.5132258711263571
2596,1782793.135,2983204.159232941,67.33316393620402,-0.5148166327015726
2597,2339872.82,3774100.492724739,61.295112301220676,-0.47806549676964316
2598,7537.915887,15001.396871749168,99.01252675982755,-0.6881975852970719
2599,9538.164313,18921.77008331314,98.37957768796029,-0.6850120685239833
2600,12245.39992,24935.818371241385,103.63416902795106,-0.711154908909668
2601,26619.95387,53807.06096679809,102.13055676042045,-0.7037436232340504
2602,33653.34532,67182.76637208488,99.63176240954128,-0.6913042955377104
2603,43182.45211,86230.00331671294,99.68760249431085,-0.6915839718571757
2604,260398.8384,487296.8122456482,87.13478725166547,-0.6266589586660452
2605,338556.4061,623004.6600434157,84.01798011153205,-0.6098632848442591
2606,441391.7157,776412.5781534817,75.90103088413758,-0.5647513263643837
2607,580609.6182,1016361.0270602383,75.05067005454548,-0.5599052891947203
2608,762105.158,1300379.000452101,70.62986476363685,-0.5343264909799252
2609,997478.8169,1647171.1072570595,65.13344236985365,-0.5015837026926651
2610,1310790.578,2144471.792628276,63.601404268583025,-0.49226282169251334
2611,1693501.524,2735294.6030157907,61.51710312932619,-0.4794408527970013
2612,2222128.772,3455988.693111204,55.526031463994926,-0.4416429365337109
2613,2908827.644,4538077.423742308,56.010529984577815,-0.4447533188845707
2614,11836.75242,25358.375774086657,114.2342331266455,-0.7618997777743584
2615,26086.27792,54271.39485251427,108.04575884283251,-0.7325878639546932
2616,33361.21792,70560.20383102987,111.5036807116359,-0.7490722152387086
2617,54567.15227,112282.82944314,105.7700003979702,-0.7215888561253028
2618,1786557.198,2921308.4879184305,63.51609067925461,-0.4917412134472787
2619,2344307.014,3787732.560720772,61.57152361447365,-0.4797777293142005
2620,9628.686851,19036.314512644436,97.70416056959411,-0.6816015888309455
2621,15820.53076,31767.342776909256,100.79821125362332,-0.6971302936903196
2622,26623.5658,54310.084689351934,103.99252713681176,-0.712913175502873
2623,33782.81994,65927.68283958148,95.15150883399427,-0.6686060392714364
2624,43453.54609,86833.83999122553,99.83142414056896,-0.6923039458403029
2625,54973.27277,110858.88744547298,101.65960995134868,-0.7014109907856234
2626,339581.1328,625057.3481629946,84.06716033046774,-0.6101305068199636
2627,441935.0295,794828.7598740658,79.85194809592838,-0.5869638158765209
2628,580533.0546,1002415.5749137425,72.67157605770247,-0.5462211999656965
2629,764603.436,1305845.896871111,70.78734352837918,-0.5352489914988539
2630,1314511.881,2180712.236639545,65.89520932900147,-0.5061861339318181
2631,2229147.113,3537394.8065715656,58.6882617994161,-0.46177147409177266
2632,2913249.005,4574104.910371378,57.0104341414296,-0.4511420766514327
2633,7346.953336,6625.215030934464,-9.823640794464076,0.10340288633691408
2634,9494.077175,9135.315167367533,-3.7787980971670097,0.038520458599276
2635,41369.59812,43131.73067708137,4.259486766030407,-0.041712670704324495
2636,53152.21742,56326.38748439085,5.971848811704473,-0.0580032956040224
2637,131943.5075,143454.689710502,8.724326364070608,-0.08364537669872618
2638,175709.0309,196884.1689518744,12.051251972316456,-0.11378618753258074
2639,314429.8542,350536.5082465449,11.483214320857234,-0.10870384937160615
2640,6683.739763,5895.079424383727,-11.799686501592364,0.12555966857794942
2641,8943.252895,8146.552964257399,-8.90839094115319,0.09330449289241827
2642,20591.21313,20080.066696753558,-2.482352205377042,0.025136821341586568
2643,27008.63954,27352.13377171243,1.2717939058119239,-0.012637745288396118
2644,36889.92504,37602.65067997703,1.9320333104613614,-0.019136065099432997
2645,47476.26745,48531.18214694983,2.221983221534473,-0.021976568665836638
2646,63872.01609,67441.83705930176,5.589021903225419,-0.05438422063017434
2647,85515.99093,91945.24060565318,7.5181841498111215,-0.07248980215651635
2648,116350.83,125306.68330128629,7.697283552928921,-0.07415417550638459
2649,207855.6895,230164.22911644305,10.732705787417496,-0.1019490553252762
2650,370652.6943,411439.0720916316,11.003933984254225,-0.10439545599580313
2651,5169.862258,4851.190522390214,-6.164027583455708,0.06362190225124209
2652,6766.053205,6664.409086992661,-1.502266017243636,0.015136643325876165
2653,9178.786489,9096.599925639643,-0.8953968311481165,0.008994295994758872
2654,15551.03353,16224.141991855073,4.3283840945783885,-0.04237327796561274
2655,20327.04585,21633.81949356667,6.428743523332341,-0.06230550033260229
2656,28266.66393,30088.494691373333,6.445156619419058,-0.062459705203261606
2657,36665.58957,38595.237493500215,5.2628307525677105,-0.05129018653211581
2658,49373.74188,53194.49040551894,7.738422043856925,-0.07453608519321442
2659,66047.20057,71277.16259639978,7.918521877179054,-0.0762063293496631
2660,89029.17402,98114.71202329198,10.205124447465899,-0.09717321098773546
2661,117787.9693,131170.99997109603,11.361967398393741,-0.1076156774533974
2662,157947.897,175043.86812841508,10.823804212103617,-0.10277140470981827
2663,210944.4242,229202.23912398354,8.655272588135816,-0.08301004772958365
2664,383084.9558,423547.0244804991,10.562165928965227,-0.10040776436909127
2665,508396.4498,567931.9736893557,11.710452327662114,-0.11074009071064772
2666,4317.329902,4389.691147262663,1.6760647646857314,-0.016621737987254193
2667,5848.604568,5976.073164215236,2.1794702434263837,-0.021560593358413982
2668,13729.24248,14670.29339527653,6.854354248950011,-0.06629654598981638
2669,17564.11101,19420.87975196423,10.571378994969287,-0.1004910901803111
2670,31871.23234,34649.575798321246,8.717402040442241,-0.08358168769403207
2671,42875.86973,46654.41331430899,8.8127508738678,-0.0844583370987646
2672,138265.5039,152423.05269490895,10.239393337869968,-0.09748411815861324
2673,442865.5902,484133.7290694808,9.31843425695908,-0.08909485240205761
2674,593766.2346,652485.8060645266,9.889341636963232,-0.09430368834316916
2675,6863.456139,7515.881867515424,9.505790017483557,-0.09080723874252783
2676,8873.808534,9714.47792147915,9.47360295478684,-0.09051326530062909
2677,15716.8591,17368.318095854076,10.507563790872672,-0.09991378322321331
2678,21293.17163,24118.506957597274,13.268738808344791,-0.12459302877872425
2679,27811.96801,30982.235356395777,11.398932090155874,-0.10794755519483346
2680,37689.30503,41984.38097236417,11.396007273005862,-0.1079212995073533
2681,68073.88031,75454.21862834324,10.84165950983564,-0.10293250601510096
2682,91117.67343,101797.51753602803,11.720935910674548,-0.11083393234232553
2683,121291.9331,135647.947239103,11.835918327121629,-0.11186259618694905
2684,161719.3033,176037.49999922919,8.85373385060161,-0.08483490381981973
2685,391378.3367,422252.6874901702,7.888620267154965,-0.07592921516411444
2686,521703.5735,566769.5223763606,8.638228903440817,-0.08285317525421654
2687,697689.1859,764656.0529829958,9.598381118178043,-0.09165241759719045
2688,3404.781555,3814.3379376737735,12.02885929854532,-0.11358632442363614
2689,4446.224041,5129.899571396058,15.376542524435896,-0.14303087640480072
2690,6034.877109,7012.319245136134,16.196554105110838,-0.15011300312865217
2691,7829.087814,9101.642780180795,16.25419201334295,-0.1506089181590493
2692,14026.79044,16320.093333060218,16.349448598878602,-0.15142796459022279
2693,19349.98473,22211.43948002599,14.787891514920023,-0.13791581772582617
2694,24908.86147,28374.620132975855,13.913757829317019,-0.13027146583896076
2695,33472.88642,38311.9621839046,14.45670296605571,-0.13502642545878274
2696,144433.3163,157808.14375943225,9.260209349241567,-0.08856209304245866
2697,194821.7955,211387.30070607914,8.502901414887706,-0.0816067277859247
2698,261569.0154,286080.0462791112,9.370770020917078,-0.08957348384735297
2699,350519.6269,380271.4249236566,8.487912156811854,-0.08146857209303526
2700,465688.6121,504447.194721902,8.322853858745239,-0.0799459693829565
2701,624509.1242,677490.78768645,8.4837292896753,-0.08143001528340577
2702,3042.29946,3594.299300730813,18.14416522727229,-0.16673543197571128
2703,4065.672382,4809.404682463974,18.292971754357488,-0.1679941728709231
2704,5460.281645,6540.486586451394,19.78295281600614,-0.18051119253974512
2705,7035.227834,8401.839941231026,19.42527149762562,-0.1775206466588113
2706,9584.918564,11416.007809474606,19.103858141810356,-0.17482568398627052
2707,12569.94339,15035.845563988543,19.61744852367663,-0.17912853555362496
2708,22990.81382,25813.168550090373,12.276010550070966,-0.11579003361383933
2709,55134.38601,63068.01112130623,14.389613606773935,-0.13444009868535467
2710,73580.52768,83673.70326102457,13.717182927689173,-0.12854432848373598
2711,98340.02758,111091.79530664555,12.96701662633961,-0.12192570185409757
2712,131240.0149,142525.63818411063,8.599224324006553,-0.08249407898169281
2713,175827.7466,191129.49201208155,8.702690962019949,-0.0834463636930014
2714,235397.9179,253864.27828883778,7.84474244869172,-0.0755224369216041
2715,563574.3438,601188.5100174815,6.674215501696066,-0.06460928896187035
2716,732919.4328,761010.2848787527,3.8327339706952728,-0.03761109120179107
2717,982909.6991,1025002.9655367043,4.282516132992376,-0.04193353141090306
2718,2758.420227,3366.303939234919,22.037385974944097,-0.19915725421885178
2719,3660.698181,4513.597307659027,23.298810349506574,-0.20944057571316677
2720,4930.530113,6085.621614664697,23.42732881032699,-0.21048236620104888
2721,11243.27264,13760.145262351381,22.385587390251015,-0.20200642707740002
2722,15402.85877,18719.933806601566,21.53545056883986,-0.19503580846382462
2723,20525.58044,23820.481774082804,16.052658504417924,-0.14887385473724457
2724,36329.78274,42521.87436620847,17.04411961536675,-0.15738076845845583
2725,48998.02806,57353.58754165521,17.052848476725437,-0.1574553432078325
2726,88030.36228,99676.28101154434,13.22943406105944,-0.1242459641893543
2727,116163.2212,128211.38263865314,10.371752189886022,-0.09868404726990754
2728,157224.8229,170432.21291013306,8.400321123931802,-0.08066086541096062
2729,209489.9314,228948.48988729995,9.288541151959127,-0.08882136519854456
2730,279560.5565,300837.0315879238,7.610685625432217,-0.07334976559534567
2731,373149.2923,399244.5031123857,6.993236045428705,-0.06759543194698914
2732,652447.7057,675610.9459432903,3.5502064059584297,-0.03488639514903724
2733,875202.262,904569.8272671775,3.3555175234656254,-0.03300448549226864
2734,2597.566792,3128.0138203147553,20.42091968331397,-0.18582308331612207
2735,3398.93977,4187.803334625916,23.209106898234808,-0.20871278200793597
2736,4551.127358,5651.126586146828,24.169818632151504,-0.2164799477981454
2737,7869.672801,9659.58993057029,22.74449236749519,-0.2049347109833306
2738,14175.88702,17190.949247486707,21.268949330880794,-0.1928406147598487
2739,18749.23185,21807.173771306167,16.309691755751405,-0.1510862041637573
2740,25363.52629,29022.8382835437,14.427457569204186,-0.1347708778757415
2741,44536.89213,51788.26054450336,16.281711784776398,-0.1508456108255345
2742,78708.84309,89519.06054354433,13.734438252615833,-0.12869605591368583
2743,140997.6597,153825.88400362298,9.098182431479742,-0.08707804705569622
2744,188652.0553,204273.48720128127,8.280552192468619,-0.07955537841686322
2745,333375.6607,356425.9536597891,6.914209907042894,-0.06685655030937987
2746,446149.4738,467301.38678543695,4.7409924761939655,-0.04632037843601999
2747,579555.2012,589240.2408813274,1.671115997453568,-0.016573064902978274
2748,779719.6138,782817.6359631597,0.3973251548798835,-0.003965379030969274
2749,1033604.129,1054179.5222420634,1.9906454187610416,-0.01971091150964277
2750,1375753.26,1389555.946190999,1.0032820995095357,-0.009982826359932417
2751,2505.896795,3047.5906074730083,21.616764647045574,-0.19570464120437592
2752,3252.903677,4096.041072980603,25.91953158472214,-0.23047287873064448
2753,4383.316131,5471.671725003683,24.829502629448452,-0.22177864128375724
2754,5618.986641,6939.809641513476,23.506427135381323,-0.2111230103078583
2755,7580.444988,9374.603330023732,23.66824566188293,-0.21243235602510957
2756,9788.147383,12276.582503081327,25.422942899319512,-0.22652138320582615
2757,13414.66787,16476.040823932453,22.821086467438974,-0.20555852888803194
2758,17798.56012,20909.005208399594,17.47582426571929,-0.16106237549644753
2759,23922.13815,27675.362278181983,15.689333890841962,-0.1457382563288263
2760,31893.49597,36999.216147855645,16.008656381408425,-0.1484946263117024
2761,42759.68593,48982.67322490306,14.553398042002556,-0.13587088674033865
2762,55480.92566,64373.002869013384,16.027269017654998,-0.14865505523023792
2763,73794.20564,83666.65431073295,13.378352114656558,-0.12556028862231194
2764,97538.77796,107331.97137457486,10.040307680080813,-0.0956765461392628
2765,130707.9797,141343.17274804154,8.136605792891425,-0.07822511031663737
2766,174865.5677,189394.92129855131,8.308870516737699,-0.07981687155975337
2767,232698.9994,247883.74296492068,6.525487262116983,-0.06321408754482327
2768,309600.7302,327062.92495944584,5.640230482714103,-0.05486908321348949
2769,537748.5751,542741.6979854257,0.9285236849762303,-0.009242394037659807
2770,1272493.069,1268980.1142516278,-0.27606867447480626,0.0027645044683772824
2771,1688309.226,1677755.4996254323,-0.6251062431004993,0.006270682127128779
2772,2391.714123,2865.010061091086,19.788984542074623,-0.18056154673511848
2773,3109.118351,3799.372394002951,22.200957476608803,-0.2004966960428387
2774,4204.874045,5202.166453210966,23.71753345137278,-0.21283082509086348
2775,5325.630552,6554.580436921196,23.076138551512443,-0.20763299048896755
2776,7134.442491,8748.426728551542,22.622429707542818,-0.20393977108687622
2777,12512.0868,15272.611283894223,22.06286231881179,-0.19936599095007956
2778,16619.05515,19244.759989722144,15.79936293623855,-0.14668887772149652
2779,21915.3815,25166.093164772636,14.83301426795895,-0.1383088372853134
2780,39174.24869,44439.17447056932,13.439761977906919,-0.12610177857338023
2781,51732.54729,58367.7991947593,12.826068408276312,-0.12067722928595437
2782,66933.6303,75662.38657946719,13.040912677744274,-0.12257962629175267
2783,88890.19746,96983.16662934629,9.104456284944218,-0.08713555189159727
2784,158226.936,169699.69558993063,7.250825858076812,-0.07000007209879655
2785,210854.1062,221590.52318735135,5.091870004735695,-0.04966473404773808
2786,280666.6761,289384.73895014887,3.1061980607354633,-0.030589320208814996
2787,372783.0394,382474.5424440216,2.5997703810828487,-0.025665508744932453
2788,484916.559,483240.4614548209,-0.3456465888967778,0.0034624532679501385
2789,649402.1186,639603.6375961258,-1.5088464794352787,0.015203453817346002
2790,861054.4021,843378.8261870709,-2.05278271266259,0.02074145152292317
2791,1145227.8,1113707.976494062,-2.7522754430112553,0.027908601634850427
2792,1517322.399,1468304.6378772373,-3.230543565103114,0.03283877419382186
2793,2441.302014,2807.8922282487224,15.016176292259534,-0.1399025958939406
2794,3195.877829,3688.737974128504,15.421745495281383,-0.14342258616843395
2795,4191.689851,4916.371753902536,17.288538242629045,-0.15946685170552577
2796,5375.792634,6249.614606910623,16.254755947690487,-0.15061376902050938
2797,7096.350393,8278.003853990185,16.65156588315869,-0.1540212361625759
2798,9191.989716,10729.317563597073,16.724647166664354,-0.15464753208999227
2799,12334.34236,14537.355088642218,17.86080412188443,-0.16433411608535664
2800,16148.09321,17969.80715138493,11.281294439499527,-0.1068909938338809
2801,21424.06633,24084.138501864087,12.416280508519527,-0.11703858536441203
2802,28447.11336,31708.18872835454,11.463642469045727,-0.10852827522677799
2803,65533.15032,71309.10770146531,8.813794779071612,-0.08446793064536706
2804,83383.72197,88866.25573285106,6.57506481279833,-0.06367938480560476
2805,112072.7071,117983.22048266741,5.273820482799254,-0.051394583844194486
2806,147958.4638,155240.93056990186,4.921967005379154,-0.04804671650334669
2807,261523.9362,264871.74289942265,1.2801148331074461,-0.012719906225333588
2808,347613.937,347666.292579428,0.01506141551166446,-0.00015060281394241315
2809,449939.275,436381.3614493167,-3.013276302826264,0.030596085953440877
2810,602316.7907,574745.5704967722,-4.57752807641061,0.04685608051791057
2811,1397035.074,1317404.0045349647,-5.700005028294325,0.058689049670997306
2812,2460.293842,2679.40728633685,8.905986780779418,-0.08531481746986547
2813,3181.584103,3564.6172143055774,12.039069183945355,-0.11367745647877747
2814,4172.701358,4761.612653070781,14.113430234869456,-0.1320227697802281
2815,5322.249125,5960.340379707153,11.989127899140815,-0.11323160826608003
2816,7075.088203,7982.978585182757,12.832212915703167,-0.12073168780077026
2817,9127.001394,10383.967000838265,13.771944942011089,-0.1290257758029334
2818,15918.00852,17101.637024551415,7.435782579612642,-0.07172311172982937
2819,27328.00277,29711.449032844863,8.721626248740547,-0.0836205418807161
2820,47538.78109,50930.71258996045,7.135083025243914,-0.06892031042340463
2821,62326.85998,65702.2293269372,5.415593450432638,-0.05274038462634678
2822,105557.6216,109942.91605663019,4.15440817077882,-0.040704306034713866
2823,243080.6944,243855.4532178317,0.31872494841437093,-0.003182180971394999
2824,322471.0466,314929.14313710475,-2.3387846885523302,0.023665683120643877
2825,417903.9767,399919.20242647285,-4.303566196125922,0.04398915255085001
2826,736183.8546,690160.9009772021,-6.2515570445108555,0.06455512975027489
2827,973777.7799,905854.9113050374,-6.975191876111377,0.07230397438705438
2828,3226.76879,3493.1453585474273,8.255210890007005,-0.07932131728796143
2829,4244.379173,4705.739731320856,10.869918532626242,-0.10318742299501871
2830,5344.508109,5906.616340064708,10.517492341683113,-0.10000362417600783
2831,12097.51953,13278.795534057033,9.76461332529904,-0.09316800813116011
2832,15595.86708,16534.613026692157,6.019196892848598,-0.05844999448957289
2833,103844.5777,102755.90257077542,-1.0483697399874692,0.010539038481377716
2834,133748.2917,135782.57864941529,1.5209816316594373,-0.015095306713881484
2835,176536.8204,174012.29521225675,-1.4300275614022817,0.014403509923262448
2836,308977.0325,297248.3916838318,-3.7959587873795,0.03869882075156106
2837,399975.5713,373569.2145080203,-6.601992393223864,0.06830017281405176
2838,532856.2511,485806.4758007719,-8.829731320989675,0.09244134338443111
2839,927461.2671,826778.5833078148,-10.8557292216635,0.11491410870940122
2840,1221392.799,1080158.3260494391,-11.563394926365614,0.12288421751046386
2841,2630.908807,2635.8425482343555,0.18752992202651037,-0.001873543041912562
2842,3385.214717,3489.206248035,3.0719330892888888,-0.030256937995718047
2843,4410.694936,4507.497073409923,2.194713958107292,-0.02170976792044499
2844,7266.027676,7529.583527488936,3.627234346484428,-0.03562998908277315
2845,9335.961038,9656.288610946232,3.431115143287437,-0.033735650966697506
2846,15898.05775,16066.154489151311,1.0573413544891126,-0.010517905935014227
2847,27018.21769,27110.31811301849,0.34088267433190583,-0.0034030298634064593
2848,35287.34992,35651.6594165977,1.032408206973962,-0.01027115272070489
2849,59696.2528,58753.39147432677,-1.579431340241904,0.015920372678737138
2850,77398.35332,74657.74007115497,-3.540919323585713,0.036051302012479525
2851,170817.0019,162390.2856186866,-4.93318357516108,0.0505902108209586
2852,224778.9383,211379.03778532697,-5.961368363075427,0.061464513284224864
2853,296345.96,273347.05303865444,-7.76083026788878,0.08078531123745236
2854,382082.0918,342190.9941409683,-10.440452069109952,0.11026644193787227
2855,508642.6721,446820.1157006275,-12.154417981513376,0.12958966267663996
2856,670181.6503,587770.8669310501,-12.296783018762085,0.13121160562663192
2857,881111.4525,758484.6468226198,-13.917286550917938,0.14986156766109815
2858,1156830.756,996752.3331892664,-13.837670029126858,0.14893711113241714
2859,3566.875739,3369.701717775695,-5.527919547866953,0.056865840091825604
2860,4616.16845,4460.216808292374,-3.3783784841652937,0.03436764459906527
2861,5785.269037,5563.452213913975,-3.8341660805639846,0.03909604816215051
2862,7538.26144,7357.233230622478,-2.4014583577181186,0.02430763487041432
2863,9520.428287,9386.929698993557,-1.4022330086634183,0.014121571782638398
2864,12750.40785,12575.817007276442,-1.369296141562697,0.013787574695252047
2865,707859.959,1252394.3933834995,76.92685925515099,-0.5705662366377773
2866,927703.2646,1638165.02388653,76.58286721593693,-0.5686200828432515
2867,2087437.29,3444012.4232442835,64.9875873992978,-0.5007000571996869
2868,2766294.227,4393743.543224595,58.83138895133134,-0.4626730067135849
2869,9556.94546,16894.285620554558,76.77495064991776,-0.5697072723332735
2870,12588.49228,22677.570744768684,80.14524885396905,-0.5885932775802356
2871,19865.80043,37147.41383821218,86.99178001463585,-0.6258944727593683
2872,32439.20483,61337.87138847898,89.08561942231488,-0.637029739308705
2873,41428.67568,77908.28525509384,88.05400842852585,-0.6315590144603203
2874,86005.21367,159109.73911351972,85.00010909108381,-0.6151862287715932
2875,184272.6492,343684.0040441626,86.50841865910644,-0.6233061923402943
2876,239284.3177,436263.3704850769,82.32008460831818,-0.6005936630141608
2877,518693.4246,918668.9404320425,77.11212382159864,-0.5716128139482652
2878,887329.0989,1508182.228191125,69.96875568047766,-0.5304444440558616
2879,1164643.594,1939136.263968316,66.50040183609303,-0.5098275368594845
2880,1502890.835,2468646.995794519,64.25990087260854,-0.4962797488451933
2881,1972606.801,3155391.7324102805,59.960501546008835,-0.4697567334320283
2882,1587267.614,2639692.0599586605,66.30415921525004,-0.508648210212229
2883,9535.706656,16586.071489113783,73.93646939293791,-0.553519928123082
2884,19871.75699,37021.16512140971,86.30041188627531,-0.6221903024934186
2885,25903.96896,48704.54151131965,88.01961037911795,-0.6313760819291172
2886,32611.94525,60073.38201758345,84.20668119324604,-0.6108882085827396
2887,41382.3238,78265.30246043827,89.12737438016536,-0.6372505405963622
2888,52886.41894,98668.37409201225,86.56656296572505,-0.623617895402429
2889,239013.6335,443586.539738305,85.59047584133103,-0.6183723175372542
2890,519309.1391,921320.1595227069,77.41266042793332,-0.5733082479019842
2891,888296.5947,1510328.5860583938,70.02525902606546,-0.5307768225311502
2892,1163294.243,1917053.0388805876,64.79519695178166,-0.49953328635250216
2893,1505892.074,2462602.177039168,63.531120161747246,-0.49183312361807374
2894,1978770.733,3151004.63534817,59.240511434639764,-0.46524552386104645
2895,4670.275153,5477.56731673829,17.285751637560757,-0.15944309287782232
2896,6348.73186,7592.475695120138,19.590429436094315,-0.17890263088921543
2897,11301.5165,13782.954241210684,21.956679364319683,-0.19849570850907838
2898,15514.9574,19072.441178739067,22.929381544670356,-0.206439870723246
2899,38955.02798,46989.034465492485,20.623798523818916,-0.18750641319715555
2900,75606.53583,88065.8458682787,16.479144165913453,-0.1525420509565869
2901,106434.1451,120751.29341375694,13.451649656513231,-0.12620656595631097
2902,144664.0834,164029.81808980284,13.386691592450124,-0.12563384032729275
2903,198002.4172,221847.90870260145,12.043030504276818,-0.11371281245176768
2904,266784.3085,290736.9404326691,8.97827614650323,-0.08597837496965965
2905,4370.549487,4867.312875221729,11.366154065966505,-0.10765327187610119
2906,5878.45394,6783.678826243528,15.399030008280171,-0.14322576257640662
2907,13914.37211,16804.427701177483,20.770291094202182,-0.18872013461509418
2908,18699.87802,22968.837297699094,22.82880815122608,-0.20562139627742404
2909,26479.89144,31918.85674628623,20.539983400650343,-0.18681132435857073
2910,34743.20713,40730.959819111755,17.23431192378742,-0.15900441216268746
2911,66275.2774,77619.22849638434,17.11641435752683,-0.15799824863951173
2912,92360.67645,105282.6238109277,13.99074569134742,-0.13094708096520513
2913,125720.0035,141237.5043793745,12.342905223809106,-0.11638566177352061
2914,171241.7803,190595.8917738539,11.302213420081964,-0.10707895906854858
2915,231069.1606,248353.8025827271,7.480289424103746,-0.07213729057380647
2916,313665.5688,346543.05014671636,10.481699178043907,-0.09967970295524609
2917,3392.368827,4061.914640000096,19.73682247257887,-0.18012600226523112
2918,4511.644765,5580.2062218280325,23.68452111118355,-0.2125639530922161
2919,14095.4861,18047.044917276566,28.034214565161864,-0.2471273435032284
2920,19874.38203,25245.370660173965,27.024682438259262,-0.2392112314945578
2921,35819.12751,44452.29369106376,24.102111863706195,-0.2159345235128569
2922,49846.44282,59691.26578679044,19.7503019470035,-0.1802385717778634
2923,68152.67417,80762.90993947789,18.502921452536,-0.16976742789109878
2924,93169.94634,108453.64198982774,16.404104810851546,-0.1518976133854988
2925,127311.0603,148001.9236534064,16.252211948160497,-0.15059188580941196
2926,173287.7539,192531.49438539578,11.105078144472257,-0.10530621748395674
2927,239933.0407,261909.74677045006,9.159516341031411,-0.08764007910781757
2928,325434.0614,356299.57345116796,9.484413499430934,-0.090612010665863
2929,436638.9699,477746.7081022893,9.414582993291654,-0.08997399487203062
2930,2981.141413,3666.5039418592346,22.98993687017137,-0.20693235197372495
2931,5323.977862,6967.063500347096,30.86199230982258,-0.26897308808025144
2932,6987.189185,9039.57107698038,29.37349823569119,-0.2575333701241025
2933,9503.963765,12344.881827495426,29.89192859675666,-0.26153260024416625
2934,12607.93193,16347.643448323359,29.66157764085706,-0.25975762120638457
2935,43013.71861,53423.5064840141,24.201087956143336,-0.21673174318422106
2936,59138.57587,71506.71231742126,20.913821926671396,-0.18990789038066147
2937,109614.0572,129941.10936508028,18.544201979488708,-0.17011571752036936
2938,281227.1291,304627.878705466,8.320943175131951,-0.0799283304416214
2939,381135.3554,410070.87688304484,7.591927926150312,-0.07317543965181095
2940,2659.262459,3426.844557431292,28.864473148691633,-0.2535910703644557
2941,3575.229276,4654.968135305973,30.20054871876623,-0.2639057582073452
2942,4818.024386,6379.592866634193,32.41097087785046,-0.28074031569716773
2943,6202.235429,8107.808776856019,30.72397637384201,-0.2679178636774928
2944,8340.162608,11148.1890178033,33.66872496118724,-0.2901943512439331
2945,11215.15178,14899.997842662218,32.85596249560715,-0.2840953666227648
2946,27241.86982,34912.18700698849,28.156353575103054,-0.2480808447978422
2947,37679.85652,47545.467413219136,26.182718843376147,-0.23256082006255063
2948,51223.36283,63014.957954770376,23.019955101160193,-0.20717639282019107
2949,69858.19556,84242.27422489374,20.590395371062105,-0.1872294547609119
2950,95794.21563,112773.56069372041,17.724812455589397,-0.1631796170681774
2951,129971.0039,145246.41905552195,11.752940807685766,-0.1111203631117732
2952,245737.8385,268077.7636259494,9.090958585097741,-0.08701183068625618
2953,449533.3917,482923.2102348251,7.427661471054435,-0.071647518521333
2954,607636.984,646404.9384775693,6.380117652214731,-0.061848509287253606
2955,2582.072483,3172.4004610548945,22.862564158889054,-0.205896180105265
2956,3245.138464,4364.905099481335,34.50597402556117,-0.29643842861434067
2957,4422.710038,5850.606917564988,32.285563993489816,-0.2797927634838011
2958,5675.479516,7652.106082377332,34.827481286910384,-0.29882585882561763
2959,7698.953029,10171.192519145863,32.1113725571979,-0.27847511235087197
2960,18668.09115,23883.269778491285,27.93632507248222,-0.24636249378583308
2961,24753.62021,32101.17551281421,29.682750403700283,-0.25992090037311755
2962,33608.30656,43102.59576603082,28.249829217312467,-0.24880996642301234
2963,46050.4832,57990.765763051146,25.928680294610118,-0.23054553130040922
2964,62445.80783,76729.2303519518,22.87330890303546,-0.20598362964219596
2965,85424.18635,102979.50139578481,20.550754763829023,-0.1869006796218038
2966,115258.8122,132617.87693460245,15.06094363047969,-0.14029174661697041
2967,159123.1285,179323.17183496678,12.694599160653624,-0.11951131164361328
2968,215807.9493,238156.65290535812,10.355829652174036,-0.09853977406574543
2969,397841.969,427522.4971520571,7.4603813737049816,-0.07195204828921042
2970,538018.303,571169.0256934488,6.161634745249343,-0.059792602798697914
2971,704460.2599,727472.7263534752,3.266680572832026,-0.032144587989231255
2972,2403.863613,3029.322071558668,26.018882900685934,-0.23126157402601333
2973,3106.352951,4026.654848628174,29.62644336123845,-0.25948661539826645
2974,5391.971643,7119.505262622748,32.03899675298697,-0.277927122914317
2975,9351.279867,12559.8830506667,34.31191483199677,-0.2949946316401153
2976,17325.9131,21917.742716595538,26.502670249428505,-0.23509323064783416
2977,57003.11272,69618.04760358445,22.130256194164637,-0.19991796290960373
2978,103746.624,119907.1829813682,15.576949261855694,-0.14476634951819456
2979,141969.2435,160852.64539450005,13.3010512903804,-0.1248782608234773
2980,192789.1583,215172.15829167885,11.610092698702775,-0.10984129623830263
2981,261347.2572,284468.1053267151,8.846791955815906,-0.08477112910212092
2982,355322.2541,379126.4159199508,6.699316337572111,-0.0648445649661209
2983,481686.9956,501958.16383724305,4.208369422967877,-0.041222260863484905
2984,631405.7372,632904.5662736705,0.237379704580637,-0.0023709840403878246
2985,2297.048788,2810.101946425191,22.335318305184853,-0.20159559919467185
2986,3018.313103,3826.2659428790635,26.7683574336941,-0.2371912778201022
2987,5045.437434,6604.248152884084,30.895452362160512,-0.2692287450115156
2988,8852.609523,11480.850904507133,29.68888862293869,-0.25996823183358764
2989,12053.52994,15896.42151323679,31.881876864005115,-0.27673646371869864
2990,16078.2893,20198.303035224908,25.624702095793907,-0.22812872144567287
2991,21606.50471,26686.667499342188,23.512191617883328,-0.21116968276139403
2992,28910.04922,36095.830938395,24.855653699212215,-0.22198811364682314
2993,38411.02502,48127.48062807487,25.29600707873759,-0.22550880851660615
2994,51454.2073,63064.489232507076,22.56430045615934,-0.20346560796692437
2995,69211.34666,82953.06161482166,19.854714028796028,-0.18111010685801432
2996,128196.5428,143501.72019470538,11.938837865996952,-0.1127824456631199
2997,172388.443,189615.83665112933,9.993357647025867,-0.09524979295403746
2998,233661.5551,253273.27084078552,8.393214592957884,-0.08059530505232004
2999,314733.5643,333013.5079560794,5.808069341678203,-0.05645660029783173
3000,561955.2953,560669.0254289011,-0.22889184991347847,0.0022915420772839923
3001,1022796.487,1014588.879753017,-0.802467289563831,0.008057043877178316
3002,2318.60528,2629.198062286056,13.395673035216058,-0.12571304792163307
3003,3055.308447,3548.6119256706775,16.14578322378715,-0.1496759679957922
3004,5086.971048,6066.865211322756,19.262821708175682,-0.17615945756595863
3005,15488.49994,18241.362085578767,17.773587863530487,-0.16359384840539803
3006,20711.28919,24592.28193442804,18.73853775506111,-0.17175372809999523
3007,27577.32456,32673.707693052063,18.48033924380104,-0.16957684726749633
3008,48102.99997,56826.647769581185,18.135350820160475,-0.16666082197765952
3009,63742.57867,74716.59210254264,17.216142900895026,-0.15884941973205002
3010,85862.87795,96592.56635654726,12.496306509543535,-0.11775020409115378
3011,114964.7788,126494.43168160257,10.028856665449059,-0.09557247872321994
3012,281391.6898,294969.62694487337,4.825280076509698,-0.04712477891357736
3013,381031.3648,394615.3862106836,3.5650664658049265,-0.03502989069782991
3014,679179.6001,658847.9393116635,-2.9935617597087685,0.030392836076089225
3015,1218409.372,1178152.7913242031,-3.304027496909047,0.03359843379547023
3016,2389.492111,2587.4873390440384,8.286080005561416,-0.07960642795332973
3017,3073.773027,3428.4914402668282,11.540162860139121,-0.1092145450774975
3018,6805.282239,7905.5257383670105,16.16749255544007,-0.1498628650350895
3019,8669.308196,10293.806327751121,18.73849787115264,-0.17175339220302455
3020,11642.84035,13702.370203982662,17.689238983532583,-0.16287739660079126
3021,15409.90682,17280.469319982643,12.138700913849155,-0.11456632013747203
3022,20429.49447,23004.506250625614,12.604383257779226,-0.11871045664881663
3023,47051.79563,53216.4411147274,13.101828319590956,-0.12311836251694785
3024,109729.8322,118714.55496176315,8.188040190735974,-0.0787006400333734
3025,146544.5236,156110.60686257,6.527765779007268,-0.06323547672201535
3026,196118.0166,205319.10667300952,4.691608773392784,-0.04584878324576103
3027,353080.5522,357822.80713521026,1.3431085075804639,-0.01334168763285426
3028,462595.663,450211.2809543673,-2.677150487170195,0.027136388673735468
3029,627397.9645,600593.7988165806,-4.272274887723109,0.04366222089437777
3030,838458.46,805826.703996473,-3.8918750970116003,0.039696327248655905
3031,1502886.084,1390869.0638912823,-7.45346046525225,0.07745853789184487
3032,2420.301274,2433.742968821276,0.5553727945224429,-0.005538362860926682
3033,3077.342286,3239.8345521021542,5.280279247498508,-0.05145593401224602
3034,4051.614041,4265.0038204042385,5.266784477614526,-0.05132774633141324
3035,5092.691207,5488.641518417055,7.774873742056333,-0.07487436314877094
3036,6743.202067,7330.56016411074,8.710373666320379,-0.08351703749833739
3037,8610.663729,9585.370614084266,11.319764837657454,-0.10723663817776519
3038,14921.49046,16051.631152342827,7.5739129101907805,-0.07300798727245983
3039,19539.67682,21201.108151317578,8.502859830399064,-0.08160634452892168
3040,25769.45156,28223.401774884882,9.522710288075997,-0.09096174165518534
3041,33995.68797,37504.62186331517,10.321702847760235,-0.09823048290865088
3042,58509.53232,63928.53344037649,9.261740618159306,-0.08857610782603587
3043,75604.37487,81192.39735219152,7.391136414790804,-0.07130746395464804
3044,134482.1973,141797.8149874656,5.43984098590096,-0.05297037666463744
3045,180174.3326,183381.31305066368,1.7799319161533482,-0.017642766240886232
3046,239989.2599,244879.27851011333,2.037598937615345,-0.020171176409055747
3047,322357.4314,320597.5507862338,-0.54594076088863,0.005474364637121809
3048,753439.5312,706426.0577817614,-6.239846924856785,0.06443022753333949
3049,1007982.719,924081.438324672,-8.323682449493262,0.08690610016226508
3050,1345783.438,1217001.0779545836,-9.56932270148925,0.10058662550912523
3051,2547.585697,2316.77957546966,-9.059798137590976,0.09496801786190012
3052,3271.925176,3065.0223117158857,-6.323581779979996,0.06532370163089851
3053,4282.937162,4190.518944210551,-2.1578233416409165,0.021814447735225784
3054,5342.799339,5247.614359704541,-1.7815563201232743,0.017976170749152587
3055,7033.099519,6938.291128665669,-1.3480314060423195,0.013571998381952
3056,11817.15413,12173.056827548957,3.011746260002077,-0.02967283709856794
3057,15100.45047,15175.918155932668,0.4997710901578703,-0.004985263798573669
3058,25961.43778,26216.17218705369,0.9812030027471352,-0.009764204649069796
3059,33988.38677,34411.358596983664,1.2444598499067472,-0.012367800969713016
3060,75296.05058,75410.6719104607,0.15222754656823081,-0.0015211179789123008
3061,97492.12621,99288.70103759589,1.8427896666506505,-0.018260160527784564
3062,170456.6566,170813.02936132989,0.20906943057446892,-0.0020885118457805163
3063,226240.72,223411.6048233008,-1.2504889379326638,0.012583733489320181
3064,391163.4453,364921.24851187126,-6.7087548960518255,0.06944391850820786
3065,524337.0892,485545.9032348642,-7.398138862219526,0.07686094585779735
3066,695389.6872,629175.8124268402,-9.521837322576827,0.1000616607809306
3067,925575.9835,842039.9276192562,-9.02530503923169,0.09458879549611154
3068,1233037.41,1092553.9220142576,-11.393286760516236,0.12096256105013836
3069,3332.665986,2972.497539727535,-10.807217038415358,0.11437005817781198
3070,4352.486725,4035.160873522146,-7.290679363941163,0.07570117223491302
3071,5401.770121,4999.506258255532,-7.446889699741586,0.07738754083140265
3072,9001.372879,8726.131712810946,-3.057768741379285,0.03105493893229294
3073,15046.38934,14260.914970892914,-5.220351217543898,0.05361547506370101
3074,25533.44474,24717.868489123517,-3.19414892577664,0.032462748550637244
3075,42990.60922,42685.404812298606,-0.7099327347038523,0.00712464747986985
3076,55866.92809,55439.74844501658,-0.7646377912443081,0.007675761340395937
3077,72390.88308,69849.09603772411,-3.5111977284030753,0.03574322301245658
3078,122459.7624,119064.56845407981,-2.7724975774738208,0.028116567809766124
3079,161078.0574,156624.54639974944,-2.7648154392570627,0.02803755894344029
3080,213569.8118,202562.11327199594,-5.154145351924711,0.05291719485231994
3081,366513.7982,332504.1490020346,-9.279227512031332,0.09738383096588166
3082,489208.6452,440173.6168058009,-10.0233364384132,0.10561984304041161
3083,646626.9442,570623.5534775939,-11.753823654292148,0.12503981864073843
3084,853906.3079,751205.5681878136,-12.027167238611563,0.12814213779387273
3085,1132150.463,994806.8674239581,-12.13121400949706,0.129325552548206
3086,2730.708292,2227.2845045323065,-18.435648690215107,0.2037778906776735
3087,3507.140681,2920.744560025041,-16.720062703836508,0.18296251460957347
3088,4530.715296,3880.784684856521,-14.344989006863418,0.15484245746364778
3089,5645.789046,4919.395430259593,-12.866113307139088,0.1377243227648126
3090,9307.264942,8305.174344856638,-10.766756973053644,0.11391653615566177
3091,12216.79079,11103.675432921516,-9.111356461875555,0.09553512618349558
3092,15530.68246,13795.739587307233,-11.171066546246076,0.11845776187820078
3093,25697.90241,23677.034938841516,-7.863939394415666,0.08190378183772573
3094,33285.84914,31276.502692666654,-6.036638689558588,0.06226525299261709
3095,43280.52654,40531.79032070904,-6.350976845788986,0.06561618796701296
3096,56071.15484,51978.90352970861,-7.298318220783402,0.07578357141022707
3097,72012.35941,65377.3886308528,-9.213655591217632,0.09666130366461267
3098,93752.51057,86610.78680203414,-7.6176346900422605,0.07923407717877495
3099,123119.3398,113037.48890160499,-8.18868174144889,0.0854346033847424
3100,157907.1226,146669.68083789246,-7.116488209701277,0.07382403934016502
3101,208381.5532,191235.8079532819,-8.228053291388024,0.08586352647367157
3102,353291.0355,309308.7653232683,-12.449302630757437,0.1329521619054006
3103,813923.4357,700912.078141621,-13.884765151305137,0.149483846552096
3104,1073117.604,915957.1263019857,-14.64522407536745,0.1583537813754745
3105,2905.487167,2196.704671155576,-24.39461801430921,0.27964271504959726
3106,4758.024861,3805.2500095038745,-20.024587498600827,0.2234509422864832
3107,5920.207166,4867.922078683514,-17.774463930245616,0.19570427438719484
3108,7644.000243,6367.2721441249605,-16.702355550605912,0.1827499151335612
3109,9668.520873,8054.105516307244,-16.697645667819984,0.18269337392321638
3110,12638.50856,10907.892626045514,-13.693197466604293,0.14726176674798452
3111,16030.01603,13272.955185097639,-17.1993642410747,0.18873444637846504
3112,20661.30159,17617.241257402115,-14.733148922579009,0.1593844227606187
3113,26492.80692,22878.671024098996,-13.64195159393478,0.14666817895179562
3114,43543.60026,38244.97008013557,-12.168562425307428,0.12975069049755206
3115,56187.5562,50028.2190117729,-10.962101939979197,0.11610808599283118
3116,72132.38023,61563.19778921273,-14.652479797681098,0.1584387916241088
3117,93595.00602,81791.01858897046,-12.611770577275443,0.13480958719326708
3118,121211.4678,106343.03237865202,-12.266525347156948,0.13086666442165118
3119,264519.4353,228194.8668739575,-13.732287151167414,0.14771478479812927
3120,451110.1522,376982.6253958024,-16.432245304763867,0.17951244968956104
3121,776606.3181,639904.4135133744,-17.602471342374933,0.19361474154154656
3122,1020250.057,821532.032838084,-19.477384274423617,0.21663210032962965
3123,3859.872715,2814.4152049926993,-27.085284598751354,0.31587970998798465
3124,4948.683292,3784.134770435022,-23.53249243990977,0.2683042731588383
3125,6116.856927,4640.624869048572,-24.133833365225417,0.2761993633557811
3126,9941.426325,7923.28937295389,-20.300275695561325,0.22690405936429592
3127,12878.01952,10442.266920245027,-18.914030965492536,0.2096602480401959
3128,20913.02517,16461.63502410382,-21.28525217997517,0.2393396552359004
3129,34574.7107,28106.276392951946,-18.708571022253143,0.20712959961985433
3130,43883.33183,36045.999073126484,-17.859475181225132,0.19673868815972462
3131,56001.54925,46666.12160869536,-16.669945325315513,0.18236090147173378
3132,676726.038,1183169.9374851536,74.83735973598723,-0.5586859828634161
3133,889610.487,1515868.2186148635,70.39684679603643,-0.5329599235178151
3134,1180898.075,1948024.738927423,64.96129345688222,-0.5005406752832933
3135,2090589.139,3214317.8903669524,53.75177410059971,-0.43016925949765294
3136,2870960.371,4129345.0539845605,43.83148913150083,-0.363472213987869
3137,12570.41001,21158.654747464883,68.32111864794204,-0.5207033894989017
3138,15517.87854,26316.496418495695,69.58823559973357,-0.5282031693961997
3139,19795.59082,34510.349074221,74.33351390226905,-0.5558000251764597
3140,25579.77298,44998.085838914776,75.91276464453898,-0.5648180307435471
3141,32097.7636,56967.953855457985,77.48262640783481,-0.5737025387443992
3142,51309.35938,92456.2483757822,80.19372974635296,-0.5888623625005778
3143,106507.1312,193117.5214220456,81.31886498699122,-0.595086980341776
3144,176911.5779,321385.2787842858,81.66435605811519,-0.5969906009800017
3145,229195.7748,412245.6816887796,79.86617861891736,-0.5870429362874177
3146,379089.2573,663703.2490190286,75.07835852330513,-0.560063450709805
3147,497055.7207,867617.1612471935,74.55128773597745,-0.5570484249976566
3148,651234.5924,1094797.079903658,68.11101447621107,-0.5194543756363199
3149,854037.1136,1404734.733908811,64.48169658429359,-0.49762911106192753
3150,1123762.213,1829611.2660008457,62.81124643944989,-0.4874213465177455
3151,49844.89692,95806.56015765022,92.20936560751187,-0.6534150378079016
3152,1556608.131,2482588.143670149,59.487034291365205,-0.46679244322331215
3153,2099918.747,3230365.9665297987,53.83290287516057,-0.4306967810714841
3154,2887987.738,4169931.6287930147,44.388827345949586,-0.36733966452670685
3155,9614.364399,15933.987345713871,65.73105287512486,-0.5051961250815342
3156,12559.29754,20685.352600288938,64.70150925565967,-0.498964614818723
3157,15436.57239,26424.636229063675,71.18201865967265,-0.537557241009889
3158,19731.97991,34987.741440084515,77.31490504079132,-0.5727570903425896
3159,31864.27327,56785.684534287386,78.21113964570071,-0.5777988391357898
3160,51225.16818,91673.67045395268,78.96216588654387,-0.5820042337498723
3161,176224.4706,321836.4977654625,82.62872157861514,-0.6022850621290203
3162,292612.6171,521005.9534790411,78.05314023796453,-0.57691186041232
3163,655128.1488,1099261.7848767927,67.79339841988373,-0.5175632653156992
3164,856065.9537,1425623.0240791785,66.53191473361342,-0.5100167851458899
3165,1127758.631,1807190.3242440326,60.24619759651678,-0.4715411815843229
3166,1469726.296,2298336.1552283373,56.378514930533505,-0.4471092601197224
3167,1969353.105,2964237.5531196734,50.51833749842811,-0.4089147346218578
3168,2667612.198,3845090.2821939457,44.139777328831435,-0.3656133186813637
3169,6366.827855,9552.19072770853,50.03061092985259,-0.40566916015381516
3170,11964.42409,17490.80847387993,46.19014122459052,-0.3797379255695148
3171,24279.16467,32887.2554211171,35.45464132772861,-0.3034666479413932
3172,32413.16245,42431.87281958162,30.909388693671335,-0.26933520852432125
3173,47754.76551,58655.036920128216,22.825515513934764,-0.2055945891995581
3174,96820.22805,110170.87287772729,13.789106983752127,-0.12917661041745454
3175,133439.0044,148614.92321389317,11.372925691502807,-0.10771407508625863
3176,5934.262562,8628.889501709147,45.40794937123558,-0.3743730500462501
3177,14450.463,20505.546173988874,41.90234717039083,-0.3499689390586589
3178,28616.46185,37126.99254725629,29.73998232858508,-0.2603621255904365
3179,56940.7841,69853.10295411739,22.676749290000373,-0.20438265543379863
3180,81462.45576,94986.06035599565,16.60102739332843,-0.15358789915301863
3181,114369.4705,128077.16607266791,11.985449886880359,-0.11319876514346205
3182,158060.0978,172903.17902899333,9.39078327521656,-0.08975645250938591
3183,218740.4155,227832.41850702607,4.156526349391555,-0.04072464273588139
3184,4766.107073,7040.2187719415,47.71423856220822,-0.3901094008135608
3185,5991.42176,9147.872444537259,52.68283240566357,-0.42319259297219425
3186,8257.301331,12267.227106187298,48.562182902699945,-0.39583342469302174
3187,10733.71861,16722.604993380686,55.79507532274211,-0.44337133798070205
3188,20877.50895,29417.914753158555,40.90720700257947,-0.34293138137834234
3189,29029.32266,39938.03515267696,37.57825361770586,-0.3190226864524277
3190,113773.3645,133241.1025618196,17.110980366428034,-0.15795184936067486
3191,158466.5656,173333.0632156737,9.38147271595422,-0.089671336055968
3192,222989.9301,236132.55976687456,5.8938220488166175,-0.05726672732376592
3193,306788.1119,319735.6202527024,4.22034226571423,-0.04133714755699813
3194,417873.7434,427062.06212943525,2.1988265294380946,-0.021750009616161137
3195,3229.489229,4621.175007912924,43.093061479070336,-0.3583250121805346
3196,9839.71697,14632.510295070482,48.70865025572461,-0.3968188383195166
3197,13474.95751,20563.892391272948,52.60821695364996,-0.422703777766797
3198,18142.26417,26116.238122277166,43.95247405482558,-0.3643130178263636
3199,35228.42002,48998.465551212445,39.08788848150122,-0.32993583856454123
3200,49728.53118,65404.686338345964,31.52346306309296,-0.2740150760489506
3201,69334.59586,87637.90321867108,26.39852029372034,-0.23426958911912266
3202,96954.13422,117691.040167989,21.38836689618061,-0.1938248634674249
3203,188763.1564,206232.6957609837,9.254740010791483,-0.08851203387289353
3204,262026.6416,276809.7552155358,5.641836084020477,-0.05488428186553307
3205,492830.8959,497614.2123802817,0.9705796694313346,-0.009658998018208464
3206,2314.25521,3107.269960393715,34.266521123818286,-0.2946566022041397
3207,2918.349373,4239.866678447641,45.283039709846314,-0.3735136517589348
3208,12420.37102,18532.451038578994,49.21012430898376,-0.4001853567781861
3209,16172.96576,23517.028546970232,45.409499382815945,-0.37438370973388047
3210,22268.72886,32265.84441405577,44.893067839238,-0.3708258211950799
3211,43208.59664,57935.23633143473,34.08266140678511,-0.2932862999429666
3212,59910.0578,77354.10397376405,29.11705782691475,-0.25554923192724033
3213,83377.89749,103500.93841792588,24.13474258011765,-0.21619742336850045
3214,115552.8234,132953.41548308375,15.058560726681264,-0.14027103647503658
3215,162097.7692,181712.19760260847,12.100369116374281,-0.11422443682656791
3216,225904.413,243133.50533305472,7.62671791323294,-0.07349873866012757
3217,311528.8256,328481.52129801613,5.441774341544639,-0.05298871259819471
3218,427426.5667,433605.1324062602,1.445526831418678,-0.014351786964851954
3219,584587.2953,585007.3488189897,0.07185471226741959,-0.0007182890912869055
3220,2246.998212,2936.940455638134,30.70506420314562,-0.2677731806637942
3221,2833.753662,3907.338107356866,37.885595341380316,-0.3212541360772434
3222,3759.777665,5463.465693894917,45.3135312961363,-0.3737235068600899
3223,6418.790142,9416.010222547331,46.69447067502104,-0.3831818070736901
3224,8411.597871,12408.752442763607,47.51956326329247,-0.3887906132904071
3225,11491.97483,17025.628877219366,48.15233351167518,-0.39307083891435823
3226,15509.13414,21896.82052388711,41.186608654137984,-0.3449122950135646
3227,20481.46677,29015.173807686682,41.66550732678157,-0.34829851065907036
3228,28161.5079,39749.718701464815,41.14911333091228,-0.3446466869411431
3229,38899.2181,53063.93402918597,36.41388341732753,-0.3105233388260835
3230,73915.61131,93083.28057114103,25.931828096168175,-0.23057052768891317
3231,141791.7354,161651.0096456685,14.005946249014237,-0.13108042112518703
3232,196368.1706,218840.8607317077,11.444161272696451,-0.1083534837114346
3233,272741.2624,290316.3432688425,6.443865777473386,-0.06244757830323522
3234,374620.5705,383712.1449198107,2.426875386921853,-0.023978947132448525
3235,682727.5158,653948.9854165595,-4.215229314394735,0.043066483527185895
3236,4665.512284,6349.240691150947,36.08882164827125,-0.30813758692567106
3237,6238.637355,8578.243541317072,37.50187826580395,-0.3184673911401745
3238,8146.833905,11523.718058879651,41.45026390935916,-0.3467779775008264
3239,14662.9533,19782.40700225431,34.914205873207756,-0.29946887837664526
3240,19755.89353,26453.499345305012,33.901811655010526,-0.29193659652796633
3241,26119.24832,35865.22833219487,37.31340156803897,-0.31709572994702917
3242,35676.97821,47508.28313428847,33.162295457444976,-0.28639846491083354
3243,91085.55368,109242.0963532938,19.93350420537709,-0.1817672715844285
3244,126660.6662,147315.7882300473,16.307447805013435,-0.1510669110820686
3245,174547.2754,196772.70510910367,12.733186271840054,-0.11985365729979947
3246,239534.49,255451.08099754064,6.644801338438007,-0.06433351267262744
3247,454893.1009,453442.9776387844,-0.3187833049889262,0.0031929250140994014
3248,605442.5568,578747.7380303487,-4.409141456911103,0.04509299243702003
3249,2231.089851,2567.291661049099,15.068949818332467,-0.14036132634636544
3250,2863.209759,3440.616136980491,20.16640157660524,-0.18370727604644177
3251,3745.356565,4699.4588595880805,25.47427135520488,-0.22693054244463085
3252,4764.069041,5986.920011852564,25.668204224762505,-0.2284749479272712
3253,6207.750257,8006.362286644279,28.973653178397825,-0.2544379585868217
3254,7956.449469,10676.915849033556,34.19196452680388,-0.2941011599073491
3255,10748.89649,14598.131858712843,35.810516663677014,-0.3060904684331227
3256,14067.10225,18245.526883147064,29.70352073147875,-0.2600810501584725
3257,18848.28713,24294.3645400668,28.894282926104797,-0.25382237018914644
3258,25227.95667,32740.51397864159,29.7786991111143,-0.26066049935375624
3259,44801.1205,57408.25616333819,28.140224000286324,-0.2479549783115207
3260,114005.0378,131026.81425220126,14.930723045820752,-0.13915935255716683
3261,292368.7154,308724.2784304966,5.5941563406057195,-0.054432846069225604
3262,534704.651,511770.1274669002,-4.289194696587694,0.04383898582118739
3263,997732.2005,908284.810388857,-8.96506999236044,0.09392690688356353
3264,3044.084213,3200.744715618024,5.146391875395338,-0.05018340150050449
3265,3872.602218,4317.29260910046,11.482986531214658,-0.10870180610548275
3266,4851.066372,5530.496646207205,14.005792172393821,-0.13107906964546423
3267,6389.297493,7508.788044576521,17.521340222505135,-0.16144975002034023
3268,10695.19335,13100.94270119163,22.493743427196957,-0.20288976862866726
3269,14227.45025,16738.093786325273,17.64647559618262,-0.16251397205303775
3270,18623.91521,22144.998411299468,18.906245875780428,-0.17316514682333484
3271,24454.65859,29698.158173304902,21.44172066032881,-0.19426429636920162
3272,42403.85556,52407.636881298815,23.591678608431735,-0.21181303159455744
3273,75787.54423,88263.14494512262,16.461281127228077,-0.1523886809376389
3274,140828.1527,155997.2568349254,10.771357746372972,-0.102298050813042
3275,191297.2492,202760.6294738365,5.992443865124078,-0.05819762129184802
3276,354999.0671,355054.77637594845,0.015692795027197354,-0.00015691563836917055
3277,471892.0718,448586.424575083,-4.938766429369997,0.05064893812827265
3278,649562.5229,597011.7048321213,-8.090186273872963,0.08436237531877744
3279,879834.8034,808074.3762442281,-8.156125090581053,0.08508006234893273
3280,1197138.716,1074492.515152165,-10.244944817893188,0.10808583505708214
3281,2443.520886,2313.872539644409,-5.30580062148857,0.05451744027491223
3282,3138.580084,3146.8167331055174,0.26243233835282453,-0.00262088585972009
3283,4034.844994,4169.8336667765825,3.345572704213342,-0.032908261333519206
3284,5066.237173,5357.282665291933,5.744805905318253,-0.05585851399745145
3285,6581.491213,7114.279243644348,8.095247921807832,-0.0778425776705216
3286,8422.32318,9420.841991574927,11.855622139340987,-0.1120387656766777
3287,11074.04371,12543.493878930605,13.269318845144825,-0.12459814965603755
3288,14409.97706,15825.979836765806,9.826544281575746,-0.09373206506854892
3289,18867.21118,20977.291577175452,11.183848937951273,-0.10601494191580407
3290,24666.72989,27890.388746683064,13.0688537599382,-0.1228267724701464
3291,32386.25707,36895.501817212076,13.923327840774396,-0.13035547333435815
3292,42684.66157,48516.31498292669,13.662175588210236,-0.12806049089257598
3293,55327.05595,64581.58070748671,16.726942358635853,-0.15466719519853278
3294,73669.99957,81141.17217699252,10.141404439528383,-0.09659484916796401
3295,133467.5859,143273.7143488605,7.347198484737475,-0.07089824097462483
3296,180211.5236,189457.03573679546,5.130366777940871,-0.05003098239733639
3297,242275.121,250089.84017227934,3.2255557813876075,-0.03174626994382379
3298,328087.3774,326347.92264525266,-0.5301803344377412,0.005315907778440376
3299,433295.3132,411286.45009047893,-5.079414071428513,0.05212958157220271
3300,597130.5674,545750.6677160868,-8.604466508494003,0.08997357642986259
3301,807753.8335,734102.26544721,-9.11807100111892,0.09560900546057205
3302,1494556.587,1268265.7939238427,-15.140998677767517,0.16417911481683412
3303,2523.873037,2204.154092849275,-12.66779031526715,0.1354508371832237
3304,3223.450937,2907.540976457946,-9.80036509679484,0.10314480656401237
3305,4103.531969,3887.435564260598,-5.266107498903265,0.05409835646561589
3306,5168.882483,4969.327704627668,-3.860694821920413,0.03937195073707933
3307,6678.027082,6601.171417571924,-1.1508738057566807,0.011575476124816575
3308,11154.88323,11811.916148250815,5.890092300417705,-0.057231505117105286
3309,14243.48404,14513.393304091094,1.894966591973623,-0.018772357456048994
3310,18529.97224,19379.098733954448,4.582448818360717,-0.04480555824034482
3311,24133.3792,25639.671625318984,6.241531336477673,-0.06054491357137337
3312,31764.17063,33991.01396066773,7.010550839204242,-0.06775724958643714
3313,53923.73655,58788.106374537405,9.020832263778654,-0.08636879966567257
3314,165927.4621,167940.14876286738,1.212991892598455,-0.012056941010834876
3315,222390.8931,220408.1152707216,-0.8915733021436285,0.008955715998201441
3316,299109.0826,288937.1210750131,-3.4007531421537966,0.03459924130264014
3317,391555.2829,369445.38690577453,-5.646685655847004,0.05812378660658979
3318,533719.643,487478.08194225834,-8.664017085416077,0.09062535867522215
3319,977373.9738,839203.6474638267,-14.136894376158937,0.1524159530580178
3320,1329875.852,1127792.6069398124,-15.195647379886971,0.1648233164401045
3321,4358.378271,3769.9529192795812,-13.501016092056833,0.14503751884823046
3322,7019.227297,6336.2881408203375,-9.729548955788186,0.10236001007799445
3323,8819.51723,8174.910281302128,-7.308868863084826,0.0758973907341467
3324,19051.25993,18108.396561786292,-4.9490866833903295,0.05075750829803205
3325,24484.05715,23968.891801147183,-2.1040848977630215,0.02126536252912281
3326,53504.74537,54344.15016443855,1.5688417702651205,-0.01556662663222852
3327,90077.48621,90667.66042983203,0.655185046412307,-0.006530480383467818
3328,158042.956,154104.96022939062,-2.491724952682728,0.025232939305560365
3329,209575.2805,201378.92415577782,-3.9109365974209815,0.03989468083166159
3330,279993.7045,267316.4210198106,-4.527703043476605,0.046334064808860376
3331,364868.6865,332898.4075297907,-8.762132831097112,0.09170016489836286
3332,493906.7507,444023.22497849195,-10.099786174375938,0.10646986603032005
3333,656185.5337,583474.0239982997,-11.080937626238969,0.11744364155226705
3334,889857.1768,757544.7494659848,-14.868950971415625,0.16097836350172123
3335,1202757.065,997020.8729204232,-17.10538213130985,0.18760004913067618
3336,2703.669878,2051.8340246304438,-24.10929894487497,0.27587602483492724
3337,3413.323454,2713.8761836064,-20.491678559614172,0.2293084975994466
3338,4403.038048,3609.415412561956,-18.024432829930525,0.19874894446375357
3339,5474.966018,4623.98438527846,-15.543139992536487,0.1689293144470838
3340,7111.575381,6041.049604703692,-15.053285930940588,0.16314601938272588
3341,8909.009048,7802.412724584023,-12.421093271472197,0.13263000781072876
3342,11594.27938,10462.358635753673,-9.762752018886806,0.10272789536657179
3343,14668.76801,13175.924989654564,-10.177017042792782,0.10732930849020406
3344,19011.2503,17107.314399427618,-10.01478530095615,0.1055248102751829
3345,24200.62591,22445.46617665116,-7.252538590845227,0.07528985512682063
3346,31346.8175,29631.955897756252,-5.470608307346509,0.05625937664339986
3347,52458.41205,50084.82404362936,-4.524704263080406,0.04630265534876443
3348,67451.05643,63088.52714140337,-6.467696014700694,0.06686331219487585
3349,149938.4049,141151.0017328798,-5.860675370650272,0.06039432415013657
3350,198509.3672,187448.55567811758,-5.571934301084419,0.0573318508907672
3351,263891.815,243536.28539662922,-7.713588844493257,0.08027328006865098
3352,458643.7438,396461.4875145242,-13.557855552607629,0.14569484614958483
3353,607815.5397,518306.75411287264,-14.726307529305066,0.1593041908915822
3354,1093378.794,893484.6503224747,-18.28224077277333,0.20189883654154706
3355,2820.228861,2020.2519671042805,-28.365672905427353,0.3335957982155602
3356,3594.00158,2710.8146190927396,-24.57391687922576,0.2820170408104197
3357,5702.110603,4479.858599615346,-21.435080595272943,0.24124490418847344
3358,7325.406277,5995.864275915568,-18.149737377145502,0.20027867358899165
3359,12038.45988,10183.791368638169,-15.406194229571426,0.16730913990010343
3360,15166.32506,12520.660764378263,-17.444333318421812,0.19169737253181296
3361,25019.0928,21569.597988051933,-13.787449607077939,0.14835442271095012
3362,52907.94086,47769.081145808836,-9.712832574204942,0.10217484612011063
3363,67588.03709,60094.173198124,-11.08755959563849,0.11751811620157326
3364,88204.37956,78516.34175200401,-10.983624459832878,0.1163498383475865
3365,147177.9989,132360.15118682157,-10.06797743135943,0.10611610583708497
3366,193977.7604,174851.87258008833,-9.85983536487499,0.10380434228921587
3367,255717.2724,223997.77531904177,-12.404127724052096,0.13243630929351546
3368,329093.5455,281835.2849599724,-14.360129873780092,0.15501923877616797
3369,440531.052,367680.0940596365,-16.53707669632412,0.18076768503411778
3370,768890.7615,629449.5733461652,-18.135370476009392,0.20010316235742742
3371,4791.30445,3474.7438753819815,-27.47812392965382,0.3212819307401613
3372,5899.644482,4351.205034361552,-26.246317932593822,0.30443926567672897
3373,7597.666391,5723.127567202395,-24.672560327446536,0.2833257128795186
3374,12333.07453,9755.280478965698,-20.90147144383065,0.23447591371153642
3375,15594.63165,12080.937325500086,-22.531435197444456,0.2552979473638839
3376,19955.22192,15822.277092365164,-20.711094290024494,0.23207196990917822
3377,25440.23997,20589.46445974027,-19.067333940166957,0.21155266023508013
3378,32759.03428,27304.404857893598,-16.650763802999393,0.18213074063650936
3379,41458.74873,34781.150487854,-16.106608247233513,0.17562333899277505
3380,53270.28334,45311.24074545487,-14.94086777002139,0.16182349807240826
3381,67841.20487,56376.00597755524,-16.900051988190402,0.1851261097368777
3382,88119.31493,73730.87397738664,-16.328362248439184,0.17827012193213854
3383,113704.4248,95762.85839120453,-15.7791277167566,0.17172740610961412
3384,247614.331,207915.2163332514,-16.032640157143657,0.17474203595827298
3385,317592.2935,260286.15871586694,-18.0439311522945,0.1989868280465643
3386,554538.5464,442225.27975988167,-20.25346432078402,0.22631688502571912
3387,730349.0954,575593.7756269162,-21.189225912346327,0.23812047146986082
3388,966650.8618,762233.210912154,-21.146999290643564,0.23758481738233428
3389,3849.8158,2560.8160567687055,-33.48211473471781,0.4076993231295889
3390,4918.928172,3368.1023383818674,-31.527718628743017,0.3787411741279243
3391,6098.82804,4228.80020438348,-30.662084967008184,0.366178314931604
3392,7850.997367,5577.207722189584,-28.961793496044308,0.34195233390727786
3393,12669.43871,9397.199459474776,-25.827815465435283,0.2987809775984669
3394,15814.29218,11772.810666439851,-25.555879881056736,0.29512140755999994
3395,20317.4153,15105.477346808026,-25.652563951832864,0.2964209985700599
3396,25951.97613,19640.319447974536,-24.32052438091335,0.2786631901917467
3397,41673.75335,32849.86934543398,-21.173720376127385,0.23792374695739582
3398,53402.77628,42276.37614646712,-20.83487209577876,0.233634288369716
3399,112528.0094,89638.1640963995,-20.34146469456741,0.22742099522973724
3400,145226.5086,116487.4349722742,-19.78913760633215,0.22051123896941505
3401,2348.679049,1341.634139719248,-42.877076359561464,0.5599646850852809
3402,3427.045851,2003.012238577916,-41.55280303607715,0.5370464553547141
3403,6772.981613,3993.604207031923,-41.0362461435502,0.5282472722834886
3404,12379.94481,7235.079908962578,-41.558060072138744,0.5371364044501536
3405,21492.76309,13155.530087779565,-38.79088494721986,0.4908740687891697
3406,61176.08746,42688.30218138088,-30.220607505681635,0.3598314562817144
3407,99679.89972,76737.9412597792,-23.015631561292267,0.261567792032686
3408,161658.0093,137704.13449965251,-14.81762326782994,0.16037561941492662
3409,2724.015916,1629.072306962865,-40.19593287270407,0.5140965151820884
3410,5137.739583,3057.188521436967,-40.49545579241229,0.5191175031160267
3411,9298.995381,5651.3377761413485,-39.226362154256584,0.4980140791058858
3412,28373.71069,18911.808468409774,-33.3474261613761,0.40567652287533207
3413,48104.4261,33660.605005044585,-30.025971133985557,0.35704602898206517
3414,129295.5572,108820.05239614591,-15.836201372473829,0.1724053022339369
3415,214383.5098,197433.62770195736,-7.906336692526078,0.08236404740137537
3416,1912.577903,1431.1596508705798,-25.171170877499172,0.2899669591851435
3417,11465.36178,8195.652891520967,-28.518148412749277,0.3357265924614161
3418,21196.39962,15423.591891947817,-27.23485040641153,0.3179330597795431
3419,36044.49331,26875.146189921255,-25.438968003289553,0.293552174548946
3420,60921.92187,47339.81770820733,-22.29428052315098,0.2522413215828969
3421,101976.0525,84698.15897920934,-16.943089183404762,0.18564414066837465
3422,172994.4477,155648.83403149358,-10.026688081103318,0.1056570938672774
3423,459773.4411,481466.7241691783,4.718254933838171,-0.0461032713593319
3424,1214.04695,1239.031198077252,2.057930961998793,-0.020370416681105397
3425,2319.332205,2189.4305946931754,-5.60081949566275,0.0576377939724404
3426,4492.608002,3860.7139837194977,-14.065193713744852,0.15158124365113324
3427,8284.886668,6835.96715483499,-17.48870649928617,0.19223501109842012
3428,46050.10416,38727.6212541039,-15.901121266641024,0.1731769516383892
3429,228177.1425,217375.2892687574,-4.733976906228719,0.04849696467200815
3430,360819.8648,362602.1019019172,0.49394095940507465,-0.004927250732443156
3431,619314.8035,667551.7560157072,7.788761425223564,-0.07500321311157343
3432,982995.8836,1101175.8387596123,12.0224262513496,-0.1135288996498236
3433,3062.808309,3393.6400619227475,10.801582062795282,-0.10257086676823945
3434,5734.331894,5923.13413126124,3.292488833072075,-0.03239447532610029
3435,10913.69638,10617.111558732815,-2.7175469331425957,0.027551551529187535
3436,34615.10872,32027.261216512452,-7.476063485515884,0.07770280181614453
3437,60739.63926,56001.0070355134,-7.801548185366358,0.08122684716485828
3438,108135.2586,101456.52110561647,-6.176281058418379,0.06375249476038825
3439,182863.1338,173696.31892575705,-5.01293764563219,0.05142948940516767
3440,298847.0769,296431.6348880474,-0.8082535178220359,0.008115375943136272
3441,510142.7388,531740.934365257,4.233755363462021,-0.04146583869733789
3442,823601.9914,877079.7661003397,6.493157527392017,-0.06291054852827216
3443,1436.570663,2195.66409755461,52.840661034340656,-0.42422576159002645
3444,4047.27385,5298.498893440061,30.915255300553994,-0.26938002177638154
3445,7814.301848,9310.543159487048,19.147472680108937,-0.1751918060862856
3446,14147.79122,15715.34120599477,11.07982130651466,-0.10507886775741149
3447,25500.82287,27375.538358163587,7.351588212351623,-0.07093913293942933
3448,46047.85822,47466.28667467684,3.080335350018022,-0.030338453089365558
3449,83036.33958,83210.38497566195,0.2096014787528834,-0.002093821213176028
3450,242154.7476,241824.4263911528,-0.13640914007303645,0.0013650226203463234
3451,421562.2166,433097.50370161666,2.736319017072147,-0.026995510270896972
3452,689469.0142,716437.3750606419,3.9114681450817153,-0.03836908278330853
3453,1221.473797,2253.1919193836247,84.4650229024622,-0.6122896817559216
3454,1636.194271,2841.8791943538135,73.68837214036508,-0.5520925428211463
3455,2972.970972,4784.080494984718,60.919179502325726,-0.4757320622880892
3456,5653.062336,8398.278058477565,48.561568214017385,-0.395829287099307
3457,10372.67816,14304.799902731842,37.908452205672624,-0.3214198892147593
3458,19212.68477,24158.2298734931,25.741041206356602,-0.22905437756206481
3459,34140.4936,41177.49060072712,20.611878325997953,-0.1874075870368923
3460,64175.38504,72087.04468231517,12.328184143163142,-0.11625461615738253
3461,116460.6064,122929.26682882445,5.554376392826717,-0.05405605019255333
3462,197878.4305,205573.24501187805,3.8886575421256273,-0.03814953909465757
3463,1977.066045,3894.846196145921,97.00131950553636,-0.6780402407251129
3464,2373.943386,4591.4291082245845,93.40937679061335,-0.6596388797783046
3465,4331.553225,7817.840478910042,80.48584590369528,-0.5904821726641369
3466,7821.142806,13110.01708309553,67.62278107283969,-0.5165459180784975
3467,14443.52385,21761.244027224617,50.664368704072295,-0.40988445309559474
3468,26883.66111,37283.772566963074,38.68562177751345,-0.32703947177399684
3469,49281.38926,63407.73249478354,28.66466113659137,-0.25203930766584115
3470,91318.66675,106266.72216084947,16.36911262816862,-0.1515969586681596
3471,159206.3486,175193.2779813427,10.041640626724789,-0.09568865932395809
3472,283747.582,299600.65760147804,5.587034606510955,-0.05436539939875651
3473,492122.4794,504667.3043527538,2.54912658492019,-0.025171781525918036
3474,3198.557742,6662.357074416597,108.29253719367738,-0.7337733344343249
3475,6318.207936,12344.057008224743,95.37275653576629,-0.6697391198252607
3476,11527.1385,20453.25897143052,77.43570072859386,-0.5734381078828381
3477,21014.88262,33980.09794018635,61.695397279294205,-0.48054411562147514
3478,39330.80126,57121.55982156144,45.23365401064152,-0.3731736664792731
3479,127678.3676,155671.36501552278,21.924620389274764,-0.19823280212583327
3480,233091.8182,261995.38642697094,12.40007841123397,-0.1168944490800996
3481,414493.4809,433658.4678198315,4.623712507665518,-0.04520003696485553
3482,5315.359378,11202.841318034089,110.76357253287658,-0.7455668099252009
3483,5754.900881,12080.043599488381,109.90880380531061,-0.74150298281414
3484,17800.25563,32056.910873790406,80.09241855921823,-0.5882999695788325
3485,60462.25859,87777.45439213984,45.177266676997036,-0.372785338559515
3486,106053.1424,141846.53764612068,33.750433448844866,-0.290805440521801
3487,193505.2585,235800.7401923819,21.85753607950758,-0.197682439355793
3488,8925.506713,18311.080231443935,105.154517499537,-0.7185932531282244
3489,9498.934254,19442.497471363313,104.6808299907548,-0.7162816530058258
3490,29583.7023,51422.947310311465,73.82187932005881,-0.5528609068374664
3491,53588.98607,82919.05431377418,54.73152301381876,-0.43652131950659623
3492,93708.67012,131229.240158604,40.03959291126049,-0.336755003147994
3493,302575.7198,349252.9971276725,15.426643406326768,-0.14346502017518148
3494,3774.167544,2546.9638193168357,-32.51587827981079,0.39327784955638645
3495,12202.56812,8482.675690849466,-30.484504512239784,0.3636205016100664
3496,22183.93094,16026.018784296586,-27.758435474571545,0.32515461978513294
3497,63756.36807,51551.57582305497,-19.142859947017413,0.21248629152064957
3498,108573.4757,94198.17630891738,-13.240157688976534,0.1420263175619194
3499,187124.9647,172376.3911854383,-7.881670699688165,0.08209624732347542
3500,1613.769661,1106.5950913013287,-31.427940551589746,0.3772850308944742
3501,5400.359822,3694.545551167396,-31.587048401542685,0.37960802842955665
3502,28518.02758,22492.572218210284,-21.12858382259029,0.23735130289547968
3503,48999.72917,40172.74023198488,-18.014362706762533,0.1986261090257777
3504,84396.55653,73717.83978911188,-12.653024222726685,0.13528177190464952
3505,251125.502,237967.6590433703,-5.2395486925217565,0.05381804407188895
3506,416513.3759,412597.05245256703,-0.9402635483123631,0.009447119323285236
3507,3812.292937,3078.9627082018724,-19.23593598175081,0.2136380716420483
3508,6792.580689,5489.90322152061,-19.177946161007178,0.21292031415146617
3509,12167.04551,10226.394183228804,-15.95006220019634,0.17375906617176895
3510,21194.67863,17712.033613690743,-16.431695318936082,0.17950586839489802
3511,36608.34041,31423.995675463353,-14.161649166484693,0.1527042999481143
3512,64549.52397,57085.68623226559,-11.562963254699298,0.12287933637993476
3513,197525.8888,185448.39098976296,-6.114387275313464,0.06309303063254035
3514,329210.9354,322027.64212669065,-2.1819728632590745,0.022061299381828547
3515,582455.7997,571339.0511292756,-1.9085995154396591,0.019270483967043006
3516,760.6274611,830.3716952812424,9.169302680760444,-0.08772972682156777
3517,1449.359729,1521.2922380417192,4.963054209554293,-0.048438237579621735
3518,2688.848878,2661.154546601688,-1.02996979952668,0.010353106931783707
3519,4905.941355,4611.89300122289,-5.993719298691244,0.06180858997880456
3520,9004.269556,8391.02072821453,-6.810644927625821,0.07053668678133462
3521,15747.54327,14936.484458861893,-5.150383124733001,0.05287752888494701
3522,27529.31012,25762.952469813903,-6.416280111948172,0.06631375045257037
3523,49400.29542,46677.841315170765,-5.51100774131613,0.05668684230827736
3524,153289.972,144798.0227350481,-5.539794387170952,0.05699154480399571
3525,257192.9198,246716.09545826926,-4.073527509963258,0.041588199542484716
3526,770199.4405,743368.2633501111,-3.483666143988706,0.035457929209881556
3527,1343.918722,1679.9576490264756,25.004408490298246,-0.2231788186146968
3528,1954.532061,2355.330503588703,20.506107348458723,-0.18653024904795767
3529,3486.240742,4017.459451466991,15.23757963892762,-0.14182572122155612
3530,6524.559688,7176.037278456111,9.98500468398368,-0.09517384945707086
3531,11827.22206,12402.864032858459,4.86709364158551,-0.04752358755776953
3532,20739.60536,21670.36028028593,4.487814035656896,-0.04390026651807766
3533,37278.15103,37775.77089474704,1.334883439756903,-0.013260523735885599
3534,121942.0472,117684.82415262781,-3.491185481239146,0.035535839651267054
3535,203115.9355,197411.54936260954,-2.8084385025469607,0.0284862941602384
3536,369071.8083,356824.23936282337,-3.318478589191286,0.033747893714682675
3537,628888.0944,600811.6715753309,-4.464454499087914,0.045671803554172996
3538,2632.314027,3595.374251062415,36.58606891822848,-0.311784771454624
3539,8908.476494,10795.597893887858,21.183435811486547,-0.19213521008511236
3540,28725.77905,32682.698492975913,13.774802890771074,-0.12905089546548432
3541,53320.65124,57499.18989643494,7.836623445627179,-0.07544714990703305
3542,166517.9997,164287.19508151378,-1.3396777660704768,0.013487324082728236
3543,301780.0383,297833.5792739955,-1.307726994878752,0.01316353030203743
3544,514213.1637,487753.66811065166,-5.145627816868803,0.05282739490633226
3545,1171.120596,1979.47861145146,69.02431894823067,-0.5248724176844561
3546,2072.058636,3346.266778029733,61.494791696123244,-0.4793027065949831
3547,6905.895227,9639.294225985906,39.580661292096174,-0.3334724653178487
3548,42024.19603,48788.885462800434,16.097129920037723,-0.14925698165255064
3549,78572.07043,85102.05180773509,8.310817497869872,-0.0798348475909254
3550,135577.0677,138970.25455540285,2.50277345053011,-0.024719670278262384
3551,246699.1756,240615.81167756725,-2.465903628432204,0.024968162742258215
3552,436025.7215,410879.5917805457,-5.767120717774966,0.059401028338710304
3553,1692.253579,2934.388909652728,73.40125298400851,-0.5504381043069166
3554,3329.363942,5397.790118184777,62.12676692059812,-0.48320835509705873
3555,10479.77432,14826.273083318172,41.47511798057663,-0.3469536709724803
3556,19148.30164,25381.039363296688,32.54982003352589,-0.28178838902083037
3557,35271.49726,43342.25677257314,22.88181715984559,-0.20605287138660877
3558,113402.2414,119457.28973321174,5.339443258316183,-0.05201774286537564
3559,205703.9988,204008.051651037,-0.8244599807765108,0.008278774488092111
3560,368999.0862,341973.9325055786,-7.323908027179662,0.07605965420096261
3561,3196.941894,5254.358746408288,64.3557787606223,-0.49686327480987913
3562,17032.7892,23721.38095541655,39.26891642278148,-0.33123652864010467
3563,31083.56722,39967.60188560737,28.5811297098846,-0.25138987873355134
3564,56961.13105,66210.95308525012,16.238831400891073,-0.150476779893145
3565,96732.98674,105374.06780849324,8.932920774708265,-0.08556210106459616
3566,177771.1005,181037.75545895906,1.8375624326852036,-0.018208832710321587
3567,319392.5586,294805.5569225813,-7.698050882960899,0.08010492750789489
3568,5547.911381,8112.135201652335,46.219624730021174,-0.3799395843987554
3569,5760.081969,8153.942832698976,41.55949301732891,-0.3475498880849681
3570,29671.92076,36567.72076744149,23.240153757546935,-0.20896473536656046
3571,53091.37112,60372.902279035756,13.715093442543875,-0.1285259539136998
3572,10658.89958,12872.74852037623,20.769957759337768,-0.18871737453791404
3573,11012.10022,13059.267539525863,18.590162445196697,-0.17050334979285786
3574,18257.34046,21005.023499926254,15.049744216284688,-0.14019440725121868
3575,31621.1192,35023.94078244757,10.761230685495693,-0.10220662353404819
3576,53770.25328,57574.44893133263,7.074907442825104,-0.0683584730985416
3577,156187.4485,148664.92545130453,-4.8163428757820235,0.049361927790814164
3578,274120.7921,240877.9897874076,-12.127063422633537,0.12927831747159857
3579,634.694988,549.885856228491,-13.362187093796459,0.14343382707884889
3580,1107.609128,957.755490371924,-13.529469362415373,0.1453665163677078
3581,2059.724038,1852.3514272613443,-10.067980317402869,0.10611613792847407
3582,6591.039073,6054.116781518412,-8.146246525545187,0.08497250989839245
3583,12531.57447,11566.894613760154,-7.697994043360182,0.08010431170742649
3584,41317.84009,38033.42049882275,-7.949156064361078,0.08282911012029892
3585,145549.1597,129772.38334780364,-10.839482951818342,0.11473187838246268
3586,256380.605,228919.30128985143,-10.711147089362933,0.11329353332570591
3587,489.1650914,434.471045835204,-11.181101539412916,0.11857073813093066
3588,826.6104883,803.9456968770606,-2.741894972752114,0.027801864779805285
3589,2870.887354,2754.687780587761,-4.047514203242361,0.04131705666040464
3590,5098.942799,4931.997606322678,-3.2741138557205187,0.033289123962171985
3591,9314.062583,9275.129397550372,-0.41800433594561964,0.004188804162915005
3592,30539.60962,29411.096895249506,-3.695242797116322,0.037652468581882204
3593,56553.77309,54524.93824910997,-3.58744382565127,0.036533742082234255
3594,109007.1796,101079.6696035639,-7.272465928873642,0.07550473409800773
3595,340259.7217,308594.7276914245,-9.30612470097001,0.09768035816987464
3596,603.8246172,708.631074776802,17.357102475020127,-0.16005125833786504
3597,1112.815306,1320.979107049902,18.706051213309074,-0.1714800933787668
3598,6774.363311,7530.849721133922,11.166900495365558,-0.10586249410385307
3599,11870.46425,13245.957281684943,11.587525160904656,-0.10963907599875355
3600,21596.21628,23709.993744797754,9.787721318364909,-0.09337850913255963
3601,40589.75978,41620.82315732298,2.5402056649544877,-0.025084786070097564
3602,78221.76535,78731.8731604976,0.65213027117855,-0.006500131012117549
3603,260774.9502,235234.7327436654,-9.793968874980767,0.10307389724106741
3604,466.5996296,637.1659646916839,36.55518013117684,-0.31155859699513844
3605,1515.390945,1958.923505882979,29.268523897836733,-0.25672163548985694
3606,2674.931743,3425.3356221011827,28.053197284936576,-0.24727559538075905
3607,8854.433309,11052.433813813694,24.823728725581546,-0.22173238589313726
3608,57345.63875,61727.60491392823,7.641324186886374,-0.0736344417912882
3609,107839.5756,110346.32738720847,2.3245193364878856,-0.022979138959239975
3610,194383.5983,185162.16511086107,-4.743935841185086,0.04860150829851406
3611,371763.451,336098.17236522265,-9.593540876286236,0.10085447065886477
3612,650671.877,569150.4976422831,-12.528800189364397,0.13386059182594146
3613,875.5880624,1382.4122965866527,57.88386753440194,-0.4566895611774182
3614,1170.49794,1714.84744893927,46.50580666030646,-0.381894877590077
3615,2076.130554,3099.152504417515,49.27541519229119,-0.40062283783309915
3616,6812.387537,9293.348953094488,36.418383461300266,-0.3105563264490261
3617,12328.87209,16395.48347794808,32.984455984797876,-0.28506206310881055
3618,22497.26788,28583.874186469773,27.05486879089326,-0.23944884489264417
3619,43359.72613,50547.24415033333,16.576483898408167,-0.1533773857559506
3620,82949.02401,87325.21960922115,5.275765027317961,-0.05141305497548565
3621,282863.8106,265095.6165060123,-6.281536707116592,0.06487496927247527
3622,819.0847142,1368.037884342356,67.02031677865195,-0.5129452763862048
3623,1749.136467,2745.4220748231587,56.958712291438296,-0.450812605739741
3624,3173.867056,4746.093522170276,49.53662010505697,-0.4023711273826631
3625,5629.563989,8253.526304778714,46.61040039523235,-0.3826085449810144
3626,10178.68949,14308.851012269548,40.57655483377504,-0.34058202865737286
3627,34622.17143,43620.66679621447,25.99055747964237,-0.23103677751743845
3628,118547.7724,122957.25372060383,3.7195817612881807,-0.03652074229175284
3629,223884.3837,220477.46147206964,-1.5217328567657329,0.015334300293975645
3630,416075.229,375242.9219499911,-9.813683729297162,0.10329247474370895
3631,845.8285981,1320.7841813506027,56.152698586629015,-0.4456641796065792
3632,965.2651375,1458.3987993692574,51.087897274157726,-0.4126915826250368
3633,2984.15003,4408.82724870695,47.7414742685357,-0.390293764866934
3634,5178.03401,7437.649113575442,43.638475514289674,-0.3621293700740509
3635,8992.402185,12626.457283576927,40.41250628935171,-0.3394143777715595
3636,16335.92962,21324.399623316174,30.536799064124352,-0.2664849861900169
3637,30143.13651,37694.762105106376,25.0525541447922,-0.2235638961152926
3638,55545.23637,62532.74610947147,12.579854180340522,-0.11849259879326901
3639,99419.006,106177.20330612778,6.797691485798785,-0.06576612500288093
3640,185886.9937,178403.2000319409,-4.025991016960042,0.04109277093688135
3641,1689.666075,2240.8480454696964,32.62076327535287,-0.28232346529237073
3642,3113.265553,4006.318545140631,28.68541012442927,-0.2522005587413201
3643,5286.18191,6852.756739396451,29.63528036053626,-0.2595547858877172
3644,9006.309888,11169.71558287962,24.02099996317183,-0.21528071981979124
3645,15670.60744,19124.452282596747,22.040274161808416,-0.19918092034923696
3646,51496.48439,56080.19403302876,8.901014695129101,-0.08526916158536757
3647,87728.25787,91579.87210281492,4.390391792029455,-0.042967452581788024
3648,161416.0037,156451.3681681021,-3.0756773913972753,0.031239691275713355
3649,299434.3485,259782.28436215146,-13.24232317918215,0.14205127746471824
3650,3366.422404,3732.12248997748,10.86316694966602,-0.10312652470419614
3651,3562.445995,3947.5548733711157,10.810237654455044,-0.10264898166008152
3652,5848.924389,6437.160952922613,10.057175042797663,-0.09582981788541112
3653,9841.60037,10769.202839988084,9.42532144279786,-0.09007213464724906
3654,28387.61756,29842.11271367323,5.123695747270839,-0.04996752554335693
3655,50009.18345,49336.47939885875,-1.3451610378998275,0.01354290290188942
3656,84923.8096,81932.72881345682,-3.522075611811897,0.0358559666300593
3657,268403.5858,223104.00210163568,-16.87741375114085,0.18485372504138198
3658,6506.290128,6048.753155076091,-7.032225183978275,0.07291726023698608
3659,6755.834073,6364.577884617286,-5.791382443011546,0.05965852709325681
3660,10893.46835,10212.945265003233,-6.247074514121727,0.06450731644174112
3661,18264.23487,16752.30295710288,-8.278101566578911,0.086409030072371
3662,30356.10237,28206.576330987595,-7.081034359459521,0.07344240986823891
3663,51244.91784,46165.26969223409,-9.912491544285224,0.10438867187640355
3664,84976.52567,72770.60928358596,-14.36386848035516,0.15506289470624246
3665,146704.8496,124121.25822869255,-15.3938955889209,0.1671637658197156
3666,11869.47753,9658.685320212639,-18.625859514031713,0.2061126478995554
3667,12209.86289,10157.14720009014,-16.811947098857726,0.18406644340986134
3668,32939.63111,27224.647926240967,-17.349870023359333,0.19055378910716136
3669,87163.9296,69180.53360984211,-20.631694868146344,0.2310710771280018
3670,148727.985,111990.60628967466,-24.701053208194363,0.2837040381086702
3671,701.4324123,835.2517048436368,19.078002412925684,-0.17460857485020043
3672,1338.163812,1645.4735973379984,22.965034817276795,-0.20672985919377584
3673,2450.09456,2997.2454068546767,22.331825709399425,-0.20156704942106174
3674,4647.378561,5509.7020362018775,18.55505128070149,-0.17020723447853214
3675,18126.24332,18843.1500128135,3.9550759644856175,-0.038788657950927785
3676,36961.62538,33996.63093069448,-8.021818355720578,0.0836187931054333
3677,73706.45673,62287.69914198301,-15.492208002680089,0.16832644289028487
3678,265031.4113,214094.3265460087,-19.219263295675354,0.21343165600923264
3679,580.6919898,731.5191830245797,25.973699633178526,-0.23090296610559502
3680,1989.758485,2438.3081103501295,22.54291808435884,-0.20329113434691237
3681,3479.194081,4453.124112122536,27.992977926733133,-0.24680521647926668
3682,6705.048145,8371.40906576384,24.852333416971177,-0.22196152032652527
3683,12694.47239,14807.213697697578,16.643002109814955,-0.15394782019390618
3684,51020.49445,47964.871058549536,-5.989011718506509,0.061758513938331205
3685,105319.2465,89630.4897315699,-14.896381516012925,0.16130063093685187
3686,201898.0271,163920.0206411765,-18.81048913866455,0.2083841237490116
3687,357736.455,284343.33462305396,-20.51597463751522,0.2296141233553879
3688,415.6131139,606.6503091653052,45.96515097241864,-0.37819771525904766
3689,743.7463851,1152.1938017698167,54.91756663999101,-0.4377229613313238
3690,1417.985444,2039.657349078541,43.84191020500639,-0.3635446647152154
3691,4712.875294,6842.834434231429,45.19447274454932,-0.37290384918046193
3692,8767.747571,11889.034373028173,35.59964263058929,-0.30453655404710034
3693,34018.45563,38416.13544527427,12.927335276784493,-0.12157437523057624
3694,144469.8836,125471.30909475096,-13.150543235606952,0.14099394819223754
3695,494215.9412,391663.01252182084,-20.750631480880923,0.2325707414754561
3696,1962.9699,3138.8792917451224,59.90460636941617,-0.4694072412506154
3697,6408.739313,9853.582559641955,53.75227604677504,-0.4301725241452239
3698,12094.09514,17534.81613190221,44.986589975694635,-0.37147106922943074
3699,48650.94962,55766.32071694132,14.625348842145216,-0.13649878791778036
3700,100506.4583,99072.09355491573,-1.4271368918431675,0.01437418428684012
3701,377678.9606,305576.382247125,-19.090970341140846,0.21184475308589867
3702,663683.0988,513140.9036641884,-22.68284297249783,0.25725430123882553
3703,3081.944275,4964.019270060379,61.06778147571729,-0.4766550933542604
3704,5316.957519,8436.789660489736,58.67701839522138,-0.46170061943374385
3705,18547.91413,26174.4532138356,41.11804179371408,-0.34442652999578627
3706,36896.2378,46145.66654451346,25.06875848603039,-0.223693467970568
3707,139851.241,135941.809315395,-2.795421518358225,0.028352371910449037
3708,281511.9266,245002.2025899457,-12.969157097891252,0.13890761404330476
3709,518436.7953,411809.1776174403,-20.567139263496585,0.2302580401726022
3710,1010.813072,1457.179149088161,44.15911205075521,-0.3657474483826224
3711,1699.527739,2462.453806991677,44.89047459976038,-0.3708079234258985
3712,2925.049299,4348.1305780370285,48.651531429693996,-0.3964346656545059
3713,5073.617146,7468.1235681017915,47.19525248351863,-0.38658976763656305
3714,8993.586829,13081.63652532731,45.45516459734745,-0.37469770603911456
3715,15940.69031,22404.046541082014,40.546275634169916,-0.3403666125015832
3716,30239.75548,39277.576354906814,29.88721546007294,-0.26149631452383737
3717,60381.065,67881.7710137295,12.422281743009178,-0.11709196797307975
3718,109805.4948,110804.46447758283,0.9097629216118557,-0.0090564950812837
3719,218571.6566,200934.84255436546,-8.069122190857078,0.08413321948899721
3720,408977.4519,335472.29323042074,-17.972912278682827,0.19812065520859967
3721,973.9304555,1168.2997352564714,19.957203171830727,-0.1819648529479574
3722,1152.814148,1374.9480873748726,19.26884222927429,-0.17620993741421564
3723,1884.6569,2301.83375695214,22.135427246844774,-0.1999603024851666
3724,3227.478987,4035.7629156054095,25.043816919059914,-0.22349402524352513
3725,5274.852297,6743.62811476645,27.844871004289466,-0.2456473976529452
3726,27979.59227,34318.32464026882,22.65484181863961,-0.20420406064851093
3727,94737.13736,96426.97633899206,1.7837133631879691,-0.01767991871995278
3728,335660.579,280842.7129288699,-16.331338709610623,0.17830569568441312
3729,2005.679819,1968.2288778414973,-1.8672442532315623,0.01884897355146009
3730,5968.936122,6231.608880740871,4.400662921700996,-0.043065839265008066
3731,9686.389671,10504.128990643781,8.44214766717473,-0.08104664356590341
3732,16400.899,17583.258124582557,7.20911167480853,-0.06961105600307071
3733,28529.01991,30483.44551047312,6.850658054986515,-0.06626195443836913
3734,51361.98421,50198.823404652045,-2.2646337037763704,0.022906703739066003
3735,162505.6689,144892.56804425476,-10.838453190567577,0.11472032892830697
3736,10690.36702,9635.839948038547,-9.864273789558375,0.10385358264702127
3737,29596.24789,27649.177201527626,-6.578775443796207,0.06805162292678091
3738,51608.18338,45737.333935542636,-11.375811082574412,0.12076535302619007
3739,85729.36857,74538.76486698743,-13.053407355817848,0.1398761334866201
3740,149814.6126,124808.34337445037,-16.69147541189158,0.182619306059566
3741,267120.5983,206685.61166370445,-22.624607394904732,0.2565013809400458
3742,7496.916937,5772.330082307047,-23.003947745259023,0.2614160348676773
3743,11909.25694,9271.408960111312,-22.149559734737636,0.2503806324220541
3744,19364.42723,15444.042704521416,-20.245290392090695,0.22621439142216282
3745,53300.57798,42649.98847687997,-19.982127599285057,0.22292017125645636
3746,148386.2263,112280.4388627304,-24.332303838142426,0.2788188516040382
3747,255726.2607,184048.92217551195,-28.028931533384778,0.32890597457864423
3748,21247.21783,15001.908603841703,-29.393538844131566,0.34804852788788665
3749,34708.13737,25073.8224695438,-27.758086807572752,0.3251497933924661
3750,55993.35379,39013.51236632505,-30.324744410482925,0.3613249443165518
3751,150597.9337,105147.25328989323,-30.18014875333364,0.35925181483959
3752,589.8,728.1319930348479,23.45405104015734,-0.21069884449480103
3753,1364.1,1645.2017427548287,20.607121380751327,-0.18736814615327102
3754,5962.21,9033.217585963193,51.50787352279094,-0.41546740805837956
3755,4242.17,3590.1124676505115,-15.370848701242256,0.16689140072977793
3756,14701.34,21889.496423784884,48.89456623535599,-0.3980682603251573
3757,6440.23,12267.677294113364,90.4850804103792,-0.6444036874558936
3758,4575.14,3896.4844643429806,-14.833546856643068,0.16056257213859482
3759,8433.0,6838.946853146018,-18.902563107482294,0.20951882965076507
3760,30686.35,37699.17702284465,22.853245898729075,-0.20582033427212743
3761,228031.96,216377.52059339828,-5.110879811146522,0.05246113195126334
3762,107991.02,140645.48728951073,30.238132105346093,-0.26419437422030967
3763,378572.94,342088.7763095845,-9.637287781428725,0.10133847913964367
3764,11213.42,13285.044123938282,18.474507544872854,-0.16952762524053
3765,21880.68,13145.331933317007,-39.92265353125676,0.5095373461396893
3766,153370.65,105125.45858960375,-31.45659968866028,0.3777030601602931
3767,30134.39,27340.302342786163,-9.2720896530968,0.09730515462801392
3768,18591.85,21321.52785121916,14.68212066695441,-0.13699394689442101
3769,10574.22,14306.483236227486,35.29587275683206,-0.30229384433928885
3770,1124.9,977.6717209302731,-13.088121528111566,0.14027547178209954
3771,107211.86,89626.43031728068,-16.40250405386057,0.17915661914340397
3772,5754.54,8433.035749069662,46.54578383449698,-0.38216771128718285
3773,16040.52,14724.703726321235,-8.2030774169339,0.08559141198383813
3774,2014.35,3912.790336910087,94.24580320749061,-0.6639541979168291
3775,19013.9,24099.421423591262,26.74633517369535,-0.23701754224818927
3776,29245.92,32545.79169105107,11.283186478835578,-0.1069079960017767
3777,7634.57,5773.028274981964,-24.383059229505204,0.27948984363992935
3778,151105.98,111026.2687420501,-26.524238986405376,0.3082146162873496
3779,288945.0,300557.7968392495,4.019033670508054,-0.03940371247046137
3780,110564.15,92222.54483681824,-16.58910701450855,0.18139127381548192
3781,12045.4,12542.94059597619,4.130544406795874,-0.04047516068559531
3782,3847.11,2532.5084304170778,-34.171145862294615,0.4181119310443453
3783,72266.36,70168.62306491862,-2.902784829734585,0.029457491119956103
3784,52455.98,56169.53997651006,7.079383468786697,-0.06840027497832857
3785,346635.83,303379.38101703674,-12.478931846994373,0.13329064271561464
3786,109803.96,108332.56840841951,-1.340016873326333,0.013490761207512136
3787,3042.6,4444.559429792491,46.077677965966316,-0.37896833509947037
3788,640470.79,600812.8453323717,-6.191998961830622,0.06392003469927232
3789,103881.99,84842.32509345064,-18.328167285348854,0.20246100838173753
3790,1174.24,1353.4164868665196,15.258932319331613,-0.1420109967407699
3791,15398.34,12447.186646266699,-19.16539934650944,0.212765086214052
3792,101520.74,76940.63348785014,-24.21190636726039,0.277228981762736
3793,79984.34,60101.292780908,-24.858675109517687,0.2857995137048981
3794,18475.27,18496.377073684405,0.11424500797230512,-0.0011417979802441636
3795,424315.75,406617.8884304388,-4.1709179000688,0.042603976099130136
3796,21598.9,15292.942925155365,-29.19573253658583,0.3452509121978977
3797,3484.68,2005.8744256306488,-42.43734214818437,0.5522961297080844
3798,3724.85,5738.328924052721,54.055302201503984,-0.43214145716726726
3799,8920.76,11890.13099835571,33.28607650419593,-0.287327583409434
3800,37533.85,46262.87217876978,23.25639969992362,-0.20909655012966688
3801,5234.05,3055.9524752355214,-41.61399919306233,0.5380940370994445
3802,860.95,1350.6673601923883,56.881045379219266,-0.4503176594373297
3803,5648.08,8111.937996414129,43.62293020662118,-0.36202113898296595
3804,222583.08,200066.4227209525,-10.116068696258258,0.10665100015552298
3805,148956.65,134234.5677294406,-9.883467619981644,0.10406654897150247
3806,5499.42,3723.740328703056,-32.2884899006976,0.38991400428313483
3807,4724.62,5450.0351819616135,15.353937077725059,-0.14283492962895927
3808,28910.91,18713.076651865493,-35.27330460415984,0.4349964668605537
3809,151573.62,119911.53593349553,-20.88891461885285,0.2343171771506949
3810,304902.62,262220.4606868757,-13.998620055519467,0.1508068439972643
3811,10370.3,13885.48181697301,33.896626105059745,-0.2918978692673093
3812,9015.97,10721.15478995099,18.912937708876477,-0.17322142347012992
3813,491341.03,435801.2450946658,-11.303714022281882,0.1199521692772958
3814,149398.61,120641.09273901948,-19.24885195449978,0.21379800670465343
3815,12298.52,17541.833643801412,42.63369611791835,-0.3551095922402112
3816,1722.57,2916.1356485168767,69.28981977608323,-0.5264419700735976
3817,28045.2,26020.643069438822,-7.218907087705485,0.07492730712302453
3818,5198.43,4978.504980324902,-4.23060461860789,0.04322701571045151
3819,32642.81,25778.47092086839,-21.028640240014912,0.23608493393638774
3820,1368.74,1693.651047259307,23.73796683514086,-0.21299597303698548
3821,273279.81,225304.43965996592,-17.55540240606654,0.19304366255029848
3822,1462.21,2172.0693718773587,48.547019366394615,-0.3957313508682949
3823,4119.08,5262.714846764546,27.764327149862243,-0.24501718670846806
3824,304346.42,299648.8153800381,-1.5435057918413735,0.015555418546689737
3825,54295.99,57996.23995938741,6.814959925009949,-0.0659278049327412
3826,3961.43,5823.8797227493,47.01458116764148,-0.3853615874880916
3827,19508.83,25386.066370913617,30.1260320117281,-0.26333327184145716
3828,11108.17,10503.261114800964,-5.4456214227819375,0.055995082307887856
3829,62308.09,42686.317886238816,-31.491532020579,0.3782128282227184
3830,3875.1,3051.738562422342,-21.247488776487263,0.23886002023823494
3831,4409.77,7856.455752291831,78.16021589089296,-0.5775130487412312
3832,88759.03,69175.14767975493,-22.064101331712475,0.24928350911609165
3833,86471.48,80442.1313572392,-6.972644209120511,0.07227658779893531
3834,3255.58,5102.5600995724135,56.73275114027035,-0.4493719468975943
3835,2496.87,2976.1442447521663,19.195001932506152,-0.17559063766764194
3836,206897.11,198527.92739300104,-4.04509401170415,0.04129183416620208
3837,151066.13,147003.92376121785,-2.6890251565868204,0.027258409288299035
3838,115780.63,103513.00236991221,-10.59557857828878,0.1120000484128667
3839,21996.08,23513.16224210242,6.897057303403227,-0.06669610409996984
3840,17064.92,21723.618472534443,27.299855332075655,-0.24137518314159578
3841,348034.41,300784.8993375157,-13.576103196946612,0.1459059650515364
3842,645.8,549.6892816457985,-14.882427741437207,0.16113668219996402
3843,473753.7,454361.0375679431,-4.093406010772456,0.04179544745073294
3844,99502.14,99117.4026152425,-0.38666242229312126,0.003874118940112581
3845,1129.55,1801.4929770741194,59.48767005215524,-0.4667964295004756
3846,33546.22,26563.440120084288,-20.815400006068383,0.23338835059556295
3847,237364.97,262016.9313724186,10.385677959312442,-0.09881021081000085
3848,6899.22,4033.0288916665177,-41.5436978141512,0.5368906820543309
3849,1476.15,1509.6140636636383,2.266982600930676,-0.022416684150224242
3850,46900.58,47334.62325551106,0.9254539187171248,-0.009211978325312842
3851,840.85,793.1405027863158,-5.673960541557262,0.05841290023084866
3852,149241.26,136836.8299218422,-8.31166265827413,0.08677499756516482
3853,10892.76,9592.874780823688,-11.933478927070022,0.12707773579118253
3854,35923.22,43656.18515281223,21.526369720788466,-0.1949610879828807
3855,193035.73,168401.44234279962,-12.761517081423415,0.1365246345516642
3856,1709.55,2752.0076765588624,60.97848419518952,-0.47610053152675125
3857,2289.86,2199.5768337993018,-3.94273738135512,0.040225686736202526
3858,325245.35,295482.2580481083,-9.150966171197119,0.0959710259982458
3859,9168.95,8306.697040964937,-9.404053452522525,0.0987607140340927
3860,197062.13,235555.12959053746,19.533433232725866,-0.17842592225954057
3861,1946.98,1415.6276827341874,-27.291103003924675,0.3187064293480075
3862,773.43,824.6671854096589,6.624670029564278,-0.0641447251372691
3863,232432.01,218689.04890242388,-5.912680055374529,0.06094689933060771
3864,12088.52,9735.092189038907,-19.46828735826299,0.21651913327978356
3865,35255.93,42811.348522938926,21.430206274345696,-0.19416947778611338
3866,1618.3,1566.4416195724389,-3.204497338414453,0.03256965289245173
3867,2114.15,3069.6762487413157,45.19671020227115,-0.37291925913677826
3868,261886.44,248155.40799902772,-5.243124463020032,0.053855779624180755
3869,3117.87,3420.500573092526,9.706324288457377,-0.09263683039213078
3870,131741.28,108819.95503907597,-17.39874165555704,0.19114527138297355
3871,80858.53,68480.72760194566,-15.307973565750373,0.16614872767229372
3872,30284.72,34346.05187209379,13.410498337424912,-0.1258437789519249
3873,246661.62,242077.77979728574,-1.8583516165645302,0.018758359222887933
3874,422109.92,433693.9180669179,2.744308417797415,-0.027073273326511327
3875,6979.24,4594.4629608480645,-34.16958062986708,0.41808815402680644
3876,335335.55,317061.2238284092,-5.44956422651603,0.056036781973208605
3877,3001.34,2067.9274232454163,-31.099861287111217,0.37251199472103114
3878,288020.11,265091.63258849527,-7.960721010593573,0.08295475451733836
3879,28910.58,30169.801224220202,4.35557233448862,-0.042633846535707676
3880,21395.42,34140.77510685503,59.570483341084355,-0.46731554045193313
3881,3390.28,5399.482707143289,59.26362150451552,-0.46539064015641785
3882,613.74,701.3144383439409,14.268980080154602,-0.1333849576047914
3883,308100.86,347307.33656632004,12.725208415945369,-0.11978288720575314
3884,49942.08,39942.91334527258,-20.02152624545758,0.22341266559042872
3885,9601.75,14628.43110229728,52.351718200299736,-0.4210215973603386
3886,75080.87,62221.90668708394,-17.126817141191967,0.18785866401134044
3887,29058.75,29869.429274062786,2.7897940347151415,-0.02751588228646007
3888,2228.33,3035.3648436439457,36.21702546947471,-0.3090792033619927
3889,201548.74,203472.17464619066,0.9543272987916809,-0.009498023615211793
3890,186275.7,175472.24185401291,-5.799714158093136,0.05974696999522955
3891,50180.05,63818.08269647594,27.178196706611363,-0.24041904068641884
3892,22906.67,28585.861966392422,24.792743626168377,-0.22148412423572061
3893,162124.63,176970.24229713663,9.156913602292647,-0.08761623538025631
3894,7959.15,9278.711578933538,16.579177160042704,-0.15340048844728038
3895,84510.02,89898.62224638012,6.376287979082386,-0.06181250874361588
3896,2926.02,2757.263254127809,-5.767450183942386,0.059404524642186374
3897,9161.12,12625.266166028714,37.81356609266894,-0.32073161544297335
3898,12128.3,9349.507017353444,-22.911644522699433,0.26021794824802136
3899,57604.44,54381.39951089174,-5.59512511380766,0.0575774734264094
3900,1874.3,2442.030132946009,30.290248783332924,-0.26459445868331066
3901,3784.87,3392.584618728593,-10.36456684830409,0.10941948489829834
3902,149709.73,147725.55628670478,-1.3253471990733172,0.013342083057718668
3903,1014.93,1603.782915986266,58.0190669293711,-0.45754551652619124
3904,384687.88,312034.4706852492,-18.886326575911568,0.20931863952083773
3905,42785.49,49750.22864985374,16.278272493440525,-0.15081603315466552
3906,9474.04,5588.576174033694,-41.01168905732197,0.5278308813262829
3907,2388.93,1339.3802542825151,-43.93388444690656,0.5786385567775527
3908,89723.15,82960.14724923165,-7.537634100862867,0.07836847940218483
3909,1447.81,2078.469863671352,43.55957367826939,-0.3615799106454274
3910,3427.045851,2027.0177056218495,-40.85233189890433,0.525133019821876
3911,6772.981613,3987.343129635127,-41.12868811009532,0.5298162786726124
3912,21492.76309,13029.449342102698,-39.37750447654193,0.5005041485370327
3913,38218.80664,24756.21998127919,-35.225031449911356,0.4342509450654912
3914,61176.08746,42919.550158880906,-29.842603636684245,0.3544289485997041
3915,99679.89972,77243.44234384765,-22.508507170629354,0.25500202559755536
3916,161658.0093,138718.82757757526,-14.189944452337599,0.15303398883606611
3917,5137.739583,3051.5007189247003,-40.60616211413959,0.5209797042960638
3918,9298.995381,5588.825819742749,-39.89860634663811,0.5091371558079363
3919,15988.05067,9993.651750669202,-37.492994255883225,0.46989154362169394
3920,48104.4261,33612.077315101604,-30.12685101942915,0.358488745302763
3921,129295.5572,107790.81072246096,-16.63223929981953,0.1819085137058316
3922,214383.5098,197369.37503547888,-7.93630759212485,0.08268953969297499
3923,348278.3422,351110.7972299777,0.8132733755666934,-0.008099841293248033
3924,3544.608535,2574.004251027745,-27.382552244863195,0.3199649658255579
3925,11465.36178,8195.652891520967,-28.518148412749277,0.3357265924614161
3926,21196.39962,15443.760585595246,-27.139698899509394,0.3166262618264444
3927,36044.49331,26670.947446790775,-26.005486559603476,0.30117923822997206
3928,60921.92187,47730.54549489199,-21.652922249000632,0.24402151525240612
3929,101976.0525,84532.03079216325,-17.105998202702303,0.1876074811413151
3930,172994.4477,156678.45159527878,-9.43151431831833,0.0990638736076157
3931,285472.0473,275995.9940773957,-3.3194329575273516,0.03375776502238104
3932,1214.04695,1228.1182816410933,1.1590434489451473,-0.011523779945964208
3933,8284.886668,6838.929750026442,-17.452947468291878,0.19180172150824326
3934,15119.1281,12450.046582601866,-17.6536735435037,0.1942363392665989
3935,46050.10416,38356.186153141105,-16.707710323795492,0.18281420200922938
3936,79346.66365,67923.78653270726,-14.3961656254122,0.15544010974796763
3937,137089.034,124457.23581493724,-9.214302425577504,0.096668428487936
3938,228177.1425,216973.64237854388,-4.910001062641981,0.05034638561185645
3939,360819.8648,364630.9689675834,1.0562345755813272,-0.010506953885874637
3940,619314.8035,662463.2241940396,6.967122447290176,-0.06735133440992946
3941,1683.558211,2073.5522494095603,23.16486806701573,-0.20835366265126876
3942,3062.808309,3393.6400619227475,10.801582062795282,-0.10257086676823945
3943,5734.331894,5922.870084868537,3.287884174716322,-0.03234989550189482
3944,10913.69638,10621.291480698826,-2.679247150736412,0.027157932290281295
3945,60739.63926,56505.8662196657,-6.9703625044781035,0.07225206085584901
3946,108135.2586,100653.80604711207,-6.918606058512659,0.07169587193034488
3947,182863.1338,174079.13640440034,-4.803591195810332,0.04922796754735437
3948,298847.0769,299669.97925123357,0.2753590096211459,-0.0027498059121402463
3949,510142.7388,535001.2367646883,4.872851473523372,-0.047578492043761855
3950,823601.9914,889072.4804533458,7.94928736659023,-0.07649136943718204
3951,4047.27385,5257.6047359436925,29.9048428843947,-0.2616320186285819
3952,7814.301848,9280.670946976248,18.765196526821548,-0.1719782194912831
3953,25500.82287,27295.501017929637,7.037726418001024,-0.06801116967671739
3954,46047.85822,47466.28667467684,3.080335350018022,-0.030338453089365558
3955,83036.33958,84070.8980295948,1.245910471039093,-0.012382128773353429
3956,242154.7476,242066.5079084514,-0.036439381190394804,0.000364460219461904
3957,421562.2166,433097.50370161666,2.736319017072147,-0.026995510270896972
3958,689469.0142,725590.4731335714,5.23902571248741,-0.051064012373068124
3959,1221.473797,2254.7448128314195,84.59215567040275,-0.612978641517989
3960,1636.194271,2857.034264555217,74.61461118605864,-0.5574111376850688
3961,2972.970972,4768.674293275183,60.400970550585754,-0.47250656024014237
3962,5653.062336,8398.278058477565,48.561568214017385,-0.395829287099307
3963,10372.67816,14213.690762508588,37.030095248887854,-0.31503038906492264
3964,19212.68477,24239.807321817458,26.165643229972474,-0.23242548640482852
3965,64175.38504,71854.54724369064,11.965899696440124,-0.1130241719514462
3966,116460.6064,123791.14501058919,6.294436236585817,-0.06104275778856483
3967,197878.4305,205573.24501187805,3.8886575421256273,-0.03814953909465757
3968,345311.0847,354630.3677546438,2.698807964053688,-0.026630323907820497
3969,576464.2078,595098.0118131784,3.232430350583589,-0.03181286527711613
3970,1977.066045,3912.0332404772275,97.87064020297953,-0.6824432988837055
3971,4331.553225,7784.047054458488,79.7056771583013,-0.58615019972477
3972,14443.52385,21761.244027224617,50.664368704072295,-0.40988445309559474
3973,26883.66111,37283.772566963074,38.68562177751345,-0.32703947177399684
3974,91318.66675,106631.87970475713,16.76898437061021,-0.15502730437060563
3975,159206.3486,175722.4693336672,10.374033999839623,-0.09870472091440163
3976,492122.4794,504667.3043527538,2.54912658492019,-0.025171781525918036
3977,3198.557742,6662.357074416597,108.29253719367738,-0.7337733344343249
3978,6318.207936,12237.757932198521,93.69033207137743,-0.6610904713122991
3979,11527.1385,20452.12820749695,77.42589114806724,-0.5733828210850902
3980,21014.88262,33836.478303103046,61.0119785817916,-0.47630857735788545
3981,72878.8969,95530.25015929413,31.080812447497564,-0.2706438359275065
3982,127678.3676,155820.8255731619,22.04168059332387,-0.199192444605643
3983,233091.8182,263799.453340495,13.17405105748795,-0.12375672256264458
3984,5315.359378,11178.036534517065,110.29691013522782,-0.7433502039603557
3985,9898.356101,19435.992247826598,96.35575897156339,-0.6747579247385485
3986,17800.25563,32134.787037814807,80.52991881563673,-0.5907263332602515
3987,33052.48256,53924.30039385288,63.14750426375502,-0.48948453974609585
3988,60462.25859,87567.71443354634,44.83037265834026,-0.3703930278955916
3989,106053.1424,141198.35446464104,33.13924629605417,-0.2862253591804169
3990,193505.2585,235800.7401923819,21.85753607950758,-0.197682439355793
3991,352275.4003,388886.2174233984,10.39266922760443,-0.09887354372632551
3992,8925.506713,18311.080231443935,105.154517499537,-0.7185932531282244
3993,9498.934254,19453.144895921952,104.79292071876627,-0.716829139776916
3994,53588.98607,82798.11595822379,54.50584538037293,-0.43506174381118434
3995,93708.67012,131229.240158604,40.03959291126049,-0.336755003147994
3996,302575.7198,349252.9971276725,15.426643406326768,-0.14346502017518148
3997,3774.167544,2546.9638193168357,-32.51587827981079,0.39327784955638645
3998,22183.93094,16177.754756541268,-27.074445010234648,0.31573105984481664
3999,63756.36807,50879.984270734276,-20.196231669169673,0.22559946045640444
4000,108573.4757,92217.61815931894,-15.064321589808936,0.16327594054433447
4001,187124.9647,172376.3911854383,-7.881670699688165,0.08209624732347542
4002,888.484173,599.2717727948549,-32.551215766580135,0.39380162820515263
4003,1613.769661,1106.5950913013287,-31.427940551589746,0.3772850308944742
4004,5400.359822,3710.018926910601,-31.300523498513638,0.37542860685451984
4005,48999.72917,40397.316610449845,-17.556041033828745,0.19305140872475057
4006,84396.55653,73940.52419408533,-12.389169375883151,0.13226555842659415
4007,146220.2445,134578.00738719132,-7.962123953915754,0.08296999750957035
4008,416513.3759,409424.5640448232,-1.701940985654865,0.017165904560483725
4009,1109.975542,931.9557920871031,-16.038168696233924,0.17480787965173228
4010,2059.635264,1728.3161047076076,-16.08630251595811,0.17538132619740487
4011,3812.292937,3051.0377426763257,-19.96843387703379,0.22274905260198175
4012,6792.580689,5418.125167564511,-20.234658730831153,0.22608109581177693
4013,21194.67863,17890.78113493287,-15.58833494361471,0.16946458236797213
4014,36608.34041,31881.966637083442,-12.91064746443816,0.13823555374026952
4015,64549.52397,56797.08543662119,-12.010063059460869,0.1279477309971
4016,113666.4754,105281.64836864495,-7.376693085492687,0.07662938146459908
4017,197525.8888,188304.4931969969,-4.668449112683145,0.047809360997325356
4018,329210.9354,317065.2250346611,-3.6893398910280824,0.037591176436398754
4019,582455.7997,578166.8953449142,-0.7363484675223166,0.0073907289527745945
4020,1449.359729,1509.8996691948378,4.177012716960742,-0.040921311670966354
4021,2688.848878,2661.154546601688,-1.02996979952668,0.010353106931783707
4022,9004.269556,8305.735670884767,-7.757807346513339,0.08075253913151492
4023,49400.29542,45984.84154030432,-6.9138329045557025,0.07164459388887146
4024,153289.972,146240.82724214962,-4.598568755593735,0.04707660508447731
4025,257192.9198,248156.69508753988,-3.513403370313201,0.03576608231911038
4026,465164.911,457307.5279420059,-1.6891607411020149,0.017035897783751253
4027,770199.4405,747865.5440466977,-2.89975495682048,0.029426287077317426
4028,1954.532061,2355.330503588703,20.506107348458723,-0.18653024904795767
4029,6524.559688,7150.931997940175,9.600223461702738,-0.09166922740789474
4030,11827.22206,12540.344275284846,6.029498826242938,-0.05854716022188278
4031,20739.60536,21793.61124158358,5.082092273638036,-0.04957168987614935
4032,37278.15103,38331.658186499655,2.826071377981791,-0.027868747505008784
4033,67761.03558,67104.6142211365,-0.9687298212680341,0.009734525335659328
4034,121942.0472,117684.82415262781,-3.491185481239146,0.035535839651267054
4035,203115.9355,196767.68987514538,-3.1254296267929247,0.0317531331816312
4036,369071.8083,363148.8994532802,-1.6048120483657577,0.01617828605621696
4037,1107.373184,1718.8952781816872,55.22276528069576,-0.43969109451369004
4038,1430.276891,2096.598921757522,46.58692557716239,-0.3824484151568939
4039,2632.314027,3675.3709669692043,39.62509523067646,-0.333790753447067
4040,8908.476494,11021.28582807299,23.716842442094343,-0.21282523969654576
4041,16061.04829,18627.22628069515,15.9776494308464,-0.14822730923332372
4042,166517.9997,165221.0080284984,-0.778889773981336,0.007819389639202257
4043,301780.0383,295182.44417991774,-2.1862261524148896,0.022104781976528542
4044,514213.1637,485123.6051370791,-5.657101104454066,0.05823418043420148
4045,973.1268126,1724.950103932714,77.25851159357049,-0.5724389985452314
4046,1171.120596,1985.3537768193644,69.52598934733145,-0.527836058561431
4047,2072.058636,3346.266778029733,61.494791696123244,-0.4793027065949831
4048,3893.216428,5867.02449420642,50.698647319239655,-0.4101119436202634
4049,12559.13788,16579.766072478924,32.013568374638496,-0.2777345220326346
4050,42024.19603,48788.885462800434,16.097129920037723,-0.14925698165255064
4051,78572.07043,85102.05180773509,8.310817497869872,-0.0798348475909254
4052,135577.0677,138970.25455540285,2.50277345053011,-0.024719670278262384
4053,436025.7215,408099.67425413954,-6.4046788684369975,0.0661897916646339
4054,3329.363942,5481.968949701695,64.65514269997747,-0.49868305647937916
4055,5857.913442,8972.754105200784,53.17321080349251,-0.426399191820904
4056,10479.77432,15183.462870462088,44.88349087332338,-0.3707597222258556
4057,19148.30164,25192.951111055565,31.567548833827345,-0.27435021308635044
4058,35271.49726,43827.308379062524,24.25701142198274,-0.21718190735213128
4059,113402.2414,121212.33006182477,6.887067279628544,-0.06660264511370073
4060,205703.9988,204008.051651037,-0.8244599807765108,0.008278774488092111
4061,368999.0862,347438.39586133463,-5.843019981621132,0.06020679642234761
4062,2984.941474,4890.072742307948,63.82474446827119,-0.49362703915155137
4063,3196.941894,5241.542922215084,63.954901152641476,-0.49442121104690884
4064,5469.846727,8461.978767216924,54.70230135420985,-0.43633244771951496
4065,9422.424156,13786.941294637762,46.32053351003659,-0.3806294642745627
4066,17032.7892,23354.475240994223,37.114802319013165,-0.31564836206805147
4067,31083.56722,39486.69466348499,27.033986749365724,-0.2392844768684732
4068,96732.98674,104826.74120473248,8.367109026093619,-0.08035443470709502
4069,319392.5586,294805.5569225813,-7.698050882960899,0.08010492750789489
4070,5547.911381,7988.488340417269,43.99091463096442,-0.3645800187569481
4071,5760.081969,8372.857412751797,45.360039280923594,-0.37404350833178945
4072,9678.408855,13417.722490327458,38.635623802932,-0.3266788937373697
4073,16757.80872,22303.444793077324,33.09284743451423,-0.285876799685882
4074,29671.92076,37291.544493044974,25.679576980121904,-0.228565442104804
4075,90989.7784,96957.05066833933,6.5581787023445886,-0.06352092890064576
4076,163752.0384,162020.62275310332,-1.0573399047817096,0.010629694606768325
4077,10658.89958,12656.83006055673,18.74424714822888,-0.17180181068561318
4078,11012.10022,13446.002702901813,22.102073485322972,-0.19968717684615456
4079,18257.34046,21320.48147347947,16.7775860903208,-0.15510096607925483
4080,31621.1192,36078.87895467192,14.097412955174335,-0.13188239713625016
4081,53770.25328,57217.98560915502,6.411969665088808,-0.06214788144449557
4082,89963.13889,92251.48620233375,2.5436499221439584,-0.025118374839726343
4083,156187.4485,148664.92545130453,-4.8163428757820235,0.049361927790814164
4084,1107.609128,945.212638168929,-14.66189522330039,0.1585491163878956
4085,2059.724038,1868.0665716149695,-9.305007022743228,0.09766803461069085
4086,3716.673806,3426.9280487105752,-7.795834996917794,0.08116488287661561
4087,6591.039073,6107.991133687923,-7.328858681643516,0.07611307452321014
4088,12531.57447,11468.475848224498,-8.483360365614951,0.08864937631233083
4089,22766.08277,20708.56599027795,-9.037640776890003,0.09472439995263748
4090,41317.84009,37682.59660060149,-8.798241828421057,0.09209601089648878
4091,77510.69317,68927.70279637714,-11.073298434834342,0.11735773350205392
4092,826.6104883,810.9865980599385,-1.8901151704708585,0.0190820617047347
4093,2870.887354,2703.2240086955144,-5.840122743613771,0.06017602660121213
4094,5098.942799,4931.997606322678,-3.2741138557205187,0.033289123962171985
4095,9314.062583,9194.743233266247,-1.281066652392218,0.01289343071507787
4096,30539.60962,29110.921692629352,-4.678147314741763,0.047911097466597496
4097,56553.77309,54017.25959914696,-4.4851357429617,0.04588830394253485
4098,109007.1796,100472.36146103301,-7.82959266562566,0.08153106861098358
4099,603.8246172,685.934027996761,13.598221811080032,-0.12749766710497035
4100,1112.815306,1278.2876066317672,14.86970027636978,-0.13862825892380215
4101,2024.919616,2307.1418683821603,13.9374546106506,-0.130479468080118
4102,3678.700331,4078.8387160781904,10.877167180655313,-0.10325280061212005
4103,6774.363311,7530.849721133922,11.166900495365558,-0.10586249410385307
4104,11870.46425,13500.453726809654,13.731472017277275,-0.1286699752114373
4105,21596.21628,23745.50414690272,9.952150131470713,-0.09487508636008712
4106,40589.75978,41620.82315732298,2.5402056649544877,-0.025084786070097564
4107,146580.5302,140647.22491345962,-4.047812679108721,0.041320167328439794
4108,482619.61,435799.92591754027,-9.701156586335088,0.10204553391223925
4109,466.5996296,637.1659646916839,36.55518013117684,-0.31155859699513844
4110,2674.931743,3425.3356221011827,28.053197284936576,-0.24727559538075905
4111,4973.731255,6359.723603132872,27.866249241745017,-0.2458146038149991
4112,8854.433309,10720.274800089377,21.072398717971723,-0.19121851718889182
4113,29761.18616,34347.49810986262,15.410380235539044,-0.1433241140886441
4114,57345.63875,62281.84023671382,8.607806267941903,-0.08257309984871064
4115,107839.5756,110267.79125489721,2.251692517693117,-0.0222671615380996
4116,194383.5983,186797.44137056332,-3.902673371509808,0.03980868904093171
4117,371763.451,336098.17236522265,-9.593540876286236,0.10085447065886477
4118,1170.49794,1752.6665500805934,49.736833375425974,-0.40370912310469986
4119,3825.551201,5323.426088008736,39.154485414211436,-0.3304145358459767
4120,6812.387537,9188.352562341033,34.877126593818936,-0.29919400461192325
4121,12328.87209,16239.040497434731,31.715540390805774,-0.27547441421146424
4122,22497.26788,28859.58195835219,28.28038547742177,-0.24904819380133603
4123,43359.72613,51013.00930629457,17.650672315938273,-0.16254964371156433
4124,82949.02401,87325.21960922115,5.275765027317961,-0.05141305497548565
4125,518277.5983,446389.6097007232,-13.870556789465006,0.14931886773205427
4126,819.0847142,1368.037884342356,67.02031677865195,-0.5129452763862048
4127,1016.054578,1607.250352246237,58.1854348227972,-0.45859779698302106
4128,3173.867056,4891.284399347538,54.111193476137146,-0.432504191442602
4129,10178.68949,14179.721461625875,39.30792834928963,-0.33151660882261247
4130,18671.05005,24605.505143140483,31.784260002776225,-0.2759960056011046
4131,223884.3837,214107.98569272723,-4.366717251870914,0.044649280618525466
4132,416075.229,375931.77087736037,-9.648124984301727,0.10145841636277453
4133,845.8285981,1349.8374762980116,59.58759012525419,-0.46742273989702454
4134,965.2651375,1490.4279728150468,54.4060709242228,-0.4344157702869964
4135,1653.517927,2539.8251522785044,53.60130729798276,-0.42919014574383674
4136,2984.15003,4420.263566161969,48.12470960657327,-0.39288436543742833
4137,5178.03401,7333.190731562664,41.6211387835721,-0.3479852693243206
4138,8992.402185,12394.616657868148,37.834322830258806,-0.3208822187195661
4139,30143.13651,37637.21442499379,24.86163943990244,-0.22203605378437885
4140,55545.23637,63140.53335148124,13.674074462276412,-0.12816517172613828
4141,99419.006,104199.52769259091,4.808458548248732,-0.04696429398011759
4142,185886.9937,178403.2000319409,-4.025991016960042,0.04109277093688135
4143,341702.8051,304052.31928398466,-11.018488948311926,0.11674157882936953
4144,1840.88597,2435.907499852542,32.322563132606305,-0.2800724158116381
4145,3113.265553,4119.285936341065,32.31399205158215,-0.2800076395676978
4146,9006.309888,11431.307240042117,26.925537564204642,-0.23843041012656485
4147,51496.48439,55697.52994590958,8.15792690641494,-0.0784222592073327
4148,161416.0037,154913.33504803572,-4.028515452563074,0.04111907460837294
4149,3366.422404,3712.4219821462552,10.27796089210721,-0.09783390971824169
4150,16650.28284,18054.64250672951,8.434449313712136,-0.08097565062731071
4151,28387.61756,30380.63175273091,7.020716650555414,-0.06785224328972284
4152,84923.8096,79615.87558851484,-6.250230690881714,0.06454098184333823
4153,149556.5519,137992.29953666433,-7.732360913929082,0.08047671174057491
4154,6506.290128,6075.396939030569,-6.622717101333518,0.06852209412000931
4155,6755.834073,6209.767134501769,-8.082894467177823,0.08428304192486102
4156,10893.46835,10212.945265003233,-6.247074514121727,0.06450731644174112
4157,18264.23487,16902.87470819215,-7.4536939077801625,0.07746106032891831
4158,30356.10237,28231.19723365313,-6.999927429572941,0.07256991250796574
4159,51244.91784,46229.80224232264,-9.786561885679781,0.10299178870437409
4160,84976.52567,74814.65369195286,-11.958446050748197,0.12736127899432326
4161,254827.3193,203557.3798240924,-20.119483113797994,0.22463820667771195
4162,11869.47753,9884.35937804717,-16.724562196907673,0.18301654460493744
4163,12209.86289,10157.14720009014,-16.811947098857726,0.18406644340986134
4164,32939.63111,26969.542301269463,-18.12433414567932,0.19996835949388903
4165,54320.82075,42703.640208896475,-21.386238979284062,0.24062342527760983
4166,87163.9296,68393.29140646919,-21.53486915937624,0.24251585299578693
4167,254041.3181,180738.06031211154,-28.854856499773636,0.3404481209817689
4168,1338.163812,1644.4978254406265,22.892116099207925,-0.20613667961827709
4169,2450.09456,2997.2454068546767,22.331825709399425,-0.20156704942106174
4170,9252.792695,10472.89256048602,13.186287704741662,-0.1238648390934145
4171,36961.62538,33996.63093069448,-8.021818355720578,0.0836187931054333
4172,148841.8019,118721.36342018837,-20.23654517435107,0.22610474600617536
4173,265031.4113,214094.3265460087,-19.219263295675354,0.21343165600923264
4174,580.6919898,731.5191830245797,25.973699633178526,-0.23090296610559502
4175,1050.410214,1378.841660982402,31.26697004703744,-0.2720630027221622
4176,12694.47239,14532.07784997942,14.475634776495177,-0.13519181764993782
4177,51020.49445,48436.7096006855,-5.064209739963623,0.05196941490513929
4178,105319.2465,90494.06631396567,-14.076420672107947,0.15171189725105982
4179,201898.0271,163893.4972247009,-18.82362617465077,0.20854594390033476
4180,357736.455,286838.8244334106,-19.81839691640859,0.22087608541421488
4181,415.6131139,606.6503091653052,45.96515097241864,-0.37819771525904766
4182,743.7463851,1153.8270349900943,55.137162089864425,-0.4391394563319997
4183,1417.985444,2078.9384211856054,46.612112979179884,-0.3826202261028202
4184,2584.885234,3712.5685425187626,43.62604937681201,-0.3620428565201044
4185,8767.747571,12120.896188415432,38.24412815563064,-0.32385098085869757
4186,17141.08403,21440.75043551696,25.083981841473747,-0.22381518045264848
4187,34018.45563,38368.910264953854,12.788513042071505,-0.12034431315695038
4188,70981.59301,70171.75750214345,-1.1409091759077032,0.011474674751887903
4189,616.5615259,1028.0787727359618,66.7439062525458,-0.5112889539272665
4190,1109.079282,1799.0563762092881,62.21170167069159,-0.4837320965601277
4191,1962.9699,3138.8792917451224,59.90460636941617,-0.4694072412506154
4192,3656.313807,5692.246910981561,55.68266870539871,-0.4426495745521546
4193,6408.739313,10043.734673258277,56.71935122848204,-0.44928644795408346
4194,12094.09514,17420.3356088829,44.040008014050564,-0.36492090843025515
4195,24089.9339,31119.427982647994,29.18021324520112,-0.2560382453750627
4196,48650.94962,55408.985134055016,13.890860439190366,-0.1300704392717389
4197,100506.4583,99072.09355491573,-1.4271368918431675,0.01437418428684012
4198,377678.9606,312038.0423648793,-17.380083373148512,0.19091941313579497
4199,663683.0988,514631.2472742595,-22.458286461601922,0.2543541552224191
4200,712.2835654,1200.4609909917974,68.53694922999516,-0.5219848230293307
4201,997.3749975,1605.9074106476276,61.01340164661864,-0.47631741557322105
4202,3081.944275,4964.019270060379,61.06778147571729,-0.4766550933542604
4203,5316.957519,8426.243244857482,58.47866406204181,-0.46044978667234027
4204,9430.831311,14728.01543482292,56.16879306964545,-0.4457672431706339
4205,18547.91413,25843.65046667467,39.334538026970414,-0.33170760395776
4206,36896.2378,46262.452932265856,25.385285033765292,-0.22622109109700794
4207,74065.79679,80979.14775947887,9.334066828553025,-0.08923784250318079
4208,139851.241,135941.809315395,-2.795421518358225,0.028352371910449037
4209,281511.9266,244078.25509885183,-13.297366102125268,0.14268592321811902
4210,518436.7953,411809.1776174403,-20.567139263496585,0.2302580401726022
4211,1010.813072,1457.179149088161,44.15911205075521,-0.3657474483826224
4212,1699.527739,2488.756239855692,46.43810646598054,-0.3814326717377101
4213,5073.617146,7468.1235681017915,47.19525248351863,-0.38658976763656305
4214,8993.586829,13086.989541920222,45.51468497219556,-0.37510682317456023
4215,30239.75548,38514.203480256365,27.362813848574035,-0.24186962952420643
4216,60381.065,68305.18325807211,13.123515224635582,-0.12331009085976952
4217,109805.4948,112379.44396253406,2.3440986876132723,-0.023170466299738735
4218,218571.6566,201797.02002619577,-7.674662321154875,0.0798515677544458
4219,408977.4519,337019.6110978305,-17.594574093968397,0.19351890286640483
4220,1152.814148,1354.502449104736,17.495300647952835,-0.1612281523108141
4221,3227.478987,3988.8618722168,23.590638026880512,-0.2118046120476773
4222,5274.852297,6808.189009584724,29.068808494539034,-0.25517547534927587
4223,27979.59227,34318.32464026882,22.65484181863961,-0.20420406064851093
4224,94737.13736,94543.11847812144,-0.2047970703835859,0.002050070663431214
4225,180142.0261,167641.99215000315,-6.938988208702533,0.07191486716886786
4226,335660.579,280688.76760618744,-16.377202100283746,0.17885400092419168
4227,2005.679819,1968.2288778414973,-1.8672442532315623,0.01884897355146009
4228,2249.995515,2199.08060676653,-2.262889321069167,0.022888855879007686
4229,5968.936122,6191.398199481474,3.7269971220086364,-0.036592234053761885
4230,9686.389671,10373.997881698253,7.098704822467307,-0.06858069823158708
4231,16400.899,17786.33654618096,8.447326858003073,-0.08109440236877496
4232,28529.01991,30172.14811124399,5.759497544701989,-0.05599743920292255
4233,86301.61392,82250.60405302224,-4.694014031687723,0.04807756546093245
4234,162505.6689,144131.69697833547,-11.306665204997362,0.11998544273154721
4235,4166.802674,3637.966884769536,-12.691644663912,0.13572401940512435
4236,10690.36702,9796.483897390943,-8.361575621648367,0.08731952215218364
4237,17732.53107,16177.84824143927,-8.767405072764559,0.09175795224222583
4238,85729.36857,73034.93841541262,-14.807562876451252,0.16025752224830114
4239,149814.6126,124448.9127302072,-16.93139235858011,0.18550332154615212
4240,267120.5983,206711.62748464043,-22.614868040807163,0.25637551739521847
4241,7010.413699,5452.6332662162595,-22.22094871527981,0.25129805475426537
4242,11909.25694,9271.408960111312,-22.149559734737636,0.2503806324220541
4243,32052.91973,26091.287640901814,-18.599341773905188,0.20578682669662918
4244,53300.57798,42077.032452559804,-21.057080340951675,0.23644513063739403
4245,86906.54055,68490.36229426207,-21.190785111441112,0.23814025575109277
4246,148386.2263,111014.80682349467,-25.18523478112425,0.2901549245134074
4247,255726.2607,185341.19346191053,-27.52359771164068,0.3219091627872235
4248,13194.37875,9212.400593770084,-30.179353129679683,0.3592404195256993
4249,21247.21783,15001.908603841703,-29.393538844131566,0.34804852788788665
4250,34708.13737,25073.8224695438,-27.758086807572752,0.3251497933924661
4251,55993.35379,39870.97813588611,-28.7933737896465,0.33958430714826093
4252,90330.0276,62970.04436034083,-30.28891274207822,0.3608108097397782
4253,150597.9337,103914.58057962579,-30.99866775952598,0.3710443737442688
4254,589.8,731.7171402954107,24.061909171822776,-0.2156105225390874
4255,1364.1,1645.2017427548287,20.607121380751327,-0.18736814615327102
4256,5962.21,9033.217585963193,51.50787352279094,-0.41546740805837956
4257,4242.17,3559.1069137526206,-16.101737701397624,0.17556528430746
4258,18064.28,16226.859635147428,-10.171567119489794,0.10726863629032835
4259,6440.23,12293.70988039929,90.88929868031563,-0.6465234859712758
4260,4575.14,3893.4994827717296,-14.898790358945751,0.16132893616132193
4261,8433.0,6835.984261833679,-18.93769403730963,0.2099521175896637
4262,30686.35,37641.630211424184,22.66571361997822,-0.20429269408019657
4263,228031.96,216377.52059339828,-5.110879811146522,0.05246113195126334
4264,107991.02,141208.2420155641,30.759244625677283,-0.26818761905157906
4265,11213.42,13521.164692485916,20.58020383153325,-0.1871449374974592
4266,153370.65,105125.45858960375,-31.45659968866028,0.3777030601602931
4267,30134.39,27640.385328595767,-8.276273956115364,0.08638910470790506
4268,18591.85,21691.911280089073,16.6743023426344,-0.1542161263367401
4269,10574.22,14164.912746681886,33.95704597295959,-0.2923490101343038
4270,1124.9,945.3424794090943,-15.962087349178223,0.17390214788731484
4271,107211.86,91322.29290909045,-14.820717680776688,0.16041194698961903
4272,16040.52,14724.703726321235,-8.2030774169339,0.08559141198383813
4273,2014.35,3877.618192944308,92.49972412660699,-0.6549245346301857
4274,19013.9,24790.780774491814,30.38240852477299,-0.2653015504529783
4275,29245.92,32818.4716472262,12.215555698799022,-0.11525144008230015
4276,173343.5,216884.371791045,25.118260443019214,-0.22408918760339702
4277,7634.57,5856.409720713058,-23.29090281819332,0.2651498773234451
4278,138016.86,139587.1938364253,1.1377840623423108,-0.011313599816670461
4279,151105.98,111026.2687420501,-26.524238986405376,0.3082146162873496
4280,110564.15,92222.54483681824,-16.58910701450855,0.18139127381548192
4281,12045.4,12649.542068463385,5.015541770828573,-0.04893817008105117
4282,95425.1,131973.6962465776,38.30082048284738,-0.32426098529587755
4283,3847.11,2503.2288968710645,-34.93222453033408,0.429740759792705
4284,52455.98,56080.73229265292,6.910084022170436,-0.06681795895198661
4285,662714.15,563933.9730438107,-14.905397290247887,0.16140657533721203
4286,346635.83,308588.3028338575,-10.976224577286928,0.11626671235032937
4287,109803.96,108332.56840841951,-1.340016873326333,0.013490761207512136
4288,3042.6,4316.841618036605,41.88002425677397,-0.34981161488414614
4289,103881.99,84532.89973605714,-18.626029655326075,0.20611473875386288
4290,15398.34,12447.186646266699,-19.16539934650944,0.212765086214052
4291,101520.74,76940.63348785014,-24.21190636726039,0.277228981762736
4292,12782.2,16520.256975779936,29.244237891598747,-0.25653374529719386
4293,21598.9,15286.87038158039,-29.22384759603319,0.34564807248098184
4294,3484.68,2005.8744256306488,-42.43734214818437,0.5522961297080844
4295,3724.85,5691.246706035619,52.79129914051893,-0.42390274632537484
4296,8920.76,12117.656791453683,35.83659678607744,-0.306282483155087
4297,37533.85,46146.084418894374,22.945246541173837,-0.2065689202038623
4298,5234.05,3057.749537217995,-41.57966513086434,0.5375061569474298
4299,860.95,1350.6673601923883,56.881045379219266,-0.4503176594373297
4300,222583.08,201793.8349289449,-9.339993440226937,0.09805386811963146
4301,148956.65,132495.32770046082,-11.051082512623083,0.1171079418505041
4302,9854.64,13648.123705702774,38.494391532341865,-0.32565964446806106
4303,4724.62,5509.863412698837,16.620244859879467,-0.15375269944253667
4304,358714.84,383974.7145544526,7.041770157725452,-0.06804894760304414
4305,28910.91,18713.076651865493,-35.27330460415984,0.4349964668605537
4306,151573.62,119911.53593349553,-20.88891461885285,0.2343171771506949
4307,304902.62,259759.65017600686,-14.805700857537115,0.16023566586493487
4308,10370.3,14275.852908965306,37.66094432143049,-0.31962355076849747
4309,9015.97,11053.340298558405,22.597350019558696,-0.2037352224317921
4310,491341.03,425337.4408965534,-13.433355871673616,0.1442556163457187
4311,149398.61,120641.09273901948,-19.24885195449978,0.21379800670465343
4312,12298.52,17541.833643801412,42.63369611791835,-0.3551095922402112
4313,1722.57,2916.1356485168767,69.28981977608323,-0.5264419700735976
4314,1992.95,3143.1378289348104,57.71282916956323,-0.45560565641307527
4315,28045.2,25902.86889704469,-7.638851222153208,0.07946376353403295
4316,5198.43,4888.821372216931,-5.955810269313409,0.06140541066418592
4317,32642.81,25687.16178591459,-21.308362282797987,0.2396332913918915
4318,1368.74,1667.993406778674,21.863422328468076,-0.1977307425382513
4319,273279.81,223104.77571736506,-18.3603151226704,0.20285470795921867
4320,813562.47,708919.8118120027,-12.862276966635063,0.13768029562223028
4321,1462.21,2194.7706548983733,50.099551699029085,-0.40612856596484637
4322,304346.42,296867.1194880974,-2.4574958075414868,0.024881962543242153
4323,3287.8,3997.9954463730633,21.600932124005812,-0.1955744490080651
4324,5423.39,8495.679527778419,56.648876952946736,-0.44883666223628893
4325,3961.43,5730.598368077377,44.659841725775216,-0.36921488132056446
4326,11108.17,10620.006140853304,-4.394637992997013,0.04494127956424343
4327,62308.09,42593.34223714946,-31.64075124570587,0.3803933173520786
4328,3875.1,3079.6703163835114,-20.526687920737235,0.22974891780288687
4329,4409.77,7818.049310755677,77.28927610183017,-0.5726125407835685
4330,190648.17,172660.16496566037,-9.435183686441702,0.09910438927296816
4331,86471.48,81931.41628210671,-5.250359676847535,0.053932138094475945
4332,527870.56,446385.04829876317,-15.436646381877573,0.16766918558478316
4333,3255.58,5244.752517846632,61.10040354857298,-0.476857609148702
4334,206897.11,200326.01918777646,-3.1760186559510317,0.03227548123080304
4335,78931.11,70139.51831903434,-11.138309952774847,0.11808906944866493
4336,817.79,1193.484196385863,45.9401797999319,-0.37802662436131307
4337,151066.13,145601.78408165407,-3.617187994652365,0.036842298968407405
4338,115780.63,105282.61959268436,-9.0671560582419,0.09504893057353847
4339,21996.08,23056.113049559564,4.819190735619995,-0.04706668684114668
4340,17064.92,22296.193792775623,30.65513224073494,-0.2673910875700667
4341,348034.41,310501.87595230615,-10.784144604464206,0.11411141112694878
4342,645.8,538.3134740556742,-16.643934026684075,0.18204880231504905
4343,473753.7,454361.0375679431,-4.093406010772456,0.04179544745073294
4344,523551.38,487743.43309609866,-6.839433200214533,0.0708456568364717
4345,1129.55,1799.2509219878934,59.289179052533626,-0.46555110051355886
4346,33546.22,26563.440120084288,-20.815400006068383,0.23338835059556295
4347,6899.22,4033.0288916665177,-41.5436978141512,0.5368906820543309
4348,423578.04,371562.7460545888,-12.279978901977818,0.13102002192290385
4349,1476.15,1516.9595002595345,2.7645903369938276,-0.027270655720997183
4350,367493.3,362603.13681100815,-1.3306809100987245,0.013396138025555615
4351,46900.58,47334.62325551106,0.9254539187171248,-0.009211978325312842
4352,840.85,820.1916683661614,-2.4568391073126783,0.024875230113891256
4353,149241.26,139362.0174397479,-6.619645639719278,0.06848920163261596
4354,10892.76,9639.726933068585,-11.503356972258779,0.1222055665835704
4355,35923.22,43992.24871089691,22.46187482886252,-0.20262956966902657
4356,193035.73,166731.34660383937,-13.626691491860415,0.14649148721050942
4357,784354.37,747858.7920883348,-4.652945059981651,0.04764674125644319
4358,2289.86,2220.204433813867,-3.0419137495800177,0.030891401378170258
4359,325245.35,294796.7519278693,-9.361732019268132,0.09829367822483448
4360,9168.95,8348.643245273823,-8.9465724507842,0.09372373583091687
4361,197062.13,234186.05922153656,18.838692762296112,-0.17259686456513634
4362,1946.98,1414.4322104216621,-27.352504369759213,0.31955126827634395
4363,232432.01,219117.1836621299,-5.728482207708879,0.05899108022920174
4364,503425.69,395263.2638043154,-21.48528141177789,0.24188408083613488
4365,12088.52,9662.223898421447,-20.0710765385552,0.22403240295775717
4366,35255.93,43218.98226925513,22.586419559078802,-0.20364606106106997
4367,1618.3,1565.4440052447378,-3.266143159813517,0.033206722364935715
4368,18600.94,17099.64737760153,-8.071057819650344,0.0841542749734785
4369,2114.15,3069.6762487413157,45.19671020227115,-0.37291925913677826
4370,261886.44,249655.93372792823,-4.670156374675897,0.047827269835108766
4371,3117.87,3390.395923972786,8.740772513696406,-0.08379662993193016
4372,131741.28,107989.23182330758,-18.02931334559101,0.19880848245926153
4373,80858.53,67929.33071655361,-15.989901477860641,0.17423317386902326
4374,30284.72,34682.93888473065,14.522897635278273,-0.13560459636040711
4375,246661.62,242077.77979728574,-1.8583516165645302,0.018758359222887933
4376,335335.55,319052.01775961334,-4.855892028264419,0.04977751773935957
4377,165458.52,143559.51222145476,-13.235346102784693,0.14197086042130458
4378,3001.34,2048.8757702042876,-31.734632857180877,0.3817676176658962
4379,25581.08,26362.411531580383,3.0543336386907085,-0.030086174211747974
4380,2096.78,1736.3588735439348,-17.189267660701905,0.18861251537214319
4381,15991.04,18822.883208584462,17.708937058405592,-0.16304475622311543
4382,21395.42,33830.824146051506,58.12180432097854,-0.45819546346166895
4383,308100.86,349545.99213121575,13.451806700966614,-0.1262079501966049
4384,19567.08,24238.405902080583,23.873392974734,-0.21408983361915546
4385,49942.08,40775.86310438241,-18.353694711188616,0.20277361819176498
4386,9601.75,14732.2502299197,53.43297034311142,-0.42809361037956606
4387,75080.87,61715.711406814735,-17.80101721408564,0.1960272588697478
4388,2228.33,3067.058157945793,37.63931544904898,-0.3194664214403655
4389,201548.74,206182.45159490276,2.2990526236496267,-0.0227302261607214
4390,375734.6,341960.11099208187,-8.988921703755286,0.09418894736172412
4391,186275.7,174081.94584981774,-6.5460788230468445,0.06770169280680882
4392,49565.98,54720.029036992615,10.398359998112843,-0.09892509265500848
4393,22906.67,28012.83854120657,22.291186546130763,-0.20123478989022026
4394,162124.63,175770.3150079865,8.416787139613824,-0.08081275393899823
4395,7959.15,9278.711578933538,16.579177160042704,-0.15340048844728038
4396,84510.02,89053.41355787554,5.376159605542081,-0.05236623483368419
4397,2926.02,2726.828119070079,-6.807604901194145,0.07050406527811326
4398,9161.12,12260.87154979611,33.835945275207706,-0.29144457491781495
4399,12128.3,9349.507017353444,-22.911644522699433,0.26021794824802136
4400,57604.44,54381.39951089174,-5.59512511380766,0.0575774734264094
4401,1874.3,2457.2096892847635,31.100127476111805,-0.2707911771389222
4402,3784.87,3392.584618728593,-10.36456684830409,0.10941948489829834
4403,6707.72,6054.364543300864,-9.740350770442655,0.10247967781928402
4404,2063.44,2309.806468350306,11.939599326867082,-0.11278924811251656
4405,1030.33,1429.9472247324782,38.78536243072397,-0.3277583985316257
4406,42785.49,49750.22864985374,16.278272493440525,-0.15081603315466552
4407,9474.04,5651.085839888519,-40.35188958576786,0.5167077158297069
4408,2388.93,1340.0383155843128,-43.90633816879051,0.5781473596779811
4409,1067.41,1377.5827486595874,29.058445082919153,-0.2550951784299711
4410,3724.0,3766.9139671583252,1.1523621685909036,-0.011457730477955508
4411,89723.15,82599.31449299506,-7.939796481738471,0.08272743688819162
4412,1447.81,2078.469863671352,43.55957367826939,-0.3615799106454274
4413,2348.679049,1359.9488427118345,-42.09728897224754,0.5464059799188865
4414,3427.045851,2003.012238577916,-41.55280303607715,0.5370464553547141
4415,6772.981613,4040.626503212669,-40.341983278721344,0.5165416504765332
4416,21492.76309,13007.787269363589,-39.478292228439635,0.5021680791653313
4417,61176.08746,42595.32036117592,-30.372597971344796,0.3620119888218376
4418,99679.89972,76947.78170523769,-22.805117258962575,0.2588370168922154
4419,161658.0093,138403.8495936793,-14.384786628892812,0.15530719233386137
4420,5137.739583,3057.188521436967,-40.49545579241229,0.5191175031160267
4421,28373.71069,18930.432026246144,-33.281789494956804,0.40469224926486547
4422,48104.4261,33660.605005044585,-30.025971133985557,0.35704602898206517
4423,214383.5098,197369.37503547888,-7.93630759212485,0.08268953969297499
4424,348278.3422,348258.7342347778,-0.005629969724316272,5.630128213063301e-05
4425,1912.577903,1414.3248692609493,-26.05138504201629,0.3017997264457115
4426,3544.608535,2600.6626655326304,-26.63046878510576,0.30966144261210626
4427,6601.083339,4587.119715929322,-30.50959243571334,0.3639814636008172
4428,11465.36178,8122.318904366741,-29.157761785282794,0.3447147782208422
4429,21196.39962,15443.760585595246,-27.139698899509394,0.3166262618264444
4430,60921.92187,47399.06683875797,-22.19702631853631,0.2509905334074105
4431,101976.0525,84841.45236994368,-16.802572476568773,0.18395375782846557
4432,172994.4477,156678.45159527878,-9.43151431831833,0.0990638736076157
4433,285472.0473,275995.9940773957,-3.3194329575273516,0.03375776502238104
4434,459773.4411,481067.26873619936,4.6313740056959904,-0.04527326336199344
4435,743448.6207,827041.6943238947,11.243961088418859,-0.10655545123362664
4436,2319.332205,2212.5860570848386,-4.602451847348086,0.047117308570074456
4437,4492.608002,3850.921074221349,-14.283171990367007,0.15412102015472584
4438,8284.886668,6897.449785871715,-16.7466006202257,0.183281224570516
4439,26520.99274,21840.829731179077,-17.64701289541895,0.19415545674262802
4440,46050.10416,38383.24580062699,-16.64894900722634,0.18210896747938143
4441,79346.66365,68475.1394762921,-13.701299681184395,0.14735564804901102
4442,137089.034,123469.13570560332,-9.935074963323979,0.10463938643761317
4443,228177.1425,218686.62307778763,-4.159277006553079,0.04248250789474284
4444,360819.8648,365399.97315018706,1.269361472857321,-0.012613726140779491
4445,619314.8035,662463.2241940396,6.967122447290176,-0.06735133440992946
4446,982995.8836,1090230.2275128665,10.908931125951925,-0.10353923827215716
4447,1683.558211,2071.826367635307,23.062354131769737,-0.207520985092275
4448,3062.808309,3418.902108614914,11.626382185543239,-0.10998723553319323
4449,5734.331894,5876.616239740429,2.4812715477683644,-0.02450987928852122
4450,10913.69638,10621.291480698826,-2.679247150736412,0.027157932290281295
4451,19360.98548,18403.26198935572,-4.946667056971933,0.050732052512943326
4452,34615.10872,32017.938953418423,-7.502994682437541,0.07799391693906088
4453,60739.63926,56505.8662196657,-6.9703625044781035,0.07225206085584901
4454,108135.2586,100421.42863946783,-7.1335011913793736,0.07400722082877742
4455,182863.1338,175908.56342335165,-3.8031560720460336,0.038773636256330235
4456,298847.0769,296888.08246994676,-0.655517346990394,0.006576752976148015
4457,510142.7388,531740.934365257,4.233755363462021,-0.04146583869733789
4458,7814.301848,9280.670946976248,18.765196526821548,-0.1719782194912831
4459,14147.79122,15833.852685018424,11.917489018603325,-0.11259170861534074
4460,25500.82287,27578.693395600185,8.148248925899013,-0.07833277511853964
4461,46047.85822,47466.28667467684,3.080335350018022,-0.030338453089365558
4462,83036.33958,84227.94327396393,1.4350388034818173,-0.01424839581042292
4463,421562.2166,436052.86504705274,3.43736888090287,-0.033796111965838094
4464,689469.0142,722327.7264047168,4.7657996991849245,-0.04655719389053914
4465,1221.473797,2254.7448128314195,84.59215567040275,-0.612978641517989
4466,1636.194271,2869.6982822155915,75.38860348543484,-0.5618339174116658
4467,2972.970972,4787.4561627678595,61.03272476781719,-0.47643741776940995
4468,5653.062336,8425.419143647157,49.04168117857382,-0.3990558202910979
4469,10372.67816,14281.213622736857,37.681063679477525,-0.3197696916224029
4470,19212.68477,24401.328020376055,27.00634144832251,-0.23906683188786282
4471,34140.4936,41170.3112522808,20.590849489887862,-0.18723322054979796
4472,64175.38504,72587.62249664149,13.108199430978415,-0.12317469168548634
4473,345311.0847,355778.8686058799,3.0314068588253127,-0.02986367672206569
4474,1977.066045,3894.846196145921,97.00131950553636,-0.6780402407251129
4475,4331.553225,7856.2457447315965,81.37248549523703,-0.5953826615515165
4476,7821.142806,13157.708802524721,68.23256049526123,-0.5201771248331877
4477,14443.52385,21761.244027224617,50.664368704072295,-0.40988445309559474
4478,26883.66111,37235.75265243251,38.50700059071123,-0.32575068414321606
4479,91318.66675,106631.87970475713,16.76898437061021,-0.15502730437060563
4480,159206.3486,176978.5347472135,11.162988350336116,-0.1058273018492244
4481,492122.4794,504952.07479831594,2.6069923515702595,-0.025735896001123137
4482,3198.557742,6684.426492442481,108.98251748498467,-0.7370804140807952
4483,3675.907367,7555.334615150488,105.53658895154877,-0.7204538805254863
4484,6318.207936,12237.757932198521,93.69033207137743,-0.6610904713122991
4485,11527.1385,20446.841253650022,77.38002587242292,-0.5731242838189416
4486,21014.88262,33980.14844265506,61.69563759692824,-0.48054560185707196
4487,72878.8969,95896.81469446668,31.583790059350736,-0.2744736494755582
4488,233091.8182,263799.453340495,13.17405105748795,-0.12375672256264458
4489,5315.359378,11178.036534517065,110.29691013522782,-0.7433502039603557
4490,5754.900881,11998.597631655288,108.4935584428407,-0.7347379600149555
4491,17800.25563,32129.156715150122,80.49828824368474,-0.5905511083253892
4492,33052.48256,53669.89240685288,62.37779510034143,-0.4847555027134316
4493,60462.25859,87360.89576278401,44.488310228676845,-0.36802842022053106
4494,106053.1424,141220.0187510463,33.15967406077191,-0.28637877898948183
4495,193505.2585,233312.2852008792,20.57154777573097,-0.1870731482133401
4496,8925.506713,18300.98423397994,105.04140350177045,-0.7180417410587836
4497,9498.934254,19453.144895921952,104.79292071876627,-0.716829139776916
4498,4975.683816,3310.159542877404,-33.473273919996124,0.4075664231249174
4499,9009.25728,5999.510738028949,-33.40726597577032,0.4065747131287374
4500,87173.96115,54182.54932686543,-37.84548893719116,0.47554678719303567
4501,261172.2728,167214.39530718725,-35.97544122333523,0.4459034453488986
4502,752250.4264,518663.8177173269,-31.051708378622607,0.37181335912060476
4503,1264135.181,885464.6187972482,-29.954910510694177,0.35603101574348806
4504,2851.45708,1869.0146622374232,-34.45404893706402,0.4224187463675202
4505,4630.708452,3010.834003584536,-34.98113658431339,0.43049275179900626
4506,24930.73158,16026.625252575357,-35.71538323635765,0.4418498249903404
4507,43714.35207,27605.320384951574,-36.85067013975858,0.45966794912055775
4508,130935.4898,80557.61503262214,-38.47533991305836,0.48573211452198173
4509,227739.112,142411.6393472262,-37.46720179218657,0.4694789955650407
4510,387100.5854,245389.31370764945,-36.608384755067476,0.45583858494814855
4511,661614.9116,427510.391421491,-35.38380348961122,0.4367050866494768
4512,1119958.431,734128.2370927666,-34.45040308886549,0.4223631251316231
4513,4405.459841,2742.2250387281015,-37.75394311378762,0.4740749958429147
4514,7616.342597,4927.0489974177335,-35.3095145777916,0.435556052138919
4515,12748.61332,7919.872490707932,-37.87659652141734,0.47604740043539273
4516,22072.37235,13897.096557349374,-37.03850072396331,0.46264676901068214
4517,64369.62586,39859.072791742234,-38.077824347723755,0.4792918208207233
4518,111417.1854,66921.58521651132,-39.936029638286556,0.5097600190292173
4519,193848.692,118010.70670925327,-39.12225793648726,0.49630256143531426
4520,330905.6787,197289.81924429486,-40.37883543752709,0.517159564844853
4521,570408.6242,342610.49366957764,-39.93595483411738,0.5097587736216589
4522,968898.7082,568228.580746979,-41.353149102384265,0.5336363054654161
4523,4619.670846,2671.405023946663,-42.173260541717326,0.5477188969000659
4524,7853.732085,4684.394486978432,-40.35454181171712,0.5167521813609302
4525,12920.38957,7709.713644266894,-40.329093000661786,0.5163256043125735
4526,61459.89872,36341.44594336769,-40.869661844168284,0.5254260573177945
4527,103272.2206,61603.8256813688,-40.348115569262006,0.5166444464806688
4528,518230.9108,293889.9439317614,-43.28976952029366,0.5672155597893802
4529,881925.1802,493944.2896577744,-43.9924949704056,0.5796844858469896
4530,8369.384737,4569.150482874107,-45.40637542118878,0.6052530760107437
4531,13558.63493,7374.454323698676,-45.61064324121694,0.609001699084212
4532,22274.18098,12420.588025383513,-44.23773409879373,0.5840727836827355
4533,37073.72973,20704.193031919647,-44.154005591819775,0.5825723835788477
4534,284036.5669,155468.10257947608,-45.26475788794781,0.6026624040915376
4535,14520.26729,7501.802314933647,-48.33564585894309,0.6604021172988386
4536,23739.53739,12079.408745054323,-49.11691602658344,0.6756396561080251
4537,63097.75801,33107.92410919359,-47.52915927068834,0.6449125853701609
4538,103719.4296,54025.54137709895,-47.911841025879546,0.652232538028537
4539,169752.257,89201.22688222407,-47.452111413031716,0.6434452685975796
4540,280365.3283,145139.09383252176,-48.23215312942754,0.6584009462313887
4541,473409.7007,235228.36348211826,-50.31188352619276,0.6994043866304871
4542,790405.7679,386223.0464847971,-51.13610474896472,0.7161314006379556
4543,24715.6066,11419.748145768359,-53.79539604029642,0.7720907400579726
4544,64178.06365,28719.529006281155,-55.250240700770725,0.8040841200698647
4545,103109.9621,48184.48853611202,-53.268833045073904,0.7607588573015303
4546,275627.8313,125320.22669897592,-54.53281110695446,0.788179243395378
4547,18634.24085,13476.837686577901,-27.67702320120059,0.32402830926345594
4548,32306.48042,23997.401103599488,-25.719543597378696,0.2973223051683789
4549,99014.48407,81006.36646957195,-18.18735689992275,0.2007383931970903
4550,281734.0052,256402.52166670572,-8.991276546582204,0.0942148219402501
4551,473861.5956,458469.7295541439,-3.248177566778128,0.033021017736516
4552,1366854.795,1508303.8049713157,10.348503036953224,-0.09847338103091552
4553,7317.779781,6396.313225269788,-12.592160235850807,0.13458520753074943
4554,13304.13846,11407.817234520437,-14.253619136489078,0.15377630650606733
4555,23614.72102,20584.80329018026,-12.830631059556508,0.1373171904029551
4556,42349.23829,36576.96336840672,-13.630174129852756,0.14653180878977423
4557,75147.00803,66811.39584208786,-11.092407277990912,0.11757263966856968
4558,127416.1432,115390.8691640352,-9.437794720476834,0.09913322024487137
4559,612768.1883,644368.9931567847,5.15705701767166,-0.050284827723817926
4560,1041397.309,1130510.4038668517,8.55706982308437,-0.08210583786146941
4561,1755658.691,1967141.600887844,12.045787200665188,-0.11373741605686227
4562,5513.69316,5434.499245770016,-1.4363134097578878,0.014467282374793555
4563,18123.85483,17328.908620514143,-4.386187248476527,0.044852891519093774
4564,32542.16159,30680.01967780293,-5.722244071116938,0.058924910400266484
4565,59209.66712,55008.41757360285,-7.095546640859328,0.07359860418978847
4566,102199.0615,93438.77561473251,-8.571787017112172,0.08961607919703596
4567,175373.2041,163621.91100069694,-6.70073467586435,0.06935795250517884
4568,297968.9763,282732.074027589,-5.1135868108196005,0.05248966038825564
4569,1429073.842,1512916.3912221848,5.86691511369675,-0.05701260150587295
4570,2470783.336,2658765.054845639,7.608183044894831,-0.07332650945100383
4571,14350.21368,15596.836373742026,8.687136801868341,-0.08330326444738922
4572,25397.9349,26709.419064401292,5.163743310489752,-0.05034840957411468
4573,47009.95859,46553.18923043711,-0.9716438245492512,0.009763950850947722
4574,143163.9262,138322.34265364712,-3.381846024248575,0.03440353307052213
4575,247002.3576,235536.72529873028,-4.641912090506181,0.047531034156753194
4576,714115.6602,711717.1623471923,-0.335869661804645,0.003364349701074687
4577,1194623.637,1220742.7788620833,2.186390847553875,-0.021628320953359648
4578,2053075.347,2110195.182640976,2.782159735366777,-0.027441608542284612
4579,3656.502515,4661.786929535529,27.493059567484785,-0.2428917423639394
4580,11632.46201,13628.015978409883,17.15504393390135,-0.1583280333858621
4581,20816.79755,24043.108446028626,15.498593807617764,-0.14408816907382338
4582,37931.32183,41700.30045480659,9.93632291987697,-0.09473112964056085
4583,117840.0748,118392.73150917412,0.4689887630435518,-0.0046789243717135776
4584,606381.3331,583021.8808236222,-3.852271005269476,0.03928433363182293
4585,1017436.474,996495.7176396502,-2.0581880928666045,0.02079663971010781
4586,6057.723134,7673.453596088821,26.672240152744177,-0.2364327783020812
4587,33198.03612,37683.33928201577,13.510748484647927,-0.1267273467548442
4588,57566.65065,63267.11758492508,9.902377280178062,-0.09442230649033334
4589,305996.1481,290216.6649737304,-5.156758744921468,0.05294474934072646
4590,528988.8295,502046.0816338996,-5.093254595104905,0.05227540381606666
4591,893854.9673,840003.9427347991,-6.024581899216225,0.06213694748380583
4592,1524252.356,1412599.0028868667,-7.32512255425592,0.07607275936119073
4593,3512.895821,4265.652647927307,21.42838459448032,-0.19415447580608358
4594,5982.681033,7436.696446669029,24.30374284787696,-0.2175579234821292
4595,52506.54744,58127.627689869,10.705484408953541,-0.10170319548893048
4596,155617.2592,156564.22903964616,0.6085249441574543,-0.006066809082833302
4597,271226.0972,257172.88117729957,-5.1813657195154486,0.053204231903183796
4598,797631.2924,722419.2770450894,-9.429421346873756,0.09904076460622768
4599,6174.852535,7042.885755946316,14.057553861022138,-0.13153299343828273
4600,17172.93714,18793.24539396073,9.435242444267908,-0.09016279512349357
4601,29196.02857,31792.481581656295,8.89317191011468,-0.08519714143515067
4602,241114.1253,227511.3777146469,-5.641622019625874,0.05807012129142208
4603,415704.4177,370458.7041449399,-10.88410698288812,0.11523249461077256
4604,1208299.687,994559.8228155376,-17.68930890937675,0.19466918284605939
4605,11035.96708,11690.014121268008,5.926504098161988,-0.05757531007594352
4606,18117.33158,19031.705004828636,5.046954187436902,-0.04923724695052378
4607,49832.7595,50078.133760692544,0.49239549074649247,-0.004911871889424546
4608,83393.74125,79430.17365528736,-4.752835806743043,0.04869494467375546
4609,138697.9917,126809.60167501491,-8.57142189246645,0.0896120856385405
4610,1131315.805,881415.1567605054,-22.089380094844035,0.24960791499419166
4611,21720.26979,16322.06707135873,-24.853294967480554,0.28572791595965796
4612,36610.62093,29808.552743587712,-18.579494183990846,0.20554303050306544
4613,297031.4808,342996.81012628693,15.474901583659651,-0.143883018054213
4614,500604.9612,614818.4994670289,22.81510314904743,-0.2055098119754124
4615,846597.6758,1083945.0267460218,28.03543616177996,-0.24713688463092254
4616,83896.24026,77765.29374125828,-7.307772672221679,0.07588556452846973
4617,143621.7609,144723.9865111512,0.76745028346968,-0.007645203646804433
4618,244685.0117,263916.5138270497,7.85969765513418,-0.07566110079388544
4619,1192096.181,1502961.8667403283,26.077231912575698,-0.23172448487233765
4620,20653.7789,19980.26586310524,-3.260967594142112,0.03315322065011905
4621,63770.04092,63229.76457045866,-0.8472259728029955,0.008508353327966844
4622,187497.7188,209323.51166055724,11.640564482727584,-0.11011427894391801
4623,314671.7734,368140.7677919009,16.991989403489626,-0.15693527982887723
4624,1547280.278,2038956.7536741565,31.776820441975325,-0.27593955143275295
4625,15760.70359,17256.02201992568,9.487637537162014,-0.09064145769086984
4626,733785.9698,887690.3089550517,20.97400951901544,-0.19040553917288427
4627,1243386.957,1549533.8412767244,24.62201188078929,-0.22011506512212264
4628,2104687.969,2703597.5866232445,28.45598143024518,-0.2504161026980718
4629,6679.413878,9006.782972706156,34.84391201407382,-0.2989477162238572
4630,21654.89918,27138.98824370583,25.324934640059727,-0.22573965563777953
4631,38549.20718,46372.76798972923,20.29499795728156,-0.18477685638811003
4632,122242.3211,141063.34022114164,15.396483764199106,-0.14320369764074492
4633,1720756.091,2102717.360642941,22.19729290168999,-0.2004667074900297
4634,9054.864946,13637.477836931843,50.60940078356684,-0.4095195496311561
4635,16771.69652,24155.4074400219,44.02483023239141,-0.36481553089257623
4636,168912.6094,201606.8358322644,19.35570502900798,-0.1769379664838855
4637,288584.8745,340201.65266775846,17.886168932862244,-0.1645493028234668
4638,498838.9079,596512.750082793,19.58023735437517,-0.1788174023629736
4639,846480.0222,1003532.9826639228,18.55365234205321,-0.17019543450133057
4640,2425793.082,2923517.147725961,20.5179934520879,-0.18662887904885217
4641,13905.58887,21989.84739390781,58.136757813607154,-0.4582900284438072
4642,24507.47017,37042.72201141103,51.1486977417834,-0.4130939195322707
4643,44280.00525,62729.515614449694,41.66555595530263,-0.34829885392196935
4644,79910.3954,107196.99394035611,34.14649421238644,-0.29376225720166893
4645,141037.4072,176860.05805215624,25.399396914151616,-0.22633363290212927
4646,244314.0991,292073.9970507321,19.54856397017985,-0.1785524958840803
4647,726341.4576,849765.0560106863,16.992503610974712,-0.15693967505591466
4648,1221737.085,1399480.3334244129,14.548404121203614,-0.13582729109200464
4649,2072256.376,2381440.4364357037,14.920164513259229,-0.13906747966791144
4650,4138.755747,7182.829428474953,73.55045495693884,-0.5512981777909953
4651,37889.07879,55842.26486623356,47.383538078977836,-0.3878681055694493
4652,361527.4975,421634.84414343897,16.62594050496504,-0.15380153749815406
4653,621563.5577,710462.6071873643,14.302487394261249,-0.13367814655542354
4654,1054923.659,1166707.7512469192,10.596415322875906,-0.10071749138931985
4655,1793938.918,1933072.2210166205,7.755743610921565,-0.07469684654885711
4656,4159.956078,7263.222407478649,74.59853592902883,-0.5573190720960497
4657,6870.858654,11717.380996578555,70.53736056347282,-0.5337842102708539
4658,19988.65675,32082.235692912687,60.50220929884491,-0.47313752158907896
4659,35200.69911,52409.213032884945,48.886852698889314,-0.39801645362414817
4660,61772.5916,88112.31557072856,42.63982340467089,-0.35515254951688924
4661,323107.493,387765.424289273,20.011275717853117,-0.18241551669502698
4662,558336.0511,635716.9292694794,13.859194300104422,-0.12979236127675264
4663,946587.5768,1015569.7169582327,7.287454626378173,-0.07034153813995658
4664,1622241.134,1696186.5151973094,4.558223783598706,-0.04457389565105707
4665,12224.9601,19508.643837680753,59.58042953187841,-0.4673778695282156
4666,34147.16747,49972.950686467455,46.34581544829802,-0.38080223397230384
4667,169113.4591,210678.48448109993,24.57818886935648,-0.21976335583976514
4668,293847.8121,339686.0758793325,15.599321108347471,-0.14495989746778193
4669,1467019.728,1463899.051720952,-0.2127221754067625,0.002129487504001659
4670,35016.60992,29731.491557911027,-15.093175422074022,0.16361571218023307
4671,98403.54797,99274.24500880788,0.8848228105284618,-0.008809311925999097
4672,278503.737,340934.51459257206,22.416495471503143,-0.202258941933934
4673,471617.3226,606785.2396716357,28.66050727875356,-0.2520070227722666
4674,798044.2081,1111794.9623398986,39.31495912825215,-0.3315670768873691
4675,26996.13867,24560.19578749609,-9.023301118285115,0.09456676850413004
4676,47745.01652,45999.85503241063,-3.6551699314175146,0.037236450392127196
4677,78147.52647,78877.2064546084,0.933721152247243,-0.009293889227128815
4678,131923.3996,145120.18806114545,10.003372033436781,-0.09534083418389905
4679,221688.0958,257810.29473000116,16.294153639440097,-0.15095260262068955
4680,375449.1615,474637.98609510437,26.418709845781446,-0.2344293057024629
4681,633617.6883,822199.0943895606,29.762648608425945,-0.26053681576460974
4682,1082055.514,1531858.2653448014,41.569286004747575,-0.34761906499772444
4683,19852.66029,20124.57931414663,1.3696855745000573,-0.013603901640530935
4684,35980.71329,37956.511662707446,5.491270717127704,-0.053458021486973095
4685,59475.02248,63564.76575059454,6.876404749522911,-0.06650288503763768
4686,173395.7454,205032.9035075794,18.24563690106516,-0.16759394346065193
4687,839880.2973,1158515.847177738,37.93820987372484,-0.32163564435889214
4688,1437027.426,2019309.1950214505,40.519878638798545,-0.34017877775131034
4689,27309.06681,31323.209380076023,14.698937162532882,-0.1371405718665777
4690,46134.50905,52652.41212590983,14.128042565372938,-0.1321508125092219
4691,81425.0695,94358.669765014,15.884051858271977,-0.14741995228616034
4692,238149.8584,296137.40213535103,24.349182537809575,-0.2179234103580061
4693,398420.8228,511348.521275902,28.343824422196327,-0.2495426050347227
4694,677090.8931,905701.6251416038,33.7636696005362,-0.29090439718652306
4695,1987012.997,2719274.9143222477,36.85239696105761,-0.313732764588595
4696,11094.74381,15291.472870642661,37.82628181878371,-0.32082387878022445
4697,35264.7591,45619.6704663915,29.36334071368007,-0.25745485388298484
4698,63378.41592,80734.98500727874,27.385615174079504,-0.2420486400535644
4699,110502.7778,139958.95433085892,26.65650322761291,-0.23630853716827538
4700,192120.5929,243423.71260549594,26.703602633685165,-0.23668033529690824
4701,927661.2315,1237268.8621938294,33.37507488517152,-0.28799508509699656
4702,2750045.773,3760259.046919491,36.73441670817932,-0.31287029421870116
4703,8493.822896,13634.719723731174,60.52512385385596,-0.47328027924665683
4704,15704.79192,24811.346849593454,57.98583627202527,-0.45733519917268417
4705,27400.39436,40103.40496753446,46.36068532677301,-0.3809038366251212
4706,87386.01644,121158.43088004859,38.64738984095587,-0.32676376037147215
4707,155213.5174,202716.8860943988,30.60517504540412,-0.2670086552254176
4708,264817.785,346871.0887398154,30.98481612170249,-0.26991122302734993
4709,455287.5829,602046.2198323858,32.23427179752892,-0.27940494987088016
4710,767976.5068,996659.0199929541,29.77727979542331,-0.26064956286370133
4711,1307223.049,1712059.7909131274,30.969216938365594,-0.2697921243963961
4712,2234660.868,2930303.255881818,31.129662574008893,-0.27101643833458233
4713,6937.600673,12863.452145308056,85.41643936599716,-0.6174341329322477
4714,39771.61604,62190.724427714864,56.36961888892574,-0.4470523706252827
4715,70612.03186,105427.80517835698,49.305723686559524,-0.40082585463775366
4716,1112709.57,1420941.8985823938,27.701058469587323,-0.2445218657363899
4717,1883035.156,2430168.402693356,29.055923090442608,-0.25507563676327116
4718,18568.52323,33764.87786585848,81.83932802640267,-0.597953298138032
4719,33171.79804,56805.46095846497,71.24625228323912,-0.5379324064373385
4720,104784.7301,158294.2363012586,51.066129721565815,-0.4125475001327672
4721,184122.1132,261517.59977550214,42.034867637779286,-0.3509023882164257
4722,323265.8195,434821.4489254685,34.508946723168336,-0.2964605292294209
4723,555631.8121,711582.8098712241,28.067327027552697,-0.24738593204876658
4724,958287.5175,1198280.415004456,25.04393442696137,-0.22349496497688648
4725,1435326.055,1677648.8848248783,16.88277231370111,-0.15600130048945715
4726,5854.587267,11682.135789415766,99.53816138779517,-0.6908353172010102
4727,16598.32259,30894.94539315366,86.13293738348568,-0.6212909495519803
4728,85930.57893,134788.3358938494,56.85724170862328,-0.45016591722656685
4729,147545.5727,213460.77871495383,44.6744723062462,-0.3693160140225906
4730,16918.81447,11890.105144630767,-29.72258685315103,0.3527197311603789
4731,4352.776695,2725.8018322576704,-37.37786191998369,0.46805132694840523
4732,7604.382436,5171.9089711674305,-31.987784482234442,0.38548285697816986
4733,12977.85527,8754.321977504851,-32.54415467445068,0.39369694547989553
4734,22624.92893,14895.152145254633,-34.16486658880022,0.4180165477339024
4735,118009.0313,78844.50124339623,-33.187739637520245,0.40328358392612174
4736,2742.611034,1610.5036869367793,-41.27845082764371,0.5323634196668241
4737,4391.168204,2644.065559894676,-39.78673926710105,0.5072775799758098
4738,7593.024883,4693.791683722261,-38.18284865322677,0.48098933014567713
4739,12706.39085,7996.191462897368,-37.06953014988227,0.46313972224292854
4740,21614.872,13814.405141511263,-36.088424944125215,0.44766969772464016
4741,107053.5536,70515.0436147163,-34.1310575469619,0.4175031385267971
4742,185669.7274,121170.5295142404,-34.73867215133294,0.42677054797709424
4743,554681.3077,361062.46912180516,-34.906321141601154,0.4293427404373009
4744,950183.71,625958.2054081145,-34.12240192918962,0.41737174049918657
4745,7635.618019,4164.211048464416,-45.463339861914896,0.6062970473711715
4746,12423.37421,6855.202076517791,-44.82012728072053,0.5945719238475071
4747,20749.27593,11792.647413675852,-43.16598105177422,0.5650351144002475
4748,166477.3697,97130.66167041453,-41.655336190469306,0.5388022828593861
4749,488487.3545,291596.8426050122,-40.30616352321314,0.5159414125141755
4750,836236.8425,479296.3072513097,-42.68414366695286,0.5565928757136245
4751,4813.772483,2200.4916398050595,-54.28758530702956,0.7828002686785016
4752,13118.00747,6590.324434311905,-49.76123889711503,0.6883833237085337
4753,21596.96126,10677.679510375063,-50.55934313244648,0.7043970867709
4754,35659.24074,19111.615775504084,-46.404871839949095,0.6237120145786754
4755,58595.30158,31308.697384103536,-46.56790469563868,0.6267585849093376
4756,97225.58019,52616.94361810528,-45.881584336878944,0.6139956576313601
4757,270102.1753,142796.6341611221,-47.13236426085084,0.6373788351225258
4758,460629.0787,243166.88612725463,-47.20982730540441,0.6388451358073652
4759,8777.322807,3747.6429467885687,-57.30312044807345,0.8510443468330848
4760,14036.14291,6399.009474603134,-54.41048501975438,0.7854924305505104
4761,22686.45478,10615.301721441258,-53.20863561811549,0.7594715218453274
4762,37390.83939,17950.29485322134,-51.992800519952866,0.7338191971598018
4763,99023.86313,48481.08381164905,-51.041009430219496,0.7141871654438567
4764,161951.416,81237.65098702327,-49.83825829159575,0.6899175672119462
4765,266721.7891,127505.41125720805,-52.195352435416,0.7380473218325481
4766,447863.289,222398.59477363835,-50.342303056315394,0.7000167834699091
4767,748927.6579,361300.99658450705,-51.75755725224538,0.7289309974599245
4768,15210.53957,6123.509120300054,-59.74167062174735,0.9098532624582685
4769,24599.61912,10556.247003581986,-57.08776240767265,0.8460131421701984
4770,64186.34021,28065.774029979373,-56.27453763813936,0.8272395908257675
4771,102360.3515,44440.08819069553,-56.58466628976403,0.8343574959857101
4772,167639.0301,73505.25266141312,-56.15266169366061,0.824456168981671
4773,273543.6433,122379.0326043107,-55.261606108647335,0.8043381292885723
4774,452455.4086,206561.2846570135,-54.346598420347966,0.78409206738249
4775,745665.989,323237.4779711723,-56.651170532176124,0.8358904850217428
4776,66381.39787,24276.519423428534,-63.428731237369874,1.0059072603452215
4777,445120.5821,175589.37888450382,-60.552401765808206,0.9301970218121127
4778,6600.885512,6380.783848762711,-3.3344263104875442,0.033912858399817836
4779,65829.30596,67832.85261467079,3.043548197041922,-0.029981510917174603
4780,113651.457,120093.11598375124,5.667907085213385,-0.0551310381289607
4781,351567.0582,396889.37713409076,12.891514684606115,-0.12125712454503912
4782,619703.9552,708661.220381231,14.354800293717906,-0.1341357125564766
4783,4850.424895,5474.042043848378,12.856959180859098,-0.12095098290496331
4784,8849.880304,10015.753154235463,13.173882698825961,-0.12375523495319918
4785,15437.5091,17676.643688237484,14.50450700131075,-0.13544399868838397
4786,27698.58253,31199.622992527067,12.639782049262388,-0.11902477148779589
4787,88735.79369,100702.63424596627,13.48592271318677,-0.12650861428243232
4788,270919.8128,312054.59641877003,15.183379610976171,-0.1413552776548972
4789,475251.0864,550066.1836701359,15.742225406964572,-0.14619533761198333
4790,844525.9221,987349.279286605,16.911660548140446,-0.15624842557479646
4791,1464964.543,1716973.3092014412,17.20237990780103,-0.15873199732920362
4792,3943.164632,4681.341402563289,18.720414678422415,-0.17160108633611948
4793,7204.031847,8286.058193598388,15.019732971460698,-0.13993351871127757
4794,22527.51936,26139.41182080126,16.033245396803693,-0.1487065623051489
4795,41450.87239,47282.77131457798,14.069423846396353,-0.13163705816139526
4796,72872.24518,78605.84738285712,7.86801914596522,-0.07573824888554981
4797,127606.2803,141488.60691216288,10.879030859238112,-0.1032696089683185
4798,222863.744,247027.47276853485,10.842377649607664,-0.1029389849639788
4799,390418.3873,432303.820720547,10.728345483472825,-0.10190967771083415
4800,685819.5881,736301.1870035741,7.360769476332495,-0.07102465446306638
4801,1191470.13,1311213.025176983,10.050012347097885,-0.09576473417972053
4802,3507.067729,4183.246533705711,19.280460400418782,-0.1763073442900751
4803,329295.5605,341844.4760922487,3.8108365546120586,-0.037400177701231385
4804,577911.802,618227.1207180487,6.976033121062413,-0.06743463386163384
4805,1742358.471,1778067.977302243,2.049492506656691,-0.020287730268201187
4806,9866.120875,11941.29522577818,21.03333596932218,-0.19089582554312123
4807,17260.83766,19847.624761055584,14.98645171230689,-0.13964412423754347
4808,30937.89243,35505.73970397033,14.764571582584459,-0.13771264035973552
4809,92653.97738,102765.07501467387,10.91275077507512,-0.10357367718805222
4810,162112.2618,173443.09292395832,6.989496659998061,-0.06756048159951256
4811,282091.958,293323.53545223223,3.9815305377235344,-0.039043106398708005
4812,495543.9865,488999.6018084199,-1.320646576261113,0.013294446600742305
4813,1478806.956,1447049.8749230697,-2.1474798281196534,0.021708737016451707
4814,5859.853876,6630.392745990389,13.149455366903567,-0.12353937270738768
4815,9917.97408,10767.238816511113,8.56288521890464,-0.08215940636759989
4816,29359.41863,31945.62554621606,8.808781089327923,-0.08442185371860944
4817,50244.55903,52048.23350556999,3.589790636819111,-0.03526859300466967
4818,84920.85988,91667.23188425631,7.944304866659939,-0.07644521244030322
4819,146602.4589,151102.5236430793,3.0695697581367805,-0.030234008783310173
4820,1312538.939,1200440.3602956936,-8.540590711138238,0.08927492646194146
4821,3674.016779,3586.5699612613175,-2.3801420352381712,0.0240892505110768
4822,6157.598617,6450.688526204349,4.759808611025437,-0.0465000067217769
4823,29209.44197,30116.196261621215,3.1043191189770445,-0.030571096678956522
4824,49031.62576,49593.779095027945,1.1465117183337352,-0.01139989080592585
4825,82564.82815,79456.9886202333,-3.764120388067084,0.038367928913043414
4826,138550.2934,136074.8564717224,-1.7866702895611497,0.01802823940740339
4827,236710.9147,221649.6013886658,-6.362745600650668,0.06574186460526832
4828,694383.5381,616381.2678194344,-11.233312139570378,0.11915874307821817
4829,10838.57742,9558.215908454422,-11.813003329966321,0.12571066388919228
4830,17875.95943,16711.522713814036,-6.513981645269166,0.067358297188159
4831,135027.2675,118791.44712309194,-12.024104965989958,0.1281073291009065
4832,223396.5185,194361.49447268524,-12.997079910766274,0.1392285036527081
4833,379885.0736,321971.8661501052,-15.244928394021217,0.16540459955953857
4834,12023.33634,9585.426709816797,-20.276482011674336,0.22660556231052276
4835,19662.17696,16387.21505657032,-16.65615109706388,0.18219537791961038
4836,32247.86426,26788.446636646386,-16.929547889859585,0.18548111763187336
4837,52007.6529,43164.411681262536,-17.003730654296582,0.18637452684379596
4838,138641.5637,106793.38074801756,-22.971598200448195,0.26099597760488535
4839,228625.9858,180281.85550321647,-21.145509828036147,0.23756592845576385
4840,377343.5117,283126.79455149354,-24.968421140738126,0.2872611096122455
4841,625698.7771,469859.30594617827,-24.906468872467563,0.2864357677118434
4842,1054885.335,769256.8842258281,-27.076729697277653,0.3157623893675421
4843,13603.56635,14240.955037691088,4.6854528532592425,-0.04578998100555687
4844,41903.20233,48616.251761856554,16.020373285529164,-0.1485956214686226
4845,124799.0414,155411.44619586325,24.529358921713033,-0.21937131674900456
4846,387848.2573,529056.95161289,36.408232254519405,-0.3104819113721913
4847,10463.74742,11751.54134296773,12.30719618199395,-0.11606775368540845
4848,32173.92672,38599.807016301056,19.97232216080915,-0.18209088153053798
4849,55389.48778,65747.69066580803,18.700665597323244,-0.17143472300290696
4850,531692.2851,713874.2005461811,34.264539951321005,-0.29464184657408765
4851,7614.940062,9857.603738324153,29.450838195240326,-0.2581309952386288
4852,13066.36063,17309.8724316899,32.47661626564106,-0.2812359628495482
4853,24052.59043,30650.523896221228,27.431280158464112,-0.2424070541596155
4854,74905.4599,99459.45979043927,32.77998683035824,-0.2835233381189912
4855,132194.6071,172601.17698854627,30.565974493937038,-0.2667084647041378
4856,402947.2914,547474.8521648096,35.86760944903317,-0.3065107656945436
4857,720158.2966,951890.274720867,32.17792243940206,-0.2789787262684271
4858,1278629.394,1742030.0209223193,36.241981382317505,-0.3092623935835288
4859,5959.087999,8595.144675065902,44.2359078521455,-0.36628002209510413
4860,18797.76546,26906.008892574515,43.134081281246694,-0.3586116363075238
4861,33254.74131,46476.394926011584,39.75870235392785,-0.33474719497726113
4862,324245.8415,427080.60766643326,31.715060921277317,-0.2754707740153286
4863,1015169.901,1299144.5161177136,27.973112169498187,-0.24664999468979154
4864,1775589.124,2305995.755196319,29.872149137827165,-0.2613803123748024
4865,4818.999325,7738.546846326584,60.584103139018076,-0.47364762643488767
4866,15259.91957,23503.82640489787,54.0232653067507,-0.43193347843555685
4867,153903.3929,210730.44389958703,36.92384549085988,-0.3142547129562434
4868,2554393.465,3185379.7030752324,24.701998604401872,-0.22075669387020014
4869,7107.465369,11752.233257490434,65.35055251551567,-0.502897594924999
4870,12865.8509,19821.919054919395,54.0661337441692,-0.43221176413981865
4871,22623.7896,34417.42656335234,52.12936104812581,-0.41956103243951404
4872,72669.04453,103693.95294282748,42.693431038603315,-0.35552830406865255
4873,128129.6002,175680.25083178305,37.111370485477444,-0.31562333284855093
4874,222920.5057,294444.88070748624,32.08514837290997,-0.27827659206542954
4875,1182788.633,1459501.7093638144,23.394972579501832,-0.2102201838064417
4876,2073884.436,2431539.5888720076,17.245664544444633,-0.15910124448787855
4877,4015.368703,6590.782983034126,64.13892398249651,-0.49554298070579605
4878,6707.707448,10912.688366033879,62.68879420624784,-0.48666895190215165
4879,11928.43175,18916.006372679298,58.57915582808526,-0.46108368852307
4880,36420.71005,53673.640008410366,47.371207026784376,-0.38778443565467846
4881,63960.39235,91654.23195703981,43.29842045917313,-0.3597591261696049
4882,112202.5831,153271.1862899366,36.60219048017317,-0.31190279674603794
4883,598797.0951,727191.7537906643,21.44209778927236,-0.19426740179586943
4884,1026751.082,1206473.0308549611,17.50394540660061,-0.16130172496091255
4885,1778424.473,2024737.0385081216,13.85004363399365,-0.12971198978020304
4886,4100.621166,6277.468573469696,53.085796501243934,-0.42582833968243605
4887,6700.10901,10212.86354507661,52.428319148744876,-0.4215242611878267
4888,11591.51359,17578.57194336246,51.65035874631159,-0.4164074137639542
4889,34142.08332,48005.02957515142,40.6036917115444,-0.34077504988263385
4890,59170.23917,80681.84193420396,36.35544332075404,-0.3100948441843556
4891,304380.51,361658.18893419893,18.817787950417365,-0.17242093995437102
4892,901487.5145,1003674.2132508848,11.335342653920332,-0.10737656594734268
4893,4406.652577,6158.5489125630265,39.75571717876834,-0.3347258352551794
4894,7128.199844,9568.15091725438,34.22955481962467,-0.29438124395693244
4895,12139.80152,17078.68744940878,40.68341579779615,-0.3413419019441619
4896,58484.99275,72438.97652309667,23.859084385535255,-0.21397431716069804
4897,99180.55976,124054.15924501969,25.07910778605157,-0.22377621342973342
4898,165781.5913,199649.57919797924,20.429281461469024,-0.18589251882515434
4899,286148.1766,332232.5562281812,16.105075410842637,-0.14932541761590912
4900,490641.9468,543746.7548373489,10.823536059992858,-0.10276898508131893
4901,835099.2859,879445.2793233478,5.3102659973604736,-0.05174072125214657
4902,1435479.136,1432980.227350585,-0.17408185091274017,0.001742335494453684
4903,21850.23982,26763.970326871262,22.48822231403437,-0.20284469499929436
4904,164838.8432,180698.72666331416,9.62144792782321,-0.09186286215260075
4905,276490.2326,297166.7887518676,7.478222994510082,-0.07211806426292178
4906,465654.4814,473938.0365765777,1.7789059286346869,-0.017632685740039733
4907,1334535.995,1253457.4965326136,-6.075407390370648,0.06267793193827131
4908,22414.47262,24918.101192963335,11.169696541195421,-0.10588764557119568
4909,67259.71974,86393.12052866576,28.44704209685689,-0.25034650964097693
4910,117745.9293,159463.01574921966,35.42974835497745,-0.30328285755870965
4911,366702.0221,533418.4080605458,45.46372147222086,-0.3747565325731461
4912,645864.9377,954774.7869637327,47.82886192332974,-0.3908850803451127
4913,17083.03474,20864.651480467284,22.13668003386198,-0.19997055979232492
4914,30830.01777,39431.8986132669,27.90099216756599,-0.24608627993617205
4915,90996.72565,124426.77699262068,36.7376420457176,-0.31289388227777515
4916,158672.6835,223532.0472805351,40.876200206530875,-0.3427113059915001
4917,280617.9455,404876.74874568684,44.2804194237417,-0.36658857705537073
4918,492536.6374,722631.4800603336,46.71628975155171,-0.3833305342474258
4919,882467.797,1286877.7733251913,45.82716533113234,-0.37725193537477963
4920,12724.4085,17254.99381599986,35.60546893790671,-0.304579520105408
4921,22996.25512,31930.9439808955,38.852799354817286,-0.3282441885612517
4922,39390.74748,54812.20622720469,39.149952041490664,-0.33038195733043096
4923,121317.1219,176689.07313307427,45.64232184696617,-0.37598357956343165
4924,214309.3051,315374.63870027807,47.15863063114289,-0.3863409388990089
4925,374849.6123,546938.2193413819,45.90870615697899,-0.3778109398438154
4926,669025.2976,979197.9607879813,46.361873654205034,-0.38091195576316217
4927,55127.28067,82510.07298324985,49.67194459884075,-0.4032756770444994
4928,171145.8781,255315.54657330454,49.1800734015484,-0.3999839365722426
4929,297897.3917,434511.8138832878,45.85955634041485,-0.37747402988240886
4930,528286.0889,768797.5535071543,45.52674576533874,-0.3751897034237359
4931,933632.6892,1350076.0578222177,44.604625934751134,-0.3688331144748709
4932,7786.545617,12796.114225655036,64.33621345154494,-0.4967442253072196
4933,14159.61739,22950.08257310082,62.081233842582094,-0.4829274670362569
4934,43629.30901,70015.76001147316,60.478727718161416,-0.47299121021654855
4935,77775.41874,121006.17797389577,55.58409062176112,-0.44201617516735503
4936,139215.8815,210628.16391781907,51.296074591762064,-0.4140684899340421
4937,744890.6775,1068386.5525684801,43.42863789814045,-0.3606674286414133
4938,1320888.348,1793645.882893635,35.79087782926184,-0.3059458533107602
4939,2354228.526,3207126.256932978,36.22833219093268,-0.3091622051173637
4940,6401.553861,11958.922209886428,86.81280310306254,-0.6249368765535781
4941,11661.2319,21107.782985445556,81.00817449180094,-0.5933720071960469
4942,35700.45179,60382.495391126286,69.13650209894526,-0.525535907644544
4943,115535.5211,176782.47749404126,53.011364652979665,-0.4253420114234565
4944,617025.965,864477.4659964798,40.1039040547475,-0.33721413316752447
4945,1081066.325,1490916.9723751307,37.91170235324191,-0.32144345636542404
4946,1899509.551,2539623.0825051824,33.69888459724741,-0.2904199555064526
4947,5794.541846,11115.57883661137,91.82843323988604,-0.6514312096862866
4948,17693.17001,31836.418867638396,79.93620617246526,-0.5874321919310272
4949,31393.05812,54011.48568490329,72.04913735528511,-0.5426099323241136
4950,173639.562,248705.6787324815,43.23099866635317,-0.3592885162457087
4951,304772.4813,438426.19747727126,43.85360371355525,-0.3636259555799626
4952,528125.4496,713542.7621112092,35.108573664011736,-0.3009085185781668
4953,924947.9597,1209115.5422442479,30.722548178431087,-0.26790693834265866
4954,1603189.867,2070267.9652714806,29.1342970589946,-0.25568273931668273
4955,5667.497766,10469.772001865349,84.73358851016701,-0.6137445390970591
4956,9894.612693,17858.742766414718,80.48955851550399,-0.5905027425520757
4957,16435.98742,29345.041711011778,78.5413979771212,-0.579650309782437
4958,28801.56915,46968.614777493305,63.0765828517135,-0.48904973792759243
4959,87913.2286,135287.599731994,53.8876479528975,-0.43105259142062735
4960,268863.1383,375625.99445818516,39.708997236749575,-0.3343914821862999
4961,1400205.058,1713882.3099041018,22.402236737535183,-0.20214245792263696
4962,2386915.818,2755173.724035526,15.428189936924127,-0.14347841847033393
4963,6642.574953,10121.79913949952,52.37764287368998,-0.42119174619904065
4964,11309.24689,16826.791315409348,48.78790320059364,-0.3973516374112922
4965,18129.90787,26844.218738428175,48.0659412662982,-0.39248753764510624
4966,50196.97461,70171.83168308611,39.792950129522,-0.33499221428200343
4967,141465.6343,185503.56284403297,31.129771383658912,-0.27101726812093574
4968,237397.0141,290375.4887952494,22.316403134258874,-0.20144096982315318
4969,401378.3367,482912.6177516816,20.31357290531161,-0.18493125610878813
4970,687272.0606,783218.9746641625,13.960543366247025,-0.13068209167383493
4971,739709.3085,604632.6685606,-18.260773304760974,0.20163616843941945
4972,2595.261246,1458.426694516339,-43.80424333911782,0.5763289361938009
4973,4079.884108,2414.1001251762764,-40.82919854408089,0.5247419844204737
4974,6940.542188,4340.161019737848,-37.46654220700707,0.4694684477929947
4975,11477.46636,7474.497904977307,-34.87676051025858,0.4288887190670323
4976,19483.10711,13030.094942242704,-33.12106293582501,0.4022861105171458
4977,97010.79058,69612.15073683675,-28.242878631701235,0.33188308375372166
4978,171376.1354,123931.56061875018,-27.684469993743257,0.32413128035620176
4979,534460.9052,376087.6201900642,-29.632342322713228,0.3514364363773623
4980,928376.7621,676770.6081675977,-27.101728975127088,0.3161052643346647
4981,2784.518692,1373.1066231917166,-50.687828846806084,0.706999256034015
4982,4401.307659,2254.560041359425,-48.77522281930927,0.6689468416882889
4983,7384.401886,4008.466103948635,-45.717118788615245,0.6109612718961586
4984,11788.95841,6749.6999375797795,-42.745578507984746,0.5576653152343489
4985,33249.72109,20827.281027881858,-37.36103538581033,0.46778266358982634
4986,92372.7374,59738.53929407243,-35.32881997922427,0.43585452389266166
4987,159694.9853,105163.58181041593,-34.147223462992535,0.4177485941165955
4988,273614.8643,176816.73166244462,-35.3775124334703,0.43660773102889294
4989,481186.1178,308726.3872562496,-35.84054571903329,0.44379872806191045
4990,829907.7682,530485.5681700862,-36.078973050142096,0.44752181848488526
4991,4638.784608,2023.2673709646115,-56.383674993762256,0.8297386789647332
4992,12410.00179,5921.825015032591,-52.281835931688526,0.7398580625011739
4993,33491.07657,17596.57860987049,-47.45890424545857,0.643574546323098
4994,54278.95955,30302.969444515737,-44.17179382998005,0.58289095739838
4995,88624.00794,49989.10923218961,-43.59416777219881,0.5725976245359998
4996,739275.8414,426068.27611275285,-42.366806508124476,0.5510715083688211
4997,13249.21523,5581.111829212088,-57.87590636632681,0.8645503136616242
4998,21624.50448,9417.16473028043,-56.451419550491224,0.8312930790989359
4999,35137.5299,16046.003935098986,-54.3337167388679,0.783809944604954
5000,56406.14433,26807.482849237396,-52.47417959929651,0.743897035254367
5001,92216.90249,45164.66391967897,-51.0234428828526,0.7138284285404506
5002,248071.7626,125113.15160092009,-49.56574247321445,0.6844995289778648
5003,701280.3154,362563.8395105655,-48.29972672143743,0.6597071186354047
5004,14288.62446,5379.3046071401695,-62.35253699753147,0.9769046177451504
5005,22907.01319,9053.557800823282,-60.476917153146836,0.9282853088924021
5006,95689.29771,42402.953973439726,-55.68683751661769,0.813888431547813
5007,154235.9504,68921.86091735355,-55.31401029486991,0.8055101629132668
5008,251198.249,112018.35348002061,-55.40639557562338,0.8075797358012071
5009,415534.3092,187547.7332438013,-54.86588493622242,0.7955317938602793
5010,15467.86217,5410.615359677112,-65.0202768798197,1.0504016318040268
5011,24792.80771,9119.956536242702,-63.21531371953394,1.0000885611038424
5012,63417.53544,24975.1664886974,-60.61788539176729,0.9318584167014343
5013,425243.3392,174950.6734678836,-58.85869163829489,0.8881574996023449
5014,689820.0061,294986.2531121378,-57.237213982834966,0.8495019472024374
5015,41056.65694,13464.05485357263,-67.20615886176769,1.1149294584048626
5016,64779.18907,21555.689206061303,-66.72436083945361,1.1003446134602495
5017,102221.6964,35427.60100243944,-65.34238596099112,1.059652743106243
5018,163728.6101,57052.5666812777,-65.15418615816021,1.0542371753123927
5019,260854.369,92414.34970223893,-64.57243554841938,1.037680012020001
5020,423045.7731,148252.86593659315,-64.95583330138864,1.048561014357844
5021,3965.597441,5493.801273677083,38.53653466882705,-0.32596389307588325
5022,7250.341247,9951.834637720642,37.26022401826187,-0.31670838356349584
5023,23384.0102,32470.302716624574,38.85686175686227,-0.32827344503024847
5024,44031.14311,59851.976072769045,35.93100665873003,-0.30697726704583594
5025,275474.3289,341968.06960020494,24.137908227500507,-0.216222924746706
5026,504944.8073,603704.4512629892,19.558502738362392,-0.1786356282508912
5027,917446.7519,1097193.9437115905,19.59211163365507,-0.17891669711289104
5028,3215.404908,4816.663108894888,49.799581909915034,-0.40412809410258177
5029,5797.500527,8815.148816504729,52.050849766222505,-0.4190448168485208
5030,62257.34242,84766.06901047255,36.154332510090704,-0.308618854219878
5031,113855.0564,153629.12706348023,34.93395192194576,-0.2996152277083173
5032,210776.0882,274958.19567722094,30.4503741507529,-0.26582269374502054
5033,387872.6962,464553.3670435023,19.769545934721627,-0.180399259820458
5034,712647.6192,842256.0992191051,18.186895813193104,-0.1670970483133889
5035,1264691.444,1451736.5671107303,14.78978323116816,-0.13793229769279414
5036,5437.441922,7539.949403735732,38.66721726679864,-0.32690675627120847
5037,52593.56578,71958.73875839515,36.82042221552363,-0.31349909325962777
5038,94389.58418,122159.5093313888,29.4205397689133,-0.2578969143085281
5039,171930.3531,210403.10418179305,22.37693949213034,-0.20193576349801745
5040,573632.7595,654495.8054263813,14.09665758923262,-0.13187577675439854
5041,1021165.296,1122555.8408041613,9.92890624087183,-0.0946636639568208
5042,1836453.587,1970044.3034367324,7.274385662801524,-0.0702197181222406
5043,5390.818838,6827.484862596588,26.65023751993848,-0.23625906586200784
5044,9066.448495,11286.369220463632,24.48500895017362,-0.21901511262803375
5045,15549.10974,19901.767816569503,27.99297290553114,-0.246805177248973
5046,148105.8935,176796.82829506218,19.37190621996563,-0.1770736959950021
5047,264900.8624,298280.69442010194,12.600877066869812,-0.11867931891335992
5048,481204.3527,520870.79781762045,8.243160082625009,-0.0792099925944747
5049,850652.6824,900413.8332907871,5.849761238675312,-0.05685055593294486
5050,1518910.229,1616215.782519461,6.406274160357954,-0.06209435685346598
5051,5512.910677,5938.111057327018,7.712810985691545,-0.07429834175655792
5052,15343.60262,17426.214471653097,13.57316077085094,-0.1272770315650007
5053,26635.46025,30554.586869474333,14.713943677674324,-0.13727139725970972
5054,76388.59743,86760.970749032,13.578431425628553,-0.12732343806145252
5055,233609.2836,249372.92366241256,6.74786541848398,-0.06529946984094437
5056,415367.9247,429812.2625130727,3.4774803142310913,-0.034183821538029235
5057,727534.279,718534.6672295425,-1.2370017510140539,0.012447163031211517
5058,1283780.496,1246790.554256116,-2.88132915705895,0.029236544489858574
5059,3573.59563,3314.105870005389,-7.261307289952409,0.07538440341432207
5060,9798.382602,9596.16866093017,-2.0637481641975706,0.020853410450294874
5061,16295.84333,16784.12832540854,2.996377576296566,-0.029523632460925597
5062,45587.14123,46326.84247713762,1.622609418312985,-0.01609585804416369
5063,76598.30742,78434.67893743723,2.3974048243235107,-0.023691182783696974
5064,127900.1521,127482.46713628138,-0.3265711235370956,0.0032710553082786475
5065,382859.3085,379517.7670779084,-0.8727857330107462,0.008766168154053844
5066,1149258.825,1036627.1328291283,-9.800376531445966,0.10314493333449981
5067,4024.085805,3238.75278579667,-19.515811969703513,0.21710944284079225
5068,10763.29038,9101.905662938134,-15.435658227236887,0.16765750027637338
5069,17545.7072,15225.703830139537,-13.222626728094857,0.14182427489478933
5070,29057.63492,25611.699690771024,-11.858966632061247,0.1262320024775736
5071,78137.98074,69797.56795499919,-10.673954850142712,0.11287708161690091
5072,127441.4527,115307.21365005709,-9.521422420150193,0.10005707512774187
5073,214067.6745,197525.26789804464,-7.727652781109348,0.08042568612910728
5074,366007.6011,323695.72773724434,-11.560381050992246,0.12285013859012928
5075,618487.492,530770.3387473883,-14.182526629432893,0.15294754789088572
5076,1063941.977,875283.3813104357,-17.732038002817163,0.1951884372402226
5077,11575.90092,8531.594845450974,-26.298653518097197,0.30514911719167515
5078,18676.87614,14313.76766912225,-23.361018396076116,0.2660643404627834
5079,79889.89515,63337.14370924918,-20.71945570797362,0.23217743055064233
5080,129323.4421,101127.24489445123,-21.80285085804159,0.24593699508654687
5081,350258.4807,270959.1456037936,-22.640232704066086,0.2567033429146157
5082,582805.1096,439489.4563093505,-24.590665203503818,0.28223911497016374
5083,986597.1457,742226.1480535734,-24.769076082522318,0.284607817254134
5084,12417.01974,8768.054140112627,-29.38680678852954,0.34795318626370175
5085,32755.9136,22653.916020870325,-30.840225378814267,0.36875078398129446
5086,51911.38307,37887.00531801113,-27.015997113923312,0.3149299074009537
5087,134161.0613,94758.87399487148,-29.369316941389258,0.34770553167234475
5088,217988.2679,152352.35739752493,-30.109836247052023,0.3582452654920978
5089,578814.0633,413425.04929355544,-28.573772562385596,0.3365050530330631
5090,963796.1449,649029.6797532747,-32.65902927837342,0.3954013571284918
5091,13790.25463,22423.155023489195,62.60145751557595,-0.48613197489587456
5092,26242.88911,41123.44071987787,56.703176039438254,-0.4491832314482451
5093,89834.32911,133555.53068065547,48.66870160194539,-0.3965501651756469
5094,169417.9136,249080.32838633552,47.021246510224714,-0.38540692442976265
5095,314118.448,464861.4326520033,47.98921731970462,-0.3919692291739594
5096,19392.17825,34023.798167813075,75.45114184278432,-0.5621904241008018
5097,65836.91733,108926.75600110943,65.44935640763154,-0.503494958421113
5098,124952.3832,192108.80937068033,53.74561448995263,-0.43012919664914406
5099,233037.4353,343862.7520002997,47.556872807851256,-0.3890434938338654
5100,429887.288,600690.8618413985,39.732175993396325,-0.33455737582632317
5101,792408.6113,1113479.562027548,40.51835708862494,-0.34016794968608366
5102,7915.430165,14787.743316951655,86.82172678800528,-0.6249846434714108
5103,14504.22855,27926.095015079733,92.53761011012016,-0.6551213258515389
5104,26469.99233,47643.512053741266,79.99065303749283,-0.5877347359843519
5105,49600.02207,84249.02339225067,69.8568264210667,-0.52978569869145
5106,173371.2281,266172.35664903995,53.52741026643275,-0.42870893360866447
5107,1092214.155,1494214.403067443,36.80599140993947,-0.3133936150975867
5108,3997.046638,7314.786147136927,83.0047735144022,-0.6043420512912814
5109,12515.89327,23685.967041183096,89.24711588870153,-0.6378834665235225
5110,21825.12654,40733.27065588942,86.63475137812154,-0.6239833196950801
5111,137226.8692,212903.92297396495,55.14740241116349,-0.43920546233084323
5112,252029.6041,371846.12970830133,47.540655406799225,-0.3889335816894519
5113,467763.7508,654860.8116977174,39.99819579386642,-0.33645934935150557
5114,859040.6324,1154442.5330910338,34.387418889108396,-0.2955566282632809
5115,1539550.523,1959135.2813087527,27.253718019668565,-0.2410126872449201
5116,3678.1529,6793.136691827747,84.68880648838028,-0.6135020956360648
5117,34903.13641,59952.188744762476,71.76733930302534,-0.5409706966592012
5118,63322.95425,104539.7996975635,65.08989660343192,-0.5013199674472446
5119,2244065.366,2732769.0129949744,21.77760302348405,-0.19702626915648658
5120,3688.570625,5921.356360367994,60.53254667905388,-0.4733265190713425
5121,6135.718667,9977.802373078364,62.618316037572065,-0.4862356495391911
5122,10731.19907,17745.729513933606,65.36576572829902,-0.5029895965103766
5123,18084.25355,29582.415564100396,63.58107058336613,-0.49213852600551355
5124,32199.61044,52517.77168921079,63.10064305613628,-0.48919726634193417
5125,56416.64429,88238.20827522769,56.404567101961,-0.44727584311595514
5126,99736.62623,154885.43999868113,55.294444832637424,-0.44015277297066646
5127,317738.4002,437841.1791444761,37.79926469979001,-0.3206278365815116
5128,572546.6844,730173.6346249831,27.530846744867297,-0.24318808460263597
5129,1009136.632,1249725.401367923,23.8410500361187,-0.21382870279120603
5130,6514.083654,9663.633566191715,48.34985363225602,-0.39440317411027515
5131,31800.49897,45921.13664214645,44.40382424649247,-0.367443523821418
5132,54925.99473,77545.89328534734,41.18250141220035,-0.3448832037157459
5133,161552.529,217787.12401305753,34.80886084615705,-0.29868774360987516
5134,286292.027,368150.66678919276,28.592706771115484,-0.2514799116964479
5135,504871.7337,613342.2023656986,21.484757696922866,-0.1946186178687377
5136,882324.7773,1037095.1266382813,17.541199490270888,-0.16161872009815426
5137,1550036.051,1764642.5220136782,13.845256752268806,-0.12966994339876692
5138,4423.095564,5364.313972275295,21.279630852563116,-0.19292869213949082
5139,7089.045301,8983.532869918632,26.7241566174135,-0.2368425431295016
5140,11888.03473,14841.044486410623,24.84018446681156,-0.2218642090392482
5141,32524.66757,40660.717869700806,25.015014472293355,-0.22326365987923502
5142,1371517.468,1424158.9626694105,3.8381935263408837,-0.03766367011317584
5143,4949.312302,5459.785051199976,10.314013706382912,-0.09816078302958786
5144,7842.641694,8604.3487632724,9.712378800310917,-0.09269201722688969
5145,21072.02314,23877.123019033155,13.311962787798809,-0.12497456153657893
5146,34658.02757,38282.44339750361,10.457651752348728,-0.09946201945351696
5147,57328.74681,63960.04587944649,11.567144649828236,-0.10945641783479587
5148,94176.28832,105207.39022408644,11.713247677169056,-0.11076511356638896
5149,260053.3362,279537.90906569146,7.492529475071382,-0.07225116590970693
5150,441332.9038,460824.61920305924,4.416556126957707,-0.043218060478947606
5151,746029.2221,774029.6440562733,3.7532607472740525,-0.036845401518228016
5152,1281326.689,1249408.332455927,-2.491039702683737,0.025225911721584282
5153,8602.570857,8514.764708440764,-1.0206966035948228,0.010259414310846537
5154,14144.9296,13978.251583420919,-1.1783587567595994,0.011853564296743002
5155,59674.03793,62051.55256547325,3.984169193078853,-0.03906848226943005
5156,97274.13382,98029.56637820743,0.7766016807770362,-0.007736016520956568
5157,157393.628,155497.90899866188,-1.204444567055865,0.012117567742663482
5158,258375.7524,253631.62032845226,-1.83613672238221,0.018532029415952778
5159,714989.887,654418.9384207589,-8.471581162271887,0.08852067353873316
5160,1208151.781,1059442.5865511792,-12.308817218787908,0.131348830076913
5161,24960.6854,42562.837056815006,70.51950447168012,-0.5336794999211172
5162,537214.0636,839974.6643939894,56.35753441842496,-0.44697508619136705
5163,32549.69895,58018.30079208055,78.2452761888925,-0.5779903719110742
5164,215279.8903,345468.97671339894,60.47433702793881,-0.472963849890661
5165,398349.4154,633265.652186782,58.97240656193568,-0.4635604575360759
5166,7494.743755,14863.338446667218,98.31683287038834,-0.684695731816996
5167,13578.35273,27315.920453982646,101.17256486960216,-0.6989928854330145
5168,23950.65226,47170.403530192125,96.94830444752208,-0.6777710943413577
5169,44909.92051,85493.45700820883,90.36652934883769,-0.6437811296809866
5170,158583.963,278591.65233973827,75.6745430430051,-0.5634629099369661
5171,293656.6741,488345.80978110095,66.29821585965477,-0.5086124717085916
5172,550602.0077,873192.1053423028,58.5886163019712,-0.461143344482597
5173,6215.227084,13235.343139420404,112.95027455219532,-0.7558884996603918
5174,11349.30268,24258.04953241107,113.74044041630114,-0.7595921976300755
5175,19294.76853,39573.83176495111,105.10135534106408,-0.7183340872647239
5176,65839.2648,122851.70362604556,86.59337099105268,-0.6237615765586
5177,782158.74,1147906.103554043,46.76127042370491,-0.3836370699326661
5178,1445865.282,2076067.229977576,43.5864914818237,-0.3617673957402925
5179,5449.456566,11333.470585190606,107.97432639250448,-0.7322444552897522
5180,9756.709737,20582.44980253417,110.95687334512094,-0.7464835348678545
5181,29726.01383,59383.22540771301,99.76854531293546,-0.6919892369666343
5182,181338.6756,305605.9097067187,68.52770579444925,-0.521929976367657
5183,335966.6173,551796.8188904589,64.24156165424442,-0.49616809504467696
5184,612195.7672,899344.6671832821,46.904750958441795,-0.3846142381149331
5185,1125605.81,1589275.5063775782,41.1929018363523,-0.34495686752666543
5186,9168.407971,18129.689847740065,97.74087175314314,-0.6817872590538769
5187,15222.49136,30126.126271207224,97.90535963363637,-0.6826187487885012
5188,47351.57585,87968.93938716083,85.7782720174472,-0.6193836906977932
5189,154225.9346,263631.6987239956,70.93862936071686,-0.5361344134698101
5190,279720.0637,441912.2873921664,57.98376474921645,-0.4573220870074497
5191,504808.0626,763027.3637544243,51.15197642138932,-0.41311561104596173
5192,913205.6412,1261986.34002694,38.1930074773327,-0.3234811269404574
5193,1647504.151,2238967.096545706,35.900543569902425,-0.30675313493953915
5194,15401.19098,28230.294392934215,83.29942424319069,-0.6059508277898455
5195,45761.30376,77965.13732389123,70.37350538085113,-0.5328229314639419
5196,248278.4075,369276.33738116367,48.734777663322845,-0.39699451816457554
5197,437705.2873,611523.9933793974,39.71135627618392,-0.334408367423217
5198,2430047.588,2989601.0198840075,23.026439261814467,-0.20722909963325087
5199,16176.24013,25089.306594437665,55.09974130458005,-0.4388982162663826
5200,27082.88115,43020.742576104974,58.848470876611195,-0.4627805484715406
5201,131821.0468,190718.01582069386,44.67948817767532,-0.36935068347326094
5202,697241.3615,864892.6817372065,24.044947631410206,-0.215473794835086
5203,7211.549873,8839.159384024226,22.56948283916036,-0.20350789004597658
5204,11988.94683,14295.588957528096,19.239739405267635,-0.17596589735535062
5205,18949.93726,23105.26654449138,21.92793162045214,-0.19825995977622668
5206,30967.23849,37726.346462700225,21.826640999593454,-0.19742887278901655
5207,82481.36787,97984.43484900268,18.795841266159975,-0.17223621415061885
5208,223035.8983,265348.44511188107,18.97118227800599,-0.17371111206554168
5209,367472.6171,406313.3144179004,10.569684790235879,-0.10047576779102307
5210,2769.697237,1412.8360359912153,-48.98951347037736,0.6731389561724015
5211,55173.09892,39454.75404542439,-28.4891463090861,0.33532094793564227
5212,525385.6155,366961.24540994695,-30.153922265131566,0.35887625454794936
5213,33535.21803,20300.32632414768,-39.46564979542589,0.5019592100963877
5214,54343.00222,33674.65705076128,-38.03313089984582,0.4785703131215371
5215,91680.8829,59205.608175944464,-35.42207895126578,0.43729761305079506
5216,157077.9989,103280.82037073238,-34.24870376883036,0.4192908005820417
5217,267908.5038,176635.0973755369,-34.068872443332694,0.4165595106783613
5218,468963.1285,303323.6925577549,-35.32035374978207,0.43572362052391966
5219,3199.236528,1216.4916860147644,-61.97556275167773,0.9669411474704006
5220,12915.41961,5765.719792776558,-55.35785931173043,0.8064919145784906
5221,34240.7481,17160.58045628895,-49.88257731352268,0.690801480138024
5222,54768.99348,28836.470428973334,-47.34891295838118,0.641483301056784
5223,148671.5237,84030.41684440426,-43.47914465855154,0.5705604948565419
5224,716691.1479,412030.4010404188,-42.50934977392669,0.5535478561703169
5225,13787.4013,5386.789008457623,-60.9296277721486,0.9398057497627246
5226,22273.93264,9293.20599023729,-58.277659628240265,0.8741334603109809
5227,35816.81202,15977.064161121247,-55.39227736907544,0.8072631887916071
5228,56992.90859,25838.78925763256,-54.663150386807516,0.7910500269312646
5229,244106.3443,123253.24657171675,-49.50838048672676,0.6833628137102536
5230,408161.6631,209866.35992265525,-48.58253998459484,0.6651923821925596
5231,681053.6883,354879.4532022568,-47.89258772122903,0.6518629771222884
5232,9431.957061,3343.585385780685,-64.55046005663017,1.0370599107141967
5233,14711.01953,5184.035801582901,-64.76086656664984,1.04301297564953
5234,59866.57932,24134.416421879927,-59.68632800468492,0.908479519102702
5235,95871.31154,40760.44677401701,-57.48420865504621,0.8552946180116994
5236,153649.7418,67030.18815291644,-56.374682204043616,0.8295325207709698
5237,666213.2412,303530.97618975147,-54.43936604396756,0.7861261327554256
5238,15835.94738,5424.537251438824,-65.74542007957326,1.07134990991519
5239,63649.66816,23598.082384500627,-62.925050410034025,0.9922286576422703
5240,160545.5457,63838.376365192984,-60.23659448983828,0.9222231562035859
5241,257073.6362,101864.20117316103,-60.375477361703474,0.9257220008462639
5242,418067.3871,172220.7757836575,-58.805498563688964,0.8868653988229394
5243,675971.5406,281081.08280262805,-58.418207584133306,0.8775077968426306
5244,26018.54674,8243.001482671709,-68.31874752635892,1.149445084670548
5245,41713.27261,13369.771492669412,-67.94839949943355,1.137823066253075
5246,65380.07301,21174.427285833557,-67.61333184410044,1.127423324539329
5247,103177.4049,34787.09214073927,-66.28419548402572,1.0872034818298513
5248,164763.1218,55894.449230599945,-66.07587388490478,1.0810437399181634
5249,416911.0063,144002.4600125663,-65.45966457192898,1.0630424020234006
5250,668981.3152,236816.30436155936,-64.60046058375184,1.038471376773451
5251,5954.470596,9986.65789085021,67.71697382398511,-0.5171076931275174
5252,10490.64453,17438.693977932915,66.23091105664331,-0.5082076662435497
5253,19645.49354,32278.728946421958,64.30602204367912,-0.49656049111428935
5254,38756.25033,59289.12802685994,52.9795259397581,-0.42513390906279724
5255,74499.69637,105062.52145721095,41.024093488142285,-0.34376056559489854
5256,273033.0778,327307.2123126679,19.87822682511177,-0.18130626510232872
5257,504297.998,595122.5431003578,18.010094321325806,-0.16559997991478248
5258,2917.449795,4504.201188098089,54.38830158508654,-0.4343006817961568
5259,56460.7108,83203.189940956,47.364758186777905,-0.38774067553871916
5260,107014.6915,147475.05553343808,37.80823311856959,-0.3206929176758493
5261,385721.8423,463025.9303020829,20.04140795894018,-0.18266656359676503
5262,14969.70033,22238.41895550035,48.55620663917693,-0.395793196529878
5263,27717.03333,39209.54141575462,41.4637019370883,-0.3468729747746391
5264,48988.44316,68579.47314011163,39.99112589907343,-0.3364088481770189
5265,310089.0991,357963.3997498469,15.438885400614492,-0.14357107320407891
5266,572569.564,634185.4511677558,10.761292782889827,-0.1022071841758585
5267,1013472.802,1101958.4407635669,8.73093373487164,-0.08370614663181719
5268,9116.505237,11156.837740332781,22.38064313342293,-0.2019660272492203
5269,46037.68138,58579.018297877075,27.241460781570474,-0.2409163613485692
5270,144124.4387,169595.72734701182,17.673122529920963,-0.16274044646540808
5271,262530.1011,297919.4132407893,13.48009694602951,-0.1264572782527722
5272,847210.3433,874848.0201754494,3.262197763992937,-0.03210117702534099
5273,1514192.745,1518339.2665386742,0.27384370664608704,-0.0027346943788622013
5274,3580.256252,3362.273650416167,-6.088463680834681,0.06281694982114061
5275,5937.019339,5832.467997621593,-1.7610072564799406,0.01776697465973598
5276,9600.650682,9783.637070285396,1.9059790252391247,-0.018880427938675837
5277,27260.61163,29456.833065614872,8.05639090356269,-0.0774830428654667
5278,76473.1808,86708.39258299737,13.384053959734562,-0.12561057777894824
5279,230945.0137,242436.5083717942,4.975857450952264,-0.04856020869314648
5280,413459.5694,420587.8565972309,1.7240590676315128,-0.017093658091647868
5281,720992.4137,712562.5425234394,-1.1692038662792719,0.01176092804486295
5282,1277830.757,1219315.5557942735,-4.579260663838167,0.04687423769956922
5283,6513.144079,5586.2445921018425,-14.231214228573757,0.15351504788407766
5284,10567.10406,9410.023543259187,-10.949835547855981,0.1159703295147203
5285,46844.74842,44701.287003057565,-4.575670676517721,0.04683661569187336
5286,76666.51791,75667.43305872817,-1.3031566823533882,0.013117222657408334
5287,378788.5195,363289.9089242823,-4.091626271085468,0.04177689061225287
5288,1132705.639,1013286.0740632967,-10.542859576662115,0.11141055335748007
5289,4344.320615,3161.415555502707,-27.22876979689246,0.31784949841116017
5290,11416.72671,8875.338958179023,-22.260213600409266,0.2518030081933258
5291,18481.39501,15168.685346608021,-17.924565010376774,0.19753142271044943
5292,48575.35832,41105.05970144403,-15.378782322806284,0.16698515085414023
5293,79387.57353,69493.607764458,-12.46286455877524,0.13310707761629992
5294,128328.6845,112438.93090634451,-12.382074713510752,0.13218458242080722
5295,362174.6437,315990.9879715252,-12.751763971287325,0.13641284254588726
5296,1044220.895,871499.8193071234,-16.540664577764133,0.18081067368605552
5297,12009.41346,8313.627771977202,-30.774073191271384,0.3677947286678016
5298,19422.6685,13554.033796151405,-30.21538829151409,0.3597566631543625
5299,31519.94164,22944.368344884897,-27.2068184423044,0.31754789509357906
5300,348079.5526,265504.6594544986,-23.722994507635832,0.27079866281243703
5301,573152.8711,431911.6998841627,-24.642844577357874,0.2829313029472349
5302,12958.11719,8505.396597241455,-34.362404101382765,0.4210215459912092
5303,20774.89095,13699.213981115136,-34.05879234656038,0.41640663408334433
5304,33462.42424,21772.31876562932,-34.93502261081453,0.4297837632706045
5305,134764.847,92823.86323602131,-31.12160529813735,0.37282763186228607
5306,217066.3148,147878.74978391544,-31.873929900101,0.3838102252396247
5307,350618.8601,246583.17727922244,-29.67201558726919,0.35200039507598646
5308,941174.6315,635482.2065914018,-32.47988361324614,0.3927446119644067
5309,5871.970342,11946.642091516755,103.45201688208314,-0.7102600018146639
5310,10917.26446,21267.50882588245,94.8062072124838,-0.6668350692531497
5311,21658.1299,40473.180522803246,86.87292351498569,-0.6252586464696304
5312,42507.28763,71657.73544926803,68.57752974738095,-0.5222255751780072
5313,84664.2331,133042.6253972739,57.14147583446769,-0.45197633356012723
5314,167447.2199,243417.93703087195,45.36994831938201,-0.37411167493918995
5315,315029.2479,445209.6983923214,41.323290253241716,-0.345879918521959
5316,560173.0846,782134.5746354174,39.62373347407658,-0.3337810004493118
5317,4608.06788,9675.987743319472,109.97927971754342,-0.7418386718496723
5318,29592.06795,57101.38402790989,92.96179004586898,-0.6573220042794095
5319,59558.23858,104177.28163738616,74.91665993018385,-0.5591394455320149
5320,229752.379,340669.8175547582,48.27694887753839,-0.3939116153194391
5321,430632.6788,584912.8716347492,35.82640157840925,-0.3062074253979805
5322,780492.4168,1091210.0374434954,39.810459903945,-0.33511746149872224
5323,11844.75227,26283.553177921993,121.90040432075655,-0.7970584660342244
5324,22020.27172,46385.8396770973,110.65062351145818,-0.7450307623730161
5325,43443.61962,83244.32297572511,91.61461154448142,-0.650315937311543
5326,85262.88498,150172.9825812136,76.12937049507471,-0.5660485986571508
5327,166256.5137,264208.6283511668,58.916256855906134,-0.463207191043276
5328,317332.4056,455664.8889981961,43.592296581448196,-0.3618078242111018
5329,597365.2946,819776.0786410187,37.231956066337354,-0.3165024181183913
5330,1080374.614,1446045.637667538,33.84668789223678,-0.29152483875045654
5331,3550.68744,7170.969920885355,101.96004413402704,-0.7028996905311562
5332,36171.38356,67594.19704696759,86.87202532588881,-0.6252538400416121
5333,128896.4232,208657.24482670467,61.879778853867116,-0.4816837679071213
5334,245528.7633,358552.8690313852,46.032938956844916,-0.3786620195677539
5335,861730.3108,1117829.2713798145,29.71915428413575,-0.26020157588101966
5336,1531969.385,1916212.047183316,25.081614942541165,-0.22379625779531054
5337,3631.786133,6510.412757751291,79.2620082607516,-0.5836782829395766
5338,32471.76746,58428.835532142686,79.93734281362302,-0.5874385088229523
5339,59211.46679,103014.20462404567,73.97678221584498,-0.5537516687820041
5340,107956.8387,174807.87323923435,61.923853406828556,-0.4819559980419452
5341,198790.1701,299070.449159414,50.44529063432498,-0.40842931473248
5342,374899.6746,524745.608876255,39.96960905237738,-0.3362551348590266
5343,689600.3019,904752.9096690522,31.19961043756212,-0.27154972129159205
5344,2251099.122,2645116.6450158292,17.503339553780396,-0.16129656892653266
5345,4023.588584,5795.283172557931,44.03269746820443,-0.36487015356380326
5346,6442.17316,9731.666951592764,51.06186545896515,-0.4125192719469055
5347,18265.11589,28975.93951980592,58.64087419051093,-0.4614728087384652
5348,31924.15044,49447.31702661048,54.890001284590106,-0.4375450098651399
5349,55150.91391,87039.71436215748,57.82098281126649,-0.45629118450440664
5350,1011721.234,1219142.3627096259,20.501806400717076,-0.1864945577075776
5351,1823489.659,2099413.9476240734,15.131661825567466,-0.1409061729333363
5352,11869.04469,15917.482772158299,34.10921593015164,-0.29348432624948195
5353,19324.71841,26342.306778558323,36.31405239481738,-0.30979124640825617
5354,54974.99425,76951.58771429729,39.97561757689003,-0.33629806128849893
5355,93428.53816,127157.88578421321,36.10176107695317,-0.3082326631664589
5356,160380.0629,212948.20301915496,32.77722877059364,-0.283502566250613
5357,283816.1541,364794.54103437805,28.53198655699002,-0.25100760999357874
5358,503643.1676,601727.1825392741,19.47490232155273,-0.1779361409118927
5359,876919.6971,1011538.7604468747,15.351355864404004,-0.14281255291373007
5360,4900.271977,5244.573907658573,7.026180021733372,-0.0679032916465463
5361,33858.09922,40265.92169214557,18.925523345269404,-0.1733272569534865
5362,56179.7858,67599.30539052126,20.32674106514885,-0.18504069878390084
5363,92291.41485,111460.19246630478,20.76983828610661,-0.18871638527458678
5364,264847.4328,305572.1762430415,15.376680458063898,-0.143032071912506
5365,455051.0219,512702.5355001294,12.669241651060098,-0.11928627545671588
5366,1355989.326,1385326.9966355234,2.1635620629895365,-0.021404892620402904
5367,5353.768256,5178.660914020738,-3.270730700437362,0.03325414784302261
5368,22166.33865,23463.597795737667,5.852383500139593,-0.05687532905432846
5369,35770.68168,37720.380269957284,5.450549160340415,-0.053071928702557614
5370,58536.5101,62815.31291951321,7.309630881997547,-0.07054821620966045
5371,95751.76379,103821.45097451923,8.427716488040305,-0.08091355749410845
5372,154134.15,166498.71146201514,8.021948064082585,-0.07716424330474858
5373,259940.1198,277780.2928385016,6.8631856645399765,-0.06637919166876749
5374,735513.807,726633.3104767976,-1.207386787125588,0.01214734908119297
5375,14903.8318,13826.600818825951,-7.227879350960261,0.07502401537279901
5376,23641.48285,22160.496287049078,-6.264355634320637,0.06469165962875856
5377,38040.92897,36232.7651073983,-4.753206379443738,0.048698835324197276
5378,61396.18938,57859.42569514764,-5.760558954175865,0.05933139727999048
5379,258564.348,249348.30737068472,-3.5643122111000696,0.03629384760161258
5380,427365.5179,397007.0094471802,-7.1036401350291944,0.07368572430551623
5381,705353.3183,637824.2834877197,-9.573788491565436,0.10063601030288893
5382,1184169.919,1039775.1109835248,-12.19375747514451,0.13003758850253
5383,20506.58357,40991.821420441964,99.89590796787202,-0.6926265849129027
5384,38959.8883,72626.29677747008,86.413000515379,-0.6227944590854921
5385,79367.62078,134076.09661302037,68.93047226987869,-0.5243170375969246
5386,156252.7407,241688.1065840211,54.67767509310709,-0.43617325020817255
5387,295717.5849,448096.4686840987,51.52851624823974,-0.41560364731001975
5388,7539.186359,17456.38264809258,131.54199693251783,-0.8395910833204869
5389,54068.53089,103059.77215616935,90.6095291655692,-0.6450567996043546
5390,212441.9404,339622.8337894919,59.86618892203073,-0.46916696009838965
5391,733199.0868,1099605.495115986,49.97365857548229,-0.4052894831902272
5392,5646.570389,14589.579513356879,158.37948539132037,-0.9492591918682685
5393,19616.05455,46509.30570844561,137.09816665678883,-0.8633040746906104
5394,38089.99016,81707.6409972062,114.51210844105451,-0.7631960003954052
5395,75532.64114,147063.65913864004,94.70212734393472,-0.6663006525960871
5396,289572.3021,467516.8181158777,61.45080683663831,-0.4790303086433987
5397,5307.915365,12661.912020191643,138.54773766144334,-0.8693992622209983
5398,9673.052859,22885.428024609148,136.5895065208508,-0.8611564134350829
5399,16328.42315,38522.55723147976,135.9233152986959,-0.858336631059629
5400,58740.61353,120109.51671989041,104.4743994009325,-0.7152725953547971
5401,115091.4652,213945.40147543678,85.89163071619039,-0.6199936873718563
5402,421243.1186,647371.7852593262,53.68127256555882,-0.4297106130571269
5403,1439173.141,1956471.1615574462,35.944113034099914,-0.3070736817188262
5404,8916.227358,20035.531678839754,124.7086225416074,-0.8096343660388534
5405,15071.15094,33456.660265822284,121.99140861250166,-0.7974684951916409
5406,93482.34644,176303.56127007262,88.59556695362795,-0.63443467891714
5407,172926.8156,297013.8532086034,71.75696677120989,-0.5409103077339648
5408,611998.8406,882659.7260955551,44.22571866806166,-0.3662093771069941
5409,1140242.199,1535231.3962488556,34.640815573679326,-0.2974404213157982
5410,2074797.042,2657155.586465765,28.068217405226324,-0.24739288444325425
5411,5421.677875,10074.729509620434,85.82309281184348,-0.6196249212144487
5412,9300.337035,17845.04148038809,91.87521283617748,-0.6516750415966772
5413,15109.39079,29388.312565912667,94.5036234377036,-0.6652806063966441
5414,45649.54559,86750.25874041222,90.03531715201947,-0.6420397486463667
5415,83363.23236,146162.27006701884,75.33181707233268,-0.5615100901676868
5416,149115.1564,247783.53452225728,66.16924832079462,-0.5078366511593728
5417,501154.4233,719729.6847907807,43.61435344648999,-0.36196141999367093
5418,16064.29692,26712.017192963314,66.28189410335746,-0.5085143193788433
5419,26957.19114,44784.80818019529,66.13306611808699,-0.5076188843772673
5420,45759.5104,76960.67489132678,68.18509249462333,-0.5198949279833425
5421,79398.74641,127917.56469123306,61.107788819096854,-0.4769034507548433
5422,244584.9692,363653.68306035607,48.681942414454824,-0.39663922375200755
5423,782056.4547,1031178.0535845465,31.854682278673934,-0.2765302383435291
5424,1393404.584,1720822.0288401826,23.497658081493906,-0.21105200699725835
5425,2475607.66,2886573.2376156,16.600594038216865,-0.15358418258270667
5426,10949.60766,15148.759024319068,38.34978836418937,-0.32461499053055043
5427,17265.57554,24364.767534564315,41.117609882840384,-0.34442346935570534
5428,28679.77649,40903.64042167597,42.62189398839338,-0.35502684448738187
5429,47154.35905,68898.4040084548,46.112481213875824,-0.3792065583727773
5430,78889.48266,113700.09834376827,44.12580043628376,-0.36551634635003794
5431,132632.7663,185545.77539569495,39.89437193522138,-0.33571746567628225
5432,229617.6991,312197.3702440272,35.96398338094277,-0.30721983659350904
5433,396536.2924,507998.49972400867,28.10895483220307,-0.24771092548465035
5434,698783.687,862634.9557961784,23.44806724089688,-0.21065037347071147
5435,1220458.055,1421977.8179070163,16.511813911295487,-0.1528224888402363
5436,2115037.701,2354866.506308252,11.339221291178871,-0.10741140277100492
5437,7835.58571,8197.315662227084,4.6165017602376945,-0.04513111381396051
5438,12885.53251,13825.659776138024,7.295990797496536,-0.07042109852828027
5439,32633.28384,36801.72488986105,12.773587452304183,-0.12021197186595955
5440,52137.38582,59768.88725032592,14.63729205118385,-0.1366029759268077
5441,85030.20855,97145.01446889465,14.24764930662357,-0.13319826857782502
5442,136988.7001,153412.5931910988,11.98923201629739,-0.11323253797336541
5443,223172.8676,250356.65515387358,12.180596972296815,-0.11493985963523023
5444,368760.2617,400585.75878577045,8.630403107713837,-0.08278113728299274
5445,29541.11087,52918.67071912546,79.13568298769077,-0.5829733382294009
5446,51880.4666,87837.14009868988,69.30676583138109,-0.5265420659164519
5447,281428.9004,379526.11464437365,34.85683741255654,-0.2990435661502673
5448,1298882.472,1475451.3852203188,13.593909920767544,-0.12745970900950176
5449,2196199.974,2381396.0881148935,8.432570635978598,-0.0809583250078223
5450,15560.72125,24768.787409704248,59.17506015156108,-0.46483441781070844
5451,5738.546733,11731.577343808582,104.4346398077609,-0.7150781286666863
5452,29405.85185,52850.93788536135,79.72932107172184,-0.5862817612787143
5453,280554.3163,386602.0689972258,37.799365946602535,-0.32062857132255473
5454,485252.5939,620689.1078253565,27.91051828014897,-0.24616075752766697
5455,1434332.351,1680144.5794051045,17.13774553252787,-0.15818036856489748
5456,2415876.194,2762930.8338772343,14.365580518536875,-0.13422997809406034
5457,9195.179236,5516.391161550429,-40.007790822029506,0.5109554792306721
5458,16331.46002,10465.986956004814,-35.91517878262048,0.4449626485834717
5459,28603.08777,19353.895418991193,-32.33634223473491,0.3906209631262545
5460,49610.55138,37137.12845701921,-25.142681498213154,0.289586304327198
5461,82932.62811,67004.99654659824,-19.20550683896778,0.2132613767312499
5462,388218.359,408342.31366436556,5.18366898366225,-0.05053786446699782
5463,661243.6766,760430.4890937852,15.000039471649318,-0.13976228560683346
5464,7344.906767,4474.947351618175,-39.07414357220016,0.4955125294923235
5465,111077.129,95403.7447209566,-14.110361349943965,0.15210698534354883
5466,5453.850149,3824.2660710465425,-29.87951691801163,0.3549552365978599
5467,9602.500753,7044.179629222996,-26.642238200061975,0.30982186832077296
5468,53421.35589,41583.710497752465,-22.15901336653163,0.2505020730433376
5469,153551.0472,136720.40498707475,-10.96094264404681,0.11609506582489715
5470,255622.5068,237514.30033647918,-7.083964041432686,0.07347393979476813
5471,744128.6969,781537.563585198,5.027203874953534,-0.04904921513620053
5472,6962.602316,5965.433560139308,-14.32178244001108,0.15457156351983592
5473,12528.02604,10800.241003780593,-13.791358915625365,0.14839976874428373
5474,22937.25942,19586.178759410755,-14.609769193556268,0.15793848510415565
5475,120549.2393,108450.57722045637,-10.036282393648943,0.10576373464688693
5476,341359.567,340454.3884469406,-0.26516864929682965,0.0026552084410429444
5477,955949.3818,1031633.4110546273,7.9171586587689875,-0.07619369734733006
5478,1624043.735,1876761.8459913046,15.561040971061319,-0.14462869762632202
5479,2787.605033,2971.725996731753,6.6049874911297515,-0.06396011162037496
5480,9399.565641,9530.527556146584,1.3932762443334796,-0.013836593742958314
5481,17024.26613,16706.72092258193,-1.8652504900548594,0.018828656758067552
5482,31233.96702,29021.292965847315,-7.08419155573753,0.0734763883988343
5483,55263.63552,51759.22836291144,-6.34125338319502,0.06551236458996357
5484,95918.14752,90346.7638195298,-5.808477169879138,0.05983999964290021
5485,164047.6068,152257.69202428745,-7.18688617633193,0.07458224342459907
5486,279964.6509,273425.1650976071,-2.335825534177423,0.023635383379494
5487,472117.7889,485469.9697636688,2.8281461062457316,-0.02788892436585222
5488,784786.4515,811797.0463517514,3.4417763966394705,-0.03383872153609069
5489,1334506.489,1448652.4546214987,8.553421550391475,-0.08207223034052191
5490,2140.008691,2752.755575373174,28.632915695629478,-0.251792547152089
5491,24128.88484,25773.708070319186,6.8168224152342844,-0.06594524138535007
5492,76872.06304,77718.08436501154,1.100557590826365,-0.010945455263742687
5493,1891345.868,2040397.8946849445,7.880738748358029,-0.0758561601313108
5494,5617.444486,7680.262216140223,36.72163980046892,-0.3127768466068055
5495,33950.45822,39071.67915194985,15.084394145033873,-0.14049553536074377
5496,106990.0439,108782.68945565837,1.6755255819260093,-0.01661643502641752
5497,934211.1889,925540.4786509813,-0.9281317064108461,0.009324656862716552
5498,1582655.647,1610619.22979156,1.7668772638297014,-0.017514494494507815
5499,2827.482838,4260.00364334228,50.66417330955627,-0.4098831562087186
5500,4996.939953,7323.025827858371,46.550206661216016,-0.3821978913432922
5501,8804.819304,12437.703273115696,41.26017631577389,-0.34543322615680694
5502,28795.78458,35435.722120603335,23.0587137577598,-0.20749140311425585
5503,159710.2495,166689.8440403118,4.3701606892247575,-0.04277363145392066
5504,1383171.795,1337690.748227971,-3.2881704887590644,0.03343445894005548
5505,2792.725218,4129.062712264681,47.85066162798839,-0.3910325352952304
5506,4739.489201,6940.111100301557,46.431625982758646,-0.3813884166815882
5507,8239.273599,11678.035651879492,41.73622846189808,-0.3487975981920943
5508,25494.097,32442.4197229781,27.254633584308152,-0.24101988201580937
5509,44596.65844,53787.194373888284,20.60812683141532,-0.18737648269643437
5510,76764.66709,86765.97168854011,13.028525984245379,-0.12247004320449939
5511,136662.4821,145644.02031508638,6.572058458966323,-0.06365117561576383
5512,239606.0676,243821.39457362,1.759273884773687,-0.017439778011967277
5513,412037.7904,394822.55797514727,-4.178071241509291,0.04267862575959214
5514,713569.116,665253.1781626991,-6.771024243333555,0.07011161393884535
5515,1219518.658,1119168.33479598,-8.228682894330923,0.08587038701357841
5516,8308.164561,11607.59423280249,39.71309965730096,-0.33442084579495734
5517,14281.06873,18716.27630812924,31.056552292982616,-0.2704587409517618
5518,24235.85861,31240.136986902384,28.90047548805363,-0.25387041276369615
5519,72052.92382,81470.15880039496,13.069885968709274,-0.1228359014568241
5520,124660.3536,136241.34541794195,9.290036072817578,-0.0888350437655614
5521,216542.0732,222769.90861930646,2.8760394353269008,-0.02835457682519049
5522,648525.7527,593443.5321225226,-8.493451547321625,0.08875964847863216
5523,27134.58756,18817.76111236692,-30.650277728537105,0.36600804397264675
5524,47686.32377,36332.40681460926,-23.809587440945947,0.2719345506464048
5525,134950.863,124420.68749185101,-7.802970113758366,0.08124226975958493
5526,228414.8813,229248.7567266074,0.3650705338730402,-0.003644057688159563
5527,381236.1143,421668.11296020367,10.605500671005986,-0.10079963668263048
5528,641862.4261,787579.8299975226,22.702279798945625,-0.20459074582466918
5529,21942.46839,15045.90903707436,-31.430189303901017,0.37731782543503556
5530,38455.79461,28253.894319987314,-26.528902584058926,0.3082780895416253
5531,65851.73389,53537.57975268922,-18.699817620414645,0.20702192614550974
5532,108150.0875,95053.55779743502,-12.109587708438035,0.12907946242741097
5533,182269.2002,174916.07695342923,-4.0342105185639365,0.04117841759978802
5534,506468.358,578749.9797708638,14.271695482872351,-0.1334087205757477
5535,16482.07983,12558.299863053318,-23.80634002151099,0.27189192913903426
5536,52334.61298,42397.659216844564,-18.987345462844836,0.21056481466434107
5537,86734.11479,75793.98680937449,-12.613408238630988,0.13482832743679296
5538,148640.5789,137182.91621939512,-7.70830063055202,0.08021597951521464
5539,704931.0854,780498.6250662226,10.719847830705785,-0.10183293151892414
5540,67355.65753,61787.019870304735,-8.267512877021515,0.08629359331639286
5541,117003.3018,110930.44141752267,-5.190332485537883,0.053298803925862615
5542,196409.0514,195677.68709477686,-0.3723679229699363,0.003730629381992756
5543,553365.5185,604200.76105552,9.186557683123878,-0.08788777160562411
5544,1572588.897,1920816.1474161553,22.143565370483167,-0.20002693223137946
5545,16161.49642,16434.800501274905,1.6910815321326904,-0.016769419338421798
5546,157347.3766,160285.3747991443,1.867205073658864,-0.018499868031153
5547,449808.0046,484200.74775195646,7.646094066854335,-0.07367875353052078
5548,753635.356,833375.3066236932,10.580707233126835,-0.10057545057068573
5549,2145731.463,2509965.2331561456,16.974806793712265,-0.1567883990741077
5550,6501.774684,8158.115799650196,25.47521555501194,-0.22693806746345935
5551,39727.08737,44248.24182280546,11.38053341463844,-0.10778238130398599
5552,72955.44677,77448.07279626516,6.1580405921283115,-0.059758746745407265
5553,126975.6079,133960.73109219858,5.50115357407836,-0.05355170121970332
5554,217731.2834,232429.1009970889,6.7504390584458065,-0.06532357907186537
5555,371541.1512,394045.60785417183,6.057056286090284,-0.058807030160247464
5556,1053946.26,1163919.83333098,10.434457382198978,-0.09925201312666587
5557,17332.54236,23352.986560422243,34.73491698665171,-0.29813908422730684
5558,56932.25789,67031.03089096947,17.73822675447287,-0.16329355680957391
5559,177390.6844,196275.69246850713,10.645997636450367,-0.10116570847158002
5560,521202.5382,565205.5204289157,8.442587862461744,-0.08105070282148752
5561,882740.6033,959099.8874877275,8.65025171633311,-0.08296383747496883
5562,2510876.572,2806409.454990675,11.770107949004952,-0.11127396822273283
5563,4155.601938,7113.133796845678,71.16975838809705,-0.5374856171866575
5564,14004.64135,21400.357485698907,52.80903631065787,-0.4240188271544927
5565,24804.08924,35379.60014958474,42.63615893031974,-0.3551268587852583
5566,45790.28129,59560.40902577538,30.072162362502446,-0.2629192055553702
5567,81937.45477,101263.94911655114,23.58688636448494,-0.2117742560320579
5568,145858.4415,168487.31369617672,15.514269838250488,-0.14422388472540426
5569,257247.9668,282242.3307210154,9.71605887965969,-0.09272555963723406
5570,1273868.398,1344849.0027862655,5.572051626188893,-0.05422348762394691
5571,2153254.954,2239629.1436609197,4.011331287104046,-0.03932966190184395
5572,3760.724701,6864.887022992487,82.5415995264708,-0.6018079036702844
5573,6768.873431,11730.638022316525,73.30266464420355,-0.549869386519493
5574,12206.80743,20135.953539498456,64.9567559328529,-0.5005131683067088
5575,39052.25315,54920.50105890787,40.633373567352976,-0.34098613056568183
5576,218670.0878,246715.1619806305,12.825290583996601,-0.12067033525010018
5577,381961.6192,415738.0712486225,8.842891628579231,-0.08473529527505974
5578,658606.9644,681104.9142539501,3.415990274935219,-0.03358940895525109
5579,1117934.548,1122322.360936988,0.392492829283952,-0.0039172458572309665
5580,1897565.569,1900978.54370105,0.17986069924576098,-0.0017969914357784944
5581,3671.864898,6727.735196128826,83.22393070053599,-0.6055388838157221
5582,11265.32995,19147.405935758474,69.96755550651648,-0.5304373828863316
5583,19038.42147,30591.557853736056,60.68326831581617,-0.47426496382273875
5584,186597.5939,220224.77220309761,18.021228248590834,-0.16569432270922135
5585,327735.2188,361944.6857649304,10.43814182991627,-0.09928537577762953
5586,571209.1142,594108.8007571205,4.008984798709385,-0.03930710171696461
5587,976095.2774,955089.0379137557,-2.1520685503364034,0.021755632383117174
5588,1668217.423,1583581.0665742464,-5.0734607646975505,0.052066864723288475
5589,6570.033133,11123.460993320972,69.30601061127058,-0.5265376052453679
5590,11366.70227,18851.715086984874,65.85034638181716,-0.5059156679274626
5591,19003.84364,29705.644229289897,56.313874140515175,-0.44669581359401
5592,57073.00154,78730.81446253238,37.947562486885076,-0.3217034449785743
5593,295770.4509,329943.3176100759,11.553847453689592,-0.10933722514002575
5594,516017.763,529079.338505734,2.531225946525026,-0.024997209576731905
5595,886260.4604,855449.0575363899,-3.4765629564139444,0.03538433621352688
5596,1517844.379,1409217.3108533248,-7.15666702394364,0.07425670501022097
5597,29254.60094,21047.3873486002,-28.054437003712547,0.3292604224327338
5598,48089.62891,36997.261892114046,-23.06602747682952,0.2622226316966696
5599,82174.75889,68968.90638896344,-16.070448735619717,0.1751924144538144
5600,226878.8518,230898.97905965577,1.7719268357368194,-0.017564112275554322
5601,383255.0727,427960.50257259473,11.664667490934612,-0.11033015394234624
5602,647861.5231,791038.9167549963,22.099999544639772,-0.1996701913991643
5603,23886.39434,16632.646078542857,-30.367698691593915,0.3619416270497613
5604,111311.83,98400.52980685513,-11.599216537132547,0.12328935368164728
5605,182388.6355,173314.51188225162,-4.975158453744987,0.05103183860951255
5606,307493.3385,321739.0960307666,4.632867040391705,-0.04528753273442199
5607,513946.9849,578879.2410564094,12.634037763455991,-0.11897377323320413
5608,873955.8702,1077012.5926162852,23.234207737493286,-0.20891648677779173
5609,52797.13288,43175.12312060997,-18.224492949758126,0.20119241202961824
5610,88355.53573,76360.12768239445,-13.57629485068321,0.14590818265518735
5611,414147.7753,444707.4005033659,7.37891811231611,-0.07119368363722955
5612,13522.65859,11498.336284773446,-14.96985442436252,0.162164338541551
5613,69356.66927,63057.796803628626,-9.081855476436393,0.09521059500385576
5614,198190.4532,194461.80599026274,-1.881345518683766,0.01899267968289564
5615,561176.3293,629858.7176667264,12.239003104852888,-0.11546036794960735
5616,939697.3519,1083780.8165150748,15.33296484487782,-0.1426531054098117
5617,9883.177526,9967.589363730382,0.8540961397113136,-0.008504693747070746
5618,17129.00057,16998.866848309255,-0.7597274643020518,0.007626280939946994
5619,54016.6353,52086.661982327954,-3.572923983423394,0.036383152267367436
5620,92123.20217,90627.07479802768,-1.624050550491546,0.016373827967914423
5621,159715.1503,157884.53966909295,-1.1461721868392218,0.011527913669899803
5622,268951.07,277241.9459984519,3.082670761805074,-0.030361109062726044
5623,456349.9681,498560.4366080732,9.249582876890571,-0.08846482991982185
5624,763246.5592,846794.8147820184,10.946430688084575,-0.10387729241863397
5625,2209739.203,2639760.073107867,19.460254383144363,-0.1778135307558273
5626,7256.824843,9026.20849638026,24.38233926904029,-0.21819001694800555
5627,12651.96322,15043.675747707328,18.903884607620036,-0.17314528839126808
5628,22895.25272,26143.84957077634,14.188953887102318,-0.132684380523175
5629,41483.34055,45173.89388560663,8.896470936708663,-0.08522743696758361
5630,219850.5515,232991.44124689812,5.977192077636483,-0.058053715892887325
5631,376008.8323,407714.4818689195,8.432155536076086,-0.08095449681584554
5632,629004.3214,682621.7367504182,8.524172811894164,-0.08180275307125129
5633,1065394.05,1197399.2708026625,12.390272012750815,-0.11680719979674947
5634,5387.477369,8148.139253306883,51.242199181976424,-0.41371233393643436
5635,9413.015798,13342.923024654452,41.74971455470675,-0.3488927428943338
5636,31656.25004,39721.72338421817,25.478296810351353,-0.226962623846914
5637,55495.50086,66791.67250883546,20.35511252945102,-0.18527645784932112
5638,101671.0887,113287.39944617121,11.425382470770398,-0.1081849653786442
5639,178231.0991,195591.7926150361,9.740552351806773,-0.09294877890696895
5640,882248.025,948829.4309059203,7.546790020405012,-0.07275582288697713
5641,2513738.123,2783488.799776569,10.731057237363975,-0.10193416756186835
5642,7486.275989,12549.346843108868,67.63136787300279,-0.5165971436945984
5643,13867.55119,21257.985457339382,53.2930015262441,-0.42718094670305895
5644,81558.25134,100941.55702366837,23.76621048784292,-0.21322420072291948
5645,145834.1295,169174.5879975949,16.004798449868275,-0.1484613702098656
5646,257588.5108,285963.4683890437,11.015614594346152,-0.10450067745199831
5647,754264.4708,795475.7966380774,5.463776623916427,-0.053197358433745734
5648,2142183.086,2279208.640541175,6.396537972719983,-0.06200285253970961
5649,11482.07463,19960.719327125364,73.84244546689003,-0.5529792172040402
5650,20742.44003,33078.16479306819,59.47094336648389,-0.46669154639036137
5651,119681.9372,150601.70352874164,25.83494807330177,-0.229800926321154
5652,645036.608,684772.3539239787,6.160231129700276,-0.05977938121604787
5653,1108053.74,1147937.8999659927,3.599478845312383,-0.03536211337398676
5654,5936.775001,11502.364490986241,93.7476911125782,-0.6613865653360538
5655,10586.61818,19487.527600842768,84.07698539329742,-0.6101838829931072
5656,18424.27786,31467.533135829246,70.79384806797117,-0.5352870763802979
5657,58781.89863,83298.77123343504,41.7082012912774,-0.34859983688320817
5658,103651.9105,138896.78386362406,34.0031102114843,-0.2926928242269238
5659,326269.9444,368779.5344523792,13.028962913072798,-0.12247390884796516
5660,985020.5602,1005103.2303967742,2.038807209536488,-0.020183017777139156
5661,1661550.062,1629433.2244725965,-1.9329443187973818,0.019518699659180072
5662,5953.474986,11571.576423971188,94.36675976942095,-0.6645767025775609
5663,17771.0811,30734.04144570306,72.94412913181215,-0.5477984033538341
5664,53654.32943,78600.86610405207,46.494918376714615,-0.38182055501906476
5665,164760.861,209931.13728972472,27.415659286779714,-0.2422844639355528
5666,288025.4734,332036.76597017935,15.2803472729851,-0.14219677812911158
5667,505950.1266,541319.2174960847,6.9906279367427135,-0.06757105526140528
5668,878916.7097,883701.8509906144,0.5444362631639681,-0.005429595662983289
5669,31653.26743,21027.131671218754,-33.57042296590878,0.4090277914230178
5670,52841.99463,37881.22209341357,-28.312278219892832,0.3328506973964753
5671,244498.9484,231800.04492916193,-5.193847889301623,0.05333588315027704
5672,25808.49211,16680.7053959407,-35.367377044560314,0.43645090335856196
5673,5889.76651,10078.590220401715,71.12036959851766,-0.5371970386628622
5674,16728.64601,26378.51143296302,57.68467703360183,-0.4554271379690018
5675,84108.49354,123161.30316371973,46.431469617449686,-0.38138734884264736
5676,142186.1939,192955.01933836102,35.70587554658568,-0.30531967797424464
5677,423641.8496,535427.692781001,26.386874499426447,-0.2341774493472677
5678,732944.957,871449.6247223513,18.897008076740374,-0.1730874540340981
5679,1983380.69,2048742.8748781309,3.2954936592697646,-0.032423565364751994
5680,16585.21496,27579.520409356814,66.28979772570166,-0.5085618497161501
5681,28390.82551,43780.68048001025,54.207141545037274,-0.4331265875903405
5682,48577.95207,75405.49625702087,55.225761984290415,-0.4397104001526717
5683,423536.9346,535284.0950024205,26.384277561992935,-0.23415690161140112
5684,733022.3361,872281.2568428837,18.997909597653216,-0.17393574056287164
5685,1262457.065,1436807.8951272771,13.81043640698206,-0.1293640398206488
5686,2146489.037,2388083.5025519747,11.255331911204852,-0.10665766120151154
5687,5544.7183,4247.228785442134,-23.400458677185938,0.26657909721229167
5688,17939.18809,15015.84341958712,-16.295858294960773,0.17788172698046267
5689,32046.15659,28198.139283337747,-12.007734206301125,0.1279212640802907
5690,98547.54796,96338.19496436456,-2.241915746632477,0.022674287183091835
5691,171484.7698,175161.72715721917,2.14418887549462,-0.0212152455075163
5692,298800.9228,315800.86348070373,5.689386940776788,-0.05533429447491578
5693,528872.73,587916.3221039166,11.16404547913003,-0.10583681152311009
5694,76757.43557,72573.6057256041,-5.450716029433273,0.05604896393644765
5695,3428.771127,2923.999272191693,-14.721654963594982,0.15924963199238462
5696,6204.419549,5352.831908158764,-13.725500574481476,0.14763611910119678
5697,10851.236,9838.983314338911,-9.32845517009389,0.09792660653652518
5698,19575.94709,17947.428664651583,-8.318976435016603,0.0868547685444625
5699,61233.4254,58468.950874647446,-4.514649486442995,0.04619734803184805
5700,328348.9057,334334.5036260978,1.8229382897857502,-0.018065219757660955
5701,573138.2456,595990.742060115,3.9872572866239993,-0.0390981795561931
5702,8276.895924,8431.242298477644,1.8647857348320043,-0.018476117820716453
5703,14701.25586,14992.464001236378,1.9808385352214302,-0.019614752150921788
5704,26810.32948,26506.956296854423,-1.131553356596709,0.011380041303883814
5705,145241.7269,143998.69034699537,-0.8558398330394956,0.008595231728552477
5706,445816.876,461876.2451002018,3.602234452022363,-0.03538871167441826
5707,770471.655,798147.5507731895,3.592071894350155,-0.03529061479270723
5708,1352037.329,1438468.5169123926,6.3926628398876595,-0.06196643026998849
5709,1999.877974,2280.0526373757325,14.00958793577535,-0.1311123635695859
5710,3541.67378,4087.519759913426,15.412090831059706,-0.14333893583033053
5711,6422.837443,7297.267777745177,13.614393054555418,-0.127640011697169
5712,11717.03235,12968.297653500838,10.67902917841512,-0.10146419746476276
5713,21098.98854,22425.104173105065,6.285209504668825,-0.06095595049437996
5714,37953.81503,39653.82038946804,4.47914223675354,-0.043817269674336856
5715,67168.3602,69550.5825707781,3.5466436335274847,-0.034851988325074856
5716,363898.2142,368321.01971151284,1.215396322083092,-0.012080696863517204
5717,2966.901019,3723.2727898387334,25.493663792453386,-0.22708508359966384
5718,5292.979992,6581.868052108113,24.350896131407744,-0.21793719076054785
5719,9673.756189,11646.07837593547,20.388380153493976,-0.18555283187616567
5720,31000.62323,34277.450565610525,10.570198254722388,-0.10048041158914245
5721,54999.71241,58887.522134574356,7.068781915789576,-0.06830126359537658
5722,97805.82266,99910.48837445234,2.151881817679436,-0.021290557207464644
5723,915065.7554,893172.1313308125,-2.392573860401678,0.024216607967666448
5724,1595510.036,1560201.3142414424,-2.2130053062579242,0.0223785963813512
5725,1552.184181,1944.3216514330538,25.263591475363306,-0.22525006286294058
5726,4713.296251,5861.666640099473,24.36448565811725,-0.21804646849500386
5727,8388.79022,10236.344212731496,22.024081473949348,-0.1990482283972259
5728,26657.94378,29734.05225242945,11.53918133302271,-0.10920574527471771
5729,46013.36021,50364.70508200792,9.456698776505021,-0.09035884009606221
5730,81877.42387,83584.14153647768,2.084478951349887,-0.02063050952033585
5731,769542.6891,712155.9707294146,-7.457249504598712,0.07749948071837309
5732,1334209.958,1224277.0223027696,-8.239552930786214,0.08598884102089066
5733,1568.461268,1869.8144184977975,19.213298832814882,-0.1757441298093667
5734,13985.8561,15763.605590417943,12.711052349651602,-0.11965729901275957
5735,24438.52495,26941.053786724293,10.240097722118428,-0.09749050772568957
5736,42364.94038,45000.62649449802,6.221385161543384,-0.0603552694176841
5737,72424.9677,74312.94606334757,2.606805944557673,-0.02573407929080318
5738,387870.2832,351518.84050409356,-9.372061813037199,0.09840765196543089
5739,1172539.739,1015253.141599739,-13.414180532115944,0.14403413131180187
5740,2840.148187,3156.946968505081,11.15430465759289,-0.10574918203560024
5741,4787.063351,5306.9141772016255,10.859493348736043,-0.10309338780311883
5742,68906.16319,65753.26417964447,-4.575641516509664,0.0468363101093896
5743,118231.8157,112537.99858001026,-4.815807899319732,0.049356307341096084
5744,350475.8132,302833.386821387,-13.593641724835862,0.14610892173804402
5745,609715.7508,510009.9713331798,-16.35282987785662,0.17856258910785883
5746,1052773.693,848252.2797061652,-19.42691146765146,0.21600548140572684
5747,14744.8987,14427.32377320925,-2.1537952430337852,0.021773279234789555
5748,24756.90607,23847.197223859384,-3.6745659718884918,0.03743778961411337
5749,68515.89888,62205.38685145393,-9.210288607025959,0.09662421745104588
5750,332625.327,271606.5747625977,-18.344589928776625,0.20266210947428043
5751,575389.4771,456025.48991390126,-20.744902702722502,0.23249845609054454
5752,983185.8763,751212.4550584438,-23.594055491779056,0.2691096851432526
5753,16916.31538,14468.277776382556,-14.471458758162758,0.15632005005543625
5754,30917.0779,27598.26497113244,-10.734562107072735,0.11355580669632737
5755,55856.08634,52717.53216635541,-5.619001221353004,0.05783041722150806
5756,95183.12531,95161.01334378011,-0.023230973082544546,0.00023233671891098595
5757,295749.2719,329761.20782513055,11.500260239569016,-0.10885673889652381
5758,516834.2252,595482.7693153865,15.217363765906141,-0.14165027805010766
5759,13803.58961,11523.742348758442,-16.51633615353158,0.1805192158290474
5760,24772.40298,21895.535901337997,-11.613193443464652,0.12344747458096705
5761,43869.22362,40520.42261168144,-7.633599895284762,0.07940690870212919
5762,74605.91026,72390.58481007659,-2.969369909438884,0.030143483201369392
5763,228134.5568,242833.17532693446,6.442960125422995,-0.062439070007370034
5764,702384.8864,790437.4569481022,12.536227964614454,-0.11810501016915609
5765,10399.66759,9616.387615409849,-7.531778951697728,0.07830515673324534
5766,18880.29863,17859.080783609315,-5.408907276328848,0.05560687161839262
5767,34333.67865,33300.72656501502,-3.00856804630511,0.030547541760345354
5768,58556.02943,58241.636511419245,-0.5369095576341871,0.005383560970619428
5769,103778.2834,106008.09260712918,2.1486279538221535,-0.021258703504688725
5770,180016.3251,191125.41122413342,6.171154820521017,-0.059882274067064145
5771,14002.49901,14804.179718877018,5.725268813120368,-0.05567373993635094
5772,139330.6334,150981.4980294889,8.362026601889333,-0.08030753354458575
5773,243843.9721,265637.1940729248,8.937363423520434,-0.08560288357726442
5774,1321228.754,1467707.3090388596,11.086540055641237,-0.10513935170365407
5775,5765.711825,6979.739838006636,21.055995336822715,-0.19108302394169918
5776,10830.85474,12690.506274811583,17.169942534116032,-0.15845519524306795
5777,19543.96237,22761.16497127252,16.46136305609617,-0.15238938442328376
5778,34483.05051,39351.190425065884,14.11748625213461,-0.13205831288129488
5779,63502.03113,69892.62218197549,10.06360101914347,-0.0958882037993849
5780,344643.8406,368002.1890789074,6.777532550195074,-0.06557734902706613
5781,600500.9652,641927.412297966,6.898647878803773,-0.0667109834952253
5782,1051602.142,1130008.9178880223,7.455935353926112,-0.07191067386173877
5783,1827226.19,1952036.45580525,6.830586518971142,-0.06607409016310584
5784,4587.53276,6294.812406876353,37.215639346766274,-0.316383512215312
5785,27380.14087,33901.058589834865,23.816231445981114,-0.21362827589422828
5786,50837.33184,59131.63336406745,16.315375382351007,-0.151135069289694
5787,90787.67564,102715.21548431562,13.137840307325238,-0.12343671506985743
5788,159813.9094,176330.3449626091,10.334792274726173,-0.09834912366720872
5789,493296.099,521819.5303348408,5.782213034455971,-0.05621220053560627
5790,2612468.456,2674589.6642096685,2.3778740013873207,-0.023500429064720052
5791,3852.229484,5758.160485006231,49.47605039944789,-0.4019659960125761
5792,7014.361649,10031.653158881823,43.015910226299525,-0.35778569840661767
5793,12977.45618,17966.887235179212,38.44691121260417,-0.3253167536118955
5794,22710.06796,29650.34054833835,30.560333859689383,-0.26666526236053834
5795,74679.09444,87160.18998226157,16.712971194755646,-0.15454749703994253
5796,412150.8794,429311.2173025453,4.163605795898576,-0.040792609729153995
5797,3614.979433,5466.590732893318,51.220521007410056,-0.4135689894965662
5798,6460.158655,9378.403011203822,45.17295181202978,-0.3727556167636088
5799,36953.88328,45439.14103137441,22.961748531491306,-0.2067031334688192
5800,114300.5378,130374.93833012457,14.06327637604918,-0.13158316435009532
5801,621565.078,610720.1576568487,-1.7447763278540105,0.01760176950551795
5802,1855302.821,1724614.7628232148,-7.0440284301591785,0.07304422891555618
5803,3639.755039,5275.97733284182,44.954187199679275,-0.37124755616261673
5804,11296.44672,15321.176670026274,35.62828250144019,-0.3047477407893453
5805,19040.5001,25207.997442101816,32.39146718684041,-0.2805930082087027
5806,34151.30702,41943.27696559082,22.816022651863996,-0.20551729883452907
5807,59583.06547,69997.7923235118,17.47934043231731,-0.16109230602896218
5808,102664.0271,115372.01479870276,12.378228341193477,-0.11670003467752643
5809,182014.077,190494.09198978162,4.658988540639981,-0.04553715066925612
5810,318138.8089,315997.54811496387,-0.6730586540006809,0.0067533390870515575
5811,554133.5443,526868.8820600825,-4.920233131592687,0.05045399545106832
5812,953587.0006,858643.0123227794,-9.956510335971606,0.10487741388107885
5813,6618.047954,8518.038929904456,28.709235549677263,-0.25238568633209546
5814,19124.13847,23530.80108705602,23.04241115995234,-0.20735891613081137
5815,33043.04242,38052.44075191018,15.160221229744083,-0.141154200818157
5816,56826.05374,63623.60221934517,11.96202803461673,-0.11298959241629802
5817,97090.51295,104258.8483459039,7.383147104800515,-0.0712330666863803
5818,165784.547,167040.70833283995,0.7577071298689585,-0.007548509479850196
5819,498903.4236,452537.69531170634,-9.293527784140394,0.09754147291389259
5820,1471425.707,1219111.7181401432,-17.1475860221502,0.18810930581276963
5821,12683.27207,14448.822131407374,13.920304253217628,-0.13032893243410015
5822,20677.05213,22804.177829304583,10.28737407020593,-0.0979192647275049
5823,34978.63598,36488.432708227614,4.316339633972242,-0.042257823710126985
5824,97488.95211,96447.87040349643,-1.0678971144636773,0.010736400581121686
5825,275886.2518,250361.1813328079,-9.252026985997178,0.09708404902643508
5826,471842.3909,410366.08479724947,-13.028991732915223,0.13959536117910254
5827,1376946.978,1070641.275822259,-22.24527938052099,0.2516109214087763
5828,18814.74957,15951.32626835145,-15.219034890659724,0.1650991364371901
5829,31965.30097,28555.451012302394,-10.66734820015557,0.11280312328066522
5830,525768.8925,603132.7414100701,14.71442111042546,-0.13727555919279588
5831,45574.91853,41243.9644903183,-9.502933146947532,0.09985274627094931
5832,78052.05505,74503.70573443818,-4.546131826111118,0.04652711098122886
5833,234196.7617,246430.7120844511,5.223791437442025,-0.05091924309478557
5834,410361.736,450608.2376283582,9.80756686056085,-0.0935592556541689
5835,724707.7324,828148.7122080246,14.27347538647907,-0.1334242965216319
5836,11442.35192,10463.308056729853,-8.556316656883126,0.08944688578266557
5837,19436.67701,18046.579346187857,-7.151930667453854,0.07420569180840353
5838,34878.92386,32923.98373801854,-5.604932450979182,0.057681364741776875
5839,103304.0048,104344.69232782243,1.0074028880460522,-0.010023624088402627
5840,563455.0017,616068.6892053912,9.337691092749276,-0.0892709904892861
5841,980034.7935,1074925.3054292335,9.682361540486822,-0.0924183802202343
5842,14506.90457,15071.353209276867,3.8908964800398267,-0.03817109018446274
5843,142148.686,151319.8166860851,6.451787170290915,-0.06252199403424186
5844,249205.5734,269900.3739054624,8.304308857589296,-0.07977475353939667
5845,1347863.054,1464962.1399084793,8.687758415884236,-0.08330898372804008
5846,6451.351474,7601.250720613531,17.824160584767583,-0.16402316254228566
5847,11159.99781,12881.149114822223,15.422505757841382,-0.14342917296932534
5848,35760.99856,39865.99079904074,11.478964246910943,-0.10866572565058874
5849,62673.02059,68754.84156560194,9.704049554893066,-0.09261609542391014
5850,197476.9852,213902.1559246681,8.317511383938275,-0.07989664824373222
5851,350197.4841,381150.2897250908,8.838671615428314,-0.08469652292256136
5852,609261.4574,641768.5344483367,5.335488837101144,-0.05198020236469958
5853,1073918.151,1131080.6989532711,5.322803036715884,-0.051859762762841655
5854,1891823.886,2018466.0767797492,6.694184998769452,-0.06479647222879059
5855,4991.732533,6910.055501151236,38.43000311954486,-0.3251946192467319
5856,8608.590069,11408.057828081784,32.519468770650604,-0.2815593827625431
5857,27921.98119,34451.39237842801,23.38448387310877,-0.21013517910993862
5858,91086.04705,101862.19013904555,11.830728676951134,-0.11181619096524109
5859,161441.0252,178303.8356475219,10.445182955591072,-0.09934913003055001
5860,284732.9021,309699.82132940757,8.768540286446777,-0.08405195484233374
5861,496093.4588,522799.6243162852,5.383293216742806,-0.052433929175339955
5862,871187.9359,902173.4458435623,3.556696398871954,-0.03494906802790254
5863,1535564.615,1573546.9151749702,2.473507125909526,-0.02443411211770652
5864,2658454.3,2694540.4083762993,1.357409392980707,-0.013482791223234258
5865,12683.55298,17620.939273707514,38.92747009842595,-0.3287818131056728
5866,39977.85954,50786.484743282665,27.036528037395442,-0.2393044814568217
5867,132103.579,149602.32875234328,13.246234420600583,-0.1243943276730306
5868,235814.3848,255686.72740581835,8.427112121541091,-0.08090798356704276
5869,409408.8252,427534.05372116505,4.427170936608581,-0.043319713612696376
5870,1260458.462,1257719.183743426,-0.21732396101553936,0.002175604522324903
5871,2167097.283,2106080.6618653745,-2.815592156996179,0.028559900527081794
5872,3652.397235,5827.5621437690825,59.554445171654024,-0.4672150270290629
5873,6152.879002,9627.406545381204,56.4699475197189,-0.4476937769242646
5874,11034.62265,16403.324437761818,48.65324314249947,-0.39644618052376934
5875,19753.45191,27760.580633223643,40.535339138219726,-0.34028879527426525
5876,34642.42531,45904.52117475495,32.50954794294958,-0.2814845167887814
5877,62699.92327,76458.4993026553,21.94352929812652,-0.19838787698012617
5878,112685.4196,129778.60134590085,15.16893827664361,-0.14122989290093635
5879,352601.0261,362074.7720609066,2.686817467802756,-0.026513563095186043
5880,616610.1512,617345.8787328518,0.11931810260016669,-0.0011924697512508686
5881,1078316.431,1053150.6301274819,-2.3338048228737613,0.023614693188743985
5882,1842144.624,1726758.951141616,-6.263659831866923,0.06468423662680323
5883,56450.67416,69194.83948530297,22.575753992205243,-0.20355905280261055
5884,98412.37435,115188.16157776554,17.04642057319242,-0.15740042715823677
5885,307428.1208,312695.85847163445,1.7134859550019648,-0.016989713535711104
5886,3761.34557,5555.96825786116,47.71225229010692,-0.3900959540025095
5887,6149.060558,8850.389767547978,43.93076282251794,-0.364162184227407
5888,10684.76667,14796.057410125462,38.478058221607014,-0.3255417026961034
5889,18157.38487,24043.80831318365,32.418894490193445,-0.2808001549629111
5890,53700.38711,64048.04418467594,19.269241120142716,-0.1762132818769775
5891,92898.57211,105051.23935788253,13.081651280379983,-0.1229399494931478
5892,161444.9205,174379.9871670723,8.012061715544839,-0.07707271745143807
5893,281028.2719,281108.6337661331,0.028595651814600557,-0.00028591564037405703
5894,1458508.966,1242042.3976007923,-14.841634398235689,0.16065753823523643
5895,6815.812207,8720.082747338727,27.939011265348483,-0.24638348989202186
5896,11586.6061,14536.872174548489,25.462728680734976,-0.22683854585204877
5897,31926.51058,37340.94626934722,16.95905876021114,-0.15665376244518114
5898,157539.8058,160490.15013388149,1.8727611849585528,-0.01855440923289109
5899,456433.9133,410161.700343793,-10.137768383961793,0.10689244828945199
5900,789017.7705,678185.0283332706,-14.046925976900976,0.15136868955040583
5901,1337325.284,1080563.900394311,-19.199620816089276,0.21318852760187212
5902,35499.55646,29048.368966807964,-18.17258618557973,0.2005578663180163
5903,62633.4945,53683.28700217743,-14.289810219390795,0.15419846686193317
5904,110085.0875,99523.12447222871,-9.594363112779728,0.10086356558682219
5905,186367.3557,175505.4488936743,-5.828223921259235,0.060049666298420235
5906,577026.5666,622305.8467659039,7.8470009505284795,-0.07554337886218399
5907,16637.95277,12851.712125421136,-22.756649792911173,0.2582093553770921
5908,28563.89284,22937.25523725825,-19.69842708155794,0.21938097720178895
5909,49758.76446,42309.99267704066,-14.969768369042294,0.1621633264854605
5910,85776.86163,77266.11087473093,-9.921965660133777,0.10449384310626542
5911,6557.363333,8908.335267268782,35.852396990685115,-0.3063987941208399
5912,11043.94439,14667.34661848637,32.80895032183668,-0.2837414457849494
5913,17485.75807,24332.517787656245,39.15620752755986,-0.3304269113198064
5914,28927.0639,38986.10756824878,34.773814940301556,-0.2984277424362052
5915,47351.36902,64062.30490736236,35.291346867508935,-0.30226039198828936
5916,220529.982,279727.37100731675,26.843238488686204,-0.23778179543342937
5917,647931.7928,758917.4311706494,17.12921631627787,-0.15810755235396812
5918,10948.01711,15185.986955084234,38.70993078018886,-0.32721473776159904
5919,17288.23396,23662.326949489387,36.86954378473361,-0.3138580510281965
5920,47037.06197,64000.31726874215,36.0635945109863,-0.3079521971524475
5921,219897.8232,281800.21538212936,28.15052522181099,-0.24803536530606785
5922,1113707.618,1280643.7953667918,14.989228291944013,-0.13966827096155576
5923,1900251.498,2008558.6874394533,5.699623947327283,-0.055431149145984904
5924,5492.18987,6393.765248691528,16.41559013857486,-0.15199627623904277
5925,19797.31534,22881.02629013895,15.576409716060772,-0.14476168122527255
5926,37424.30123,40964.95185820445,9.460832966378007,-0.09039660947743933
5927,70800.14825,77488.64607753008,9.447011048497462,-0.09027032877734875
5928,444645.6055,468865.2952300377,5.446964825572239,-0.053037937455332695
5929,336764.9763,349643.01204389764,3.8240424777502806,-0.03752738102292241
5930,2014.483718,2325.628211808408,15.445371487902404,-0.14362725795549647
5931,11768.97288,14650.603400418964,24.48497884905454,-0.2190148708228321
5932,21707.97382,25483.241213209498,17.39115508666805,-0.16034137859043263
5933,39924.77009,46347.45540044092,16.086968806489434,-0.14916945530073988
5934,74074.09293,85704.91141915019,15.70160096343172,-0.1458442853105506
5935,258441.1948,272647.25096490554,5.496823436333047,-0.05351065686650891
5936,468129.7978,474749.596693009,1.4140947498149243,-0.014041896986645597
5937,9398.219902,12442.376535935156,32.39077895259016,-0.2805878097162804
5938,57182.20569,67025.29995619666,17.213561714563262,-0.15882739874852092
5939,105037.4088,114956.7433498168,9.443620766296732,-0.09023935182623077
5940,197557.4011,214309.59467898984,8.479658815976324,-0.08139249306608676
5941,648427.3663,640929.3035880363,-1.1563458147592471,0.011630834838406656
5942,1170182.361,1136532.9798704553,-2.875567283443669,0.0291772180735137
5943,2512.760987,3258.6159490565683,29.6826863324971,-0.25992040631189006
5944,14701.37934,17956.130639653897,22.139087934410767,-0.19999027440068673
5945,26088.14743,32648.46281754059,25.146727666819952,-0.2243166842591524
5946,46972.24604,55632.09816680703,18.4361039909239,-0.16920342233516905
5947,85122.58756,96570.27452670324,13.448471545386425,-0.12617855265151334
5948,288731.3308,292838.1909438588,1.4223811917050269,-0.014123602625202736
5949,520280.5372,498474.2713956417,-4.191251497069895,0.0428161846908619
5950,943743.5098,896807.8554155526,-4.973348573744795,0.05101279240290779
5951,2506.480873,2991.269432766569,19.34140272079264,-0.17681813002363445
5952,4269.568434,5238.91511655612,22.703622099997002,-0.2046016852604442
5953,7487.514623,9199.703320286922,22.867250129000816,-0.20593431931214923
5954,13372.74593,15646.222819924416,17.000823180407327,-0.1570107845148918
5955,23847.93558,28334.141030480536,18.811714059823597,-0.17236981927664452
5956,41059.23854,48785.547872577365,18.817468631451554,-0.17241825248307308
5957,72981.88493,78889.68222959334,8.094881771359777,-0.07783919037019871
5958,132991.0679,143641.700893497,8.008532574161707,-0.07704004333168335
5959,239552.4233,240208.06480188176,0.2736943725510475,-0.0027332051150565917
5960,774613.4635,705307.8128575712,-8.947127039243462,0.09372982665213136
5961,1386361.129,1243498.8633753688,-10.304837797037743,0.10875335145512643
5962,1509.916135,1579.6955145850832,4.621407637655533,-0.04517800663020832
5963,2551.695874,2736.5474586815744,7.2442639644121805,-0.06993888754047273
5964,7450.34933,8227.679900553716,10.433478164891847,-0.09924314613286889
5965,12737.28537,13694.714046137036,7.516740406806452,-0.07247637417027164
5966,38010.7604,40904.49532397126,7.612936162074948,-0.07337067906779993
5967,64692.62638,66473.67917504716,2.7531001517628577,-0.027158838726405676
5968,360773.2532,328585.66997467313,-8.921831909607551,0.0934520581877063
5969,4660.479388,4461.269199966729,-4.274457012860222,0.043685016275818
5970,13396.42972,12641.305340709045,-5.636758413053918,0.05801857863738746
5971,22362.54383,22103.296153670424,-1.1592942122344159,0.011660664183285263
5972,37610.11844,36035.06710973681,-4.187839325143024,0.04278057091633514
5973,63745.18381,60816.93952243967,-4.5936714156920555,0.04702527237235721
5974,108559.7571,100847.84340499327,-7.103842069122254,0.07368789806466935
5975,189507.0318,171049.07499501618,-9.739985176098259,0.10247562735368909
5976,578832.0676,478012.6538410426,-17.417731221592973,0.19137519220438115
5977,3170.317144,2512.764731189172,-20.740903289605658,0.23244799482879142
5978,8666.213701,7216.732662972988,-16.72565537888543,0.18302967199498177
5979,14334.69287,11961.772142184887,-16.55369075106744,0.18096676395317068
5980,38949.44359,32869.86928770086,-15.608886140442923,0.16970807595334847
5981,64474.0848,54114.57357368371,-16.067713498302016,0.1751598253036626
5982,109031.3027,90472.98595050037,-17.0210905399919,0.18658371337257051
5983,181876.6296,147649.25177062894,-18.81900819508646,0.20848905729654454
5984,926542.9915,702542.6688777403,-24.17592326283974,0.276754308720216
5985,9661.395364,7174.022487031606,-25.745482751246968,0.29767157178881654
5986,15749.97351,11460.549425549621,-27.234484437240035,0.3179280303354588
5987,25678.91885,19068.80762560901,-25.741392240861373,0.2976164856085699
5988,41340.11626,31095.036189748178,-24.782417170328063,0.28478516813822274
5989,67258.2863,50737.74298447861,-24.562837122897964,0.2818701560436967
5990,111833.9611,82941.31544022291,-25.835305640244457,0.298881966305677
5991,184834.4171,135616.85315788587,-26.627921744404453,0.3096267279771663
5992,304773.7299,216349.78735763772,-29.01298040725992,0.34267314829833495
5993,885707.0321,606293.6729423475,-31.546927937917236,0.3790217548796786
5994,18988.77849,22525.287306646915,18.62420386076616,-0.17079035952446375
5995,37248.08979,42374.88542986287,13.76391559612076,-0.12895519927161558
5996,68743.46696,76900.9153874858,11.86650715802914,-0.1121360740540922
5997,239840.7849,260171.72166681808,8.4768471614596,-0.08136657400453018
5998,433509.3538,488926.3281876438,12.783339944542577,-0.1202984466407031
5999,7821.710599,9188.154142269379,17.469881120941473,-0.16101178385214077
6000,14814.57234,17334.41794502572,17.009236224943372,-0.15708268778743495
6001,27861.69624,32637.788138920627,17.14214331309724,-0.15821791152764497
6002,50853.80769,58893.34076888762,15.80910740823155,-0.14677302379771007
6003,96305.92851,109444.68545537684,13.64272911195967,-0.12788938612628264
6004,178140.6774,194678.70073771523,9.283687240382779,-0.08877695048389533
6005,594764.6206,631433.2867913196,6.165239982554467,-0.05982656211082116
6006,5958.177765,7880.716617111351,32.267228806177634,-0.27965415079219014
6007,10914.84326,14277.556676286384,30.8086276292197,-0.2685652113277506
6008,132779.4593,151103.98844000962,13.800725832605973,-0.12927871382620637
6009,246567.181,274259.72056787676,11.231235014962008,-0.10644104680838318
6010,458234.1315,479988.64802731754,4.747467513191457,-0.04638219603685556
6011,822373.0377,860218.7715267775,4.602015398343299,-0.04499263312769841
6012,4481.285027,6522.368413814515,45.54683253836502,-0.3753277219493274
6013,8393.636673,11904.41892710281,41.82671219730085,-0.34943578975734724
6014,27992.49532,38774.00205507337,38.51570434083533,-0.32581352195377633
6015,99795.653,120795.711892273,21.043059753587656,-0.19097616203558765
6016,633690.497,667690.1069967226,5.365333732742195,-0.05226349405266362
6017,3684.409992,5637.40663787253,53.00703912195151,-0.4253137416790551
6018,12581.74721,18867.439898328576,49.958821961807445,-0.4051905501659654
6019,22060.01017,31299.276267995225,41.88241993904404,-0.3498285000098491
6020,42208.6478,56135.938658956526,32.996297168649235,-0.28515110100887675
6021,77532.30267,98329.66462873566,26.82412522591424,-0.23763109995153364
6022,143038.889,169263.51640394886,18.333914355241436,-0.1683402248514536
6023,269585.0705,297771.80650365644,10.455599767219478,-0.09944344216025769
6024,494327.4671,520907.5869897994,5.377026699676059,-0.05237446336060714
6025,898888.6713,897081.4864809475,-0.20104656747303007,0.0020124893736834792
6026,1600887.077,1545715.5536271615,-3.4463094971212955,0.035070954095980156
6027,3363.743908,5014.967262870889,49.088854563029614,-0.39937228156690985
6028,10950.03605,16159.522301540268,47.57506028064873,-0.3891667436132433
6029,64506.87036,81073.58298259196,25.682090186884647,-0.22858543884329663
6030,217784.9557,239137.76962443313,9.804540380579255,-0.09353169360379177
6031,397921.2521,419786.5586664586,5.494882831983983,-0.053492261789438444
6032,2315141.743,2117373.147249395,-8.542396868294244,0.08929467483998721
6033,3307.139203,4662.893362444482,40.99477149962839,-0.34355262213962057
6034,5854.833923,8058.68292970413,37.64152896031053,-0.3194825032804687
6035,56297.70598,71729.49838252219,27.411050119883036,-0.2422482890235269
6036,184744.3549,198860.54729286113,7.640933007399362,-0.07363080768328345
6037,601548.8772,585671.4772163789,-2.63941976876839,0.026748777679582503
6038,3567.387793,4389.59171374996,23.047786460538582,-0.20740260174396496
6039,10690.25401,13098.881662131733,22.531061000782827,-0.20319437104605598
6040,17629.42219,21610.057279527995,22.57949833311011,-0.203589599493899
6041,31374.77985,36853.25314660325,17.461391993172036,-0.1609395148207735
6042,54165.19826,61937.71799427105,14.349656207223587,-0.13409072798053856
6043,93121.86571,104029.17483259851,11.712940929003764,-0.11076236770953685
6044,166533.4801,171289.84514966494,2.8561013958327472,-0.028160751597143374
6045,921823.1155,821878.092076959,-10.842104276028104,0.11476127887082832
6046,1622965.051,1384132.4160760592,-14.715821192624116,0.15918122574649196
6047,4055.198047,4268.16070674636,5.251597018890561,-0.051183460035439055
6048,6838.953435,7183.932254010864,5.044321799960667,-0.049212187485641934
6049,11606.14688,12331.941484330166,6.253536266897266,-0.06065790377456004
6050,92070.6562,94834.43234053183,3.001799112334154,-0.02957626919903511
6051,274467.5306,255483.72823971757,-6.916593128077069,0.07167424667759192
6052,832081.363,686223.4774844899,-17.52928163054051,0.19272688450464592
6053,1450035.289,1150143.0053139753,-20.681723125017328,0.2317016062867463
6054,7482.42802,6952.36520506788,-7.084101758350362,0.07347542196109558
6055,12493.6516,11720.050870435556,-6.191950554827726,0.06391951867729162
6056,55299.26518,51194.14467503054,-7.423463027234138,0.07713445686589537
6057,92013.12321,82726.12564728026,-10.093122848926868,0.10639574964907972
6058,445245.0573,362874.42011348717,-18.50006773483678,0.20456799684391136
6059,762767.6256,605254.6450140502,-20.650192181668526,0.23130416096779882
6060,8290.469988,6931.066039294533,-16.39718798419306,0.1790930299104172
6061,13750.94473,11650.710604267455,-15.273380607446777,0.1657403551626988
6062,21813.37851,18390.475044108018,-15.691762118934511,0.1706906047455874
6063,35925.90612,29446.820208214198,-18.034578975250636,0.19887272248223198
6064,58505.73365,48847.834838710725,-16.50761080796955,0.18041470568629236
6065,94957.31733,77772.98189043689,-18.096904928182976,0.19963340497844762
6066,156921.022,124020.54721208816,-20.96626339070863,0.23529537899189634
6067,260767.4279,201149.2938988693,-22.86256933285137,0.25958154116291254
6068,433593.8512,325036.6805395003,-25.03660288541003,0.288170230053451
6069,732056.5977,522120.8956574538,-28.677523391241778,0.3379586682909821
6070,1243896.571,846757.7993119846,-31.926993043219458,0.3845894250249682
6071,10942.91234,13092.39900083062,19.64272941284128,-0.17933986106108613
6072,19673.71419,23259.446540477737,18.22600611073398,-0.16742791264083756
6073,38074.17961,43123.14372726195,13.260861216129438,-0.12452347855466783
6074,134169.8743,143854.56326613633,7.218229141723463,-0.06969609615593342
6075,246871.7165,265316.38562877144,7.471357752224092,-0.07205418656411844
6076,8867.367438,10190.315628016006,14.919289171966376,-0.13905986268763293
6077,15476.39528,17885.898734298415,15.568893212569938,-0.14469664418235162
6078,29270.56854,33327.415810008984,13.859817121300727,-0.12979783136194634
6079,53741.70276,59890.890590209056,11.442115739559153,-0.10833512876231133
6080,98502.38176,108234.33598366143,9.879917672826656,-0.09421792599249379
6081,185753.0736,195590.60879333384,5.296028217825322,-0.05160551371136535
6082,614933.6872,659232.7753352576,7.203880525226427,-0.06956226092279572
6083,11210.90885,14452.661495532155,28.91605568207037,-0.25399127540943134
6084,21068.30121,27166.411780736686,28.944481616971736,-0.25421175067342006
6085,71018.18629,83709.46861252248,17.870468094887876,-0.16441610752347025
6086,253290.0279,275694.07471633685,8.845214713775498,-0.0847566385191687
6087,469653.5167,495245.24935164006,5.449066544089625,-0.05305786877887364
6088,838717.3212,863614.29447464,2.9684582213013724,-0.02925252448214799
6089,4971.317606,7280.959528816143,46.45935154150244,-0.38157774008827694
6090,8514.666439,12455.211533964837,46.27950047362785,-0.38034899242280673
6091,28619.24523,38287.272730547396,33.78156000568781,-0.2910381346125632
6092,52647.66743,69028.69865412661,31.114448224903263,-0.27090040637430945
6093,188658.2934,219167.2544296437,16.17154511461499,-0.1498977499103642
6094,355379.2313,383255.1819324356,7.844001049375791,-0.07551556220664324
6095,4022.915026,6288.286891122657,56.31170060718694,-0.44668190856829426
6096,6733.127739,10459.023216117701,55.3367709858876,-0.4404252900349981
6097,12497.48781,18885.19198289529,51.11190560861437,-0.4128504730960305
6098,22264.10178,32079.391661081998,44.085721391640156,-0.36523822391657035
6099,78233.05935,98521.95909853703,25.93392092436052,-0.23058714628989918
6100,144298.4901,175819.89289765948,21.844582556487527,-0.19757613315620048
6101,500840.9623,515264.26309689734,2.879816525122375,-0.028391291112402683
6102,919068.2,933183.3070779872,1.535806274005268,-0.015241321457095225
6103,1661052.138,1619560.1031193673,-2.4979369359586454,0.025296648576958347
6104,5763.260049,9100.754245846128,57.90983173534268,-0.45685399891673484
6105,63585.46761,81849.47073553913,28.723549282614343,-0.2524968899844282
6106,117021.5643,140903.8044116102,20.408409556366024,-0.1857191912611249
6107,217504.2347,254429.52277606353,16.97681340641205,-0.15680555315663192
6108,398295.499,420759.46659474703,5.64002547132651,-0.05486714255522429
6109,730198.2725,745046.9333766025,2.033510819707194,-0.020131110787680484
6110,1333714.187,1276762.5887812173,-4.270150139655264,0.04364002539682943
6111,2355072.382,2159889.6657184535,-8.287758702167428,0.08651432274702131
6112,3293.926367,5074.45711010518,54.05496494831573,-0.4321392679952467
6113,5424.127242,8302.420031228037,53.06462516109312,-0.4256900328980162
6114,16830.69534,24159.919197616044,43.54676803041725,-0.36149070573421405
6115,29607.85837,41231.61078895704,39.259011150684046,-0.3311654027592077
6116,54419.8819,71449.25941376833,31.292566097554015,-0.2722579760297279
6117,98879.73172,119553.1391608744,20.90762897639707,-0.1898566711835823
6118,181350.3652,203715.76853894055,12.332703777174721,-0.11629485132296047
6119,326736.4082,344268.7620700439,5.365901512668915,-0.052268882716816734
6120,595508.0745,587140.2015236955,-1.4051653259832497,0.014151312424989015
6121,1900199.696,1689804.5261955555,-11.072266259558676,0.11734612653511078
6122,3472.289864,4700.207296976906,35.3633331625826,-0.3027923339947076
6123,9784.004067,13041.235856347077,33.2913985628158,-0.28736751220401224
6124,28477.08234,36945.341728259096,29.737103285908802,-0.26033993447734005
6125,51073.74146,63003.86648560869,23.35862751498663,-0.20992559791375953
6126,89402.75843,103301.59620889531,15.546318729950295,-0.14450129154847247
6127,161142.9424,175946.08603262575,9.186343138677696,-0.08788580666908352
6128,286675.7256,298002.80888045253,3.951183260021555,-0.03875121122393388
6129,513214.5803,506351.83107931766,-1.3372085447515312,0.013462296894855896
6130,10404.59475,12100.519099007859,16.299763611724128,-0.15100084096115296
6131,17480.49056,20315.655613524035,16.219024539343575,-0.15030636739824033
6132,50240.47548,56234.58607897115,11.930839709821852,-0.1127109919828797
6133,149401.3596,153970.18083048734,3.0580854436128875,-0.03012257963495557
6134,260163.2693,251950.5519305322,-3.1567551374815865,0.032076547018645485
6135,460835.6815,414782.4379188413,-9.993419656927909,0.10528740340756748
6136,11558.35174,11796.072657624327,2.0567025729252193,-0.020358380414501553
6137,30844.01964,31298.724501783207,1.4742075354974968,-0.01463446725082207
6138,51861.44021,51160.83723151675,-1.3509130784766725,0.013601209299519468
6139,87170.90587,84377.00373776347,-3.2050855779830267,0.032575730048307605
6140,756222.8458,618386.323204197,-18.22697150202957,0.2012227217143039
6141,1294636.484,983993.6678592889,-23.99459770984726,0.2743657654628535
6142,12625.72165,11669.451664493095,-7.573982794931204,0.0787616754908349
6143,20518.96509,18674.143295267793,-8.99081306801038,0.09420972927029503
6144,32870.62435,29773.390237795822,-9.42249857874749,0.09896433246157876
6145,89567.68946,78462.9656113965,-12.398135885332563,0.13236790842435653
6146,149132.6471,129309.25382112153,-13.29245719455782,0.14262930707641175
6147,415891.2192,332949.97750623606,-19.943013428681674,0.22243147276085118
6148,714511.7273,535039.1909736843,-25.118207227263756,0.28925941216176554
6149,1207242.874,855185.4138133395,-29.162107125981716,0.34477611837724886
6150,12001.10689,12750.512993431961,6.244474866367614,-0.060572619206606504
6151,22236.19071,23800.824707198237,7.036430014492523,-0.06799905795309691
6152,146928.7295,141295.77871204622,-3.8337980646281777,0.039092221280847994
6153,489171.0136,505255.5082573152,3.288112788806339,-0.03235210886736972
6154,9616.416118,10219.384086845352,6.270194232929642,-0.06081466712543104
6155,17308.41095,18837.907094019,8.836721917669733,-0.08467860911313174
6156,108102.8705,107222.84013124558,-0.8140675309398209,0.008173991540923353
6157,7131.130834,8429.003910925956,18.20010187918474,-0.16720878090557179
6158,11887.45084,14408.352406775828,21.206410026052556,-0.1923247742523344
6159,18492.06147,23028.222683426015,24.53031654034413,-0.21937900662195808
6160,49009.04311,62364.08132799581,27.250150932391488,-0.24098465555100468
6161,131591.3343,167921.6135133018,27.60841312732385,-0.2437961163487916
6162,222477.4103,279315.0308368288,25.54759175782658,-0.22751471789291777
6163,376728.1049,450086.313718578,19.472454500852944,-0.17791565254380792
6164,646247.0695,732231.0417984504,13.305123745470295,-0.12491420384303353
6165,1114401.447,1221533.5818750917,9.613423884498216,-0.09178966172365222
6166,1896712.826,1995394.4035862808,5.202768507365009,-0.050719430579176716
6167,1045936.136,1054627.5886065417,0.8309735467961389,-0.008275399699153141
6168,1762685.605,1726210.8623022628,-2.0692710370058975,0.02090980456825342
6169,222121.4804,275709.801313182,24.125681503958674,-0.21612442682709698
6170,375680.2853,442856.9237018622,17.88133182134331,-0.16450826992873857
6171,645994.8496,744358.1188499281,15.2266336660168,-0.14173073056975838
6172,1112589.213,1207829.7265305526,8.560258576815146,-0.08213521141497182
6173,1766607.347,1728802.9423954275,-2.139943812006153,0.02163172596016416
6174,16530.75225,21638.084094900903,30.895943316196643,-0.2692324957385779
6175,33487.9493,39152.398064518085,16.914886945669394,-0.15627602207796087
6176,132211.5022,134344.8198082268,1.613564306227827,-0.01600684719609191
6177,244095.8374,235159.25896031482,-3.661094156653229,0.03729794209208315
6178,436938.1613,450086.8859992108,3.009287323425838,-0.029648966365236618
6179,94391.14318,101120.69056412847,7.129426720995953,-0.06886751302587157
6180,1600.933126,2218.9272532145064,38.6021200497357,-0.32643719682486516
6181,4973.825181,7450.164715850951,49.78742607019166,-0.4040469434558158
6182,9337.013202,13552.21675698811,45.14509580092708,-0.3725637168013609
6183,17943.03027,24633.86067874166,37.28930012411812,-0.31692019311629416
6184,257415.386,250940.46175303153,-2.515360230630685,0.025475361222131454
6185,474568.0483,454603.6809047706,-4.206850306662208,0.042979009900568244
6186,822335.7047,776491.9704341906,-5.574819870254068,0.05736240974250606
6187,1413.274391,1965.386030093821,39.06613199883711,-0.32977940377585213
6188,2473.116629,3502.857334187517,41.637369346543544,-0.34809986826855877
6189,7633.797489,11372.929916518626,48.9812892326076,-0.3986505364520063
6190,51077.28018,64611.355726388945,26.497251808815758,-0.23505039711200126
6191,98566.29727,108615.1078604258,10.194976243146643,-0.09708112206132746
6192,653824.691,603891.2367296953,-7.6371319342396395,0.07944514886829701
6193,1165648.246,1098543.9328081138,-5.756823589119551,0.05929176110444345
6194,4157.903473,5505.8556593299645,32.4190350998551,-0.28080121681731995
6195,7290.833102,9868.304518500108,35.35222080166756,-0.3027102377814792
6196,12923.01361,17301.576771698306,33.881904746352006,-0.29178791751967914
6197,23420.67425,30660.312729789126,30.91131537252445,-0.2693499260682213
6198,79378.25032,89249.86926872123,12.436176041831938,-0.11721555059458488
6199,519233.5692,474533.8050692834,-8.608797038987097,0.09002095985141878
6200,950192.809,855508.1348098518,-9.964785388114661,0.10496931871993453
6201,1587.183568,1619.4301825664415,2.031687778060567,-0.020113243540748726
6202,2610.50026,2832.0702668436593,8.487645461627324,-0.08146611379600444
6203,4379.589792,4962.597071627714,13.311915209334623,-0.12497414164733733
6204,7439.247301,8771.53893327293,17.9089574303282,-0.16474259348123788
6205,69601.43753,75457.17723144889,8.413245342705634,-0.08078008506127965
6206,128246.4521,133703.54768359728,4.255163003918519,-0.04167119868193048
6207,236742.1246,233689.4052603806,-1.2894702811243672,0.012978561157176216
6208,426687.1528,385825.155493403,-9.576570805671784,0.10066677966572257
6209,1724.161909,1476.3351854322673,-14.373750068024071,0.15517829176654363
6210,4680.176997,4527.627168477934,-3.25948844712177,0.03313793069242976
6211,7758.630753,7737.454601234571,-0.27293671318539536,0.0027330986456508555
6212,22321.40087,22437.64257189206,0.5207634707563804,-0.005194121870914614
6213,37088.42334,38205.28037354877,3.0113359721717616,-0.029668854167859138
6214,63780.72971,64229.74770332307,0.704002596653685,-0.007015360678913396
6215,113719.5949,110384.80335136247,-2.932468719722398,0.029763250952898446
6216,357019.4597,312674.9097900932,-12.420765508739805,0.13262626533287225
6217,645357.4399,548835.328284941,-14.956380084502527,0.16200588565083685
6218,1959.658596,1447.328113051942,-26.143864242159964,0.30305109640186956
6219,3180.70129,2496.290893512099,-21.51759420602181,0.24229571633363012
6220,8602.978877,7360.280564477031,-14.44497691195446,0.15601047214216912
6221,23326.31321,20341.99133505583,-12.793800066376496,0.1368947574444217
6222,38740.92087,34195.89560797345,-11.731846223475051,0.12479080281391752
6223,109083.6972,95471.3338890876,-12.478824664289425,0.13328941806603467
6224,188637.0636,164632.506888892,-12.725259953160121,0.13610911155382155
6225,573732.1439,449992.1018891471,-21.567563073896817,0.2429326078946552
6226,1009829.304,767106.9859866909,-24.03597489713065,0.2749103116787026
6227,3579.130965,2436.644999906626,-31.920764461139918,0.38449793065117444
6228,5761.109757,4071.5656055926315,-29.326713474856103,0.34710252712902623
6229,9383.086158,6770.432293662014,-27.844291529929556,0.32634378442369716
6230,15300.4112,11043.677612276004,-27.821040441867318,0.3260216014224664
6231,108420.6286,85568.79664941873,-21.077014813195124,0.23669768007001402
6232,182033.2558,141341.35216545727,-22.35410417492667,0.2530114925864826
6233,307281.0485,226185.74273252714,-26.391248716229516,0.306406264009599
6234,530436.3189,391094.8317237045,-26.26922067954488,0.30474984411895534
6235,6296.114097,4059.3129142098137,-35.52669389927331,0.43891890675305945
6236,42487.56698,29848.379499788134,-29.747967178637136,0.35308094123399947
6237,68573.53824,47246.78194168213,-31.100562761799626,0.3725221758073456
6238,113109.6732,79494.42787687381,-29.71916050335312,0.3526709777114103
6239,513162.8753,346194.5693212001,-32.53709767706571,0.3935923344082042
6240,866687.6305,566019.8030164241,-34.69160247621371,0.42604955883471973
6241,7444.533047,11002.88972532068,47.79825216511904,-0.39067799678030113
6242,15893.66107,21157.24199707277,33.11748566859789,-0.28606190320058644
6243,131542.6334,134032.78789463837,1.8930398687292664,-0.018753448362447855
6244,5890.23702,8905.653118725844,51.193459422552145,-0.4133900190343436
6245,11577.46954,16593.429827626052,43.32518665064052,-0.3599458950949934
6246,23460.21105,30709.49935480756,30.900354175661004,-0.26926619262052043
6247,45743.65624,55481.53985452615,21.28794332362741,-0.19299722950352916
6248,93450.49743,100589.08167176151,7.6388937866368565,-0.07361186284490451
6249,180154.9604,184490.92509169085,2.40679728277459,-0.023782904128875515
6250,4344.191917,7212.6641065511185,66.03005217900272,-0.5069986232060995
6251,8447.733259,13604.452509575285,61.04263821400192,-0.4764989775614783
6252,16766.50492,25090.85554048259,49.648693393176124,-0.4031203171878097
6253,65486.45417,80430.04158975426,22.81935647479302,-0.20554444331950528
6254,247369.2963,259505.8421217389,4.906245845086687,-0.04789686858625153
6255,818367.312,826863.5481555626,1.0381934897666791,-0.010328412735232106
6256,3601.860822,6270.566416643768,74.09241296452758,-0.5544160812295136
6257,6473.00139,11173.028008567378,72.60969580245028,-0.5458627660687085
6258,23334.19523,36178.95060809864,55.046918273764,-0.4385575836676079
6259,92682.43571,114919.36913703507,23.992607937725793,-0.2150517644345591
6260,181830.9239,200428.7941026234,10.228111810536424,-0.0973817762979774
6261,349329.4629,354773.3643104016,1.5583859904653992,-0.015463678544724857
6262,3201.412276,5274.2053768114,64.74620955103128,-0.4992359798523509
6263,10481.13431,17657.938922116544,68.47354875768733,-0.521608570815026
6264,18892.49334,29984.804073531395,58.71279419771596,-0.46192605705793
6265,37449.52848,52997.35462506098,41.516747409421534,-0.34724788034198184
6266,266057.9056,281000.2799288971,5.616211363913369,-0.05464169020531173
6267,914821.2419,871425.0213846851,-4.743683085581285,0.04859885486882831
6268,1604680.071,1459272.8069970047,-9.06144886016942,0.0949861697631107
6269,17326.53012,25450.349182203234,46.88658955912884,-0.3844906034339104
6270,33198.03643,45016.62868187872,35.60027496445132,-0.3045412172775883
6271,111923.1337,132655.5903192352,18.523835005198027,-0.16994389364567297
6272,212649.848,229884.47422251082,8.10469717453587,-0.07792998983642185
6273,397132.4266,397240.0726147185,0.02710582352594863,-0.0002710215056147547
6274,731928.6718,678670.5999490344,-7.276401909490768,0.07554718172905694
6275,2345227.336,2004841.3093806533,-14.513988532979763,0.15681743200358156
6276,6133.881394,7748.347716752291,26.320468542667268,-0.2336518931248932
6277,17675.45861,22664.737053822886,28.227151294395092,-0.24863312464226972
6278,99080.78439,112086.03844006798,13.125909458767431,-0.12333125541420209
6279,181624.009,188612.91735015303,3.8480090758006784,-0.03775819299764471
6280,332535.5505,325207.5769963593,-2.203666192267986,0.022283096278467696
6281,1081202.77,948105.4085404098,-12.310120280175592,0.1313636898499002
6282,1955621.215,1607098.0242523833,-17.821610242023112,0.1962778168112287
6283,4101.016802,4091.0938809745344,-0.241962457228326,0.002422556594368075
6284,6857.368607,7189.677139857054,4.846006564643948,-0.04732248350664392
6285,11462.73277,12383.390692325778,8.031748979923028,-0.07725496997113979
6286,18689.11618,20761.771633577573,11.090173733285509,-0.10517206150102609
6287,54361.06714,58236.45747309769,7.128981340850276,-0.06886335561473622
6288,93674.89927,97427.81652469108,4.006321099822075,-0.03928149111224499
6289,166274.7165,163528.21372332674,-1.6517861731992594,0.01665580271295397
6290,526653.3332,463022.9426501158,-12.082025601786162,0.12876591530492476
6291,927488.1025,786082.3109440631,-15.246103014667717,0.16541845865686433
6292,1646218.888,1339566.1802691547,-18.62769950983853,0.20613525970962954
6293,4553.313757,3993.5734985674576,-12.293030709162753,0.13116882236894867
6294,7573.479681,6891.094642098801,-9.010191716934754,0.09442268263275366
6295,33856.29593,31985.091812424904,-5.526901470390994,0.05685506365940718
6296,55887.82412,52616.437422836345,-5.853487317988025,0.06031797159204366
6297,275404.6362,238118.08251289566,-13.53882570808528,0.14547472493111435
6298,479197.7751,396173.05720573117,-17.325772824580223,0.19026227490605052
6299,830555.246,654780.2266940264,-21.163555362814922,0.23779480064653846
6300,1451172.623,1089211.5813501207,-24.942659192508707,0.2869178204668561
6301,13473.45198,11152.379712853288,-17.227005154967806,0.1890683270096858
6302,21331.57218,17605.583246329406,-17.46701509963713,0.1919721555788687
6303,34864.15233,29328.08121586473,-15.878978102592711,0.17291368713646982
6304,94016.09236,78408.1996466866,-16.601299119674877,0.18153745371923158
6305,445158.4514,342903.4648486517,-22.970469555225048,0.260981325386636
6306,1298723.68,929426.9070396353,-28.435361474302574,0.3345691093575063
6307,8884.558345,6562.011968555722,-26.14138245545257,0.3030174939802812
6308,14525.72304,10742.291890901719,-26.046422189654262,0.3017326165229832
6309,22991.86576,17263.36825445706,-24.915322511620918,0.2865536761520264
6310,37329.6143,28046.1701013011,-24.868845748290788,0.28593487633212966
6311,97042.63987,74456.7472625267,-23.27419435181252,0.26493208507228516
6312,158539.402,118906.56371392202,-24.998730779921814,0.2876651496605973
6313,257096.0206,193076.7304603067,-24.900926117132325,0.28636195908008766
6314,430159.605,306711.90337827796,-28.698115812553347,0.3382474327256091
6315,721168.9084,500076.177463766,-30.65755169988606,0.3661129377287349
6316,16446.69835,21410.16403103536,30.179100846920825,-0.26374101513368586
6317,34915.92451,39700.105825341176,13.702003834871904,-0.12841083849060198
6318,135643.3974,134968.22302496497,-0.4977569037466576,0.004989998396711215
6319,439040.5743,450304.81061732926,2.5656481374845184,-0.025332877211223348
6320,12198.76005,16973.636248866558,39.14230773697821,-0.3303270200891255
6321,48832.85114,57053.83351329301,16.834942423746853,-0.15559200425210662
6322,95605.69346,102413.48242347913,7.120694089549608,-0.0687859949252676
6323,187025.2023,184782.33825595188,-1.1992309145857423,0.01206479699923868
6324,344187.5175,342153.759413266,-0.5908866485066658,0.005926392911614897
6325,610705.3967,630223.0124529807,3.1959134237958002,-0.031459067668697216
6326,4844.201674,7986.01184808349,64.85712993631839,-0.49990903364875194
6327,16890.85919,25250.911551946116,49.494535878290726,-0.4020896568656145
6328,33044.50544,44764.00218654288,35.46579557022681,-0.3035489912495031
6329,65057.12454,78680.96926159872,20.94135702727251,-0.1901355894594161
6330,132247.3693,142446.65799004555,7.712280965611286,-0.07429342106625825
6331,476638.8365,472479.23371726135,-0.8726948926954735,0.0087652517531005
6332,831641.5788,810772.484986679,-2.509385574905189,0.025414074924523078
6333,3817.420674,6767.579929413906,77.28148159062195,-0.5725685748837286
6334,6316.678686,11667.536525181278,84.70998930245852,-0.6136167836878013
6335,23649.25383,37057.12086035217,56.6946725961551,-0.44912896532406776
6336,45899.6896,64649.610400510974,40.84977690243678,-0.3425237243957753
6337,93770.24652,115048.59898753345,22.6920086671576,-0.20450703457076713
6338,358032.4931,361420.45693254593,0.9462727260342921,-0.009418236108283295
6339,1162022.413,1107805.4195080532,-4.665744213312925,0.047780987799031394
6340,3348.588276,5813.981563471698,73.62485573821253,-0.5517267842046465
6341,35177.1644,52195.984767005524,48.38030767200077,-0.3946084383120514
6342,70406.25544,93759.92710355215,33.16988173508829,-0.2864554334508398
6343,268720.6747,287662.108575669,7.048744536242052,-0.06811410115297178
6344,932819.3306,852246.2308918395,-8.637588980530127,0.09033605011041779
6345,1661170.356,1507615.92789914,-9.243749597760099,0.09699284025908916
6346,5338.112752,8771.51647837187,64.31868126212764,-0.4966375347347327
6347,9503.637854,15462.581409782064,62.7017111481578,-0.4867483453798602
6348,29999.99675,44998.105704182904,49.9937019299274,-0.40542312009286263
6349,58560.7376,78406.87174902558,33.88982953832463,-0.29184710817321147
6350,110341.5874,134234.39594631016,21.653493582339163,-0.19600660113848356
6351,211020.9771,235350.32234506338,11.529349157327635,-0.1091175914174265
6352,396748.6317,391186.1652680574,-1.4020127575761092,0.014119337950697641
6353,741887.3989,689439.4454355128,-7.069530166202047,0.07331860864987583
6354,1363147.951,1190711.0551317453,-12.649903170213882,0.13524604088218162
6355,3563.443891,4783.349420444096,34.233891896688654,-0.29441355433003835
6356,5623.679276,7855.976693072582,39.69460752499325,-0.3342884791360614
6357,9761.808383,13548.678992296585,38.79271606981497,-0.32781138282442335
6358,95497.5629,113449.58993165659,18.798413788271226,-0.17225786890073636
6359,324699.3053,322102.639591184,-0.7997139711823179,0.008029288346405039
6360,1100011.794,950598.2397502889,-13.58290475290223,0.14598466809389166
6361,3994.936682,4501.93042506174,12.690908102401298,-0.1194785583552811
6362,6275.873171,7341.3918957801925,16.97801558042659,-0.15681583013206257
6363,17541.25712,21145.56536333918,20.547605104252543,-0.18687455203156667
6364,51636.35303,58540.224191840505,13.370175770991136,-0.12548817045911775
6365,89390.81966,100489.88939564917,12.416341832265031,-0.11703913087017348
6366,285481.1854,275299.1349116259,-3.566627507906564,0.03631785660340192
6367,929989.3609,785996.5399544426,-15.483276153418341,0.16822075586345875
6368,1639749.603,1315869.3353805994,-19.75181253447759,0.22004601033244597
6369,4394.990633,4195.78931723217,-4.532462805998208,0.046383920959030434
6370,6879.130475,6811.985405642536,-0.976069135503122,0.00980863916049124
6371,11352.30656,11546.259483298325,1.7084891275022447,-0.016940585829635424
6372,18553.72108,19410.64538211388,4.618611535761424,-0.045151280367180746
6373,87507.92367,88139.37065932073,0.721588357760572,-0.007189973657020232
6374,261246.2656,238300.32726978968,-8.783259840101744,0.09193175136700127
6375,459082.9967,393174.18165888963,-14.356622988627098,0.15497829040308275
6376,4852.654371,4170.09567726245,-14.065677082146951,0.15158686849376046
6377,12506.92401,11299.57886255297,-9.653413952796784,0.10151695552758433
6378,32163.36747,29513.603594714605,-8.238452885124458,0.08597685285929124
6379,53655.95889,48194.30462094026,-10.179026490341307,0.10735167993634676
6380,88951.45388,79519.60392120908,-10.603367957891907,0.11208717742533203
6381,148416.8301,132960.80749642474,-10.413928523578713,0.10997033036324844
6382,250992.3351,210538.19085406186,-16.117681135489835,0.17575533531371512
6383,433685.5283,348823.0832265346,-19.56773734325813,0.21775481346803716
6384,1285076.771,946080.5951594496,-26.3794493442408,0.30624597836185785
6385,13603.70161,11002.054472199854,-19.124553098751377,0.212259907355417
6386,21710.19991,17840.78373930602,-17.823033351764185,0.19629513428444234
6387,56192.95585,45730.024285441454,-18.619649751986746,0.20603633956520362
6388,91504.77344,75046.71453659174,-17.986011313606358,0.19828035953678835
6389,245848.6591,190409.7299525938,-22.550022989898093,0.2555379159606108
6390,414587.9898,313180.6245387396,-24.45979327818443,0.28050513212008
6391,706797.909,512199.9520802065,-27.53233342117789,0.32202970182847146
6392,1185221.311,809811.072878276,-31.67427337304467,0.3808838193683748
6393,9515.140172,12276.35530107531,29.019174485738837,-0.2547908467521687
6394,19165.5002,22479.468753199144,17.29132304722809,-0.15949059461835624
6395,39782.04017,41219.628045977726,3.6136605107091118,-0.03549899335623863
6396,149558.2569,133590.09128595708,-10.676886682839458,0.11290990385599997
6397,278528.213,249485.87682086826,-10.427071594047721,0.11011704998661109
6398,483093.7239,473873.2314481152,-1.9086342868311446,0.019270838446615812
6399,7472.766201,9916.503853031878,32.701915011135476,-0.2829351863773333
6400,13875.61958,17557.746335803044,26.53666551301519,-0.2353619261349511
6401,4489.278556,2256.0974477347713,-49.74476589964645,0.688055483272243
6402,14225.89534,7913.504884103857,-44.372535471613716,0.5864931403548823
6403,23960.76706,14367.635530683203,-40.03682981139418,0.5114396424267742
6404,42287.30491,27626.54183765218,-34.66941935304294,0.4257099492680396
6405,69399.3494,48174.1897865753,-30.584090192385442,0.3650540968002911
6406,113861.205,88127.81052692044,-22.600669361508658,0.25619205351131136
6407,187112.0115,158998.78704644306,-15.024810127465779,0.1628108559566961
6408,313328.3747,287674.0229649309,-8.187688638040564,0.08542378665695516
6409,1784.802763,1045.2174097885384,-41.43793188488366,0.5350830007852023
6410,3174.476566,1856.5077306716182,-41.5176741086827,0.5364455989141232
6411,5903.249669,3517.755886682175,-40.40984061448181,0.5176797365303436
6412,10628.82279,6409.071324525696,-39.70102379959149,0.50585506083344
6413,18411.26536,11499.76924607902,-37.53949540555087,0.4706357554842491
6414,31365.06039,21198.470304740902,-32.41374305946011,0.3917655233035138
6415,52958.08673,37576.28296637195,-29.04524070525848,0.3431277050723427
6416,89675.31007,69441.06432753414,-22.56389827553552,0.25571708358868683
6417,148717.3216,123231.26085224996,-17.137251043492455,0.18798457397184443
6418,404632.9457,401764.47105376853,-0.7089078328184809,0.007114325232901564
6419,2167.701999,1588.3342828286304,-26.72727692453309,0.31098177356254464
6420,4048.121968,2954.963941383316,-27.004078317254,0.31476661375998294
6421,13351.22387,9428.764018701026,-29.379028390892937,0.34784303731136745
6422,67744.66643,54863.3762038918,-19.01447140406002,0.21089970658651147
6423,115834.5496,97709.2553380036,-15.64757175176723,0.17016658964245046
6424,326429.9909,318230.7633032005,-2.511787466033194,0.025438712380450923
6425,1442.561093,1392.243600364605,-3.4880666669550164,0.03550352380627064
6426,9365.014008,7968.996020868652,-14.906736775180576,0.16142231658792205
6427,17397.16836,14404.87297791479,-17.199898973014303,0.18874090446494485
6428,29823.04484,24909.926151435597,-16.47423566213034,0.18001504678002256
6429,51340.0911,45044.91207661624,-12.261721567891335,0.13081191168586948
6430,88695.30174,78631.42068407637,-11.346577393044708,0.1204355461256661
6431,258478.7994,247584.53858435093,-4.21475991104014,0.04306158293389828
6432,712142.0398,762182.3276855049,7.026728530105925,-0.0679084166259365
6433,1258.578548,1543.4152859269789,22.631621870530953,-0.20401473142235815
6434,1944.41501,2288.2023757735947,17.680760743232216,-0.1628053547916073
6435,3655.386207,3899.9584621821405,6.6907363909670865,-0.06476414934692798
6436,6655.868271,6847.645672332576,2.881328078083535,-0.028405983419487413
6437,12365.81835,12178.158523276103,-1.5175690068574954,0.015292019270926716
6438,22020.3254,21474.163674959356,-2.480261826833155,0.025115385671357515
6439,38465.55548,36627.86677436768,-4.777491661566731,0.04895384001004288
6440,66975.05104,64701.264265725826,-3.394975799146744,0.034539435761310244
6441,577574.4872,603424.7263453681,4.475654607025049,-0.04378388800728317
6442,937794.3555,1004262.6978862372,7.087731121051435,-0.06847822954464888
6443,1857.177823,2726.972252596887,46.834202887037534,-0.38413389274815657
6444,2583.209469,3544.0003953824585,37.19369017156768,-0.3162235382429692
6445,4789.970208,6074.050581122647,26.807690180995948,-0.23750150229112066
6446,51937.15111,55783.81671593589,7.406385455738359,-0.07144944921444463
6447,268566.9736,279773.5905567992,4.172745742553645,-0.040880351945942195
6448,465018.4764,484881.79926224146,4.2715126108570844,-0.041828009381797315
6449,795462.7058,848017.8047279584,6.606858944455923,-0.06397766649227954
6450,1478.325272,2758.7245535097736,86.61147216793123,-0.6238585805349652
6451,1898.912973,3358.015504733982,76.83883108285985,-0.5700685729213006
6452,3471.755955,5632.348632471726,62.23342612432348,-0.483866014143123
6453,6709.170126,9843.761864178749,46.72100541960156,-0.3833626751383612
6454,11779.11668,16324.023157919817,38.58444229215173,-0.32630964549294994
6455,39334.13264,47942.456310289504,21.885123917885636,-0.19790880792415066
6456,72223.25226,83256.63780286431,15.276777488702246,-0.1421658115364579
6457,128790.1426,144203.89727301808,11.968116784287245,-0.11304397321149828
6458,378620.2316,408789.32452003035,7.968167150640544,-0.07666624908404174
6459,2343.129959,4704.987290506849,100.79924600148263,-0.6971354468497362
6460,2662.792033,5223.28204875067,96.1580921085274,-0.6737507405120438
6461,4998.722253,9178.156896206716,83.61005936463893,-0.607644080265155
6462,9130.546049,15208.950849521669,66.57219368810247,-0.5102586251812831
6463,16285.80512,25749.78844834594,58.11185421053311,-0.4581325346102947
6464,55748.87774,73365.07378032776,31.59919401873103,-0.27459070840664346
6465,174251.2494,201885.0804592424,15.858612867565697,-0.14720040712093407
6466,312819.8337,351365.13039639586,12.321883890956062,-0.11619852668219366
6467,539390.7147,581553.3790427092,7.816720457666647,-0.07526256674540299
6468,3673.220396,8038.489395222933,118.84037788684142,-0.7831724099783042
6469,7237.149653,14322.67855961623,97.90496599277976,-0.6826167597506654
6470,12970.68587,24017.400423951207,85.16677271092688,-0.6160867071195941
6471,44271.97874,68085.27325228625,53.78863829903947,-0.43040899513648334
6472,81518.37346,110091.34298913303,35.05095638733937,-0.3004819759532573
6473,142546.6828,181090.37852807154,27.039349475533026,-0.2393266908705236
6474,254241.267,300761.6148218872,18.297717113676608,-0.16803428737705595
6475,452124.3216,497707.06021754025,10.081903679994422,-0.09605448165200947
6476,5770.167265,13234.220131470332,129.35591853194455,-0.8301048403987998
6477,19447.50104,37097.23533112265,90.755795589471,-0.6458238668838323
6478,35904.32258,62367.1375559838,73.70370215736793,-0.5521808005457576
6479,66832.22267,101804.45911083923,52.328405436286275,-0.42086856628118063
6480,117493.8682,162576.46456014962,38.370169482725075,-0.32476229554411695
6481,9667.934645,22092.459246165883,128.51270780560685,-0.8264216368286785
6482,17295.43033,36707.05800744484,112.23558655128785,-0.7525267290119508
6483,31267.03859,59169.26921793558,89.23848207632759,-0.6378378435860999
6484,99484.50108,152959.04729848413,53.75163531803092,-0.4301683568568073
6485,182367.7917,246813.30608659025,35.338210648843564,-0.3026067235732999
6486,332469.2401,403079.16944860644,21.23803372828368,-0.19258564805848088
6487,1305.206231,799.840856121508,-38.719197233015045,0.4897035606581239
6488,2268.043482,1445.332264223914,-36.27404960731198,0.4505783218679129
6489,4215.23253,2781.366207340547,-34.01630425971905,0.4157625087178163
6490,7734.159637,5071.974719831638,-34.42112707930859,0.42191660104603024
6491,13150.23654,9230.442596684697,-29.80778278316279,0.3539327469594191
6492,24129.01578,17493.930723552763,-27.498365938103912,0.3215610855966826
6493,41759.11661,30904.198108523,-25.99412866621222,0.3010257535828753
6494,72501.46867,56238.84877488014,-22.43074546412476,0.2539990417432296
6495,224083.1894,191902.99429114198,-14.36082518953027,0.15502735787503852
6496,982.8429755,669.7124229414787,-31.859672436405507,0.3836009665523479
6497,1760.065048,1218.1345979515972,-30.79036485976527,0.3680300969263577
6498,5811.434041,4098.109912386792,-29.481950866612422,0.34930149285997203
6499,17959.11461,13755.012105884849,-23.409297147500922,0.26669448929058603
6500,54876.29217,44697.48021632264,-18.548651068014312,0.2051642896040562
6501,96089.84758,80003.7250275857,-16.74070982267064,0.1832104696319803
6502,172431.947,148557.59291943652,-13.845667520394855,0.1490299343238597
6503,294850.4057,261491.39914262827,-11.313875074438037,0.12006673590332717
6504,461532.5306,424820.7134311448,-7.954329269299663,0.08288531112931175
6505,1206.968686,1041.6735671262866,-13.695062746119444,0.14728337917733114
6506,2253.817717,1913.962224675874,-15.079102882219727,0.1634499849391693
6507,7354.491186,6088.348467020997,-17.21591184158641,0.1889343150641185
6508,13492.33133,11226.643560229135,-16.792411291687912,0.18383163188390483
6509,72069.92697,63729.8730618131,-11.572169223452313,0.12298343810336121
6510,129814.4007,116206.0915369065,-10.482896419590753,0.11074047750775229
6511,229455.2619,205790.3294367707,-10.313527903989772,0.10885024105023611
6512,369808.4574,340041.4460844219,-8.049305179459676,0.08391767846233833
6513,673406.1725,626357.9257801261,-6.9866075841284125,0.07242669873074803
6514,880.4286097,970.22706729399,10.199402496085192,-0.09712128872042669
6515,1567.91073,1669.0227317721437,6.448836648508916,-0.062494276672692806
6516,9630.779543,9358.924569928782,-2.822772256985287,0.028633784449397126
6517,16983.32344,16327.219412519202,-3.8632251796813115,0.03939827078439073
6518,53194.04958,51269.91300449167,-3.617202658381121,0.03684245110891382
6519,97298.04953,92199.79790388585,-5.239829216249816,0.05382100442232307
6520,174148.3865,161068.60503031165,-7.510710683321975,0.0780773393450751
6521,527541.5376,492163.4222771243,-6.706223643322021,0.06941678607592472
6522,900477.9728,833013.6195854477,-7.492060355987896,0.07787571116391767
6523,859.5576205,1166.868689143004,35.75223595414615,-0.3056612438074042
6524,1107.708982,1479.0321014623219,33.52172145357956,-0.28909398613423054
6525,3856.509172,4498.527667978188,16.647658992737078,-0.15398774363448098
6526,12569.5516,13944.311781020553,10.937225326483025,-0.10379431774828518
6527,22382.66894,24178.397964854394,8.022854779598031,-0.0771726370777408
6528,73688.34768,75362.53163742316,2.2719792343471856,-0.022465541672259448
6529,227828.9826,218569.10036161685,-4.064400469470008,0.04149305785654356
6530,409837.095,389043.6818152744,-5.07358007325461,0.05206812157551255
6531,1580.362693,2364.8052609504416,49.636869525269255,-0.40304130323339304
6532,5332.325056,7120.380987813615,33.53238808653783,-0.28917386981759563
6533,9473.474817,12091.190416916847,27.632053185167045,-0.24398135388774556
6534,17206.62896,20971.740681741252,21.881751100078667,-0.19788113543742014
6535,31436.37503,36773.665863889946,16.97807342225853,-0.15681632459948247
6536,57996.57514,63567.86295606197,9.606235889987012,-0.09172408371371255
6537,180290.8946,180705.5655471761,0.23000104808183322,-0.002297369505450675
6538,328451.8252,318165.2548365539,-3.131835348207448,0.03181925923705187
6539,585788.0545,546192.1838086098,-6.759419279245499,0.06998714360361014
6540,1054.573559,1954.247960878531,85.31167827985826,-0.6168689689538969
6541,7551.828037,10899.528135353761,44.32966537309622,-0.36692983990394445
6542,45489.92992,54777.12186552881,20.41592933174782,-0.18578164155513655
6543,143750.0543,151261.0789863292,5.225058677650331,-0.05093128630820942
6544,266425.1345,266445.13608279,0.0075073933349150725,-7.507111544313716e-05
6545,1769.084759,3261.818971421637,84.37889732685424,-0.6118226789265435
6546,1931.482631,3564.936978969817,84.56997343662974,-0.6128584654107962
6547,3527.59038,6011.3109909492605,70.408418875132,-0.5330278337308627
6548,6295.156658,10113.929715195753,60.66208141687445,-0.4741331000880358
6549,20340.26167,28518.844141748777,40.20883607319284,-0.3379628113995512
6550,37660.15403,48812.567366020245,29.613297192401973,-0.2593851944601031
6551,70646.42117,82320.65670480725,16.52487888482695,-0.15293461687799947
6552,121539.6471,132466.55806082967,8.990408662153891,-0.08608969844416592
6553,219437.4831,227515.65721498788,3.6813100482503054,-0.03615168203228869
6554,3035.754457,5545.876175170562,82.68526831551193,-0.6025946409511445
6555,3214.028677,5749.524819405389,78.88841068997685,-0.5815920214890049
6556,17900.93222,26373.034322855325,47.3277145499148,-0.3874892701552426
6557,32849.85884,44227.8608746461,34.63638029637908,-0.2974074792221604
6558,104848.1338,118330.30507571077,12.858761321806927,-0.12096695114097145
6559,190174.1841,197352.49184363734,3.7745963142204046,-0.037051017933523056
6560,5552.570801,9033.855747155389,62.69681325861565,-0.48671824143546516
6561,5723.262088,9376.04761955639,63.82348869214303,-0.4936193737592127
6562,9809.970521,15030.23219002722,53.21383645192731,-0.42666438350597424
6563,17356.94475,24837.520761418604,43.098460697805734,-0.3583627436877066
6564,30941.04468,41716.975698255745,34.82730182417275,-0.2988245277701438
6565,93263.93331,105798.3449295478,13.439720130486757,-0.1261014096777906
6566,170591.0804,177492.77501351558,4.045753504422716,-0.03966055395165924
6567,31995.3048,40256.0239454207,25.818535554068838,-0.22967048887185193
6568,55521.09457,63957.07698058045,15.194193262786843,-0.14144915529831437
6569,91229.25564,98446.03551732143,7.910598224981231,-0.07613290411216589
6570,287212.4657,269474.13434821775,-6.1760311512071855,0.06374983118148592
6571,784.0031898,608.6892888406571,-22.361375979103553,0.25310515039847026
6572,1403.294497,1109.980009151316,-20.90184836295871,0.23448067890796942
6573,2565.064693,2094.949197538814,-18.327627242467592,0.2024543960519063
6574,4718.043796,3828.6813059726874,-18.850238117359616,0.20887382631842222
6575,16427.58633,13761.797387855215,-16.22751442965501,0.17706556689637942
6576,28911.73501,23571.720965106764,-18.470057376515904,0.2041998390608022
6577,185160.2785,145595.98258520477,-21.367593652002,0.24038627701916404
6578,1991.398599,1749.0124759719265,-12.171652784620322,0.1297858762324866
6579,6501.654512,5691.33105524871,-12.46334229626765,0.13311253517204236
6580,11920.57314,10481.390848462815,-12.073096441210081,0.12866435806097698
6581,21001.64038,18893.109173444394,-10.039840547710618,0.10580328641867531
6582,39544.74896,34779.81972211656,-12.04946133986897,0.12839559020553004
6583,73577.09264,62171.621853069686,-15.501388241494285,0.16843508065334234
6584,137072.9785,113687.11511501907,-17.060885114552995,0.1870634029720737
6585,415314.0608,345695.6696885855,-16.76283027290524,0.1834761863970975
6586,744.5848041,800.6405422410744,7.528455836381251,-0.07258533200602812
6587,1402.021194,1496.633845037761,6.748303908860953,-0.06530357755283589
6588,2568.251617,2692.7488848996086,4.8475494797910486,-0.04733719941090264
6589,4584.237545,4706.643084389518,2.6701395420275458,-0.026351134453323155
6590,8493.362726,8754.664993489687,3.076546662604969,-0.03030169770796398
6591,15310.81148,15301.107908807451,-0.06337724950257917,0.0006339734137075226
6592,27773.41548,28022.200229268412,0.8957657708594229,-0.00891777588101661
6593,52006.56648,49923.621441141906,-4.005157771104014,0.040875722745923326
6594,322380.2729,269901.881963885,-16.278412591453268,0.17767332766617372
6595,594517.3749,492072.32897877874,-17.231631949941402,0.18912422596924472
6596,988.1051298,1289.6496157715228,30.517449700170847,-0.26633674601326707
6597,6265.807227,7363.526700023625,17.51920276598106,-0.1614315620388389
6598,37009.10175,39742.87724575384,7.386765326596563,-0.07126676062195436
6599,455074.1043,379598.247385588,-16.585399213279732,0.18134682256111034
6600,1395.217941,2044.1438723360534,46.510721534368024,-0.38192842432610785
6601,2533.636206,3570.2091796546883,40.912462933705335,-0.3429686813377648
6602,15132.4619,18980.047418286144,25.42603803473738,-0.22654606048700465
6603,28076.26147,33102.945486501296,17.903680024751154,-0.16469783417033135
6604,53304.8932,60158.72092601972,12.857783431446254,-0.1209582863763945
6605,102169.7483,102925.00320896876,0.7392157869970525,-0.007364969774565466
6606,641976.55,522796.0132945208,-18.56462462771876,0.20536042050206227
6607,929.2417497,1634.9212684239658,75.94143493356708,-0.5649809976152005
6608,2032.10392,3214.6253347850406,58.19197547658097,-0.458639144143544
6609,3769.966885,5602.728401382568,48.6147908533305,-0.39618747602152915
6610,6548.193141,9562.812770783634,46.03742688816384,-0.3786927514176366
6611,11888.74009,16576.976033783783,39.434253825829785,-0.3324230054375992
6612,22094.61703,28389.584544167777,28.49095553736229,-0.2506883309467973
6613,41670.43713,50250.50518181838,20.59030008504828,-0.1872286645980541
6614,79292.51269,85210.41816556806,7.463384971421638,-0.07197999864358806
6615,265896.8283,245694.23703923883,-7.5979060712854585,0.0790205460310478
6616,1776.567543,2886.844774904709,62.4956386420209,-0.48548097629549947
6617,5735.579023,8571.442084897908,49.44336135071864,-0.40174728121805536
6618,18440.69046,24794.36440706598,34.45464236194319,-0.29605672466875355
6619,34619.22012,43227.002410025496,24.864171579222443,-0.22205633314044348
6620,114368.6262,119058.97358150384,4.101078711308194,-0.04019215183955005
6621,215608.563,207182.47766895613,-3.908047627516477,0.039864615740235365
6622,1711.681229,2673.1934004535256,56.17355353106612,-0.4457977255017873
6623,3225.652398,4687.4448944253645,45.3177316108741,-0.3737524116289439
6624,5497.116295,7862.796461428142,43.03493030663893,-0.3579186823218681
6625,9722.525401,13083.32253828803,34.56712118172875,-0.29689293081697166
6626,58068.91734,64982.00533918471,11.904971395811993,-0.1124798554726194
6627,99119.12615,102135.08063378828,3.04275733749322,-0.029973835884653965
6628,182953.3941,177943.82625667538,-2.738166114910366,0.027763525698855318
6629,3478.465168,4589.282274352969,31.934116131789548,-0.27713249178260746
6630,17526.46755,20512.78057044009,17.038875699970056,-0.1573359645598149
6631,30660.68314,34944.89756340813,13.972990764249904,-0.1307913112150736
6632,164415.9659,155519.6052178216,-5.410886122573578,0.05562779184340272
6633,6501.810936,7187.466794208701,10.545613598394258,-0.10025804253987936
6634,6644.172297,7320.705491574869,10.182354766452086,-0.09696657782349227
6635,10936.22489,11883.344473138019,8.66038868681329,-0.08305713222085664
6636,18486.8543,19221.119474543535,3.9718232351922413,-0.03894974601415946
6637,54604.13031,52168.170166326054,-4.461127994978494,0.045636984616576726
6638,154950.0601,136417.60969953873,-11.960273128323406,0.12738203165544348
6639,279383.5185,229253.16541477843,-17.94320343389246,0.19775853743885108
6640,12014.29765,11611.837886111882,-3.349840128924379,0.03407232621121281
6641,12087.46813,11703.259979102408,-3.17856598888581,0.03230179048196824
6642,90672.23447,78178.06903236333,-13.77948333430617,0.148262024275855
6643,155063.8152,127507.69660233438,-17.77082458736358,0.19566001487222273
6644,269229.5408,208891.43644669198,-22.41139816010414,0.25374965309385367
6645,1043.637673,1031.779817344386,-1.136204255786194,0.011427083699541818
6646,1945.61036,1979.6841089410927,1.751314119292254,-0.01736155342853163
6647,6515.52063,6544.183407514052,0.4399153826952478,-0.004389505834740959
6648,13594.39054,12671.171472035097,-6.791176590435829,0.0703277970011964
6649,26760.72784,22986.48989203082,-14.103644603894978,0.15202878634845796
6650,104926.0669,79008.69842412852,-24.700600376617643,0.28369802434308156
6651,195739.9623,142453.50805450213,-27.223083942270627,0.31777136818730334
6652,338501.7941,254625.33349942815,-24.77873442992539,0.28473620817285905
6653,1526.09154,1662.0938743796742,8.911807110841744,-0.08536825966078787
6654,2841.983653,3029.638142356269,6.60294049046274,-0.06394090970151112
6655,5196.428002,5375.298283285343,3.4421776115535505,-0.03384260018309426
6656,9728.783665,10046.176756849196,3.262412885086957,-0.03210326027434007
6657,18455.0332,18050.77482236001,-2.190504743388874,0.022148525146697295
6658,36180.71707,31893.669491970344,-11.848984556429231,0.12611875771457903
6659,71999.11501,58600.637847854836,-18.609224794338424,0.2059082461133297
6660,142972.2227,109695.37708670441,-23.275042511663774,0.2649431395608257
6661,266005.8152,195716.1805365809,-26.42409701102621,0.30685261890310933
6662,441472.0833,328675.45652100345,-25.55011540839519,0.2950439770056157
6663,1065.228298,1411.4892707046715,32.50579930657001,-0.28145622683185056
6664,1976.306114,2526.959490296538,27.862757312531304,-0.24578729420893541
6665,3652.433572,4503.722189325394,23.30743600243618,-0.2095105305749012
6666,6882.759626,8234.943013802476,19.645948155657358,-0.17936676365295945
6667,12269.30909,14378.977092932113,17.194676468388753,-0.15866626749851243
6668,48290.88417,46700.452858070414,-3.2934400337975505,0.0334889475029474
6669,99410.27789,84705.15716323495,-14.792354511911372,0.16007902040314725
6670,337703.0625,256796.05177971898,-23.95803287104659,0.27388479904238316
6671,620204.1234,472446.81651565176,-23.823980091317832,0.2721234721848518
6672,1510.065474,2184.577186494562,44.667713030207445,-0.3692692923457477
6673,2586.801667,3780.9451606860634,46.162931968068165,-0.37955178586997995
6674,4900.209289,6948.408826732952,41.798205279328656,-0.3492347713255288
6675,8869.787961,11904.720130954316,34.21651321653636,-0.29428408028309505
6676,16517.86639,21302.820078956218,28.968352061819886,-0.25439685542044366
6677,32507.59165,37400.69672531466,15.052191894119169,-0.1402156819773328
6678,67142.36751,67239.49308564141,0.14465616754868216,-0.0014455164130477982
6679,480130.0939,369621.2333765155,-23.016441153655517,0.2615783084094083
6680,841296.1892,625444.4128817098,-25.657049097482144,0.29648132722670795
6681,1147.142865,1887.1058162527784,64.50486454908808,-0.4977699555070796
6682,3765.247158,6023.306881347869,59.97108897752388,-0.469822919028152
6683,6625.034175,10204.458658307532,54.028770097741166,-0.43196921779357567
6684,12524.37586,17645.898598656007,40.89243884011005,-0.3428265681700875
6685,97095.60255,96933.66885751374,-0.1667775761552841,0.0016691680477762816
6686,177419.947,160702.53351213248,-9.422510698792799,0.0989644662701501
6687,673177.0521,502876.5902886833,-25.29801948537287,0.2916635812874322
6688,820.2093934,1531.449497399649,86.71445483589962,-0.6244102843579871
6689,1011.083061,1746.1206593788263,72.69804299281266,-0.5463744672694881
6690,19124.82007,26960.211976973867,40.96975489596784,-0.3433751770968261
6691,36595.98888,47233.99262405941,29.06876974671168,-0.2551751751386089
6692,73961.49279,81841.03319775248,10.653571352494158,-0.10123415610644315
6693,265208.8677,232820.77369126337,-12.21229677937222,0.1302487495903204
6694,513553.3304,403209.24966633477,-21.48639181206743,0.2418982235110576
6695,1010.039417,1644.9513808270178,62.860117450942795,-0.4877214712279807
6696,3176.929454,4864.444626171841,53.11780436443525,-0.4260374023010165
6697,5490.044671,8220.66610472556,49.73769062662625,-0.4037148481406003
6698,17159.13995,23822.523889953285,38.83285502286077,-0.3281005417312741
6699,31892.40049,40453.544907892596,26.843838301155724,-0.23778652419200164
6700,108606.099,113066.2016570119,4.106677892014057,-0.04024593639396201
6701,210530.3361,196967.08989975762,-6.442418917623327,0.06659309879213637
6702,406352.3509,336709.12075969676,-17.13863103930753,0.18800122810562314
6703,1873.574273,2502.869321080936,33.5879424237235,-0.2895898197221234
6704,9818.234535,12627.936110073591,28.617177202862486,-0.25167018767995586
6705,16938.39169,21361.616017136133,26.1136028029597,-0.23201292430493936
6706,56320.19458,60465.684787785736,7.360575080928161,-0.071022843786956
6707,3713.130262,4066.501378661666,9.516798273361136,-0.09090776039166748
6708,3913.622474,4292.927773887408,9.691923592715145,-0.09250555590929288
6709,10690.72478,11668.71094351242,9.14798747173828,-0.08753445864949505
6710,17965.09256,19453.5418999029,8.285230565507856,-0.07959858351584259
6711,54748.23797,54907.881327510775,0.2915954255884028,-0.002911711107822512
6712,90170.06619,86607.82534968866,-3.9505802655231887,0.040307338077806065
6713,164554.557,148047.51187914668,-10.031350952409856,0.10570892025932643
6714,294870.5418,246205.64880758908,-16.503816452922774,0.18036926119886054
6715,6972.031059,6800.878125402501,-2.4548504180365445,0.02485484253381287
6716,32530.73438,31078.801697780586,-4.463264386407671,0.04565934635553326
6717,55323.33712,51064.40601039002,-7.698254175036608,0.08010712997817215
6718,89901.07573,80487.37225684126,-10.471180012829791,0.1106096015118716
6719,155385.2063,132938.83363222316,-14.445630444664042,0.15601811091289441
6720,12726.87081,11149.48200741544,-12.394160561016655,0.13232253000507477
6721,20806.09223,17970.03981906109,-13.630874935994209,0.14653992283860795
6722,57320.48192,47178.93645175272,-17.692707961530125,0.19471047908951178
6723,154770.4739,121723.82615078377,-21.3520362873401,0.24018844731280353
6724,265558.0355,196544.78232744796,-25.98801163843978,0.30094310101934774
6725,36665.88,47572.16358956941,29.745047956218194,-0.2604011692888566
6726,53264.04,51273.493547377875,-3.7371300649033117,0.03808750814767059
6727,41867.48,31049.17324446808,-25.839402695199055,0.29893721049107036
6728,2232.8,3737.961024272307,67.41136798066583,-0.515283878845592
6729,1263.85,2020.5770288818594,59.874750079666065,-0.46922051068633763
6730,23292.65,19723.77391850521,-15.321898030042922,0.1663131541205125
6731,12588.29,13994.096174595465,11.167570612016911,-0.10586852210884956
6732,10924.68,12678.31125306583,16.052014823920064,-0.14886830826988096
6733,17227.74,21072.575331937136,22.317700011360365,-0.2014515724095034
6734,3659.06,3899.919534747178,6.582552205953942,-0.06374963698109148
6735,442289.03,328678.97449713474,-25.686835484675097,0.2968820694028089
6736,6654.44,7299.509281772909,9.693817688233866,-0.09252282317112837
6737,90820.46,78307.87633156002,-13.777274050847113,0.14823640096437352
6738,90033.44,79296.53302668604,-11.92546566399547,0.1269867489050025
6739,1403.04,1514.8351737491603,7.968067464160702,-0.07666532578851282
6740,58101.89,64293.10778764719,10.65579413621001,-0.10125424367671876
6741,832.52,880.4886545258329,5.761862120529585,-0.056019797000085525
6742,60773.47,73708.89342528132,21.28465500699782,-0.19297011748302495
6743,11952.08,10565.868635700408,-11.598076354070521,0.1232764558806938
6744,322925.53,272574.31120718725,-15.592207526240735,0.16951046075999265
6745,3183.85,2257.3104077894723,-29.10123253955204,0.34391713679790037
6746,370463.57,338354.9900836873,-8.667135588072185,0.09065950245728338
6747,32890.84,44590.749289669206,35.57193823468543,-0.30433222293016016
6748,9387.41,21653.500567135266,130.66533332554204,-0.8357977005641644
6749,519662.57,542671.0007854939,4.427571296022699,-0.04332354746784439
6750,95297.34,96714.09289865295,1.4866657334328015,-0.014757231779277902
6751,3476.17,5524.8256887109565,58.934277918253606,-0.46332058435488044
6752,13379.54,9429.453206124144,-29.523337826830044,0.34988856397806956
6753,313407.91,347601.4469239745,10.910234181381869,-0.10355098708049937
6754,180591.31,181510.01035742843,0.5087179208282124,-0.005074283229745902
6755,2848.64,3002.3535359239618,5.39603234961111,-0.05255480566879811
6756,297265.0,257515.7982013465,-13.371638705751938,0.14354292641123045
6757,16999.87,16230.206786764335,-4.527465287885522,0.04633157450222036
6758,164815.13,148913.7086580935,-9.64803494794835,0.10145741985541434
6759,3229.41,4804.507024296854,48.77352285082582,-0.39725498274761506
6760,2274.03,1435.45334210221,-36.876235489320294,0.460072870692148
6761,2032.53,3184.5435107286826,56.67879493678729,-0.44902763154168834
6762,155607.81,132923.38037150988,-14.577950572333176,0.15756592849935558
6763,5826.65,4074.558059661538,-30.07031382249597,0.3576799319485673
6764,65913.16,72360.9537479542,9.782255543436548,-0.09332872295498262
6765,244299.76,198567.78510515968,-18.719615154284362,0.20726546735471274
6766,31974.17,40873.0084094897,27.831335135485002,-0.24554151475502906
6767,45568.02,54884.442724758315,20.44509005385426,-0.1860237788866428
6768,55013.82,44463.90926535724,-19.176837264968626,0.21290659402955825
6769,104999.24,118105.25471449221,12.482009121677649,-0.11762310394956899
6770,198468.79,178347.1241886508,-10.138453411918922,0.10690007140937574
6771,182634.4,246859.7800727231,35.16609142238434,-0.30133414307554496
6772,462295.98,421355.8972353715,-8.855816302929664,0.09272749713448292
6773,9824.87,15073.681447093859,53.423724152012774,-0.42803334647613944
6774,2119.41,2592.382191710483,22.316219688992835,-0.201439470061886
6775,586720.77,543255.2201624952,-7.408217342894622,0.07696978847764768
6776,88876.53,78745.31555147919,-11.39920117101873,0.12102931228924341
6777,6984.69,6664.096716608678,-4.589942909296206,0.046986192852189745
6778,1107.47,1496.9653051632652,35.16982899430821,-0.3013617943911253
6779,3179.22,1856.2054614043943,-41.61443808844954,0.5381015542616208
6780,155032.76,122227.49652932562,-21.160213796538475,0.2377524154847528
6781,54832.19,54662.0674469658,-0.3102603653696949,0.0031074267070110295
6782,2015.4,2689.969148913854,33.47073280310876,-0.2887120378785566
6783,105873.94,110172.64337113734,4.06020912335683,-0.039799479514146086
6784,16456.07,13929.465780466286,-15.3536307243085,0.16668796934247787
6785,55823.68,73366.18176554373,31.42483936125983,-0.2732649384321757
6786,4492.75,2256.793195842039,-49.76811093779892,0.6885201206872216
6787,3626.91,3608.136199312899,-0.5176252150480961,0.005189695353983836
6788,34665.22,43250.47070544003,24.766179777425403,-0.2212712378481605
6789,72223.04,63732.672300367936,-11.755760626570217,0.12506176852702922
6790,11904.69,16430.0832371985,38.01353279420548,-0.32218155808730664
6791,134193.39,132491.80869302928,-1.2680067974814082,0.012761146150420899
6792,4725.54,3884.0927696182343,-17.806371978266306,0.19609240491440616
6793,48378.95,46310.39050689539,-4.275742844986522,0.04369844885318663
6794,97416.2,91543.56645379074,-6.028395221954104,0.06217752618178274
6795,51443.69,44429.066787676544,-13.635536666058476,0.14659389879208184
6796,2569.43,2106.006588917035,-18.036039552856657,0.19889054207738965
6797,30982.67,41420.64974201852,33.68973604282175,-0.29035152660766705
6798,55434.62,67244.88842961067,21.304860445711842,-0.19313669878579098
6799,70805.95,82167.32579321813,16.04579246972625,-0.14881468989004354
6800,154338.53,141822.4282239532,-8.109512106955272,0.08457266695577026
6801,9718.49,10047.798352001662,3.3884724067387273,-0.03332328444321675
6802,674743.06,497878.85952746804,-26.21208145105368,0.3039751730816693
6803,177742.04,159512.72461227523,-10.256051628373783,0.10820958850723805
6804,5685.88,9581.645884995234,68.5164985014674,-0.5218634729663627
6805,53037.04,37546.627540177506,-29.206781637554613,0.34540697571734036
6806,187551.62,159000.7151309813,-15.222958281575336,0.16514541429796026
6807,32051.75,39329.11154190957,22.705036517224716,-0.2046132122964952
6808,69556.79,48813.45988721507,-29.822149804188676,0.35413744902077404
6809,18192.57,23712.450536024586,30.341400560913527,-0.264986980300435
6810,2590.6,3597.247282473356,38.857688661829535,-0.3282794001014979
6811,1714.01,2673.6891669833867,55.99028984564774,-0.44462357474499026
6812,334330.65,340447.8888656736,1.8296972968746956,-0.01813159755897864
6813,155315.61,127514.33825975566,-17.89985677566107,0.19723042502040222
6814,249802.07,227341.99849978398,-8.9911470710455,0.09421339926954708
6815,136738.73,120126.95169493704,-12.148553891836618,0.12952291038445196
6816,34723.35,29599.92452216266,-14.7549861342219,0.15964055991294757
6817,290426.6,270262.83010718273,-6.942810986602897,0.0719559462023458
6818,1044.96,1053.6755175736873,0.8340527459125032,-0.00830593745944963
6819,13270.1,18395.63621341008,38.62469923670566,-0.326600090062092
6820,333031.27,402542.32215226936,20.87222985165007,-0.18956385005967746
6821,105190.97,77859.33691934697,-25.98287008918449,0.3008736342912144
6822,6304.21,10100.897532986299,60.224636123896545,-0.47140662036761327
6823,6515.2,7191.885610153845,10.386259979031268,-0.09881548339785162
6824,7112.8,6808.7697125717,-4.274410744408668,0.04368453293105112
6825,21520.07,27859.69834183895,29.459143682334442,-0.25819515257267156
6826,1785.4,1050.2619032520017,-41.17498021440564,0.5306029150280267
6827,11613.03,11263.0261240083,-3.013889363858533,0.03060240705540629
6828,13504.53,11224.88097749655,-16.880624668192453,0.18489235448272723
6829,939532.1,1007524.5975292735,7.2368466739213595,-0.06986972256392399
6830,23576.43,31411.298408785202,33.231784493179,-0.28692016597358183
6831,3637.16,3154.6600081813285,-13.265844555055907,0.14232243001075595
6832,174473.71,202327.71609839116,15.964586354237076,-0.14811466845809917
6833,3348.51,4041.3151570153273,20.68995335284431,-0.18805470213773923
6834,229866.19,207965.47119882595,-9.527594641549525,0.10012529494397526
6835,96276.63,79515.55617648982,-17.40928595393315,0.1912729325306426
6836,1582.02,2335.240839849721,47.611334866166096,-0.38941251771595464
6837,93398.43,106413.17447364777,13.934650158089143,-0.13045485381182687
6838,1781.74,3027.884051391003,69.93972472925361,-0.5302736277746085
6839,57415.17,47194.80683641186,-17.800806239166654,0.19602469223642593
6840,99639.56,153147.9693107646,53.7019727011687,-0.42984529922470394
6841,180431.86,170652.8949952362,-5.41975513901137,0.05572155984582672
6842,9847.02,12429.067624896197,26.221614507700775,-0.23286902130550047
6843,7096.25,8095.208594048582,14.077274533008028,-0.131705879552813
6844,97137.36,96040.68895501742,-1.1289899632670446,0.011354114325294873
6845,143997.61,151248.39181384808,5.035348721307315,-0.049126762002666524
6846,11790.98,16570.654494715618,40.53670258719478,-0.34029849705012793
6847,17438.63,14427.272943712138,-17.268312111030873,0.18956749061325873
6848,410443.36,387712.3174681566,-5.5381679293930866,0.05697432650804579
6849,5827.51,7484.594139561945,28.435543475033835,-0.2502569853020251
6850,343747.68,299927.95660962793,-12.747641930375227,0.13636559868480802
6851,1066.87,1419.9344712837703,33.09348573713484,-0.28588159559416937
6852,5916.89,3501.4776575901938,-40.82232967673569,0.5246259057377554
6853,36216.98,32168.67028095393,-11.177932889617168,0.11853506336654362
6854,24190.68,17530.61022880711,-27.53155252846506,0.3220189261468125
6855,155242.93,139111.67030928566,-10.390978636331027,0.10971418621320872
6856,20841.6,18174.791919905183,-12.79560148978397,0.13691541471437496
6857,8985.86,10756.008175133118,19.699262787681064,-0.179812267723797
6858,135387.17,131469.04417856946,-2.8940156009100093,0.02936718129138427
6859,31430.36,21221.335886033834,-32.48141005692002,0.3927672194628844
6860,72342.38,84377.7118597033,16.636626911781573,-0.15389316305936163
6861,24667.84,31769.71539500401,28.790017265411194,-0.2530131189751099
6862,1444.72,1411.6062787837166,-2.2920511390638647,0.02318727036213364
6863,16165.63,18742.942786513635,15.943163282307191,-0.14792991333866645
6864,338398.46,257264.88618218162,-23.97575149065938,0.27411783725693617
6865,1208.06,1041.9093017349621,-13.753513754700744,0.14796087009142145
6866,1755.71,2766.729187535137,57.584634565796,-0.45479249027267965
6867,5491.93,8267.002107020788,50.52999777893723,-0.40899219912937035
6868,35954.18,62237.61568986709,73.10258693110812,-0.5487142208028413
6869,1531.45,1674.717390829738,9.355015888846381,-0.08942943012243454
6870,4601.05,6309.712325507008,37.13635638619463,-0.3158055469443344
6871,1261.4,1516.8314123119653,20.249834494368578,-0.1844013466506249
6872,9740.74,13237.08054066914,35.89399307105148,-0.3067049330960927
6873,18514.58,19564.149324253325,5.6688800083681254,-0.05514024545313845
6874,3531.8,5972.974038756109,69.1198266820349,-0.5254373113109061
6875,269073.38,276837.17530389933,2.8853821600261345,-0.028445388063110144
6876,2537.01,3537.015614231781,39.41669974622807,-0.332297102481915
6877,1762.24,1217.8017098222278,-30.894673266851967,0.3695383708751505
6878,595617.57,491750.1187351902,-17.438614388895505,0.19162810131543395
6879,2171.52,1588.582273525676,-26.84468604822078,0.31258541657016536
6880,31146.42,24525.25523912399,-21.2581887769959,0.23899589815889755
6881,17181.12,23829.793653460107,38.69755669863262,-0.3271255254503025
6882,1882.96,2288.329727835619,21.528323906807312,-0.194977168199145
6883,108791.53,113748.69860741938,4.556575872606429,-0.04455813482499238
6884,879.97,976.4902579447707,10.968585059123688,-0.10407695778186365
6885,327036.16,314012.18323357427,-3.9824271317354354,0.040638960560903215
6886,15158.83,18865.272952811833,24.45071917035703,-0.21873962159834193
6887,1780.13,2931.3377949814017,64.66987214312446,-0.49877250879847423
6888,713523.55,761064.6639966543,6.662865436838669,-0.06450288397293669
6889,731609.26,674737.2230023245,-7.7735534672805455,0.08092325780624243
6890,19162.64,26787.90648570859,39.79235891144744,-0.33498798503207183
6891,1819.36,2811.460578730457,54.53019626299673,-0.43521933632074994
6892,2582.363272,1264.0237011267188,-51.05166980833985,0.7144049301233428
6893,23960.76706,14356.01021167645,-40.085347953478866,0.5122491023223468
6894,42287.30491,27266.15654944275,-35.52164980134519,0.438840674366201
6895,313328.3747,289748.3006050443,-7.5256746592237995,0.07823914388119668
6896,1784.802763,1031.4221689557592,-42.2108599147345,0.5483693157610583
6897,3174.476566,1845.8787901343642,-41.85249908899897,0.5421872845419333
6898,18411.26536,11499.76924607902,-37.53949540555087,0.4706357554842491
6899,31365.06039,21551.600041216596,-31.287873279249894,0.3752444852956014
6900,89675.31007,68617.10419884225,-23.48272434711388,0.26765364512242407
6901,148717.3216,124649.24648659898,-16.183773923885017,0.1765435686503931
6902,249256.6081,227772.82121784514,-8.619144361274358,0.09013418637387005
6903,2167.701999,1616.90182703556,-25.409404623815174,0.2931557540688985
6904,7497.449647,5213.628200955491,-30.461310893342898,0.3632869105113219
6905,67744.66643,54863.3762038918,-19.01447140406002,0.21089970658651147
6906,198097.9457,178573.36145024022,-9.856025604287622,0.10376207833179407
6907,326429.9909,318899.97772078816,-2.3067773761996633,0.023337998600370113
6908,518766.9716,534514.9308306124,3.0356518615751518,-0.02990487692919075
6909,875111.7465,981898.5688120759,12.20264986033711,-0.11513642411517822
6910,1442.561093,1416.8572697285458,-1.781818697050788,0.01797884211379852
6911,2754.192329,2527.64422537109,-8.22557311061735,0.08583650136037502
6912,5167.464583,4457.817777301836,-13.73297860681562,0.1477228000612758
6913,17397.16836,14606.472644243562,-16.041091619098623,0.174842692776906
6914,29823.04484,24909.926151435597,-16.47423566213034,0.18001504678002256
6915,51340.0911,45169.28737154915,-12.01946392426804,0.12805457693159106
6916,258478.7994,247208.31757833224,-4.360311889342423,0.04458230447963807
6917,417015.6341,420466.7430966175,0.8275730486857282,-0.008241674393005383
6918,3655.386207,3956.5488226843954,8.238872683484834,-0.07917038284870515
6919,12365.81835,12373.16897014002,0.05944305449076567,-0.0005942539410543901
6920,22020.3254,21196.899699342594,-3.7393893400749105,0.03811097827365195
6921,38465.55548,37220.97214728747,-3.2355787331854464,0.03289080816475476
6922,119981.4966,116348.90740041781,-3.027624510879945,0.03074403681668869
6923,333654.412,335929.4635935494,0.6818586872303595,-0.006795445443840364
6924,577574.4872,604264.0474883056,4.620972858010552,-0.04517385087893189
6925,1857.177823,2726.972252596887,46.834202887037534,-0.38413389274815657
6926,2583.209469,3544.0003953824585,37.19369017156768,-0.3162235382429692
6927,16135.14341,18446.406848077662,14.324405921581217,-0.13386988714262316
6928,28701.85187,31490.19528535619,9.714855431578082,-0.09271459082652278
6929,51937.15111,55030.08024236279,5.95513821274513,-0.05784559413118373
6930,91908.58818,96637.3157295378,5.145033389346311,-0.050170481467770145
6931,162300.5175,165981.1804563509,2.2678072830857854,-0.02242474812951656
6932,268566.9736,279773.5905567992,4.172745742553645,-0.040880351945942195
6933,465018.4764,492812.06130544504,5.976877547019775,-0.05805074797991239
6934,1478.325272,2742.0262876101187,85.481932802277,-0.6177872940236666
6935,1898.912973,3357.3286779838936,76.80266161328151,-0.5698640184759007
6936,3471.755955,5546.591752220349,59.763296271795376,-0.46852313555431024
6937,11779.11668,16586.118318454344,40.80952561252959,-0.3422379089455365
6938,39334.13264,48647.493474122144,23.6775548589347,-0.21250762875694207
6939,72223.25226,84525.02123719869,17.03297565846655,-0.15728555233407882
6940,128790.1426,143918.99438055648,11.74690195626546,-0.1110663241348604
6941,378620.2316,407781.25835159107,7.701919844156333,-0.07419722386640792
6942,653492.4878,689716.8651492983,5.543197209695351,-0.053950135349943196
6943,2343.129959,4662.382455689981,98.98095868655065,-0.6880389491660912
6944,9130.546049,15425.655694604857,68.94559878260854,-0.5244065764192083
6945,16285.80512,25391.068320215552,55.90919904250672,-0.44410359438043656
6946,55748.87774,74383.23209870832,33.425523730925455,-0.2883732615075232
6947,102351.1126,122810.53266337489,19.989445687154063,-0.18223360031884717
6948,312819.8337,346680.6364087447,10.824378463552854,-0.10277658635798126
6949,539390.7147,581553.3790427092,7.816720457666647,-0.07526256674540299
6950,4036.464492,8803.922124672532,118.10973791845095,-0.7798281350923215
6951,23492.59637,39157.178399884615,66.67880290102059,-0.5108984385210569
6952,44271.97874,67153.22895947362,51.68336918900865,-0.4166250647522052
6953,142546.6828,181090.37852807154,27.039349475533026,-0.2393266908705236
6954,254241.267,300465.89875715825,18.18140394854084,-0.16705057960621517
6955,452124.3216,497707.06021754025,10.081903679994422,-0.09605448165200947
6956,5770.167265,13373.9214370657,131.77701482221588,-0.8406055804764083
6957,6132.489398,13983.511993601962,128.0234189750484,-0.8242781524943883
6958,19447.50104,37634.46169171122,93.51823976923271,-0.6602015844126221
6959,66832.22267,103209.49853535007,54.43074375211418,-0.4345755493468211
6960,117493.8682,165100.46927257345,40.51837070470496,-0.34016804658502053
6961,214249.1345,270116.434596888,26.07585800860635,-0.2317135874927363
6962,381596.8211,441893.5431916645,15.801159432579063,-0.1467043914718289
6963,9667.934645,22180.83408658522,129.42681038970986,-0.8304138836729269
6964,17295.43033,36089.119799378714,108.66274565472875,-0.7355491054753127
6965,57363.44613,95856.41582709386,67.10365623756131,-0.5134441299098551
6966,99484.50108,151093.04967516995,51.87596865331734,-0.4178940060506111
6967,182367.7917,251271.13810951205,37.78262914038019,-0.32050710615762057
6968,332469.2401,408659.1038344937,22.91636474748081,-0.20633397670313158
6969,1305.206231,799.840856121508,-38.719197233015045,0.4897035606581239
6970,2268.043482,1452.6334995840168,-35.95213182142965,0.445539441906206
6971,4215.23253,2767.713122998778,-34.34020298285233,0.42068336534269957
6972,7734.159637,5105.340250301649,-33.98972234969335,0.41535973411073
6973,13150.23654,9276.73563650646,-29.455750789814612,0.34893002468730216
6974,24129.01578,17531.024660480492,-27.344634276332297,0.31944294152542696
6975,41759.11661,30857.927255113413,-26.104932862195874,0.3025241107651748
6976,72501.46867,55760.24914803329,-23.090869507991048,0.26254558450885845
6977,126710.2861,103331.71373804707,-18.450413996778856,0.20395893353455286
6978,224083.1894,191902.99429114198,-14.36082518953027,0.15502735787503852
6979,982.8429755,669.0944198004786,-31.922551569329638,0.3845241814107805
6980,1760.065048,1210.137742068861,-31.244714878920714,0.374616577907676
6981,3177.236388,2269.6422966220703,-28.56551985888718,0.3363895180669081
6982,5811.434041,4106.244085730412,-29.34198243048748,0.34731860035906514
6983,31078.33136,24393.89346180881,-21.508355196941274,0.24217800249422794
6984,54876.29217,44466.23618931294,-18.97004256125393,0.21035125476863747
6985,461532.5306,422831.359991056,-8.385361386906327,0.08757911688968179
6986,1206.968686,1041.6735671262866,-13.695062746119444,0.14728337917733114
6987,2253.817717,1913.962224675874,-15.079102882219727,0.1634499849391693
6988,4091.720997,3393.977868711278,-17.052558783951756,0.18696301713245056
6989,23236.12882,19725.480700815293,-15.108575728685897,0.1637971075333482
6990,129814.4007,115785.03164140397,-10.807251724727971,0.1143704470693585
6991,369808.4574,338351.35292110563,-8.50632370607714,0.0889003276367557
6992,673406.1725,626357.9257801261,-6.9866075841284125,0.07242669873074803
6993,1567.91073,1662.8295731394824,6.053842308961194,-0.05877672547387114
6994,2951.687451,2920.136594242962,-1.0689091335313525,0.010746630063913187
6995,9630.779543,9274.715032371852,-3.697151503036415,0.037672288213752125
6996,53194.04958,51269.91300449167,-3.617202658381121,0.03684245110891382
6997,97298.04953,92015.11249662853,-5.4296433062027445,0.055826113224130225
6998,174148.3865,161983.89024507767,-6.985132908436293,0.07241084441166556
6999,527541.5376,494731.3508233612,-6.219450875073395,0.06421271688498997
7000,900477.9728,833013.6195854477,-7.492060355987896,0.07787571116391767
7001,859.5576205,1166.868689143004,35.75223595414615,-0.3056612438074042
7002,1107.708982,1496.9278190492205,35.137282749705136,-0.3011209850054577
7003,3856.509172,4533.09833925666,17.544082927871756,-0.16164325109023814
7004,7085.505134,8044.4979609501215,13.53457246609514,-0.126937207776729
7005,12569.5516,13993.066027550341,11.325101108223627,-0.10728457344494124
7006,22382.66894,24178.397964854394,8.022854779598031,-0.0771726370777408
7007,135116.536,132148.2446346891,-2.196837969048362,0.022213277865152037
7008,227828.9826,217476.76290190616,-4.54385547437977,0.0465032636020446
7009,730341.412,674748.819728615,-7.611863624047792,0.07917160978334437
7010,1580.362693,2331.1554332584337,47.507622369470454,-0.388709665537724
7011,2887.765762,4077.4282599769017,41.196641141453554,-0.3449833508380671
7012,17206.62896,21073.590634186952,22.47367385660738,-0.20272591360780723
7013,31436.37503,36773.665863889946,16.97807342225853,-0.15681632459948247
7014,57996.57514,63918.15656579134,10.210226054723094,-0.09721950184040473
7015,180290.8946,182147.59030507857,1.0298333197568876,-0.010245666640795292
7016,328451.8252,319230.52741563757,-2.8075038945962456,0.028476678063503513
7017,585788.0545,543260.2757543242,-7.259925909888251,0.07536950812374066
7018,1054.573559,1989.7941686260192,88.68234952835749,-0.6348947248009233
7019,1238.365622,2183.025375411372,76.282782453676,-0.5669192381456485
7020,2230.938688,3718.085960111039,66.6601587981892,-0.5107865757927641
7021,4259.369949,6553.334645801287,53.85690194250105,-0.43085277627843155
7022,7551.828037,10899.528135353761,44.32966537309622,-0.36692983990394445
7023,45489.92992,55125.58204940603,21.181945424738146,-0.19212291140829052
7024,85494.8082,93058.3563523471,8.846792351008625,-0.08477113273284509
7025,143750.0543,151701.48084683428,5.531425073579464,-0.053838590570180145
7026,266425.1345,265834.5120153971,-0.2216842212396095,0.002219303044617149
7027,478389.5592,449929.3132175122,-5.949177910588439,0.06133488929667408
7028,1931.482631,3561.280638709791,84.38067117724918,-0.6118322995604002
7029,3527.59038,6046.777751199716,71.41382926664278,-0.5389105010902409
7030,6295.156658,10100.491743222088,60.44861616567078,-0.47280355682301334
7031,11180.79833,16825.544284242358,50.486072529333946,-0.4087003525852957
7032,37660.15403,48812.567366020245,29.613297192401973,-0.2593851944601031
7033,219437.4831,224906.76639245125,2.4924106926430714,-0.024618567826131255
7034,3035.754457,5499.693383908473,81.16397296978334,-0.5942323631824724
7035,5674.773566,9578.545919036083,68.79168494801725,-0.5234951351738335
7036,32849.85884,44913.55342896696,36.72373341914476,-0.31279215949106565
7037,60716.17547,73133.48063307938,20.451395475683075,-0.18607612852400912
7038,190174.1841,197352.49184363734,3.7745963142204046,-0.037051017933523056
7039,342279.8144,329475.8265324343,-3.740795492135703,0.03812558614203532
7040,5552.570801,9033.855747155389,62.69681325861565,-0.48671824143546516
7041,9809.970521,14854.973544085842,51.42730054372855,-0.41493545939173515
7042,30941.04468,41716.975698255745,34.82730182417275,-0.2988245277701438
7043,55343.44707,67249.16348338762,21.51242295827529,-0.19484631813585374
7044,170591.0804,178631.56435686813,4.71330853759463,-0.046056034962273174
7045,10449.74575,14609.021484070941,39.802650069940135,-0.3350615997831703
7046,10663.6297,14826.060116046212,39.03389871130102,-0.3295475930306466
7047,18166.79971,24109.554945073334,32.71217457085805,-0.28301249621227065
7048,31995.3048,39792.9096632443,24.37109104597216,-0.21809958022066667
7049,55521.09457,63940.65639559857,15.16461786426659,-0.14119237850268718
7050,91229.25564,100234.26580579736,9.870748262303104,-0.09413447313477619
7051,161725.4658,163719.7804248297,1.2331481717888386,-0.012256068336753856
7052,287212.4657,267911.2701527944,-6.720180302816721,0.06956639630819694
7053,784.0031898,606.3739186634156,-22.6567026062608,0.2569162656810775
7054,1403.294497,1113.887429974531,-20.6234021186694,0.23096659818944065
7055,4718.043796,3837.7204672905955,-18.658651059062876,0.20651570166647737
7056,8375.174132,7114.904644008972,-15.047681016873069,0.16308004003053256
7057,28911.73501,23812.134947202794,-17.638512738973827,0.1940522459412044
7058,185160.2785,148901.4902905895,-19.58237938673789,0.21793687195912703
7059,1077.244651,949.6454802932379,-11.844957465169353,0.12607307475499496
7060,1991.398599,1754.9537483558065,-11.87330606554241,0.12639470308910639
7061,6501.654512,5662.814023246703,-12.901954221114986,0.1381357389038964
7062,11920.57314,10586.301406775978,-11.193016623897185,0.1187048974592777
7063,39544.74896,34685.69065408095,-12.287493115290843,0.13110568691791968
7064,73577.09264,62806.26096079656,-14.638838383983535,0.15827897065213037
7065,137072.9785,113687.11511501907,-17.060885114552995,0.1870634029720737
7066,250612.1684,203609.49881529226,-18.755142611306553,0.20770266045899177
7067,744.5848041,800.6405422410744,7.528455836381251,-0.07258533200602812
7068,1402.021194,1514.5024594418762,8.022793515764521,-0.07717206993987702
7069,4584.237545,4706.643084389518,2.6701395420275458,-0.026351134453323155
7070,15310.81148,15451.947309875328,0.9218050268575806,-0.009175823344770961
7071,52006.56648,49401.990140033304,-5.0081682300029,0.051379279452611115
7072,187008.4325,160394.3656469322,-14.231479563397661,0.15351814149478926
7073,322380.2729,267302.3617804492,-17.084764717174718,0.18735136168720423
7074,594517.3749,486867.07399681007,-18.107174903222493,0.1997588046226202
7075,988.1051298,1289.6496157715228,30.517449700170847,-0.26633674601326707
7076,1885.531106,2268.65357613396,20.319074499212224,-0.1849769821892755
7077,3344.931731,4076.228176346564,21.86282125189848,-0.19772581014721524
7078,6265.807227,7444.2920295710355,18.80818799360479,-0.17234014107049767
7079,10901.9846,12816.765458584292,17.56359900365565,-0.16180926927959227
7080,37009.10175,40234.16902772865,8.714254400212901,-0.08355273477814862
7081,72144.09017,71544.33760781762,-0.8313259766241686,0.008348007622858589
7082,239979.6153,211324.17571949502,-11.940780697011553,0.12716065121206377
7083,455074.1043,386525.48081440234,-15.063178246769263,0.16326247935386995
7084,739.3340863,1168.4161532517926,58.03628899340153,-0.45765449784053835
7085,2533.636206,3536.1946462548904,39.569944488506025,-0.33339568380010487
7086,4594.569181,6290.187723575336,36.904842995666634,-0.31411592183593484
7087,8243.065973,10840.715982384701,31.5131532113567,-0.27393668504858404
7088,15132.4619,19226.41580431056,27.054116715209176,-0.23944292557670543
7089,28076.26147,33449.99389627042,19.1397719814383,-0.17512717233986486
7090,102169.7483,103082.78458955322,0.8936464117267636,-0.008896770228542294
7091,180367.3472,171554.97161158957,-4.885793202158055,0.0500918396040948
7092,343295.0,301642.34697061597,-12.133195365322544,0.12934810183169
7093,641976.55,522796.0132945208,-18.56462462771876,0.20536042050206227
7094,2032.10392,3214.6253347850406,58.19197547658097,-0.458639144143544
7095,3769.966885,5535.76618061622,46.8385890242699,-0.3841637636613182
7096,6548.193141,9454.56964072762,44.38440402024818,-0.3673090292376866
7097,11888.74009,16413.70638045829,38.06094048825565,-0.32252499943450985
7098,41670.43713,50250.50518181838,20.59030008504828,-0.1872286645980541
7099,877.6129882,1590.976535056765,81.28452477895597,-0.594897571146455
7100,1003.572429,1720.2699549438569,71.41462890306812,-0.5389151660263396
7101,1776.567543,2931.1792581851164,64.99115216499915,-0.500721663232282
7102,5735.579023,8485.980892342763,47.95334278044977,-0.3917267865903806
7103,34619.22012,43646.25383344058,26.07520817092452,-0.23170843314069245
7104,65812.6533,72795.48665392458,10.610168415629854,-0.10084183753254017
7105,114368.6262,119672.58187333315,4.637596733966151,-0.04533273446513775
7106,215608.563,207438.5572075232,-3.7892770485543235,0.03862936933647099
7107,3225.652398,4806.675265028398,49.014049623222846,-0.3988704082853918
7108,9722.525401,13083.32253828803,34.56712118172875,-0.29689293081697166
7109,17256.98681,22553.1846739127,30.69016579907035,-0.2676591892639415
7110,58068.91734,64982.00533918471,11.904971395811993,-0.1124798554726194
7111,182953.3941,177372.25184832767,-3.0505814221854544,0.030980801451869766
7112,338475.4378,298065.08784699574,-11.938931290158235,0.12713964957875845
7113,3339.26396,4395.465603978688,31.629774005008205,-0.27482305355196956
7114,3478.465168,4562.147885609799,31.154048273333146,-0.2712023873537994
7115,5863.125995,7491.545655661908,27.773915519649478,-0.2450922312081989
7116,17526.46755,21002.42962074123,19.832644888794082,-0.18092595747138063
7117,30660.68314,34944.89756340813,13.972990764249904,-0.1307913112150736
7118,54519.11697,58187.12575065415,6.727931383541168,-0.06511271297857846
7119,6501.810936,7240.6512587937705,11.363608232636722,-0.10763041158744002
7120,10936.22489,11650.758972002966,6.533644737466321,-0.06329066229922908
7121,31760.66964,32647.743832970016,2.792995875165106,-0.027547031201713423
7122,54604.13031,52843.31947485949,-3.2246843327491685,0.03277822766195726
7123,88848.60921,83505.7157586444,-6.013480119567538,0.062018819528956826
7124,279383.5185,227866.86716554748,-18.439402442579134,0.20382391370959674
7125,12014.29765,11680.493444664562,-2.778391338884786,0.02817718790085344
7126,12087.46813,11703.259979102408,-3.17856598888581,0.03230179048196824
7127,155063.8152,130268.7119297912,-15.990257455118265,0.17423741119308467
7128,269229.5408,208891.43644669198,-22.41139816010414,0.25374965309385367
7129,1945.61036,2016.144723200671,3.6253077517880365,-0.03561139732339669
7130,3615.647527,3540.2375747439755,-2.0856555207026557,0.02107712543517337
7131,6515.52063,6495.010372909293,-0.3147907627867728,0.0031528727115723854
7132,26760.72784,22625.81950115563,-15.451404623845121,0.16784372371875556
7133,338501.7941,251128.9910434549,-25.811621852359657,0.29856267682031934
7134,832.9260347,890.8669927063355,6.9563149178311505,-0.06725029331222299
7135,2841.983653,2971.3183214457868,4.550858985739105,-0.044503455880911424
7136,5196.428002,5414.917830416022,4.204615715486298,-0.04118623904383156
7137,9728.783665,10046.176756849196,3.262412885086957,-0.03210326027434007
7138,18455.0332,18050.77482236001,-2.190504743388874,0.022148525146697295
7139,36180.71707,32169.455443522264,-11.086738880042146,0.1175088856394062
7140,71999.11501,58261.73541878012,-19.079928398164178,0.21170828884173432
7141,266005.8152,196381.0560852247,-26.174149261521602,0.30346123470654085
7142,441472.0833,330678.25220869924,-25.096452365258937,0.28896893163678605
7143,3652.433572,4541.329084211051,24.337075396125808,-0.2178260415544866
7144,6882.759626,8301.936587569544,20.619301540163125,-0.18746913143734467
7145,24286.87445,26250.922221423174,8.086869207755033,-0.0777650623406867
7146,48290.88417,45948.31998360543,-4.850944907423862,0.049725523009103156
7147,192675.041,153476.39205839043,-20.344435240893276,0.22745828692363013
7148,2586.801667,3822.523163467544,47.770245095776936,-0.3904884835562239
7149,4900.209289,6890.865103546055,40.62389373887934,-0.340918720193903
7150,8869.787961,12026.527611025696,35.58979835713906,-0.30446395333360243
7151,16517.86639,20948.639549971773,26.82412519485075,-0.2376310997065989
7152,32507.59165,37664.71756818138,15.864374001330805,-0.14725013143913124
7153,136492.2029,121033.96951075095,-11.325360028495119,0.12019624542680951
7154,243849.7942,200001.4731551106,-17.981692864963424,0.19822770589779104
7155,480130.0939,366919.0102316637,-23.579251770857656,0.2689159530051981
7156,841296.1892,625160.1998269954,-25.690831855369666,0.29693584827471753
7157,2072.682518,3371.482469555149,62.66275419780178,-0.4865088788449965
7158,6625.034175,10285.062771799308,55.24542968564096,-0.439837095974406
7159,23556.96148,31411.446645943626,33.34252243275147,-0.28775098832266544
7160,97095.60255,96973.26280951449,-0.12599925977338292,0.0012607870558181133
7161,1783.45996,2995.7931366449084,67.97647291419476,-0.518653741430934
7162,3257.433255,5342.086160481903,63.99679570662157,-0.49467670327097224
7163,5611.193201,9120.841740392278,62.547276731922274,-0.4857987072035943
7164,36595.98888,47592.75160515222,30.049092979045145,-0.26274183148044195
7165,73961.49279,81802.74122581816,10.601798503556344,-0.10076616430207253
7166,134035.0455,132479.42648174823,-1.160606177622236,0.011673937804559387
7167,265208.8677,233248.88783555446,-12.050871504265897,0.12841162394134997
7168,513553.3304,398542.9246238888,-22.395026761199478,0.253538672723602
7169,892.1198138,1506.356489882187,68.85136576732165,-0.5238486494534822
7170,1010.039417,1618.1978444925076,60.21135583983923,-0.47132373152617113
7171,1751.938086,2736.143379944242,56.17808653223387,-0.44582675048892906
7172,5490.044671,8220.66610472556,49.73769062662625,-0.4037148481406003
7173,9502.084498,13951.347232062284,46.82407039212044,-0.3840648839999403
7174,17159.13995,23679.74179473465,38.00074982624435,-0.32208893267786287
7175,108606.099,111896.51786817115,3.0296814805687413,-0.029846930442886332
7176,406352.3509,335350.4560031608,-17.47298735680557,0.19204452026152907
7177,2011.309332,2677.0314996895304,33.09894490608023,-0.28592261230477245
7178,3429.511559,4474.395098177244,30.467415583865776,-0.26595332058464294
7179,9818.234535,12627.936110073591,28.617177202862486,-0.25167018767995586
7180,16938.39169,21364.158834745333,26.128614957925393,-0.23213195398297337
7181,56320.19458,60958.25409710246,8.235162452278683,-0.07913610408447269
7182,95139.70678,96799.51684825633,1.7446028839404186,-0.01729559401811187
7183,180169.7026,167870.47592878365,-6.826467765516721,0.07070649352942482
7184,3713.130262,4136.435319567289,11.400221045282821,-0.10795912575162347
7185,3913.622474,4357.191608320635,11.33397861616622,-0.10736431425729087
7186,10690.72478,11668.71094351242,9.14798747173828,-0.08753445864949505
7187,17965.09256,19715.287239830304,9.742196840817742,-0.09296376403921336
7188,54748.23797,55198.67745300229,0.8227469955272545,-0.008193808828909965
7189,90170.06619,86607.82534968866,-3.9505802655231887,0.040307338077806065
7190,164554.557,148936.40407790043,-9.491170106033328,0.09972277215251424
7191,294870.5418,244554.63435801258,-17.063728080411263,0.1870976813049019
7192,6972.031059,6661.999313998302,-4.446792367648548,0.04548694566798339
7193,7103.17464,6765.647242228708,-4.751782335050294,0.04868388433536097
7194,19310.51043,18413.27037034309,-4.64638189088464,0.04757790910189996
7195,55323.33712,51064.40601039002,-7.698254175036608,0.08010712997817215
7196,89901.07573,79283.97682639731,-11.80975735539476,0.12567385670721798
7197,155385.2063,132210.34368731015,-14.914458824314632,0.1615130687725621
7198,12504.01674,10924.590919813965,-12.631347614350954,0.13503363601989804
7199,20806.09223,18150.84440180797,-12.76187666016141,0.1365287563505202
7200,34674.74296,29967.901685652716,-13.57426435655772,0.14588468828787882
7201,57320.48192,47722.84779101814,-16.7438126957427,0.1832477379162185
7202,91139.15134,74509.46779967575,-18.246476180457535,0.20146127231350697
7203,154770.4739,122983.36492849572,-20.538225522293427,0.22989410414060885
7204,265558.0355,199641.29745368002,-24.82197080657346,0.28531116270183077
7205,405452.67,401781.6510060671,-0.9054124600863698,0.009095362289844644
7206,53264.04,50966.46008766504,-4.31356673721138,0.04409366076778376
7207,6568.41,9554.490608601658,45.46123960900215,-0.3747394706943066
7208,1263.85,1991.3649962367183,57.5633972573263,-0.45465771355597884
7209,23292.65,19723.77391850521,-15.321898030042922,0.1663131541205125
7210,121710.51,131771.9717320031,8.266715612319015,-0.07942758571544672
7211,81672.64,111820.66863558107,36.91325349049702,-0.31417735309223893
7212,10924.68,12573.707805521992,15.09451815084736,-0.14058350176669343
7213,17227.74,20952.79004153727,21.62239528537852,-0.19575093834119706
7214,442289.03,326503.3735164272,-26.17873124358812,0.3035233013704062
7215,2346.28,4697.618578713063,100.21559995878849,-0.6942245997293481
7216,129057.8,143939.20958739767,11.530809906412214,-0.10913068877278498
7217,90820.46,78307.87633156002,-13.777274050847113,0.14823640096437352
7218,1403.04,1486.6232459428745,5.957296010297251,-0.05786595912354642
7219,58101.89,64293.10778764719,10.65579413621001,-0.10125424367671876
7220,11952.08,10685.046340684687,-10.600946942417666,0.11206009606178569
7221,3183.85,2261.8938271667416,-28.957274143984748,0.3418887173193781
7222,370463.57,338354.9900836873,-8.667135588072185,0.09065950245728338
7223,9387.41,21943.756181075667,133.75730026786587,-0.8491132127855003
7224,214607.62,273987.0672544619,27.66884384369105,-0.24426956798497024
7225,519662.57,541644.6586105601,4.230069641259733,-0.0414304779127761
7226,3217.09,5769.339777445774,79.33411180432547,-0.5840804264124753
7227,95297.34,97422.14163340304,2.2296547137653997,-0.022051613231994338
7228,180591.31,181110.7366879326,0.2876255163842614,-0.0028721266564915027
7229,13612.16,12556.483056212193,-7.75539623239667,0.08072640052253632
7230,2848.64,2970.6408294580046,4.2827745681449665,-0.04193600962913013
7231,164815.13,146514.24797756856,-11.10388471157438,0.11770174196601779
7232,52011.89,55002.304402436166,5.749482286523652,-0.055902736290601496
7233,3229.41,4804.507024296854,48.77352285082582,-0.39725498274761506
7234,2274.03,1435.45334210221,-36.876235489320294,0.460072870692148
7235,2032.53,3214.947747004325,58.174676241153875,-0.45852978220321017
7236,155607.81,131794.25622318694,-15.303572344352807,0.16609676165817255
7237,5826.65,4074.558059661538,-30.07031382249597,0.3576799319485673
7238,65913.16,73697.84845183151,11.810522286947712,-0.11163548736095308
7239,244299.76,200013.85621149826,-18.12769025581595,0.20000935065881542
7240,5010.69,9178.382325772,83.17601619281976,-0.605277341703637
7241,55013.82,44463.90926535724,-19.176837264968626,0.21290659402955825
7242,240403.62,211697.8912679595,-11.940639135151335,0.1271590436376666
7243,104999.24,117528.09164259309,11.932326026924658,-0.11272427078288061
7244,182634.4,251173.0945732502,37.52781216093474,-0.3186559809260068
7245,462295.98,422616.99811066256,-8.583025508752513,0.08973900823673198
7246,9824.87,14848.682524719548,51.133628482815006,-0.41299421632322897
7247,2119.41,2585.1080968324854,21.973006489187348,-0.19862957597858966
7248,586720.77,546187.1023100779,-6.908510787835609,0.07158742143512775
7249,53402.98,60153.51276311285,12.640741702266139,-0.11903329111468253
7250,88876.53,79697.70055307735,-10.327619054122222,0.10900736906396347
7251,455795.79,379583.9848814513,-16.7206031276745,0.18296900387468185
7252,3179.22,1845.5776528770427,-41.94872789938907,0.5438435642064166
7253,7246.23,14554.587650373349,100.85737894564966,-0.6974249127315986
7254,16516.55,21314.64293677184,29.050212888114295,-0.2550313898312293
7255,54832.19,55200.461971806784,0.6716346215731707,-0.0066938920463996965
7256,9391.23,7992.054320278817,-14.898747871377688,0.16132843690217413
7257,23758.34,17509.20136322402,-26.30292620097187,0.3052070918004617
7258,2015.4,2648.1748404416057,31.39698523576489,-0.273052976387989
7259,265599.27,233258.58009047082,-12.176498041402448,0.12984104509983574
7260,105873.94,110815.1449975085,4.667064432955358,-0.04561431155969231
7261,16456.07,13804.974697067022,-16.110136277574036,0.17566539361057387
7262,34665.22,43111.29447404455,24.364693124822377,-0.2180481367086493
7263,142770.7,178494.81595745782,25.022021995730075,-0.2233197117628869
7264,72223.04,63732.672300367936,-11.755760626570217,0.12506176852702922
7265,11904.69,16372.247684253747,37.5277112151072,-0.31865524692273084
7266,2755.73,2526.9143250064476,-8.30326900652649,0.08668345628724428
7267,4725.54,3828.8845752838756,-18.97466585228618,0.21040831296140894
7268,48378.95,45946.21485036701,-5.028499274235978,0.05159333175463843
7269,97416.2,91659.0102337989,-5.909889490866102,0.06091724046554958
7270,1124.79,1827.1801188233785,62.44633387773527,-0.48517750817605876
7271,51443.69,44451.07613765486,-13.59275328489294,0.1460986396778683
7272,30982.67,41392.9625946233,33.60037270714016,-0.2896828648346652
7273,55434.62,67244.88842961067,21.304860445711842,-0.19313669878579098
7274,70805.95,81792.42327743061,15.516313639504334,-0.1442415776318864
7275,339195.34,251224.86798738615,-25.9350473425177,0.30022773915657197
7276,190524.39,198009.85094337072,3.9288728038287943,-0.03853656382869275
7277,154338.53,141822.4282239532,-8.109512106955272,0.08457266695577026
7278,674743.06,502891.7558957657,-25.469147337985866,0.2939570166391441
7279,177742.04,158086.156413204,-11.058657584213616,0.1171931075206114
7280,187551.62,156914.83134585925,-16.335123447155908,0.17835093153605008
7281,42390.23,27267.07834332013,-35.67603114368541,0.44123785816540995
7282,32051.75,39896.50525352387,24.475279051920324,-0.21893694836869493
7283,18192.57,24053.933029951517,32.21844428770381,-0.2792852497590541
7284,2590.6,3543.9452061476663,36.80017008213026,-0.3133510624900113
7285,1714.01,2673.6891669833867,55.99028984564774,-0.44462357474499026
7286,249802.07,227768.64327646524,-8.82035394003531,0.09233849298303554
7287,136738.73,120126.95169493704,-12.148553891836618,0.12952291038445196
7288,34723.35,29483.192829103606,-15.091162491223898,0.16359200493408999
7289,17281.02,22358.036520779886,29.379148457555658,-0.2575770428898707
7290,1044.96,1051.382194569129,0.6145875984850169,-0.006127067114356066
7291,13270.1,18296.552436155773,37.87802982762581,-0.32119926652182684
7292,17996.81,19706.213668057244,9.4983703670664,-0.09073948066517445
7293,333031.27,402495.89002557326,20.85828757929345,-0.18944849621424353
7294,105190.97,78074.46831588847,-25.778355009095865,0.298114366886562
7295,6304.21,10114.336163086084,60.437805261659804,-0.47273617532418477
7296,88983.02,82435.00274976774,-7.358726698905327,0.07643542764328437
7297,7112.8,6808.7697125717,-4.274410744408668,0.04368453293105112
7298,21520.07,28274.694668936405,31.387559003927056,-0.27298123524454354
7299,1785.4,1031.2102281649732,-42.24206182564282,0.5489093884679876
7300,11613.03,11308.638214081815,-2.621122875926314,0.026560866168022557
7301,10734.51,22784.67641252642,112.25632481153234,-0.7526244376358662
7302,13504.53,11224.88097749655,-16.880624668192453,0.18489235448272723
7303,5342.01,7166.508649824027,34.1537857440182,-0.29381661071657916
7304,939532.1,1005811.1940312043,7.0544789295867965,-0.06816766777614802
7305,23576.43,31656.81749041134,34.27315963617622,-0.2947060437789606
7306,73672.74,63451.35371849005,-13.87404117385882,0.14935932375668948
7307,3637.16,3154.6600081813285,-13.265844555055907,0.14232243001075595
7308,3179.91,4785.592549761921,50.494591034397864,-0.4087569575842043
7309,174473.71,205193.4445231823,17.607085057790254,-0.16217909475170522
7310,3348.51,4120.586073750981,23.057302315088826,-0.2074799333798314
7311,39619.38,34712.13930483532,-12.385960343560846,0.13222893083694132
7312,229866.19,206881.22050380925,-9.999282406947604,0.1053525424334758
7313,96276.63,79515.55617648982,-17.40928595393315,0.1912729325306426
7314,1582.02,2332.0507805586794,47.409690178296074,-0.3880455323003229
7315,287678.44,266322.14836387156,-7.423667771602364,0.07713666849101486
7316,93398.43,106277.38755932312,13.789265579007193,-0.12917800418131087
7317,1781.74,3027.884051391003,69.93972472925361,-0.5302736277746085
7318,57415.17,47256.512419110775,-17.69333362748769,0.1947180807043889
7319,99639.56,150021.50600177734,50.56419960282577,-0.4092193826774615
7320,180431.86,167868.71922176107,-6.962817308561202,0.07217095885267177
7321,9847.02,12562.157552252667,27.573190185991976,-0.24352005458651504
7322,7096.25,8095.208594048582,14.077274533008028,-0.131705879552813
7323,99228.13,103093.850778758,3.8957912224668516,-0.03821820333191184
7324,11790.98,16291.78028227438,38.171553868078654,-0.3233258710770208
7325,5873.54,7492.633708612966,27.565892266213666,-0.24346284720213163
7326,410443.36,389041.12801623135,-5.214417887956243,0.05355287571927825
7327,343747.68,299927.95660962793,-12.747641930375227,0.13636559868480802
7328,1066.87,1419.9344712837703,33.09348573713484,-0.28588159559416937
7329,170867.86,179575.0057153992,5.095835878906197,-0.049702470547636324
7330,5916.89,3501.4776575901938,-40.82232967673569,0.5246259057377554
7331,36216.98,32168.67028095393,-11.177932889617168,0.11853506336654362
7332,24190.68,17581.85118358587,-27.319731468541313,0.3191002477578273
7333,155242.93,139111.67030928566,-10.390978636331027,0.10971418621320872
7334,135387.17,131754.980004291,-2.6828169875395287,0.027194614109657067
7335,31430.36,21202.475536350918,-32.541416845524786,0.3936563593252931
7336,72342.38,84377.7118597033,16.636626911781573,-0.15389316305936163
7337,24667.84,31769.71539500401,28.790017265411194,-0.2530131189751099
7338,1444.72,1389.9769029698696,-3.789183857780778,0.03862840072584639
7339,16165.63,18708.50441038884,15.730128738495438,-0.14609081827510906
7340,338398.46,257264.88618218162,-23.97575149065938,0.27411783725693617
7341,30709.82,34848.257995435575,13.475943510693241,-0.12642067702084603
7342,1755.71,2766.729187535137,57.584634565796,-0.45479249027267965
7343,5491.93,8220.454046617218,49.68242578869756,-0.40334570234493405
7344,4601.05,6309.712325507008,37.13635638619463,-0.3158055469443344
7345,1261.4,1539.1322472389054,22.017777646972036,-0.19899656654707165
7346,10956.13,11645.589301662723,6.292909098949393,-0.06102839063388821
7347,9740.74,13384.3611575421,37.40599951894929,-0.3177698574680594
7348,18514.58,19733.60646932348,6.584143249933179,-0.06376456467864777
7349,2537.01,3537.015614231781,39.41669974622807,-0.332297102481915
7350,2589.44,3820.521341993708,47.54237757946537,-0.3889452541509195
7351,2171.52,1586.009005317113,-26.963186831476893,0.3142065819713915
7352,17181.12,23829.793653460107,38.69755669863262,-0.3271255254503025
7353,879.97,976.4902579447707,10.968585059123688,-0.10407695778186365
7354,15158.83,19052.358900656378,25.684890592851676,-0.22860772025797083
7355,1780.13,2886.3238028931305,62.14118086280948,-0.48329725652761546
7356,1946.29,2281.9390685969356,17.245583576801796,-0.15910055390651578
7357,19162.64,26974.02557972626,40.763619103246015,-0.3419118372973564
7358,1819.36,2802.23657104426,54.023204371001896,-0.431933082808567
7359,2582.363272,1257.549563921955,-51.302375713080735,0.7195399396989179
7360,4489.278556,2252.533735046963,-49.82414864775072,0.6896363237914578
7361,8205.967006,4323.023323488004,-47.31853881051293,0.6409065724155383
7362,23960.76706,14541.400496577071,-39.31162362138054,0.4994179991984762
7363,69399.3494,48243.782441249314,-30.483811651915417,0.3636105346686431
7364,113861.205,88127.81052692044,-22.600669361508658,0.25619205351131136
7365,313328.3747,293017.91858939274,-6.482163043820638,0.0670179983028465
7366,1784.802763,1050.477632169175,-41.1432089894644,0.5300629636880831
7367,5903.249669,3506.1917404564247,-40.60573519584227,0.5209725163995049
7368,10628.82279,6324.55300275954,-40.49620425782318,0.519130081485093
7369,18411.26536,11497.731907267324,-37.55056112413057,0.4708129346311001
7370,31365.06039,21224.47392139292,-32.33083674163804,0.3905396008512625
7371,52958.08673,38046.88773442476,-28.156604432478982,0.33068149741624175
7372,148717.3216,124649.24648659898,-16.183773923885017,0.1765435686503931
7373,2167.701999,1616.90182703556,-25.409404623815174,0.2931557540688985
7374,4048.121968,2914.9908655278546,-27.991525735376392,0.3283863757781438
7375,7497.449647,5217.824088127888,-30.40534670058468,0.36248244200925583
7376,13351.22387,9590.507131397573,-28.167580554563997,0.3308342875306458
7377,67744.66643,54710.62154776896,-19.239957282392123,0.2136878635984747
7378,115834.5496,99025.32889698363,-14.51140506961178,0.15678721157000197
7379,198097.9457,178348.10878944758,-9.969733325988969,0.10502427581487872
7380,518766.9716,541651.4596687685,4.411323257181792,-0.043167943896886385
7381,875111.7465,970087.3647224783,10.852970332341243,-0.10303454567680426
7382,2754.192329,2563.3583203496446,-6.928855571957966,0.07180599144357291
7383,5167.464583,4461.015479876125,-13.671097145938097,0.1470057325662122
7384,9365.014008,7968.996020868652,-14.906736775180576,0.16142231658792205
7385,17397.16836,14404.87297791479,-17.199898973014303,0.18874090446494485
7386,29823.04484,24944.671053452956,-16.357732125339364,0.1786211970814744
7387,51340.0911,44456.244667405925,-13.408325316731029,0.1439665103381209
7388,88695.30174,79917.46874575032,-9.896615516322251,0.10421245844247196
7389,258478.7994,251158.66153619238,-2.832007066266036,0.02872881955502571
7390,712142.0398,762566.4110165759,7.08066205875687,-0.06841221548727816
7391,1149825.216,1292446.5246300504,12.403738119972695,-0.11692700821361868
7392,1944.41501,2282.6516827572923,17.395292209624134,-0.160376620172765
7393,3655.386207,3956.5488226843954,8.238872683484834,-0.07917038284870515
7394,6655.868271,6960.3032795214895,4.573933799860944,-0.04472413573343559
7395,22020.3254,21196.899699342594,-3.7393893400749105,0.03811097827365195
7396,38465.55548,37128.551857330334,-3.4758463929237613,0.035376912515694414
7397,66975.05104,64628.63478603316,-3.5034183886854815,0.035662601987533904
7398,119981.4966,117716.20910556524,-1.8880307035899708,0.019060815683078047
7399,333654.412,335435.85402078193,0.5339183168906876,-0.005324980262633616
7400,577574.4872,604264.0474883056,4.620972858010552,-0.04517385087893189
7401,4789.970208,6163.435181555043,28.67376860217505,-0.2521100896753268
7402,8979.496721,10764.057364745791,19.87372677103728,-0.1812687258538883
7403,16135.14341,18439.414107481884,14.281067350500127,-0.13349073111472975
7404,28701.85187,31475.145251534093,9.66241967276272,-0.092236548971103
7405,51937.15111,55783.81671593589,7.406385455738359,-0.07144944921444463
7406,91908.58818,96751.22792768828,5.268974144401083,-0.05134854723289273
7407,162300.5175,165981.1804563509,2.2678072830857854,-0.02242474812951656
7408,268566.9736,276196.4215560167,2.8407990207239293,-0.028011965931376892
7409,465018.4764,492812.06130544504,5.976877547019775,-0.05805074797991239
7410,1478.325272,2742.0262876101187,85.481932802277,-0.6177872940236666
7411,4810.34306,2578.227315131475,-46.40242321653719,0.6236663281970589
7412,26925.90185,14947.062919408127,-44.48816235505914,0.5885738970791365
7413,1954189.357,1576570.7191491735,-19.323543877576576,0.21472339897312054
7414,3137.15592,2096.2026374472844,-33.181432772162495,0.4031891915545964
7415,5586.373175,3603.8369257957465,-35.48879008077102,0.4383311800899996
7416,17380.21799,10972.138723837346,-36.86995911011962,0.459973445899589
7417,30816.84628,19198.262692486733,-37.702052578474515,0.47324170742242266
7418,283108.5835,180991.3031342914,-36.07000505009718,0.4473815302036268
7419,482986.7196,313552.72297706583,-35.080466966722405,0.4320216363238618
7420,827347.6086,564610.8747572969,-31.756510940702942,0.3820881548723172
7421,2905.378993,1986.1833122008122,-31.63772034608318,0.3803489805214655
7422,5056.14364,3363.4779594574807,-33.47740493667066,0.40762852064845845
7423,15085.45652,9905.923964405294,-34.334609288938545,0.4205981769030114
7424,26534.63038,17432.15860884908,-34.3041212211938,0.4201339903370531
7425,46412.60777,30128.75304970012,-35.08498122104092,0.43209117489055693
7426,79984.94688,51751.43144249719,-35.298536210646056,0.43538636048130286
7427,140779.3784,89926.91015079449,-36.12210028710107,0.44819674181518643
7428,244491.912,153555.63772131334,-37.193980583982125,0.46511926653377955
7429,416058.3174,267051.86757350207,-35.813837530675436,0.443382536384787
7430,717632.5216,466037.5694970746,-35.05902318110961,0.4316913775587885
7431,1206132.608,793730.0448375669,-34.19214109850458,0.4184309185958135
7432,7636.681969,5132.18244051118,-32.795650501820965,0.39743221587825595
7433,68932.53708,42932.502006176124,-37.71808811222109,0.47349914123113024
7434,606082.8385,373379.8067271895,-38.3945917935458,0.4844205237431005
7435,4689.891518,2905.5134767768286,-38.04732016454227,0.4787993208104835
7436,13132.77069,8307.556244242012,-36.741785565723504,0.45794519433448144
7437,22113.44439,14039.735139279124,-36.51041017550354,0.4542942333007485
7438,63440.79323,38759.62785876694,-38.904250900131856,0.4927278950644265
7439,109417.4952,66058.07193314985,-39.62750489544212,0.5046365638274679
7440,183398.7774,111075.68803798093,-39.43488085761855,0.5014510503392007
7441,314834.5002,188041.82954239365,-40.27280065464895,0.5153826689192549
7442,543832.1312,321438.9583012662,-40.89371703875039,0.5258329565455764
7443,7951.626463,4884.728110132352,-38.569446982178334,0.4872628684464342
7444,13326.21402,7919.551878556691,-40.57162922139013,0.52039845110931
7445,22174.07318,13237.317079622628,-40.30272664761437,0.5158838391219085
7446,37154.72717,22617.477988561353,-39.12624392294426,0.49636803884658676
7447,61053.54475,36697.60971601553,-39.89274518574856,0.509039639348531
7448,290333.7925,168631.86871709087,-41.917932712882234,0.5433132223185311
7449,496550.8529,278849.7568730205,-43.8426587640606,0.5770127700561325
7450,13955.00927,8112.133715450393,-41.869377809088384,0.5424776008930685
7451,23037.23978,13388.647272034888,-41.88258923424337,0.5427048980760976
7452,38130.59551,22239.819699452662,-41.6746069606489,0.5391326293231717
7453,61840.87955,35154.526251403586,-43.15325637795915,0.5648112476073006
7454,102825.5629,57843.216447804356,-43.74626812978589,0.5752978027448883
7455,279857.1056,157965.27293676272,-43.55502512680789,0.5719039184302801
7456,793734.9405,419007.89968787367,-47.21060163687305,0.6388598040137428
7457,23765.11218,12225.48094188911,-48.55702405571767,0.6646962550050262
7458,38444.51791,19769.10691032131,-48.5775658402025,0.6650956464960469
7459,61846.53742,32550.190541810418,-47.36942131333564,0.6418728913063685
7460,101696.0614,52904.58900815006,-47.97774045539383,0.6534984908361992
7461,165857.3139,83909.9749969723,-49.40833598235893,0.6813833660006114
7462,267459.4281,137365.00288418334,-48.64080737029612,0.6663262465565811
7463,442906.4593,219793.2287159039,-50.37479718329683,0.7006713600026266
7464,732242.1322,353787.9225723254,-51.684298538056,0.7274135961294519
7465,11881.60105,8272.637379568076,-30.374388562995254,0.36203770591917106
7466,21004.58567,15106.20015207246,-28.081418079824182,0.3296355134805218
7467,106831.4018,87399.71028582349,-18.189119665915044,0.20075993980549178
7468,522155.9711,499760.83237797796,-4.288974934987976,0.04383668972361754
7469,879146.1121,887482.282289085,0.9482121429363426,-0.009437448291352624
7470,8531.662667,7085.512473934682,-16.95039114308806,0.18573205967001627
7471,27090.42886,22101.72277407029,-18.415013330762417,0.20352492784229348
7472,47244.48267,39827.7802635301,-15.69855777292587,0.17077121285765529
7473,82832.43964,70193.9290342851,-15.257923901123064,0.1655579414570667
7474,143736.5259,124622.17991806356,-13.298182812095119,0.1426953429298372
7475,243674.0148,225749.39722125488,-7.355982374015993,0.0764058049476457
7476,419010.2402,397810.0634795164,-5.059584393537593,0.05192069530485277
7477,1209727.89,1246836.2289241317,3.067494701153978,-0.03021387599459402
7478,20828.13461,19008.598767765994,-8.735952001003543,0.09141325470074513
7479,37033.84064,33675.11156290795,-9.069351217827274,0.09507307131286424
7480,64892.88453,58746.606571594784,-9.471420484573763,0.09950458938462603
7481,114143.4161,100928.39664967475,-11.577557341325495,0.12304437233626153
7482,336601.6927,310049.4709055069,-7.888320935497509,0.08216844224840791
7483,572859.4021,539736.9799073158,-5.781946158387778,0.05955836839956952
7484,975690.7231,965151.7663714641,-1.0801534214705932,0.010860294301206608
7485,1632589.206,1672197.5737776821,2.426107414658611,-0.023971449343033413
7486,2794958.278,2948389.061977104,5.489555432179653,-0.05344176138429546
7487,16083.01056,16742.40526111839,4.0999457076672465,-0.040181268092515765
7488,28612.55785,29540.392137852115,3.2427519857408145,-0.03191284470368849
7489,90590.87434,87868.12242381513,-3.0055476735614666,0.03051640163120517
7490,158084.9327,152345.5910224271,-3.6305431387724516,0.03698087211434142
7491,469914.116,448265.923363674,-4.6068402500013335,0.04716331083823633
7492,4058.096136,5154.955130984573,27.02890612309961,-0.23924448184039626
7493,7256.839025,8976.183731941692,23.692749708495725,-0.21263047979685723
7494,12706.6055,15129.050872276286,19.06445724057685,-0.17449481796381328
7495,22962.82191,25828.584541131415,12.480010698874144,-0.11760533719227162
7496,73769.35138,74679.33056935834,1.2335464150563962,-0.012260002250609858
7497,128002.8654,129413.42740252073,1.1019768956834086,-0.010959493711487411
7498,225685.4778,219532.40005747805,-2.726395070920218,0.027642508735812754
7499,390022.0957,365985.57494250534,-6.162861289782734,0.06360947326057875
7500,672210.6135,634516.9024945841,-5.607425745504966,0.05770777848901254
7501,1917188.281,1835864.532464642,-4.241823786495275,0.04334417030920612
7502,3690.838463,4857.2245401176415,31.602197950694798,-0.2746135345166536
7503,6525.58447,8535.617906822848,30.802351054737763,-0.26851722729806937
7504,11332.51637,14282.573302979015,26.031790616147294,-0.2313639956168192
7505,19774.6652,24192.475938873587,22.34076124269142,-0.20164009016017737
7506,35176.73701,40310.6318207975,14.594573707442063,-0.13623026732370747
7507,109663.9909,114859.4768181939,4.737640747482495,-0.04628837776215455
7508,190965.9755,189274.77427296396,-0.8856034288872799,0.008895482033619118
7509,332294.2247,320194.7596201497,-3.6411903007865734,0.03709136096182597
7510,576221.1875,547100.7149737633,-5.053696941026951,0.05185868514896619
7511,974384.4383,897147.1062256895,-7.926782185588453,0.08258607964758369
7512,1657166.807,1544077.1845719335,-6.824275139374461,0.07068296109171435
7513,3608.19606,4897.670417201471,35.73736947103341,-0.3055517259265699
7514,10510.27505,13621.929370216449,29.605831487887162,-0.2593275929663026
7515,31575.85527,36842.32501883278,16.67878733228302,-0.15425456585048636
7516,55108.62461,62295.76554458331,13.041771565605597,-0.12258722428948765
7517,95985.7858,104090.51844967416,8.443680053379486,-0.0810607743758407
7518,288364.0938,280268.61134072585,-2.8073822758560523,0.02847542674607695
7519,854595.4649,782923.2174683331,-8.386687078903892,0.08759358730193689
7520,1457208.154,1309499.9915664992,-10.136380449700727,0.10687700327414618
7521,6208.812139,7623.093126381977,22.778608141456235,-0.20521261374775435
7522,29414.12888,34027.00238515745,15.682509327325187,-0.14567926415913313
7523,50219.48281,55277.34479700969,10.07151349237419,-0.09596009122408589
7524,85841.38171,92447.70411734137,7.695964668485498,-0.07414192921311091
7525,251430.4498,242708.53593847316,-3.468917097537184,0.035305126890866845
7526,436750.9822,407989.44555085455,-6.585339889624975,0.06812189257378343
7527,743636.3588,662966.7773498023,-10.847987796128416,0.11482727094239564
7528,1269497.729,1092871.5446129255,-13.913076041987512,0.1498126564942428
7529,10794.23332,12546.670463430522,16.234938522067477,-0.15044328898511417
7530,29810.22506,32854.39821608016,10.21184224524657,-0.09723416634778381
7531,50137.2872,54372.007503733854,8.446249368940437,-0.08108446672124181
7532,83384.66164,88323.85103838405,5.923378833997319,-0.057545805559616525
7533,140907.2324,141749.15347541388,0.5975002567816219,-0.005957223026690883
7534,238364.4398,224136.19966108617,-5.969111898927562,0.06154686087427841
7535,681279.3321,589193.8224443081,-13.516557059179268,0.14521720146047734
7536,1162443.494,962509.1254115264,-17.199491383490294,0.18873598190427288
7537,26224.29438,18873.85076358291,-28.029137828863448,0.3289088409495182
7538,44053.42689,33475.8787763122,-24.010727111195234,0.2745780018637589
7539,74561.23775,60393.28054506045,-19.00177308274305,0.21074292146564666
7540,125668.5919,110823.94142845484,-11.812538238160334,0.12570538997583647
7541,19954.25753,15518.571515301452,-22.229271161955115,0.25140506161311826
7542,33210.20282,27255.606546598567,-17.930020800160328,0.19759789779064008
7543,57149.65614,48654.01500493466,-14.86560324047006,0.16093903983354707
7544,97695.68909,88203.86260364857,-9.715706572894224,0.10220667837838526
7545,276283.5846,280186.1594790627,1.4125250635910243,-0.01402641887804812
7546,468411.0525,505999.6851137179,8.024710863055036,-0.07718981925196644
7547,786804.3218,904376.6249187249,14.943016943494989,-0.1392663147328932
7548,1370342.672,1625230.9176493117,18.600329016778343,-0.17058907474350882
7549,14447.52529,13123.581233218218,-9.163812003832678,0.09611243356599353
7550,42385.65525,40416.2129509782,-4.646483078781237,0.047578970288169486
7551,127511.0255,126247.75858026596,-0.9907119127781179,0.00995652119138768
7552,215896.4758,224912.36042375126,4.176022137620867,-0.04091180300851249
7553,368080.814,394559.1757547759,7.1936272545778115,-0.06946661362947992
7554,618486.6569,682868.1270390437,10.409516425421167,-0.09902614364556683
7555,1064065.437,1251572.6345375106,17.621773155809276,-0.1623039782217841
7556,1835653.273,2207695.927279081,20.26758864276441,-0.18454897960125827
7557,10794.99732,11183.051411826054,3.5947585749475106,-0.03531654965151354
7558,18723.72465,19491.76367840205,4.101956436333571,-0.04020058327307474
7559,57324.49714,59927.202476070044,4.540302080127493,-0.044402476905361254
7560,295524.535,316234.22555518535,7.007773671037287,-0.06773129696603775
7561,495411.5266,549774.2015940261,10.973235799965353,-0.10411886733117193
7562,7999.305874,10045.62158376855,25.581165941155643,-0.2277821041041701
7563,24808.27848,29899.819940029163,20.523558150695035,-0.1866750511596038
7564,44643.94465,51912.88098532492,16.282020758497023,-0.1508482679356291
7565,135988.1493,153361.69416935224,12.775778594519227,-0.12023140124635212
7566,691297.4788,782863.2244541665,13.24549104578138,-0.12438776341716107
7567,1172778.049,1367743.6854823472,16.624256963931888,-0.1537871020031254
7568,3386268.637,4025803.5357666486,18.886124147942148,-0.17299590903084905
7569,6100.395039,9196.570444625362,50.753687028978035,-0.41047710722378383
7570,10591.38776,15417.352074332643,45.564985662772514,-0.3754524377684483
7571,18741.82888,25850.254153628135,37.928130275555766,-0.32156256840357145
7572,105687.6368,129810.38082345661,22.82456562928524,-0.2055868555595346
7573,187356.1549,223126.9239875935,19.09239069657781,-0.1747293982949767
7574,322096.453,366240.95805984916,13.705368267389515,-0.12844042796685073
7575,561360.7192,644306.9449006094,14.775922657861912,-0.13781154295489273
7576,952242.0047,1084624.9596844385,13.902238541361678,-0.13017033783962262
7577,1623855.16,1871173.6820345016,15.230331382172144,-0.14176282086613767
7578,8722.787932,14127.024810494484,61.955385372476634,-0.4821507123797133
7579,15208.85098,23902.077584392922,57.158996533168235,-0.45208782368030853
7580,27412.78334,40767.40221392554,48.716756369787646,-0.3968733468711356
7581,87192.10557,114586.72971023165,31.418697783641164,-0.27321820661836327
7582,267671.4621,320383.3085455025,19.692740508067214,-0.17975777735214216
7583,469759.4717,545077.1454870144,16.033242185505983,-0.14870653462947736
7584,1370022.571,1564083.6489717092,14.164808819905872,-0.1324729098033579
7585,2307209.254,2596142.845852975,12.523077018352433,-0.11798814367231714
7586,4462.486479,8189.271463371043,83.513642044831,-0.6071188223117492
7587,7566.892742,13376.378884355603,76.77505602940661,-0.5697078684553905
7588,22908.35902,36337.23518942524,58.619983027598124,-0.46134111166668745
7589,72112.10103,101124.07131810843,40.23176398097026,-0.3381263248695987
7590,220759.0478,275269.4677409983,24.692269913386678,-0.22067867530884477
7591,678303.7946,774140.8988562467,14.128935297017236,-0.13215863467222988
7592,1157978.296,1271234.3339705083,9.78049747233848,-0.09331270866226582
7593,4339.767183,8100.464150041729,86.65665249908704,-0.6241006603076062
7594,7229.18397,12978.938354206579,79.53531696063033,-0.5852017544569375
7595,21453.39964,35014.467146862466,63.21174142292008,-0.4898781989473804
7596,37074.30612,56883.612733005466,53.43136173307689,-0.42808312620224953
7597,64233.24078,94511.85112014344,47.13853757410159,-0.386204389456859
7598,113516.3719,156377.02818249227,37.75724643512173,-0.32032286636091456
7599,196235.0415,251333.23458268848,28.077652523995567,-0.24746655433124687
7600,597165.0611,688098.0094914932,15.227439499556677,-0.14173772401125895
7601,1735899.747,1836023.506106132,5.7678307332648036,-0.056076229859760574
7602,7305.249093,12849.269650063428,75.89091742779574,-0.5646938295604187
7603,20755.04284,34230.32779915611,64.92535362628101,-0.5003227832827477
7604,35171.63192,53839.464301513675,53.07638958571722,-0.4257668891444073
7605,59641.22144,88598.99427577831,48.5532860270313,-0.3957735363559838
7606,103784.7086,144670.17113289275,39.3944956674405,-0.33213782567237793
7607,176697.2719,229239.90241224194,29.735960237109886,-0.26033112393813695
7608,309079.4155,370908.4689930896,20.004261167981156,-0.18235706589667444
7609,528104.4756,608788.9155188542,15.278120835311126,-0.14217746469688564
7610,911160.5372,990576.5809063675,8.715922218318772,-0.08356807596152827
7611,71155.94133,61240.796269843806,-13.934388154845307,0.15006025218450958
7612,199278.5488,200295.47218684107,0.5103024851218111,-0.005090048546783521
7613,337421.0049,367806.2795489726,9.00515208233043,-0.08622496193438245
7614,573682.7751,671267.4314148462,17.01021201095606,-0.1570910271457251
7615,985843.8985,1213318.3143882167,23.074080616041538,-0.2076162695168886
7616,32002.90595,27533.444816428295,-13.96579779522086,0.15042526874071704
7617,92319.46958,86693.19367307855,-6.0943546713577765,0.06287968093523055
7618,445319.6986,505727.3700675039,13.565012205257043,-0.12720528170903833
7619,751973.7762,914363.8000975975,21.59517113990518,-0.19552707173495598
7620,1298457.809,1651145.7261244047,27.162062154027588,-0.24029216692543542
7621,24024.91456,22780.84823848541,-5.178234113622548,0.053171205123124565
7622,70121.15928,70763.28015549957,0.9157305470885255,-0.009115631569702742
7623,118635.0477,124559.86457632952,4.994153912520006,-0.04873448559578897
7624,347521.4367,393685.44319368363,13.28378673040966,-0.12472587145660796
7625,585829.2681,696161.4403754965,18.833502913456865,-0.17255319223884413
7626,998572.3838,1259896.9507345613,26.169817148368185,-0.2324585687024161
7627,18028.16399,19344.975838870512,7.304192759733772,-0.07049753799916303
7628,31491.33072,34261.48425686022,8.796559159378122,-0.08430952256029656
7629,53484.56294,59340.88678917689,10.949559138674502,-0.10390548986909387
7630,93000.95295,103433.26957241863,11.217429812818523,-0.10631692646653335
7631,160987.6865,183108.04816032897,13.740405953550338,-0.1287485250203826
7632,277555.633,321869.0103744803,15.965583870704691,-0.14812327032707273
7633,467334.4051,551269.9823650494,17.960496027911525,-0.16517960300195256
7634,796668.7448,976373.9642941101,22.557081681323428,-0.20340670837379093
7635,1358839.444,1714894.507323248,26.202879589301077,-0.23272058152352848
7636,13192.44149,17249.664017958406,30.754144568568464,-0.26814861487573083
7637,23390.79388,29475.838414335303,26.014698626959564,-0.23122836992915197
7638,124974.9741,152738.4989048394,22.215267500375006,-0.20061379157349712
7639,219356.8829,266108.00783969,21.312814223843088,-0.1932022651394778
7640,371993.0514,455743.9741641774,22.514109456878252,-0.2030560166038935
7641,635417.201,793733.7502452708,24.91537040484851,-0.22246628526011136
7642,1085787.374,1360520.5631715169,25.302669357759243,-0.22556197942012446
7643,9837.249777,15519.808671350538,57.7657274458625,-0.4559410090111271
7644,30984.45006,44778.0585686397,44.517841955977914,-0.36823278768593326
7645,54986.1921,74893.24108705201,36.20372356545128,-0.30898154630700425
7646,97011.45025,131155.77094223534,35.196175919692884,-0.30155669260309814
7647,173399.8085,223450.13219505994,28.8641170529666,-0.25358830702551316
7648,2552546.039,3204154.207969067,25.52777340793215,-0.22735685015529405
7649,7890.954815,14200.26143231704,79.95618737194657,-0.5875432317854958
7650,13828.5846,23819.33627520062,72.24710239109086,-0.5437599016515033
7651,24542.079,40578.69385994355,65.34334299854365,-0.5028539925660134
7652,43757.91811,67074.44488590007,53.28527448971926,-0.42713053845739424
7653,78683.90896,115662.58321073938,46.99648853177589,-0.385238512966394
7654,139895.2449,192459.8888350805,37.574289228096916,-0.3189938705122337
7655,245044.5613,326794.8712723728,33.36140559034427,-0.2878925922185225
7656,1243277.637,1530557.1017478486,23.106622060785,-0.20788063991293626
7657,2116994.116,2589354.6830464825,22.31279546203909,-0.20141147479769472
7658,6710.529011,13579.533486707853,102.36159421184348,-0.7048859815022759
7659,11552.04018,22128.129632207685,91.55170244748652,-0.649987572863715
7660,35928.41688,61538.592351857136,71.28111310162782,-0.5381359569972766
7661,64482.43847,103482.96086312941,60.482393840105985,-0.4730140548646915
7662,116054.7373,168882.1572476237,45.519399876857676,-0.3751392242224636
7663,355281.0008,474707.0021396595,33.61451951293296,-0.28978874819833855
7664,1790589.984,2155785.577749063,20.395266197862462,-0.1856100288201823
7665,3017783.609,3594462.496569998,19.109351838553177,-0.17487180818521253
7666,5940.845655,13117.639097265721,120.80423998602808,-0.7921063310657477
7667,29039.40921,54175.51569974282,86.55860147832125,-0.6235752207818805
7668,50598.08878,90133.41918880686,78.13601533588768,-0.5773772036049571
7669,88966.3238,145387.85584493866,63.41897656890557,-0.4911471253672044
7670,314407.1405,227643.56417971718,-27.595930608415305,0.322907681109891
7671,14950.48937,10673.93433824009,-28.60478293333558,0.3369393067481816
7672,7840.179723,5206.856666844984,-33.58753433202409,0.4092854111624007
7673,13755.62489,9231.643670566797,-32.8882275840629,0.3988107115581876
7674,23818.99004,15894.192121398824,-33.27092334852488,0.40452939625095397
7675,41456.65729,28750.69051395099,-30.648797097092274,0.3659866939860752
7676,220763.2867,150102.73871742713,-32.007381770228406,0.38577104214908786
7677,1164367.018,797253.4991212917,-31.529020764371076,0.3787601912832379
7678,2722.848569,1617.9289501057256,-40.57954715050753,0.5205316948198897
7679,4618.189151,2757.183884781031,-40.29729414214218,0.5157928423644229
7680,13188.39504,8349.123346259425,-36.69340870563258,0.457180734385787
7681,112371.1284,73726.47207039282,-34.39020047217679,0.4214451181484975
7682,194224.634,125672.03771415069,-35.295520899706936,0.4353397581248384
7683,4482.803828,2540.2767478513097,-43.332859404096375,0.5679756741837911
7684,7291.804027,4291.556300392714,-41.14547943825708,0.5301015402490385
7685,12435.28531,7243.543134205807,-41.750084910550335,0.5404275512351937
7686,20813.37335,12220.739827102758,-41.28419443788646,0.5324612353960738
7687,59215.37251,35517.402092941964,-40.019963419221995,0.5111584027844867
7688,101463.1188,61185.90549425758,-39.696407701733705,0.5057785102604697
7689,170946.9185,103172.95465724156,-39.64620388448736,0.5049463387572821
7690,294331.2662,177014.95725800053,-39.85859553985755,0.5084716555220972
7691,12988.14584,6844.728775691829,-47.30018541513522,0.6405582487607244
7692,21448.63614,11376.565453137968,-46.959026304140714,0.6341054825139167
7693,58907.39844,32753.50780014012,-44.398312151739084,0.586956628209208
7694,98815.18657,54025.24203592725,-45.326984736646594,0.6037999207086813
7695,165384.6938,92074.2919831471,-44.32719868593602,0.5856784650647189
7696,275447.8754,155869.34703370373,-43.41239815070154,0.5693802733725697
7697,471960.4023,259594.4891764194,-44.99655311942695,0.5977743321634641
7698,799295.642,439205.1210106851,-45.0509801465069,0.5987643423586331
7699,8323.670341,4029.472819921197,-51.590192128667375,0.725467750824933
7700,13614.12564,6666.471251236611,-51.032688932665,0.7140172315765412
7701,22441.50957,10826.818552550852,-51.75539096966884,0.7288860943866755
7702,59919.7761,29850.625085549833,-50.18234875288555,0.696800822044322
7703,99021.04068,49727.7747096057,-49.78059777183338,0.688768735392685
7704,163134.244,82862.4697132969,-49.2059621073201,0.6773912026087103
7705,751703.692,376419.5121555552,-49.92448272349909,0.6916379744545988
7706,14713.13811,6763.3091731833465,-54.03217775420347,0.7772285506704755
7707,23834.99275,10790.433581584104,-54.72860556425341,0.7924948223694521
7708,39011.0407,18020.064224568083,-53.80778389598798,0.772358884692327
7709,62245.82251,28890.22810412284,-53.586880309146004,0.7675880147646232
7710,101993.4714,48547.194795087096,-52.40166441174087,0.7423723919952749
7711,166347.6329,79023.27372711131,-52.49510176401716,0.7443373595065417
7712,444378.8332,215881.39641361972,-51.41951409813016,0.7219482603671352
7713,733920.433,346816.0591238713,-52.744733144134806,0.7496060704114207
7714,39617.39066,16484.979773120605,-58.38953677036385,0.8768185304035345
7715,63511.44902,26858.675113705565,-57.71049861380478,0.860631324920913
7716,103050.5799,43761.55500340745,-57.53390709118421,0.8564642423908282
7717,162350.5468,69325.4785443692,-57.29889433032129,0.8509453721852722
7718,262831.7044,113761.8581752316,-56.71684341319075,0.8374066200334269
7719,431095.1812,181121.90966202025,-57.985633437644125,0.8671585651857789
7720,698984.1148,292744.2119485116,-58.11861732619283,0.8703287853968558
7721,12785.86231,12227.446048767806,-4.367450921127543,0.04465695234169331
7722,22516.18176,22073.279648471696,-1.967039155435842,0.019866428716891704
7723,125961.5476,130206.85278154885,3.370318372897511,-0.03314767852271849
7724,397139.4695,412816.29016834183,3.9474345594707563,-0.03871514844881574
7725,701594.8179,746996.1981778146,6.471168132870352,-0.06270404075255342
7726,1260439.049,1352424.0344697183,7.297852723834346,-0.07043845155488526
7727,96362.6542,104986.13479099792,8.94898616335323,-0.08570956983701272
7728,171522.4353,184238.9613872924,7.413914141931718,-0.07151954208937816
7729,544938.1416,569484.9241580232,4.50450806874173,-0.044060023900094336
7730,971124.0982,1037311.8606218304,6.81558232820202,-0.06593363184480516
7731,4350.92269,5019.11550449446,15.357496836940108,-0.14286578860421706
7732,13653.53696,15718.388249390262,15.123196981408856,-0.1408326470654675
7733,24301.70606,27559.39298723098,13.405177888284364,-0.12579686465367068
7734,43704.72438,47755.600578144986,9.268737546366346,-0.08864014400321452
7735,77382.06664,83049.01985659129,7.323341780150836,-0.07067597755035138
7736,137660.9904,145910.7462805632,5.992805846152912,-0.05820103644482977
7737,247163.7691,260880.82560317015,5.549784482215254,-0.05401254644925402
7738,436861.1957,446397.34342804435,2.182878182339866,-0.021593945283955307
7739,3768.705525,4581.509667439881,21.567196934015723,-0.19529698509585636
7740,11486.64338,13714.164428345506,19.392271307246826,-0.17724428345532672
7741,20340.97153,24549.62323120137,20.690514683599147,-0.1880593531416892
7742,65181.40842,71780.26217020598,10.123828113203547,-0.09643525678782794
7743,634303.6273,650271.5466148785,2.5173936625347766,-0.024862292462559665
7744,1106045.487,1111858.1169770097,0.5255326336329714,-0.005241565300314832
7745,1944415.531,1882183.5358950142,-3.2005501968491417,0.03252887557346007
7746,3485.1806,4303.682033752274,23.485194246526962,-0.21095107824969617
7747,31625.65282,36290.493497551564,14.750179874868952,-0.1375872304883199
7748,55647.82293,62457.36344888121,12.23684981791112,-0.11544118292891348
7749,97738.41548,106221.55961486913,8.679436937060862,-0.08323241763154243
7750,171283.0847,177194.97765913222,3.4515334479682034,-0.03393304117690832
7751,919477.344,873081.094338685,-5.045937234241956,0.05177696116959929
7752,1609141.302,1544140.3805720627,-4.039478779591802,0.04123331638891159
7753,3513.537879,4114.39308798181,17.101145047362387,-0.1578678629397814
7754,6010.60697,6862.74486459147,14.177235324895488,-0.13258175095040414
7755,17359.95147,19997.19439961378,15.191533998071607,-0.141426069973134
7756,51596.54179,56477.99664599438,9.460817889427739,-0.0903964717391208
7757,266388.2632,262551.6078993279,-1.4402493768246876,0.014507216409256785
7758,1392626.042,1283266.6333980241,-7.8527476367540014,0.08178231931900726
7759,3705.792326,3937.342120506208,6.248320848463228,-0.06060881791238337
7760,6206.750517,6850.056604218438,10.36461970650266,-0.09861942281925806
7761,17461.66098,18552.998089829005,6.24990435376672,-0.060623721616188675
7762,29276.3463,30972.631834444473,5.7940479220403,-0.0563240740278701
7763,84738.45229,84288.71367007004,-0.5307373545020944,0.005321507684280746
7764,144136.78,142287.00644992595,-1.2833459649050387,0.012916519891078337
7765,243672.5209,231882.76997475183,-4.8383588275374425,0.049593254249103325
7766,424090.5406,385581.20169004553,-9.08045222029045,0.09519516084245438
7767,1247732.357,1091775.679376669,-12.499209205274386,0.13352235501135468
7768,29555.68389,27588.24413740783,-6.656722138166604,0.06888632864319888
7769,49341.93319,46214.58498629455,-6.338114462728971,0.06547885071132242
7770,230531.0092,202103.64940693372,-12.331252047920275,0.13160470186199902
7771,387774.4468,336975.2606658165,-13.100189183013358,0.1404143307388317
7772,1117149.579,896773.83930449,-19.726609922081877,0.21973200130028125
7773,19250.21744,17220.440960643824,-10.544174296642005,0.11142525011208981
7774,31264.75379,27368.568039431117,-12.461910868509937,0.1330961829820918
7775,51527.47463,43739.82560724881,-15.113585671860413,0.16385612516742043
7776,84362.21938,72982.18347837633,-13.48949326518259,0.14490431428415285
7777,138378.4114,114836.84482530812,-17.01245616026193,0.18647966367377755
7778,228761.379,189022.5393553369,-17.37130621365204,0.190813183383149
7779,382131.784,308541.82340585755,-19.25774397089734,0.21390812905246648
7780,627734.3366,495599.0379420166,-21.049557265525472,0.23634983751907868
7781,46652.58663,49916.442072752594,6.996086773576173,-0.06762207559546596
7782,146382.6218,167502.0396280977,14.427544450565174,-0.13477163714567375
7783,256556.1618,304475.9119721201,18.678074163533932,-0.1712443821671581
7784,11769.51339,13005.327420173497,10.500128503388334,-0.09984649789563171
7785,110336.9094,131219.80973484172,18.92648656591945,-0.17333535628088192
7786,194515.189,230207.1584125207,18.349194012052536,-0.16846933974214195
7787,347833.1038,417380.0605021683,19.99434669741987,-0.1822744448293676
7788,1122476.215,1365292.7075990534,21.632217177898358,-0.19583169234972964
7789,8621.377404,10867.078691938179,26.04805685569751,-0.23149305186416314
7790,14799.36264,18460.981803439714,24.741735522738125,-0.22107529813429494
7791,46589.76157,58904.570153796405,26.432435300819684,-0.2345378711989241
7792,83170.47813,103452.48856853909,24.386069305549977,-0.21822000497205885
7793,148086.2906,185839.28444543103,25.49391553564312,-0.2270870896207633
7794,264811.3131,323259.1038397875,22.071485562898122,-0.199436634381982
7795,466228.8306,567110.7481940077,21.63785484140493,-0.19587804135978892
7796,844922.8915,1023822.2835608004,21.17345782207397,-0.19205286879686767
7797,1515518.662,1808487.2952589912,19.331245507222345,-0.17673301584191492
7798,20352.89171,28203.256604493177,38.571250740925684,-0.3262144531402935
7799,116170.7711,147365.17042817862,26.852192709753496,-0.23785238575528567
7800,367185.2459,451014.82561058644,22.83032356191588,-0.205633733784925
7801,661786.6036,814138.3604178638,23.021281480933226,-0.20718717458825253
7802,1173873.5,1378953.641374357,17.470378313707315,-0.16101601635590157
7803,5420.420916,8268.638277823624,52.546055111997944,-0.4222963652007454
7804,9221.68819,14054.132368649252,52.40303162591806,-0.42135834962511787
7805,29365.83492,43295.159859793974,47.43377798636066,-0.38820892617347447
7806,92683.20536,125555.79828507086,35.46769104217659,-0.3035629834065716
7807,293303.1016,369373.5791923249,25.935790374309803,-0.23060199086918232
7808,2953112.148,3357583.413396166,13.696441080644192,-0.12836191331672175
7809,4571.126546,7573.104712130493,65.67261124628887,-0.5048434335710361
7810,7720.261082,12828.36662542295,66.16493262556415,-0.5078106791379664
7811,13448.74402,21628.41482615265,60.82107588625699,-0.47512223111237617
7812,24169.42858,36920.19806248821,52.75577550492595,-0.42367022152837563
7813,76597.96095,107859.10240344213,40.811976018327854,-0.3422553110670652
7814,429554.1378,537227.1802915608,25.066233337436334,-0.22367327768390943
7815,2326525.596,2573387.3392255274,10.610746928809094,-0.10084706771774599
7816,4282.596257,7054.741925731644,64.73049296207901,-0.499140576512179
7817,7216.812031,11716.641891323246,62.35204465620154,-0.48459690660650523
7818,21574.9388,34039.27351728487,57.77228307727514,-0.45598256109800595
7819,66575.38229,94190.62077076404,41.479654387072166,-0.3469857355067383
7820,641749.6476,757127.2532418015,17.97860054513281,-0.1653330707190026
7821,1119887.698,1297899.190575797,15.895477099507973,-0.1475185394331504
7822,1942183.756,2156548.60188657,11.037310204265241,-0.10469608681224685
7823,4294.415852,6818.010215338161,58.76455495484607,-0.4622521323368556
7824,35224.02828,50088.32310767149,42.19930414975096,-0.35205943790741046
7825,60771.67441,82666.35151749615,36.02776675163219,-0.30768884620006887
7826,106016.4269,137199.64530543136,29.413572327659114,-0.25784307719100497
7827,182246.5398,225388.70933558414,23.672421755128507,-0.21246612397188258
7828,319086.0975,382717.80717615044,19.94186214150257,-0.18183695724041193
7829,556435.3852,639277.4915078254,14.888001106911886,-0.13878756440493056
7830,1648543.22,1769631.636245086,7.345176928093284,-0.07087940885130983
7831,4517.322656,6769.785856460935,49.86279201174986,-0.4045499695749353
7832,7358.546137,10961.81003205361,48.96706262308796,-0.3985550392999535
7833,34982.26767,46634.08208411345,33.30777330969249,-0.2874903538976472
7834,58996.9764,77913.28273836635,32.06317932314639,-0.2781102533268438
7835,171481.2355,205094.589679382,19.60176813595561,-0.17899743916460942
7836,295112.5527,348649.8520854808,18.141315540686186,-0.1667113112673455
7837,881160.7977,940970.693741745,6.787625618146014,-0.06567186882650411
7838,1495260.918,1527244.6896280567,2.1390094025086164,-0.021164536755833296
7839,13265.53069,17457.383457613392,31.59958591610173,-0.2745936863639944
7840,22014.71396,28213.293778235373,28.156531261309976,-0.2480822312767721
7841,36590.92667,44990.78263284298,22.95611706857868,-0.20665733392595342
7842,167400.0211,185613.57793788877,10.880259583126632,-0.10328069056842537
7843,475283.6369,498798.3525288845,4.947512138700456,-0.0482901547922463
7844,1371158.182,1310796.5014466515,-4.402240481495992,0.04502080220427551
7845,25562.22604,28201.034225849686,10.323076643326969,-0.09824293546311225
7846,44446.37023,50622.86552462668,13.896512274601278,-0.13012006305329393
7847,78377.5598,90845.20665129641,15.90716384014855,-0.14761937297502037
7848,136706.1215,161454.48229562645,18.10333035863829,-0.16638973629805243
7849,441177.916,545916.7590609296,23.74072664619269,-0.21301827646046867
7850,788381.2493,993498.4497364413,26.017513813090282,-0.2312507098205785
7851,19438.75525,22352.383208832875,14.988757877554306,-0.13966418001009018
7852,33264.47469,41150.53676409612,23.707159507517588,-0.21274696972673546
7853,58004.74687,70762.50004447282,21.994326090355056,-0.19880435020755272
7854,183584.3465,235556.44485086505,28.30965675543859,-0.2492763497959274
7855,329331.7351,415916.9501200044,26.29118478172571,-0.23342004506335456
7856,582862.7996,757704.6031981703,29.997077136876566,-0.26234178065224434
7857,24879.6348,33216.85503475237,33.510219509943816,-0.2890078395586464
7858,43105.80395,58443.89731556433,35.58243196984691,-0.30440962338038347
7859,76379.13657,102459.64479173515,34.146115540115936,-0.2937594343712462
7860,246575.764,327779.48642166797,32.93256445985015,-0.2846717795119247
7861,436883.89,577320.8693141806,32.14514943871713,-0.2787307494223672
7862,787978.5123,1019036.1054067907,29.32282917618727,-0.25714164395884254
7863,1431606.269,1833834.7371068439,28.096305305215434,-0.24761218022867126
7864,10935.61276,16083.59808151135,47.07541712103704,-0.38577531086948724
7865,19066.66027,27751.913549957535,45.55204297431757,-0.37536352034218545
7866,33662.6732,49213.36355104833,46.19564898680814,-0.3797756001925823
7867,106668.4205,152114.57662352175,42.60507084523836,-0.35490888128439657
7868,339914.4734,463310.8520499157,36.30218431584905,-0.3097041783809136
7869,608965.196,819669.3725251164,34.60036434087383,-0.2971399380604325
7870,1092469.782,1417042.7989272745,29.710022398338033,-0.2601311760445917
7871,1969381.933,2439801.2100829114,23.886645307358542,-0.21419681077922625
7872,8544.380249,14036.430815460075,64.27675742898782,-0.49638236483015596
7873,14808.81755,24826.860387434048,67.64917457865532,-0.5167033634324874
7874,26250.595,42515.91108805163,61.961704441562674,-0.4821897289631867
7875,46576.71413,72050.9986748877,54.69317666717873,-0.4362734637479839
7876,83204.06053,125875.07945194784,51.284779432804726,-0.4139938311523501
7877,266998.4194,372933.51858192304,39.67630198709821,-0.3341574308608255
7878,476265.8889,641956.0874502969,34.78943220833652,-0.2985436133363919
7879,851290.7549,1128708.5553386263,32.58790241075907,-0.2820756538969409
7880,2747713.844,3286306.598986876,19.601486383415264,-0.17899508340619086
7881,6933.22276,12917.67569262872,86.31560155769061,-0.6222718323841132
7882,11983.97918,21694.48894377324,81.02909407568949,-0.5934875731099893
7883,21271.18537,36466.835827053015,71.43772287596315,-0.5390498827509607
7884,37481.34554,62478.626614791945,66.69259258079437,-0.5109811671532576
7885,67920.62322,108698.97002578156,60.03824004043285,-0.47024260094243076
7886,122228.926,181333.7497756704,48.35583990623496,-0.39444352570520635
7887,216591.0561,312033.43014948035,44.06570417451341,-0.36509928851398143
7888,681844.2494,904922.1669740268,32.71684373232273,-0.28304767820928767
7889,1207223.005,1554548.1635749412,28.77058812965061,-0.2528622485749761
7890,6211.132819,11722.861737664733,88.7395114431336,-0.635197632083857
7891,10637.00824,19671.906908817953,84.93834417503426,-0.6148523088123241
7892,18534.50983,33890.66718261039,82.85170470359503,-0.6035052815258037
7893,574666.8755,757865.8041843846,31.879152339342497,-0.27671580467993984
7894,1759800.686,2171900.278896343,23.417401537275172,-0.21040193286108355
7895,5903.122022,11293.20302095459,91.30898834322946,-0.6487196749436084
7896,17174.75207,30842.99890080381,79.58337200499578,-0.5854693821027777
7897,52230.52103,84072.5588641762,60.96442694088169,-0.47601320390542057
7898,92712.56242,142441.05095509344,53.63727119289066,-0.4294242562858699
7899,161740.0282,232379.90746838102,43.67495174480316,-0.3623832825420994
7900,281568.559,384102.0057499246,36.41509091571711,-0.3105321905134275
7901,861054.4817,1072364.7256562295,24.540868022547745,-0.21946373326127855
7902,6681.688457,10845.273146548161,62.313361605272476,-0.48435861173205375
7903,18181.70591,27709.018703540056,52.40054393520908,-0.4213420263867551
7904,50903.54319,74850.22753945341,47.0432564194426,-0.3855566188610169
7905,868527.8972,661775.9639636669,-23.804869584830772,0.271872630650261
7906,4395.470542,2654.6056246780277,-39.60588293534222,0.5042784853827289
7907,12366.77924,8330.67343341861,-32.636677086680095,0.39506948660981145
7908,21079.6178,14390.083372851444,-31.73460966236568,0.38176727789168474
7909,35745.92371,25823.899819850783,-27.757077899692128,0.3251358278039156
7910,107718.3792,78219.85218681702,-27.384859698281623,0.3199967417988354
7911,190055.1131,133135.00725431752,-29.94926309387594,0.3559503935441466
7912,2730.646581,1433.5649612217767,-47.500896996462075,0.6443741021833711
7913,4525.013733,2483.1562341779413,-45.12378567895185,0.6000901859802266
7914,20541.07897,12647.50245709772,-38.428246755833776,0.48496697184645043
7915,34947.98579,22167.778452436083,-36.56922437349977,0.45522102234673056
7916,58677.12871,37625.941440286166,-35.87630774122423,0.4443562763304385
7917,171176.9323,113176.19753061877,-33.883499365282894,0.41375183889562983
7918,2931.849617,1342.6755189574853,-54.20380666279292,0.7809692132303301
7919,12768.88774,6565.221015510215,-48.58423733381327,0.6652253938822508
7920,20891.04047,10918.307165478383,-47.73689141449265,0.6488794445895234
7921,34441.87465,19375.97372255517,-43.74297589938192,0.5752392797996553
7922,56638.08976,31506.544612327052,-44.37216236311313,0.586486433105998
7923,94802.98603,54283.14994472372,-42.7410968600229,0.5575870422826466
7924,264178.8788,157731.8098369106,-40.29355770098355,0.5157302602052241
7925,781878.4436,465750.55811060994,-40.431845650308965,0.5180490777099482
7926,5070.75486,2145.0266336565082,-57.69808060379184,0.860337725168427
7927,13207.73618,6177.175913199771,-53.230623105921474,0.7599415371083733
7928,21435.11253,10179.190951879757,-52.511604790349296,0.7446848161721551
7929,35105.50584,17344.303262921625,-50.593780525563204,0.7050938694267472
7930,56862.94797,29523.656575650766,-48.07927195187456,0.6554520911920072
7931,94382.29582,49770.605169477574,-47.26701153318314,0.6399289591641928
7932,154915.4593,82253.51878926474,-46.90425399702847,0.6330733738878003
7933,253168.1993,139505.6103850103,-44.896076691015,0.5959492689342127
7934,722311.164,400589.3397282796,-44.540613561902575,0.5895192090045089
7935,13841.16773,5848.7569902356145,-57.743760466403835,0.8614181618201648
7936,22513.74904,10016.87936723531,-55.50772397152336,0.8098545842751115
7937,36431.75304,16308.396519430462,-55.23576232654859,0.8037606315688919
7938,58313.30379,26761.659712090866,-54.107111117445974,0.778860007229925
7939,155143.5212,74448.78713646908,-52.01295770482417,0.7342391637076862
7940,252979.3566,122429.77938978618,-51.60483407214651,0.7257702547772844
7941,415157.5773,210233.11286398544,-49.36064656912973,0.6804411761864806
7942,38620.8883,16046.77561017229,-58.45052686120559,0.8782853449404477
7943,61083.33859,26024.73692835993,-57.39470446590741,0.8531916321263715
7944,98976.24002,42926.60409082937,-56.62938490878695,0.83538804582928
7945,159442.5898,70488.16527973436,-55.790880361293304,0.8162390915192859
7946,253574.4858,116750.32715887431,-53.95817256987046,0.7756199106951591
7947,416254.684,189716.17387777762,-54.42305368081393,0.7857681604836468
7948,678098.0805,310117.34508008446,-54.266594465004616,0.7823411806121197
7949,24388.18028,8911.365210769942,-63.46031106684135,1.0067711481243116
7950,38987.46015,14567.329009625375,-62.63586047006097,0.9844587776428746
7951,61850.28012,23315.907843839355,-62.30266411307669,0.9755807601604491
7952,99290.76513,38356.2390931354,-61.36978192995479,0.9511353642301774
7953,250512.8133,99972.9148982064,-60.09269402979221,0.9186107718315668
7954,404379.0199,161952.32169183594,-59.95036494922867,0.9150506248555317
7955,650371.5669,260710.65558436388,-59.91358342631078,0.9141326478712593
7956,4860.966132,6108.6413712279045,25.66722757055212,-0.2284671762079924
7957,8732.265037,11239.16485885559,28.708471527529884,-0.25237975028242765
7958,15676.92454,19537.461646458607,24.625602404402507,-0.2201438760186587
7959,27972.4445,35603.747249251006,27.2815010831499,-0.24123099152272864
7960,52210.25457,63658.261825038215,21.926740923451156,-0.1982501941482937
7961,98415.161,114518.55055439,16.36271219877394,-0.151541956053876
7962,181944.4186,211494.45940301183,16.24124610712946,-0.15049755333975057
7963,339357.3986,367765.6283542799,8.371183263272425,-0.08039203062183908
7964,619341.3107,655870.9700115788,5.8981467375866945,-0.05730756634892309
7965,1123687.267,1213026.2159627574,7.950517157791855,-0.07650276167724535
7966,3753.428854,5314.91229836902,41.60151970657336,-0.3478467276049919
7967,11929.62844,16345.19425008144,37.013439540799645,-0.3149088338666104
7968,39521.87336,51907.04150926471,31.33750274550425,-0.2726001809309935
7969,73536.73752,91982.15190183134,25.08326450682517,-0.2238094456119839
7970,255323.135,294691.04626333126,15.418857857644294,-0.1433975677133148
7971,470557.4027,505695.6555309588,7.467367983021811,-0.07201706185158407
7972,10478.24809,13916.043297988852,32.80887394973727,-0.28374087073243004
7973,109252.8237,134070.63333041276,22.71594343278541,-0.20470209561502983
7974,370174.2009,397682.2353658289,7.431105246921304,-0.07167957470335296
7975,2161182.379,2178511.4974256665,0.8018350785223737,-0.007986374627536819
7976,3368.464597,4100.183592434763,21.722626863480826,-0.1965747200063035
7977,5782.892584,7354.706249877323,27.18040570606806,-0.24043640986077008
7978,17049.88713,21620.15880500783,26.805289912836113,-0.23748257370032988
7979,29882.84099,36909.3111160291,23.51339395200222,-0.21117941725198364
7980,92686.10872,110543.5081207021,19.26653265231836,-0.17619057276478145
7981,168243.1909,195738.5920506957,16.342653157974382,-0.1513695574431395
7982,552143.5715,579801.1005207857,5.009119085756794,-0.048877008834104174
7983,985505.6647,971312.7559759755,-1.440165108370526,0.014506361410965951
7984,1762504.112,1726645.0684908598,-2.034550913384771,0.020555329822188995
7985,3394.361305,3872.6102052273077,14.08951072836095,-0.13181313614014378
7986,9582.847426,11042.193599115015,15.228732215390847,-0.14174894276773387
7987,16307.25319,19645.593551734895,20.471506285203485,-0.18624307661752937
7988,48388.07761,55188.52218781894,14.053967245050345,-0.13150154727585672
7989,83483.35444,93761.37999974034,12.31146691299668,-0.11610578018725448
7990,145742.9273,159515.08017241964,9.449620045074822,-0.09029416648160549
7991,258847.5817,271200.66688235954,4.772339421226097,-0.046619614241036444
7992,815749.1465,786739.6237830294,-3.55618180434966,0.036209542048116106
7993,3622.090133,3617.0299794192492,-0.1397025859364754,0.0013980026097932807
7994,6076.580346,6173.918155125533,1.6018517584418617,-0.01589157495911664
7995,28030.43717,29268.540417926757,4.416995854962458,-0.04322227175630822
7996,138373.5771,139484.89799374444,0.8031308556411116,-0.007999229242628303
7997,236409.7716,240765.08815094034,1.8422743364049396,-0.018255100458718587
7998,415049.2424,397546.43305026874,-4.217044042418243,0.04308542959973671
7999,715699.1072,674771.6041668224,-5.718534873306822,0.05888556787657606
8000,1248265.486,1132792.0797768764,-9.250708885106807,0.09706952427977633
8001,4002.680991,3557.813590282386,-11.11423572645173,0.117818188196809
8002,6570.545084,5988.610789504555,-8.856712602315433,0.0927373310455053
8003,10683.12889,10050.876291370734,-5.918234303258188,0.06100593397879628
8004,29208.18815,27180.008348694402,-6.94387406329276,0.0719673701747805
8005,48229.26689,45267.7648845041,-6.140466559963301,0.06337084644136759
8006,223709.0057,206650.83169510768,-7.6251619605192875,0.07931556001511098
8007,384886.5058,346717.52647950256,-9.916944019942159,0.10443809699389561
8008,655525.9996,567809.2616744837,-13.38112263724716,0.14365241077101842
8009,7113.221453,5843.865284405105,-17.845025309306862,0.19656278715210362
8010,11469.72494,9290.607675003117,-18.998862452205266,0.21070698761432993
8011,49375.72876,40882.020220914324,-17.202193774943435,0.1887686198143399
8012,12289.02722,9285.87536748855,-24.437669465195064,0.2802123003311614
8013,19973.75886,15309.47682356009,-23.352049402081906,0.2659473181716372
8014,31671.25768,23892.331551123694,-24.561468974402615,0.28185201994158504
8015,51716.07102,39464.64745149666,-23.689780230531017,0.2703633147343467
8016,83214.27671,63607.38683710937,-23.561930293788688,0.26868931933922013
8017,134262.2397,102770.86536233094,-23.45512365057699,0.26729299820252805
8018,218762.8857,170491.62117873557,-22.065563985776425,0.24930227669065275
8019,582891.2553,443540.78969449765,-23.906768945055113,0.27321087310619596
8020,10519.96446,13777.99209532808,30.969949068897147,-0.26979771447704515
8021,18074.93887,24666.414049167135,36.46748255457382,-0.3109161772138904
8022,33063.87348,45806.152327406184,38.538372871266446,-0.32597716170750246
8023,62487.68697,81458.61971287444,30.359473462319507,-0.2651256288684749
8024,115887.4824,147149.47339031033,26.97615854869097,-0.2388291548843373
8025,399084.0144,499170.50623813947,25.079053088261077,-0.22377577612406796
8026,7720.121458,11567.807385708764,49.839707168357926,-0.4043959178503034
8027,23898.89934,35989.309891242556,50.58982164507731,-0.40938954173565634
8028,155593.3303,206406.26764553602,32.65752924470697,-0.2826006532163454
8029,292456.6787,381348.95818146045,30.395024615815164,-0.2653983079898552
8030,533667.702,652386.2316025188,22.245777504916113,-0.20086340193329022
8031,990864.508,1223135.040829684,23.44120017968025,-0.21059474479725537
8032,5721.021261,9828.964589865418,71.80437095854062,-0.5411862653719499
8033,9855.867031,16489.483360819035,67.30626852974063,-0.5146558900997658
8034,32675.56018,53476.0169385509,63.65753683783028,-0.4926058685141399
8035,61057.93548,92145.06595671803,50.9141526524441,-0.41154096367444026
8036,113554.7983,166741.13910068324,46.83759876017784,-0.38415701974313166
8037,214197.0095,290995.6137091874,35.854190676358364,-0.30641199722856527
8038,395892.7651,501795.97752984404,26.75047936354521,-0.23705023843695905
8039,740957.0677,909037.5337492384,22.684238180084552,-0.204443699287296
8040,4893.06531,8295.301964738119,69.53180550819418,-0.5278703663458373
8041,8212.124552,14620.276386435791,78.03281348034518,-0.5767976927096683
8042,26671.97756,44582.56897950629,67.1513440621922,-0.5137294678997826
8043,48287.27623,77716.69848963773,60.94653614227625,-0.4759020501972504
8044,165413.6124,233574.4286059545,41.20629204392763,-0.3450516992958459
8045,571652.564,732300.6435263157,28.10239814236461,-0.2476597436009147
8046,12468.31334,22481.284350377577,80.30734179782472,-0.5894926632913418
8047,132493.2127,199933.33838501567,50.90081545363241,-0.41145258370505644
8048,240914.5111,327239.27685527253,35.83211545087892,-0.306249491978722
8049,448842.8235,576355.1848390345,28.409134481579713,-0.25005134355965275
8050,821937.0387,1002017.977005849,21.909334879307828,-0.19810742574033213
8051,1491980.879,1758679.1839999894,17.875450600864536,-0.16445837765908955
8052,2663355.891,2967970.9237862094,11.437263559690363,-0.1082915879028139
8053,4092.423863,6695.805938291015,63.614673417102374,-0.4923439249721593
8054,11516.39563,19776.50213661054,71.72475461934559,-0.5407227451945165
8055,111289.7686,166994.98947348306,50.054215741700325,-0.4058264810830874
8056,198936.7001,279200.61747739563,40.346460626445094,-0.3389438983076243
8057,363925.6355,479074.66482332116,31.64081287242025,-0.2749069130331918
8058,6888.192353,10693.648077526723,55.24607225681408,-0.43984123503244277
8059,19855.11361,29904.167055258476,50.611916117152234,-0.4095362505314206
8060,34108.94734,50502.51780978158,48.0623758522053,-0.39246345744819955
8061,58549.80705,86151.39242592065,47.14206035273459,-0.3862283310871124
8062,102496.1889,141671.62622747055,38.221359982166675,-0.32368627188421506
8063,176266.4128,233492.89700347497,32.46590390899189,-0.2811550973346595
8064,4564.915779,5960.3392303882865,30.568438037951513,-0.2667273327192028
8065,7346.098539,9753.732592037848,32.77432286343374,-0.28348068042737395
8066,12145.46696,16225.772665679298,33.59529706941213,-0.28964487291860763
8067,20300.84462,27050.293685992798,33.247134256391334,-0.28703537030795445
8068,284292.2208,349226.7997960681,22.84078643212319,-0.20571891164905232
8069,864263.7908,966247.3836357007,11.800053863334977,-0.11154185651575155
8070,1485996.669,1550588.8839811643,4.346726767875704,-0.04254907922210904
8071,5067.772309,6130.901429153649,20.978233735276696,-0.1904404569418201
8072,13032.19359,16174.766010353736,24.1139175738237,-0.21602964799094515
8073,35531.03496,43128.0459680042,21.381338924004705,-0.1937669652040963
8074,58651.2474,70547.7164780606,20.283403346781327,-0.1846804669329778
8075,97501.54507,113792.66904232609,16.708580321091414,-0.154509875203944
8076,464284.2225,500838.7635898756,7.87331107075809,-0.0757873069384356
8077,798944.1619,825546.5662503688,3.3296950674380903,-0.03275461317834605
8078,1354289.08,1384479.0261167162,2.2292098904553033,-0.02204726200651841
8079,8773.311102,9704.367053383045,10.612366762769847,-0.10086171206420502
8080,14038.74727,15109.381319201588,7.626279101764812,-0.07349466149070949
8081,37237.43232,39870.44670620582,7.070880622431212,-0.0683208648837752
8082,160531.6376,171425.81901302913,6.786314259233064,-0.06565958868676702
8083,268177.6954,274040.51569711237,2.1861699901506193,-0.021626159631875197
8084,744859.2037,734784.3923651106,-1.3525792908034093,0.013618099738655687
8085,1251288.298,1170065.0158399309,-6.491172521144212,0.06711434261137406
8086,17281.31903,24843.027163765404,43.75654497575354,-0.3629510229190096
8087,31333.51146,45181.43568071194,44.19525158675573,-0.3659981089638169
8088,107371.8096,145724.49431713767,35.719510418997054,-0.3054201466343489
8089,377531.3136,501928.8041260051,32.95024440219178,-0.28480477000080207
8090,688912.9922,881845.8165696599,28.00539785924796,-0.24690224781773829
8091,12781.51178,20670.049832600354,61.71834903711486,-0.4806860499586545
8092,76883.256,114257.8857458135,48.61218383598831,-0.3961699337554201
8093,145956.6696,211409.0509488819,44.84370705926405,-0.3704850927496235
8094,275153.6003,374513.2096484274,36.11059758625568,-0.3082975868117277
8095,935245.7995,1235800.3451500896,32.136422939378264,-0.2786647100139934
8096,9261.290152,16706.919302823222,80.39516124236017,-0.5899795988991112
8097,16423.61755,29484.952896826813,79.52776120768115,-0.5851596685204559
8098,29755.90488,52185.62595614271,75.3790589350167,-0.5617794964861194
8099,54836.35088,92973.13048564566,69.54653071117278,-0.5279572206294336
8100,369176.0958,510590.5738368073,38.305426501237534,-0.3242942890873941
8101,687046.1725,933591.5344922844,35.88483159656703,-0.3066375144920208
8102,1271405.068,1609878.1648601613,26.621971657907633,-0.23603586046383285
8103,7569.180413,14282.159550984608,88.68832253562256,-0.6349263807175483
8104,13135.33983,24994.060020021745,90.28103074225331,-0.6433319025376338
8105,23489.60425,43516.390013485805,85.25808076773284,-0.6165796981151921
8106,79441.63706,133733.18170802412,68.34142227836931,-0.5208240066034708
8107,967284.0405,1281308.1168562006,32.464515406857956,-0.28114461532102375
8108,1776425.291,2162964.5659728902,21.759388189936,-0.19687668339137332
8109,19092.02582,37085.9226521158,94.24823222932243,-0.6639667027257072
8110,34478.46926,64101.984645102064,85.91888219199343,-0.6201402753509768
8111,62411.20643,111455.97383142046,78.58327086887633,-0.5798848099197844
8112,215643.6728,333389.8009930618,54.60217156580622,-0.43568499641720493
8113,399898.9389,589243.1761426332,47.34802191860309,-0.3876270987322652
8114,742569.3032,1008014.7085734162,35.74688641578852,-0.3056218363992951
8115,1356063.534,1697102.5365565077,25.149190580366103,-0.2243363642728209
8116,2495544.512,3037097.1084474167,21.700778881856166,-0.19639521400016235
8117,5775.340157,11317.699446594885,95.96593687866627,-0.6727706667035687
8118,53574.34049,95954.16138392419,79.10469920172821,-0.582800360599963
8119,98035.62561,164062.99058112243,67.35037855910555,-0.5149195037467909
8120,588924.0401,808681.1858142639,37.31502379779723,-0.31710754394447527
8121,1069515.39,1406986.9142266891,31.553685658201637,-0.2742448382718461
8122,1946727.239,2388997.2512983223,22.718643035246615,-0.20472409416462511
8123,5781.83745,10759.729700759266,86.09533377247169,-0.6210889035815033
8124,9608.65099,17795.351109592488,85.20134749521678,-0.6162734120896172
8125,16452.36322,30577.562784094116,85.85514053642513,-0.619797369971387
8126,28235.64873,49675.19483467717,75.93077215859374,-0.5649203916635983
8127,88812.84004,144719.94119064836,62.94934507833398,-0.48826920013019937
8128,881563.2977,1150328.1579887427,30.487301477948392,-0.2661057293576654
8129,1581869.16,1967964.162974936,24.407518190375242,-0.21839242810477977
8130,28190.89312,46315.17279080546,64.291257441387,-0.4964706266922523
8131,48094.7368,77657.61774001723,61.468016891231294,-0.47913689923734815
8132,83552.12889,127424.90778577745,52.50946861394502,-0.4220564974036858
8133,143146.2823,206872.21755930147,44.51805120984373,-0.368234235629739
8134,435979.176,586016.2117306484,34.41380781238241,-0.29575297352317875
8135,763656.8995,943834.1105361892,23.59400028391796,-0.21183181646507698
8136,1338360.192,1624977.4300261338,21.415553132809688,-0.19404879919910023
8137,7361.986971,9748.087934519259,32.41110005924321,-0.28074129130612846
8138,11873.35345,15863.77318749731,33.608194637693614,-0.28974141034189493
8139,19190.95629,25712.01126503458,33.97983339909208,-0.29251910561530714
8140,31114.28848,41357.49208281101,32.92122077416379,-0.2845864417336159
8141,51111.90587,67479.9421999991,32.02392094638419,-0.27781293947083796
8142,84624.71279,108002.72743856136,27.62551727244846,-0.24393014355374198
8143,13386.56347,11242.076522916073,-16.01969730237215,0.1745879063371607
8144,23308.98137,20110.833061905105,-13.720669545049692,0.1475801246392212
8145,879983.6024,668767.5723479374,-24.00226884637488,0.27446669938915136
8146,1520584.311,1186050.2745221646,-22.000360917694316,0.24846598645913254
8147,11970.80184,9483.473924089367,-20.778289952134344,0.23291980796486556
8148,4577.26334,2717.1244097225263,-40.63866970514906,0.5215271767525378
8149,7325.143448,4740.137145645377,-35.289497341658375,0.4352466690872152
8150,20946.14564,14448.172134030136,-31.022287430108136,0.3713867398020323
8151,35546.15577,25926.51575292679,-27.06239200468459,0.3155657952868456
8152,337239.2194,232441.67007668444,-31.075136963537748,0.3721532162189476
8153,1072338.645,731678.1818348883,-31.767992765486103,0.38225641694312174
8154,2932.393495,1463.845692905977,-50.080175276545646,0.6947519730818339
8155,35292.03347,22536.230829161144,-36.14357515466467,0.4485329845258299
8156,58744.87906,38529.44724879906,-34.412245177241054,0.42178117174920615
8157,98993.98756,66643.29087173859,-32.67945608176833,0.39570473710466736
8158,169868.9832,117068.68349039955,-31.08295506039177,0.372266651921878
8159,524522.7631,346045.81021490716,-34.02654097036134,0.4159176607545607
8160,5033.365623,2273.8412818342877,-54.82463520146532,0.7946182743119738
8161,7997.983411,3800.090453847695,-52.48689252566775,0.7441645661857716
8162,13254.05341,6547.408083519963,-50.60071148815476,0.7052341644921576
8163,21455.71991,11027.373428548924,-48.60403904038043,0.6656105971667348
8164,35015.18861,19369.554966741318,-44.68242001355503,0.5920794258742728
8165,57308.40877,32420.929011131113,-43.4272740999521,0.5696431914752669
8166,155736.902,94703.41323615196,-39.190126411945734,0.49741801566016974
8167,263989.7099,160002.3954943084,-39.39066960037279,0.5007213377739745
8168,455708.616,275474.0000228161,-39.550407793295676,0.5033603549102708
8169,5300.166767,2229.904384191297,-57.92765619989222,0.8657795780262267
8170,8315.576706,3676.1663469263985,-55.79180522411744,0.8162600119200079
8171,13612.88199,6117.350201842006,-55.062049268216676,0.7998875203644538
8172,21935.39077,10492.782575919213,-52.16505287760956,0.7374137022753064
8173,35771.66031,17715.717923673375,-50.475550281570435,0.7027037046528992
8174,94147.69393,49110.76208328087,-47.83646838997953,0.6507865634144014
8175,154295.6148,84011.54313029407,-45.5515678529225,0.607916131384064
8176,251212.0912,138126.763592005,-45.015877646575234,0.5981257269161944
8177,427181.9674,240277.13594697407,-43.75297782127915,0.5754170853498444
8178,8818.274353,3579.883994019886,-59.40380338924248,0.9014958033065987
8179,14222.48307,5990.637600649854,-57.879101903899446,0.8646261766300576
8180,23032.19224,9818.073877086506,-57.37238655018058,0.8526679396582182
8181,37033.87771,16714.931428093583,-54.86583511728731,0.795530690063126
8182,59054.89244,27380.526411745617,-53.63546476769162,0.768635345892509
8183,95853.72701,46080.28696770467,-51.92645251770198,0.7324381085464307
8184,251760.6838,125069.98396695768,-50.321876283783084,0.6996055164630128
8185,412320.8743,209351.4503796898,-49.22608496717339,0.6777874468872849
8186,680899.8425,341655.29047094134,-49.82297407846128,0.6896129150099366
8187,15121.40855,6077.585650312717,-59.808071911973315,0.9115040043550771
8188,24314.07381,9862.138112187067,-59.438561430495774,0.9023523596441798
8189,61758.68916,26509.98747622046,-57.07488640579744,0.8457131328667007
8190,159655.6204,71333.07983838575,-55.320658515078655,0.8056589503710541
8191,252474.4748,115594.54194850697,-54.21535502150216,0.7812214135591944
8192,411765.0426,192828.18052764042,-53.170337309338066,0.758653365665861
8193,670608.5056,318706.57631714706,-52.475017293137796,0.7439146614882102
8194,24677.06211,9313.6868261249,-62.25771615515499,0.9743891326469427
8195,39423.68251,14953.98104805877,-62.06853318619938,0.9693891594346784
8196,99756.69487,39120.56195153094,-60.78402356602561,0.9360859601313614
8197,156055.0134,62792.331584730666,-59.762695079983466,0.9103756375882384
8198,250355.7885,101286.69251970411,-59.54289967627246,0.9049280245446862
8199,4126.109109,6157.01221666164,49.220780498309416,-0.4002567715623684
8200,7444.890472,11331.381764495738,52.2034717248388,-0.4200480694608082
8201,13319.94968,19912.981115321505,49.49741998816249,-0.40210894908947203
8202,49096.37719,64955.879740612,32.30279596646549,-0.2799230184428829
8203,96097.69186,117841.06809475619,22.62632516339002,-0.20397153847219585
8204,184333.6849,210184.90395286834,14.024142720790552,-0.1312400182371043
8205,349613.7378,376725.2675187977,7.754709494369792,-0.07468724964497753
8206,632829.4065,669618.663937094,5.813455736920468,-0.056507506227571724
8207,1121701.469,1213049.1661196349,8.143672772495481,-0.07829046051549504
8208,3350.60255,5294.883617711746,58.02780361734477,-0.4576008038192505
8209,10569.29559,16650.81843891829,57.53952850625394,-0.4545062154316124
8210,18944.2488,29982.61244148182,58.26762390009266,-0.4591172362924407
8211,36355.83733,52920.46388779595,45.5624949782884,-0.37543532715780614
8212,69884.53306,93864.01535864142,34.31300353406328,-0.2950027373815587
8213,134547.7635,168756.69094717872,25.425117859486917,-0.22653872406276498
8214,485144.3691,513201.3494146347,5.7832229129410875,-0.0562217472602935
8215,881959.138,928753.5062485563,5.305729736489932,-0.05169764512342745
8216,1538799.272,1624366.7433470571,5.560664922582379,-0.054115624628542136
8217,3308.437755,4593.0844565269335,38.829405195411745,-0.32807569263981584
8218,5611.216195,8179.369987903822,45.76822035822168,-0.3768476424633924
8219,9787.696965,13922.73922050479,42.24734654425207,-0.3523972333768981
8220,17162.45516,25164.233186173322,46.62373740572278,-0.3826995099048105
8221,56895.20336,76308.87142854452,34.1218009991212,-0.2935781637864139
8222,378634.6015,406678.2584258735,7.406522492866643,-0.07145072508868822
8223,1251212.362,1222451.0710223166,-2.2986738183844273,0.023255053012897875
8224,2214384.288,2149442.2142713764,-2.9327372886699146,0.029766017782502985
8225,5709.332981,7353.202717978009,28.792675824805062,-0.25303376135105715
8226,28985.74276,37203.30712992934,28.3503667232895,-0.2495935785379828
8227,50653.59845,65360.98813055626,29.035231712262018,-0.25491529513327116
8228,90745.93728,112832.28352537322,24.338661219868136,-0.21783879570383746
8229,167260.0417,191726.97381724074,14.628079646856108,-0.13652261137576716
8230,566055.4377,587558.2981389664,3.7987198791583,-0.037283452096922076
8231,1820221.705,1721471.9184391715,-5.4251515784901905,0.055778618203460084
8232,5983.399342,6592.819690953067,10.185185947314084,-0.09699227290411017
8233,9802.277575,11308.320878108147,15.3642180767172,-0.14292405134538555
8234,16309.01882,19536.773709863,19.791226716255636,-0.1805802642591523
8235,28044.368,32448.240280836122,15.703232395310614,-0.14585838555085218
8236,145191.1654,161222.56156860283,11.041578269887511,-0.1047345241950346
8237,259281.9482,275389.4908255641,6.212365626448984,-0.06027035320200369
8238,467260.2477,476414.87958867004,1.9592147916994804,-0.01940269234952119
8239,834754.3727,809672.6913470523,-3.004678043413094,0.030507435899361113
8240,1489869.175,1391271.629373051,-6.617866003365634,0.06847014388317874
8241,6431.3752,6330.4687677332395,-1.568971318401093,0.015814099506540558
8242,10529.55937,10499.36424684887,-0.28676530603132205,0.00287177265494698
8243,17287.094,17939.098071690787,3.7716233375649257,-0.0370223691182332
8244,28668.66554,29881.52624238855,4.230614434063221,-0.041435704728622014
8245,48210.88291,50385.33670742575,4.510296568276948,-0.044115412316685365
8246,135765.4448,140752.3740313884,3.6731947799639273,-0.036073407694363624
8247,235826.3798,235713.45454587147,-0.04788491186791483,0.0004789638035305188
8248,414541.8081,405735.25697509,-2.124406019569829,0.02147296292996792
8249,718183.1137,666638.7374579058,-7.177052099783198,0.0744762933579306
8250,7038.787359,6050.622110915812,-14.038856378019299,0.15127481018431155
8251,11308.39602,10098.045484381359,-10.703114159408802,0.11320357171941176
8252,18496.94096,17011.884646166283,-8.028658993101509,0.08369316826319739
8253,49394.03329,45790.72170880438,-7.295034118878322,0.07574814547543163
8254,223446.4257,207765.01238294464,-7.0179745627747385,0.07276398638337511
8255,384139.8712,357150.0274500834,-7.026045920618455,0.07285079572254993
8256,651428.0801,586219.5578044849,-10.01008772687617,0.10547260779409484
8257,1124163.935,983252.8956601956,-12.53474114874575,0.1339285131663992
8258,7466.0531,5798.375950239773,-22.336797333523208,0.25278862294596216
8259,11922.98845,9362.111200178142,-21.47848469837156,0.24179751847734465
8260,19289.85958,15562.932825018606,-19.320652592233095,0.21468756158418856
8261,30891.02431,25126.22277506424,-18.661736422477855,0.206553633443761
8262,50333.34803,42060.331748446246,-16.43645138929129,0.17956278238541223
8263,217525.6454,180603.81915776437,-16.973550945839712,0.18601096565072517
8264,358745.8907,305527.1531087401,-14.83466123818652,0.1605756569718011
8265,598119.9951,489564.5662160698,-18.1494398738134,0.20027503886893072
8266,20307.64586,15616.936269048292,-23.098243997798907,0.2626414748581265
8267,32450.34366,24493.386946401864,-24.520408156435945,0.28130787298031734
8268,52477.35716,39901.35711710429,-23.964621550114103,0.2739714480964768
8269,83799.19825,65073.188144449385,-22.346287908011835,0.2529108321015485
8270,134653.5203,105914.49951423457,-21.34294054974323,0.24007280272086184
8271,218417.8293,169113.7060611153,-22.573305209056347,0.255838570914813
8272,577264.3327,445688.0255833915,-22.79307756659682,0.2586810641509043
8273,960442.4462,720048.4753474633,-25.029502996630132,0.28807552313175044
8274,8864.104186,14155.417759679605,59.69372045555066,-0.46808754758033366
8275,15905.4946,24766.43576207732,55.70993788572485,-0.4428247179551672
8276,30618.76587,45628.3090634201,49.020732112937054,-0.39891525197562494
8277,60742.57223,82077.70570433987,35.123855791873616,-0.30102162216021
8278,219839.0234,271543.3720754017,23.519185936941213,-0.21122630973023604
8279,409611.1476,491962.57379783783,20.104781493460948,-0.18319435490701963
8280,6353.62951,11428.136288067684,79.86784199615197,-0.5870521841046337
8281,20984.99476,36732.91038118106,75.04369575158786,-0.5598654467771347
8282,548384.5918,669001.2579418604,21.994904296262593,-0.19880908980943524
8283,994586.0453,1210643.2470784797,21.723329298603797,-0.19658049077476392
8284,4726.812922,9670.424607858806,104.58657381699537,-0.715821043758428
8285,8386.617484,16968.255289769204,102.32537518422969,-0.70470698375612
8286,14914.06697,29893.532337170873,100.43850143158417,-0.6953372876814718
8287,29078.2959,53849.0107932991,85.18626737442031,-0.616191983228612
8288,56925.64652,94618.6926547465,66.21452445253053,-0.5081090840259836
8289,215930.3092,297663.9372071849,37.85185521662048,-0.3210094096183589
8290,407617.8982,516455.4817715529,26.7008843458957,-0.236658881155968
8291,759994.9845,920544.9279929677,21.125131976837096,-0.1916539738142955
8292,4291.03465,8416.961999406461,96.15227295837525,-0.6737210744584772
8293,7184.503299,14553.293781413839,102.56506505382896,-0.7058909578576475
8294,12840.58229,25517.066491324564,98.72203545782162,-0.6867368555478706
8295,84742.80301,133872.08797124843,57.97458098648326,-0.45726395426394184
8296,308859.1915,407467.24851331156,31.926541196463482,-0.27707507560389644
8297,1076561.134,1278892.5218496015,18.794231136492193,-0.1722226603042678
8298,1933250.699,2221644.5885924534,14.91756292867909,-0.13904484122113203
8299,4047.409999,7640.8135465525365,88.782790684422,-0.6354269125329015
8300,6653.482955,12998.040377602085,95.35693508967717,-0.6696581357258342
8301,11474.08169,21856.882735188465,90.48916789774452,-0.6444251455328285
8302,20486.25816,38651.02058455998,88.66803436084383,-0.6348188527831304
8303,37059.07153,65098.62468745613,75.66177996326108,-0.5633902554522798
8304,68301.06556,115283.0976811878,68.78667519457042,-0.523465454637174
8305,128727.0277,199455.50289260055,54.944541528166226,-0.4378970703142073
8306,239782.9917,334117.0209449746,39.34141807814244,-0.3317569806694749
8307,458012.8883,593307.603573303,29.539499592571396,-0.2588156648023805
8308,848722.8103,1015757.801987419,19.680747313528286,-0.17965757248268766
8309,2738838.677,2999172.6418587747,9.505268311163642,-0.09080247454181745
8310,6755.697283,11474.866241091677,69.85465393730662,-0.5297729085216414
8311,11298.42538,19555.854056773725,73.08477419686002,-0.5486113127463135
8312,19636.81262,33615.33619488095,71.18529796757284,-0.5375763976743304
8313,34496.18035,56403.18876902064,63.50560611856449,-0.4916770919483291
8314,59794.0982,97246.98893423128,62.63643379812906,-0.48634705612485796
8315,367056.0917,473362.8945985733,28.96200480047047,-0.25434763855874465
8316,674493.0409,814928.8960437098,20.820949458028693,-0.18913950714245154
8317,1231408.647,1410787.6256854758,14.5669741009603,-0.13598939264923438
8318,4532.580577,6362.819452642053,40.37962137792688,-0.3391801481879284
8319,7316.820612,10679.823525903787,45.96262628590717,-0.3781804186075597
8320,11929.07183,18162.41772776482,52.25340233167846,-0.42037606735832256
8321,19996.08546,30660.797122425465,53.333997215400316,-0.42744834448322067
8322,34283.59743,50416.312113339394,47.05665651418015,-0.38564774499983834
8323,99747.54742,145142.63124001978,45.50997492587751,-0.37507445446518695
8324,174673.785,235152.24142002605,34.62365942320769,-0.2973129915796999
8325,316795.6089,412899.77598587965,30.336331813303634,-0.2649480913047064
8326,566243.7742,685293.6859092214,21.024498128463737,-0.1908228029872081
8327,1809050.766,1907360.104235962,5.434305110924785,-0.052917872599250515
8328,4919.976573,6029.95987432789,22.560743630758147,-0.20343658746912396
8329,7844.030678,9875.826652428435,25.902448088671733,-0.2303371995806458
8330,12770.79162,16457.90432043711,28.8714498689558,-0.2536452088809984
8331,21051.42368,27906.79612712816,32.56488754079439,-0.2819020568548236
8332,34593.87553,44584.47279558899,28.879670498106208,-0.2537089962208281
8333,57433.24853,74906.27117164274,30.42318358940778,-0.2656142359643301
8334,97568.73881,124444.71735473236,27.545686120909252,-0.24330443694514337
8335,161677.0475,205720.8095538779,27.24181492359199,-0.24091914457289043
8336,1512310.863,1574243.3014751638,4.095218780106316,-0.040135859472451685
8337,5394.635699,6006.999240563551,11.35134188351336,-0.10752025868455384
8338,8518.083112,9835.08194584518,15.461211360920332,-0.14376445519645387
8339,13705.10598,15986.220151609867,16.64426510045759,-0.1539586479656716
8340,36462.9572,43314.70479802172,18.790981654175106,-0.1721953060570982
8341,98237.54187,116438.51143122882,18.52750915257487,-0.16997489239314056
8342,271023.1635,314598.83344286954,16.07820873320649,-0.14909399115594546
8343,461940.4025,515477.15103637724,11.589535846321043,-0.10965709474501217
8344,796168.8096,838390.4212707941,5.303097931204624,-0.05167265276850408
8345,1356022.245,1383105.2801810855,1.997241216428964,-0.019775580032650453
8346,9125.427671,9706.21357109074,6.364478696559504,-0.061701488343345545
8347,23648.79657,25568.01072349011,8.115483372734316,-0.0780297603405451
8348,38124.71564,40992.91013216266,7.523189206828812,-0.072536351868699
8349,99144.55252,106800.01967015235,7.7215207044361325,-0.07437919905243007
8350,160320.5519,168092.17607500803,4.847553281787347,-0.04733723567304082
8351,438783.0851,447315.207610374,1.9444966773114105,-0.019258328970281013
8352,14888.11664,25305.921307511082,69.973959228137,-0.5304750583178031
8353,55539.26553,82340.77774786015,48.25687189432329,-0.3937762042341646
8354,108603.7499,148634.72231023945,36.859659493432886,-0.31378583154129736
8355,210525.8457,276212.73602041724,31.201342572456053,-0.2715629234913095
8356,390589.0418,494508.93902714964,26.605942846794335,-0.23590926453805316
8357,696685.5614,895165.742110165,28.489205418771142,-0.2506747102954243
8358,19410.17047,36583.92289355469,88.47811228705139,-0.6338116989700282
8359,37723.34143,65305.37069175781,73.11661219868192,-0.5487952403859069
8360,146463.6947,208119.2530877666,42.09613755412564,-0.35133366756416606
8361,281892.1143,381974.25658765953,35.5037041515636,-0.3038287908699271
8362,940532.6615,1223639.916222934,30.100736137267454,-0.2631388577562319
8363,7752.059975,16732.047907318054,115.84002137855047,-0.7693673055194896
8364,13464.26318,30134.10754906582,123.80806989741133,-0.8056186677624808
8365,50145.25233,93050.5336722919,85.56200108424481,-0.6182188778653543
8366,705713.6916,936253.2912000595,32.66758210080608,-0.28267643086176264
8367,11291.79877,25758.974345052837,128.12108920581517,-0.8247063949943332
8368,38368.30501,76766.70906324527,100.07844767507305,-0.6935393420299487
8369,147448.5266,238897.99840799457,62.02128560842096,-0.48255753325760864
8370,280831.9859,413622.0211008035,47.28451240169201,-0.38719598871896466
8371,538837.5373,739921.346746331,37.318077440172246,-0.3171297819220644
8372,5748.821545,12855.88154657841,123.62638057115774,-0.8048065294210982
8373,17279.74783,38445.94660782674,122.49136379802566,-0.7997181004740099
8374,58255.76161,115147.35578162677,97.65831327121631,-0.6813696634378363
8375,1401960.231,1751653.2696095752,24.943149661252786,-0.2226886451501109
8376,2545334.251,3010975.2447885377,18.293903584788463,-0.16800205015008096
8377,5660.936855,11536.408466254004,103.78973943269688,-0.7119185872754965
8378,28083.07926,56908.741623265094,102.64423675334918,-0.7062817272707616
8379,94742.95263,164422.83370555995,73.54624184838428,-0.5512739015095232
8380,173201.7934,284239.01896858687,64.10858882514717,-0.49535814970935554
8381,322772.9176,487607.20542160823,51.068190307676616,-0.41256114033167357
8382,600918.291,817345.3736106721,36.016058397974795,-0.3076027692331813
8383,1108455.555,1406110.8353812196,26.85315428648104,-0.23785996601907655
8384,28188.82697,50885.34839380893,80.51601951356024,-0.5906493386143747
8385,48585.7518,85092.02069162362,75.13780797691315,-0.560402952194119
8386,85680.68989,143151.88633991568,67.07601972357986,-0.5132787307785946
8387,498180.6423,683681.527455906,37.23566702621878,-0.3165294592669241
8388,6582.979562,10181.737549989433,54.66761599509022,-0.43610821545050804
8389,10673.99052,16556.388990913354,55.10964676136283,-0.4389620793032041
8390,17405.60364,27912.80779975735,60.36678978263432,-0.4722934417643625
8391,48533.39804,76040.00061986959,56.6756165665535,-0.4490073454367707
8392,83300.52191,127941.38092465799,53.59013123938061,-0.429117382917763
8393,140407.7064,212717.71591823746,51.50002900285071,-0.41541563039927354
8394,246717.5341,351818.7120718754,42.5998007621443,-0.35487192481121355
8395,12376.85085,15803.93247367422,27.68944754371197,-0.24443093889604306
8396,19808.58656,25589.93406772266,29.186067820694934,-0.2560835653407363
8397,52040.81236,67479.97621068697,29.667415150794103,-0.2598026413167478
8398,84908.52398,107506.4185832414,26.61440046768953,-0.23597606502325696
8399,138636.7137,171585.39539437895,23.766202194952175,-0.21322413371843574
8400,379974.5886,453376.1410258124,19.3174898080046,-0.1766177359581551
8401,6082.339324,13124.265196109682,115.77660332634349,-0.7690734426373229
8402,10389.33686,21536.41526840493,107.29345441981299,-0.7289652575562542
8403,30966.15687,56458.627848371296,82.32365122153209,-0.6006132251942482
8404,172775.0765,253397.09950271554,46.66299366547556,-0.3829672087525804
8405,301511.9552,412843.73021575506,36.92449771748056,-0.3142594763710065
8406,527781.0872,683140.4362944999,29.436323669481418,-0.2580188651069566
8407,908028.4229,1113757.2281063967,22.65664818611668,-0.20421878778157065
8408,1550118.171,1842349.5322712034,18.85219893156154,-0.1727105093849577
8409,2613061.03,2980854.051892563,14.075179173773947,-0.1316875114905791
8410,1378204.445,1599099.0940173806,16.027712711184915,-0.14865887926820065
8411,10428.81926,21665.902792193738,107.75029513929593,-0.7311666683928877
8412,17793.98854,34303.193588197646,92.77967674917727,-0.6563777795802341
8413,31019.39075,57547.728304778044,85.5217878667654,-0.618002143969484
8414,98502.28326,153170.53172870458,55.499473372009,-0.4414721589502797
8415,172663.3165,254176.17516604014,47.209135280359426,-0.38668407870955157
8416,300556.871,419025.7112802902,39.416447172252546,-0.3322952908323451
8417,525327.3901,671310.7507298539,27.789025164300856,-0.24521047718414835
8418,907179.153,1118437.2291293512,23.28736010199643,-0.2093477055615498
8419,2613157.7,3019377.2072567604,15.545158535849568,-0.14449125055419287
8420,2326352.617,2617400.6103982707,12.51091478013329,-0.11788005121807288
8421,19872.29387,12194.973342251673,-38.63328802387687,0.4883026480775765
8422,33357.26436,22105.353949136043,-33.73151433951689,0.4114557312055851
8423,58614.91081,41850.62329780596,-28.600721694408797,0.33688242445846583
8424,98192.50369,74629.72726915256,-23.99651249879179,0.2743909585807991
8425,796010.9141,869783.3458890535,9.2677663688146,-0.08863125599105715
8426,11648.64063,8275.005829630229,-28.961617990697437,0.3419498633335003
8427,20006.29087,14614.032903472644,-26.952812000815207,0.31406454272552864
8428,34864.92918,26787.62825605761,-23.16740952560394,0.26354128071227656
8429,60121.1951,47411.52606298718,-21.140080492200365,0.23749707823657396
8430,102788.8373,85885.54214277319,-16.44467979328608,0.17966125605340366
8431,291454.3555,265677.77807633276,-8.844121536439776,0.09259919474810374
8432,491592.6414,490486.43814540457,-0.22502437209904444,0.002252779323923093
8433,832641.234,882006.617726877,5.928770004546391,-0.057596701154301044
8434,1389668.148,1525603.0621551138,9.781825563948503,-0.09332480628987128
8435,46159.81737,39032.11042896542,-15.441367291169113,0.16772501403613127
8436,79912.69651,69898.73733133999,-12.531124109179439,0.1338871600071414
8437,137280.5543,123466.5768745844,-10.062588613408296,0.1060561866186358
8438,233274.4626,212197.02496693534,-9.035467233807985,0.094700505265509
8439,395745.3831,385621.8254971702,-2.5580987258849888,0.02591386996199141
8440,669451.024,687672.0350678355,2.721784031184856,-0.026854021707576337
8441,1108219.878,1173276.7542006578,5.870394268515169,-0.057045464441827676
8442,1900571.075,2106102.5030540316,10.814193205272877,-0.10268467764181821
8443,6183.752067,6295.04665573268,1.7997906049081507,-0.017837861199970106
8444,10809.78641,10713.715914937657,-0.8887362933782887,0.008927091104684592
8445,19880.64834,19378.22839121969,-2.5271809057123984,0.02559662537037255
8446,35844.76261,33204.49196387836,-7.36584776651597,0.07651229771489199
8447,61833.57331,58015.49506389505,-6.174765651926955,0.06373634325551869
8448,107932.2282,101893.34536393255,-5.595069180705983,0.057576880945513054
8449,186000.2753,173939.82854017304,-6.484101564029765,0.06703872739971573
8450,319515.5483,307005.71816103667,-3.9152492595501514,0.03993956376380403
8451,901746.9567,921149.3207654553,2.1516417572906987,-0.021288207170767848
8452,1526956.787,1632320.6636991093,6.900252685350508,-0.06672599579456318
8453,2620972.734,2884836.7777897394,10.067408957247824,-0.09592280081600002
8454,4641.557931,5697.553279595252,22.75088158530735,-0.2049867626184465
8455,8098.184376,9663.394623348955,19.327915674378254,-0.17670511133719735
8456,14887.86863,17076.96763191754,14.703911327551394,-0.13718393806757945
8457,27419.74278,29039.001758375067,5.905449191726759,-0.0573765213079831
8458,84987.15927,87256.77150773327,2.6705354752743515,-0.02635499080810355
8459,148895.9285,146828.07654019233,-1.3887901305559753,0.01398524048228822
8460,259233.6447,256511.08439148802,-1.050234166812214,0.010557880458863522
8461,741083.7579,748746.187062733,1.0339491428669219,-0.010286404501488988
8462,1263399.252,1303141.9135984944,3.1456929815005363,-0.03097229775193533
8463,2144767.263,2297962.7015756075,7.142753492112012,-0.06899190407952993
8464,6394.359434,8694.440495923225,35.97046874927402,-0.3072675346198661
8465,11614.54617,15429.835118011568,32.84922968291553,-0.28404468780359693
8466,21109.30388,25513.898677499234,20.865656312202532,-0.18950946438142502
8467,67729.5286,74056.66230327931,9.341765451589616,-0.08930825378694607
8468,118325.3084,123526.62080185836,4.395773374429137,-0.043019003721649796
8469,208672.7717,214985.59463646202,3.0252259962012116,-0.0298036848398322
8470,610447.6077,601548.741845667,-1.4577607876721044,0.014684905238354418
8471,1036416.403,1045285.1029199427,0.855708178129119,-0.008520677485920558
8472,3132.279232,4943.319722515005,57.81861565894408,-0.45627618542106063
8473,9693.809857,14206.176502728968,46.54894940476412,-0.38218931229128295
8474,31208.28094,39399.39691537582,26.246610606728993,-0.2330670351276254
8475,55548.13688,66519.20271605227,19.750555918289283,-0.18024069261607778
8476,172524.1872,184318.1766021704,6.836136772230167,-0.06612604259795063
8477,304159.0319,318407.24523624533,4.684461693358425,-0.045780512979524346
8478,519964.4744,516936.6994431617,-0.5823041969034732,0.0058400619822496225
8479,1515677.626,1510167.2108541639,-0.36356115913504106,0.003642236489081796
8480,2918.915724,4798.429842245556,64.3908319377554,-0.49707652827698734
8481,4976.462604,7813.5588149606865,57.010299016017406,-0.4511412160368433
8482,8785.585593,13084.38242723674,48.93011158711889,-0.3983069601682434
8483,15601.37655,21682.954660916912,38.98103536842658,-0.32916730163596597
8484,47379.54984,59299.90555161412,25.159284442061985,-0.2244170156506886
8485,83596.92955,97242.64984853768,16.32323145358594,-0.15120260813326603
8486,147807.0232,163868.70324385565,10.866655518880414,-0.10315799155133298
8487,256828.9592,274065.2752020183,6.711204241027938,-0.06495597375174
8488,768324.2347,739272.2334707284,-3.781216303897441,0.0385455906602985
8489,1314974.904,1263169.7878745757,-3.9396277425401265,0.04019331449908492
8490,4865.86321,7845.205047534712,61.229461432696375,-0.4776583906153977
8491,14583.21657,21040.98861526238,44.282220004515636,-0.36660105670815923
8492,25239.90804,34843.05627434417,38.04747711095136,-0.32242747703782193
8493,43131.24681,57063.6147912343,32.302261148648455,-0.279918976057429
8494,75574.52172,91635.69435889044,21.252099614201082,-0.1927016600853566
8495,132068.6726,151625.78851445334,14.808292935362891,-0.13809353340124453
8496,228385.6492,253012.39494289565,10.782965492428865,-0.10240283546266582
8497,393973.6064,403999.13768141245,2.5447215545788557,-0.02512882528532856
8498,683906.1649,664289.1686896964,-2.868375402519145,0.029103172702397373
8499,32951.68346,22146.770398999488,-32.790170111085764,0.3973506710477448
8500,161902.3873,140881.4030493339,-12.983739524306637,0.13907518277805053
8501,272305.0677,259872.50458352384,-4.565674528750671,0.04673186647013239
8502,792483.012,886275.346127933,11.835248542581127,-0.11185660717593926
8503,26101.30547,17750.329274457832,-31.994477077556567,0.3855812646624077
8504,44145.30559,32099.01638070272,-27.287814747908474,0.3186612054235809
8505,75724.38227,59313.850467058815,-21.671397390114606,0.24425735454995312
8506,127215.9835,106715.45914592798,-16.114739508398348,0.17572026742869262
8507,214648.4894,192820.05917433742,-10.169384507050982,0.10724433901770603
8508,1026741.632,1166144.4516550838,13.577205336803155,-0.1273126429181506
8509,20004.73974,14677.620476622185,-26.62928552240098,0.3096453153022569
8510,33447.98584,25806.150161408666,-22.846923324909344,0.2593787288413374
8511,99319.11445,85082.5468322082,-14.334166888850863,0.15471612002836999
8512,288224.2594,280657.8628965021,-2.625176839468325,0.02660249786525526
8513,483641.2404,506641.2484736563,4.755592813928342,-0.046459763407261434
8514,806102.9184,878861.1013500424,9.025917322623902,-0.08641544157944381
8515,1376318.209,1576893.3282954611,14.573310008097199,-0.13604469420533682
8516,14689.76391,12421.484752219478,-15.441222688653285,0.16772330395180646
8517,25415.03313,21671.90330389793,-14.728014742123891,0.1593242114847957
8518,44360.38539,39228.68923103773,-11.56819561833449,0.1229385029759662
8519,228854.3879,219199.2765298389,-4.21888846386462,0.04310468604454343
8520,645234.2973,681195.6350127235,5.573376657627268,-0.05423603851315484
8521,1093905.119,1221946.736892837,11.70500216781938,-0.11069130124927362
8522,1868576.425,2186039.009502181,16.98954242677983,-0.156914363847255
8523,10595.36383,10610.855343342695,0.14621030095098506,-0.0014610351776305208
8524,18692.55894,18545.81757754223,-0.7850255437406022,0.007881230909363879
8525,33809.81993,33046.92347013245,-2.256434554951931,0.022822815938409846
8526,58608.60104,57763.14957264163,-1.442538215135614,0.014530439528972039
8527,104155.9799,101250.09726957764,-2.7899335527468474,0.02829591561195599
8528,308566.9543,317916.3287849037,3.0299338132669584,-0.029849379566146084
8529,517667.4019,533593.213355557,3.076456310964198,-0.030300821158609992
8530,877837.9584,948815.92520311,8.085543137423524,-0.07775279370458144
8531,2500914.631,2842088.3477790784,13.64195772818758,-0.12788259830627702
8532,7717.682693,9650.993010339775,25.050399119068512,-0.22354666300632253
8533,13736.57392,16163.93993524462,17.67082555942464,-0.162720926350147
8534,25050.47905,28298.115259455917,12.964367679251687,-0.12190225272509636
8535,45296.23582,49673.34024060562,9.663285130357256,-0.09224444095617912
8536,80772.6767,85381.2058432333,5.705554565623679,-0.055487255797103785
8537,143208.0933,150555.01692668442,5.1302433105464775,-0.050029807974850016
8538,248438.9833,258908.37384643534,4.214069147833026,-0.04127695482931415
8539,420573.0308,439457.9215917943,4.490276220487099,-0.0439238305656513
8540,716471.5088,766435.3221788683,6.973593892456592,-0.06741183196531786
8541,2027536.402,2265315.280156826,11.72747763849155,-0.11089248480832836
8542,3460637.134,3911968.0104843965,13.04184342386463,-0.12258785996809785
8543,5831.308699,8768.154312257871,50.36340493792595,-0.40788487768908865
8544,10263.66389,14723.102523040652,43.44879840994727,-0.3608079800357604
8545,63336.95603,75181.47685865888,18.700805297697972,-0.17143589991536956
8546,111663.9585,128642.57532710712,15.205100244683805,-0.1415438342510047
8547,1000205.73,1084512.2200223056,8.42891492156375,-0.08092461026676823
8548,1675763.619,1825109.201983297,8.912091257382588,-0.0853708686173178
8549,2833127.937,3111719.540071503,9.833357662150041,-0.09379410079301209
8550,8309.184524,13871.195119070004,66.93810420270314,-0.5124529242103382
8551,14976.25708,23487.69879253768,56.83290335543361,-0.45001074274230923
8552,27209.3961,39957.56975019865,46.85210066164845,-0.3842557763662686
8553,160689.6251,189948.55074888346,18.208347695549794,-0.1672785399719956
8554,844835.396,905249.6179952755,7.1510050693088605,-0.06906891590904962
8555,2396571.867,2544681.977583772,6.180082167499297,-0.05996635501813685
8556,4131.113772,7958.239880979721,92.64150832444616,-0.6556608058590125
8557,12813.47424,22287.649212964654,73.9391580730618,-0.5535353858321699
8558,22876.16531,36401.917970238595,59.12596135299826,-0.4645259123668968
8559,42086.86183,60959.77966014569,44.84277755461646,-0.37047867543506463
8560,135621.1028,168976.09534410067,24.59424960825542,-0.21989226848370969
8561,234875.0116,276002.4431855482,17.510347867737234,-0.16135621067792094
8562,416619.474,462502.3024309546,11.013126196533626,-0.10447826235561308
8563,2068583.51,2133373.979137547,3.1321176459318694,-0.03084067588192596
8564,3858.014233,7796.023074974626,102.07346588538691,-0.7034611377949407
8565,6552.173721,12255.730147843355,87.0483089995494,-0.6261967343992509
8566,11549.34994,21104.623613553373,82.73429866783803,-0.6028629919484665
8567,20291.90854,34424.464868249874,69.64626466944381,-0.528545287136172
8568,36521.95839,55322.90878607025,51.478483698229326,-0.4152734070814166
8569,65106.80032,93041.8918146721,42.906564840187336,-0.3570208379917972
8570,115216.6236,153070.9073845702,32.85488031309588,-0.2840872210574581
8571,201214.5095,246931.44573880496,22.72049682321989,-0.20473920005176716
8572,617350.4247,674449.8041883615,9.249103459531732,-0.08846044163386146
8573,1052309.637,1087255.5942648298,3.3208816146981324,-0.032669315059301596
8574,6467.722837,12686.133942160486,96.14529351175544,-0.6736854920474844
8575,11125.32163,20807.370350542853,87.02713541723335,-0.6260835295222424
8576,19311.86446,33814.920709432685,75.09920276973963,-0.5601825002935765
8577,33972.5823,53865.736072257045,58.55649593129999,-0.4609407850261089
8578,103803.2625,144625.49370605964,39.32653967023401,-0.33165019833222686
8579,179386.635,225973.11616941835,25.969872933632065,-0.2308725886722076
8580,315057.7336,372626.7579680527,18.27253173894244,-0.16782136647976387
8581,544505.4248,601846.6903787554,10.530889678430142,-0.10012484050558257
8582,935261.2629,958631.2021230825,2.49876052287448,-0.02468052005749577
8583,32983.91343,22436.355622412677,-31.977884704226632,0.38533730874830674
8584,58009.27927,42101.94211579132,-27.422056185475313,0.3205091145228369
8585,98336.59792,77646.38992052017,-21.040190973773548,0.2362312094799428
8586,165976.6648,143029.11976000722,-13.825765849461014,0.14879896076664423
8587,279071.2518,262880.94026898197,-5.801497440739991,0.05976590093063727
8588,467351.0545,477489.6452997718,2.1693736864718627,-0.021461776484597905
8589,803113.3864,874753.7182781723,8.920325957870542,-0.08544647444859699
8590,26521.08016,17958.75608590999,-32.28497490461946,0.38986209427784857
8591,46631.24514,33312.979876695026,-28.560818445486124,0.33632370588925475
8592,78918.33928,60754.874609526916,-23.01551811174033,0.2615663183638013
8593,132151.2327,110805.21849145035,-16.152716681052684,0.1761730975407314
8594,222669.5342,200369.10761531838,-10.015032664797129,0.10552755921768231
8595,368743.4242,361420.9529124565,-1.98579033739513,0.020057721271312445
8596,624319.3418,662325.5697749701,6.087626224328199,-0.05909522912038767
8597,1067410.727,1215820.4488372153,13.903712796134881,-0.1301832809147676
8598,20412.72355,14678.545845743587,-28.091193662672282,0.32977144840893224
8599,35375.65051,27067.312498153366,-23.486035993876722,0.2676969257855184
8600,60670.85945,48357.11680007592,-20.295975302726788,0.22685010338317824
8601,103396.2959,86017.43972461601,-16.808006538446982,0.18401907522482297
8602,174690.6374,154666.63131887364,-11.46255253238109,0.12174458824334167
8603,291151.1209,276938.94301924924,-4.8813749494827166,0.05004538860367447
8604,489739.917,498013.85137670196,1.6894547676214728,-0.016753422089708536
8605,826668.9812,897052.4799546609,8.514109075738093,-0.08171001610267936
8606,14927.99487,12430.97658563118,-16.7270842877026,0.18304683119429122
8607,27000.53078,22504.86382569021,-16.65029102924099,0.18212506844994536
8608,45671.61807,39109.07080366136,-14.368983503672567,0.15512262622367956
8609,80006.51679,70916.24095068037,-11.361919258626967,0.12060861550948587
8610,136623.5214,125179.93470746966,-8.376000395295288,0.08747694420699759
8611,231558.3023,218349.4183964304,-5.70434476862616,0.058735071308587905
8612,392498.296,395010.1512500907,0.6399658993909899,-0.0063792681264516204
8613,661217.046,696943.0309186481,5.403064717519116,-0.05262152671275366
8614,1111047.124,1223325.110716893,10.10560076989975,-0.09626972629140162
8615,1902804.177,2196677.166907262,15.444205633949593,-0.14361715915443973
8616,10907.25184,10888.803115293182,-0.16914182396671534,0.0016928503025361863
8617,20011.38343,19152.355243379498,-4.292697651940919,0.04387558586280882
8618,60940.30347,58921.83304088041,-3.3122093494549985,0.03368305157741247
8619,106396.1051,103111.81133454283,-3.0868552588182783,0.0313550236475848
8620,183479.8241,178592.28037976054,-2.663804450551276,0.026999266490324914
8621,314346.791,316773.37428751413,0.7719446665240828,-0.007689804188116156
8622,532728.8693,554237.1816573454,4.037384417632003,-0.03958011411517148
8623,895803.8852,957013.974698392,6.832978792531804,-0.06609648306436888
8624,1520800.948,1680237.0166977097,10.483690775402488,-0.09969772928379506
8625,7963.760494,9663.858015676591,21.347923797525883,-0.19349163682946902
8626,14778.80316,17031.881684677483,15.245338206923403,-0.1418930456729406
8627,26219.1589,29305.75874722335,11.772306880612222,-0.11129364172951561
8628,82308.29382,87842.70845141256,6.724006019995706,-0.06507593314332638
8629,145002.9468,149828.66349718953,3.3280128464185945,-0.0327383329143629
8630,430288.9779,453059.52620766073,5.2919199601140265,-0.05156649668548674
8631,729167.2582,765119.7580677384,4.930624553341792,-0.04812922725914248
8632,1243898.977,1353063.1680004515,8.77596919194601,-0.08412025264051515
8633,2087983.567,2310824.8634039643,10.67255987671115,-0.10140574474044683
8634,3525389.296,3965338.59611122,12.47945299574143,-0.11760037893780684
8635,10749.86026,15248.608552210562,41.84936532570855,-0.3495955009931624
8636,19509.52933,25954.83871158868,33.03672411859604,-0.28545502531167344
8637,35199.08969,44306.78707983906,25.87480946254851,-0.23011765134580386
8638,63623.64239,75888.68471522088,19.277491612376828,-0.17628245484063676
8639,112588.1333,126533.78152894507,12.386428143173651,-0.11677299812393471
8640,199522.5059,220508.61758661733,10.518167658306933,-0.10000973465269603
8641,346363.1261,379032.45957664243,9.432104925398535,-0.09013412461684034
8642,1013583.571,1093499.1439372867,7.884458196026413,-0.07589063693963283
8643,1707375.369,1858565.9227448844,8.855144363095498,-0.08484786160551394
8644,2859650.762,3120748.9162887842,9.1304210205786,-0.08737350410232914
8645,4683.905289,8148.178915323265,73.96122279540961,-0.5536622308923693
8646,8491.989524,14313.076902150164,68.54798114974881,-0.5220502778673453
8647,15131.79656,23806.611373317377,57.328386480219606,-0.4531650685720372
8648,27685.15227,40591.84400376538,46.619543963105606,-0.3826709094704004
8649,50345.0003,67862.55014550166,34.79501388641697,-0.29858502283283883
8650,161320.4175,191753.41080646738,18.8649358699232,-0.17281766984173075
8651,285056.5575,326265.1942020182,14.456301957557391,-0.13502292187017417
8652,493109.6843,534682.1279331093,8.430668663935075,-0.0809407842567964
8653,849364.0589,911369.3308773519,7.300199640852966,-0.07046032423259874
8654,1437073.421,1534557.6188461944,6.78352242979757,-0.06563344426975526
8655,3923.507818,7890.65841236793,101.11234075201045,-0.6986934751533855
8656,7068.104619,13356.617151607228,88.97028088269768,-0.6364195727005253
8657,12478.11714,22159.52820931067,77.58711479214939,-0.5742910900919593
8658,22323.78796,36370.8367544831,62.92412748075168,-0.4881144308730736
8659,40640.98137,60951.46049650726,49.97536585447679,-0.40530086698450773
8660,132959.3702,170269.3239574509,28.061169138608694,-0.24733784767676426
8661,233338.1884,281581.3883853422,20.675226938267503,-0.18793267613069808
8662,410894.1893,461317.1229171023,12.271512941811823,-0.11574997431423206
8663,717302.2011,771089.0057424648,7.498485932425902,-0.07230657713091482
8664,1214957.553,1291236.4093428745,6.27831451020861,-0.06089107582226028
8665,2040795.84,2104864.4457935174,3.1393931983670305,-0.030911219336116957
8666,3549.432713,7926.841648360424,123.32700150443516,-0.8034668858542222
8667,11125.79103,21555.083986941256,93.739788288485,-0.6613457752485576
8668,19724.20253,35653.51197515953,80.76022044963015,-0.5920012181251124
8669,63011.08285,94753.21196954767,50.37546997106982,-0.40796511362901633
8670,113316.9609,153446.53639312065,35.413564901845724,-0.30316335338519984
8671,202392.4405,256060.02734561363,26.516596525557308,-0.23520331140429462
8672,352887.3294,412711.99521915615,16.952908431389023,-0.15660117574859278
8673,622708.8625,685991.608639157,10.162493253282866,-0.09678630119436704
8674,1068249.837,1129699.7508373123,5.7523915950115185,-0.05593024723823348
8675,1799882.882,1826985.5115067,1.5057996149496118,-0.014945749924919483
8676,10394.03787,20975.363456857925,101.80187641415554,-0.7021162202734974
8677,18212.06987,34116.203338471176,87.32743494834384,-0.6276878887009261
8678,31783.1308,55900.51829534397,75.88109443058383,-0.564637980903429
8679,176185.665,234310.7169972328,32.99079524842887,-0.2851097311802029
8680,309649.7668,373784.09146359254,20.711891801622556,-0.18823646088796586
8681,539512.1691,609524.2677905605,12.976926694230597,-0.12201342332829768
8682,934921.9182,995352.4286367206,6.463695979346299,-0.06263385822459355
8683,1590990.275,1578262.2737084276,-0.8000049712165808,0.008032221810335471
8684,35997.88398,22592.571848217372,-37.23916700001161,0.4658389854263145
8685,64179.03384,43438.60721892296,-32.316514257262675,0.3903279687253356
8686,180258.4064,143337.1884454508,-20.482383424948114,0.2291915967366993
8687,302500.7165,263655.4520946122,-12.841379304762013,0.13744050101121097
8688,508265.4368,486443.8854999296,-4.293337638194961,0.043882272796595956
8689,873447.7034,906937.6412336777,3.834223583543026,-0.037625437372847514
8690,50965.91988,33704.0642620353,-33.86940853536636,0.4135387403730668
8691,85848.0217,61305.633544840726,-28.588181380491,0.3367068034567353
8692,143899.6897,110716.31177214853,-23.06007608288224,0.26214527752435046
8693,239866.8139,201009.30878573892,-16.19961698013828,0.17673260786775913
8694,399674.3798,363182.7429496477,-9.130341771872635,0.09574403339578375
8695,676894.1148,672937.7695971952,-0.5844850939461552,0.0058619989316675
8696,1153354.53,1212827.3259045063,5.156506031541422,-0.05027958806050492
8697,22378.61859,14923.95998980394,-33.311522649245255,0.4051380013520909
8698,10125.42804,17779.88268262429,75.59635614796478,-0.5630177441318196
8699,17129.81048,29226.721979635047,70.61906209504687,-0.534263178437417
8700,28914.93151,46567.452569233414,61.04984565890613,-0.4765437314459451
8701,49544.27721,77510.7335824166,56.447400077867826,-0.4475496657584035
8702,86511.8031,129062.66515577468,49.18503664360069,-0.4000172061596423
8703,148194.6453,207141.9670324344,39.776957941431355,-0.3348778086349977
8704,257028.124,347176.3832174341,35.07330552567628,-0.3006474489709685
8705,441941.526,558898.9782804605,26.464463147203876,-0.23479115897550074
8706,765026.9096,928069.931688601,21.312063672877766,-0.19319607821444507
8707,1320749.817,1488966.4239399487,12.736447491777211,-0.11988258554067066
8708,1208609.537,1338474.1849359237,10.744963030680077,-0.10205974136726326
8709,2048541.205,2142223.0740178307,4.573101521667004,-0.04471617694795604
8710,6000.34791,10912.587853882082,81.8659187360701,-0.5980995193429859
8711,10128.04379,18015.999135269347,77.88231872632284,-0.5759520149096904
8712,28611.18058,47301.62530006539,65.32566759279595,-0.5027470856276661
8713,49257.15681,79239.0901269081,60.868176846986174,-0.475415066267205
8714,85442.3008,128823.3120493899,50.772288249744676,-0.41060048777680613
8715,147184.1432,210589.29862380712,43.07879506941828,-0.35822530699054056
8716,252803.0784,339205.62262574356,34.17780541779335,-0.2939956405038302
8717,441235.2058,564308.3611750001,27.892868419657752,-0.2460227620089448
8718,764587.3065,925087.0699775742,20.991685594714255,-0.19055164315445694
8719,1321555.021,1518920.1262394034,14.934308606391609,-0.13919054965178468
8720,2247427.51,2494986.825397842,11.015230270890578,-0.10449721555952429
8721,11539.35999,9099.853309358023,-21.140745091201353,0.23750550586122365
8722,20095.71964,16454.938497915886,-18.11719713106086,0.19988119435759266
8723,36830.92149,31370.790670405066,-14.824855308269766,0.16046052368429642
8724,64978.20354,56127.63661245397,-13.620824284712182,0.14642356104230458
8725,114732.1077,103847.16715526089,-9.487266261333666,0.09967964088547632
8726,201462.0841,190870.22987981758,-5.257492628203398,0.05400742302259509
8727,357602.9516,344830.1451824178,-3.5717843939580476,0.036371334189100324
8728,636511.0714,637270.9175043049,0.11937673018532326,-0.0011930553282333278
8729,49176.61464,43181.47515404562,-12.191037406381295,0.13000661090282328
8730,87736.39349,79253.95043250833,-9.66810091009552,0.10167953113607453
8731,11979.47753,10868.312017524993,-9.275575747709649,0.09734357898470236
8732,21268.90864,19907.64607357738,-6.400246432308816,0.06614243533182318
8733,37871.5861,35242.165108634836,-6.942991467064974,0.07195788566171579
8734,67123.43438,63835.117407489866,-4.898910496584962,0.05022976010473634
8735,209793.6582,196591.48658089736,-6.292931698877564,0.06499656414461619
8736,373738.9947,363539.8084456273,-2.7289596212885368,0.02766887338198032
8737,1147826.192,1123634.625350643,-2.1075984167258914,0.02130125352632639
8738,5115.877677,5244.036359458477,2.5051162390893986,-0.024742525872385457
8739,8888.105351,9180.445223144092,3.289113490438101,-0.03236179726962085
8740,16314.65533,16753.540235919467,2.6901267421349027,-0.026545789442158352
8741,51779.74393,51891.823507875655,0.2164544846478508,-0.002162205594284927
8742,163769.732,157983.0926444578,-3.533399783265321,0.03597334929732554
8743,291835.6255,282941.64343110385,-3.0475998444871757,0.030950047973453465
8744,515407.2786,504391.1586778287,-2.1373621172161976,0.02160534481103582
8745,891005.5939,871712.0212813544,-2.165370537596309,0.021891587137782054
8746,1584351.395,1555221.1915272914,-1.8386201170169438,0.018557328196637357
8747,4023.593867,4589.424733820483,14.062822579118,-0.13157918587561745
8748,40378.31145,43400.23500672566,7.484026568242397,-0.07217206047616642
8749,72383.58347,75909.73753638049,4.871483142088339,-0.04756544443093702
8750,129514.4995,129368.0263909919,-0.1130939852862606,0.0011315798479145656
8751,231266.2464,228186.25916074042,-1.3317928090260154,0.013407407031994723
8752,411829.4406,401758.6019437811,-2.4453906553029707,0.024757868936376326
8753,712648.3967,686059.0468338286,-3.731061486884207,0.03802446840301954
8754,1253997.452,1211963.9047790263,-3.3519643244836326,0.03409430464255081
8755,2235884.566,2158334.8553267256,-3.4684129875278393,0.03529990464868504
8756,3274.533371,4197.544779315663,28.187570677705047,-0.24832440120626664
8757,5666.47984,7183.883851159156,26.77860071869868,-0.2372720777246613
8758,10271.04186,12831.118776020188,24.925192116977595,-0.22254490909953084
8759,18737.25147,21603.18145591062,15.2953595702082,-0.14232699390465875
8760,33303.31857,37652.79531918955,13.06019020310968,-0.12275014757773128
8761,104661.2505,109541.90268185569,4.663284795986356,-0.04557819986367306
8762,335210.8845,331885.8950112353,-0.9919097626332196,0.00996861962300244
8763,1021137.458,969455.6349000069,-5.0612013784331324,0.05193772702580368
8764,1802660.743,1708922.6086272188,-5.199987559321985,0.05340064549634427
8765,2895.81092,3888.7207975293313,34.28780072178647,-0.2948150773898428
8766,15929.86891,18634.67612572724,16.979469391799544,-0.1568282581283107
8767,28091.33127,32666.53013631002,16.28687092945318,-0.15088997747744948
8768,49619.93073,54802.499578681025,10.444530599773017,-0.09934322341038637
8769,87811.48953,91453.5679633736,4.147610355851338,-0.040639037200758565
8770,153992.7981,158355.19250396866,2.832856119112655,-0.027934728021545396
8771,1469720.499,1353626.7971743664,-7.8990326327096865,0.08228473933692726
8772,2847.831469,3674.1933768752506,29.01723352911128,-0.2547758026997222
8773,8384.133689,10514.09864395636,25.40471125539038,-0.2263760113247013
8774,14841.94736,17206.769682441958,15.933369557793378,-0.1478454397233353
8775,25457.56138,29566.391619347552,16.139920780375835,-0.14962549185101537
8776,44731.78198,49259.867524737965,10.12274795303821,-0.09642544814349208
8777,133802.8509,136578.776398203,2.074638529396982,-0.02053410998567884
8778,237966.2252,232720.03236688356,-2.204595559183759,0.022292599409061253
8779,412879.5755,382362.39664428914,-7.391302613783771,0.07678712448936942
8780,724078.993,648015.561375707,-10.504852696961612,0.11098578225502642
8781,1259633.0,1114874.3149312458,-11.492131840683298,0.12207873217109899
8782,2933.369281,3580.003175106436,22.04406715154513,-0.19921199968613035
8783,8223.968451,9894.708764710553,20.315500037058108,-0.1849472735560802
8784,14307.46185,15933.77142238357,11.366862895975993,-0.10765963671611445
8785,41331.5769,44902.80170252907,8.640427175497067,-0.08287340984233538
8786,71555.90561,71725.22966623852,0.23663184023046574,-0.002363523079795371
8787,124433.271,120824.67035815826,-2.900028756651216,0.029429106845862307
8788,212274.3976,201911.50554936807,-4.8818379266628655,0.05005025598171464
8789,365824.9694,329038.07386896625,-10.055873329633291,0.10598152321681553
8790,1110300.592,931067.9064320347,-16.14271728389435,0.17605384739261076
8791,5271.352703,5723.487160131638,8.577199868912635,-0.08229125351155808
8792,8988.192948,9745.984574014305,8.430967497008663,-0.08094354023594619
8793,15049.1493,15543.438713156798,3.2845006937156187,-0.032317137192954704
8794,25256.81286,26059.431165273567,3.177828927674007,-0.03128380800666797
8795,42303.10393,41992.125651617316,-0.735119292658205,0.007378346099287114
8796,70496.319,67133.3242102496,-4.770454454154411,0.04887993996777951
8797,119939.6657,113606.58448337663,-5.280222501590119,0.05424736390065732
8798,204907.9331,184830.9256424201,-9.798062551234574,0.1031192796738587
8799,342590.4319,295268.3581837028,-13.813016742426196,0.14865102601368996
8800,1023486.837,811128.7286549772,-20.748494330174065,0.23254377442284024
8801,34643.74171,29820.02758412548,-13.923767721897502,0.1499368605360072
8802,63205.89068,56579.13428827745,-10.484396818759535,0.11075723868168552
8803,198101.4207,192050.96185398567,-3.0542228443565693,0.031018362177990255
8804,353332.351,358286.47357629513,1.4021140612440288,-0.01392375368187615
8805,48257.40751,43368.25235061611,-10.131408651346941,0.106821678762973
8806,85653.41765,78772.61331880369,-8.03330972654576,0.08374373674447355
8807,152312.0436,143528.86005460125,-5.7665719255038335,0.05939520456809788
8808,269421.7759,264426.2353768866,-1.8541710321765388,0.01871576267576991
8809,476383.0288,481208.34364584147,1.012906538252711,-0.010078110196491963
8810,11885.70701,10856.140281207134,-8.662225376468086,0.09060574218545092
8811,20653.08185,19128.67506192277,-7.381013638297411,0.07667602904954407
8812,36469.06285,35085.090547651875,-3.7949214874001824,0.03868803851857017
8813,64831.29985,62995.525299527355,-2.8316176826935053,0.0287248122396484
8814,116336.3006,113162.49152408077,-2.7281330586845454,0.027660375898156175
8815,206943.8641,207382.43708201832,0.21192847824972968,-0.0021170422662972754
8816,365284.1068,369928.8695061211,1.2715479868014559,-0.012635316978403921
8817,641564.1789,654337.8543761569,1.9910206798107244,-0.01971459087021188
8818,1141672.79,1179531.4431165492,3.3160686186231283,-0.032622730979634085
8819,8654.429815,9210.679074996553,6.427335733111536,-0.06229227270738491
8820,15228.10837,16019.511150695213,5.19698679222896,-0.050664471245889686
8821,27651.61283,29335.492251465053,6.0896246154516085,-0.05911406611743253
8822,48515.87951,51325.37648005513,5.790881250490455,-0.056294141162968714
8823,88739.0338,91852.52010744729,3.5085871167635827,-0.03448439058746011
8824,159476.636,164501.1208589715,3.1506087568661134,-0.03101995517793199
8825,879104.8358,897531.971396697,2.0961249268897477,-0.020744584758936924
8826,1567168.089,1611576.784386121,2.8336906358562954,-0.02794284326203389
8827,11456.19685,13893.535763116059,21.27528834419477,-0.19289288574658592
8828,20822.03158,24333.477503336922,16.86408893313629,-0.15584144054092164
8829,68328.05628,75761.62510329268,10.879233550608877,-0.10327143700725294
8830,122796.3426,133771.04330463224,8.937318874700948,-0.08560247463741888
8831,220370.5452,233344.25182078747,5.887223543878347,-0.0572044129186029
8832,1220761.796,1226442.1355752689,0.4653110536290729,-0.004642318282874314
8833,2130855.956,2126968.5044746706,-0.18243614798940203,0.0018260276540758014
8834,5086.217396,7202.123672159303,41.60078328195988,-0.34784152690848735
8835,16310.32816,21573.446197455218,32.268621365710274,-0.27966467911590875
8836,29517.4427,37321.258237471106,26.437979796505562,-0.2345817236652934
8837,54695.32134,63806.96321770863,16.658905468473893,-0.1540841530584629
8838,97469.25112,112341.5065651766,15.258407420065756,-0.14200644264287554
8839,175544.7047,192174.62499525602,9.473324942313692,-0.09051072575850583
8840,310938.8514,327200.2707771124,5.229780487030002,-0.050976158732140675
8841,552009.5734,569395.18661243,3.1495129885785484,-0.03100933212760637
8842,979523.3757,989146.9644840356,0.9824766843525616,-0.009776817625892775
8843,1699188.306,1652906.496048179,-2.7237599145660027,0.02761541895474373
8844,3007762.9,2910635.969516042,-3.2292083423183975,0.03282497631149184
8845,4221.798122,6531.205928808688,54.70199521796766,-0.43633046884433035
8846,7376.564889,10941.83289837557,48.332361512770376,-0.39428525588927776
8847,23963.73988,32293.10856919405,34.75821691816014,-0.298312000926364
8848,44389.83797,55360.236023008096,24.71376007369575,-0.22085100602886243
8849,80376.78351,94878.01120501495,18.041562577844132,-0.1658666016967949
8850,142654.5269,164389.30585824893,15.235954603448995,-0.14181161951149157
8851,252892.1765,269493.5709742167,6.56461370374448,-0.06358131663608368
8852,451551.9094,463540.02913975785,2.654870788983503,-0.026202406803948364
8853,798792.8386,799515.1837026826,0.09042959172601091,-0.0009038872880378079
8854,1385229.483,1349061.63738082,-2.610964180523438,0.026456550264455814
8855,2425197.845,2299475.7478720634,-5.183993437365799,0.05323194538252096
8856,3857.908306,6083.2907929343655,57.683654209026855,-0.4554206514294634
8857,6693.389837,10316.377623125261,54.127846642040154,-0.4326122450227903
8858,11939.04941,17453.91099005705,46.19179794530268,-0.37974925814851623
8859,21021.57384,29211.6077636667,38.9601367909126,-0.329016920334837
8860,38536.70777,49511.58555473654,28.479022780664852,-0.25059545817789086
8861,68858.04659,84009.46100098081,22.003840017705638,-0.19888233380478404
8862,122903.7999,140958.44284052344,14.690060807894872,-0.13706318058171973
8863,214021.6427,234885.28155428433,9.748378057040458,-0.09302008733443756
8864,1162643.917,1116075.2612373794,-4.005410004017636,0.040878350316729595
8865,2025925.973,1872202.158741286,-7.587829777959709,0.07891150365402133
8866,3842.950495,5868.181916721313,52.69990920664497,-0.4233044316498429
8867,6532.238169,9676.148977015591,48.12915155077517,-0.3929143528555521
8868,11349.60079,16522.816661366607,45.580597653484574,-0.37555968302045706
8869,19779.54338,27346.324840961042,38.255592232792196,-0.32393390374304687
8870,35445.03111,45091.380921902964,27.21495653922974,-0.2407080408611879
8871,62713.76905,75742.8729954678,20.77550774388961,-0.18876332849147914
8872,109830.2582,125897.90527266549,14.629526813463775,-0.1365352361835548
8873,191163.4043,205361.88792500162,7.4274067659516065,-0.07164514757328178
8874,333918.8469,345307.3060537735,3.410546981549695,-0.03353677264021293
8875,1020534.321,946722.2669619214,-7.232687085501619,0.07507583976883225
8876,1754170.429,1570681.109477249,-10.460176302672757,0.11048670215948242
8877,11486.11979,15686.851110735106,36.57224021285525,-0.31168352097149565
8878,19700.98624,25325.009842619318,28.54691401794167,-0.25112374135196625
8879,58986.30083,68829.67584012556,16.687561131345426,-0.15432975920312053
8880,101298.6731,114299.41780478517,12.834072063264937,-0.12074816476419414
8881,173500.4816,180976.57090882084,4.308973231588332,-0.04218720521915387
8882,302286.596,302956.70362261264,0.22167956881972264,-0.002214342221856569
8883,521839.7972,499803.8121762734,-4.222749039449188,0.043144993087626204
8884,897982.6804,804101.7028756326,-10.45465347756471,0.11042502396353981
8885,1545254.487,1319611.9396581235,-14.602290382598737,0.1578509050215846
8886,7423.216436,9356.826239784728,26.048139919609486,-0.23149371085000325
8887,12521.82969,15466.631283389883,23.517342643157146,-0.2112113864814784
8888,20849.07742,24651.252757425802,18.236659881067297,-0.16751802217500789
8889,35286.57894,39515.28338938206,11.983888992391105,-0.11318482667762453
8890,59808.53068,65025.97103188933,8.723572193747334,-0.08363844013757138
8891,99567.10513,105193.74051894214,5.651098705336182,-0.05497195750249517
8892,167495.6951,166246.3042064189,-0.7459241820126752,0.00748720108778933
8893,287184.9469,273583.21947530407,-4.73622575678806,0.04852057095922291
8894,486001.0422,443116.47691088426,-8.823965704885842,0.09237810529282342
8895,826772.6457,704030.0876489293,-14.84598682472722,0.16070864933501383
8896,19929.52072,16696.193684187703,-16.223807291901082,0.17702131542519162
8897,65570.87466,57487.268233706796,-12.328044224220823,0.13156811225523235
8898,205817.4547,193388.88190443287,-6.038638857760168,0.062286539901284854
8899,361091.9764,356038.93902914284,-1.39937680732613,0.01409260398696155
8900,640995.0885,650490.7786655803,1.4813982721461003,-0.01470532744335351
8901,16516.84981,13440.440201833535,-18.625885950139693,0.20611297277072538
8902,50715.80556,44717.66794562668,-11.82695916616595,0.12586892917906667
8903,89898.84196,81512.35557423953,-9.328803578462113,0.09793044907652337
8904,159244.0332,147854.58534873027,-7.152197556416661,0.0742085662822447
8905,276844.0715,265663.92953652673,-4.038425638987645,0.04122234172129069
8906,489449.2545,485236.21369142696,-0.8607717285986827,0.008644977656329544
8907,12226.46669,10946.707543997976,-10.467121683231143,0.11056427267116753
8908,21926.44486,19770.27538493317,-9.833648312956962,0.10351386968027931
8909,67749.40356,64420.53927543031,-4.913496074724256,0.050383141068287784
8910,210051.3017,203264.5355906,-3.231004071135457,0.032843533000423974
8911,372879.9186,369276.4665857803,-0.9663840379897725,0.009710838317491977
8912,660890.6406,676038.1024166289,2.29197705128294,-0.022661058197876116
8913,1167243.697,1181518.4959085195,1.222949324567615,-0.012155317138287103
8914,8905.068354,9283.437178116319,4.248915438659845,-0.04161127117061092
8915,16175.26498,16640.366490958844,2.875387275163169,-0.028348237523690756
8916,28750.20311,29391.777484067065,2.2315472750309415,-0.022070125900873094
8917,50395.70259,52820.59903897565,4.811712753969658,-0.04699534257339977
8918,90389.2777,93799.18376988597,3.772467439338735,-0.037030503310544916
8919,161479.623,161834.32377969814,0.21965668058201304,-0.002194157879888081
8920,287939.3414,289724.2023336062,0.619873937659226,-0.006179606218593037
8921,509333.9912,522326.1487057075,2.550812969520799,-0.025188226041741757
8922,1607314.467,1612569.589996198,0.32695051927246876,-0.003264171982099384
8923,6614.842679,7987.76438499114,20.755167924850653,-0.1885949041782471
8924,21632.3087,24847.709395306232,14.863881335542473,-0.1385776007589179
8925,38863.61822,43924.191436088484,13.021364061991056,-0.12240667734968547
8926,68904.16648,76627.47073576944,11.208762329359567,-0.10623899064989395
8927,124697.2748,133195.0385322957,6.814714873220069,-0.06592551075904929
8928,224922.041,233162.5070282577,3.663698760521967,-0.035981807793483256
8929,398265.4849,411603.9322313309,3.349134644364186,-0.032942727045744746
8930,704992.1501,707848.8589963627,0.405211447525689,-0.004043926770290085
8931,1257027.009,1247119.645909354,-0.7881583307050475,0.007912807155214807
8932,2212228.475,2186888.5377340172,-1.1454484720879858,0.011520592637241478
8933,9284.175416,12517.910422944691,34.83061081947885,-0.298849069941177
8934,30027.34077,37379.62826536935,24.485310076858166,-0.21901753160460835
8935,176787.2849,192876.83792236794,9.101080449009112,-0.08710461009254011
8936,316793.3283,334634.46802936913,5.631791497980591,-0.05478919582794006
8937,3079346.898,2896893.544392187,-5.925066569353204,0.06107855712885879
8938,4116.862146,6465.4727707229995,57.048561293336995,-0.45138487913535386
8939,13159.43017,19416.092211791474,47.54508334300827,-0.38896359287351245
8940,23898.15953,32674.952881705605,36.725812883991594,-0.3128073686210495
8941,43144.98231,56354.26304163987,30.616030009538942,-0.2670917645896722
8942,141647.3212,162954.07727719622,15.042117208211781,-0.1401281119200526
8943,254397.2931,277186.92307747673,8.95828320331948,-0.08579490007862312
8944,452593.0427,470924.09442343767,4.0502283495304106,-0.03970356146260379
8945,803241.6161,812754.9696453345,1.1843701016793644,-0.011774113301740385
8946,1409297.42,1375074.5034281402,-2.4283672194517845,0.024583382555569244
8947,3710.370683,6163.602001516119,66.11822720991782,-0.5075295609737047
8948,6622.437449,10559.877139762031,59.45604954496915,-0.46659814682333334
8949,11576.8553,17827.06245668725,53.98881643348562,-0.43170979322675684
8950,20571.39017,29660.788896913906,44.18465962582007,-0.36592465058111756
8951,36993.79527,50255.70535087946,35.84901193318266,-0.30637387663869653
8952,66663.22525,82620.0000465645,23.936397821622794,-0.21459832723471273
8953,213134.1851,237950.591636004,11.643559912437533,-0.11014110959941803
8954,379571.1977,397933.2189498982,4.837569700009454,-0.04724201116074944
8955,675279.6028,679453.3460317827,0.6180763071291585,-0.006161740497660162
8956,1172931.209,1142273.0031974427,-2.6138110715542644,0.026485782843034045
8957,2030695.926,1882180.2926080592,-7.313533823081139,0.07594772000871863
8958,6056.763722,9822.858373362405,62.179982978084645,-0.4835365385713821
8959,10600.9277,16660.874302781034,57.164304618180104,-0.45212159836384735
8960,32724.15647,45242.444015953435,38.253965560364016,-0.32392213798390834
8961,58720.13382,74315.10239050776,26.558128457800162,-0.2355315301358818
8962,104822.9875,126168.34621810862,20.363242097167493,-0.18534400207736468
8963,324742.6229,340957.70505319064,4.993210317878055,-0.04872549843939211
8964,578578.5217,577341.0825363764,-0.21387575190100777,0.0021410479272070404
8965,1004768.402,945420.5679473473,-5.906618274870143,0.060882474228005634
8966,1718030.64,1547251.6848568683,-9.940390535941289,0.10469840752137394
8967,6172.113534,9671.894826641319,56.70312565318599,-0.4491829099087479
8968,10638.34513,16182.845491606076,52.118071879155856,-0.41948682199266507
8969,31946.66324,43352.71118872578,35.703409345250215,-0.30530150467308914
8970,55420.66185,70195.01103849211,26.65855782899157,-0.2363247588755062
8971,170314.5667,188637.08758724786,10.758046855453069,-0.10217787813474999
8972,297439.3846,306177.9157967107,2.9379200096390705,-0.02895590218080457
8973,519684.1937,505805.59446305333,-2.6705832898505317,0.027068912476826412
8974,900807.1785,825046.3247416189,-8.410329709465241,0.0878516904209814
8975,1539945.131,1351869.0391436026,-12.213168383101142,0.13025867817967907
8976,6879.97098,9556.787857556992,38.90738616977411,-0.32863723852668514
8977,11381.19739,15442.151410508939,35.681254628595276,-0.30513823298058007
8978,19321.05996,25176.771966388667,30.30740559012617,-0.26472613144805024
8979,32786.36403,41274.5351783243,25.889333567325444,-0.23023303000630868
8980,55547.46131,65525.83457093931,17.963689114884794,-0.16520667175687187
8981,161944.4403,173046.60155281788,6.855537141164763,-0.06630761606436408
8982,276837.7214,276714.95677437214,-0.044345338853030505,0.0004435517430625424
8983,474657.9164,456607.8262178641,-3.802757640499319,0.03876949442895494
8984,817225.9285,725418.4263219535,-11.234041771846021,0.1191669627751768
8985,1394919.075,1163536.9422026898,-16.587495070085705,0.18137194865554385
8986,40850.05542,31888.193961839057,-21.9384315786589,0.2476723319273404
8987,72199.38299,57966.90481388113,-19.71274211317034,0.21955925898612527
8988,127882.7758,107368.89805895158,-16.04115770299726,0.17484347987533333
8989,225546.6769,194707.4150695415,-13.67311735837794,0.1470291341850345
8990,395557.1718,356583.2701322409,-9.852912409704693,0.10372754312468047
8991,703491.1656,677825.9353192963,-3.64826618097102,0.037164796281539125
8992,18132.09407,13358.920448460374,-26.32444770643982,0.3054991610427855
8993,32068.47667,25226.70654313534,-21.33487722934193,0.2399702956198979
8994,56093.68848,45060.96611181546,-19.66838456721956,0.21900692604838667
8995,99081.55127,83007.39796662814,-16.22315466132473,0.17701352528800385
8996,172859.8229,150044.74987859037,-13.198597938289122,0.14154741166755258
8997,301758.159,268738.62832065404,-10.942382068067278,0.11588663323044557
8998,536268.7612,497231.28371150425,-7.279461403111038,0.07558017812004714
8999,946997.9944,892140.1422517262,-5.792816085426942,0.05967374495082822
9000,6619.394545,9543.448582462235,44.17404065559043,-0.36585099946378463
9001,10799.43738,15593.147922349839,44.38852112080898,-0.3673375436876416
9002,29081.6313,41827.73500818614,43.82870952698632,-0.36345288837711287
9003,81887.19634,113337.35491982568,38.40668625317559,-0.3250261671063921
9004,136949.3018,188569.1284861159,37.692654148395164,-0.3198538715435362
9005,399115.3277,511156.0032933233,28.07225576601759,-0.24742441683438088
9006,688588.4849,836087.6025963917,21.4205030915979,-0.1940895671053653
9007,1190920.74,1364991.4521792913,14.616481713072801,-0.1364214274373179
9008,2035415.023,2225348.864336017,9.331455216247415,-0.08921395568022561
9009,1102226.695,1173574.901752249,6.473097328880158,-0.06272216001024411
9010,1860727.877,1893211.3787212605,1.7457416596365836,-0.017306786447893074
9011,6702.035581,9759.488394201659,45.61976396946345,-0.37582868211095644
9012,10948.30387,15749.73352769612,43.85546578454733,-0.36363889970435537
9013,17950.55729,26239.027335780145,46.17388703802268,-0.379626734143665
9014,29461.27584,41888.56780809571,42.18178477940523,-0.35193622739131136
9015,49363.21688,71451.01665384285,44.74546265397857,-0.3698065838872111
9016,82713.79853,112862.66068759306,36.449616259200305,-0.31078524884423864
9017,138598.7119,190407.95901018265,37.380756574103955,-0.3175861299458518
9018,235419.9986,314028.7245137393,33.3908446101483,-0.28811331402987683
9019,690888.4255,815056.2331754721,17.972193930678625,-0.1652787660537438
9020,1191590.842,1337403.1081551663,12.236772977411514,-0.115440498300595
9021,2038936.938,2196023.346739045,7.704328947668748,-0.07421959186664928
9022,7640.170678,7498.958773307734,-1.8482820691282233,0.018655762302428158
9023,13549.77123,13557.344774251698,0.05589425919553306,-0.0005587864417293531
9024,91295.82699,86372.02013632316,-5.393244155854095,0.05544129763719674
9025,306827.4779,284497.63206660165,-7.277655178157152,0.0755606979985064
9026,561299.755,532287.4701036518,-5.1687684945360886,0.05307138472245043
9027,762498.8479,712576.5768098012,-6.547192986283185,0.0677136149376718
9028,7976.122929,9011.34718411547,12.97904087400092,-0.12203213652975187
9029,14799.2391,16602.973239949195,12.188019449926951,-0.11500602287812356
9030,26525.95466,29033.732937863173,9.454054755076527,-0.0903346839375736
9031,48979.28761,52290.198700637855,6.759818797286618,-0.06541144125648302
9032,172453.0896,164739.0687258613,-4.473112596608833,0.04576243463633034
9033,319994.2435,301264.1369443248,-5.8532635933730965,0.06031559524965324
9034,584315.1495,541304.3396448959,-7.3608924724797316,0.07645880598010102
9035,1026265.221,937415.0833949626,-8.657619471744471,0.0905553162952284
9036,6139.641599,7698.174878006534,25.38475990618706,-0.22621690297654773
9037,11220.07192,13941.837448202576,24.258004294526618,-0.2171898977952118
9038,20615.20786,24062.836221609454,16.723713799165427,-0.15463953573915212
9039,37150.39227,42914.303833102626,15.5150759141705,-0.144230862851213
9040,128738.3274,133851.80590716552,3.9719938967962083,-0.03895138743448179
9041,240912.0861,235203.72097614716,-2.369480591971357,0.02398004259638853
9042,445017.1798,421789.8143720561,-5.219431177552009,0.05360576796372385
9043,790486.3127,719734.6552486077,-8.950396270585834,0.0937657320544325
9044,1419233.065,1288479.8203578412,-9.212950844134873,0.0966535409955469
9045,5089.118865,6718.593361941443,32.018794218936804,-0.2777741069096358
9046,9130.753379,12067.143407365456,32.15934005094167,-0.2788381302108309
9047,16885.49321,20706.789080094328,22.630644083474344,-0.20400675802251378
9048,30579.99962,35903.77163706236,17.40932662922761,-0.1604961614295739
9049,101627.4777,107471.08597498815,5.750027853921781,-0.05590789533231977
9050,188857.1881,190380.5860771794,0.8066401880201515,-0.008034042360675286
9051,623813.7911,564421.5295700347,-9.520831757380064,0.10005054694330262
9052,1121317.286,1018350.6187428779,-9.182652273597629,0.09631986437385187
9053,2027536.62,1777500.4678926198,-12.332016578195285,0.13161342257064845
9054,8177.077955,10504.087791746919,28.457718631923196,-0.2504296263184749
9055,14915.89765,17876.90199195308,19.851331857007473,-0.18108188752982635
9056,47061.72871,53418.25628277757,13.506787249459636,-0.12669244870015461
9057,83271.34995,90279.6509575057,8.416221199384669,-0.08080753388294326
9058,152913.8234,158114.2481510611,3.40088596009895,-0.033443344329016966
9059,501077.6572,467383.6653794941,-6.724305371903128,0.06961061981026795
9060,907379.577,802887.888881329,-11.515763718657187,0.12234577095442845
9061,1633016.244,1434419.259688488,-12.161360001236583,0.12966869105661694
9062,2786.063702,3211.8557118680765,15.282924419941226,-0.1422191333545335
9063,4590.18657,5411.686425492282,17.896872882277687,-0.16464009772831112
9064,8003.630184,9385.516810254514,17.265748097869814,-0.15927252445458073
9065,41997.27439,46461.99936083026,10.630987452588975,-0.10103003974056968
9066,128490.7856,133092.41451715218,3.5812909818119896,-0.03518653855048903
9067,410631.5701,370482.5681469268,-9.777378281776,0.10288999526108533
9068,736054.4642,641921.6278766283,-12.788841166214848,0.13683789498304577
9069,4817.694602,5009.711817666213,3.9856659985566645,-0.03908287671731969
9070,8290.858452,8758.692674430938,5.642771796665793,-0.054893139232426336
9071,24095.38813,24369.332472091384,1.1369160795974482,-0.011305017599079648
9072,40421.70356,41598.27232000741,2.9107352149593786,-0.02869177808625345
9073,69245.82245,67352.83708463813,-2.73371778742138,0.027717791153341054
9074,120071.609,114946.53984769844,-4.268343861621406,0.043621157081505046
9075,206686.6418,194235.0349068173,-6.024388796849038,0.062134892668060715
9076,360715.5348,318510.0647618387,-11.700485830631688,0.1244355804389734
9077,637808.5529,539845.6453107016,-15.359296632802874,0.16675490780869495
9078,1124341.788,924266.1155310768,-17.794915621238403,0.1959530320825973
9079,3290.089577,2952.2821119600944,-10.26742455285757,0.10833632290410655
9080,8790.093057,8313.723181310525,-5.419395137234843,0.05571775354259856
9081,14882.3999,13528.980132523138,-9.094096224876083,0.09534523889252533
9082,41225.93689,36913.63712962,-10.460161940979471,0.11048654176502026
9083,68279.33008,59942.69909359518,-12.209596925800442,0.13021799571526316
9084,115090.5854,100533.9093221264,-12.648016366657208,0.13522444064076744
9085,328423.1741,273166.374291936,-16.82487843907115,0.1842219025766081
9086,573763.3869,455797.67587402434,-20.559992798309327,0.23016807559545427
9087,997742.1526,772277.0356647932,-22.59753347572526,0.25615153866146834
9088,5880.298564,4750.086082781424,-19.220324766124847,0.21344479623878243
9089,26107.30789,21800.423203246304,-16.496854845778188,0.18028588832302006
9090,42796.75457,34919.875867422255,-18.405317837113138,0.20340609571412216
9091,115342.8129,94767.70629381441,-17.838221635901856,0.196479975469396
9092,193183.5726,153831.5278907842,-20.370285205718268,0.2277828613616979
9093,316284.746,246119.92730798625,-22.18406659801853,0.25082397626097297
9094,540941.9932,415165.37535122165,-23.25140577545725,0.26463511598113243
9095,930652.2555,679622.1053487273,-26.973571349311865,0.314348774048236
9096,13079.38247,14032.232024430843,7.285126469971962,-0.070319837730759
9097,24265.37637,25014.558896852184,3.0874547974389506,-0.03040751768397243
9098,89018.73774,86569.61567033004,-2.7512433133158916,0.027897988284021125
9099,166061.0101,158755.52332696604,-4.399278776297155,0.04498982177820032
9100,305532.2664,297110.2940724492,-2.7564919498632747,0.027951960986284163
9101,550549.3797,542946.1869317418,-1.3810192234530048,0.013906440101052908
9102,10591.99922,10940.683566606604,3.291959708118293,-0.03238935272410792
9103,34859.40018,36228.52888307498,3.9275738997382286,-0.038524065740602964
9104,65103.36664,67010.3791344182,2.9292071867240614,-0.02887125706976512
9105,122099.0953,119657.17959463412,-1.9999457812247077,0.020202154064863365
9106,225378.7172,218988.64035009508,-2.8352618780035055,0.028762316863689463
9107,413422.3339,402031.8647258541,-2.7551654180591796,0.027938319738833428
9108,737844.1216,705611.376372263,-4.368503357842162,0.04466795740760254
9109,25247.34052,29880.23212273749,18.350018288332123,-0.16847630449941065
9110,47011.83773,52454.31181655737,11.57681628575078,-0.10954310300331471
9111,89920.0972,94702.07310411302,5.318027952613264,-0.051814424125684155
9112,310391.3944,306751.9266826118,-1.172541437375681,0.01179469917273046
9113,563842.2919,550061.3310600915,-2.4441162072944627,0.024744805077144605
9114,1022059.396,977423.1162657071,-4.367288232854608,0.04465525116216895
9115,5654.155441,7639.689141848812,35.11636214404549,-0.300966162999563
9116,9949.136383,13292.590452493032,33.605470271831464,-0.28972101942466466
9117,18765.50118,24126.626887282855,28.569051558274744,-0.25129594022991775
9118,34206.76696,42899.818753561645,25.413251722172237,-0.22644411224286287
9119,65787.49457,77427.53693596071,17.693396658502238,-0.16291272354798814
9120,123728.2444,138383.89601123164,11.845033187290294,-0.11194409494767932
9121,232175.2493,241303.26456496606,3.93151952780785,-0.0385620301905103
9122,428090.7022,418152.47015589284,-2.3215248528018986,0.023488967003659766
9123,783347.5846,750520.7717171597,-4.190580724085925,0.04280918354904273
9124,1406602.77,1333531.9458186915,-5.194844325616429,0.05334639345503156
9125,4518.435121,6726.131323894443,48.85975218796204,-0.39783441621006865
9126,7884.904538,11376.306168634917,44.27956754338219,-0.36658267269996436
9127,14454.259,20744.361488703238,43.517294720561175,-0.36128536265032274
9128,26657.42762,36205.81280584456,35.818854399442465,-0.3061518589649008
9129,49971.78578,63477.567011797146,27.026813272705795,-0.2392280063176333
9130,93745.42099,110216.18345746503,17.569671450109542,-0.16186092038318378
9131,176548.2756,193124.39911094418,9.389003350279221,-0.08974018112559001
9132,324616.6394,329230.2960418237,1.4212631399152196,-0.01411257884584316
9133,601827.4258,579687.4354245807,-3.6787938578885653,0.037481682266452765
9134,1097405.611,1043845.409238474,-4.880620367224098,0.05003745556989614
9135,1930684.059,1749985.2929743133,-9.35931309855429,0.0982669909492433
9136,3867.211099,6009.683941258054,55.400979864069576,-0.4408385573571696
9137,6656.443972,10085.648417875831,51.51706316917274,-0.4155280607986125
9138,12005.37194,17613.1282394638,46.71039204357877,-0.38329033539476676
9139,21796.02923,30575.240325042963,40.27894715317815,-0.3384627339319266
9140,41614.2844,52820.390303605906,26.928507999541402,-0.23845381282893818
9141,868591.6291,831022.2055243861,-4.3253264614744005,0.04421656687419784
9142,1538899.21,1379675.3780408434,-10.346605607728954,0.10921912394015898
9143,2752310.042,2393423.1546139685,-13.03947890715255,0.1397159508650372
9144,3656.467632,5395.5042283399225,47.56056312711598,-0.38906850299168205
9145,10912.15472,15664.036638336507,43.546687526590595,-0.36149014491455667
9146,64622.77434,79082.86030066926,22.376145419864457,-0.20192927473595645
9147,115460.2373,137171.3083967264,18.803937705683563,-0.17230436606188348
9148,210337.2074,224715.02234189078,6.83560227865361,-0.06612103965672134
9149,698943.2754,663502.776515267,-5.070582997518752,0.05203654945442793
9150,1243325.57,1111881.4157491603,-10.571981902603332,0.11173615137174941
9151,2216857.054,1913798.449228456,-13.670642598480507,0.1470004672813996
9152,6384.304508,8618.79234272225,34.999706419427106,-0.3001024177770635
9153,11056.05465,14803.321182823838,33.89334307264697,-0.29187334980959356
9154,18877.95505,24305.154842494503,28.74887549059241,-0.25269361946396174
9155,33965.70927,40931.239182119076,20.507535575803026,-0.18654210088611123
9156,59667.41448,70994.06827947535,18.982980741141294,-0.17381027791324222
9157,105353.425,117876.1287368966,11.886375537289458,-0.11231366621802863
9158,330487.6623,328466.9082850173,-0.6114461281003546,0.006133231150254659
9159,592785.1775,555542.40711315,-6.282675714652125,0.06488712284837561
9160,1037597.465,915790.0059268364,-11.739375160594053,0.12487610264075144
9161,4149.284328,4990.174062784896,20.265898123935365,-0.18453492318980302
9162,6830.807713,8050.783640585194,17.859907332238407,-0.1643265071685125
9163,11652.22963,13663.632294722807,17.261955253132165,-0.15924017991972406
9164,34125.62884,38157.78254401594,11.815617297254605,-0.11168105457699617
9165,58011.31526,63132.39849720193,8.827731648989213,-0.08459600243539178
9166,99627.67285,104681.57077035881,5.072785277207054,-0.049483117138315436
9167,171012.4546,169739.28719632956,-0.7444881173411538,0.007472732621170763
9168,296906.8943,289947.47665300843,-2.3439730705477104,0.023718810862334294
9169,527605.3203,484845.9402734661,-8.104425482711324,0.08451731320175249
9170,910347.4093,774818.7152705541,-14.8875794718479,0.1611972089065432
9171,1584654.251,1300356.8989979145,-17.94065499289065,0.1977274808836853
9172,4669.859406,4834.64503293473,3.5287063829589376,-0.03467874461825993
9173,12476.83198,12856.17258456688,3.0403599661753224,-0.02995056982240385
9174,20761.85223,21057.564742957733,1.4243069918898683,-0.014142590366162722
9175,58021.96588,58053.88540482513,0.05501282891921061,-0.0005499770240984247
9176,96664.10694,93665.98899627612,-3.1015834508095392,0.03150700830651232
9177,162417.194,153113.65420779915,-5.728174193306678,0.0589878129231689
9178,278008.3844,248432.49073014985,-10.638489818816463,0.11248013140146718
9179,474344.1799,409279.0169195542,-13.716867569485652,0.1475360597191795
9180,814644.7419,660119.4976745722,-18.968420991097034,0.21033124298555173
9181,1401628.528,1094153.3897403835,-21.93699201445024,0.24765389070249455
9182,8207.44488,7717.100858299822,-5.974380929380999,0.06160289754680903
9183,13515.1294,12920.93296425544,-4.396527907047338,0.044961047626314254
9184,21979.1214,20524.719915386526,-6.617195738376849,0.06846296625128545
9185,60097.47652,54290.20087716248,-9.663093991816604,0.10162410465248861
9186,98672.24144,87496.60435565862,-11.326019274769376,0.12020367989426362
9187,161032.9887,138881.26554697275,-13.75601566601691,0.1479898793614165
9188,270623.1086,230464.00335920163,-14.83949595012462,0.16063242712317383
9189,457876.9855,369409.8630464236,-19.321155082073112,0.21469378983740128
9190,760569.4195,587296.1679425641,-22.78204291612803,0.2585381512922744
9191,13330.05691,13792.987077325452,3.4728296394456444,-0.03413887669318072
9192,25900.99794,25754.514869098235,-0.5655499114014679,0.005671552002469937
9193,49159.58198,48212.605929975434,-1.9263305583229622,0.019451260727537445
9194,93961.70868,87832.0746894595,-6.5235446190275574,0.06746059551119288
9195,173640.1585,161031.6626091486,-7.261278727093188,0.07538409542146596
9196,310832.1315,291534.8535298856,-6.208263565607094,0.06409343157110392
9197,561246.9016,542355.4616034784,-3.36597671054681,0.0342392988149296
9198,10945.72145,11103.69109463707,1.443209069029167,-0.014328939344657954
9199,19874.67122,20449.815297059507,2.8938545482993265,-0.02852773250576135
9200,36806.27948,37158.729382176665,0.9575808996619287,-0.009530251539750623
9201,128865.9648,125639.05173182166,-2.5040848242486,0.02535970449525493
9202,235101.8449,225008.31112514407,-4.293260131220657,0.0438814629580655
9203,425315.582,403135.565384447,-5.214955095520813,0.05355854334377241
9204,765241.741,753532.6805927532,-1.5301126140800534,0.01541939636750378
9205,7998.358813,9119.979660208126,14.023137413954451,-0.13123120158438617
9206,14492.36866,16627.053953942162,14.729719785793542,-0.13740891344042083
9207,48921.73878,53291.480271014014,8.932105849026845,-0.08555462005037207
9208,318855.3209,313838.77769018617,-1.5732976309299616,0.01585805320352307
9209,1043239.194,977386.9963568922,-6.312281787517643,0.06520308097540628
9210,5788.577314,7669.932128612101,32.50116069214345,-0.28142121934052255
9211,10549.47717,13794.013650106857,30.755424442582658,-0.26815840322893614
9212,19207.43507,24443.33177854752,27.259739207581347,-0.24106000252623616
9213,66371.36915,77034.48971552293,16.065843905410723,-0.1489874639572779
9214,237144.7538,240804.81781722972,1.543388145249247,-0.015315990566053372
9215,440259.3259,438202.66996629315,-0.46714647770436846,0.0046824101692717335
9216,804304.1702,751331.1660795875,-6.586190409436784,0.06813099739397543
9217,4517.337239,6651.772828178028,47.24986150581324,-0.3869606960053922
9218,8139.006928,11976.582783400592,47.15041883302096,-0.3862851349871761
9219,14725.0352,20708.986742383484,40.637943890167975,-0.34101862817586515
9220,49617.3808,63347.32569596282,27.67164383647357,-0.24429149942880812
9221,94981.59892,109928.7026976803,15.736841606835627,-0.14614882109366967
9222,178763.6865,192754.09377988018,7.826202040133114,-0.07535050454890424
9223,333539.1362,340760.37015952857,2.165033477570228,-0.02141929505464546
9224,616346.102,585235.6920254995,-5.047555241048709,0.05179400120501221
9225,1124265.799,1034404.8884429268,-7.992852814432479,0.08330392515686746
9226,2003752.193,1795041.743285908,-10.415981100018792,0.10999324240661146
9227,3750.010751,5917.019336109604,57.786729932220524,-0.4560741246684312
9228,6632.295891,10638.927709345895,60.41093286840352,-0.4725686671489875
9229,11914.88179,17976.826450356395,50.87708604414443,-0.411295319641523
9230,21699.57126,31291.28259456526,44.20230805318343,-0.36604704465133153
9231,40110.71711,53860.06526392455,34.278490001109226,-0.2947457409094092
9232,139517.5211,160059.53204702985,14.723606601572447,-0.13735562866727236
9233,259742.9648,282773.8396054878,8.866794457059282,-0.0849548797042683
9234,480008.5172,474213.4343000055,-1.2072875151879718,0.012146344229874373
9235,884760.3114,829202.3822092083,-6.27943279947533,0.06485252029121469
9236,2820086.964,2416812.399803758,-14.300075470872677,0.15431824102503278
9237,3409.630493,5470.61823700549,60.446073210475895,-0.4727877076657716
9238,5977.370674,9315.517542416497,55.84640890578467,-0.44370077796931007
9239,10457.82167,16302.14710432895,55.88473028847268,-0.44394663972684967
9240,33634.95881,46591.94349840569,38.522374180977025,-0.32586167302513047
9241,62498.16168,78399.17602707338,25.44237129483739,-0.2266762742525934
9242,113434.6511,137060.97483727455,20.828136295360412,-0.18919898874414187
9243,209069.6608,230055.81840455483,10.037878056649534,-0.09565446650040066
9244,1264895.457,1141955.566532576,-9.719371651393633,0.10224727406512102
9245,2241509.052,1911558.5799265893,-14.720015151355758,0.15923040323656323
9246,3431.485926,5198.939628349175,51.50694889806683,-0.41546130522343105
9247,5995.769491,8771.732383058608,46.298692707007675,-0.38048018629750047
9248,10190.24236,14612.608506877434,43.39804678480124,-0.3604541213371153
9249,17925.72123,24712.297097795694,37.859429925965074,-0.3210643562944995
9250,31332.68963,41902.53023887587,33.734226884740856,-0.2906842630000419
9251,56394.67598,69205.40153839804,22.716196761093695,-0.20470415996005187
9252,101185.8254,117814.487998837,16.43378658334984,-0.15215256993472082
9253,179544.9433,201877.09364546597,12.438195103134355,-0.11723350783259434
9254,324959.242,333748.2480782914,2.7046487504704952,-0.02668719526248786
9255,589326.3642,560333.300619476,-4.919695663010344,0.050448342649414
9256,1044527.927,945742.8410635113,-9.457390595597612,0.0993496239360887
9257,1844539.171,1566755.9189433223,-15.059764326180188,0.16322228651510606
9258,6348.760821,8231.43340741331,29.654174089941034,-0.2597005205415108
9259,10693.98545,13879.414158713456,29.787105318283896,-0.2607252706528165
9260,18233.03916,22691.53232121401,24.452825017757544,-0.21875654259002708
9261,31090.82252,37892.75160256769,21.877610597764548,-0.1978471633898593
9262,53905.5992,61580.595963634994,14.237847046573593,-0.1331124665447625
9263,93948.09268,103408.69274523006,10.070028880154226,-0.09594660342706263
9264,164053.8887,175484.0470255058,6.9673193461495755,-0.06735317515009065
9265,285909.7368,283079.6173950055,-0.9898646463286637,0.009947963783888625
9266,510597.9739,475093.1584226347,-6.953575472729717,0.07207162892267682
9267,895178.6649,782642.2365970413,-12.571393031974251,0.13434764603413463
9268,1549569.67,1285493.1092467862,-17.041928857139656,0.1868348727847966
9269,4202.610766,4745.506441704628,12.918057510744694,-0.12149221490017936
9270,11593.39628,13185.482357338167,13.732697812501293,-0.1286807531306593
9271,19475.93899,21634.569417187915,11.083575627836346,-0.10511266559606369
9272,32509.82145,35942.15665582045,10.55784083926567,-0.1003686445285723
9273,54682.35695,57248.926461352785,4.693597084155648,-0.045867775139237565
9274,92445.12477,94960.46382857021,2.7208996308115583,-0.02684541200332724
9275,157690.8543,156845.76767860053,-0.5359135284990806,0.005373546962973208
9276,271129.1917,253214.42032624653,-6.607466817359856,0.06835878846037424
9277,469589.1919,427953.5393754681,-8.866399236334697,0.09284361587542733
9278,812604.9055,687465.2361346448,-15.399817121256005,0.16723375769096904
9279,1392005.038,1116829.9777436026,-19.768251747979477,0.2202508859573733
9280,7737.911442,8137.475286101417,5.163716942179721,-0.050348158838332324
9281,20615.23927,20785.48796321639,0.825839035805632,-0.008224476440712891
9282,33943.34807,34788.16240385036,2.4888951205052936,-0.024584266433384627
9283,55735.23733,53849.116027862525,-3.384073330431943,0.03442658600379467
9284,92955.45458,89831.2048498902,-3.3610181825543006,0.034187987686500776
9285,154538.3513,143254.22325063785,-7.30183022818502,0.07582145717305444
9286,259092.731,228108.6553523197,-11.958681946843306,0.1273639583701467
9287,443810.8014,374913.1460752408,-15.524105115833532,0.16870395996451748
9288,1270954.043,972093.0397027686,-23.514697871513164,0.26807159265413816
9289,15040.37179,13856.289461496588,-7.87269320889182,0.08199879599714777
9290,29550.57116,27136.29352823428,-8.169986355572421,0.08523099577912063
9291,55122.15433,48341.50951023041,-12.301124479235474,0.13126110857625406
9292,103331.5418,89371.13734412348,-13.510303062057408,0.14514488968849903
9293,343576.6969,299287.5139939096,-12.89062480246762,0.13800567075180759
9294,22284.48222,21041.171052548405,-5.579268816646513,0.057409526954229406
9295,40825.83573,37741.43220989282,-7.5550284885917804,0.0785566210738331
9296,76512.50907,68825.30831832981,-10.046985578054034,0.10588271395800675
9297,141208.3307,123240.49208384952,-12.724347442590705,0.13609865599934423
9298,471390.2521,416338.12954664946,-11.678672248333182,0.12418857015216567
9299,16130.42536,33575.33610890418,108.14910555405328,-0.7330844905216498
9300,50108.00939,98334.13068952697,96.24433675697244,-0.6741903129687348
9301,2411350.244,2702574.930776088,12.077245414709987,-0.1140181387820931
9302,7147.149628,9707.852110707445,35.82830381325052,-0.30622143019748016
9303,11523.25871,15931.1125771157,38.251799929567845,-0.3239064737116468
9304,30097.32256,42856.285729519725,42.39235282169805,-0.353416109452958
9305,83312.4747,115014.33796249401,38.05176040760917,-0.32245850426336986
9306,138219.6909,187859.52509331368,35.9137210263532,-0.30685009421046416
9307,232007.299,307195.3825572896,32.40763712235175,-0.2807151380442523
9308,400008.745,510614.2693616384,27.650776575306722,-0.2441280413104039
9309,2071767.581,2267015.98163951,9.424242488883216,-0.09006227441362036
9310,1099365.366,1179085.377112496,7.251457393328146,-0.0700059604766885
9311,1860627.739,1935644.9119297545,4.031820624692648,-0.03952663389988054
9312,7200.07482,9697.527609209892,34.68648384420389,-0.2977795497373208
9313,11597.28729,16191.923787028896,39.61820020610092,-0.3337413698114382
9314,18657.669,25906.500448984927,38.85175285822106,-0.3282366517989761
9315,30308.40946,42510.376220516715,40.25934378582438,-0.33832297855436266
9316,49872.85255,70760.00994398925,41.88081556604134,-0.34981719218133733
9317,83499.61032,115021.79257276401,37.75129264910323,-0.3202796460234314
9318,138708.5102,190464.72269729065,37.312932294251304,-0.3170923124030445
9319,231986.3299,311666.9821609109,34.34713256391358,-0.2952568058155993
9320,398863.0853,510822.62982220436,28.06966817648602,-0.24740421249225797
9321,2075073.038,2242696.508126166,8.077955187915958,-0.07768258805404926
9322,6028.86814,7475.310512632219,23.991939101063494,-0.21504637025439344
9323,11572.36864,13486.247562699878,16.538350809915762,-0.15305022434745297
9324,23685.97962,25039.03860190565,5.712489006632234,-0.05555285512717134
9325,46742.97842,45184.232540478864,-3.3347166402519863,0.03391586184964268
9326,173077.7862,157330.20461450893,-9.098557319940506,0.09539431386284036
9327,317773.6343,278860.97341333865,-12.245402603138912,0.1306259330275079
9328,566092.4657,521517.1839659659,-7.874205087487719,0.08201520688610486
9329,32670.39694,35483.33346885588,8.610046991537667,-0.08259373096684541
9330,64382.35627,64174.888500118774,-0.3222432074575933,0.0032276352898250593
9331,763799.99,700375.2255759541,-8.303844626136474,0.08668973373476518
9332,3645.170497,4926.899284557206,35.162382352542274,-0.30130670186825625
9333,6491.830845,8648.49928006644,33.22126664356178,-0.28684121886017877
9334,12101.83597,16172.805788922182,33.6392744787978,-0.28997400256323225
9335,23384.3083,28338.836851334094,21.187406904544158,-0.19216797882093495
9336,45978.45712,52067.28367531754,13.242781373516314,-0.12436383571232845
9337,89726.08754,91563.80803701145,2.0481451352620232,-0.02027452706398769
9338,173022.2916,160536.2882603394,-7.216413113130092,0.07490042728168689
9339,329732.6422,297698.6418514982,-9.715143800980277,0.10220044506649373
9340,1013940.115,925677.6219989685,-8.70490196563842,0.09107309058035895
9341,2947.341716,4309.966363276919,46.2323265700664,-0.3800264488562961
9342,5207.227862,7361.599666616854,41.37272002899062,-0.34622962120225687
9343,17587.52137,23699.985469799198,34.75455108885079,-0.2982847975449676
9344,33649.36758,42642.09784842208,26.72481212920937,-0.23684771586150433
9345,65094.40825,75087.2647290672,15.35132855143084,-0.14281231613301593
9346,126102.9477,129371.75428807408,2.5921730202933837,-0.025591457486710212
9347,244102.5151,233978.01087483446,-4.147644370242511,0.04236114058812568
9348,461346.4574,418568.6343550017,-9.272385722019058,0.09730841789511935
9349,813064.9801,699877.0951535244,-13.921136405672579,0.14990629140052114
9350,1421554.566,1252416.6028352757,-11.898098547187558,0.12667607038655504
9351,4602.628495,6507.316478662455,41.38261399397291,-0.34629960371926494
9352,8282.134223,11670.24078056637,40.90861686541361,-0.342941386940236
9353,27376.07477,35656.260913821025,30.246067828887018,-0.2642553047761407
9354,97231.98829,105798.44583369914,8.810328467365279,-0.08443607469433623
9355,186914.374,188162.884885168,0.667958733429449,-0.00665737773659103
9356,355488.6011,332708.9772607469,-6.40797588692448,0.06622501860247532
9357,645132.515,552637.9707209665,-14.337293831645356,0.15475262232749643
9358,1161344.299,974137.5307409359,-16.119833577369132,0.17578099590017793
9359,2050018.557,1733421.6880098619,-15.443609908265731,0.16775153583247437
9360,2746.877893,3460.6331967719802,25.984238527343244,-0.23098662208601795
9361,4530.309241,5760.242360080174,27.148988151826124,-0.24018934793902424
9362,7929.021515,10488.257931010758,32.27682521947044,-0.2797267013798983
9363,14179.2841,17601.789337412996,24.137362741839663,-0.21621853054620033
9364,24971.45413,30598.77786123201,22.535026202064483,-0.2032267313071383
9365,43628.40185,52701.07176884779,20.795329496690666,-0.18892743565832149
9366,80377.74,88952.22876646955,10.667740554125485,-0.10136219801554525
9367,150354.5041,153899.43542544238,2.357715418411859,-0.023303505968957694
9368,511863.115,452472.47810090956,-11.602835828303517,0.12333029636474713
9369,940486.6206,780165.177889836,-17.046647894670112,0.18689175901287314
9370,1688108.131,1370843.6229491686,-18.794086837487754,0.20818211927343988
9371,2896.780507,3116.9676642763984,7.601099107934534,-0.07326067644517753
9372,4709.361107,5184.83427227886,10.096341190997578,-0.09618562549896303
9373,8046.0964,9231.97447288588,14.738551639598551,-0.13748589012878476
9374,13813.49708,15145.17255631822,9.64039351227214,-0.09203567457059059
9375,23785.3143,26532.67323057182,11.55065220463294,-0.1093085816204038
9376,40986.13554,44605.90132468288,8.831683536375873,-0.08463231501469082
9377,70186.20498,74764.22459513988,6.522677236138384,-0.06318770828935882
9378,127102.4526,129895.50081019416,2.197477824431973,-0.021736812655380078
9379,231339.0262,223642.31556889127,-3.3270264674040226,0.03383631036329504
9380,413061.3529,370079.8335159909,-10.40560175437539,0.1098773875417205
9381,753270.1037,625847.8916132759,-16.9158727342074,0.18531651000282778
9382,1364756.35,1096224.279977673,-19.676191286622487,0.21910411192867052
9383,3188.183885,2998.1717229115457,-5.9598871627962655,0.06144876243174835
9384,5124.50911,4984.100229525594,-2.7399479142384826,0.027781845481424483
9385,8703.210484,8667.188571781036,-0.4138922330464785,0.004147511377285085
9386,14598.06303,14191.59940085577,-2.7843668595547184,0.028238652675979026
9387,40522.77237,39854.21429649904,-1.649833005986301,0.016635943198046732
9388,68673.25157,65453.90887426371,-4.687913593919087,0.04801355854181111
9389,206309.23,193095.15653142292,-6.404984143742423,0.06619305332130132
9390,1143334.046,900058.3166469312,-21.277747321894132,0.23924431731580675
9391,3585.076226,2861.2523653129715,-20.189915501312093,0.22552031735260947
9392,9361.889236,8097.34587469291,-13.507352302828407,0.1451107733833279
9393,15526.33095,13132.70790342819,-15.416540161871334,0.16743144867812632
9394,25472.05741,21905.123024379183,-14.00332265355403,0.15086152598739666
9395,41203.40076,36432.588734574434,-11.578685102267183,0.12305712665631319
9396,68506.69146,58541.809069419374,-14.545852643312907,0.15719024212522292
9397,114821.9518,99612.66805716796,-13.245972137212908,0.14209333754404163
9398,326124.6733,268449.29208110843,-17.68507136711989,0.1946177018886619
9399,571215.5705,444742.56810208684,-22.141028523996297,0.250271053808218
9400,998158.3121,750294.9536117743,-24.832068769407158,0.28544549238811356
9401,6224.100648,4688.148890710819,-24.67748907278244,0.28339114596221293
9402,10229.49518,7879.2676026819545,-22.975010359387504,0.26104027599920165
9403,16568.41551,12579.878176347695,-24.073136814108693,0.27539963553661373
9404,26901.32045,21159.26161534023,-21.344895858670643,0.24009766168768287
9405,43401.9536,34210.608703338956,-21.17726077809789,0.237968661946363
9406,69975.67233,55677.10243606691,-20.433629885686717,0.228578668411199
9407,115895.81,90990.39019221887,-21.489491128092663,0.24193769917993713
9408,313945.6286,239802.51661878987,-23.616545422798772,0.2694040763944354
9409,536523.0958,396591.9011471638,-26.08111295641193,0.30220181499652377
9410,11168.53343,13416.078611407283,20.123906110806924,-0.18335357500331284
9411,22452.11721,24418.2809450361,8.757141772627055,-0.08394715329685809
9412,90681.21493,85329.57481700362,-5.901597279136032,0.06082911381431799
9413,172186.7401,157412.09614288434,-8.580593342167381,0.08971240339397468
9414,315703.9152,287678.0071483525,-8.877276049583651,0.092962973195716
9415,8592.453482,10799.227668914247,25.68270158851756,-0.2285903034993897
9416,16360.14627,19100.637389549924,16.751018446425693,-0.1548734338327229
9417,32052.92846,35589.156772151764,11.03246561874916,-0.10465245561120717
9418,63759.4193,64160.25063675655,0.6286621508746234,-0.006266943134347613
9419,124648.7244,117241.41503996911,-5.94254726286705,0.061264391093125425
9420,235054.2223,215416.7118356418,-8.35445978047347,0.0872418738844356
9421,433545.6275,393433.6411188938,-9.252079559055453,0.09708462835699017
9422,756777.7159,691163.6645914287,-8.670188079010698,0.09069292462102396
9423,6293.650513,8867.8167517851,40.90100385250134,-0.34288735746534016
9424,11135.79523,15811.173751187378,41.985133747716894,-0.35055217421510143
9425,43506.32813,51854.286140797005,19.187916722948238,-0.17553119373097203
9426,87750.69211,93543.14705312875,6.601036189968286,-0.06392304605258481
9427,170744.7228,169153.76380599887,-0.9317763781576277,0.009361445699463289
9428,325483.7907,302721.49411255855,-6.993373322366639,0.0724994407751165
9429,584240.7243,535033.8650569107,-8.422360372438236,0.08798305297684017
9430,1017846.263,969670.8824256287,-4.733070437610018,0.04848744958701978
9431,4623.322946,7547.715466723036,63.253044506725566,-0.4901312313466235
9432,8378.949136,13218.71698600007,57.76103627608978,-0.4559112735318429
9433,15452.49894,23708.113771523287,53.42575892468101,-0.4280466088264472
9434,30563.5815,42205.79523778322,38.09178494929731,-0.3227483864108365
9435,61685.8057,75084.6408395048,21.72109934766534,-0.19656217077499427
9436,237370.3589,238900.9541350564,0.6448131275317454,-0.006427431014527585
9437,443500.1324,413666.3729900135,-6.726888501372293,0.06963831368323348
9438,809498.2793,731637.5291286164,-9.618396006809597,0.1011294349485592
9439,1415240.896,1298105.287048088,-8.276725841019791,0.08639403130691115
9440,6770.035698,11297.785041594308,66.87925360470247,-0.5121003326075719
9441,12404.28866,19921.201197818507,60.59930354618584,-0.473742278940982
9442,22880.32831,34566.91008525139,51.07698463462908,-0.4126193529240574
9443,46173.43474,60778.14322865709,31.630110627237034,-0.2748256108897813
9444,89788.55831,109216.60047455067,21.637547734617005,-0.19587551659333435
9445,175218.6749,191778.61229682952,9.451011660874917,-0.0903068810707719
9446,332808.3331,321364.0988677436,-3.438686202853484,0.03499200327287433
9447,625831.807,568637.2724296522,-9.13896256639891,0.095838907786721
9448,1138215.082,1003421.0388333264,-11.842581011123302,0.1260461174540115
9449,1951302.773,1707860.9064421284,-12.475863301500658,0.13325558268073223
9450,3641.303919,5834.640552420042,60.234923593589826,-0.47147082484761604
9451,6166.308075,9965.686938053708,61.61513205052942,-0.4800475946415972
9452,10951.3318,17376.265949676083,58.66806217738817,-0.46164417477218045
9453,20078.86782,30381.84270237935,51.312529046666874,-0.41417724067492223
9454,71428.60606,91539.07474575099,28.154642509554495,-0.2480674933180005
9455,486348.6694,464390.5647326155,-4.514889429937963,0.04619986091780426
9456,1602810.496,1368267.7696313271,-14.633216275660882,0.15821311021770157
9457,2795359.332,2346455.404806533,-16.058898834744404,0.17505480968816478
9458,3718.675811,5332.78154506028,43.40538987791534,-0.36050532778848243
9459,6206.779819,8868.072001797951,42.87718044470156,-0.3568151972156919
9460,10661.77005,15577.266178825945,46.10394058185438,-0.3791481042176592
9461,34441.24439,45361.21374829336,31.706082494115602,-0.27540260616024526
9462,61363.74533,78270.88895727688,27.552333281409382,-0.24335655150500735
9463,113708.1756,132048.5381239871,16.1293261695662,-0.14953426487235966
9464,209297.3339,219471.20412212666,4.860965035984464,-0.0474651442036329
9465,390251.7613,378437.11161586264,-3.0274430139099473,0.030742165182637393
9466,723121.0458,660731.5282462345,-8.627811058208513,0.09022903236629176
9467,4120.697929,5039.943902416515,22.308016487867025,-0.2013724022908665
9468,6754.648747,8220.037572727771,21.69452299616034,-0.19634380885266012
9469,11483.21632,14388.426838154432,25.299623704680258,-0.22553767275443626
9470,19252.3953,23795.666926606365,23.598474661521028,-0.2118680180331438
9471,34008.67624,39896.27081899659,17.31203689743083,-0.15966718075302389
9472,59244.24152,68236.56179544513,15.178387037682725,-0.14131193215215276
9473,102358.1671,115025.25083535146,12.375254553919666,-0.11667357201954509
9474,182217.6689,188392.78796724734,3.3888695341812407,-0.03332712555500095
9475,331925.8042,326901.6265132648,-1.5136448034958865,0.015252173329464824
9476,601203.2322,549358.5153397558,-8.623492703212412,0.09018177233012281
9477,1069102.061,916158.5765886965,-14.305788941071318,0.15438491156986878
9478,1920016.392,1524189.2109433648,-20.615823005777507,0.2308711197829698
9479,4570.01667,4852.84261650675,6.188728990057499,-0.060047787150432796
9480,7493.092172,7868.978084174242,5.016432516055837,-0.04894665207747373
9481,20544.07985,22452.824649964583,9.29097245484365,-0.0888436115915816
9482,100071.3616,103696.16790520487,3.6222214300368503,-0.03558161340497357
9483,168344.5344,168187.49887568847,-0.09328222319258953,0.000933257581340996
9484,529449.9371,464883.597265422,-12.194984890966754,0.13005156728542744
9485,921311.2713,776573.320843881,-15.709994544177135,0.17090688725189374
9486,1627902.524,1289575.567612783,-20.782998453488297,0.23297924421384764
9487,5047.93033,4620.741007770988,-8.462662800439478,0.08842324011336267
9488,8005.305675,7526.0386273267095,-5.986867549230594,0.06173570655311167
9489,13097.75354,12638.559744344948,-3.505897360587012,0.0356882920555428
9490,21606.61585,20942.38699475626,-3.074191996817209,0.031224366090475186
9491,59249.01613,56089.93910445291,-5.331864108284378,0.054792716632517724
9492,98179.29765,93025.20406953516,-5.249674527962803,0.05392490697037644
9493,162705.1149,148570.50719762084,-8.687254676084645,0.09087980983968436
9494,273739.762,246831.37809328467,-9.829914262406394,0.10347245763283652
9495,475579.3231,408410.19354953687,-14.123643793559012,0.1522616427732988
9496,816419.1957,654601.6772302523,-19.820396105582127,0.22090101899024894
9497,8676.245139,7641.894772814628,-11.921636025887913,0.12694326806369993
9498,14107.69944,12353.0447102276,-12.437568132458036,0.13281813999204495
9499,22738.08084,20384.57497915814,-10.350503533709219,0.10926260261428666
9500,60666.59629,53202.4747891948,-12.303511252098303,0.13128832449353922
9501,98736.29928,87138.60021214887,-11.746135061191586,0.124952695793068
9502,161383.9256,137194.3359250592,-14.988846990186735,0.16238772622514297
9503,448642.0565,366776.6493908032,-18.24737692847055,0.20147229022360058
9504,754927.8775,583526.9047804154,-22.704284452601183,0.25753165822577984
9505,11654.66508,13692.799047946588,17.487709461888606,-0.16116354180077508
9506,24474.64473,25569.116289998557,4.471858823989383,-0.04374755560041521
9507,48984.59841,46458.78188917186,-5.156348327462251,0.052940422025825384
9508,180378.1149,159463.3356596087,-11.594964972322858,0.12324126063983698
9509,322558.2019,288213.42863087106,-10.647620512150718,0.11258231364772797
9510,564168.5997,538589.7957939102,-4.533893577149019,0.046398908062652566
9511,9028.901075,10800.574438910395,19.62224803654076,-0.17916865860121156
9512,17686.56091,20028.303768208105,13.240238563756513,-0.12434138096264746
9513,34376.68497,36581.356008610695,6.413274114518824,-0.062160139853382645
9514,68510.42242,67188.10467930275,-1.9300971939580893,0.019489667651532372
9515,132396.9856,119867.08281339744,-9.463888267409745,0.09942139020187746
9516,247321.6443,215484.20215743262,-12.872889565600948,0.13780209413737232
9517,447634.0,396676.7468414917,-11.383686931401162,0.1208542249120601
9518,6433.394336,8971.423106217408,39.45085032352363,-0.3325420257614997
9519,11894.21243,16390.293557658857,37.80057867739678,-0.3206373719832065
9520,176351.906,169089.27137246451,-4.118262621746472,0.0420546562455133
9521,332087.8622,300953.41957554646,-9.375363019351424,0.09844407855204906
9522,603175.2242,541866.1657516656,-10.164386067025472,0.10718869762040129
9523,1054480.142,959663.0485651845,-8.991833004553207,0.09422093629556905
9524,4738.104583,7579.142181328776,59.96147929115425,-0.46976284582945027
9525,16028.65068,24258.182388345565,51.34263558824757,-0.4143761901408354
9526,31313.23282,42434.011546894,35.51462983978796,-0.3039094178007282
9527,62686.95681,76450.49201462102,21.95597921005701,-0.19848996748467407
9528,124609.9432,133558.9997464024,7.181655264892546,-0.06935492174451063
9529,242969.8989,240279.69337152742,-1.107217618582373,0.011133928976839513
9530,830896.1403,740852.423077558,-10.836940124662405,0.11470335913447549
9531,6891.517147,11533.132937741086,67.35259728348298,-0.5149327616174268
9532,23189.48335,35818.44875378344,54.45988258200434,-0.4347642169688992
9533,45257.58868,61979.80728318332,36.94898268093792,-0.31443828129572715
9534,90348.6787,108755.80313397126,20.373429582840437,-0.18542863800431242
9535,644174.2493,571143.0327116674,-11.337183482216643,0.12032958954906192
9536,1165644.098,1010328.3560653458,-13.32445659881462,0.14299842502580695
9537,2017956.446,1785289.0584633553,-11.529851796248565,0.12250499930767944
9538,3413.644416,5883.650976001627,72.35687901248666,-0.5443970192185272
9539,5889.215157,10168.892670470927,72.66974290086932,-0.5462105834727797
9540,10612.66826,17808.224318193857,67.80157338295861,-0.5176119845383536
9541,35777.04298,52776.87068017472,47.51602224274914,-0.3887666092670443
9542,260395.6594,276672.7133394915,6.250892959197888,-0.06063302610298038
9543,926900.7568,819970.6006321979,-11.53631123756593,0.12257801463850626
9544,1655498.408,1417572.4802598532,-14.371860860173468,0.1551562285906929
9545,2851072.413,2409700.2666651485,-15.480916735833592,0.1681928396766441
9546,3385.406448,5348.408398690521,57.98423264214567,-0.45732504865504175
9547,5838.395508,9257.267135384382,58.55841082879208,-0.4609528620206067
9548,9970.255772,15783.349960633337,58.304363715107066,-0.45934934662826876
9549,17790.41549,27026.793145292893,51.917717495044826,-0.4181688560155319
9550,31851.71087,46217.33763508456,45.10158598298415,-0.3722639041178777
9551,58764.61918,77387.7410193767,31.691044882521602,-0.2752884241130822
9552,110558.3378,132043.8598591541,19.433651488159494,-0.17759081352076045
9553,207683.7263,228967.01441666356,10.24793251538628,-0.09756157546812005
9554,1328971.276,1127903.2684972188,-15.1295976921311,0.16404477173414378
9555,3728.663892,5006.506340980863,34.27078669446516,-0.2946883711280339
9556,6388.095208,8538.3356228614,33.66011846799951,-0.290129962432907
9557,10647.18484,14523.963482698677,36.411302151289384,-0.3105044163352382
9558,18090.67092,24578.555067619516,35.863148339329335,-0.3064779309154364
9559,31349.751,41445.59546748486,32.20390639620985,-0.27917529013218534
9560,98473.11591,116727.88047975773,18.53781552565248,-0.17006184203959762
9561,178711.7393,197620.11133240454,10.580374913515577,-0.10057244534383258
9562,326935.1416,326388.75618372567,-0.16712348926466958,0.0016726329635670112
9563,1085017.971,919134.3592744494,-15.288558914159267,0.16591951569735208
9564,6897.121717,8129.104042031818,17.86226741504695,-0.16434653144336941
9565,11349.87113,13374.384676856977,17.83732628915741,-0.16413489657721847
9566,18954.20516,22416.92991565029,18.268899837371432,-0.16779065810409222
9567,31586.9754,37472.09432768807,18.631473425873097,-0.1708516399557034
9568,54465.8564,60366.60474672089,10.833848463495189,-0.10286203321984111
9569,93521.09758,102376.02260524004,9.468371580717752,-0.09046547753328937
9570,161411.4109,171349.46431688676,6.156970787550916,-0.05974866922361244
9571,514187.4637,472190.77025705605,-8.167584083194747,0.08520483612977259
9572,908374.3942,767987.7753978262,-15.454708950246385,0.16788280646114728
9573,1600728.241,1262133.765749134,-21.152527117241384,0.23765492277230926
9574,7586.615726,7871.722271356775,3.758020119296277,-0.03689127248970614
9575,12372.97048,12918.387288190832,4.408131491725921,-0.04313737427912656
9576,20367.33075,21299.106520678935,4.57485461455932,-0.04473294108875692
9577,33336.96706,35011.52283144058,5.023119734997813,-0.049010327883982185
9578,55374.74878,56886.359773178796,2.7297839294663326,-0.026931897952229278
9579,157877.9021,155751.4147439018,-1.3469189340705041,0.013560721711902701
9580,267162.907,250982.44236632963,-6.056403868097742,0.06247562496480086
9581,469529.9425,418101.15868572623,-10.953249017611645,0.11600866223651707
9582,817869.7747,672663.9586102227,-17.754148714327993,0.1954572379105457
9583,1406702.033,1116291.9833115852,-20.644745146850504,0.23123551747617554
9584,8214.334914,7783.5328481431825,-5.244515476506619,0.053870459547813
9585,13158.71733,12795.820632981828,-2.757842485078839,0.027965849261407882
9586,21478.74602,20653.213540202767,-3.8434854578034234,0.03919296229949509
9587,34898.38795,33193.27364829483,-4.8859400157627215,0.05009338315602996
9588,56859.91641,53022.06644671372,-6.749658116998771,0.06988246116524444
9589,93201.38415,86206.53772305351,-7.505088567878839,0.07801655452753842
9590,154957.6858,141996.71200653378,-8.364201960394936,0.0873481823610458
9591,435921.0286,365596.6194852483,-16.132373641300344,0.17593050682663147
9592,746484.7192,603700.3281098075,-19.12757052056111,0.2122972175430693
9593,1269422.622,968012.3650266823,-23.743885743775387,0.2710725867484918
9594,13426.66865,13885.691183072913,3.4187373282121887,-0.03361597174099806
9595,107169.6605,88819.6353015785,-17.122406764012748,0.18780544703964175
9596,200089.3081,159597.8226624029,-20.23670620988923,0.22610676492199566
9597,354652.4984,295431.30294055387,-16.6983725552816,0.18270209985466046
9598,606248.2132,554518.4114882406,-8.532775946457736,0.08918948494320311
9599,10183.57646,10890.864439686922,6.945378988070386,-0.06714804138919739
9600,20075.54186,20585.2539929088,2.5389707359500404,-0.025072742633742706
9601,2525.795337,1345.3690276679868,-46.7348360352133,0.6298876526458672
9602,4427.524958,2339.233677484933,-47.16610974133027,0.6380173402208635
9603,5780.576037,3087.300920414815,-46.59181194652945,0.6272061174417942
9604,10983.4126,6121.18508611293,-44.26882327890578,0.5846304699499552
9605,14526.68568,8097.32293574076,-44.25897886061537,0.5844538444145311
9606,18844.59334,10553.067212339378,-43.999496184727015,0.579809498592109
9607,25277.2595,14444.527980875728,-42.85564073559585,0.5595895011538516
9608,32708.86696,19026.758245831013,-41.829968402454824,0.5417998848724253
9609,2358.08245,1294.9043889727334,-45.086551618552036,0.5994119060600447
9610,2931.161116,1553.1990314743407,-47.010792992713114,0.6350819345456342
9611,3834.543648,2061.8429963608182,-46.22976850358131,0.6204501898676336
9612,5187.405328,2778.8382316062316,-46.43105645500791,0.6242006973090595
9613,7049.891568,3917.947222449374,-44.42542577203261,0.5874443873823392
9614,12314.76721,7076.4311036189265,-42.53702905668709,0.5540294292258459
9615,16283.28276,9613.056233832891,-40.96364734605339,0.5270167851457401
9616,21517.79544,12960.629965548424,-39.76785399932019,0.5069639894712363
9617,28651.93991,17449.658404432685,-39.097811669141244,0.49590107873459033
9618,36954.31168,22781.963033052314,-38.351001554760074,0.4837132023290067
9619,62212.71414,41024.45503183908,-34.05776359552494,0.4163910331708447
9620,2368.167996,1433.5785404592077,-39.464660324748024,0.5019428646233166
9621,3210.217952,1952.9953863101111,-39.16315292258041,0.49697454312494926
9622,5905.607142,3493.9482546963563,-40.836764608878276,0.5248698608119042
9623,7949.919573,4906.9487892491925,-38.2767492904649,0.48250949122266995
9624,10694.99524,6545.879189916447,-38.79493124565012,0.4909401771159345
9625,24769.0296,15872.65264357663,-35.91734153534772,0.4449963974366593
9626,32242.54515,20736.553096064465,-35.68574379102804,0.4413888653385296
9627,55018.15883,37880.484753196884,-31.14912320086287,0.37322722597603963
9628,94000.05852,68820.9313582101,-26.786288815376263,0.31178747129603934
9629,1483.807827,1044.8319448927803,-29.584416129867186,0.35075558552934183
9630,6680.186414,4384.327803664686,-34.36818178492397,0.42110957386250014
9631,11906.01335,7768.500235492171,-34.75145704004967,0.4269664701503135
9632,20951.22762,14243.303478092812,-32.0168548763406,0.3859103773643344
9633,47751.87072,34683.83445060967,-27.366543074336608,0.3197445311146456
9634,63801.52671,46599.50040310353,-26.961778493304134,0.3141872995775721
9635,106342.9168,83344.4169148046,-21.62673413260694,0.24368731337366079
9636,1666.618794,1284.0266938962727,-22.95618539051032,0.2607959050629507
9637,2101.78054,1644.1954548138876,-21.771306588751294,0.24553368231925887
9638,2963.224939,2239.131200175152,-24.43600312938808,0.28019024810723003
9639,5505.247899,4053.4822357022204,-26.370577491369378,0.3061254777914133
9640,7493.457734,5450.042299312892,-27.269326220598224,0.31840696774518307
9641,13186.28828,9579.885689578377,-27.349641641701034,0.3195118633163947
9642,17535.64671,12621.084957246385,-28.02612207025706,0.32886693933359723
9643,23434.88172,17286.69789020432,-26.235181825341346,0.30428828654861384
9644,31306.49834,23269.33593214795,-25.672505179485515,0.296689251296403
9645,54833.04468,41523.539217089165,-24.272782116301837,0.27803254084475526
9646,72324.76417,55691.26492744285,-22.998345633675292,0.26134327908826904
9647,95415.8528,75943.79894500291,-20.4075667549838,0.2282511573921937
9648,117359.0135,94138.71341867793,-19.785698080464925,0.22046835884044746
9649,156518.723,127358.79726959823,-18.630311550907404,0.2061673601046934
9650,1719.05603,1532.028489754826,-10.879665175612333,0.11518265281002993
9651,2402.430665,2043.7856025856254,-14.928425100433627,0.1616772261874555
9652,4621.54849,3715.1461356641316,-19.612525029156807,0.2183118058834861
9653,6259.548425,5020.649988151815,-19.792137590950663,0.22054864089518844
9654,8282.992066,6511.703836977908,-21.384642347936932,0.24060311566370807
9655,15020.31185,11768.505377202773,-21.649393869257295,0.24397648102271496
9656,47785.87916,37753.10760662034,-20.99526414442902,0.2356623877789783
9657,82036.11567,65641.52812337452,-19.984597530890728,0.22295103898203195
9658,1490.157037,1473.4727621824081,-1.119631985309466,0.011259470454219489
9659,1917.512188,1917.1414708288903,-0.019333236754874698,0.0001933510586598075
9660,3701.310433,3373.0765774108627,-8.868044481291887,0.09286166914880312
9661,6772.530394,5898.649525486743,-12.903314089036144,0.138151352096191
9662,9186.977414,8006.245807717949,-12.852231512866673,0.13756501977577962
9663,12166.09512,10454.334286670532,-14.069928078364955,0.151636337683966
9664,16631.76528,14431.947594334757,-13.226603722640093,0.14187010580128678
9665,22011.65677,18703.605220741567,-15.028634981111574,0.16285586838603194
9666,29888.95976,24933.843298663036,-16.57841725213981,0.18126312415713208
9667,71060.34314,59027.68277104014,-16.93301754151909,0.18552288608302447
9668,88256.39193,74515.45291413469,-15.569341455476508,0.16923959744934258
9669,155558.4301,135847.7011774835,-12.67094872958382,0.13548700335195107
9670,261995.6204,234517.28659391505,-10.488088985660374,0.1107984856030626
9671,1581.900836,1844.2463212095838,16.584192841882018,-0.1534435113444026
9672,4219.926955,4247.955523658449,0.6641955881544241,-0.006619995279843138
9673,5622.090825,5561.290336587345,-1.0814568868629917,0.0108734713736105
9674,13926.12489,13281.411986141147,-4.629521198117389,0.04740110194344993
9675,19175.54026,17972.411966823915,-6.274286287963429,0.06479760843606286
9676,34516.4944,31180.339643659438,-9.6653927762159,0.10164955176762192
9677,46372.68437,41240.27900445872,-11.067734023311376,0.11729516244812643
9678,62396.39731,55548.07518179292,-10.975508881038442,0.1162586729994004
9679,106758.283,93917.86618089463,-12.027560258818852,0.12814660532177946
9680,137572.8908,124710.85835247688,-9.349249239969534,0.09815596685759331
9681,182841.5251,168611.4356850706,-7.782744869988721,0.08102292402019273
9682,235673.497,215454.8031270244,-8.579112259269268,0.08969620255703248
9683,1766.241526,2234.205113131015,26.494880810033393,-0.2350316534557617
9684,4670.792394,5153.4183571052645,10.332849812062625,-0.0983315183432456
9685,6436.356958,6861.916289471121,6.611804383257149,-0.06402405491555108
9686,11941.69855,12507.13605488482,4.73498390967859,-0.04626301084074136
9687,16071.5249,15979.217634111861,-0.5743528785382351,0.005760086276225707
9688,22093.25058,21785.883517470797,-1.3912260733938744,0.014009943281578785
9689,29941.48484,28861.096037297062,-3.608334083884862,0.03675044126121385
9690,54180.25231,50963.13092653926,-5.937811741912023,0.0612140452501162
9691,69515.09617,64023.75004619779,-7.8995015850558,0.08228983106998378
9692,121527.8533,111958.24284348586,-7.874417425025102,0.08201751175394634
9693,351151.9819,323741.46678062977,-7.805883643617347,0.08127387138383568
9694,1500.492568,2185.263825099497,45.63643110956729,-0.37594313214088615
9695,2076.411932,2892.6575145621373,39.310387788801116,-0.3315342633655405
9696,2872.163982,3834.5624604643226,33.50778313827914,-0.2889895908140625
9697,3916.527592,4937.620693218351,26.071387912702633,-0.23167813125851922
9698,18587.69819,20061.615085591548,7.929528877246896,-0.07630831776270597
9699,25742.97147,26884.208942308625,4.4332002373486095,-0.04337744884229444
9700,34442.10729,35245.29917416164,2.3320056389082877,-0.02305229863420699
9701,47117.09694,46108.52448809674,-2.140565776341454,0.021638081631067507
9702,61611.15987,59244.801645285865,-3.8407948003367762,0.03916498062987017
9703,82386.05469,79228.22429322619,-3.8329671309738225,0.03908358071848994
9704,107447.8944,103068.83808921424,-4.075516170176118,0.04160893084610784
9705,190066.4537,181557.6566037815,-4.476748490109018,0.045800496827975934
9706,960.6041961,1566.193311777182,63.04252241826972,-0.4888408545287515
9707,1304.817186,2137.5896007292326,63.822918924155914,-0.4936158958148553
9708,2423.358763,3678.8539446561017,51.80806081316081,-0.4174467790995742
9709,3244.397103,4714.837327258579,45.3224490583753,-0.3737848740881322
9710,8352.685341,10901.549908777331,30.515510446274945,-0.26632188770652476
9711,11696.82591,14639.483100302514,25.15774119358945,-0.22440468529906
9712,15812.57433,19167.979708329396,21.219855213350304,-0.19243569612211253
9713,21807.25701,24947.615323350816,14.400519569750392,-0.13453543464091489
9714,96037.4381,97950.62067639346,1.9921216290685926,-0.019725385382400873
9715,377284.4662,366160.65734957624,-2.948387714570524,0.029927263575160623
9716,1126.503193,2014.0589314269423,78.78856837176691,-0.5810337394264291
9717,1549.723788,2650.5336274884667,71.03264775390198,-0.5366842748286187
9718,3763.202029,5906.353845783448,56.950219527622615,-0.4507584960094544
9719,9842.381205,13496.657737707852,37.12797194698631,-0.31574440564125794
9720,13456.5026,17624.307036610426,30.97241950973521,-0.26981657695318084
9721,18599.79257,23443.047858589365,26.039297322063433,-0.23142355584627516
9722,25269.79363,30812.9580301882,21.935930626704533,-0.19832556200348428
9723,35799.27968,40325.71134598603,12.643918275581424,-0.11906149164387791
9724,46438.57438,50773.44176861573,9.334626324107528,-0.08924295979314323
9725,83965.54501,87846.33318956214,4.62188172434294,-0.04518253807003525
9726,198046.1364,199814.06187459786,0.8926836477269792,-0.008887227818018317
9727,255474.2526,252431.532170879,-1.1910086430060047,0.011981579737438963
9728,337543.8407,335636.09810038435,-0.5651836501176757,0.005667868564698253
9729,1447.652109,2724.459068571345,88.19846644324855,-0.6323268925818937
9730,4419.113482,7568.385034527457,71.26478116832975,-0.538040600821164
9731,6162.634842,9819.016222507118,59.331462503471776,-0.4658165161563126
9732,11539.78477,16719.982091931444,44.889895480532815,-0.3708039264731209
9733,1876.831789,3741.9800651664777,99.37748748172326,-0.6900297638705464
9734,2812.802962,5574.002279602684,98.16540137739956,-0.6839318564789769
9735,5300.202299,9662.088769449374,82.29660349515981,-0.6004648641195587
9736,7264.886448,12319.824174899644,69.58040931653174,-0.5281570195924346
9737,9994.801523,15931.707751343549,59.3999412062517,-0.46624621152386325
9738,18890.7135,27501.791626287206,45.58365742134199,-0.37558070048949155
9739,34966.44258,45345.26981868775,29.682250960880417,-0.2599170490992968
9740,48082.93473,59090.17375889592,22.89219468550505,-0.206137319091944
9741,87405.11658,101866.69160053236,16.54545590279717,-0.15311119034061882
9742,119523.7163,134749.1191357001,12.73839477805804,-0.11989985829945304
9743,271896.1544,289374.8177972373,6.428433471524417,-0.06230258709460479
9744,2606.000786,5376.927946549638,106.32871545686626,-0.7243004171165532
9745,4624.752201,8982.4140932961,94.22476497992372,-0.6638458848073654
9746,8750.603579,15424.767179486042,76.2708942329753,-0.5668517975175043
9747,12022.14993,20120.873422965306,67.36501823817552,-0.515006979131666
9748,16506.76185,26219.85064547626,58.8430903876902,-0.4627466760646044
9749,23231.55543,34541.4531299185,48.68334250798159,-0.3966486404095537
9750,30726.6807,44049.44987042318,43.3589599231367,-0.3601815082117703
9751,56666.6202,72972.8970294754,28.775806236411817,-0.2529027702586486
9752,77531.57586,96061.71219840065,23.90011570493655,-0.21430553650400697
9753,243093.4097,263560.9751169654,8.419629903675432,-0.08083897429534481
9754,4156.570373,8750.71448052306,110.52727838713923,-0.7444450472759545
9755,7740.407464,15289.683059961304,97.53072601245304,-0.6807239609991882
9756,36672.12798,53298.345256949564,45.33747615087148,-0.37388827391181856
9757,50077.14119,68999.94442294154,37.78730730882909,-0.3205410588340971
9758,92180.85462,119660.02671786828,29.810064368730938,-0.2609021527855049
9759,163017.4754,186655.22943824745,14.500135019418572,-0.13540581621440317
9760,219196.5696,247437.06854569694,12.883640924322638,-0.1211873758584261
9761,4056.323866,9124.024796796575,124.93334107944167,-0.8106339104529638
9762,3956.614345,8962.25792361238,126.51330511749383,-0.8176334994503307
9763,5123.22227,11172.67726802599,118.07910489165619,-0.7796876774563675
9764,18087.86142,31242.566372306443,72.72670133220448,-0.5465403982858881
9765,24122.70595,39532.40629075572,63.880479962305905,-0.4939671954286986
9766,44903.03302,66464.13688778889,48.017032297540965,-0.39215716424596536
9767,146425.2775,179056.61166978232,22.285314890239714,-0.2011867750085159
9768,199796.1429,232365.6903686873,16.301389504295223,-0.15101482105152897
9769,5285.696708,11728.055366225604,121.88286642468482,-0.7969794279215385
9770,4927.295924,11095.193768820076,125.17814923145411,-0.8117216772903859
9771,6575.801225,14182.687987309153,115.67999855879391,-0.7686256350537004
9772,8635.369559,18279.390489062273,111.68046560336296,-0.7499077139385069
9773,16405.62203,29994.443333665808,82.830271713055,-0.6033880595025884
9774,29310.69303,50426.93610153716,72.0427969748935,-0.5425730794963677
9775,39770.13086,65091.85195924783,63.670198090084526,-0.49268322983070156
9776,54353.1503,82830.84465056054,52.39382481673843,-0.4212979368683083
9777,73446.31274,106366.76065095892,44.822465121560754,-0.37033842779678317
9778,6753.258447,15694.427727472652,132.39785431941507,-0.8432806062422902
9779,8365.005888,18078.81227975646,116.12432222781075,-0.7706836219910613
9780,10909.61126,23414.62309466269,114.62380772917375,-0.7637165780792259
9781,26965.31595,48048.1372837045,78.18495942267829,-0.5776519226956953
9782,36715.2657,63809.78278747538,73.79632578139118,-0.5527138861214134
9783,49610.18134,79990.01013534448,61.237084757135605,-0.4777056719506607
9784,119793.6301,163660.18592699326,36.61843771690935,-0.3120217280058224
9785,163090.2459,211600.98941343278,29.744723999728034,-0.2603986724159526
9786,10607.24676,22954.987593421625,116.40853760454637,-0.7719978130920637
9787,25054.50138,46961.06614450126,87.4356445264897,-0.6282653713136988
9788,33535.77772,59491.082196172945,77.3958626899348,-0.5732135616872132
9789,1299.219583,770.9491383694468,-40.660597449642445,0.5218966394208335
9790,1398.015573,859.7944800256946,-38.49893401540137,0.486115678242931
9791,1985.311379,1169.2872732699518,-41.10307906163712,0.5293813727859087
9792,2686.567479,1594.0507799257346,-40.66589458906591,0.5219859119049453
9793,3558.270114,2136.1116019296483,-39.96769403410029,0.5102873359039046
9794,4810.923112,2929.1426197171886,-39.11474884287886,0.49617922193093467
9795,6609.411984,4052.2585874269394,-38.689574848161875,0.48922028977597876
9796,8736.665808,5421.14009683666,-37.94955402926567,0.47722248708313764
9797,15692.08635,9953.216038338658,-36.571748228120995,0.4552608122564159
9798,20493.10891,13324.687930789132,-34.97966565586786,0.43047012895187997
9799,27127.53961,17934.27185053556,-33.88905846837483,0.41383592284982385
9800,35999.3999,24311.76149279203,-32.466203435818855,0.39254202357322043
9801,62521.06426,44252.145033426845,-29.220422657234458,0.34559968251039486
9802,1337.81093,825.6490326295086,-38.28357848522671,0.48262013951986305
9803,3148.273956,1946.8209822697236,-38.16227528231906,0.4806565754375365
9804,4241.188262,2647.260802428622,-37.58209636324269,0.4713180345098671
9805,5725.199972,3631.959331935506,-36.56187819293335,0.4551052149152284
9806,7607.528847,4919.864374203858,-35.32900797157033,0.4358574307921401
9807,13371.21062,8821.601958503723,-34.02540570777634,0.415900453034455
9808,17611.31513,11813.822183928187,-32.91913694847281,0.3992713831121648
9809,54327.80859,39402.7769346901,-27.472176851354025,0.32119993017986914
9810,93224.21041,70013.23816079639,-24.898008947591805,0.286323115553353
9811,1093.756353,750.2982496974937,-31.401701335078442,0.3769024523666902
9812,1451.669744,989.3851892901902,-31.845022369620306,0.3833859911822026
9813,1926.351332,1295.722552581463,-32.73695555648189,0.39655921689543483
9814,3554.625219,2415.4912849964003,-32.046527096999135,0.38634693701339007
9815,4795.530547,3272.083954876461,-31.768051046543338,0.3822572711035743
9816,8428.115295,5848.311926175051,-30.609493089818358,0.36542011586939793
9817,11119.83853,7877.804328954208,-29.155407178792842,0.3446815414482636
9818,14966.01673,10697.803603672945,-28.519366263778423,0.33574362981253003
9819,26839.05032,19463.332861661904,-27.481290769971235,0.3213255990735657
9820,35489.2086,26260.802020715186,-26.003416089940117,0.30115125722705116
9821,47366.27588,35555.58893545741,-24.934801660287484,0.2868131388877533
9822,82576.98227,63216.707669528354,-23.445122440015805,0.2671623486055186
9823,888.7669039,692.441387670173,-22.08965200755458,0.24961140505992852
9824,1211.120133,906.1933652343553,-25.17725198823399,0.29004822943774755
9825,1618.758847,1216.0063207070798,-24.88032896557323,0.28608773029859424
9826,2191.946792,1637.1581955073646,-25.3103131206223,0.29182816389758237
9827,4089.373361,3049.6141876213114,-25.425880241084904,0.29337665909086397
9828,5491.887392,4061.4618772065705,-26.04615522301352,0.3017290066075926
9829,17034.69048,12921.266454965853,-24.147336459465553,0.27637736491643494
9830,30705.38916,23534.105163577966,-23.355131436549534,0.26598752924590485
9831,72382.91389,56781.8836402958,-21.553470855584813,0.2427529506888142
9832,93325.12307,73614.02726514872,-21.120889163003472,0.23725374810769573
9833,124457.2925,99883.81407878512,-19.74450667180863,0.21995497363300132
9834,159161.2775,129200.37001369659,-18.824244160960195,0.20855355681321264
9835,988.5795154,846.0012940806198,-14.422534464684922,0.15574819058968625
9836,1790.252746,1510.3974466196278,-15.63216702254242,0.16998398289260663
9837,2443.528351,2064.2516858455147,-15.521680564879409,0.16867525927819216
9838,3327.687857,2756.993052876499,-17.14988991299195,0.18813711336555183
9839,4526.826983,3699.328157242581,-18.27988630590477,0.20187002477562466
9840,5991.405911,4870.5999770944245,-18.706893683297558,0.20710896618196095
9841,10927.65467,8908.323073786149,-18.479094162424254,0.20431068529070906
9842,35430.02344,29016.346586181204,-18.10237824053439,0.19970023389665137
9843,62140.92994,51000.668434386505,-17.927413568432183,0.19756612989767142
9844,143788.09,119415.98796505765,-16.950014451782724,0.18572752394183922
9845,185466.0391,154352.78766878878,-16.775713538819637,0.18363097617528545
9846,836.0171372,791.632273012638,-5.309085449613668,0.05455212967638978
9847,2792.506675,2548.9885213502566,-8.720414380020898,0.09124302010299967
9848,3818.370518,3435.080454269269,-10.038053193734909,0.10578341833227789
9849,6851.895607,6054.295798030284,-11.640571525270712,0.12375727560185013
9850,9129.080664,8039.927970757554,-11.930584615573126,0.12704487127125041
9851,16401.68417,14300.114112970801,-12.813135744152055,0.1371165056881889
9852,22046.18265,19128.824260404857,-13.232941212138336,0.14194314340509706
9853,69393.14713,58966.340543046725,-15.02570068975235,0.1628213362740052
9854,92875.10243,78851.73218942733,-15.099170685859631,0.1636863245896354
9855,122673.8953,104329.54161553047,-14.953754944854621,0.1619750179721713
9856,973.7818892,1016.1187479301814,4.347673662832519,-0.04255815368654048
9857,1224.660532,1327.994679748151,8.437778882234023,-0.08100635597441563
9858,1643.571556,1761.5675033410762,7.179240046490321,-0.0693323876120715
9859,3137.511057,3153.618260848132,0.5133752058720483,-0.00512061928139218
9860,4155.619808,4149.9667452497,-0.13603416605672086,0.001361267765258134
9861,5595.303543,5458.022031915713,-2.453513201371042,0.02484113393317422
9862,7596.579748,7320.958493790195,-3.6282282731563518,0.0369568516633656
9863,13819.34605,13142.67247682481,-4.896567252364235,0.05020512089854812
9864,18719.7221,17618.544103514658,-5.882448417785761,0.060625636255922544
9865,25398.54047,23526.154291652478,-7.372022737129832,0.07657895969954076
9866,33951.36353,30790.050590064475,-9.31129890303857,0.0977374110817113
9867,46641.33734,41046.171531050575,-11.996152186123021,0.12778964730810927
9868,59795.13006,52474.907216660446,-12.242172290610045,0.13058912295520386
9869,107734.0556,94779.54433384759,-12.024527614787406,0.12811213325564097
9870,141558.01,122820.29397795747,-13.236775525484246,0.14198733526918517
9871,188023.9183,163174.44180832984,-13.21612522297391,0.1417493560382237
9872,419140.3155,354590.97730138735,-15.400412656942963,0.16724079712945183
9873,1903.794225,2215.7008432047487,16.38342075571474,-0.15171990579450156
9874,2607.671679,2957.1775280582096,13.402985194525693,-0.12577752942579412
9875,3472.788134,3874.0564483994085,11.554644248833656,-0.10934436780983603
9876,4741.084064,5122.3952094347915,8.042699523726307,-0.07735632896003075
9877,6363.955178,6746.8937007192,6.017303893701302,-0.058432139081279644
9878,11829.43053,12114.866204931104,2.412928282618729,-0.023842771408055796
9879,21957.91259,21730.351477081622,-1.0363513015440875,0.010417588146452772
9880,29642.75762,28852.599100409392,-2.6656039553401314,0.02701775418046992
9881,70548.84659,64354.011214329585,-8.780916591978,0.09190606290211356
9882,129581.8358,116080.30423190587,-10.419308759394909,0.11003038877738902
9883,168536.8885,150863.7434630307,-10.486217702404838,0.11077758041095365
9884,221064.1691,191664.28936476022,-13.299251459398892,0.14270766855257833
9885,288977.1968,248977.97901713735,-13.841651945480645,0.14898332632144928
9886,376315.3855,324562.424580945,-13.752549832713386,0.1479496937914604
9887,914.8212901,1185.598371846983,29.598904690705645,-0.25927414643376423
9888,1609.944027,2098.0528870857197,30.318374545931942,-0.26481030543733475
9889,2221.631435,2788.1249463692748,25.49898702568885,-0.22712750104271695
9890,2969.773281,3643.7217482033457,22.693599929500657,-0.20452000405460957
9891,4043.141077,4823.59725623352,19.303214119172317,-0.17649808423796287
9892,5496.183219,6447.1954198057665,17.303138612959092,-0.1595913264570985
9893,13565.05913,14894.402989120405,9.799764574416601,-0.09348819895404503
9894,25436.6022,26548.90939639582,4.3728607604510055,-0.04279950126463561
9895,34964.14077,34543.0230891802,-1.2044273691436684,0.012117393666910559
9896,45476.47656,44001.47880319634,-3.24343016077247,0.0329719510686477
9897,198615.0116,176734.64095439797,-11.016473764665848,0.11671893186818139
9898,255817.9545,227618.64796500158,-11.02319287561906,0.11679444432457586
9899,343834.7292,302511.853007609,-12.018238032131565,0.12804064335434084
9900,2505.18737,3453.605773780355,37.85818239137757,-0.32105530692999373
9901,4739.26438,6089.669925788573,28.49399057557058,-0.25071195130475665
9902,6395.709476,8034.9582718704505,25.63044494159338,-0.2281744347046306
9903,8590.413062,10415.058942794303,21.240490621640653,-0.1926059128911195
9904,11887.96602,13945.417936921667,17.307013777296003,-0.1596243613816135
9905,16145.34462,18548.725231307955,14.885904685681187,-0.13876931671728698
9906,30622.48899,32050.57981107365,4.6635360748762205,-0.045580600692089135
9907,54589.46084,54639.20527598772,0.0911246149389869,-0.0009108312166681287
9908,73342.96412,72231.98425069674,-1.5147736154834648,0.01526363500305905
9909,99348.44855,95778.1872857572,-3.593675911754134,0.03659838394818138
9910,135296.4185,129192.1409836285,-4.511780565995912,0.046167302822469836
9911,177462.1571,161447.08155568194,-9.02450179014423,0.0945799661667941
9912,231826.6965,210473.83863575192,-9.210698416801222,0.09662873129621374
9913,920.6728312,1462.777086067532,58.88131337176055,-0.4629872807131772
9914,1261.493523,1945.2492840935693,54.202082581249144,-0.4330937807649109
9915,1714.49092,2559.826202553602,49.30532280413605,-0.40082316965721887
9916,2183.338074,3310.123928179404,51.60840034796208,-0.41613069695127347
9917,5526.401257,7561.089175813608,36.81759293602461,-0.3134784142651714
9918,18857.48663,22667.740882425653,20.20552540848151,-0.18403280351308382
9919,47953.03261,50734.52838835601,5.800458546548656,-0.056384667515077425
9920,157566.3857,149339.6315102832,-5.2211353031732495,0.05362374781932644
9921,276763.5255,254093.1838540988,-8.191231704013388,0.08546237771610699
9922,921.7414954,1573.1688479527577,70.67354087927478,-0.5345824281616469
9923,1111.82834,1871.2956648570496,68.30796603521094,-0.5206252464427221
9924,1504.356508,2460.2737627762376,63.54326582115185,-0.49190739210212797
9925,1970.678742,3163.6756664645336,60.53736202856618,-0.47335651471641516
9926,3533.092857,5472.117386129445,54.88178792945448,-0.43749198143954615
9927,4732.51095,7097.441557133224,49.97200496986117,-0.4052784571557009
9928,6571.056775,9379.711413167868,42.74281495867715,-0.35587432824223875
9929,8864.491348,12287.52106613039,38.61507201879883,-0.3265306395798113
9930,23208.97704,27853.415027678187,20.01138602392355,-0.18241643582549294
9931,31046.74271,36090.84655196168,16.246805306042624,-0.15054537686341618
9932,42599.9263,47528.28876307181,11.568945984471837,-0.10947256344923773
9933,106644.1804,108956.8898750976,2.1686222974597458,-0.0214544221106987
9934,185399.6721,176523.59372106122,-4.787537258507793,0.0490593416087588
9935,249220.8107,232672.74497584894,-6.639921312217713,0.06870635516757595
9936,1203.905645,2124.4623497938833,76.46419041368338,-0.5679477826262751
9937,1351.764897,2361.378570520193,74.6885553664583,-0.5578345187968639
9938,1764.052507,3033.9627892039803,71.98823601705752,-0.5422558932366348
9939,2386.9866,3993.2675291676933,67.29325288913198,-0.5145780917779978
9940,3212.297969,5201.166107099992,61.91418595950279,-0.4818962925956818
9941,4194.252118,6734.340843355137,60.561183588705205,-0.47350489010152685
9942,10782.59638,15346.737937546428,42.32878053389982,-0.35296955117956763
9943,14743.85866,20247.91713579201,37.33119397518702,-0.31722529672141064
9944,20741.73716,26311.586644691153,26.853341365411232,-0.23786144078565385
9945,27321.9088,33536.38137538087,22.745382179816335,-0.20494196026253597
9946,37308.94134,44221.153396795286,18.52695844088319,-0.1699702461049064
9947,50173.35757,57300.941499149994,14.205913804364906,-0.13283289451970326
9948,69282.98265,75893.81036022038,9.54177700982735,-0.09113581571013363
9949,93045.6595,98681.91294742805,6.057513566689325,-0.058811341798051586
9950,127451.9018,127678.32530488429,0.17765408101919905,-0.001774964628058484
9951,224464.2837,216445.16932226482,-3.5725569545188103,0.03637934598990533
9952,1616.818791,2871.891613140283,77.62606602091893,-0.5745104019363936
9953,1654.560867,2946.309983451612,78.0720215384867,-0.5770178978540192
9954,2218.270872,3896.064852239511,75.63521666435652,-0.563239025585756
9955,2951.469728,5009.420304539764,69.72629795306389,-0.5290169415591768
9956,3986.566819,6532.724463588014,63.86843016033276,-0.4938936647373282
9957,9718.199442,14690.970244842114,51.169672247627,-0.41323267726557056
9958,13245.37816,19194.2676020163,44.91294525649317,-0.370962998592292
9959,18566.84629,24670.34161909035,32.87308589600194,-0.2842242452720658
9960,33476.17127,41694.04783223475,24.548436247245757,-0.21952450042045157
9961,44272.10612,53362.36778075968,20.532706612421915,-0.18675095428321953
9962,83792.38334,92435.83269582178,10.315316274928838,-0.09817259078466734
9963,2079.063343,3746.2810718707715,80.19080969726721,-0.5888461573154684
9964,2050.603171,3704.7954445700016,80.66857093385434,-0.5914940669521833
9965,12089.84466,18400.369205790652,52.19690346121164,-0.4200049140368094
9966,16844.48005,23506.727345998406,39.55151643875412,-0.3332636405690508
9967,22385.56143,30345.7846186787,35.559631656192494,-0.30424144354577365
9968,55332.86957,66389.70228104552,19.982395268797408,-0.1821748399382077
9969,74903.27862,87158.96495903381,16.362015875445817,-0.15153597195984503
9970,137613.7977,144014.1850738955,4.650977940343188,-0.0454606077273656
9971,2807.662554,4964.548116415332,76.82139576718276,-0.5699699736762192
9972,2700.682661,4811.79003647293,78.16939790664767,-0.5775645853825937
9973,3518.641575,6183.3073671044,75.7299581473967,-0.5637783020543878
9974,4731.148892,8022.268906283119,69.56280788051593,-0.5280532201641162
9975,6340.583795,10546.277322494392,66.32975232991765,-0.5088020917849132
9976,8267.868919,13539.933982372402,63.76570691943262,-0.4932666040459015
9977,11217.05045,17740.820258683572,58.159405075008564,-0.4584332313283017
9978,27594.08754,37453.21283899106,35.729122351661054,-0.30549096616709015
9979,51073.77861,63462.54549185605,24.25660920147856,-0.2171786703424008
9980,93849.80093,104721.35287690135,11.583990417848778,-0.10960739863126356
9981,124295.6155,132921.53692420552,6.939843685962935,-0.0670962818329297
9982,166811.6102,171959.10665035943,3.0858142572856946,-0.030391603495282027
9983,3787.638153,6525.995163572035,72.29721794842305,-0.544050810859563
9984,19305.34062,27716.86832369615,43.5709883045625,-0.3616594189096851
9985,47397.44198,60306.0101266892,27.23473590016977,-0.24086350861428407
9986,63923.27245,78692.83392453661,23.10513981600235,-0.2078685995069769
9987,87318.99549,100393.56702567232,14.973341667873008,-0.1395301039189878
9988,5146.277448,8578.568464167985,66.6946360908287,-0.5109934262313409
9989,4644.258506,7853.073113694716,69.09207580820902,-0.5252732078380014
9990,7985.080258,12972.323160025722,62.457016597036215,-0.48524326754289326
9991,10567.53636,16523.906345929372,56.36479291876666,-0.4470215075671895
9992,14287.58212,21377.766093081038,49.62479944843907,-0.4029606375278387
9993,25196.07692,35114.128388604346,39.36347511596796,-0.33191526305640373
9994,44975.13335,58144.3132171516,29.281024615687105,-0.2568183343077983
9995,106737.1627,120517.48643831225,12.910520937345701,-0.12142546893336359
9996,10670.15975,16419.059578209773,53.87829201160529,-0.43099179235172436
9997,14369.78568,20677.899374603083,43.89845356832825,-0.36393768127575754
9998,24463.09098,34004.767245874704,39.00437713973094,-0.3293352368606861
9999,43763.47862,56317.83978691419,28.68684474541935,-0.25221170695922446
10000,58098.28219,71930.99804955248,23.80916498411273,-0.21357120208861602
10001,78665.69735,91646.9827648914,16.50183733468347,-0.15273685800646497
10002,136631.1432,148181.54012049688,8.45370729540737,-0.08115323507495376
10003,9636.017035,14239.142399857283,47.770000282666395,-0.3904868268403323
10004,8517.918182,12699.659391612657,49.09346533111202,-0.3994032073983558
10005,11142.03538,16294.724079274858,46.24548858033566,-0.3801164523341427
10006,32400.52383,42413.42314714787,30.903510602741612,-0.26929030553484523
10007,43495.41551,54711.08731142389,25.785871154272126,-0.22941084000156664
10008,57381.81626,69805.68547156663,21.65123033971847,-0.1959879969569922
10009,76728.29347,88719.87001200164,15.628624070324495,-0.14521335266422142
10010,132446.9614,142350.65864382224,7.477481656911944,-0.07211116667814288
10011,774.6817594,547.8457027584478,-29.28119242374305,0.3464586289963165
10012,930.3569399,671.5153749563339,-27.821748174575657,0.32603140672005626
10013,1281.413714,905.54266564421,-29.332528928732067,0.3471848169649956
10014,2349.149921,1664.4016098005843,-29.148770160566347,0.34458786164731237
10015,3219.466032,2257.5343800497276,-29.878608514241726,0.35494228178286313
10016,5912.056812,4287.121018260557,-27.485118046247937,0.32137837686450865
10017,7794.278577,5693.33835905993,-26.954902845526952,0.314093166341209
10018,10571.90482,7613.770832243035,-27.981087969698205,0.32824143437547093
10019,19017.98954,13997.413615832787,-26.399088681837668,0.30651277828966883
10020,25923.86434,18993.055663449024,-26.7352451226065,0.3110905266022801
10021,47759.04767,34849.09473978389,-27.0314287240814,0.315141368011421
10022,63713.9464,46704.053866201175,-26.69728292611118,0.3105725099258816
10023,872.4124114,631.0090986904953,-27.670779273086428,0.32394197904207367
10024,1177.373255,840.392335213713,-28.62141791952689,0.33717233250453216
10025,2109.723241,1535.9867821781306,-27.19486839183327,0.3173837441465235
10026,2820.014652,2081.78108932957,-26.17835911408697,0.30351826043072094
10027,3804.158274,2785.3166134850194,-26.782315222749343,0.31173319888264306
10028,5154.755848,3863.8879183302347,-25.042271016009625,0.28824584488839555
10029,6736.848585,4998.5242414532195,-25.80322715605134,0.29844952942974423
10030,8983.354945,6814.909723474313,-24.138478717604386,0.2762605961135485
10031,12275.91439,9323.376840381017,-24.051467416750068,0.27511427795916177
10032,16450.23426,12482.59185382511,-24.119063251412268,0.2760046958658542
10033,22510.83633,17193.854427915536,-23.61965510361144,0.26944478866820276
10034,1300.96457,1013.2297257654462,-22.1170392237933,0.24996298904947611
10035,1789.142825,1392.8410950910943,-22.150368565958708,0.25039102202833075
10036,4419.450862,3547.0553480874173,-19.739907539503317,0.21989766913781494
10037,5710.965396,4555.951689334329,-20.22449142266998,0.22595363869737994
10038,10511.02282,8477.892234326473,-19.342842466338848,0.2149626372622393
10039,13664.32384,11143.625059723534,-18.447299769766474,0.20392074612363764
10040,82923.04683,64550.39042525704,-22.15627272163386,0.25046686541338836
10041,116989.6708,89579.14678225352,-23.429866782518108,0.2669630910515668
10042,622.9442552,549.7284680354672,-11.753184422742036,0.12503257493612363
10043,826.4184684,709.8239913326305,-14.108406518685873,0.15208422579951808
10044,1102.675707,947.0488305836143,-14.113567155641146,0.15214431074829982
10045,1980.615422,1735.181202414259,-12.391816041597053,0.13229576822683065
10046,2755.280396,2391.9500560913916,-13.186692012764878,0.14141025824847375
10047,3682.326171,3157.2508844444574,-14.259336684804037,0.15384298849180666
10048,6572.290185,5730.459397029485,-12.808789086821406,0.13706665243310212
10049,8710.974169,7609.108299960701,-12.649169285342863,0.13523763926827748
10050,55595.30074,45232.56780440639,-18.639584277197326,0.20628132459020954
10051,71780.96399,56823.753250703594,-20.83729432970577,0.23366488607161706
10052,131049.997,103135.36353290488,-21.300750939425903,0.23953657240728354
10053,179191.0216,138465.52625961776,-22.727419586508034,0.25783100983518636
10054,237634.9191,179654.8894504661,-24.3987835917057,0.2796978128752432
10055,689.7728978,652.4195216863764,-5.415315132380612,0.05567461661340101
10056,900.3576861,887.470424889305,-1.4313490526767867,0.014416916644401034
10057,1666.120734,1612.3017178373593,-3.230199052467993,0.03283521406199341
10058,3041.28962,2956.004695467156,-2.804235544421576,0.02844305103103295
10059,5425.384567,5139.834628944651,-5.263220229441649,0.054067879247931216
10060,7339.211801,6924.00881626402,-5.657323919707654,0.05823654219665819
10061,25145.82455,22696.519254157945,-9.740405572988282,0.10248028498497774
10062,34275.10021,30017.8186793297,-12.42091636373453,0.1326279878316523
10063,61242.78796,52097.42067819717,-14.932970209938867,0.16173065450273683
10064,85149.60918,70914.32321717417,-16.717969817962974,0.1829373841922841
10065,115429.109,94611.85972977604,-18.03466166426352,0.19887373131075492
10066,592.4285903,609.614093470126,2.9008564832131847,-0.028595780269295545
10067,788.7449151,828.0774937191043,4.986729913069244,-0.04866377440228842
10068,3389.801835,3488.4677157001556,2.910668101050084,-0.028691125929498185
10069,4541.020912,4637.60514083771,2.1269276382867672,-0.021046242297041218
10070,6265.418763,6380.469234903651,1.8362774501694017,-0.01819621466849064
10071,8354.688421,8428.774526255815,0.8867608404114043,-0.00882852206300555
10072,11409.92322,11263.572468249677,-1.2826620208433268,0.012909591559692402
10073,21516.23747,20557.3305411151,-4.456666414013596,0.04559028658991515
10074,39828.29933,36116.73666198961,-9.318908239736755,0.0978213207182943
10075,71377.38934,61629.851817176954,-13.656337970546236,0.14683478270584516
10076,127512.4639,105878.18672049469,-16.96640196402425,0.18592486448496892
10077,678.2266641,783.6217369431666,15.539800839742101,-0.14444488062926908
10078,1590.422065,1861.1068306732695,17.019681229917392,-0.15717195030331954
10079,2803.330707,3206.372490872521,14.377247139130386,-0.1343319845326727
10080,3820.970634,4390.309303086044,14.90036756681454,-0.13889519787642435
10081,5186.890746,5782.346288278746,11.480009343515603,-0.10867510043903295
10082,9454.334089,10226.510829315223,8.16743657507979,-0.07851017925996118
10083,17834.82066,18406.672149863956,3.2063764518053475,-0.03156045247430761
10084,24412.0762,24278.06851684681,-0.5489401313321635,0.005504523443059739
10085,33768.23452,32364.557655538996,-4.156796718613295,0.04245662895968394
10086,114573.3562,99771.17264494732,-12.919394216936341,0.1383359930191208
10087,367824.4616,283210.2203607174,-23.003973382090745,0.26141636783066957
10088,565.9061736,746.3966031128759,31.894055575448128,-0.27682880505809937
10089,761.142778,996.3757226059912,30.9052324222396,-0.26930345879686435
10090,1346.198806,1772.6243137164047,31.676265482915944,-0.27517618998956284
10091,1837.307199,2366.3059279807276,28.792067503390186,-0.2530290380789628
10092,5959.271405,7057.785317395333,18.433694955957996,-0.1691830817516351
10093,11005.71532,12588.928114071248,14.385369310745075,-0.13440299413856138
10094,15287.75976,16838.827851732192,10.145816758518917,-0.09663490885882631
10095,20961.21384,22231.806473454635,6.061636712230759,-0.058850217548179984
10096,29362.70853,29396.18648044858,0.11401519861281476,-0.0011395025064757647
10097,53247.80043,50942.67892956117,-4.3290454851166436,0.04425543918793018
10098,72230.95081,66814.31647923063,-7.4990489118958905,0.07795125948901394
10099,134272.2332,118247.57524114217,-11.934454039346251,0.12708880830390257
10100,179446.9456,151001.6876049128,-15.851625615569805,0.1725885836076273
10101,327882.5152,262101.59745072745,-20.062343888373515,0.2239231537298867
10102,905.0213894,1239.6522078870369,36.97490715759617,-0.3146275636306912
10103,3883.656702,5120.651474477826,31.85129035325908,-0.2765045132878452
10104,7096.044678,8913.200967359055,25.608016462929246,-0.2279958913510498
10105,9558.006718,11837.269868737272,23.84663683532338,-0.21387381443382658
10106,13246.11981,15717.804835582607,18.659690996578767,-0.1710894707313031
10107,18001.91707,20778.89662393721,15.42602125728607,-0.1434596301655695
10108,33586.30881,34866.13836110024,3.810569236233483,-0.03739760264518033
10109,46206.2519,46091.8825173029,-0.24751928147000243,0.0024782611686582356
10110,62629.90606,61439.00855048776,-1.9014837869489278,0.019197944780385612
10111,86507.06637,82196.34687068051,-4.983083671895746,0.05111524362790476
10112,211702.4341,180156.84843666965,-14.900908342144737,0.16135382428646672
10113,288393.9686,239454.34387023145,-16.969711595337632,0.18596472422069787
10114,801.8891926,1205.4873622146647,50.330915211122985,-0.40766877964697557
10115,1081.881577,1598.1578273634282,47.720218306613056,-0.39014988183577604
10116,1461.02324,2121.9498180626288,45.237239214800496,-0.37319835194169215
10117,1816.972431,2723.089297573141,49.86959907115624,-0.40459539048778925
10118,3382.060727,4816.302921588364,42.40734600471189,-0.3535213987709547
10119,6203.799629,8319.707252180167,34.10664028040561,-0.2934651204517156
10120,8425.559795,11025.47038641622,30.857422588812344,-0.2689381673158717
10121,15765.144,19406.77830564824,23.099277149947,-0.20782097512940467
10122,55546.43839,56685.08064579146,2.0498924661863556,-0.020291649530671307
10123,105963.4514,101618.90436201113,-4.100042968201083,0.041864652150946924
10124,141977.1205,127501.87172401152,-10.195479894937346,0.10753487670102757
10125,191300.9599,166838.42494860466,-12.787460640125795,0.13682206541282937
10126,1713.330856,2613.302150969187,52.527583438863076,-0.42217526871240096
10127,2243.240306,3405.551401697106,51.813935965231614,-0.4174854795371852
10128,5593.136465,7985.356414695009,42.77063441353044,-0.3560692014084754
10129,7399.126034,10293.801692854973,39.12185906218574,-0.3301800469803382
10130,14044.19007,17869.665684197098,27.238848200785547,-0.24089582867320836
10131,19795.03384,23508.400778719406,18.759083559714725,-0.17192674713564848
10132,49123.00691,52282.19121428272,6.431170449461243,-0.062328303368492044
10133,67876.78697,69738.75786198446,2.7431629797200108,-0.027062124830987244
10134,94379.66357,92946.49363306377,-1.5185156237320885,0.01530163135518059
10135,126209.2898,117415.8332115711,-6.9673608039183375,0.07221979530892142
10136,168699.683,150925.20865154988,-10.53616345470555,0.11133570330833287
10137,229181.3821,198074.65772273022,-13.572971806102817,0.14586973277977755
10138,826.2688864,1298.7725012378469,57.18521205566803,-0.45225461868937344
10139,934.4890465,1496.177083061844,60.106433421083885,-0.47066861697415163
10140,1584.562696,2473.195105478374,56.08060897316328,-0.44520241199241806
10141,2766.975558,4332.706931307535,56.58638251359412,-0.4484376366585936
10142,3768.757502,5708.269168486861,51.46289368465877,-0.41517048278814883
10143,6810.970453,9821.120656689774,44.19561389176055,-0.3660006215607705
10144,9321.483604,12740.714053269872,36.681182894562255,-0.31248089570327586
10145,12628.18288,16992.815936981115,34.56263738382853,-0.29685961010264705
10146,23724.14157,28379.36775700992,19.622316673816414,-0.1791692323845755
10147,32260.36298,37512.409860947046,16.280185328984302,-0.15083248351782785
10148,83836.24897,85421.72187883807,1.891154397193291,-0.018734943771914203
10149,1119.686203,1759.303444083195,57.124687199811376,-0.4518694901474589
10150,1527.598741,2408.006290739072,57.63342991253958,-0.4551020876760772
10151,2719.833199,4177.217601578717,53.58359487319123,-0.4290748248105096
10152,4740.246776,7175.338233424404,51.37056302117728,-0.41456070428251834
10153,6300.843851,9286.667119038768,47.38767280457032,-0.38789615936466326
10154,8673.272037,12332.886974835566,42.19416757855309,-0.3520233149178953
10155,11771.34455,16173.234835115692,37.39496593968692,-0.3176895551354253
10156,16618.18033,20997.174779418896,26.350625414226066,-0.23389059768923204
10157,21564.08523,26553.368566146077,23.137004342780905,-0.20812740595186874
10158,29338.99214,34767.875412467816,18.50398693507342,-0.16977641904283125
10159,39505.40034,45471.89309308967,15.10298010332647,-0.1406570208322524
10160,75045.89955,79048.384127805,5.333382105891478,-0.05196020196122042
10161,137713.086,128229.63938333286,-6.886380148845947,0.07134971969638215
10162,187664.0572,171165.70434533537,-8.791429270380625,0.0920213160249368
10163,1525.817284,2350.9424757076185,54.077588474061265,-0.4322861108103577
10164,1509.05546,2364.1668375066656,56.66533803248461,-0.4489417393682267
10165,2624.336539,4018.33634333932,53.11817991416993,-0.42603985498296204
10166,3475.28069,5176.899487206019,48.96349241954379,-0.39853107261722265
10167,8212.481206,11758.008363093784,43.172423390186125,-0.35887947590280334
10168,11050.4242,15332.21578147038,38.74775758807867,-0.32748740498049145
10169,15425.48071,19473.635702096428,26.24329878725982,-0.2330408018458492
10170,27456.95605,33211.58952402879,20.9587452576659,-0.19027935318881717
10171,36894.64909,42818.19893660739,16.055308812282274,-0.1488966915911032
10172,50157.51029,56450.925546991035,12.547303924385114,-0.11820342660759131
10173,125078.8441,120348.04606349522,-3.782252762683457,0.03855636261488726
10174,170468.64,157795.56694928982,-7.434254799422462,0.0772510350140525
10175,2074.183042,3048.9825946416395,46.99679502256963,-0.3852405979854119
10176,2644.989199,3898.7605716491767,47.40175775096526,-0.3879917187365116
10177,3478.321362,5044.924501401971,45.039056957669644,-0.3718328784907978
10178,4685.548969,6672.274132949072,42.40111835546737,-0.3534776665787991
10179,7993.196339,11233.548046371423,40.53887293573989,-0.34031394021726236
10180,10665.80507,14633.765813004731,37.20263699704696,-0.3162887492140847
10181,25689.68414,30523.53522255624,18.816311855814966,-0.17240851669858692
10182,63412.21515,68363.69085887025,7.808394166893011,-0.07518533742272027
10183,115654.7755,112642.79617852815,-2.604284439142638,0.026387964388652208
10184,158543.4753,149245.4104821313,-5.864678316325956,0.06043684655827519
10185,2918.593839,4041.795080382464,38.48432852744277,-0.3255869818107904
10186,2743.19392,3791.5957294713326,38.218290067926816,-0.3236640615085369
10187,3584.893035,4945.887087114879,37.96470463211127,-0.3218277029206167
10188,6215.012617,8366.0180934937,34.60983282013021,-0.2972102807098569
10189,8228.690658,10885.803313236005,32.29083174554313,-0.2798325837560469
10190,10680.10573,14122.420427956189,32.23109194777784,-0.2793809024893541
10191,18925.97102,22953.092295404178,21.278280893215577,-0.19291756111236325
10192,33843.92772,38871.59528579288,14.855449424748029,-0.13850419021248683
10193,61393.91525,66050.89900918186,7.585415818845107,-0.07311491183606655
10194,83017.27997,83899.96774490847,1.0632578846565972,-0.010576450489022449
10195,4148.322763,5263.0845958025275,26.87259156267652,-0.23801318087055634
10196,8541.383403,10577.427529308285,23.837404671392726,-0.2137992665228765
10197,11246.29914,13706.636261079597,21.876860027036393,-0.19784100497376045
10198,14795.99392,17542.310069687963,18.561214370166233,-0.17025921817057466
10199,44555.09788,48118.03356376517,7.9966958963062025,-0.07693044711541575
10200,105057.2524,100789.44224686442,-4.062366048643757,0.04147185197191483
10201,140752.3441,129201.30167984219,-8.206643018286899,0.08563025501367605
10202,5409.574783,6256.670879224683,15.659199293939825,-0.14547774378822176
10203,6929.400673,8034.818099372979,15.95256903934236,-0.14801103390907144
10204,9037.610781,10163.061552480982,12.452967922086735,-0.11736488532893574
10205,15783.25051,17064.79476187351,8.119647160523394,-0.07806827200864674
10206,19620.83187,21540.932220189847,9.786029271906935,-0.0933630970311281
10207,25865.58665,27945.133490895747,8.039820898072481,-0.07732968519774452
10208,59244.57874,58770.31398744825,-0.8005200857838793,0.008037414511248286
10209,79603.71544,76373.27835311215,-4.0581486291588185,0.04142789292669846
10210,135416.0954,123639.84474060775,-8.696344865510163,0.09097936485675895
10211,7573.740513,7888.060591586356,4.150130018936344,-0.04066323009964101
10212,9759.373124,10128.974487855783,3.787142464579709,-0.037171908714729085
10213,27194.74314,26837.398577051492,-1.3140207322749025,0.013227303664358203
10214,35201.66997,34846.22861766328,-1.0097286652583364,0.010148610028293703
10215,46089.30274,44956.7689558045,-2.4572595306645706,0.024879540249568066
10216,79753.85672,73498.13532520633,-7.843785431914934,0.08168506444914314
10217,134900.0352,118998.28862253077,-11.787800169135343,0.12542491246285614
10218,10632.72408,10107.042941020134,-4.943993044723737,0.050703921204407365
10219,13565.35485,12967.98222957035,-4.403663796746526,0.045035690898878045
10220,22138.52207,20440.31321609316,-7.670832084171006,0.0798100823114325
10221,28464.03215,26197.64622651389,-7.962279945239974,0.08297169237111035
10222,81180.78596,71016.72908951249,-12.520274040578535,0.13376312279278224
10223,104009.4325,88895.07412655024,-14.53171891256089,0.15702486030947327
10224,135165.688,113830.63744977144,-15.784368700308434,0.17178963708024142
10225,520.3560917,464.5633750577261,-10.72202623015317,0.1134153828428417
10226,646.6959705,603.2174373904877,-6.723179839190345,0.06959855315210373
10227,895.4239194,791.0300395306684,-11.65859852607949,0.12396131540037914
10228,1201.316328,1074.0213994823016,-10.596287218506738,0.11200797467663737
10229,2189.414152,2021.566474891119,-7.666328316894921,0.07976130403761594
10230,3076.912209,2815.9321851916507,-8.481880732410243,0.08863320852853374
10231,4059.351671,3786.8045155092236,-6.714056272528754,0.06950074621058278
10232,5393.036825,4942.919798867948,-8.346262796602582,0.08715243562814123
10233,7460.733874,6810.768040780502,-8.711821708110664,0.09114888878723448
10234,14278.29979,12417.74549727168,-13.030643144440651,0.13961434942860151
10235,54639.35655,42178.91399533697,-22.804885235536382,0.2588340112127021
10236,75118.56092,55821.35744810591,-25.688995150539807,0.29691113151126913
10237,1046.148828,986.7250681496307,-5.680239585411013,0.058479469895906355
10238,1458.232363,1361.9951918147203,-6.5995772434574445,0.06827431446222576
10239,2637.001988,2514.427447889334,-4.648253610291401,0.04759753853824744
10240,3607.681179,3447.159414583036,-4.449444295447934,0.04551469946783726
10241,16973.44037,15192.122482901152,-10.49473676678577,0.11087275536133134
10242,33418.01499,27819.40584754546,-16.75326659626513,0.18336129629095943
10243,46388.13119,37374.65868425857,-19.430557503649744,0.216050733717152
10244,64255.4505,50480.029008472906,-21.438526046171123,0.2412887599764808
10245,85487.52291,65026.23245914983,-23.934826690897935,0.2735796696413324
10246,118399.4926,87156.97728030497,-26.38737264292552,0.3063536076176998
10247,923.6954243,919.5632994751089,-0.4473471142311356,0.0044835070557729395
10248,5332.900315,5497.471654513394,3.085963168118855,-0.030393048026972735
10249,7461.705814,7474.245470501356,0.16805348286217156,-0.0016791243100282571
10250,14021.26247,13611.951904001018,-2.9192133509713942,0.029626702061690935
10251,27571.80579,24782.57938708976,-10.116226786719425,0.10665275898602644
10252,54263.45609,44799.39001590765,-17.440957056615574,0.19165647657754725
10253,70213.85019,57054.29115658709,-18.742112842128574,0.20754229677723224
10254,135912.7646,102151.8738732009,-24.84011772268747,0.2855525777384589
10255,186817.1738,136190.43469163633,-27.099617277458066,0.31607629702097917
10256,1054.299735,1152.0709886528625,9.27357281872621,-0.08868439422050756
10257,2585.001907,2836.922913872658,9.745486306624143,-0.09299373807474431
10258,3348.736707,3731.7587644761497,11.437807477533338,-0.10829646882413435
10259,4580.735653,5057.018516871345,10.397519087560092,-0.09891747556943287
10260,6123.217299,6684.041438235712,9.158978227463885,-0.08763514948819306
10261,11922.50852,12289.844687245952,3.081030863846699,-0.030345200365456293
10262,22975.96513,22153.869827092287,-3.578066463176747,0.036436483936183706
10263,31913.76784,29804.453966625526,-6.60941661275955,0.06837966610108914
10264,45340.57035,40290.436307149685,-11.138223458299123,0.11808809608844939
10265,82293.48557,67918.47772403511,-17.46797786774666,0.1919838208994218
10266,160959.6996,122613.70831960365,-23.823349183484897,0.27211518998238127
10267,509.3077308,584.1693322362628,14.698697252969872,-0.13713848021847674
10268,868.7313991,1061.5731283763419,22.19808441091512,-0.20047318477477738
10269,2763.847644,3399.2679696604855,22.99042521536638,-0.20693632257683348
10270,3771.496748,4602.92476150572,22.04504124116297,-0.1992199811124582
10271,9819.702684,11139.549592476744,13.440803158198186,-0.12611095679709372
10272,19007.79714,20152.48907739689,6.022223032820584,-0.058478537403248154
10273,26451.78466,26942.281135821264,1.8543039047304217,-0.018373213079396322
10274,36848.99502,35579.28262252409,-3.445717846000319,0.035064826424369144
10275,49564.95606,46144.06207386993,-6.9018400459973455,0.07151576608939969
10276,70876.2579,62306.04883620576,-12.09179112684819,0.12887699688436172
10277,98144.89052,83034.52562110125,-15.395977130179345,0.167188368853731
10278,135089.357,109593.26047770512,-18.873504981073285,0.20916058254902836
10279,184356.8797,143200.0062864018,-22.324566070206817,0.25263114424510924
10280,452.2277116,548.220030816138,21.226545112972673,-0.19249088274987702
10281,607.2036108,742.7470445164992,22.322567143156256,-0.20149136252135325
10282,798.9335135,1008.2737373928976,26.202458697196406,-0.23271724647437697
10283,2434.704117,3174.2258234413057,30.374192136025595,-0.2652385308497971
10284,3226.270611,4207.781639600985,30.422464416174943,-0.2656087217973262
10285,4381.752739,5640.474195051033,28.726437364840862,-0.2525193260487253
10286,15786.41046,18087.880116645334,14.57880284106926,-0.13609263470132227
10287,21959.4906,24130.285432481818,9.885451680203444,-0.09426828886262406
10288,31451.77006,32251.321409767548,2.5421505633618042,-0.025103753068949075
10289,81986.5409,73609.53242910949,-10.217541048729034,0.10778056437859185
10290,109862.1781,94521.96036948742,-13.963147277627641,0.15039446149548397
10291,909.6798409,1240.55955073698,36.373204611154314,-0.3102250929907058
10292,2033.147607,2893.4576393621683,42.314194473641486,-0.352867064474804
10293,2736.606159,3883.988358256989,41.92719494851467,-0.35014402850144055
10294,6844.548816,9194.552452579586,34.33394515480925,-0.295158641782411
10295,9405.306412,12218.529029784844,29.911015064809828,-0.2616795305892836
10296,18153.71856,21558.629096819885,18.755994952583883,-0.17190073946362716
10297,34587.41595,36878.73352213118,6.624714536187194,-0.0641451425511157
10298,67179.51748,64812.45777564504,-3.5234842302337968,0.03587056715877068
10299,131884.9925,114584.60801401825,-13.117780998457235,0.1406167891348158
10300,246385.1307,191961.14315485468,-22.08899026922704,0.24960291150888736
10301,335887.4588,251708.46311347815,-25.061666781862552,0.2885046344213045
10302,1101.122529,1600.6387632877613,45.36427337849531,-0.3740726362539304
10303,1396.179475,2115.211949683473,51.50000322726941,-0.4154154602634401
10304,11384.2747,15248.272503293934,33.94153694564252,-0.292233227309584
10305,15862.02693,20116.536136167346,26.821976944956212,-0.2376141607520772
10306,22649.09947,26514.618629959376,17.066988314831107,-0.1575761346650335
10307,58641.30177,59860.84351834098,2.079663499156635,-0.020583337160525517
10308,82574.36605,79720.31904117586,-3.4563353560546553,0.035174796625927485
10309,117384.707,107376.33397999166,-8.526130256480801,0.08911683106493129
10310,157445.9376,134158.9143144358,-14.790488494359355,0.16005712099366143
10311,216078.6914,175343.27302826985,-18.852121931968608,0.2088970406376145
10312,748.8490684,1118.7214914317606,49.392119004973125,-0.4014043343485154
10313,1316.060527,1985.1784618138577,50.842489466584965,-0.41106599028725466
10314,1611.107475,2570.8935743643815,59.57306475561982,-0.4673317175894667
10315,2187.650879,3435.604159116302,57.045358201156674,-0.45136448337484136
10316,2928.96854,4519.1286890743395,54.2907896536963,-0.4336688804373905
10317,3947.353621,5964.545816015401,51.10239387431362,-0.4127875261453404
10318,5382.184629,8009.731850138004,48.819343858633054,-0.3975629270117089
10319,7368.432298,10606.860902036424,43.950035408691,-0.3642960770491612
10320,13794.65456,18688.800379412143,35.47856742715087,-0.30364326785147533
10321,26451.64316,31281.146070093426,18.257855970915895,-0.16769727444924243
10322,36507.62557,41146.78934038167,12.707382904118228,-0.11962474226530695
10323,51207.73643,55210.353552199085,7.816430487355343,-0.07525987726736894
10324,71751.16413,72681.17797508651,1.2961655136375068,-0.012878371772593766
10325,138910.7528,123539.34429836633,-11.0656721612941,0.11727197808311196
10326,577.1195732,876.997208190766,51.9610924522991,-0.4184543313835327
10327,944.3142503,1448.9893516901802,53.44355454022318,-0.42816259054753303
10328,1244.021007,1897.0969511901642,52.49717975141589,-0.42197591645503074
10329,2738.754947,4311.374761059714,57.4209757533197,-0.45375340511457285
10330,3645.664777,5590.377001627452,53.34314435316092,-0.4275079976919116
10331,6620.9809,9864.89979963435,48.994536438465644,-0.3987394510868558
10332,9151.280305,13205.303127798585,44.30006171468249,-0.36672470747481967
10333,12386.64836,17227.532602903786,39.0814698392212,-0.3298896893961363
10334,23795.9738,29180.357182689277,22.62728740560841,-0.20397938538795124
10335,44777.58463,50262.37158512249,12.248956705556216,-0.11554904620850692
10336,63675.66145,67201.31817822212,5.536898475708134,-0.053890454365163265
10337,89497.13315,89490.14883290678,-0.007803956224506713,7.804260749111336e-05
10338,122613.1362,113473.15338859851,-7.454325934941286,0.07746788965950913
10339,167445.5952,147314.2816331055,-12.02259966459512,0.12809021886274152
10340,615.8035297,911.0477275146937,47.94454457877618,-0.3916673187668378
10341,697.441908,1042.4177418435804,49.46302048766194,-0.4018788216478768
10342,914.6966705,1379.6938871541697,50.836220536365204,-0.4110244299781396
10343,1214.43296,1831.6520736990985,50.82364642829674,-0.4109410638465931
10344,1532.414762,2345.6695916916224,53.0701511012736,-0.425726134253428
10345,2041.811406,3096.0622158358847,51.63311394666019,-0.4162936930951915
10346,3457.779858,5320.052603985057,53.85746989289848,-0.43085646769131003
10347,4660.792966,7087.3249861816375,52.06264337169525,-0.4191223774023598
10348,6244.379824,9290.593351625246,48.78328374448426,-0.3973205896733898
10349,8555.607026,12291.238905234903,43.66296707974702,-0.3622998639309234
10350,11568.35366,16133.877571342504,39.46563223709831,-0.3326480210289908
10351,16543.94382,21372.420285241675,29.185764396785014,-0.25608121660242844
10352,29690.77551,35418.19453038665,19.290230457125077,-0.176389249210386
10353,57206.96419,62149.446210318056,8.639650941627878,-0.08286626483506332
10354,79933.50996,82000.81661205695,2.5862828406903047,-0.025534042300694892
10355,109490.0525,104913.38967066875,-4.1799804866576835,0.042698550887317666
10356,856.3056766,1213.6126887161533,41.72657286763027,-0.34872947218595574
10357,941.6796804,1346.2477697245195,42.96238920146072,-0.3574113971007442
10358,1228.685775,1745.8264135914515,42.08892534720292,-0.35128291044941484
10359,1542.916597,2243.2100185806426,45.387639418894835,-0.37423336462352186
10360,2639.111211,3838.204363984345,45.435491614996785,-0.3745624457138996
10361,4580.438956,6718.596126791379,46.68018046590422,-0.38308438755177576
10362,6090.865187,8769.395785163257,43.97619247722247,-0.36447776990010716
10363,8272.159552,11636.244558524808,40.667554649758394,-0.34122915203589343
10364,11047.05505,15273.084621754588,38.25480684786292,-0.32392822305304847
10365,38397.1278,43902.11653880574,14.336980535314256,-0.13397987172673353
10366,52846.20817,58065.44533774315,9.876275608939592,-0.09418477958753435
10367,71543.58003,75347.6619148657,5.317153381576042,-0.05180611999499085
10368,99718.93554,96918.4441161164,-2.8083847954436423,0.028485741570200673
10369,183460.8634,163287.9380496368,-10.995764969436632,0.11648623277499226
10370,1227.79702,1617.0544115614612,31.703725063729284,-0.27538470682378335
10371,2750.09621,3736.3888650449762,35.86393274019225,-0.30648370436179295
10372,4642.03883,6407.225183116633,38.02610055109411,-0.32227261571367016
10373,6062.988616,8314.983129472757,37.143307634288284,-0.3158562342464357
10374,8167.884752,11036.190310035186,35.11687107647851,-0.3009699296157322
10375,10851.12541,14356.140821351984,32.30093910924566,-0.2799089834390358
10376,19713.88103,23882.615986199635,21.14619110187272,-0.1918278212579061
10377,26142.20861,31020.207860336126,18.659476416503605,-0.17108766236430384
10378,35280.90151,40650.394720123695,15.219263058234963,-0.14166676234216702
10379,66757.69142,70372.759397532,5.4152081964430545,-0.052736729999161014
10380,169627.44,153200.44655372683,-9.68416044377795,0.10185733057984336
10381,1787.185994,2158.3973171604093,20.770715773660513,-0.18872365103215039
10382,1744.027165,2117.9506365823327,21.440232072436366,-0.194252038662313
10383,2242.676432,2769.7512548431387,23.50204493713333,-0.21108752813826648
10384,4953.097559,6159.035078058028,24.347138425868195,-0.2179069717397475
10385,6206.143921,7944.745051633069,28.014192915347785,-0.24697095393570834
10386,8326.878499,10577.345241679375,27.02653512897588,-0.239225816669423
10387,19538.67763,22500.094305870258,15.156689372484722,-0.1411235312746122
10388,26285.95712,29823.1133326201,13.456448233832097,-0.12624886129406399
10389,63118.20689,65643.1073312251,4.000272766977354,-0.039223335909239765
10390,5309.609099,5969.598205741968,12.430088438455261,-0.11716140638231565
10391,6808.57255,7695.499537631577,13.026621676104156,-0.12245319503129082
10392,19670.90911,21449.054288209445,9.039466189722253,-0.08653970584273551
10393,26038.65544,27942.2562303687,7.310672376133652,-0.07055792166734776
10394,34458.41893,36232.16786233745,5.1475052756793644,-0.050193990493330176
10395,45767.08282,47230.28263748888,3.19705720210218,-0.031470151169289196
10396,149529.2394,133255.44663701006,-10.883351529299585,0.11522401744288757
10397,3408.52138,3344.5163325743088,-1.8777950991080883,0.01895649537767774
10398,4360.999583,4395.816075244354,0.7983603662810501,-0.007951903309352915
10399,5716.169674,5749.462733482796,0.5824365157358657,-0.005807469116678732
10400,7278.547484,7498.819789495104,3.026322298223862,-0.029814325886032833
10401,12071.99807,12633.418626161314,4.650601772017301,-0.045457013217220066
10402,20452.90182,20812.255841787246,1.7569830674875206,-0.01741726563560242
10403,26857.74657,26848.22940322413,-0.035435462729774186,0.00035441742573283364
10404,46290.66935,45163.44469975432,-2.435101211699538,0.024652400818796494
10405,105384.1442,94416.73582293025,-10.407076377880523,0.10989384655779055
10406,144222.5477,125144.38029501849,-13.2282834475136,0.14188946359069554
10407,13068.25434,12260.667778797628,-6.179758521614232,0.06378955924345142
10408,35749.95788,33474.873521542264,-6.363879829157823,0.06575397768338043
10409,47042.27708,43320.13658669733,-7.912330619057421,0.08242913463302948
10410,61460.01182,56042.38299314576,-8.814884127782195,0.09227850538239579
10411,81242.83568,71646.6125302235,-11.811777702558524,0.12569676593442303
10412,138726.9703,117270.65121216307,-15.466580897310148,0.16802323747191927
10413,7207.059643,6150.203888582622,-14.664173834663204,0.1585758177282841
10414,6609.000965,5519.527006924231,-16.484699636834893,0.18014033303507482
10415,8387.419219,7173.204398207016,-14.476620150837643,0.1563803988973973
10416,10671.07363,9280.066812592862,-13.035303340954815,0.13966793521495013
10417,17928.41134,15415.641325752234,-14.015575427151955,0.1510040157549568
10418,22264.99204,19083.670012854498,-14.288448975998389,0.15418258505620663
10419,28451.62043,25044.830205850154,-11.973976078204855,0.12753768884427785
10420,47870.06218,41585.55868912688,-13.128254288123253,0.14073734223639178
10421,61903.48255,53264.98181215892,-13.954789588556164,0.15029732540906338
10422,82124.10162,68556.17076295143,-16.52125330981316,0.18057811718615113
10423,137527.9411,111677.71540620414,-18.796344573354382,0.20820992226419222
10424,9812.489941,7867.613432462159,-19.8204178575661,0.22090129028102545
10425,11372.76396,9209.492416633753,-19.021510962285433,0.21098663402054996
10426,14592.39463,11829.543006940747,-18.933504014339107,0.20990043000644398
10427,23426.55393,18814.474258245322,-19.68740125216819,0.21924368135432104
10428,49166.11579,40357.356806986114,-17.916320704767816,0.1974309798486349
10429,15120.49185,11457.498373345654,-24.225359287200344,0.27740650455596416
10430,39485.47472,30033.290172001565,-23.93838396277595,0.27362643683985155
10431,50495.99039,38979.8373210353,-22.806074264552507,0.2588494142362894
10432,64767.92221,49831.87507589752,-23.060871222137784,0.2621556121246975
10433,139040.5959,103334.99600095842,-25.679981927523926,0.2967898483114375
10434,139213.45,122975.46539936963,-11.66409179618089,0.12402349961761949
10435,2475.38,2702.147114932783,9.160901151854786,-0.08765276514826503
10436,238159.47,179656.07463108603,-24.564799110828545,0.2818961646231557
10437,36937.05,33806.52035061311,-8.475310425133829,0.0885614186852628
10438,95559.34,75933.51920985461,-20.537836270264513,0.22988920554530345
10439,1885.21,2670.1354842841156,41.63597075573095,-0.348089993771989
10440,32511.98,43654.34114110093,34.27155510399837,-0.29469409394647705
10441,2767.84,4330.668788786421,56.46384143543054,-0.44765475215605655
10442,6583.11,5729.197343610995,-12.971265198196674,0.1389318367874175
10443,10676.47,19933.913045086923,86.70883770653526,-0.6243801998427632
10444,37846.19,31323.107515412456,-17.235770587706572,0.18917422986973875
10445,5155.71,8599.159957846303,66.78905442405222,-0.5115596808244867
10446,694.36,684.3819569784963,-1.4370129358695356,0.014474379599120013
10447,249632.54,232377.4986169808,-6.912176346488808,0.0716267980833436
10448,12101.86,12684.426580660229,4.813859858403817,-0.0470158277118049
10449,141618.7,111659.49193454071,-21.154839061126317,0.2376842449267933
10450,2588.99,2821.9920626047665,8.999728179898984,-0.08617520247554822
10451,7963.97,4800.1115323948,-39.727152005911634,0.5062884656840954
10452,7220.56,6151.066835846604,-14.811775875463907,0.16030697620607448
10453,1346.29,1761.4750843954268,30.83920139014825,-0.26879891295013625
10454,73473.14,72728.88630676988,-1.0129602372106534,0.010181255910133302
10455,33680.71,34867.328048618554,3.523138462991294,-0.03462496176041441
10456,1302.35,771.780494045341,-40.73939462929773,0.5232254283919433
10457,27383.37,33547.135972252225,22.509157829194237,-0.20301559899180788
10458,1456.28,989.5839954885553,-32.0471341027443,0.38635586972029046
10459,255925.63,256844.78606481757,0.35914967360540073,-0.003585062712234688
10460,82490.89,78768.40594607104,-4.512600184006935,0.0461758863056847
10461,6816.21,9792.811665641453,43.669453635399336,-0.3623450141136786
10462,1880.22,3743.681679960589,99.10870429846449,-0.6886807423507779
10463,39826.92,63507.65822812128,59.45912520506553,-0.4666174350876755
10464,13206.25,9516.76290539447,-27.937431856927823,0.32763544234854614
10465,180505.51,222669.6451396663,23.358918594599295,-0.20992795753201499
10466,10633.61,23018.425732362433,116.4685909334876,-0.7722752744101502
10467,106603.21,81922.55081905548,-23.151891186901896,0.2633393251143801
10468,84139.11,89075.1752159895,5.866552683989046,-0.05700917805362948
10469,1127.86,2013.0663568494324,78.48548196136335,-0.5793370783740643
10470,22046.61,18704.552339339447,-15.159054660378867,0.16439191373674866
10471,6708.94,4411.076092680082,-34.25077444901754,0.41932229369186835
10472,91873.66,133633.41002084618,45.45345207848057,-0.37468593245271364
10473,71994.57,72608.21182101718,0.8523445879559648,-0.008487326411163565
10474,4510.9,6247.6643691947265,38.50150455994872,-0.325711002829026
10475,223634.42,211443.55746162718,-5.451246073110228,0.05605456995629865
10476,29366.24,48827.137046224016,66.26962473310853,-0.5084405300887056
10477,6774.1,5901.637249658155,-12.879389887097107,0.13787670425541343
10478,1731.49,2751.4066634800406,58.90398809580423,-0.4631299853881732
10479,44961.69,67267.20002011444,49.610034720924496,-0.4028619543142504
10480,132026.41,102971.69127513038,-22.006747532459322,0.24854786986683308
10481,2267.551692,1286.3835483362739,-43.26993501957732,0.5668658692171196
10482,2971.995079,1718.906599114405,-42.16320843664475,0.5475450805724975
10483,4159.524154,2324.408424994541,-44.118405400789,0.5819351158717074
10484,7469.071203,4443.480633328873,-40.50825715057957,0.5193326587067286
10485,9765.031653,5659.124741439984,-42.04704149933406,0.5455385648624027
10486,13389.93428,8055.377940351233,-39.840048711940106,0.5081633160532846
10487,18041.70224,10830.098210957327,-39.971860377198375,0.5103567399958067
10488,41733.74685,26711.141760547234,-35.99630089157156,0.44622930572949926
10489,95318.9969,65082.81721480974,-31.72104267621627,0.38156855877329754
10490,125251.1374,90645.92035018609,-27.628664911280808,0.3233598891840579
10491,163132.3674,119810.70048802985,-26.55614431545983,0.3086489399028469
10492,213708.3651,162248.7648820218,-24.079357021845567,0.2754815625685083
10493,359542.6947,294040.5984705406,-18.218169134020066,0.20111508360373698
10494,467485.5965,397383.986888358,-14.995458712842282,0.16246550401720405
10495,596502.8611,533754.5575446999,-10.519363384039284,0.11114793477411844
10496,999496.8395,988270.3953120223,-1.1232095734883711,0.01129565208433192
10497,2229.46503,1492.7063636196426,-33.04643295438266,0.4011708360227404
10498,3114.226337,2063.0743393200637,-33.75323062396721,0.41178348644612406
10499,4055.363927,2705.64754404031,-33.28225055150987,0.4046991597941316
10500,5610.10665,3806.338905351576,-32.152111487014665,0.3879019201179723
10501,7393.584729,4841.636256135618,-34.5157128294591,0.4233599626513129
10502,10055.90748,6843.247282948286,-31.9479888159404,0.3848979028224253
10503,24031.29062,16537.02583895255,-31.185444425570548,0.3737548998433873
10504,42834.70791,28698.101786782423,-33.002690605291384,0.4005177256914223
10505,56776.15236,38547.32528665116,-32.106485409165266,0.3872296701113509
10506,75713.61128,53226.10054491578,-29.700750439603407,0.3524090620449982
10507,99335.79245,71861.59362624383,-27.6579047150453,0.3237639954800233
10508,129257.542,94083.1611394819,-27.212633256261437,0.31762777958402744
10509,170409.5551,127284.7218919948,-25.306581654238,0.29177820555216627
10510,219814.5546,169692.5014596434,-22.80197197658931,0.25879627302181163
10511,288513.8197,228763.76972635803,-20.709597216442095,0.2320530888382919
10512,379231.7393,318746.56506236154,-15.949396627319286,0.17375114742418596
10513,813966.8356,772742.2570670642,-5.064650883785444,0.051974061675821304
10514,6347.552354,4435.263471025556,-30.126397961403,0.35848226131622596
10515,1507.039199,1247.2342578956404,-17.239428229654138,0.18921842435808234
10516,9081.179415,7300.724245136976,-19.60599046113026,0.2182305208020594
10517,6191.620196,5007.063728821076,-19.13160739323429,0.21234713533898386
10518,14880.15408,11754.640100596547,-21.00458074963329,0.23578031937478983
10519,35963.88787,27822.76752083917,-22.636930630494785,0.2566606591887606
10520,84646.16543,63894.20622237928,-24.516124389334564,0.2812511206126782
10521,112625.0501,85081.66490882153,-24.45582502891021,0.2804526018819349
10522,254616.8772,198199.92132033492,-22.15758692042629,0.25048374808244844
10523,435199.7807,359404.47810422996,-17.416208821120403,0.19135675741852864
10524,571425.0815,475591.22364653344,-16.771027551311036,0.1835746722309768
10525,1872.381803,1598.2231942787434,-14.642238473050176,0.1583188032495313
10526,2410.848153,2081.2242174570006,-13.672529940669364,0.1470223296336366
10527,4205.965688,3477.2954260137453,-17.32468393798877,0.19024910418213992
10528,5731.18989,4729.084763172551,-17.485114715461798,0.19219148123120178
10529,10342.25086,8430.71082325623,-18.48282412232815,0.20435644097999806
10530,13484.64589,10972.581511844119,-18.62907189886824,0.2061521254071046
10531,18206.85275,14991.953811085388,-17.65763134935339,0.19428440335317987
10532,24116.20758,18874.243541873384,-21.73627018567326,0.24508591107332478
10533,44025.19138,33930.01415984363,-22.930456185915542,0.2604620053271063
10534,58544.19452,44252.81500635995,-24.411266788815055,0.27986294550699853
10535,102103.3285,78049.49373826425,-23.558325781451632,0.2686421644677477
10536,133201.5268,102919.20323882904,-22.734216557922334,0.25791897467768976
10537,176400.521,137361.56758717741,-22.130860607164866,0.25014046830520087
10538,231947.9222,178939.41839034052,-22.85362304903608,0.25946556938384546
10539,303914.7573,235760.39570418047,-22.425486080803598,0.25393124161982783
10540,398135.032,316412.0301781527,-20.52645340233393,0.2297459668996069
10541,522527.646,417082.89179409534,-20.179746471424913,0.2253929101187886
10542,1751.377711,1440.2179714057988,-17.76656957776033,0.1956082704701112
10543,3041.491546,2579.176670261067,-15.200268313977194,0.16487780727515933
10544,3858.18904,3259.6376472952074,-15.513791224309545,0.16858187470026742
10545,6996.769685,5802.399575361625,-17.070307633520105,0.187177017088354
10546,16414.05636,13352.715005421065,-18.65073012688823,0.2064183274940934
10547,21711.62525,17476.534803455917,-19.506095917642476,0.2169887301159079
10548,28987.41647,23125.960536216542,-20.220691070726033,0.2259060017534864
10549,39080.87273,30446.04056200932,-22.09477825033894,0.24967720391166992
10550,68511.70408,51980.024138135086,-24.12971646794997,0.27614509956785227
10551,91009.69578,68988.25258221866,-24.196810031113962,0.27702981020302886
10552,157572.0187,118933.62532610858,-24.521100695837823,0.28131704820983217
10553,208120.2099,156095.287733591,-24.997534930128378,0.2876492053936204
10554,270718.7181,212032.296561083,-21.67800658587597,0.2443417359175708
10555,468312.4816,370523.41304568714,-20.881157858576465,0.23421913298921382
10556,2273.943417,1952.9649044607795,-14.11550129785927,0.15216683076610238
10557,3031.988151,2633.233745746371,-13.151581912419852,0.1410059077722119
10558,5187.178067,4368.114834277338,-15.790150678138696,0.17185829626187044
10559,9150.4835,7613.371366038716,-16.798152075366122,0.1839006277749622
10560,11873.18849,9905.99721545652,-16.568348731263846,0.18114243700416566
10561,15896.57104,13627.61259757615,-14.27325702325708,0.1540053556586578
10562,20952.06598,16904.41095693828,-19.318643931941825,0.2146626650604606
10563,27846.25716,22404.29513328499,-19.542885047158737,0.2174458770215626
10564,37384.59181,30718.990732151164,-17.829808365236328,0.1963775818733957
10565,49951.74674,40276.30988727386,-19.369566600117132,0.21529402213652737
10566,87439.94031,67383.44737846956,-22.937450392148428,0.2605527613284355
10567,150181.1506,116346.24982265319,-22.52939243185343,0.25527157875019135
10568,200008.6575,153509.43835215602,-23.24860320001097,0.2645986003379992
10569,261555.7838,202405.67724156898,-22.61471939143218,0.25637359649351055
10570,2925.785534,2435.0921485473204,-16.771338150060032,0.18357840409645032
10571,3739.350039,3032.3581143642546,-18.906813142981754,0.20957123755699492
10572,5008.711979,4032.2586578226606,-19.495098246241945,0.21685211206634492
10573,6494.210583,5395.643165999024,-16.916104012344686,0.18531929366881528
10574,11030.58456,9100.072571722885,-17.501447704573096,0.19238944073564213
10575,14715.51177,12229.704007956661,-16.892431611594148,0.18503441260107145
10576,19352.13987,15579.604668536169,-19.49415013949995,0.21684033512930867
10577,25430.48199,20229.68459969747,-20.45103742959978,0.22879747251623073
10578,44876.26706,34870.213902402764,-22.296981930825588,0.2522760867797267
10579,78812.69664,60734.61288938243,-22.93803476005204,0.2605603443907949
10580,102768.0721,76883.96104376805,-25.186918979121288,0.2901774363391052
10581,180016.1496,134489.42613113334,-25.290355098710915,0.2915609870395315
10582,235974.9615,175399.0809147662,-25.670469527858696,0.2966618640723837
10583,310471.2202,232695.147180264,-25.050976695886344,0.2883619928237433
10584,405185.5323,302827.4449271442,-25.26202917261856,0.29118191205337673
10585,6512.527311,5192.41552967927,-20.27034541707015,0.22652859181807905
10586,8378.811796,6984.990607977009,-16.63506976834584,0.1819424658781461
10587,10750.99501,9033.529234140851,-15.974947195693556,0.1740551839414568
10588,14265.37161,11903.258274662354,-16.558372259169253,0.18102286756601949
10589,18603.00545,14972.520537772494,-19.515582694340964,0.21710659414415368
10590,24408.77162,19600.80992251756,-19.697679884648117,0.2193716723599728
10591,32441.16565,25647.833471530987,-20.940468822115253,0.2349690580905257
10592,55940.18768,44647.325354210174,-20.18738726868324,0.22548863974443556
10593,74413.8012,57754.39160268499,-22.38752668008446,0.2534420330572864
10594,96962.67603,72637.37429204694,-25.087283822928814,0.28884653448031905
10595,168825.3839,126346.96977495412,-25.161153579965806,0.28983309865030016
10596,221040.4325,164622.98074822794,-25.523589107061696,0.2946877430507229
10597,290806.6183,215900.9320676598,-25.757902853182824,0.2978388497030675
10598,381720.3346,280491.9185308165,-26.51900014057661,0.308143318501525
10599,8415.017197,6397.959094326466,-23.969744273281176,0.27403882325585194
10600,10632.66922,8295.901185831573,-21.977247536046516,0.2481697035783501
10601,13938.05882,11305.588399410044,-18.886922882062827,0.20932599103529803
10602,18015.7033,13762.608854276514,-23.60770698151699,0.26928837162544284
10603,23536.11182,18340.04342003127,-22.077004221034198,0.24944908053756265
10604,31150.85937,23838.38518806105,-23.47438988787984,0.2675447284720267
10605,40489.12143,30761.763216132662,-24.024621602828734,0.2747608666491512
10606,52668.87505,40250.34886604603,-23.578491418631454,0.2689060035024635
10607,69527.79475,52523.76327627137,-24.456451603088748,0.28046089605918034
10608,90816.99598,67235.08604373888,-25.966406047447784,0.3006512234663994
10609,119160.6365,88744.4791492971,-25.525339780056395,0.29471124973626495
10610,157758.0703,115166.20176506559,-26.99821850884696,0.31468634114907523
10611,204863.2618,148689.01547889807,-27.420361185082886,0.3204857605875926
10612,270021.6336,195833.17984759965,-27.47500367407612,0.32123890664006716
10613,353591.5576,254299.8785224043,-28.080896430768092,0.32962826017893576
10614,6707.105936,5095.619061226019,-24.026560638090107,0.2747863888649871
10615,11002.74219,8331.115187818,-24.28146507522594,0.2781472084240395
10616,18175.81556,13756.582377145536,-24.313809568908624,0.2785744671387018
10617,31150.62203,23804.114193001333,-23.583823879739928,0.2689757829043291
10618,40589.31711,31090.101868874306,-23.40323986082873,0.2666154059693131
10619,52460.84587,39683.2086258323,-24.35652157769467,0.27913895670963385
10620,68638.96678,53252.64573864163,-22.416306309904467,0.2538129137395142
10621,116334.9531,88409.12278174594,-24.00467750586479,0.2744983937256009
10622,153842.3533,112861.87258607654,-26.637970516486796,0.309763693707259
10623,200003.2959,145017.79580787916,-27.49229698675223,0.32147738131284065
10624,262205.1528,191938.32229875357,-26.7984170985546,0.311953140917943
10625,344611.0948,252705.41765669387,-26.66939008352152,0.31019206649601827
10626,8907.131115,6581.9444911093815,-26.10477598084194,0.302521987738654
10627,11330.01485,8336.449403155597,-26.421549190153115,0.30681799103369833
10628,14372.76728,10875.555370884516,-24.332209942492604,0.2788176107100213
10629,18342.88845,13866.349066028124,-24.404768072238234,0.2797769745301846
10630,23997.16856,17889.037131557307,-25.453550543559178,0.2937477722503363
10631,31367.26523,23450.17232372698,-25.23998457698195,0.2908869971003476
10632,40479.70479,31108.26775831448,-23.150952014849224,0.2633271040418208
10633,52391.6212,39515.98168434792,-24.575760819655798,0.2820414880956754
10634,87675.48493,64941.35205133088,-25.92986271683587,0.3001577405399569
10635,114233.0727,83363.30602336809,-27.02349323798931,0.31503262181447056
10636,150572.8329,108639.93019138015,-27.848916634562343,0.3264078854209611
10637,256574.6549,188235.85914459988,-26.635053170795526,0.3097239280722679
10638,335325.5889,234496.94573117944,-30.0688782802345,0.3576594037922778
10639,11593.78679,8260.541563447909,-28.750271907942267,0.33897918309843433
10640,19004.39287,13483.514928836155,-29.05053573102567,0.3432023332354337
10641,24109.25125,17247.6274591997,-28.460542883098878,0.3349210407112988
10642,31290.16943,22817.66028896028,-27.07722359891268,0.31576916228523366
10643,40392.48861,29334.947600404383,-27.375240769042623,0.3198642860578982
10644,52065.54529,37264.57181145638,-28.427577961785754,0.33446035328142365
10645,67372.61793,48267.29065838684,-28.357703557643475,0.33348455400006394
10646,86133.26513,60477.664137947846,-29.78593804998619,0.35362158233797203
10647,112128.1733,79277.81130829117,-29.29715255756229,0.346684338897461
10648,146280.2933,102658.04873172096,-29.820998840093953,0.35412104848052905
10649,323427.8243,226714.9090297965,-29.90247220674993,0.3552826594274947
10650,15283.07137,10040.769115934885,-34.3013660484209,0.4200920529270942
10651,19344.37915,12836.216117526566,-33.643690407471325,0.4101313341391819
10652,24412.47791,16255.801103744745,-33.41191679241239,0.4066445552687803
10653,40340.96517,27429.20131707496,-32.006581395645476,0.38575927072605865
10654,51843.19654,34693.21753075725,-33.080481439855966,0.4016795041550001
10655,66815.1548,44766.72134168686,-32.999150453682915,0.40046488688173554
10656,85347.63498,56488.8838983027,-33.813181921748544,0.4126888655577048
10657,110023.8917,73143.35440633482,-33.520480619088275,0.40827626499603653
10658,183468.4187,121584.2834076446,-33.730129539921414,0.41143483461932817
10659,310437.0568,200619.57663030105,-35.37511961416681,0.4365707040574094
10660,20576.25004,13451.255424357647,-34.62727465787713,0.42506505821027396
10661,25993.16386,17614.231369907968,-32.23513895892484,0.38912639912244806
10662,33257.05894,22371.256610846627,-32.73230609114521,0.39649009566120164
10663,42412.4717,28483.6738739019,-32.84127820849946,0.39811138624842357
10664,54351.81273,36429.829972799875,-32.97402948863915,0.4000900221296355
10665,69956.70454,47029.6992015213,-32.77313516872346,0.3970972440724836
10666,114626.1349,77020.72568415068,-32.80701146266193,0.3976012811444889
10667,148231.5235,98099.2257938867,-33.82026745890749,0.4127959248885187
10668,190427.4043,127299.54560115407,-33.15061659896077,0.40272810610213483
10669,246333.5745,160494.3283099018,-34.84675053505474,0.42842800699265204
10670,318788.9456,211886.45824464533,-33.53393799592111,0.408478714400351
10671,26132.27382,15511.688053998063,-40.641644271588824,0.521577287505691
10672,33674.34107,20077.63224637804,-40.37705977782317,0.5171297829163084
10673,53897.74844,33555.72048719383,-37.741888189357866,0.47388134892179323
10674,69121.59721,41755.805021984714,-39.59079837937572,0.5040287479382766
10675,112522.9554,69164.93680885207,-38.532598470256616,0.48666320813212494
10676,144376.788,86148.31314063615,-40.33091168322975,0.5163560833244638
10677,184703.2653,111405.58877929671,-39.68401771438704,0.5055730711775865
10678,237685.5084,140265.58546364045,-40.986900544400015,0.5274107420550163
10679,305299.3046,179230.58729932213,-41.29348328056358,0.5326194479491217
10680,6172.456194,4254.7599483231625,-31.068608434045338,0.3720585011910913
10681,8288.309802,5798.032303468548,-30.045661395650757,0.3573274624347835
10682,10906.57071,7779.9810746526155,-28.667027597232575,0.3378115194214377
10683,14796.9538,10964.356795128428,-25.90125681727527,0.29977161492672266
10684,19702.41925,14598.25234246436,-25.90629527658457,0.299839613794175
10685,44406.25012,35297.74120833668,-20.511772300181146,0.22956125454018128
10686,77030.27135,66263.59482701558,-13.977201864010333,0.1505578302614179
10687,100260.1726,89396.55821616112,-10.835423580588252,0.11468635062019672
10688,130844.9145,121372.00965329341,-7.239795969836174,0.07515247405419423
10689,222126.8107,216628.65619311135,-2.4752322736557657,0.025063812281423736
10690,487732.4502,544805.960244762,11.701807009428709,-0.11066269730114087
10691,625247.8986,726169.4812500252,16.141051073662137,-0.14963522397222384
10692,812588.5798,1018049.2645556135,25.28471232098573,-0.22541865985882836
10693,7754.464836,6420.147680461142,-17.20708241972171,0.18882766472539814
10694,10646.5438,8853.183224636368,-16.844532921224925,0.18445823291615504
10695,14471.59173,12262.219597844569,-15.266960078588612,0.16566457867539341
10696,25364.1843,21867.89780802896,-13.78434429673751,0.14831840412198538
10697,44821.99056,39493.090094104926,-11.889031252999919,0.1265731574246889
10698,77204.54187,71060.17760848264,-7.958552842478463,0.08293119780761948
10699,99947.14162,95588.22981870707,-4.361217069984402,0.04459176901202433
10700,131010.8112,126664.40206573514,-3.3175957727867735,0.03373876257606412
10701,225182.2868,234458.35008201585,4.119357438737873,-0.040367722766347924
10702,294938.4311,308537.49886535923,4.610815794550839,-0.045076761774708984
10703,386626.5349,428377.4349167303,10.798767349873957,-0.10254546326207148
10704,497232.7305,559930.2969497914,12.609299952307016,-0.11875411913378109
10705,809872.7715,974226.9288836062,20.29382431010723,-0.18476709993173657
10706,1057866.957,1365480.8672533655,29.07869540851587,-0.25525207430012564
10707,3628.815909,3279.284121541325,-9.63211681782436,0.10128125624836493
10708,6528.863478,5916.340031184995,-9.381777531097054,0.0985148621599432
10709,8989.127865,8233.707941458393,-8.403706509536976,0.08777937920461376
10710,21658.49537,19819.44635856449,-8.491120828194026,0.08873417828567831
10711,28674.94507,26223.22700907269,-8.550035771445378,0.08937820230980087
10712,51148.9829,48880.43632718687,-4.435174355760515,0.04536536622617504
10713,67051.73226,63138.55104556713,-5.836062816780197,0.060132910154719
10714,150276.0134,149253.6079042616,-0.6803517558168115,0.006826766995725819
10715,198637.7716,201584.42831385403,1.4834322244551532,-0.014725369854682313
10716,577063.2423,653062.060244021,13.169928765712507,-0.12372029754458858
10717,722923.6239,850775.7675475139,17.685428919556152,-0.16284502214001684
10718,3021.993253,3075.9388720947136,1.78510058025975,-0.01769354769430187
10719,4116.892845,4230.778107928069,2.766291647993308,-0.027287211004399126
10720,7521.064423,7440.000989450408,-1.0778186303217034,0.010836691721177516
10721,10282.88927,10084.377943089774,-1.9305014543857455,0.019493789826114494
10722,13797.94751,13462.141415740602,-2.4337394675260535,0.024638443599680926
10723,24540.40625,23943.904217777308,-2.430693388471073,0.024607223467954853
10724,33229.75607,32978.74886486683,-0.7553687863504487,0.007582361449143704
10725,44030.58905,44110.264148715636,0.18095396958045873,-0.0018079044512457898
10726,58246.76161,57341.427893028755,-1.5543073845599271,0.0156651338617273
10727,76845.73112,76060.34982317495,-1.0220233256660858,0.010272818435927533
10728,100777.4091,104032.26822750988,3.229750751262242,-0.03178690798743489
10729,131631.0167,134116.89397209504,1.8885193888311251,-0.01870908242555558
10730,174132.2868,180708.54671689728,3.7765884993231946,-0.037070214982239946
10731,228994.1973,241185.43932755146,5.32382137682729,-0.05186943146856393
10732,301625.8225,322945.5964521121,7.068285392611591,-0.06829662616212673
10733,390516.7504,439133.54327362066,12.449348926473254,-0.11733270250694794
10734,512370.2265,581845.2195635424,13.559529705331622,-0.12715700423201604
10735,841588.8967,1024354.7806049887,21.716765111997304,-0.19652656221690812
10736,1421376.923,1863003.8138579156,31.07035746196054,-0.2705640728995853
10737,2435.779863,2994.084866671818,22.920995946825336,-0.2063716536398834
10738,3351.55076,3994.1379394901674,19.1728314892109,-0.17540461891636383
10739,6212.021797,7063.208704402135,13.70225242630671,-0.12841302482993378
10740,8481.22719,9638.511695055242,13.645248253929187,-0.1279115530882038
10741,15182.00411,16508.546862520037,8.737599745782425,-0.0837674521531806
10742,20705.29092,22646.823502407202,9.376987698017828,-0.08963033176357627
10743,28247.80732,29496.174309721042,4.419341209670366,-0.043244732930842744
10744,50140.9611,52249.16848921463,4.204561187030436,-0.04118571576115748
10745,66356.81689,71352.12955007784,7.52795702717113,-0.07258069313752458
10746,115550.2953,121157.96922389738,4.853015658106572,-0.04738933258768441
10747,152208.7336,164898.18033109195,8.336871630795791,-0.08007536834751683
10748,201004.5552,217263.93418352603,8.089059955555685,-0.07778533053436654
10749,265842.5814,295104.533167685,11.007247828238606,-0.10442530894246538
10750,344635.6805,382351.94433492736,10.943807031299926,-0.10385364417874854
10751,763269.6558,899672.6172558097,17.870874391415807,-0.1644195544922855
10752,975439.6675,1209224.5434014748,23.967128228509825,-0.21484624954169895
10753,1272730.114,1603051.8400552575,25.953791964354938,-0.23074492325970475
10754,2154.061619,2824.489963298748,31.123916715529575,-0.27097261923021776
10755,3924.355926,4853.756702880117,23.682886934963417,-0.2125507405495224
10756,5453.409106,6570.542323343431,20.485043311977613,-0.1863554373465579
10757,7502.417849,8686.106807367447,15.777433118114326,-0.14649948207768837
10758,10080.15654,11742.366416705818,16.489921263720948,-0.15263457051745988
10759,13377.16741,15848.788293827341,18.476414386349834,-0.1695437200627108
10760,1548.063517,1143.658151200407,-26.123305753196234,0.302772776557922
10761,2062.715089,1508.5926318258353,-26.86374187735263,0.3128459350534847
10762,2832.915696,2037.9305472454214,-28.062435810464674,0.3293716072105015
10763,3715.136319,2813.5656362041527,-24.2674993696738,0.2779627830678093
10764,5062.153074,3855.1460943891148,-23.843747155933695,0.27238299781746456
10765,8832.276823,6951.658585939264,-21.29256447401474,0.23943255566313937
10766,12010.23869,9602.587268458316,-20.046657553495173,0.22372694087149902
10767,21237.87329,16911.320445867932,-20.371874269394265,0.22780281722284634
10768,38257.92394,31092.142413255933,-18.73018917069881,0.20739556890747401
10769,159427.7303,141035.8293822811,-11.536199432250768,0.1225767507838551
10770,207165.1792,185491.6341008903,-10.461963339015469,0.11050666036469359
10771,277925.7646,254883.9373889757,-8.290640935786167,0.08654575016465849
10772,476886.5206,468655.90203158185,-1.7259071525155916,0.017409745478461858
10773,631471.8561,632296.4182942255,0.1305778216812432,-0.001304926429853026
10774,834688.0426,853433.4753989179,2.245801046882982,-0.022209542535451376
10775,1269.164465,1003.6436098005768,-20.92091785751528,0.23472179444897812
10776,2213.1484,1777.740366939374,-19.673693506527894,0.21907301602697782
10777,2887.322007,2405.1033303391055,-16.701243418358178,0.18273656391779713
10778,3960.284431,3337.10979327728,-15.73560305024263,0.17121074767792877
10779,7061.874693,5900.251059512085,-16.449224660405836,0.17971565104248022
10780,9541.774566,8104.114456175536,-15.067009809131804,0.1633075911052675
10781,30115.50083,25043.310856667835,-16.84245598957275,0.18443325673854183
10782,40176.61614,33768.014245294566,-15.951074307437763,0.17377110798121898
10783,72756.91641,61843.098295987715,-15.000385739976538,0.16252346762544256
10784,96356.22793,82243.47251569609,-14.646438240148225,0.15836800639573134
10785,127253.1706,113643.25632869432,-10.695147482090068,0.11311436007570563
10786,222492.0021,199083.03819835503,-10.52126084564771,0.1111691402750914
10787,296261.1625,271878.0336896852,-8.230281892016391,0.0858878108848522
10788,392205.4016,365066.5314834746,-6.919555418108089,0.07170607122363748
10789,518998.0374,489279.98934935307,-5.726042472053268,0.0589652006831507
10790,677272.1024,657785.5107176356,-2.8772175338849966,0.029194209312640496
10791,2612.020775,2229.004680702545,-14.663592953140078,0.15856901074495688
10792,4709.784663,3918.244013627083,-16.80630232611799,0.18399859014203201
10793,464701.5434,426836.9919803745,-8.148144106126402,0.08499316882751273
10794,1758.462153,1428.7400574479345,-18.750593806613786,0.20764667319404406
10795,2256.543711,1921.1293053238433,-14.864077484566687,0.16092111826142652
10796,3867.551384,3261.3951000064003,-15.672869570686473,0.17046654085535629
10797,27836.43375,23769.036589268297,-14.611775334660832,0.1579619791813105
10798,37345.61279,32349.842474480156,-13.377127706035544,0.14360629104271716
10799,65400.17174,55777.531404063106,-14.713478695731775,0.15915375916646468
10800,263999.9751,227734.7865618945,-13.736815135822903,0.14776727376928456
10801,468416.4441,402527.353963973,-14.066348644660447,0.1515946833588213
10802,1733.112627,1361.5405942843988,-21.439577955114693,0.24130214969453334
10803,2950.546813,2444.7920678135233,-17.141051379294847,0.1880304380422535
10804,3814.150235,3066.714128921875,-19.59639919842133,0.21811122471675048
10805,4976.497958,4127.243675222813,-17.0652995328163,0.18711662919412575
10806,6721.338624,5538.7668699537835,-17.5942891766171,0.19351544536520748
10807,8727.250704,7288.754460087202,-16.482811055874517,0.1801177196983712
10808,11272.05498,9660.567642396061,-14.29630480389956,0.15427424350643015
10809,19681.07239,16379.269844037959,-16.776537784799245,0.18364088013597346
10810,26154.71652,21910.929416635925,-16.225704836521302,0.17704396584709592
10811,34700.06758,29373.394410567344,-15.350613243481929,0.16665232189451373
10812,60793.20993,51105.686464253646,-15.935206377325686,0.1735823318334564
10813,80765.47376,68716.80199599724,-14.918097056925813,0.16155582939144075
10814,105389.568,87699.89754633248,-16.78502985577047,0.18374292472817721
10815,140001.1497,117699.4537885627,-15.929651977306083,0.17351626117187635
10816,324132.496,274828.4180637102,-15.21108760915159,0.16500540184669354
10817,1712.770374,1257.8943877728948,-26.557908353166386,0.308672959051564
10818,2225.921172,1662.990558018476,-25.289782093933198,0.29155331731253487
10819,2906.17509,2250.974244422109,-22.54512633572573,0.25547469451657356
10820,3706.969316,2843.8136462081247,-23.284672631799992,0.2650686622703011
10821,6443.83413,5120.321778767513,-20.53920576680777,0.22990644026784857
10822,8351.308168,6603.0097318823655,-20.93442609167089,0.23489262834910107
10823,10768.50361,8657.669777106643,-19.60192343654103,0.21817993342940056
10824,14273.69203,11587.249181135287,-18.82093885182917,0.20851283970739765
10825,24358.62338,19665.735691950842,-19.265816523532777,0.21400811333087866
10826,32548.80459,26231.61725765952,-19.408354352532246,0.21577519386427824
10827,224043.6568,181125.39526889846,-19.15620470764497,0.21265134635634908
10828,389944.4417,314146.658373768,-19.43809815464592,0.21614433004420341
10829,2325.924134,1701.7001285598017,-26.837676960971685,0.3124896101123982
10830,3060.610683,2303.975075908703,-24.721720122522918,0.2839785406335942
10831,5082.514735,3857.8756117926205,-24.095141619050896,0.27568949334589377
10832,6711.849343,5153.782932886658,-23.213667805852918,0.264143527894376
10833,8614.041375,6801.127214945489,-21.046034969323692,0.23630522449969327
10834,11007.41593,8658.795670697144,-21.336708581183377,0.2399935762440748
10835,14433.58797,11522.344894294254,-20.16991950827973,0.22526980404177444
10836,18875.91128,14804.147197262697,-21.571218588273126,0.24297921615660556
10837,24457.90919,19565.653933221176,-20.002753378359497,0.22317796913599075
10838,32456.68913,26451.37436435371,-18.50254886317263,0.2045984406250838
10839,42306.13774,34308.93242511621,-18.903179874353114,0.20952643493694545
10840,55161.73944,44928.079212445205,-18.552098486100228,0.20520661537384477
10841,217999.7612,174620.9879869335,-19.89854161962564,0.2218761250835879
10842,3061.386707,2124.127445166459,-30.615513541313,0.3655068815229541
10843,3841.231,2652.9716573579553,-30.934337003998063,0.3701124962876312
10844,5007.93165,3534.2324100434685,-29.427303384951987,0.3485268497874827
10845,8454.211379,6147.414206978895,-27.28577591224083,0.3186331660093238
10846,10650.24714,8011.047739441499,-24.78063997826158,0.28476154106853
10847,23443.80141,17787.84778785697,-24.125582379871524,0.2760906121551372
10848,31006.46575,23645.3869267287,-23.740463949108094,0.27102771535777315
10849,40488.6764,30819.611461594955,-23.880911400712133,0.27287111684138843
10850,52305.55433,40620.041690770464,-22.34086377424601,0.2528409842579631
10851,68595.29589,52906.94777245561,-22.870880450318854,0.25968929125473394
10852,154181.4275,118438.26321345472,-23.182535579095788,0.2637381703723687
10853,202330.5195,154076.88063628456,-23.848917594320433,0.2724508926221425
10854,350664.692,266648.7409202233,-23.959056328310545,0.273898258243797
10855,4003.519501,2598.1160344399054,-35.10419934782515,0.43238726926865123
10856,5208.203354,3462.981921791816,-33.50908775226337,0.4081049055936017
10857,11056.68191,7712.409660734863,-30.24661717219589,0.36020426713931464
10858,14113.41853,10139.520968739622,-28.15687462830721,0.3306852583233404
10859,23646.51059,16957.307400319052,-28.288331017049856,0.3325167043029449
10860,30822.23483,22457.534051752813,-27.13852783350294,0.3166101891973465
10861,51549.36246,37948.287148312425,-26.384565516676172,0.30631547458498076
10862,86605.24107,63773.688352435645,-26.36278409422174,0.30601963715786873
10863,149179.2557,111798.15161059973,-25.05784327317855,0.2884536136555429
10864,194202.2566,145615.88195816285,-25.018439791825337,0.2879279665722656
10865,5396.957871,3307.8838015432084,-38.70836347791812,0.4895267875566329
10866,7001.039045,4361.110728060413,-37.70766453338052,0.473331793981016
10867,11190.22352,7215.382296637389,-35.52065976393124,0.4388253199129615
10868,14506.35444,9560.968102056058,-34.09117265401617,0.4168978028283039
10869,18223.53879,12234.126912413438,-32.866349102695665,0.3984847640357909
10870,23574.15663,15914.11660269567,-32.49337886198786,0.39294450198669395
10871,30476.80273,20865.09571577569,-31.537780059727123,0.37888812658922255
10872,39585.22979,27025.485984559058,-31.72835896638846,0.38167571744220297
10873,65871.26467,46285.07629111935,-29.734040293598408,0.3528827191439472
10874,84164.53261,58309.59678746656,-30.719514527977655,0.36700691436784005
10875,109842.7508,77103.7517914164,-29.80533423475006,0.3538978640934278
10876,143979.8874,100788.68604581931,-29.998079686080303,0.35664751125901617
10877,186586.0245,131208.9161490173,-29.679129773721442,0.3521015574562494
10878,243501.3218,170780.60078625314,-29.86461037508293,0.3547426744755455
10879,319461.8942,221090.78249204607,-30.792752905411753,0.36806460204752867
10880,9353.616252,5698.057441966954,-39.081770211081846,0.49563771634592513
10881,11729.67575,7242.057307574065,-38.258674306712486,0.4822166949501181
10882,15134.07464,9641.516914185306,-36.29265651497206,0.45087034771494494
10883,19163.71348,12071.30336249089,-37.00958128449909,0.4621875550434211
10884,24219.15895,15698.39746183091,-35.181904977625535,0.4335853774388134
10885,40479.89249,26877.27559452846,-33.603391853947926,0.4095242129482095
10886,67240.75797,45130.33854218308,-32.88246607464131,0.39872486578304134
10887,110761.1147,75238.01208239724,-32.07181754519013,0.3867191792916653
10888,144653.7455,98114.56751717505,-32.17281227109667,0.3882070724689566
10889,187081.3178,127281.2226221249,-31.964760501529398,0.3851443871270135
10890,25291.50932,15907.390386698302,-37.10383122877104,0.463684933974152
10891,41813.41456,26334.17743409284,-37.0197872830866,0.4623495927897423
10892,87510.66421,56183.33068898326,-35.798303902528154,0.4431405566774149
10893,112843.7335,72750.49156099315,-35.5298789710878,0.4389683093769232
10894,146113.2298,95149.26586674292,-34.87977372276051,0.42893498952650866
10895,244240.0149,161300.32506765265,-33.95827250760103,0.4148834090045277
10896,317483.1383,207794.23695063213,-34.54952031049891,0.4238763645604742
10897,12815.89714,7111.697861675838,-44.508778558472116,0.5889453499709703
10898,16392.66458,9316.606983233341,-43.16600002540075,0.5650354482430782
10899,20604.83209,11719.008631445426,-43.12494962221541,0.5643134229541236
10900,26010.04781,15180.6169284638,-41.63556699566174,0.5384635055826141
10901,33463.26005,19835.827111113707,-40.72356643831028,0.5229583693996798
10902,54331.53482,32374.398442812977,-40.41324518059515,0.5177368711882941
10903,88850.39703,53423.31400586784,-39.872734628490555,0.5087067805753289
10904,113551.353,69720.15158236958,-38.600333910270905,0.48776578912780977
10905,146587.5034,90602.75095751822,-38.19203625408206,0.48113796662403985
10906,243640.5003,148827.3680871198,-38.915177113876666,0.4929067486022074
10907,313989.2728,191038.39162028357,-39.15766933159903,0.4968844111716155
10908,16970.09721,8800.290553763483,-48.142368043845266,0.6566680691616451
10909,20933.97648,11154.381920342068,-46.71637311239557,0.6295410898579679
10910,34114.88185,18730.480991033724,-45.09586439903286,0.5995815106017837
10911,89425.92477,49777.96475441582,-44.33609170669153,0.5858382150843813
10912,114582.8245,63914.39986889136,-44.21991241026585,0.5837532335186619
10913,146887.0543,83014.1571132471,-43.484361158403935,0.5706527924794251
10914,187621.4994,106406.26333882911,-43.28674289507937,0.5671621912097429
10915,241136.8578,136579.5336006095,-43.360158688851634,0.5684575383165029
10916,309743.6832,174228.19085465567,-43.75084939434992,0.5753792453615727
10917,36314.38997,19430.37876874135,-46.493996498927416,0.6253763234084406
10918,94306.20217,51416.220226154684,-45.479492288884856,0.6065932668202283
10919,154457.6795,85912.86020999555,-44.37773473736827,0.5865866105281246
10920,28580.57912,13607.62946561153,-52.38854535285032,0.7420968098531198
10921,36815.77555,17519.367646212555,-52.41342227757971,0.7426194451361496
10922,46315.7927,22398.381737240845,-51.639860981498764,0.7264942855867975
10923,58725.05349,28379.898334750047,-51.67326950228709,0.7271853519598235
10924,94328.91032,45750.18728481978,-51.49929419345827,0.7235918354383415
10925,153422.3418,76060.95302435535,-50.42380911933431,0.7016594900721476
10926,248451.6881,124116.43766602494,-50.04403527495093,0.6940282741079056
10927,316606.5127,156309.1392674737,-50.62984082845314,0.7058240096685005
10928,3854.939775,3746.83054965683,-2.804433574923224,0.028445088472730973
10929,5137.478629,5095.577337975534,-0.8156002983242082,0.008189445135899476
10930,9252.697888,9387.460995646705,1.45647366074149,-0.01445968959081867
10931,16669.04388,17302.813261747724,3.8020739900273326,-0.0373157651801872
10932,21975.18399,23115.49638002475,5.189091433972328,-0.05058941534554684
10933,39173.08987,42850.43590351508,9.387429088996377,-0.0897257896185586
10934,69344.52485,76907.92341415444,10.90698736564267,-0.10352171238562313
10935,91305.39471,104969.5394418375,14.9653202587174,-0.13946033392822876
10936,161129.389,188708.98311200205,17.116426918246468,-0.15799835588937228
10937,215894.9794,257925.71367632842,19.46813881135043,-0.17787952900830462
10938,385632.3306,478107.1377697876,23.980045196394016,-0.21495044083146198
10939,3770.727167,4342.885405168547,15.173684353932112,-0.14127110175090962
10940,5010.544234,5756.246641275814,14.882662889506268,-0.13874109879166419
10941,6853.80912,7767.383324023582,13.329437514647063,-0.12512876749241464
10942,12427.96667,14445.040870675473,16.23012238634748,-0.15040185363391245
10943,22084.49623,25436.340231883856,15.177362286084872,-0.14130303503019448
10944,122388.1488,148968.6237989167,21.718177176086762,-0.1965381633788148
10945,165106.5463,201824.28289839593,22.23881331251367,-0.20080643153379718
10946,219878.9053,269860.25756013737,22.731308486343167,-0.2048272960681441
10947,294845.7967,367871.4767749903,24.76741432040578,-0.2212811326519848
10948,387358.5125,485238.88813408674,25.268678104521253,-0.22529066944162324
10949,517088.9323,661751.0337758057,27.97625175080657,-0.24667452752128938
10950,2381.242717,2875.47275424408,20.755130659957835,-0.1885945955794579
10951,4264.425838,5180.4499088646135,21.48059564553772,-0.19458435741696256
10952,5843.157274,7156.214215263564,22.47170287724766,-0.2027098203923643
10953,7972.157455,9580.099118825137,20.16946695924407,-0.1837327852029187
10954,10588.32889,12982.053914503023,22.60720317031088,-0.20381558921641485
10955,45670.1307,55482.187323763326,21.484625669712226,-0.19461753108810065
10956,60733.1717,75019.51063437334,23.523123417533185,-0.21125818670388163
10957,80659.84794,99988.65487366194,23.963356524103478,-0.2148158240423097
10958,106529.3706,131915.92054767188,23.83056410141964,-0.21374402667891346
10959,143904.6216,178003.91835047072,23.695762075837806,-0.21265483312935807
10960,192468.9467,238094.1198729351,23.705212687660584,-0.21273123227723012
10961,257976.2474,323736.14790705143,25.49068031255169,-0.22706130936854763
10962,340384.6463,424804.4223032157,24.80128787266504,-0.22155258938649958
10963,454823.2087,576019.6778387999,26.64694035407958,-0.23623303188968592
10964,777580.9156,1009505.8941544035,29.826475148948926,-0.2610285662731471
10965,1025722.575,1372323.4701558969,33.79090054207853,-0.2911079514866568
10966,2044.706828,2725.888159421761,33.31437652057182,-0.2875398862480898
10967,2741.274933,3646.2510430742595,33.01296412045291,-0.28527641207319476
10968,3651.543093,4798.709075223185,31.41592343309051,-0.2731970956205956
10969,5033.728219,6621.2484411928435,31.537662605634686,-0.27412303227029966
10970,6834.231348,8872.767330543393,29.828313949892237,-0.2610427297010567
10971,9180.03272,11956.349869742067,30.24299841212405,-0.2642317382072452
10972,16262.5647,20983.570473267657,29.029896946498578,-0.2548739507967319
10973,22301.15806,28237.219228925635,26.617726097250184,-0.23600233048653863
10974,39764.69953,49489.102829709176,24.45486427571952,-0.21877292824663463
10975,70642.24849,89170.40174623275,26.228147676889936,-0.23292077947817091
10976,168284.2503,210371.55480735036,25.009651486886852,-0.22322076022862092
10977,226438.4834,285551.626357235,26.105608052855832,-0.2319495290538054
10978,298683.5784,374727.8655500412,25.45981521896793,-0.22681532385117187
10979,399447.6198,508041.411057258,27.185990321241626,-0.24048031986823837
10980,519337.2151,646374.4660825663,24.46141876393451,-0.21882559244470556
10981,696837.0076,877181.2630491675,25.880407251947947,-0.2301621214423779
10982,1204052.085,1573961.6643713363,30.722057955768285,-0.2679031882353584
10983,1718.601984,2547.128118679205,48.20930863531488,-0.39345533620576667
10984,2308.688882,3500.0273169182274,51.60238108333505,-0.41609099345128975
10985,3101.191169,4574.215608234901,47.49866612414892,-0.38864894652478554
10986,5798.050204,8303.939554661822,43.21951798439139,-0.3592083580243042
10987,10302.05535,14658.9502744658,42.29151151343601,-0.3527076652795227
10988,19054.58442,26066.777825894806,36.80055807742883,-0.31335389870540453
10989,25724.84079,34813.95086566688,35.332036259676606,-0.30256110061149677
10990,34619.98344,45857.18551810983,32.45871592511029,-0.2811008329640021
10991,45988.26607,61227.605774568045,33.13745223916864,-0.28621188404800435
10992,61334.83248,80653.02740119403,31.496287085308815,-0.27380843013840206
10993,81983.51105,106435.25252542639,29.825194313175718,-0.26101870047273756
10994,146693.2388,191595.38482100624,30.609553915586634,-0.26704218220301357
10995,197862.8587,254668.7885870858,28.70974889391193,-0.25238967472662566
10996,261667.6276,334907.2576407585,27.989564743834773,-0.24677854916935615
10997,350816.1629,449684.1981543735,28.182291955161652,-0.248283220683021
10998,457583.3593,581581.2833568424,27.098433878043853,-0.23979167016479153
10999,616013.9603,791233.287172109,28.444051298249278,-0.25032322507654925
11000,1066509.827,1409689.648631586,32.17783961699829,-0.27897809967036835
11001,1659.123419,2428.8694733122034,46.39474348304665,-0.3811365097240671
11002,2131.556938,3263.6683761731274,53.11194920438608,-0.42599916199300303
11003,2796.069272,4229.680148457888,51.272366204018994,-0.41391177571937376
11004,7067.428958,10200.247599361932,44.32755758819092,-0.3669152358356058
11005,9255.355872,13529.926589432333,46.18483369574244,-0.37970161925533574
11006,12570.12545,17544.430423048714,39.57243698827775,-0.3334135420684099
11007,23061.68628,32001.33657184703,38.76407901533134,-0.32760503187144785
11008,30910.958,41885.86192088256,35.50489739231817,-0.30383759679525646
11009,2189.196451,1906.5981882521307,-12.908766712954492,0.13821395831991978
11010,2876.001485,2579.121799920102,-10.322654095566214,0.10895200284016848
11011,5069.62443,4640.337651885129,-8.467822104819522,0.08847960454278336
11012,12598.28992,11653.609349081287,-7.498482547373478,0.077945136711012
11013,30074.63216,28382.74478898113,-5.625629474095855,0.057900648365340146
11014,40417.66934,37863.26224941444,-6.320025702366642,0.06528574106210172
11015,55346.81627,51733.23365617313,-6.528980088391405,0.06751874520652024
11016,74826.08379,69807.12793736145,-6.707495031711523,0.06943041396303862
11017,99578.92499,95157.99820861711,-4.439620915597205,0.04541189656050726
11018,134891.5738,127865.59055871247,-5.2086153666683215,0.053491660252133144
11019,179004.4811,171051.25172672875,-4.443033674016363,0.04544761030916966
11020,327182.2237,319208.85198356456,-2.436981944271631,0.02467167773829182
11021,434033.5476,429530.39381292544,-1.0375128401882436,0.010429325238565212
11022,570012.3671,583372.2586827365,2.343789776124756,-0.023167447933671426
11023,1891.926513,1623.6148974686096,-14.181925866979514,0.1529405474476544
11024,2404.851343,2159.504120886377,-10.20217831042967,0.10760946832860263
11025,3279.388885,3045.0187937230376,-7.146761164830938,0.07415001635112972
11026,4224.892512,3921.5245316359783,-7.180489906012124,0.07451333021110074
11027,5757.19015,5379.804022019401,-6.555040187105851,0.06779758812751524
11028,10219.35158,9610.189656775907,-5.960866679802533,0.06145917843485549
11029,24139.06361,22681.976339007735,-6.036221182948637,0.0622608097109314
11030,44416.57848,42551.81707037014,-4.198345467941719,0.04289023047086893
11031,59997.41477,56097.347667105125,-6.500391921628255,0.0672129413774023
11032,79999.93629,76081.57315191331,-4.89795782321952,0.050219742673824896
11033,107187.6893,102848.77095528964,-4.047963318405406,0.04132173727092159
11034,191943.1186,182485.2446421782,-4.927435808486328,0.050529752365084946
11035,259736.1244,244551.5696711823,-5.8461466474463535,0.060240003920498
11036,348064.0748,327651.28348931915,-5.86466480989461,0.060436703079396636
11037,466395.9993,443428.3376831776,-4.924497991255048,0.05049885205365534
11038,614527.4279,602550.7072103836,-1.9489318370286526,0.019681739341114834
11039,16398.66514,15827.413051517808,-3.483527979901133,0.035456497701005674
11040,139657.277,128289.50921225188,-8.139760442091475,0.08490189923505298
11041,8345.214152,7141.852719673583,-14.419778934468946,0.15571599185796714
11042,14160.27245,12456.857699407281,-12.029533729718029,0.12816903840469074
11043,32596.45565,29290.055518107187,-10.143434511392385,0.10695550376861007
11044,177295.3718,156694.73142065085,-11.619389818357993,0.12351758224006026
11045,314152.4255,276387.7381949204,-12.021135041365325,0.12807357128014552
11046,420280.023,370383.1522816003,-11.872291802553676,0.12638319400931586
11047,1797.738102,1224.7569382563613,-31.872337973267186,0.3837868581463493
11048,3818.017772,2792.4337061989295,-26.861689155098844,0.31281786835305425
11049,4999.59089,3806.969800323776,-23.854373606081687,0.2725225423880051
11050,6462.028766,5028.896568054675,-22.177744015714662,0.2507427290769453
11051,8387.670652,6715.569165806268,-19.93523059700762,0.22233426134029344
11052,10719.1214,8728.964704360105,-18.56641623295632,0.20538242107537208
11053,14056.48211,11564.080517420149,-17.73133258432221,0.19517986263288378
11054,23688.80742,19876.947876587696,-16.091394876189614,0.17544201372407997
11055,31227.40619,26602.450019826298,-14.810567813521317,0.16029279521581152
11056,41036.71204,35447.12280436671,-13.620948067634933,0.14642499406143727
11057,53911.96234,46102.921396180034,-14.484801897158997,0.15647607025324461
11058,71490.12992,62204.804702823654,-12.988261774830962,0.13912715430629952
11059,165273.0642,141309.24467985303,-14.499531206820187,0.1566483270992407
11060,218648.1961,188925.43326156723,-13.593875169607571,0.14611162344995243
11061,1804.979345,1138.023126543622,-36.950905854071024,0.461256490913855
11062,2311.406355,1499.9534245123643,-35.10645926590591,0.4324220936703602
11063,3014.136932,2050.161365262756,-31.981810663711542,0.38539502634158485
11064,3803.554991,2548.5681708486854,-32.99510124399078,0.40040445350862086
11065,4937.115391,3424.8934939453493,-30.629664840552863,0.365710857127171
11066,8231.78936,6102.435387104213,-25.867449709570643,0.2993154749646578
11067,10431.85934,7931.701827382385,-23.966556978303885,0.2739969027317031
11068,13617.98531,10475.195983618032,-23.07822526489396,0.26238119305439866
11069,17674.37541,13625.063840548151,-22.910634608116254,0.26020484759278517
11070,39249.35384,31346.713059481728,-20.134448105141786,0.22482556642310847
11071,50995.96324,41061.200182307264,-19.48146956443828,0.21668283630751972
11072,67078.27752,55224.518141612396,-17.671532151154747,0.19445323472769616
11073,152266.3374,124029.64029191741,-18.544280758461703,0.20511063558397247
11074,201265.6157,163569.56683303975,-18.729502670316403,0.20738712176731156
11075,2461.821977,1548.0134011755197,-37.11919807207409,0.4639292846417531
11076,4006.631801,2631.42408231777,-34.323286665348114,0.42042576267680865
11077,5151.97834,3464.755688788043,-32.74902454679103,0.39673866273090574
11078,6764.307954,4726.675813452616,-30.12329057760376,0.35843779080639493
11079,8699.48142,6134.758388327307,-29.481332367426248,0.34929272210579754
11080,10844.9172,8011.860517937019,-26.123359264218088,0.302773500887044
11081,14157.86725,10641.121854521583,-24.839513843290316,0.28554454317330347
11082,18183.08286,13667.961526793837,-24.831440124703704,0.28543712921961273
11083,23449.22438,17986.26604378776,-23.296968154186086,0.2652289497675131
11084,30830.09535,23975.231618622147,-22.234325432852913,0.251470053097929
11085,39829.24169,31497.168656595877,-20.91948698962068,0.23470370047379774
11086,67096.73313,54454.16177231726,-18.84230538197402,0.20877607683034682
11087,86818.92776,68718.29082342127,-20.84872205127397,0.23380925388205043
11088,114567.383,90999.80682480233,-20.57093001347309,0.23030576400372915
11089,150615.1648,122135.60605567264,-18.908825537020128,0.20959605368627088
11090,198103.2343,158535.90181357975,-19.973087580438488,0.22280720264124732
11091,346466.6767,274334.88296963944,-20.81925869968105,0.23343708213722358
11092,3263.893353,1921.5322922891423,-41.127601778931584,0.529797826202195
11093,4078.367142,2447.932069748938,-39.97764339214221,0.5104530830369436
11094,6780.670572,4324.125633568234,-36.22864305745491,0.4498660471897118
11095,8703.127398,5527.168388662258,-36.49215809557821,0.4540067931564469
11096,11003.38865,7219.843523865688,-34.3852720873793,0.42137000437371874
11097,23140.84931,16024.78205117394,-30.751106683672802,0.36746302204000614
11098,30100.41524,21617.284992277866,-28.18276817805831,0.33104574120863184
11099,38858.99631,28124.663606359598,-27.623803296427457,0.32329271546724314
11100,49857.5738,36834.3387687386,-26.120876004723282,0.3027398878567915
11101,64717.71359,48488.58252923678,-25.0767991644113,0.28870658594536636
11102,83095.64987,62137.56034859724,-25.221644639870917,0.2906417097255165
11103,108868.3821,81006.77886146549,-25.59200633012302,0.29560680812107876
11104,143349.8539,108169.63297713673,-24.54151152983021,0.281587502527584
11105,4262.170503,2355.5953268526036,-44.73249427270499,0.592985050032345
11106,5446.207096,3113.3372661746375,-42.83476167365639,0.5592241939073599
11107,7068.826903,4195.746921671591,-40.64436745662959,0.5216231655876395
11108,11271.32855,7017.028027784248,-37.74444603707122,0.47392243433515624
11109,14586.74744,9315.515073656436,-36.1371332987415,0.4484321093040755
11110,18218.89511,11777.635607080621,-35.3548305977342,0.43625680278433876
11111,23435.16559,15503.140423623607,-33.846678556267854,0.4131950858980442
11112,30490.26051,20572.86363379998,-32.526441920518764,0.39343439701252514
11113,49993.36469,34659.11955512965,-30.672560708716627,0.3663294087903317
11114,64658.02379,45703.80453805458,-29.31456629962278,0.34693066401023387
11115,82698.79676,57413.54530142707,-30.575114087757775,0.3649247961204196
11116,107015.5123,75530.48565107056,-29.42099324877917,0.34843744050617076
11117,140392.0692,101595.23999085832,-27.634630239598806,0.32344231925357647
11118,181921.6638,129986.25201933953,-28.54822822957299,0.3361474845728889
11119,237757.9808,174051.5875331166,-26.7946392598584,0.3119015335473758
11120,5661.037759,2975.1749975446082,-47.44470670921366,0.6433043650835675
11121,7303.073751,3947.6597211237568,-45.94522997137734,0.6151723936484341
11122,23729.88718,14498.517802885015,-38.90186795702662,0.49268889240597424
11123,30545.09448,19104.184430224665,-37.45580180564344,0.4692967080636983
11124,50503.7171,31873.149826066667,-36.88949713749552,0.46028298239160925
11125,64585.75848,41522.16381529094,-35.71003144888522,0.4417665770068844
11126,82339.53113,53638.78811858064,-34.85657814362072,0.4285788567186657
11127,106469.8656,70500.61802030781,-33.783500502223035,0.4122405169730019
11128,137920.3212,92326.4973354807,-33.05808996659972,0.40134495709838447
11129,178251.9276,118422.57269930912,-33.56449251698913,0.4089385211840373
11130,301336.8088,201064.8500886777,-33.275708703039236,0.404601112005901
11131,9685.526546,5141.836648525113,-46.912161934565894,0.633222322289221
11132,12163.84777,6604.624278159276,-45.70283677465592,0.6106982030400747
11133,15527.32961,8799.041647541098,-43.331906589563935,0.5679588600916716
11134,19588.93257,11091.847938465857,-43.376966055553396,0.5687543234155434
11135,31768.26732,18853.656957139316,-40.65254876122933,0.5217610104414057
11136,40456.4939,24539.28960054205,-39.34400331082063,0.49995168179767724
11137,51781.56622,31436.995826126367,-39.289214056286674,0.4990488110604403
11138,108764.8221,67838.39580624232,-37.62836687778454,0.472059611373826
11139,234552.0601,149911.42154479327,-36.08607765760857,0.44763297130362645
11140,303236.8873,196537.22979027158,-35.186899080707065,0.43366242838396296
11141,10223.35033,5177.960627951168,-49.35162680714701,0.6802630744103375
11142,12831.95637,6607.761489253877,-48.5054242804141,0.6636937096988387
11143,20567.86623,10849.967217232188,-47.24796876884303,0.6395679076214904
11144,33262.45076,18807.023636324764,-43.45869529571379,0.5701987582144596
11145,42250.15831,24180.89294800045,-42.7673317326312,0.5580453270759271
11146,69077.51183,40039.0658912939,-42.0374810403852,0.5453736091691663
11147,144192.1098,87367.01914048617,-39.409292740311805,0.5010286502211532
11148,184027.5457,112532.86847020498,-38.84998680922745,0.49184010814319734
11149,237853.3992,146518.31465501204,-38.39973902083631,0.4845040787828552
11150,307102.2303,188126.24513130743,-38.74149173468005,0.4900674357562149
11151,13304.0681,6451.22264173695,-51.50939852948475,0.7238001909363074
11152,17058.61797,8480.737482306558,-50.28473292958938,0.6988581155417073
11153,21283.79159,10512.31474998456,-50.60882500407645,0.705398421560135
11154,26709.86275,13617.989052665782,-49.015129055031245,0.6736412454103959
11155,34279.75129,18041.9155583223,-47.368592596570444,0.6418571455125441
11156,55299.37497,29815.25594853714,-46.083918733779605,0.6177413988385485
11157,70360.41745,38104.55092212239,-45.843767983325975,0.6132971311359885
11158,145943.9625,82287.69240847728,-43.616925976998,0.5730011785000304
11159,185814.9594,105736.31601424894,-43.0959076945831,0.5638029264329134
11160,238673.9671,137100.63548424738,-42.557356736436724,0.5543832444872141
11161,307012.6752,173628.22753042032,-43.44590905984187,0.5699726440414903
11162,17236.29135,8117.3467740231345,-52.90549104101135,0.7530137743737058
11163,21616.60513,9986.212517088841,-53.80304882735839,0.7722563820121255
11164,35091.52651,16753.20485179313,-52.25854638435583,0.7393701169518447
11165,44481.56616,21443.482603834414,-51.79242896551281,0.7296541018622875
11166,56335.7915,27859.487966873883,-50.547445549116176,0.7041564720061615
11167,71765.24529,35850.261894314,-50.045092510386105,0.6940494376792348
11168,90437.12447,45009.22638838921,-50.23147114399931,0.6977873524052001
11169,186920.0732,95508.5174855298,-48.904087265503065,0.6714656776037362
11170,305876.7338,160289.0243594286,-47.596856299559256,0.6462036021774598
11171,29292.56535,13706.499496982315,-53.20826519216995,0.7594636053315824
11172,37370.12566,17637.067370745543,-52.804366966248125,0.7508688181482235
11173,47319.07444,22618.057152451292,-52.2009730322796,0.7381649030217137
11174,59730.26822,29156.841444594138,-51.18581865863562,0.7171493140878908
11175,75965.30829,37569.14161151695,-50.54434391538892,0.704093754589449
11176,95679.6978,47195.719282449165,-50.67321451923611,0.7067029364423316
11177,155641.4196,77510.18645723582,-50.19951202164709,0.6971454032433844
11178,37747.62972,15917.297677541887,-57.832325378808214,0.8635162627144393
11179,47412.19053,20445.605134413716,-56.876902531055194,0.8411114282718852
11180,75929.46569,33325.31561587442,-56.11016709648281,0.8234874894604456
11181,95669.06006,41528.92654212015,-56.59105826264543,0.8345047352885455
11182,154576.5304,69117.55940734672,-55.285864400960364,0.8048805017188627
11183,247212.3839,112024.52088464233,-54.68490731841433,0.7915300372095633
11184,314428.8316,142707.77572937057,-54.61364818131056,0.7899587468699725
11185,3592.526401,4612.373406380388,28.38801699819123,-0.24988687535341114
11186,4719.974384,6152.334968981517,30.346787258782648,-0.2650283070511037
11187,6460.061069,8483.684973442005,31.32515130782279,-0.2725061330143994
11188,8892.354886,11559.668683823624,29.995584207092396,-0.2623302962528271
11189,21241.5484,28278.19733015035,33.12681729995893,-0.28613200146192774
11190,39523.66224,53230.7621607008,34.68074349352298,-0.2977369287344729
11191,53603.20202,70980.90623342707,32.41915325682082,-0.28080210911284986
11192,72051.24979,96178.57422618163,33.48633716486937,-0.28882894328046405
11193,132451.8288,173658.23582046927,31.110485520505915,-0.2708701826702473
11194,181233.2908,233189.56841386613,28.668175358136878,-0.25206662032126026
11195,246688.9084,317712.8086704386,28.790877032572176,-0.25301979468111213
11196,334980.5989,430505.1999402031,28.516457775132103,-0.2508867862172117
11197,585485.7517,795970.6748085431,35.950477444990746,-0.3071204970002981
11198,2025.46075,2871.8250050037063,41.786258015797465,-0.3491505123827112
11199,2706.326476,3951.074812325263,45.99401984068911,-0.37839547488608094
11200,6665.065436,9570.165670114031,43.58697243124908,-0.36177074527975606
11201,11842.64229,17274.749764927663,45.86904967580223,-0.3775391132180488
11202,15934.82665,23142.016503664698,45.229170118801996,-0.37314279236067804
11203,21867.59876,31115.877805094482,42.29215629295039,-0.3527121966675626
11204,29787.54339,41999.96867108299,40.998430522413734,-0.34357857328141606
11205,40117.61827,55737.81331385407,38.935997991523024,-0.3288431950005908
11206,73008.6614,100584.9403510201,37.77124305832034,-0.3204244647345451
11207,98146.9893,133198.64233908447,35.71342665636354,-0.3053753196306701
11208,184245.9825,248382.14532482479,34.81007398618571,-0.29869674253296274
11209,453332.0485,591522.8266850711,30.483346289396774,-0.266075417990578
11210,585203.7281,769968.3162545891,31.572694991959533,-0.27438932651163483
11211,791642.4573,1046796.0308388851,32.23091070798801,-0.2793795318592611
11212,2373.1166,3639.9271338743188,53.38172316835671,-0.42775955092077655
11213,3124.723913,4788.824382294413,53.25592006292601,-0.4269390181827646
11214,5804.041079,8758.661234101333,50.906258499645155,-0.41148865340973195
11215,7768.304668,11819.42005833527,52.14928563529495,-0.419691995209428
11216,10265.39638,15773.236448879123,53.65443149969356,-0.42953594369344117
11217,13828.08025,20935.47788548668,51.39829612636707,-0.4147439008328213
11218,25891.76299,37897.49159795753,46.368911273420906,-0.3809600382989231
11219,34751.40268,50811.16486529598,46.213277585306315,-0.3798961751608374
11220,63403.1489,91519.172686103,44.344838188475215,-0.3670349604823535
11221,117122.0511,162555.2483330237,38.79132648917868,-0.3278013708610299
11222,218299.9017,289164.21844563587,32.46190959949291,-0.2811249433885994
11223,292611.3965,384380.3391814854,31.362053487716924,-0.2727870921130009
11224,397871.9339,526815.3992981251,32.408283774681465,-0.280720021831657
11225,522536.2233,686713.53037124,31.419315972853052,-0.27322291057425474
11226,694959.8683,927765.5280057658,33.49915158054398,-0.2889249366301012
11227,926351.2313,1247323.2997771401,34.64906804589683,-0.2975017119377039
11228,1556.053865,2477.542254590454,59.21956882838717,-0.4651139996444762
11229,2111.789581,3369.475157813555,59.555439998809014,-0.4672212620421483
11230,2764.496655,4367.5857733686835,57.988462943851296,-0.45735182503011895
11231,3776.642206,6071.1814870977405,60.756067319598785,-0.4747179202406784
11232,8987.169968,14352.924752815386,59.70461005990608,-0.46815573581626957
11233,12126.51134,19012.307924291286,56.78299711457894,-0.44969247927925693
11234,16784.22181,25455.43253113716,51.66287016041981,-0.4164899120721266
11235,30545.38271,44931.245345458614,47.09668486408894,-0.3859199047514039
11236,41168.70384,61025.58321126739,48.23294764984611,-0.3936148209895993
11237,55172.42528,81457.29036282425,47.64130804369861,-0.38961555181814056
11238,102367.0744,144268.2455443985,40.93227377063586,-0.34310926112786255
11239,190157.8551,260415.8494681644,36.947195439923966,-0.3144252307958908
11240,254166.3312,342790.86241821933,34.86871404241261,-0.2991316307018064
11241,456817.3683,597089.1163652831,30.70630799071638,-0.2677826966045913
11242,620941.6235,809511.6434053901,30.368397409485322,-0.26519408297841984
11243,814675.4683,1067268.0335691078,31.00529905438271,-0.2700675871917646
11244,1093304.082,1454660.2295268152,33.051751427268094,-0.28556797502629294
11245,2391.273031,4180.273064013928,74.81370842315695,-0.558550697631822
11246,3298.087889,5654.238824101833,71.43990743728278,-0.5390626252638953
11247,4468.874449,7420.155006263585,66.0408026885605,-0.507063371493425
11248,7793.838454,13172.475042731503,69.01139432741319,-0.5247959487179177
11249,10584.73214,17462.965676996926,64.9825942312124,-0.5006697928402772
11250,19621.67113,31754.497723963097,61.83380871883515,-0.4813997505713896
11251,26569.44168,41178.658755779456,54.9850360114133,-0.43815838440884036
11252,64947.93464,97910.29194275875,50.751971537610615,-0.41046572772679113
11253,88989.48472,131756.52134327093,48.05852821581652,-0.39243747051964384
11254,120467.2414,172737.8027123096,43.38985495546478,-0.3603969931996378
11255,164605.576,233778.4418019309,42.02340375269601,-0.35082167319247404
11256,220707.6608,307797.5598654182,39.45939110121644,-0.33260326967747567
11257,301168.0686,415746.3993765806,38.04464773081877,-0.3224069811244785
11258,398655.7995,525198.5212369849,31.742350643260824,-0.2756779401141607
11259,543060.4828,721654.5451326638,32.88658777229367,-0.28432585494156015
11260,728009.8691,966677.3400710574,32.783548836516374,-0.28355016413747514
11261,963035.3156,1292969.9474507102,34.25986840837203,-0.29460705239669416
11262,1291236.142,1695512.5654766802,31.309255551853983,-0.27238508447259946
11263,1834.805441,2979.4023368341154,62.38246684129576,-0.4847842731111802
11264,3161.230952,5159.3742991089475,63.20776233842682,-0.4898538187590198
11265,4296.025545,6962.993433330904,62.079888967022036,-0.4829191694615904
11266,13480.87104,21803.184165670365,61.73423884092259,-0.48078430116712134
11267,18082.97198,28640.079297187716,58.38148357949133,-0.45983638996517406
11268,32524.66706,49823.13696947745,53.185694038208084,-0.42648068600648337
11269,58680.17032,86317.5356117211,47.09830448856323,-0.3859309153024526
11270,80183.48184,115656.20101751846,44.23943481065285,-0.3663044745039308
11271,4224.751974,4448.840127486941,5.30417299917312,-0.05168286198838423
11272,5753.439806,6076.739499394926,5.619241780504434,-0.05467038251567935
11273,10357.41357,11013.65741764698,6.335981885938921,-0.06143353583667732
11274,34639.25997,36675.73606672687,5.8790981634440325,-0.057127673800005496
11275,66349.56191,67027.01648389407,1.0210385033332996,-0.010158611174515997
11276,88907.4786,90194.1525317688,1.4472055130003476,-0.01436833444353347
11277,165753.1082,162997.9782521259,-1.6621890097829755,0.016761583859357998
11278,226158.0559,223100.4174940736,-1.3519918155285173,0.013612144453444941
11279,308101.6357,303907.0809598211,-1.3614191728157918,0.01370771463225573
11280,540639.5648,558770.3133853393,3.3535741306773272,-0.03298568232523991
11281,720291.7791,754479.7148343916,4.746400934508674,-0.04637201360344356
11282,1067.534274,879.6754970158387,-17.597446897912093,0.1935537653040278
11283,1365.58108,1164.6674531872002,-14.712683835133374,0.15914443932456823
11284,1802.06791,1579.2756741241265,-12.363143177876882,0.13196853655341734
11285,2270.261724,2113.113250263601,-6.922042162588958,0.07173278765919644
11286,3015.875335,2857.16539203674,-5.262483535754648,0.054060103061909004
11287,3864.428,3665.23482064058,-5.15453203836169,0.052921271859446506
11288,5190.059547,5056.067404284536,-2.5817072328758788,0.026156182223072477
11289,6855.163285,6998.978432319414,2.0979098723162624,-0.020762067595086364
11290,9157.06518,9381.624738432021,2.452309271779386,-0.024227228918913823
11291,11719.1397,12344.969702720071,5.340238436786202,-0.052025291561706766
11292,21412.17295,22165.82583393666,3.5197403163916547,-0.03459213622572399
11293,39002.42527,40844.7104426483,4.7235143965915185,-0.04615349498732613
11294,53049.5282,54585.57584567799,2.895497279234968,-0.028543697675203816
11295,70746.5526,72481.3939081879,2.4521920071451113,-0.024226084340503107
11296,97382.24512,98493.3359098318,1.1409582809090573,-0.011344984415270432
11297,129874.417,129561.23597925552,-0.24114142567776042,0.002414326398664457
11298,329553.808,319008.44203530124,-3.1998920081356728,0.032522076087749596
11299,444724.5021,433387.8340269287,-2.549144025017569,0.02582197633802963
11300,221020.2067,198981.7110614416,-9.971258269825158,0.10504121408250278
11301,1944.120555,1187.4027921747804,-38.923397053698636,0.49304132364958164
11302,3188.789737,2110.2490018472095,-33.822886552798465,0.41283550113970335
11303,6605.185899,4891.887110690994,-25.938691423785563,0.30027694152269113
11304,10804.29274,8435.411912556605,-21.925366930065206,0.24750498254264208
11305,18029.84533,14547.159041240577,-19.31622942413463,0.21463273904289082
11306,30598.032,25519.3979660792,-16.597910721581048,0.18149682563718095
11307,39798.58447,33960.39987485678,-14.669327245907493,0.15863620932568168
11308,51822.93855,44098.60294397776,-14.90524432258818,0.16140477772000317
11309,68227.98332,59453.78122343136,-12.860122298230989,0.13765556876811758
11310,89053.67126,77167.23926410663,-13.3474923916274,0.14326423073716477
11311,117124.8454,102669.12194901326,-12.342149440298634,0.13172901149310867
11312,156311.3986,135657.89836967998,-13.21304806642553,0.1417138989673905
11313,207465.1496,179400.0197284494,-13.527635810477634,0.14534531223625535
11314,275025.8607,240092.5268914211,-12.70183600904514,0.13584075439513477
11315,1985.508909,1089.4188612779876,-45.13150475730312,0.6002308593374153
11316,4065.596143,2474.9186449148306,-39.12531993183686,0.49635286015293634
11317,5244.976821,3341.9126638281577,-36.283557051239875,0.4507275256563261
11318,10811.53135,7618.641383555294,-29.532263867918264,0.35001522443719324
11319,14082.0996,10160.276827667614,-27.84970198856132,0.32641877033407063
11320,23065.18029,17357.705522150627,-24.7449822463511,0.28428760347057924
11321,30024.56939,22869.826434779265,-23.829627203924858,0.2721976073515524
11322,38598.47111,30334.959896884073,-21.40890811339684,0.2409118277518445
11323,65504.26348,52826.22683110075,-19.354521332447554,0.21510744414703886
11324,84107.04473,68044.70397959538,-19.09749748307988,0.21192542894199917
11325,111008.6868,90782.84970530363,-18.22004896890319,0.20113806984002558
11326,146997.5915,121588.7515419991,-17.285208348465293,0.18977174080389503
11327,338085.1165,277949.2135036455,-17.78720803178406,0.19585927598221176
11328,2654.443394,1492.5454448108062,-43.771811138090285,0.5757519736654642
11329,4319.626222,2555.5496098269805,-40.83864023207653,0.5249015638267496
11330,5567.262308,3395.7152419528074,-39.00565387276149,0.4943890125491457
11331,7215.311004,4523.485456437202,-37.30713126669818,0.4669224811286572
11332,9145.054522,5877.390892187448,-35.7314833055574,0.442100306154833
11333,18654.75416,13000.399657983344,-30.31052810195091,0.3611209284391119
11334,31195.24301,22693.96793388304,-27.251831548136284,0.3181664561728077
11335,40013.60949,30124.67223247908,-24.713934542676828,0.2838751219943969
11336,51214.27103,39244.98696124408,-23.370993725058828,0.2661945089230713
11337,111816.8695,87304.53598836286,-21.92185635427501,0.2474600191950227
11338,147437.3173,117472.18839971512,-20.323978656850453,0.2272015069008404
11339,252769.8964,203228.47496288203,-19.599415176687142,0.2181487359078247
11340,3543.954845,1863.5797575673814,-47.415251066287745,0.6427440525123833
11341,4380.829851,2306.821247187891,-47.34282486088066,0.6413676767480885
11342,5655.440443,3069.985834729547,-45.71623791866803,0.6109450446292843
11343,7291.505525,4155.824976816003,-43.00456932293138,0.5621990849270109
11344,9177.971845,5362.384086977812,-41.573321671289,0.537397579767612
11345,11536.91652,6974.663175374908,-39.54482410196977,0.5032679897965142
11346,14582.43871,9231.29529094386,-36.69580599976435,0.45721860310489504
11347,18479.69699,11754.45701291009,-36.39258793436477,0.4524401805199929
11348,23878.34228,15539.925032377367,-34.920419306522454,0.4295593465978129
11349,30753.07848,20714.893570137807,-32.64123595428159,0.395137164712283
11350,39334.66037,26861.529193181243,-31.71028060110528,0.38141095198685804
11351,65028.88805,46455.59387080129,-28.56160505915141,0.3363347169056006
11352,82288.22962,59425.43794306961,-27.783793359644264,0.325505696575652
11353,107380.7053,79030.26720360943,-26.40179911017084,0.3065496049836991
11354,140749.7266,102672.86758877338,-27.052883107501973,0.31543543349326697
11355,238225.3599,179860.0191542967,-24.500053550219576,0.28103823900779545
11356,5831.533128,3013.731577230827,-48.32008133915162,0.6601009004149763
11357,7522.007085,4017.4548862135257,-46.590652723195014,0.6271844127033201
11358,11910.45284,6783.879598384728,-43.04263918831211,0.5628672540222937
11359,18993.18831,11324.394133038764,-40.37655001253045,0.5171212331347714
11360,24489.45671,14847.17545172411,-39.37319382972906,0.5004330446749172
11361,31507.96046,19647.052794309067,-37.644161959478765,0.4723128848769509
11362,40148.41863,25540.06037696033,-36.38588704493557,0.4523348384493904
11363,50906.45176,33326.080034236664,-34.53466332449673,0.4236493944895017
11364,82812.9632,55724.524893875474,-32.71038405026488,0.3961642561940284
11365,107262.7787,73634.96862503549,-31.35086605300158,0.3761616693380496
11366,139275.4815,95564.29826133505,-31.384693678955223,0.37665455193127606
11367,179735.304,127135.77086877126,-29.264998005750027,0.3462296578839368
11368,234312.5614,166446.05603702905,-28.964091791525675,0.3419846873797745
11369,305303.1651,216591.45272122175,-29.056925220451387,0.34329239419949786
11370,6062.54874,2858.8549200215743,-52.844009299930605,0.7517091287745048
11371,7747.758254,3823.8984121665494,-50.64509904923333,0.7061331149935874
11372,9782.565295,4971.523530613854,-49.1797562224822,0.676875411226078
11373,12301.68711,6307.526390309462,-48.72633051134836,0.6679928309055345
11374,15772.36797,8471.631810990917,-46.28814248371281,0.6215363984891251
11375,19672.92241,10482.85740637763,-46.71428480270395,0.6295018982921565
11376,24736.26493,13846.52069617122,-44.02339748804098,0.58023639484726
11377,40552.85556,23753.497007592054,-41.425833817183225,0.5348764367306895
11378,51406.10112,30823.346222055257,-40.03951758546582,0.5114844671800878
11379,65773.3559,39868.67975353051,-39.38475662676274,0.5006237837314131
11380,83368.27277,51432.58704122695,-38.306761874362685,0.4829958538598298
11381,107055.3214,67474.2269131051,-36.972561446996785,0.46160002182599413
11382,137860.5078,89098.2972971899,-35.37068830005434,0.4365021366238473
11383,178029.1122,115089.19153909736,-35.35372382815412,0.4362396822459278
11384,229741.2044,150362.6635358374,-34.5512861184263,0.42390334422137776
11385,297104.0849,195011.3710007829,-34.3626086237016,0.42102466192857335
11386,8179.291593,3845.093184678443,-52.989899663570505,0.7548077065907997
11387,10320.28429,4986.9518615809075,-51.67815419180756,0.7272864334182643
11388,16538.39718,8447.573218859154,-48.92145153537089,0.6718055721298484
11389,20300.78267,10514.471223178552,-48.20657215981834,0.6579069204442227
11390,33174.53395,18147.161540523328,-45.29791566062579,0.6032683723615548
11391,42114.53689,23241.67828382517,-44.81316903820958,0.594445830700062
11392,53356.01725,30074.755883421414,-43.633806581728294,0.5733006146780113
11393,68321.56497,39674.704932981986,-41.92945528925875,0.5435116264046052
11394,86042.38039,50838.177249287706,-40.91495723519499,0.5261923771129098
11395,181969.2841,110556.39499293495,-39.24447439592089,0.4983121514579736
11396,301602.6017,188324.4982865799,-37.55872886205944,0.4709437327975863
11397,10790.09894,4948.322284162845,-54.140158383359136,0.7795803621918402
11398,13605.29477,6412.937001530028,-52.86440235259946,0.7521416817380118
11399,21292.68678,10444.43013498061,-50.94827513834019,0.7122948352196801
11400,27115.71785,13682.589677824377,-49.54000571360726,0.6839893560056112
11401,71033.85269,38449.24366402017,-45.871943857786874,0.6138175367382406
11402,186350.7974,108541.58945006657,-41.754158842109376,0.5404974925221886
11403,306778.6988,178202.10884112757,-41.91183757601635,0.5432082877430116
11404,17548.57526,8070.996184617396,-54.0076840140161,0.7766958472353203
11405,21974.02894,10121.879960713852,-53.937077318175895,0.7751618398130873
11406,27986.25728,13086.110043542858,-53.240942821980454,0.7601622125896483
11407,35769.10856,17506.89021054723,-51.055838640259275,0.7144901017612462
11408,45094.40325,22077.90303365573,-51.04070252075965,0.7141808967586911
11409,56960.66258,28241.53663697529,-50.419227309179085,0.7015670747743528
11410,91388.96959,46200.18543648918,-49.44665024263003,0.682140976498129
11411,148678.5351,78526.44616445633,-47.183736972092134,0.6383510308096056
11412,241177.0083,132199.9743804461,-45.18549868733648,0.6012154045466183
11413,308492.3632,168569.09884200554,-45.35712421097446,0.6043513405398038
11414,18062.04061,7683.457531326143,-57.46074490015144,0.8547428869511506
11415,22649.08263,9565.90074339098,-57.76473202177117,0.8619145798961476
11416,74004.25136,34419.332293040476,-53.490060826904795,0.7655041505771685
11417,92830.24108,43182.05095251699,-53.48277624820212,0.765347538712664
11418,149785.8697,71640.65378805735,-52.17128696348763,0.7375440356929612
11419,190038.3105,92742.51502496921,-51.197990141588214,0.7173986883539012
11420,242057.701,118490.05133287756,-51.04884048581558,0.714347129566189
11421,308767.1293,153330.78422108962,-50.340962598997216,0.6999897898856542
11422,24153.17023,10298.034191866858,-57.363633453483686,0.8524626220850049
11423,30557.8043,13180.37270205684,-56.8674091480557,0.8408913063709971
11424,38826.04699,17144.878498892554,-55.841812834285264,0.817391836362912
11425,48911.34636,21914.684925823043,-55.195089571803315,0.8028524448013972
11426,61815.8308,27872.960770004986,-54.90967215148229,0.7965024226008772
11427,78401.45693,35882.68250349089,-54.23212283474731,0.7815877128820308
11428,98194.39616,45535.783469564325,-53.62690209391647,0.7684506814038929
11429,124485.4677,58144.01727079073,-53.29252615179697,0.7612659945421232
11430,158331.8728,75793.46660683547,-52.130000570020755,0.7366811944913554
11431,200075.6732,96140.86585498924,-51.9477484107302,0.7328811923716341
11432,30577.07608,11792.505378541522,-61.43350872500585,0.9527863882198719
11433,39044.431,15433.572458283126,-60.47177007578078,0.9281550877185119
11434,48823.40888,19672.03812222213,-59.70777425522908,0.9090116452039307
11435,61587.16339,25194.15782399816,-59.091868439440134,0.8938413270389383
11436,97866.53327,39934.37263611339,-59.19506770926475,0.8963672224057131
11437,124014.8,51272.44315623568,-58.656190102926686,0.8832474759162796
11438,157364.746,65423.034740244635,-58.42586322336476,0.8776919241640968
11439,250956.1234,108785.77462654865,-56.65147630083743,0.8358975387240779
11440,317923.2686,136636.4201060045,-57.02220202135765,0.844486529714823
11441,2023.360634,3261.668837781865,61.20056815249205,-0.4774791685974078
11442,2665.290073,4405.200495737795,65.28034004116424,-0.5024728767453768
11443,3531.274362,5947.399892309894,68.42078192252042,-0.5212953162969605
11444,4882.334646,8235.844849575744,68.68661095001359,-0.522872434379881
11445,6723.45939,11065.104868665958,64.57457726484398,-0.4981936387150885
11446,12266.64723,20354.918754988506,65.9371006056763,-0.5064386185491578
11447,16626.41222,27438.87179664442,65.03182667177022,-0.5009681582316325
11448,23392.60049,37880.371033453135,61.93313372596795,-0.4820133092596173
11449,32453.54145,50795.86049127076,56.51869787317389,-0.44800529208346873
11450,61623.1334,91857.98234181374,49.06412133501433,-0.3992063719160157
11451,85709.91704,125545.92565449527,46.477712253418915,-0.3817030961064116
11452,226796.0964,305265.212119602,34.59897104278467,-0.2971295866374817
11453,311814.641,414051.8126976197,32.787803475084324,-0.2835822055344952
11454,406143.2491,557153.51949339,37.18152911023973,-0.31613489276421447
11455,2143.541324,3768.6523040666452,75.81430606777728,-0.5642581729018756
11456,2861.58028,5017.256071053163,75.33165524376493,-0.5615091671826571
11457,3801.025551,6733.77940010433,77.15690962226657,-0.5718656489221328
11458,5248.999943,9230.76437520714,75.85758192886192,-0.5645042878901947
11459,12679.10499,22126.204910450135,74.50920177647441,-0.5568072865075013
11460,17483.20233,30429.38644327995,74.04927237537694,-0.5541682477112193
11461,24094.11432,40223.01814926577,66.94126048815797,-0.5124718309520464
11462,44987.60487,72826.82774932672,61.88198495957564,-0.48169739586418636
11463,62107.94075,98380.82283243614,58.4029701265472,-0.4599720440153501
11464,85696.05528,130128.69797803838,51.849110852140015,-0.4177171500511605
11465,166218.5472,238064.76509271245,43.22394768994374,-0.35923928702833763
11466,426344.5752,573872.8848287562,34.603069491279456,-0.2971600355039694
11467,551245.3653,745612.0915024431,35.259566508403104,-0.3020254612770561
11468,1481.596265,2542.6402456066085,71.6149200475076,-0.5400829439499253
11469,1931.574261,3518.2937271411483,82.14643869398446,-0.5996407857737536
11470,4671.809741,8409.601686058071,80.00736657263782,-0.5878275894682403
11471,6183.25826,11494.016767021625,85.88932054443454,-0.6199812597757219
11472,8105.998231,14886.337463000444,83.64595005794845,-0.6078395335321023
11473,11036.0991,20008.171708884067,81.29749948407104,-0.5949691395323775
11474,15413.28857,27240.34194106943,76.73283554873085,-0.569469002608928
11475,20937.57437,36587.47503117681,74.74552870651755,-0.5581606079974364
11476,38630.05149,65209.029372915844,68.80388934971064,-0.5235674370795937
11477,53221.73405,87846.15193561533,65.0569142544038,-0.5011201633113078
11478,102997.6047,153540.9143146212,49.07231557650116,-0.39926134165787985
11479,199472.5955,281621.72482068284,41.1831655946357,-0.3448879081292979
11480,270385.1356,372039.3133837133,37.59606738666936,-0.31915215906399474
11481,370866.4876,503133.53589891724,35.664330081388904,-0.3050134876507702
11482,492709.8136,654729.9202020237,32.883474639609595,-0.28430242767773883
11483,876756.5027,1197261.7415473552,36.55578691008838,-0.311563040455745
11484,1421.293952,2369.5626932050623,66.71869248938184,-0.5111377299920656
11485,1801.981704,3219.846448318478,78.68363708527852,-0.5804466655901965
11486,7390.61621,13795.421207843816,86.66131234331561,-0.6241256247865099
11487,9907.207533,18234.191838200677,84.0497615242666,-0.6100359781244258
11488,13641.244,24703.01685689844,81.09064581572208,-0.593827525528182
11489,18593.79647,33142.65362284408,78.24575888155928,-0.5779930799324227
11490,64139.52346,102656.20113701737,60.05139358579415,-0.4703247875800898
11491,122523.8131,184750.92790610262,50.7877719699393,-0.41070317856547867
11492,171730.0205,247603.99805850067,44.18212805052373,-0.3659070925584569
11493,232937.5435,326891.96161572495,40.33459643474129,-0.3388593597082963
11494,321242.0208,440677.26373254997,37.17920919408871,-0.31611798133464575
11495,587468.8572,771868.6913121282,31.388869699581456,-0.27299121099206936
11496,774999.4779,1025709.0367768056,32.34964229345651,-0.2802770399496435
11497,1312.640327,2245.711787531464,71.08355894138728,-0.5369818999446743
11498,5102.446273,9774.6967182447,91.56883179678512,-0.6500769930214929
11499,6650.200458,12768.074054108009,91.99532607695129,-0.6523008423941743
11500,12274.86472,22560.59614726357,83.79506953347159,-0.608651198402157
11501,16442.08754,30498.733855560113,85.49185911681451,-0.6178408089336482
11502,22372.20605,40158.116574815,79.50003001521166,-0.5850051891558934
11503,30162.60288,53694.35468005974,78.01631674056554,-0.5767050271846532
11504,40950.03946,70262.45065135503,71.58091073388927,-0.5398847520683265
11505,55685.55889,94079.17363007841,68.94716602543272,-0.5244158529885077
11506,77178.08383,125268.77765783826,62.31133430802392,-0.48434612163334023
11507,106327.9758,167191.99492295124,57.24177354550113,-0.4526143937279894
11508,147518.0814,223363.5745695852,51.41437066546963,-0.4148500690409609
11509,201095.4416,295753.8414609345,47.071380190317804,-0.3857478624610291
11510,512469.2501,692636.6458129818,35.15672319418678,-0.30126483166197104
11511,691430.1072,924544.340460008,33.714793560844825,-0.2905389394247475
11512,920258.9168,1235095.5561739998,34.2117455888149,-0.2942485577360774
11513,1237956.142,1655119.0713711202,33.69771474271826,-0.2904112055482866
11514,1351.233054,2108.643579973099,56.05328582889291,-0.44502733876394096
11515,1742.214447,2812.701433827815,61.4440425902297,-0.4789884111252327
11516,2265.049069,3677.184203917161,62.344571437501195,-0.4845508745979705
11517,2921.011693,5038.280061736415,72.48407713705153,-0.5451347397709458
11518,3910.369465,6661.155080259975,70.34592613002553,-0.5326610431280532
11519,5126.875182,9089.867860601731,77.29840376288941,-0.5726640240221563
11520,8837.135338,15578.603481645736,76.28567274122396,-0.5669356337562341
11521,11817.8945,20600.54037992818,74.31650265559723,-0.5557024416636089
11522,15767.77405,27757.140199495443,76.03715090967734,-0.5655248714888934
11523,21056.45319,36391.82259226914,72.82978412315005,-0.547137017353057
11524,38208.05602,63609.347928558265,66.48150823287622,-0.5097140556001971
11525,51226.19698,83930.8091499096,63.84352947902479,-0.4937416978613971
11526,96205.6025,149437.0999746098,55.33097459122488,-0.44038797431911725
11527,456351.4068,612552.0381196945,34.22814721115799,-0.29437075732565887
11528,836061.6632,1075497.3610412856,28.63852134121937,-0.2518361248275234
11529,1111378.031,1445277.0462279958,30.043694036992875,-0.2627003159727259
11530,1771.615297,2657.091614677324,49.98129781204547,-0.40534041908178065
11531,5021.494021,8397.007244294842,67.22129328798103,-0.5141478587547503
11532,22564.85873,19898.108135785806,-11.81815772092004,0.12576911402115343
11533,19464.97985,17619.166534700456,-9.482739409563495,0.0996296287116607
11534,25017.64572,23349.649329228214,-6.667279605124196,0.06899943870627467
11535,21411.09181,20627.819446887486,-3.6582551233874487,0.03726847329742
11536,9158.668556,10176.194860287205,11.10998064910435,-0.10535034144800726
11537,11867.51176,13721.116307140395,15.619150708475015,-0.14513142009761637
11538,21899.65217,24475.500476011894,11.762051223537275,-0.11120188261767971
11539,27882.28593,32337.743544553625,15.979527739365762,-0.14824350453749524
11540,37695.51569,43592.839910741466,15.64463070153973,-0.14535177447401182
11541,65261.50393,77203.07259529305,18.298028617455202,-0.16803692059243858
11542,12840.123,16194.286230006677,26.122516349778564,-0.23208360051778598
11543,18355.99659,22736.15280672285,23.862263186021064,-0.21399998148488564
11544,23503.21826,28814.388239966233,22.59762863626758,-0.2037374950452886
11545,55731.34989,69369.49598156703,24.471228704284723,-0.2189044084654661
11546,6434.010605,8854.517517274764,37.62049926361232,-0.31932970562163376
11547,8345.876396,11609.28286965158,39.102022589451025,-0.3300374533780168
11548,10957.56132,14978.201075175035,36.69283372237641,-0.31256613297611935
11549,15639.32537,21494.468037006107,37.43858848437083,-0.31800700214542843
11550,48601.72866,65019.33911657062,33.77988995293201,-0.2910256511045244
11551,6987.936438,10787.188134275013,54.36872143849075,-0.434173849723285
11552,17117.81018,25423.240035060433,48.519230951423204,-0.3955442652264711
11553,7758.386438,13297.064738061352,71.38956462562005,-0.538768935157723
11554,3862.878343,7753.763890335231,100.72503459463029,-0.6967657984310307
11555,4980.764821,9690.047806365403,94.54939461325358,-0.665515901709302
11556,6617.551745,12819.632401872033,93.72167979733771,-0.6612523027737325
11557,9549.143276,17368.93563002887,81.88998874571782,-0.5982318608895447
11558,12201.90808,21714.620497035747,77.96085952022472,-0.5763934497887533
11559,17066.62973,29905.003725697035,75.22501043735384,-0.5609007359637328
11560,3327.108574,7199.538455115932,116.3902468160311,-0.7719132898023311
11561,5649.369763,11961.128667378314,111.72500949958292,-0.7501181216871249
11562,8178.147542,16568.385412689688,102.59337860561295,-0.706030723187844
11563,19624.268,37112.58418561079,89.11576312355083,-0.6371891448671771
11564,35262.32941,63347.25102735893,79.64567879453354,-0.5858162738144799
11565,65681.48597,109215.55919319951,66.28058513031161,-0.5085064473359786
11566,1770143.97,2727847.6116339695,54.10314967962575,-0.4324519953220012
11567,2322456.147,3603772.5580633543,55.170747259037675,-0.43935591983997035
11568,9268.289174,19482.35823673315,110.20447108390094,-0.7429105428465306
11569,12913.20727,26606.618023599374,106.04190320256023,-0.7229093757204073
11570,17237.75207,35207.946499465324,104.24905960180297,-0.7141699435886828
11571,23016.89214,45760.24407697877,98.81156760279615,-0.6871872936783792
11572,77899.29253,132363.7679227168,69.9165212209621,-0.5301370788154287
11573,137074.1433,224237.42016938046,63.58841629133164,-0.49218343060854863
11574,1229456.372,1841924.7878813287,49.816197616268795,-0.40423900752908537
11575,1621260.162,2430333.1145281107,49.9039556692759,-0.4048246074932713
11576,2093123.117,3228045.631185359,54.22148869159705,-0.4332196214086306
11577,2758.469767,6739.28072943599,144.3122926362669,-0.893277108800401
11578,4483.556556,11103.076148910202,147.63992625568218,-0.906805594874502
11579,8260.165709,19364.22374361169,134.42899847049165,-0.8519825776741818
11580,11490.92743,25607.828253524258,122.8525800856464,-0.8013402910159204
11581,20411.70586,43402.74638525424,112.63654631781101,-0.7544141669234374
11582,27385.93631,55565.79541283816,102.89901642891157,-0.70753821326619
11583,2984.655875,8112.938133832061,171.821559121353,-0.9999756323822471
11584,15752.3118,37919.96297037554,140.72633561237367,-0.8784905654139585
11585,20850.3303,48133.485628760616,130.85238908066896,-0.8366083119720837
11586,91036.96695,177342.3858597355,94.80260799674578,-0.6668165932043681
11587,499005.6065,796740.2761661527,59.66559609509171,-0.46791141769105593
11588,1465881.55,2180447.1119137257,48.74647354103922,-0.39707315086949535
11589,3707.923662,10184.063559495906,174.65677526928292,-1.0103520422356933
11590,5120.687326,13542.865820187706,164.4735942267861,-0.9725712275356599
11591,6472.993909,17055.951364847828,163.49401227047915,-0.9688604579039364
11592,8781.73979,22298.918638026058,153.92370044280327,-0.9318636439462775
11593,11269.08308,28212.347655467987,150.35175848102796,-0.91769677685358
11594,14841.9474,36207.55690879629,143.9542193014125,-0.8918103958873029
11595,19628.2335,47105.01957692069,139.9860363232417,-0.8754105536747687
11596,26816.94362,61853.29230137808,130.6500441580825,-0.8357314154663271
11597,35538.029,77891.3539447601,119.17747308034473,-0.7847115950106467
11598,47282.53421,99519.97636053112,110.47936203783931,-0.7442174197522728
11599,62488.48054,128139.3484688333,105.06075257632324,-0.7181361032769793
11600,83516.02063,163134.65647350927,95.33336866736352,-0.6695374958117348
11601,111795.1647,216500.80186431075,93.65846675505703,-0.6609259409640007
11602,149193.3814,275704.7176290452,84.7968824366663,-0.6140871031457351
11603,262751.8065,442033.00763398496,68.23214786688249,-0.520174672104158
11604,460799.9781,742257.2638549906,61.0801430406992,-0.4767318380050689
11605,608311.8897,972266.9605790598,59.830339837439425,-0.46894269063334093
11606,783746.988,1196214.4431536347,52.62762874613237,-0.42283096985633684
11607,1033784.438,1543507.3386208536,49.306497745988864,-0.40083103901651285
11608,1357936.981,2030014.6809183517,49.49255446474595,-0.40207640269104594
11609,5034.745302,13417.758035880386,166.50321378819942,-0.9802161167878705
11610,8527.644077,22722.10387199885,166.45230109078867,-0.9800250588247046
11611,18821.95474,45321.91220762981,140.79280198943783,-0.8787666349293559
11612,25390.92488,58074.83529272651,128.72280378597424,-0.8273406205463782
11613,33625.75438,74266.32450721071,120.86143753962291,-0.7923653394371257
11614,44579.55903,96965.60657041933,117.5113632352575,-0.7770809079357424
11615,138908.7603,262777.5534583243,89.17277275443678,-0.6374905530564856
11616,184134.9688,329335.65471573506,78.85557363818613,-0.5814084429897353
11617,324691.1061,536458.5955591529,65.2212165595727,-0.5021150963897849
11618,429133.7519,690066.7160072031,60.80457734958301,-0.4750196364559951
11619,566768.9139,894491.1846893164,57.82290855266265,-0.45630338649183066
11620,733600.3337,1150936.0832034352,56.88870769708528,-0.4503664998229464
11621,963937.9362,1437469.7410449272,49.124719244027936,-0.39961281173938445
11622,1265983.174,1883938.139001776,48.812257357993595,-0.39751530773598986
11623,911765.8409,1376324.915558765,50.95157701896365,-0.41178891740374723
11624,22564.32999,19531.53576037063,-13.440657138826792,0.14433996263346316
11625,28739.75968,25623.098102823187,-10.84442462942965,0.11478730442444807
11626,50207.15501,47257.951710885915,-5.874069738718875,0.060536616662888676
11627,19364.61893,18036.61109743592,-6.857908422389383,0.07104399240931158
11628,9166.910168,10569.280981846292,15.298184318874538,-0.14235149371171119
11629,11859.37215,13439.995283376678,13.328050704410007,-0.12511653043598336
11630,15376.51408,17467.421813482124,13.59806079976043,-0.1274962497286154
11631,21846.8824,24864.892559813004,13.814374538918223,-0.12939864177743843
11632,37981.23429,43425.06069184868,14.332937050658131,-0.13394450647450284
11633,7547.727058,9752.903531280546,29.21643107037411,-0.25631857274158776
11634,12776.87513,15868.829330300616,24.19961194612235,-0.21671985907904912
11635,23461.8607,28731.20142942508,22.45917660497012,-0.2026075362515094
11636,32342.67483,39656.60536300801,22.613870285780607,-0.20386996558283066
11637,42305.18793,52109.87484679504,23.17608642471534,-0.208444742575276
11638,55667.23315,69291.25208348427,24.474036452958277,-0.21892696562212954
11639,73309.04245,91671.38537583583,25.047855369765287,-0.22352632100666625
11640,6396.407375,8826.721189518586,37.99498174580519,-0.3220471343470894
11641,8282.226772,11625.022863734184,40.36107901603572,-0.3390480521869428
11642,27830.40983,37065.83327142385,33.184647649236034,-0.2865663075868774
11643,48706.43233,63839.61348087695,31.070190171896222,-0.2705627965608741
11644,64034.47762,84930.4034774615,32.632304711634035,-0.2824104873681268
11645,4971.052148,9630.52906925761,93.7322076400316,-0.6613066464932711
11646,6538.986526,12813.791583908782,95.95990193524958,-0.6727398703496696
11647,9540.551096,17544.196611890835,83.89080919284075,-0.6091719671728502
11648,3314.361523,7239.07391632876,118.41533779864484,-0.7812282834325615
11649,5592.307291,11829.38454098073,111.52958743913078,-0.7491946960433058
11650,26244.40408,48481.196797934244,84.7296537964837,-0.6137232394751599
11651,35239.80295,62052.93427129174,76.08763124849354,-0.5658115899575709
11652,49055.35732,81041.02331979184,65.20320663682372,-0.5020060855449291
11653,65419.9479,106135.13805502154,62.23665940128568,-0.4838859437274312
11654,3038.64869,7183.564015789148,136.40653292464512,-0.8603827342070414
11655,3785.180407,9009.145790680586,138.01100137842352,-0.8671467108941648
11656,4991.734352,11400.969042679018,128.39695061318875,-0.8259149406240276
11657,7194.477691,15573.420031182683,116.46352522107894,-0.7722518725315641
11658,9291.582714,20296.34711359585,118.43799639231032,-0.7813320189058306
11659,17117.06779,34202.387305734745,99.81452270532102,-0.6922193637976655
11660,22953.13772,44619.89925648113,94.39564124429926,-0.6647252842040565
11661,57565.22262,98435.05150857601,70.99743044227631,-0.5364783437483123
11662,2768.181853,6993.510917761335,152.63914327673814,-0.9267919734302827
11663,3543.115901,8894.578880136973,151.03832696036247,-0.920435438539922
11664,4493.456259,11329.16125840706,152.1257714641317,-0.9247578701294241
11665,6495.088261,15518.520564855173,138.92701594275033,-0.8709879466832309
11666,11558.18982,25411.597772487494,119.85793768948064,-0.7878114140107488
11667,20398.969,42216.38052518529,106.95350105775094,-0.7273239494723516
11668,27425.32705,55664.299593338284,102.96676678405659,-0.7078720692283156
11669,2987.928953,8072.293515090892,170.16350261561564,-0.9938571549726625
11670,3812.953883,10185.319022256275,167.1241073139482,-0.9825431858167093
11671,6819.0029,17256.41236606428,153.063572770504,-0.9284705469477021
11672,15824.60948,37877.576587529904,139.3586813968562,-0.872792999912761
11673,3699.729307,10399.859274059552,181.09784287144205,-1.033532618011785
11674,11328.44385,28356.527452568742,150.31264512617716,-0.9175405310544029
11675,14937.85476,37461.210260724794,150.78038890187196,-0.9194074255421878
11676,19735.22727,46546.86908577145,135.85676743904781,-0.8580545171573082
11677,26919.50643,61830.977231806144,129.68837631770108,-0.8315533186725261
11678,35630.56976,77801.92599994154,118.35723235412428,-0.7809622161525418
11679,47585.5712,102795.4454861361,116.02230023485795,-0.7702114581950497
11680,83940.22726,168658.6757551498,100.92711356706161,-0.6977720372394476
11681,112333.1373,216576.45995528545,92.79837202168612,-0.6564747522817829
11682,352151.709,570358.5993925007,61.963887953899075,-0.4822032105304839
11683,464122.8882,730375.5363364689,57.366842899963856,-0.4534094727850366
11684,612935.4401,947481.5617236438,54.58097211168974,-0.4355478643996076
11685,5087.998715,13475.785297893619,164.85433768222993,-0.9740098197510161
11686,6369.071906,16587.975621571466,160.44572688753476,-0.957224311416704
11687,14292.88492,36573.04762825986,155.88289441191316,-0.939549710128718
11688,18865.59454,46898.10133866131,148.59063539834412,-0.9106373230239999
11689,44941.79875,96304.6081748763,114.28739136720978,-0.7621478783965827
11690,59024.00756,123998.19355006736,110.08094617096067,-0.7423227284164984
11691,78448.13711,159043.19318089812,102.73673670273102,-0.7067380878650855
11692,103960.1688,200455.57938493203,92.81959783133021,-0.6565848395252445
11693,246460.9817,417890.1260723583,69.55630184944536,-0.5280148499815773
11694,326829.4738,556106.679723587,70.15193680600879,-0.5315215978267958
11695,570574.5907,888982.1012586651,55.80471260874624,-0.4434331948007699
11696,738571.5784,1134747.7988540577,53.640870030811584,-0.4294476802619904
11697,1273452.361,1921188.927769457,50.864609199892705,-0.4112126208003932
11698,11407.43847,7420.001080347484,-34.95471310355019,0.43008643720634865
11699,15024.61863,9506.928577832148,-36.72432684015389,0.457669240975072
11700,81756.19787,61488.94477397222,-24.789867464549424,0.28488422294616456
11701,107371.8379,82816.75453873823,-22.869202801698314,0.2596675403209101
11702,140813.7919,112782.57597943461,-19.906584108232796,0.22197653389692285
11703,180126.1356,144959.95881917945,-19.523084012035262,0.21719980059996757
11704,236908.6961,203848.1449897337,-13.954975758387242,0.15029948903945645
11705,403404.7337,376909.17125873535,-6.567985010549872,0.06793612658018766
11706,509831.2567,509099.5216010312,-0.14352495837645687,0.0014362805410215174
11707,664390.9501,714335.0341571475,7.517273383936103,-0.07248133131282053
11708,4545.305802,2625.7294070271496,-42.232062672839504,0.5487362817456205
11709,7866.340661,4797.998811301207,-39.00596200862643,0.49439406443777045
11710,25016.47785,16194.92407205429,-35.262972792733535,0.4348368574929182
11711,72182.55998,54424.78263808486,-24.601201934145017,0.2823788518723891
11712,124911.3615,98309.61785905286,-21.296496428747307,0.23948251349651528
11713,159953.2245,130738.25392452,-18.264696236542584,0.20168416284896296
11714,209965.435,176049.00333343964,-16.15334050890822,0.1761805376169221
11715,276700.0845,240821.6191242476,-12.96655381966549,0.13887770235677088
11716,454636.9802,433921.3384309411,-4.556523703801182,0.04663598497032595
11717,744708.3885,761513.2436740039,2.256568535215831,-0.022314846824732726
11718,27951.58221,19420.070979040334,-30.522462617187447,0.3641666887837314
11719,3242.714984,2259.4414363730525,-30.32253998512216,0.36129330624833944
11720,7637.332581,5408.284074276625,-29.186217610435826,0.34511653771421713
11721,13917.77511,10273.762666938275,-26.182435154046146,0.30357347665787415
11722,18458.8203,13495.897228632934,-26.886458564023542,0.31315659102596705
11723,31607.73467,23216.83417325817,-26.546984731259236,0.3085242322197903
11724,42475.29224,32789.879875116756,-22.80246198226804,0.25880262042790925
11725,55644.41232,43385.514570139145,-22.030779441720693,0.2488560454040023
11726,96185.16771,77977.1285827103,-18.930194291688775,0.2098596035830429
11727,123704.2162,100255.54068315789,-18.955437605239933,0.21017102957261535
11728,163485.1486,136453.7382139874,-16.534474609770502,0.18073650896348248
11729,363882.9184,334466.73028239905,-8.083970593328345,0.08429474956560767
11730,589160.7235,582305.566901372,-1.1635460961999986,0.011703682648068536
11731,999058.8286,1088418.222455891,8.94435755911512,-0.08566708479217588
11732,8328.923471,6584.062714534171,-20.94941516200934,0.2350822240299255
11733,27019.9168,20942.88807715361,-22.490923150608626,0.2547751358495667
11734,36365.80093,29014.257640954387,-20.215540703191138,0.22584144615174928
11735,47968.58108,38014.757285514606,-20.75071551081493,0.2325718017990912
11736,63647.06527,53151.58547724588,-16.490123697346906,0.18020528205200925
11737,84353.46108,69469.85854462344,-17.6443294025139,0.19412287202069933
11738,143014.9337,120657.70228760516,-15.632795005375606,0.16999142631207498
11739,189108.4728,164737.73071885275,-12.887176190630864,0.1379660820902373
11740,247268.3707,224263.61341727627,-9.303558404012136,0.09765206231591783
11741,419383.0823,396848.222600537,-5.373335418271116,0.05523088303272061
11742,682998.1217,696207.1529522788,1.933977683481941,-0.019155140108663815
11743,888162.8899,940205.8623986591,5.859620244268344,-0.05694369309607872
11744,3837.317295,3426.9654970558267,-10.69371559341363,0.11309832648786688
11745,6968.753923,5965.07067342523,-14.402621482474325,0.15551552810460478
11746,13075.33735,11029.315267026455,-15.64794871601186,0.17017105857232906
11747,17444.78788,14397.361557842025,-17.4689789472979,0.19199595056251262
11748,23032.48733,19039.06303594793,-17.33822420842322,0.19041289405303807
11749,55099.99859,46644.340616755144,-15.346022122729167,0.16659808646022256
11750,73281.71976,63336.75894244058,-13.570861669362419,0.14584531783661525
11751,282721.3116,260449.7356051994,-7.877572394086403,0.08205175873505155
11752,371433.0004,355336.5719480881,-4.333602139437661,0.0443030687204331
11753,618104.9588,618612.1549725084,0.08205664188378148,-0.0008202299382720213
11754,789550.7633,810095.0113714325,2.6020173782830494,-0.02568740911163836
11755,1026443.849,1124089.3484194418,9.512989874173018,-0.09087298522048393
11756,1333308.297,1468473.2851598398,10.137564467570382,-0.0965599845417362
11757,1813.318747,1833.24420113285,1.098839030138261,-0.010928456590978186
11758,2408.065724,2546.1841595341443,5.735658879971014,-0.05577200931379345
11759,3207.590302,3197.4629086102696,-0.31573213647066684,0.0031623162201519506
11760,5860.355069,5623.904491668648,-4.03474831383723,0.0411840216466377
11761,13508.58777,18095.939909511948,33.95878397962208,-0.2923619844080747
11762,19176.98412,26176.141624993492,36.49769672434547,-0.31113755468023996
11763,24486.76854,33441.90548501119,36.57133006498044,-0.31167685672621204
11764,7412.637139,11614.487593950307,56.6849607792505,-0.449066984162096
11765,17884.62337,27865.70843484072,55.808192648793344,-0.44345553046138164
11766,4202.251317,7771.138598971452,84.92798294889442,-0.6147962819432475
11767,5408.094452,9980.7694311088,84.55242451281062,-0.6127633808321846
11768,7136.429887,13209.626223069825,85.10132422281617,-0.6157331876598615
11769,32303.80897,55196.54390789174,70.86698339242855,-0.5357151929148252
11770,3370.386291,8095.177497971457,140.18545053984312,-0.8762411495494575
11771,6096.214678,14500.445814615055,137.85982909926412,-0.866511360817789
11772,10752.63196,24315.245218545075,126.13296269228091,-0.815952970782476
11773,25293.96953,53620.98898254258,111.99119781869437,-0.7513745680988144
11774,4081.184812,9947.31481464586,143.73595592626793,-0.8909153055172112
11775,9934.547897,23501.135463224873,136.55968753567197,-0.8610303686881302
11776,17351.43528,38550.26809658755,122.17336764654978,-0.7982878264576616
11777,23072.47482,50726.80098307083,119.85851703736232,-0.7878140491083236
11778,1015114.316,1624681.2063698021,60.049088143270964,-0.47031038308740847
11779,2969.136571,7032.332329931119,136.8477219477527,-0.8622472252131983
11780,3761.702528,8883.350355174904,136.15238815542259,-0.8593071231778637
11781,8627.340309,20046.460341558686,132.35968008177812,-0.8431163303138867
11782,18818.35834,42041.662373714564,123.40770440294722,-0.8038281870843385
11783,721189.0037,1127779.2938219698,56.377771712545844,-0.4471045074223703
11784,958858.1702,1468839.2915792034,53.1862935759134,-0.4264845997957938
11785,1271473.359,1924250.3244633023,51.34020000047066,-0.41436009680820796
11786,3872.840747,8797.660239098796,127.16297451460363,-0.8204975232944687
11787,5294.808001,11920.399704472005,125.13374804564523,-0.8115244753678006
11788,6577.297588,14875.398817125939,126.16277609615037,-0.8160848022429832
11789,8727.724909,19669.867174518768,125.37221761235011,-0.8125831498678355
11790,14588.14294,31599.11593069531,116.60821436052716,-0.7729200719618561
11791,18805.81886,40886.90912902868,117.41626585585799,-0.7766436058442938
11792,43471.32196,87080.02474474664,100.3160263331146,-0.6947260651310199
11793,74605.36783,144589.70051965406,93.80602860792041,-0.6616876203527617
11794,98147.3316,183734.43551920066,87.20268042335718,-0.6270216964537312
11795,129872.9578,236660.43168396625,82.22456444582973,-0.6000696110774655
11796,172578.6428,297970.6218334079,72.6578775907536,-0.5461418643236797
11797,228774.2378,388202.1570794437,69.68788129842636,-0.5287905712001884
11798,399689.1757,636877.0346782001,59.34307792118677,-0.4658894144663215
11799,8964.55787,19196.7993391024,114.1410610259399,-0.7614647755534243
11800,11489.5691,24356.03424386395,111.98387887204532,-0.7513400427361105
11801,14861.91455,30963.615697192225,108.34203825503911,-0.734010957831476
11802,19247.2399,39782.54189752897,106.69219121401908,-0.7260605016310002
11803,25233.15176,51188.10692741193,102.86053606888753,-0.707348542512154
11804,32865.70884,64688.63062663941,96.82712745239365,-0.6771556318765253
11805,43211.74875,83641.0796817258,93.56096918370098,-0.6604223630731827
11806,56143.83559,106657.27406798337,89.97147762911393,-0.6417037571620945
11807,96020.68342,176212.39293824584,83.51503724201034,-0.6071264249720194
11808,126229.3383,225570.6126652019,78.69903756375936,-0.5805328503975922
11809,165944.7636,285670.13709889434,72.14772608763073,-0.5431827948078425
11810,219965.4004,368470.6288737323,67.51299440897536,-0.5158907408290165
11811,290643.423,472162.315699155,62.45415458761472,-0.4852256503621053
11812,383298.3837,603778.193281433,57.52171648967821,-0.4543931452468293
11813,653385.9793,977858.3257963085,49.66013302641256,-0.4031967575212203
11814,863968.3418,1255289.7492041762,45.293489179116605,-0.37358557408049897
11815,1129886.756,1646062.6709077877,45.68386275586964,-0.3762687644275502
11816,18498.75975,22173.976505854414,19.867368437251116,-0.1812156825174327
11817,13520.59942,18349.808507284564,35.7174185646021,-0.30540473344497165
11818,7403.295743,11629.928515068059,57.09123232128671,-0.4516565481762047
11819,9745.380758,15211.618744935431,56.090553285444365,-0.4452661226325194
11820,17974.2202,27598.88528162876,53.547052247800785,-0.4288368633702877
11821,11698.70074,19733.198323568096,68.67854612347402,-0.5228246237131771
11822,14909.88956,25011.38905960312,67.75033080528814,-0.5173065618753956
11823,20913.09765,34681.285113556965,65.83523729473413,-0.5058245630508154
11824,27483.42334,45846.20190948907,66.814014914814,-0.5117093226779499
11825,7078.374637,13207.442980984388,86.58864016530845,-0.6237362225725924
11826,3356.681843,8049.25928583306,139.79810009753913,-0.8746271337112965
11827,18922.89539,41207.4286384782,117.76492333332187,-0.7782459616479205
11828,2456.071198,6066.825714593923,147.0134302105815,-0.904272522483903
11829,7154.581671,17144.774596539428,139.6335017885552,-0.8739404943041187
11830,17305.01518,38968.63720624174,125.18695765883604,-0.8117607941191469
11831,3847.705738,9594.226273650378,149.3492727080882,-0.9136844292485868
11832,6496.784177,15020.676051645865,131.20170906742229,-0.8381203429429398
11833,14447.29018,32638.49405201205,125.91429704371073,-0.8149855247426405
11834,3881.689586,8812.542759127698,127.0285287858074,-0.8199055010670779
11835,6592.845097,14895.997747898338,125.94187378490953,-0.8151075845617299
11836,14646.01458,32071.08121182483,118.97480052778174,-0.7837864711246123
11837,25210.02394,52210.48255294816,107.10207446533731,-0.7280415990959561
11838,43753.96556,87516.87870490114,100.02044976903608,-0.6932494241780685
11839,98562.76908,184491.6442808832,87.18188013887647,-0.6269105792406133
11840,130171.8052,233973.14081236775,79.74179619994065,-0.586351169515563
11841,229583.4706,392509.9412065723,70.96611536569928,-0.5362951951229782
11842,530127.7567,837666.479673937,58.01219028566608,-0.45750199776942857
11843,905653.3989,1358408.0235716698,49.99204168190416,-0.4054120512467012
11844,1196346.347,1754735.5005697205,46.67453994154423,-0.3830459322349302
11845,5461.625574,11848.606783785292,116.9428611179506,-0.7744638200589566
11846,6800.827435,14457.686968249085,112.58717569929173,-0.7541819568364421
11847,9018.568938,19166.366359309875,112.52114932061824,-0.7538713236386485
11848,14830.51356,31154.817480094323,110.07241154563445,-0.742282102177672
11849,25249.96539,51527.818887233516,104.0708495689289,-0.7132970493692881
11850,43210.91177,85021.1208637556,96.75845146776823,-0.6768066557503651
11851,56138.04951,106496.35705090148,89.704412569466,-0.6402969514597139
11852,126432.2403,223225.4744660041,76.55739860049295,-0.5684758420530986
11853,166077.3191,283471.0660945911,70.68620063881505,-0.5346566007016769
11854,220588.8026,371699.47515913675,68.5033287175279,-0.5217853186093642
11855,655183.2312,987281.4040113391,50.68783158614805,-0.4100401704396255
11856,865558.7755,1277602.0471270827,47.604308718268285,-0.3893649176103917
11857,3759.337281,3158.301485382666,-15.987812497032875,0.17420830834817735
11858,4951.190929,4202.420192993329,-15.123043056590465,0.16396754360437704
11859,6829.380133,5663.897081176764,-17.065722351455403,0.18712172741856747
11860,12821.65445,10645.18966666592,-16.97491374316425,0.18602737979976602
11861,17415.29009,14407.730945832987,-17.269647124017627,0.18958362740186097
11862,30610.11465,25511.42712581956,-16.65687169904292,0.18220402408970848
11863,130633.1061,115026.94492373675,-11.9465590631495,0.12722627245851115
11864,174871.1633,156688.5511061416,-10.397719012519657,0.10978940888168509
11865,235464.5518,218782.51545125837,-7.084733655752602,0.07348222272999294
11866,403995.3023,400180.5854909505,-0.9442478136086687,0.009487340966975566
11867,6693.631905,5028.343796561415,-24.87869264508929,0.28606594768639937
11868,8734.744218,6650.047080022012,-23.866722206724475,0.27268472638500363
11869,16086.41875,12821.706430056278,-20.294836101688094,0.22683581059304636
11870,20799.74458,16866.749615465014,-18.90886183437443,0.20959650129801943
11871,36858.6067,30639.561901274985,-16.87270723319287,0.18479710523537562
11872,49369.63896,41794.198332391956,-15.344330619362587,0.1665781052790667
11873,65807.74991,57923.08285422436,-11.981365517828625,0.1276216384476907
11874,87358.70058,77607.63948446461,-11.162094938220509,0.11835676826444441
11875,114239.4768,99990.4130764103,-12.472977050250025,0.13322260659240825
11876,273856.7634,259019.82229367294,-5.417774212373917,0.05570061566349693
11877,2717.587015,2390.573057025399,-12.033247000725789,0.1282112497232939
11878,4833.256338,4273.866068564132,-11.573776152484063,0.12300161047758706
11879,8820.795915,7739.787098630402,-12.255229877060343,0.13073792515683103
11880,11901.95859,10550.324222674195,-11.356402873569444,0.1205463825125328
11881,20847.2566,18736.78372486289,-10.123504092798049,0.10673372577716833
11882,27859.80623,25063.99095915862,-10.035300489027774,0.10575282025507882
11883,66689.56128,61564.611321222816,-7.684785835162086,0.07996122420766127
11884,86964.3008,79164.0404453796,-8.969497003787087,0.0939755378768794
11885,116796.0576,107706.06136307251,-7.7827937207081614,0.08102345375546172
11886,157282.8139,149758.50140315117,-4.783938124118747,0.049021541238287725
11887,209705.7951,197682.16882910635,-5.733568910272639,0.05904503968505992
11888,276796.4178,268770.87334843236,-2.8994394202624814,0.0294230374866995
11889,476243.6609,453114.6982096663,-4.856539748292893,0.04978432554120005
11890,825505.555,856350.2331862279,3.7364591915105647,-0.03668345078828139
11891,2999.645379,2922.9034025605315,-2.558368298357062,0.025916636460196152
11892,13410.34427,12518.467605977183,-6.6506619521917525,0.06882140710414753
11893,17777.07486,16570.259076430153,-6.788607198168976,0.0703002314042962
11894,24055.40806,22419.066484359868,-6.802385440973199,0.07044805948432575
11895,32134.82833,29984.204323043276,-6.692501932393938,0.0692697162234257
11896,43210.14994,40408.901587293665,-6.4828480266697674,0.06702532295213359
11897,57860.50677,54773.05113076301,-5.336032834122708,0.05483675275498712
11898,76042.26185,71428.33933233576,-6.067576641480761,0.0625945626922082
11899,136063.4484,129722.47553591723,-4.6603058636596835,0.047723944352279446
11900,182285.5508,176511.6588941582,-3.1674984004501776,0.032187487734516296
11901,240388.9145,231793.81532511665,-3.5754973114134017,0.03640983940166542
11902,417078.774,399929.3580323893,-4.111793032078555,0.0419871838405701
11903,959861.6229,986148.0228016812,2.738561400367581,-0.027017336620581034
11904,1912.768451,2026.8521283675861,5.964322409643625,-0.05793227042676552
11905,3445.707926,3569.8636046514894,3.603197987695296,-0.03539801196796333
11906,4543.989276,4679.83242092326,2.9895128855330375,-0.029456980412568612
11907,6282.595709,6589.997758042176,4.8929147008745755,-0.04776978376670016
11908,11431.70354,11392.808997187509,-0.34023400516290536,0.0034081411725370714
11909,15256.33935,15312.723145838403,0.3695761777768982,-0.003688949230086891
11910,20698.33584,20430.081093812056,-1.2960208408133742,0.013044924665399193
11911,50441.36474,49401.09946590004,-2.062325790473755,0.020838887090778968
11912,66260.10765,62942.21328276809,-5.0073784738741125,0.051370965549921266
11913,210226.0167,205588.15695835176,-2.2061302470790958,0.022308292374860983
11914,282011.5503,276293.03412143036,-2.0277595625024443,0.020486008285311996
11915,490966.9664,474301.59312989283,-3.394398077798487,0.03453345553796794
11916,650168.9132,640640.8732152013,-1.4654714784660425,0.0147631558701935
11917,848577.0073,854381.7544042852,0.684056609400094,-0.006817275574986681
11918,1119593.65,1174166.857762388,4.874376320586317,-0.047593031898033544
11919,1642.085648,1935.6061445818239,17.87485914265928,-0.1644533599926783
11920,2170.157042,2523.434822491637,16.27890395277842,-0.1508214637274614
11921,2982.039317,3381.3414340940913,13.390236500831856,-0.12566510372266393
11922,3941.473586,4392.9736198917,11.455107437365934,-0.1084516999571985
11923,7473.278979,8327.625704526112,11.432019705497897,-0.10824453023639435
11924,9972.971567,10502.873864463683,5.313384219575031,-0.05177033067360881
11925,24346.57918,24972.792765425347,2.572080376448789,-0.025395588629672616
11926,44353.79075,45969.35133617723,3.642440835064875,-0.03577672051943459
11927,78416.91369,78700.03758241609,0.36104952247335276,-0.0036039930329057057
11928,140005.0991,139523.53944096641,-0.34395865731263014,0.0034455155504140578
11929,185083.8297,184872.45718090827,-0.11420366621673168,0.001142689282961129
11930,323521.3938,312512.70912435604,-3.402768684425709,0.034620106509821724
11931,434143.2067,418258.5776813894,-3.658845462388431,0.03727460086766854
11932,578395.1537,571017.3931672397,-1.2755571144683149,0.01283762192543314
11933,1000097.964,1015488.3646126017,1.5388893055082413,-0.015271684979191846
11934,1127.125839,1368.0925533584725,21.378865253613665,-0.19374658566619374
11935,1495.717073,1845.8822293637636,23.411189367614014,-0.2103515969608578
11936,1902.728243,2394.263479100538,25.83318127057086,-0.2297868855863534
11937,4793.598385,5734.023232618177,19.618348724434835,-0.1791360611895758
11938,6479.337988,7731.959125833049,19.33254817317687,-0.1767439321684705
11939,8780.123324,9887.913409903646,12.617021937215393,-0.11882269002591173
11940,15939.08856,17527.524415198433,9.965663025329432,-0.09499797675883848
11941,39205.18305,41492.81466403689,5.835023423100399,-0.056711312901166266
11942,51451.32132,52477.677743839246,1.994810623921296,-0.01975174976587546
11943,93895.85886,96657.13690771305,2.940787891221232,-0.02898376209513387
11944,125672.851,124949.68109168831,-0.5754384519467006,0.0057710047803158915
11945,288010.8845,286661.82494677434,-0.4684057533338263,0.004695062108314829
11946,388174.0265,378820.7352112885,-2.4095613436700356,0.02439066195467099
11947,517187.3,504488.3633106767,-2.4553844785676833,0.024860317557381606
11948,688358.8371,679423.893048577,-1.2980067328059866,0.013065044542910798
11949,914449.2729,900361.6764034809,-1.540555273431729,0.015525451257849099
11950,2310.120916,3049.296488693472,31.99726765702649,-0.2776110368160598
11951,3066.381022,3922.030728414861,27.90421999992606,-0.24611151657879482
11952,4250.680947,5419.333954252494,27.49331276150691,-0.24289372830553901
11953,34656.83793,38109.18612498335,9.96152101918939,-0.09496030969045322
11954,45636.49288,48054.26254299538,5.2978866481980615,-0.05162316313275461
11955,83514.10842,86872.74009511805,4.021633875592827,-0.03942870955507516
11956,111400.3845,113299.02182264748,1.7043364178401756,-0.016899755467523647
11957,148249.2537,151016.49945394526,1.8666169878636354,-0.018494094951460482
11958,345551.9177,336735.0267643005,-2.5515387078112326,0.025846549875048197
11959,936.1319438,1265.0462353611517,35.135462873535126,-0.30110751804514013
11960,1203.002226,1681.5751619152197,39.78155032235324,-0.3349106631594454
11961,2150.512873,2858.189853458442,32.907358488453085,-0.28448214680970896
11962,2712.553111,3678.013984676849,35.59233069987431,-0.30448262965821105
11963,5113.06883,6620.93505174923,29.490434646647035,-0.2584368286909857
11964,9206.260811,11172.014692647579,21.35235924772867,-0.1935281876743833
11965,12486.32934,14917.590046012958,19.471380577992647,-0.17790666362923702
11966,16695.4583,19609.56646634705,17.45449639047675,-0.16088080782785852
11967,22535.25481,26228.442451935643,16.388488495354384,-0.15176344833068534
11968,54726.14046,59374.623299675084,8.494081257333894,-0.08152543488083275
11969,74132.84633,78443.50261276329,5.814772393298565,-0.056519949334898456
11970,99046.21188,103445.43048442445,4.441581884781563,-0.04345770407801375
11971,176396.1068,180219.3271495814,2.167406310115563,-0.021442520270847254
11972,225526.5985,224862.75017947392,-0.2943547789668237,0.0029478885467071336
11973,1172.114314,1635.7620131458834,39.556525639860375,-0.3332995349207115
11974,1520.589975,2117.767000257768,39.272718818086894,-0.3312638308084299
11975,3492.280577,4871.417552665411,39.49101297153338,-0.33282999005493963
11976,4751.143589,6548.798592612932,37.836259206623865,-0.3208962671998279
11977,6471.9032,8292.793947239781,28.135321109867363,-0.2479167156640436
11978,9263.166963,16617.47337980702,79.39300291339269,-0.5844087601635639
11979,5058.513545,10534.236644127861,108.24767098904469,-0.7335579112702462
11980,5101.855981,11915.612953432019,133.55447503432808,-0.8482451617027174
11981,23373.2337,50778.80222680959,117.25193389398056,-0.7758874798162037
11982,2852.551507,7425.86907288921,160.32375067256618,-0.9567558653097201
11983,5047.18069,13149.774311032217,160.5370229182783,-0.9575747876338596
11984,8699.268505,22229.86286141441,155.5371506079799,-0.9381976166393322
11985,1012015.631,1628028.1602342352,60.86986310928187,-0.4754255484737602
11986,1823915.31,2794906.16614839,53.2366196404366,-0.4268130743504397
11987,3549.103085,8966.984290109698,152.65494056816604,-0.9268545005484032
11988,4824.448796,12358.196119966171,156.15768023514892,-0.9406230072978108
11989,905089.9922,1448848.3257158126,60.07781968664803,-0.47048988404625725
11990,1649085.283,2576370.5477231075,56.23027955450546,-0.44616088381199326
11991,8523.256722,18211.657117005077,113.6701698776436,-0.7592633778132605
11992,650625.101,1032522.8425011963,58.69705010062258,-0.4618268534737364
11993,867128.5358,1357037.7474535925,56.497876776896696,-0.44787225697929856
11994,1152058.318,1721785.924733529,49.45301794466356,-0.40181189621253033
11995,4098.810689,7986.56569927652,94.85080686234446,-0.6670639867290049
11996,5520.772773,10814.450017868401,95.88652644350377,-0.6723653588712448
11997,6839.301986,13485.532340284888,97.17702724473449,-0.6789317546922504
11998,8970.997586,17684.755293598777,97.13253876243745,-0.6787061021272542
11999,14721.69976,28972.189677021186,96.79921577901537,-0.6770138137593964
12000,18767.03061,37155.40577723578,97.98233694699438,-0.6830076333888186
12001,24872.62949,47648.52998365766,91.570135368336,-0.6500837977146343
12002,32059.53306,61477.163634427656,91.75938563849955,-0.6510712003286674
12003,41856.71217,78712.67513135563,88.0526946590216,-0.6315520283072242
12004,54184.37551,101464.49512889769,87.25784725556522,-0.6273163434380162
12005,120140.2489,214792.30660490476,78.78463593303306,-0.5810117442730647
12006,158431.1485,275047.3422641842,73.60686005768883,-0.5516231319187437
12007,477817.2712,746806.3900010946,56.29539470717536,-0.4465775865597994
12008,819326.2516,1222866.70868746,49.25271908466458,-0.40047078444137973
12009,7270.813797,13300.590344087892,82.93124697507493,-0.603940196670802
12010,9547.395975,17430.057298942964,82.56346908187146,-0.6019277023655487
12011,12083.67726,22176.028991847856,83.52053364794895,-0.6071563752350198
12012,33017.98908,59545.70467692564,80.34321997215234,-0.5896916269323249
12013,71378.04947,125869.05729623055,76.3414078009136,-0.5672517470851819
12014,119806.2267,204520.0789214734,70.70905624429736,-0.5347904959744163
12015,155827.8096,257807.00492987037,65.4435146022038,-0.5034596490751575
12016,268586.3849,429537.76266613766,59.92536733612279,-0.4695370662729239
12017,352764.7975,552725.8881686615,56.68396962672034,-0.4490606583752417
12018,597269.9482,882437.8088022674,47.74522164754504,-0.3903191289801846
12019,9683.175702,19688.4257849061,103.3261234828113,-0.7096410236012396
12020,4312.670346,9905.276304601823,129.67849406317276,-0.8315102931294707
12021,8152.637996,18120.622703246747,122.26698538727494,-0.7987091101753574
12022,3847.865847,9090.617435968248,136.25089328558,-0.8597241614815978
12023,5018.259561,11749.640017909594,134.13774985302308,-0.8507394307542651
12024,2854.470178,7322.149119512158,156.51517314650883,-0.9420176314404571
12025,3525.904926,9451.920975908743,168.07078393436925,-0.9860808788075346
12026,8782.826627,22399.483062893436,155.03729054645535,-0.9362395859157626
12027,2755.931962,7153.7873430117,159.5777922550796,-0.9538862491697842
12028,3514.937998,8976.43652031217,155.3796546459643,-0.9375810936931916
12029,4815.001134,12355.644640171124,156.60730488565494,-0.9423767337759834
12030,8360.011187,20993.659680901525,151.1199950730583,-0.9207607069257371
12031,14392.08116,35676.06375580614,147.8867604982721,-0.907801845004327
12032,4081.333922,8085.2264063367875,98.10254590427478,-0.6836146192455175
12033,6841.303313,13515.56041824357,97.5582692344746,-0.6808633889376896
12034,11534.60232,22853.862473954097,98.13307680601595,-0.6837687240258639
12035,14724.60946,29036.157907932477,97.19475743523371,-0.6790216708130288
12036,24799.86214,47587.4468101789,91.88593283921739,-0.6517309096967363
12037,31922.22051,61590.75469350339,92.9400703005901,-0.6572094381192866
12038,41796.96567,79878.54013286828,91.11085901195345,-0.6476834873588189
12039,91647.65393,166499.81331524337,81.6738412555711,-0.5970428123771416
12040,119980.8219,214636.9126329908,78.89268404235762,-0.5816159095727738
12041,275763.8086,459058.64637748257,66.46805420480494,-0.5096332383858417
12042,478769.5754,757883.9925967309,58.29827782259094,-0.4593109016393857
12043,620792.54,966987.7803988406,55.766656023095976,-0.44318890671995703
12044,819095.3234,1243222.8010982797,51.77999014055653,-0.4172618530288936
12045,1082809.902,1582633.2919894338,46.15984662369977,-0.3795306767085034
12046,5861.451138,10645.348085178379,81.61625567710018,-0.5967257898134157
12047,9582.18339,17396.328408879563,81.54868990541792,-0.5963536956821738
12048,12064.09136,21953.283999957875,81.97212989240721,-0.5986833569034307
12049,19735.57606,36460.85496887336,84.74684933454819,-0.61381632002524
12050,25582.36131,46745.15159919312,82.72414744185755,-0.6028074385683695
12051,32856.18619,59416.587635189215,80.83835808452123,-0.5924333970148847
12052,42743.32583,77228.65693794307,80.6800370310423,-0.5915575297520341
12053,92024.51179,161402.43576624073,75.39070039791267,-0.561845873148247
12054,119625.3237,204711.42980878075,71.12716896145022,-0.5372367722601403
12055,268555.0797,426792.21826981386,58.92167027582531,-0.4632412550706153
12056,352287.3771,545065.8079972237,54.72192403944742,-0.4364592812616461
12057,597870.3929,897085.6287280131,50.046839479147785,-0.4057773225584782
12058,1916.313493,1926.4953649613444,0.5313260068635499,-0.005299194503031401
12059,2509.555779,2626.164434579467,4.646585525424469,-0.045418634807598224
12060,15926.32537,16204.51619570928,1.7467357927604616,-0.01731655715918734
12061,42244.58924,40393.22429637271,-4.382490105677945,0.044814224811696945
12062,57432.66581,55612.272079236674,-3.1696138514370733,0.032209334470476136
12063,79226.24191,76694.46554584417,-3.19562849772919,0.03247803257782422
12064,1949.733383,1718.354403532189,-11.867211254894483,0.12632554583801614
12065,2561.866968,2355.791841543468,-8.043943305042527,0.08385936766760693
12066,6064.333103,5706.28478794541,-5.9041663604768795,0.06085641625875837
12067,8387.126495,8153.2448511730645,-2.7885789485393464,0.028281980894913517
12068,11327.64655,10998.351203910242,-2.907005834232681,0.029500964006803798
12069,14921.93335,14399.345535388566,-3.502145481781245,0.035649410862133024
12070,19855.28488,19386.51659258269,-2.3609245107809698,0.02389240907412571
12071,27376.71904,26717.730670805417,-2.407112292133102,0.024365567069953187
12072,37208.23749,35045.609791002025,-5.812228272245352,0.0598798246393315
12073,50827.77506,48012.47411790432,-5.538902575948561,0.0569821037170648
12074,68707.13091,65277.287937610614,-4.9919752534597475,0.05120882693881157
12075,125669.687,117967.26834489641,-6.129098304433269,0.06324973389469335
12076,173161.9037,158819.17791664097,-8.28284136227074,0.08646070713360743
12077,12622.30058,12887.794654495576,2.1033730959968677,-0.020815575816017784
12078,1859.902203,2014.8946783389497,8.33336694203322,-0.08004301790764057
12079,2480.413041,2679.1420995499193,8.011934111981615,-0.07707153606820505
12080,3340.096847,3596.557635071214,7.678244069526354,-0.07397737284303396
12081,4416.322821,4761.061090353388,7.8060024895401146,-0.0751631526577885
12082,6139.356219,6577.393048794839,7.134898418814798,-0.06891858730355516
12083,8370.705238,8996.812864391635,7.479747626870561,-0.07213224966256959
12084,14683.06299,15566.578823123926,6.017244724248952,-0.05843158096985057
12085,27639.6769,28224.911169522245,2.117370154649843,-0.020952653553099054
12086,37570.06085,38934.02579902857,3.6304571197641975,-0.03566108827390302
12087,51371.15494,51884.070481192386,0.9984504763255878,-0.009934988916922904
12088,68553.91315,68155.9260305654,-0.5805461732925024,0.005822378932435868
12089,93111.11238,90783.04054263796,-2.5003157817091126,0.025321046776294764
12090,174477.649,169875.16669293042,-2.6378635506887105,0.026732793739892458
12091,235088.0174,228220.40939617934,-2.921292237594357,0.02964811627714603
12092,550846.7318,526648.2924835687,-4.39295323353524,0.044923657700969954
12093,2123.482628,2420.500831659044,13.987314976943788,-0.1309169840831288
12094,9460.240303,10760.928997589597,13.749002698981405,-0.12882410432305136
12095,17463.98513,19216.009336655618,10.032213115241106,-0.09560298343535045
12096,32089.10809,35097.002687594206,9.373568717329233,-0.08959907259107425
12097,44001.4247,46482.43903742804,5.638486377074145,-0.05485257321507575
12098,109607.1684,110466.47677135983,0.7839892079173827,-0.007809319810167636
12099,149628.1545,149399.63264269274,-0.15272650930628395,0.0015284325512254782
12100,360596.9391,338537.3140023648,-6.1175297695795665,0.06312650271381237
12101,491235.6584,453864.2714453858,-7.607629111521802,0.07912577689123523
12102,864144.9313,838659.9877514369,-2.9491515399186796,0.02993513390658542
12103,2476.117395,3066.021627782789,23.823758678565753,-0.21368906763132411
12104,3263.194468,3943.306231439604,20.84190109136958,-0.18931290270859513
12105,4505.265789,5598.272550415961,24.260649928459983,-0.21721118902537562
12106,6065.647871,7479.864377005273,23.31517648373019,-0.20957330244499417
12107,15004.20718,17376.94977225182,15.81384850120299,-0.14681396182091788
12108,37887.24405,41771.8740995227,10.253134391079302,-0.09760875778580314
12109,50393.20875,52671.959118388506,4.5219394138868125,-0.0442268099254548
12110,69306.62938,72333.74184024516,4.367709824189924,-0.04275014874779792
12111,128960.6629,131272.2292788443,1.7924585116600629,-0.017765833966288724
12112,173967.1482,171950.49266254986,-1.1592162993507835,0.011659875916423701
12113,429300.4995,397412.0795470023,-7.427995073413071,0.07718341265170103
12114,1009966.693,971040.5572451832,-3.8541999478409354,0.03930439611214709
12115,1289.284448,1653.6352263604858,28.259921922247965,-0.2488886589865178
12116,1621.239135,2137.251330529474,31.82825928572679,-0.2763298234598137
12117,2189.815628,2898.2346464318157,32.35062392347744,-0.28028445686716275
12118,2878.471542,3780.3293692587827,31.33113578160164,-0.27255170187434175
12119,5375.402651,6984.864279524305,29.941229206799836,-0.2619120792225349
12120,13147.84973,16055.50149770208,22.11503650720596,-0.19979333666350207
12121,18060.97898,21328.675238228752,18.092575501290753,-0.1662986690349193
12122,24368.24836,28353.824082025487,16.35561023158205,-0.1514809211760042
12123,33347.44142,38924.15821698537,16.7230724742821,-0.1546340413402465
12124,83444.60109,88131.08900232092,5.616286555515158,-0.05464240213744809
12125,273776.9634,264342.8424119551,-3.44591483187036,0.03506686658319502
12126,376417.6698,355971.1018112762,-5.431883152453368,0.05584979794790712
12127,898482.6449,880961.3903595852,-1.9500938209401784,0.0196935902145281
12128,910.283677,1171.4999760292192,28.6961422718359,-0.25228395358693323
12129,1522.094903,2007.5901038477236,31.896513147165024,-0.27684743780701737
12130,1968.37775,2728.1339134360173,38.59808735574344,-0.32640810093038297
12131,8668.730977,11158.599496959185,28.722410772295742,-0.2524880453296632
12132,16004.45768,19674.10656967619,22.928917449430198,-0.20643609541656005
12133,21698.88022,26372.04936141742,21.536453006040972,-0.195044056535167
12134,29558.41874,35519.42341456414,20.16685915101877,-0.18371108387904833
12135,242325.6174,237278.53757026978,-2.0827677584739788,0.021047633130843124
12136,332366.1954,321359.32343584555,-3.311670114617942,0.03367747452026926
12137,450711.9339,427307.31016812066,-5.192812076076991,0.0533249576191448
12138,816036.4185,772200.8795907428,-5.371762572782439,0.055214261582262836
12139,1077.558688,1487.820886158932,38.073304287527755,-0.322614548626718
12140,1431.846782,1952.3619748813833,36.35271590681853,-0.3100748417469994
12141,1901.300034,2585.6124439002747,35.99181600289576,-0.3074245214879898
12142,2383.522458,3289.8466967031795,38.02457307088565,-0.32226154904834825
12143,5944.045581,7743.413762709601,30.27177630436142,-0.2644526691881133
12144,10669.95846,13875.201739574093,30.039885268438933,-0.2626710271682242
12145,48123.27576,53995.027141742234,12.201478991217861,-0.11512598875353675
12146,65872.55955,72747.39381334902,10.436567685108281,-0.09927112204245603
12147,88974.27579,98079.81945207363,10.233905902830646,-0.09743433947739
12148,119895.7554,128740.46618582547,7.377000758965546,-0.07117582752075435
12149,293583.1276,284760.83056608675,-3.005042253631628,0.03051119083202103
12150,397395.6693,381559.80645450496,-3.984910775044285,0.04066482744502409
12151,723248.2324,675744.4086917323,-6.568121646233788,0.0679375889888032
12152,815.8347314,1059.5378449600325,29.8716276937401,-0.2613762973096989
12153,1338.779098,1801.5912837966744,34.56972001490528,-0.29691224317246245
12154,4117.936993,5652.12509869293,37.25623068786302,-0.31667929000403383
12155,5516.370235,7354.4947638064,33.32126834315717,-0.2875915809312257
12156,13085.95224,16835.473367804978,28.653024701891905,-0.25194886355455104
12157,23758.18581,29487.55862378309,24.11536326722201,-0.21604129603982258
12158,31695.48972,36630.77914022843,15.570951778398411,-0.14471445647974157
12159,43226.4732,49718.959394276295,15.01969907245705,-0.13993322398786034
12160,144372.6816,154581.81919177386,7.071377686298962,-0.06832550725442843
12161,188031.5536,192946.11435105302,2.6136893818937255,-0.02580116262307719
12162,257013.6628,253309.21804513453,-1.4413415670232832,0.01451829797392179
12163,348106.0879,338192.1952611512,-2.8479515249663647,0.02889292469436633
12164,635849.4821,606872.1393658714,-4.55726450203687,0.046643746643932005
12165,1043.451185,1378.4993627824538,32.109616875125205,-0.2784618228534974
12166,2274.951247,3070.3089042658494,34.961525365200465,-0.29981955453607956
12167,3969.506426,5468.108582595084,37.7528588133613,-0.32029101546559424
12168,5363.535855,7051.7740567652945,31.476217320174776,-0.2736557923923506
12169,9387.155315,12302.491718964005,31.056654610854338,-0.27045952166688103
12170,16682.72305,21495.96209920995,28.851639116612628,-0.253491472151703
12171,54736.14801,63444.403074829985,15.909513879637707,-0.14763964795706563
12172,133060.9891,144121.33918723807,8.312240997191015,-0.07984799022985811
12173,235812.523,239522.07122809114,1.573092124582015,-0.015608472786158956
12174,430981.9429,414354.49900056917,-3.8580372503654736,0.03934430819463408
12175,581615.0665,547786.5453300308,-5.816307574963607,0.05992313589920961
12176,1334.161289,1727.6752712754694,29.495233111614404,-0.258473884525074
12177,1758.735177,2227.6911222903573,26.66438651044035,-0.23637077666884032
12178,2219.775741,2866.4316010331486,29.131585145706335,-0.25566173837559614
12179,6762.932056,8540.667376251908,26.28645838123896,-0.2333826197360125
12180,9029.596784,11319.997164977654,25.36547794732243,-0.22606310883407588
12181,11891.44498,14964.581714098453,25.843257394430232,-0.22986695763376552
12182,5121.032139,11979.35873978087,133.92469358960352,-0.84982905530706
12183,3841.471709,10086.71850868449,162.57432756963433,-0.9653640086096669
12184,3150.946499,8804.605539292827,179.42732579201518,-1.0275720577418852
12185,4053.384737,11491.241924944825,183.49743906742364,-1.0420329038670424
12186,8340.362868,21101.907723969685,153.0094680284561,-0.9282567250765794
12187,14208.72706,36111.293418792804,154.1486881006553,-0.9327492959818198
12188,967788.8208,1549717.9419650969,60.129762677363715,-0.4708143172828958
12189,5121.22529,12084.682694340792,135.97248724710548,-0.8585450327801887
12190,8348.80562,20361.64162804111,143.8868810080299,-0.8915343293821749
12191,14134.61363,34054.718992722315,140.93137516290437,-0.8793419565920892
12192,1179031.86,1849602.6788739332,56.874698778193576,-0.4502772037571088
12193,643510.2788,993638.8043032037,54.409158180987205,-0.4344357644872403
12194,1134981.049,1642305.6737020663,44.6989511542114,-0.36948519920712286
12195,6613.14714,10507.170369245101,58.883057443132905,-0.4629982578492733
12196,8147.125647,12910.388251944616,58.46555965045884,-0.46036709444695667
12197,13283.80433,21804.073907920865,64.14028215304842,-0.4955512551899943
12198,35355.58332,58907.9824888449,66.61578443120113,-0.5105202837416769
12199,45465.94402,75530.65955237538,66.1257919095449,-0.5075750979838123
12200,96481.91325,162563.03560686597,68.49068403695443,-0.5217102746613964
12201,278232.1374,435419.2531582533,56.494953180866204,-0.4478535754265547
12202,478232.395,727995.4783334596,52.2262995867228,-0.42019804074533873
12203,617410.5822,911299.8670822973,47.60029927493157,-0.3893377537841616
12204,818099.1759,1183651.073641666,44.68307859368251,-0.36937549950974535
12205,1073646.719,1529824.4112805116,42.48862164878572,-0.3540919624538894
12206,7010.305802,10356.084825123362,47.726577379389504,-0.39019292899601155
12207,8559.761966,12684.965233017208,48.19296708720193,-0.3933450701959007
12208,11077.00552,16650.52364556143,50.316108586370255,-0.40757028125123185
12209,13929.70291,21251.861784374592,52.565075663732095,-0.4224210447016894
12210,22279.33652,34534.87925376073,55.008562408306084,-0.43831017074932
12211,97580.1519,155178.47103787682,59.02667501163915,-0.46390176952956885
12212,125403.8592,195152.55218261995,55.619255601521346,-0.4422421687521716
12213,161832.5842,250180.22335005083,54.59199677666076,-0.4356191815332817
12214,209240.4666,323001.3151795209,54.368473951549156,-0.4341722465025182
12215,357218.4982,527553.4764744007,47.68369475060986,-0.3899026030789621
12216,1037205.984,1422389.2288343075,37.1366199941156,-0.31580746917469327
12217,4372.538746,12208.457420354569,179.20752975654864,-1.0267851535785475
12218,6228.189046,15792.711358949844,153.5682722908447,-0.930462919484933
12219,3692.790187,8748.153408996484,136.89819800196744,-0.8624603185709674
12220,5128.611973,11927.964184549033,132.5768501759303,-0.8440505228146389
12221,14160.9385,33557.31904368826,136.97101038669334,-0.8627676286219668
12222,18528.79256,43984.75519063496,137.38597670735084,-0.8645172241283117
12223,8178.1508,12885.666485414928,57.5621042034946,-0.45464950696003115
12224,10691.02129,16990.40364853033,58.92217579271446,-0.46324443598410525
12225,17000.88579,27860.211349249887,63.875057413993055,-0.4939341064480711
12226,21599.18807,35558.84237177947,64.63045859195333,-0.4985331312596095
12227,162365.0547,262469.14269952435,61.653714947767234,-0.4802862993468562
12228,279739.9476,437921.3647722273,56.54588074721841,-0.44817894874071484
12229,365332.1849,565506.3364301646,54.79236700291189,-0.43691446518509913
12230,821390.5433,1195522.6811924619,45.548629813700686,-0.3753400703062635
12231,7032.701719,10312.401380559946,46.63498883649933,-0.3827762437222564
12232,11217.91265,16745.340611532614,49.27323053752441,-0.40060820266527664
12233,14082.73586,21650.335187239878,53.73671282676374,-0.43007129632512253
12234,17709.20994,27194.721057035156,53.56258776745382,-0.42893803583537427
12235,22449.9242,34466.59279276044,53.52654416873462,-0.4287032922698337
12236,76640.10262,120250.24735727491,56.90251349675829,-0.450454493359727
12237,126089.9491,193165.15322093444,53.19631310798463,-0.42655000515403785
12238,210693.4978,322195.592811445,52.921469421561326,-0.4247543318808056
12239,275821.515,414984.9064938056,50.454146585992596,-0.40848817793110825
12240,359274.2599,531114.6391267348,47.829861030001055,-0.39089183885817924
12241,469658.1155,679272.3621417028,44.63124126334888,-0.3690171533973654
12242,603182.1045,862315.4735106723,42.961050581147056,-0.35740203361299017
12243,793730.7934,1115832.1331199314,40.58067828516372,-0.34061136065316333
12244,9051.788055,11429.92247970134,26.272537649483645,-0.23327238227080116
12245,16993.55121,20161.847299472152,18.644108287429294,-0.17095813942334104
12246,48420.23128,51258.38278032717,5.861499264460289,-0.05696144305126971
12247,68854.54404,70569.57969965583,2.4908096968291846,-0.024602947076191484
12248,250482.2009,234675.6334700446,-6.3104553429989485,0.06518358613925912
12249,440075.7886,431088.825339787,-2.042139897948712,0.02063279875224211
12250,1887.645643,2215.9586949064674,17.392726920116505,-0.16035476821015404
12251,2437.573874,2932.454452315103,20.302177652692663,-0.18483653867984984
12252,3353.540191,4029.88722657772,20.16815058286325,-0.18372183080972704
12253,8517.533296,10135.359972306622,18.99407516336197,-0.17390351734077036
12254,11446.38822,13400.366964026733,17.070701311812854,-0.15760785101952557
12255,21657.33445,24668.79109051558,13.905019786567419,-0.13019475536895264
12256,42174.92392,45262.49786117513,7.32087613727965,-0.07065300331982982
12257,58624.37899,61406.10396881677,4.744996922340577,-0.04635860959561633
12258,157236.597,148223.36502092562,-5.732273625251755,0.05903129909780169
12259,289809.1065,273346.2097236759,-5.680600232044151,0.0584832935625581
12260,385365.7762,369489.9324858264,-4.119681791860595,0.04206945761077563
12261,497724.3603,472801.4470160385,-5.007372608593913,0.05137090380533493
12262,2581.461957,3392.549691779836,31.41970512408508,-0.27322587171168955
12263,3376.283844,4429.461838098052,31.19340798226003,-0.2715024452219712
12264,6346.098003,8382.797679404051,32.093731856035625,-0.2783415744222424
12265,8446.726077,10911.258703299087,29.17737125405171,-0.2560162449282384
12266,11466.37099,14533.876396694059,26.7521904652246,-0.23706373811079295
12267,22077.81264,26430.908287020065,19.717060371883225,-0.1799609425008537
12268,42304.31802,48751.50650772464,15.2400246345459,-0.14184693799553294
12269,57865.83547,62018.3404106777,7.176090878063154,-0.06930300491919539
12270,113902.6575,116907.12284765672,2.6377482436322595,-0.02603559568846414
12271,158006.8662,156299.66621407354,-1.0804593667249422,0.010863387166168081
12272,216576.3278,208439.67200805814,-3.756946049734368,0.038293382174829915
12273,390415.6102,360552.43830989546,-7.649072196372064,0.07957443279203247
12274,699528.605,669415.5261345679,-4.304767331913763,0.0440017041505083
12275,1672.878601,2287.781854571503,36.75719524440873,-0.31303686997668745
12276,2254.8444,3088.4627543484316,36.97010553581576,-0.31459250826148644
12277,4060.985155,5624.917063825942,38.5111456736153,-0.3257806105791552
12278,5489.0706,7512.908684247596,36.87032344323639,-0.3138637473742243
12279,7346.179841,9858.179652531535,34.19464083239199,-0.29412110356724064
12280,13664.75517,17748.61679871746,29.886094393284758,-0.26148768340781814
12281,18851.26972,23890.44663053178,26.731233414932966,-0.23689838567852384
12282,36095.7718,43446.54224706971,20.36463020599467,-0.1853555346748479
12283,96112.36336,102202.90093650382,6.336892948611621,-0.061442103574087525
12284,133504.7712,137426.4017782708,2.9374460126192274,-0.028951297482057825
12285,183754.9312,183510.08969401268,-0.13324350230406648,0.0013333235039034719
12286,337961.0654,316370.5481195157,-6.388462900284228,0.06601655048803856
12287,461321.1916,426999.84648176725,-7.439793736592952,0.0773108746759501
12288,611531.2733,577927.9094510678,-5.4949542756167995,0.05651695900498055
12289,817400.8936,782153.4347218736,-4.312138530077862,0.044078734968731936
12290,936.6107236,1203.6299626802756,28.509094798097994,-0.25082949248152975
12291,1508.071123,2127.23866113204,41.05691891376664,-0.3439933031726099
12292,3641.251222,5163.61904191074,41.8089202610569,-0.3493103334730794
12293,4881.65922,6923.922779636938,41.83543888663614,-0.3494973185112169
12294,6529.682936,9032.446853193382,38.32902671881558,-0.3244649129367403
12295,11981.27954,16123.714359929207,34.57422728598824,-0.29694573655864964
12296,16518.66381,21501.313281233346,30.163756152098532,-0.263623134466501
12297,31211.7419,38868.77411375076,24.532537268452682,-0.21939683929410947
12298,41966.91305,49422.57117880103,17.76556240845793,-0.16352570300310276
12299,113947.5728,121729.19788463843,6.829127548242463,-0.06606043320643451
12300,156488.9254,161713.09046683388,3.3383608798388935,-0.03283847531529993
12301,218302.1025,217448.9734056739,-0.3908020511740659,0.003915676777639376
12302,543023.4561,505602.5583278056,-6.891212037312647,0.07140161343489204
12303,1130.830942,1545.614468014388,36.67953454481862,-0.3124688358158192
12304,1404.786729,2000.5167746256368,42.40715215538151,-0.3535200375387735
12305,1897.084552,2721.677619209805,43.46633186910295,-0.36093020056250946
12306,2446.127793,3480.8752180158203,42.30144590061571,-0.35277747998803743
12307,3315.539539,4836.007584661384,45.85884221184622,-0.377469133869182
12308,4487.844101,6454.221420611082,43.8156334167875,-0.3633619697789996
12309,14721.82957,19779.564739889185,34.35534385071125,-0.2953179238738315
12310,37020.14549,45319.69822208785,22.419017057428224,-0.20227954013800264
12311,99913.25252,109970.2153633095,10.065694579701894,-0.09590722498920812
12312,135410.2671,146388.76805112808,8.10758385331335,-0.07795669210110212
12313,252376.2307,249013.98700521005,-1.332234690035705,0.013411885495845155
12314,352046.708,335020.5152156194,-4.836344836487031,0.04957209057733536
12315,480625.5842,450283.4283514077,-6.313054661685712,0.06521133048100758
12316,858241.235,808895.1910050996,-5.7496706033823255,0.059215864741753776
12317,860.7206848,1078.617046032691,25.315571599551152,-0.2256649427300097
12318,1105.121299,1454.7153438928158,31.633997571954854,-0.2748551397514616
12319,1434.530984,1902.3620085333419,32.61212408454622,-0.2822583211023293
12320,2342.48345,3287.718602646831,40.351839098236994,-0.3389822203907853
12321,4237.268718,5995.361214902993,41.49117306236873,-0.3470671479647418
12322,25198.59808,32923.61329891379,30.65652777344426,-0.267401768553146
12323,33512.52405,41351.702446261945,23.39178745404569,-0.21019437103223915
12324,88075.70794,99452.12368571325,12.916632760378416,-0.12147959726057245
12325,120740.5843,131827.82245665597,9.18269380667223,-0.08785238313929256
12326,222188.1829,224654.86718104262,1.110177980146127,-0.011040607376214595
12327,422974.096,400543.73224055354,-5.303011217842163,0.0544879837445027
12328,576210.9197,538060.8595008749,-6.62084991707336,0.06850209819022623
12329,865.5138026,1041.932812428237,20.383153832818728,-0.18550941876507565
12330,1088.861598,1387.980734583602,27.470813290965385,-0.24271723704029036
12331,1837.301742,2416.111758526618,31.503263905718203,-0.27386148589750636
12332,2275.964139,3091.584690615124,35.836265503440075,-0.3062800443201237
12333,3092.119189,4300.829837777746,39.090040677527924,-0.32995131208563144
12334,4049.492341,5657.797048270479,39.716205683039185,-0.33444307700463405
12335,5457.170529,7347.2005348911025,34.633882079500296,-0.2973889237615097
12336,7072.597403,9529.506393714355,34.73842565493976,-0.2981651251577677
12337,9534.942696,12838.167323305723,34.64336108376883,-0.2974593270689798
12338,22948.39357,30060.20276578307,30.99044459948692,-0.26995419256401476
12339,30669.3213,37929.00286383757,23.67082562025125,-0.21245321773818304
12340,42107.04789,51154.19778143673,21.486070253776525,-0.1946294221028495
12341,106715.3952,119282.07261053885,11.775880496892773,-0.11132561350546943
12342,148207.2971,159328.35290619155,7.5037167695513896,-0.07235523558241752
12343,371880.6912,359247.6871161033,-3.397058353078778,0.03456099340178298
12344,689416.2729,637233.5864260407,-7.569111511460995,0.0787089722017349
12345,885.5499466,983.9636450881791,11.11328602819421,-0.10538008972000057
12346,1387.917856,1706.3414322495403,22.942537620147185,-0.20654688640469665
12347,1835.291182,2282.053883544576,24.342878444918938,-0.2178727123753914
12348,5316.714222,6756.902953574776,27.087947018393955,-0.23970915701346485
12349,6965.428384,8929.7571639893,28.20111946741824,-0.24843009065550348
12350,12142.11887,15540.715142702555,27.990141663821106,-0.24678305671407053
12351,16149.0125,20741.117348507316,28.4358244722847,-0.250259173146107
12352,21653.07448,27614.46558896316,27.531384120391028,-0.24319229828430977
12353,38897.56573,46457.15257069457,19.434601365977475,-0.17759876667323482
12354,52638.8522,61686.19783787286,17.187581529129275,-0.15860572589163446
12355,71063.74258,81308.1796231003,14.415842272263687,-0.134669364770847
12356,131344.2054,142029.82769745652,8.13558715050593,-0.0782156903133373
12357,173859.6346,179022.22953807728,2.9694039964796377,-0.029261709536008595
12358,237783.2224,237854.2036376074,0.02985123882625829,-0.00029846784230436185
12359,325056.6612,317348.8248127081,-2.3712285602261334,0.023997946668940173
12360,445106.2643,421830.9469947498,-5.229159679847313,0.05370841560267259
12361,910.4232892,967.4083952608681,6.25918808721838,-0.06071109419258747
12362,1155.819283,1286.2950790940974,11.28859831404088,-0.10695662602207623
12363,1469.525916,1665.263345343415,13.31976709034201,-0.12504343364509118
12364,2407.988211,2864.028531785393,18.93864424676759,-0.17343757959387585
12365,3184.556657,3859.2506834382825,21.186435008315268,-0.19215995900970917
12366,4073.54316,5140.15928515647,26.183989791247726,-0.23257089229338135
12367,7020.727579,8533.254662252688,21.54373697359904,-0.1951039871083733
12368,9285.460379,11412.75710944233,22.909975850561207,-0.2062819977581114
12369,15864.57933,19728.075331516662,24.35296846611477,-0.2179538558389975
12370,21174.31412,26135.742651431094,23.431354155385954,-0.2105149787469056
12371,27643.25056,32947.52707918097,19.18832413600554,-0.1755346119664125
12372,50454.10043,58327.78263740822,15.60563391340644,-0.14501450533775362
12373,90252.19116,100608.95225665989,11.475356956485761,-0.10863336664174739
12374,222585.662,221294.71345938148,-0.579978300946683,0.005816667065168701
12375,1208.404071,1222.3981257754247,1.1580608764288687,-0.011514066753206542
12376,1524.627054,1590.3736638560754,4.312307700665748,-0.04221917193954372
12377,3282.663117,3692.3644520697494,12.480760908666502,-0.11761200688661155
12378,4260.832605,4766.47347149524,11.867184500557034,-0.11214212895376008
12379,5377.837228,6123.764934014688,13.870403182360649,-0.12989080155319677
12380,6955.580249,7878.602289168684,13.270237810876917,-0.1246062627268465
12381,9170.241099,10563.153059236254,15.189480245924484,-0.14140824079433756
12382,11939.63669,13854.304228408035,16.036229477666257,-0.148732279438903
12383,15606.50248,18328.211109402193,17.439580923977747,-0.1607538104451276
12384,26563.0324,29940.3113010271,12.714206910454623,-0.1196852866554341
12385,83919.57807,91050.1930533723,8.496962386327096,-0.08155199016113457
12386,112956.39,119323.24721800174,5.636562232558721,-0.05483435862203123
12387,147685.1277,150148.510197863,1.6679963217873832,-0.01654238044064371
12388,271353.0046,262603.8624245146,-3.2242658187560678,0.03277390307685657
12389,2590.528679,2608.0976824215923,0.678201463817581,-0.006759120232072036
12390,3405.021817,3529.7195506902367,3.662171357248513,-0.03596707346946815
12391,5682.513094,5905.501612564636,3.9241179892763176,-0.03849081212182526
12392,7081.881633,7546.19575891874,6.5563666548045445,-0.06350392351476764
12393,9342.126164,10063.443703208297,7.7211282158434535,-0.07437555549722319
12394,12067.97461,13168.265264521764,9.117442570769253,-0.08725457098096001
12395,15659.09591,17196.643734386067,9.8188799227175,-0.09366227660025572
12396,20604.90021,22605.31491239539,9.708441594026977,-0.09265612996443728
12397,26504.28428,28253.1622464355,6.5984727146742586,-0.06389899838655388
12398,46232.49153,49645.71027371831,7.38272723524643,-0.07122915666524321
12399,61458.0859,64823.08619903795,5.4752767675082294,-0.05330639602937559
12400,107581.1893,110452.18571519818,2.6686788219008695,-0.026336907039937074
