样本编号,温度_oC,频率_Hz,磁芯损耗_w每m3,励磁波形,磁芯材料,磁通密度峰值B_m_T
1,25,50030.0,1997.95525,正弦波,材料1,0.028844394
2,25,50020.0,2427.74983,正弦波,材料1,0.031423238
3,25,50020.0,3332.72576,正弦波,材料1,0.0355236345
4,25,50020.0,4502.908007,正弦波,材料1,0.0400203025
5,25,50030.0,6063.023248,正弦波,材料1,0.0450563825
6,25,50020.0,14273.85421,正弦波,材料1,0.063383048
7,25,50020.0,56401.52952,正弦波,材料1,0.1117555585
8,25,50020.0,73651.31728,正弦波,材料1,0.12523340649999998
9,25,50020.0,125047.8122,正弦波,材料1,0.1572761085
10,25,50020.0,161776.6059,正弦波,材料1,0.1756022325
11,25,50020.0,352985.6272,正弦波,材料1,0.245980046
12,25,50030.0,441717.9624,正弦波,材料1,0.2710715185
13,25,56320.0,1759.006565,正弦波,材料1,0.024847051000000002
14,25,56310.0,2364.873224,正弦波,材料1,0.027844137
15,25,56320.0,3132.233226,正弦波,材料1,0.0312015205
16,25,56320.0,4363.429973,正弦波,材料1,0.0354729705
17,25,56320.0,5773.018252,正弦波,材料1,0.0397930445
18,25,56320.0,9988.187279,正弦波,材料1,0.049408238
19,25,56310.0,13463.78092,正弦波,材料1,0.056044354000000005
20,25,56310.0,23248.3141,正弦波,材料1,0.07094689
21,25,56320.0,39002.19859,正弦波,材料1,0.0879342835
22,25,56320.0,50069.23431,正弦波,材料1,0.09793172950000001
23,25,56320.0,66762.87637,正弦波,材料1,0.11085025949999999
24,25,56310.0,113796.1134,正弦波,材料1,0.138671702
25,25,56310.0,148257.1129,正弦波,材料1,0.155136467
26,25,56320.0,198685.0545,正弦波,材料1,0.174635794
27,25,56320.0,255933.2678,正弦波,材料1,0.19410156
28,25,56320.0,331623.2171,正弦波,材料1,0.21664436650000002
29,25,56320.0,416358.3168,正弦波,材料1,0.2383736835
30,25,56310.0,534557.2986,正弦波,材料1,0.266448117
31,25,63010.0,1507.127686,正弦波,材料1,0.022109243
32,25,63020.0,1987.49952,正弦波,材料1,0.0247796775
33,25,63020.0,2690.828365,正弦波,材料1,0.027974751
34,25,63020.0,4918.264521,正弦波,材料1,0.035501703999999995
35,25,63020.0,6538.643558,正弦波,材料1,0.039510366000000005
36,25,63020.0,11504.91656,正弦波,材料1,0.049988672
37,25,63020.0,14827.08294,正弦波,材料1,0.056085237499999996
38,25,63020.0,19682.18168,正弦波,材料1,0.0631830195
39,25,63020.0,26015.31362,正弦波,材料1,0.071045913
40,25,63020.0,33431.1089,正弦波,材料1,0.0787921845
41,25,63020.0,43311.21706,正弦波,材料1,0.08826564749999999
42,25,63020.0,56888.04649,正弦波,材料1,0.099308841
43,25,63020.0,73132.61212,正弦波,材料1,0.110799353
44,25,63020.0,96561.45489,正弦波,材料1,0.1250592855
45,25,63020.0,124836.8907,正弦波,材料1,0.13987997000000002
46,25,63020.0,164156.6808,正弦波,材料1,0.15752395149999998
47,25,63020.0,213181.9924,正弦波,材料1,0.176409011
48,25,63020.0,272698.8683,正弦波,材料1,0.196323624
49,25,63020.0,345321.4402,正弦波,材料1,0.2176908065
50,25,63030.0,450682.3276,正弦波,材料1,0.2451738675
51,25,63030.0,568872.0099,正弦波,材料1,0.2716515845
52,25,70840.0,2225.097322,正弦波,材料1,0.0247207635
53,25,70840.0,3024.184603,正弦波,材料1,0.028021543500000003
54,25,70840.0,4089.657062,正弦波,材料1,0.0315271295
55,25,70840.0,5561.224672,正弦波,材料1,0.035104791499999996
56,25,70840.0,7428.611375,正弦波,材料1,0.039446401500000006
57,25,70840.0,9781.334899,正弦波,材料1,0.044232072
58,25,70830.0,13030.14014,正弦波,材料1,0.0498639255
59,25,70840.0,17428.60715,正弦波,材料1,0.056230097500000006
60,25,70840.0,38034.45168,正弦波,材料1,0.0787509475
61,25,70840.0,64866.78904,正弦波,材料1,0.099234443
62,25,70840.0,84929.72944,正弦波,材料1,0.11153375500000001
63,25,70840.0,109923.077,正弦波,材料1,0.12467812149999999
64,25,70840.0,144795.5963,正弦波,材料1,0.14048423850000002
65,25,70840.0,398991.6659,正弦波,材料1,0.218316009
66,25,70840.0,677349.1971,正弦波,材料1,0.27563801050000003
67,25,79470.0,1351.668508,正弦波,材料1,0.019551719500000002
68,25,79460.0,2547.825849,正弦波,材料1,0.0249306015
69,25,79460.0,3427.227242,正弦波,材料1,0.028132811
70,25,79470.0,4655.897506,正弦波,材料1,0.0312507965
71,25,79460.0,6205.058112,正弦波,材料1,0.0350564605
72,25,79460.0,8367.055189,正弦波,材料1,0.039542682999999995
73,25,79470.0,11089.48772,正弦波,材料1,0.044416859
74,25,79470.0,14658.56285,正弦波,材料1,0.0498052
75,25,79470.0,19233.50271,正弦波,材料1,0.056242186
76,25,79460.0,32688.69228,正弦波,材料1,0.0699736255
77,25,79460.0,55945.83678,正弦波,材料1,0.08806048899999999
78,25,79460.0,74362.24612,正弦波,材料1,0.09945552099999999
79,25,79460.0,128576.4162,正弦波,材料1,0.12568719849999999
80,25,79460.0,166639.6736,正弦波,材料1,0.14063381749999998
81,25,79470.0,218449.8965,正弦波,材料1,0.1575832555
82,25,79460.0,273541.545,正弦波,材料1,0.1737466715
83,25,79460.0,360199.2721,正弦波,材料1,0.195883865
84,25,79460.0,461810.5667,正弦波,材料1,0.21849551150000002
85,25,79460.0,613904.3362,正弦波,材料1,0.24746028850000001
86,25,89080.0,1129.391913,正弦波,材料1,0.0174854175
87,25,89080.0,1532.851361,正弦波,材料1,0.019720906
88,25,89080.0,2119.668152,正弦波,材料1,0.022185117999999997
89,25,89090.0,5166.874084,正弦波,材料1,0.0311189425
90,25,89080.0,7061.093869,正弦波,材料1,0.0351156995
91,25,89080.0,9430.12443,正弦波,材料1,0.0394200725
92,25,89080.0,12766.46246,正弦波,材料1,0.0445558805
93,25,89090.0,21893.48022,正弦波,材料1,0.055524410999999996
94,25,89080.0,28291.14184,正弦波,材料1,0.062305866
95,25,89090.0,49708.07326,正弦波,材料1,0.0789289465
96,25,89080.0,65196.27638,正弦波,材料1,0.08857377250000001
97,25,89080.0,85243.35886,正弦波,材料1,0.09925759
98,25,89090.0,112150.6467,正弦波,材料1,0.1114912375
99,25,89080.0,147631.7533,正弦波,材料1,0.125352897
100,25,89090.0,193355.8322,正弦波,材料1,0.1402714895
101,25,89080.0,245886.8962,正弦波,材料1,0.1555689885
102,25,89090.0,321281.5746,正弦波,材料1,0.17470185700000002
103,25,89090.0,415631.7819,正弦波,材料1,0.1952358525
104,25,89090.0,542772.7158,正弦波,材料1,0.219488703
105,25,89080.0,711545.3171,正弦波,材料1,0.247224368
106,25,89090.0,896343.4213,正弦波,材料1,0.27154540299999996
107,25,99950.0,1299.233133,正弦波,材料1,0.017502333000000002
108,25,99950.0,1755.831126,正弦波,材料1,0.0197247485
109,25,99950.0,2390.408185,正弦波,材料1,0.022224283
110,25,99950.0,3242.978165,正弦波,材料1,0.0247029495
111,25,99960.0,5892.742949,正弦波,材料1,0.0312536615
112,25,99950.0,7874.71143,正弦波,材料1,0.0349985965
113,25,99950.0,10735.42591,正弦波,材料1,0.039503328000000004
114,25,99950.0,14477.24774,正弦波,材料1,0.0445624025
115,25,99950.0,18907.91771,正弦波,材料1,0.049517116
116,25,99950.0,42837.66482,正弦波,材料1,0.07012062299999999
117,25,99950.0,74230.01899,正弦波,材料1,0.08818013599999999
118,25,99950.0,99316.153,正弦波,材料1,0.0997217975
119,25,99950.0,281919.8367,正弦波,材料1,0.154722392
120,25,99950.0,371891.5855,正弦波,材料1,0.1742349495
121,25,99950.0,486551.2281,正弦波,材料1,0.19553039700000002
122,25,99950.0,642255.3272,正弦波,材料1,0.2209737635
123,25,99950.0,808495.9048,正弦波,材料1,0.2424289075
124,25,99950.0,1026883.575,正弦波,材料1,0.269807837
125,25,112170.0,1114.703914,正弦波,材料1,0.0159862825
126,25,112160.0,1964.803519,正弦波,材料1,0.019764219
127,25,112160.0,3628.229323,正弦波,材料1,0.024637775
128,25,112160.0,4949.221631,正弦波,材料1,0.027823195000000002
129,25,112160.0,6603.373697,正弦波,材料1,0.031160381
130,25,112170.0,9111.892514,正弦波,材料1,0.035213722
131,25,112160.0,21305.04772,正弦波,材料1,0.049445893000000005
132,25,112160.0,28708.38837,正弦波,材料1,0.055753354500000005
133,25,112160.0,36731.5784,正弦波,材料1,0.0621540015
134,25,112160.0,49122.63239,正弦波,材料1,0.0700271965
135,25,112160.0,64903.79723,正弦波,材料1,0.07853979050000001
136,25,112160.0,114103.3322,正弦波,材料1,0.099347042
137,25,112160.0,194634.2954,正弦波,材料1,0.12369484250000001
138,25,112160.0,329555.1343,正弦波,材料1,0.1550021295
139,25,112160.0,432205.1043,正弦波,材料1,0.17382442199999998
140,25,112160.0,579176.7738,正弦波,材料1,0.1972514825
141,25,112160.0,737413.5818,正弦波,材料1,0.2173333295
142,25,112160.0,1223675.078,正弦波,材料1,0.272334886
143,25,125860.0,1472.545902,正弦波,材料1,0.016810691500000002
144,25,125850.0,2256.015194,正弦波,材料1,0.0195156215
145,25,125860.0,3084.707485,正弦波,材料1,0.022027956
146,25,125860.0,4200.974078,正弦波,材料1,0.024779816
147,25,125850.0,5525.178254,正弦波,材料1,0.027626064999999998
148,25,125860.0,13775.45003,正弦波,材料1,0.039246581
149,25,125850.0,18310.96022,正弦波,材料1,0.043961569000000006
150,25,125860.0,24421.93184,正弦波,材料1,0.0494092225
151,25,125860.0,32684.68129,正弦波,材料1,0.055529896499999995
152,25,125860.0,56884.91087,正弦波,材料1,0.0701128375
153,25,125850.0,76878.8708,正弦波,材料1,0.079174438
154,25,125860.0,172790.731,正弦波,材料1,0.11010018099999999
155,25,125860.0,516365.5506,正弦波,材料1,0.17524859599999998
156,25,125860.0,679260.437,正弦波,材料1,0.1954342495
157,25,141250.0,1402.690272,正弦波,材料1,0.015724658000000002
158,25,141260.0,3564.3754,正弦波,材料1,0.022040972
159,25,141270.0,4792.365224,正弦波,材料1,0.0246616365
160,25,141270.0,8888.402923,正弦波,材料1,0.0313891005
161,25,141260.0,20972.82318,正弦波,材料1,0.043889361
162,25,141260.0,37837.05515,正弦波,材料1,0.055511165
163,25,141260.0,49742.16541,正弦波,材料1,0.062464949500000005
164,25,141260.0,67223.83993,正弦波,材料1,0.070411753
165,25,141270.0,89782.66539,正弦波,材料1,0.07915565799999999
166,25,141260.0,266704.6966,正弦波,材料1,0.1235246755
167,25,141260.0,357572.7731,正弦波,材料1,0.139823091
168,25,141260.0,619011.8338,正弦波,材料1,0.175058288
169,25,141260.0,1026071.684,正弦波,材料1,0.218276942
170,25,158500.0,1187.754171,正弦波,材料1,0.013948554
171,25,158500.0,1192.605834,正弦波,材料1,0.013964945999999999
172,25,158500.0,1641.045747,正弦波,材料1,0.015524442
173,25,158500.0,3044.949531,正弦波,材料1,0.0196700925
174,25,158500.0,4080.613099,正弦波,材料1,0.0220096895
175,25,158510.0,5648.015608,正弦波,材料1,0.024808252
176,25,158500.0,13587.381,正弦波,材料1,0.034858277
177,25,158500.0,18242.28949,正弦波,材料1,0.039103953999999996
178,25,158510.0,24635.10959,正弦波,材料1,0.043934542
179,25,158510.0,33238.5309,正弦波,材料1,0.0495075985
180,25,158500.0,44430.17965,正弦波,材料1,0.055606653000000006
181,25,158500.0,59069.01523,正弦波,材料1,0.0626846665
182,25,158500.0,79066.42767,正弦波,材料1,0.0704552175
183,25,158500.0,107275.1057,正弦波,材料1,0.07882331100000001
184,25,158500.0,139304.1316,正弦波,材料1,0.0878222295
185,25,158500.0,183014.8648,正弦波,材料1,0.09836272900000001
186,25,158510.0,237859.9575,正弦波,材料1,0.10966351599999999
187,25,158500.0,320931.3637,正弦波,材料1,0.1243688595
188,25,158500.0,556312.9256,正弦波,材料1,0.155684436
189,25,177820.0,1455.296582,正弦波,材料1,0.0138180935
190,25,177820.0,1947.216719,正弦波,材料1,0.0154921505
191,25,177820.0,2619.028052,正弦波,材料1,0.0174531405
192,25,177830.0,3573.989819,正弦波,材料1,0.019648801
193,25,177820.0,4896.646627,正弦波,材料1,0.022132149
194,25,177820.0,8757.571039,正弦波,材料1,0.0277168005
195,25,177820.0,15704.90259,正弦波,材料1,0.034675380500000005
196,25,177820.0,21387.24118,正弦波,材料1,0.039066398
197,25,177820.0,29039.82633,正弦波,材料1,0.04409337
198,25,177820.0,38777.3922,正弦波,材料1,0.049417408999999995
199,25,177820.0,51692.85659,正弦波,材料1,0.055675260000000004
200,25,177820.0,69575.88416,正弦波,材料1,0.062634304
201,25,177820.0,94829.7604,正弦波,材料1,0.0700570325
202,25,177820.0,123936.1788,正弦波,材料1,0.07807135
203,25,177820.0,216240.5996,正弦波,材料1,0.09819692399999999
204,25,177820.0,290107.5928,正弦波,材料1,0.1108415995
205,25,177820.0,381807.5464,正弦波,材料1,0.12442679100000001
206,25,177820.0,508254.8668,正弦波,材料1,0.139227434
207,25,199500.0,1359.728946,正弦波,材料1,0.012815212
208,25,199500.0,1295.823376,正弦波,材料1,0.0123097255
209,25,199500.0,1713.519808,正弦波,材料1,0.013815623999999999
210,25,199510.0,3131.491897,正弦波,材料1,0.017499987
211,25,199500.0,4293.7631,正弦波,材料1,0.019716653
212,25,199500.0,5780.063046,正弦波,材料1,0.022100548999999997
213,25,199500.0,7703.877937,正弦波,材料1,0.0246384215
214,25,199500.0,13727.56106,正弦波,材料1,0.030924014
215,25,199500.0,18846.99738,正弦波,材料1,0.034857702500000004
216,25,199500.0,34431.32807,正弦波,材料1,0.0440802045
217,25,199500.0,46554.40586,正弦波,材料1,0.049580641999999994
218,25,199500.0,61598.99788,正弦波,材料1,0.0557953465
219,25,199510.0,84808.51689,正弦波,材料1,0.062398487
220,25,199500.0,109976.8533,正弦波,材料1,0.06926370500000001
221,25,199500.0,147898.0434,正弦波,材料1,0.0781414615
222,25,199500.0,195279.9663,正弦波,材料1,0.087605485
223,25,199500.0,263199.8984,正弦波,材料1,0.0989592105
224,25,199500.0,584646.126,正弦波,材料1,0.137121147
225,25,199500.0,778826.1991,正弦波,材料1,0.1550460585
226,25,223850.0,1741.014541,正弦波,材料1,0.012880902
227,25,223850.0,1568.169639,正弦波,材料1,0.0123379605
228,25,223850.0,2071.805286,正弦波,材料1,0.0138385435
229,25,223850.0,3794.890527,正弦波,材料1,0.0175145485
230,25,223850.0,12211.32658,正弦波,材料1,0.027604383
231,25,223850.0,16267.93111,正弦波,材料1,0.0308131455
232,25,223850.0,22632.85134,正弦波,材料1,0.034950774000000004
233,25,223850.0,41569.50494,正弦波,材料1,0.044258588
234,25,223850.0,56012.09577,正弦波,材料1,0.049714866999999996
235,25,223850.0,98906.6499,正弦波,材料1,0.061837243
236,25,223850.0,237281.9938,正弦波,材料1,0.08798057249999999
237,25,223850.0,314961.8538,正弦波,材料1,0.0988434775
238,25,223850.0,544722.457,正弦波,材料1,0.1232301235
239,25,223850.0,709348.3739,正弦波,材料1,0.1380034805
240,25,251170.0,2262.910587,正弦波,材料1,0.013060222
241,25,251170.0,1948.042054,正弦波,材料1,0.012352814
242,25,251170.0,2592.256897,正弦波,材料1,0.0138988745
243,25,251170.0,4704.915331,正弦波,材料1,0.0175922765
244,25,251170.0,6166.926736,正弦波,材料1,0.019594025
245,25,251170.0,10941.64448,正弦波,材料1,0.024487473500000002
246,25,251170.0,14874.62098,正弦波,材料1,0.027656347499999998
247,25,251170.0,27126.64693,正弦波,材料1,0.034885413
248,25,251170.0,37101.17357,正弦波,材料1,0.039348111
249,25,251170.0,50336.60598,正弦波,材料1,0.044325901
250,25,251170.0,69303.99422,正弦波,材料1,0.0495336715
251,25,251170.0,90837.14978,正弦波,材料1,0.055141209999999996
252,25,251170.0,120548.5034,正弦波,材料1,0.062117206
253,25,251170.0,160968.1046,正弦波,材料1,0.069716152
254,25,251170.0,216823.809,正弦波,材料1,0.07854024800000001
255,25,251170.0,286943.8736,正弦波,材料1,0.08802632399999999
256,25,251170.0,385325.0273,正弦波,材料1,0.0984746815
257,25,281860.0,2889.53144,正弦波,材料1,0.013177977
258,25,281850.0,2480.678594,正弦波,材料1,0.012424296500000001
259,25,281850.0,3297.714089,正弦波,材料1,0.013954087
260,25,281850.0,4341.331734,正弦波,材料1,0.015637817
261,25,281850.0,5670.629505,正弦波,材料1,0.017408979999999998
262,25,281860.0,13623.67457,正弦波,材料1,0.024626468
263,25,281860.0,18325.83964,正弦波,材料1,0.027719368
264,25,281850.0,24592.22803,正弦波,材料1,0.031114646
265,25,281850.0,33679.40394,正弦波,材料1,0.035101665000000004
266,25,281860.0,45459.87546,正弦波,材料1,0.039417137000000005
267,25,281850.0,62572.44922,正弦波,材料1,0.044073889000000005
268,25,281850.0,82051.91465,正弦波,材料1,0.0490508835
269,25,281850.0,110783.9294,正弦波,材料1,0.0552529975
270,25,281850.0,145390.1865,正弦波,材料1,0.061963968
271,25,281850.0,196252.4584,正弦波,材料1,0.069778201
272,50,50020.0,1095.616077,正弦波,材料1,0.027987218
273,50,50020.0,1909.33587,正弦波,材料1,0.0349970135
274,50,50020.0,2623.160983,正弦波,材料1,0.039646443
275,50,50020.0,3549.272659,正弦波,材料1,0.0445801885
276,50,50030.0,4845.135951,正弦波,材料1,0.04972032949999999
277,50,50020.0,6351.403688,正弦波,材料1,0.055461479
278,50,50020.0,11029.67308,正弦波,材料1,0.06998539100000001
279,50,50020.0,15113.44827,正弦波,材料1,0.079506478
280,50,50020.0,19940.16763,正弦波,材料1,0.0888382315
281,50,50030.0,26026.23789,正弦波,材料1,0.0987537565
282,50,50020.0,34262.29336,正弦波,材料1,0.1105165625
283,50,50030.0,45874.56082,正弦波,材料1,0.1243425215
284,50,50020.0,105597.3536,正弦波,材料1,0.173944284
285,50,50020.0,144536.8874,正弦波,材料1,0.1964880245
286,50,50020.0,189925.2011,正弦波,材料1,0.21887557400000002
287,50,50030.0,323386.9029,正弦波,材料1,0.269986469
288,50,56320.0,978.4264497,正弦波,材料1,0.024558698499999997
289,50,56320.0,1322.360361,正弦波,材料1,0.027687629499999998
290,50,56320.0,2344.433168,正弦波,材料1,0.035026579
291,50,56320.0,3171.45816,正弦波,材料1,0.0395484715
292,50,56320.0,4277.388038,正弦波,材料1,0.043974818
293,50,56320.0,7514.230322,正弦波,材料1,0.055661208000000004
294,50,56320.0,9956.432911,正弦波,材料1,0.062590526
295,50,56320.0,22401.88282,正弦波,材料1,0.08763555549999999
296,50,56320.0,51530.81264,正弦波,材料1,0.1233433625
297,50,56320.0,69788.57213,正弦波,材料1,0.1390479375
298,50,56320.0,220116.1066,正弦波,材料1,0.218375746
299,50,56310.0,374065.9706,正弦波,材料1,0.27000611500000005
300,50,63020.0,805.9127383,正弦波,材料1,0.0216835165
301,50,63020.0,1133.209213,正弦波,材料1,0.024829025499999997
302,50,63020.0,1497.701442,正弦波,材料1,0.0278763545
303,50,63020.0,2659.779691,正弦波,材料1,0.03528788
304,50,63030.0,3616.413798,正弦波,材料1,0.039173857000000006
305,50,63020.0,11494.72838,正弦波,材料1,0.062826405
306,50,63020.0,19243.53155,正弦波,材料1,0.0781868885
307,50,63020.0,25703.58543,正弦波,材料1,0.0880534465
308,50,63020.0,33873.21869,正弦波,材料1,0.0986406125
309,50,63020.0,45187.74242,正弦波,材料1,0.1109793615
310,50,63020.0,59602.37429,正弦波,材料1,0.12414115249999999
311,50,63020.0,79323.33333,正弦波,材料1,0.13886632999999998
312,50,63020.0,108629.5997,正弦波,材料1,0.157511479
313,50,63020.0,191311.8669,正弦波,材料1,0.196587128
314,50,63020.0,249461.3838,正弦波,材料1,0.218086208
315,50,63030.0,427142.3839,正弦波,材料1,0.27071386799999997
316,50,70830.0,927.258475,正弦波,材料1,0.021895519500000002
317,50,70830.0,1243.598131,正弦波,材料1,0.0247155365
318,50,70830.0,1716.460317,正弦波,材料1,0.0278790915
319,50,70840.0,3092.694422,正弦波,材料1,0.034936074
320,50,70840.0,4083.403273,正弦波,材料1,0.039103001
321,50,70840.0,9807.160843,正弦波,材料1,0.055689152
322,50,70840.0,16701.43194,正弦波,材料1,0.06978032849999999
323,50,70840.0,28733.10879,正弦波,材料1,0.086994974
324,50,70840.0,52609.57548,正弦波,材料1,0.1111011245
325,50,70840.0,383820.4649,正弦波,材料1,0.24347076099999998
326,50,70840.0,522759.9608,正弦波,材料1,0.27542310049999996
327,50,79460.0,778.1715275,正弦波,材料1,0.0195815685
328,50,79460.0,1057.340411,正弦波,材料1,0.0220522525
329,50,79470.0,1408.347747,正弦波,材料1,0.024780934999999997
330,50,79470.0,1914.446848,正弦波,材料1,0.0279560025
331,50,79460.0,2619.833509,正弦波,材料1,0.031087905
332,50,79460.0,3358.272558,正弦波,材料1,0.0345981885
333,50,79460.0,6196.269592,正弦波,材料1,0.044174195
334,50,79460.0,8411.541611,正弦波,材料1,0.0498270335
335,50,79460.0,14671.43686,正弦波,材料1,0.062270163
336,50,79460.0,25213.52305,正弦波,材料1,0.078293662
337,50,79460.0,32922.90003,正弦波,材料1,0.08717740099999999
338,50,79460.0,59518.79178,正弦波,材料1,0.11050995699999999
339,50,79460.0,81770.16356,正弦波,材料1,0.125017354
340,50,79460.0,109005.8457,正弦波,材料1,0.1400682745
341,50,79460.0,191579.1859,正弦波,材料1,0.1742215755
342,50,79460.0,255525.1192,正弦波,材料1,0.19517942700000002
343,50,79460.0,341579.3928,正弦波,材料1,0.2188680345
344,50,89080.0,869.3314017,正弦波,材料1,0.019572113000000002
345,50,89080.0,1209.671781,正弦波,材料1,0.0221235625
346,50,89080.0,2211.8587,正弦波,材料1,0.027676541
347,50,89080.0,2968.048897,正弦波,材料1,0.0310040365
348,50,89080.0,3953.386891,正弦波,材料1,0.0349740665
349,50,89080.0,7125.09244,正弦波,材料1,0.0441547325
350,50,89080.0,9613.206009,正弦波,材料1,0.0497455265
351,50,89080.0,12510.94661,正弦波,材料1,0.055253222
352,50,89090.0,21709.11751,正弦波,材料1,0.069688953
353,50,89080.0,29302.81562,正弦波,材料1,0.0784791385
354,50,89080.0,52515.80528,正弦波,材料1,0.09888457849999999
355,50,89080.0,71214.73311,正弦波,材料1,0.1114241155
356,50,89090.0,95692.06829,正弦波,材料1,0.1251162715
357,50,89090.0,164004.0721,正弦波,材料1,0.1540881895
358,50,89080.0,222966.1134,正弦波,材料1,0.173895841
359,50,89090.0,299341.3213,正弦波,材料1,0.1950362065
360,50,99950.0,993.1452072,正弦波,材料1,0.019621665500000003
361,50,99950.0,1358.636001,正弦波,材料1,0.022070757
362,50,99960.0,1896.952399,正弦波,材料1,0.024722268999999998
363,50,99950.0,2514.323963,正弦波,材料1,0.0276792085
364,50,99950.0,4450.983841,正弦波,材料1,0.034955729
365,50,99950.0,6016.132491,正弦波,材料1,0.039281266999999995
366,50,99950.0,8213.583988,正弦波,材料1,0.0443230425
367,50,99950.0,10691.6548,正弦波,材料1,0.049208666
368,50,99950.0,14180.43445,正弦波,材料1,0.0551327185
369,50,99950.0,19258.68453,正弦波,材料1,0.0621528135
370,50,99950.0,24954.9899,正弦波,材料1,0.069534018
371,50,99950.0,33773.96405,正弦波,材料1,0.0784206325
372,50,99950.0,45016.12152,正弦波,材料1,0.0878309375
373,50,99950.0,61682.11388,正弦波,材料1,0.09920037749999999
374,50,99950.0,82409.82889,正弦波,材料1,0.111115749
375,50,99950.0,145360.8569,正弦波,材料1,0.137886268
376,50,99950.0,196926.3359,正弦波,材料1,0.15542727750000002
377,50,99950.0,259939.8297,正弦波,材料1,0.173277967
378,50,99950.0,355880.6652,正弦波,材料1,0.195669219
379,50,99950.0,479177.7654,正弦波,材料1,0.220080642
380,50,99950.0,619685.956,正弦波,材料1,0.24183623599999998
381,50,99950.0,821036.215,正弦波,材料1,0.2707155055
382,50,112160.0,739.8215625,正弦波,材料1,0.016645575500000002
383,50,112160.0,835.4853336,正弦波,材料1,0.017532726999999998
384,50,112160.0,1143.163558,正弦波,材料1,0.019763048499999998
385,50,112160.0,2098.810441,正弦波,材料1,0.024537799
386,50,112170.0,2838.707823,正弦波,材料1,0.027617147
387,50,112170.0,5186.650045,正弦波,材料1,0.035101465
388,50,112170.0,7059.64503,正弦波,材料1,0.039494407
389,50,112150.0,12269.25192,正弦波,材料1,0.0490957155
390,50,112160.0,16543.32032,正弦波,材料1,0.055295333
391,50,112160.0,22183.00785,正弦波,材料1,0.061944587999999995
392,50,112160.0,29349.51758,正弦波,材料1,0.06983703399999999
393,50,112160.0,39278.81673,正弦波,材料1,0.07827372199999999
394,50,112160.0,54053.59161,正弦波,材料1,0.08855916850000001
395,50,112160.0,72281.36189,正弦波,材料1,0.0991136795
396,50,112160.0,98510.8538,正弦波,材料1,0.11095028400000001
397,50,112160.0,129520.7229,正弦波,材料1,0.123450845
398,50,112160.0,314222.2027,正弦波,材料1,0.1746478595
399,50,112160.0,733865.3511,正弦波,材料1,0.242088871
400,50,112160.0,968499.8293,正弦波,材料1,0.27120075200000004
401,50,125850.0,951.481771,正弦波,材料1,0.017337483
402,50,125850.0,983.3822228,正弦波,材料1,0.017516983
403,50,125860.0,1817.624491,正弦波,材料1,0.02177115
404,50,125860.0,3326.960389,正弦波,材料1,0.0276957345
405,50,125860.0,4543.843552,正弦波,材料1,0.0312246275
406,50,125860.0,6062.379548,正弦波,材料1,0.035165125000000005
407,50,125860.0,7868.949799,正弦波,材料1,0.0389098155
408,50,125860.0,14409.12046,正弦波,材料1,0.049263193499999997
409,50,125860.0,19296.03239,正弦波,材料1,0.055116566
410,50,125860.0,47211.21881,正弦波,材料1,0.0787846965
411,50,125850.0,87351.97459,正弦波,材料1,0.0988557515
412,50,125860.0,114483.3823,正弦波,材料1,0.1100518985
413,50,125860.0,207436.5315,正弦波,材料1,0.13874998449999998
414,50,125860.0,280098.7363,正弦波,材料1,0.1561774305
415,50,125860.0,375312.9687,正弦波,材料1,0.175066846
416,50,125850.0,664504.626,正弦波,材料1,0.2173602285
417,50,125860.0,888278.957,正弦波,材料1,0.24448139549999998
418,50,141260.0,891.0644612,正弦波,材料1,0.015743471000000002
419,50,141270.0,861.0731092,正弦波,材料1,0.0155999855
420,50,141270.0,1195.612953,正弦波,材料1,0.017406861000000003
421,50,141260.0,2898.435212,正弦波,材料1,0.0246891
422,50,141260.0,5406.004941,正弦波,材料1,0.031353851
423,50,141270.0,6943.519876,正弦波,材料1,0.0348069685
424,50,141260.0,9229.404894,正弦波,材料1,0.038830838500000006
425,50,141260.0,12557.26737,正弦波,材料1,0.043773015
426,50,141260.0,17064.0813,正弦波,材料1,0.049181761000000004
427,50,141260.0,31020.95035,正弦波,材料1,0.062088437499999996
428,50,141260.0,183833.8566,正弦波,材料1,0.1234755485
429,50,141260.0,251465.9823,正弦波,材料1,0.13950959750000003
430,50,141260.0,331266.0538,正弦波,材料1,0.155544599
431,50,141260.0,454595.3958,正弦波,材料1,0.174466849
432,50,141260.0,590803.9623,正弦波,材料1,0.1935754865
433,50,141260.0,792323.5259,正弦波,材料1,0.2177778195
434,50,158500.0,811.244311,正弦波,材料1,0.014228834499999999
435,50,158500.0,777.0210248,正弦波,材料1,0.013949423999999998
436,50,158500.0,1078.913049,正弦波,材料1,0.015463635
437,50,158500.0,1443.438183,正弦波,材料1,0.017423209000000002
438,50,158500.0,2618.379464,正弦波,材料1,0.022030439
439,50,158500.0,3531.156728,正弦波,材料1,0.0247778735
440,50,158500.0,6286.854328,正弦波,材料1,0.0309665625
441,50,158500.0,8263.579464,正弦波,材料1,0.034604428
442,50,158500.0,10938.67761,正弦波,材料1,0.03865597
443,50,158500.0,15114.43125,正弦波,材料1,0.043757019
444,50,158510.0,37383.75204,正弦波,材料1,0.0619781745
445,50,158500.0,50514.39404,正弦波,材料1,0.070214904
446,50,158510.0,70153.48663,正弦波,材料1,0.078613057
447,50,158500.0,90902.25109,正弦波,材料1,0.087000396
448,50,158500.0,124490.291,正弦波,材料1,0.09844488300000001
449,50,158500.0,164612.2355,正弦波,材料1,0.1099140225
450,50,158500.0,299771.0466,正弦波,材料1,0.1388114305
451,50,158500.0,708203.9434,正弦波,材料1,0.1936818975
452,50,177820.0,1059.696965,正弦波,材料1,0.0144167705
453,50,177830.0,1306.918875,正弦波,材料1,0.015488989500000001
454,50,177820.0,1778.998935,正弦波,材料1,0.017435622
455,50,177820.0,2370.689654,正弦波,材料1,0.019533525
456,50,177820.0,3203.167708,正弦波,材料1,0.0220335215
457,50,177820.0,4344.275323,正弦波,材料1,0.024767736
458,50,177820.0,7607.319762,正弦波,材料1,0.030911018999999998
459,50,177820.0,18611.75563,正弦波,材料1,0.0439317815
460,50,177820.0,24998.50716,正弦波,材料1,0.0492254275
461,50,177820.0,34254.35616,正弦波,材料1,0.05560498
462,50,177820.0,46303.52633,正弦波,材料1,0.0624705415
463,50,177820.0,63079.5044,正弦波,材料1,0.0699117545
464,50,177820.0,82386.03548,正弦波,材料1,0.07760728
465,50,177820.0,149715.0746,正弦波,材料1,0.0980807225
466,50,177820.0,275143.6946,正弦波,材料1,0.12441118500000001
467,50,177820.0,373207.7538,正弦波,材料1,0.1390329105
468,50,177820.0,483004.2226,正弦波,材料1,0.154322495
469,50,177820.0,648264.9563,正弦波,材料1,0.1736652675
470,50,199500.0,1032.120321,正弦波,材料1,0.012983182
471,50,199500.0,1236.499405,正弦波,材料1,0.0137983855
472,50,199500.0,2220.87404,正弦波,材料1,0.0174952205
473,50,199500.0,3012.929607,正弦波,材料1,0.019706999
474,50,199500.0,5310.013049,正弦波,材料1,0.024642957
475,50,199500.0,6952.35196,正弦波,材料1,0.027424999999999998
476,50,199500.0,9325.626351,正弦波,材料1,0.0307995585
477,50,199500.0,12589.23154,正弦波,材料1,0.0347926095
478,50,199500.0,17054.31137,正弦波,材料1,0.0390987955
479,50,199500.0,22976.95692,正弦波,材料1,0.043952601
480,50,199500.0,31236.54917,正弦波,材料1,0.049442241
481,50,199510.0,138016.1924,正弦波,材料1,0.0876587895
482,50,199500.0,339754.072,正弦波,材料1,0.123736985
483,50,199500.0,442298.9101,正弦波,材料1,0.13766431499999998
484,50,199500.0,588559.4414,正弦波,材料1,0.1546566785
485,50,223850.0,1404.881552,正弦波,材料1,0.013016064
486,50,223850.0,1622.907587,正弦波,材料1,0.0138594275
487,50,223860.0,2132.567199,正弦波,材料1,0.015544495
488,50,223850.0,5037.560801,正弦波,材料1,0.0219627365
489,50,223850.0,11919.61205,正弦波,材料1,0.030945811
490,50,223850.0,15927.82703,正弦波,材料1,0.034842165999999994
491,50,223850.0,21477.21408,正弦波,材料1,0.039169145
492,50,223850.0,29115.33136,正弦波,材料1,0.0441244105
493,50,223850.0,71651.5642,正弦波,材料1,0.061820088999999995
494,50,223850.0,96084.04349,正弦波,材料1,0.06947039699999999
495,50,223850.0,172231.8907,正弦波,材料1,0.0880192525
496,50,223850.0,231702.7744,正弦波,材料1,0.0989257035
497,50,223850.0,313217.4554,正弦波,材料1,0.1104400685
498,50,223850.0,411101.4334,正弦波,材料1,0.123130056
499,50,223860.0,544036.5187,正弦波,材料1,0.13803192949999998
500,50,251170.0,1909.545944,正弦波,材料1,0.013167123999999999
501,50,251170.0,2125.681827,正弦波,材料1,0.01383477
502,50,251170.0,2832.109432,正弦波,材料1,0.015606943500000001
503,50,251170.0,3794.321716,正弦波,材料1,0.017550547
504,50,251170.0,4917.008595,正弦波,材料1,0.0195314875
505,50,251170.0,6415.244137,正弦波,材料1,0.021744754499999998
506,50,251170.0,8651.717901,正弦波,材料1,0.0245578765
507,50,251170.0,11540.36978,正弦波,材料1,0.0276129425
508,50,251170.0,15469.20412,正弦波,材料1,0.0310458155
509,50,251170.0,27632.14166,正弦波,材料1,0.0392998305
510,50,251170.0,37315.90865,正弦波,材料1,0.0442599725
511,50,251170.0,51295.24941,正弦波,材料1,0.049471399
512,50,251170.0,66381.67197,正弦波,材料1,0.0548194615
513,50,251170.0,160727.2771,正弦波,材料1,0.0784464995
514,50,251170.0,288667.7834,正弦波,材料1,0.09802099
515,50,251170.0,377414.5799,正弦波,材料1,0.109247545
516,50,281860.0,2268.111524,正弦波,材料1,0.0124418285
517,50,281850.0,2923.608712,正弦波,材料1,0.0139111975
518,50,281860.0,3829.823876,正弦波,材料1,0.0156087795
519,50,281860.0,4979.143585,正弦波,材料1,0.0173870535
520,50,281850.0,6543.554438,正弦波,材料1,0.019501759
521,50,281850.0,8543.608971,正弦波,材料1,0.021792075
522,50,281850.0,26900.6113,正弦波,材料1,0.035070188
523,50,281850.0,35884.76692,正弦波,材料1,0.039396082
524,50,281850.0,49073.22009,正弦波,材料1,0.044047684000000004
525,50,281850.0,64079.11164,正弦波,材料1,0.049040280500000005
526,50,281850.0,86189.62224,正弦波,材料1,0.055380344
527,50,281850.0,113588.7053,正弦波,材料1,0.0618510385
528,70,50020.0,689.8457043,正弦波,材料1,0.027585284
529,70,50030.0,920.1997399,正弦波,材料1,0.0310431225
530,70,50020.0,1658.894966,正弦波,材料1,0.039454699499999996
531,70,50020.0,2222.131156,正弦波,材料1,0.044456927
532,70,50030.0,3046.413828,正弦波,材料1,0.049422703
533,70,50030.0,3997.646339,正弦波,材料1,0.055373087
534,70,50030.0,5435.800204,正弦波,材料1,0.062320155
535,70,50030.0,7240.807122,正弦波,材料1,0.069812456
536,70,50020.0,9686.04943,正弦波,材料1,0.079078543
537,70,50030.0,13169.05016,正弦波,材料1,0.0884334715
538,70,50020.0,61747.45772,正弦波,材料1,0.1566159895
539,70,50020.0,83848.17663,正弦波,材料1,0.174899254
540,70,50020.0,117081.5997,正弦波,材料1,0.1970341655
541,70,50020.0,213114.1391,正弦波,材料1,0.246564427
542,70,56320.0,810.7764625,正弦波,材料1,0.0275954185
543,70,56320.0,1420.449995,正弦波,材料1,0.03494897
544,70,56320.0,1915.29465,正弦波,材料1,0.0393321735
545,70,56320.0,2650.008769,正弦波,材料1,0.043973358000000004
546,70,56320.0,3483.156534,正弦波,材料1,0.048950338999999995
547,70,56320.0,4726.887111,正弦波,材料1,0.055370644499999996
548,70,56320.0,6344.782869,正弦波,材料1,0.062183678500000006
549,70,56310.0,8601.823602,正弦波,材料1,0.070047465
550,70,56320.0,11304.20021,正弦波,材料1,0.0786947725
551,70,56310.0,14758.93898,正弦波,材料1,0.08742439
552,70,56310.0,27394.67029,正弦波,材料1,0.109822505
553,70,56310.0,37374.39757,正弦波,材料1,0.123135435
554,70,56320.0,52032.4859,正弦波,材料1,0.1389177815
555,70,56320.0,99013.81821,正弦波,材料1,0.1756410915
556,70,56320.0,134923.4597,正弦波,材料1,0.1963860135
557,70,56320.0,182082.033,正弦波,材料1,0.21992621350000002
558,70,56310.0,234476.0557,正弦波,材料1,0.2421695055
559,70,56320.0,322173.7612,正弦波,材料1,0.27324853849999997
560,70,63020.0,689.6302384,正弦波,材料1,0.024627274499999997
561,70,63020.0,914.1884886,正弦波,材料1,0.0275766725
562,70,63020.0,1634.403121,正弦波,材料1,0.0352326905
563,70,63020.0,2250.012466,正弦波,材料1,0.039229373
564,70,63020.0,3001.069963,正弦波,材料1,0.043870917499999995
565,70,63020.0,4015.747686,正弦波,材料1,0.0492995605
566,70,63020.0,5424.1358,正弦波,材料1,0.055419341999999996
567,70,63020.0,7324.569887,正弦波,材料1,0.06241806800000001
568,70,63020.0,9964.628084,正弦波,材料1,0.070311229
569,70,63020.0,12658.72226,正弦波,材料1,0.0779894495
570,70,63020.0,17151.48798,正弦波,材料1,0.0875054715
571,70,63020.0,31461.70215,正弦波,材料1,0.10990132350000001
572,70,63020.0,43991.76265,正弦波,材料1,0.124196427
573,70,63020.0,84883.82925,正弦波,材料1,0.1572042845
574,70,63020.0,115859.0423,正弦波,材料1,0.175945745
575,70,63020.0,157296.9327,正弦波,材料1,0.19688007899999999
576,70,63020.0,206612.8175,正弦波,材料1,0.217659831
577,70,63030.0,370566.4934,正弦波,材料1,0.27178599999999997
578,70,70840.0,784.7889109,正弦波,材料1,0.02463553
579,70,70840.0,1061.171134,正弦波,材料1,0.027764789999999998
580,70,70830.0,1411.641315,正弦波,材料1,0.031267529
581,70,70840.0,1903.454728,正弦波,材料1,0.034747875
582,70,70830.0,3470.119381,正弦波,材料1,0.044037918499999995
583,70,70840.0,6251.862154,正弦波,材料1,0.055552949500000004
584,70,70840.0,8516.618515,正弦波,材料1,0.062539409
585,70,70840.0,19870.13212,正弦波,材料1,0.087482198
586,70,70830.0,27104.88703,正弦波,材料1,0.098225223
587,70,70840.0,72377.73703,正弦波,材料1,0.13984853749999998
588,70,70840.0,98356.36393,正弦波,材料1,0.15636992100000002
589,70,70830.0,181651.193,正弦波,材料1,0.19523171
590,70,70830.0,244958.5314,正弦波,材料1,0.2181637355
591,70,70840.0,453006.1537,正弦波,材料1,0.2755489385
592,70,79460.0,875.1677313,正弦波,材料1,0.0247577825
593,70,79460.0,1194.215092,正弦波,材料1,0.027918674999999997
594,70,79460.0,3909.69399,正弦波,材料1,0.0440082825
595,70,79460.0,7082.300556,正弦波,材料1,0.055676708500000005
596,70,79470.0,12346.53801,正弦波,材料1,0.06891054599999999
597,70,79470.0,22679.30644,正弦波,材料1,0.087415686
598,70,79460.0,31833.39317,正弦波,材料1,0.09877071300000001
599,70,79460.0,43428.80689,正弦波,材料1,0.110553721
600,70,79460.0,83971.54587,正弦波,材料1,0.1398084085
601,70,79460.0,116186.235,正弦波,材料1,0.156578924
602,70,79460.0,214516.687,正弦波,材料1,0.19571702349999998
603,70,79460.0,532551.5835,正弦波,材料1,0.275978631
604,70,89080.0,1039.644333,正弦波,材料1,0.0247968515
605,70,89090.0,1432.160788,正弦波,材料1,0.0276522155
606,70,89080.0,1925.019466,正弦波,材料1,0.030978917
607,70,89080.0,3365.229503,正弦波,材料1,0.039207749
608,70,89080.0,6236.918915,正弦波,材料1,0.049771811
609,70,89080.0,10644.87113,正弦波,材料1,0.061336337000000005
610,70,89080.0,26992.30288,正弦波,材料1,0.087757821
611,70,89080.0,52190.9005,正弦波,材料1,0.11114112500000001
612,70,89080.0,71823.63711,正弦波,材料1,0.1245684825
613,70,89080.0,133595.5401,正弦波,材料1,0.1549864795
614,70,89090.0,251993.1817,正弦波,材料1,0.195283648
615,70,89080.0,343065.9261,正弦波,材料1,0.219057735
616,70,89090.0,614025.9364,正弦波,材料1,0.2711625
617,70,99960.0,889.111964,正弦波,材料1,0.0221287755
618,70,99950.0,1232.242331,正弦波,材料1,0.024609652000000003
619,70,99950.0,2184.525096,正弦波,材料1,0.030988199
620,70,99950.0,3956.657481,正弦波,材料1,0.039375755
621,70,99950.0,5307.631418,正弦波,材料1,0.044099611999999996
622,70,99950.0,6953.236194,正弦波,材料1,0.049140199499999995
623,70,99950.0,12624.537,正弦波,材料1,0.061805877
624,70,99950.0,23246.27222,正弦波,材料1,0.0782265605
625,70,99950.0,31824.85785,正弦波,材料1,0.08768503450000001
626,70,99950.0,44519.72675,正弦波,材料1,0.09893811150000001
627,70,99950.0,61359.14384,正弦波,材料1,0.1110356165
628,70,99950.0,113538.8022,正弦波,材料1,0.1373743265
629,70,99950.0,540557.6199,正弦波,材料1,0.24213571
630,70,99950.0,709895.3756,正弦波,材料1,0.2692313295
631,70,112160.0,779.0517616,正弦波,材料1,0.019701563999999998
632,70,112160.0,1082.936759,正弦波,材料1,0.0218804305
633,70,112160.0,1425.887502,正弦波,材料1,0.0245113235
634,70,112160.0,1940.259974,正弦波,材料1,0.027714471
635,70,112160.0,3429.795709,正弦波,材料1,0.0349290965
636,70,112160.0,6122.652855,正弦波,材料1,0.043760598
637,70,112160.0,11109.72416,正弦波,材料1,0.0551660365
638,70,112160.0,15162.63384,正弦波,材料1,0.0619533495
639,70,112170.0,20655.39012,正弦波,材料1,0.069542331
640,70,112160.0,27437.91214,正弦波,材料1,0.0779544485
641,70,112160.0,38275.28831,正弦波,材料1,0.0879225955
642,70,112160.0,52867.36624,正弦波,材料1,0.09878859849999999
643,70,112160.0,74679.12924,正弦波,材料1,0.110688672
644,70,112160.0,98749.56836,正弦波,材料1,0.122480325
645,70,112160.0,137326.7257,正弦波,材料1,0.1382900815
646,70,112160.0,186976.6489,正弦波,材料1,0.154836952
647,70,112160.0,259966.3607,正弦波,材料1,0.1743077405
648,70,112160.0,841850.3717,正弦波,材料1,0.2695452845
649,70,125850.0,727.9912483,正弦波,材料1,0.017728004999999998
650,70,125860.0,720.7782272,正弦波,材料1,0.0175673705
651,70,125860.0,988.688982,正弦波,材料1,0.019518109999999998
652,70,125860.0,1318.546035,正弦波,材料1,0.0219228445
653,70,125860.0,3182.501773,正弦波,材料1,0.0311216675
654,70,125860.0,4235.971426,正弦波,材料1,0.0351489435
655,70,125860.0,5461.073831,正弦波,材料1,0.0389519925
656,70,125860.0,7458.482682,正弦波,材料1,0.043915616
657,70,125850.0,9835.249573,正弦波,材料1,0.048808033
658,70,125860.0,13517.14557,正弦波,材料1,0.055054515
659,70,125850.0,18744.33817,正弦波,材料1,0.062247267999999994
660,70,125860.0,46934.43446,正弦波,材料1,0.0882627355
661,70,125860.0,66263.00214,正弦波,材料1,0.0988742675
662,70,125860.0,88778.25308,正弦波,材料1,0.109848472
663,70,125860.0,121961.4394,正弦波,材料1,0.123486083
664,70,125860.0,166252.852,正弦波,材料1,0.1383061745
665,70,125850.0,229363.5866,正弦波,材料1,0.1556775105
666,70,125860.0,565501.9261,正弦波,材料1,0.21582309849999998
667,70,125860.0,767746.9313,正弦波,材料1,0.2430069905
668,70,141250.0,684.4961366,正弦波,材料1,0.01565415
669,70,141270.0,1223.104389,正弦波,材料1,0.019426318499999998
670,70,141260.0,1651.460177,正弦波,材料1,0.021931886499999997
671,70,141260.0,2196.263153,正弦波,材料1,0.02459638
672,70,141260.0,16871.50322,正弦波,材料1,0.055321133
673,70,141260.0,22861.11287,正弦波,材料1,0.062073078500000003
674,70,141260.0,31500.34493,正弦波,材料1,0.0700049835
675,70,141260.0,41795.51008,正弦波,材料1,0.0784179625
676,70,141260.0,59257.32724,正弦波,材料1,0.08809922
677,70,141260.0,107555.0609,正弦波,材料1,0.1097229095
678,70,141260.0,279113.5712,正弦波,材料1,0.1560138415
679,70,141260.0,383578.0985,正弦波,材料1,0.173998225
680,70,141260.0,681198.4228,正弦波,材料1,0.21660361849999998
681,70,158510.0,684.0462375,正弦波,材料1,0.0139552795
682,70,158500.0,922.4199793,正弦波,材料1,0.0155226385
683,70,158500.0,1607.580943,正弦波,材料1,0.019536298
684,70,158500.0,2862.749609,正弦波,材料1,0.0247154645
685,70,158500.0,3828.618031,正弦波,材料1,0.027847986499999998
686,70,158500.0,4951.620441,正弦波,材料1,0.0309869165
687,70,158500.0,6456.609337,正弦波,材料1,0.034746094000000005
688,70,158500.0,8635.440552,正弦波,材料1,0.0389375845
689,70,158500.0,11710.85379,正弦波,材料1,0.043895759
690,70,158500.0,21146.58386,正弦波,材料1,0.055233559
691,70,158500.0,29086.50004,正弦波,材料1,0.0624009865
692,70,158500.0,39467.02966,正弦波,材料1,0.07009422800000001
693,70,158500.0,54462.48862,正弦波,材料1,0.0785946505
694,70,158500.0,71864.2914,正弦波,材料1,0.087257401
695,70,158500.0,134018.8582,正弦波,材料1,0.110116882
696,70,158500.0,183163.2986,正弦波,材料1,0.123501366
697,70,158500.0,248601.6049,正弦波,材料1,0.13854534950000003
698,70,158500.0,343043.1415,正弦波,材料1,0.155002233
699,70,158510.0,458087.4588,正弦波,材料1,0.1731347125
700,70,177820.0,972.3431556,正弦波,材料1,0.0138447555
701,70,177820.0,1240.280021,正弦波,材料1,0.0155208095
702,70,177820.0,1621.650775,正弦波,材料1,0.017383963000000002
703,70,177820.0,2160.40164,正弦波,材料1,0.01960547
704,70,177820.0,2872.931727,正弦波,材料1,0.0220759695
705,70,177820.0,3816.746169,正弦波,材料1,0.0248608775
706,70,177820.0,4882.887341,正弦波,材料1,0.027558227499999997
707,70,177820.0,6331.884828,正弦波,材料1,0.0307511985
708,70,177820.0,27276.82978,正弦波,材料1,0.055470397000000005
709,70,177820.0,36943.64862,正弦波,材料1,0.062386244
710,70,177820.0,51429.63675,正弦波,材料1,0.0698619245
711,70,177820.0,66137.61872,正弦波,材料1,0.0775990645
712,70,177820.0,122500.5024,正弦波,材料1,0.098136711
713,70,177820.0,168565.1232,正弦波,材料1,0.11057074550000001
714,70,177820.0,227136.5654,正弦波,材料1,0.1237735025
715,70,177820.0,311926.6097,正弦波,材料1,0.138253252
716,70,177820.0,414834.4707,正弦波,材料1,0.1544642995
717,70,177820.0,555290.0615,正弦波,材料1,0.173114574
718,70,199500.0,1126.803697,正弦波,材料1,0.0131203925
719,70,199500.0,1030.126905,正弦波,材料1,0.012343416999999999
720,70,199500.0,1723.710939,正弦波,材料1,0.015557959
721,70,199500.0,2954.399924,正弦波,材料1,0.0196908415
722,70,199500.0,3901.908918,正弦波,材料1,0.022179683
723,70,199500.0,5014.948484,正弦波,材料1,0.0246349305
724,70,199500.0,6523.680412,正弦波,材料1,0.0276387315
725,70,199500.0,8532.40745,正弦波,材料1,0.0309696735
726,70,199500.0,11297.51022,正弦波,材料1,0.034805489499999995
727,70,199500.0,14787.63776,正弦波,材料1,0.03910178
728,70,199500.0,19695.67725,正弦波,材料1,0.0439680145
729,70,199500.0,35576.34905,正弦波,材料1,0.0557096395
730,70,199500.0,85105.42578,正弦波,材料1,0.0780942555
731,70,199500.0,112803.502,正弦波,材料1,0.08703235000000001
732,70,199500.0,210884.5447,正弦波,材料1,0.110606119
733,70,199500.0,289045.561,正弦波,材料1,0.12365206
734,70,199500.0,377745.0985,正弦波,材料1,0.13728303949999998
735,70,199500.0,510097.3827,正弦波,材料1,0.1546462125
736,70,223850.0,1627.797108,正弦波,材料1,0.013129951
737,70,223850.0,1429.962384,正弦波,材料1,0.012342394
738,70,223860.0,1814.406296,正弦波,材料1,0.013816493
739,70,223850.0,2341.428255,正弦波,材料1,0.015469663
740,70,223850.0,4050.751571,正弦波,材料1,0.0196989485
741,70,223850.0,5180.006426,正弦波,材料1,0.0219666335
742,70,223850.0,6718.09878,正弦波,材料1,0.024573933
743,70,223850.0,8650.154327,正弦波,材料1,0.027535215000000002
744,70,223860.0,15028.79165,正弦波,材料1,0.034848328
745,70,223850.0,19653.1025,正弦波,材料1,0.03924406
746,70,223850.0,34840.65302,正弦波,材料1,0.049708158
747,70,223860.0,47695.16791,正弦波,材料1,0.055603520000000003
748,70,223850.0,61750.05456,正弦波,材料1,0.0617695105
749,70,223850.0,82271.43987,正弦波,材料1,0.06941425849999999
750,70,223850.0,108493.6133,正弦波,材料1,0.078141581
751,70,223850.0,147133.9964,正弦波,材料1,0.0879613955
752,70,223850.0,197240.3054,正弦波,材料1,0.0986273265
753,70,223850.0,268764.7929,正弦波,材料1,0.1102253055
754,70,223850.0,350464.588,正弦波,材料1,0.122316308
755,70,223850.0,470806.2125,正弦波,材料1,0.13769017649999998
756,70,251170.0,2323.752022,正弦波,材料1,0.0132527055
757,70,251170.0,2008.202927,正弦波,材料1,0.0123688715
758,70,251170.0,2555.563955,正弦波,材料1,0.0138747135
759,70,251170.0,3297.341904,正弦波,材料1,0.015604812999999999
760,70,251170.0,4304.419927,正弦波,材料1,0.0176143235
761,70,251170.0,6931.464415,正弦波,材料1,0.021797251
762,70,251170.0,9096.516792,正弦波,材料1,0.024644561500000002
763,70,251170.0,11581.25487,正弦波,材料1,0.027493899
764,70,251170.0,34570.51095,正弦波,材料1,0.044288945
765,70,251170.0,59800.53034,正弦波,材料1,0.054855219499999996
766,70,251170.0,79473.0787,正弦波,材料1,0.061765352999999995
767,70,251170.0,105156.1819,正弦波,材料1,0.0693200155
768,70,251170.0,140342.3796,正弦波,材料1,0.0784211765
769,70,251170.0,185278.196,正弦波,材料1,0.0876539895
770,70,251170.0,253345.1944,正弦波,材料1,0.09825502650000001
771,70,251170.0,330637.0618,正弦波,材料1,0.109331417
772,70,251170.0,440869.5115,正弦波,材料1,0.12275134600000001
773,70,281850.0,3219.780591,正弦波,材料1,0.013314664
774,70,281860.0,2799.945547,正弦波,材料1,0.0124583905
775,70,281850.0,3533.266046,正弦波,材料1,0.013934128
776,70,281860.0,4525.315676,正弦波,材料1,0.01565395
777,70,281850.0,5719.052101,正弦波,材料1,0.0174287185
778,70,281850.0,7287.02014,正弦波,材料1,0.019509426000000003
779,70,281850.0,12101.52375,正弦波,材料1,0.024579984
780,70,281850.0,15791.35772,正弦波,材料1,0.027752097500000003
781,70,281850.0,20371.23037,正弦波,材料1,0.0311538595
782,70,281850.0,34609.2452,正弦波,材料1,0.03944859
783,70,281850.0,46219.68547,正弦波,材料1,0.044082103
784,70,281850.0,179740.9994,正弦波,材料1,0.0784862685
785,70,281850.0,241162.5021,正弦波,材料1,0.08761097849999999
786,70,281850.0,420112.7655,正弦波,材料1,0.1098816925
787,70,316230.0,4393.820239,正弦波,材料1,0.013396581500000001
788,70,316230.0,4786.864817,正弦波,材料1,0.0139779435
789,70,316230.0,5981.65421,正弦波,材料1,0.01552241
790,70,316230.0,7610.313356,正弦波,材料1,0.01741015
791,70,316230.0,9830.333671,正弦波,材料1,0.0195965555
792,70,316230.0,16134.65181,正弦波,材料1,0.024651034000000002
793,90,50020.0,1062.695125,正弦波,材料1,0.039217097500000006
794,90,50020.0,1475.28012,正弦波,材料1,0.0442745515
795,90,50020.0,2047.879223,正弦波,材料1,0.049158332
796,90,50030.0,2664.462294,正弦波,材料1,0.0547625675
797,90,50020.0,3775.700632,正弦波,材料1,0.062429113
798,90,50020.0,6953.502338,正弦波,材料1,0.0788084905
799,90,50030.0,9677.926484,正弦波,材料1,0.088436459
800,90,50030.0,12996.57952,正弦波,材料1,0.09777781599999999
801,90,50020.0,18803.34877,正弦波,材料1,0.1105493525
802,90,50020.0,26489.10316,正弦波,材料1,0.12381451800000001
803,90,50020.0,37235.20346,正弦波,材料1,0.13860268399999998
804,90,50020.0,53611.4298,正弦波,材料1,0.15614130599999998
805,90,50020.0,75783.08167,正弦波,材料1,0.17521008799999999
806,90,50020.0,108977.8928,正弦波,材料1,0.19778732300000001
807,90,50020.0,149950.2672,正弦波,材料1,0.221188693
808,90,50020.0,262700.1729,正弦波,材料1,0.2716060615
809,90,56320.0,749.1535014,正弦波,材料1,0.031022977
810,90,56320.0,963.8096224,正弦波,材料1,0.0349766505
811,90,56320.0,1313.72777,正弦波,材料1,0.039391024499999996
812,90,56310.0,1807.253409,正弦波,材料1,0.043751725500000005
813,90,56320.0,3308.226246,正弦波,材料1,0.0553509835
814,90,56320.0,6173.265396,正弦波,材料1,0.06985838150000001
815,90,56320.0,8325.027451,正弦波,材料1,0.07861193650000001
816,90,56320.0,11215.93985,正弦波,材料1,0.087108045
817,90,56320.0,21981.47781,正弦波,材料1,0.109729556
818,90,56320.0,45023.34555,正弦波,材料1,0.1386119355
819,90,56320.0,63080.06911,正弦波,材料1,0.15511140350000002
820,90,56320.0,128856.2547,正弦波,材料1,0.1968336115
821,90,56320.0,176787.0517,正弦波,材料1,0.21961974299999998
822,90,56320.0,233607.0741,正弦波,材料1,0.24312052099999998
823,90,56320.0,317136.3468,正弦波,材料1,0.271588814
824,90,63020.0,856.6457477,正弦波,材料1,0.031198696999999997
825,90,63020.0,1151.726862,正弦波,材料1,0.0351668885
826,90,63020.0,1566.034169,正弦波,材料1,0.039093166
827,90,63020.0,2097.622753,正弦波,材料1,0.0438406235
828,90,63020.0,2815.832497,正弦波,材料1,0.0491933195
829,90,63020.0,3797.424531,正弦波,材料1,0.0553647695
830,90,63020.0,5236.695363,正弦波,材料1,0.062334538499999995
831,90,63020.0,9192.992475,正弦波,材料1,0.077676611
832,90,63020.0,12932.30217,正弦波,材料1,0.087516734
833,90,63020.0,25224.40631,正弦波,材料1,0.10966783799999999
834,90,63020.0,36989.00907,正弦波,材料1,0.12415585
835,90,63020.0,52005.40581,正弦波,材料1,0.1385683695
836,90,63020.0,75280.53523,正弦波,材料1,0.1565156415
837,90,63020.0,106641.1559,正弦波,材料1,0.1757274895
838,90,63020.0,271619.7258,正弦波,材料1,0.24374834099999998
839,90,70840.0,1009.330003,正弦波,材料1,0.031226671
840,90,70840.0,1810.755445,正弦波,材料1,0.0389381075
841,90,70840.0,2394.52308,正弦波,材料1,0.0438813915
842,90,70830.0,3242.159658,正弦波,材料1,0.049303788
843,90,70840.0,7977.251157,正弦波,材料1,0.0691361635
844,90,70840.0,14641.55543,正弦波,材料1,0.086898007
845,90,70840.0,29914.03845,正弦波,材料1,0.109885996
846,90,70840.0,62328.07323,正弦波,材料1,0.13952042
847,90,70830.0,87883.8813,正弦波,材料1,0.15649450850000002
848,90,70830.0,123800.4921,正弦波,材料1,0.175349018
849,90,70840.0,234105.831,正弦波,材料1,0.21855217500000002
850,90,70840.0,318078.1125,正弦波,材料1,0.244350374
851,90,70840.0,443777.4452,正弦波,材料1,0.2762642245
852,90,79460.0,838.640425,正弦波,材料1,0.027787576
853,90,79460.0,1187.426592,正弦波,材料1,0.0310174665
854,90,79460.0,1506.42862,正弦波,材料1,0.0345884435
855,90,79470.0,2707.314291,正弦波,材料1,0.043742982
856,90,79470.0,3727.988947,正弦波,材料1,0.0494208495
857,90,79460.0,5124.634185,正弦波,材料1,0.055696141000000005
858,90,79470.0,6610.646909,正弦波,材料1,0.0615096855
859,90,79460.0,9094.512273,正弦波,材料1,0.0691928725
860,90,79460.0,12398.28894,正弦波,材料1,0.077882937
861,90,79460.0,17211.13699,正弦波,材料1,0.087352428
862,90,79460.0,24494.17001,正弦波,材料1,0.09823276950000001
863,90,79460.0,35087.43237,正弦波,材料1,0.11037424
864,90,79460.0,51065.40622,正弦波,材料1,0.1244849425
865,90,79460.0,140317.5455,正弦波,材料1,0.17383228750000002
866,90,79460.0,198336.5421,正弦波,材料1,0.1953701
867,90,79460.0,273221.0512,正弦波,材料1,0.218805134
868,90,79460.0,376396.2086,正弦波,材料1,0.2456011585
869,90,89080.0,783.6628871,正弦波,材料1,0.024822267000000002
870,90,89080.0,1094.733299,正弦波,材料1,0.027632848
871,90,89090.0,1378.015305,正弦波,材料1,0.030751109
872,90,89080.0,1876.108259,正弦波,材料1,0.034783448
873,90,89080.0,2490.795483,正弦波,材料1,0.0390954775
874,90,89080.0,3376.347702,正弦波,材料1,0.0441927395
875,90,89080.0,4582.056901,正弦波,材料1,0.049709473500000004
876,90,89080.0,5880.57273,正弦波,材料1,0.055057993
877,90,89090.0,7815.654294,正弦波,材料1,0.0612437915
878,90,89080.0,11070.64095,正弦波,材料1,0.0694160495
879,90,89090.0,14925.40259,正弦波,材料1,0.07803636750000001
880,90,89080.0,20932.4027,正弦波,材料1,0.087743405
881,90,89080.0,29448.50397,正弦波,材料1,0.098298248
882,90,89080.0,42602.2508,正弦波,材料1,0.1108609465
883,90,89080.0,87413.41476,正弦波,材料1,0.139803008
884,90,89080.0,118586.3564,正弦波,材料1,0.1546446665
885,90,89080.0,166749.9216,正弦波,材料1,0.17387546650000002
886,90,89080.0,231445.3959,正弦波,材料1,0.194464456
887,90,89080.0,325175.1277,正弦波,材料1,0.219158639
888,90,89090.0,596099.9476,正弦波,材料1,0.2714668125
889,90,99950.0,708.7652037,正弦波,材料1,0.022084099000000003
890,90,99950.0,983.4575232,正弦波,材料1,0.024623357999999998
891,90,99950.0,2992.093566,正弦波,材料1,0.039422697
892,90,99950.0,5185.070986,正弦波,材料1,0.0489643005
893,90,99950.0,9568.53606,正弦波,材料1,0.061931591
894,90,99950.0,24678.39419,正弦波,材料1,0.087377919
895,90,99950.0,35803.84731,正弦波,材料1,0.0986952385
896,90,99950.0,50812.43183,正弦波,材料1,0.110686407
897,90,99950.0,73139.44533,正弦波,材料1,0.124035324
898,90,99950.0,99768.37842,正弦波,材料1,0.137524232
899,90,99950.0,141036.4806,正弦波,材料1,0.154842114
900,90,99950.0,193001.3105,正弦波,材料1,0.1724497675
901,90,99950.0,278568.9295,正弦波,材料1,0.1954136
902,90,99950.0,389488.4452,正弦波,材料1,0.220124565
903,90,99950.0,520331.0961,正弦波,材料1,0.2421593615
904,90,99950.0,696938.0157,正弦波,材料1,0.27047649500000004
905,90,112160.0,938.0406753,正弦波,材料1,0.021924419
906,90,112160.0,1223.050584,正弦波,材料1,0.0246139695
907,90,112160.0,1603.438961,正弦波,材料1,0.027616731
908,90,112160.0,2138.530562,正弦波,材料1,0.031142747999999998
909,90,112160.0,2798.160071,正弦波,材料1,0.035052966
910,90,112160.0,3715.695872,正弦波,材料1,0.0394884105
911,90,112160.0,4755.175029,正弦波,材料1,0.0436914865
912,90,112160.0,6319.838092,正弦波,材料1,0.048867171
913,90,112160.0,8722.460852,正弦波,材料1,0.055188001
914,90,112160.0,16384.22888,正弦波,材料1,0.069634062
915,90,112160.0,21891.83835,正弦波,材料1,0.078139122
916,90,112160.0,31120.82442,正弦波,材料1,0.0879999135
917,90,112160.0,63187.53128,正弦波,材料1,0.1106702325
918,90,112160.0,86443.75696,正弦波,材料1,0.1230250475
919,90,112160.0,121342.6439,正弦波,材料1,0.137916231
920,90,112160.0,167770.3466,正弦波,材料1,0.1543487385
921,90,112160.0,240563.413,正弦波,材料1,0.174506104
922,90,112160.0,464877.115,正弦波,材料1,0.21800338749999998
923,90,112160.0,832598.6389,正弦波,材料1,0.271120458
924,90,125860.0,941.8760287,正弦波,材料1,0.019543829
925,90,125850.0,1224.052589,正弦波,材料1,0.021809472
926,90,125860.0,1610.815256,正弦波,材料1,0.0247504965
927,90,125860.0,2095.126964,正弦波,材料1,0.02764971
928,90,125860.0,2780.980435,正弦波,材料1,0.0312562405
929,90,125860.0,3584.043542,正弦波,材料1,0.035198679499999996
930,90,125850.0,6074.632478,正弦波,材料1,0.043655754500000005
931,90,125860.0,8160.77248,正弦波,材料1,0.049161159499999996
932,90,125860.0,11032.88796,正弦波,材料1,0.0551892285
933,90,125860.0,15064.17596,正弦波,材料1,0.061999031499999996
934,90,125860.0,20482.92543,正弦波,材料1,0.06969091499999999
935,90,125860.0,38585.35599,正弦波,材料1,0.0879639225
936,90,125860.0,56211.37027,正弦波,材料1,0.0986641365
937,90,125850.0,107437.269,正弦波,材料1,0.12334413250000001
938,90,125860.0,288610.2916,正弦波,材料1,0.17416746049999998
939,90,125850.0,409320.219,正弦波,材料1,0.1948346795
940,90,141270.0,763.220977,正弦波,材料1,0.0160249385
941,90,141260.0,966.768255,正弦波,材料1,0.0174502245
942,90,141260.0,2077.609685,正弦波,材料1,0.0246207635
943,90,141260.0,2745.415547,正弦波,材料1,0.0277811
944,90,141260.0,7790.490007,正弦波,材料1,0.043647793000000004
945,90,141260.0,19124.17456,正弦波,材料1,0.0619939055
946,90,141260.0,35347.35317,正弦波,材料1,0.0784921905
947,90,141260.0,50435.08141,正弦波,材料1,0.087944415
948,90,141260.0,67873.23527,正弦波,材料1,0.097578678
949,90,141260.0,95013.43839,正弦波,材料1,0.109900197
950,90,141260.0,128850.956,正弦波,材料1,0.122388409
951,90,141260.0,184521.8028,正弦波,材料1,0.1387447895
952,90,141260.0,255555.4032,正弦波,材料1,0.155677925
953,90,141260.0,359423.2255,正弦波,材料1,0.174044782
954,90,141260.0,481326.9227,正弦波,材料1,0.19331753000000002
955,90,141260.0,663872.2785,正弦波,材料1,0.21761251650000002
956,90,158500.0,824.0751503,正弦波,材料1,0.014441913
957,90,158500.0,1007.106866,正弦波,材料1,0.015506596
958,90,158500.0,1670.793911,正弦波,材料1,0.0195796345
959,90,158500.0,2832.921144,正弦波,材料1,0.024829772
960,90,158500.0,3678.249795,正弦波,材料1,0.027893567
961,90,158500.0,4627.454297,正弦波,材料1,0.03100951
962,90,158500.0,6022.969781,正弦波,材料1,0.034789098000000004
963,90,158500.0,7752.760975,正弦波,材料1,0.03889932
964,90,158500.0,13899.54076,正弦波,材料1,0.0494016875
965,90,158500.0,18359.64719,正弦波,材料1,0.0552450415
966,90,158500.0,25168.44714,正弦波,材料1,0.062404868
967,90,158500.0,46951.40713,正弦波,材料1,0.0784563115
968,90,158500.0,62070.61613,正弦波,材料1,0.0869487
969,90,158500.0,86257.86209,正弦波,材料1,0.097934052
970,90,158500.0,119332.3062,正弦波,材料1,0.110044259
971,90,158500.0,168128.8466,正弦波,材料1,0.124220081
972,90,158500.0,229173.8421,正弦波,材料1,0.138978185
973,90,158500.0,320988.4024,正弦波,材料1,0.155514373
974,90,158500.0,431197.2175,正弦波,材料1,0.1732660915
975,90,177820.0,1073.433396,正弦波,材料1,0.013841659
976,90,177820.0,1367.287888,正弦波,材料1,0.015533743
977,90,177820.0,1767.916734,正弦波,材料1,0.017495923500000003
978,90,177820.0,2247.717152,正弦波,材料1,0.019620040499999998
979,90,177820.0,2931.906808,正弦波,材料1,0.022113456
980,90,177820.0,3801.00731,正弦波,材料1,0.0248891605
981,90,177820.0,4757.597689,正弦波,材料1,0.0275921375
982,90,177820.0,6152.055794,正弦波,材料1,0.030981977
983,90,177820.0,7988.024299,正弦波,材料1,0.034813574
984,90,177830.0,13656.58064,正弦波,材料1,0.0439554505
985,90,177820.0,18057.87393,正弦波,材料1,0.0493307075
986,90,177820.0,32459.27015,正弦波,材料1,0.062345190499999995
987,90,177820.0,59060.94231,正弦波,材料1,0.077818528
988,90,177820.0,79652.53328,正弦波,材料1,0.0872407625
989,90,177820.0,109199.7839,正弦波,材料1,0.097852629
990,90,177820.0,208758.6158,正弦波,材料1,0.1239824535
991,90,177820.0,288196.1215,正弦波,材料1,0.1382747865
992,90,177820.0,529174.1341,正弦波,材料1,0.17360063850000002
993,90,199500.0,1251.981937,正弦波,材料1,0.013082416999999999
994,90,199500.0,1150.367179,正弦波,材料1,0.012363243999999999
995,90,199500.0,1845.774952,正弦波,材料1,0.0155517215
996,90,199500.0,2374.2095,正弦波,材料1,0.0175094485
997,90,199500.0,3068.389033,正弦波,材料1,0.0197384265
998,90,199510.0,4910.844527,正弦波,材料1,0.024585489500000002
999,90,199500.0,8108.043319,正弦波,材料1,0.030901935999999998
1000,90,199500.0,13719.96348,正弦波,材料1,0.039177588
1001,90,199500.0,31727.36904,正弦波,材料1,0.055564719
1002,90,199500.0,57465.73659,正弦波,材料1,0.0692186745
1003,90,199510.0,75945.32592,正弦波,材料1,0.07785462100000001
1004,90,199500.0,142631.1487,正弦波,材料1,0.098750749
1005,90,199500.0,192691.119,正弦波,材料1,0.110570433
1006,90,199500.0,265651.7073,正弦波,材料1,0.123487257
1007,90,199500.0,349933.416,正弦波,材料1,0.1370807755
1008,90,199500.0,476622.4578,正弦波,材料1,0.154450221
1009,90,223850.0,1754.697826,正弦波,材料1,0.0130938655
1010,90,223850.0,1561.922846,正弦波,材料1,0.012330228499999998
1011,90,223850.0,1962.661101,正弦波,材料1,0.013887508
1012,90,223850.0,6478.939528,正弦波,材料1,0.024419526
1013,90,223860.0,8387.554956,正弦波,材料1,0.0275295885
1014,90,223850.0,10845.05856,正弦波,材料1,0.031004868
1015,90,223850.0,14182.30884,正弦波,材料1,0.034952111
1016,90,223850.0,18041.45511,正弦波,材料1,0.0390992665
1017,90,223850.0,24046.93982,正弦波,材料1,0.044189563
1018,90,223860.0,43466.30167,正弦波,材料1,0.055625933
1019,90,223850.0,55689.07224,正弦波,材料1,0.061642746
1020,90,223860.0,134332.1282,正弦波,材料1,0.0879937345
1021,90,223850.0,181216.4179,正弦波,材料1,0.098643433
1022,90,223850.0,249437.8193,正弦波,材料1,0.1104544355
1023,90,223850.0,439975.7728,正弦波,材料1,0.137709305
1024,90,251170.0,2077.915827,正弦波,材料1,0.012289567000000001
1025,90,251170.0,2638.247268,正弦波,材料1,0.0138839275
1026,90,251170.0,3386.191619,正弦波,材料1,0.015648867
1027,90,251170.0,4332.108647,正弦波,材料1,0.017630824
1028,90,251170.0,6837.211727,正弦波,材料1,0.021890172
1029,90,251170.0,8721.534736,正弦波,材料1,0.0245364855
1030,90,251170.0,14470.24183,正弦波,材料1,0.031079680999999998
1031,90,251170.0,18547.17624,正弦波,材料1,0.0347759455
1032,90,251170.0,31919.17006,正弦波,材料1,0.044315365
1033,90,251170.0,55098.6931,正弦波,材料1,0.0549456945
1034,90,251170.0,73174.08745,正弦波,材料1,0.061989251
1035,90,251170.0,96402.16713,正弦波,材料1,0.06937309
1036,90,251170.0,128133.6345,正弦波,材料1,0.0783131645
1037,90,251170.0,171863.9905,正弦波,材料1,0.087932937
1038,90,251170.0,234430.3556,正弦波,材料1,0.09822552500000001
1039,90,281860.0,3243.681288,正弦波,材料1,0.0132782815
1040,90,281850.0,2854.831757,正弦波,材料1,0.0124594615
1041,90,281850.0,4527.587523,正弦波,材料1,0.015661034499999997
1042,90,281850.0,5672.472447,正弦波,材料1,0.017465085499999998
1043,90,281850.0,7177.279865,正弦波,材料1,0.019544093999999998
1044,90,281850.0,9120.733192,正弦波,材料1,0.0219343425
1045,90,281850.0,15000.41993,正弦波,材料1,0.027711907
1046,90,281860.0,25046.69085,正弦波,材料1,0.0351177445
1047,90,281860.0,32107.62901,正弦波,材料1,0.0394171715
1048,90,281860.0,42962.83211,正弦波,材料1,0.0441208505
1049,90,281850.0,54683.97476,正弦波,材料1,0.0489236
1050,90,281860.0,72754.56115,正弦波,材料1,0.0553441465
1051,90,281860.0,127074.9846,正弦波,材料1,0.0698861785
1052,90,281850.0,163416.7829,正弦波,材料1,0.07804061749999999
1053,90,281850.0,224289.0,正弦波,材料1,0.087740699
1054,90,281860.0,287415.678,正弦波,材料1,0.097035846
1055,90,316230.0,4806.866695,正弦波,材料1,0.014013929000000001
1056,90,316230.0,9438.850999,正弦波,材料1,0.019491407000000002
1057,90,316230.0,12093.85559,正弦波,材料1,0.021938719000000002
1058,90,316230.0,15557.23073,正弦波,材料1,0.0247079855
1059,90,316230.0,19778.73104,正弦波,材料1,0.027697770500000003
1060,90,316230.0,25667.99566,正弦波,材料1,0.031299649
1061,90,316230.0,33066.84625,正弦波,材料1,0.0351784515
1062,90,316230.0,43155.12273,正弦波,材料1,0.039252512
1063,90,316230.0,54682.60835,正弦波,材料1,0.0436503055
1064,90,316230.0,71443.96818,正弦波,材料1,0.0490609885
1065,90,316230.0,94691.42506,正弦波,材料1,0.055430676
1066,90,316230.0,123821.8119,正弦波,材料1,0.062164400499999994
1067,90,316230.0,163722.3468,正弦波,材料1,0.0699402455
1068,25,56190.0,35065.13841,三角波,材料1,0.07727806549999999
1069,25,56180.0,61898.58731,三角波,材料1,0.0977847555
1070,25,56180.0,104974.692,三角波,材料1,0.1230430935
1071,25,56190.0,177473.1197,三角波,材料1,0.15329784200000002
1072,25,56180.0,234721.2625,三角波,材料1,0.17328022999999998
1073,25,56190.0,304408.3904,三角波,材料1,0.193413979
1074,25,56180.0,394656.5984,三角波,材料1,0.217361191
1075,25,56180.0,518367.5256,三角波,材料1,0.244672696
1076,25,56190.0,656397.8982,三角波,材料1,0.27112675350000004
1077,25,70800.0,3699.34622,三角波,材料1,0.027096663
1078,25,70780.0,6982.319282,三角波,材料1,0.0349642395
1079,25,70780.0,9331.461697,三角波,材料1,0.039140512
1080,25,70770.0,11962.2772,三角波,材料1,0.043490099500000004
1081,25,70780.0,15710.22338,三角波,材料1,0.048684361499999995
1082,25,70770.0,20998.22969,三角波,材料1,0.054772821
1083,25,70770.0,27783.97515,三角波,材料1,0.061658158000000005
1084,25,70790.0,37362.04701,三角波,材料1,0.06969974100000001
1085,25,70790.0,49464.76554,三角波,材料1,0.077962479
1086,25,70790.0,64214.28606,三角波,材料1,0.087229101
1087,25,70770.0,84971.33827,三角波,材料1,0.09810674850000001
1088,25,70780.0,111441.1992,三角波,材料1,0.1092603255
1089,25,70790.0,144049.3876,三角波,材料1,0.122236657
1090,25,70780.0,248915.461,三角波,材料1,0.15433424099999998
1091,25,70780.0,325087.1044,三角波,材料1,0.17342009800000002
1092,25,70780.0,424127.0948,三角波,材料1,0.1953006365
1093,25,70780.0,543356.5831,三角波,材料1,0.21657322950000002
1094,25,70790.0,710924.8042,三角波,材料1,0.2441984365
1095,25,70780.0,926553.0718,三角波,材料1,0.27523387
1096,25,79430.0,43754.37661,三角波,材料1,0.069115894
1097,25,79430.0,491943.8922,三角波,材料1,0.192105692
1098,25,112170.0,172539.3805,三角波,材料1,0.0975662455
1099,25,112180.0,1147399.96,三角波,材料1,0.21924727649999998
1100,25,125890.0,2439.866947,三角波,材料1,0.015259586
1101,25,125890.0,4474.67601,三角波,材料1,0.019733509
1102,25,125890.0,5857.80254,三角波,材料1,0.022073998999999997
1103,25,125890.0,7444.952317,三角波,材料1,0.0244742405
1104,25,125890.0,9680.020954,三角波,材料1,0.027499996999999998
1105,25,125890.0,13174.97273,三角波,材料1,0.030799057999999997
1106,25,125880.0,23258.38531,三角波,材料1,0.039159639999999996
1107,25,125900.0,31116.24969,三角波,材料1,0.043872133
1108,25,125880.0,40058.70201,三角波,材料1,0.0490465005
1109,25,125880.0,52649.18974,三角波,材料1,0.0551906805
1110,25,125880.0,69198.91492,三角波,材料1,0.061477566
1111,25,125880.0,90195.38276,三角波,材料1,0.0687056065
1112,25,125890.0,158471.3949,三角波,材料1,0.086812815
1113,25,125890.0,206449.5572,三角波,材料1,0.09755129900000001
1114,25,125890.0,800032.2333,三角波,材料1,0.173789942
1115,25,125890.0,1038206.085,三角波,材料1,0.1952029465
1116,25,125890.0,1346868.704,三角波,材料1,0.2186002535
1117,25,141290.0,2331.578403,三角波,材料1,0.013387325
1118,25,141280.0,4166.859871,三角波,材料1,0.017274879
1119,25,141280.0,5479.735964,三角波,材料1,0.019359361
1120,25,141280.0,6975.395903,三角波,材料1,0.021528909
1121,25,141290.0,9107.658573,三角波,材料1,0.0241432975
1122,25,141290.0,12051.11065,三角波,材料1,0.0270105585
1123,25,141290.0,16103.91471,三角波,材料1,0.030428621
1124,25,141290.0,21465.66097,三角波,材料1,0.0343657545
1125,25,141290.0,36612.41794,三角波,材料1,0.0430123865
1126,25,141280.0,48330.72123,三角波,材料1,0.048369068
1127,25,141290.0,62678.69104,三角波,材料1,0.0538781555
1128,25,141270.0,82018.01712,三角波,材料1,0.060290979499999994
1129,25,141280.0,109103.4681,三角波,材料1,0.0681876115
1130,25,141280.0,142320.2905,三角波,材料1,0.07602658600000001
1131,25,141280.0,186834.6675,三角波,材料1,0.085479656
1132,25,141290.0,247067.484,三角波,材料1,0.0963144445
1133,25,141290.0,318768.4448,三角波,材料1,0.106853817
1134,25,141280.0,419259.4654,三角波,材料1,0.1202818135
1135,25,141290.0,549428.1197,三角波,材料1,0.1355448235
1136,25,141290.0,722509.6372,三角波,材料1,0.152231891
1137,25,141290.0,938273.5554,三角波,材料1,0.171115319
1138,25,141280.0,1220196.99,三角波,材料1,0.1916055745
1139,25,158760.0,2363.484595,三角波,材料1,0.012196737
1140,25,158760.0,3118.634672,三角波,材料1,0.013794186
1141,25,158750.0,4221.497255,三角波,材料1,0.015792742
1142,25,158750.0,5526.347609,三角波,材料1,0.017656112
1143,25,158750.0,6947.590361,三角波,材料1,0.0196148425
1144,25,158750.0,12053.37084,三角波,材料1,0.0246360035
1145,25,158740.0,15821.10504,三角波,材料1,0.027715634000000003
1146,25,158750.0,21126.60539,三角波,材料1,0.0313059545
1147,25,158750.0,27797.8886,三角波,材料1,0.0350972995
1148,25,158750.0,35763.30342,三角波,材料1,0.039190760500000005
1149,25,158740.0,47536.0583,三角波,材料1,0.0441695865
1150,25,158750.0,62046.49427,三角波,材料1,0.049065837
1151,25,158750.0,106074.2276,三角波,材料1,0.062110720999999994
1152,25,158750.0,239077.4196,三角波,材料1,0.087820418
1153,25,158750.0,308285.3462,三角波,材料1,0.09740763699999999
1154,25,158750.0,405974.4477,三角波,材料1,0.1096948855
1155,25,158750.0,1183718.214,三角波,材料1,0.174604006
1156,25,177880.0,3049.209039,三角波,材料1,0.0121183185
1157,25,177900.0,4143.605824,三角波,材料1,0.013838986000000001
1158,25,177890.0,5328.770452,三角波,材料1,0.015491752
1159,25,177880.0,6676.46732,三角波,材料1,0.01721398
1160,25,177890.0,8681.967295,三角波,材料1,0.019309109499999998
1161,25,177880.0,11390.89328,三角波,材料1,0.0215439695
1162,25,177900.0,14998.68302,三角波,材料1,0.0243091875
1163,25,177900.0,19830.68222,三角波,材料1,0.027490874499999998
1164,25,177890.0,25908.87594,三角波,材料1,0.030755565999999998
1165,25,177890.0,33429.21557,三角波,材料1,0.0343681655
1166,25,177890.0,43892.81251,三角波,材料1,0.038715654
1167,25,177890.0,57418.88126,三角波,材料1,0.0429780925
1168,25,177880.0,73880.76961,三角波,材料1,0.048086859999999995
1169,25,177890.0,97242.38734,三角波,材料1,0.054376168
1170,25,177890.0,126337.0035,三角波,材料1,0.060762148
1171,25,177890.0,165526.4381,三角波,材料1,0.0682375795
1172,25,177890.0,218872.0092,三角波,材料1,0.0769238795
1173,25,177900.0,279926.8377,三角波,材料1,0.0852683315
1174,25,177880.0,368376.3932,三角波,材料1,0.095976618
1175,25,177890.0,485012.2785,三角波,材料1,0.1082596065
1176,25,177900.0,636338.7881,三角波,材料1,0.121578492
1177,25,177890.0,826784.6874,三角波,材料1,0.1365655985
1178,25,177890.0,1081934.644,三角波,材料1,0.15292287100000002
1179,25,199160.0,4122.392061,三角波,材料1,0.012349903499999999
1180,25,199160.0,5402.12844,三角波,材料1,0.0138664555
1181,25,199160.0,8662.200851,三角波,材料1,0.0172626335
1182,25,199170.0,11357.32209,三角波,材料1,0.0192508
1183,25,199160.0,14895.03522,三角波,材料1,0.021740065000000003
1184,25,199170.0,19347.3988,三角波,材料1,0.024543451
1185,25,199170.0,25348.51763,三角波,材料1,0.027537559500000003
1186,25,199170.0,32519.81662,三角波,材料1,0.030711225
1187,25,199160.0,42328.56367,三角波,材料1,0.034550918
1188,25,199160.0,54839.26998,三角波,材料1,0.038441992499999994
1189,25,199160.0,70785.82317,三角波,材料1,0.042997579999999994
1190,25,199170.0,94434.53346,三角波,材料1,0.0487010405
1191,25,199170.0,120244.6019,三角波,材料1,0.0543024805
1192,25,199160.0,156230.5105,三角波,材料1,0.060967645
1193,25,199170.0,206771.5998,三角波,材料1,0.068753116
1194,25,199170.0,349784.8148,三角波,材料1,0.0858893785
1195,25,199170.0,457801.7445,三角波,材料1,0.09669365499999999
1196,25,199160.0,778993.6378,三角波,材料1,0.1219387435
1197,25,199160.0,1017906.078,三角波,材料1,0.13656686699999998
1198,25,224180.0,5385.119702,三角波,材料1,0.01219379
1199,25,224180.0,6701.86956,三角波,材料1,0.013533769000000001
1200,25,224180.0,8647.374921,三角波,材料1,0.015211035
1201,25,224180.0,11245.26047,三角波,材料1,0.016961484
1202,25,224180.0,14643.25542,三角波,材料1,0.019132785
1203,25,224180.0,24490.69373,三角波,材料1,0.0241838775
1204,25,224180.0,31358.21746,三角波,材料1,0.0270474235
1205,25,224180.0,40739.82173,三角波,材料1,0.0303997825
1206,25,224180.0,52971.41544,三角波,材料1,0.033826163
1207,25,224180.0,67690.99198,三角波,材料1,0.037825931
1208,25,224180.0,115482.3455,三角波,材料1,0.0477546015
1209,25,224170.0,148187.0021,三角波,材料1,0.053756967
1210,25,224180.0,193713.7486,三角波,材料1,0.060385031000000006
1211,25,224180.0,250268.7669,三角波,材料1,0.0670933155
1212,25,224180.0,427617.4581,三角波,材料1,0.0850391935
1213,25,224180.0,559054.7473,三角波,材料1,0.0955817525
1214,25,224180.0,726569.9821,三角波,材料1,0.10719634650000001
1215,25,224190.0,949514.6279,三角波,材料1,0.1201009475
1216,25,251230.0,6957.920732,三角波,材料1,0.01227832
1217,25,251220.0,8808.786164,三角波,材料1,0.0137230585
1218,25,251220.0,11483.23475,三角波,材料1,0.0153490925
1219,25,251220.0,24949.1459,三角波,材料1,0.0218813925
1220,25,251220.0,31478.24411,三角波,材料1,0.024456114
1221,25,251230.0,41091.95488,三角波,材料1,0.027537642
1222,25,251230.0,53193.74075,三角波,材料1,0.0306647055
1223,25,251230.0,67880.20188,三角波,材料1,0.0342578135
1224,25,251220.0,89039.52533,三角波,材料1,0.038747373
1225,25,251220.0,113820.4748,三角波,材料1,0.0431799915
1226,25,251230.0,191506.8692,三角波,材料1,0.054732916
1227,25,251220.0,318524.1857,三角波,材料1,0.06833433850000001
1228,25,251230.0,416754.3963,三角波,材料1,0.0769264425
1229,25,251230.0,922254.6302,三角波,材料1,0.108643771
1230,25,282490.0,7131.340313,三角波,材料1,0.011016103499999999
1231,25,282490.0,9116.476111,三角波,材料1,0.012356729
1232,25,282490.0,11764.41442,三角波,材料1,0.0137910485
1233,25,282490.0,15132.66005,三角波,材料1,0.015539114
1234,25,282490.0,19578.40683,三角波,材料1,0.017527066
1235,25,282490.0,32105.32575,三角波,材料1,0.021980225
1236,25,282490.0,40917.79776,三角波,材料1,0.024715513
1237,25,282490.0,67650.58058,三角波,材料1,0.0307934395
1238,25,282480.0,88626.6167,三角波,材料1,0.034801699500000005
1239,25,282490.0,112581.5935,三角波,材料1,0.038763522
1240,25,282490.0,146015.977,三角波,材料1,0.04364306
1241,25,282490.0,186883.1826,三角波,材料1,0.049094885000000005
1242,25,282500.0,238615.2562,三角波,材料1,0.054447117
1243,25,282490.0,310849.4628,三角波,材料1,0.061283263500000004
1244,25,282490.0,406710.7636,三角波,材料1,0.069078742
1245,25,282490.0,528596.2207,三角波,材料1,0.0775719865
1246,25,282480.0,894881.522,三角波,材料1,0.0975229825
1247,25,316470.0,11797.23176,三角波,材料1,0.012226918
1248,25,316470.0,15246.84977,三角波,材料1,0.0137775195
1249,25,316460.0,19653.60795,三角波,材料1,0.015565564
1250,25,316470.0,25351.60694,三角波,材料1,0.0174654505
1251,25,316470.0,32051.45453,三角波,材料1,0.019526151999999998
1252,25,316460.0,41017.71535,三角波,材料1,0.021933743999999998
1253,25,316460.0,51862.1504,三角波,材料1,0.0243413185
1254,25,316470.0,86357.0592,三角波,材料1,0.0308266145
1255,25,316470.0,110223.7877,三角波,材料1,0.034429845
1256,25,316460.0,142256.6896,三角波,材料1,0.0387241265
1257,25,316460.0,185012.5713,三角波,材料1,0.0436360315
1258,25,316460.0,231347.2223,三角波,材料1,0.048376672999999995
1259,25,316470.0,300655.2357,三角波,材料1,0.0544908
1260,25,316460.0,390932.5662,三角波,材料1,0.061311966999999995
1261,25,316460.0,507061.6237,三角波,材料1,0.0687271505
1262,25,316470.0,656005.4367,三角波,材料1,0.07717548099999999
1263,25,316460.0,853420.7731,三角波,材料1,0.086485206
1264,25,354580.0,11979.42965,三角波,材料1,0.010739911
1265,25,354590.0,15422.80272,三角波,材料1,0.012103519
1266,25,354590.0,19791.73715,三角波,材料1,0.013661934
1267,25,354590.0,25299.31928,三角波,材料1,0.015293801
1268,25,354590.0,31850.47355,三角波,材料1,0.017092489
1269,25,354580.0,40620.83611,三角波,材料1,0.019214447
1270,25,354580.0,51709.13352,三角波,材料1,0.021375339
1271,25,354590.0,65261.65609,三角波,材料1,0.023887238999999998
1272,25,354590.0,84492.53484,三角波,材料1,0.027031192500000002
1273,25,354590.0,107426.4295,三角波,材料1,0.0301483425
1274,25,354590.0,137756.4553,三角波,材料1,0.033833284500000005
1275,25,354590.0,178332.4496,三角波,材料1,0.0381553015
1276,25,354590.0,226139.984,三角波,材料1,0.042324827499999995
1277,25,354590.0,287804.4944,三角波,材料1,0.0475765505
1278,25,354590.0,374001.5855,三角波,材料1,0.053646837
1279,25,354590.0,482916.0795,三角波,材料1,0.0601970135
1280,25,354590.0,622421.6696,三角波,材料1,0.067439323
1281,25,354590.0,808512.7607,三角波,材料1,0.0756834815
1282,25,396800.0,20823.73168,三角波,材料1,0.012606417
1283,25,396800.0,26430.84279,三角波,材料1,0.014129064
1284,25,396800.0,33106.50351,三角波,材料1,0.0157701315
1285,25,396800.0,42765.9572,三角波,材料1,0.017811342
1286,25,396800.0,54157.24339,三角波,材料1,0.019780045
1287,25,396800.0,67913.24024,三角波,材料1,0.022089518500000002
1288,25,396800.0,87832.67968,三角波,材料1,0.024951917499999997
1289,25,396800.0,111566.6792,三角波,材料1,0.0278425015
1290,25,396800.0,183078.6761,三角波,材料1,0.035163463
1291,25,396800.0,232622.2601,三角波,材料1,0.039055532000000004
1292,25,396800.0,297754.7291,三角波,材料1,0.0439163895
1293,25,396800.0,382391.3582,三角波,材料1,0.049419544499999996
1294,25,396800.0,492775.9921,三角波,材料1,0.055499778
1295,25,396790.0,633806.2778,三角波,材料1,0.062238602500000004
1296,25,446400.0,20175.60805,三角波,材料1,0.010617176999999998
1297,25,446410.0,25735.80589,三角波,材料1,0.0119597295
1298,25,446410.0,31984.25798,三角波,材料1,0.0132962335
1299,25,446410.0,40756.62715,三角波,材料1,0.0149896175
1300,25,446410.0,51314.63064,三角波,材料1,0.0166504315
1301,25,446410.0,65316.5271,三角波,材料1,0.018695949
1302,25,446410.0,85181.4251,三角波,材料1,0.021194558
1303,25,446400.0,107135.0688,三角波,材料1,0.023590022
1304,25,446410.0,136699.7343,三角波,材料1,0.026503387000000003
1305,25,446400.0,175226.174,三角波,材料1,0.029852713500000003
1306,25,446410.0,220469.0579,三角波,材料1,0.0330965745
1307,25,446410.0,282815.6327,三角波,材料1,0.0372861355
1308,25,446410.0,361585.1559,三角波,材料1,0.0419983815
1309,25,446410.0,462955.5988,三角波,材料1,0.0470810015
1310,25,446410.0,762006.7051,三角波,材料1,0.0590832625
1311,25,56180.0,15191.42341,三角波,材料1,0.0600685515
1312,25,56180.0,20265.75617,三角波,材料1,0.06795749649999999
1313,25,56180.0,27863.55581,三角波,材料1,0.07763060299999999
1314,25,56180.0,60186.66077,三角波,材料1,0.1082558285
1315,25,56180.0,104361.2985,三角波,材料1,0.1373367655
1316,25,56180.0,138577.1111,三角波,材料1,0.1550946465
1317,25,56180.0,182400.2888,三角波,材料1,0.174743218
1318,25,56180.0,234166.756,三角波,材料1,0.19424949549999998
1319,25,56180.0,307399.1091,三角波,材料1,0.218497306
1320,25,56180.0,399958.8578,三角波,材料1,0.2456297765
1321,25,56180.0,516526.3052,三角波,材料1,0.272651525
1322,25,70800.0,11757.52839,三角波,材料1,0.047765346
1323,25,70800.0,15756.9192,三角波,材料1,0.054071392999999995
1324,25,70800.0,21192.92817,三角波,材料1,0.061786792
1325,25,70800.0,28363.3543,三角波,材料1,0.069658113
1326,25,70800.0,36201.93771,三角波,材料1,0.0769780905
1327,25,70800.0,47042.41627,三角波,材料1,0.0862825405
1328,25,70800.0,62195.87017,三角波,材料1,0.09716654150000001
1329,25,70800.0,82415.34885,三角波,材料1,0.10937752349999999
1330,25,70800.0,108854.8593,三角波,材料1,0.1233704675
1331,25,70800.0,143589.4744,三角波,材料1,0.1389227535
1332,25,70800.0,183563.7669,三角波,材料1,0.154213475
1333,25,70800.0,240938.2972,三角波,材料1,0.17361852049999998
1334,25,70800.0,316780.7102,三角波,材料1,0.195321022
1335,25,70790.0,408291.5973,三角波,材料1,0.21687049749999998
1336,25,70810.0,535420.6482,三角波,材料1,0.2445249725
1337,25,70800.0,696924.3541,三角波,材料1,0.2743093835
1338,25,79440.0,10118.78421,三角波,材料1,0.042596995
1339,25,79430.0,13582.25892,三角波,材料1,0.048222509499999996
1340,25,79440.0,24610.27416,三角波,材料1,0.061993109500000004
1341,25,79430.0,31707.8056,三角波,材料1,0.06850640150000001
1342,25,79430.0,41217.53777,三角波,材料1,0.0767824865
1343,25,79430.0,54633.15761,三角波,材料1,0.08642027050000001
1344,25,79440.0,96096.13124,三角波,材料1,0.10968686750000001
1345,25,79440.0,127269.7524,三角波,材料1,0.12353868800000001
1346,25,79440.0,163617.4116,三角波,材料1,0.1374931475
1347,25,79430.0,215056.7581,三角波,材料1,0.1545769115
1348,25,79440.0,363848.8841,三角波,材料1,0.193050062
1349,25,79440.0,813158.4767,三角波,材料1,0.2737153295
1350,25,89200.0,8772.376872,三角波,材料1,0.0377848895
1351,25,89200.0,11782.02911,三角波,材料1,0.042768118
1352,25,89200.0,16286.27466,三角波,材料1,0.048804018500000004
1353,25,89200.0,21906.14285,三角波,材料1,0.0550865095
1354,25,89200.0,27636.9186,三角波,材料1,0.060891643
1355,25,89200.0,64281.12555,三角波,材料1,0.08644850700000001
1356,25,89200.0,85521.19308,三角波,材料1,0.097460766
1357,25,89200.0,112450.8247,三角波,材料1,0.109775051
1358,25,89200.0,191022.8157,三角波,材料1,0.137241943
1359,25,89200.0,250757.2812,三角波,材料1,0.15439340099999999
1360,25,89200.0,324463.449,三角波,材料1,0.171360808
1361,25,89200.0,430278.0275,三角波,材料1,0.1935036225
1362,25,89200.0,559790.7124,三角波,材料1,0.217107577
1363,25,89200.0,729330.2761,三角波,材料1,0.243073398
1364,25,89200.0,954619.323,三角波,材料1,0.2734273535
1365,25,99910.0,7316.289881,三角波,材料1,0.03386439
1366,25,99910.0,9882.490085,三角波,材料1,0.038373683500000005
1367,25,99910.0,13983.80105,三角波,材料1,0.04373444
1368,25,99910.0,18666.30499,三角波,材料1,0.0493017455
1369,25,99910.0,31183.97667,三角波,材料1,0.061172675499999996
1370,25,99900.0,41613.78546,三角波,材料1,0.068965706
1371,25,99900.0,56241.75009,三角波,材料1,0.077435635
1372,25,99910.0,75101.69765,三角波,材料1,0.0873006545
1373,25,99910.0,99839.97516,三角波,材料1,0.098375875
1374,25,99910.0,128623.6056,三角波,材料1,0.109276233
1375,25,99910.0,169092.4384,三角波,材料1,0.123035643
1376,25,99910.0,223473.8888,三角波,材料1,0.138325843
1377,25,99910.0,287916.8537,三角波,材料1,0.153579724
1378,25,99900.0,501697.5029,三角波,材料1,0.194544545
1379,25,99910.0,656709.3948,三角波,材料1,0.2175693555
1380,25,112160.0,6681.516782,三角波,材料1,0.0301023555
1381,25,112160.0,8979.696481,三角波,材料1,0.034101249
1382,25,112170.0,12635.3852,三角波,材料1,0.038962628
1383,50,56190.0,9516.315257,三角波,材料1,0.0545639755
1384,50,56190.0,22278.13433,三角波,材料1,0.077373997
1385,50,56190.0,70114.93951,三角波,材料1,0.1229549775
1386,50,56180.0,167677.2239,三角波,材料1,0.1734076165
1387,50,56180.0,222761.2851,三角波,材料1,0.19348150800000002
1388,50,56180.0,296344.7597,三角波,材料1,0.217527382
1389,50,56190.0,518131.1192,三角波,材料1,0.2712038105
1390,50,70780.0,2580.532563,三角波,材料1,0.0270463155
1391,50,70780.0,3401.706415,三角波,材料1,0.0305316935
1392,50,70780.0,7910.743154,三角波,材料1,0.043450958
1393,50,70780.0,10472.36675,三角波,材料1,0.0488650255
1394,50,70780.0,14170.43986,三角波,材料1,0.0547884995
1395,50,70790.0,33113.75162,三角波,材料1,0.0780315565
1396,50,70790.0,43224.38235,三角波,材料1,0.0872780035
1397,50,70780.0,76722.17917,三角波,材料1,0.1092713725
1398,50,70790.0,101065.1484,三角波,材料1,0.12232471
1399,50,70780.0,240633.0513,三角波,材料1,0.17350528650000002
1400,50,70770.0,323483.1756,三角波,材料1,0.19540558
1401,50,70780.0,422517.9095,三角波,材料1,0.2163338325
1402,50,70780.0,563605.2942,三角波,材料1,0.24419618450000002
1403,50,112170.0,73213.00475,三角波,材料1,0.077382096
1404,50,112170.0,295410.3812,三角波,材料1,0.13711866150000002
1405,50,112170.0,694108.3896,三角波,材料1,0.19543869349999998
1406,50,112170.0,915842.334,三角波,材料1,0.2192294525
1407,50,125890.0,2213.649822,三角波,材料1,0.015273462000000002
1408,50,125890.0,2889.326587,三角波,材料1,0.0172004745
1409,50,125890.0,8213.393135,三角波,材料1,0.0274950475
1410,50,125890.0,10878.81082,三角波,材料1,0.0308013675
1411,50,125900.0,14300.77801,三角波,材料1,0.034800273
1412,50,125890.0,18663.8668,三角波,材料1,0.039208033
1413,50,125890.0,31608.18827,三角波,材料1,0.0490947495
1414,50,125890.0,41487.09042,三角波,材料1,0.0552553685
1415,50,125890.0,53830.04687,三角波,材料1,0.061521639
1416,50,125880.0,120281.503,三角波,材料1,0.08674333149999999
1417,50,125890.0,159097.5765,三角波,材料1,0.097637259
1418,50,125890.0,210718.8163,三角波,材料1,0.109980894
1419,50,125890.0,274881.8635,三角波,材料1,0.1218704695
1420,50,125890.0,482113.3297,三角波,材料1,0.15484397649999998
1421,50,125890.0,638557.241,三角波,材料1,0.173764405
1422,50,125890.0,1103821.537,三角波,材料1,0.21856592149999998
1423,50,141280.0,2284.67955,三角波,材料1,0.01338149
1424,50,141290.0,2952.023645,三角波,材料1,0.015127164
1425,50,141280.0,3947.76671,三角波,材料1,0.01729269
1426,50,141280.0,5113.612355,三角波,材料1,0.019376314999999998
1427,50,141280.0,6403.582468,三角波,材料1,0.021514061
1428,50,141280.0,8260.233491,三角波,材料1,0.0241579075
1429,50,141280.0,10799.47252,三角波,材料1,0.02698073
1430,50,141290.0,18357.80903,三角波,材料1,0.034364647
1431,50,141280.0,23862.97993,三角波,材料1,0.0384994055
1432,50,141290.0,30258.89324,三角波,材料1,0.0429643295
1433,50,141280.0,51521.3483,三角波,材料1,0.053898973
1434,50,141270.0,66588.93385,三角波,材料1,0.0603521605
1435,50,141290.0,86444.14327,三角波,材料1,0.06815985599999999
1436,50,141280.0,112306.4409,三角波,材料1,0.07606750500000001
1437,50,141290.0,146730.6163,三角波,材料1,0.0854393475
1438,50,141270.0,251506.6181,三角波,材料1,0.106825788
1439,50,141290.0,440298.7405,三角波,材料1,0.135543615
1440,50,141280.0,582475.1561,三角波,材料1,0.1522020345
1441,50,141280.0,766288.0935,三角波,材料1,0.17101952250000002
1442,50,141280.0,1006393.041,三角波,材料1,0.191548536
1443,50,158750.0,2336.789405,三角波,材料1,0.0122050615
1444,50,158760.0,3015.177693,三角波,材料1,0.013770833
1445,50,158750.0,4040.968549,三角波,材料1,0.015773285
1446,50,158750.0,5200.054082,三角波,材料1,0.017662424500000003
1447,50,158750.0,6493.928229,三角波,材料1,0.0196134575
1448,50,158750.0,8333.920115,三角波,材料1,0.0220126275
1449,50,158750.0,10895.90781,三角波,材料1,0.024641837
1450,50,158760.0,14231.14734,三角波,材料1,0.0277770665
1451,50,158750.0,18641.17256,三角波,材料1,0.0313386505
1452,50,158750.0,23793.35841,三角波,材料1,0.0350561265
1453,50,158750.0,30363.30039,三角波,材料1,0.039210846
1454,50,158750.0,40052.43482,三角波,材料1,0.044238472
1455,50,158750.0,51447.2233,三角波,材料1,0.049159306
1456,50,158760.0,87134.19316,三角波,材料1,0.0621454095
1457,50,158750.0,111176.7538,三角波,材料1,0.069307618
1458,50,158750.0,145469.3109,三角波,材料1,0.0779686875
1459,50,158750.0,191931.6736,三角波,材料1,0.08790488299999999
1460,50,158750.0,247291.4544,三角波,材料1,0.097311292
1461,50,158750.0,325325.1454,三角波,材料1,0.1095831315
1462,50,158750.0,568804.2949,三角波,材料1,0.1389348235
1463,50,158750.0,743696.7334,三角波,材料1,0.1559567215
1464,50,158750.0,980580.8869,三角波,材料1,0.17461875100000002
1465,50,177890.0,2334.197958,三角波,材料1,0.0106985255
1466,50,177890.0,2996.517998,三角波,材料1,0.0120523365
1467,50,177890.0,4030.433254,三角波,材料1,0.013831375
1468,50,177890.0,5122.099321,三角波,材料1,0.015502481
1469,50,177880.0,6376.520543,三角波,材料1,0.017193724
1470,50,177890.0,8206.778719,三角波,材料1,0.0193259735
1471,50,177880.0,10614.11261,三角波,材料1,0.021612634
1472,50,177890.0,13825.0254,三角波,材料1,0.0243421385
1473,50,177890.0,23163.76514,三角波,材料1,0.03073609
1474,50,177890.0,29105.78267,三角波,材料1,0.034369366
1475,50,177880.0,37592.402,三角波,材料1,0.038665448500000005
1476,50,177890.0,48951.26666,三角波,材料1,0.043079705999999995
1477,50,177900.0,62672.29244,三角波,材料1,0.0481503835
1478,50,177880.0,82234.76286,三角波,材料1,0.054457395500000005
1479,50,177890.0,106453.6487,三角波,材料1,0.060780967
1480,50,177900.0,136690.5966,三角波,材料1,0.068287845
1481,50,177890.0,179294.5044,三角波,材料1,0.0768353745
1482,50,177880.0,230345.0887,三角波,材料1,0.0851747695
1483,50,177890.0,303443.187,三角波,材料1,0.09597740199999999
1484,50,177890.0,398881.2407,三角波,材料1,0.1082508955
1485,50,177890.0,522433.7839,三角波,材料1,0.121436663
1486,50,177890.0,684784.4513,三角波,材料1,0.1364397355
1487,50,199170.0,5376.10783,三角波,材料1,0.013861192500000001
1488,50,199160.0,6609.858898,三角波,材料1,0.015381949
1489,50,199160.0,8440.515031,三角波,材料1,0.0172637725
1490,50,199160.0,10949.07363,三角波,材料1,0.0192796555
1491,50,199160.0,18290.84345,三角波,材料1,0.024550034999999998
1492,50,199170.0,29393.82202,三角波,材料1,0.030690115
1493,50,199150.0,49183.594,三角波,材料1,0.038517352000000005
1494,50,199170.0,62753.40913,三角波,材料1,0.043082371
1495,50,199170.0,81960.67278,三角波,材料1,0.048680123000000006
1496,50,199160.0,104993.9408,三角波,材料1,0.054334615
1497,50,199170.0,135408.7723,三角波,材料1,0.061013116
1498,50,199170.0,174250.4518,三角波,材料1,0.0687150235
1499,50,199170.0,223902.5348,三角波,材料1,0.07622753900000001
1500,50,199170.0,382916.3038,三角波,材料1,0.09667168649999999
1501,50,199170.0,500515.302,三角波,材料1,0.10854259999999999
1502,50,199160.0,652474.8366,三角波,材料1,0.1218897725
1503,50,199160.0,853678.2686,三角波,材料1,0.13669731699999998
1504,50,224180.0,5445.498952,三角波,材料1,0.0121835905
1505,50,224180.0,6781.972841,三角波,材料1,0.013557603500000001
1506,50,224180.0,8618.337947,三角波,材料1,0.0152213705
1507,50,224170.0,11044.81825,三角波,材料1,0.016993751
1508,50,224180.0,14214.93495,三角波,材料1,0.019111496
1509,50,224180.0,18311.14894,三角波,材料1,0.021583393
1510,50,224180.0,23479.70312,三角波,材料1,0.0241897505
1511,50,224180.0,29626.10676,三角波,材料1,0.0270165585
1512,50,224180.0,48572.69674,三角波,材料1,0.033884304500000004
1513,50,224180.0,61424.92549,三角波,材料1,0.0378294355
1514,50,224170.0,79804.00585,三角波,材料1,0.042767638
1515,50,224180.0,102511.2245,三角波,材料1,0.0478360585
1516,50,224190.0,132255.4075,三角波,材料1,0.053692656500000005
1517,50,224180.0,168355.224,三角波,材料1,0.060435396
1518,50,224180.0,214432.0757,三角波,材料1,0.0669964035
1519,50,224190.0,279271.9287,三角波,材料1,0.07549802550000001
1520,50,224180.0,365372.7955,三角波,材料1,0.0850180385
1521,50,224180.0,476756.5012,三角波,材料1,0.095596924
1522,50,224180.0,617817.7698,三角波,材料1,0.1072933715
1523,50,251220.0,5665.710497,三角波,材料1,0.011059513
1524,50,251220.0,7003.802864,三角波,材料1,0.012263669500000001
1525,50,251220.0,11504.05435,三角波,材料1,0.0153888645
1526,50,251230.0,14678.35837,三角波,材料1,0.0173340295
1527,50,251220.0,30615.44806,三角波,材料1,0.024478641500000002
1528,50,251220.0,39021.27045,三角波,材料1,0.0275379715
1529,50,251210.0,62369.33304,三角波,材料1,0.034271833
1530,50,251230.0,81449.88479,三角波,材料1,0.038764043
1531,50,251230.0,103346.7947,三角波,材料1,0.0432310635
1532,50,251220.0,132806.1478,三角波,材料1,0.04856927
1533,50,251220.0,171287.9024,三角波,材料1,0.054662902
1534,50,251230.0,214854.9578,三角波,材料1,0.060683254
1535,50,251210.0,277787.332,三角波,材料1,0.06830878800000001
1536,50,251230.0,362507.7538,三角波,材料1,0.0769403235
1537,50,251220.0,470873.158,三角波,材料1,0.08639042899999999
1538,50,251230.0,611376.2645,三角波,材料1,0.0970063815
1539,50,251230.0,794088.3646,三角波,材料1,0.10867518649999999
1540,50,282480.0,7243.035783,三角波,材料1,0.0110061035
1541,50,282480.0,9164.466149,三角波,材料1,0.012342588
1542,50,282480.0,11769.56167,三角波,材料1,0.01381483
1543,50,282490.0,15176.68396,三角波,材料1,0.015579318500000001
1544,50,282490.0,19472.87176,三角波,材料1,0.0175488815
1545,50,282490.0,24811.04197,三角波,材料1,0.019669061
1546,50,282490.0,31363.70142,三角波,材料1,0.021983762
1547,50,282480.0,39911.71726,三角波,材料1,0.024744915
1548,50,282490.0,50483.32101,三角波,材料1,0.027482214499999998
1549,50,282500.0,63670.83576,三角波,材料1,0.030754194
1550,50,282490.0,82346.3993,三角波,材料1,0.034763752
1551,50,282490.0,104468.5421,三角波,材料1,0.03881469
1552,50,282490.0,134072.0196,三角波,材料1,0.043681932
1553,50,282490.0,172326.4758,三角波,材料1,0.0491441045
1554,50,282480.0,217854.9792,三角波,材料1,0.0544809795
1555,50,282480.0,360047.3546,三角波,材料1,0.06908342549999999
1556,50,282480.0,465636.1346,三角波,材料1,0.077610585
1557,50,282490.0,778910.1631,三角波,材料1,0.09747098800000001
1558,50,316460.0,9317.710241,三角波,材料1,0.0109681935
1559,50,316470.0,11872.78343,三角波,材料1,0.01224811
1560,50,316470.0,15318.14013,三角波,材料1,0.013806848
1561,50,316470.0,19686.531,三角波,材料1,0.015571333
1562,50,316460.0,25014.14259,三角波,材料1,0.0174590625
1563,50,316470.0,31274.39774,三角波,材料1,0.019479990500000002
1564,50,316460.0,39927.37568,三角波,材料1,0.021940091000000002
1565,50,316460.0,63713.45884,三角波,材料1,0.027275430500000003
1566,50,316470.0,82588.65685,三角波,材料1,0.030861647
1567,50,316470.0,104552.2982,三角波,材料1,0.0344576555
1568,50,316470.0,133492.8437,三角波,材料1,0.0387510455
1569,50,316460.0,171237.6128,三角波,材料1,0.0435772515
1570,50,316460.0,215458.3108,三角波,材料1,0.048337439499999996
1571,50,316470.0,277049.4631,三角波,材料1,0.054478369
1572,50,316460.0,353949.0195,三角波,材料1,0.0613327375
1573,50,316470.0,585756.7931,三角波,材料1,0.077248657
1574,50,316470.0,755913.5208,三角波,材料1,0.086484801
1575,50,354590.0,12207.45893,三角波,材料1,0.010748371
1576,50,354590.0,15599.88959,三角波,材料1,0.012117474
1577,50,354580.0,19959.2349,三角波,材料1,0.013672154499999999
1578,50,354590.0,25416.58055,三角波,材料1,0.0153268945
1579,50,354590.0,31855.27053,三角波,材料1,0.017120442
1580,50,354590.0,40294.43645,三角波,材料1,0.019274107999999998
1581,50,354590.0,50652.25786,三角波,材料1,0.021389004500000003
1582,50,354580.0,63524.94169,三角波,材料1,0.023897651
1583,50,354590.0,81844.93576,三角波,材料1,0.0270044415
1584,50,354590.0,103562.277,三角波,材料1,0.030178021
1585,50,354590.0,131492.2547,三角波,材料1,0.0338494275
1586,50,354590.0,168385.787,三角波,材料1,0.038171686499999996
1587,50,354590.0,211755.6806,三角波,材料1,0.042303218000000004
1588,50,354590.0,270071.1319,三角波,材料1,0.047576147
1589,50,354590.0,441293.2025,三角波,材料1,0.0602582235
1590,50,354590.0,565061.1877,三角波,材料1,0.0675256155
1591,50,396800.0,16454.36582,三角波,材料1,0.011176963
1592,50,396800.0,20944.55946,三角波,材料1,0.012617721
1593,50,396800.0,26591.67818,三角波,材料1,0.0141591175
1594,50,396800.0,33134.67284,三角波,材料1,0.0157788125
1595,50,396800.0,42345.01674,三角波,材料1,0.0178033525
1596,50,396800.0,52522.5773,三角波,材料1,0.0197155145
1597,50,396800.0,66918.03918,三角波,材料1,0.022109878
1598,50,396800.0,85400.23642,三角波,材料1,0.024929523500000002
1599,50,396800.0,108091.7376,三角波,材料1,0.0278818375
1600,50,396800.0,174474.8608,三角波,材料1,0.0351641175
1601,50,396800.0,218755.4475,三角波,材料1,0.0390004505
1602,50,396810.0,280460.1738,三角波,材料1,0.043983734
1603,50,396800.0,355438.988,三角波,材料1,0.049515790000000004
1604,50,396800.0,454618.767,三角波,材料1,0.0555883905
1605,50,396800.0,744973.3929,三角波,材料1,0.069798032
1606,50,446400.0,20265.00594,三角波,材料1,0.0106101375
1607,50,446400.0,25708.48733,三角波,材料1,0.011926553999999999
1608,50,446410.0,31962.01515,三角波,材料1,0.013307111
1609,50,446400.0,40885.14909,三角波,材料1,0.01502856
1610,50,446400.0,51482.36715,三角波,材料1,0.016668114499999998
1611,50,446410.0,83587.52629,三角波,材料1,0.021153015499999997
1612,50,446410.0,104593.9256,三角波,材料1,0.023637454000000002
1613,50,446400.0,168827.8561,三角波,材料1,0.029855424
1614,50,446400.0,210969.3702,三角波,材料1,0.0331404545
1615,50,446410.0,266481.8919,三角波,材料1,0.037301963
1616,50,446410.0,340353.1094,三角波,材料1,0.04190232
1617,50,446400.0,432682.4785,三角波,材料1,0.04701334
1618,50,446410.0,549898.074,三角波,材料1,0.052772263
1619,50,446410.0,703319.9742,三角波,材料1,0.05913389
1620,50,56180.0,8916.816367,三角波,材料1,0.060064466999999996
1621,50,56180.0,11893.80298,三角波,材料1,0.06800514399999999
1622,50,56180.0,16362.31651,三角波,材料1,0.077772862
1623,50,56180.0,21880.19557,三角波,材料1,0.0876941335
1624,50,56180.0,28178.84995,三角波,材料1,0.0968002405
1625,50,56180.0,36903.63576,三角波,材料1,0.1083131975
1626,50,56180.0,49585.58219,三角波,材料1,0.12210183150000001
1627,50,56180.0,66624.21623,三角波,材料1,0.1376343645
1628,50,56180.0,90089.73627,三角波,材料1,0.15506371800000002
1629,50,56180.0,121815.3515,三角波,材料1,0.174918723
1630,50,56180.0,160936.1449,三角波,材料1,0.1940344055
1631,50,56180.0,217225.9353,三角波,材料1,0.2184718705
1632,50,56180.0,292214.9625,三角波,材料1,0.245602198
1633,50,56180.0,386695.3893,三角波,材料1,0.2726349
1634,50,70800.0,6846.479793,三角波,材料1,0.0477402535
1635,50,70800.0,9230.411456,三角波,材料1,0.053969392
1636,50,70800.0,12784.91529,三角波,材料1,0.061725623
1637,50,70800.0,17155.30198,三角波,材料1,0.06962735249999999
1638,50,70800.0,21764.36248,三角波,材料1,0.07693830700000001
1639,50,70800.0,51666.79161,三角波,材料1,0.109320102
1640,50,70790.0,70315.49386,三角波,材料1,0.1232941065
1641,50,70790.0,94032.44386,三角波,材料1,0.138906625
1642,50,70800.0,123275.7685,三角波,材料1,0.15420109599999998
1643,50,70800.0,166119.8262,三角波,材料1,0.173620902
1644,50,70800.0,223381.2228,三角波,材料1,0.1950861215
1645,50,70800.0,296162.1611,三角波,材料1,0.2165634395
1646,50,70800.0,403706.7778,三角波,材料1,0.24433506900000002
1647,50,70800.0,536852.7893,三角波,材料1,0.274211364
1648,50,79430.0,6045.353415,三角波,材料1,0.042528527499999996
1649,50,79430.0,8145.742745,三角波,材料1,0.0480520115
1650,50,79440.0,11252.62658,三角波,材料1,0.054978684
1651,50,79430.0,15063.35288,三角波,材料1,0.062020422
1652,50,79440.0,19499.72449,三角波,材料1,0.06860566
1653,50,79440.0,25172.74846,三角波,材料1,0.0769110525
1654,50,79430.0,33586.32068,三角波,材料1,0.08637666199999999
1655,50,79440.0,45729.16769,三角波,材料1,0.0973740115
1656,50,79430.0,61702.80507,三角波,材料1,0.1097152575
1657,50,79440.0,83045.25566,三角波,材料1,0.123760594
1658,50,79430.0,108798.387,三角波,材料1,0.1374552155
1659,50,79440.0,146597.7299,三角波,材料1,0.1546364425
1660,50,79440.0,196875.1868,三角波,材料1,0.173913703
1661,50,79440.0,261263.4321,三角波,材料1,0.1931739215
1662,50,79440.0,355530.1708,三角波,材料1,0.217753311
1663,50,79440.0,474328.57,三角波,材料1,0.2444702
1664,50,79440.0,637508.0253,三角波,材料1,0.2736682495
1665,50,89200.0,7136.491293,三角波,材料1,0.0427582395
1666,50,89200.0,13288.5742,三角波,材料1,0.055045977999999995
1667,50,89200.0,17173.4887,三角波,材料1,0.0608459125
1668,50,89200.0,22583.55994,三角波,材料1,0.068163953
1669,50,89210.0,40541.58415,三角波,材料1,0.0863851565
1670,50,89200.0,96514.65226,三角波,材料1,0.122021345
1671,50,89200.0,173757.3374,三角波,材料1,0.154624812
1672,50,89200.0,228931.9186,三角波,材料1,0.17136414449999998
1673,50,89200.0,311569.7249,三角波,材料1,0.1934207695
1674,50,89200.0,417537.1201,三角波,材料1,0.2170014465
1675,50,89200.0,560572.0064,三角波,材料1,0.2430897455
1676,50,99910.0,4635.450951,三角波,材料1,0.0338779565
1677,50,99910.0,8619.53204,三角波,材料1,0.0437262805
1678,50,99910.0,11624.29384,三角波,材料1,0.049282282999999996
1679,50,99910.0,15024.88606,三角波,材料1,0.054660405
1680,50,99910.0,25977.49424,三角波,材料1,0.0688650755
1681,50,99910.0,35374.27917,三角波,材料1,0.0774829685
1682,50,99900.0,47781.04218,三角波,材料1,0.08727982249999999
1683,50,99910.0,64496.63201,三角波,材料1,0.098387418
1684,50,99910.0,85353.07924,三角波,材料1,0.10931392449999999
1685,50,99910.0,114346.9967,三角波,材料1,0.123016859
1686,50,99900.0,152444.2189,三角波,材料1,0.13823183
1687,50,99910.0,202602.6375,三角波,材料1,0.153504502
1688,50,99910.0,274340.6315,三角波,材料1,0.1733375265
1689,50,99910.0,367442.6845,三角波,材料1,0.19441577650000003
1690,50,99910.0,494705.0358,三角波,材料1,0.2176198205
1691,50,99910.0,664208.5735,三角波,材料1,0.2450199145
1692,50,112160.0,4439.081264,三角波,材料1,0.030147319
1693,50,112170.0,5798.195698,三角波,材料1,0.0340300225
1694,50,112170.0,8123.874426,三角波,材料1,0.0389606185
1695,50,112170.0,10998.88422,三角波,材料1,0.043964710500000004
1696,50,112160.0,14043.47153,三角波,材料1,0.0485224465
1697,50,112170.0,18384.82535,三角波,材料1,0.0542371305
1698,70,56190.0,4298.308867,三角波,材料1,0.043888079499999996
1699,70,56190.0,7262.601739,三角波,材料1,0.0544863775
1700,70,56190.0,17055.56461,三角波,材料1,0.077532774
1701,70,56190.0,56785.45694,三角波,材料1,0.1231839945
1702,70,56190.0,102933.3815,三角波,材料1,0.15350872
1703,70,56190.0,257073.5682,三角波,材料1,0.217796423
1704,70,56190.0,347179.882,三角波,材料1,0.2452652355
1705,70,56190.0,457820.6436,三角波,材料1,0.272160176
1706,70,70770.0,2186.297222,三角波,材料1,0.0271408655
1707,70,70790.0,2836.083391,三角波,材料1,0.0306461505
1708,70,70780.0,5148.84407,三角波,材料1,0.039255342
1709,70,70790.0,6468.652462,三角波,材料1,0.0436559475
1710,70,70790.0,8428.792282,三角波,材料1,0.048938253
1711,70,70770.0,11337.93344,三角波,材料1,0.054902573499999996
1712,70,70780.0,20287.8896,三角波,材料1,0.06984339649999999
1713,70,70780.0,26441.01474,三角波,材料1,0.078123627
1714,70,70770.0,34396.59654,三角波,材料1,0.08727283899999999
1715,70,70770.0,46386.26826,三角波,材料1,0.0983096625
1716,70,70790.0,62537.41459,三角波,材料1,0.10940065800000001
1717,70,70780.0,84187.37032,三角波,材料1,0.1225190675
1718,70,70780.0,114330.7262,三角波,材料1,0.1383925265
1719,70,70780.0,152316.1851,三角波,材料1,0.15438455150000002
1720,70,70780.0,207091.9912,三角波,材料1,0.173537633
1721,70,70770.0,367820.1646,三角波,材料1,0.21685124
1722,70,70790.0,493921.2311,三角波,材料1,0.2446537925
1723,70,70780.0,663688.8939,三角波,材料1,0.27560588799999997
1724,70,112170.0,17400.2295,三角波,材料1,0.044211036499999995
1725,70,112170.0,63327.09362,三角波,材料1,0.07743257049999999
1726,70,125890.0,2863.495599,三角波,材料1,0.017237620500000002
1727,70,125890.0,3814.782033,三角波,材料1,0.019751195
1728,70,125890.0,7804.3987,三角波,材料1,0.0276091005
1729,70,125890.0,10254.47301,三角波,材料1,0.0308878165
1730,70,125890.0,22117.6587,三角波,材料1,0.043922503
1731,70,125890.0,36845.74536,三角波,材料1,0.0553841585
1732,70,125900.0,48216.87669,三角波,材料1,0.061634806
1733,70,125890.0,61141.20103,三角波,材料1,0.068890435
1734,70,125890.0,80696.62909,三角波,材料1,0.077862708
1735,70,125880.0,105147.2154,三角波,材料1,0.08680463
1736,70,125890.0,238186.7384,三角波,材料1,0.1220078905
1737,70,125880.0,316087.1971,三角波,材料1,0.1372742985
1738,70,125890.0,421499.7513,三角波,材料1,0.154933575
1739,70,125890.0,741313.2287,三角波,材料1,0.19553011199999998
1740,70,125890.0,973807.1521,三角波,材料1,0.218865456
1741,70,141290.0,2250.183901,三角波,材料1,0.013417048
1742,70,141290.0,2878.198006,三角波,材料1,0.015114267
1743,70,141280.0,7764.07305,三角波,材料1,0.0241203765
1744,70,141290.0,10130.56664,三角波,材料1,0.027079626000000002
1745,70,141280.0,13086.87636,三角波,材料1,0.030487417000000003
1746,70,141280.0,21836.11904,三角波,材料1,0.0385891545
1747,70,141270.0,27729.02741,三角波,材料1,0.0431465225
1748,70,141300.0,46169.46358,三角波,材料1,0.0539731015
1749,70,141290.0,58989.77511,三角波,材料1,0.0603329975
1750,70,141280.0,76861.18834,三角波,材料1,0.068381866
1751,70,141280.0,129912.2198,三角波,材料1,0.085718396
1752,70,141280.0,171027.6793,三角波,材料1,0.09643602700000001
1753,70,141280.0,220742.914,三角波,材料1,0.1070874755
1754,70,141280.0,291095.5483,三角波,材料1,0.120566908
1755,70,141280.0,385140.2515,三角波,材料1,0.13587097650000002
1756,70,141280.0,509068.6461,三角波,材料1,0.152572477
1757,70,141290.0,666199.5825,三角波,材料1,0.171287745
1758,70,141280.0,884143.5055,三角波,材料1,0.1918659095
1759,70,158760.0,2386.545892,三角波,材料1,0.012239117
1760,70,158750.0,3052.123967,三角波,材料1,0.013781113000000001
1761,70,158750.0,4120.743232,三角波,材料1,0.0158214795
1762,70,158750.0,5164.282576,三角波,材料1,0.0177117965
1763,70,158750.0,8117.332917,三角波,材料1,0.022029085
1764,70,158740.0,10585.19013,三角波,材料1,0.0246961575
1765,70,158750.0,13652.17041,三角波,材料1,0.027806868999999998
1766,70,158750.0,22400.53349,三角波,材料1,0.0351659015
1767,70,158750.0,28437.15274,三角波,材料1,0.039321751
1768,70,158750.0,36873.75629,三角波,材料1,0.0442633325
1769,70,158750.0,60190.31851,三角波,材料1,0.055039663
1770,70,158760.0,78425.36183,三角波,材料1,0.06212684
1771,70,158750.0,99306.08736,三角波,材料1,0.069455114
1772,70,158750.0,129117.4025,三角波,材料1,0.0781322205
1773,70,158750.0,169338.3821,三角波,材料1,0.087971844
1774,70,158750.0,218648.6268,三角波,材料1,0.0975452635
1775,70,158750.0,285984.8135,三角波,材料1,0.1097956995
1776,70,158760.0,377878.4138,三角波,材料1,0.1236438285
1777,70,158750.0,492975.6826,三角波,材料1,0.13915273849999998
1778,70,158750.0,856584.1725,三角波,材料1,0.1748057025
1779,70,177890.0,2406.348567,三角波,材料1,0.0107424075
1780,70,177890.0,3083.167585,三角波,材料1,0.012103033499999999
1781,70,177880.0,4118.749689,三角波,材料1,0.013858451
1782,70,177890.0,5223.268917,三角波,材料1,0.015483288000000001
1783,70,177890.0,6384.546499,三角波,材料1,0.017223632500000002
1784,70,177890.0,8111.442472,三角波,材料1,0.019314263499999998
1785,70,177890.0,10520.03117,三角波,材料1,0.021594263000000002
1786,70,177880.0,13299.98672,三角波,材料1,0.0243122105
1787,70,177890.0,22263.3284,三角波,材料1,0.0307735175
1788,70,177890.0,35601.21545,三角波,材料1,0.0387180915
1789,70,177890.0,45815.36459,三角波,材料1,0.0430993115
1790,70,177890.0,58384.46314,三角波,材料1,0.0482365095
1791,70,177890.0,75586.21294,三角波,材料1,0.0544725545
1792,70,177890.0,96411.80914,三角波,材料1,0.0608055035
1793,70,177880.0,160117.4689,三角波,材料1,0.07690919900000001
1794,70,177890.0,204956.8619,三角波,材料1,0.08545559850000001
1795,70,177880.0,267545.4168,三角波,材料1,0.09612828849999999
1796,70,177880.0,350717.5441,三角波,材料1,0.108402113
1797,70,177880.0,456902.8682,三角波,材料1,0.1218027795
1798,70,177880.0,596572.5231,三角波,材料1,0.136603973
1799,70,177890.0,782569.2534,三角波,材料1,0.153013067
1800,70,199170.0,4257.975692,三角波,材料1,0.012393944
1801,70,199170.0,6626.088298,三角波,材料1,0.0154015485
1802,70,199160.0,8321.054016,三角波,材料1,0.0173017955
1803,70,199150.0,10657.33859,三角波,材料1,0.0193040275
1804,70,199170.0,13760.42563,三角波,材料1,0.021732056
1805,70,199160.0,22590.35013,三角波,材料1,0.02755415
1806,70,199160.0,28585.7831,三角波,材料1,0.0307840855
1807,70,199170.0,36021.3408,三角波,材料1,0.0346306595
1808,70,199170.0,45770.88914,三角波,材料1,0.038522681
1809,70,199160.0,75225.7279,三角波,材料1,0.048722263
1810,70,199160.0,95524.40955,三角波,材料1,0.0543844305
1811,70,199170.0,123473.7145,三角波,材料1,0.061146018999999996
1812,70,199170.0,156779.7087,三角波,材料1,0.0688422705
1813,70,199170.0,200620.9565,三角波,材料1,0.07641392050000001
1814,70,199160.0,259432.9932,三角波,材料1,0.08587413099999999
1815,70,199160.0,339430.7296,三角波,材料1,0.0969477715
1816,70,199170.0,440867.9165,三角波,材料1,0.1086831985
1817,70,199170.0,571815.2855,三角波,材料1,0.122088059
1818,70,199160.0,742184.5652,三角波,材料1,0.1368990485
1819,70,224180.0,4247.894925,三角波,材料1,0.010886756000000001
1820,70,224180.0,5443.827939,三角波,材料1,0.0122159
1821,70,224180.0,8619.831887,三角波,材料1,0.015216328500000001
1822,70,224180.0,10850.80996,三角波,材料1,0.0170164295
1823,70,224170.0,13821.99776,三角波,材料1,0.019139162
1824,70,224180.0,17783.8058,三角波,材料1,0.0216379895
1825,70,224170.0,22666.8642,三角波,材料1,0.024261588
1826,70,224180.0,28304.2993,三角波,材料1,0.027046356
1827,70,224180.0,36110.35439,三角波,材料1,0.030443507
1828,70,224180.0,45809.31228,三角波,材料1,0.0339301025
1829,70,224180.0,57784.85888,三角波,材料1,0.037948241
1830,70,224180.0,94218.55067,三角波,材料1,0.047817869
1831,70,224180.0,120617.9295,三角波,材料1,0.0537613445
1832,70,224170.0,155187.6665,三角波,材料1,0.0605521105
1833,70,224180.0,193580.7764,三角波,材料1,0.067131671
1834,70,224190.0,249870.3286,三角波,材料1,0.0756448915
1835,70,224180.0,325390.4824,三角波,材料1,0.085205965
1836,70,224170.0,420909.6285,三角波,材料1,0.09574192000000001
1837,70,224180.0,542796.7344,三角波,材料1,0.1074611245
1838,70,224170.0,705894.7478,三角波,材料1,0.1203492875
1839,70,251230.0,5658.817577,三角波,材料1,0.011083892
1840,70,251220.0,6995.789699,三角波,材料1,0.012278291
1841,70,251230.0,8817.723989,三角波,材料1,0.013782832
1842,70,251220.0,11496.6026,三角波,材料1,0.0154174375
1843,70,251220.0,14297.21906,三角波,材料1,0.017368469499999997
1844,70,251220.0,18266.22986,三角波,材料1,0.0195652725
1845,70,251220.0,23138.25499,三角波,材料1,0.0219082835
1846,70,251220.0,29005.72346,三角波,材料1,0.024504469
1847,70,251230.0,37090.53402,三角波,材料1,0.027550651
1848,70,251230.0,46934.01133,三角波,材料1,0.0306607535
1849,70,251220.0,75774.56609,三角波,材料1,0.038772471
1850,70,251230.0,95624.03663,三角波,材料1,0.0433102165
1851,70,251220.0,121700.7854,三角波,材料1,0.0486608185
1852,70,251220.0,156731.8409,三角波,材料1,0.054832628499999994
1853,70,251220.0,249635.7295,三角波,材料1,0.06835511699999999
1854,70,251230.0,323966.5072,三角波,材料1,0.077004426
1855,70,251230.0,417453.4048,三角波,材料1,0.086652686
1856,70,251230.0,539271.5736,三角波,材料1,0.097136066
1857,70,251230.0,694781.4939,三角波,材料1,0.10893828
1858,70,282490.0,7118.26324,三角波,材料1,0.0110448215
1859,70,282480.0,11480.47562,三角波,材料1,0.013815248
1860,70,282480.0,14620.02605,三角波,材料1,0.015555308
1861,70,282480.0,18744.58014,三角波,材料1,0.017564743
1862,70,282490.0,23774.6963,三角波,材料1,0.0196816085
1863,70,282490.0,29772.07905,三角波,材料1,0.0220062035
1864,70,282480.0,38211.10368,三角波,材料1,0.024816223499999998
1865,70,282480.0,59719.14575,三角波,材料1,0.030794379
1866,70,282480.0,76728.63234,三角波,材料1,0.0348234995
1867,70,282490.0,157262.1132,三角波,材料1,0.049134813
1868,70,282480.0,249653.5336,三角波,材料1,0.061389746499999995
1869,70,282490.0,322525.6114,三角波,材料1,0.0692492885
1870,70,282490.0,414754.6719,三角波,材料1,0.0776063865
1871,70,316470.0,9091.330946,三角波,材料1,0.010995148
1872,70,316460.0,11579.01699,三角波,材料1,0.012274161
1873,70,316470.0,14759.73318,三角波,材料1,0.013834975
1874,70,316460.0,18834.04103,三角波,材料1,0.015599746000000001
1875,70,316470.0,23894.60827,三角波,材料1,0.017488394499999997
1876,70,316460.0,29746.44543,三角波,材料1,0.0195236325
1877,70,316460.0,38091.05198,三角波,材料1,0.0220202705
1878,70,316470.0,47242.29509,三角波,材料1,0.0243994305
1879,70,316460.0,59521.02472,三角波,材料1,0.027347215
1880,70,316460.0,76571.67647,三角波,材料1,0.03090419
1881,70,316460.0,96321.46686,三角波,材料1,0.0345052275
1882,70,316470.0,122712.0826,三角波,材料1,0.038799731500000004
1883,70,316470.0,156250.6077,三角波,材料1,0.0437039805
1884,70,316470.0,195086.2629,三角波,材料1,0.048370979
1885,70,316470.0,249494.1248,三角波,材料1,0.0545243795
1886,70,316470.0,316368.8628,三角波,材料1,0.061449304499999996
1887,70,316460.0,405420.4239,三角波,材料1,0.06891191599999999
1888,70,316460.0,518344.9478,三角波,材料1,0.077375291
1889,70,316460.0,666541.3795,三角波,材料1,0.0866561595
1890,70,354580.0,11608.32078,三角波,材料1,0.0107554915
1891,70,354590.0,23850.92544,三角波,材料1,0.0153568005
1892,70,354590.0,37484.09325,三角波,材料1,0.0192678015
1893,70,354590.0,47191.9684,三角波,材料1,0.0213984735
1894,70,354580.0,59161.92564,三角波,材料1,0.023893954000000002
1895,70,354600.0,75794.35695,三角波,材料1,0.0270304845
1896,70,354580.0,95038.04615,三角波,材料1,0.0302302975
1897,70,354580.0,120335.2237,三角波,材料1,0.0338801815
1898,70,354590.0,153500.0641,三角波,材料1,0.038246627
1899,70,354590.0,308801.6306,三角波,材料1,0.053668123
1900,70,354600.0,392932.679,三角波,材料1,0.060327792000000005
1901,70,354600.0,500546.1704,三角波,材料1,0.06765707700000001
1902,70,354590.0,641243.141,三角波,材料1,0.075850765
1903,70,396800.0,19697.71358,三角波,材料1,0.012632668
1904,70,396800.0,24833.30208,三角波,材料1,0.0141418405
1905,70,396800.0,31089.49774,三角波,材料1,0.0158376275
1906,70,396800.0,38990.01046,三角波,材料1,0.017789661499999998
1907,70,396800.0,61498.36516,三角波,材料1,0.022127360999999998
1908,70,396800.0,99026.83564,三角波,材料1,0.0279127435
1909,70,396790.0,125228.1109,三角波,材料1,0.031368069
1910,70,396800.0,159050.196,三角波,材料1,0.035242293
1911,70,396800.0,318175.1243,三角波,材料1,0.049603066
1912,70,396810.0,405387.1722,三角波,材料1,0.055690696
1913,70,396800.0,515178.924,三角波,材料1,0.0623940055
1914,70,396800.0,658330.588,三角波,材料1,0.069893506
1915,70,446410.0,23896.78533,三角波,材料1,0.0119503745
1916,70,446410.0,29802.37973,三角波,材料1,0.0133660685
1917,70,446400.0,37527.53302,三角波,材料1,0.015038536500000001
1918,70,446400.0,59563.27602,三角波,材料1,0.018746843
1919,70,446410.0,76622.2216,三角波,材料1,0.021190140000000003
1920,70,446400.0,95404.06704,三角波,材料1,0.023618456000000003
1921,70,446410.0,120684.2811,三角波,材料1,0.026527923000000002
1922,70,446400.0,152880.1154,三角波,材料1,0.029849031499999998
1923,70,446400.0,191419.0296,三角波,材料1,0.033230245
1924,70,446400.0,239889.7485,三角波,材料1,0.0373783605
1925,70,446410.0,305783.602,三角波,材料1,0.041983418
1926,70,446400.0,386517.6583,三角波,材料1,0.047196971000000004
1927,70,446410.0,623033.3264,三角波,材料1,0.0592693835
1928,70,56180.0,6015.668219,三角波,材料1,0.0601629075
1929,70,56180.0,8205.304124,三角波,材料1,0.0682227235
1930,70,56180.0,11216.05413,三角波,材料1,0.0778800495
1931,70,56180.0,15231.82066,三角波,材料1,0.087650211
1932,70,56180.0,20143.41562,三角波,材料1,0.09711925
1933,70,56180.0,26755.89258,三角波,材料1,0.108344364
1934,70,56180.0,51103.27435,三角波,材料1,0.13801843200000002
1935,70,56170.0,70483.77819,三角波,材料1,0.15518757
1936,70,56170.0,97789.13189,三角波,材料1,0.175076274
1937,70,56180.0,132243.2241,三角波,材料1,0.19435896149999998
1938,70,56180.0,180733.5162,三角波,材料1,0.21880387350000002
1939,70,56180.0,246372.4285,三角波,材料1,0.245890049
1940,70,56180.0,330066.832,三角波,材料1,0.2730850075
1941,70,70790.0,6515.720194,三角波,材料1,0.054167888
1942,70,70800.0,9073.712854,三角波,材料1,0.061933300999999996
1943,70,70800.0,12077.01067,三角波,材料1,0.0697576135
1944,70,70800.0,15515.73375,三角波,材料1,0.0771400045
1945,70,70800.0,20678.15927,三角波,材料1,0.086301835
1946,70,70800.0,28030.00899,三角波,材料1,0.0971446305
1947,70,70800.0,53661.69174,三角波,材料1,0.12343752699999999
1948,70,70800.0,73106.03827,三角波,材料1,0.1390566035
1949,70,70800.0,98971.49891,三角波,材料1,0.15445487600000002
1950,70,70800.0,135455.5318,三角波,材料1,0.173867712
1951,70,70800.0,186018.043,三角波,材料1,0.195524235
1952,70,79440.0,4350.801415,三角波,材料1,0.042682006
1953,70,79440.0,5775.911544,三角波,材料1,0.048274302
1954,70,79430.0,8032.245708,三角波,材料1,0.055104061499999996
1955,70,79440.0,10827.39028,三角波,材料1,0.062171261500000005
1956,70,79440.0,14062.5029,三角波,材料1,0.06870135050000001
1957,70,79440.0,18185.94919,三角波,材料1,0.076921553
1958,70,79430.0,24695.45219,三角波,材料1,0.0866480165
1959,70,79430.0,34104.41637,三角波,材料1,0.0975334935
1960,70,79430.0,46765.97746,三角波,材料1,0.109830055
1961,70,79430.0,64439.99632,三角波,材料1,0.123720045
1962,70,79430.0,85867.56404,三角波,材料1,0.1375615725
1963,70,79430.0,117860.7297,三角波,材料1,0.154864996
1964,70,79430.0,161486.4226,三角波,材料1,0.17413963100000002
1965,70,79440.0,219319.3404,三角波,材料1,0.1933694185
1966,70,79430.0,302027.6953,三角波,材料1,0.218088448
1967,70,79440.0,409038.713,三角波,材料1,0.24483905350000001
1968,70,79440.0,554812.347,三角波,材料1,0.27399649150000005
1969,70,89200.0,3980.956151,三角波,材料1,0.0379341655
1970,70,89200.0,5260.252892,三角波,材料1,0.042889359
1971,70,89200.0,7337.319432,三角波,材料1,0.048964164500000004
1972,70,89200.0,9851.795412,三角波,材料1,0.0552339465
1973,70,89200.0,12690.48837,三角波,材料1,0.060975721
1974,70,89200.0,16625.71619,三角波,材料1,0.068198587
1975,70,89200.0,21963.97732,三角波,材料1,0.0768610275
1976,70,89200.0,30432.30731,三角波,材料1,0.08653928350000001
1977,70,89200.0,41808.74835,三角波,材料1,0.097702628
1978,70,89200.0,56663.07654,三角波,材料1,0.10988017850000001
1979,70,89200.0,75987.65118,三角波,材料1,0.122197439
1980,70,89200.0,103967.0999,三角波,材料1,0.1376024205
1981,70,89200.0,263653.3444,三角波,材料1,0.1936408
1982,70,89200.0,486290.367,三角波,材料1,0.24342976300000002
1983,70,89200.0,659733.3393,三角波,材料1,0.273853354
1984,70,99910.0,3616.438762,三角波,材料1,0.033963447
1985,70,99910.0,6616.230885,三角波,材料1,0.043895973500000005
1986,70,99910.0,8778.098178,三角波,材料1,0.0495016455
1987,70,99910.0,11377.50907,三角波,材料1,0.054709215
1988,70,99910.0,19855.50628,三角波,材料1,0.068885741
1989,70,99910.0,26892.04576,三角波,材料1,0.0775551485
1990,70,99910.0,36969.5991,三角波,材料1,0.0874823985
1991,70,99910.0,66801.21384,三角波,材料1,0.109502705
1992,70,99910.0,91045.72445,三角波,材料1,0.1231196445
1993,70,99900.0,165797.1449,三角波,材料1,0.1538330925
1994,70,99900.0,228349.2747,三角波,材料1,0.1735554265
1995,70,99910.0,313271.615,三角波,材料1,0.194890062
1996,70,99910.0,425729.8925,三角波,材料1,0.2179447385
1997,70,99910.0,576032.8481,三角波,材料1,0.245231745
1998,70,99900.0,777226.7064,三角波,材料1,0.2754902805
1999,70,112160.0,3647.441651,三角波,材料1,0.0301202015
2000,70,112160.0,4806.783385,三角波,材料1,0.034146045
2001,70,112170.0,6559.713664,三角波,材料1,0.038952778
2002,70,112170.0,11097.40707,三角波,材料1,0.048548734499999996
2003,70,112170.0,19262.29021,三角波,材料1,0.061296146499999996
2004,70,112170.0,26161.97301,三角波,材料1,0.0688357855
2005,70,112170.0,35092.01528,三角波,材料1,0.077755442
2006,70,112170.0,47161.57558,三角波,材料1,0.0874766625
2007,70,112160.0,62416.13848,三角波,材料1,0.097265607
2008,70,112160.0,84680.27276,三角波,材料1,0.109571054
2009,90,56190.0,14147.98845,三角波,材料1,0.077312801
2010,90,56190.0,26623.27853,三角波,材料1,0.0977131955
2011,90,56190.0,35744.53357,三角波,材料1,0.109275754
2012,90,56190.0,49434.76174,三角波,材料1,0.1230479155
2013,90,56190.0,68127.042,三角波,材料1,0.137216012
2014,90,56190.0,92616.97347,三角波,材料1,0.15325846999999998
2015,90,56190.0,178035.4588,三角波,材料1,0.193446906
2016,90,56180.0,241559.4558,三角波,材料1,0.21729525649999998
2017,90,56180.0,328661.2406,三角波,材料1,0.2449959855
2018,90,56190.0,438181.1068,三角波,材料1,0.2714516355
2019,90,70780.0,2704.899525,三角波,材料1,0.030546701000000002
2020,90,70780.0,3590.832559,三角波,材料1,0.0350025175
2021,90,70790.0,4682.615279,三角波,材料1,0.039189122
2022,90,70780.0,5764.070872,三角波,材料1,0.043528969
2023,90,70780.0,7457.039582,三角波,材料1,0.0488692125
2024,90,70780.0,13170.77464,三角波,材料1,0.061696828999999995
2025,90,70770.0,17506.79369,三角波,材料1,0.06963281
2026,90,70790.0,22906.40522,三角波,材料1,0.07805711400000001
2027,90,70780.0,29969.86428,三角波,材料1,0.087135354
2028,90,70790.0,40659.08252,三角波,材料1,0.0981652925
2029,90,70780.0,55712.5096,三角波,材料1,0.109388292
2030,90,70780.0,74970.49131,三角波,材料1,0.122340194
2031,90,70780.0,103479.3029,三角波,材料1,0.1382656105
2032,90,70790.0,262412.7061,三角波,材料1,0.195555949
2033,90,70770.0,346636.2366,三角波,材料1,0.21644969949999998
2034,90,70780.0,646279.5234,三角波,材料1,0.2749323945
2035,90,112170.0,16268.79238,三角波,材料1,0.044090865
2036,90,112170.0,26649.7524,三角波,材料1,0.055116385000000004
2037,90,112170.0,34913.65684,三角波,材料1,0.062158316
2038,90,125890.0,2270.02048,三角波,材料1,0.0152455055
2039,90,125890.0,2873.310248,三角波,材料1,0.0172021225
2040,90,125890.0,3853.887671,三角波,材料1,0.019774532
2041,90,125890.0,6044.491118,三角波,材料1,0.0245277365
2042,90,125890.0,12777.36987,三角波,材料1,0.034708963499999995
2043,90,125890.0,16343.505,三角波,材料1,0.0392006655
2044,90,125890.0,21057.17988,三角波,材料1,0.043895697
2045,90,125890.0,26645.86478,三角波,材料1,0.0490271115
2046,90,125900.0,44558.8575,三角波,材料1,0.061526882500000005
2047,90,125880.0,56245.72434,三角波,材料1,0.068822299
2048,90,125890.0,127772.348,三角波,材料1,0.09762892849999999
2049,90,125890.0,170021.7485,三角波,材料1,0.10992370900000001
2050,90,125890.0,220068.92,三角波,材料1,0.1219354055
2051,90,125890.0,292946.9611,三角波,材料1,0.13734268500000002
2052,90,125890.0,393845.8629,三角波,材料1,0.15467129200000002
2053,90,125890.0,530793.6732,三角波,材料1,0.17365980749999999
2054,90,125890.0,702974.6048,三角波,材料1,0.1950246125
2055,90,125890.0,947651.7654,三角波,材料1,0.21826698
2056,90,141280.0,2948.450913,三角波,材料1,0.0151120305
2057,90,141280.0,4953.419803,三角波,材料1,0.019339463
2058,90,141280.0,6076.61425,三角波,材料1,0.021529068
2059,90,141290.0,7631.052229,三角波,材料1,0.024109151500000002
2060,90,141280.0,9968.883131,三角波,材料1,0.027013348
2061,90,141280.0,12783.86498,三角波,材料1,0.0304415175
2062,90,141290.0,16442.29724,三角波,材料1,0.0343579865
2063,90,141270.0,20845.44358,三角波,材料1,0.038537644999999995
2064,90,141290.0,26359.49011,三角波,材料1,0.04301842
2065,90,141290.0,34067.16576,三角波,材料1,0.0484518755
2066,90,141290.0,43430.93313,三角波,材料1,0.053862531000000005
2067,90,141280.0,55665.77528,三角波,材料1,0.060372397999999994
2068,90,141270.0,71791.6397,三角波,材料1,0.0681868625
2069,90,141280.0,92438.60807,三角波,材料1,0.07613429399999999
2070,90,141280.0,120668.6873,三角波,材料1,0.0855638265
2071,90,141280.0,158959.4703,三角波,材料1,0.0964115605
2072,90,141280.0,205432.4171,三角波,材料1,0.10693148250000001
2073,90,141280.0,271895.4094,三角波,材料1,0.12026940950000001
2074,90,141280.0,358346.0625,三角波,材料1,0.13578106550000002
2075,90,141290.0,475946.8257,三角波,材料1,0.152256499
2076,90,141290.0,634395.4065,三角波,材料1,0.1708258505
2077,90,141290.0,848639.637,三角波,材料1,0.1913113185
2078,90,158750.0,3102.43057,三角波,材料1,0.013792048500000001
2079,90,158750.0,5164.702863,三角波,材料1,0.0176796745
2080,90,158750.0,6357.197798,三角波,材料1,0.019608453
2081,90,158750.0,8023.438245,三角波,材料1,0.021990336
2082,90,158750.0,10441.50791,三角波,材料1,0.0246782635
2083,90,158760.0,13294.97702,三角波,材料1,0.0277737225
2084,90,158750.0,17098.50778,三角波,材料1,0.0313486815
2085,90,158750.0,21632.00286,三角波,材料1,0.035115801
2086,90,158750.0,27235.89962,三角波,材料1,0.0392641845
2087,90,158750.0,35092.17501,三角波,材料1,0.044225399
2088,90,158740.0,45341.10055,三角波,材料1,0.0491873985
2089,90,158760.0,56824.03055,三角波,材料1,0.0550089225
2090,90,158750.0,73895.91328,三角波,材料1,0.0621657435
2091,90,158750.0,93383.78591,三角波,材料1,0.0693842285
2092,90,158750.0,158650.3835,三角波,材料1,0.08779498499999999
2093,90,158750.0,202965.2134,三角波,材料1,0.0974329355
2094,90,158740.0,463258.2775,三角波,材料1,0.13882650600000002
2095,90,158750.0,612299.6428,三角波,材料1,0.155781666
2096,90,177890.0,2460.755717,三角波,材料1,0.010691497
2097,90,177890.0,3164.058273,三角波,材料1,0.012073941500000001
2098,90,177900.0,4113.471955,三角波,材料1,0.0138360805
2099,90,177890.0,5237.074402,三角波,材料1,0.015478438
2100,90,177900.0,6411.996928,三角波,材料1,0.017186876
2101,90,177890.0,8110.995611,三角波,材料1,0.0193077545
2102,90,177890.0,10411.89168,三角波,材料1,0.021569717000000002
2103,90,177890.0,13212.41983,三角波,材料1,0.0242799485
2104,90,177880.0,16949.10641,三角波,材料1,0.027413188
2105,90,177890.0,21674.63865,三角波,材料1,0.0307814665
2106,90,177890.0,34296.82215,三角波,材料1,0.0386782455
2107,90,177900.0,43770.78587,三角波,材料1,0.0430089715
2108,90,177880.0,71566.30327,三角波,材料1,0.054395632
2109,90,177890.0,91348.6112,三角波,材料1,0.0606840245
2110,90,177890.0,115706.8666,三角波,材料1,0.06823813000000001
2111,90,177890.0,150764.278,三角波,材料1,0.076833826
2112,90,177880.0,192266.8462,三角波,材料1,0.0852582675
2113,90,177890.0,252240.1875,三角波,材料1,0.095928963
2114,90,177890.0,329278.8731,三角波,材料1,0.10829732349999999
2115,90,177890.0,427974.7168,三角波,材料1,0.1215554895
2116,90,177880.0,564686.3717,三角波,材料1,0.13630574350000002
2117,90,177890.0,740509.5173,三角波,材料1,0.152693458
2118,90,199170.0,4184.158372,三角波,材料1,0.012348266
2119,90,199170.0,8258.619095,三角波,材料1,0.017249589
2120,90,199170.0,10575.36154,三角波,材料1,0.0192765565
2121,90,199170.0,13457.80865,三角波,材料1,0.021732656500000003
2122,90,199160.0,17141.99614,三角波,材料1,0.024506385
2123,90,199170.0,21956.76255,三角波,材料1,0.027502073000000002
2124,90,199160.0,27349.72121,三角波,材料1,0.030721599500000002
2125,90,199160.0,43945.62079,三角波,材料1,0.038474817999999994
2126,90,199160.0,55308.78418,三角波,材料1,0.043012058500000006
2127,90,199160.0,71367.36546,三角波,材料1,0.048686937
2128,90,199170.0,116338.0761,三角波,材料1,0.061055105
2129,90,199160.0,147801.759,三角波,材料1,0.0686475365
2130,90,199160.0,188137.913,三角波,材料1,0.0761902515
2131,90,199170.0,244757.2784,三角波,材料1,0.08570566
2132,90,199170.0,320320.8021,三角波,材料1,0.096611101
2133,90,199170.0,413209.3593,三角波,材料1,0.10852627649999999
2134,90,199170.0,537484.5325,三角波,材料1,0.12183374699999999
2135,90,199160.0,703803.0558,三角波,材料1,0.13647688549999998
2136,90,224180.0,4282.162167,三角波,材料1,0.010883229000000001
2137,90,224180.0,5393.521768,三角波,材料1,0.012187484
2138,90,224180.0,6649.597681,三角波,材料1,0.013544985499999999
2139,90,224180.0,8466.403329,三角波,材料1,0.015193175
2140,90,224190.0,10687.15902,三角波,材料1,0.016974544
2141,90,224180.0,13570.17285,三角波,材料1,0.0191295415
2142,90,224170.0,17279.97256,三角波,材料1,0.021587256
2143,90,224180.0,22112.53768,三角波,材料1,0.0242318165
2144,90,224180.0,27359.02372,三角波,材料1,0.02698912
2145,90,224180.0,35077.72306,三角波,材料1,0.030428774999999998
2146,90,224180.0,43920.42524,三角波,材料1,0.033898397999999996
2147,90,224180.0,54950.83362,三角波,材料1,0.037822179
2148,90,224170.0,70743.54827,三角波,材料1,0.04280386
2149,90,224180.0,89663.459,三角波,材料1,0.047772123
2150,90,224170.0,114384.4864,三角波,材料1,0.053692203
2151,90,224180.0,146876.8152,三角波,材料1,0.060471741999999995
2152,90,224180.0,235920.5709,三角波,材料1,0.0754824315
2153,90,224180.0,306547.7932,三角波,材料1,0.0850158765
2154,90,224180.0,511870.6519,三角波,材料1,0.10714718549999999
2155,90,224190.0,665651.3177,三角波,材料1,0.120074655
2156,90,251230.0,5564.911886,三角波,材料1,0.0110264515
2157,90,251220.0,8703.303821,三角波,材料1,0.013760572
2158,90,251220.0,11010.44529,三角波,材料1,0.015352296000000001
2159,90,251220.0,13989.98686,三角波,材料1,0.017302969
2160,90,251220.0,17803.67056,三角波,材料1,0.0195364295
2161,90,251230.0,22553.80993,三角波,材料1,0.021869532
2162,90,251220.0,28090.15936,三角波,材料1,0.0244279515
2163,90,251230.0,36070.22893,三角波,材料1,0.0275393125
2164,90,251230.0,45055.67527,三角波,材料1,0.0306455125
2165,90,251230.0,72225.39577,三角波,材料1,0.0387140795
2166,90,251230.0,116019.1856,三角波,材料1,0.0485887435
2167,90,251230.0,148683.7194,三角波,材料1,0.0547447725
2168,90,251230.0,237483.2191,三角波,材料1,0.06823857850000001
2169,90,251220.0,305489.5728,三角波,材料1,0.076923857
2170,90,251220.0,393839.9904,三角波,材料1,0.086410636
2171,90,251230.0,508481.5475,三角波,材料1,0.0969236815
2172,90,251230.0,657592.0297,三角波,材料1,0.1086296285
2173,90,282490.0,7055.334376,三角波,材料1,0.011037099500000001
2174,90,282480.0,8749.244331,三角波,材料1,0.012322223
2175,90,282490.0,11173.7274,三角波,材料1,0.01378647
2176,90,282490.0,14201.84406,三角波,材料1,0.015546621
2177,90,282490.0,23016.78486,三角波,材料1,0.019670179500000003
2178,90,282480.0,36679.48108,三角波,材料1,0.024777396
2179,90,282490.0,46109.65534,三角波,材料1,0.027522097000000002
2180,90,282490.0,57151.42086,三角波,材料1,0.030730285
2181,90,282480.0,92170.83755,三角波,材料1,0.03879801
2182,90,282480.0,117329.6375,三角波,材料1,0.0436416
2183,90,282480.0,239871.3487,三角波,材料1,0.061297947000000005
2184,90,282490.0,304640.3587,三角波,材料1,0.06909030199999999
2185,90,282490.0,392090.2814,三角波,材料1,0.0775317765
2186,90,282490.0,503296.1288,三角波,材料1,0.087056731
2187,90,316470.0,8920.696852,三角波,材料1,0.010951029000000001
2188,90,316460.0,11348.40297,三角波,材料1,0.0122491365
2189,90,316470.0,14460.59559,三角波,材料1,0.0138251595
2190,90,316470.0,45761.636,三角波,材料1,0.024428298
2191,90,316460.0,57337.02269,三角波,材料1,0.027319753500000002
2192,90,316460.0,92369.45694,三角波,材料1,0.0344656365
2193,90,316470.0,117236.4124,三角波,材料1,0.0387276655
2194,90,316470.0,149297.0265,三角波,材料1,0.0436335865
2195,90,316460.0,186299.4152,三角波,材料1,0.048302879
2196,90,316460.0,237811.4848,三角波,材料1,0.054430963
2197,90,316460.0,300634.3838,三角波,材料1,0.061254604500000004
2198,90,316460.0,491539.9241,三角波,材料1,0.07723010150000001
2199,90,316470.0,634463.7926,三角波,材料1,0.08644858650000001
2200,90,354580.0,11351.61512,三角波,材料1,0.010727199
2201,90,354590.0,14545.8597,三角波,材料1,0.0121170115
2202,90,354580.0,18396.46334,三角波,材料1,0.013662664
2203,90,354590.0,28951.56689,三角波,材料1,0.017092027
2204,90,354590.0,36377.46043,三角波,材料1,0.019272186
2205,90,354590.0,45688.42887,三角波,材料1,0.021370704499999997
2206,90,354590.0,57272.84037,三角波,材料1,0.023911432
2207,90,354590.0,73046.40383,三角波,材料1,0.0270043795
2208,90,354590.0,115740.5438,三角波,材料1,0.03389053
2209,90,354590.0,147146.712,三角波,材料1,0.038152667
2210,90,354590.0,230739.6756,三角波,材料1,0.0475633885
2211,90,354590.0,376864.5529,三角波,材料1,0.060122942
2212,90,354590.0,614290.188,三角波,材料1,0.07567149449999999
2213,90,396810.0,15075.09404,三角波,材料1,0.011165229499999998
2214,90,396800.0,19344.94252,三角波,材料1,0.0126356105
2215,90,396800.0,30132.49779,三角波,材料1,0.015770166500000002
2216,90,396810.0,37983.62157,三角波,材料1,0.0177402105
2217,90,396800.0,47667.4265,三角波,材料1,0.019713914
2218,90,396810.0,59820.25789,三角波,材料1,0.022105619
2219,90,396800.0,76027.76152,三角波,材料1,0.024930922
2220,90,396800.0,95674.68948,三角波,材料1,0.027888641
2221,90,396800.0,120981.9047,三角波,材料1,0.031319165499999996
2222,90,396800.0,153478.401,三角波,材料1,0.035245449
2223,90,396800.0,191115.8471,三角波,材料1,0.0390817955
2224,90,396800.0,239696.4338,三角波,材料1,0.0438432335
2225,90,396800.0,305707.5431,三角波,材料1,0.049425353
2226,90,396800.0,388388.1359,三角波,材料1,0.0555480955
2227,90,396800.0,633185.7459,三角波,材料1,0.069723959
2228,90,446410.0,18660.41453,三角波,材料1,0.01063016
2229,90,446400.0,23611.07973,三角波,材料1,0.0119608405
2230,90,446410.0,29203.2313,三角波,材料1,0.013329065000000001
2231,90,446410.0,36771.80198,三角波,材料1,0.0150365455
2232,90,446410.0,46266.66295,三角波,材料1,0.0167113565
2233,90,446400.0,58150.36357,三角波,材料1,0.018656086500000002
2234,90,446400.0,74400.16881,三角波,材料1,0.0211681405
2235,90,446410.0,93113.1122,三角波,材料1,0.023605726
2236,90,446410.0,117534.316,三角波,材料1,0.026480139
2237,90,446400.0,231730.5373,三角波,材料1,0.037275733000000005
2238,90,446410.0,476056.7033,三角波,材料1,0.0527324145
2239,90,446410.0,605116.4551,三角波,材料1,0.0591273395
2240,90,56180.0,4625.948633,三角波,材料1,0.0601424105
2241,90,56180.0,6209.64566,三角波,材料1,0.0680787065
2242,90,56180.0,8634.114766,三角波,材料1,0.0778293665
2243,90,56180.0,11901.88288,三角波,材料1,0.0876231905
2244,90,56180.0,16135.45061,三角波,材料1,0.09689927100000001
2245,90,56180.0,21733.06614,三角波,材料1,0.10832562500000001
2246,90,56180.0,30644.49301,三角波,材料1,0.122070157
2247,90,56180.0,43748.80826,三角波,材料1,0.1377691105
2248,90,56180.0,62093.50944,三角波,材料1,0.15528247350000002
2249,90,56180.0,120860.0317,三角波,材料1,0.194168035
2250,90,56180.0,167394.544,三角波,材料1,0.2186092095
2251,90,56180.0,232899.5912,三角波,材料1,0.2455100115
2252,90,56180.0,317373.2769,三角波,材料1,0.272745921
2253,90,70800.0,3855.403161,三角波,材料1,0.047803395
2254,90,70800.0,5010.658185,三角波,材料1,0.054013993999999996
2255,90,70800.0,12313.7727,三角波,材料1,0.07695666649999999
2256,90,70800.0,16469.75761,三角波,材料1,0.0859365225
2257,90,70800.0,22641.58209,三角波,材料1,0.0968948375
2258,90,70800.0,32185.32439,三角波,材料1,0.10934295299999999
2259,90,70800.0,45604.68448,三角波,材料1,0.123236889
2260,90,70800.0,63658.94075,三角波,材料1,0.138834862
2261,90,70800.0,122057.8752,三角波,材料1,0.1735845155
2262,90,70800.0,170979.0985,三角波,材料1,0.195037101
2263,90,70800.0,233589.7042,三角波,材料1,0.216430819
2264,90,70800.0,327688.7114,三角波,材料1,0.24458207799999998
2265,90,70800.0,447495.1297,三角波,材料1,0.27437931299999996
2266,90,79430.0,3629.804343,三角波,材料1,0.0425684165
2267,90,79440.0,4808.291382,三角波,材料1,0.0483076885
2268,90,79430.0,8789.364332,三角波,材料1,0.061920646999999995
2269,90,79440.0,11471.9601,三角波,材料1,0.0686414285
2270,90,79440.0,14740.89733,三角波,材料1,0.076850507
2271,90,79430.0,20269.42278,三角波,材料1,0.086377333
2272,90,79440.0,28641.57512,三角波,材料1,0.0975854645
2273,90,79440.0,39570.33594,三角波,材料1,0.10975618949999999
2274,90,79440.0,104433.533,三角波,材料1,0.1546987795
2275,90,79430.0,146196.176,三角波,材料1,0.17375642
2276,90,79440.0,202241.8954,三角波,材料1,0.1931769545
2277,90,79440.0,283718.1761,三角波,材料1,0.217992201
2278,90,79440.0,532943.9534,三角波,材料1,0.2736222845
2279,90,89200.0,3402.951784,三角波,材料1,0.0377587915
2280,90,89200.0,4509.832952,三角波,材料1,0.04271741
2281,90,89200.0,6219.101004,三角波,材料1,0.0489252795
2282,90,89200.0,8296.446408,三角波,材料1,0.055157058499999995
2283,90,89200.0,10674.60745,三角波,材料1,0.0610056355
2284,90,89200.0,13957.74554,三角波,材料1,0.0682518055
2285,90,89200.0,18431.75262,三角波,材料1,0.07677232349999999
2286,90,89200.0,25677.91649,三角波,材料1,0.08651848300000001
2287,90,89200.0,35435.35512,三角波,材料1,0.0975368865
2288,90,89200.0,48969.46637,三角波,材料1,0.109997748
2289,90,89200.0,66602.14229,三角波,材料1,0.1220644015
2290,90,89200.0,91657.20241,三角波,材料1,0.13730595299999998
2291,90,89200.0,173689.8286,三角波,材料1,0.171379855
2292,90,89200.0,244843.9782,三角波,材料1,0.193385225
2293,90,89200.0,337354.5565,三角波,材料1,0.217232222
2294,90,89200.0,464149.2191,三角波,材料1,0.243100457
2295,90,99900.0,3202.188971,三角波,材料1,0.033888354499999995
2296,90,99910.0,4201.233831,三角波,材料1,0.0383322705
2297,90,99900.0,5615.042185,三角波,材料1,0.0438434185
2298,90,99910.0,9606.226554,三角波,材料1,0.054537449
2299,90,99900.0,12587.97579,三角波,材料1,0.061200678
2300,90,99910.0,16760.96699,三角波,材料1,0.06867491549999999
2301,90,99910.0,22674.0827,三角波,材料1,0.07746533750000001
2302,90,99910.0,31239.97225,三角波,材料1,0.08736165200000001
2303,90,99910.0,43124.00206,三角波,材料1,0.098411206
2304,90,99910.0,58014.82481,三角波,材料1,0.1093355585
2305,90,99910.0,110409.9,三角波,材料1,0.13843469149999998
2306,90,99910.0,150584.6931,三角波,材料1,0.153489664
2307,90,99910.0,209944.4507,三角波,材料1,0.1734148825
2308,90,99910.0,291288.8015,三角波,材料1,0.194371072
2309,90,99910.0,402454.6648,三角波,材料1,0.21759613900000002
2310,90,99900.0,551737.6454,三角波,材料1,0.24491205500000002
2311,90,99910.0,756429.4291,三角波,材料1,0.27502834249999997
2312,90,112170.0,3355.326673,三角波,材料1,0.030088932
2313,90,112170.0,4368.111993,三角波,材料1,0.0339922945
2314,90,112170.0,7744.292208,三角波,材料1,0.043888827
2315,90,112160.0,9940.636176,三角波,材料1,0.0485657325
2316,25,354610.0,8574.680781,三角波,材料1,0.017122655
2317,25,354610.0,15040.69189,三角波,材料1,0.0218327265
2318,25,354610.0,19969.13071,三角波,材料1,0.024597868000000002
2319,25,354610.0,26475.30445,三角波,材料1,0.027778431
2320,25,354610.0,34452.85537,三角波,材料1,0.030973967499999998
2321,25,354610.0,45460.32374,三角波,材料1,0.0346934985
2322,25,354610.0,59634.05841,三角波,材料1,0.0388223565
2323,25,354610.0,420412.4859,三角波,材料1,0.08671851950000001
2324,25,354610.0,551657.5383,三角波,材料1,0.097064474
2325,25,354610.0,952415.6338,三角波,材料1,0.12236766399999999
2326,25,354610.0,1249054.807,三角波,材料1,0.13749534800000002
2327,25,354610.0,1641314.178,三角波,材料1,0.154471558
2328,25,354610.0,2764832.535,三角波,材料1,0.1937384145
2329,25,354610.0,3606150.04,三角波,材料1,0.2179566255
2330,25,396820.0,6862.476523,三角波,材料1,0.0137422645
2331,25,396820.0,11657.8166,三角波,材料1,0.0174204565
2332,25,396820.0,14969.4369,三角波,材料1,0.019464008499999998
2333,25,396820.0,19656.23636,三角波,材料1,0.021904483000000002
2334,25,396820.0,26416.46107,三角波,材料1,0.0248781105
2335,25,396820.0,33758.62416,三角波,材料1,0.027709103
2336,25,396820.0,57554.71041,三角波,材料1,0.034663254500000004
2337,25,396820.0,133070.0988,三角波,材料1,0.049000223999999995
2338,25,396820.0,175199.1725,三角波,材料1,0.0549169195
2339,25,396820.0,228712.2475,三角波,材料1,0.061773495
2340,25,396820.0,518325.6719,三角波,材料1,0.08656237
2341,25,396820.0,896561.2016,三角波,材料1,0.109183572
2342,25,396820.0,2600226.706,三角波,材料1,0.172767728
2343,25,396820.0,3398056.234,三角波,材料1,0.19444708049999998
2344,25,354610.0,8620.244159,三角波,材料1,0.017142284
2345,25,354620.0,15102.6552,三角波,材料1,0.0218274315
2346,25,354610.0,19975.28886,三角波,材料1,0.024568009000000002
2347,25,354610.0,26954.65647,三角波,材料1,0.027862506000000002
2348,25,354610.0,34488.56974,三角波,材料1,0.0309504235
2349,25,354610.0,45487.66603,三角波,材料1,0.0346692465
2350,25,354610.0,59913.625,三角波,材料1,0.038877575
2351,25,354610.0,2123084.309,三角波,材料1,0.1724222235
2352,25,354610.0,2771293.873,三角波,材料1,0.194017338
2353,25,354610.0,3616132.536,三角波,材料1,0.218137846
2354,25,396820.0,6757.30019,三角波,材料1,0.0137306105
2355,25,396820.0,8567.370143,三角波,材料1,0.015287674000000001
2356,25,396820.0,11418.57747,三角波,材料1,0.0173767675
2357,25,396820.0,14854.77543,三角波,材料1,0.019500939000000002
2358,25,396820.0,33249.42674,三角波,材料1,0.0276698235
2359,25,396820.0,43531.90434,三角波,材料1,0.030963187500000003
2360,25,396820.0,57146.80649,三角波,材料1,0.034687297
2361,25,396820.0,131737.0544,三角波,材料1,0.048942022
2362,25,396820.0,174411.4117,三角波,材料1,0.0549795805
2363,25,396820.0,227663.4738,三角波,材料1,0.061749484
2364,25,396820.0,517431.5515,三角波,材料1,0.0865821695
2365,25,396820.0,683795.4729,三角波,材料1,0.09743920950000001
2366,25,396820.0,898673.6519,三角波,材料1,0.109405903
2367,25,396820.0,1541628.341,三角波,材料1,0.1378835255
2368,25,396820.0,1993346.859,三角波,材料1,0.15376541049999998
2369,25,396820.0,2606862.196,三角波,材料1,0.17300723499999998
2370,25,396820.0,3403037.736,三角波,材料1,0.19460381799999998
2371,25,50060.0,12568.70593,梯形波,材料1,0.0605091845
2372,25,50060.0,16599.30243,梯形波,材料1,0.068317567
2373,25,50060.0,22311.45558,梯形波,材料1,0.07732136649999999
2374,25,50070.0,28359.74243,梯形波,材料1,0.085742824
2375,25,50070.0,38051.07209,梯形波,材料1,0.0969201635
2376,25,50070.0,49087.74222,梯形波,材料1,0.108110063
2377,25,50060.0,66352.89768,梯形波,材料1,0.12302929
2378,25,50070.0,84150.62979,梯形波,材料1,0.1357428735
2379,25,50070.0,110858.4523,梯形波,材料1,0.15307091750000001
2380,25,50070.0,145429.5537,梯形波,材料1,0.17254715650000002
2381,25,50060.0,191702.2985,梯形波,材料1,0.1943157025
2382,25,50070.0,325497.1266,梯形波,材料1,0.2448145665
2383,25,50060.0,420555.1756,梯形波,材料1,0.27093715549999997
2384,25,56160.0,11673.9654,梯形波,材料1,0.05370781
2385,25,56160.0,15082.98699,梯形波,材料1,0.0606999005
2386,25,56160.0,25626.20472,梯形波,材料1,0.0760924875
2387,25,56160.0,34312.32593,梯形波,材料1,0.086045621
2388,25,56160.0,44279.04154,梯形波,材料1,0.096207293
2389,25,56160.0,172735.7728,梯形波,材料1,0.1727102735
2390,25,56160.0,296059.6819,梯形波,材料1,0.21756297600000002
2391,25,56160.0,383170.9841,梯形波,材料1,0.2404854065
2392,25,70760.0,8713.277468,梯形波,材料1,0.0427031265
2393,25,70760.0,11683.74421,梯形波,材料1,0.0482461745
2394,25,70760.0,15277.31431,梯形波,材料1,0.054645488
2395,25,70760.0,34017.55653,梯形波,材料1,0.076466327
2396,25,70760.0,46316.46317,梯形波,材料1,0.087116392
2397,25,70760.0,58911.58219,梯形波,材料1,0.0960058575
2398,25,70760.0,77936.49401,梯形波,材料1,0.1084591875
2399,25,70760.0,134016.4056,梯形波,材料1,0.1373979505
2400,25,70760.0,174649.4613,梯形波,材料1,0.1540538515
2401,25,70760.0,229920.3895,梯形波,材料1,0.1731804695
2402,25,70760.0,295564.4565,梯形波,材料1,0.1914450525
2403,25,70760.0,508632.882,梯形波,材料1,0.243724319
2404,25,79410.0,7455.827983,梯形波,材料1,0.037980044000000004
2405,25,79410.0,13398.64795,梯形波,材料1,0.048653959499999996
2406,25,79410.0,16889.93427,梯形波,材料1,0.0538147965
2407,25,79410.0,22728.31516,梯形波,材料1,0.060895311
2408,25,79410.0,29709.69194,梯形波,材料1,0.0681678785
2409,25,79420.0,51595.43088,梯形波,材料1,0.08530171
2410,25,79410.0,345615.9114,梯形波,材料1,0.1921809345
2411,25,79410.0,451893.2551,梯形波,材料1,0.216258863
2412,25,79410.0,587335.2407,梯形波,材料1,0.242319567
2413,25,79410.0,762433.5738,梯形波,材料1,0.272550367
2414,25,89210.0,6391.05658,梯形波,材料1,0.033793986
2415,25,89210.0,8445.305691,梯形波,材料1,0.038060753
2416,25,89210.0,11550.45262,梯形波,材料1,0.0432886485
2417,25,89210.0,14752.05627,梯形波,材料1,0.0478567335
2418,25,89210.0,19575.19698,梯形波,材料1,0.054110177
2419,25,89210.0,25459.66537,梯形波,材料1,0.0603943865
2420,25,89210.0,35001.95878,梯形波,材料1,0.068756962
2421,25,89210.0,45300.19668,梯形波,材料1,0.07579420049999999
2422,25,89210.0,79900.83184,梯形波,材料1,0.096545084
2423,25,89210.0,105496.1349,梯形波,材料1,0.1086060405
2424,25,89210.0,137459.4969,梯形波,材料1,0.121923702
2425,25,89210.0,180012.4118,梯形波,材料1,0.136789909
2426,25,89210.0,233482.3137,梯形波,材料1,0.1513412315
2427,25,89210.0,526202.223,梯形波,材料1,0.2155258665
2428,25,89210.0,890439.6327,梯形波,材料1,0.272113904
2429,25,99970.0,5455.6115,梯形波,材料1,0.0303091255
2430,25,99970.0,7263.512133,梯形波,材料1,0.034135281
2431,25,99970.0,9955.337787,梯形波,材料1,0.038724646
2432,25,99970.0,12820.68746,梯形波,材料1,0.042935344
2433,25,99970.0,17485.93625,梯形波,材料1,0.048573677
2434,25,99970.0,22381.30325,梯形波,材料1,0.054345644
2435,25,99970.0,53508.45715,梯形波,材料1,0.0766589375
2436,25,99980.0,71007.41357,梯形波,材料1,0.086409566
2437,25,99970.0,94221.01931,梯形波,材料1,0.09717500700000001
2438,25,99970.0,122895.1649,梯形波,材料1,0.109134811
2439,25,99970.0,161156.1532,梯形波,材料1,0.122541327
2440,25,99980.0,210418.1031,梯形波,材料1,0.13563568
2441,25,99970.0,475260.925,梯形波,材料1,0.192981525
2442,25,99970.0,620715.7589,梯形波,材料1,0.2171784635
2443,25,99970.0,808349.4939,梯形波,材料1,0.2436724655
2444,25,112180.0,4760.381355,梯形波,材料1,0.0270334855
2445,25,112180.0,8760.661555,梯形波,材料1,0.0345892945
2446,25,112170.0,11335.40285,梯形波,材料1,0.038258879999999995
2447,25,112170.0,27204.63919,梯形波,材料1,0.055011264500000004
2448,25,112170.0,63849.69312,梯形波,材料1,0.0771329125
2449,25,112170.0,85067.56299,梯形波,材料1,0.086769263
2450,25,112180.0,111680.8592,梯形波,材料1,0.0974312165
2451,25,112180.0,147001.9337,梯形波,材料1,0.109324493
2452,25,112180.0,192313.4471,梯形波,材料1,0.1208547885
2453,25,112180.0,254258.099,梯形波,材料1,0.136316167
2454,25,112170.0,437069.1589,梯形波,材料1,0.172276867
2455,25,112180.0,750797.2393,梯形波,材料1,0.217288431
2456,25,112170.0,962490.315,梯形波,材料1,0.23996609000000002
2457,25,112170.0,1254344.225,梯形波,材料1,0.2705395905
2458,25,125930.0,4132.497455,梯形波,材料1,0.024114377
2459,25,125920.0,5456.584884,梯形波,材料1,0.0271766505
2460,25,125920.0,9677.11589,梯形波,材料1,0.034138067
2461,25,125930.0,13175.37132,梯形波,材料1,0.0385871005
2462,25,125920.0,17447.79703,梯形波,材料1,0.0431728595
2463,25,125920.0,24104.59335,梯形波,材料1,0.049093274000000006
2464,25,125930.0,41848.60473,梯形波,材料1,0.060922596499999995
2465,25,125920.0,55753.72075,梯形波,材料1,0.068684967
2466,25,125920.0,74638.55184,梯形波,材料1,0.07731740549999999
2467,25,125920.0,98400.24766,梯形波,材料1,0.086851471
2468,25,125920.0,170533.3907,梯形波,材料1,0.107932472
2469,25,125920.0,295224.2316,梯形波,材料1,0.1369325355
2470,25,125920.0,386641.99,梯形波,材料1,0.1534946225
2471,25,125920.0,665103.1074,梯形波,材料1,0.193919348
2472,25,125920.0,848154.7563,梯形波,材料1,0.2137658175
2473,25,125920.0,1112643.992,梯形波,材料1,0.241026174
2474,25,125930.0,1444836.605,梯形波,材料1,0.271197373
2475,25,141270.0,3574.166839,梯形波,材料1,0.02136802
2476,25,141270.0,8355.249479,梯形波,材料1,0.030239655
2477,25,141280.0,11470.54488,梯形波,材料1,0.034218282
2478,25,141270.0,15051.86677,梯形波,材料1,0.038224132
2479,25,141270.0,20854.86861,梯形波,材料1,0.043489994000000004
2480,25,141270.0,27735.21731,梯形波,材料1,0.047958678500000004
2481,25,141270.0,36511.78654,梯形波,材料1,0.054094148999999994
2482,25,141280.0,48724.79266,梯形波,材料1,0.0608299135
2483,25,141270.0,65963.72346,梯形波,材料1,0.0686625435
2484,25,141270.0,86750.61509,梯形波,材料1,0.0769761315
2485,25,141270.0,114817.9251,梯形波,材料1,0.08628876799999999
2486,25,141270.0,199735.3,梯形波,材料1,0.10777095149999999
2487,25,141270.0,262720.9189,梯形波,材料1,0.12140108799999999
2488,25,141270.0,345122.4436,梯形波,材料1,0.1361433065
2489,25,141270.0,593165.7869,梯形波,材料1,0.1718176795
2490,25,141270.0,759038.7633,梯形波,材料1,0.1896743545
2491,25,141270.0,998726.4413,梯形波,材料1,0.2133816355
2492,25,141280.0,1296950.217,梯形波,材料1,0.2404921195
2493,25,141280.0,1692243.519,梯形波,材料1,0.27075996
2494,25,158740.0,4313.76447,梯形波,材料1,0.0216745915
2495,25,158740.0,5884.273179,梯形波,材料1,0.024621924500000003
2496,25,158750.0,7525.743139,梯形波,材料1,0.027216261
2497,25,158750.0,13641.66472,梯形波,材料1,0.034432290500000004
2498,25,158750.0,25083.07128,梯形波,材料1,0.0430666085
2499,25,158750.0,33821.8212,梯形波,材料1,0.048548782
2500,25,158750.0,44367.52716,梯形波,材料1,0.0547579155
2501,25,158740.0,105099.362,梯形波,材料1,0.0776507715
2502,25,158740.0,137595.8996,梯形波,材料1,0.085848875
2503,25,158750.0,183581.4614,梯形波,材料1,0.096873495
2504,25,158750.0,547984.9576,梯形波,材料1,0.154405939
2505,25,158740.0,701640.3683,梯形波,材料1,0.170306593
2506,25,158740.0,1209329.255,梯形波,材料1,0.2161999715
2507,25,158740.0,2053107.988,梯形波,材料1,0.2742889975
2508,25,177900.0,2890.265367,梯形波,材料1,0.017047204
2509,25,177900.0,3879.119207,梯形波,材料1,0.019233232
2510,25,177900.0,5242.527551,梯形波,材料1,0.021774713
2511,25,177900.0,6763.633366,梯形波,材料1,0.024166797
2512,25,177900.0,11912.31745,梯形波,材料1,0.030477041
2513,25,177900.0,16566.20495,梯形波,材料1,0.034703151
2514,25,177900.0,22122.13244,梯形波,材料1,0.038168951
2515,25,177900.0,29773.2507,梯形波,材料1,0.043042043
2516,25,177900.0,39907.98521,梯形波,材料1,0.048442294999999996
2517,25,177900.0,69741.5514,梯形波,材料1,0.0611605175
2518,25,177900.0,92796.25036,梯形波,材料1,0.068773875
2519,25,177900.0,122028.4962,梯形波,材料1,0.07590779
2520,25,177900.0,216518.4239,梯形波,材料1,0.096615538
2521,25,177900.0,284142.8937,梯形波,材料1,0.10816501
2522,25,177900.0,373504.9225,梯形波,材料1,0.121514821
2523,25,177900.0,492480.0012,梯形波,材料1,0.1366469945
2524,25,177910.0,836164.3563,梯形波,材料1,0.170057405
2525,25,177900.0,1091272.096,梯形波,材料1,0.1913448325
2526,25,177900.0,1427193.23,梯形波,材料1,0.21537635849999998
2527,25,177900.0,1856005.719,梯形波,材料1,0.24259934049999998
2528,25,199190.0,2721.525935,梯形波,材料1,0.015240944499999999
2529,25,199190.0,3561.405234,梯形波,材料1,0.0171823715
2530,25,199190.0,4832.860581,梯形波,材料1,0.019511782
2531,25,199190.0,6236.48584,梯形波,材料1,0.0215712
2532,25,199190.0,10985.2907,梯形波,材料1,0.027288298
2533,25,199190.0,26911.82763,梯形波,材料1,0.0383462635
2534,25,199190.0,36253.25739,梯形波,材料1,0.043278831000000004
2535,25,199180.0,48784.99029,梯形波,材料1,0.0487696415
2536,25,199190.0,63275.71016,梯形波,材料1,0.054686128
2537,25,199190.0,110882.4857,梯形波,材料1,0.06783557400000001
2538,25,199190.0,196618.2547,梯形波,材料1,0.0861738795
2539,25,199190.0,342067.6204,梯形波,材料1,0.1085851535
2540,25,199190.0,451474.4704,梯形波,材料1,0.1219519765
2541,25,199190.0,766766.7068,梯形波,材料1,0.151712178
2542,25,199190.0,1718551.62,梯形波,材料1,0.2167053125
2543,25,224200.0,2591.067928,梯形波,材料1,0.013526801
2544,25,224200.0,4529.149742,梯形波,材料1,0.017274004500000002
2545,25,224200.0,5789.921281,梯形波,材料1,0.0191091465
2546,25,224200.0,7888.536324,梯形波,材料1,0.021685694499999998
2547,25,224200.0,13912.55377,梯形波,材料1,0.02752941
2548,25,224200.0,18445.29415,梯形波,材料1,0.030226482
2549,25,224200.0,24609.73694,梯形波,材料1,0.034051332000000004
2550,25,224200.0,76702.14207,梯形波,材料1,0.0544976465
2551,25,224200.0,135162.8135,梯形波,材料1,0.06792132349999999
2552,25,224200.0,180182.2365,梯形波,材料1,0.0765814405
2553,25,224200.0,237953.4608,梯形波,材料1,0.085770476
2554,25,224200.0,314151.8674,梯形波,材料1,0.09648305900000001
2555,25,224200.0,412969.3793,梯形波,材料1,0.108220037
2556,25,224200.0,532821.9849,梯形波,材料1,0.11969398949999999
2557,25,224200.0,703949.0961,梯形波,材料1,0.1345829065
2558,25,224200.0,922340.4674,梯形波,材料1,0.15163303649999998
2559,25,224200.0,1211997.946,梯形波,材料1,0.170723738
2560,25,224200.0,1585250.526,梯形波,材料1,0.192350465
2561,25,251240.0,2548.862964,梯形波,材料1,0.0121202305
2562,25,251240.0,3355.769616,梯形波,材料1,0.013708705500000001
2563,25,251240.0,4461.933464,梯形波,材料1,0.015549479500000001
2564,25,251240.0,7637.699067,梯形波,材料1,0.019446217000000002
2565,25,251240.0,9893.089393,梯形波,材料1,0.021680638500000002
2566,25,251240.0,13493.62046,梯形波,材料1,0.024689
2567,25,251240.0,17552.08079,梯形波,材料1,0.0271185645
2568,25,251240.0,23552.47774,梯形波,材料1,0.030634494499999998
2569,25,251240.0,42201.4087,梯形波,材料1,0.038905951
2570,25,251240.0,55286.14093,梯形波,材料1,0.043505036
2571,25,251240.0,73725.18566,梯形波,材料1,0.0489101115
2572,25,251240.0,95128.81985,梯形波,材料1,0.054019918
2573,25,251240.0,126955.5641,梯形波,材料1,0.060961071
2574,25,251240.0,168886.3989,梯形波,材料1,0.0686694535
2575,25,251240.0,222192.5942,梯形波,材料1,0.0768914355
2576,25,251240.0,293320.3865,梯形波,材料1,0.0864120635
2577,25,251240.0,389493.6803,梯形波,材料1,0.097179246
2578,25,251240.0,665211.0648,梯形波,材料1,0.1209279265
2579,25,251240.0,869195.276,梯形波,材料1,0.1360135115
2580,25,251240.0,1141063.675,梯形波,材料1,0.1531369685
2581,25,251240.0,1495837.971,梯形波,材料1,0.17249466600000002
2582,25,282480.0,2552.731177,梯形波,材料1,0.0107977365
2583,25,282480.0,4448.825328,梯形波,材料1,0.013860952499999999
2584,25,282480.0,7491.151786,梯形波,材料1,0.0173116845
2585,25,282480.0,9653.28201,梯形波,材料1,0.0193224905
2586,25,282480.0,17072.0793,梯形波,材料1,0.0241500855
2587,25,282480.0,22498.08462,梯形波,材料1,0.027233655500000002
2588,25,282480.0,29724.67276,梯形波,材料1,0.030662436
2589,25,282480.0,39870.22687,梯形波,材料1,0.034577515
2590,25,282480.0,52360.36567,梯形波,材料1,0.038740965
2591,50,354610.0,19682.70442,三角波,材料1,0.024552103
2592,50,354610.0,54467.7123,三角波,材料1,0.038852008
2593,50,354610.0,794882.0109,三角波,材料1,0.12236232650000001
2594,50,354610.0,1045122.411,三角波,材料1,0.137469439
2595,50,354610.0,1374626.097,三角波,材料1,0.15443277849999998
2596,50,354610.0,1782793.135,三角波,材料1,0.172116776
2597,50,354610.0,2339872.82,三角波,材料1,0.1935396605
2598,50,396820.0,7537.915887,三角波,材料1,0.0137276055
2599,50,396820.0,9538.164313,三角波,材料1,0.0153062115
2600,50,396820.0,12245.39992,三角波,材料1,0.017377897
2601,50,396820.0,26619.95387,三角波,材料1,0.024873053
2602,50,396820.0,33653.34532,三角波,材料1,0.0276575365
2603,50,396820.0,43182.45211,三角波,材料1,0.0309658855
2604,50,396820.0,260398.8384,三角波,材料1,0.069439147
2605,50,396820.0,338556.4061,三角波,材料1,0.07736129450000001
2606,50,396820.0,441391.7157,三角波,材料1,0.086603522
2607,50,396820.0,580609.6182,三角波,材料1,0.097415319
2608,50,396820.0,762105.158,三角波,材料1,0.10923134200000001
2609,50,396820.0,997478.8169,三角波,材料1,0.12262891100000001
2610,50,396820.0,1310790.578,三角波,材料1,0.137808804
2611,50,396820.0,1693501.524,三角波,材料1,0.15369285500000002
2612,50,396820.0,2222128.772,三角波,材料1,0.172752613
2613,50,396820.0,2908827.644,三角波,材料1,0.19438990350000002
2614,50,354620.0,11836.75242,三角波,材料1,0.0194963395
2615,50,354610.0,26086.27792,三角波,材料1,0.027899118
2616,50,354610.0,33361.21792,三角波,材料1,0.0310872635
2617,50,354610.0,54567.15227,三角波,材料1,0.038891345
2618,50,354610.0,1786557.198,三角波,材料1,0.172379745
2619,50,354610.0,2344307.014,三角波,材料1,0.193860071
2620,50,396820.0,9628.686851,三角波,材料1,0.0153491885
2621,50,396820.0,15820.53076,三角波,材料1,0.0195296785
2622,50,396820.0,26623.5658,三角波,材料1,0.024844279
2623,50,396820.0,33782.81994,三角波,材料1,0.0276847625
2624,50,396820.0,43453.54609,三角波,材料1,0.0310046
2625,50,396820.0,54973.27277,三角波,材料1,0.0347255085
2626,50,396820.0,339581.1328,三角波,材料1,0.0774794615
2627,50,396820.0,441935.0295,三角波,材料1,0.086617843
2628,50,396820.0,580533.0546,三角波,材料1,0.097464563
2629,50,396820.0,764603.436,三角波,材料1,0.1094444445
2630,50,396820.0,1314511.881,三角波,材料1,0.137987426
2631,50,396820.0,2229147.113,三角波,材料1,0.17317038699999998
2632,50,396820.0,2913249.005,三角波,材料1,0.194630013
2633,50,50060.0,7346.953336,梯形波,材料1,0.0606364915
2634,50,50060.0,9494.077175,梯形波,材料1,0.068483831
2635,50,50060.0,41369.59812,梯形波,材料1,0.123157057
2636,50,50070.0,53152.21742,梯形波,材料1,0.136176644
2637,50,50070.0,131943.5075,梯形波,材料1,0.19460252649999998
2638,50,50060.0,175709.0309,梯形波,材料1,0.2182276495
2639,50,50070.0,314429.8542,梯形波,材料1,0.2712704355
2640,50,56170.0,6683.739763,梯形波,材料1,0.054038212
2641,50,56170.0,8943.252895,梯形波,材料1,0.0609002515
2642,50,56160.0,20591.21313,梯形波,材料1,0.086294385
2643,50,56160.0,27008.63954,梯形波,材料1,0.0966970065
2644,50,56160.0,36889.92504,梯形波,材料1,0.10957586350000001
2645,50,56160.0,47476.26745,梯形波,材料1,0.12086909
2646,50,56150.0,63872.01609,梯形波,材料1,0.136438177
2647,50,56160.0,85515.99093,梯形波,材料1,0.153548189
2648,50,56160.0,116350.83,梯形波,材料1,0.17279801350000001
2649,50,56160.0,207855.6895,梯形波,材料1,0.217822003
2650,50,56160.0,370652.6943,梯形波,材料1,0.2718208815
2651,50,70760.0,5169.862258,梯形波,材料1,0.042906876999999996
2652,50,70760.0,6766.053205,梯形波,材料1,0.048348326
2653,50,70760.0,9178.786489,梯形波,材料1,0.0547959845
2654,50,70760.0,15551.03353,梯形波,材料1,0.06853876
2655,50,70760.0,20327.04585,梯形波,材料1,0.07651902699999999
2656,50,70760.0,28266.66393,梯形波,材料1,0.08716403049999999
2657,50,70760.0,36665.58957,梯形波,材料1,0.0962584935
2658,50,70760.0,49373.74188,梯形波,材料1,0.10863469
2659,50,70760.0,66047.20057,梯形波,材料1,0.12226474700000001
2660,50,70770.0,89029.17402,梯形波,材料1,0.1378776215
2661,50,70770.0,117787.9693,梯形波,材料1,0.154405614
2662,50,70760.0,157947.897,梯形波,材料1,0.173422638
2663,50,70770.0,210944.4242,梯形波,材料1,0.19187942800000002
2664,50,70760.0,383084.9558,梯形波,材料1,0.2439747495
2665,50,70760.0,508396.4498,梯形波,材料1,0.2733592505
2666,50,79400.0,4317.329902,梯形波,材料1,0.0380328055
2667,50,79410.0,5848.604568,梯形波,材料1,0.0429443915
2668,50,79410.0,13729.24248,梯形波,材料1,0.060949026
2669,50,79410.0,17564.11101,梯形波,材料1,0.068067633
2670,50,79410.0,31871.23234,梯形波,材料1,0.085496353
2671,50,79410.0,42875.86973,梯形波,材料1,0.09650055399999999
2672,50,79410.0,138265.5039,梯形波,材料1,0.153851175
2673,50,79410.0,442865.5902,梯形波,材料1,0.2425761865
2674,50,79410.0,593766.2346,梯形波,材料1,0.27265656149999995
2675,50,89210.0,6863.456139,梯形波,材料1,0.0433443545
2676,50,89210.0,8873.808534,梯形波,材料1,0.048006439
2677,50,89210.0,15716.8591,梯形波,材料1,0.060486164499999995
2678,50,89210.0,21293.17163,梯形波,材料1,0.06894959349999999
2679,50,89210.0,27811.96801,梯形波,材料1,0.076026133
2680,50,89220.0,37689.30503,梯形波,材料1,0.08561795550000001
2681,50,89220.0,68073.88031,梯形波,材料1,0.10856254900000001
2682,50,89210.0,91117.67343,梯形波,材料1,0.1220448945
2683,50,89210.0,121291.9331,梯形波,材料1,0.136812647
2684,50,89210.0,161719.3033,梯形波,材料1,0.1515421135
2685,50,89210.0,391378.3367,梯形波,材料1,0.215521457
2686,50,89210.0,521703.5735,梯形波,材料1,0.242317377
2687,50,89210.0,697689.1859,梯形波,材料1,0.2722440205
2688,50,99970.0,3404.781555,梯形波,材料1,0.030361647999999998
2689,50,99970.0,4446.224041,梯形波,材料1,0.034250913
2690,50,99970.0,6034.877109,梯形波,材料1,0.038853903499999995
2691,50,99970.0,7829.087814,梯形波,材料1,0.0429766165
2692,50,99970.0,14026.79044,梯形波,材料1,0.0543539335
2693,50,99970.0,19349.98473,梯形波,材料1,0.0616795725
2694,50,99970.0,24908.86147,梯形波,材料1,0.0681995635
2695,50,99970.0,33472.88642,梯形波,材料1,0.0768045325
2696,50,99970.0,144433.3163,梯形波,材料1,0.13574172699999998
2697,50,99970.0,194821.7955,梯形波,材料1,0.1530101455
2698,50,99970.0,261569.0154,梯形波,材料1,0.172444179
2699,50,99980.0,350519.6269,梯形波,材料1,0.193087821
2700,50,99970.0,465688.6121,梯形波,材料1,0.2172023485
2701,50,99970.0,624509.1242,梯形波,材料1,0.2439341855
2702,50,112170.0,3042.29946,梯形波,材料1,0.027079310500000002
2703,50,112170.0,4065.672382,梯形波,材料1,0.030574156499999998
2704,50,112170.0,5460.281645,梯形波,材料1,0.0346478445
2705,50,112170.0,7035.227834,梯形波,材料1,0.038364249
2706,50,112180.0,9584.918564,梯形波,材料1,0.043352991
2707,50,112170.0,12569.94339,梯形波,材料1,0.0484925375
2708,50,112180.0,22990.81382,梯形波,材料1,0.060683730500000005
2709,50,112170.0,55134.38601,梯形波,材料1,0.086942527
2710,50,112180.0,73580.52768,梯形波,材料1,0.09753266999999999
2711,50,112170.0,98340.02758,梯形波,材料1,0.109468712
2712,50,112180.0,131240.0149,梯形波,材料1,0.1211585875
2713,50,112170.0,175827.7466,梯形波,材料1,0.136538923
2714,50,112180.0,235397.9179,梯形波,材料1,0.1537885355
2715,50,112170.0,563574.3438,梯形波,材料1,0.21769611049999998
2716,50,112170.0,732919.4328,梯形波,材料1,0.2404150685
2717,50,112180.0,982909.6991,梯形波,材料1,0.270500224
2718,50,125920.0,2758.420227,梯形波,材料1,0.024200514
2719,50,125920.0,3660.698181,梯形波,材料1,0.027259436
2720,50,125920.0,4930.530113,梯形波,材料1,0.030880741
2721,50,125920.0,11243.27264,梯形波,材料1,0.043206782
2722,50,125920.0,15402.85877,梯形波,材料1,0.0490439325
2723,50,125920.0,20525.58044,梯形波,材料1,0.054158374
2724,50,125920.0,36329.78274,梯形波,材料1,0.068723159
2725,50,125920.0,48998.02806,梯形波,材料1,0.07743578200000001
2726,50,125930.0,88030.36228,梯形波,材料1,0.09762428849999999
2727,50,125920.0,116163.2212,梯形波,材料1,0.107834333
2728,50,125920.0,157224.8229,梯形波,材料1,0.121754299
2729,50,125920.0,209489.9314,梯形波,材料1,0.13717036700000002
2730,50,125920.0,279560.5565,梯形波,材料1,0.153484609
2731,50,125930.0,373149.2923,梯形波,材料1,0.1726872845
2732,50,125930.0,652447.7057,梯形波,材料1,0.214112347
2733,50,125930.0,875202.262,梯形波,材料1,0.2410536285
2734,50,141270.0,2597.566792,梯形波,材料1,0.021425295
2735,50,141270.0,3398.93977,梯形波,材料1,0.024179046
2736,50,141270.0,4551.127358,梯形波,材料1,0.027402694
2737,50,141270.0,7869.672801,梯形波,材料1,0.0342438805
2738,50,141270.0,14175.88702,梯形波,材料1,0.0435337905
2739,50,141270.0,18749.23185,梯形波,材料1,0.047971270499999996
2740,50,141270.0,25363.52629,梯形波,材料1,0.05412933
2741,50,141280.0,44536.89213,梯形波,材料1,0.068603743
2742,50,141270.0,78708.84309,梯形波,材料1,0.0863574495
2743,50,141270.0,140997.6597,梯形波,材料1,0.107971047
2744,50,141270.0,188652.0553,梯形波,材料1,0.1215103655
2745,50,141270.0,333375.6607,梯形波,材料1,0.153195107
2746,50,141280.0,446149.4738,梯形波,材料1,0.17199420850000002
2747,50,141280.0,579555.2012,梯形波,材料1,0.189665368
2748,50,141280.0,779719.6138,梯形波,材料1,0.2134811995
2749,50,141270.0,1033604.129,梯形波,材料1,0.240641158
2750,50,141270.0,1375753.26,梯形波,材料1,0.270666783
2751,50,158750.0,2505.896795,梯形波,材料1,0.019266699999999998
2752,50,158750.0,3252.903677,梯形波,材料1,0.02169794
2753,50,158750.0,4383.316131,梯形波,材料1,0.0246289985
2754,50,158750.0,5618.986641,梯形波,材料1,0.0272396
2755,50,158750.0,7580.444988,梯形波,材料1,0.030764368
2756,50,158740.0,9788.147383,梯形波,材料1,0.0344620135
2757,50,158750.0,13414.66787,梯形波,材料1,0.039187189
2758,50,158750.0,17798.56012,梯形波,材料1,0.043135037
2759,50,158750.0,23922.13815,梯形波,材料1,0.0486575795
2760,50,158740.0,31893.49597,梯形波,材料1,0.0548595925
2761,50,158750.0,42759.68593,梯形波,材料1,0.061744558500000005
2762,50,158740.0,55480.92566,梯形波,材料1,0.069280413
2763,50,158750.0,73794.20564,梯形波,材料1,0.077708043
2764,50,158740.0,97538.77796,梯形波,材料1,0.0859325765
2765,50,158750.0,130707.9797,梯形波,材料1,0.096829873
2766,50,158740.0,174865.5677,梯形波,材料1,0.10916238
2767,50,158740.0,232698.9994,梯形波,材料1,0.122285379
2768,50,158740.0,309600.7302,梯形波,材料1,0.137416132
2769,50,158750.0,537748.5751,梯形波,材料1,0.170451242
2770,50,158750.0,1272493.069,梯形波,材料1,0.2433534885
2771,50,158740.0,1688309.226,梯形波,材料1,0.274261531
2772,50,177900.0,2391.714123,梯形波,材料1,0.01706206
2773,50,177900.0,3109.118351,梯形波,材料1,0.019239803
2774,50,177900.0,4204.874045,梯形波,材料1,0.0218712375
2775,50,177900.0,5325.630552,梯形波,材料1,0.024134990000000002
2776,50,177900.0,7134.442491,梯形波,材料1,0.027284793
2777,50,177900.0,12512.0868,梯形波,材料1,0.034780224
2778,50,177900.0,16619.05515,梯形波,材料1,0.038195301
2779,50,177900.0,21915.3815,梯形波,材料1,0.043017008
2780,50,177900.0,39174.24869,梯形波,材料1,0.0546901645
2781,50,177900.0,51732.54729,梯形波,材料1,0.061282795
2782,50,177900.0,66933.6303,梯形波,材料1,0.06876062
2783,50,177900.0,88890.19746,梯形波,材料1,0.076096789
2784,50,177900.0,158226.936,梯形波,材料1,0.0965887505
2785,50,177900.0,210854.1062,梯形波,材料1,0.1082324635
2786,50,177900.0,280666.6761,梯形波,材料1,0.1216265175
2787,50,177900.0,372783.0394,梯形波,材料1,0.136591882
2788,50,177900.0,484916.559,梯形波,材料1,0.15087842
2789,50,177900.0,649402.1186,梯形波,材料1,0.1700720295
2790,50,177900.0,861054.4021,梯形波,材料1,0.1912968155
2791,50,177900.0,1145227.8,梯形波,材料1,0.215438957
2792,50,177900.0,1517322.399,梯形波,材料1,0.242773953
2793,50,199190.0,2441.302014,梯形波,材料1,0.015285467
2794,50,199190.0,3195.877829,梯形波,材料1,0.0172315225
2795,50,199190.0,4191.689851,梯形波,材料1,0.0195039995
2796,50,199190.0,5375.792634,梯形波,材料1,0.021630115499999998
2797,50,199190.0,7096.350393,梯形波,材料1,0.0244483645
2798,50,199180.0,9191.989716,梯形波,材料1,0.0273370415
2799,50,199190.0,12334.34236,梯形波,材料1,0.0309921365
2800,50,199180.0,16148.09321,梯形波,材料1,0.0341310965
2801,50,199190.0,21424.06633,梯形波,材料1,0.038513968499999995
2802,50,199190.0,28447.11336,梯形波,材料1,0.043364984499999995
2803,50,199190.0,65533.15032,梯形波,材料1,0.0615218665
2804,50,199190.0,83383.72197,梯形波,材料1,0.06790785299999999
2805,50,199190.0,112072.7071,梯形波,材料1,0.076717803
2806,50,199190.0,147958.4638,梯形波,材料1,0.08623907850000001
2807,50,199190.0,261523.9362,梯形波,材料1,0.108819534
2808,50,199190.0,347613.937,梯形波,材料1,0.1220935045
2809,50,199180.0,449939.275,梯形波,材料1,0.134964415
2810,50,199190.0,602316.7907,梯形波,材料1,0.15197817800000002
2811,50,199190.0,1397035.074,梯形波,材料1,0.216854174
2812,50,224200.0,2460.293842,梯形波,材料1,0.013517676
2813,50,224200.0,3181.584103,梯形波,材料1,0.0152754135
2814,50,224200.0,4172.701358,梯形波,材料1,0.017301131499999997
2815,50,224200.0,5322.249125,梯形波,材料1,0.019163930500000002
2816,50,224200.0,7075.088203,梯形波,材料1,0.021659986
2817,50,224200.0,9127.001394,梯形波,材料1,0.0242957345
2818,50,224200.0,15918.00852,梯形波,材料1,0.03029138
2819,50,224200.0,27328.00277,梯形波,材料1,0.03847064
2820,50,224200.0,47538.78109,梯形波,材料1,0.048655394500000004
2821,50,224200.0,62326.85998,梯形波,材料1,0.0545157845
2822,50,224200.0,105557.6216,梯形波,材料1,0.0680886805
2823,50,224200.0,243080.6944,梯形波,材料1,0.0964138195
2824,50,224200.0,322471.0466,梯形波,材料1,0.108299462
2825,50,224210.0,417903.9767,梯形波,材料1,0.1196448385
2826,50,224200.0,736183.8546,梯形波,材料1,0.151871722
2827,50,224200.0,973777.7799,梯形波,材料1,0.170956555
2828,50,251240.0,3226.76879,梯形波,材料1,0.0137042325
2829,50,251240.0,4244.379173,梯形波,材料1,0.01554846
2830,50,251240.0,5344.508109,梯形波,材料1,0.017191651
2831,50,251240.0,12097.51953,梯形波,材料1,0.024721839
2832,50,251240.0,15595.86708,梯形波,材料1,0.0271703625
2833,50,251240.0,103844.5777,梯形波,材料1,0.061051628499999996
2834,50,251240.0,133748.2917,梯形波,材料1,0.06873660849999999
2835,50,251230.0,176536.8204,梯形波,材料1,0.07697018350000001
2836,50,251240.0,308977.0325,梯形波,材料1,0.0971638635
2837,50,251240.0,399975.5713,梯形波,材料1,0.10747820799999999
2838,50,251240.0,532856.2511,梯形波,材料1,0.1210062455
2839,50,251240.0,927461.2671,梯形波,材料1,0.153389471
2840,50,251240.0,1221392.799,梯形波,材料1,0.1726192675
2841,50,282490.0,2630.908807,梯形波,材料1,0.010848588999999999
2842,50,282480.0,3385.214717,梯形波,材料1,0.012229799999999999
2843,50,282480.0,4410.694936,梯形波,材料1,0.013844724999999999
2844,50,282480.0,7266.027676,梯形波,材料1,0.017350899
2845,50,282480.0,9335.961038,梯形波,材料1,0.019393469
2846,50,282480.0,15898.05775,梯形波,材料1,0.024224013500000002
2847,50,282480.0,27018.21769,梯形波,材料1,0.0306985125
2848,50,282480.0,35287.34992,梯形波,材料1,0.034637046
2849,50,282480.0,59696.2528,梯形波,材料1,0.04352117
2850,50,282480.0,77398.35332,梯形波,材料1,0.048178483999999994
2851,50,282480.0,170817.0019,梯形波,材料1,0.0684942975
2852,50,282480.0,224778.9383,梯形波,材料1,0.0769582775
2853,50,282480.0,296345.96,梯形波,材料1,0.086535371
2854,50,282480.0,382082.0918,梯形波,材料1,0.095510791
2855,50,282480.0,508642.6721,梯形波,材料1,0.1075812155
2856,50,282480.0,670181.6503,梯形波,材料1,0.1213227085
2857,50,282480.0,881111.4525,梯形波,材料1,0.136322222
2858,50,282480.0,1156830.756,梯形波,材料1,0.15361025150000002
2859,50,316460.0,3566.875739,梯形波,材料1,0.010878587
2860,50,316460.0,4616.16845,梯形波,材料1,0.012303751500000001
2861,50,316460.0,5785.269037,梯形波,材料1,0.013651824
2862,50,316460.0,7538.26144,梯形波,材料1,0.015432329
2863,50,316460.0,9520.428287,梯形波,材料1,0.0172035335
2864,50,316460.0,12750.40785,梯形波,材料1,0.019641266499999997
2865,70,354610.0,707859.959,三角波,材料1,0.1225337945
2866,70,354610.0,927703.2646,三角波,材料1,0.137583778
2867,70,354610.0,2087437.29,三角波,材料1,0.1938522225
2868,70,354610.0,2766294.227,三角波,材料1,0.2181540655
2869,70,396820.0,9556.94546,三角波,材料1,0.015320215500000001
2870,70,396820.0,12588.49228,三角波,材料1,0.0174633425
2871,70,396820.0,19865.80043,三角波,材料1,0.021963486
2872,70,396820.0,32439.20483,三角波,材料1,0.027679616
2873,70,396820.0,41428.67568,三角波,材料1,0.031030741
2874,70,396820.0,86005.21367,三角波,材料1,0.043577477
2875,70,396820.0,184272.6492,三角波,材料1,0.061784463
2876,70,396820.0,239284.3177,三角波,材料1,0.06947666450000001
2877,70,396820.0,518693.4246,三角波,材料1,0.097501165
2878,70,396820.0,887329.0989,三角波,材料1,0.1227179035
2879,70,396820.0,1164643.594,三角波,材料1,0.1378974705
2880,70,396820.0,1502890.835,三角波,材料1,0.1539016385
2881,70,396820.0,1972606.801,三角波,材料1,0.172953619
2882,70,354610.0,1587267.614,三角波,材料1,0.172679969
2883,70,396820.0,9535.706656,三角波,材料1,0.01531646
2884,70,396820.0,19871.75699,三角波,材料1,0.021971320500000002
2885,70,396820.0,25903.96896,三角波,材料1,0.024953317500000002
2886,70,396820.0,32611.94525,三角波,材料1,0.027774049000000002
2887,70,396820.0,41382.3238,三角波,材料1,0.031049708500000002
2888,70,396820.0,52886.41894,三角波,材料1,0.0347808
2889,70,396820.0,239013.6335,三角波,材料1,0.069514374
2890,70,396820.0,519309.1391,三角波,材料1,0.0976217425
2891,70,396820.0,888296.5947,三角波,材料1,0.122798909
2892,70,396820.0,1163294.243,三角波,材料1,0.13801787599999998
2893,70,396820.0,1505892.074,三角波,材料1,0.1541394015
2894,70,396820.0,1978770.733,三角波,材料1,0.17335820200000002
2895,70,50060.0,4670.275153,梯形波,材料1,0.060643539999999996
2896,70,50060.0,6348.73186,梯形波,材料1,0.068476382
2897,70,50060.0,11301.5165,梯形波,材料1,0.0859212235
2898,70,50060.0,15514.9574,梯形波,材料1,0.09726414750000001
2899,70,50060.0,38955.02798,梯形波,材料1,0.1359485775
2900,70,50060.0,75606.53583,梯形波,材料1,0.1730716645
2901,70,50060.0,106434.1451,梯形波,材料1,0.19482215349999998
2902,70,50060.0,144664.0834,梯形波,材料1,0.21873386150000002
2903,70,50070.0,198002.4172,梯形波,材料1,0.2452920455
2904,70,50060.0,266784.3085,梯形波,材料1,0.2715584085
2905,70,56150.0,4370.549487,梯形波,材料1,0.053916235
2906,70,56170.0,5878.45394,梯形波,材料1,0.0608470415
2907,70,56160.0,13914.37211,梯形波,材料1,0.0861923365
2908,70,56160.0,18699.87802,梯形波,材料1,0.09677377300000001
2909,70,56160.0,26479.89144,梯形波,材料1,0.109830276
2910,70,56160.0,34743.20713,梯形波,材料1,0.121033474
2911,70,56160.0,66275.2774,梯形波,材料1,0.153887409
2912,70,56170.0,92360.67645,梯形波,材料1,0.17309844000000002
2913,70,56170.0,125720.0035,梯形波,材料1,0.19448967
2914,70,56170.0,171241.7803,梯形波,材料1,0.2180509085
2915,70,56160.0,231069.1606,梯形波,材料1,0.24143653599999998
2916,70,56160.0,313665.5688,梯形波,材料1,0.272097422
2917,70,70760.0,3392.368827,梯形波,材料1,0.042936678
2918,70,70770.0,4511.644765,梯形波,材料1,0.0484837835
2919,70,70760.0,14095.4861,梯形波,材料1,0.07677772050000001
2920,70,70760.0,19874.38203,梯形波,材料1,0.087336633
2921,70,70750.0,35819.12751,梯形波,材料1,0.10852471699999999
2922,70,70760.0,49846.44282,梯形波,材料1,0.12237490649999999
2923,70,70760.0,68152.67417,梯形波,材料1,0.1376771925
2924,70,70760.0,93169.94634,梯形波,材料1,0.1546263955
2925,70,70760.0,127311.0603,梯形波,材料1,0.1735637545
2926,70,70770.0,173287.7539,梯形波,材料1,0.1919691025
2927,70,70760.0,239933.0407,梯形波,材料1,0.216778051
2928,70,70760.0,325434.0614,梯形波,材料1,0.243953009
2929,70,70770.0,436638.9699,梯形波,材料1,0.273434168
2930,70,79410.0,2981.141413,梯形波,材料1,0.038110942999999994
2931,70,79410.0,5323.977862,梯形波,材料1,0.048767306999999996
2932,70,79410.0,6987.189185,梯形波,材料1,0.054029451000000006
2933,70,79410.0,9503.963765,梯形波,材料1,0.061118303
2934,70,79410.0,12607.93193,梯形波,材料1,0.0682652295
2935,70,79410.0,43013.71861,梯形波,材料1,0.1088203325
2936,70,79410.0,59138.57587,梯形波,材料1,0.12258137350000001
2937,70,79410.0,109614.0572,梯形波,材料1,0.1542133885
2938,70,79410.0,281227.1291,梯形波,材料1,0.21695696450000002
2939,70,79410.0,381135.3554,梯形波,材料1,0.24280209600000002
2940,70,89210.0,2659.262459,梯形波,材料1,0.033910548
2941,70,89210.0,3575.229276,梯形波,材料1,0.038317924
2942,70,89210.0,4818.024386,梯形波,材料1,0.043441161000000006
2943,70,89210.0,6202.235429,梯形波,材料1,0.047985048
2944,70,89210.0,8340.162608,梯形波,材料1,0.054221913999999996
2945,70,89210.0,11215.15178,梯形波,材料1,0.060895197
2946,70,89210.0,27241.86982,梯形波,材料1,0.08564036950000001
2947,70,89210.0,37679.85652,梯形波,材料1,0.096655806
2948,70,89210.0,51223.36283,梯形波,材料1,0.108751231
2949,70,89210.0,69858.19556,梯形波,材料1,0.12207660649999999
2950,70,89210.0,95794.21563,梯形波,材料1,0.137108986
2951,70,89210.0,129971.0039,梯形波,材料1,0.151641897
2952,70,89210.0,245737.8385,梯形波,材料1,0.19286046699999998
2953,70,89210.0,449533.3917,梯形波,材料1,0.242874274
2954,70,89210.0,607636.984,梯形波,材料1,0.272749672
2955,70,99970.0,2582.072483,梯形波,材料1,0.030407446
2956,70,99970.0,3245.138464,梯形波,材料1,0.034368615500000005
2957,70,99980.0,4422.710038,梯形波,材料1,0.0388990465
2958,70,99970.0,5675.479516,梯形波,材料1,0.043065485
2959,70,99970.0,7698.953029,梯形波,材料1,0.048600423000000004
2960,70,99980.0,18668.09115,梯形波,材料1,0.0682504505
2961,70,99970.0,24753.62021,梯形波,材料1,0.076882667
2962,70,99970.0,33608.30656,梯形波,材料1,0.08656517
2963,70,99970.0,46050.4832,梯形波,材料1,0.0975459625
2964,70,99970.0,62445.80783,梯形波,材料1,0.109449185
2965,70,99970.0,85424.18635,梯形波,材料1,0.1229116505
2966,70,99980.0,115258.8122,梯形波,材料1,0.1358242055
2967,70,99970.0,159123.1285,梯形波,材料1,0.1531827615
2968,70,99970.0,215807.9493,梯形波,材料1,0.17269051000000002
2969,70,99970.0,397841.969,梯形波,材料1,0.21727180699999998
2970,70,99970.0,538018.303,梯形波,材料1,0.24412590750000002
2971,70,99970.0,704460.2599,梯形波,材料1,0.269512688
2972,70,112170.0,2403.863613,梯形波,材料1,0.027176266
2973,70,112180.0,3106.352951,梯形波,材料1,0.0305863435
2974,70,112170.0,5391.971643,梯形波,材料1,0.038487886
2975,70,112180.0,9351.279867,梯形波,材料1,0.048467143500000004
2976,70,112180.0,17325.9131,梯形波,材料1,0.060827638
2977,70,112170.0,57003.11272,梯形波,材料1,0.0978018595
2978,70,112170.0,103746.624,梯形波,材料1,0.1213747195
2979,70,112170.0,141969.2435,梯形波,材料1,0.1367839185
2980,70,112170.0,192789.1583,梯形波,材料1,0.154156845
2981,70,112170.0,261347.2572,梯形波,材料1,0.1724934535
2982,70,112170.0,355322.2541,梯形波,材料1,0.194136666
2983,70,112170.0,481686.9956,梯形波,材料1,0.217944592
2984,70,112180.0,631405.7372,梯形波,材料1,0.2405475295
2985,70,125920.0,2297.048788,梯形波,材料1,0.0241908245
2986,70,125920.0,3018.313103,梯形波,材料1,0.0273432355
2987,70,125930.0,5045.437434,梯形波,材料1,0.034237673999999996
2988,70,125920.0,8852.609523,梯形波,材料1,0.043185059
2989,70,125920.0,12053.52994,梯形波,材料1,0.049159365
2990,70,125920.0,16078.2893,梯形波,材料1,0.0542544705
2991,70,125920.0,21606.50471,梯形波,材料1,0.061222357
2992,70,125920.0,28910.04922,梯形波,材料1,0.06885867100000001
2993,70,125920.0,38411.02502,梯形波,材料1,0.07751278
2994,70,125930.0,51454.2073,梯形波,材料1,0.0870818315
2995,70,125920.0,69211.34666,梯形波,材料1,0.0976508655
2996,70,125920.0,128196.5428,梯形波,材料1,0.1218181385
2997,70,125920.0,172388.443,梯形波,材料1,0.1372413905
2998,70,125920.0,233661.5551,梯形波,材料1,0.153694847
2999,70,125920.0,314733.5643,梯形波,材料1,0.1727875565
3000,70,125920.0,561955.2953,梯形波,材料1,0.2144446795
3001,70,125920.0,1022796.487,梯形波,材料1,0.271765156
3002,70,141270.0,2318.60528,梯形波,材料1,0.021467073
3003,70,141270.0,3055.308447,梯形波,材料1,0.024206635
3004,70,141270.0,5086.971048,梯形波,材料1,0.030355442500000003
3005,70,141270.0,15488.49994,梯形波,材料1,0.048095503
3006,70,141270.0,20711.28919,梯形波,材料1,0.0541910885
3007,70,141280.0,27577.32456,梯形波,材料1,0.0609925
3008,70,141280.0,48102.99997,梯形波,材料1,0.077196791
3009,70,141270.0,63742.57867,梯形波,材料1,0.0865209995
3010,70,141270.0,85862.87795,梯形波,材料1,0.0958582765
3011,70,141270.0,114964.7788,梯形波,材料1,0.107910647
3012,70,141270.0,281391.6898,梯形波,材料1,0.153276501
3013,70,141270.0,381031.3648,梯形波,材料1,0.17207425450000002
3014,70,141270.0,679179.6001,梯形波,材料1,0.214200171
3015,70,141270.0,1218409.372,梯形波,材料1,0.2713101725
3016,70,158750.0,2389.492111,梯形波,材料1,0.019285247499999998
3017,70,158750.0,3073.773027,梯形波,材料1,0.02179264
3018,70,158750.0,6805.282239,梯形波,材料1,0.030877396
3019,70,158740.0,8669.308196,梯形波,材料1,0.0346143265
3020,70,158750.0,11642.84035,梯形波,材料1,0.0391847115
3021,70,158740.0,15409.90682,梯形波,材料1,0.0432104495
3022,70,158740.0,20429.49447,梯形波,材料1,0.0486619955
3023,70,158750.0,47051.79563,梯形波,材料1,0.0692836885
3024,70,158740.0,109729.8322,梯形波,材料1,0.097154777
3025,70,158750.0,146544.5236,梯形波,材料1,0.1092178535
3026,70,158750.0,196118.0166,梯形波,材料1,0.1223743365
3027,70,158740.0,353080.5522,梯形波,材料1,0.154649223
3028,70,158750.0,462595.663,梯形波,材料1,0.17064431200000002
3029,70,158750.0,627397.9645,梯形波,材料1,0.19235020749999998
3030,70,158750.0,838458.46,梯形波,材料1,0.2167714885
3031,70,158750.0,1502886.084,梯形波,材料1,0.27446146849999997
3032,70,177900.0,2420.301274,梯形波,材料1,0.0170716665
3033,70,177900.0,3077.342286,梯形波,材料1,0.019286320000000003
3034,70,177900.0,4051.614041,梯形波,材料1,0.021832371
3035,70,177900.0,5092.691207,梯形波,材料1,0.024141636
3036,70,177900.0,6743.202067,梯形波,材料1,0.027310259
3037,70,177900.0,8610.663729,梯形波,材料1,0.0306265385
3038,70,177890.0,14921.49046,梯形波,材料1,0.038272570500000005
3039,70,177900.0,19539.67682,梯形波,材料1,0.0430819005
3040,70,177900.0,25769.45156,梯形波,材料1,0.0485352475
3041,70,177900.0,33995.68797,梯形波,材料1,0.054789995
3042,70,177900.0,58509.53232,梯形波,材料1,0.0689108075
3043,70,177900.0,75604.37487,梯形波,材料1,0.07615752049999999
3044,70,177900.0,134482.1973,梯形波,材料1,0.0967219035
3045,70,177900.0,180174.3326,梯形波,材料1,0.1084689285
3046,70,177900.0,239989.2599,梯形波,材料1,0.12182782249999999
3047,70,177900.0,322357.4314,梯形波,材料1,0.136867816
3048,70,177900.0,753439.5312,梯形波,材料1,0.19156588400000002
3049,70,177900.0,1007982.719,梯形波,材料1,0.21571928299999998
3050,70,177900.0,1345783.438,梯形波,材料1,0.24301418200000002
3051,70,199190.0,2547.585697,梯形波,材料1,0.0152656835
3052,70,199190.0,3271.925176,梯形波,材料1,0.017223788
3053,70,199190.0,4282.937162,梯形波,材料1,0.0195701445
3054,70,199190.0,5342.799339,梯形波,材料1,0.021563538
3055,70,199190.0,7033.099519,梯形波,材料1,0.0244319525
3056,70,199190.0,11817.15413,梯形波,材料1,0.031005947
3057,70,199190.0,15100.45047,梯形波,材料1,0.034099604
3058,70,199180.0,25961.43778,梯形波,材料1,0.0433865125
3059,70,199190.0,33988.38677,梯形波,材料1,0.0488662275
3060,70,199190.0,75296.05058,梯形波,材料1,0.0680911675
3061,70,199190.0,97492.12621,梯形波,材料1,0.0767995885
3062,70,199190.0,170456.6566,梯形波,材料1,0.096885568
3063,70,199190.0,226240.72,梯形波,材料1,0.108880823
3064,70,199180.0,391163.4453,梯形波,材料1,0.1350294135
3065,70,199190.0,524337.0892,梯形波,材料1,0.152073226
3066,70,199180.0,695389.6872,梯形波,材料1,0.1710931035
3067,70,199180.0,925575.9835,梯形波,材料1,0.1928052035
3068,70,199190.0,1233037.41,梯形波,材料1,0.2170531015
3069,70,224200.0,3332.665986,梯形波,材料1,0.015306788500000001
3070,70,224200.0,4352.486725,梯形波,材料1,0.0173910855
3071,70,224200.0,5401.770121,梯形波,材料1,0.0192057095
3072,70,224200.0,9001.372879,梯形波,材料1,0.024348928
3073,70,224190.0,15046.38934,梯形波,材料1,0.030307242999999998
3074,70,224200.0,25533.44474,梯形波,材料1,0.038580330499999996
3075,70,224200.0,42990.60922,梯形波,材料1,0.048695362000000006
3076,70,224200.0,55866.92809,梯形波,材料1,0.054583126999999995
3077,70,224200.0,72390.88308,梯形波,材料1,0.060376131
3078,70,224200.0,122459.7624,梯形波,材料1,0.076623891
3079,70,224200.0,161078.0574,梯形波,材料1,0.08589654
3080,70,224200.0,213569.8118,梯形波,材料1,0.09662447199999999
3081,70,224200.0,366513.7982,梯形波,材料1,0.1199579285
3082,70,224200.0,489208.6452,梯形波,材料1,0.1349720075
3083,70,224200.0,646626.9442,梯形波,材料1,0.15184494999999998
3084,70,224200.0,853906.3079,梯形波,材料1,0.171205186
3085,70,224200.0,1132150.463,梯形波,材料1,0.1927037285
3086,70,251240.0,2730.708292,梯形波,材料1,0.0121702225
3087,70,251240.0,3507.140681,梯形波,材料1,0.013735901
3088,70,251240.0,4530.715296,梯形波,材料1,0.0155527805
3089,70,251240.0,5645.789046,梯形波,材料1,0.01729385
3090,70,251240.0,9307.264942,梯形波,材料1,0.0217959785
3091,70,251240.0,12216.79079,梯形波,材料1,0.024779753
3092,70,251240.0,15530.68246,梯形波,材料1,0.027233229999999997
3093,70,251240.0,25697.90241,梯形波,材料1,0.0345708895
3094,70,251240.0,33285.84914,梯形波,材料1,0.038882401999999996
3095,70,251240.0,43280.52654,梯形波,材料1,0.04374587
3096,70,251240.0,56071.15484,梯形波,材料1,0.049008458500000004
3097,70,251240.0,72012.35941,梯形波,材料1,0.054234525
3098,70,251240.0,93752.51057,梯形波,材料1,0.0609920865
3099,70,251240.0,123119.3398,梯形波,材料1,0.0687438075
3100,70,251240.0,157907.1226,梯形波,材料1,0.077105232
3101,70,251240.0,208381.5532,梯形波,材料1,0.086669128
3102,70,251240.0,353291.0355,梯形波,材料1,0.10756209
3103,70,251240.0,813923.4357,梯形波,材料1,0.15362325500000001
3104,70,251240.0,1073117.604,梯形波,材料1,0.17285098850000002
3105,70,282480.0,2905.487167,梯形波,材料1,0.0108626495
3106,70,282480.0,4758.024861,梯形波,材料1,0.0138795125
3107,70,282480.0,5920.207166,梯形波,材料1,0.015379141499999999
3108,70,282480.0,7644.000243,梯形波,材料1,0.017342633500000003
3109,70,282480.0,9668.520873,梯形波,材料1,0.019417438000000002
3110,70,282480.0,12638.50856,梯形波,材料1,0.022074576
3111,70,282480.0,16030.01603,梯形波,材料1,0.0242463075
3112,70,282480.0,20661.30159,梯形波,材料1,0.027357516
3113,70,282480.0,26492.80692,梯形波,材料1,0.0307520105
3114,70,282480.0,43543.60026,梯形波,材料1,0.0388531135
3115,70,282480.0,56187.5562,梯形波,材料1,0.043625976999999996
3116,70,282480.0,72132.38023,梯形波,材料1,0.048234241
3117,70,282490.0,93595.00602,梯形波,材料1,0.0543869815
3118,70,282480.0,121211.4678,梯形波,材料1,0.0611362685
3119,70,282480.0,264519.4353,梯形波,材料1,0.086514697
3120,70,282480.0,451110.1522,梯形波,材料1,0.107777029
3121,70,282480.0,776606.3181,梯形波,材料1,0.136576728
3122,70,282480.0,1020250.057,梯形波,材料1,0.15373835949999998
3123,70,316460.0,3859.872715,梯形波,材料1,0.010908935500000001
3124,70,316460.0,4948.683292,梯形波,材料1,0.0123604515
3125,70,316460.0,6116.856927,梯形波,材料1,0.013654958500000001
3126,70,316460.0,9941.426325,梯形波,材料1,0.0172759375
3127,70,316460.0,12878.01952,梯形波,材料1,0.0195853875
3128,70,316470.0,20913.02517,梯形波,材料1,0.024253587
3129,70,316460.0,34574.7107,梯形波,材料1,0.030827246000000003
3130,70,316460.0,43883.33183,梯形波,材料1,0.0345895225
3131,70,316460.0,56001.54925,梯形波,材料1,0.038755727000000004
3132,90,354610.0,676726.038,三角波,材料1,0.122352711
3133,90,354610.0,889610.487,三角波,材料1,0.1373970465
3134,90,354610.0,1180898.075,三角波,材料1,0.154364338
3135,90,354610.0,2090589.139,三角波,材料1,0.1934363325
3136,90,354610.0,2870960.371,三角波,材料1,0.2176010875
3137,90,396820.0,12570.41001,三角波,材料1,0.0173635135
3138,90,396820.0,15517.87854,三角波,材料1,0.0194662975
3139,90,396820.0,19795.59082,三角波,材料1,0.0219113075
3140,90,396820.0,25579.77298,三角波,材料1,0.0248267455
3141,90,396820.0,32097.7636,三角波,材料1,0.0276623085
3142,90,396820.0,51309.35938,三角波,材料1,0.0346144065
3143,90,396820.0,106507.1312,三角波,材料1,0.048930156
3144,90,396820.0,176911.5779,三角波,材料1,0.061705786
3145,90,396820.0,229195.7748,三角波,材料1,0.0693752925
3146,90,396820.0,379089.2573,三角波,材料1,0.086600399
3147,90,396820.0,497055.7207,三角波,材料1,0.0973836845
3148,90,396820.0,651234.5924,三角波,材料1,0.109153521
3149,90,396820.0,854037.1136,三角波,材料1,0.122620692
3150,90,396820.0,1123762.213,三角波,材料1,0.137700351
3151,90,354610.0,49844.89692,三角波,材料1,0.038857263
3152,90,354610.0,1556608.131,三角波,材料1,0.17229575600000002
3153,90,354610.0,2099918.747,三角波,材料1,0.1938870835
3154,90,354610.0,2887987.738,三角波,材料1,0.2178756045
3155,90,396820.0,9614.364399,三角波,材料1,0.0153086275
3156,90,396820.0,12559.29754,三角波,材料1,0.017415152
3157,90,396820.0,15436.57239,三角波,材料1,0.0195032485
3158,90,396820.0,19731.97991,三角波,材料1,0.021930806499999997
3159,90,396820.0,31864.27327,三角波,材料1,0.027660726
3160,90,396820.0,51225.16818,三角波,材料1,0.034668781999999995
3161,90,396820.0,176224.4706,三角波,材料1,0.0617459695
3162,90,396820.0,292612.6171,三角波,材料1,0.077459315
3163,90,396820.0,655128.1488,三角波,材料1,0.1094181575
3164,90,396820.0,856065.9537,三角波,材料1,0.122638198
3165,90,396820.0,1127758.631,三角波,材料1,0.1378456335
3166,90,396820.0,1469726.296,三角波,材料1,0.15373298000000002
3167,90,396820.0,1969353.105,三角波,材料1,0.1729973625
3168,90,396820.0,2667612.198,三角波,材料1,0.194399588
3169,90,50070.0,6366.827855,梯形波,材料1,0.0773989365
3170,90,50060.0,11964.42409,梯形波,材料1,0.09699751000000001
3171,90,50060.0,24279.16467,梯形波,材料1,0.12313976400000001
3172,90,50060.0,32413.16245,梯形波,材料1,0.1358731955
3173,90,50070.0,47754.76551,梯形波,材料1,0.1535037555
3174,90,50070.0,96820.22805,梯形波,材料1,0.1944395765
3175,90,50060.0,133439.0044,梯形波,材料1,0.218074879
3176,90,56160.0,5934.262562,梯形波,材料1,0.0688807405
3177,90,56160.0,14450.463,梯形波,材料1,0.09613160100000001
3178,90,56160.0,28616.46185,梯形波,材料1,0.1208869305
3179,90,56160.0,56940.7841,梯形波,材料1,0.1535011695
3180,90,56160.0,81462.45576,梯形波,材料1,0.17299313449999998
3181,90,56160.0,114369.4705,梯形波,材料1,0.19387547100000002
3182,90,56160.0,158060.0978,梯形波,材料1,0.217396688
3183,90,56160.0,218740.4155,梯形波,材料1,0.241072018
3184,90,70770.0,4766.107073,梯形波,材料1,0.0549085865
3185,90,70760.0,5991.42176,梯形波,材料1,0.0606576155
3186,90,70760.0,8257.301331,梯形波,材料1,0.06841849050000001
3187,90,70760.0,10733.71861,梯形波,材料1,0.076709991
3188,90,70760.0,20877.50895,梯形波,材料1,0.09621901199999999
3189,90,70760.0,29029.32266,梯形波,材料1,0.10835723550000001
3190,90,70760.0,113773.3645,梯形波,材料1,0.1732509595
3191,90,70770.0,158466.5656,梯形波,材料1,0.1919784195
3192,90,70760.0,222989.9301,梯形波,材料1,0.2165508595
3193,90,70760.0,306788.1119,梯形波,材料1,0.2437023375
3194,90,70760.0,417873.7434,梯形波,材料1,0.272785373
3195,90,79410.0,3229.489229,梯形波,材料1,0.0429287015
3196,90,79410.0,9839.71697,梯形波,材料1,0.0679630265
3197,90,79410.0,13474.95751,梯形波,材料1,0.07747204099999999
3198,90,79410.0,18142.26417,梯形波,材料1,0.0854335585
3199,90,79410.0,35228.42002,梯形波,材料1,0.1087010135
3200,90,79410.0,49728.53118,梯形波,材料1,0.1222149535
3201,90,79410.0,69334.59586,梯形波,材料1,0.13714921
3202,90,79410.0,96954.13422,梯形波,材料1,0.154043641
3203,90,79410.0,188763.1564,梯形波,材料1,0.19214289099999998
3204,90,79410.0,262026.6416,梯形波,材料1,0.2164356905
3205,90,79410.0,492830.8959,梯形波,材料1,0.272595559
3206,90,89210.0,2314.25521,梯形波,材料1,0.0339358155
3207,90,89210.0,2918.349373,梯形波,材料1,0.038199973
3208,90,89210.0,12420.37102,梯形波,材料1,0.0688893435
3209,90,89200.0,16172.96576,梯形波,材料1,0.0760146085
3210,90,89200.0,22268.72886,梯形波,材料1,0.085661529
3211,90,89210.0,43208.59664,梯形波,材料1,0.108817909
3212,90,89210.0,59910.0578,梯形波,材料1,0.1220958405
3213,90,89210.0,83377.89749,梯形波,材料1,0.1366626105
3214,90,89210.0,115552.8234,梯形波,材料1,0.151489702
3215,90,89210.0,162097.7692,梯形波,材料1,0.171000736
3216,90,89210.0,225904.413,梯形波,材料1,0.1927103875
3217,90,89210.0,311528.8256,梯形波,材料1,0.2156400985
3218,90,89210.0,427426.5667,梯形波,材料1,0.2425652155
3219,90,89210.0,584587.2953,梯形波,材料1,0.272408412
3220,90,99980.0,2246.998212,梯形波,材料1,0.030402212999999997
3221,90,99970.0,2833.753662,梯形波,材料1,0.034243501999999995
3222,90,99970.0,3759.777665,梯形波,材料1,0.038938145
3223,90,99970.0,6418.790142,梯形波,材料1,0.04847037
3224,90,99970.0,8411.597871,梯形波,材料1,0.054481774499999996
3225,90,99970.0,11491.97483,梯形波,材料1,0.0616793255
3226,90,99980.0,15509.13414,梯形波,材料1,0.0680600895
3227,90,99970.0,20481.46677,梯形波,材料1,0.07674594800000001
3228,90,99980.0,28161.5079,梯形波,材料1,0.086510336
3229,90,99970.0,38899.2181,梯形波,材料1,0.0974673795
3230,90,99970.0,73915.61131,梯形波,材料1,0.12265266450000001
3231,90,99970.0,141791.7354,梯形波,材料1,0.153153453
3232,90,99970.0,196368.1706,梯形波,材料1,0.172400224
3233,90,99980.0,272741.2624,梯形波,材料1,0.193160665
3234,90,99980.0,374620.5705,梯形波,材料1,0.2169652975
3235,90,99980.0,682727.5158,梯形波,材料1,0.268897078
3236,90,112170.0,4665.512284,梯形波,材料1,0.038289023
3237,90,112170.0,6238.637355,梯形波,材料1,0.043243728499999995
3238,90,112170.0,8146.833905,梯形波,材料1,0.048608509
3239,90,112170.0,14662.9533,梯形波,材料1,0.0607801595
3240,90,112170.0,19755.89353,梯形波,材料1,0.068443881
3241,90,112180.0,26119.24832,梯形波,材料1,0.0771490185
3242,90,112170.0,35676.97821,梯形波,材料1,0.08686329200000001
3243,90,112170.0,91085.55368,梯形波,材料1,0.121044895
3244,90,112170.0,126660.6662,梯形波,材料1,0.136703417
3245,90,112170.0,174547.2754,梯形波,材料1,0.15378940149999998
3246,90,112170.0,239534.49,梯形波,材料1,0.172260625
3247,90,112180.0,454893.1009,梯形波,材料1,0.217489399
3248,90,112180.0,605442.5568,梯形波,材料1,0.24020427849999998
3249,90,125930.0,2231.089851,梯形波,材料1,0.024112844
3250,90,125920.0,2863.209759,梯形波,材料1,0.027278344
3251,90,125920.0,3745.356565,梯形波,材料1,0.030834803
3252,90,125920.0,4764.069041,梯形波,材料1,0.034164402499999996
3253,90,125920.0,6207.750257,梯形波,材料1,0.0386528825
3254,90,125920.0,7956.449469,梯形波,材料1,0.043345606999999994
3255,90,125920.0,10748.89649,梯形波,材料1,0.049160413
3256,90,125920.0,14067.10225,梯形波,材料1,0.0542266755
3257,90,125920.0,18848.28713,梯形波,材料1,0.061011933000000004
3258,90,125930.0,25227.95667,梯形波,材料1,0.0687297315
3259,90,125920.0,44801.1205,梯形波,材料1,0.0869191355
3260,90,125930.0,114005.0378,梯形波,材料1,0.121603669
3261,90,125920.0,292368.7154,梯形波,材料1,0.17258476849999999
3262,90,125920.0,534704.651,梯形波,材料1,0.213953332
3263,90,125920.0,997732.2005,梯形波,材料1,0.270960081
3264,90,141270.0,3044.084213,梯形波,材料1,0.024201245000000003
3265,90,141270.0,3872.602218,梯形波,材料1,0.027392273
3266,90,141270.0,4851.066372,梯形波,材料1,0.030282530000000002
3267,90,141270.0,6389.297493,梯形波,材料1,0.0342826315
3268,90,141270.0,10695.19335,梯形波,材料1,0.0434899435
3269,90,141270.0,14227.45025,梯形波,材料1,0.0480045905
3270,90,141270.0,18623.91521,梯形波,材料1,0.054153785
3271,90,141270.0,24454.65859,梯形波,材料1,0.060937732
3272,90,141270.0,42403.85556,梯形波,材料1,0.0769753405
3273,90,141270.0,75787.54423,梯形波,材料1,0.09562992249999999
3274,90,141270.0,140828.1527,梯形波,材料1,0.1215054115
3275,90,141270.0,191297.2492,梯形波,材料1,0.136172553
3276,90,141270.0,354999.0671,梯形波,材料1,0.17185346099999999
3277,90,141270.0,471892.0718,梯形波,材料1,0.1894803025
3278,90,141270.0,649562.5229,梯形波,材料1,0.21337609899999999
3279,90,141270.0,879834.8034,梯形波,材料1,0.240397595
3280,90,141270.0,1197138.716,梯形波,材料1,0.2706743535
3281,90,158750.0,2443.520886,梯形波,材料1,0.01921113
3282,90,158750.0,3138.580084,梯形波,材料1,0.021717691
3283,90,158740.0,4034.844994,梯形波,材料1,0.024601776
3284,90,158740.0,5066.237173,梯形波,材料1,0.0272748295
3285,90,158740.0,6581.491213,梯形波,材料1,0.030732626
3286,90,158750.0,8422.32318,梯形波,材料1,0.034467893
3287,90,158750.0,11074.04371,梯形波,材料1,0.0391303775
3288,90,158750.0,14409.97706,梯形波,材料1,0.043188104000000005
3289,90,158750.0,18867.21118,梯形波,材料1,0.048632229
3290,90,158750.0,24666.72989,梯形波,材料1,0.054798071000000004
3291,90,158750.0,32386.25707,梯形波,材料1,0.061656221
3292,90,158750.0,42684.66157,梯形波,材料1,0.06919758449999999
3293,90,158740.0,55327.05595,梯形波,材料1,0.0777540515
3294,90,158740.0,73669.99957,梯形波,材料1,0.08599277150000001
3295,90,158740.0,133467.5859,梯形波,材料1,0.109196983
3296,90,158750.0,180211.5236,梯形波,材料1,0.1222900855
3297,90,158740.0,242275.121,梯形波,材料1,0.137452294
3298,90,158750.0,328087.3774,梯形波,材料1,0.154462559
3299,90,158740.0,433295.3132,梯形波,材料1,0.1703908905
3300,90,158740.0,597130.5674,梯形波,材料1,0.19189983500000002
3301,90,158750.0,807753.8335,梯形波,材料1,0.2159017285
3302,90,158750.0,1494556.587,梯形波,材料1,0.273774163
3303,90,177900.0,2523.873037,梯形波,材料1,0.017058735999999998
3304,90,177900.0,3223.450937,梯形波,材料1,0.0192419535
3305,90,177900.0,4103.531969,梯形波,材料1,0.021777676500000002
3306,90,177900.0,5168.882483,梯形波,材料1,0.024110031499999997
3307,90,177900.0,6678.027082,梯形波,材料1,0.027266579
3308,90,177900.0,11154.88323,梯形波,材料1,0.03472375
3309,90,177900.0,14243.48404,梯形波,材料1,0.038157273000000005
3310,90,177900.0,18529.97224,梯形波,材料1,0.043025572
3311,90,177900.0,24133.3792,梯形波,材料1,0.048469365
3312,90,177900.0,31764.17063,梯形波,材料1,0.05464865
3313,90,177900.0,53923.73655,梯形波,材料1,0.068811573
3314,90,177900.0,165927.4621,梯形波,材料1,0.1083410035
3315,90,177900.0,222390.8931,梯形波,材料1,0.1216812155
3316,90,177900.0,299109.0826,梯形波,材料1,0.1365690265
3317,90,177900.0,391555.2829,梯形波,材料1,0.1508523805
3318,90,177900.0,533719.643,梯形波,材料1,0.169743521
3319,90,177900.0,977373.9738,梯形波,材料1,0.215227711
3320,90,177900.0,1329875.852,梯形波,材料1,0.2423403895
3321,90,199190.0,4358.378271,梯形波,材料1,0.019528714
3322,90,199190.0,7019.227297,梯形波,材料1,0.0243901535
3323,90,199190.0,8819.51723,梯形波,材料1,0.027216886000000003
3324,90,199190.0,19051.25993,梯形波,材料1,0.0384623845
3325,90,199190.0,24484.05715,梯形波,材料1,0.043242453
3326,90,199190.0,53504.74537,梯形波,材料1,0.0613289055
3327,90,199190.0,90077.48621,梯形波,材料1,0.0766659315
3328,90,199190.0,158042.956,梯形波,材料1,0.09676543400000001
3329,90,199190.0,209575.2805,梯形波,材料1,0.1086760085
3330,90,199190.0,279993.7045,梯形波,材料1,0.121899753
3331,90,199190.0,364868.6865,梯形波,材料1,0.134876988
3332,90,199190.0,493906.7507,梯形波,材料1,0.15171598949999998
3333,90,199190.0,656185.5337,梯形波,材料1,0.170851046
3334,90,199190.0,889857.1768,梯形波,材料1,0.1923581225
3335,90,199190.0,1202757.065,梯形波,材料1,0.21643852600000002
3336,90,224200.0,2703.669878,梯形波,材料1,0.0135420995
3337,90,224200.0,3413.323454,梯形波,材料1,0.015300423
3338,90,224200.0,4403.038048,梯形波,材料1,0.0173222055
3339,90,224200.0,5474.966018,梯形波,材料1,0.0191628905
3340,90,224200.0,7111.575381,梯形波,材料1,0.021672539
3341,90,224200.0,8909.009048,梯形波,材料1,0.02426163
3342,90,224200.0,11594.27938,梯形波,材料1,0.0275763075
3343,90,224200.0,14668.76801,梯形波,材料1,0.030269488
3344,90,224210.0,19011.2503,梯形波,材料1,0.034177931499999994
3345,90,224200.0,24200.62591,梯形波,材料1,0.0384813565
3346,90,224200.0,31346.8175,梯形波,材料1,0.0432809065
3347,90,224200.0,52458.41205,梯形波,材料1,0.054594766
3348,90,224200.0,67451.05643,梯形波,材料1,0.060381374
3349,90,224200.0,149938.4049,梯形波,材料1,0.0858187835
3350,90,224200.0,198509.3672,梯形波,材料1,0.09647908050000001
3351,90,224200.0,263891.815,梯形波,材料1,0.1083362155
3352,90,224200.0,458643.7438,梯形波,材料1,0.1347887505
3353,90,224200.0,607815.5397,梯形波,材料1,0.15145465200000002
3354,90,224200.0,1093378.794,梯形波,材料1,0.1921782895
3355,90,251240.0,2820.228861,梯形波,材料1,0.0121278735
3356,90,251250.0,3594.00158,梯形波,材料1,0.013702196
3357,90,251240.0,5702.110603,梯形波,材料1,0.0172375055
3358,90,251240.0,7325.406277,梯形波,材料1,0.019460362000000002
3359,90,251240.0,12038.45988,梯形波,材料1,0.0247275395
3360,90,251240.0,15166.32506,梯形波,材料1,0.027141013
3361,90,251240.0,25019.0928,梯形波,材料1,0.0344908565
3362,90,251240.0,52907.94086,梯形波,材料1,0.049014969500000005
3363,90,251240.0,67588.03709,梯形波,材料1,0.054065643
3364,90,251240.0,88204.37956,梯形波,材料1,0.061054569
3365,90,251240.0,147177.9989,梯形波,材料1,0.0769074655
3366,90,251240.0,193977.7604,梯形波,材料1,0.08656285899999999
3367,90,251240.0,255717.2724,梯形波,材料1,0.0971004405
3368,90,251240.0,329093.5455,梯形波,材料1,0.10738564149999999
3369,90,251240.0,440531.052,梯形波,材料1,0.1208679275
3370,90,251240.0,768890.7615,梯形波,材料1,0.15327467700000003
3371,90,282480.0,4791.30445,梯形波,材料1,0.013857926999999999
3372,90,282480.0,5899.644482,梯形波,材料1,0.0153028615
3373,90,282480.0,7597.666391,梯形波,材料1,0.017308261
3374,90,282480.0,12333.07453,梯形波,材料1,0.021988013
3375,90,282480.0,15594.63165,梯形波,材料1,0.024169587
3376,90,282480.0,19955.22192,梯形波,材料1,0.0272716325
3377,90,282480.0,25440.23997,梯形波,材料1,0.0306833855
3378,90,282480.0,32759.03428,梯形波,材料1,0.034583129
3379,90,282480.0,41458.74873,梯形波,材料1,0.03884042
3380,90,282480.0,53270.28334,梯形波,材料1,0.043559558
3381,90,282480.0,67841.20487,梯形波,材料1,0.048208087999999996
3382,90,282480.0,88119.31493,梯形波,材料1,0.05430791
3383,90,282480.0,113704.4248,梯形波,材料1,0.061102778999999996
3384,90,282480.0,247614.331,梯形波,材料1,0.0863689825
3385,90,282480.0,317592.2935,梯形波,材料1,0.0954968095
3386,90,282480.0,554538.5464,梯形波,材料1,0.121147452
3387,90,282480.0,730349.0954,梯形波,材料1,0.136309411
3388,90,282480.0,966650.8618,梯形波,材料1,0.1534326435
3389,90,316460.0,3849.8158,梯形波,材料1,0.010861349
3390,90,316460.0,4918.928172,梯形波,材料1,0.0123028395
3391,90,316460.0,6098.82804,梯形波,材料1,0.013633887
3392,90,316460.0,7850.997367,梯形波,材料1,0.0154482675
3393,90,316460.0,12669.43871,梯形波,材料1,0.019570177
3394,90,316460.0,15814.29218,梯形波,材料1,0.021496652999999998
3395,90,316460.0,20317.4153,梯形波,材料1,0.024229767
3396,90,316460.0,25951.97613,梯形波,材料1,0.027326729
3397,90,316460.0,41673.75335,梯形波,材料1,0.034495036500000006
3398,90,316460.0,53402.77628,梯形波,材料1,0.038670263999999996
3399,90,316460.0,112528.0094,梯形波,材料1,0.0543498535
3400,90,316460.0,145226.5086,梯形波,材料1,0.060909805
3401,25,50020.0,2348.679049,正弦波,材料2,0.0274864345
3402,25,50020.0,3427.045851,正弦波,材料2,0.0319916475
3403,25,50020.0,6772.981613,正弦波,材料2,0.0414804335
3404,25,50020.0,12379.94481,正弦波,材料2,0.0519359545
3405,25,50020.0,21492.76309,正弦波,材料2,0.0648013375
3406,25,50020.0,61176.08746,正弦波,材料2,0.10131177499999999
3407,25,50020.0,99679.89972,正弦波,材料2,0.12650442950000002
3408,25,50020.0,161658.0093,正弦波,材料2,0.1578334585
3409,25,63020.0,2724.015916,正弦波,材料2,0.025057155999999997
3410,25,63020.0,5137.739583,正弦波,材料2,0.0319127435
3411,25,63020.0,9298.995381,正弦波,材料2,0.0402656925
3412,25,63020.0,28373.71069,正弦波,材料2,0.0641908365
3413,25,63020.0,48104.4261,正弦波,材料2,0.080383818
3414,25,63020.0,129295.5572,正弦波,材料2,0.1260350435
3415,25,63020.0,214383.5098,正弦波,材料2,0.15857790249999998
3416,25,79470.0,1912.577903,正弦波,材料2,0.019909404999999998
3417,25,79460.0,11465.36178,正弦波,材料2,0.0395983065
3418,25,79470.0,21196.39962,正弦波,材料2,0.050794861499999996
3419,25,79460.0,36044.49331,正弦波,材料2,0.0632215725
3420,25,79470.0,60921.92187,正弦波,材料2,0.079268433
3421,25,79460.0,101976.0525,正弦波,材料2,0.0996845965
3422,25,79460.0,172994.4477,正弦波,材料2,0.1265700675
3423,25,79460.0,459773.4411,正弦波,材料2,0.1969848205
3424,25,99950.0,1214.04695,正弦波,材料2,0.015674913999999998
3425,25,99950.0,2319.332205,正弦波,材料2,0.0197919525
3426,25,99950.0,4492.608002,正弦波,材料2,0.02485673
3427,25,99950.0,8284.886668,正弦波,材料2,0.0312899685
3428,25,99950.0,46050.10416,正弦波,材料2,0.0626401395
3429,25,99950.0,228177.1425,正弦波,材料2,0.125834438
3430,25,99950.0,360819.8648,正弦波,材料2,0.1545948225
3431,25,99950.0,619314.8035,正弦波,材料2,0.197213657
3432,25,99950.0,982995.8836,正弦波,材料2,0.24100775600000002
3433,25,125860.0,3062.808309,正弦波,材料2,0.0196599145
3434,25,125860.0,5734.331894,正弦波,材料2,0.024647084
3435,25,125860.0,10913.69638,正弦波,材料2,0.031341560500000004
3436,25,125860.0,34615.10872,正弦波,材料2,0.0495353215
3437,25,125860.0,60739.63926,正弦波,材料2,0.062341636000000006
3438,25,125860.0,108135.2586,正弦波,材料2,0.07938329599999999
3439,25,125850.0,182863.1338,正弦波,材料2,0.099474339
3440,25,125860.0,298847.0769,正弦波,材料2,0.1238435985
3441,25,125860.0,510142.7388,正弦波,材料2,0.157408919
3442,25,125860.0,823601.9914,正弦波,材料2,0.19372491
3443,25,158500.0,1436.570663,正弦波,材料2,0.0134773105
3444,25,158500.0,4047.27385,正弦波,材料2,0.019533138499999998
3445,25,158510.0,7814.301848,正弦波,材料2,0.0248422095
3446,25,158500.0,14147.79122,正弦波,材料2,0.0309780105
3447,25,158500.0,25500.82287,正弦波,材料2,0.0391355895
3448,25,158500.0,46047.85822,正弦波,材料2,0.0493501215
3449,25,158500.0,83036.33958,正弦波,材料2,0.0625881805
3450,25,158500.0,242154.7476,正弦波,材料2,0.098003078
3451,25,158500.0,421562.2166,正弦波,材料2,0.12521280699999998
3452,25,158500.0,689469.0142,正弦波,材料2,0.15487703349999998
3453,25,199510.0,1221.473797,正弦波,材料2,0.0111414245
3454,25,199500.0,1636.194271,正弦波,材料2,0.012337326
3455,25,199500.0,2972.970972,正弦波,材料2,0.015422967
3456,25,199500.0,5653.062336,正弦波,材料2,0.019686649
3457,25,199500.0,10372.67816,正弦波,材料2,0.0246637485
3458,25,199500.0,19212.68477,正弦波,材料2,0.0310507745
3459,25,199500.0,34140.4936,正弦波,材料2,0.038907449499999996
3460,25,199500.0,64175.38504,正弦波,材料2,0.049685848000000005
3461,25,199500.0,116460.6064,正弦波,材料2,0.0625461995
3462,25,199510.0,197878.4305,正弦波,材料2,0.0778346905
3463,25,251170.0,1977.066045,正弦波,材料2,0.011454021
3464,25,251170.0,2373.943386,正弦波,材料2,0.0123428555
3465,25,251170.0,4331.553225,正弦波,材料2,0.015584816
3466,25,251170.0,7821.142806,正弦波,材料2,0.019571349000000002
3467,25,251170.0,14443.52385,正弦波,材料2,0.024504146999999997
3468,25,251170.0,26883.66111,正弦波,材料2,0.031003186000000002
3469,25,251170.0,49281.38926,正弦波,材料2,0.0393090295
3470,25,251170.0,91318.66675,正弦波,材料2,0.049457212
3471,25,251170.0,159206.3486,正弦波,材料2,0.0616812765
3472,25,251170.0,283747.582,正弦波,材料2,0.07818149699999999
3473,25,251170.0,492122.4794,正弦波,材料2,0.098324557
3474,25,316230.0,3198.557742,正弦波,材料2,0.011735033
3475,25,316230.0,6318.207936,正弦波,材料2,0.015490522
3476,25,316230.0,11527.1385,正弦波,材料2,0.0195072805
3477,25,316230.0,21014.88262,正弦波,材料2,0.024551858
3478,25,316230.0,39330.80126,正弦波,材料2,0.031122196999999997
3479,25,316230.0,127678.3676,正弦波,材料2,0.0487882365
3480,25,316230.0,233091.8182,正弦波,材料2,0.061944144500000006
3481,25,316230.0,414493.4809,正弦波,材料2,0.077822118
3482,25,398100.0,5315.359378,正弦波,材料2,0.011931464
3483,25,398100.0,5754.900881,正弦波,材料2,0.012369639
3484,25,398100.0,17800.25563,正弦波,材料2,0.019489245500000002
3485,25,398100.0,60462.25859,正弦波,材料2,0.0310233365
3486,25,398100.0,106053.1424,正弦波,材料2,0.038778738
3487,25,398100.0,193505.2585,正弦波,材料2,0.0490573395
3488,25,501180.0,8925.506713,正弦波,材料2,0.011997376
3489,25,501180.0,9498.934254,正弦波,材料2,0.012351981500000001
3490,25,501180.0,29583.7023,正弦波,材料2,0.019682345
3491,25,501180.0,53588.98607,正弦波,材料2,0.02467264
3492,25,501180.0,93708.67012,正弦波,材料2,0.030780369000000002
3493,25,501180.0,302575.7198,正弦波,材料2,0.048860299999999995
3494,50,50030.0,3774.167544,正弦波,材料2,0.040058483000000006
3495,50,50020.0,12202.56812,正弦波,材料2,0.0631886945
3496,50,50020.0,22183.93094,正弦波,材料2,0.08047659900000001
3497,50,50020.0,63756.36807,正弦波,材料2,0.125053941
3498,50,50020.0,108573.4757,正弦波,材料2,0.156566839
3499,50,50020.0,187124.9647,正弦波,材料2,0.1966136235
3500,50,63020.0,1613.769661,正弦波,材料2,0.0248259985
3501,50,63020.0,5400.359822,正弦波,材料2,0.039610660000000006
3502,50,63020.0,28518.02758,正弦波,材料2,0.07904076600000001
3503,50,63020.0,48999.72917,正弦波,材料2,0.099402979
3504,50,63020.0,84396.55653,正弦波,材料2,0.12502871200000001
3505,50,63030.0,251125.502,正弦波,材料2,0.1968505035
3506,50,63030.0,416513.3759,正弦波,材料2,0.24263043
3507,50,79470.0,3812.292937,正弦波,材料2,0.031227174000000003
3508,50,79460.0,6792.580689,正弦波,材料2,0.0391596615
3509,50,79470.0,12167.04551,正弦波,材料2,0.0499212295
3510,50,79460.0,21194.67863,正弦波,材料2,0.062448885999999995
3511,50,79460.0,36608.34041,正弦波,材料2,0.078122655
3512,50,79460.0,64549.52397,正弦波,材料2,0.098836157
3513,50,79460.0,197525.8888,正弦波,材料2,0.1572173865
3514,50,79460.0,329210.9354,正弦波,材料2,0.19420596550000002
3515,50,79460.0,582455.7997,正弦波,材料2,0.24543495
3516,50,99950.0,760.6274611,正弦波,材料2,0.0155093195
3517,50,99950.0,1449.359729,正弦波,材料2,0.019786507000000002
3518,50,99950.0,2688.848878,正弦波,材料2,0.0247227785
3519,50,99950.0,4905.941355,正弦波,材料2,0.031018063
3520,50,99950.0,9004.269556,正弦波,材料2,0.039388165
3521,50,99950.0,15747.54327,正弦波,材料2,0.049503748
3522,50,99950.0,27529.31012,正弦波,材料2,0.062004418500000005
3523,50,99950.0,49400.29542,正弦波,材料2,0.07843741400000001
3524,50,99950.0,153289.972,正弦波,材料2,0.1244603515
3525,50,99950.0,257192.9198,正弦波,材料2,0.1539853215
3526,50,99950.0,770199.4405,正弦波,材料2,0.2400708725
3527,50,125850.0,1343.918722,正弦波,材料2,0.017162132
3528,50,125870.0,1954.532061,正弦波,材料2,0.019609312
3529,50,125860.0,3486.240742,正弦波,材料2,0.024572306
3530,50,125860.0,6524.559688,正弦波,材料2,0.0310834755
3531,50,125860.0,11827.22206,正弦波,材料2,0.039171660999999997
3532,50,125860.0,20739.60536,正弦波,材料2,0.049181013499999995
3533,50,125860.0,37278.15103,正弦波,材料2,0.061940261999999996
3534,50,125860.0,121942.0472,正弦波,材料2,0.098858157
3535,50,125860.0,203115.9355,正弦波,材料2,0.122139324
3536,50,125850.0,369071.8083,正弦波,材料2,0.1560375685
3537,50,125860.0,628888.0944,正弦波,材料2,0.192694845
3538,50,158510.0,2632.314027,正弦波,材料2,0.019538113
3539,50,158500.0,8908.476494,正弦波,材料2,0.031032130499999998
3540,50,158500.0,28725.77905,正弦波,材料2,0.0491419975
3541,50,158500.0,53320.65124,正弦波,材料2,0.062457117000000006
3542,50,158500.0,166517.9997,正弦波,材料2,0.0974396815
3543,50,158500.0,301780.0383,正弦波,材料2,0.124431338
3544,50,158500.0,514213.1637,正弦波,材料2,0.1537563595
3545,50,199510.0,1171.120596,正弦波,材料2,0.012344777500000001
3546,50,199500.0,2072.058636,正弦波,材料2,0.0154625865
3547,50,199500.0,6905.895227,正弦波,材料2,0.024598857000000002
3548,50,199500.0,42024.19603,正弦波,材料2,0.049441169
3549,50,199500.0,78572.07043,正弦波,材料2,0.062320042
3550,50,199500.0,135577.0677,正弦波,材料2,0.077280299
3551,50,199500.0,246699.1756,正弦波,材料2,0.0982675295
3552,50,199500.0,436025.7215,正弦波,材料2,0.12336142
3553,50,251170.0,1692.253579,正弦波,材料2,0.01185351
3554,50,251170.0,3329.363942,正弦波,材料2,0.0156228365
3555,50,251170.0,10479.77432,正弦波,材料2,0.0245034605
3556,50,251170.0,19148.30164,正弦波,材料2,0.0309522925
3557,50,251170.0,35271.49726,正弦波,材料2,0.039204710000000004
3558,50,251170.0,113402.2414,正弦波,材料2,0.061455906
3559,50,251170.0,205703.9988,正弦波,材料2,0.0778024115
3560,50,251170.0,368999.0862,正弦波,材料2,0.09769174
3561,50,316230.0,3196.941894,正弦波,材料2,0.0124115575
3562,50,316230.0,17032.7892,正弦波,材料2,0.024562584999999998
3563,50,316230.0,31083.56722,正弦波,材料2,0.0311539835
3564,50,316230.0,56961.13105,正弦波,材料2,0.0391586875
3565,50,316230.0,96732.98674,正弦波,材料2,0.04858121
3566,50,316230.0,177771.1005,正弦波,材料2,0.061763295999999995
3567,50,316230.0,319392.5586,正弦波,材料2,0.07747604450000001
3568,50,398100.0,5547.911381,正弦波,材料2,0.0121701375
3569,50,398100.0,5760.081969,正弦波,材料2,0.012373581500000001
3570,50,398100.0,29671.92076,正弦波,材料2,0.0247737955
3571,50,398100.0,53091.37112,正弦波,材料2,0.031118114500000002
3572,50,501180.0,10658.89958,正弦波,材料2,0.0121610115
3573,50,501180.0,11012.10022,正弦波,材料2,0.0123429455
3574,50,501180.0,18257.34046,正弦波,材料2,0.015464638499999999
3575,50,501180.0,31621.1192,正弦波,材料2,0.0197096705
3576,50,501180.0,53770.25328,正弦波,材料2,0.0246285285
3577,50,501180.0,156187.4485,正弦波,材料2,0.0389994575
3578,50,501180.0,274120.7921,正弦波,材料2,0.049077913
3579,70,50020.0,634.694988,正弦波,材料2,0.0248886845
3580,70,50020.0,1107.609128,正弦波,材料2,0.0309333985
3581,70,50020.0,2059.724038,正弦波,材料2,0.0396740485
3582,70,50020.0,6591.039073,正弦波,材料2,0.0618240455
3583,70,50020.0,12531.57447,正弦波,材料2,0.078927808
3584,70,50020.0,41317.84009,正弦波,材料2,0.1232354515
3585,70,50020.0,145549.1597,正弦波,材料2,0.196225343
3586,70,50020.0,256380.605,正弦波,材料2,0.243407749
3587,70,63020.0,489.1650914,正弦波,材料2,0.019436429999999998
3588,70,63020.0,826.6104883,正弦波,材料2,0.0245073215
3589,70,63020.0,2870.887354,正弦波,材料2,0.039105275999999994
3590,70,63020.0,5098.942799,正弦波,材料2,0.049136596000000005
3591,70,63020.0,9314.062583,正弦波,材料2,0.06267616449999999
3592,70,63020.0,30539.60962,正弦波,材料2,0.098103928
3593,70,63020.0,56553.77309,正弦波,材料2,0.123585798
3594,70,63020.0,109007.1796,正弦波,材料2,0.15697222449999998
3595,70,63020.0,340259.7217,正弦波,材料2,0.24111193549999999
3596,70,79470.0,603.8246172,正弦波,材料2,0.01943082
3597,70,79460.0,1112.815306,正弦波,材料2,0.0248265085
3598,70,79460.0,6774.363311,正弦波,材料2,0.049487592
3599,70,79460.0,11870.46425,正弦波,材料2,0.0620288395
3600,70,79460.0,21596.21628,正弦波,材料2,0.077482609
3601,70,79460.0,40589.75978,正弦波,材料2,0.0977599285
3602,70,79460.0,78221.76535,正弦波,材料2,0.124328062
3603,70,79460.0,260774.9502,正弦波,材料2,0.193263726
3604,70,99950.0,466.5996296,正弦波,材料2,0.0156442705
3605,70,99950.0,1515.390945,正弦波,材料2,0.0247071075
3606,70,99950.0,2674.931743,正弦波,材料2,0.0307863565
3607,70,99950.0,8854.433309,正弦波,材料2,0.0489533835
3608,70,99950.0,57345.63875,正弦波,材料2,0.09858309600000001
3609,70,99950.0,107839.5756,正弦波,材料2,0.12363065100000001
3610,70,99950.0,194383.5983,正弦波,材料2,0.153398835
3611,70,99950.0,371763.451,正弦波,材料2,0.1949995955
3612,70,99950.0,650671.877,正弦波,材料2,0.23932292
3613,70,125860.0,875.5880624,正弦波,材料2,0.017645847
3614,70,125850.0,1170.49794,正弦波,材料2,0.019508265
3615,70,125860.0,2076.130554,正弦波,材料2,0.0245700345
3616,70,125860.0,6812.387537,正弦波,材料2,0.038921110999999994
3617,70,125860.0,12328.87209,正弦波,材料2,0.0487848595
3618,70,125860.0,22497.26788,正弦波,材料2,0.061573237
3619,70,125860.0,43359.72613,正弦波,材料2,0.07815719900000001
3620,70,125850.0,82949.02401,正弦波,材料2,0.09831561450000001
3621,70,125860.0,282863.8106,正弦波,材料2,0.1546109565
3622,70,158500.0,819.0847142,正弦波,材料2,0.014490557500000001
3623,70,158510.0,1749.136467,正弦波,材料2,0.019389828999999997
3624,70,158500.0,3173.867056,正弦波,材料2,0.024731739000000003
3625,70,158500.0,5629.563989,正弦波,材料2,0.0309461555
3626,70,158500.0,10178.68949,正弦波,材料2,0.038872161
3627,70,158500.0,34622.17143,正弦波,材料2,0.062167825499999996
3628,70,158500.0,118547.7724,正弦波,材料2,0.09696046550000001
3629,70,158500.0,223884.3837,正弦波,材料2,0.123025433
3630,70,158510.0,416075.229,正弦波,材料2,0.1539101645
3631,70,199500.0,845.8285981,正弦波,材料2,0.011781823
3632,70,199500.0,965.2651375,正弦波,材料2,0.012296355
3633,70,199500.0,2984.15003,正弦波,材料2,0.019632771
3634,70,199500.0,5178.03401,正弦波,材料2,0.024562004999999998
3635,70,199500.0,8992.402185,正弦波,材料2,0.030801253
3636,70,199500.0,16335.92962,正弦波,材料2,0.0389220145
3637,70,199500.0,30143.13651,正弦波,材料2,0.049362507
3638,70,199500.0,55545.23637,正弦波,材料2,0.0619012755
3639,70,199500.0,99419.006,正弦波,材料2,0.0771503835
3640,70,199500.0,185886.9937,正弦波,材料2,0.09773944600000001
3641,70,251170.0,1689.666075,正弦波,材料2,0.0119276425
3642,70,251170.0,3113.265553,正弦波,材料2,0.0155470275
3643,70,251170.0,5286.18191,正弦波,材料2,0.0195202005
3644,70,251170.0,9006.309888,正弦波,材料2,0.0244577765
3645,70,251170.0,15670.60744,正弦波,材料2,0.030876741
3646,70,251170.0,51496.48439,正弦波,材料2,0.049294791500000004
3647,70,251170.0,87728.25787,正弦波,材料2,0.0611873745
3648,70,251170.0,161416.0037,正弦波,材料2,0.077473827
3649,70,251170.0,299434.3485,正弦波,材料2,0.0977687635
3650,70,316230.0,3366.422404,正弦波,材料2,0.0120710255
3651,70,316230.0,3562.445995,正弦波,材料2,0.012381887000000001
3652,70,316230.0,5848.924389,正弦波,材料2,0.015475373
3653,70,316230.0,9841.60037,正弦波,材料2,0.0195218095
3654,70,316230.0,28387.61756,正弦波,材料2,0.031113651
3655,70,316230.0,50009.18345,正弦波,材料2,0.0390684885
3656,70,316230.0,84923.8096,正弦波,材料2,0.0487503535
3657,70,316230.0,268403.5858,正弦波,材料2,0.0773748785
3658,70,398100.0,6506.290128,正弦波,材料2,0.012155468
3659,70,398100.0,6755.834073,正弦波,材料2,0.0123525015
3660,70,398100.0,10893.46835,正弦波,材料2,0.015457015000000001
3661,70,398100.0,18264.23487,正弦波,材料2,0.01959127
3662,70,398100.0,30356.10237,正弦波,材料2,0.0247302785
3663,70,398100.0,51244.91784,正弦波,材料2,0.031080791500000003
3664,70,398100.0,84976.52567,正弦波,材料2,0.038772087999999996
3665,70,398100.0,146704.8496,正弦波,材料2,0.049042399
3666,70,501180.0,11869.47753,正弦波,材料2,0.012132879499999999
3667,70,501180.0,12209.86289,正弦波,材料2,0.012291229
3668,70,501180.0,32939.63111,正弦波,材料2,0.019658185
3669,70,501180.0,87163.9296,正弦波,材料2,0.0307361415
3670,70,501180.0,148727.985,正弦波,材料2,0.0390588195
3671,90,50030.0,701.4324123,正弦波,材料2,0.030293230499999997
3672,90,50030.0,1338.163812,正弦波,材料2,0.039032433000000005
3673,90,50020.0,2450.09456,正弦波,材料2,0.048948003000000004
3674,90,50020.0,4647.378561,正弦波,材料2,0.061764317
3675,90,50020.0,18126.24332,正弦波,材料2,0.097937941
3676,90,50020.0,36961.62538,正弦波,材料2,0.1232235545
3677,90,50020.0,73706.45673,正弦波,材料2,0.154312693
3678,90,50020.0,265031.4113,正弦波,材料2,0.24497989450000002
3679,90,63020.0,580.6919898,正弦波,材料2,0.024342464
3680,90,63020.0,1989.758485,正弦波,材料2,0.038795747000000005
3681,90,63020.0,3479.194081,正弦波,材料2,0.048795928
3682,90,63020.0,6705.048145,正弦波,材料2,0.0622310455
3683,90,63020.0,12694.47239,正弦波,材料2,0.07752572199999999
3684,90,63020.0,51020.49445,正弦波,材料2,0.122822974
3685,90,63020.0,105319.2465,正弦波,材料2,0.1562827275
3686,90,63030.0,201898.0271,正弦波,材料2,0.1965087015
3687,90,63020.0,357736.455,正弦波,材料2,0.243844965
3688,90,79470.0,415.6131139,正弦波,材料2,0.0190214345
3689,90,79470.0,743.7463851,正弦波,材料2,0.024433962
3690,90,79460.0,1417.985444,正弦波,材料2,0.030812735
3691,90,79460.0,4712.875294,正弦波,材料2,0.0492598025
3692,90,79460.0,8767.747571,正弦波,材料2,0.0616877595
3693,90,79460.0,34018.45563,正弦波,材料2,0.0971260685
3694,90,79460.0,144469.8836,正弦波,材料2,0.1560220115
3695,90,79460.0,494215.9412,正弦波,材料2,0.2442614355
3696,90,99950.0,1962.9699,正弦波,材料2,0.030730488
3697,90,99950.0,6408.739313,正弦波,材料2,0.048921971
3698,90,99950.0,12094.09514,正弦波,材料2,0.06122148
3699,90,99950.0,48650.94962,正弦波,材料2,0.097537775
3700,90,99950.0,100506.4583,正弦波,材料2,0.1233604455
3701,90,99950.0,377678.9606,正弦波,材料2,0.1949108975
3702,90,99950.0,663683.0988,正弦波,材料2,0.239202248
3703,90,125850.0,3081.944275,正弦波,材料2,0.0311039595
3704,90,125860.0,5316.957519,正弦波,材料2,0.0386863505
3705,90,125850.0,18547.91413,正弦波,材料2,0.061642173499999994
3706,90,125860.0,36896.2378,正弦波,材料2,0.0779147095
3707,90,125860.0,139851.241,正弦波,材料2,0.1215661055
3708,90,125860.0,281511.9266,正弦波,材料2,0.15469081499999998
3709,90,125850.0,518436.7953,正弦波,材料2,0.1910553395
3710,90,158500.0,1010.813072,正弦波,材料2,0.015449006500000001
3711,90,158500.0,1699.527739,正弦波,材料2,0.0194251
3712,90,158510.0,2925.049299,正弦波,材料2,0.024570905
3713,90,158510.0,5073.617146,正弦波,材料2,0.0309968375
3714,90,158500.0,8993.586829,正弦波,材料2,0.0389348465
3715,90,158500.0,15940.69031,正弦波,材料2,0.049021975
3716,90,158500.0,30239.75548,正弦波,材料2,0.0618642655
3717,90,158500.0,60381.065,正弦波,材料2,0.078099961
3718,90,158500.0,109805.4948,正弦波,材料2,0.0965530215
3719,90,158500.0,218571.6566,正弦波,材料2,0.12329582
3720,90,158500.0,408977.4519,正弦波,材料2,0.152970105
3721,90,199500.0,973.9304555,正弦波,材料2,0.0115835055
3722,90,199500.0,1152.814148,正弦波,材料2,0.012314251
3723,90,199500.0,1884.6569,正弦波,材料2,0.0154516255
3724,90,199500.0,3227.478987,正弦波,材料2,0.0196033845
3725,90,199500.0,5274.852297,正弦波,材料2,0.024562676999999998
3726,90,199500.0,27979.59227,正弦波,材料2,0.0493449265
3727,90,199500.0,94737.13736,正弦波,材料2,0.07704470050000001
3728,90,199510.0,335660.579,正弦波,材料2,0.12216678950000001
3729,90,251170.0,2005.679819,正弦波,材料2,0.0117385255
3730,90,251170.0,5968.936122,正弦波,材料2,0.019556339
3731,90,251170.0,9686.389671,正弦波,材料2,0.0244810715
3732,90,251170.0,16400.899,正弦波,材料2,0.030889706500000003
3733,90,251170.0,28529.01991,正弦波,材料2,0.039194832
3734,90,251170.0,51361.98421,正弦波,材料2,0.0492994255
3735,90,251170.0,162505.6689,正弦波,材料2,0.078063146
3736,90,316230.0,10690.36702,正弦波,材料2,0.019416465
3737,90,316230.0,29596.24789,正弦波,材料2,0.031069538
3738,90,316230.0,51608.18338,正弦波,材料2,0.0392186515
3739,90,316230.0,85729.36857,正弦波,材料2,0.048694245
3740,90,316230.0,149814.6126,正弦波,材料2,0.061697348
3741,90,316230.0,267120.5983,正弦波,材料2,0.0773010825
3742,90,398100.0,7496.916937,正弦波,材料2,0.012379305
3743,90,398100.0,11909.25694,正弦波,材料2,0.015484524
3744,90,398100.0,19364.42723,正弦波,材料2,0.019547343
3745,90,398100.0,53300.57798,正弦波,材料2,0.0311540785
3746,90,398100.0,148386.2263,正弦波,材料2,0.0490576475
3747,90,398100.0,255726.2607,正弦波,材料2,0.0616589875
3748,90,501180.0,21247.21783,正弦波,材料2,0.015539564499999999
3749,90,501180.0,34708.13737,正弦波,材料2,0.0197152365
3750,90,501180.0,55993.35379,正弦波,材料2,0.0245983705
3751,90,501180.0,150597.9337,正弦波,材料2,0.039064759500000004
3752,90,63020.0,589.8,正弦波,材料2,0.024345
3753,90,50030.0,1364.1,正弦波,材料2,0.039029999999999995
3754,50,251170.0,5962.21,正弦波,材料2,0.01948
3755,90,316230.0,4242.17,正弦波,材料2,0.012395
3756,25,251170.0,14701.34,正弦波,材料2,0.024505
3757,25,316230.0,6440.23,正弦波,材料2,0.01549
3758,25,99950.0,4575.14,正弦波,材料2,0.024855
3759,25,99950.0,8433.0,正弦波,材料2,0.03129
3760,70,199500.0,30686.35,正弦波,材料2,0.049365
3761,70,158500.0,228031.96,正弦波,材料2,0.123025
3762,25,398100.0,107991.02,正弦波,材料2,0.038779999999999995
3763,70,99950.0,378572.94,正弦波,材料2,0.195
3764,50,501180.0,11213.42,正弦波,材料2,0.012345
3765,25,50020.0,21880.68,正弦波,材料2,0.0648
3766,90,501180.0,153370.65,正弦波,材料2,0.039065
3767,90,316230.0,30134.39,正弦波,材料2,0.03107
3768,50,501180.0,18591.85,正弦波,材料2,0.015465
3769,25,199500.0,10574.22,正弦波,材料2,0.024665
3770,70,50020.0,1124.9,正弦波,材料2,0.030935
3771,90,63020.0,107211.86,正弦波,材料2,0.15628
3772,25,199500.0,5754.54,正弦波,材料2,0.01969
3773,50,99950.0,16040.52,正弦波,材料2,0.0495
3774,25,251170.0,2014.35,正弦波,材料2,0.011455
3775,70,158500.0,19013.9,正弦波,材料2,0.049030000000000004
3776,50,158500.0,29245.92,正弦波,材料2,0.04914
3777,90,398100.0,7634.57,正弦波,材料2,0.01238
3778,90,398100.0,151105.98,正弦波,材料2,0.04906
3779,25,251170.0,288945.0,正弦波,材料2,0.07818
3780,50,50020.0,110564.15,正弦波,材料2,0.15657
3781,50,125860.0,12045.4,正弦波,材料2,0.039175
3782,50,50030.0,3847.11,正弦波,材料2,0.04006
3783,90,79460.0,72266.36,正弦波,材料2,0.12355
3784,70,251170.0,52455.98,正弦波,材料2,0.049295
3785,70,63020.0,346635.83,正弦波,材料2,0.24111
3786,70,99950.0,109803.96,正弦波,材料2,0.12363
3787,70,199500.0,3042.6,正弦波,材料2,0.019635
3788,50,125860.0,640470.79,正弦波,材料2,0.192695
3789,25,79460.0,103881.99,正弦波,材料2,0.099685
3790,90,199500.0,1174.24,正弦波,材料2,0.01231
3791,25,99950.0,15398.34,正弦波,材料2,0.03982
3792,25,50020.0,101520.74,正弦波,材料2,0.1265
3793,25,63020.0,79984.34,正弦波,材料2,0.10025
3794,90,50020.0,18475.27,正弦波,材料2,0.09794
3795,50,63030.0,424315.75,正弦波,材料2,0.242635
3796,25,79470.0,21598.9,正弦波,材料2,0.05079
3797,25,50020.0,3484.68,正弦波,材料2,0.031990000000000005
3798,90,99950.0,3724.85,正弦波,材料2,0.03905
3799,90,79460.0,8920.76,正弦波,材料2,0.061689999999999995
3800,90,125860.0,37533.85,正弦波,材料2,0.077915
3801,25,63020.0,5234.05,正弦波,材料2,0.031915
3802,70,199500.0,860.95,正弦波,材料2,0.011785
3803,50,398100.0,5648.08,正弦波,材料2,0.01217
3804,90,158500.0,222583.08,正弦波,材料2,0.123295
3805,50,63020.0,148956.65,正弦波,材料2,0.15748
3806,50,63020.0,5499.42,正弦波,材料2,0.03961
3807,90,50020.0,4724.62,正弦波,材料2,0.061765
3808,25,63020.0,28910.91,正弦波,材料2,0.06419
3809,90,50020.0,151573.62,正弦波,材料2,0.19685999999999998
3810,70,251170.0,304902.62,正弦波,材料2,0.09776499999999999
3811,70,158500.0,10370.3,正弦波,材料2,0.03887
3812,70,99950.0,9015.97,正弦波,材料2,0.048955
3813,70,79460.0,491341.03,正弦波,材料2,0.24398999999999998
3814,70,398100.0,149398.61,正弦波,材料2,0.04904
3815,90,99950.0,12298.52,正弦波,材料2,0.061225
3816,50,251170.0,1722.57,正弦波,材料2,0.011855000000000001
3817,50,99950.0,28045.2,正弦波,材料2,0.062005000000000005
3818,70,63020.0,5198.43,正弦波,材料2,0.049135
3819,90,398100.0,32642.81,正弦波,材料2,0.024794999999999998
3820,50,125850.0,1368.74,正弦波,材料2,0.01716
3821,70,316230.0,273279.81,正弦波,材料2,0.077375
3822,25,158500.0,1462.21,正弦波,材料2,0.013475
3823,25,158500.0,4119.08,正弦波,材料2,0.019534999999999997
3824,25,125860.0,304346.42,正弦波,材料2,0.12384
3825,50,158500.0,54295.99,正弦波,材料2,0.06246
3826,50,199500.0,3961.43,正弦波,材料2,0.019665000000000002
3827,50,251170.0,19508.83,正弦波,材料2,0.030955
3828,25,125860.0,11108.17,正弦波,材料2,0.03134
3829,25,50020.0,62308.09,正弦波,材料2,0.10131000000000001
3830,50,79470.0,3875.1,正弦波,材料2,0.03123
3831,25,251170.0,4409.77,正弦波,材料2,0.015585
3832,70,501180.0,88759.03,正弦波,材料2,0.030735
3833,70,316230.0,86471.48,正弦波,材料2,0.04875
3834,50,316230.0,3255.58,正弦波,材料2,0.012414999999999999
3835,90,50020.0,2496.87,正弦波,材料2,0.04895
3836,50,125860.0,206897.11,正弦波,材料2,0.12214
3837,25,158500.0,151066.13,正弦波,材料2,0.07911499999999999
3838,50,79460.0,115780.63,正弦波,材料2,0.125205
3839,70,79460.0,21996.08,正弦波,材料2,0.077485
3840,50,398100.0,17064.92,正弦波,材料2,0.01947
3841,70,199500.0,348034.41,正弦波,材料2,0.122435
3842,70,50020.0,645.8,正弦波,材料2,0.02489
3843,50,99950.0,473753.7,正弦波,材料2,0.196435
3844,50,158500.0,99502.14,正弦波,材料2,0.078565
3845,90,99950.0,1129.55,正弦波,材料2,0.024495
3846,70,501180.0,33546.22,正弦波,材料2,0.01966
3847,25,316230.0,237364.97,正弦波,材料2,0.061939999999999995
3848,25,50020.0,6899.22,正弦波,材料2,0.04148
3849,50,99950.0,1476.15,正弦波,材料2,0.019784999999999997
3850,25,158500.0,46900.58,正弦波,材料2,0.049350000000000005
3851,70,63020.0,840.85,正弦波,材料2,0.024505
3852,70,79470.0,149241.26,正弦波,材料2,0.15614499999999998
3853,90,316230.0,10892.76,正弦波,材料2,0.01942
3854,50,251170.0,35923.22,正弦波,材料2,0.039205000000000004
3855,90,99950.0,193035.73,正弦波,材料2,0.152735
3856,90,125860.0,1709.55,正弦波,材料2,0.024399999999999998
3857,90,251170.0,2289.86,正弦波,材料2,0.01238
3858,50,316230.0,325245.35,正弦波,材料2,0.077475
3859,50,99950.0,9168.95,正弦波,材料2,0.03939
3860,25,398100.0,197062.13,正弦波,材料2,0.049055
3861,25,79470.0,1946.98,正弦波,材料2,0.019909999999999997
3862,50,99950.0,773.43,正弦波,材料2,0.01551
3863,25,99950.0,232432.01,正弦波,材料2,0.125835
3864,70,501180.0,12088.52,正弦波,材料2,0.012135
3865,70,158500.0,35255.93,正弦波,材料2,0.06217
3866,70,63020.0,1618.3,正弦波,材料2,0.031445
3867,70,125860.0,2114.15,正弦波,材料2,0.02457
3868,50,99950.0,261886.44,正弦波,材料2,0.153985
3869,25,125860.0,3117.87,正弦波,材料2,0.01966
3870,25,63020.0,131741.28,正弦波,材料2,0.126035
3871,25,99950.0,80858.53,正弦波,材料2,0.078845
3872,70,99950.0,30284.72,正弦波,材料2,0.07758000000000001
3873,25,158500.0,246661.62,正弦波,材料2,0.09800500000000001
3874,25,316230.0,422109.92,正弦波,材料2,0.077825
3875,50,50020.0,6979.24,正弦波,材料2,0.05031
3876,50,79460.0,335335.55,正弦波,材料2,0.19420500000000002
3877,50,63020.0,3001.34,正弦波,材料2,0.031509999999999996
3878,70,125860.0,288020.11,正弦波,材料2,0.15461
3879,70,316230.0,28910.58,正弦波,材料2,0.031115
3880,25,316230.0,21395.42,正弦波,材料2,0.024550000000000002
3881,50,251170.0,3390.28,正弦波,材料2,0.015625
3882,70,79470.0,613.74,正弦波,材料2,0.01943
3883,25,501180.0,308100.86,正弦波,材料2,0.04886
3884,50,63020.0,49942.08,正弦波,材料2,0.099405
3885,90,125850.0,9601.75,正弦波,材料2,0.04852
3886,90,50020.0,75080.87,正弦波,材料2,0.15431
3887,90,251170.0,29058.75,正弦波,材料2,0.039195
3888,25,158500.0,2228.33,正弦波,材料2,0.015515000000000001
3889,25,199510.0,201548.74,正弦波,材料2,0.077835
3890,25,125850.0,186275.7,正弦波,材料2,0.09947500000000001
3891,25,251170.0,50180.05,正弦波,材料2,0.03931
3892,70,125860.0,22906.67,正弦波,材料2,0.061575000000000005
3893,25,251170.0,162124.63,正弦波,材料2,0.06168
3894,25,158510.0,7959.15,正弦波,材料2,0.02484
3895,70,125850.0,84510.02,正弦波,材料2,0.09831500000000001
3896,70,63020.0,2926.02,正弦波,材料2,0.039105
3897,70,199500.0,9161.12,正弦波,材料2,0.0308
3898,90,398100.0,12128.3,正弦波,材料2,0.015485
3899,70,63020.0,57604.44,正弦波,材料2,0.123585
3900,70,251170.0,1874.3,正弦波,材料2,0.012375
3901,70,50020.0,3784.87,正弦波,材料2,0.04969
3902,70,125860.0,149709.73,正弦波,材料2,0.121535
3903,90,125860.0,1014.93,正弦波,材料2,0.01948
3904,90,99950.0,384687.88,正弦波,材料2,0.19491
3905,50,199500.0,42785.49,正弦波,材料2,0.04944
3906,25,63020.0,9474.04,正弦波,材料2,0.040264999999999995
3907,25,50020.0,2388.93,正弦波,材料2,0.027485000000000002
3908,50,99950.0,89723.15,正弦波,材料2,0.09929
3909,90,79460.0,1447.81,正弦波,材料2,0.030809999999999997
3910,25,50020.0,3427.045851,正弦波,材料2,0.0319916475
3911,25,50020.0,6772.981613,正弦波,材料2,0.0414804335
3912,25,50020.0,21492.76309,正弦波,材料2,0.0648013375
3913,25,50020.0,38218.80664,正弦波,材料2,0.08260883299999999
3914,25,50020.0,61176.08746,正弦波,材料2,0.10131177499999999
3915,25,50020.0,99679.89972,正弦波,材料2,0.12650442950000002
3916,25,50020.0,161658.0093,正弦波,材料2,0.1578334585
3917,25,63020.0,5137.739583,正弦波,材料2,0.0319127435
3918,25,63020.0,9298.995381,正弦波,材料2,0.0402656925
3919,25,63020.0,15988.05067,正弦波,材料2,0.050371308000000004
3920,25,63020.0,48104.4261,正弦波,材料2,0.080383818
3921,25,63020.0,129295.5572,正弦波,材料2,0.1260350435
3922,25,63020.0,214383.5098,正弦波,材料2,0.15857790249999998
3923,25,63020.0,348278.3422,正弦波,材料2,0.19803912499999998
3924,25,79470.0,3544.608535,正弦波,材料2,0.025191243500000002
3925,25,79460.0,11465.36178,正弦波,材料2,0.0395983065
3926,25,79470.0,21196.39962,正弦波,材料2,0.050794861499999996
3927,25,79460.0,36044.49331,正弦波,材料2,0.0632215725
3928,25,79470.0,60921.92187,正弦波,材料2,0.079268433
3929,25,79460.0,101976.0525,正弦波,材料2,0.0996845965
3930,25,79460.0,172994.4477,正弦波,材料2,0.1265700675
3931,25,79470.0,285472.0473,正弦波,材料2,0.158836162
3932,25,99950.0,1214.04695,正弦波,材料2,0.015674913999999998
3933,25,99950.0,8284.886668,正弦波,材料2,0.0312899685
3934,25,99950.0,15119.1281,正弦波,材料2,0.039824287
3935,25,99950.0,46050.10416,正弦波,材料2,0.0626401395
3936,25,99950.0,79346.66365,正弦波,材料2,0.07884240949999999
3937,25,99950.0,137089.034,正弦波,材料2,0.10028500700000001
3938,25,99950.0,228177.1425,正弦波,材料2,0.125834438
3939,25,99950.0,360819.8648,正弦波,材料2,0.1545948225
3940,25,99950.0,619314.8035,正弦波,材料2,0.197213657
3941,25,125860.0,1683.558211,正弦波,材料2,0.015998664500000002
3942,25,125860.0,3062.808309,正弦波,材料2,0.0196599145
3943,25,125860.0,5734.331894,正弦波,材料2,0.024647084
3944,25,125860.0,10913.69638,正弦波,材料2,0.031341560500000004
3945,25,125860.0,60739.63926,正弦波,材料2,0.062341636000000006
3946,25,125860.0,108135.2586,正弦波,材料2,0.07938329599999999
3947,25,125850.0,182863.1338,正弦波,材料2,0.099474339
3948,25,125860.0,298847.0769,正弦波,材料2,0.1238435985
3949,25,125860.0,510142.7388,正弦波,材料2,0.157408919
3950,25,125860.0,823601.9914,正弦波,材料2,0.19372491
3951,25,158500.0,4047.27385,正弦波,材料2,0.019533138499999998
3952,25,158510.0,7814.301848,正弦波,材料2,0.0248422095
3953,25,158500.0,25500.82287,正弦波,材料2,0.0391355895
3954,25,158500.0,46047.85822,正弦波,材料2,0.0493501215
3955,25,158500.0,83036.33958,正弦波,材料2,0.0625881805
3956,25,158500.0,242154.7476,正弦波,材料2,0.098003078
3957,25,158500.0,421562.2166,正弦波,材料2,0.12521280699999998
3958,25,158500.0,689469.0142,正弦波,材料2,0.15487703349999998
3959,25,199510.0,1221.473797,正弦波,材料2,0.0111414245
3960,25,199500.0,1636.194271,正弦波,材料2,0.012337326
3961,25,199500.0,2972.970972,正弦波,材料2,0.015422967
3962,25,199500.0,5653.062336,正弦波,材料2,0.019686649
3963,25,199500.0,10372.67816,正弦波,材料2,0.0246637485
3964,25,199500.0,19212.68477,正弦波,材料2,0.0310507745
3965,25,199500.0,64175.38504,正弦波,材料2,0.049685848000000005
3966,25,199500.0,116460.6064,正弦波,材料2,0.0625461995
3967,25,199510.0,197878.4305,正弦波,材料2,0.0778346905
3968,25,199500.0,345311.0847,正弦波,材料2,0.0989108825
3969,25,199510.0,576464.2078,正弦波,材料2,0.123093291
3970,25,251170.0,1977.066045,正弦波,材料2,0.011454021
3971,25,251170.0,4331.553225,正弦波,材料2,0.015584816
3972,25,251170.0,14443.52385,正弦波,材料2,0.024504146999999997
3973,25,251170.0,26883.66111,正弦波,材料2,0.031003186000000002
3974,25,251170.0,91318.66675,正弦波,材料2,0.049457212
3975,25,251170.0,159206.3486,正弦波,材料2,0.0616812765
3976,25,251170.0,492122.4794,正弦波,材料2,0.098324557
3977,25,316230.0,3198.557742,正弦波,材料2,0.011735033
3978,25,316230.0,6318.207936,正弦波,材料2,0.015490522
3979,25,316230.0,11527.1385,正弦波,材料2,0.0195072805
3980,25,316230.0,21014.88262,正弦波,材料2,0.024551858
3981,25,316230.0,72878.8969,正弦波,材料2,0.03928359100000001
3982,25,316230.0,127678.3676,正弦波,材料2,0.0487882365
3983,25,316230.0,233091.8182,正弦波,材料2,0.061944144500000006
3984,25,398100.0,5315.359378,正弦波,材料2,0.011931464
3985,25,398100.0,9898.356101,正弦波,材料2,0.015461901
3986,25,398100.0,17800.25563,正弦波,材料2,0.019489245500000002
3987,25,398100.0,33052.48256,正弦波,材料2,0.0247899395
3988,25,398100.0,60462.25859,正弦波,材料2,0.0310233365
3989,25,398100.0,106053.1424,正弦波,材料2,0.038778738
3990,25,398100.0,193505.2585,正弦波,材料2,0.0490573395
3991,25,398100.0,352275.4003,正弦波,材料2,0.061832777
3992,25,501180.0,8925.506713,正弦波,材料2,0.011997376
3993,25,501180.0,9498.934254,正弦波,材料2,0.012351981500000001
3994,25,501180.0,53588.98607,正弦波,材料2,0.02467264
3995,25,501180.0,93708.67012,正弦波,材料2,0.030780369000000002
3996,25,501180.0,302575.7198,正弦波,材料2,0.048860299999999995
3997,50,50030.0,3774.167544,正弦波,材料2,0.040058483000000006
3998,50,50020.0,22183.93094,正弦波,材料2,0.08047659900000001
3999,50,50020.0,63756.36807,正弦波,材料2,0.125053941
4000,50,50020.0,108573.4757,正弦波,材料2,0.156566839
4001,50,50020.0,187124.9647,正弦波,材料2,0.1966136235
4002,50,63020.0,888.484173,正弦波,材料2,0.019670583999999998
4003,50,63020.0,1613.769661,正弦波,材料2,0.0248259985
4004,50,63020.0,5400.359822,正弦波,材料2,0.039610660000000006
4005,50,63020.0,48999.72917,正弦波,材料2,0.099402979
4006,50,63020.0,84396.55653,正弦波,材料2,0.12502871200000001
4007,50,63020.0,146220.2445,正弦波,材料2,0.15748258199999998
4008,50,63030.0,416513.3759,正弦波,材料2,0.24263043
4009,50,79470.0,1109.975542,正弦波,材料2,0.019570197499999997
4010,50,79460.0,2059.635264,正弦波,材料2,0.024964425499999998
4011,50,79470.0,3812.292937,正弦波,材料2,0.031227174000000003
4012,50,79460.0,6792.580689,正弦波,材料2,0.0391596615
4013,50,79460.0,21194.67863,正弦波,材料2,0.062448885999999995
4014,50,79460.0,36608.34041,正弦波,材料2,0.078122655
4015,50,79460.0,64549.52397,正弦波,材料2,0.098836157
4016,50,79460.0,113666.4754,正弦波,材料2,0.1252045455
4017,50,79460.0,197525.8888,正弦波,材料2,0.1572173865
4018,50,79460.0,329210.9354,正弦波,材料2,0.19420596550000002
4019,50,79460.0,582455.7997,正弦波,材料2,0.24543495
4020,50,99950.0,1449.359729,正弦波,材料2,0.019786507000000002
4021,50,99950.0,2688.848878,正弦波,材料2,0.0247227785
4022,50,99950.0,9004.269556,正弦波,材料2,0.039388165
4023,50,99950.0,49400.29542,正弦波,材料2,0.07843741400000001
4024,50,99950.0,153289.972,正弦波,材料2,0.1244603515
4025,50,99950.0,257192.9198,正弦波,材料2,0.1539853215
4026,50,99950.0,465164.911,正弦波,材料2,0.1964378525
4027,50,99950.0,770199.4405,正弦波,材料2,0.2400708725
4028,50,125870.0,1954.532061,正弦波,材料2,0.019609312
4029,50,125860.0,6524.559688,正弦波,材料2,0.0310834755
4030,50,125860.0,11827.22206,正弦波,材料2,0.039171660999999997
4031,50,125860.0,20739.60536,正弦波,材料2,0.049181013499999995
4032,50,125860.0,37278.15103,正弦波,材料2,0.061940261999999996
4033,50,125850.0,67761.03558,正弦波,材料2,0.078462478
4034,50,125860.0,121942.0472,正弦波,材料2,0.098858157
4035,50,125860.0,203115.9355,正弦波,材料2,0.122139324
4036,50,125850.0,369071.8083,正弦波,材料2,0.1560375685
4037,50,158500.0,1107.373184,正弦波,材料2,0.0142315505
4038,50,158500.0,1430.276891,正弦波,材料2,0.015517834500000001
4039,50,158510.0,2632.314027,正弦波,材料2,0.019538113
4040,50,158500.0,8908.476494,正弦波,材料2,0.031032130499999998
4041,50,158500.0,16061.04829,正弦波,材料2,0.038945091
4042,50,158500.0,166517.9997,正弦波,材料2,0.0974396815
4043,50,158500.0,301780.0383,正弦波,材料2,0.124431338
4044,50,158500.0,514213.1637,正弦波,材料2,0.1537563595
4045,50,199500.0,973.1268126,正弦波,材料2,0.011633619
4046,50,199510.0,1171.120596,正弦波,材料2,0.012344777500000001
4047,50,199500.0,2072.058636,正弦波,材料2,0.0154625865
4048,50,199500.0,3893.216428,正弦波,材料2,0.019664995
4049,50,199500.0,12559.13788,正弦波,材料2,0.0308336175
4050,50,199500.0,42024.19603,正弦波,材料2,0.049441169
4051,50,199500.0,78572.07043,正弦波,材料2,0.062320042
4052,50,199500.0,135577.0677,正弦波,材料2,0.077280299
4053,50,199500.0,436025.7215,正弦波,材料2,0.12336142
4054,50,251170.0,3329.363942,正弦波,材料2,0.0156228365
4055,50,251170.0,5857.913442,正弦波,材料2,0.019482441
4056,50,251170.0,10479.77432,正弦波,材料2,0.0245034605
4057,50,251170.0,19148.30164,正弦波,材料2,0.0309522925
4058,50,251170.0,35271.49726,正弦波,材料2,0.039204710000000004
4059,50,251170.0,113402.2414,正弦波,材料2,0.061455906
4060,50,251170.0,205703.9988,正弦波,材料2,0.0778024115
4061,50,251170.0,368999.0862,正弦波,材料2,0.09769174
4062,50,316230.0,2984.941474,正弦波,材料2,0.0120473895
4063,50,316230.0,3196.941894,正弦波,材料2,0.0124115575
4064,50,316230.0,5469.846727,正弦波,材料2,0.015513287
4065,50,316230.0,9422.424156,正弦波,材料2,0.019349186
4066,50,316230.0,17032.7892,正弦波,材料2,0.024562584999999998
4067,50,316230.0,31083.56722,正弦波,材料2,0.0311539835
4068,50,316230.0,96732.98674,正弦波,材料2,0.04858121
4069,50,316230.0,319392.5586,正弦波,材料2,0.07747604450000001
4070,50,398100.0,5547.911381,正弦波,材料2,0.0121701375
4071,50,398100.0,5760.081969,正弦波,材料2,0.012373581500000001
4072,50,398100.0,9678.408855,正弦波,材料2,0.0154822295
4073,50,398100.0,16757.80872,正弦波,材料2,0.0194729425
4074,50,398100.0,29671.92076,正弦波,材料2,0.0247737955
4075,50,398100.0,90989.7784,正弦波,材料2,0.03877132899999999
4076,50,398100.0,163752.0384,正弦波,材料2,0.049205847
4077,50,501180.0,10658.89958,正弦波,材料2,0.0121610115
4078,50,501180.0,11012.10022,正弦波,材料2,0.0123429455
4079,50,501180.0,18257.34046,正弦波,材料2,0.015464638499999999
4080,50,501180.0,31621.1192,正弦波,材料2,0.0197096705
4081,50,501180.0,53770.25328,正弦波,材料2,0.0246285285
4082,50,501180.0,89963.13889,正弦波,材料2,0.030834706
4083,50,501180.0,156187.4485,正弦波,材料2,0.0389994575
4084,70,50020.0,1107.609128,正弦波,材料2,0.0309333985
4085,70,50020.0,2059.724038,正弦波,材料2,0.0396740485
4086,70,50020.0,3716.673806,正弦波,材料2,0.0496939795
4087,70,50020.0,6591.039073,正弦波,材料2,0.0618240455
4088,70,50020.0,12531.57447,正弦波,材料2,0.078927808
4089,70,50020.0,22766.08277,正弦波,材料2,0.098640843
4090,70,50020.0,41317.84009,正弦波,材料2,0.1232354515
4091,70,50020.0,77510.69317,正弦波,材料2,0.155270458
4092,70,63020.0,826.6104883,正弦波,材料2,0.0245073215
4093,70,63020.0,2870.887354,正弦波,材料2,0.039105275999999994
4094,70,63020.0,5098.942799,正弦波,材料2,0.049136596000000005
4095,70,63020.0,9314.062583,正弦波,材料2,0.06267616449999999
4096,70,63020.0,30539.60962,正弦波,材料2,0.098103928
4097,70,63020.0,56553.77309,正弦波,材料2,0.123585798
4098,70,63020.0,109007.1796,正弦波,材料2,0.15697222449999998
4099,70,79470.0,603.8246172,正弦波,材料2,0.01943082
4100,70,79460.0,1112.815306,正弦波,材料2,0.0248265085
4101,70,79460.0,2024.919616,正弦波,材料2,0.030940236000000003
4102,70,79460.0,3678.700331,正弦波,材料2,0.0390085775
4103,70,79460.0,6774.363311,正弦波,材料2,0.049487592
4104,70,79460.0,11870.46425,正弦波,材料2,0.0620288395
4105,70,79460.0,21596.21628,正弦波,材料2,0.077482609
4106,70,79460.0,40589.75978,正弦波,材料2,0.0977599285
4107,70,79470.0,146580.5302,正弦波,材料2,0.15614273750000002
4108,70,79460.0,482619.61,正弦波,材料2,0.243989709
4109,70,99950.0,466.5996296,正弦波,材料2,0.0156442705
4110,70,99950.0,2674.931743,正弦波,材料2,0.0307863565
4111,70,99950.0,4973.731255,正弦波,材料2,0.039211772
4112,70,99950.0,8854.433309,正弦波,材料2,0.0489533835
4113,70,99950.0,29761.18616,正弦波,材料2,0.077581315
4114,70,99950.0,57345.63875,正弦波,材料2,0.09858309600000001
4115,70,99950.0,107839.5756,正弦波,材料2,0.12363065100000001
4116,70,99950.0,194383.5983,正弦波,材料2,0.153398835
4117,70,99950.0,371763.451,正弦波,材料2,0.1949995955
4118,70,125850.0,1170.49794,正弦波,材料2,0.019508265
4119,70,125850.0,3825.551201,正弦波,材料2,0.031093173
4120,70,125860.0,6812.387537,正弦波,材料2,0.038921110999999994
4121,70,125860.0,12328.87209,正弦波,材料2,0.0487848595
4122,70,125860.0,22497.26788,正弦波,材料2,0.061573237
4123,70,125860.0,43359.72613,正弦波,材料2,0.07815719900000001
4124,70,125850.0,82949.02401,正弦波,材料2,0.09831561450000001
4125,70,125860.0,518277.5983,正弦波,材料2,0.192390809
4126,70,158500.0,819.0847142,正弦波,材料2,0.014490557500000001
4127,70,158500.0,1016.054578,正弦波,材料2,0.015507116
4128,70,158500.0,3173.867056,正弦波,材料2,0.024731739000000003
4129,70,158500.0,10178.68949,正弦波,材料2,0.038872161
4130,70,158500.0,18671.05005,正弦波,材料2,0.049034062
4131,70,158500.0,223884.3837,正弦波,材料2,0.123025433
4132,70,158510.0,416075.229,正弦波,材料2,0.1539101645
4133,70,199500.0,845.8285981,正弦波,材料2,0.011781823
4134,70,199500.0,965.2651375,正弦波,材料2,0.012296355
4135,70,199500.0,1653.517927,正弦波,材料2,0.0154253115
4136,70,199500.0,2984.15003,正弦波,材料2,0.019632771
4137,70,199500.0,5178.03401,正弦波,材料2,0.024562004999999998
4138,70,199500.0,8992.402185,正弦波,材料2,0.030801253
4139,70,199500.0,30143.13651,正弦波,材料2,0.049362507
4140,70,199500.0,55545.23637,正弦波,材料2,0.0619012755
4141,70,199500.0,99419.006,正弦波,材料2,0.0771503835
4142,70,199500.0,185886.9937,正弦波,材料2,0.09773944600000001
4143,70,199500.0,341702.8051,正弦波,材料2,0.122437922
4144,70,251170.0,1840.88597,正弦波,材料2,0.012374526
4145,70,251170.0,3113.265553,正弦波,材料2,0.0155470275
4146,70,251170.0,9006.309888,正弦波,材料2,0.0244577765
4147,70,251170.0,51496.48439,正弦波,材料2,0.049294791500000004
4148,70,251170.0,161416.0037,正弦波,材料2,0.077473827
4149,70,316230.0,3366.422404,正弦波,材料2,0.0120710255
4150,70,316230.0,16650.28284,正弦波,材料2,0.024583838
4151,70,316230.0,28387.61756,正弦波,材料2,0.031113651
4152,70,316230.0,84923.8096,正弦波,材料2,0.0487503535
4153,70,316230.0,149556.5519,正弦波,材料2,0.0617309125
4154,70,398100.0,6506.290128,正弦波,材料2,0.012155468
4155,70,398100.0,6755.834073,正弦波,材料2,0.0123525015
4156,70,398100.0,10893.46835,正弦波,材料2,0.015457015000000001
4157,70,398100.0,18264.23487,正弦波,材料2,0.01959127
4158,70,398100.0,30356.10237,正弦波,材料2,0.0247302785
4159,70,398100.0,51244.91784,正弦波,材料2,0.031080791500000003
4160,70,398100.0,84976.52567,正弦波,材料2,0.038772087999999996
4161,70,398100.0,254827.3193,正弦波,材料2,0.061701345000000005
4162,70,501180.0,11869.47753,正弦波,材料2,0.012132879499999999
4163,70,501180.0,12209.86289,正弦波,材料2,0.012291229
4164,70,501180.0,32939.63111,正弦波,材料2,0.019658185
4165,70,501180.0,54320.82075,正弦波,材料2,0.024657629
4166,70,501180.0,87163.9296,正弦波,材料2,0.0307361415
4167,70,501180.0,254041.3181,正弦波,材料2,0.0490785795
4168,90,50030.0,1338.163812,正弦波,材料2,0.039032433000000005
4169,90,50020.0,2450.09456,正弦波,材料2,0.048948003000000004
4170,90,50020.0,9252.792695,正弦波,材料2,0.078438778
4171,90,50020.0,36961.62538,正弦波,材料2,0.1232235545
4172,90,50020.0,148841.8019,正弦波,材料2,0.196862744
4173,90,50020.0,265031.4113,正弦波,材料2,0.24497989450000002
4174,90,63020.0,580.6919898,正弦波,材料2,0.024342464
4175,90,63020.0,1050.410214,正弦波,材料2,0.0310582695
4176,90,63020.0,12694.47239,正弦波,材料2,0.07752572199999999
4177,90,63020.0,51020.49445,正弦波,材料2,0.122822974
4178,90,63020.0,105319.2465,正弦波,材料2,0.1562827275
4179,90,63030.0,201898.0271,正弦波,材料2,0.1965087015
4180,90,63020.0,357736.455,正弦波,材料2,0.243844965
4181,90,79470.0,415.6131139,正弦波,材料2,0.0190214345
4182,90,79470.0,743.7463851,正弦波,材料2,0.024433962
4183,90,79460.0,1417.985444,正弦波,材料2,0.030812735
4184,90,79460.0,2584.885234,正弦波,材料2,0.038835035000000004
4185,90,79460.0,8767.747571,正弦波,材料2,0.0616877595
4186,90,79460.0,17141.08403,正弦波,材料2,0.07748999300000001
4187,90,79460.0,34018.45563,正弦波,材料2,0.0971260685
4188,90,79460.0,70981.59301,正弦波,材料2,0.1235521745
4189,90,99950.0,616.5615259,正弦波,材料2,0.0195567345
4190,90,99950.0,1109.079282,正弦波,材料2,0.0244939345
4191,90,99950.0,1962.9699,正弦波,材料2,0.030730488
4192,90,99950.0,3656.313807,正弦波,材料2,0.039052763
4193,90,99950.0,6408.739313,正弦波,材料2,0.048921971
4194,90,99950.0,12094.09514,正弦波,材料2,0.06122148
4195,90,99950.0,24089.9339,正弦波,材料2,0.07732597799999999
4196,90,99950.0,48650.94962,正弦波,材料2,0.097537775
4197,90,99950.0,100506.4583,正弦波,材料2,0.1233604455
4198,90,99950.0,377678.9606,正弦波,材料2,0.1949108975
4199,90,99950.0,663683.0988,正弦波,材料2,0.239202248
4200,90,125860.0,712.2835654,正弦波,材料2,0.0173441885
4201,90,125860.0,997.3749975,正弦波,材料2,0.0194794695
4202,90,125850.0,3081.944275,正弦波,材料2,0.0311039595
4203,90,125860.0,5316.957519,正弦波,材料2,0.0386863505
4204,90,125850.0,9430.831311,正弦波,材料2,0.0485172055
4205,90,125850.0,18547.91413,正弦波,材料2,0.061642173499999994
4206,90,125860.0,36896.2378,正弦波,材料2,0.0779147095
4207,90,125850.0,74065.79679,正弦波,材料2,0.09786966899999999
4208,90,125860.0,139851.241,正弦波,材料2,0.1215661055
4209,90,125860.0,281511.9266,正弦波,材料2,0.15469081499999998
4210,90,125850.0,518436.7953,正弦波,材料2,0.1910553395
4211,90,158500.0,1010.813072,正弦波,材料2,0.015449006500000001
4212,90,158500.0,1699.527739,正弦波,材料2,0.0194251
4213,90,158510.0,5073.617146,正弦波,材料2,0.0309968375
4214,90,158500.0,8993.586829,正弦波,材料2,0.0389348465
4215,90,158500.0,30239.75548,正弦波,材料2,0.0618642655
4216,90,158500.0,60381.065,正弦波,材料2,0.078099961
4217,90,158500.0,109805.4948,正弦波,材料2,0.0965530215
4218,90,158500.0,218571.6566,正弦波,材料2,0.12329582
4219,90,158500.0,408977.4519,正弦波,材料2,0.152970105
4220,90,199500.0,1152.814148,正弦波,材料2,0.012314251
4221,90,199500.0,3227.478987,正弦波,材料2,0.0196033845
4222,90,199500.0,5274.852297,正弦波,材料2,0.024562676999999998
4223,90,199500.0,27979.59227,正弦波,材料2,0.0493449265
4224,90,199500.0,94737.13736,正弦波,材料2,0.07704470050000001
4225,90,199500.0,180142.0261,正弦波,材料2,0.0977974945
4226,90,199510.0,335660.579,正弦波,材料2,0.12216678950000001
4227,90,251170.0,2005.679819,正弦波,材料2,0.0117385255
4228,90,251170.0,2249.995515,正弦波,材料2,0.012378766
4229,90,251170.0,5968.936122,正弦波,材料2,0.019556339
4230,90,251170.0,9686.389671,正弦波,材料2,0.0244810715
4231,90,251170.0,16400.899,正弦波,材料2,0.030889706500000003
4232,90,251170.0,28529.01991,正弦波,材料2,0.039194832
4233,90,251170.0,86301.61392,正弦波,材料2,0.061036739
4234,90,251170.0,162505.6689,正弦波,材料2,0.078063146
4235,90,316230.0,4166.802674,正弦波,材料2,0.0123950605
4236,90,316230.0,10690.36702,正弦波,材料2,0.019416465
4237,90,316230.0,17732.53107,正弦波,材料2,0.024532688
4238,90,316230.0,85729.36857,正弦波,材料2,0.048694245
4239,90,316230.0,149814.6126,正弦波,材料2,0.061697348
4240,90,316230.0,267120.5983,正弦波,材料2,0.0773010825
4241,90,398100.0,7010.413699,正弦波,材料2,0.0119769495
4242,90,398100.0,11909.25694,正弦波,材料2,0.015484524
4243,90,398100.0,32052.91973,正弦波,材料2,0.0247928235
4244,90,398100.0,53300.57798,正弦波,材料2,0.0311540785
4245,90,398100.0,86906.54055,正弦波,材料2,0.038821059
4246,90,398100.0,148386.2263,正弦波,材料2,0.0490576475
4247,90,398100.0,255726.2607,正弦波,材料2,0.0616589875
4248,90,501180.0,13194.37875,正弦波,材料2,0.012318861
4249,90,501180.0,21247.21783,正弦波,材料2,0.015539564499999999
4250,90,501180.0,34708.13737,正弦波,材料2,0.0197152365
4251,90,501180.0,55993.35379,正弦波,材料2,0.0245983705
4252,90,501180.0,90330.0276,正弦波,材料2,0.030904476
4253,90,501180.0,150597.9337,正弦波,材料2,0.039064759500000004
4254,90,63020.0,589.8,正弦波,材料2,0.024345
4255,90,50030.0,1364.1,正弦波,材料2,0.039029999999999995
4256,50,251170.0,5962.21,正弦波,材料2,0.01948
4257,90,316230.0,4242.17,正弦波,材料2,0.012395
4258,90,316230.0,18064.28,正弦波,材料2,0.024535
4259,25,316230.0,6440.23,正弦波,材料2,0.01549
4260,25,99950.0,4575.14,正弦波,材料2,0.024855
4261,25,99950.0,8433.0,正弦波,材料2,0.03129
4262,70,199500.0,30686.35,正弦波,材料2,0.049365
4263,70,158500.0,228031.96,正弦波,材料2,0.123025
4264,25,398100.0,107991.02,正弦波,材料2,0.038779999999999995
4265,50,501180.0,11213.42,正弦波,材料2,0.012345
4266,90,501180.0,153370.65,正弦波,材料2,0.039065
4267,90,316230.0,30134.39,正弦波,材料2,0.03107
4268,50,501180.0,18591.85,正弦波,材料2,0.015465
4269,25,199500.0,10574.22,正弦波,材料2,0.024665
4270,70,50020.0,1124.9,正弦波,材料2,0.030935
4271,90,63020.0,107211.86,正弦波,材料2,0.15628
4272,50,99950.0,16040.52,正弦波,材料2,0.0495
4273,25,251170.0,2014.35,正弦波,材料2,0.011455
4274,70,158500.0,19013.9,正弦波,材料2,0.049030000000000004
4275,50,158500.0,29245.92,正弦波,材料2,0.04914
4276,25,501180.0,173343.5,正弦波,材料2,0.03896
4277,90,398100.0,7634.57,正弦波,材料2,0.01238
4278,50,199500.0,138016.86,正弦波,材料2,0.07728
4279,90,398100.0,151105.98,正弦波,材料2,0.04906
4280,50,50020.0,110564.15,正弦波,材料2,0.15657
4281,50,125860.0,12045.4,正弦波,材料2,0.039175
4282,25,501180.0,95425.1,正弦波,材料2,0.030780000000000002
4283,50,50030.0,3847.11,正弦波,材料2,0.04006
4284,70,251170.0,52455.98,正弦波,材料2,0.049295
4285,70,99950.0,662714.15,正弦波,材料2,0.239325
4286,70,63020.0,346635.83,正弦波,材料2,0.24111
4287,70,99950.0,109803.96,正弦波,材料2,0.12363
4288,70,199500.0,3042.6,正弦波,材料2,0.019635
4289,25,79460.0,103881.99,正弦波,材料2,0.099685
4290,25,99950.0,15398.34,正弦波,材料2,0.03982
4291,25,50020.0,101520.74,正弦波,材料2,0.1265
4292,50,199500.0,12782.2,正弦波,材料2,0.030835
4293,25,79470.0,21598.9,正弦波,材料2,0.05079
4294,25,50020.0,3484.68,正弦波,材料2,0.031990000000000005
4295,90,99950.0,3724.85,正弦波,材料2,0.03905
4296,90,79460.0,8920.76,正弦波,材料2,0.061689999999999995
4297,90,125860.0,37533.85,正弦波,材料2,0.077915
4298,25,63020.0,5234.05,正弦波,材料2,0.031915
4299,70,199500.0,860.95,正弦波,材料2,0.011785
4300,90,158500.0,222583.08,正弦波,材料2,0.123295
4301,50,63020.0,148956.65,正弦波,材料2,0.15748
4302,50,398100.0,9854.64,正弦波,材料2,0.015485
4303,90,50020.0,4724.62,正弦波,材料2,0.061765
4304,25,398100.0,358714.84,正弦波,材料2,0.061829999999999996
4305,25,63020.0,28910.91,正弦波,材料2,0.06419
4306,90,50020.0,151573.62,正弦波,材料2,0.19685999999999998
4307,70,251170.0,304902.62,正弦波,材料2,0.09776499999999999
4308,70,158500.0,10370.3,正弦波,材料2,0.03887
4309,70,99950.0,9015.97,正弦波,材料2,0.048955
4310,70,79460.0,491341.03,正弦波,材料2,0.24398999999999998
4311,70,398100.0,149398.61,正弦波,材料2,0.04904
4312,90,99950.0,12298.52,正弦波,材料2,0.061225
4313,50,251170.0,1722.57,正弦波,材料2,0.011855000000000001
4314,90,99950.0,1992.95,正弦波,材料2,0.03073
4315,50,99950.0,28045.2,正弦波,材料2,0.062005000000000005
4316,70,63020.0,5198.43,正弦波,材料2,0.049135
4317,90,398100.0,32642.81,正弦波,材料2,0.024794999999999998
4318,50,125850.0,1368.74,正弦波,材料2,0.01716
4319,70,316230.0,273279.81,正弦波,材料2,0.077375
4320,70,79460.0,813562.47,正弦波,材料2,0.29532
4321,25,158500.0,1462.21,正弦波,材料2,0.013475
4322,25,125860.0,304346.42,正弦波,材料2,0.12384
4323,90,199500.0,3287.8,正弦波,材料2,0.019604999999999997
4324,90,125860.0,5423.39,正弦波,材料2,0.038685
4325,50,199500.0,3961.43,正弦波,材料2,0.019665000000000002
4326,25,125860.0,11108.17,正弦波,材料2,0.03134
4327,25,50020.0,62308.09,正弦波,材料2,0.10131000000000001
4328,50,79470.0,3875.1,正弦波,材料2,0.03123
4329,25,251170.0,4409.77,正弦波,材料2,0.015585
4330,50,50020.0,190648.17,正弦波,材料2,0.19661499999999998
4331,70,316230.0,86471.48,正弦波,材料2,0.04875
4332,70,125860.0,527870.56,正弦波,材料2,0.19239
4333,50,316230.0,3255.58,正弦波,材料2,0.012414999999999999
4334,50,125860.0,206897.11,正弦波,材料2,0.12214
4335,70,50020.0,78931.11,正弦波,材料2,0.15527000000000002
4336,90,158500.0,817.79,正弦波,材料2,0.014265
4337,25,158500.0,151066.13,正弦波,材料2,0.07911499999999999
4338,50,79460.0,115780.63,正弦波,材料2,0.125205
4339,70,79460.0,21996.08,正弦波,材料2,0.077485
4340,50,398100.0,17064.92,正弦波,材料2,0.01947
4341,70,199500.0,348034.41,正弦波,材料2,0.122435
4342,70,50020.0,645.8,正弦波,材料2,0.02489
4343,50,99950.0,473753.7,正弦波,材料2,0.196435
4344,50,158500.0,523551.38,正弦波,材料2,0.153755
4345,90,99950.0,1129.55,正弦波,材料2,0.024495
4346,70,501180.0,33546.22,正弦波,材料2,0.01966
4347,25,50020.0,6899.22,正弦波,材料2,0.04148
4348,70,158510.0,423578.04,正弦波,材料2,0.15391
4349,50,99950.0,1476.15,正弦波,材料2,0.019784999999999997
4350,25,99950.0,367493.3,正弦波,材料2,0.15459499999999998
4351,25,158500.0,46900.58,正弦波,材料2,0.049350000000000005
4352,70,63020.0,840.85,正弦波,材料2,0.024505
4353,70,79470.0,149241.26,正弦波,材料2,0.15614499999999998
4354,90,316230.0,10892.76,正弦波,材料2,0.01942
4355,50,251170.0,35923.22,正弦波,材料2,0.039205000000000004
4356,90,99950.0,193035.73,正弦波,材料2,0.152735
4357,50,99950.0,784354.37,正弦波,材料2,0.24007
4358,90,251170.0,2289.86,正弦波,材料2,0.01238
4359,50,316230.0,325245.35,正弦波,材料2,0.077475
4360,50,99950.0,9168.95,正弦波,材料2,0.03939
4361,25,398100.0,197062.13,正弦波,材料2,0.049055
4362,25,79470.0,1946.98,正弦波,材料2,0.019909999999999997
4363,25,99950.0,232432.01,正弦波,材料2,0.125835
4364,90,79460.0,503425.69,正弦波,材料2,0.24425999999999998
4365,70,501180.0,12088.52,正弦波,材料2,0.012135
4366,70,158500.0,35255.93,正弦波,材料2,0.06217
4367,70,63020.0,1618.3,正弦波,材料2,0.031445
4368,70,398100.0,18600.94,正弦波,材料2,0.01959
4369,70,125860.0,2114.15,正弦波,材料2,0.02457
4370,50,99950.0,261886.44,正弦波,材料2,0.153985
4371,25,125860.0,3117.87,正弦波,材料2,0.01966
4372,25,63020.0,131741.28,正弦波,材料2,0.126035
4373,25,99950.0,80858.53,正弦波,材料2,0.078845
4374,70,99950.0,30284.72,正弦波,材料2,0.07758000000000001
4375,25,158500.0,246661.62,正弦波,材料2,0.09800500000000001
4376,50,79460.0,335335.55,正弦波,材料2,0.19420500000000002
4377,90,251170.0,165458.52,正弦波,材料2,0.07805999999999999
4378,50,63020.0,3001.34,正弦波,材料2,0.031509999999999996
4379,90,63020.0,25581.08,正弦波,材料2,0.097525
4380,50,79460.0,2096.78,正弦波,材料2,0.024965
4381,70,99950.0,15991.04,正弦波,材料2,0.061395
4382,25,316230.0,21395.42,正弦波,材料2,0.024550000000000002
4383,25,501180.0,308100.86,正弦波,材料2,0.04886
4384,25,199500.0,19567.08,正弦波,材料2,0.03105
4385,50,63020.0,49942.08,正弦波,材料2,0.099405
4386,90,125850.0,9601.75,正弦波,材料2,0.04852
4387,90,50020.0,75080.87,正弦波,材料2,0.15431
4388,25,158500.0,2228.33,正弦波,材料2,0.015515000000000001
4389,25,199510.0,201548.74,正弦波,材料2,0.077835
4390,50,251170.0,375734.6,正弦波,材料2,0.09769
4391,25,125850.0,186275.7,正弦波,材料2,0.09947500000000001
4392,90,99950.0,49565.98,正弦波,材料2,0.09754
4393,70,125860.0,22906.67,正弦波,材料2,0.061575000000000005
4394,25,251170.0,162124.63,正弦波,材料2,0.06168
4395,25,158510.0,7959.15,正弦波,材料2,0.02484
4396,70,125850.0,84510.02,正弦波,材料2,0.09831500000000001
4397,70,63020.0,2926.02,正弦波,材料2,0.039105
4398,70,199500.0,9161.12,正弦波,材料2,0.0308
4399,90,398100.0,12128.3,正弦波,材料2,0.015485
4400,70,63020.0,57604.44,正弦波,材料2,0.123585
4401,70,251170.0,1874.3,正弦波,材料2,0.012375
4402,70,50020.0,3784.87,正弦波,材料2,0.04969
4403,70,50020.0,6707.72,正弦波,材料2,0.061825000000000005
4404,70,79460.0,2063.44,正弦波,材料2,0.030940000000000002
4405,90,158500.0,1030.33,正弦波,材料2,0.01545
4406,50,199500.0,42785.49,正弦波,材料2,0.04944
4407,25,63020.0,9474.04,正弦波,材料2,0.040264999999999995
4408,25,50020.0,2388.93,正弦波,材料2,0.027485000000000002
4409,90,63020.0,1067.41,正弦波,材料2,0.03106
4410,90,251170.0,3724.0,正弦波,材料2,0.015555
4411,50,99950.0,89723.15,正弦波,材料2,0.09929
4412,90,79460.0,1447.81,正弦波,材料2,0.030809999999999997
4413,25,50020.0,2348.679049,正弦波,材料2,0.0274864345
4414,25,50020.0,3427.045851,正弦波,材料2,0.0319916475
4415,25,50020.0,6772.981613,正弦波,材料2,0.0414804335
4416,25,50020.0,21492.76309,正弦波,材料2,0.0648013375
4417,25,50020.0,61176.08746,正弦波,材料2,0.10131177499999999
4418,25,50020.0,99679.89972,正弦波,材料2,0.12650442950000002
4419,25,50020.0,161658.0093,正弦波,材料2,0.1578334585
4420,25,63020.0,5137.739583,正弦波,材料2,0.0319127435
4421,25,63020.0,28373.71069,正弦波,材料2,0.0641908365
4422,25,63020.0,48104.4261,正弦波,材料2,0.080383818
4423,25,63020.0,214383.5098,正弦波,材料2,0.15857790249999998
4424,25,63020.0,348278.3422,正弦波,材料2,0.19803912499999998
4425,25,79470.0,1912.577903,正弦波,材料2,0.019909404999999998
4426,25,79470.0,3544.608535,正弦波,材料2,0.025191243500000002
4427,25,79460.0,6601.083339,正弦波,材料2,0.031618793
4428,25,79460.0,11465.36178,正弦波,材料2,0.0395983065
4429,25,79470.0,21196.39962,正弦波,材料2,0.050794861499999996
4430,25,79470.0,60921.92187,正弦波,材料2,0.079268433
4431,25,79460.0,101976.0525,正弦波,材料2,0.0996845965
4432,25,79460.0,172994.4477,正弦波,材料2,0.1265700675
4433,25,79470.0,285472.0473,正弦波,材料2,0.158836162
4434,25,79460.0,459773.4411,正弦波,材料2,0.1969848205
4435,25,79460.0,743448.6207,正弦波,材料2,0.244716378
4436,25,99950.0,2319.332205,正弦波,材料2,0.0197919525
4437,25,99950.0,4492.608002,正弦波,材料2,0.02485673
4438,25,99950.0,8284.886668,正弦波,材料2,0.0312899685
4439,25,99950.0,26520.99274,正弦波,材料2,0.049768153999999995
4440,25,99950.0,46050.10416,正弦波,材料2,0.0626401395
4441,25,99950.0,79346.66365,正弦波,材料2,0.07884240949999999
4442,25,99950.0,137089.034,正弦波,材料2,0.10028500700000001
4443,25,99950.0,228177.1425,正弦波,材料2,0.125834438
4444,25,99950.0,360819.8648,正弦波,材料2,0.1545948225
4445,25,99950.0,619314.8035,正弦波,材料2,0.197213657
4446,25,99950.0,982995.8836,正弦波,材料2,0.24100775600000002
4447,25,125860.0,1683.558211,正弦波,材料2,0.015998664500000002
4448,25,125860.0,3062.808309,正弦波,材料2,0.0196599145
4449,25,125860.0,5734.331894,正弦波,材料2,0.024647084
4450,25,125860.0,10913.69638,正弦波,材料2,0.031341560500000004
4451,25,125860.0,19360.98548,正弦波,材料2,0.039307757
4452,25,125860.0,34615.10872,正弦波,材料2,0.0495353215
4453,25,125860.0,60739.63926,正弦波,材料2,0.062341636000000006
4454,25,125860.0,108135.2586,正弦波,材料2,0.07938329599999999
4455,25,125850.0,182863.1338,正弦波,材料2,0.099474339
4456,25,125860.0,298847.0769,正弦波,材料2,0.1238435985
4457,25,125860.0,510142.7388,正弦波,材料2,0.157408919
4458,25,158510.0,7814.301848,正弦波,材料2,0.0248422095
4459,25,158500.0,14147.79122,正弦波,材料2,0.0309780105
4460,25,158500.0,25500.82287,正弦波,材料2,0.0391355895
4461,25,158500.0,46047.85822,正弦波,材料2,0.0493501215
4462,25,158500.0,83036.33958,正弦波,材料2,0.0625881805
4463,25,158500.0,421562.2166,正弦波,材料2,0.12521280699999998
4464,25,158500.0,689469.0142,正弦波,材料2,0.15487703349999998
4465,25,199510.0,1221.473797,正弦波,材料2,0.0111414245
4466,25,199500.0,1636.194271,正弦波,材料2,0.012337326
4467,25,199500.0,2972.970972,正弦波,材料2,0.015422967
4468,25,199500.0,5653.062336,正弦波,材料2,0.019686649
4469,25,199500.0,10372.67816,正弦波,材料2,0.0246637485
4470,25,199500.0,19212.68477,正弦波,材料2,0.0310507745
4471,25,199500.0,34140.4936,正弦波,材料2,0.038907449499999996
4472,25,199500.0,64175.38504,正弦波,材料2,0.049685848000000005
4473,25,199500.0,345311.0847,正弦波,材料2,0.0989108825
4474,25,251170.0,1977.066045,正弦波,材料2,0.011454021
4475,25,251170.0,4331.553225,正弦波,材料2,0.015584816
4476,25,251170.0,7821.142806,正弦波,材料2,0.019571349000000002
4477,25,251170.0,14443.52385,正弦波,材料2,0.024504146999999997
4478,25,251170.0,26883.66111,正弦波,材料2,0.031003186000000002
4479,25,251170.0,91318.66675,正弦波,材料2,0.049457212
4480,25,251170.0,159206.3486,正弦波,材料2,0.0616812765
4481,25,251170.0,492122.4794,正弦波,材料2,0.098324557
4482,25,316230.0,3198.557742,正弦波,材料2,0.011735033
4483,25,316230.0,3675.907367,正弦波,材料2,0.012451351499999999
4484,25,316230.0,6318.207936,正弦波,材料2,0.015490522
4485,25,316230.0,11527.1385,正弦波,材料2,0.0195072805
4486,25,316230.0,21014.88262,正弦波,材料2,0.024551858
4487,25,316230.0,72878.8969,正弦波,材料2,0.03928359100000001
4488,25,316230.0,233091.8182,正弦波,材料2,0.061944144500000006
4489,25,398100.0,5315.359378,正弦波,材料2,0.011931464
4490,25,398100.0,5754.900881,正弦波,材料2,0.012369639
4491,25,398100.0,17800.25563,正弦波,材料2,0.019489245500000002
4492,25,398100.0,33052.48256,正弦波,材料2,0.0247899395
4493,25,398100.0,60462.25859,正弦波,材料2,0.0310233365
4494,25,398100.0,106053.1424,正弦波,材料2,0.038778738
4495,25,398100.0,193505.2585,正弦波,材料2,0.0490573395
4496,25,501180.0,8925.506713,正弦波,材料2,0.011997376
4497,25,501180.0,9498.934254,正弦波,材料2,0.012351981500000001
4498,25,125890.0,4975.683816,三角波,材料2,0.019317763
4499,25,125890.0,9009.25728,三角波,材料2,0.024676104
4500,25,125890.0,87173.96115,三角波,材料2,0.061466828
4501,25,125890.0,261172.2728,三角波,材料2,0.0977589395
4502,25,125900.0,752250.4264,三角波,材料2,0.15472428900000001
4503,25,125890.0,1264135.181,三角波,材料2,0.1941870965
4504,25,158740.0,2851.45708,三角波,材料2,0.012588166
4505,25,158750.0,4630.708452,三角波,材料2,0.015487058500000001
4506,25,158750.0,24930.73158,三角波,材料2,0.03112074
4507,25,158750.0,43714.35207,三角波,材料2,0.0393474095
4508,25,158750.0,130935.4898,三角波,材料2,0.0617504765
4509,25,158750.0,227739.112,三角波,材料2,0.0781051285
4510,25,158750.0,387100.5854,三角波,材料2,0.09776425999999999
4511,25,158750.0,661614.9116,三角波,材料2,0.123525154
4512,25,158750.0,1119958.431,三角波,材料2,0.1551282255
4513,25,199170.0,4405.459841,三角波,材料2,0.012137414499999999
4514,25,199160.0,7616.342597,三角波,材料2,0.015528822
4515,25,199170.0,12748.61332,三角波,材料2,0.0192879445
4516,25,199170.0,22072.37235,三角波,材料2,0.024335764500000003
4517,25,199160.0,64369.62586,三角波,材料2,0.038437025
4518,25,199160.0,111417.1854,三角波,材料2,0.0483305625
4519,25,199160.0,193848.692,三角波,材料2,0.0610807285
4520,25,199160.0,330905.6787,三角波,材料2,0.076386767
4521,25,199170.0,570408.6242,三角波,材料2,0.096712301
4522,25,199170.0,968898.7082,三角波,材料2,0.12134798
4523,25,251220.0,4619.670846,三角波,材料2,0.009672048999999999
4524,25,251230.0,7853.732085,三角波,材料2,0.0123710845
4525,25,251230.0,12920.38957,三角波,材料2,0.0153772925
4526,25,251220.0,61459.89872,三角波,材料2,0.030577969
4527,25,251230.0,103272.2206,三角波,材料2,0.038516365999999996
4528,25,251230.0,518230.9108,三角波,材料2,0.0769744005
4529,25,251230.0,881925.1802,三角波,材料2,0.0966215115
4530,25,316470.0,8369.384737,三角波,材料2,0.009877719
4531,25,316470.0,13558.63493,三角波,材料2,0.0122703765
4532,25,316460.0,22274.18098,三角波,材料2,0.0154864025
4533,25,316470.0,37073.72973,三角波,材料2,0.0195886575
4534,25,316470.0,284036.5669,三角波,材料2,0.0485002295
4535,25,396800.0,14520.26729,三角波,材料2,0.009917559999999999
4536,25,396800.0,23739.53739,三角波,材料2,0.012534751
4537,25,396800.0,63097.75801,三角波,材料2,0.019740639
4538,25,396810.0,103719.4296,三角波,材料2,0.0248166135
4539,25,396800.0,169752.257,三角波,材料2,0.031267014499999995
4540,25,396800.0,280365.3283,三角波,材料2,0.039088885000000004
4541,25,396800.0,473409.7007,三角波,材料2,0.0494783345
4542,25,396810.0,790405.7679,三角波,材料2,0.06201467150000001
4543,25,499970.0,24715.6066,三角波,材料2,0.009577371
4544,25,499970.0,64178.06365,三角波,材料2,0.015072937
4545,25,499960.0,103109.9621,三角波,材料2,0.019074041
4546,25,499980.0,275627.8313,三角波,材料2,0.029975972500000003
4547,25,79440.0,18634.24085,三角波,材料2,0.048441911000000004
4548,25,79440.0,32306.48042,三角波,材料2,0.060639307
4549,25,79440.0,99014.48407,三角波,材料2,0.0979074285
4550,25,79440.0,281734.0052,三角波,材料2,0.1546245885
4551,25,79430.0,473861.5956,三角波,材料2,0.193770958
4552,25,79440.0,1366854.795,三角波,材料2,0.307619399
4553,25,99910.0,7317.779781,三角波,材料2,0.0302502035
4554,25,99910.0,13304.13846,三角波,材料2,0.0385458315
4555,25,99910.0,23614.72102,三角波,材料2,0.0484210165
4556,25,99910.0,42349.23829,三角波,材料2,0.061433217
4557,25,99910.0,75147.00803,三角波,材料2,0.077919639
4558,25,99910.0,127416.1432,三角波,材料2,0.0975557255
4559,25,99910.0,612768.1883,三角波,材料2,0.19363232800000002
4560,25,99910.0,1041397.309,三角波,材料2,0.245120164
4561,25,99910.0,1755658.691,三角波,材料2,0.30633933999999996
4562,25,125890.0,5513.69316,三角波,材料2,0.0239344405
4563,25,125890.0,18123.85483,三角波,材料2,0.038374029000000004
4564,25,125890.0,32542.16159,三角波,材料2,0.048543224999999995
4565,25,125900.0,59209.66712,三角波,材料2,0.061549796000000004
4566,25,125890.0,102199.0615,三角波,材料2,0.0771421585
4567,25,125890.0,175373.2041,三角波,材料2,0.097140165
4568,25,125890.0,297968.9763,三角波,材料2,0.1216543175
4569,25,125900.0,1429073.842,三角波,材料2,0.2420983
4570,25,125890.0,2470783.336,三角波,材料2,0.305897065
4571,25,158740.0,14350.21368,三角波,材料2,0.030617069
4572,25,158740.0,25397.9349,三角波,材料2,0.038662387500000006
4573,25,158740.0,47009.95859,三角波,材料2,0.04902772
4574,25,158740.0,143163.9262,三角波,材料2,0.07752810800000001
4575,25,158740.0,247002.3576,三角波,材料2,0.0969919045
4576,25,158750.0,714115.6602,三角波,材料2,0.15419698799999998
4577,25,158740.0,1194623.637,三角波,材料2,0.1930828915
4578,25,158750.0,2053075.347,三角波,材料2,0.24402743799999999
4579,25,199170.0,3656.502515,三角波,材料2,0.015195734499999999
4580,25,199170.0,11632.46201,三角波,材料2,0.024363432999999997
4581,25,199170.0,20816.79755,三角波,材料2,0.0307580675
4582,25,199170.0,37931.32183,三角波,材料2,0.03900137
4583,25,199170.0,117840.0748,三角波,材料2,0.061585223499999994
4584,25,199170.0,606381.3331,三角波,材料2,0.1224968175
4585,25,199160.0,1017436.474,三角波,材料2,0.15326114
4586,25,251230.0,6057.723134,三角波,材料2,0.0154170505
4587,25,251230.0,33198.03612,三角波,材料2,0.031070604
4588,25,251230.0,57566.65065,三角波,材料2,0.0389724065
4589,25,251230.0,305996.1481,三角波,材料2,0.077129738
4590,25,251230.0,528988.8295,三角波,材料2,0.09751323149999999
4591,25,251230.0,893854.9673,三角波,材料2,0.122167872
4592,25,251230.0,1524252.356,三角波,材料2,0.154492436
4593,25,316460.0,3512.895821,三角波,材料2,0.009674841
4594,25,316460.0,5982.681033,三角波,材料2,0.012317563
4595,25,316460.0,52506.54744,三角波,材料2,0.03106371
4596,25,316460.0,155617.2592,三角波,材料2,0.048895726
4597,25,316460.0,271226.0972,三角波,材料2,0.0615563935
4598,25,316460.0,797631.2924,三角波,材料2,0.09725223350000001
4599,25,396810.0,6174.852535,三角波,材料2,0.0096506235
4600,25,396810.0,17172.93714,三角波,材料2,0.015377120000000001
4601,25,396810.0,29196.02857,三角波,材料2,0.019398178000000002
4602,25,396810.0,241114.1253,三角波,材料2,0.0481598095
4603,25,396810.0,415704.4177,三角波,材料2,0.060825594999999996
4604,25,396810.0,1208299.687,三角波,材料2,0.0962363325
4605,25,499970.0,11035.96708,三角波,材料2,0.009707371999999999
4606,25,499970.0,18117.33158,三角波,材料2,0.0122473465
4607,25,499970.0,49832.7595,三角波,材料2,0.019368101999999998
4608,25,499970.0,83393.74125,三角波,材料2,0.024419761999999998
4609,25,499970.0,138697.9917,三角波,材料2,0.030486008000000002
4610,25,499970.0,1131315.805,三角波,材料2,0.07646505749999999
4611,25,63180.0,21720.26979,三角波,材料2,0.0607165175
4612,25,63180.0,36610.62093,三角波,材料2,0.07608392750000001
4613,25,63180.0,297031.4808,三角波,材料2,0.1950793005
4614,25,63180.0,500604.9612,三角波,材料2,0.24511454300000002
4615,25,63180.0,846597.6758,三角波,材料2,0.3059488385
4616,25,79500.0,83896.24026,三角波,材料2,0.096589023
4617,25,79500.0,143621.7609,三角波,材料2,0.12217572
4618,25,79500.0,244685.0117,三角波,材料2,0.1551244015
4619,25,79500.0,1192096.181,三角波,材料2,0.30814521
4620,25,99910.0,20653.7789,三角波,材料2,0.0480732585
4621,25,99910.0,63770.04092,三角波,材料2,0.07679233099999999
4622,25,99910.0,187497.7188,三角波,材料2,0.123151662
4623,25,99910.0,314671.7734,三角波,材料2,0.154898279
4624,25,99910.0,1547280.278,三角波,材料2,0.3078419565
4625,25,125890.0,15760.70359,三角波,材料2,0.0381205605
4626,25,125890.0,733785.9698,三角波,材料2,0.19438792500000002
4627,25,125890.0,1243386.957,三角波,材料2,0.24450491749999997
4628,25,125890.0,2104687.969,三角波,材料2,0.305328371
4629,25,158730.0,6679.413878,三角波,材料2,0.024294987
4630,25,158730.0,21654.89918,三角波,材料2,0.038925089999999996
4631,25,158730.0,38549.20718,三角波,材料2,0.0487845285
4632,25,158730.0,122242.3211,三角波,材料2,0.0779639195
4633,25,158730.0,1720756.091,三角波,材料2,0.243680895
4634,25,199160.0,9054.864946,三角波,材料2,0.0241397025
4635,25,199170.0,16771.69652,三角波,材料2,0.0308858025
4636,25,199170.0,168912.6094,三角波,材料2,0.0776860245
4637,25,199170.0,288584.8745,三角波,材料2,0.09688772100000001
4638,25,199170.0,498838.9079,三角波,材料2,0.1228352045
4639,25,199170.0,846480.0222,三角波,材料2,0.1544698455
4640,25,199170.0,2425793.082,三角波,材料2,0.244224089
4641,25,251230.0,13905.58887,三角波,材料2,0.024549905
4642,25,251230.0,24507.47017,三角波,材料2,0.0307643015
4643,25,251230.0,44280.00525,三角波,材料2,0.038825747
4644,25,251230.0,79910.3954,三角波,材料2,0.049196481
4645,25,251230.0,141037.4072,三角波,材料2,0.061805078
4646,25,251230.0,244314.0991,三角波,材料2,0.07714704
4647,25,251230.0,726341.4576,三角波,材料2,0.123030411
4648,25,251230.0,1221737.085,三角波,材料2,0.15385677250000002
4649,25,251230.0,2072256.376,三角波,材料2,0.194597989
4650,25,316450.0,4138.755747,三角波,材料2,0.0121255845
4651,25,316450.0,37889.07879,三角波,材料2,0.030505330499999997
4652,25,316460.0,361527.4975,三角波,材料2,0.0769480065
4653,25,316450.0,621563.5577,三角波,材料2,0.096716422
4654,25,316450.0,1054923.659,三角波,材料2,0.121064456
4655,25,316450.0,1793938.918,三角波,材料2,0.15301479350000002
4656,25,396820.0,4159.956078,三角波,材料2,0.0097305015
4657,25,396810.0,6870.858654,三角波,材料2,0.01220021
4658,25,396820.0,19988.65675,三角波,材料2,0.019479664
4659,25,396820.0,35200.69911,三角波,材料2,0.024518671
4660,25,396820.0,61772.5916,三角波,材料2,0.031087978000000002
4661,25,396810.0,323107.493,三角波,材料2,0.0616881195
4662,25,396820.0,558336.0511,三角波,材料2,0.07760265899999999
4663,25,396820.0,946587.5768,三角波,材料2,0.0969759085
4664,25,396820.0,1622241.134,三角波,材料2,0.12262506349999999
4665,25,499970.0,12224.9601,三角波,材料2,0.012316998
4666,25,499970.0,34147.16747,三角波,材料2,0.0193487205
4667,25,499970.0,169113.4591,三角波,材料2,0.0383888265
4668,25,499980.0,293847.8121,三角波,材料2,0.0486466095
4669,25,499970.0,1467019.728,三角波,材料2,0.096624976
4670,25,63100.0,35016.60992,三角波,材料2,0.076789968
4671,25,63100.0,98403.54797,三角波,材料2,0.121851711
4672,25,63100.0,278503.737,三角波,材料2,0.19476107650000002
4673,25,63100.0,471617.3226,三角波,材料2,0.2458461645
4674,25,63100.0,798044.2081,三角波,材料2,0.308122932
4675,25,79520.0,26996.13867,三角波,材料2,0.0608595465
4676,25,79520.0,47745.01652,三角波,材料2,0.07792889950000001
4677,25,79520.0,78147.52647,三角波,材料2,0.0968250215
4678,25,79530.0,131923.3996,三角波,材料2,0.122279555
4679,25,79520.0,221688.0958,三角波,材料2,0.15436641299999998
4680,25,79530.0,375449.1615,三角波,材料2,0.194993511
4681,25,79520.0,633617.6883,三角波,材料2,0.2445838475
4682,25,79530.0,1082055.514,三角波,材料2,0.3093220165
4683,25,99900.0,19852.66029,三角波,材料2,0.0483041295
4684,25,99910.0,35980.71329,三角波,材料2,0.0619424985
4685,25,99910.0,59475.02248,三角波,材料2,0.07657541100000001
4686,25,99900.0,173395.7454,三角波,材料2,0.1226626
4687,25,99900.0,839880.2973,三角波,材料2,0.245767852
4688,25,99900.0,1437027.426,三角波,材料2,0.3073790285
4689,25,125890.0,27309.06681,三角波,材料2,0.049204134
4690,25,125890.0,46134.50905,三角波,材料2,0.0609257215
4691,25,125890.0,81425.0695,三角波,材料2,0.077239647
4692,25,125890.0,238149.8584,三角波,材料2,0.123100289
4693,25,125890.0,398420.8228,三角波,材料2,0.154506472
4694,25,125890.0,677090.8931,三角波,材料2,0.1954850305
4695,25,125890.0,1987012.997,三角波,材料2,0.3082180485
4696,25,158730.0,11094.74381,三角波,材料2,0.030565689
4697,25,158730.0,35264.7591,三角波,材料2,0.0486138335
4698,25,158730.0,63378.41592,三角波,材料2,0.061502158
4699,25,158730.0,110502.7778,三角波,材料2,0.07754238299999999
4700,25,158730.0,192120.5929,三角波,材料2,0.097901075
4701,25,158730.0,927661.2315,三角波,材料2,0.19418697099999999
4702,25,158730.0,2750045.773,三角波,材料2,0.30876009449999997
4703,25,199170.0,8493.822896,三角波,材料2,0.024368590500000002
4704,25,199170.0,15704.79192,三角波,材料2,0.031178062
4705,25,199170.0,27400.39436,三角波,材料2,0.038769477999999996
4706,25,199170.0,87386.01644,三角波,材料2,0.061775724500000004
4707,25,199170.0,155213.5174,三角波,材料2,0.077869838
4708,25,199170.0,264817.785,三角波,材料2,0.0977022285
4709,25,199170.0,455287.5829,三角波,材料2,0.1235673225
4710,25,199170.0,767976.5068,三角波,材料2,0.1545472755
4711,25,199170.0,1307223.049,三角波,材料2,0.19495046500000002
4712,25,199170.0,2234660.868,三角波,材料2,0.2458374995
4713,25,251230.0,6937.600673,三角波,材料2,0.0194048325
4714,25,251230.0,39771.61604,三角波,材料2,0.038940305
4715,25,251230.0,70612.03186,三角波,材料2,0.049172059000000004
4716,25,251230.0,1112709.57,三角波,材料2,0.1548949775
4717,25,251230.0,1883035.156,三角波,材料2,0.19533897700000002
4718,25,316450.0,18568.52323,三角波,材料2,0.024402608
4719,25,316450.0,33171.79804,三角波,材料2,0.030888394
4720,25,316450.0,104784.7301,三角波,材料2,0.049013899
4721,25,316450.0,184122.1132,三角波,材料2,0.061520438499999996
4722,25,316450.0,323265.8195,三角波,材料2,0.077673088
4723,25,316450.0,555631.8121,三角波,材料2,0.097093048
4724,25,316450.0,958287.5175,三角波,材料2,0.122536674
4725,25,396820.0,1435326.055,三角波,材料2,0.1226938345
4726,25,499970.0,5854.587267,三角波,材料2,0.009684710999999999
4727,25,499970.0,16598.32259,三角波,材料2,0.0154306715
4728,25,499970.0,85930.57893,三角波,材料2,0.0309420185
4729,25,499970.0,147545.5727,三角波,材料2,0.038788501
4730,50,79440.0,16918.81447,三角波,材料2,0.048655745
4731,50,125900.0,4352.776695,三角波,材料2,0.0193528605
4732,50,125890.0,7604.382436,三角波,材料2,0.024792014
4733,50,125890.0,12977.85527,三角波,材料2,0.030791008999999998
4734,50,125890.0,22624.92893,三角波,材料2,0.0389246065
4735,50,125900.0,118009.0313,三角波,材料2,0.077261732
4736,50,158750.0,2742.611034,三角波,材料2,0.012596009
4737,50,158750.0,4391.168204,三角波,材料2,0.015483124000000001
4738,50,158750.0,7593.024883,三角波,材料2,0.0198617655
4739,50,158740.0,12706.39085,三角波,材料2,0.02471931
4740,50,158750.0,21614.872,三角波,材料2,0.0311213235
4741,50,158750.0,107053.5536,三角波,材料2,0.06184954300000001
4742,50,158750.0,185669.7274,三角波,材料2,0.0781669
4743,50,158750.0,554681.3077,三角波,材料2,0.12383932850000001
4744,50,158750.0,950183.71,三角波,材料2,0.15526129249999998
4745,50,199170.0,7635.618019,三角波,材料2,0.015561677
4746,50,199160.0,12423.37421,三角波,材料2,0.0192955205
4747,50,199160.0,20749.27593,三角波,材料2,0.024382475
4748,50,199160.0,166477.3697,三角波,材料2,0.0611405495
4749,50,199170.0,488487.3545,三角波,材料2,0.096733579
4750,50,199170.0,836236.8425,三角波,材料2,0.1215319065
4751,50,251230.0,4813.772483,三角波,材料2,0.0096853595
4752,50,251230.0,13118.00747,三角波,材料2,0.0154077525
4753,50,251220.0,21596.96126,三角波,材料2,0.0194279115
4754,50,251220.0,35659.24074,三角波,材料2,0.024610901999999997
4755,50,251230.0,58595.30158,三角波,材料2,0.0306656175
4756,50,251230.0,97225.58019,三角波,材料2,0.0385685915
4757,50,251220.0,270102.1753,三角波,材料2,0.0609184495
4758,50,251220.0,460629.0787,三角波,材料2,0.077024752
4759,50,316460.0,8777.322807,三角波,材料2,0.0098700655
4760,50,316470.0,14036.14291,三角波,材料2,0.012275735
4761,50,316470.0,22686.45478,三角波,材料2,0.0154758525
4762,50,316460.0,37390.83939,三角波,材料2,0.019620644
4763,50,316470.0,99023.86313,三角波,材料2,0.030714796
4764,50,316470.0,161951.416,三角波,材料2,0.038804244
4765,50,316470.0,266721.7891,三角波,材料2,0.048503763000000005
4766,50,316460.0,447863.289,三角波,材料2,0.0613406165
4767,50,316470.0,748927.6579,三角波,材料2,0.076888793
4768,50,396800.0,15210.53957,三角波,材料2,0.009921178499999999
4769,50,396800.0,24599.61912,三角波,材料2,0.0125364865
4770,50,396800.0,64186.34021,三角波,材料2,0.019745393
4771,50,396800.0,102360.3515,三角波,材料2,0.024809943
4772,50,396800.0,167639.0301,三角波,材料2,0.0313105365
4773,50,396800.0,273543.6433,三角波,材料2,0.039135916
4774,50,396800.0,452455.4086,三角波,材料2,0.049520903500000005
4775,50,396810.0,745665.989,三角波,材料2,0.062105394499999994
4776,50,499980.0,66381.39787,三角波,材料2,0.015113135
4777,50,499960.0,445120.5821,三角波,材料2,0.0379068905
4778,50,79440.0,6600.885512,三角波,材料2,0.038075554
4779,50,79440.0,65829.30596,三角波,材料2,0.0980566245
4780,50,79440.0,113651.457,三角波,材料2,0.12280600450000001
4781,50,79440.0,351567.0582,三角波,材料2,0.193777239
4782,50,79430.0,619703.9552,三角波,材料2,0.24350918449999998
4783,50,99910.0,4850.424895,三角波,材料2,0.030297316
4784,50,99910.0,8849.880304,三角波,材料2,0.038590729500000004
4785,50,99910.0,15437.5091,三角波,材料2,0.048504416
4786,50,99910.0,27698.58253,三角波,材料2,0.0614177275
4787,50,99910.0,88735.79369,三角波,材料2,0.097703821
4788,50,99910.0,270919.8128,三角波,材料2,0.1542943645
4789,50,99910.0,475251.0864,三角波,材料2,0.1938126155
4790,50,99910.0,844525.9221,三角波,材料2,0.245333831
4791,50,99910.0,1464964.543,三角波,材料2,0.3065502375
4792,50,125890.0,3943.164632,三角波,材料2,0.023937189999999997
4793,50,125890.0,7204.031847,三角波,材料2,0.0305797555
4794,50,125890.0,22527.51936,三角波,材料2,0.048598043
4795,50,125890.0,41450.87239,三角波,材料2,0.0615695645
4796,50,125890.0,72872.24518,三角波,材料2,0.07716956450000001
4797,50,125900.0,127606.2803,三角波,材料2,0.09740547399999999
4798,50,125890.0,222863.744,三角波,材料2,0.1218042115
4799,50,125890.0,390418.3873,三角波,材料2,0.1531132485
4800,50,125890.0,685819.5881,三角波,材料2,0.19372811699999998
4801,50,125890.0,1191470.13,三角波,材料2,0.2421833235
4802,50,158740.0,3507.067729,三角波,材料2,0.0191356505
4803,50,158740.0,329295.5605,三角波,材料2,0.12205569050000001
4804,50,158740.0,577911.802,三角波,材料2,0.1544566495
4805,50,158740.0,1742358.471,三角波,材料2,0.244290153
4806,50,199170.0,9866.120875,三角波,材料2,0.0243345755
4807,50,199170.0,17260.83766,三角波,材料2,0.030866399500000002
4808,50,199170.0,30937.89243,三角波,材料2,0.039016928
4809,50,199170.0,92653.97738,三角波,材料2,0.061698046
4810,50,199170.0,162112.2618,三角波,材料2,0.07714778750000001
4811,50,199170.0,282091.958,三角波,材料2,0.0969801585
4812,50,199170.0,495543.9865,三角波,材料2,0.122584831
4813,50,199170.0,1478806.956,三角波,材料2,0.1941294365
4814,50,251230.0,5859.853876,三角波,材料2,0.0154468585
4815,50,251230.0,9917.97408,三角波,材料2,0.019498884
4816,50,251230.0,29359.41863,三角波,材料2,0.031111889
4817,50,251230.0,50244.55903,三角波,材料2,0.039045915
4818,50,251230.0,84920.85988,三角波,材料2,0.0491982505
4819,50,251230.0,146602.4589,三角波,材料2,0.061491654
4820,50,251230.0,1312538.939,三角波,材料2,0.1545404695
4821,50,316460.0,3674.016779,三角波,材料2,0.0096762595
4822,50,316460.0,6157.598617,三角波,材料2,0.0123209025
4823,50,316460.0,29209.44197,三角波,材料2,0.024812552
4824,50,316450.0,49031.62576,三角波,材料2,0.0310989525
4825,50,316460.0,82564.82815,三角波,材料2,0.0391802245
4826,50,316460.0,138550.2934,三角波,材料2,0.0490170505
4827,50,316460.0,236710.9147,三角波,材料2,0.061619818
4828,50,316460.0,694383.5381,三角波,材料2,0.0973925405
4829,50,396810.0,10838.57742,三角波,材料2,0.012189309999999998
4830,50,396810.0,17875.95943,三角波,材料2,0.015407974000000001
4831,50,396810.0,135027.2675,三角波,材料2,0.0383774915
4832,50,396810.0,223396.5185,三角波,材料2,0.048237073500000005
4833,50,396810.0,379885.0736,三角波,材料2,0.060966941
4834,50,499970.0,12023.33634,三角波,材料2,0.009726416
4835,50,499970.0,19662.17696,三角波,材料2,0.012298743000000001
4836,50,499970.0,32247.86426,三角波,材料2,0.01548433
4837,50,499970.0,52007.6529,三角波,材料2,0.019402019
4838,50,499970.0,138641.5637,三角波,材料2,0.030513968
4839,50,499970.0,228625.9858,三角波,材料2,0.038385274
4840,50,499970.0,377343.5117,三角波,材料2,0.0484539125
4841,50,499970.0,625698.7771,三角波,材料2,0.0605872955
4842,50,499980.0,1054885.335,三角波,材料2,0.07664681549999999
4843,50,63190.0,13603.56635,三角波,材料2,0.0607873055
4844,50,63180.0,41903.20233,三角波,材料2,0.097585148
4845,50,63190.0,124799.0414,三角波,材料2,0.153816494
4846,50,63180.0,387848.2573,三角波,材料2,0.24513746749999998
4847,50,79500.0,10463.74742,三角波,材料2,0.0483454205
4848,50,79500.0,32173.92672,三角波,材料2,0.077336712
4849,50,79500.0,55389.48778,三角波,材料2,0.0968120365
4850,50,79500.0,531692.2851,三角波,材料2,0.243609493
4851,50,99910.0,7614.940062,三角波,材料2,0.0384382865
4852,50,99910.0,13066.36063,三角波,材料2,0.0480968155
4853,50,99910.0,24052.59043,三角波,材料2,0.061532954
4854,50,99910.0,74905.4599,三角波,材料2,0.097216566
4855,50,99910.0,132194.6071,三角波,材料2,0.12337299
4856,50,99910.0,402947.2914,三角波,材料2,0.1934845935
4857,50,99900.0,720158.2966,三角波,材料2,0.245306317
4858,50,99910.0,1278629.394,三角波,材料2,0.30815806700000004
4859,50,125890.0,5959.087999,三角波,材料2,0.0305174295
4860,50,125900.0,18797.76546,三角波,材料2,0.0488138745
4861,50,125890.0,33254.74131,三角波,材料2,0.061135115000000004
4862,50,125890.0,324245.8415,三角波,材料2,0.153517576
4863,50,125890.0,1015169.901,三角波,材料2,0.24471035400000002
4864,50,125890.0,1775589.124,三角波,材料2,0.3055602345
4865,50,158730.0,4818.999325,三角波,材料2,0.0243443795
4866,50,158730.0,15259.91957,三角波,材料2,0.038875131
4867,50,158730.0,153903.3929,三角波,材料2,0.0981049885
4868,50,158730.0,2554393.465,三角波,材料2,0.308138877
4869,50,199170.0,7107.465369,三角波,材料2,0.0241676885
4870,50,199170.0,12865.8509,三角波,材料2,0.030849187
4871,50,199170.0,22623.7896,三角波,材料2,0.0386998095
4872,50,199170.0,72669.04453,三角波,材料2,0.0619013415
4873,50,199170.0,128129.6002,三角波,材料2,0.07769968899999999
4874,50,199170.0,222920.5057,三角波,材料2,0.096924475
4875,50,199170.0,1182788.633,三角波,材料2,0.193575256
4876,50,199170.0,2073884.436,三角波,材料2,0.2444807975
4877,50,251230.0,4015.368703,三角波,材料2,0.015408226
4878,50,251230.0,6707.707448,三角波,材料2,0.019251433
4879,50,251230.0,11928.43175,三角波,材料2,0.024679455500000003
4880,50,251230.0,36420.71005,三角波,材料2,0.038837319999999995
4881,50,251230.0,63960.39235,三角波,材料2,0.049302865
4882,50,251230.0,112202.5831,三角波,材料2,0.061880096
4883,50,251230.0,598797.0951,三角波,材料2,0.12312767299999999
4884,50,251230.0,1026751.082,三角波,材料2,0.15399785500000002
4885,50,251230.0,1778424.473,三角波,材料2,0.1947099785
4886,50,316450.0,4100.621166,三角波,材料2,0.012170309
4887,50,316450.0,6700.10901,三角波,材料2,0.0151970235
4888,50,316450.0,11591.51359,三角波,材料2,0.019401399
4889,50,316450.0,34142.08332,三角波,材料2,0.0305794635
4890,50,316450.0,59170.23917,三角波,材料2,0.038763123999999996
4891,50,316450.0,304380.51,三角波,材料2,0.0769268405
4892,50,316450.0,901487.5145,三角波,材料2,0.121166255
4893,50,396820.0,4406.652577,三角波,材料2,0.0097595335
4894,50,396810.0,7128.199844,三角波,材料2,0.0121951675
4895,50,396820.0,12139.80152,三角波,材料2,0.015563869000000001
4896,50,396820.0,58484.99275,三角波,材料2,0.031098327499999998
4897,50,396820.0,99180.55976,三角波,材料2,0.0390801655
4898,50,396820.0,165781.5913,三角波,材料2,0.0487425405
4899,50,396820.0,286148.1766,三角波,材料2,0.061744759499999996
4900,50,396820.0,490641.9468,三角波,材料2,0.077614005
4901,50,396820.0,835099.2859,三角波,材料2,0.0971793285
4902,50,396820.0,1435479.136,三角波,材料2,0.1227365455
4903,50,499970.0,21850.23982,三角波,材料2,0.0154468995
4904,50,499970.0,164838.8432,三角波,材料2,0.03840927399999999
4905,50,499970.0,276490.2326,三角波,材料2,0.048698643
4906,50,499970.0,465654.4814,三角波,材料2,0.0611932965
4907,50,499970.0,1334535.995,三角波,材料2,0.096746479
4908,50,63100.0,22414.47262,三角波,材料2,0.0767044325
4909,50,63100.0,67259.71974,三角波,材料2,0.12208096
4910,50,63100.0,117745.9293,三角波,材料2,0.154358096
4911,50,63100.0,366702.0221,三角波,材料2,0.245825343
4912,50,63100.0,645864.9377,三角波,材料2,0.3083516035
4913,50,79520.0,17083.03474,三角波,材料2,0.0610415705
4914,50,79520.0,30830.01777,三角波,材料2,0.0779766325
4915,50,79520.0,90996.72565,三角波,材料2,0.122420821
4916,50,79530.0,158672.6835,三角波,材料2,0.15445258550000002
4917,50,79520.0,280617.9455,三角波,材料2,0.1951945045
4918,50,79520.0,492536.6374,三角波,材料2,0.24474894400000002
4919,50,79520.0,882467.797,三角波,材料2,0.309477066
4920,50,99900.0,12724.4085,三角波,材料2,0.048392598999999994
4921,50,99910.0,22996.25512,三角波,材料2,0.0619932205
4922,50,99900.0,39390.74748,三角波,材料2,0.0770608085
4923,50,99900.0,121317.1219,三角波,材料2,0.122746261
4924,50,99910.0,214309.3051,三角波,材料2,0.1549526325
4925,50,99910.0,374849.6123,三角波,材料2,0.19451813950000002
4926,50,99900.0,669025.2976,三角波,材料2,0.2459220895
4927,50,125890.0,55127.28067,三角波,材料2,0.077429889
4928,50,125890.0,171145.8781,三角波,材料2,0.1232706955
4929,50,125890.0,297897.3917,三角波,材料2,0.1546118645
4930,50,125890.0,528286.0889,三角波,材料2,0.19555928150000002
4931,50,125890.0,933632.6892,三角波,材料2,0.244686597
4932,50,158730.0,7786.545617,三角波,材料2,0.030633273500000002
4933,50,158730.0,14159.61739,三角波,材料2,0.0391700355
4934,50,158730.0,43629.30901,三角波,材料2,0.061573917500000006
4935,50,158730.0,77775.41874,三角波,材料2,0.07765802299999999
4936,50,158730.0,139215.8815,三角波,材料2,0.0979304875
4937,50,158740.0,744890.6775,三角波,材料2,0.19440487550000002
4938,50,158730.0,1320888.348,三角波,材料2,0.2451974235
4939,50,158730.0,2354228.526,三角波,材料2,0.3090232625
4940,50,199170.0,6401.553861,三角波,材料2,0.024392647
4941,50,199170.0,11661.2319,三角波,材料2,0.031179155
4942,50,199170.0,35700.45179,三角波,材料2,0.0490560775
4943,50,199170.0,115535.5211,三角波,材料2,0.077957703
4944,50,199170.0,617025.965,三角波,材料2,0.1545575965
4945,50,199170.0,1081066.325,三角波,材料2,0.1950706475
4946,50,199170.0,1899509.551,三角波,材料2,0.24597895250000001
4947,50,251230.0,5794.541846,三角波,材料2,0.019409415
4948,50,251230.0,17693.17001,三角波,材料2,0.0308987695
4949,50,251230.0,31393.05812,三角波,材料2,0.039028654999999995
4950,50,251230.0,173639.562,三角波,材料2,0.07779081600000001
4951,50,251230.0,304772.4813,三角波,材料2,0.0982293015
4952,50,251230.0,528125.4496,三角波,材料2,0.1227964295
4953,50,251230.0,924947.9597,三角波,材料2,0.155033107
4954,50,251230.0,1603189.867,三角波,材料2,0.195498371
4955,50,316450.0,5667.497766,三角波,材料2,0.015380336500000001
4956,50,316450.0,9894.612693,三角波,材料2,0.0196835715
4957,50,316450.0,16435.98742,三角波,材料2,0.024469436499999997
4958,50,316450.0,28801.56915,三角波,材料2,0.030903599
4959,50,316450.0,87913.2286,三角波,材料2,0.0489947545
4960,50,316450.0,268863.1383,三角波,材料2,0.0777676565
4961,50,316450.0,1400205.058,三角波,材料2,0.15460242
4962,50,316450.0,2386915.818,三角波,材料2,0.194206865
4963,50,499970.0,6642.574953,三角波,材料2,0.009707466500000001
4964,50,499970.0,11309.24689,三角波,材料2,0.012454983499999999
4965,50,499970.0,18129.90787,三角波,材料2,0.015468973
4966,50,499970.0,50196.97461,三角波,材料2,0.0246089745
4967,50,499970.0,141465.6343,三角波,材料2,0.0388201485
4968,50,499970.0,237397.0141,三角波,材料2,0.0490383705
4969,50,499970.0,401378.3367,三角波,材料2,0.0612462135
4970,50,499970.0,687272.0606,三角波,材料2,0.0772554915
4971,70,79430.0,739709.3085,三角波,材料2,0.24445220699999998
4972,70,125890.0,2595.261246,三角波,材料2,0.0157536585
4973,70,125890.0,4079.884108,三角波,材料2,0.019386577500000002
4974,70,125890.0,6940.542188,三角波,材料2,0.0247724495
4975,70,125890.0,11477.46636,三角波,材料2,0.030874393
4976,70,125890.0,19483.10711,三角波,材料2,0.038944386
4977,70,125890.0,97010.79058,三角波,材料2,0.0773793995
4978,70,125890.0,171376.1354,三角波,材料2,0.09791290650000001
4979,70,125890.0,534460.9052,三角波,材料2,0.1549794465
4980,70,125890.0,928376.7621,三角波,材料2,0.1945637945
4981,70,158760.0,2784.518692,三角波,材料2,0.012604077500000001
4982,70,158750.0,4401.307659,三角波,材料2,0.0155343475
4983,70,158750.0,7384.401886,三角波,材料2,0.0198719345
4984,70,158760.0,11788.95841,三角波,材料2,0.024647671000000003
4985,70,158750.0,33249.72109,三角波,材料2,0.039472144
4986,70,158750.0,92372.7374,三角波,材料2,0.061811384
4987,70,158750.0,159694.9853,三角波,材料2,0.078279286
4988,70,158750.0,273614.8643,三角波,材料2,0.09794551500000001
4989,70,158760.0,481186.1178,三角波,材料2,0.123859048
4990,70,158750.0,829907.7682,三角波,材料2,0.155588757
4991,70,199170.0,4638.784608,三角波,材料2,0.0121609885
4992,70,199170.0,12410.00179,三角波,材料2,0.019340787499999998
4993,70,199170.0,33491.07657,三角波,材料2,0.030914821500000002
4994,70,199160.0,54278.95955,三角波,材料2,0.0385163225
4995,70,199160.0,88624.00794,三角波,材料2,0.048442411
4996,70,199170.0,739275.8414,三角波,材料2,0.1216431305
4997,70,251220.0,13249.21523,三角波,材料2,0.0154123735
4998,70,251230.0,21624.50448,三角波,材料2,0.019448957500000003
4999,70,251230.0,35137.5299,三角波,材料2,0.0246134005
5000,70,251240.0,56406.14433,三角波,材料2,0.0306343655
5001,70,251230.0,92216.90249,三角波,材料2,0.0385755615
5002,70,251230.0,248071.7626,三角波,材料2,0.0609978105
5003,70,251230.0,701280.3154,三角波,材料2,0.096820762
5004,70,316470.0,14288.62446,三角波,材料2,0.0122782365
5005,70,316470.0,22907.01319,三角波,材料2,0.015486234000000001
5006,70,316460.0,95689.29771,三角波,材料2,0.0307203125
5007,70,316470.0,154235.9504,三角波,材料2,0.0388497835
5008,70,316450.0,251198.249,三角波,材料2,0.0485913655
5009,70,316460.0,415534.3092,三角波,材料2,0.0613698675
5010,70,396800.0,15467.86217,三角波,材料2,0.009919302000000001
5011,70,396800.0,24792.80771,三角波,材料2,0.012559311
5012,70,396800.0,63417.53544,三角波,材料2,0.0197715455
5013,70,396810.0,425243.3392,三角波,材料2,0.049541707500000004
5014,70,396800.0,689820.0061,三角波,材料2,0.0621711155
5015,70,499970.0,41056.65694,三角波,材料2,0.0121157695
5016,70,499970.0,64779.18907,三角波,材料2,0.015112227
5017,70,499980.0,102221.6964,三角波,材料2,0.019082496499999997
5018,70,499980.0,163728.6101,三角波,材料2,0.0240402425
5019,70,499970.0,260854.369,三角波,材料2,0.0300191235
5020,70,499980.0,423045.7731,三角波,材料2,0.037909575
5021,70,79440.0,3965.597441,三角波,材料2,0.0381462405
5022,70,79440.0,7250.341247,三角波,材料2,0.0485661595
5023,70,79440.0,23384.0102,三角波,材料2,0.077343807
5024,70,79440.0,44031.14311,三角波,材料2,0.0981352075
5025,70,79430.0,275474.3289,三角波,材料2,0.194061476
5026,70,79440.0,504944.8073,三角波,材料2,0.243832128
5027,70,79440.0,917446.7519,三角波,材料2,0.3082263475
5028,70,99900.0,3215.404908,三角波,材料2,0.030320443
5029,70,99910.0,5797.500527,三角波,材料2,0.0386706395
5030,70,99910.0,62257.34242,三角波,材料2,0.097824736
5031,70,99910.0,113855.0564,三角波,材料2,0.123377165
5032,70,99910.0,210776.0882,三角波,材料2,0.1544882135
5033,70,99910.0,387872.6962,三角波,材料2,0.19393196699999998
5034,70,99910.0,712647.6192,三角波,材料2,0.2453913035
5035,70,99910.0,1264691.444,三角波,材料2,0.3066990155
5036,70,125890.0,5437.441922,三角波,材料2,0.030542425499999998
5037,70,125890.0,52593.56578,三角波,材料2,0.077319943
5038,70,125890.0,94389.58418,三角波,材料2,0.0973344525
5039,70,125900.0,171930.3531,三角波,材料2,0.122009646
5040,70,125890.0,573632.7595,三角波,材料2,0.1937688705
5041,70,125890.0,1021165.296,三角波,材料2,0.242432089
5042,70,125890.0,1836453.587,三角波,材料2,0.306477369
5043,70,158740.0,5390.818838,三角波,材料2,0.024425659500000002
5044,70,158740.0,9066.448495,三角波,材料2,0.030735478
5045,70,158740.0,15549.10974,三角波,材料2,0.038853809
5046,70,158750.0,148105.8935,三角波,材料2,0.097190947
5047,70,158750.0,264900.8624,三角波,材料2,0.122081087
5048,70,158750.0,481204.3527,三角波,材料2,0.1543945915
5049,70,158740.0,850652.6824,三角波,材料2,0.1932413955
5050,70,158740.0,1518910.229,三角波,材料2,0.2444394705
5051,70,199170.0,5512.910677,三角波,材料2,0.0194218385
5052,70,199170.0,15343.60262,三角波,材料2,0.030895783499999996
5053,70,199170.0,26635.46025,三角波,材料2,0.039050026
5054,70,199160.0,76388.59743,三角波,材料2,0.061732343999999995
5055,70,199170.0,233609.2836,三角波,材料2,0.09701309350000001
5056,70,199170.0,415367.9247,三角波,材料2,0.1226913195
5057,70,199170.0,727534.279,三角波,材料2,0.15359963999999998
5058,70,199170.0,1283780.496,三角波,材料2,0.1942311155
5059,70,251230.0,3573.59563,三角波,材料2,0.0121648605
5060,70,251230.0,9798.382602,三角波,材料2,0.0194583205
5061,70,251230.0,16295.84333,三角波,材料2,0.024656275499999998
5062,70,251230.0,45587.14123,三角波,材料2,0.0390110075
5063,70,251230.0,76598.30742,三角波,材料2,0.0492287225
5064,70,251230.0,127900.1521,三角波,材料2,0.06150559
5065,70,251230.0,382859.3085,三角波,材料2,0.09774918199999999
5066,70,251230.0,1149258.825,三角波,材料2,0.1547764445
5067,70,316460.0,4024.085805,三角波,材料2,0.009720024
5068,70,316460.0,10763.29038,三角波,材料2,0.0155823365
5069,70,316460.0,17545.7072,三角波,材料2,0.019672903999999998
5070,70,316460.0,29057.63492,三角波,材料2,0.024848115
5071,70,316450.0,78137.98074,三角波,材料2,0.0392172395
5072,70,316460.0,127441.4527,三角波,材料2,0.049006881
5073,70,316460.0,214067.6745,三角波,材料2,0.061647942
5074,70,316460.0,366007.6011,三角波,材料2,0.0779355525
5075,70,316460.0,618487.492,三角波,材料2,0.097499578
5076,70,316460.0,1063941.977,三角波,材料2,0.123331683
5077,70,396810.0,11575.90092,三角波,材料2,0.012221026
5078,70,396810.0,18676.87614,三角波,材料2,0.0154253225
5079,70,396810.0,79889.89515,三角波,材料2,0.030770153
5080,70,396810.0,129323.4421,三角波,材料2,0.03840429
5081,70,396810.0,350258.4807,三角波,材料2,0.060932884
5082,70,396810.0,582805.1096,三角波,材料2,0.076284233
5083,70,396810.0,986597.1457,三角波,材料2,0.096474562
5084,70,499970.0,12417.01974,三角波,材料2,0.0096769495
5085,70,499970.0,32755.9136,三角波,材料2,0.0154746905
5086,70,499970.0,51911.38307,三角波,材料2,0.019426161
5087,70,499970.0,134161.0613,三角波,材料2,0.030507674999999998
5088,70,499970.0,217988.2679,三角波,材料2,0.038406660999999995
5089,70,499970.0,578814.0633,三角波,材料2,0.0606189755
5090,70,499970.0,963796.1449,三角波,材料2,0.076667979
5091,70,63180.0,13790.25463,三角波,材料2,0.07623830000000001
5092,70,63190.0,26242.88911,三角波,材料2,0.097631992
5093,70,63180.0,89834.32911,三角波,材料2,0.154061359
5094,70,63180.0,169417.9136,三角波,材料2,0.1954092475
5095,70,63180.0,314118.448,三角波,材料2,0.24543451300000002
5096,70,79500.0,19392.17825,三角波,材料2,0.07744213750000001
5097,70,79490.0,65836.91733,三角波,材料2,0.1224912565
5098,70,79500.0,124952.3832,三角波,材料2,0.155609875
5099,70,79500.0,233037.4353,三角波,材料2,0.195276558
5100,70,79500.0,429887.288,三角波,材料2,0.243708898
5101,70,79500.0,792408.6113,三角波,材料2,0.3087604815
5102,70,99910.0,7915.430165,三角波,材料2,0.048093369
5103,70,99900.0,14504.22855,三角波,材料2,0.0615219595
5104,70,99900.0,26469.99233,三角波,材料2,0.07702197150000001
5105,70,99910.0,49600.02207,三角波,材料2,0.09714410500000001
5106,70,99910.0,173371.2281,三角波,材料2,0.15500720350000002
5107,70,99910.0,1092214.155,三角波,材料2,0.3082197385
5108,70,125890.0,3997.046638,三角波,材料2,0.030563239
5109,70,125890.0,12515.89327,三角波,材料2,0.048931538499999996
5110,70,125890.0,21825.12654,三角波,材料2,0.0611697125
5111,70,125890.0,137226.8692,三角波,材料2,0.12294573
5112,70,125890.0,252029.6041,三角波,材料2,0.153533095
5113,70,125890.0,467763.7508,三角波,材料2,0.194736736
5114,70,125890.0,859040.6324,三角波,材料2,0.244762852
5115,70,125890.0,1539550.523,三角波,材料2,0.3057774475
5116,70,158730.0,3678.1529,三角波,材料2,0.0243750485
5117,70,158730.0,34903.13641,三角波,材料2,0.061629128000000005
5118,70,158730.0,63322.95425,三角波,材料2,0.0780903415
5119,70,158730.0,2244065.366,三角波,材料2,0.3083271425
5120,70,199160.0,3688.570625,三角波,材料2,0.019340949500000003
5121,70,199170.0,6135.718667,三角波,材料2,0.0242039015
5122,70,199170.0,10731.19907,三角波,材料2,0.03102758
5123,70,199170.0,18084.25355,三角波,材料2,0.038679537
5124,70,199170.0,32199.61044,三角波,材料2,0.0488196365
5125,70,199170.0,56416.64429,三角波,材料2,0.061973946
5126,70,199170.0,99736.62623,三角波,材料2,0.07782256300000001
5127,70,199170.0,317738.4002,三角波,材料2,0.12308124349999999
5128,70,199170.0,572546.6844,三角波,材料2,0.154667577
5129,70,199160.0,1009136.632,三角波,材料2,0.193598464
5130,70,251230.0,6514.083654,三角波,材料2,0.0193210335
5131,70,251230.0,31800.49897,三角波,材料2,0.0388596975
5132,70,251230.0,54925.99473,三角波,材料2,0.049375671499999996
5133,70,251230.0,161552.529,三角波,材料2,0.0772987625
5134,70,251230.0,286292.027,三角波,材料2,0.0979453485
5135,70,251230.0,504871.7337,三角波,材料2,0.123139935
5136,70,251230.0,882324.7773,三角波,材料2,0.15410831349999998
5137,70,251230.0,1550036.051,三角波,材料2,0.19481086949999998
5138,70,316450.0,4423.095564,三角波,材料2,0.012170871
5139,70,316450.0,7089.045301,三角波,材料2,0.015217904
5140,70,316450.0,11888.03473,三角波,材料2,0.019446696
5141,70,316450.0,32524.66757,三角波,材料2,0.030588961
5142,70,316450.0,1371517.468,三角波,材料2,0.1532327695
5143,70,396820.0,4949.312302,三角波,材料2,0.009763873
5144,70,396810.0,7842.641694,三角波,材料2,0.012223996
5145,70,396820.0,21072.02314,三角波,材料2,0.019561646000000002
5146,70,396820.0,34658.02757,三角波,材料2,0.0245466065
5147,70,396820.0,57328.74681,三角波,材料2,0.031156696999999997
5148,70,396820.0,94176.28832,三角波,材料2,0.039115699500000004
5149,70,396820.0,260053.3362,三角波,材料2,0.061820446
5150,70,396820.0,441332.9038,三角波,材料2,0.0776913745
5151,70,396820.0,746029.2221,三角波,材料2,0.09726791400000001
5152,70,396820.0,1281326.689,三角波,材料2,0.1228681345
5153,70,499970.0,8602.570857,三角波,材料2,0.009668659999999999
5154,70,499970.0,14144.9296,三角波,材料2,0.012333063
5155,70,499970.0,59674.03793,三角波,材料2,0.0245704235
5156,70,499970.0,97274.13382,三角波,材料2,0.030874973
5157,70,499970.0,157393.628,三角波,材料2,0.0384676315
5158,70,499970.0,258375.7524,三角波,材料2,0.048761717499999996
5159,70,499970.0,714989.887,三角波,材料2,0.076671584
5160,70,499970.0,1208151.781,三角波,材料2,0.096854042
5161,70,63100.0,24960.6854,三角波,材料2,0.098580352
5162,70,63100.0,537214.0636,三角波,材料2,0.30853489700000003
5163,70,79530.0,32549.69895,三角波,材料2,0.0971204285
5164,70,79520.0,215279.8903,三角波,材料2,0.19538275449999998
5165,70,79520.0,398349.4154,三角波,材料2,0.2450115475
5166,70,99900.0,7494.743755,三角波,材料2,0.0484113855
5167,70,99900.0,13578.35273,三角波,材料2,0.0620355435
5168,70,99900.0,23950.65226,三角波,材料2,0.077061488
5169,70,99910.0,44909.92051,三角波,材料2,0.09745122349999999
5170,70,99910.0,158583.963,三角波,材料2,0.1553069185
5171,70,99900.0,293656.6741,三角波,材料2,0.1946953335
5172,70,99900.0,550602.0077,三角波,材料2,0.24601759950000002
5173,70,125890.0,6215.227084,三角波,材料2,0.038505177
5174,70,125890.0,11349.30268,三角波,材料2,0.0494147335
5175,70,125890.0,19294.76853,三角波,材料2,0.061215758499999995
5176,70,125890.0,65839.2648,三角波,材料2,0.0977692245
5177,70,125890.0,782158.74,三角波,材料2,0.2446697795
5178,70,125890.0,1445865.282,三角波,材料2,0.30867188850000005
5179,70,158730.0,5449.456566,三角波,材料2,0.0306588365
5180,70,158730.0,9756.709737,三角波,材料2,0.039279735999999996
5181,70,158730.0,29726.01383,三角波,材料2,0.061661725
5182,70,158740.0,181338.6756,三角波,材料2,0.122981695
5183,70,158730.0,335966.6173,三角波,材料2,0.155434578
5184,70,158730.0,612195.7672,三角波,材料2,0.1943482655
5185,70,158730.0,1125605.81,三角波,材料2,0.2451747875
5186,70,199170.0,9168.407971,三角波,材料2,0.0313056435
5187,70,199170.0,15222.49136,三角波,材料2,0.038812956499999995
5188,70,199160.0,47351.57585,三角波,材料2,0.061894567
5189,70,199170.0,154225.9346,三角波,材料2,0.097880143
5190,70,199170.0,279720.0637,三角波,材料2,0.123757116
5191,70,199170.0,504808.0626,三角波,材料2,0.15476995300000002
5192,70,199170.0,913205.6412,三角波,材料2,0.19524871900000002
5193,70,199170.0,1647504.151,三角波,材料2,0.24617873699999998
5194,70,251230.0,15401.19098,三角波,材料2,0.0310217845
5195,70,251230.0,45761.30376,三角波,材料2,0.0493198475
5196,70,251230.0,248278.4075,三角波,材料2,0.098407142
5197,70,251230.0,437705.2873,三角波,材料2,0.122978492
5198,70,251230.0,2430047.588,三角波,材料2,0.2457274135
5199,70,316450.0,16176.24013,三角波,材料2,0.024476290499999998
5200,70,316450.0,27082.88115,三角波,材料2,0.030922942
5201,70,316450.0,131821.0468,三角波,材料2,0.061617581500000004
5202,70,316450.0,697241.3615,三角波,材料2,0.12266885999999999
5203,70,499970.0,7211.549873,三角波,材料2,0.0097142385
5204,70,499970.0,11988.94683,三角波,材料2,0.012465074
5205,70,499970.0,18949.93726,三角波,材料2,0.015505655
5206,70,499970.0,30967.23849,三角波,材料2,0.019586989
5207,70,499970.0,82481.36787,三角波,材料2,0.030998579499999998
5208,70,499970.0,223035.8983,三角波,材料2,0.049080316
5209,70,499970.0,367472.6171,三角波,材料2,0.061319442
5210,90,125900.0,2769.697237,三角波,材料2,0.015747871
5211,90,125900.0,55173.09892,三角波,材料2,0.06151152
5212,90,125890.0,525385.6155,三角波,材料2,0.154825252
5213,90,158750.0,33535.21803,三角波,材料2,0.0394049185
5214,90,158750.0,54343.00222,三角波,材料2,0.0491498295
5215,90,158750.0,91680.8829,三角波,材料2,0.061783939499999996
5216,90,158750.0,157077.9989,三角波,材料2,0.0782033105
5217,90,158750.0,267908.5038,三角波,材料2,0.097934149
5218,90,158740.0,468963.1285,三角波,材料2,0.12377426450000001
5219,90,199170.0,3199.236528,三角波,材料2,0.009855814000000001
5220,90,199180.0,12915.41961,三角波,材料2,0.019307253
5221,90,199170.0,34240.7481,三角波,材料2,0.0309021325
5222,90,199160.0,54768.99348,三角波,材料2,0.038449191
5223,90,199160.0,148671.5237,三角波,材料2,0.061210516
5224,90,199170.0,716691.1479,三角波,材料2,0.121492774
5225,90,251220.0,13787.4013,三角波,材料2,0.0153943555
5226,90,251230.0,22273.93264,三角波,材料2,0.019445892
5227,90,251230.0,35816.81202,三角波,材料2,0.024562157
5228,90,251220.0,56992.90859,三角波,材料2,0.030595372500000002
5229,90,251230.0,244106.3443,三角波,材料2,0.060928403
5230,90,251230.0,408161.6631,三角波,材料2,0.07708006
5231,90,251230.0,681053.6883,三角波,材料2,0.096706159
5232,90,316460.0,9431.957061,三角波,材料2,0.009896739
5233,90,316470.0,14711.01953,三角波,材料2,0.0122610755
5234,90,316460.0,59866.57932,三角波,材料2,0.024385239500000003
5235,90,316460.0,95871.31154,三角波,材料2,0.0307320315
5236,90,316470.0,153649.7418,三角波,材料2,0.0387802375
5237,90,316470.0,666213.2412,三角波,材料2,0.07698843050000001
5238,90,396800.0,15835.94738,三角波,材料2,0.009943043
5239,90,396800.0,63649.66816,三角波,材料2,0.0197347755
5240,90,396800.0,160545.5457,三角波,材料2,0.031326059
5241,90,396810.0,257073.6362,三角波,材料2,0.039135601
5242,90,396800.0,418067.3871,三角波,材料2,0.049467982
5243,90,396800.0,675971.5406,三角波,材料2,0.0620925005
5244,90,499970.0,26018.54674,三角波,材料2,0.009556214
5245,90,499980.0,41713.27261,三角波,材料2,0.0121225885
5246,90,499970.0,65380.07301,三角波,材料2,0.0150927675
5247,90,499970.0,103177.4049,三角波,材料2,0.019061441999999998
5248,90,499980.0,164763.1218,三角波,材料2,0.023986746
5249,90,499960.0,416911.0063,三角波,材料2,0.0378655165
5250,90,499970.0,668981.3152,三角波,材料2,0.047512030499999997
5251,90,79440.0,5954.470596,三角波,材料2,0.048634261
5252,90,79430.0,10490.64453,三角波,材料2,0.060849244
5253,90,79430.0,19645.49354,三角波,材料2,0.07719917300000001
5254,90,79440.0,38756.25033,三角波,材料2,0.098075666
5255,90,79440.0,74499.69637,三角波,材料2,0.122859176
5256,90,79440.0,273033.0778,三角波,材料2,0.1938655015
5257,90,79440.0,504297.998,三角波,材料2,0.24354961549999998
5258,90,99910.0,2917.449795,三角波,材料2,0.0302830405
5259,90,99910.0,56460.7108,三角波,材料2,0.0977156985
5260,90,99910.0,107014.6915,三角波,材料2,0.123314562
5261,90,99910.0,385721.8423,三角波,材料2,0.193855495
5262,90,125890.0,14969.70033,三角波,材料2,0.0485801775
5263,90,125900.0,27717.03333,三角波,材料2,0.061679337
5264,90,125890.0,48988.44316,三角波,材料2,0.077155469
5265,90,125890.0,310089.0991,三角波,材料2,0.15306513500000002
5266,90,125890.0,572569.564,三角波,材料2,0.193697923
5267,90,125890.0,1013472.802,三角波,材料2,0.242060405
5268,90,158740.0,9116.505237,三角波,材料2,0.0306226545
5269,90,158750.0,46037.68138,三角波,材料2,0.061507528
5270,90,158740.0,144124.4387,三角波,材料2,0.0970499595
5271,90,158740.0,262530.1011,三角波,材料2,0.1220746455
5272,90,158740.0,847210.3433,三角波,材料2,0.1931226165
5273,90,158750.0,1514192.745,三角波,材料2,0.24410015200000001
5274,90,199170.0,3580.256252,三角波,材料2,0.0151913685
5275,90,199170.0,5937.019339,三角波,材料2,0.019374426
5276,90,199170.0,9600.650682,三角波,材料2,0.0243472365
5277,90,199170.0,27260.61163,三角波,材料2,0.039009548500000005
5278,90,199170.0,76473.1808,三角波,材料2,0.0617183225
5279,90,199170.0,230945.0137,三角波,材料2,0.0969338505
5280,90,199170.0,413459.5694,三角波,材料2,0.122574455
5281,90,199170.0,720992.4137,三角波,材料2,0.1532515365
5282,90,199170.0,1277830.757,三角波,材料2,0.19396623200000002
5283,90,251230.0,6513.144079,三角波,材料2,0.0154364945
5284,90,251230.0,10567.10406,三角波,材料2,0.019483551
5285,90,251230.0,46844.74842,三角波,材料2,0.038979281
5286,90,251230.0,76666.51791,三角波,材料2,0.0491865415
5287,90,251230.0,378788.5195,三角波,材料2,0.09771255100000001
5288,90,251230.0,1132705.639,三角波,材料2,0.154542488
5289,90,316460.0,4344.320615,三角波,材料2,0.009682305
5290,90,316460.0,11416.72671,三角波,材料2,0.015501294499999999
5291,90,316460.0,18481.39501,三角波,材料2,0.019636831
5292,90,316470.0,48575.35832,三角波,材料2,0.031073463
5293,90,316460.0,79387.57353,三角波,材料2,0.0392197015
5294,90,316460.0,128328.6845,三角波,材料2,0.048953591
5295,90,316460.0,362174.6437,三角波,材料2,0.07784766400000001
5296,90,316460.0,1044220.895,三角波,材料2,0.12309836199999999
5297,90,396810.0,12009.41346,三角波,材料2,0.012164138
5298,90,396810.0,19422.6685,三角波,材料2,0.015398881
5299,90,396810.0,31519.94164,三角波,材料2,0.019414268499999998
5300,90,396810.0,348079.5526,三角波,材料2,0.060950014999999996
5301,90,396810.0,573152.8711,三角波,材料2,0.0762291325
5302,90,499970.0,12958.11719,三角波,材料2,0.009700095
5303,90,499970.0,20774.89095,三角波,材料2,0.012266233500000001
5304,90,499970.0,33462.42424,三角波,材料2,0.0154561415
5305,90,499970.0,134764.847,三角波,材料2,0.0305248485
5306,90,499970.0,217066.3148,三角波,材料2,0.0383449115
5307,90,499970.0,350618.8601,三角波,材料2,0.0484352205
5308,90,499980.0,941174.6315,三角波,材料2,0.0765628135
5309,90,63190.0,5871.970342,三角波,材料2,0.060813135
5310,90,63180.0,10917.26446,三角波,材料2,0.0763925235
5311,90,63180.0,21658.1299,三角波,材料2,0.0974344715
5312,90,63190.0,42507.28763,三角波,材料2,0.12182562599999999
5313,90,63180.0,84664.2331,三角波,材料2,0.1539886445
5314,90,63190.0,167447.2199,三角波,材料2,0.19529808399999998
5315,90,63190.0,315029.2479,三角波,材料2,0.2452668425
5316,90,63190.0,560173.0846,三角波,材料2,0.306072727
5317,90,79500.0,4608.06788,三角波,材料2,0.0483889785
5318,90,79500.0,29592.06795,三角波,材料2,0.09668579399999999
5319,90,79500.0,59558.23858,三角波,材料2,0.1223948485
5320,90,79500.0,229752.379,三角波,材料2,0.195167264
5321,90,79500.0,430632.6788,三角波,材料2,0.2435928885
5322,90,79500.0,780492.4168,三角波,材料2,0.30868247400000004
5323,90,99900.0,11844.75227,三角波,材料2,0.061376456499999996
5324,90,99910.0,22020.27172,三角波,材料2,0.0767819105
5325,90,99910.0,43443.61962,三角波,材料2,0.097160548
5326,90,99910.0,85262.88498,三角波,材料2,0.12334054350000001
5327,90,99910.0,166256.5137,三角波,材料2,0.154841821
5328,90,99910.0,317332.4056,三角波,材料2,0.19347692900000002
5329,90,99900.0,597365.2946,三角波,材料2,0.2450785805
5330,90,99910.0,1080374.614,三角波,材料2,0.308171872
5331,90,125900.0,3550.68744,三角波,材料2,0.030482579000000003
5332,90,125900.0,36171.38356,三角波,材料2,0.07717413249999999
5333,90,125890.0,128896.4232,三角波,材料2,0.1229659275
5334,90,125890.0,245528.7633,三角波,材料2,0.1533553895
5335,90,125890.0,861730.3108,三角波,材料2,0.244602217
5336,90,125890.0,1531969.385,三角波,材料2,0.305364334
5337,90,158730.0,3631.786133,三角波,材料2,0.024370948
5338,90,158730.0,32471.76746,三角波,材料2,0.061522076999999994
5339,90,158730.0,59211.46679,三角波,材料2,0.0780335885
5340,90,158730.0,107956.8387,三角波,材料2,0.09799353599999999
5341,90,158730.0,198790.1701,三角波,材料2,0.122408011
5342,90,158730.0,374899.6746,三角波,材料2,0.15512659
5343,90,158730.0,689600.3019,三角波,材料2,0.1951475375
5344,90,158730.0,2251099.122,三角波,材料2,0.3078179595
5345,90,199170.0,4023.588584,三角波,材料2,0.019350705
5346,90,199170.0,6442.17316,三角波,材料2,0.0241601485
5347,90,199170.0,18265.11589,三角波,材料2,0.038674415
5348,90,199170.0,31924.15044,三角波,材料2,0.0486975905
5349,90,199170.0,55150.91391,三角波,材料2,0.0619046565
5350,90,199170.0,1011721.234,三角波,材料2,0.193179735
5351,90,199170.0,1823489.659,三角波,材料2,0.24419162900000002
5352,90,251230.0,11869.04469,三角波,材料2,0.0246651115
5353,90,251230.0,19324.71841,三角波,材料2,0.030813591
5354,90,251230.0,54974.99425,三角波,材料2,0.049290095
5355,90,251230.0,93428.53816,三角波,材料2,0.0618678055
5356,90,251230.0,160380.0629,三角波,材料2,0.07716420700000001
5357,90,251230.0,283816.1541,三角波,材料2,0.097891219
5358,90,251230.0,503643.1676,三角波,材料2,0.1230021845
5359,90,251230.0,876919.6971,三角波,材料2,0.153779635
5360,90,316450.0,4900.271977,三角波,材料2,0.012175975
5361,90,316450.0,33858.09922,三角波,材料2,0.0305633345
5362,90,316450.0,56179.7858,三角波,材料2,0.038733089
5363,90,316450.0,92291.41485,三角波,材料2,0.048761363
5364,90,316450.0,264847.4328,三角波,材料2,0.07699072800000001
5365,90,316450.0,455051.0219,三角波,材料2,0.096797179
5366,90,316450.0,1355989.326,三角波,材料2,0.15294790000000003
5367,90,396810.0,5353.768256,三角波,材料2,0.009758987
5368,90,396820.0,22166.33865,三角波,材料2,0.019552561500000003
5369,90,396820.0,35770.68168,三角波,材料2,0.024558542500000002
5370,90,396820.0,58536.5101,三角波,材料2,0.0310906075
5371,90,396820.0,95751.76379,三角波,材料2,0.0391127745
5372,90,396820.0,154134.15,三角波,材料2,0.048696454
5373,90,396820.0,259940.1198,三角波,材料2,0.061750651000000004
5374,90,396820.0,735513.807,三角波,材料2,0.097088562
5375,90,499970.0,14903.8318,三角波,材料2,0.012320504999999999
5376,90,499970.0,23641.48285,三角波,材料2,0.015429113000000001
5377,90,499970.0,38040.92897,三角波,材料2,0.019361339999999998
5378,90,499970.0,61396.18938,三角波,材料2,0.0245709015
5379,90,499970.0,258564.348,三角波,材料2,0.048693094
5380,90,499970.0,427365.5179,三角波,材料2,0.061252737
5381,90,499970.0,705353.3183,三角波,材料2,0.07661028349999999
5382,90,499970.0,1184169.919,三角波,材料2,0.0967201115
5383,90,63100.0,20506.58357,三角波,材料2,0.098431186
5384,90,63100.0,38959.8883,三角波,材料2,0.1221701105
5385,90,63100.0,79367.62078,三角波,材料2,0.1545596815
5386,90,63100.0,156252.7407,三角波,材料2,0.19491373
5387,90,63100.0,295717.5849,三角波,材料2,0.246062428
5388,90,79520.0,7539.186359,三角波,材料2,0.061044484499999996
5389,90,79520.0,54068.53089,三角波,材料2,0.122531273
5390,90,79530.0,212441.9404,三角波,材料2,0.195139006
5391,90,79520.0,733199.0868,三角波,材料2,0.3095755585
5392,90,99900.0,5646.570389,三角波,材料2,0.0484297625
5393,90,99910.0,19616.05455,三角波,材料2,0.0769407715
5394,90,99900.0,38089.99016,三角波,材料2,0.097234606
5395,90,99900.0,75532.64114,三角波,材料2,0.122738804
5396,90,99910.0,289572.3021,三角波,材料2,0.194610158
5397,90,125890.0,5307.915365,三角波,材料2,0.038525259
5398,90,125890.0,9673.052859,三角波,材料2,0.0493437025
5399,90,125890.0,16328.42315,三角波,材料2,0.061141001
5400,90,125890.0,58740.61353,三角波,材料2,0.0976425175
5401,90,125890.0,115091.4652,三角波,材料2,0.123258076
5402,90,125890.0,421243.1186,三角波,材料2,0.195566659
5403,90,125890.0,1439173.141,三角波,材料2,0.308286887
5404,90,158740.0,8916.227358,三角波,材料2,0.039189409
5405,90,158730.0,15071.15094,三角波,材料2,0.0485793735
5406,90,158730.0,93482.34644,三角波,材料2,0.097974089
5407,90,158730.0,172926.8156,三角波,材料2,0.12286303700000001
5408,90,158730.0,611998.8406,三角波,材料2,0.19429808450000002
5409,90,158740.0,1140242.199,三角波,材料2,0.24507131100000001
5410,90,158730.0,2074797.042,三角波,材料2,0.308790439
5411,90,199170.0,5421.677875,三角波,材料2,0.0244321815
5412,90,199170.0,9300.337035,三角波,材料2,0.031261434
5413,90,199170.0,15109.39079,三角波,材料2,0.038763203999999996
5414,90,199170.0,45649.54559,三角波,材料2,0.0618158135
5415,90,199170.0,83363.23236,三角波,材料2,0.0779630125
5416,90,199170.0,149115.1564,三角波,材料2,0.097848303
5417,90,199170.0,501154.4233,三角波,材料2,0.154526994
5418,90,251230.0,16064.29692,三角波,材料2,0.0308888415
5419,90,251230.0,26957.19114,三角波,材料2,0.039011447500000004
5420,90,251230.0,45759.5104,三角波,材料2,0.0492096685
5421,90,251230.0,79398.74641,三角波,材料2,0.062030866000000004
5422,90,251230.0,244584.9692,三角波,材料2,0.09827031950000001
5423,90,251230.0,782056.4547,三角波,材料2,0.15495694100000001
5424,90,251230.0,1393404.584,三角波,材料2,0.19544128849999998
5425,90,251230.0,2475607.66,三角波,材料2,0.24542435499999998
5426,90,316450.0,10949.60766,三角波,材料2,0.019680576499999998
5427,90,316450.0,17265.57554,三角波,材料2,0.0244910445
5428,90,316450.0,28679.77649,三角波,材料2,0.0309675715
5429,90,316450.0,47154.35905,三角波,材料2,0.0389852305
5430,90,316450.0,78889.48266,三角波,材料2,0.0490123365
5431,90,316450.0,132632.7663,三角波,材料2,0.06151348
5432,90,316450.0,229617.6991,三角波,材料2,0.0777422815
5433,90,316450.0,396536.2924,三角波,材料2,0.0971424345
5434,90,316450.0,698783.687,三角波,材料2,0.122532083
5435,90,316450.0,1220458.055,三角波,材料2,0.154598454
5436,90,316450.0,2115037.701,三角波,材料2,0.194126128
5437,90,499970.0,7835.58571,三角波,材料2,0.0097250805
5438,90,499970.0,12885.53251,三角波,材料2,0.0124612875
5439,90,499970.0,32633.28384,三角波,材料2,0.0195793455
5440,90,499970.0,52137.38582,三角波,材料2,0.0246651205
5441,90,499970.0,85030.20855,三角波,材料2,0.030988285
5442,90,499970.0,136988.7001,三角波,材料2,0.038826089
5443,90,499970.0,223172.8676,三角波,材料2,0.049042506
5444,90,499970.0,368760.2617,三角波,材料2,0.061276185
5445,25,396820.0,29541.11087,三角波,材料2,0.024538536
5446,25,396820.0,51880.4666,三角波,材料2,0.030957602
5447,25,396820.0,281428.9004,三角波,材料2,0.061726576500000005
5448,25,499970.0,1298882.472,三角波,材料2,0.097328924
5449,25,499970.0,2196199.974,三角波,材料2,0.1222941305
5450,25,199170.0,15560.72125,三角波,材料2,0.03115499
5451,25,396820.0,5738.546733,三角波,材料2,0.012206777
5452,25,396820.0,29405.85185,三角波,材料2,0.02456392
5453,25,396820.0,280554.3163,三角波,材料2,0.0617433325
5454,25,396820.0,485252.5939,三角波,材料2,0.077147047
5455,25,396820.0,1434332.351,三角波,材料2,0.122778596
5456,25,396820.0,2415876.194,三角波,材料2,0.15438316800000002
5457,25,50080.0,9195.179236,梯形波,材料2,0.047598528
5458,25,50070.0,16331.46002,梯形波,材料2,0.0603456815
5459,25,50060.0,28603.08777,梯形波,材料2,0.0765717875
5460,25,50070.0,49610.55138,梯形波,材料2,0.09739288800000001
5461,25,50070.0,82932.62811,梯形波,材料2,0.1217291055
5462,25,50070.0,388218.359,梯形波,材料2,0.240871313
5463,25,50060.0,661243.6766,梯形波,材料2,0.3058963995
5464,25,63240.0,7344.906767,梯形波,材料2,0.037558350500000004
5465,25,63240.0,111077.129,梯形波,材料2,0.12146349849999999
5466,25,79410.0,5453.850149,梯形波,材料2,0.0298402535
5467,25,79410.0,9602.500753,梯形波,材料2,0.0379582985
5468,25,79410.0,53421.35589,梯形波,材料2,0.0766441015
5469,25,79410.0,153551.0472,梯形波,材料2,0.122013699
5470,25,79410.0,255622.5068,梯形波,材料2,0.1516531545
5471,25,79410.0,744128.6969,梯形波,材料2,0.2424625515
5472,25,99970.0,6962.602316,梯形波,材料2,0.0301889725
5473,25,99980.0,12528.02604,梯形波,材料2,0.0383347265
5474,25,99970.0,22937.25942,梯形波,材料2,0.0487182205
5475,25,99980.0,120549.2393,梯形波,材料2,0.097023484
5476,25,99980.0,341359.567,梯形波,材料2,0.153394942
5477,25,99980.0,955949.3818,梯形波,材料2,0.239608689
5478,25,99970.0,1624043.735,梯形波,材料2,0.3039162725
5479,25,125930.0,2787.605033,梯形波,材料2,0.0189773395
5480,25,125920.0,9399.565641,梯形波,材料2,0.030501880500000002
5481,25,125930.0,17024.26613,梯形波,材料2,0.0386374255
5482,25,125930.0,31233.96702,梯形波,材料2,0.048501944
5483,25,125930.0,55263.63552,梯形波,材料2,0.061434738
5484,25,125930.0,95918.14752,梯形波,材料2,0.07726336
5485,25,125930.0,164047.6068,梯形波,材料2,0.09597783
5486,25,125920.0,279964.6509,梯形波,材料2,0.1218740475
5487,25,125920.0,472117.7889,梯形波,材料2,0.153615896
5488,25,125930.0,784786.4515,梯形波,材料2,0.190714114
5489,25,125930.0,1334506.489,梯形波,材料2,0.241369408
5490,25,158750.0,2140.008691,梯形波,材料2,0.0151319465
5491,25,158740.0,24128.88484,梯形波,材料2,0.038660882
5492,25,158750.0,76872.06304,梯形波,材料2,0.06151257
5493,25,158740.0,1891345.868,梯形波,材料2,0.243905974
5494,25,199190.0,5617.444486,梯形波,材料2,0.0192530495
5495,25,199190.0,33950.45822,梯形波,材料2,0.038777276
5496,25,199190.0,106990.0439,梯形波,材料2,0.060541925999999996
5497,25,199190.0,934211.1889,梯形波,材料2,0.152406715
5498,25,199190.0,1582655.647,梯形波,材料2,0.1928221
5499,25,251240.0,2827.482838,梯形波,材料2,0.012144884500000001
5500,25,251240.0,4996.939953,梯形波,材料2,0.015393588
5501,25,251240.0,8804.819304,梯形波,材料2,0.019474273
5502,25,251240.0,28795.78458,梯形波,材料2,0.0308645475
5503,25,251240.0,159710.2495,梯形波,材料2,0.06117375
5504,25,251240.0,1383171.795,梯形波,材料2,0.1535615605
5505,25,316460.0,2792.725218,梯形波,材料2,0.0096493985
5506,25,316460.0,4739.489201,梯形波,材料2,0.0121880445
5507,25,316460.0,8239.273599,梯形波,材料2,0.015428475
5508,25,316460.0,25494.097,梯形波,材料2,0.024444434
5509,25,316460.0,44596.65844,梯形波,材料2,0.03073074
5510,25,316460.0,76764.66709,梯形波,材料2,0.038157628
5511,25,316460.0,136662.4821,梯形波,材料2,0.048401303500000006
5512,25,316460.0,239606.0676,梯形波,材料2,0.060821635
5513,25,316460.0,412037.7904,梯形波,材料2,0.07572741
5514,25,316460.0,713569.116,梯形波,材料2,0.0959487445
5515,25,316460.0,1219518.658,梯形波,材料2,0.12139003300000001
5516,25,396800.0,8308.164561,梯形波,材料2,0.012412618
5517,25,396810.0,14281.06873,梯形波,材料2,0.015521011999999999
5518,25,396810.0,24235.85861,梯形波,材料2,0.0196229255
5519,25,396800.0,72052.92382,梯形波,材料2,0.0306569835
5520,25,396800.0,124660.3536,梯形波,材料2,0.038881163999999996
5521,25,396800.0,216542.0732,梯形波,材料2,0.048848438
5522,25,396800.0,648525.7527,梯形波,材料2,0.077033082
5523,25,50050.0,27134.58756,梯形波,材料2,0.07577388
5524,25,50040.0,47686.32377,梯形波,材料2,0.0966499585
5525,25,50040.0,134950.863,梯形波,材料2,0.1538320195
5526,25,50050.0,228414.8813,梯形波,材料2,0.1946020905
5527,25,50040.0,381236.1143,梯形波,材料2,0.24493142750000002
5528,25,50040.0,641862.4261,梯形波,材料2,0.3083266145
5529,25,63210.0,21942.46839,梯形波,材料2,0.059847513000000005
5530,25,63210.0,38455.79461,梯形波,材料2,0.076439804
5531,25,63210.0,65851.73389,梯形波,材料2,0.0972980235
5532,25,63210.0,108150.0875,梯形波,材料2,0.12136053899999999
5533,25,63220.0,182269.2002,梯形波,材料2,0.1535909795
5534,25,63210.0,506468.358,梯形波,材料2,0.24367581700000002
5535,25,79460.0,16482.07983,梯形波,材料2,0.047636449
5536,25,79460.0,52334.61298,梯形波,材料2,0.0773560085
5537,25,79460.0,86734.11479,梯形波,材料2,0.0966588655
5538,25,79460.0,148640.5789,梯形波,材料2,0.122542067
5539,25,79460.0,704931.0854,梯形波,材料2,0.24359224000000002
5540,25,99970.0,67355.65753,梯形波,材料2,0.076954102
5541,25,99960.0,117003.3018,梯形波,材料2,0.0973561725
5542,25,99960.0,196409.0514,梯形波,材料2,0.12277370700000001
5543,25,99960.0,553365.5185,梯形波,材料2,0.19373863800000002
5544,25,99960.0,1572588.897,梯形波,材料2,0.307057794
5545,25,125920.0,16161.49642,梯形波,材料2,0.038318215
5546,25,125920.0,157347.3766,梯形波,材料2,0.097369483
5547,25,125920.0,449808.0046,梯形波,材料2,0.1534505275
5548,25,125920.0,753635.356,梯形波,材料2,0.19327639400000002
5549,25,125920.0,2145731.463,梯形波,材料2,0.3043265915
5550,25,158730.0,6501.774684,梯形波,材料2,0.023915992
5551,25,158730.0,39727.08737,梯形波,材料2,0.0485573635
5552,25,158730.0,72955.44677,梯形波,材料2,0.061428065000000004
5553,25,158740.0,126975.6079,梯形波,材料2,0.077354462
5554,25,158730.0,217731.2834,梯形波,材料2,0.0975456965
5555,25,158730.0,371541.1512,梯形波,材料2,0.122055817
5556,25,158730.0,1053946.26,梯形波,材料2,0.19373197949999998
5557,25,199190.0,17332.54236,梯形波,材料2,0.031057651
5558,25,199190.0,56932.25789,梯形波,材料2,0.0489363395
5559,25,199190.0,177390.6844,梯形波,材料2,0.0776775905
5560,25,199190.0,521202.5382,梯形波,材料2,0.122461521
5561,25,199190.0,882740.6033,梯形波,材料2,0.1542028465
5562,25,199180.0,2510876.572,梯形波,材料2,0.244091798
5563,25,251240.0,4155.601938,梯形波,材料2,0.0151971295
5564,25,251240.0,14004.64135,梯形波,材料2,0.0247356995
5565,25,251240.0,24804.08924,梯形波,材料2,0.030865951
5566,25,251240.0,45790.28129,梯形波,材料2,0.0389789745
5567,25,251240.0,81937.45477,梯形波,材料2,0.0490831855
5568,25,251240.0,145858.4415,梯形波,材料2,0.061715681
5569,25,251240.0,257247.9668,梯形波,材料2,0.0772362905
5570,25,251240.0,1273868.398,梯形波,材料2,0.153391695
5571,25,251240.0,2153254.954,梯形波,材料2,0.194020772
5572,25,316450.0,3760.724701,梯形波,材料2,0.012128375
5573,25,316450.0,6768.873431,梯形波,材料2,0.0154602525
5574,25,316450.0,12206.80743,梯形波,材料2,0.019748691999999998
5575,25,316450.0,39052.25315,梯形波,材料2,0.030994755
5576,25,316450.0,218670.0878,梯形波,材料2,0.0614577125
5577,25,316450.0,381961.6192,梯形波,材料2,0.077389686
5578,25,316450.0,658606.9644,梯形波,材料2,0.09755048350000001
5579,25,316450.0,1117934.548,梯形波,材料2,0.1220840525
5580,25,316450.0,1897565.569,梯形波,材料2,0.15433564100000002
5581,25,396810.0,3671.864898,梯形波,材料2,0.0096193575
5582,25,396810.0,11265.32995,梯形波,材料2,0.015633332
5583,25,396810.0,19038.42147,梯形波,材料2,0.01945959
5584,25,396810.0,186597.5939,梯形波,材料2,0.048588563
5585,25,396810.0,327735.2188,梯形波,材料2,0.0611997025
5586,25,396810.0,571209.1142,梯形波,材料2,0.0770716625
5587,25,396810.0,976095.2774,梯形波,材料2,0.09645955
5588,25,396810.0,1668217.423,梯形波,材料2,0.1220016985
5589,25,499980.0,6570.033133,梯形波,材料2,0.009734528999999999
5590,25,499980.0,11366.70227,梯形波,材料2,0.0124201125
5591,25,499980.0,19003.84364,梯形波,材料2,0.0155112015
5592,25,499980.0,57073.00154,梯形波,材料2,0.024581695
5593,25,499980.0,295770.4509,梯形波,材料2,0.048589665500000004
5594,25,499980.0,516017.763,梯形波,材料2,0.061228073499999994
5595,25,499980.0,886260.4604,梯形波,材料2,0.07655089200000001
5596,25,499990.0,1517844.379,梯形波,材料2,0.09674093850000001
5597,25,50020.0,29254.60094,梯形波,材料2,0.0786319425
5598,25,50020.0,48089.62891,梯形波,材料2,0.09733722
5599,25,50020.0,82174.75889,梯形波,材料2,0.1230466655
5600,25,50010.0,226878.8518,梯形波,材料2,0.19413370149999998
5601,25,50020.0,383255.0727,梯形波,材料2,0.24499577150000001
5602,25,50020.0,647861.5231,梯形波,材料2,0.308897684
5603,25,63150.0,23886.39434,梯形波,材料2,0.062357769
5604,25,63150.0,111311.83,梯形波,材料2,0.12302328400000001
5605,25,63150.0,182388.6355,梯形波,材料2,0.153883399
5606,25,63150.0,307493.3385,梯形波,材料2,0.19440504050000001
5607,25,63150.0,513946.9849,梯形波,材料2,0.244936068
5608,25,63150.0,873955.8702,梯形波,材料2,0.309817797
5609,25,79500.0,52797.13288,梯形波,材料2,0.077476822
5610,25,79500.0,88355.53573,梯形波,材料2,0.09749526750000001
5611,25,79500.0,414147.7753,梯形波,材料2,0.194605369
5612,25,99950.0,13522.65859,梯形波,材料2,0.039260798
5613,25,99950.0,69356.66927,梯形波,材料2,0.0775629375
5614,25,99950.0,198190.4532,梯形波,材料2,0.12275730800000001
5615,25,99950.0,561176.3293,梯形波,材料2,0.195861977
5616,25,99960.0,939697.3519,梯形波,材料2,0.243864693
5617,25,125920.0,9883.177526,梯形波,材料2,0.031191194
5618,25,125910.0,17129.00057,梯形波,材料2,0.038710268
5619,25,125920.0,54016.6353,梯形波,材料2,0.0617127185
5620,25,125920.0,92123.20217,梯形波,材料2,0.0770079275
5621,25,125920.0,159715.1503,梯形波,材料2,0.09742780649999999
5622,25,125920.0,268951.07,梯形波,材料2,0.1228473585
5623,25,125910.0,456349.9681,梯形波,材料2,0.1553143195
5624,25,125920.0,763246.5592,梯形波,材料2,0.19338311349999998
5625,25,125920.0,2209739.203,梯形波,材料2,0.3088150445
5626,25,158730.0,7256.824843,梯形波,材料2,0.024853457000000002
5627,25,158730.0,12651.96322,梯形波,材料2,0.0308247015
5628,25,158730.0,22895.25272,梯形波,材料2,0.0389022455
5629,25,158730.0,41483.34055,梯形波,材料2,0.0491800965
5630,25,158730.0,219850.5515,梯形波,材料2,0.0977701865
5631,25,158730.0,376008.8323,梯形波,材料2,0.1235696755
5632,25,158730.0,629004.3214,梯形波,材料2,0.153850904
5633,25,158730.0,1065394.05,梯形波,材料2,0.194445938
5634,25,199180.0,5387.477369,梯形波,材料2,0.0197502155
5635,25,199180.0,9413.015798,梯形波,材料2,0.024535253
5636,25,199180.0,31656.25004,梯形波,材料2,0.039055167
5637,25,199180.0,55495.50086,梯形波,材料2,0.0488627615
5638,25,199180.0,101671.0887,梯形波,材料2,0.0616127695
5639,25,199190.0,178231.0991,梯形波,材料2,0.07769221800000001
5640,25,199180.0,882248.025,梯形波,材料2,0.154392002
5641,25,199180.0,2513738.123,梯形波,材料2,0.24404394899999998
5642,25,251240.0,7486.275989,梯形波,材料2,0.0195282525
5643,25,251240.0,13867.55119,梯形波,材料2,0.024723489
5644,25,251240.0,81558.25134,梯形波,材料2,0.049000072
5645,25,251240.0,145834.1295,梯形波,材料2,0.0618267995
5646,25,251240.0,257588.5108,梯形波,材料2,0.07811952650000001
5647,25,251240.0,754264.4708,梯形波,材料2,0.122785613
5648,25,251240.0,2142183.086,梯形波,材料2,0.1942717595
5649,25,316450.0,11482.07463,梯形波,材料2,0.0195982445
5650,25,316450.0,20742.44003,梯形波,材料2,0.0247289455
5651,25,316450.0,119681.9372,梯形波,材料2,0.04894369
5652,25,316450.0,645036.608,梯形波,材料2,0.09717825050000001
5653,25,316450.0,1108053.74,梯形波,材料2,0.12282958050000001
5654,25,396820.0,5936.775001,梯形波,材料2,0.012405907
5655,25,396810.0,10586.61818,梯形波,材料2,0.015761661
5656,25,396810.0,18424.27786,梯形波,材料2,0.0197960885
5657,25,396820.0,58781.89863,梯形波,材料2,0.031115849
5658,25,396810.0,103651.9105,梯形波,材料2,0.039230376
5659,25,396810.0,326269.9444,梯形波,材料2,0.061670361
5660,25,396820.0,985020.5602,梯形波,材料2,0.0983648105
5661,25,396810.0,1661550.062,梯形波,材料2,0.12306152000000001
5662,25,499980.0,5953.474986,梯形波,材料2,0.0098426625
5663,25,499980.0,17771.0811,梯形波,材料2,0.015706642
5664,25,499990.0,53654.32943,梯形波,材料2,0.024607407499999998
5665,25,499980.0,164760.861,梯形波,材料2,0.0391708945
5666,25,499980.0,288025.4734,梯形波,材料2,0.0487363465
5667,25,499980.0,505950.1266,梯形波,材料2,0.061519547499999994
5668,25,499980.0,878916.7097,梯形波,材料2,0.07774452600000001
5669,25,49990.0,31653.26743,梯形波,材料2,0.078630911
5670,25,49990.0,52841.99463,梯形波,材料2,0.098509388
5671,25,49990.0,244498.9484,梯形波,材料2,0.1944607535
5672,25,63060.0,25808.49211,梯形波,材料2,0.062369121
5673,50,396820.0,5889.76651,三角波,材料2,0.012218739499999999
5674,50,396820.0,16728.64601,三角波,材料2,0.019491726
5675,50,396820.0,84108.49354,三角波,材料2,0.038949317
5676,50,396820.0,142186.1939,三角波,材料2,0.0489217235
5677,50,396820.0,423641.8496,三角波,材料2,0.07719280849999999
5678,50,396820.0,732944.957,三角波,材料2,0.097415054
5679,50,499970.0,1983380.69,三角波,材料2,0.122294908
5680,50,396820.0,16585.21496,三角波,材料2,0.019442596
5681,50,396820.0,28390.82551,三角波,材料2,0.0246379215
5682,50,396820.0,48577.95207,三角波,材料2,0.031014868
5683,50,396820.0,423536.9346,三角波,材料2,0.07723459099999999
5684,50,396820.0,733022.3361,三角波,材料2,0.097458232
5685,50,396820.0,1262457.065,三角波,材料2,0.122888746
5686,50,396820.0,2146489.037,三角波,材料2,0.154482282
5687,50,50070.0,5544.7183,梯形波,材料2,0.0476994205
5688,50,50070.0,17939.18809,梯形波,材料2,0.07663566599999999
5689,50,50070.0,32046.15659,梯形波,材料2,0.09718267950000001
5690,50,50070.0,98547.54796,梯形波,材料2,0.15442469050000002
5691,50,50070.0,171484.7698,梯形波,材料2,0.1943328855
5692,50,50070.0,298800.9228,梯形波,材料2,0.241513305
5693,50,50070.0,528872.73,梯形波,材料2,0.306507547
5694,50,63240.0,76757.43557,梯形波,材料2,0.121649594
5695,50,79400.0,3428.771127,梯形波,材料2,0.029911772500000003
5696,50,79410.0,6204.419549,梯形波,材料2,0.037954671999999995
5697,50,79410.0,10851.236,梯形波,材料2,0.04818381
5698,50,79410.0,19575.94709,梯形波,材料2,0.0610407395
5699,50,79410.0,61233.4254,梯形波,材料2,0.097021174
5700,50,79410.0,328348.9057,梯形波,材料2,0.1927684905
5701,50,79410.0,573138.2456,梯形波,材料2,0.24300710250000002
5702,50,99980.0,8276.895924,梯形波,材料2,0.038421195500000005
5703,50,99980.0,14701.25586,梯形波,材料2,0.048628086
5704,50,99980.0,26810.32948,梯形波,材料2,0.061026596
5705,50,99970.0,145241.7269,梯形波,材料2,0.12096108850000001
5706,50,99980.0,445816.876,梯形波,材料2,0.193267999
5707,50,99980.0,770471.655,梯形波,材料2,0.2401054745
5708,50,99970.0,1352037.329,梯形波,材料2,0.3040836265
5709,50,125930.0,1999.877974,梯形波,材料2,0.0189609915
5710,50,125920.0,3541.67378,梯形波,材料2,0.024126986500000003
5711,50,125920.0,6422.837443,梯形波,材料2,0.0305548785
5712,50,125930.0,11717.03235,梯形波,材料2,0.0387099645
5713,50,125930.0,21098.98854,梯形波,材料2,0.048601956
5714,50,125930.0,37953.81503,梯形波,材料2,0.061413476499999994
5715,50,125920.0,67168.3602,梯形波,材料2,0.077272352
5716,50,125930.0,363898.2142,梯形波,材料2,0.1536444755
5717,50,158750.0,2966.901019,梯形波,材料2,0.019241523
5718,50,158750.0,5292.979992,梯形波,材料2,0.024348524500000003
5719,50,158740.0,9673.756189,梯形波,材料2,0.0310220225
5720,50,158750.0,31000.62323,梯形波,材料2,0.049023197500000004
5721,50,158750.0,54999.71241,梯形波,材料2,0.0615384345
5722,50,158740.0,97805.82266,梯形波,材料2,0.07659051950000001
5723,50,158740.0,915065.7554,梯形波,材料2,0.192743458
5724,50,158740.0,1595510.036,梯形波,材料2,0.244139096
5725,50,199190.0,1552.184181,梯形波,材料2,0.012007212
5726,50,199180.0,4713.296251,梯形波,材料2,0.019297744
5727,50,199190.0,8388.79022,梯形波,材料2,0.024543079500000002
5728,50,199190.0,26657.94378,梯形波,材料2,0.038741417
5729,50,199190.0,46013.36021,梯形波,材料2,0.0487263535
5730,50,199190.0,81877.42387,梯形波,材料2,0.060638297
5731,50,199190.0,769542.6891,梯形波,材料2,0.15237971449999999
5732,50,199190.0,1334209.958,梯形波,材料2,0.193061373
5733,50,251240.0,1568.461268,梯形波,材料2,0.0095446585
5734,50,251240.0,13985.8561,梯形波,材料2,0.024409988
5735,50,251240.0,24438.52495,梯形波,材料2,0.030886592499999997
5736,50,251240.0,42364.94038,梯形波,材料2,0.0387956225
5737,50,251240.0,72424.9677,梯形波,材料2,0.0482540585
5738,50,251240.0,387870.2832,梯形波,材料2,0.095725088
5739,50,251240.0,1172539.739,梯形波,材料2,0.153614674
5740,50,316460.0,2840.148187,梯形波,材料2,0.0096247605
5741,50,316460.0,4787.063351,梯形波,材料2,0.012210578
5742,50,316460.0,68906.16319,梯形波,材料2,0.0381548535
5743,50,316460.0,118231.8157,梯形波,材料2,0.048486443000000004
5744,50,316460.0,350475.8132,梯形波,材料2,0.075798879
5745,50,316460.0,609715.7508,梯形波,材料2,0.095981117
5746,50,316460.0,1052773.693,梯形波,材料2,0.1214227205
5747,50,396800.0,14744.8987,梯形波,材料2,0.015532084500000001
5748,50,396800.0,24756.90607,梯形波,材料2,0.0196642005
5749,50,396810.0,68515.89888,梯形波,材料2,0.030624080499999998
5750,50,396800.0,332625.327,梯形波,材料2,0.060883732499999996
5751,50,396810.0,575389.4771,梯形波,材料2,0.07713430299999999
5752,50,396800.0,983185.8763,梯形波,材料2,0.097435896
5753,50,50040.0,16916.31538,梯形波,材料2,0.0757835205
5754,50,50040.0,30917.0779,梯形波,材料2,0.096691158
5755,50,50040.0,55856.08634,梯形波,材料2,0.12348208150000001
5756,50,50040.0,95183.12531,梯形波,材料2,0.15376182
5757,50,50040.0,295749.2719,梯形波,材料2,0.2456338165
5758,50,50040.0,516834.2252,梯形波,材料2,0.30869372
5759,50,63210.0,13803.58961,梯形波,材料2,0.059867986
5760,50,63210.0,24772.40298,梯形波,材料2,0.07637284550000001
5761,50,63210.0,43869.22362,梯形波,材料2,0.0972029405
5762,50,63210.0,74605.91026,梯形波,材料2,0.121565267
5763,50,63210.0,228134.5568,梯形波,材料2,0.19382762650000002
5764,50,63210.0,702384.8864,梯形波,材料2,0.3058116455
5765,50,79450.0,10399.66759,梯形波,材料2,0.0477352955
5766,50,79460.0,18880.29863,梯形波,材料2,0.060796231
5767,50,79450.0,34333.67865,梯形波,材料2,0.0777078435
5768,50,79460.0,58556.02943,梯形波,材料2,0.096963564
5769,50,79450.0,103778.2834,梯形波,材料2,0.12259856150000001
5770,50,79450.0,180016.3251,梯形波,材料2,0.15462583800000002
5771,50,99960.0,14002.49901,梯形波,材料2,0.048352725
5772,50,99960.0,139330.6334,梯形波,材料2,0.1228943785
5773,50,99970.0,243843.9721,梯形波,材料2,0.154562633
5774,50,99970.0,1321228.754,梯形波,材料2,0.307546663
5775,50,125920.0,5765.711825,梯形波,材料2,0.0300735865
5776,50,125930.0,10830.85474,梯形波,材料2,0.038366548
5777,50,125920.0,19543.96237,梯形波,材料2,0.0489281855
5778,50,125920.0,34483.05051,梯形波,材料2,0.0611273605
5779,50,125920.0,63502.03113,梯形波,材料2,0.0773085425
5780,50,125920.0,344643.8406,梯形波,材料2,0.1535971665
5781,50,125920.0,600500.9652,梯形波,材料2,0.1934230845
5782,50,125920.0,1051602.142,梯形波,材料2,0.24369685
5783,50,125920.0,1827226.19,梯形波,材料2,0.3047849105
5784,50,158730.0,4587.53276,梯形波,材料2,0.0239864295
5785,50,158730.0,27380.14087,梯形波,材料2,0.0487480305
5786,50,158730.0,50837.33184,梯形波,材料2,0.061407763000000004
5787,50,158730.0,90787.67564,梯形波,材料2,0.0776153715
5788,50,158730.0,159813.9094,梯形波,材料2,0.097566475
5789,50,158730.0,493296.099,梯形波,材料2,0.153918041
5790,50,158730.0,2612468.456,梯形波,材料2,0.306375194
5791,50,199190.0,3852.229484,梯形波,材料2,0.019087128000000002
5792,50,199190.0,7014.361649,梯形波,材料2,0.024327502
5793,50,199190.0,12977.45618,梯形波,材料2,0.031126592
5794,50,199190.0,22710.06796,梯形波,材料2,0.038779086
5795,50,199190.0,74679.09444,梯形波,材料2,0.0617440555
5796,50,199190.0,412150.8794,梯形波,材料2,0.1225524705
5797,50,251240.0,3614.979433,梯形波,材料2,0.0152098505
5798,50,251240.0,6460.158655,梯形波,材料2,0.0194068885
5799,50,251240.0,36953.88328,梯形波,材料2,0.038962149
5800,50,251240.0,114300.5378,梯形波,材料2,0.061760776
5801,50,251240.0,621565.078,梯形波,材料2,0.12270693499999999
5802,50,251240.0,1855302.821,梯形波,材料2,0.194153295
5803,50,316450.0,3639.755039,梯形波,材料2,0.012120124
5804,50,316450.0,11296.44672,梯形波,材料2,0.0197614995
5805,50,316450.0,19040.5001,梯形波,材料2,0.024617622999999998
5806,50,316450.0,34151.30702,梯形波,材料2,0.031004881499999998
5807,50,316450.0,59583.06547,梯形波,材料2,0.039102282
5808,50,316450.0,102664.0271,梯形波,材料2,0.049153005
5809,50,316450.0,182014.077,梯形波,材料2,0.061545214
5810,50,316450.0,318138.8089,梯形波,材料2,0.07747396749999999
5811,50,316450.0,554133.5443,梯形波,材料2,0.0975817835
5812,50,316450.0,953587.0006,梯形波,材料2,0.12209645499999999
5813,50,396810.0,6618.047954,梯形波,材料2,0.0122275125
5814,50,396810.0,19124.13847,梯形波,材料2,0.019494873
5815,50,396810.0,33043.04242,梯形波,材料2,0.0245190385
5816,50,396810.0,56826.05374,梯形波,材料2,0.030946493
5817,50,396810.0,97090.51295,梯形波,材料2,0.0388764695
5818,50,396810.0,165784.547,梯形波,材料2,0.048647046
5819,50,396810.0,498903.4236,梯形波,材料2,0.0771784345
5820,50,396810.0,1471425.707,梯形波,材料2,0.1220123145
5821,50,499980.0,12683.27207,梯形波,材料2,0.012428079500000001
5822,50,499980.0,20677.05213,梯形波,材料2,0.015494912
5823,50,499980.0,34978.63598,梯形波,材料2,0.0194988225
5824,50,499980.0,97488.95211,梯形波,材料2,0.030895748
5825,50,499980.0,275886.2518,梯形波,材料2,0.0486591865
5826,50,499980.0,471842.3909,梯形波,材料2,0.0612380645
5827,50,499990.0,1376946.978,梯形波,材料2,0.096830706
5828,50,50020.0,18814.74957,梯形波,材料2,0.07864492349999999
5829,50,50020.0,31965.30097,梯形波,材料2,0.097586192
5830,50,50020.0,525768.8925,梯形波,材料2,0.308446616
5831,50,63150.0,45574.91853,梯形波,材料2,0.09792501
5832,50,63150.0,78052.05505,梯形波,材料2,0.1229912705
5833,50,63140.0,234196.7617,梯形波,材料2,0.1944156135
5834,50,63150.0,410361.736,梯形波,材料2,0.2451398905
5835,50,63150.0,724707.7324,梯形波,材料2,0.310033373
5836,50,79500.0,11442.35192,梯形波,材料2,0.049386769999999997
5837,50,79500.0,19436.67701,梯形波,材料2,0.061282878
5838,50,79500.0,34878.92386,梯形波,材料2,0.077662674
5839,50,79500.0,103304.0048,梯形波,材料2,0.12222649799999999
5840,50,79500.0,563455.0017,梯形波,材料2,0.2460596275
5841,50,79500.0,980034.7935,梯形波,材料2,0.3066439045
5842,50,99950.0,14506.90457,梯形波,材料2,0.048741233999999994
5843,50,99950.0,142148.686,梯形波,材料2,0.1228560445
5844,50,99950.0,249205.5734,梯形波,材料2,0.1550767565
5845,50,99950.0,1347863.054,梯形波,材料2,0.3078444415
5846,50,125920.0,6451.351474,梯形波,材料2,0.0311486215
5847,50,125920.0,11159.99781,梯形波,材料2,0.038704205500000005
5848,50,125920.0,35760.99856,梯形波,材料2,0.0616286025
5849,50,125920.0,62673.02059,梯形波,材料2,0.0771336315
5850,50,125910.0,197476.9852,梯形波,材料2,0.122872611
5851,50,125920.0,350197.4841,梯形波,材料2,0.155415623
5852,50,125920.0,609261.4574,梯形波,材料2,0.193495983
5853,50,125920.0,1073918.151,梯形波,材料2,0.24434857399999999
5854,50,125920.0,1891823.886,梯形波,材料2,0.30868620849999995
5855,50,158730.0,4991.732533,梯形波,材料2,0.024855361
5856,50,158730.0,8608.590069,梯形波,材料2,0.0308169395
5857,50,158730.0,27921.98119,梯形波,材料2,0.049098815000000004
5858,50,158730.0,91086.04705,梯形波,材料2,0.07753184499999999
5859,50,158730.0,161441.0252,梯形波,材料2,0.09791377300000001
5860,50,158730.0,284732.9021,梯形波,材料2,0.123661673
5861,50,158730.0,496093.4588,梯形波,材料2,0.15403975
5862,50,158730.0,871187.9359,梯形波,材料2,0.19439519300000002
5863,50,158730.0,1535564.615,梯形波,材料2,0.2458241945
5864,50,158730.0,2658454.3,梯形波,材料2,0.3069268515
5865,50,199180.0,12683.55298,梯形波,材料2,0.0310079505
5866,50,199180.0,39977.85954,梯形波,材料2,0.048903415
5867,50,199180.0,132103.579,梯形波,材料2,0.07776053050000001
5868,50,199180.0,235814.3848,梯形波,材料2,0.0982775245
5869,50,199180.0,409408.8252,梯形波,材料2,0.122292743
5870,50,199190.0,1260458.462,梯形波,材料2,0.195317684
5871,50,199180.0,2167097.283,梯形波,材料2,0.2439412055
5872,50,251240.0,3652.397235,梯形波,材料2,0.0157284285
5873,50,251240.0,6152.879002,梯形波,材料2,0.0195580455
5874,50,251240.0,11034.62265,梯形波,材料2,0.024715248500000002
5875,50,251240.0,19753.45191,梯形波,材料2,0.031182995499999998
5876,50,251240.0,34642.42531,梯形波,材料2,0.038942312
5877,50,251240.0,62699.92327,梯形波,材料2,0.0490299785
5878,50,251240.0,112685.4196,梯形波,材料2,0.061881746
5879,50,251240.0,352601.0261,梯形波,材料2,0.0973902885
5880,50,251240.0,616610.1512,梯形波,材料2,0.12295539899999999
5881,50,251240.0,1078316.431,梯形波,材料2,0.155441966
5882,50,251240.0,1842144.624,梯形波,材料2,0.194275007
5883,50,316450.0,56450.67416,梯形波,材料2,0.038898419000000004
5884,50,316450.0,98412.37435,梯形波,材料2,0.049001696
5885,50,316450.0,307428.1208,梯形波,材料2,0.0770393615
5886,50,396810.0,3761.34557,梯形波,材料2,0.009993996500000001
5887,50,396820.0,6149.060558,梯形波,材料2,0.012407012
5888,50,396810.0,10684.76667,梯形波,材料2,0.0157530125
5889,50,396820.0,18157.38487,梯形波,材料2,0.01982855
5890,50,396820.0,53700.38711,梯形波,材料2,0.0311165875
5891,50,396820.0,92898.57211,梯形波,材料2,0.0392271655
5892,50,396810.0,161444.9205,梯形波,材料2,0.049555044
5893,50,396810.0,281028.2719,梯形波,材料2,0.0617143275
5894,50,396820.0,1458508.966,梯形波,材料2,0.123071001
5895,50,499980.0,6815.812207,梯形波,材料2,0.00983746
5896,50,499980.0,11586.6061,梯形波,材料2,0.012464115500000001
5897,50,499980.0,31926.51058,梯形波,材料2,0.019603149
5898,50,499980.0,157539.8058,梯形波,材料2,0.0391960705
5899,50,499980.0,456433.9133,梯形波,材料2,0.061553196000000004
5900,50,499980.0,789017.7705,梯形波,材料2,0.07780327749999999
5901,50,499980.0,1337325.284,梯形波,材料2,0.0972567735
5902,50,49990.0,35499.55646,梯形波,材料2,0.0986361645
5903,50,49990.0,62633.4945,梯形波,材料2,0.1244257225
5904,50,49990.0,110085.0875,梯形波,材料2,0.1570875615
5905,50,49990.0,186367.3557,梯形波,材料2,0.1944122975
5906,50,49990.0,577026.5666,梯形波,材料2,0.3122020445
5907,50,63060.0,16637.95277,梯形波,材料2,0.062290461500000005
5908,50,63060.0,28563.89284,梯形波,材料2,0.077983111
5909,50,63060.0,49758.76446,梯形波,材料2,0.0985911475
5910,50,63050.0,85776.86163,梯形波,材料2,0.124356229
5911,70,396820.0,6557.363333,三角波,材料2,0.0122540485
5912,70,396820.0,11043.94439,三角波,材料2,0.0157307255
5913,70,396820.0,17485.75807,三角波,材料2,0.019532935
5914,70,396820.0,28927.0639,三角波,材料2,0.024663502
5915,70,396820.0,47351.36902,三角波,材料2,0.031064242
5916,70,396820.0,220529.982,三角波,材料2,0.0618399085
5917,70,396820.0,647931.7928,三角波,材料2,0.09747407899999999
5918,70,396820.0,10948.01711,三角波,材料2,0.015695133
5919,70,396820.0,17288.23396,三角波,材料2,0.0194797425
5920,70,396820.0,47037.06197,三角波,材料2,0.031050274000000003
5921,70,396820.0,219897.8232,三角波,材料2,0.061821797
5922,70,396820.0,1113707.618,三角波,材料2,0.12286670050000001
5923,70,396820.0,1900251.498,三角波,材料2,0.1545332715
5924,70,50060.0,5492.18987,梯形波,材料2,0.0606824745
5925,70,50070.0,19797.31534,梯形波,材料2,0.09751823849999999
5926,70,50070.0,37424.30123,梯形波,材料2,0.12219968049999999
5927,70,50070.0,70800.14825,梯形波,材料2,0.154566673
5928,70,50070.0,444645.6055,梯形波,材料2,0.30659924299999997
5929,70,63240.0,336764.9763,梯形波,材料2,0.24203629599999998
5930,70,79410.0,2014.483718,梯形波,材料2,0.029921166
5931,70,79410.0,11768.97288,梯形波,材料2,0.061363510499999996
5932,70,79410.0,21707.97382,梯形波,材料2,0.07680580000000001
5933,70,79410.0,39924.77009,梯形波,材料2,0.0972230555
5934,70,79410.0,74074.09293,梯形波,材料2,0.12238755800000001
5935,70,79410.0,258441.1948,梯形波,材料2,0.1930869015
5936,70,79410.0,468129.7978,梯形波,材料2,0.242860181
5937,70,99970.0,9398.219902,梯形波,材料2,0.048830322499999995
5938,70,99970.0,57182.20569,梯形波,材料2,0.09739714899999999
5939,70,99980.0,105037.4088,梯形波,材料2,0.120980156
5940,70,99980.0,197557.4011,梯形波,材料2,0.153541825
5941,70,99970.0,648427.3663,梯形波,材料2,0.240124266
5942,70,99970.0,1170182.361,梯形波,材料2,0.304301376
5943,70,125930.0,2512.760987,梯形波,材料2,0.024145087000000003
5944,70,125920.0,14701.37934,梯形波,材料2,0.0487011475
5945,70,125930.0,26088.14743,梯形波,材料2,0.061514778
5946,70,125920.0,46972.24604,梯形波,材料2,0.0773793005
5947,70,125930.0,85122.58756,梯形波,材料2,0.0961084205
5948,70,125930.0,288731.3308,梯形波,材料2,0.1537424035
5949,70,125920.0,520280.5372,梯形波,材料2,0.1913743225
5950,70,125930.0,943743.5098,梯形波,材料2,0.2421150625
5951,70,158740.0,2506.480873,梯形波,材料2,0.01928975
5952,70,158740.0,4269.568434,梯形波,材料2,0.0243725255
5953,70,158740.0,7487.514623,梯形波,材料2,0.0308976245
5954,70,158740.0,13372.74593,梯形波,材料2,0.0387386535
5955,70,158740.0,23847.93558,梯形波,材料2,0.049137413500000005
5956,70,158740.0,41059.23854,梯形波,材料2,0.061761055499999995
5957,70,158740.0,72981.88493,梯形波,材料2,0.076647707
5958,70,158740.0,132991.0679,梯形波,材料2,0.097290071
5959,70,158740.0,239552.4233,梯形波,材料2,0.122470582
5960,70,158740.0,774613.4635,梯形波,材料2,0.192828625
5961,70,158750.0,1386361.129,梯形波,材料2,0.2441585855
5962,70,199190.0,1509.916135,梯形波,材料2,0.012002519
5963,70,199190.0,2551.695874,梯形波,材料2,0.0152711715
5964,70,199190.0,7450.34933,梯形波,材料2,0.0245482245
5965,70,199190.0,12737.28537,梯形波,材料2,0.030649626
5966,70,199190.0,38010.7604,梯形波,材料2,0.0488171895
5967,70,199180.0,64692.62638,梯形波,材料2,0.0605886045
5968,70,199190.0,360773.2532,梯形波,材料2,0.120375534
5969,70,251240.0,4660.479388,梯形波,材料2,0.015423173
5970,70,251240.0,13396.42972,梯形波,材料2,0.024465049
5971,70,251240.0,22362.54383,梯形波,材料2,0.030934615
5972,70,251240.0,37610.11844,梯形波,材料2,0.038866910500000004
5973,70,251240.0,63745.18381,梯形波,材料2,0.0483235835
5974,70,251240.0,108559.7571,梯形波,材料2,0.061246637
5975,70,251240.0,189507.0318,梯形波,材料2,0.0770951355
5976,70,251240.0,578832.0676,梯形波,材料2,0.1213993785
5977,70,316460.0,3170.317144,梯形波,材料2,0.0096197035
5978,70,316460.0,8666.213701,梯形波,材料2,0.015488341000000001
5979,70,316460.0,14334.69287,梯形波,材料2,0.019327557000000002
5980,70,316460.0,38949.44359,梯形波,材料2,0.030776122000000003
5981,70,316460.0,64474.0848,梯形波,材料2,0.038202241
5982,70,316460.0,109031.3027,梯形波,材料2,0.0484793105
5983,70,316460.0,181876.6296,梯形波,材料2,0.06092072
5984,70,316460.0,926542.9915,梯形波,材料2,0.1215282025
5985,70,396800.0,9661.395364,梯形波,材料2,0.0124875705
5986,70,396810.0,15749.97351,梯形波,材料2,0.015560724
5987,70,396810.0,25678.91885,梯形波,材料2,0.019660396
5988,70,396810.0,41340.11626,梯形波,材料2,0.024741133999999998
5989,70,396800.0,67258.2863,梯形波,材料2,0.0307001525
5990,70,396800.0,111833.9611,梯形波,材料2,0.0389076015
5991,70,396800.0,184834.4171,梯形波,材料2,0.048885798999999994
5992,70,396800.0,304773.7299,梯形波,材料2,0.060872526999999996
5993,70,396810.0,885707.0321,梯形波,材料2,0.097528458
5994,70,50040.0,18988.77849,梯形波,材料2,0.0969777345
5995,70,50040.0,37248.08979,梯形波,材料2,0.1238365295
5996,70,50040.0,68743.46696,梯形波,材料2,0.15417437750000001
5997,70,50040.0,239840.7849,梯形波,材料2,0.245582521
5998,70,50040.0,433509.3538,梯形波,材料2,0.308837791
5999,70,63210.0,7821.710599,梯形波,材料2,0.059911901000000004
6000,70,63220.0,14814.57234,梯形波,材料2,0.0764962475
6001,70,63220.0,27861.69624,梯形波,材料2,0.097339991
6002,70,63210.0,50853.80769,梯形波,材料2,0.1218007775
6003,70,63210.0,96305.92851,梯形波,材料2,0.153932082
6004,70,63220.0,178140.6774,梯形波,材料2,0.19375144649999998
6005,70,63210.0,594764.6206,梯形波,材料2,0.3057686745
6006,70,79460.0,5958.177765,梯形波,材料2,0.0477755485
6007,70,79460.0,10914.84326,梯形波,材料2,0.06095441
6008,70,79450.0,132779.4593,梯形波,材料2,0.154737704
6009,70,79460.0,246567.181,梯形波,材料2,0.194517338
6010,70,79460.0,458234.1315,梯形波,材料2,0.24395153800000002
6011,70,79460.0,822373.0377,梯形波,材料2,0.306961489
6012,70,99970.0,4481.285027,梯形波,材料2,0.038019621
6013,70,99960.0,8393.636673,梯形波,材料2,0.0484410585
6014,70,99960.0,27992.49532,梯形波,材料2,0.07716390749999999
6015,70,99960.0,99795.653,梯形波,材料2,0.1231022735
6016,70,99970.0,633690.497,梯形波,材料2,0.2441117875
6017,70,125930.0,3684.409992,梯形波,材料2,0.030150269
6018,70,125920.0,12581.74721,梯形波,材料2,0.049092942
6019,70,125920.0,22060.01017,梯形波,材料2,0.061260788499999996
6020,70,125920.0,42208.6478,梯形波,材料2,0.077360191
6021,70,125920.0,77532.30267,梯形波,材料2,0.097444057
6022,70,125920.0,143038.889,梯形波,材料2,0.12269996799999999
6023,70,125920.0,269585.0705,梯形波,材料2,0.1537761285
6024,70,125920.0,494327.4671,梯形波,材料2,0.193594719
6025,70,125920.0,898888.6713,梯形波,材料2,0.2437586015
6026,70,125920.0,1600887.077,梯形波,材料2,0.304890709
6027,70,158740.0,3363.743908,梯形波,材料2,0.0239828105
6028,70,158730.0,10950.03605,梯形波,材料2,0.039016880500000004
6029,70,158730.0,64506.87036,梯形波,材料2,0.0775378105
6030,70,158730.0,217784.9557,梯形波,材料2,0.122245277
6031,70,158730.0,397921.2521,梯形波,材料2,0.1539056285
6032,70,158730.0,2315141.743,梯形波,材料2,0.3064539075
6033,70,199190.0,3307.139203,梯形波,材料2,0.0191402835
6034,70,199190.0,5854.833923,梯形波,材料2,0.024383127
6035,70,199190.0,56297.70598,梯形波,材料2,0.0617941405
6036,70,199190.0,184744.3549,梯形波,材料2,0.09725431849999999
6037,70,199190.0,601548.8772,梯形波,材料2,0.154444645
6038,70,251240.0,3567.387793,梯形波,材料2,0.0152262345
6039,70,251240.0,10690.25401,梯形波,材料2,0.0248273665
6040,70,251240.0,17629.42219,梯形波,材料2,0.0309081735
6041,70,251240.0,31374.77985,梯形波,材料2,0.0389701355
6042,70,251240.0,54165.19826,梯形波,材料2,0.049216895
6043,70,251240.0,93121.86571,梯形波,材料2,0.0618885815
6044,70,251240.0,166533.4801,梯形波,材料2,0.07734327699999999
6045,70,251240.0,921823.1155,梯形波,材料2,0.15355685200000002
6046,70,251240.0,1622965.051,梯形波,材料2,0.19418627300000002
6047,70,316450.0,4055.198047,梯形波,材料2,0.012167166
6048,70,316450.0,6838.953435,梯形波,材料2,0.0154843095
6049,70,316450.0,11606.14688,梯形波,材料2,0.0197799205
6050,70,316450.0,92070.6562,梯形波,材料2,0.0492139325
6051,70,316450.0,274467.5306,梯形波,材料2,0.07756305799999999
6052,70,316460.0,832081.363,梯形波,材料2,0.12220852900000001
6053,70,316450.0,1450035.289,梯形波,材料2,0.1544326145
6054,70,396810.0,7482.42802,梯形波,材料2,0.012266096
6055,70,396810.0,12493.6516,梯形波,材料2,0.015629362
6056,70,396810.0,55299.26518,梯形波,材料2,0.030976998999999998
6057,70,396810.0,92013.12321,梯形波,材料2,0.038944456
6058,70,396810.0,445245.0573,梯形波,材料2,0.077203459
6059,70,396810.0,762767.6256,梯形波,材料2,0.09660643099999999
6060,70,499990.0,8290.469988,梯形波,材料2,0.009745314500000001
6061,70,499980.0,13750.94473,梯形波,材料2,0.012465823000000001
6062,70,499980.0,21813.37851,梯形波,材料2,0.015509696
6063,70,499990.0,35925.90612,梯形波,材料2,0.019505401
6064,70,499980.0,58505.73365,梯形波,材料2,0.0246014905
6065,70,499980.0,94957.31733,梯形波,材料2,0.030936101
6066,70,499980.0,156921.022,梯形波,材料2,0.038641104999999995
6067,70,499980.0,260767.4279,梯形波,材料2,0.0486565195
6068,70,499980.0,433593.8512,梯形波,材料2,0.061307341
6069,70,499980.0,732056.5977,梯形波,材料2,0.076658671
6070,70,499980.0,1243896.571,梯形波,材料2,0.096889641
6071,70,50020.0,10942.91234,梯形波,材料2,0.07864172950000001
6072,70,50020.0,19673.71419,梯形波,材料2,0.0977175585
6073,70,50010.0,38074.17961,梯形波,材料2,0.1234086105
6074,70,50020.0,134169.8743,梯形波,材料2,0.194546867
6075,70,50020.0,246871.7165,梯形波,材料2,0.245182102
6076,70,63150.0,8867.367438,梯形波,材料2,0.0623873215
6077,70,63150.0,15476.39528,梯形波,材料2,0.07747862550000001
6078,70,63150.0,29270.56854,梯形波,材料2,0.098193949
6079,70,63150.0,53741.70276,梯形波,材料2,0.12340614550000001
6080,70,63150.0,98502.38176,梯形波,材料2,0.15410505400000002
6081,70,63150.0,185753.0736,梯形波,材料2,0.19473046
6082,70,63150.0,614933.6872,梯形波,材料2,0.310218251
6083,70,79500.0,11210.90885,梯形波,材料2,0.0613869195
6084,70,79500.0,21068.30121,梯形波,材料2,0.0777734035
6085,70,79500.0,71018.18629,梯形波,材料2,0.12227540549999999
6086,70,79500.0,253290.0279,梯形波,材料2,0.19486268499999998
6087,70,79500.0,469653.5167,梯形波,材料2,0.246243433
6088,70,79500.0,838717.3212,梯形波,材料2,0.306524551
6089,70,99950.0,4971.317606,梯形波,材料2,0.039362397
6090,70,99950.0,8514.666439,梯形波,材料2,0.0488574665
6091,70,99950.0,28619.24523,梯形波,材料2,0.0777294255
6092,70,99950.0,52647.66743,梯形波,材料2,0.097334402
6093,70,99950.0,188658.2934,梯形波,材料2,0.154960981
6094,70,99950.0,355379.2313,梯形波,材料2,0.195937993
6095,70,125920.0,4022.915026,梯形波,材料2,0.03123832
6096,70,125920.0,6733.127739,梯形波,材料2,0.038729619
6097,70,125920.0,12497.48781,梯形波,材料2,0.0491119415
6098,70,125920.0,22264.10178,梯形波,材料2,0.061686961
6099,70,125920.0,78233.05935,梯形波,材料2,0.097522476
6100,70,125920.0,144298.4901,梯形波,材料2,0.122984643
6101,70,125910.0,500840.9623,梯形波,材料2,0.1934701235
6102,70,125920.0,919068.2,梯形波,材料2,0.24440135
6103,70,125920.0,1661052.138,梯形波,材料2,0.30884203499999996
6104,70,158730.0,5763.260049,梯形波,材料2,0.0308621565
6105,70,158730.0,63585.46761,梯形波,材料2,0.07760173149999999
6106,70,158730.0,117021.5643,梯形波,材料2,0.0978650325
6107,70,158730.0,217504.2347,梯形波,材料2,0.12375618999999999
6108,70,158730.0,398295.499,梯形波,材料2,0.1540558115
6109,70,158730.0,730198.2725,梯形波,材料2,0.1945005605
6110,70,158730.0,1333714.187,梯形波,材料2,0.245916329
6111,70,158730.0,2355072.382,梯形波,材料2,0.3068910195
6112,70,199180.0,3293.926367,梯形波,材料2,0.019763458999999997
6113,70,199190.0,5424.127242,梯形波,材料2,0.024545546
6114,70,199180.0,16830.69534,梯形波,材料2,0.0391551555
6115,70,199180.0,29607.85837,梯形波,材料2,0.048986979
6116,70,199180.0,54419.8819,梯形波,材料2,0.061692370999999996
6117,70,199190.0,98879.73172,梯形波,材料2,0.077839808
6118,70,199180.0,181350.3652,梯形波,材料2,0.09827454499999999
6119,70,199180.0,326736.4082,梯形波,材料2,0.122308208
6120,70,199180.0,595508.0745,梯形波,材料2,0.15461646299999998
6121,70,199180.0,1900199.696,梯形波,材料2,0.2439036435
6122,70,251240.0,3472.289864,梯形波,材料2,0.015752696
6123,70,251240.0,9784.004067,梯形波,材料2,0.024804105
6124,70,251240.0,28477.08234,梯形波,材料2,0.039013116
6125,70,251240.0,51073.74146,梯形波,材料2,0.0490818055
6126,70,251240.0,89402.75843,梯形波,材料2,0.06190074
6127,70,251240.0,161142.9424,梯形波,材料2,0.0782656115
6128,70,251240.0,286675.7256,梯形波,材料2,0.09734725899999999
6129,70,251240.0,513214.5803,梯形波,材料2,0.12296610499999999
6130,70,316450.0,10404.59475,梯形波,材料2,0.0196108555
6131,70,316450.0,17480.49056,梯形波,材料2,0.024750648
6132,70,316450.0,50240.47548,梯形波,材料2,0.038871723999999996
6133,70,316450.0,149401.3596,梯形波,材料2,0.061937003000000004
6134,70,316450.0,260163.2693,梯形波,材料2,0.0770756425
6135,70,316450.0,460835.6815,梯形波,材料2,0.09728347700000001
6136,70,396820.0,11558.35174,梯形波,材料2,0.015770362
6137,70,396820.0,30844.01964,梯形波,材料2,0.0247930955
6138,70,396810.0,51861.44021,梯形波,材料2,0.031152019
6139,70,396810.0,87170.90587,梯形波,材料2,0.039303603
6140,70,396810.0,756222.8458,梯形波,材料2,0.09842627600000001
6141,70,396820.0,1294636.484,梯形波,材料2,0.1231474495
6142,70,499980.0,12625.72165,梯形波,材料2,0.0124753295
6143,70,499980.0,20518.96509,梯形波,材料2,0.0157100835
6144,70,499980.0,32870.62435,梯形波,材料2,0.0196248065
6145,70,499980.0,89567.68946,梯形波,材料2,0.0311273035
6146,70,499980.0,149132.6471,梯形波,材料2,0.0392589795
6147,70,499980.0,415891.2192,梯形波,材料2,0.0615923315
6148,70,499980.0,714511.7273,梯形波,材料2,0.0778365205
6149,70,499980.0,1207242.874,梯形波,材料2,0.097348397
6150,70,49990.0,12001.10689,梯形波,材料2,0.078782847
6151,70,50000.0,22236.19071,梯形波,材料2,0.098594544
6152,70,49990.0,146928.7295,梯形波,材料2,0.194661786
6153,70,49990.0,489171.0136,梯形波,材料2,0.312851406
6154,70,63060.0,9616.416118,梯形波,材料2,0.06251377749999999
6155,70,63060.0,17308.41095,梯形波,材料2,0.0781813345
6156,70,63060.0,108102.8705,梯形波,材料2,0.154541124
6157,90,396820.0,7131.130834,三角波,材料2,0.012235494999999999
6158,90,396820.0,11887.45084,三角波,材料2,0.015704509
6159,90,396820.0,18492.06147,三角波,材料2,0.019446711499999998
6160,90,396820.0,49009.04311,三角波,材料2,0.0310204705
6161,90,396820.0,131591.3343,三角波,材料2,0.048889115
6162,90,396820.0,222477.4103,三角波,材料2,0.061794495500000005
6163,90,396820.0,376728.1049,三角波,材料2,0.07724931500000001
6164,90,396820.0,646247.0695,三角波,材料2,0.09743373150000001
6165,90,396820.0,1114401.447,三角波,材料2,0.122769983
6166,90,396820.0,1896712.826,三角波,材料2,0.15416392299999998
6167,90,499970.0,1045936.136,三角波,材料2,0.0973566445
6168,90,499970.0,1762685.605,三角波,材料2,0.1222242435
6169,90,396820.0,222121.4804,三角波,材料2,0.061786288499999995
6170,90,396820.0,375680.2853,三角波,材料2,0.077217807
6171,90,396820.0,645994.8496,三角波,材料2,0.0974349535
6172,90,396820.0,1112589.213,三角波,材料2,0.122807875
6173,90,499970.0,1766607.347,三角波,材料2,0.1224330525
6174,90,50070.0,16530.75225,梯形波,材料2,0.0975041725
6175,90,50070.0,33487.9493,梯形波,材料2,0.1220887775
6176,90,50070.0,132211.5022,梯形波,材料2,0.19431841700000002
6177,90,50070.0,244095.8374,梯形波,材料2,0.241391984
6178,90,50060.0,436938.1613,梯形波,材料2,0.3064489425
6179,90,63240.0,94391.14318,梯形波,材料2,0.15319690749999998
6180,90,79420.0,1600.933126,梯形波,材料2,0.0299022535
6181,90,79410.0,4973.825181,梯形波,材料2,0.048281583
6182,90,79410.0,9337.013202,梯形波,材料2,0.061107605
6183,90,79410.0,17943.03027,梯形波,材料2,0.076761171
6184,90,79410.0,257415.386,梯形波,材料2,0.19284002150000001
6185,90,79410.0,474568.0483,梯形波,材料2,0.2428109655
6186,90,79410.0,822335.7047,梯形波,材料2,0.3008552885
6187,90,99980.0,1413.274391,梯形波,材料2,0.0238247655
6188,90,99980.0,2473.116629,梯形波,材料2,0.0302229085
6189,90,99970.0,7633.797489,梯形波,材料2,0.0487284295
6190,90,99980.0,51077.28018,梯形波,材料2,0.09718342199999999
6191,90,99970.0,98566.29727,梯形波,材料2,0.12088432099999999
6192,90,99980.0,653824.691,梯形波,材料2,0.2399294135
6193,90,99980.0,1165648.246,梯形波,材料2,0.30401414849999997
6194,90,125930.0,4157.903473,梯形波,材料2,0.03057317
6195,90,125930.0,7290.833102,梯形波,材料2,0.038772084
6196,90,125930.0,12923.01361,梯形波,材料2,0.048610011
6197,90,125930.0,23420.67425,梯形波,材料2,0.061512828000000006
6198,90,125920.0,79378.25032,梯形波,材料2,0.096251009
6199,90,125920.0,519233.5692,梯形波,材料2,0.1908730975
6200,90,125930.0,950192.809,梯形波,材料2,0.24197363449999998
6201,90,158750.0,1587.183568,梯形波,材料2,0.0151426895
6202,90,158740.0,2610.50026,梯形波,材料2,0.01926919
6203,90,158750.0,4379.589792,梯形波,材料2,0.0244047965
6204,90,158750.0,7439.247301,梯形波,材料2,0.0309372205
6205,90,158750.0,69601.43753,梯形波,材料2,0.076591482
6206,90,158740.0,128246.4521,梯形波,材料2,0.0972767925
6207,90,158750.0,236742.1246,梯形波,材料2,0.1225914085
6208,90,158740.0,426687.1528,梯形波,材料2,0.152308591
6209,90,199190.0,1724.161909,梯形波,材料2,0.0119966455
6210,90,199190.0,4680.176997,梯形波,材料2,0.019340090499999997
6211,90,199190.0,7758.630753,梯形波,材料2,0.024546061
6212,90,199190.0,22321.40087,梯形波,材料2,0.0387840995
6213,90,199190.0,37088.42334,梯形波,材料2,0.0487893385
6214,90,199190.0,63780.72971,梯形波,材料2,0.0605388285
6215,90,199190.0,113719.5949,梯形波,材料2,0.07685997950000001
6216,90,199190.0,357019.4597,梯形波,材料2,0.12017451
6217,90,199190.0,645357.4399,梯形波,材料2,0.152422248
6218,90,251240.0,1959.658596,梯形波,材料2,0.0095658265
6219,90,251240.0,3180.70129,梯形波,材料2,0.012141621
6220,90,251240.0,8602.978877,梯形波,材料2,0.019588274000000003
6221,90,251240.0,23326.31321,梯形波,材料2,0.0308668925
6222,90,251240.0,38740.92087,梯形波,材料2,0.038895928499999996
6223,90,251240.0,109083.6972,梯形波,材料2,0.061214015
6224,90,251240.0,188637.0636,梯形波,材料2,0.077048656
6225,90,251240.0,573732.1439,梯形波,材料2,0.121409087
6226,90,251240.0,1009829.304,梯形波,材料2,0.153662499
6227,90,316460.0,3579.130965,梯形波,材料2,0.009657339000000001
6228,90,316460.0,5761.109757,梯形波,材料2,0.0122186715
6229,90,316460.0,9383.086158,梯形波,材料2,0.015443577
6230,90,316460.0,15300.4112,梯形波,材料2,0.019317037000000002
6231,90,316460.0,108420.6286,梯形波,材料2,0.048435439999999996
6232,90,316460.0,182033.2558,梯形波,材料2,0.0609508015
6233,90,316460.0,307281.0485,梯形波,材料2,0.07578154000000001
6234,90,316460.0,530436.3189,梯形波,材料2,0.0959717235
6235,90,396810.0,6296.114097,梯形波,材料2,0.00980083
6236,90,396810.0,42487.56698,梯形波,材料2,0.0247008945
6237,90,396800.0,68573.53824,梯形波,材料2,0.0306534865
6238,90,396800.0,113109.6732,梯形波,材料2,0.038897632
6239,90,396800.0,513162.8753,梯形波,材料2,0.0771286855
6240,90,396810.0,866687.6305,梯形波,材料2,0.097468873
6241,90,50040.0,7444.533047,梯形波,材料2,0.075989191
6242,90,50050.0,15893.66107,梯形波,材料2,0.097110697
6243,90,50040.0,131542.6334,梯形波,材料2,0.194901304
6244,90,63210.0,5890.23702,梯形波,材料2,0.059898158
6245,90,63210.0,11577.46954,梯形波,材料2,0.076353459
6246,90,63210.0,23460.21105,梯形波,材料2,0.09721993649999999
6247,90,63210.0,45743.65624,梯形波,材料2,0.121586259
6248,90,63210.0,93450.49743,梯形波,材料2,0.1538596835
6249,90,63210.0,180154.9604,梯形波,材料2,0.1940444575
6250,90,79450.0,4344.191917,梯形波,材料2,0.047707674000000005
6251,90,79450.0,8447.733259,梯形波,材料2,0.060904465
6252,90,79460.0,16766.50492,梯形波,材料2,0.077848321
6253,90,79450.0,65486.45417,梯形波,材料2,0.122787962
6254,90,79460.0,247369.2963,梯形波,材料2,0.194473595
6255,90,79460.0,818367.312,梯形波,材料2,0.306941166
6256,90,99970.0,3601.860822,梯形波,材料2,0.038007770499999996
6257,90,99970.0,6473.00139,梯形波,材料2,0.048381747
6258,90,99960.0,23334.19523,梯形波,材料2,0.07718610249999999
6259,90,99970.0,92682.43571,梯形波,材料2,0.1229047345
6260,90,99970.0,181830.9239,梯形波,材料2,0.154702914
6261,90,99960.0,349329.4629,梯形波,材料2,0.19373128350000002
6262,90,125920.0,3201.412276,梯形波,材料2,0.030076475999999998
6263,90,125920.0,10481.13431,梯形波,材料2,0.049022286
6264,90,125920.0,18892.49334,梯形波,材料2,0.0611328945
6265,90,125920.0,37449.52848,梯形波,材料2,0.077290236
6266,90,125920.0,266057.9056,梯形波,材料2,0.15361162550000002
6267,90,125920.0,914821.2419,梯形波,材料2,0.2438268255
6268,90,125920.0,1604680.071,梯形波,材料2,0.3045869765
6269,90,158730.0,17326.53012,梯形波,材料2,0.048670839
6270,90,158730.0,33198.03643,梯形波,材料2,0.0614880655
6271,90,158730.0,111923.1337,梯形波,材料2,0.097582072
6272,90,158730.0,212649.848,梯形波,材料2,0.1222409495
6273,90,158730.0,397132.4266,梯形波,材料2,0.15392999000000002
6274,90,158730.0,731928.6718,梯形波,材料2,0.1938276955
6275,90,158730.0,2345227.336,梯形波,材料2,0.306378219
6276,90,199190.0,6133.881394,梯形波,材料2,0.02436082
6277,90,199190.0,17675.45861,梯形波,材料2,0.038834969
6278,90,199180.0,99080.78439,梯形波,材料2,0.07772172399999999
6279,90,199190.0,181624.009,梯形波,材料2,0.097269247
6280,90,199180.0,332535.5505,梯形波,材料2,0.1224777495
6281,90,199190.0,1081202.77,梯形波,材料2,0.1928562285
6282,90,199190.0,1955621.215,梯形波,材料2,0.243919592
6283,90,251240.0,4101.016802,梯形波,材料2,0.015226901000000001
6284,90,251240.0,6857.368607,梯形波,材料2,0.019429765
6285,90,251240.0,11462.73277,梯形波,材料2,0.0247889625
6286,90,251240.0,18689.11618,梯形波,材料2,0.0309365005
6287,90,251240.0,54361.06714,梯形波,材料2,0.0492074525
6288,90,251240.0,93674.89927,梯形波,材料2,0.0617649505
6289,90,251240.0,166274.7165,梯形波,材料2,0.0772806675
6290,90,251240.0,526653.3332,梯形波,材料2,0.1227794865
6291,90,251250.0,927488.1025,梯形波,材料2,0.153448806
6292,90,251240.0,1646218.888,梯形波,材料2,0.1940857135
6293,90,316450.0,4553.313757,梯形波,材料2,0.0121124305
6294,90,316450.0,7573.479681,梯形波,材料2,0.015468615
6295,90,316450.0,33856.29593,梯形波,材料2,0.0310117565
6296,90,316450.0,55887.82412,梯形波,材料2,0.039089512
6297,90,316450.0,275404.6362,梯形波,材料2,0.0775676545
6298,90,316450.0,479197.7751,梯形波,材料2,0.09767075650000001
6299,90,316450.0,830555.246,梯形波,材料2,0.12208260700000001
6300,90,316450.0,1451172.623,梯形波,材料2,0.15438084
6301,90,396810.0,13473.45198,梯形波,材料2,0.0156344115
6302,90,396810.0,21331.57218,梯形波,材料2,0.0195052735
6303,90,396810.0,34864.15233,梯形波,材料2,0.024527285
6304,90,396810.0,94016.09236,梯形波,材料2,0.038929218
6305,90,396810.0,445158.4514,梯形波,材料2,0.077233527
6306,90,396810.0,1298723.68,梯形波,材料2,0.122028731
6307,90,499980.0,8884.558345,梯形波,材料2,0.0097367775
6308,90,499980.0,14525.72304,梯形波,材料2,0.0124166075
6309,90,499980.0,22991.86576,梯形波,材料2,0.015517444
6310,90,499980.0,37329.6143,梯形波,材料2,0.0194803695
6311,90,499980.0,97042.63987,梯形波,材料2,0.030934489000000003
6312,90,499980.0,158539.402,梯形波,材料2,0.038648523000000004
6313,90,499980.0,257096.0206,梯形波,材料2,0.048638683
6314,90,499980.0,430159.605,梯形波,材料2,0.0612542115
6315,90,499980.0,721168.9084,梯形波,材料2,0.0767179405
6316,90,50020.0,16446.69835,梯形波,材料2,0.097726934
6317,90,50020.0,34915.92451,梯形波,材料2,0.1233850595
6318,90,50020.0,135643.3974,梯形波,材料2,0.1944724925
6319,90,50020.0,439040.5743,梯形波,材料2,0.308653024
6320,90,63150.0,12198.76005,梯形波,材料2,0.07740424800000001
6321,90,63150.0,48832.85114,梯形波,材料2,0.12312443
6322,90,63150.0,95605.69346,梯形波,材料2,0.1540734625
6323,90,63150.0,187025.2023,梯形波,材料2,0.19463001600000002
6324,90,63150.0,344187.5175,梯形波,材料2,0.24526278
6325,90,63150.0,610705.3967,梯形波,材料2,0.3100577535
6326,90,79500.0,4844.201674,梯形波,材料2,0.0494600215
6327,90,79500.0,16890.85919,梯形波,材料2,0.0778026705
6328,90,79500.0,33044.50544,梯形波,材料2,0.0977491575
6329,90,79500.0,65057.12454,梯形波,材料2,0.12225151100000001
6330,90,79500.0,132247.3693,梯形波,材料2,0.1544591195
6331,90,79500.0,476638.8365,梯形波,材料2,0.24616393450000001
6332,90,79500.0,831641.5788,梯形波,材料2,0.306450426
6333,90,99950.0,3817.420674,梯形波,材料2,0.03931001
6334,90,99950.0,6316.678686,梯形波,材料2,0.048806812000000005
6335,90,99950.0,23649.25383,梯形波,材料2,0.0777133105
6336,90,99950.0,45899.6896,梯形波,材料2,0.097225212
6337,90,99950.0,93770.24652,梯形波,材料2,0.12297548
6338,90,99950.0,358032.4931,梯形波,材料2,0.19584239
6339,90,99950.0,1162022.413,梯形波,材料2,0.30796450799999997
6340,90,125910.0,3348.588276,梯形波,材料2,0.031189961500000002
6341,90,125920.0,35177.1644,梯形波,材料2,0.0771786105
6342,90,125910.0,70406.25544,梯形波,材料2,0.09744109249999999
6343,90,125920.0,268720.6747,梯形波,材料2,0.15534058950000001
6344,90,125920.0,932819.3306,梯形波,材料2,0.24408347
6345,90,125920.0,1661170.356,梯形波,材料2,0.308701919
6346,90,158730.0,5338.112752,梯形波,材料2,0.0308641265
6347,90,158730.0,9503.637854,梯形波,材料2,0.03910364
6348,90,158730.0,29999.99675,梯形波,材料2,0.061477402
6349,90,158730.0,58560.7376,梯形波,材料2,0.07768659850000001
6350,90,158730.0,110341.5874,梯形波,材料2,0.0979264625
6351,90,158730.0,211020.9771,梯形波,材料2,0.123683862
6352,90,158730.0,396748.6317,梯形波,材料2,0.15390304249999998
6353,90,158730.0,741887.3989,梯形波,材料2,0.19450752449999997
6354,90,158730.0,1363147.951,梯形波,材料2,0.24562778000000002
6355,90,199180.0,3563.443891,梯形波,材料2,0.0197947285
6356,90,199180.0,5623.679276,梯形波,材料2,0.0245936345
6357,90,199180.0,9761.808383,梯形波,材料2,0.031109034
6358,90,199180.0,95497.5629,梯形波,材料2,0.07777575349999999
6359,90,199180.0,324699.3053,梯形波,材料2,0.122342907
6360,90,199180.0,1100011.794,梯形波,材料2,0.1953618525
6361,90,251240.0,3994.936682,梯形波,材料2,0.015757034
6362,90,251240.0,6275.873171,梯形波,材料2,0.019558983500000002
6363,90,251240.0,17541.25712,梯形波,材料2,0.0311872335
6364,90,251240.0,51636.35303,梯形波,材料2,0.0490821375
6365,90,251240.0,89390.81966,梯形波,材料2,0.061984547
6366,90,251240.0,285481.1854,梯形波,材料2,0.097282214
6367,90,251240.0,929989.3609,梯形波,材料2,0.1553224225
6368,90,251240.0,1639749.603,梯形波,材料2,0.194205755
6369,90,316450.0,4394.990633,梯形波,材料2,0.012464988
6370,90,316450.0,6879.130475,梯形波,材料2,0.0154868805
6371,90,316450.0,11352.30656,梯形波,材料2,0.019594365
6372,90,316450.0,18553.72108,梯形波,材料2,0.0247310045
6373,90,316450.0,87507.92367,梯形波,材料2,0.048982067000000004
6374,90,316450.0,261246.2656,梯形波,材料2,0.0770415325
6375,90,316450.0,459082.9967,梯形波,材料2,0.09719459550000001
6376,90,396820.0,4852.654371,梯形波,材料2,0.0099977925
6377,90,396810.0,12506.92401,梯形波,材料2,0.0157696015
6378,90,396820.0,32163.36747,梯形波,材料2,0.024788599
6379,90,396820.0,53655.95889,梯形波,材料2,0.0311223945
6380,90,396810.0,88951.45388,梯形波,材料2,0.0392639075
6381,90,396810.0,148416.8301,梯形波,材料2,0.049571399
6382,90,396810.0,250992.3351,梯形波,材料2,0.061688059
6383,90,396810.0,433685.5283,梯形波,材料2,0.0778497445
6384,90,396810.0,1285076.771,梯形波,材料2,0.12303971699999999
6385,90,499980.0,13603.70161,梯形波,材料2,0.012498185
6386,90,499980.0,21710.19991,梯形波,材料2,0.015689069
6387,90,499980.0,56192.95585,梯形波,材料2,0.0246856955
6388,90,499980.0,91504.77344,梯形波,材料2,0.0310695625
6389,90,499980.0,245848.6591,梯形波,材料2,0.0488144555
6390,90,499980.0,414587.9898,梯形波,材料2,0.061534894
6391,90,499980.0,706797.909,梯形波,材料2,0.077807624
6392,90,499980.0,1185221.311,梯形波,材料2,0.0972558275
6393,90,49990.0,9515.140172,梯形波,材料2,0.07892996050000001
6394,90,50000.0,19165.5002,梯形波,材料2,0.09880467700000001
6395,90,50000.0,39782.04017,梯形波,材料2,0.1249682475
6396,90,49990.0,149558.2569,梯形波,材料2,0.1947622155
6397,90,49990.0,278528.213,梯形波,材料2,0.24704591450000002
6398,90,49990.0,483093.7239,梯形波,材料2,0.3127575935
6399,90,63060.0,7472.766201,梯形波,材料2,0.06253228499999999
6400,90,63060.0,13875.61958,梯形波,材料2,0.078151178
6401,25,50020.0,4489.278556,正弦波,材料3,0.031761305000000004
6402,25,50020.0,14225.89534,正弦波,材料3,0.0510006645
6403,25,50020.0,23960.76706,正弦波,材料3,0.063836426
6404,25,50020.0,42287.30491,正弦波,材料3,0.081323961
6405,25,50020.0,69399.3494,正弦波,材料3,0.1008034795
6406,25,50020.0,113861.205,正弦波,材料3,0.1259728335
6407,25,50020.0,187112.0115,正弦波,材料3,0.15738428
6408,25,50020.0,313328.3747,正弦波,材料3,0.1981198445
6409,25,63020.0,1784.802763,正弦波,材料3,0.019921577500000003
6410,25,63020.0,3174.476566,正弦波,材料3,0.024946567
6411,25,63020.0,5903.249669,正弦波,材料3,0.031922083
6412,25,63020.0,10628.82279,正弦波,材料3,0.0400693395
6413,25,63020.0,18411.26536,正弦波,材料3,0.0504508375
6414,25,63020.0,31365.06039,正弦波,材料3,0.0638586425
6415,25,63020.0,52958.08673,正弦波,材料3,0.07959413500000001
6416,25,63020.0,89675.31007,正弦波,材料3,0.1003619405
6417,25,63020.0,148717.3216,正弦波,材料3,0.125739974
6418,25,63020.0,404632.9457,正弦波,材料3,0.19727674750000002
6419,25,79460.0,2167.701999,正弦波,材料3,0.0197387865
6420,25,79460.0,4048.121968,正弦波,材料3,0.0250701335
6421,25,79470.0,13351.22387,正弦波,材料3,0.0397988545
6422,25,79470.0,67744.66643,正弦波,材料3,0.0791172415
6423,25,79460.0,115834.5496,正弦波,材料3,0.0999490485
6424,25,79460.0,326429.9909,正弦波,材料3,0.15828283799999998
6425,25,99950.0,1442.561093,正弦波,材料3,0.0156118725
6426,25,99950.0,9365.014008,正弦波,材料3,0.031332485
6427,25,99950.0,17397.16836,正弦波,材料3,0.039987314499999996
6428,25,99950.0,29823.04484,正弦波,材料3,0.0498437295
6429,25,99950.0,51340.0911,正弦波,材料3,0.06292294300000001
6430,25,99950.0,88695.30174,正弦波,材料3,0.0791733395
6431,25,99950.0,258478.7994,正弦波,材料3,0.1255472245
6432,25,99950.0,712142.0398,正弦波,材料3,0.19740822549999998
6433,25,125850.0,1258.578548,正弦波,材料3,0.0133519695
6434,25,125850.0,1944.41501,正弦波,材料3,0.015702018499999998
6435,25,125860.0,3655.386207,正弦波,材料3,0.0196916305
6436,25,125850.0,6655.868271,正弦波,材料3,0.0248241745
6437,25,125850.0,12365.81835,正弦波,材料3,0.03145908
6438,25,125850.0,22020.3254,正弦波,材料3,0.039515785
6439,25,125860.0,38465.55548,正弦波,材料3,0.049505468
6440,25,125860.0,66975.05104,正弦波,材料3,0.062536939
6441,25,125850.0,577574.4872,正弦波,材料3,0.156909944
6442,25,125860.0,937794.3555,正弦波,材料3,0.19350758950000002
6443,25,158500.0,1857.177823,正弦波,材料3,0.014006175499999999
6444,25,158500.0,2583.209469,正弦波,材料3,0.0156246145
6445,25,158500.0,4789.970208,正弦波,材料3,0.019604539499999997
6446,25,158500.0,51937.15111,正弦波,材料3,0.049598404
6447,25,158500.0,268566.9736,正弦波,材料3,0.09784688650000001
6448,25,158500.0,465018.4764,正弦波,材料3,0.1240704735
6449,25,158500.0,795462.7058,正弦波,材料3,0.1561256675
6450,25,199500.0,1478.325272,正弦波,材料3,0.011472043000000001
6451,25,199500.0,1898.912973,正弦波,材料3,0.012406803000000001
6452,25,199500.0,3471.755955,正弦波,材料3,0.0155095305
6453,25,199500.0,6709.170126,正弦波,材料3,0.019856315
6454,25,199500.0,11779.11668,正弦波,材料3,0.0247047335
6455,25,199500.0,39334.13264,正弦波,材料3,0.039316073
6456,25,199500.0,72223.25226,正弦波,材料3,0.0498603995
6457,25,199500.0,128790.1426,正弦波,材料3,0.062776196
6458,25,199500.0,378620.2316,正弦波,材料3,0.0983855535
6459,25,251170.0,2343.129959,正弦波,材料3,0.0117298315
6460,25,251170.0,2662.792033,正弦波,材料3,0.0123319855
6461,25,251170.0,4998.722253,正弦波,材料3,0.01565983
6462,25,251170.0,9130.546049,正弦波,材料3,0.019699257999999997
6463,25,251170.0,16285.80512,正弦波,材料3,0.024706159499999998
6464,25,251170.0,55748.87774,正弦波,材料3,0.0394847365
6465,25,251170.0,174251.2494,正弦波,材料3,0.0617814015
6466,25,251170.0,312819.8337,正弦波,材料3,0.0784248705
6467,25,251170.0,539390.7147,正弦波,材料3,0.0979883005
6468,25,316230.0,3673.220396,正弦波,材料3,0.011951280500000001
6469,25,316230.0,7237.149653,正弦波,材料3,0.0156256585
6470,25,316230.0,12970.68587,正弦波,材料3,0.0196146165
6471,25,316230.0,44271.97874,正弦波,材料3,0.0314350295
6472,25,316230.0,81518.37346,正弦波,材料3,0.039350000499999996
6473,25,316230.0,142546.6828,正弦波,材料3,0.0489459155
6474,25,316230.0,254241.267,正弦波,材料3,0.062002381999999995
6475,25,316230.0,452124.3216,正弦波,材料3,0.07789504450000001
6476,25,398100.0,5770.167265,正弦波,材料3,0.012115738000000001
6477,25,398100.0,19447.50104,正弦波,材料3,0.019584597000000002
6478,25,398100.0,35904.32258,正弦波,材料3,0.024902762000000002
6479,25,398100.0,66832.22267,正弦波,材料3,0.0312717235
6480,25,398100.0,117493.8682,正弦波,材料3,0.0389021055
6481,25,501180.0,9667.934645,正弦波,材料3,0.012325685
6482,25,501180.0,17295.43033,正弦波,材料3,0.0155743985
6483,25,501180.0,31267.03859,正弦波,材料3,0.0197137095
6484,25,501180.0,99484.50108,正弦波,材料3,0.030786386
6485,25,501180.0,182367.7917,正弦波,材料3,0.0389865175
6486,25,501180.0,332469.2401,正弦波,材料3,0.0491666855
6487,50,50030.0,1305.206231,正弦波,材料3,0.025056446
6488,50,50020.0,2268.043482,正弦波,材料3,0.031242255
6489,50,50020.0,4215.23253,正弦波,材料3,0.040011000000000005
6490,50,50020.0,7734.159637,正弦波,材料3,0.050272118
6491,50,50020.0,13150.23654,正弦波,材料3,0.06285831650000001
6492,50,50030.0,24129.01578,正弦波,材料3,0.079995714
6493,50,50020.0,41759.11661,正弦波,材料3,0.09934348700000001
6494,50,50020.0,72501.46867,正弦波,材料3,0.12423590300000001
6495,50,50020.0,224083.1894,正弦波,材料3,0.197498812
6496,50,63020.0,982.8429755,正弦波,材料3,0.019642812
6497,50,63020.0,1760.065048,正弦波,材料3,0.024797614500000002
6498,50,63020.0,5811.434041,正弦波,材料3,0.039507519500000005
6499,50,63020.0,17959.11461,正弦波,材料3,0.0632178085
6500,50,63020.0,54876.29217,正弦波,材料3,0.099131999
6501,50,63020.0,96089.84758,正弦波,材料3,0.12430981799999999
6502,50,63020.0,172431.947,正弦波,材料3,0.157789449
6503,50,63030.0,294850.4057,正弦波,材料3,0.19675164150000002
6504,50,63020.0,461532.5306,正弦波,材料3,0.2360725435
6505,50,79470.0,1206.968686,正弦波,材料3,0.0195882535
6506,50,79470.0,2253.817717,正弦波,材料3,0.0248691265
6507,50,79460.0,7354.491186,正弦波,材料3,0.039330285
6508,50,79460.0,13492.33133,正弦波,材料3,0.0500380915
6509,50,79460.0,72069.92697,正弦波,材料3,0.09882329000000001
6510,50,79470.0,129814.4007,正弦波,材料3,0.1250208685
6511,50,79470.0,229455.2619,正弦波,材料3,0.157227878
6512,50,79460.0,369808.4574,正弦波,材料3,0.1911341915
6513,50,79460.0,673406.1725,正弦波,材料3,0.24379467500000002
6514,50,99950.0,880.4286097,正弦波,材料3,0.0158847375
6515,50,99950.0,1567.91073,正弦波,材料3,0.019731324
6516,50,99950.0,9630.779543,正弦波,材料3,0.0394503255
6517,50,99950.0,16983.32344,正弦波,材料3,0.049409194000000003
6518,50,99950.0,53194.04958,正弦波,材料3,0.0782428
6519,50,99950.0,97298.04953,正弦波,材料3,0.099096985
6520,50,99950.0,174148.3865,正弦波,材料3,0.124336805
6521,50,99950.0,527541.5376,正弦波,材料3,0.194615655
6522,50,99950.0,900477.9728,正弦波,材料3,0.240031144
6523,50,125860.0,859.5576205,正弦波,材料3,0.014113325
6524,50,125860.0,1107.708982,正弦波,材料3,0.015614839
6525,50,125850.0,3856.509172,正弦波,材料3,0.024678535
6526,50,125860.0,12569.5516,正弦波,材料3,0.039193812
6527,50,125860.0,22382.66894,正弦波,材料3,0.049092092500000004
6528,50,125860.0,73688.34768,正弦波,材料3,0.0786877805
6529,50,125860.0,227828.9826,正弦波,材料3,0.121807565
6530,50,125860.0,409837.095,正弦波,材料3,0.1541004165
6531,50,158510.0,1580.362693,正弦波,材料3,0.015552487
6532,50,158500.0,5332.325056,正弦波,材料3,0.024816044500000002
6533,50,158500.0,9473.474817,正弦波,材料3,0.031093292
6534,50,158500.0,17206.62896,正弦波,材料3,0.0391957955
6535,50,158510.0,31436.37503,正弦波,材料3,0.049426276000000005
6536,50,158510.0,57996.57514,正弦波,材料3,0.0625479915
6537,50,158500.0,180290.8946,正弦波,材料3,0.0970011665
6538,50,158510.0,328451.8252,正弦波,材料3,0.12286757200000001
6539,50,158500.0,585788.0545,正弦波,材料3,0.154075604
6540,50,199500.0,1054.573559,正弦波,材料3,0.011808554499999999
6541,50,199500.0,7551.828037,正弦波,材料3,0.024746633499999997
6542,50,199500.0,45489.92992,正弦波,材料3,0.0494929235
6543,50,199500.0,143750.0543,正弦波,材料3,0.076877781
6544,50,199500.0,266425.1345,正弦波,材料3,0.0978142385
6545,50,251170.0,1769.084759,正弦波,材料3,0.0119838185
6546,50,251170.0,1931.482631,正弦波,材料3,0.012388086
6547,50,251170.0,3527.59038,正弦波,材料3,0.015644279
6548,50,251170.0,6295.156658,正弦波,材料3,0.0196346515
6549,50,251170.0,20340.26167,正弦波,材料3,0.0311272865
6550,50,251170.0,37660.15403,正弦波,材料3,0.039382028
6551,50,251170.0,70646.42117,正弦波,材料3,0.049568353
6552,50,251170.0,121539.6471,正弦波,材料3,0.061214092
6553,50,251170.0,219437.4831,正弦波,材料3,0.0775272405
6554,50,316230.0,3035.754457,正弦波,材料3,0.012143895
6555,50,316230.0,3214.028677,正弦波,材料3,0.012412028
6556,50,316230.0,17900.93222,正弦波,材料3,0.024613946499999997
6557,50,316230.0,32849.85884,正弦波,材料3,0.031328665
6558,50,316230.0,104848.1338,正弦波,材料3,0.048703029999999994
6559,50,316230.0,190174.1841,正弦波,材料3,0.061536872
6560,50,398100.0,5552.570801,正弦波,材料3,0.0122564175
6561,50,398100.0,5723.262088,正弦波,材料3,0.0124019365
6562,50,398100.0,9809.970521,正弦波,材料3,0.0155280425
6563,50,398100.0,17356.94475,正弦波,材料3,0.0196109605
6564,50,398100.0,30941.04468,正弦波,材料3,0.0248187805
6565,50,398100.0,93263.93331,正弦波,材料3,0.038459180499999995
6566,50,398100.0,170591.0804,正弦波,材料3,0.04891371
6567,50,501180.0,31995.3048,正弦波,材料3,0.0197775465
6568,50,501180.0,55521.09457,正弦波,材料3,0.0247591895
6569,50,501180.0,91229.25564,正弦波,材料3,0.030560653
6570,50,501180.0,287212.4657,正弦波,材料3,0.0489829775
6571,70,50020.0,784.0031898,正弦波,材料3,0.0247029075
6572,70,50020.0,1403.294497,正弦波,材料3,0.031028319999999998
6573,70,50020.0,2565.064693,正弦波,材料3,0.0394213355
6574,70,50030.0,4718.043796,正弦波,材料3,0.04947401
6575,70,50020.0,16427.58633,正弦波,材料3,0.080140828
6576,70,50020.0,28911.73501,正弦波,材料3,0.09851391500000001
6577,70,50020.0,185160.2785,正弦波,材料3,0.1960357375
6578,70,63020.0,1991.398599,正弦波,材料3,0.031331085
6579,70,63020.0,6501.654512,正弦波,材料3,0.049347372
6580,70,63020.0,11920.57314,正弦波,材料3,0.0625772295
6581,70,63020.0,21001.64038,正弦波,材料3,0.078323153
6582,70,63030.0,39544.74896,正弦波,材料3,0.09895385200000001
6583,70,63020.0,73577.09264,正弦波,材料3,0.12436289149999999
6584,70,63020.0,137072.9785,正弦波,材料3,0.1563047245
6585,70,63030.0,415314.0608,正弦波,材料3,0.23907524000000002
6586,70,79460.0,744.5848041,正弦波,材料3,0.0194669315
6587,70,79470.0,1402.021194,正弦波,材料3,0.0248378505
6588,70,79460.0,2568.251617,正弦波,材料3,0.031161220000000003
6589,70,79460.0,4584.237545,正弦波,材料3,0.0390480485
6590,70,79470.0,8493.362726,正弦波,材料3,0.0495791015
6591,70,79460.0,15310.81148,正弦波,材料3,0.062249401499999996
6592,70,79470.0,27773.41548,正弦波,材料3,0.0784063725
6593,70,79460.0,52006.56648,正弦波,材料3,0.09844457549999999
6594,70,79460.0,322380.2729,正弦波,材料3,0.192134076
6595,70,79460.0,594517.3749,正弦波,材料3,0.24333651550000002
6596,70,99950.0,988.1051298,正弦波,材料3,0.0196397395
6597,70,99950.0,6265.807227,正弦波,材料3,0.039538260500000005
6598,70,99950.0,37009.10175,正弦波,材料3,0.0779919815
6599,70,99950.0,455074.1043,正弦波,材料3,0.193937933
6600,70,125860.0,1395.217941,正弦波,材料3,0.019579304999999998
6601,70,125860.0,2533.636206,正弦波,材料3,0.024632646
6602,70,125850.0,15132.4619,正弦波,材料3,0.049271423999999994
6603,70,125860.0,28076.26147,正弦波,材料3,0.0618857345
6604,70,125860.0,53304.8932,正弦波,材料3,0.078802809
6605,70,125860.0,102169.7483,正弦波,材料3,0.0987891905
6606,70,125860.0,641976.55,正弦波,材料3,0.19326226000000002
6607,70,158500.0,929.2417497,正弦波,材料3,0.0147806225
6608,70,158510.0,2032.10392,正弦波,材料3,0.019574173
6609,70,158500.0,3769.966885,正弦波,材料3,0.0248324415
6610,70,158510.0,6548.193141,正弦波,材料3,0.03110326
6611,70,158500.0,11888.74009,正弦波,材料3,0.0390662375
6612,70,158500.0,22094.61703,正弦波,材料3,0.049263405499999996
6613,70,158500.0,41670.43713,正弦波,材料3,0.0623297625
6614,70,158500.0,79292.51269,正弦波,材料3,0.078446775
6615,70,158500.0,265896.8283,正弦波,材料3,0.12225318399999999
6616,70,199500.0,1776.567543,正弦波,材料3,0.015536207
6617,70,199500.0,5735.579023,正弦波,材料3,0.0247131285
6618,70,199500.0,18440.69046,正弦波,材料3,0.0390268745
6619,70,199500.0,34619.22012,正弦波,材料3,0.049603244500000004
6620,70,199500.0,114368.6262,正弦波,材料3,0.0770388195
6621,70,199500.0,215608.563,正弦波,材料3,0.09752934899999999
6622,70,251170.0,1711.681229,正弦波,材料3,0.012099009
6623,70,251170.0,3225.652398,正弦波,材料3,0.015678124
6624,70,251170.0,5497.116295,正弦波,材料3,0.019555298999999998
6625,70,251170.0,9722.525401,正弦波,材料3,0.0246457195
6626,70,251170.0,58068.91734,正弦波,材料3,0.0495224245
6627,70,251170.0,99119.12615,正弦波,材料3,0.060957887
6628,70,251170.0,182953.3941,正弦波,材料3,0.077584285
6629,70,316230.0,3478.465168,正弦波,材料3,0.0124393135
6630,70,316230.0,17526.46755,正弦波,材料3,0.024761644
6631,70,316230.0,30660.68314,正弦波,材料3,0.0312909635
6632,70,316230.0,164415.9659,正弦波,材料3,0.061285981
6633,70,398100.0,6501.810936,正弦波,材料3,0.012316141
6634,70,398100.0,6644.172297,正弦波,材料3,0.012406882000000001
6635,70,398100.0,10936.22489,正弦波,材料3,0.015558194000000001
6636,70,398100.0,18486.8543,正弦波,材料3,0.0196129075
6637,70,398100.0,54604.13031,正弦波,材料3,0.0311273585
6638,70,398100.0,154950.0601,正弦波,材料3,0.0485585605
6639,70,398100.0,279383.5185,正弦波,材料3,0.061565917
6640,70,501180.0,12014.29765,正弦波,材料3,0.012317182
6641,70,501180.0,12087.46813,正弦波,材料3,0.012328611
6642,70,501180.0,90672.23447,正弦波,材料3,0.0305939845
6643,70,501180.0,155063.8152,正弦波,材料3,0.03884904
6644,70,501180.0,269229.5408,正弦波,材料3,0.0488964555
6645,90,50020.0,1043.637673,正弦波,材料3,0.030835844
6646,90,50030.0,1945.61036,正弦波,材料3,0.0394153205
6647,90,50020.0,6515.52063,正弦波,材料3,0.0614667065
6648,90,50020.0,13594.39054,正弦波,材料3,0.078856916
6649,90,50030.0,26760.72784,正弦波,材料3,0.09872874449999999
6650,90,50020.0,104926.0669,正弦波,材料3,0.1573217
6651,90,50020.0,195739.9623,正弦波,材料3,0.19754694
6652,90,50020.0,338501.7941,正弦波,材料3,0.2446427385
6653,90,63020.0,1526.09154,正弦波,材料3,0.031242885499999998
6654,90,63020.0,2841.983653,正弦波,材料3,0.0392684475
6655,90,63020.0,5196.428002,正弦波,材料3,0.0491443395
6656,90,63020.0,9728.783665,正弦波,材料3,0.06253611049999999
6657,90,63020.0,18455.0332,正弦波,材料3,0.078144154
6658,90,63020.0,36180.71707,正弦波,材料3,0.097925921
6659,90,63020.0,71999.11501,正弦波,材料3,0.123494435
6660,90,63020.0,142972.2227,正弦波,材料3,0.1566968425
6661,90,63020.0,266005.8152,正弦波,材料3,0.196905466
6662,90,63020.0,441472.0833,正弦波,材料3,0.239789011
6663,90,79460.0,1065.228298,正弦波,材料3,0.024736139
6664,90,79460.0,1976.306114,正弦波,材料3,0.031037390999999998
6665,90,79460.0,3652.433572,正弦波,材料3,0.039077013499999994
6666,90,79460.0,6882.759626,正弦波,材料3,0.049560532000000004
6667,90,79460.0,12269.30909,正弦波,材料3,0.061961036
6668,90,79460.0,48290.88417,正弦波,材料3,0.0978717645
6669,90,79460.0,99410.27789,正弦波,材料3,0.1245052575
6670,90,79460.0,337703.0625,正弦波,材料3,0.192201438
6671,90,79460.0,620204.1234,正弦波,材料3,0.24346795999999998
6672,90,99950.0,1510.065474,正弦波,材料3,0.0246443425
6673,90,99950.0,2586.801667,正弦波,材料3,0.030969418999999998
6674,90,99950.0,4900.209289,正弦波,材料3,0.039268443
6675,90,99950.0,8869.787961,正弦波,材料3,0.049126733500000005
6676,90,99950.0,16517.86639,正弦波,材料3,0.061667014500000006
6677,90,99950.0,32507.59165,正弦波,材料3,0.077565674
6678,90,99950.0,67142.36751,正弦波,材料3,0.0982344255
6679,90,99950.0,480130.0939,正弦波,材料3,0.1944793185
6680,90,99950.0,841296.1892,正弦波,材料3,0.24033452900000002
6681,90,125850.0,1147.142865,正弦波,材料3,0.0194350915
6682,90,125850.0,3765.247158,正弦波,材料3,0.031213588
6683,90,125850.0,6625.034175,正弦波,材料3,0.038918285999999996
6684,90,125860.0,12524.37586,正弦波,材料3,0.048938482500000005
6685,90,125860.0,97095.60255,正弦波,材料3,0.0982746865
6686,90,125860.0,177419.947,正弦波,材料3,0.12064860399999999
6687,90,125860.0,673177.0521,正弦波,材料3,0.1934326
6688,90,158500.0,820.2093934,正弦波,材料3,0.014678753
6689,90,158510.0,1011.083061,正弦波,材料3,0.0155471035
6690,90,158500.0,19124.82007,正弦波,材料3,0.049019771
6691,90,158510.0,36595.98888,正弦波,材料3,0.062263649500000004
6692,90,158500.0,73961.49279,正弦波,材料3,0.07824049250000001
6693,90,158500.0,265208.8677,正弦波,材料3,0.1219178685
6694,90,158500.0,513553.3304,正弦波,材料3,0.1534909605
6695,90,199500.0,1010.039417,正弦波,材料3,0.012338655
6696,90,199500.0,3176.929454,正弦波,材料3,0.0196940135
6697,90,199500.0,5490.044671,正弦波,材料3,0.0247552755
6698,90,199500.0,17159.13995,正弦波,材料3,0.0390745005
6699,90,199500.0,31892.40049,正弦波,材料3,0.049448706499999995
6700,90,199500.0,108606.099,正弦波,材料3,0.07668618999999999
6701,90,199500.0,210530.3361,正弦波,材料3,0.0971504315
6702,90,199510.0,406352.3509,正弦波,材料3,0.1224500575
6703,90,251170.0,1873.574273,正弦波,材料3,0.012020967
6704,90,251170.0,9818.234535,正弦波,材料3,0.024574132
6705,90,251170.0,16938.39169,正弦波,材料3,0.031000219500000002
6706,90,251170.0,56320.19458,正弦波,材料3,0.0494423585
6707,90,316230.0,3713.130262,正弦波,材料3,0.012150152000000001
6708,90,316230.0,3913.622474,正弦波,材料3,0.0124317175
6709,90,316230.0,10690.72478,正弦波,材料3,0.019555510999999998
6710,90,316230.0,17965.09256,正弦波,材料3,0.024627537999999997
6711,90,316230.0,54748.23797,正弦波,材料3,0.0392594255
6712,90,316230.0,90170.06619,正弦波,材料3,0.048324621
6713,90,316230.0,164554.557,正弦波,材料3,0.0615342465
6714,90,316230.0,294870.5418,正弦波,材料3,0.077246277
6715,90,398100.0,6972.031059,正弦波,材料3,0.012243217
6716,90,398100.0,32530.73438,正弦波,材料3,0.0248505285
6717,90,398100.0,55323.33712,正弦波,材料3,0.031229467
6718,90,398100.0,89901.07573,正弦波,材料3,0.038587159999999995
6719,90,398100.0,155385.2063,正弦波,材料3,0.0487043585
6720,90,501180.0,12726.87081,正弦波,材料3,0.0123329475
6721,90,501180.0,20806.09223,正弦波,材料3,0.015585118
6722,90,501180.0,57320.48192,正弦波,材料3,0.024716056
6723,90,501180.0,154770.4739,正弦波,材料3,0.038823403
6724,90,501180.0,265558.0355,正弦波,材料3,0.0487944505
6725,90,158510.0,36665.88,正弦波,材料3,0.062265
6726,50,99950.0,53264.04,正弦波,材料3,0.07824500000000001
6727,50,50020.0,41867.48,正弦波,材料3,0.09934
6728,50,199500.0,2232.8,正弦波,材料3,0.0155
6729,50,158510.0,1263.85,正弦波,材料3,0.014555
6730,50,79460.0,23292.65,正弦波,材料3,0.062415
6731,50,125860.0,12588.29,正弦波,材料3,0.039195
6732,70,99950.0,10924.68,正弦波,材料3,0.049205
6733,50,158500.0,17227.74,正弦波,材料3,0.039195
6734,25,125860.0,3659.06,正弦波,材料3,0.019694999999999997
6735,90,63020.0,442289.03,正弦波,材料3,0.23979
6736,70,398100.0,6654.44,正弦波,材料3,0.012405
6737,70,501180.0,90820.46,正弦波,材料3,0.030594999999999997
6738,90,398100.0,90033.44,正弦波,材料3,0.03859
6739,70,79470.0,1403.04,正弦波,材料3,0.02484
6740,50,158510.0,58101.89,正弦波,材料3,0.062545
6741,90,63020.0,832.52,正弦波,材料3,0.024585
6742,50,316230.0,60773.47,正弦波,材料3,0.03931
6743,70,63020.0,11952.08,正弦波,材料3,0.062575
6744,70,79460.0,322925.53,正弦波,材料3,0.192135
6745,50,63020.0,3183.85,正弦波,材料3,0.03146
6746,50,79460.0,370463.57,正弦波,材料3,0.191135
6747,50,316230.0,32890.84,正弦波,材料3,0.03133
6748,25,501180.0,9387.41,正弦波,材料3,0.012185
6749,25,79460.0,519662.57,正弦波,材料3,0.19516
6750,90,251170.0,95297.34,正弦波,材料3,0.060594999999999996
6751,25,199500.0,3476.17,正弦波,材料3,0.01551
6752,25,79470.0,13379.54,正弦波,材料3,0.0398
6753,25,251170.0,313407.91,正弦波,材料3,0.078425
6754,50,158500.0,180591.31,正弦波,材料3,0.097
6755,90,63020.0,2848.64,正弦波,材料3,0.039265
6756,70,316230.0,297265.0,正弦波,材料3,0.077345
6757,50,99950.0,16999.87,正弦波,材料3,0.04941
6758,90,316230.0,164815.13,正弦波,材料3,0.06153
6759,70,251170.0,3229.41,正弦波,材料3,0.015675
6760,50,50020.0,2274.03,正弦波,材料3,0.03124
6761,70,158510.0,2032.53,正弦波,材料3,0.019575000000000002
6762,90,398100.0,155607.81,正弦波,材料3,0.048705
6763,50,63020.0,5826.65,正弦波,材料3,0.03951
6764,70,199500.0,65913.16,正弦波,材料3,0.062175
6765,90,99950.0,244299.76,正弦波,材料3,0.15189
6766,90,199500.0,31974.17,正弦波,材料3,0.04945
6767,50,199500.0,45568.02,正弦波,材料3,0.04949
6768,50,63020.0,55013.82,正弦波,材料3,0.09913
6769,50,316230.0,104999.24,正弦波,材料3,0.0487
6770,25,79460.0,198468.79,正弦波,材料3,0.12665500000000002
6771,25,501180.0,182634.4,正弦波,材料3,0.03899
6772,50,63020.0,462295.98,正弦波,材料3,0.23607
6773,50,398100.0,9824.87,正弦波,材料3,0.015525
6774,50,125860.0,2119.41,正弦波,材料3,0.019604999999999997
6775,50,158500.0,586720.77,正弦波,材料3,0.15407500000000002
6776,25,99950.0,88876.53,正弦波,材料3,0.07916999999999999
6777,90,398100.0,6984.69,正弦波,材料3,0.012244999999999999
6778,50,125860.0,1107.47,正弦波,材料3,0.015615
6779,25,63020.0,3179.22,正弦波,材料3,0.024945000000000002
6780,90,501180.0,155032.76,正弦波,材料3,0.038825
6781,90,316230.0,54832.19,正弦波,材料3,0.03926
6782,90,251170.0,2015.4,正弦波,材料3,0.01241
6783,50,158500.0,105873.94,正弦波,材料3,0.078675
6784,70,50020.0,16456.07,正弦波,材料3,0.08013999999999999
6785,25,251170.0,55823.68,正弦波,材料3,0.039485
6786,25,50020.0,4492.75,正弦波,材料3,0.031765
6787,90,50030.0,3626.91,正弦波,材料3,0.04907
6788,70,199500.0,34665.22,正弦波,材料3,0.0496
6789,50,79460.0,72223.04,正弦波,材料3,0.098825
6790,70,158500.0,11904.69,正弦波,材料3,0.03907
6791,90,158500.0,134193.39,正弦波,材料3,0.09614
6792,70,50030.0,4725.54,正弦波,材料3,0.049475000000000005
6793,90,79460.0,48378.95,正弦波,材料3,0.09787
6794,50,99950.0,97416.2,正弦波,材料3,0.099095
6795,25,99950.0,51443.69,正弦波,材料3,0.06292
6796,70,50020.0,2569.43,正弦波,材料3,0.039425
6797,50,398100.0,30982.67,正弦波,材料3,0.024820000000000002
6798,50,398100.0,55434.62,正弦波,材料3,0.031155000000000002
6799,50,251170.0,70805.95,正弦波,材料3,0.04957
6800,25,99950.0,154338.53,正弦波,材料3,0.100325
6801,90,63020.0,9718.49,正弦波,材料3,0.06254
6802,90,125860.0,674743.06,正弦波,材料3,0.193435
6803,90,125860.0,177742.04,正弦波,材料3,0.120645
6804,50,316230.0,5685.88,正弦波,材料3,0.015615
6805,25,63020.0,53037.04,正弦波,材料3,0.079595
6806,25,50020.0,187551.62,正弦波,材料3,0.157385
6807,50,501180.0,32051.75,正弦波,材料3,0.019775
6808,25,50020.0,69556.79,正弦波,材料3,0.100805
6809,50,501180.0,18192.57,正弦波,材料3,0.015555
6810,25,158500.0,2590.6,正弦波,材料3,0.015625
6811,70,251170.0,1714.01,正弦波,材料3,0.0121
6812,25,125860.0,334330.65,正弦波,材料3,0.12315000000000001
6813,70,501180.0,155315.61,正弦波,材料3,0.03885
6814,25,63020.0,249802.07,正弦波,材料3,0.158505
6815,90,99950.0,136738.73,正弦波,材料3,0.12408
6816,90,501180.0,34723.35,正弦波,材料3,0.019775
6817,50,99950.0,290426.6,正弦波,材料3,0.15279500000000001
6818,90,50020.0,1044.96,正弦波,材料3,0.030835
6819,50,199500.0,13270.1,正弦波,材料3,0.030914999999999998
6820,25,501180.0,333031.27,正弦波,材料3,0.04917
6821,90,50020.0,105190.97,正弦波,材料3,0.15732000000000002
6822,50,251170.0,6304.21,正弦波,材料3,0.019635
6823,70,398100.0,6515.2,正弦波,材料3,0.012315
6824,90,398100.0,7112.8,正弦波,材料3,0.01233
6825,25,199500.0,21520.07,正弦波,材料3,0.03111
6826,25,63020.0,1785.4,正弦波,材料3,0.01992
6827,90,398100.0,11613.03,正弦波,材料3,0.015505
6828,50,79460.0,13504.53,正弦波,材料3,0.050034999999999996
6829,25,125860.0,939532.1,正弦波,材料3,0.19350499999999998
6830,90,125860.0,23576.43,正弦波,材料3,0.061805
6831,70,63020.0,3637.16,正弦波,材料3,0.039275000000000004
6832,25,251170.0,174473.71,正弦波,材料3,0.061785
6833,70,99950.0,3348.51,正弦波,材料3,0.03116
6834,50,79470.0,229866.19,正弦波,材料3,0.157225
6835,50,63020.0,96276.63,正弦波,材料3,0.12431
6836,50,158510.0,1582.02,正弦波,材料3,0.015555
6837,50,398100.0,93398.43,正弦波,材料3,0.03846
6838,90,158500.0,1781.74,正弦波,材料3,0.01951
6839,90,501180.0,57415.17,正弦波,材料3,0.02472
6840,25,501180.0,99639.56,正弦波,材料3,0.030785
6841,90,251170.0,180431.86,正弦波,材料3,0.07763500000000001
6842,90,251170.0,9847.02,正弦波,材料3,0.024575
6843,50,125860.0,7096.25,正弦波,材料3,0.031365000000000004
6844,90,125860.0,97137.36,正弦波,材料3,0.098275
6845,50,199500.0,143997.61,正弦波,材料3,0.076875
6846,25,199500.0,11790.98,正弦波,材料3,0.024704999999999998
6847,25,99950.0,17438.63,正弦波,材料3,0.039985
6848,50,125860.0,410443.36,正弦波,材料3,0.15410000000000001
6849,90,251170.0,5827.51,正弦波,材料3,0.01962
6850,70,125850.0,343747.68,正弦波,材料3,0.153775
6851,90,79460.0,1066.87,正弦波,材料3,0.024735
6852,25,63020.0,5916.89,正弦波,材料3,0.031920000000000004
6853,90,63020.0,36216.98,正弦波,材料3,0.097925
6854,50,50030.0,24190.68,正弦波,材料3,0.079995
6855,70,398100.0,155242.93,正弦波,材料3,0.04856
6856,90,501180.0,20841.6,正弦波,材料3,0.015585
6857,25,158500.0,8985.86,正弦波,材料3,0.02495
6858,50,125860.0,135387.17,正弦波,材料3,0.09902
6859,25,63020.0,31430.36,正弦波,材料3,0.063855
6860,25,199500.0,72342.38,正弦波,材料3,0.04986
6861,50,199500.0,24667.84,正弦波,材料3,0.03913
6862,25,99950.0,1444.72,正弦波,材料3,0.01561
6863,25,158500.0,16165.63,正弦波,材料3,0.031299999999999994
6864,90,79460.0,338398.46,正弦波,材料3,0.1922
6865,50,79470.0,1208.06,正弦波,材料3,0.01959
6866,90,199500.0,1755.71,正弦波,材料3,0.015475
6867,90,199500.0,5491.93,正弦波,材料3,0.024755
6868,25,398100.0,35954.18,正弦波,材料3,0.024905
6869,90,63020.0,1531.45,正弦波,材料3,0.031245
6870,70,125860.0,4601.05,正弦波,材料3,0.031275
6871,25,125850.0,1261.4,正弦波,材料3,0.01335
6872,70,251170.0,9740.74,正弦波,材料3,0.024645
6873,70,398100.0,18514.58,正弦波,材料3,0.019615
6874,50,251170.0,3531.8,正弦波,材料3,0.015645
6875,25,158500.0,269073.38,正弦波,材料3,0.09784999999999999
6876,70,125860.0,2537.01,正弦波,材料3,0.024634999999999997
6877,50,63020.0,1762.24,正弦波,材料3,0.024794999999999998
6878,70,79460.0,595617.57,正弦波,材料3,0.24333500000000002
6879,25,79460.0,2171.52,正弦波,材料3,0.01974
6880,50,63020.0,31146.42,正弦波,材料3,0.07882
6881,90,199500.0,17181.12,正弦波,材料3,0.039075
6882,70,99950.0,1882.96,正弦波,材料3,0.0247
6883,90,199500.0,108791.53,正弦波,材料3,0.076685
6884,50,99950.0,879.97,正弦波,材料3,0.01588
6885,25,79460.0,327036.16,正弦波,材料3,0.15828
6886,70,125850.0,15158.83,正弦波,材料3,0.049275
6887,70,199500.0,1780.13,正弦波,材料3,0.015535
6888,25,99950.0,713523.55,正弦波,材料3,0.19740999999999997
6889,50,125860.0,731609.26,正弦波,材料3,0.19331500000000001
6890,90,158500.0,19162.64,正弦波,材料3,0.04902
6891,70,251170.0,1819.36,正弦波,材料3,0.01241
6892,25,50020.0,2582.363272,正弦波,材料3,0.0254760655
6893,25,50020.0,23960.76706,正弦波,材料3,0.063836426
6894,25,50020.0,42287.30491,正弦波,材料3,0.081323961
6895,25,50020.0,313328.3747,正弦波,材料3,0.1981198445
6896,25,63020.0,1784.802763,正弦波,材料3,0.019921577500000003
6897,25,63020.0,3174.476566,正弦波,材料3,0.024946567
6898,25,63020.0,18411.26536,正弦波,材料3,0.0504508375
6899,25,63020.0,31365.06039,正弦波,材料3,0.0638586425
6900,25,63020.0,89675.31007,正弦波,材料3,0.1003619405
6901,25,63020.0,148717.3216,正弦波,材料3,0.125739974
6902,25,63020.0,249256.6081,正弦波,材料3,0.158506121
6903,25,79460.0,2167.701999,正弦波,材料3,0.0197387865
6904,25,79460.0,7497.449647,正弦波,材料3,0.0315299395
6905,25,79470.0,67744.66643,正弦波,材料3,0.0791172415
6906,25,79460.0,198097.9457,正弦波,材料3,0.1266552755
6907,25,79460.0,326429.9909,正弦波,材料3,0.15828283799999998
6908,25,79460.0,518766.9716,正弦波,材料3,0.19516096500000002
6909,25,79460.0,875111.7465,正弦波,材料3,0.24651641149999998
6910,25,99950.0,1442.561093,正弦波,材料3,0.0156118725
6911,25,99950.0,2754.192329,正弦波,材料3,0.019847307
6912,25,99950.0,5167.464583,正弦波,材料3,0.0249461975
6913,25,99950.0,17397.16836,正弦波,材料3,0.039987314499999996
6914,25,99950.0,29823.04484,正弦波,材料3,0.0498437295
6915,25,99950.0,51340.0911,正弦波,材料3,0.06292294300000001
6916,25,99950.0,258478.7994,正弦波,材料3,0.1255472245
6917,25,99950.0,417015.6341,正弦波,材料3,0.15537705000000002
6918,25,125860.0,3655.386207,正弦波,材料3,0.0196916305
6919,25,125850.0,12365.81835,正弦波,材料3,0.03145908
6920,25,125850.0,22020.3254,正弦波,材料3,0.039515785
6921,25,125860.0,38465.55548,正弦波,材料3,0.049505468
6922,25,125860.0,119981.4966,正弦波,材料3,0.0796135915
6923,25,125860.0,333654.412,正弦波,材料3,0.123151866
6924,25,125850.0,577574.4872,正弦波,材料3,0.156909944
6925,25,158500.0,1857.177823,正弦波,材料3,0.014006175499999999
6926,25,158500.0,2583.209469,正弦波,材料3,0.0156246145
6927,25,158500.0,16135.14341,正弦波,材料3,0.031299915
6928,25,158500.0,28701.85187,正弦波,材料3,0.039207182
6929,25,158500.0,51937.15111,正弦波,材料3,0.049598404
6930,25,158510.0,91908.58818,正弦波,材料3,0.06286995349999999
6931,25,158500.0,162300.5175,正弦波,材料3,0.078958951
6932,25,158500.0,268566.9736,正弦波,材料3,0.09784688650000001
6933,25,158500.0,465018.4764,正弦波,材料3,0.1240704735
6934,25,199500.0,1478.325272,正弦波,材料3,0.011472043000000001
6935,25,199500.0,1898.912973,正弦波,材料3,0.012406803000000001
6936,25,199500.0,3471.755955,正弦波,材料3,0.0155095305
6937,25,199500.0,11779.11668,正弦波,材料3,0.0247047335
6938,25,199500.0,39334.13264,正弦波,材料3,0.039316073
6939,25,199500.0,72223.25226,正弦波,材料3,0.0498603995
6940,25,199500.0,128790.1426,正弦波,材料3,0.062776196
6941,25,199500.0,378620.2316,正弦波,材料3,0.0983855535
6942,25,199500.0,653492.4878,正弦波,材料3,0.1238914215
6943,25,251170.0,2343.129959,正弦波,材料3,0.0117298315
6944,25,251170.0,9130.546049,正弦波,材料3,0.019699257999999997
6945,25,251170.0,16285.80512,正弦波,材料3,0.024706159499999998
6946,25,251170.0,55748.87774,正弦波,材料3,0.0394847365
6947,25,251170.0,102351.1126,正弦波,材料3,0.049579164999999994
6948,25,251170.0,312819.8337,正弦波,材料3,0.0784248705
6949,25,251170.0,539390.7147,正弦波,材料3,0.0979883005
6950,25,316230.0,4036.464492,正弦波,材料3,0.012442317000000001
6951,25,316230.0,23492.59637,正弦波,材料3,0.024689392499999997
6952,25,316230.0,44271.97874,正弦波,材料3,0.0314350295
6953,25,316230.0,142546.6828,正弦波,材料3,0.0489459155
6954,25,316230.0,254241.267,正弦波,材料3,0.062002381999999995
6955,25,316230.0,452124.3216,正弦波,材料3,0.07789504450000001
6956,25,398100.0,5770.167265,正弦波,材料3,0.012115738000000001
6957,25,398100.0,6132.489398,正弦波,材料3,0.0124482005
6958,25,398100.0,19447.50104,正弦波,材料3,0.019584597000000002
6959,25,398100.0,66832.22267,正弦波,材料3,0.0312717235
6960,25,398100.0,117493.8682,正弦波,材料3,0.0389021055
6961,25,398100.0,214249.1345,正弦波,材料3,0.049215999499999996
6962,25,398100.0,381596.8211,正弦波,材料3,0.06189765999999999
6963,25,501180.0,9667.934645,正弦波,材料3,0.012325685
6964,25,501180.0,17295.43033,正弦波,材料3,0.0155743985
6965,25,501180.0,57363.44613,正弦波,材料3,0.02481127
6966,25,501180.0,99484.50108,正弦波,材料3,0.030786386
6967,25,501180.0,182367.7917,正弦波,材料3,0.0389865175
6968,25,501180.0,332469.2401,正弦波,材料3,0.0491666855
6969,50,50030.0,1305.206231,正弦波,材料3,0.025056446
6970,50,50020.0,2268.043482,正弦波,材料3,0.031242255
6971,50,50020.0,4215.23253,正弦波,材料3,0.040011000000000005
6972,50,50020.0,7734.159637,正弦波,材料3,0.050272118
6973,50,50020.0,13150.23654,正弦波,材料3,0.06285831650000001
6974,50,50030.0,24129.01578,正弦波,材料3,0.079995714
6975,50,50020.0,41759.11661,正弦波,材料3,0.09934348700000001
6976,50,50020.0,72501.46867,正弦波,材料3,0.12423590300000001
6977,50,50020.0,126710.2861,正弦波,材料3,0.15631291549999998
6978,50,50020.0,224083.1894,正弦波,材料3,0.197498812
6979,50,63020.0,982.8429755,正弦波,材料3,0.019642812
6980,50,63020.0,1760.065048,正弦波,材料3,0.024797614500000002
6981,50,63020.0,3177.236388,正弦波,材料3,0.031458202000000005
6982,50,63020.0,5811.434041,正弦波,材料3,0.039507519500000005
6983,50,63020.0,31078.33136,正弦波,材料3,0.07882035100000001
6984,50,63020.0,54876.29217,正弦波,材料3,0.099131999
6985,50,63020.0,461532.5306,正弦波,材料3,0.2360725435
6986,50,79470.0,1206.968686,正弦波,材料3,0.0195882535
6987,50,79470.0,2253.817717,正弦波,材料3,0.0248691265
6988,50,79460.0,4091.720997,正弦波,材料3,0.031164695
6989,50,79460.0,23236.12882,正弦波,材料3,0.062417128
6990,50,79470.0,129814.4007,正弦波,材料3,0.1250208685
6991,50,79460.0,369808.4574,正弦波,材料3,0.1911341915
6992,50,79460.0,673406.1725,正弦波,材料3,0.24379467500000002
6993,50,99950.0,1567.91073,正弦波,材料3,0.019731324
6994,50,99950.0,2951.687451,正弦波,材料3,0.024750921000000002
6995,50,99950.0,9630.779543,正弦波,材料3,0.0394503255
6996,50,99950.0,53194.04958,正弦波,材料3,0.0782428
6997,50,99950.0,97298.04953,正弦波,材料3,0.099096985
6998,50,99950.0,174148.3865,正弦波,材料3,0.124336805
6999,50,99950.0,527541.5376,正弦波,材料3,0.194615655
7000,50,99950.0,900477.9728,正弦波,材料3,0.240031144
7001,50,125860.0,859.5576205,正弦波,材料3,0.014113325
7002,50,125860.0,1107.708982,正弦波,材料3,0.015614839
7003,50,125850.0,3856.509172,正弦波,材料3,0.024678535
7004,50,125860.0,7085.505134,正弦波,材料3,0.0313638785
7005,50,125860.0,12569.5516,正弦波,材料3,0.039193812
7006,50,125860.0,22382.66894,正弦波,材料3,0.049092092500000004
7007,50,125860.0,135116.536,正弦波,材料3,0.0990184325
7008,50,125860.0,227828.9826,正弦波,材料3,0.121807565
7009,50,125860.0,730341.412,正弦波,材料3,0.193316368
7010,50,158510.0,1580.362693,正弦波,材料3,0.015552487
7011,50,158500.0,2887.765762,正弦波,材料3,0.019621911
7012,50,158500.0,17206.62896,正弦波,材料3,0.0391957955
7013,50,158510.0,31436.37503,正弦波,材料3,0.049426276000000005
7014,50,158510.0,57996.57514,正弦波,材料3,0.0625479915
7015,50,158500.0,180290.8946,正弦波,材料3,0.0970011665
7016,50,158510.0,328451.8252,正弦波,材料3,0.12286757200000001
7017,50,158500.0,585788.0545,正弦波,材料3,0.154075604
7018,50,199500.0,1054.573559,正弦波,材料3,0.011808554499999999
7019,50,199500.0,1238.365622,正弦波,材料3,0.0123586345
7020,50,199500.0,2230.938688,正弦波,材料3,0.015501239
7021,50,199500.0,4259.369949,正弦波,材料3,0.019808417000000002
7022,50,199500.0,7551.828037,正弦波,材料3,0.024746633499999997
7023,50,199500.0,45489.92992,正弦波,材料3,0.0494929235
7024,50,199510.0,85494.8082,正弦波,材料3,0.062290691499999995
7025,50,199500.0,143750.0543,正弦波,材料3,0.076877781
7026,50,199500.0,266425.1345,正弦波,材料3,0.0978142385
7027,50,199500.0,478389.5592,正弦波,材料3,0.1226083775
7028,50,251170.0,1931.482631,正弦波,材料3,0.012388086
7029,50,251170.0,3527.59038,正弦波,材料3,0.015644279
7030,50,251170.0,6295.156658,正弦波,材料3,0.0196346515
7031,50,251170.0,11180.79833,正弦波,材料3,0.024600156499999998
7032,50,251170.0,37660.15403,正弦波,材料3,0.039382028
7033,50,251170.0,219437.4831,正弦波,材料3,0.0775272405
7034,50,316230.0,3035.754457,正弦波,材料3,0.012143895
7035,50,316230.0,5674.773566,正弦波,材料3,0.015612712
7036,50,316230.0,32849.85884,正弦波,材料3,0.031328665
7037,50,316230.0,60716.17547,正弦波,材料3,0.039312696499999994
7038,50,316230.0,190174.1841,正弦波,材料3,0.061536872
7039,50,316230.0,342279.8144,正弦波,材料3,0.07755403450000001
7040,50,398100.0,5552.570801,正弦波,材料3,0.0122564175
7041,50,398100.0,9809.970521,正弦波,材料3,0.0155280425
7042,50,398100.0,30941.04468,正弦波,材料3,0.0248187805
7043,50,398100.0,55343.44707,正弦波,材料3,0.031155920500000003
7044,50,398100.0,170591.0804,正弦波,材料3,0.04891371
7045,50,501180.0,10449.74575,正弦波,材料3,0.0122616205
7046,50,501180.0,10663.6297,正弦波,材料3,0.012340984999999999
7047,50,501180.0,18166.79971,正弦波,材料3,0.015557057
7048,50,501180.0,31995.3048,正弦波,材料3,0.0197775465
7049,50,501180.0,55521.09457,正弦波,材料3,0.0247591895
7050,50,501180.0,91229.25564,正弦波,材料3,0.030560653
7051,50,501180.0,161725.4658,正弦波,材料3,0.038901102
7052,50,501180.0,287212.4657,正弦波,材料3,0.0489829775
7053,70,50020.0,784.0031898,正弦波,材料3,0.0247029075
7054,70,50020.0,1403.294497,正弦波,材料3,0.031028319999999998
7055,70,50030.0,4718.043796,正弦波,材料3,0.04947401
7056,70,50030.0,8375.174132,正弦波,材料3,0.0624483105
7057,70,50020.0,28911.73501,正弦波,材料3,0.09851391500000001
7058,70,50020.0,185160.2785,正弦波,材料3,0.1960357375
7059,70,63020.0,1077.244651,正弦波,材料3,0.0247661195
7060,70,63020.0,1991.398599,正弦波,材料3,0.031331085
7061,70,63020.0,6501.654512,正弦波,材料3,0.049347372
7062,70,63020.0,11920.57314,正弦波,材料3,0.0625772295
7063,70,63030.0,39544.74896,正弦波,材料3,0.09895385200000001
7064,70,63020.0,73577.09264,正弦波,材料3,0.12436289149999999
7065,70,63020.0,137072.9785,正弦波,材料3,0.1563047245
7066,70,63020.0,250612.1684,正弦波,材料3,0.196538082
7067,70,79460.0,744.5848041,正弦波,材料3,0.0194669315
7068,70,79470.0,1402.021194,正弦波,材料3,0.0248378505
7069,70,79460.0,4584.237545,正弦波,材料3,0.0390480485
7070,70,79460.0,15310.81148,正弦波,材料3,0.062249401499999996
7071,70,79460.0,52006.56648,正弦波,材料3,0.09844457549999999
7072,70,79460.0,187008.4325,正弦波,材料3,0.1565432175
7073,70,79460.0,322380.2729,正弦波,材料3,0.192134076
7074,70,79460.0,594517.3749,正弦波,材料3,0.24333651550000002
7075,70,99950.0,988.1051298,正弦波,材料3,0.0196397395
7076,70,99950.0,1885.531106,正弦波,材料3,0.024698304
7077,70,99950.0,3344.931731,正弦波,材料3,0.031162479
7078,70,99950.0,6265.807227,正弦波,材料3,0.039538260500000005
7079,70,99950.0,10901.9846,正弦波,材料3,0.049206109
7080,70,99950.0,37009.10175,正弦波,材料3,0.0779919815
7081,70,99950.0,72144.09017,正弦波,材料3,0.0990710225
7082,70,99950.0,239979.6153,正弦波,材料3,0.1527139545
7083,70,99950.0,455074.1043,正弦波,材料3,0.193937933
7084,70,125860.0,739.3340863,正弦波,材料3,0.015618335
7085,70,125860.0,2533.636206,正弦波,材料3,0.024632646
7086,70,125860.0,4594.569181,正弦波,材料3,0.0312749805
7087,70,125860.0,8243.065973,正弦波,材料3,0.039081922000000005
7088,70,125850.0,15132.4619,正弦波,材料3,0.049271423999999994
7089,70,125860.0,28076.26147,正弦波,材料3,0.0618857345
7090,70,125860.0,102169.7483,正弦波,材料3,0.0987891905
7091,70,125860.0,180367.3472,正弦波,材料3,0.1213171445
7092,70,125850.0,343295.0,正弦波,材料3,0.1537775575
7093,70,125860.0,641976.55,正弦波,材料3,0.19326226000000002
7094,70,158510.0,2032.10392,正弦波,材料3,0.019574173
7095,70,158500.0,3769.966885,正弦波,材料3,0.0248324415
7096,70,158510.0,6548.193141,正弦波,材料3,0.03110326
7097,70,158500.0,11888.74009,正弦波,材料3,0.0390662375
7098,70,158500.0,41670.43713,正弦波,材料3,0.0623297625
7099,70,199500.0,877.6129882,正弦波,材料3,0.011953608000000001
7100,70,199500.0,1003.572429,正弦波,材料3,0.012363269
7101,70,199500.0,1776.567543,正弦波,材料3,0.015536207
7102,70,199500.0,5735.579023,正弦波,材料3,0.0247131285
7103,70,199500.0,34619.22012,正弦波,材料3,0.049603244500000004
7104,70,199500.0,65812.6533,正弦波,材料3,0.062173029500000004
7105,70,199500.0,114368.6262,正弦波,材料3,0.0770388195
7106,70,199500.0,215608.563,正弦波,材料3,0.09752934899999999
7107,70,251170.0,3225.652398,正弦波,材料3,0.015678124
7108,70,251170.0,9722.525401,正弦波,材料3,0.0246457195
7109,70,251170.0,17256.98681,正弦波,材料3,0.031032455
7110,70,251170.0,58068.91734,正弦波,材料3,0.0495224245
7111,70,251170.0,182953.3941,正弦波,材料3,0.077584285
7112,70,251170.0,338475.4378,正弦波,材料3,0.09744273249999999
7113,70,316230.0,3339.26396,正弦波,材料3,0.0122312985
7114,70,316230.0,3478.465168,正弦波,材料3,0.0124393135
7115,70,316230.0,5863.125995,正弦波,材料3,0.015593974
7116,70,316230.0,17526.46755,正弦波,材料3,0.024761644
7117,70,316230.0,30660.68314,正弦波,材料3,0.0312909635
7118,70,316230.0,54519.11697,正弦波,材料3,0.039273602500000004
7119,70,398100.0,6501.810936,正弦波,材料3,0.012316141
7120,70,398100.0,10936.22489,正弦波,材料3,0.015558194000000001
7121,70,398100.0,31760.66964,正弦波,材料3,0.024865467500000002
7122,70,398100.0,54604.13031,正弦波,材料3,0.0311273585
7123,70,398100.0,88848.60921,正弦波,材料3,0.038462467
7124,70,398100.0,279383.5185,正弦波,材料3,0.061565917
7125,70,501180.0,12014.29765,正弦波,材料3,0.012317182
7126,70,501180.0,12087.46813,正弦波,材料3,0.012328611
7127,70,501180.0,155063.8152,正弦波,材料3,0.03884904
7128,70,501180.0,269229.5408,正弦波,材料3,0.0488964555
7129,90,50030.0,1945.61036,正弦波,材料3,0.0394153205
7130,90,50030.0,3615.647527,正弦波,材料3,0.049069541999999994
7131,90,50020.0,6515.52063,正弦波,材料3,0.0614667065
7132,90,50030.0,26760.72784,正弦波,材料3,0.09872874449999999
7133,90,50020.0,338501.7941,正弦波,材料3,0.2446427385
7134,90,63020.0,832.9260347,正弦波,材料3,0.024585664
7135,90,63020.0,2841.983653,正弦波,材料3,0.0392684475
7136,90,63020.0,5196.428002,正弦波,材料3,0.0491443395
7137,90,63020.0,9728.783665,正弦波,材料3,0.06253611049999999
7138,90,63020.0,18455.0332,正弦波,材料3,0.078144154
7139,90,63020.0,36180.71707,正弦波,材料3,0.097925921
7140,90,63020.0,71999.11501,正弦波,材料3,0.123494435
7141,90,63020.0,266005.8152,正弦波,材料3,0.196905466
7142,90,63020.0,441472.0833,正弦波,材料3,0.239789011
7143,90,79460.0,3652.433572,正弦波,材料3,0.039077013499999994
7144,90,79460.0,6882.759626,正弦波,材料3,0.049560532000000004
7145,90,79460.0,24286.87445,正弦波,材料3,0.0780008485
7146,90,79460.0,48290.88417,正弦波,材料3,0.0978717645
7147,90,79470.0,192675.041,正弦波,材料3,0.156360181
7148,90,99950.0,2586.801667,正弦波,材料3,0.030969418999999998
7149,90,99950.0,4900.209289,正弦波,材料3,0.039268443
7150,90,99950.0,8869.787961,正弦波,材料3,0.049126733500000005
7151,90,99950.0,16517.86639,正弦波,材料3,0.061667014500000006
7152,90,99950.0,32507.59165,正弦波,材料3,0.077565674
7153,90,99950.0,136492.2029,正弦波,材料3,0.12408248899999999
7154,90,99950.0,243849.7942,正弦波,材料3,0.151886215
7155,90,99950.0,480130.0939,正弦波,材料3,0.1944793185
7156,90,99950.0,841296.1892,正弦波,材料3,0.24033452900000002
7157,90,125850.0,2072.682518,正弦波,材料3,0.0245897775
7158,90,125850.0,6625.034175,正弦波,材料3,0.038918285999999996
7159,90,125860.0,23556.96148,正弦波,材料3,0.061805120000000005
7160,90,125860.0,97095.60255,正弦波,材料3,0.0982746865
7161,90,158500.0,1783.45996,正弦波,材料3,0.0195124105
7162,90,158500.0,3257.433255,正弦波,材料3,0.024787271
7163,90,158500.0,5611.193201,正弦波,材料3,0.0310523695
7164,90,158510.0,36595.98888,正弦波,材料3,0.062263649500000004
7165,90,158500.0,73961.49279,正弦波,材料3,0.07824049250000001
7166,90,158500.0,134035.0455,正弦波,材料3,0.096136214
7167,90,158500.0,265208.8677,正弦波,材料3,0.1219178685
7168,90,158500.0,513553.3304,正弦波,材料3,0.1534909605
7169,90,199500.0,892.1198138,正弦波,材料3,0.011879122
7170,90,199500.0,1010.039417,正弦波,材料3,0.012338655
7171,90,199500.0,1751.938086,正弦波,材料3,0.0154754855
7172,90,199500.0,5490.044671,正弦波,材料3,0.0247552755
7173,90,199500.0,9502.084498,正弦波,材料3,0.031022563000000003
7174,90,199500.0,17159.13995,正弦波,材料3,0.0390745005
7175,90,199500.0,108606.099,正弦波,材料3,0.07668618999999999
7176,90,199510.0,406352.3509,正弦波,材料3,0.1224500575
7177,90,251170.0,2011.309332,正弦波,材料3,0.0124090555
7178,90,251170.0,3429.511559,正弦波,材料3,0.015646873999999998
7179,90,251170.0,9818.234535,正弦波,材料3,0.024574132
7180,90,251170.0,16938.39169,正弦波,材料3,0.031000219500000002
7181,90,251170.0,56320.19458,正弦波,材料3,0.0494423585
7182,90,251170.0,95139.70678,正弦波,材料3,0.0605970555
7183,90,251170.0,180169.7026,正弦波,材料3,0.07763535899999999
7184,90,316230.0,3713.130262,正弦波,材料3,0.012150152000000001
7185,90,316230.0,3913.622474,正弦波,材料3,0.0124317175
7186,90,316230.0,10690.72478,正弦波,材料3,0.019555510999999998
7187,90,316230.0,17965.09256,正弦波,材料3,0.024627537999999997
7188,90,316230.0,54748.23797,正弦波,材料3,0.0392594255
7189,90,316230.0,90170.06619,正弦波,材料3,0.048324621
7190,90,316230.0,164554.557,正弦波,材料3,0.0615342465
7191,90,316230.0,294870.5418,正弦波,材料3,0.077246277
7192,90,398100.0,6972.031059,正弦波,材料3,0.012243217
7193,90,398100.0,7103.17464,正弦波,材料3,0.01233097
7194,90,398100.0,19310.51043,正弦波,材料3,0.019595222
7195,90,398100.0,55323.33712,正弦波,材料3,0.031229467
7196,90,398100.0,89901.07573,正弦波,材料3,0.038587159999999995
7197,90,398100.0,155385.2063,正弦波,材料3,0.0487043585
7198,90,501180.0,12504.01674,正弦波,材料3,0.0122329195
7199,90,501180.0,20806.09223,正弦波,材料3,0.015585118
7200,90,501180.0,34674.74296,正弦波,材料3,0.019776681
7201,90,501180.0,57320.48192,正弦波,材料3,0.024716056
7202,90,501180.0,91139.15134,正弦波,材料3,0.030568657
7203,90,501180.0,154770.4739,正弦波,材料3,0.038823403
7204,90,501180.0,265558.0355,正弦波,材料3,0.0487944505
7205,25,63020.0,405452.67,正弦波,材料3,0.19728
7206,50,99950.0,53264.04,正弦波,材料3,0.07824500000000001
7207,70,158510.0,6568.41,正弦波,材料3,0.0311
7208,50,158510.0,1263.85,正弦波,材料3,0.014555
7209,50,79460.0,23292.65,正弦波,材料3,0.062415
7210,50,251170.0,121710.51,正弦波,材料3,0.061215
7211,25,316230.0,81672.64,正弦波,材料3,0.039349999999999996
7212,70,99950.0,10924.68,正弦波,材料3,0.049205
7213,50,158500.0,17227.74,正弦波,材料3,0.039195
7214,90,63020.0,442289.03,正弦波,材料3,0.23979
7215,25,251170.0,2346.28,正弦波,材料3,0.01173
7216,25,199500.0,129057.8,正弦波,材料3,0.06278
7217,70,501180.0,90820.46,正弦波,材料3,0.030594999999999997
7218,70,79470.0,1403.04,正弦波,材料3,0.02484
7219,50,158510.0,58101.89,正弦波,材料3,0.062545
7220,70,63020.0,11952.08,正弦波,材料3,0.062575
7221,50,63020.0,3183.85,正弦波,材料3,0.03146
7222,50,79460.0,370463.57,正弦波,材料3,0.191135
7223,25,501180.0,9387.41,正弦波,材料3,0.012185
7224,25,398100.0,214607.62,正弦波,材料3,0.049215
7225,25,79460.0,519662.57,正弦波,材料3,0.19516
7226,50,316230.0,3217.09,正弦波,材料3,0.01241
7227,90,251170.0,95297.34,正弦波,材料3,0.060594999999999996
7228,50,158500.0,180591.31,正弦波,材料3,0.097
7229,90,50020.0,13612.16,正弦波,材料3,0.07886
7230,90,63020.0,2848.64,正弦波,材料3,0.039265
7231,90,316230.0,164815.13,正弦波,材料3,0.06153
7232,25,158500.0,52011.89,正弦波,材料3,0.049600000000000005
7233,70,251170.0,3229.41,正弦波,材料3,0.015675
7234,50,50020.0,2274.03,正弦波,材料3,0.03124
7235,70,158510.0,2032.53,正弦波,材料3,0.019575000000000002
7236,90,398100.0,155607.81,正弦波,材料3,0.048705
7237,50,63020.0,5826.65,正弦波,材料3,0.03951
7238,70,199500.0,65913.16,正弦波,材料3,0.062175
7239,90,99950.0,244299.76,正弦波,材料3,0.15189
7240,25,251170.0,5010.69,正弦波,材料3,0.01566
7241,50,63020.0,55013.82,正弦波,材料3,0.09913
7242,70,99950.0,240403.62,正弦波,材料3,0.152715
7243,50,316230.0,104999.24,正弦波,材料3,0.0487
7244,25,501180.0,182634.4,正弦波,材料3,0.03899
7245,50,63020.0,462295.98,正弦波,材料3,0.23607
7246,50,398100.0,9824.87,正弦波,材料3,0.015525
7247,50,125860.0,2119.41,正弦波,材料3,0.019604999999999997
7248,50,158500.0,586720.77,正弦波,材料3,0.15407500000000002
7249,70,125860.0,53402.98,正弦波,材料3,0.0788
7250,25,99950.0,88876.53,正弦波,材料3,0.07916999999999999
7251,70,99950.0,455795.79,正弦波,材料3,0.19393500000000002
7252,25,63020.0,3179.22,正弦波,材料3,0.024945000000000002
7253,25,316230.0,7246.23,正弦波,材料3,0.015625
7254,90,99950.0,16516.55,正弦波,材料3,0.061665
7255,90,316230.0,54832.19,正弦波,材料3,0.03926
7256,25,99950.0,9391.23,正弦波,材料3,0.03133
7257,25,79470.0,23758.34,正弦波,材料3,0.050449999999999995
7258,90,251170.0,2015.4,正弦波,材料3,0.01241
7259,90,158500.0,265599.27,正弦波,材料3,0.12192
7260,50,158500.0,105873.94,正弦波,材料3,0.078675
7261,70,50020.0,16456.07,正弦波,材料3,0.08013999999999999
7262,70,199500.0,34665.22,正弦波,材料3,0.0496
7263,25,316230.0,142770.7,正弦波,材料3,0.04895
7264,50,79460.0,72223.04,正弦波,材料3,0.098825
7265,70,158500.0,11904.69,正弦波,材料3,0.03907
7266,25,99950.0,2755.73,正弦波,材料3,0.019845
7267,70,50030.0,4725.54,正弦波,材料3,0.049475000000000005
7268,90,79460.0,48378.95,正弦波,材料3,0.09787
7269,50,99950.0,97416.2,正弦波,材料3,0.099095
7270,70,158500.0,1124.79,正弦波,材料3,0.015515000000000001
7271,25,99950.0,51443.69,正弦波,材料3,0.06292
7272,50,398100.0,30982.67,正弦波,材料3,0.024820000000000002
7273,50,398100.0,55434.62,正弦波,材料3,0.031155000000000002
7274,50,251170.0,70805.95,正弦波,材料3,0.04957
7275,90,50020.0,339195.34,正弦波,材料3,0.244645
7276,50,316230.0,190524.39,正弦波,材料3,0.06154
7277,25,99950.0,154338.53,正弦波,材料3,0.100325
7278,90,125860.0,674743.06,正弦波,材料3,0.193435
7279,90,125860.0,177742.04,正弦波,材料3,0.120645
7280,25,50020.0,187551.62,正弦波,材料3,0.157385
7281,25,50020.0,42390.23,正弦波,材料3,0.08132500000000001
7282,50,501180.0,32051.75,正弦波,材料3,0.019775
7283,50,501180.0,18192.57,正弦波,材料3,0.015555
7284,25,158500.0,2590.6,正弦波,材料3,0.015625
7285,70,251170.0,1714.01,正弦波,材料3,0.0121
7286,25,63020.0,249802.07,正弦波,材料3,0.158505
7287,90,99950.0,136738.73,正弦波,材料3,0.12408
7288,90,501180.0,34723.35,正弦波,材料3,0.019775
7289,70,251170.0,17281.02,正弦波,材料3,0.031030000000000002
7290,90,50020.0,1044.96,正弦波,材料3,0.030835
7291,50,199500.0,13270.1,正弦波,材料3,0.030914999999999998
7292,90,316230.0,17996.81,正弦波,材料3,0.02463
7293,25,501180.0,333031.27,正弦波,材料3,0.04917
7294,90,50020.0,105190.97,正弦波,材料3,0.15732000000000002
7295,50,251170.0,6304.21,正弦波,材料3,0.019635
7296,70,398100.0,88983.02,正弦波,材料3,0.038465
7297,90,398100.0,7112.8,正弦波,材料3,0.01233
7298,25,199500.0,21520.07,正弦波,材料3,0.03111
7299,25,63020.0,1785.4,正弦波,材料3,0.01992
7300,90,398100.0,11613.03,正弦波,材料3,0.015505
7301,25,398100.0,10734.51,正弦波,材料3,0.015515000000000001
7302,50,79460.0,13504.53,正弦波,材料3,0.050034999999999996
7303,50,158500.0,5342.01,正弦波,材料3,0.024815
7304,25,125860.0,939532.1,正弦波,材料3,0.19350499999999998
7305,90,125860.0,23576.43,正弦波,材料3,0.061805
7306,70,63020.0,73672.74,正弦波,材料3,0.124365
7307,70,63020.0,3637.16,正弦波,材料3,0.039275000000000004
7308,90,199500.0,3179.91,正弦波,材料3,0.019694999999999997
7309,25,251170.0,174473.71,正弦波,材料3,0.061785
7310,70,99950.0,3348.51,正弦波,材料3,0.03116
7311,70,63030.0,39619.38,正弦波,材料3,0.09895
7312,50,79470.0,229866.19,正弦波,材料3,0.157225
7313,50,63020.0,96276.63,正弦波,材料3,0.12431
7314,50,158510.0,1582.02,正弦波,材料3,0.015555
7315,50,501180.0,287678.44,正弦波,材料3,0.048985
7316,50,398100.0,93398.43,正弦波,材料3,0.03846
7317,90,158500.0,1781.74,正弦波,材料3,0.01951
7318,90,501180.0,57415.17,正弦波,材料3,0.02472
7319,25,501180.0,99639.56,正弦波,材料3,0.030785
7320,90,251170.0,180431.86,正弦波,材料3,0.07763500000000001
7321,90,251170.0,9847.02,正弦波,材料3,0.024575
7322,50,125860.0,7096.25,正弦波,材料3,0.031365000000000004
7323,70,251170.0,99228.13,正弦波,材料3,0.06096
7324,25,199500.0,11790.98,正弦波,材料3,0.024704999999999998
7325,70,316230.0,5873.54,正弦波,材料3,0.015595
7326,50,125860.0,410443.36,正弦波,材料3,0.15410000000000001
7327,70,125850.0,343747.68,正弦波,材料3,0.153775
7328,90,79460.0,1066.87,正弦波,材料3,0.024735
7329,50,398100.0,170867.86,正弦波,材料3,0.048909999999999995
7330,25,63020.0,5916.89,正弦波,材料3,0.031920000000000004
7331,90,63020.0,36216.98,正弦波,材料3,0.097925
7332,50,50030.0,24190.68,正弦波,材料3,0.079995
7333,70,398100.0,155242.93,正弦波,材料3,0.04856
7334,50,125860.0,135387.17,正弦波,材料3,0.09902
7335,25,63020.0,31430.36,正弦波,材料3,0.063855
7336,25,199500.0,72342.38,正弦波,材料3,0.04986
7337,50,199500.0,24667.84,正弦波,材料3,0.03913
7338,25,99950.0,1444.72,正弦波,材料3,0.01561
7339,25,158500.0,16165.63,正弦波,材料3,0.031299999999999994
7340,90,79460.0,338398.46,正弦波,材料3,0.1922
7341,70,316230.0,30709.82,正弦波,材料3,0.03129
7342,90,199500.0,1755.71,正弦波,材料3,0.015475
7343,90,199500.0,5491.93,正弦波,材料3,0.024755
7344,70,125860.0,4601.05,正弦波,材料3,0.031275
7345,25,125850.0,1261.4,正弦波,材料3,0.01335
7346,70,398100.0,10956.13,正弦波,材料3,0.015555
7347,70,251170.0,9740.74,正弦波,材料3,0.024645
7348,70,398100.0,18514.58,正弦波,材料3,0.019615
7349,70,125860.0,2537.01,正弦波,材料3,0.024634999999999997
7350,90,99950.0,2589.44,正弦波,材料3,0.030969999999999998
7351,25,79460.0,2171.52,正弦波,材料3,0.01974
7352,90,199500.0,17181.12,正弦波,材料3,0.039075
7353,50,99950.0,879.97,正弦波,材料3,0.01588
7354,70,125850.0,15158.83,正弦波,材料3,0.049275
7355,70,199500.0,1780.13,正弦波,材料3,0.015535
7356,25,125850.0,1946.29,正弦波,材料3,0.0157
7357,90,158500.0,19162.64,正弦波,材料3,0.04902
7358,70,251170.0,1819.36,正弦波,材料3,0.01241
7359,25,50020.0,2582.363272,正弦波,材料3,0.0254760655
7360,25,50020.0,4489.278556,正弦波,材料3,0.031761305000000004
7361,25,50020.0,8205.967006,正弦波,材料3,0.040593209
7362,25,50020.0,23960.76706,正弦波,材料3,0.063836426
7363,25,50020.0,69399.3494,正弦波,材料3,0.1008034795
7364,25,50020.0,113861.205,正弦波,材料3,0.1259728335
7365,25,50020.0,313328.3747,正弦波,材料3,0.1981198445
7366,25,63020.0,1784.802763,正弦波,材料3,0.019921577500000003
7367,25,63020.0,5903.249669,正弦波,材料3,0.031922083
7368,25,63020.0,10628.82279,正弦波,材料3,0.0400693395
7369,25,63020.0,18411.26536,正弦波,材料3,0.0504508375
7370,25,63020.0,31365.06039,正弦波,材料3,0.0638586425
7371,25,63020.0,52958.08673,正弦波,材料3,0.07959413500000001
7372,25,63020.0,148717.3216,正弦波,材料3,0.125739974
7373,25,79460.0,2167.701999,正弦波,材料3,0.0197387865
7374,25,79460.0,4048.121968,正弦波,材料3,0.0250701335
7375,25,79460.0,7497.449647,正弦波,材料3,0.0315299395
7376,25,79470.0,13351.22387,正弦波,材料3,0.0397988545
7377,25,79470.0,67744.66643,正弦波,材料3,0.0791172415
7378,25,79460.0,115834.5496,正弦波,材料3,0.0999490485
7379,25,79460.0,198097.9457,正弦波,材料3,0.1266552755
7380,25,79460.0,518766.9716,正弦波,材料3,0.19516096500000002
7381,25,79460.0,875111.7465,正弦波,材料3,0.24651641149999998
7382,25,99950.0,2754.192329,正弦波,材料3,0.019847307
7383,25,99950.0,5167.464583,正弦波,材料3,0.0249461975
7384,25,99950.0,9365.014008,正弦波,材料3,0.031332485
7385,25,99950.0,17397.16836,正弦波,材料3,0.039987314499999996
7386,25,99950.0,29823.04484,正弦波,材料3,0.0498437295
7387,25,99950.0,51340.0911,正弦波,材料3,0.06292294300000001
7388,25,99950.0,88695.30174,正弦波,材料3,0.0791733395
7389,25,99950.0,258478.7994,正弦波,材料3,0.1255472245
7390,25,99950.0,712142.0398,正弦波,材料3,0.19740822549999998
7391,25,99950.0,1149825.216,正弦波,材料3,0.242806713
7392,25,125850.0,1944.41501,正弦波,材料3,0.015702018499999998
7393,25,125860.0,3655.386207,正弦波,材料3,0.0196916305
7394,25,125850.0,6655.868271,正弦波,材料3,0.0248241745
7395,25,125850.0,22020.3254,正弦波,材料3,0.039515785
7396,25,125860.0,38465.55548,正弦波,材料3,0.049505468
7397,25,125860.0,66975.05104,正弦波,材料3,0.062536939
7398,25,125860.0,119981.4966,正弦波,材料3,0.0796135915
7399,25,125860.0,333654.412,正弦波,材料3,0.123151866
7400,25,125850.0,577574.4872,正弦波,材料3,0.156909944
7401,25,158500.0,4789.970208,正弦波,材料3,0.019604539499999997
7402,25,158500.0,8979.496721,正弦波,材料3,0.0249498275
7403,25,158500.0,16135.14341,正弦波,材料3,0.031299915
7404,25,158500.0,28701.85187,正弦波,材料3,0.039207182
7405,25,158500.0,51937.15111,正弦波,材料3,0.049598404
7406,25,158510.0,91908.58818,正弦波,材料3,0.06286995349999999
7407,25,158500.0,162300.5175,正弦波,材料3,0.078958951
7408,25,158500.0,268566.9736,正弦波,材料3,0.09784688650000001
7409,25,158500.0,465018.4764,正弦波,材料3,0.1240704735
7410,25,199500.0,1478.325272,正弦波,材料3,0.011472043000000001
7411,25,79430.0,4810.34306,三角波,材料3,0.024416075500000002
7412,25,79430.0,26925.90185,三角波,材料3,0.048539086499999995
7413,25,79420.0,1954189.357,三角波,材料3,0.30540217449999996
7414,25,125890.0,3137.15592,三角波,材料3,0.015505498999999999
7415,25,125890.0,5586.373175,三角波,材料3,0.0194938005
7416,25,125890.0,17380.21799,三角波,材料3,0.030814406
7417,25,125890.0,30816.84628,三角波,材料3,0.0387899705
7418,25,125890.0,283108.5835,三角波,材料3,0.097745441
7419,25,125890.0,482986.7196,三角波,材料3,0.122558047
7420,25,125890.0,827347.6086,三角波,材料3,0.1551904035
7421,25,158750.0,2905.378993,三角波,材料3,0.0124346165
7422,25,158750.0,5056.14364,三角波,材料3,0.0156329195
7423,25,158750.0,15085.45652,三角波,材料3,0.024628864
7424,25,158760.0,26534.63038,三角波,材料3,0.031045074
7425,25,158750.0,46412.60777,三角波,材料3,0.0393306825
7426,25,158750.0,79984.94688,三角波,材料3,0.0491044895
7427,25,158750.0,140779.3784,三角波,材料3,0.0619651355
7428,25,158750.0,244491.912,三角波,材料3,0.07804828250000001
7429,25,158740.0,416058.3174,三角波,材料3,0.098013791
7430,25,158750.0,717632.5216,三角波,材料3,0.1239588195
7431,25,158750.0,1206132.608,三角波,材料3,0.155309911
7432,25,199170.0,7636.681969,三角波,材料3,0.015284039
7433,25,199170.0,68932.53708,三角波,材料3,0.0384319855
7434,25,199170.0,606082.8385,三角波,材料3,0.097023576
7435,25,251220.0,4689.891518,三角波,材料3,0.009753069
7436,25,251230.0,13132.77069,三角波,材料3,0.015357542
7437,25,251230.0,22113.44439,三角波,材料3,0.0193510825
7438,25,251220.0,63440.79323,三角波,材料3,0.0305482365
7439,25,251230.0,109417.4952,三角波,材料3,0.038632998
7440,25,251220.0,183398.7774,三角波,材料3,0.048605516
7441,25,251220.0,314834.5002,三角波,材料3,0.060974113499999996
7442,25,251220.0,543832.1312,三角波,材料3,0.0771935
7443,25,316470.0,7951.626463,三角波,材料3,0.009757363
7444,25,316460.0,13326.21402,三角波,材料3,0.0122407915
7445,25,316460.0,22174.07318,三角波,材料3,0.0154471745
7446,25,316460.0,37154.72717,三角波,材料3,0.0195571815
7447,25,316470.0,61053.54475,三角波,材料3,0.024359344999999998
7448,25,316470.0,290333.7925,三角波,材料3,0.0485510995
7449,25,316470.0,496550.8529,三角波,材料3,0.061414477499999995
7450,25,396810.0,13955.00927,三角波,材料3,0.0098744145
7451,25,396800.0,23037.23978,三角波,材料3,0.0124627675
7452,25,396800.0,38130.59551,三角波,材料3,0.0157949145
7453,25,396800.0,61840.87955,三角波,材料3,0.0197192655
7454,25,396800.0,102825.5629,三角波,材料3,0.024825881
7455,25,396800.0,279857.1056,三角波,材料3,0.0392269075
7456,25,396810.0,793734.9405,三角波,材料3,0.0621054765
7457,25,499980.0,23765.11218,三角波,材料3,0.009566185500000001
7458,25,499970.0,38444.51791,三角波,材料3,0.012107313500000001
7459,25,499960.0,61846.53742,三角波,材料3,0.015140794499999999
7460,25,499970.0,101696.0614,三角波,材料3,0.0191135215
7461,25,499980.0,165857.3139,三角波,材料3,0.0240330775
7462,25,499970.0,267459.4281,三角波,材料3,0.0300515855
7463,25,499970.0,442906.4593,三角波,材料3,0.0379458345
7464,25,499980.0,732242.1322,三角波,材料3,0.047556015
7465,25,79440.0,11881.60105,三角波,材料3,0.0384489355
7466,25,79430.0,21004.58567,三角波,材料3,0.0486808355
7467,25,79440.0,106831.4018,三角波,材料3,0.097195491
7468,25,79440.0,522155.9711,三角波,材料3,0.1942435935
7469,25,79430.0,879146.1121,三角波,材料3,0.2435453325
7470,25,99910.0,8531.662667,三角波,材料3,0.030575955000000002
7471,25,99910.0,27090.42886,三角波,材料3,0.048579829000000005
7472,25,99910.0,47244.48267,三角波,材料3,0.0615257565
7473,25,99910.0,82832.43964,三角波,材料3,0.07734814649999999
7474,25,99910.0,143736.5259,三角波,材料3,0.097451031
7475,25,99900.0,243674.0148,三角波,材料3,0.1229811255
7476,25,99910.0,419010.2402,三角波,材料3,0.15457535249999999
7477,25,99910.0,1209727.89,三角波,材料3,0.2450436665
7478,25,125890.0,20828.13461,三角波,材料3,0.038416805
7479,25,125890.0,37033.84064,三角波,材料3,0.0486567215
7480,25,125900.0,64892.88453,三角波,材料3,0.061182556
7481,25,125890.0,114143.4161,三角波,材料3,0.076856342
7482,25,125890.0,336601.6927,三角波,材料3,0.1219924835
7483,25,125890.0,572859.4021,三角波,材料3,0.1530559185
7484,25,125890.0,975690.7231,三角波,材料3,0.193524989
7485,25,125900.0,1632589.206,三角波,材料3,0.242659173
7486,25,125890.0,2794958.278,三角波,材料3,0.306201302
7487,25,158750.0,16083.01056,三角波,材料3,0.0307177555
7488,25,158740.0,28612.55785,三角波,材料3,0.038771355
7489,25,158740.0,90590.87434,三角波,材料3,0.061377279
7490,25,158750.0,158084.9327,三角波,材料3,0.077389975
7491,25,158750.0,469914.116,三角波,材料3,0.121944786
7492,25,199170.0,4058.096136,三角波,材料3,0.015315599
7493,25,199160.0,7256.839025,三角波,材料3,0.01945066
7494,25,199170.0,12706.6055,三角波,材料3,0.0243502155
7495,25,199160.0,22962.82191,三角波,材料3,0.0308744695
7496,25,199170.0,73769.35138,三角波,材料3,0.04877173
7497,25,199170.0,128002.8654,三角波,材料3,0.061456136
7498,25,199170.0,225685.4778,三角波,材料3,0.077182973
7499,25,199170.0,390022.0957,三角波,材料3,0.096838865
7500,25,199170.0,672210.6135,三角波,材料3,0.12249499650000001
7501,25,199170.0,1917188.281,三角波,材料3,0.1941118165
7502,25,251230.0,3690.838463,三角波,材料3,0.0122312865
7503,25,251230.0,6525.58447,三角波,材料3,0.015531058
7504,25,251230.0,11332.51637,三角波,材料3,0.01949828
7505,25,251230.0,19774.6652,三角波,材料3,0.024630729
7506,25,251230.0,35176.73701,三角波,材料3,0.030840419
7507,25,251230.0,109663.9909,三角波,材料3,0.0490083055
7508,25,251230.0,190965.9755,三角波,材料3,0.0614443495
7509,25,251230.0,332294.2247,三角波,材料3,0.077144457
7510,25,251230.0,576221.1875,三角波,材料3,0.09765323100000001
7511,25,251230.0,974384.4383,三角波,材料3,0.1223216095
7512,25,251230.0,1657166.807,三角波,材料3,0.15442216
7513,25,316460.0,3608.19606,三角波,材料3,0.009777533500000001
7514,25,316460.0,10510.27505,三角波,材料3,0.0155289335
7515,25,316460.0,31575.85527,三角波,材料3,0.0246028885
7516,25,316460.0,55108.62461,三角波,材料3,0.030951741499999998
7517,25,316460.0,95985.7858,三角波,材料3,0.039019277
7518,25,316460.0,288364.0938,三角波,材料3,0.0614874645
7519,25,316460.0,854595.4649,三角波,材料3,0.09734344149999999
7520,25,316460.0,1457208.154,三角波,材料3,0.1230272865
7521,25,396810.0,6208.812139,三角波,材料3,0.009724888
7522,25,396810.0,29414.12888,三角波,材料3,0.0192400075
7523,25,396810.0,50219.48281,三角波,材料3,0.024249017
7524,25,396810.0,85841.38171,三角波,材料3,0.030549776
7525,25,396810.0,251430.4498,三角波,材料3,0.048186214500000005
7526,25,396810.0,436750.9822,三角波,材料3,0.060890402499999996
7527,25,396810.0,743636.3588,三角波,材料3,0.076296167
7528,25,396810.0,1269497.729,三角波,材料3,0.0963376835
7529,25,499970.0,10794.23332,三角波,材料3,0.0096853435
7530,25,499970.0,29810.22506,三角波,材料3,0.0153232795
7531,25,499980.0,50137.2872,三角波,材料3,0.019314412500000003
7532,25,499970.0,83384.66164,三角波,材料3,0.024343718
7533,25,499970.0,140907.2324,三角波,材料3,0.030505296
7534,25,499970.0,238364.4398,三角波,材料3,0.0382996185
7535,25,499970.0,681279.3321,三角波,材料3,0.06057233
7536,25,499970.0,1162443.494,三角波,材料3,0.07644812000000001
7537,25,63190.0,26224.29438,三角波,材料3,0.061969421999999996
7538,25,63190.0,44053.42689,三角波,材料3,0.07728607500000001
7539,25,63180.0,74561.23775,三角波,材料3,0.097473673
7540,25,63190.0,125668.5919,三角波,材料3,0.12259975249999999
7541,25,79500.0,19954.25753,三角波,材料3,0.049231767499999995
7542,25,79500.0,33210.20282,三角波,材料3,0.0614575455
7543,25,79500.0,57149.65614,三角波,材料3,0.077586547
7544,25,79500.0,97695.68909,三角波,材料3,0.097596779
7545,25,79500.0,276283.5846,三角波,材料3,0.15457023050000002
7546,25,79500.0,468411.0525,三角波,材料3,0.1951075175
7547,25,79500.0,786804.3218,三角波,材料3,0.243554638
7548,25,79500.0,1370342.672,三角波,材料3,0.30899613800000003
7549,25,99900.0,14447.52529,三角波,材料3,0.039143134999999996
7550,25,99900.0,42385.65525,三角波,材料3,0.061562887499999996
7551,25,99910.0,127511.0255,三角波,材料3,0.097337071
7552,25,99910.0,215896.4758,三角波,材料3,0.122789946
7553,25,99910.0,368080.814,三角波,材料3,0.154965262
7554,25,99910.0,618486.6569,三角波,材料3,0.1932479915
7555,25,99910.0,1064065.437,三角波,材料3,0.245417943
7556,25,99910.0,1835653.273,三角波,材料3,0.30840683
7557,25,125890.0,10794.99732,三角波,材料3,0.031056745
7558,25,125890.0,18723.72465,三角波,材料3,0.0388156815
7559,25,125890.0,57324.49714,三角波,材料3,0.0616280515
7560,25,125890.0,295524.535,三角波,材料3,0.1228363315
7561,25,125890.0,495411.5266,三角波,材料3,0.15340713649999999
7562,25,158730.0,7999.305874,三角波,材料3,0.0247769335
7563,25,158730.0,24808.27848,三角波,材料3,0.0389744435
7564,25,158730.0,44643.94465,三角波,材料3,0.049173533
7565,25,158730.0,135988.1493,三角波,材料3,0.07768816049999999
7566,25,158730.0,691297.4788,三角波,材料3,0.155225827
7567,25,158730.0,1172778.049,三角波,材料3,0.1953570375
7568,25,158730.0,3386268.637,三角波,材料3,0.308565986
7569,25,199170.0,6100.395039,三角波,材料3,0.019659633000000003
7570,25,199170.0,10591.38776,三角波,材料3,0.024567617
7571,25,199170.0,18741.82888,三角波,材料3,0.0308843935
7572,25,199160.0,105687.6368,三角波,材料3,0.0615235665
7573,25,199170.0,187356.1549,三角波,材料3,0.07770729700000001
7574,25,199170.0,322096.453,三角波,材料3,0.09686799700000001
7575,25,199170.0,561360.7192,三角波,材料3,0.1229177405
7576,25,199170.0,952242.0047,三角波,材料3,0.15470220299999998
7577,25,199170.0,1623855.16,三角波,材料3,0.19510427149999998
7578,25,251230.0,8722.787932,三角波,材料3,0.0195796185
7579,25,251230.0,15208.85098,三角波,材料3,0.0246548865
7580,25,251230.0,27412.78334,三角波,材料3,0.031022131
7581,25,251230.0,87192.10557,三角波,材料3,0.048983501
7582,25,251230.0,267671.4621,三角波,材料3,0.077097571
7583,25,251230.0,469759.4717,三角波,材料3,0.0979310155
7584,25,251230.0,1370022.571,三角波,材料3,0.1553027185
7585,25,251230.0,2307209.254,三角波,材料3,0.1948282835
7586,25,316450.0,4462.486479,三角波,材料3,0.012331885
7587,25,316450.0,7566.892742,三角波,材料3,0.015426971
7588,25,316450.0,22908.35902,三角波,材料3,0.024450718000000003
7589,25,316450.0,72112.10103,三角波,材料3,0.03854483
7590,25,316450.0,220759.0478,三角波,材料3,0.060650960500000003
7591,25,316450.0,678303.7946,三角波,材料3,0.09684939
7592,25,316450.0,1157978.296,三角波,材料3,0.1220899805
7593,25,396820.0,4339.767183,三角波,材料3,0.0098849335
7594,25,396820.0,7229.18397,三角波,材料3,0.012373540499999999
7595,25,396820.0,21453.39964,三角波,材料3,0.019681996
7596,25,396810.0,37074.30612,三角波,材料3,0.024573672499999998
7597,25,396820.0,64233.24078,三角波,材料3,0.0309070415
7598,25,396810.0,113516.3719,三角波,材料3,0.0390399855
7599,25,396810.0,196235.0415,三角波,材料3,0.048658565
7600,25,396810.0,597165.0611,三角波,材料3,0.077626444
7601,25,396810.0,1735899.747,三角波,材料3,0.1228341385
7602,25,499970.0,7305.249093,三角波,材料3,0.009795971
7603,25,499970.0,20755.04284,三角波,材料3,0.015534779500000002
7604,25,499970.0,35171.63192,三角波,材料3,0.0193900595
7605,25,499970.0,59641.22144,三角波,材料3,0.02440782
7606,25,499970.0,103784.7086,三角波,材料3,0.030803525499999998
7607,25,499970.0,176697.2719,三角波,材料3,0.038366356500000004
7608,25,499970.0,309079.4155,三角波,材料3,0.0486432755
7609,25,499970.0,528104.4756,三角波,材料3,0.061193613
7610,25,499970.0,911160.5372,三角波,材料3,0.0771292205
7611,25,63110.0,71155.94133,三角波,材料3,0.097620258
7612,25,63100.0,199278.5488,三角波,材料3,0.154029993
7613,25,63100.0,337421.0049,三角波,材料3,0.194709014
7614,25,63100.0,573682.7751,三角波,材料3,0.245654951
7615,25,63100.0,985843.8985,三角波,材料3,0.308509623
7616,25,79520.0,32002.90595,三角波,材料3,0.0616931605
7617,25,79520.0,92319.46958,三角波,材料3,0.097345502
7618,25,79520.0,445319.6986,三角波,材料3,0.195038606
7619,25,79520.0,751973.7762,三角波,材料3,0.244952045
7620,25,79530.0,1298457.809,三角波,材料3,0.3091540125
7621,25,99900.0,24024.91456,三角波,材料3,0.048929968000000004
7622,25,99900.0,70121.15928,三角波,材料3,0.07721740199999999
7623,25,99900.0,118635.0477,三角波,材料3,0.096817641
7624,25,99900.0,347521.4367,三角波,材料3,0.15483623400000002
7625,25,99910.0,585829.2681,三角波,材料3,0.194608591
7626,25,99900.0,998572.3838,三角波,材料3,0.24559080449999998
7627,25,125890.0,18028.16399,三角波,材料3,0.0389342465
7628,25,125890.0,31491.33072,三角波,材料3,0.049003802
7629,25,125890.0,53484.56294,三角波,材料3,0.061379072
7630,25,125890.0,93000.95295,三角波,材料3,0.07715707699999999
7631,25,125890.0,160987.6865,三角波,材料3,0.097578733
7632,25,125890.0,277555.633,三角波,材料3,0.123073761
7633,25,125890.0,467334.4051,三角波,材料3,0.15460452
7634,25,125890.0,796668.7448,三角波,材料3,0.195328879
7635,25,125890.0,1358839.444,三角波,材料3,0.24499506100000001
7636,25,158730.0,13192.44149,三角波,材料3,0.0309350055
7637,25,158730.0,23390.79388,三角波,材料3,0.0389875885
7638,25,158730.0,124974.9741,三角波,材料3,0.077554964
7639,25,158730.0,219356.8829,三角波,材料3,0.0978990445
7640,25,158740.0,371993.0514,三角波,材料3,0.1229341505
7641,25,158730.0,635417.201,三角波,材料3,0.155147559
7642,25,158730.0,1085787.374,三角波,材料3,0.1946915135
7643,25,199170.0,9837.249777,三角波,材料3,0.0246379085
7644,25,199170.0,30984.45006,三角波,材料3,0.0389135865
7645,25,199170.0,54986.1921,三角波,材料3,0.048831809000000004
7646,25,199170.0,97011.45025,三角波,材料3,0.061795447
7647,25,199170.0,173399.8085,三角波,材料3,0.07784526250000001
7648,25,199170.0,2552546.039,三角波,材料3,0.2459285505
7649,25,251230.0,7890.954815,三角波,材料3,0.019588090000000002
7650,25,251230.0,13828.5846,三角波,材料3,0.0246483485
7651,25,251230.0,24542.079,三角波,材料3,0.030930878000000002
7652,25,251230.0,43757.91811,三角波,材料3,0.038894496
7653,25,251230.0,78683.90896,三角波,材料3,0.0491862485
7654,25,251230.0,139895.2449,三角波,材料3,0.061897891999999996
7655,25,251230.0,245044.5613,三角波,材料3,0.0777752705
7656,25,251230.0,1243277.637,三角波,材料3,0.15488065699999998
7657,25,251230.0,2116994.116,三角波,材料3,0.195380526
7658,25,316450.0,6710.529011,三角波,材料3,0.0155074675
7659,25,316450.0,11552.04018,三角波,材料3,0.019545807499999998
7660,25,316450.0,35928.41688,三角波,材料3,0.0307836545
7661,25,316450.0,64482.43847,三角波,材料3,0.038949276500000005
7662,25,316450.0,116054.7373,三角波,材料3,0.0489394115
7663,25,316450.0,355281.0008,三角波,材料3,0.07760112899999999
7664,25,316450.0,1790589.984,三角波,材料3,0.15444174
7665,25,316450.0,3017783.609,三角波,材料3,0.19440874400000002
7666,25,499970.0,5940.845655,三角波,材料3,0.0098029325
7667,25,499970.0,29039.40921,三角波,材料3,0.0194476435
7668,25,499970.0,50598.08878,三角波,材料3,0.024633336999999998
7669,25,499970.0,88966.3238,三角波,材料3,0.030910658
7670,50,79430.0,314407.1405,三角波,材料3,0.1542655225
7671,50,99930.0,14950.48937,三角波,材料3,0.038863002
7672,50,125890.0,7840.179723,三角波,材料3,0.024492618
7673,50,125900.0,13755.62489,三角波,材料3,0.030905750500000002
7674,50,125900.0,23818.99004,三角波,材料3,0.038847310999999995
7675,50,125900.0,41456.65729,三角波,材料3,0.049234533
7676,50,125890.0,220763.2867,三角波,材料3,0.0977487775
7677,50,125890.0,1164367.018,三角波,材料3,0.19452099150000002
7678,50,158750.0,2722.848569,三角波,材料3,0.012410908
7679,50,158750.0,4618.189151,三角波,材料3,0.0156357735
7680,50,158750.0,13188.39504,三角波,材料3,0.024657606999999998
7681,50,158750.0,112371.1284,三角波,材料3,0.062060251
7682,50,158750.0,194224.634,三角波,材料3,0.0781601565
7683,50,199170.0,4482.803828,三角波,材料3,0.0122640985
7684,50,199160.0,7291.804027,三角波,材料3,0.0153763465
7685,50,199180.0,12435.28531,三角波,材料3,0.019330699
7686,50,199170.0,20813.37335,三角波,材料3,0.024312359
7687,50,199160.0,59215.37251,三角波,材料3,0.038483024
7688,50,199170.0,101463.1188,三角波,材料3,0.0485284925
7689,50,199170.0,170946.9185,三角波,材料3,0.06117364
7690,50,199170.0,294331.2662,三角波,材料3,0.076736692
7691,50,251220.0,12988.14584,三角波,材料3,0.01539898
7692,50,251230.0,21448.63614,三角波,材料3,0.0193741815
7693,50,251220.0,58907.39844,三角波,材料3,0.030613994
7694,50,251230.0,98815.18657,三角波,材料3,0.0386306525
7695,50,251230.0,165384.6938,三角波,材料3,0.048688592
7696,50,251230.0,275447.8754,三角波,材料3,0.0610724735
7697,50,251230.0,471960.4023,三角波,材料3,0.07728839600000001
7698,50,251230.0,799295.642,三角波,材料3,0.09689574749999999
7699,50,316470.0,8323.670341,三角波,材料3,0.009762957
7700,50,316460.0,13614.12564,三角波,材料3,0.012262401
7701,50,316470.0,22441.50957,三角波,材料3,0.0154400315
7702,50,316460.0,59919.7761,三角波,材料3,0.024451886
7703,50,316460.0,99021.04068,三角波,材料3,0.030810129
7704,50,316470.0,163134.244,三角波,材料3,0.038825293999999996
7705,50,316460.0,751703.692,三角波,材料3,0.077057915
7706,50,396800.0,14713.13811,三角波,材料3,0.009918961
7707,50,396800.0,23834.99275,三角波,材料3,0.012468016
7708,50,396800.0,39011.0407,三角波,材料3,0.015819962
7709,50,396800.0,62245.82251,三角波,材料3,0.0196963065
7710,50,396810.0,101993.4714,三角波,材料3,0.0248767285
7711,50,396800.0,166347.6329,三角波,材料3,0.0313508055
7712,50,396800.0,444378.8332,三角波,材料3,0.049570371
7713,50,396800.0,733920.433,三角波,材料3,0.062129630000000005
7714,50,499970.0,39617.39066,三角波,材料3,0.012139670000000002
7715,50,499970.0,63511.44902,三角波,材料3,0.015146076500000001
7716,50,499970.0,103050.5799,三角波,材料3,0.0191008535
7717,50,499970.0,162350.5468,三角波,材料3,0.024070912
7718,50,499970.0,262831.7044,三角波,材料3,0.030126338000000003
7719,50,499980.0,431095.1812,三角波,材料3,0.038040956
7720,50,499980.0,698984.1148,三角波,材料3,0.047628267
7721,50,79440.0,12785.86231,三角波,材料3,0.04877401
7722,50,79440.0,22516.18176,三角波,材料3,0.061218177
7723,50,79440.0,125961.5476,三角波,材料3,0.12265107850000001
7724,50,79440.0,397139.4695,三角波,材料3,0.1943511105
7725,50,79440.0,701594.8179,三角波,材料3,0.24384593
7726,50,79430.0,1260439.049,三角波,材料3,0.3080899935
7727,50,99910.0,96362.6542,三角波,材料3,0.09756935850000001
7728,50,99910.0,171522.4353,三角波,材料3,0.122992946
7729,50,99910.0,544938.1416,三角波,材料3,0.193963458
7730,50,99910.0,971124.0982,三角波,材料3,0.24551274750000002
7731,50,125890.0,4350.92269,三角波,材料3,0.024177953500000002
7732,50,125900.0,13653.53696,三角波,材料3,0.0384728005
7733,50,125890.0,24301.70606,三角波,材料3,0.0487227015
7734,50,125890.0,43704.72438,三角波,材料3,0.061088917000000006
7735,50,125890.0,77382.06664,三角波,材料3,0.07704530600000001
7736,50,125890.0,137660.9904,三角波,材料3,0.09716338299999999
7737,50,125890.0,247163.7691,三角波,材料3,0.122083444
7738,50,125890.0,436861.1957,三角波,材料3,0.153227729
7739,50,158750.0,3768.705525,三角波,材料3,0.019307214500000003
7740,50,158750.0,11486.64338,三角波,材料3,0.030736266499999998
7741,50,158740.0,20340.97153,三角波,材料3,0.038843919000000005
7742,50,158750.0,65181.40842,三角波,材料3,0.061364498
7743,50,158740.0,634303.6273,三角波,材料3,0.15448592700000002
7744,50,158740.0,1106045.487,三角波,材料3,0.1936593305
7745,50,158750.0,1944415.531,三角波,材料3,0.24446066500000002
7746,50,199160.0,3485.1806,三角波,材料3,0.0153722575
7747,50,199170.0,31625.65282,三角波,材料3,0.038738406
7748,50,199170.0,55647.82293,三角波,材料3,0.0487870355
7749,50,199170.0,97738.41548,三角波,材料3,0.0615646155
7750,50,199160.0,171283.0847,三角波,材料3,0.0772435685
7751,50,199170.0,919477.344,三角波,材料3,0.153637517
7752,50,199170.0,1609141.302,三角波,材料3,0.194191289
7753,50,251230.0,3513.537879,三角波,材料3,0.0122555615
7754,50,251230.0,6010.60697,三角波,材料3,0.0155247775
7755,50,251230.0,17359.95147,三角波,材料3,0.0247329825
7756,50,251230.0,51596.54179,三角波,材料3,0.038941925
7757,50,251230.0,266388.2632,三角波,材料3,0.077263686
7758,50,251230.0,1392626.042,三角波,材料3,0.15471503
7759,50,316460.0,3705.792326,三角波,材料3,0.009769716000000001
7760,50,316460.0,6206.750517,三角波,材料3,0.012416593
7761,50,316460.0,17461.66098,三角波,材料3,0.0196903275
7762,50,316460.0,29276.3463,三角波,材料3,0.024597496500000003
7763,50,316460.0,84738.45229,三角波,材料3,0.0391275435
7764,50,316460.0,144136.78,三角波,材料3,0.0490802745
7765,50,316460.0,243672.5209,三角波,材料3,0.061573091499999996
7766,50,316460.0,424090.5406,三角波,材料3,0.0779017325
7767,50,316460.0,1247732.357,三角波,材料3,0.123286929
7768,50,396810.0,29555.68389,三角波,材料3,0.0192786335
7769,50,396810.0,49341.93319,三角波,材料3,0.0243141035
7770,50,396810.0,230531.0092,三角波,材料3,0.048256582000000006
7771,50,396810.0,387774.4468,三角波,材料3,0.0609614855
7772,50,396810.0,1117149.579,三角波,材料3,0.096424643
7773,50,499970.0,19250.21744,三角波,材料3,0.012292374
7774,50,499970.0,31264.75379,三角波,材料3,0.015331698000000001
7775,50,499970.0,51527.47463,三角波,材料3,0.0193273035
7776,50,499970.0,84362.21938,三角波,材料3,0.0243779745
7777,50,499970.0,138378.4114,三角波,材料3,0.030557564
7778,50,499970.0,228761.379,三角波,材料3,0.0383817365
7779,50,499970.0,382131.784,三角波,材料3,0.048486678000000005
7780,50,499980.0,627734.3366,三角波,材料3,0.0606943445
7781,50,63190.0,46652.58663,三角波,材料3,0.09754218549999999
7782,50,63180.0,146382.6218,三角波,材料3,0.15462285650000002
7783,50,63180.0,256556.1618,三角波,材料3,0.1945998705
7784,50,79490.0,11769.51339,三角波,材料3,0.049419799
7785,50,79500.0,110336.9094,三角波,材料3,0.122969893
7786,50,79500.0,194515.189,三角波,材料3,0.15486818800000002
7787,50,79500.0,347833.1038,三角波,材料3,0.1951121685
7788,50,79500.0,1122476.215,三角波,材料3,0.3091005535
7789,50,99910.0,8621.377404,三角波,材料3,0.039234323
7790,50,99910.0,14799.36264,三角波,材料3,0.0489911695
7791,50,99900.0,46589.76157,三角波,材料3,0.0778324195
7792,50,99900.0,83170.47813,三角波,材料3,0.09763504649999999
7793,50,99910.0,148086.2906,三角波,材料3,0.1229339915
7794,50,99910.0,264811.3131,三角波,材料3,0.155066989
7795,50,99910.0,466228.8306,三角波,材料3,0.193388971
7796,50,99910.0,844922.8915,三角波,材料3,0.245613083
7797,50,99910.0,1515518.662,三角波,材料3,0.30843708299999995
7798,50,125890.0,20352.89171,三角波,材料3,0.048849148
7799,50,125890.0,116170.7711,三角波,材料3,0.09756092499999999
7800,50,125900.0,367185.2459,三角波,材料3,0.15375344200000002
7801,50,125890.0,661786.6036,三角波,材料3,0.1950571225
7802,50,125890.0,1173873.5,三角波,材料3,0.244944407
7803,50,158730.0,5420.420916,三角波,材料3,0.024838040999999998
7804,50,158730.0,9221.68819,三角波,材料3,0.031058071
7805,50,158730.0,29365.83492,三角波,材料3,0.04933501
7806,50,158730.0,92683.20536,三角波,材料3,0.07776938650000001
7807,50,158730.0,293303.1016,三角波,材料3,0.122400448
7808,50,158730.0,2953112.148,三角波,材料3,0.3085174935
7809,50,199160.0,4571.126546,三角波,材料3,0.019706954999999998
7810,50,199170.0,7720.261082,三角波,材料3,0.0246163965
7811,50,199170.0,13448.74402,三角波,材料3,0.030987629500000002
7812,50,199170.0,24169.42858,三角波,材料3,0.039128472
7813,50,199170.0,76597.96095,三角波,材料3,0.061645109000000003
7814,50,199170.0,429554.1378,三角波,材料3,0.1231790995
7815,50,199170.0,2326525.596,三角波,材料3,0.244863627
7816,50,251230.0,4282.596257,三角波,材料3,0.0157151935
7817,50,251230.0,7216.812031,三角波,材料3,0.0196273055
7818,50,251230.0,21574.9388,三角波,材料3,0.031178092499999997
7819,50,251230.0,66575.38229,三角波,材料3,0.0490634775
7820,50,251230.0,641749.6476,三角波,材料3,0.12326447900000001
7821,50,251230.0,1119887.698,三角波,材料3,0.1554917595
7822,50,251230.0,1942183.756,三角波,材料3,0.19500589750000002
7823,50,316450.0,4294.415852,三角波,材料3,0.0123906105
7824,50,316450.0,35224.02828,三角波,材料3,0.030695530999999998
7825,50,316450.0,60771.67441,三角波,材料3,0.038654032500000005
7826,50,316450.0,106016.4269,三角波,材料3,0.048788516000000004
7827,50,316450.0,182246.5398,三角波,材料3,0.060790071
7828,50,316450.0,319086.0975,三角波,材料3,0.07713334999999999
7829,50,316450.0,556435.3852,三角波,材料3,0.096951587
7830,50,316450.0,1648543.22,三角波,材料3,0.1534177585
7831,50,396820.0,4517.322656,三角波,材料3,0.009930241
7832,50,396820.0,7358.546137,三角波,材料3,0.0124130465
7833,50,396810.0,34982.26767,三角波,材料3,0.0245995835
7834,50,396820.0,58996.9764,三角波,材料3,0.030990588
7835,50,396820.0,171481.2355,三角波,材料3,0.0487277245
7836,50,396810.0,295112.5527,三角波,材料3,0.0618387925
7837,50,396820.0,881160.7977,三角波,材料3,0.09802248
7838,50,396810.0,1495260.918,三角波,材料3,0.1230172205
7839,50,499970.0,13265.53069,三角波,材料3,0.0123368945
7840,50,499970.0,22014.71396,三角波,材料3,0.015555574499999999
7841,50,499970.0,36590.92667,三角波,材料3,0.0194329055
7842,50,499970.0,167400.0211,三角波,材料3,0.0384883245
7843,50,499970.0,475283.6369,三角波,材料3,0.061325237500000004
7844,50,499970.0,1371158.182,三角波,材料3,0.096973843
7845,50,63100.0,25562.22604,三角波,材料3,0.077919215
7846,50,63100.0,44446.37023,三角波,材料3,0.0979799375
7847,50,63100.0,78377.5598,三角波,材料3,0.12300079950000001
7848,50,63100.0,136706.1215,三角波,材料3,0.1539900315
7849,50,63100.0,441177.916,三角波,材料3,0.2462571925
7850,50,63100.0,788381.2493,三角波,材料3,0.30858139549999997
7851,50,79520.0,19438.75525,三角波,材料3,0.0618099965
7852,50,79530.0,33264.47469,三角波,材料3,0.0777757675
7853,50,79530.0,58004.74687,三角波,材料3,0.0973003015
7854,50,79520.0,183584.3465,三角波,材料3,0.154670484
7855,50,79520.0,329331.7351,三角波,材料3,0.195461716
7856,50,79520.0,582862.7996,三角波,材料3,0.2451362805
7857,50,99900.0,24879.6348,三角波,材料3,0.0618052645
7858,50,99900.0,43105.80395,三角波,材料3,0.0774798515
7859,50,99900.0,76379.13657,三角波,材料3,0.0972568235
7860,50,99910.0,246575.764,三角波,材料3,0.155093692
7861,50,99900.0,436883.89,三角波,材料3,0.194794134
7862,50,99910.0,787978.5123,三角波,材料3,0.2461565605
7863,50,99910.0,1431606.269,三角波,材料3,0.30863612549999997
7864,50,125890.0,10935.61276,三角波,材料3,0.039039409
7865,50,125890.0,19066.66027,三角波,材料3,0.049065469
7866,50,125890.0,33662.6732,三角波,材料3,0.061434039999999995
7867,50,125890.0,106668.4205,三角波,材料3,0.097912622
7868,50,125890.0,339914.4734,三角波,材料3,0.1548426705
7869,50,125890.0,608965.196,三角波,材料3,0.1956016575
7870,50,125890.0,1092469.782,三角波,材料3,0.24529404300000002
7871,50,125890.0,1969381.933,三角波,材料3,0.3081235965
7872,50,158730.0,8544.380249,三角波,材料3,0.031041583999999997
7873,50,158730.0,14808.81755,三角波,材料3,0.0390300035
7874,50,158730.0,26250.595,三角波,材料3,0.049044080000000004
7875,50,158730.0,46576.71413,三角波,材料3,0.061467461
7876,50,158740.0,83204.06053,三角波,材料3,0.077849163
7877,50,158730.0,266998.4194,三角波,材料3,0.122959629
7878,50,158730.0,476265.8889,三角波,材料3,0.1553898885
7879,50,158730.0,851290.7549,三角波,材料3,0.1948978515
7880,50,158730.0,2747713.844,三角波,材料3,0.3091838265
7881,50,199170.0,6933.22276,三角波,材料3,0.024728201499999998
7882,50,199170.0,11983.97918,三角波,材料3,0.0311247755
7883,50,199170.0,21271.18537,三角波,材料3,0.039066567999999996
7884,50,199170.0,37481.34554,三角波,材料3,0.0489681255
7885,50,199170.0,67920.62322,三角波,材料3,0.06195392
7886,50,199170.0,122228.926,三角波,材料3,0.078013662
7887,50,199170.0,216591.0561,三角波,材料3,0.0979934915
7888,50,199170.0,681844.2494,三角波,材料3,0.15511617249999998
7889,50,199170.0,1207223.005,三角波,材料3,0.1951040605
7890,50,251230.0,6211.132819,三角波,材料3,0.019631896500000003
7891,50,251230.0,10637.00824,三角波,材料3,0.024722204499999997
7892,50,251230.0,18534.50983,三角波,材料3,0.0310779635
7893,50,251230.0,574666.8755,三角波,材料3,0.12327070600000001
7894,50,251230.0,1759800.686,三角波,材料3,0.195618112
7895,50,316450.0,5903.122022,三角波,材料3,0.0155735135
7896,50,316450.0,17174.75207,三角波,材料3,0.024640967
7897,50,316450.0,52230.52103,三角波,材料3,0.039083076
7898,50,316450.0,92712.56242,三角波,材料3,0.0491055705
7899,50,316450.0,161740.0282,三角波,材料3,0.0616341355
7900,50,316450.0,281568.559,三角波,材料3,0.0777680645
7901,50,316450.0,861054.4817,三角波,材料3,0.1225569085
7902,50,499970.0,6681.688457,三角波,材料3,0.0098347375
7903,50,499970.0,18181.70591,三角波,材料3,0.015569185999999999
7904,50,499970.0,50903.54319,三角波,材料3,0.0246744905
7905,70,79430.0,868527.8972,三角波,材料3,0.244904432
7906,70,125890.0,4395.470542,三角波,材料3,0.019531125500000003
7907,70,125900.0,12366.77924,三角波,材料3,0.030867267999999996
7908,70,125890.0,21079.6178,三角波,材料3,0.038825941
7909,70,125890.0,35745.92371,三角波,材料3,0.0491846585
7910,70,125890.0,107718.3792,三角波,材料3,0.0776243865
7911,70,125890.0,190055.1131,三角波,材料3,0.097908506
7912,70,158740.0,2730.646581,三角波,材料3,0.012427123
7913,70,158750.0,4525.013733,三角波,材料3,0.015644795
7914,70,158750.0,20541.07897,三角波,材料3,0.031064092499999998
7915,70,158740.0,34947.98579,三角波,材料3,0.0393403205
7916,70,158750.0,58677.12871,三角波,材料3,0.049246964000000004
7917,70,158740.0,171176.9323,三角波,材料3,0.07820698849999999
7918,70,199170.0,2931.849617,三角波,材料3,0.0097326535
7919,70,199170.0,12768.88774,三角波,材料3,0.0192934825
7920,70,199170.0,20891.04047,三角波,材料3,0.024312349499999997
7921,70,199170.0,34441.87465,三角波,材料3,0.0307648795
7922,70,199170.0,56638.08976,三角波,材料3,0.0384481
7923,70,199170.0,94802.98603,三角波,材料3,0.0485469325
7924,70,199170.0,264178.8788,三角波,材料3,0.0768018205
7925,70,199160.0,781878.4436,三角波,材料3,0.12168436299999999
7926,70,251230.0,5070.75486,三角波,材料3,0.009769271
7927,70,251230.0,13207.73618,三角波,材料3,0.015399219999999998
7928,70,251230.0,21435.11253,三角波,材料3,0.0193840995
7929,70,251230.0,35105.50584,三角波,材料3,0.024540781499999997
7930,70,251220.0,56862.94797,三角波,材料3,0.030626747000000003
7931,70,251230.0,94382.29582,三角波,材料3,0.038720146
7932,70,251230.0,154915.4593,三角波,材料3,0.048729811
7933,70,251230.0,253168.1993,三角波,材料3,0.061057321
7934,70,251220.0,722311.164,三角波,材料3,0.096898577
7935,70,316450.0,13841.16773,三角波,材料3,0.012262732
7936,70,316460.0,22513.74904,三角波,材料3,0.015460429500000001
7937,70,316470.0,36431.75304,三角波,材料3,0.019526357
7938,70,316460.0,58313.30379,三角波,材料3,0.024416618
7939,70,316460.0,155143.5212,三角波,材料3,0.038828071000000006
7940,70,316460.0,252979.3566,三角波,材料3,0.0486774835
7941,70,316470.0,415157.5773,三角波,材料3,0.0615773775
7942,70,396800.0,38620.8883,三角波,材料3,0.015816258
7943,70,396800.0,61083.33859,三角波,材料3,0.019710876000000002
7944,70,396800.0,98976.24002,三角波,材料3,0.0248666535
7945,70,396810.0,159442.5898,三角波,材料3,0.0313353955
7946,70,396800.0,253574.4858,三角波,材料3,0.039216070000000006
7947,70,396810.0,416254.684,三角波,材料3,0.0495745175
7948,70,396800.0,678098.0805,三角波,材料3,0.0622120305
7949,70,499970.0,24388.18028,三角波,材料3,0.009598955
7950,70,499970.0,38987.46015,三角波,材料3,0.012118631000000001
7951,70,499970.0,61850.28012,三角波,材料3,0.015147367
7952,70,499970.0,99290.76513,三角波,材料3,0.0191055995
7953,70,499980.0,250512.8133,三角波,材料3,0.030144161500000002
7954,70,499970.0,404379.0199,三角波,材料3,0.037980475
7955,70,499970.0,650371.5669,三角波,材料3,0.047652878499999995
7956,70,79440.0,4860.966132,三角波,材料3,0.038432506000000005
7957,70,79440.0,8732.265037,三角波,材料3,0.0488530505
7958,70,79440.0,15676.92454,三角波,材料3,0.061263698000000005
7959,70,79440.0,27972.4445,三角波,材料3,0.077427763
7960,70,79440.0,52210.25457,三角波,材料3,0.097347791
7961,70,79440.0,98415.161,三角波,材料3,0.1227103905
7962,70,79440.0,181944.4186,三角波,材料3,0.154578633
7963,70,79430.0,339357.3986,三角波,材料3,0.194299996
7964,70,79440.0,619341.3107,三角波,材料3,0.2439674475
7965,70,79440.0,1123687.267,三角波,材料3,0.30826065
7966,70,99910.0,3753.428854,三角波,材料3,0.0306193055
7967,70,99910.0,11929.62844,三角波,材料3,0.048683024
7968,70,99910.0,39521.87336,三角波,材料3,0.0775097775
7969,70,99910.0,73536.73752,三角波,材料3,0.097580623
7970,70,99910.0,255323.135,三角波,材料3,0.1547022105
7971,70,99910.0,470557.4027,三角波,材料3,0.194114452
7972,70,125890.0,10478.24809,三角波,材料3,0.0385597515
7973,70,125900.0,109252.8237,三角波,材料3,0.097268406
7974,70,125890.0,370174.2009,三角波,材料3,0.1533635095
7975,70,125890.0,2161182.379,三角波,材料3,0.3063875715
7976,70,158740.0,3368.464597,三角波,材料3,0.0193265665
7977,70,158750.0,5782.892584,三角波,材料3,0.024533352
7978,70,158740.0,17049.88713,三角波,材料3,0.0389283995
7979,70,158740.0,29882.84099,三角波,材料3,0.048754001500000005
7980,70,158740.0,92686.10872,三角波,材料3,0.077435297
7981,70,158750.0,168243.1909,三角波,材料3,0.097353916
7982,70,158750.0,552143.5715,三角波,材料3,0.15442734349999998
7983,70,158750.0,985505.6647,三角波,材料3,0.1934497415
7984,70,158750.0,1762504.112,三角波,材料3,0.2445450465
7985,70,199160.0,3394.361305,三角波,材料3,0.015367082
7986,70,199170.0,9582.847426,三角波,材料3,0.0244309205
7987,70,199170.0,16307.25319,三角波,材料3,0.030948727
7988,70,199170.0,48388.07761,三角波,材料3,0.0488738725
7989,70,199170.0,83483.35444,三角波,材料3,0.061541983499999994
7990,70,199170.0,145742.9273,三角波,材料3,0.0772720175
7991,70,199160.0,258847.5817,三角波,材料3,0.096982043
7992,70,199170.0,815749.1465,三角波,材料3,0.153764593
7993,70,251230.0,3622.090133,三角波,材料3,0.012259863
7994,70,251230.0,6076.580346,三角波,材料3,0.015540488500000001
7995,70,251230.0,28030.43717,三角波,材料3,0.030879621000000003
7996,70,251230.0,138373.5771,三角波,材料3,0.061647479500000005
7997,70,251230.0,236409.7716,三角波,材料3,0.077383194
7998,70,251230.0,415049.2424,三角波,材料3,0.0977773805
7999,70,251230.0,715699.1072,三角波,材料3,0.12253046000000001
8000,70,251230.0,1248265.486,三角波,材料3,0.1547890875
8001,70,316460.0,4002.680991,三角波,材料3,0.009790483999999999
8002,70,316460.0,6570.545084,三角波,材料3,0.012401898000000001
8003,70,316460.0,10683.12889,三角波,材料3,0.015529452499999999
8004,70,316460.0,29208.18815,三角波,材料3,0.024612323499999998
8005,70,316460.0,48229.26689,三角波,材料3,0.0310124685
8006,70,316460.0,223709.0057,三角波,材料3,0.061620782
8007,70,316460.0,384886.5058,三角波,材料3,0.077894926
8008,70,316460.0,655525.9996,三角波,材料3,0.097554707
8009,70,396810.0,7113.221453,三角波,材料3,0.009737407
8010,70,396810.0,11469.72494,三角波,材料3,0.012222905
8011,70,396810.0,49375.72876,三角波,材料3,0.024309001
8012,70,499970.0,12289.02722,三角波,材料3,0.009713788000000001
8013,70,499970.0,19973.75886,三角波,材料3,0.012326637500000001
8014,70,499970.0,31671.25768,三角波,材料3,0.015323837
8015,70,499970.0,51716.07102,三角波,材料3,0.0193669345
8016,70,499970.0,83214.27671,三角波,材料3,0.0243813235
8017,70,499970.0,134262.2397,三角波,材料3,0.0305693965
8018,70,499970.0,218762.8857,三角波,材料3,0.038383868
8019,70,499980.0,582891.2553,三角波,材料3,0.0607648585
8020,70,63190.0,10519.96446,三角波,材料3,0.0620426645
8021,70,63180.0,18074.93887,三角波,材料3,0.077704254
8022,70,63180.0,33063.87348,三角波,材料3,0.0975974535
8023,70,63190.0,62487.68697,三角波,材料3,0.1231333635
8024,70,63180.0,115887.4824,三角波,材料3,0.1547491885
8025,70,63180.0,399084.0144,三角波,材料3,0.245672811
8026,70,79500.0,7720.121458,三角波,材料3,0.049384617
8027,70,79500.0,23898.89934,三角波,材料3,0.07771914699999999
8028,70,79500.0,155593.3303,三角波,材料3,0.154952272
8029,70,79500.0,292456.6787,三角波,材料3,0.195427771
8030,70,79500.0,533667.702,三角波,材料3,0.243793227
8031,70,79500.0,990864.508,三角波,材料3,0.3091492385
8032,70,99910.0,5721.021261,三角波,材料3,0.039219031
8033,70,99910.0,9855.867031,三角波,材料3,0.048934922500000005
8034,70,99910.0,32675.56018,三角波,材料3,0.077863271
8035,70,99910.0,61057.93548,三角波,材料3,0.0975880105
8036,70,99910.0,113554.7983,三角波,材料3,0.12302858550000001
8037,70,99910.0,214197.0095,三角波,材料3,0.155026663
8038,70,99900.0,395892.7651,三角波,材料3,0.193521558
8039,70,99910.0,740957.0677,三角波,材料3,0.2457989935
8040,70,125890.0,4893.06531,三角波,材料3,0.0311668165
8041,70,125900.0,8212.124552,三角波,材料3,0.0389114115
8042,70,125890.0,26671.97756,三角波,材料3,0.061832848499999996
8043,70,125900.0,48287.27623,三角波,材料3,0.0774142575
8044,70,125890.0,165413.6124,三角波,材料3,0.1231917125
8045,70,125890.0,571652.564,三角波,材料3,0.19496253549999998
8046,70,158730.0,12468.31334,三角波,材料3,0.039120851
8047,70,158730.0,132493.2127,三角波,材料3,0.0982357985
8048,70,158730.0,240914.5111,三角波,材料3,0.1225452095
8049,70,158730.0,448842.8235,三角波,材料3,0.155558173
8050,70,158730.0,821937.0387,三角波,材料3,0.19559318450000002
8051,70,158730.0,1491980.879,三角波,材料3,0.246463802
8052,70,158730.0,2663355.891,三角波,材料3,0.3088859815
8053,70,199160.0,4092.423863,三角波,材料3,0.0197162785
8054,70,199170.0,11516.39563,三角波,材料3,0.031037473
8055,70,199170.0,111289.7686,三角波,材料3,0.0778692705
8056,70,199170.0,198936.7001,三角波,材料3,0.09718593149999999
8057,70,199170.0,363925.6355,三角波,材料3,0.1231693085
8058,70,251230.0,6888.192353,三角波,材料3,0.019625391
8059,70,251230.0,19855.11361,三角波,材料3,0.031211089999999997
8060,70,251230.0,34108.94734,三角波,材料3,0.038970740000000004
8061,70,251230.0,58549.80705,三角波,材料3,0.0491484535
8062,70,251230.0,102496.1889,三角波,材料3,0.061981278
8063,70,251230.0,176266.4128,三角波,材料3,0.07729110650000001
8064,70,316450.0,4564.915779,三角波,材料3,0.012375703
8065,70,316450.0,7346.098539,三角波,材料3,0.015470046500000001
8066,70,316450.0,12145.46696,三角波,材料3,0.019466201
8067,70,316450.0,20300.84462,三角波,材料3,0.024536205
8068,70,316450.0,284292.2208,三角波,材料3,0.077167508
8069,70,316450.0,864263.7908,三角波,材料3,0.122323459
8070,70,316450.0,1485996.669,三角波,材料3,0.153508689
8071,70,396810.0,5067.772309,三角波,材料3,0.00995648
8072,70,396820.0,13032.19359,三角波,材料3,0.015616625500000002
8073,70,396820.0,35531.03496,三角波,材料3,0.024616004
8074,70,396820.0,58651.2474,三角波,材料3,0.031031757
8075,70,396820.0,97501.54507,三角波,材料3,0.039129234
8076,70,396810.0,464284.2225,三角波,材料3,0.07780466899999999
8077,70,396820.0,798944.1619,三角波,材料3,0.09812318549999999
8078,70,396820.0,1354289.08,三角波,材料3,0.1230992155
8079,70,499970.0,8773.311102,三角波,材料3,0.009815626000000001
8080,70,499970.0,14038.74727,三角波,材料3,0.0123304505
8081,70,499970.0,37237.43232,三角波,材料3,0.019451352999999998
8082,70,499970.0,160531.6376,三角波,材料3,0.038483874
8083,70,499970.0,268177.6954,三角波,材料3,0.0487996515
8084,70,499970.0,744859.2037,三角波,材料3,0.07730761
8085,70,499970.0,1251288.298,三角波,材料3,0.0970260215
8086,70,63100.0,17281.31903,三角波,材料3,0.0779805075
8087,70,63100.0,31333.51146,三角波,材料3,0.09819538350000001
8088,70,63100.0,107371.8096,三角波,材料3,0.154200436
8089,70,63100.0,377531.3136,三角波,材料3,0.246357916
8090,70,63100.0,688912.9922,三角波,材料3,0.309009482
8091,70,79530.0,12781.51178,三角波,材料3,0.061795118499999996
8092,70,79530.0,76883.256,三角波,材料3,0.1225168455
8093,70,79520.0,145956.6696,三角波,材料3,0.154918444
8094,70,79530.0,275153.6003,三角波,材料3,0.19555878100000001
8095,70,79530.0,935245.7995,三角波,材料3,0.30968039999999997
8096,70,99900.0,9261.290152,三角波,材料3,0.049085051000000005
8097,70,99900.0,16423.61755,三角波,材料3,0.0616942305
8098,70,99910.0,29755.90488,三角波,材料3,0.077676939
8099,70,99900.0,54836.35088,三角波,材料3,0.09727121550000001
8100,70,99910.0,369176.0958,三角波,材料3,0.194868614
8101,70,99900.0,687046.1725,三角波,材料3,0.2460207975
8102,70,99900.0,1271405.068,三角波,材料3,0.308633363
8103,70,125890.0,7569.180413,三角波,材料3,0.0390508695
8104,70,125890.0,13135.33983,三角波,材料3,0.0491703525
8105,70,125900.0,23489.60425,三角波,材料3,0.06163465
8106,70,125890.0,79441.63706,三角波,材料3,0.0979223105
8107,70,125890.0,967284.0405,三角波,材料3,0.2454648175
8108,70,125890.0,1776425.291,三角波,材料3,0.3085660355
8109,70,158730.0,19092.02582,三角波,材料3,0.048952393999999996
8110,70,158740.0,34478.46926,三角波,材料3,0.0615503365
8111,70,158730.0,62411.20643,三角波,材料3,0.07783413650000001
8112,70,158730.0,215643.6728,三角波,材料3,0.12309537300000001
8113,70,158730.0,399898.9389,三角波,材料3,0.15549387
8114,70,158730.0,742569.3032,三角波,材料3,0.1949543715
8115,70,158740.0,1356063.534,三角波,材料3,0.245206846
8116,70,158730.0,2495544.512,三角波,材料3,0.3090954065
8117,70,199160.0,5775.340157,三角波,材料3,0.024692943000000002
8118,70,199170.0,53574.34049,三角波,材料3,0.062010662
8119,70,199170.0,98035.62561,三角波,材料3,0.0781137885
8120,70,199170.0,588924.0401,三角波,材料3,0.1552020845
8121,70,199170.0,1069515.39,三角波,材料3,0.19517706899999998
8122,70,199170.0,1946727.239,三角波,材料3,0.2462624195
8123,70,251230.0,5781.83745,三角波,材料3,0.019678889999999997
8124,70,251230.0,9608.65099,三角波,材料3,0.0247855725
8125,70,251230.0,16452.36322,三角波,材料3,0.031103890000000002
8126,70,251230.0,28235.64873,三角波,材料3,0.039059692
8127,70,251230.0,88812.84004,三角波,材料3,0.062055475
8128,70,251230.0,881563.2977,三角波,材料3,0.15510142500000001
8129,70,251230.0,1581869.16,三角波,材料3,0.195725965
8130,70,316450.0,28190.89312,三角波,材料3,0.030921553499999997
8131,70,316450.0,48094.7368,三角波,材料3,0.0390723845
8132,70,316450.0,83552.12889,三角波,材料3,0.049082233
8133,70,316450.0,143146.2823,三角波,材料3,0.061652164
8134,70,316450.0,435979.176,三角波,材料3,0.097543331
8135,70,316450.0,763656.8995,三角波,材料3,0.12259977799999999
8136,70,316450.0,1338360.192,三角波,材料3,0.1547768645
8137,70,499970.0,7361.986971,三角波,材料3,0.0098366935
8138,70,499970.0,11873.35345,三角波,材料3,0.012408535
8139,70,499970.0,19190.95629,三角波,材料3,0.0155934375
8140,70,499970.0,31114.28848,三角波,材料3,0.019553852
8141,70,499970.0,51111.90587,三角波,材料3,0.0246874465
8142,70,499970.0,84624.71279,三角波,材料3,0.030977306
8143,90,79440.0,13386.56347,三角波,材料3,0.0485573195
8144,90,79430.0,23308.98137,三角波,材料3,0.061212776999999996
8145,90,79430.0,879983.6024,三角波,材料3,0.24473403249999998
8146,90,79420.0,1520584.311,三角波,材料3,0.30536175499999996
8147,90,99930.0,11970.80184,三角波,材料3,0.038732983
8148,90,125890.0,4577.26334,三角波,材料3,0.019529506500000002
8149,90,125890.0,7325.143448,三角波,材料3,0.024520101500000002
8150,90,125900.0,20946.14564,三角波,材料3,0.038851985500000005
8151,90,125900.0,35546.15577,三角波,材料3,0.0491638345
8152,90,125890.0,337239.2194,三角波,材料3,0.122436345
8153,90,125890.0,1072338.645,三角波,材料3,0.1945050325
8154,90,158740.0,2932.393495,三角波,材料3,0.01240341
8155,90,158750.0,35292.03347,三角波,材料3,0.039287635
8156,90,158750.0,58744.87906,三角波,材料3,0.049112443000000006
8157,90,158740.0,98993.98756,三角波,材料3,0.0620386275
8158,90,158750.0,169868.9832,三角波,材料3,0.078236544
8159,90,158750.0,524522.7631,三角波,材料3,0.124020681
8160,90,199170.0,5033.365623,三角波,材料3,0.0122529585
8161,90,199170.0,7997.983411,三角波,材料3,0.015359234499999999
8162,90,199170.0,13254.05341,三角波,材料3,0.019294809500000003
8163,90,199170.0,21455.71991,三角波,材料3,0.024315077999999997
8164,90,199160.0,35015.18861,三角波,材料3,0.0308049955
8165,90,199170.0,57308.40877,三角波,材料3,0.038470018
8166,90,199170.0,155736.902,三角波,材料3,0.0611807135
8167,90,199170.0,263989.7099,三角波,材料3,0.0767052295
8168,90,199170.0,455708.616,三角波,材料3,0.0969545845
8169,90,251230.0,5300.166767,三角波,材料3,0.0097642415
8170,90,251230.0,8315.576706,三角波,材料3,0.012238722
8171,90,251220.0,13612.88199,三角波,材料3,0.015393375
8172,90,251230.0,21935.39077,三角波,材料3,0.0193515735
8173,90,251220.0,35771.66031,三角波,材料3,0.0244956445
8174,90,251230.0,94147.69393,三角波,材料3,0.0386423035
8175,90,251230.0,154295.6148,三角波,材料3,0.048680436
8176,90,251230.0,251212.0912,三角波,材料3,0.0610265525
8177,90,251230.0,427181.9674,三角波,材料3,0.077148253
8178,90,316460.0,8818.274353,三角波,材料3,0.0097543065
8179,90,316460.0,14222.48307,三角波,材料3,0.012251376500000001
8180,90,316470.0,23032.19224,三角波,材料3,0.015426322
8181,90,316460.0,37033.87771,三角波,材料3,0.019503339
8182,90,316460.0,59054.89244,三角波,材料3,0.0243909775
8183,90,316470.0,95853.72701,三角波,材料3,0.030781095
8184,90,316460.0,251760.6838,三角波,材料3,0.0486408285
8185,90,316460.0,412320.8743,三角波,材料3,0.061421851
8186,90,316460.0,680899.8425,三角波,材料3,0.07703853050000001
8187,90,396800.0,15121.40855,三角波,材料3,0.0098941405
8188,90,396800.0,24314.07381,三角波,材料3,0.0124803025
8189,90,396810.0,61758.68916,三角波,材料3,0.019695332
8190,90,396800.0,159655.6204,三角波,材料3,0.0313208085
8191,90,396810.0,252474.4748,三角波,材料3,0.0391941755
8192,90,396800.0,411765.0426,三角波,材料3,0.0494869155
8193,90,396810.0,670608.5056,三角波,材料3,0.062129516
8194,90,499970.0,24677.06211,三角波,材料3,0.009592663
8195,90,499970.0,39423.68251,三角波,材料3,0.0121145655
8196,90,499970.0,99756.69487,三角波,材料3,0.019129069
8197,90,499980.0,156055.0134,三角波,材料3,0.0240170075
8198,90,499980.0,250355.7885,三角波,材料3,0.0300427965
8199,90,79440.0,4126.109109,三角波,材料3,0.03850829
8200,90,79440.0,7444.890472,三角波,材料3,0.048824934
8201,90,79440.0,13319.94968,三角波,材料3,0.0610649995
8202,90,79450.0,49096.37719,三角波,材料3,0.0973730175
8203,90,79430.0,96097.69186,三角波,材料3,0.1225430635
8204,90,79440.0,184333.6849,三角波,材料3,0.15446274399999999
8205,90,79440.0,349613.7378,三角波,材料3,0.194181326
8206,90,79440.0,632829.4065,三角波,材料3,0.243775256
8207,90,79430.0,1121701.469,三角波,材料3,0.307843519
8208,90,99910.0,3350.60255,三角波,材料3,0.030637866
8209,90,99910.0,10569.29559,三角波,材料3,0.0485904205
8210,90,99910.0,18944.2488,三角波,材料3,0.0616460395
8211,90,99910.0,36355.83733,三角波,材料3,0.07739235
8212,90,99910.0,69884.53306,三角波,材料3,0.09747173249999999
8213,90,99910.0,134547.7635,三角波,材料3,0.1229622055
8214,90,99910.0,485144.3691,三角波,材料3,0.19406499100000002
8215,90,99910.0,881959.138,三角波,材料3,0.2452227695
8216,90,99910.0,1538799.272,三角波,材料3,0.30657644
8217,90,125900.0,3308.437755,三角波,材料3,0.024182077
8218,90,125890.0,5611.216195,三角波,材料3,0.030664203
8219,90,125890.0,9787.696965,三角波,材料3,0.0384408295
8220,90,125890.0,17162.45516,三角波,材料3,0.048689607
8221,90,125890.0,56895.20336,三角波,材料3,0.0769864115
8222,90,125890.0,378634.6015,三角波,材料3,0.152980874
8223,90,125890.0,1251212.362,三角波,材料3,0.242426976
8224,90,125890.0,2214384.288,三角波,材料3,0.305802954
8225,90,158750.0,5709.332981,三角波,材料3,0.024462263999999997
8226,90,158750.0,28985.74276,三角波,材料3,0.048744265999999994
8227,90,158740.0,50653.59845,三角波,材料3,0.0613476065
8228,90,158740.0,90745.93728,三角波,材料3,0.077447359
8229,90,158740.0,167260.0417,三角波,材料3,0.097253635
8230,90,158740.0,566055.4377,三角波,材料3,0.15438773900000002
8231,90,158740.0,1820221.705,三角波,材料3,0.244126964
8232,90,199170.0,5983.399342,三角波,材料3,0.019478053500000002
8233,90,199170.0,9802.277575,三角波,材料3,0.02443481
8234,90,199170.0,16309.01882,三角波,材料3,0.030919863
8235,90,199170.0,28044.368,三角波,材料3,0.0387245695
8236,90,199170.0,145191.1654,三角波,材料3,0.0773039885
8237,90,199170.0,259281.9482,三角波,材料3,0.096941758
8238,90,199170.0,467260.2477,三角波,材料3,0.122623838
8239,90,199160.0,834754.3727,三角波,材料3,0.153485335
8240,90,199170.0,1489869.175,三角波,材料3,0.1938921035
8241,90,251230.0,6431.3752,三角波,材料3,0.0155250615
8242,90,251230.0,10529.55937,三角波,材料3,0.0194580575
8243,90,251230.0,17287.094,三角波,材料3,0.024630459
8244,90,251230.0,28668.66554,三角波,材料3,0.0308265895
8245,90,251230.0,48210.88291,三角波,材料3,0.0389076845
8246,90,251230.0,135765.4448,三角波,材料3,0.0615364745
8247,90,251230.0,235826.3798,三角波,材料3,0.07728330650000001
8248,90,251230.0,414541.8081,三角波,材料3,0.0976424555
8249,90,251230.0,718183.1137,三角波,材料3,0.12235008850000001
8250,90,316460.0,7038.787359,三角波,材料3,0.012388768000000001
8251,90,316460.0,11308.39602,三角波,材料3,0.015521585000000001
8252,90,316460.0,18496.94096,三角波,材料3,0.019659585
8253,90,316460.0,49394.03329,三角波,材料3,0.030993102
8254,90,316460.0,223446.4257,三角波,材料3,0.061494756
8255,90,316460.0,384139.8712,三角波,材料3,0.07778219950000001
8256,90,316460.0,651428.0801,三角波,材料3,0.09734224550000001
8257,90,316460.0,1124163.935,三角波,材料3,0.123057746
8258,90,396810.0,7466.0531,三角波,材料3,0.0097246825
8259,90,396810.0,11922.98845,三角波,材料3,0.01218329
8260,90,396810.0,19289.85958,三角波,材料3,0.01541115
8261,90,396810.0,30891.02431,三角波,材料3,0.019232724
8262,90,396810.0,50333.34803,三角波,材料3,0.0242771175
8263,90,396810.0,217525.6454,三角波,材料3,0.048222839
8264,90,396810.0,358745.8907,三角波,材料3,0.0609238805
8265,90,396810.0,598119.9951,三角波,材料3,0.076270543
8266,90,499970.0,20307.64586,三角波,材料3,0.012269516000000001
8267,90,499980.0,32450.34366,三角波,材料3,0.015319213
8268,90,499970.0,52477.35716,三角波,材料3,0.019346567500000002
8269,90,499970.0,83799.19825,三角波,材料3,0.0243506
8270,90,499970.0,134653.5203,三角波,材料3,0.030527923
8271,90,499970.0,218417.8293,三角波,材料3,0.038357019500000006
8272,90,499970.0,577264.3327,三角波,材料3,0.060650856
8273,90,499970.0,960442.4462,三角波,材料3,0.0765056885
8274,90,63180.0,8864.104186,三角波,材料3,0.062086995000000006
8275,90,63180.0,15905.4946,三角波,材料3,0.07753611299999999
8276,90,63180.0,30618.76587,三角波,材料3,0.0975307875
8277,90,63190.0,60742.57223,三角波,材料3,0.1229863225
8278,90,63180.0,219839.0234,三角波,材料3,0.19435165
8279,90,63190.0,409611.1476,三角波,材料3,0.245108838
8280,90,79500.0,6353.62951,三角波,材料3,0.0493194535
8281,90,79500.0,20984.99476,三角波,材料3,0.0775664735
8282,90,79500.0,548384.5918,三角波,材料3,0.243587996
8283,90,79500.0,994586.0453,三角波,材料3,0.308970074
8284,90,99910.0,4726.812922,三角波,材料3,0.039094617
8285,90,99910.0,8386.617484,三角波,材料3,0.048961202499999995
8286,90,99900.0,14914.06697,三角波,材料3,0.0615764575
8287,90,99910.0,29078.2959,三角波,材料3,0.0778126735
8288,90,99900.0,56925.64652,三角波,材料3,0.0974159165
8289,90,99910.0,215930.3092,三角波,材料3,0.15485300800000001
8290,90,99910.0,407617.8982,三角波,材料3,0.19330295749999998
8291,90,99910.0,759994.9845,三角波,材料3,0.2454852945
8292,90,125890.0,4291.03465,三角波,材料3,0.031105576
8293,90,125890.0,7184.503299,三角波,材料3,0.038867692999999995
8294,90,125890.0,12840.58229,三角波,材料3,0.048845439500000004
8295,90,125900.0,84742.80301,三角波,材料3,0.097561464
8296,90,125890.0,308859.1915,三角波,材料3,0.153450584
8297,90,125890.0,1076561.134,三角波,材料3,0.2447842995
8298,90,125890.0,1933250.699,三角波,材料3,0.3085000135
8299,90,158730.0,4047.409999,三角波,材料3,0.0247773035
8300,90,158730.0,6653.482955,三角波,材料3,0.0309933935
8301,90,158730.0,11474.08169,三角波,材料3,0.038963864
8302,90,158730.0,20486.25816,三角波,材料3,0.049182147
8303,90,158730.0,37059.07153,三角波,材料3,0.0617048375
8304,90,158730.0,68301.06556,三角波,材料3,0.0777382925
8305,90,158730.0,128727.0277,三角波,材料3,0.09810885250000001
8306,90,158730.0,239782.9917,三角波,材料3,0.122365326
8307,90,158730.0,458012.8883,三角波,材料3,0.15521406199999999
8308,90,158730.0,848722.8103,三角波,材料3,0.195258995
8309,90,158730.0,2738838.677,三角波,材料3,0.3081551565
8310,90,199170.0,6755.697283,三角波,材料3,0.0245782355
8311,90,199170.0,11298.42538,三角波,材料3,0.030930931000000002
8312,90,199170.0,19636.81262,三角波,材料3,0.039075067500000005
8313,90,199170.0,34496.18035,三角波,材料3,0.048848617
8314,90,199170.0,59794.0982,三角波,材料3,0.061547746
8315,90,199170.0,367056.0917,三角波,材料3,0.122999375
8316,90,199170.0,674493.0409,三角波,材料3,0.15476769699999998
8317,90,199170.0,1231408.647,三角波,材料3,0.194995564
8318,90,251230.0,4532.580577,三角波,材料3,0.0156627745
8319,90,251230.0,7316.820612,三角波,材料3,0.0196051135
8320,90,251230.0,11929.07183,三角波,材料3,0.0246582225
8321,90,251230.0,19996.08546,三角波,材料3,0.031074542499999996
8322,90,251230.0,34283.59743,三角波,材料3,0.0389182505
8323,90,251230.0,99747.54742,三角波,材料3,0.0618896205
8324,90,251230.0,174673.785,三角波,材料3,0.0772019415
8325,90,251230.0,316795.6089,三角波,材料3,0.097989588
8326,90,251230.0,566243.7742,三角波,材料3,0.12309842600000001
8327,90,251230.0,1809050.766,三角波,材料3,0.19469206700000002
8328,90,316450.0,4919.976573,三角波,材料3,0.012343275
8329,90,316450.0,7844.030678,三角波,材料3,0.015422334499999999
8330,90,316450.0,12770.79162,三角波,材料3,0.019414092
8331,90,316450.0,21051.42368,三角波,材料3,0.024530781
8332,90,316450.0,34593.87553,三角波,材料3,0.0306213135
8333,90,316450.0,57433.24853,三角波,材料3,0.03856408
8334,90,316450.0,97568.73881,三角波,材料3,0.048752598499999994
8335,90,316450.0,161677.0475,三角波,材料3,0.060734163
8336,90,316450.0,1512310.863,三角波,材料3,0.1531626015
8337,90,396820.0,5394.635699,三角波,材料3,0.009922762500000001
8338,90,396820.0,8518.083112,三角波,材料3,0.0123922165
8339,90,396820.0,13705.10598,三角波,材料3,0.0156032255
8340,90,396820.0,36462.9572,三角波,材料3,0.024609871999999998
8341,90,396810.0,98237.54187,三角波,材料3,0.039085630999999996
8342,90,396820.0,271023.1635,三角波,材料3,0.061755439
8343,90,396810.0,461940.4025,三角波,材料3,0.077658811
8344,90,396820.0,796168.8096,三角波,材料3,0.09790995499999999
8345,90,396820.0,1356022.245,三角波,材料3,0.12276561799999999
8346,90,499970.0,9125.427671,三角波,材料3,0.009783091
8347,90,499970.0,23648.79657,三角波,材料3,0.015542099
8348,90,499970.0,38124.71564,三角波,材料3,0.019426613500000002
8349,90,499970.0,99144.55252,三角波,材料3,0.030811879
8350,90,499970.0,160320.5519,三角波,材料3,0.038414525500000005
8351,90,499970.0,438783.0851,三角波,材料3,0.061268330499999996
8352,90,63100.0,14888.11664,三角波,材料3,0.077850635
8353,90,63100.0,55539.26553,三角波,材料3,0.1226677085
8354,90,63100.0,108603.7499,三角波,材料3,0.1540222085
8355,90,63100.0,210525.8457,三角波,材料3,0.19492145649999998
8356,90,63100.0,390589.0418,三角波,材料3,0.2457798655
8357,90,63100.0,696685.5614,三角波,材料3,0.307993266
8358,90,79520.0,19410.17047,三角波,材料3,0.0775410735
8359,90,79520.0,37723.34143,三角波,材料3,0.0972905315
8360,90,79520.0,146463.6947,三角波,材料3,0.1544988815
8361,90,79530.0,281892.1143,三角波,材料3,0.19511885699999998
8362,90,79530.0,940532.6615,三角波,材料3,0.308916796
8363,90,99900.0,7752.059975,三角波,材料3,0.0489678525
8364,90,99910.0,13464.26318,三角波,材料3,0.0616953415
8365,90,99900.0,50145.25233,三角波,材料3,0.0969809315
8366,90,99900.0,705713.6916,三角波,材料3,0.245612414
8367,90,125890.0,11291.79877,三角波,材料3,0.0490355735
8368,90,125890.0,38368.30501,三角波,材料3,0.077276071
8369,90,125890.0,147448.5266,三角波,材料3,0.123314109
8370,90,125890.0,280831.9859,三角波,材料3,0.1545789475
8371,90,125890.0,538837.5373,三角波,材料3,0.1954043125
8372,90,158730.0,5748.821545,三角波,材料3,0.031016355
8373,90,158730.0,17279.74783,三角波,材料3,0.048944087
8374,90,158730.0,58255.76161,三角波,材料3,0.077699714
8375,90,158730.0,1401960.231,三角波,材料3,0.2446266185
8376,90,158730.0,2545334.251,三角波,材料3,0.30866562799999997
8377,90,199170.0,5660.936855,三角波,材料3,0.024681452
8378,90,199170.0,28083.07926,三角波,材料3,0.048984484499999995
8379,90,199170.0,94742.95263,三角波,材料3,0.0779619595
8380,90,199170.0,173201.7934,三角波,材料3,0.09773341299999999
8381,90,199170.0,322772.9176,三角波,材料3,0.1234749895
8382,90,199170.0,600918.291,三角波,材料3,0.1549654195
8383,90,199170.0,1108455.555,三角波,材料3,0.19471660200000002
8384,90,251230.0,28188.82697,三角波,材料3,0.039004169000000005
8385,90,251230.0,48585.7518,三角波,材料3,0.049266176999999994
8386,90,251230.0,85680.68989,三角波,材料3,0.061997863
8387,90,251230.0,498180.6423,三角波,材料3,0.12314270799999999
8388,90,316450.0,6582.979562,三角波,材料3,0.015541351
8389,90,316450.0,10673.99052,三角波,材料3,0.0195481785
8390,90,316450.0,17405.60364,三角波,材料3,0.024533173
8391,90,316450.0,48533.39804,三角波,材料3,0.0390005925
8392,90,316450.0,83300.52191,三角波,材料3,0.0490140935
8393,90,316450.0,140407.7064,三角波,材料3,0.0615200095
8394,90,316450.0,246717.5341,三角波,材料3,0.077702326
8395,90,499970.0,12376.85085,三角波,材料3,0.012355823
8396,90,499970.0,19808.58656,三角波,材料3,0.0155222095
8397,90,499970.0,52040.81236,三角波,材料3,0.0246304385
8398,90,499970.0,84908.52398,三角波,材料3,0.0309088345
8399,90,499970.0,138636.7137,三角波,材料3,0.038793243500000005
8400,90,499970.0,379974.5886,三角波,材料3,0.0613690805
8401,25,396820.0,6082.339324,三角波,材料3,0.012347224
8402,25,396820.0,10389.33686,三角波,材料3,0.0155603825
8403,25,396820.0,30966.15687,三角波,材料3,0.02448771
8404,25,396820.0,172775.0765,三角波,材料3,0.048842562
8405,25,396820.0,301511.9552,三角波,材料3,0.061678358
8406,25,396820.0,527781.0872,三角波,材料3,0.07736462599999999
8407,25,396820.0,908028.4229,三角波,材料3,0.097186876
8408,25,396820.0,1550118.171,三角波,材料3,0.1226630965
8409,25,396820.0,2613061.03,三角波,材料3,0.154441352
8410,25,499970.0,1378204.445,三角波,材料3,0.0972597035
8411,25,396820.0,10428.81926,三角波,材料3,0.015568808
8412,25,396820.0,17793.98854,三角波,材料3,0.019496081999999998
8413,25,396820.0,31019.39075,三角波,材料3,0.0245518115
8414,25,396820.0,98502.28326,三角波,材料3,0.038922301
8415,25,396820.0,172663.3165,三角波,材料3,0.0489225035
8416,25,396820.0,300556.871,三角波,材料3,0.061712225499999995
8417,25,396820.0,525327.3901,三角波,材料3,0.077297428
8418,25,396820.0,907179.153,三角波,材料3,0.09727708800000001
8419,25,396820.0,2613157.7,三角波,材料3,0.1544645085
8420,25,499970.0,2326352.617,三角波,材料3,0.122505294
8421,25,50070.0,19872.29387,梯形波,材料3,0.061410396
8422,25,50070.0,33357.26436,梯形波,材料3,0.076641024
8423,25,50070.0,58614.91081,梯形波,材料3,0.09744420100000001
8424,25,50060.0,98192.50369,梯形波,材料3,0.1217963275
8425,25,50070.0,796010.9141,梯形波,材料3,0.305664271
8426,25,79410.0,11648.64063,梯形波,材料3,0.038595595999999996
8427,25,79410.0,20006.29087,梯形波,材料3,0.048189471
8428,25,79410.0,34864.92918,梯形波,材料3,0.0613171735
8429,25,79420.0,60121.1951,梯形波,材料3,0.0767622335
8430,25,79410.0,102788.8373,梯形波,材料3,0.09697889500000001
8431,25,79410.0,291454.3555,梯形波,材料3,0.15197847650000001
8432,25,79410.0,491592.6414,梯形波,材料3,0.192497901
8433,25,79410.0,832641.234,梯形波,材料3,0.24292572699999998
8434,25,79410.0,1389668.148,梯形波,材料3,0.30133979099999997
8435,25,99980.0,46159.81737,梯形波,材料3,0.061030977
8436,25,99980.0,79912.69651,梯形波,材料3,0.077083901
8437,25,99980.0,137280.5543,梯形波,材料3,0.09701862450000001
8438,25,99970.0,233274.4626,梯形波,材料3,0.1210113845
8439,25,99970.0,395745.3831,梯形波,材料3,0.1532387065
8440,25,99980.0,669451.024,梯形波,材料3,0.1933780495
8441,25,99980.0,1108219.878,梯形波,材料3,0.2399976045
8442,25,99970.0,1900571.075,梯形波,材料3,0.30337853800000003
8443,25,125920.0,6183.752067,梯形波,材料3,0.0244863625
8444,25,125930.0,10809.78641,梯形波,材料3,0.0304780955
8445,25,125930.0,19880.64834,梯形波,材料3,0.0389117285
8446,25,125930.0,35844.76261,梯形波,材料3,0.048558383499999996
8447,25,125930.0,61833.57331,梯形波,材料3,0.0613420905
8448,25,125920.0,107932.2282,梯形波,材料3,0.077125781
8449,25,125920.0,186000.2753,梯形波,材料3,0.0960123565
8450,25,125920.0,319515.5483,梯形波,材料3,0.12175923250000001
8451,25,125930.0,901746.9567,梯形波,材料3,0.190905035
8452,25,125920.0,1526956.787,梯形波,材料3,0.241439576
8453,25,125920.0,2620972.734,梯形波,材料3,0.3060716025
8454,25,158750.0,4641.557931,梯形波,材料3,0.0195004825
8455,25,158740.0,8098.184376,梯形波,材料3,0.024342407
8456,25,158750.0,14887.86863,梯形波,材料3,0.0309667535
8457,25,158750.0,27419.74278,梯形波,材料3,0.038691004
8458,25,158750.0,84987.15927,梯形波,材料3,0.0615673395
8459,25,158750.0,148895.9285,梯形波,材料3,0.0765789355
8460,25,158740.0,259233.6447,梯形波,材料3,0.096870651
8461,25,158750.0,741083.7579,梯形波,材料3,0.152142805
8462,25,158740.0,1263399.252,梯形波,材料3,0.192647555
8463,25,158740.0,2144767.263,梯形波,材料3,0.24403775649999998
8464,25,199190.0,6394.359434,梯形波,材料3,0.019283063
8465,25,199190.0,11614.54617,梯形波,材料3,0.02461377
8466,25,199190.0,21109.30388,梯形波,材料3,0.030576819499999998
8467,25,199190.0,67729.5286,梯形波,材料3,0.048560673
8468,25,199180.0,118325.3084,梯形波,材料3,0.0605481205
8469,25,199180.0,208672.7717,梯形波,材料3,0.07667998100000001
8470,25,199190.0,610447.6077,梯形波,材料3,0.1201486915
8471,25,199190.0,1036416.403,梯形波,材料3,0.1520426225
8472,25,251240.0,3132.279232,梯形波,材料3,0.012279306
8473,25,251240.0,9693.809857,梯形波,材料3,0.019558503499999998
8474,25,251240.0,31208.28094,梯形波,材料3,0.030737321499999998
8475,25,251240.0,55548.13688,梯形波,材料3,0.038708298
8476,25,251240.0,172524.1872,梯形波,材料3,0.060958126
8477,25,251240.0,304159.0319,梯形波,材料3,0.0770786935
8478,25,251240.0,519964.4744,梯形波,材料3,0.095745845
8479,25,251240.0,1515677.626,梯形波,材料3,0.1533716145
8480,25,316460.0,2918.915724,梯形波,材料3,0.009733799000000001
8481,25,316460.0,4976.462604,梯形波,材料3,0.012162886000000001
8482,25,316460.0,8785.585593,梯形波,材料3,0.015477948500000002
8483,25,316460.0,15601.37655,梯形波,材料3,0.019310306
8484,25,316460.0,47379.54984,梯形波,材料3,0.030618105
8485,25,316460.0,83596.92955,梯形波,材料3,0.0380752085
8486,25,316460.0,147807.0232,梯形波,材料3,0.048221131
8487,25,316460.0,256828.9592,梯形波,材料3,0.060843266
8488,25,316460.0,768324.2347,梯形波,材料3,0.09563524400000001
8489,25,316460.0,1314974.904,梯形波,材料3,0.121240511
8490,25,396800.0,4865.86321,梯形波,材料3,0.009768358500000001
8491,25,396810.0,14583.21657,梯形波,材料3,0.015481109
8492,25,396810.0,25239.90804,梯形波,材料3,0.019562417999999998
8493,25,396800.0,43131.24681,梯形波,材料3,0.0246031715
8494,25,396800.0,75574.52172,梯形波,材料3,0.030640096
8495,25,396810.0,132068.6726,梯形波,材料3,0.038729150500000004
8496,25,396800.0,228385.6492,梯形波,材料3,0.048905074
8497,25,396800.0,393973.6064,梯形波,材料3,0.060781797
8498,25,396800.0,683906.1649,梯形波,材料3,0.0768102445
8499,25,50040.0,32951.68346,梯形波,材料3,0.07697335
8500,25,50040.0,161902.3873,梯形波,材料3,0.1539554065
8501,25,50040.0,272305.0677,梯形波,材料3,0.19391919800000001
8502,25,50040.0,792483.012,梯形波,材料3,0.3086817885
8503,25,63210.0,26101.30547,梯形波,材料3,0.060730768500000004
8504,25,63220.0,44145.30559,梯形波,材料3,0.0761316675
8505,25,63220.0,75724.38227,梯形波,材料3,0.0964609845
8506,25,63220.0,127215.9835,梯形波,材料3,0.12116727999999999
8507,25,63210.0,214648.4894,梯形波,材料3,0.1530196375
8508,25,63210.0,1026741.632,梯形波,材料3,0.3040925215
8509,25,79460.0,20004.73974,梯形波,材料3,0.048403434499999995
8510,25,79460.0,33447.98584,梯形波,材料3,0.0606228715
8511,25,79460.0,99319.11445,梯形波,材料3,0.0965831945
8512,25,79460.0,288224.2594,梯形波,材料3,0.154478742
8513,25,79460.0,483641.2404,梯形波,材料3,0.19462054350000002
8514,25,79460.0,806102.9184,梯形波,材料3,0.24250223399999998
8515,25,79450.0,1376318.209,梯形波,材料3,0.3064755095
8516,25,99960.0,14689.76391,梯形波,材料3,0.038456593
8517,25,99960.0,25415.03313,梯形波,材料3,0.0481682625
8518,25,99960.0,44360.38539,梯形波,材料3,0.061162856
8519,25,99970.0,228854.3879,梯形波,材料3,0.122603144
8520,25,99970.0,645234.2973,梯形波,材料3,0.19282248000000002
8521,25,99960.0,1093905.119,梯形波,材料3,0.243984316
8522,25,99970.0,1868576.425,梯形波,材料3,0.307550343
8523,25,125920.0,10595.36383,梯形波,材料3,0.0304947105
8524,25,125920.0,18692.55894,梯形波,材料3,0.0382064435
8525,25,125920.0,33809.81993,梯形波,材料3,0.048473599
8526,25,125920.0,58608.60104,梯形波,材料3,0.060997063500000004
8527,25,125920.0,104155.9799,梯形波,材料3,0.07692496600000001
8528,25,125920.0,308566.9543,梯形波,材料3,0.122801034
8529,25,125920.0,517667.4019,梯形波,材料3,0.152852963
8530,25,125920.0,877837.9584,梯形波,材料3,0.1932539565
8531,25,125930.0,2500914.631,梯形波,材料3,0.304184204
8532,25,158740.0,7717.682693,梯形波,材料3,0.024256307
8533,25,158730.0,13736.57392,梯形波,材料3,0.030376693000000003
8534,25,158730.0,25050.47905,梯形波,材料3,0.038448938
8535,25,158730.0,45296.23582,梯形波,材料3,0.048562958
8536,25,158730.0,80772.6767,梯形波,材料3,0.0611933105
8537,25,158730.0,143208.0933,梯形波,材料3,0.07740625200000001
8538,25,158730.0,248438.9833,梯形波,材料3,0.0975979055
8539,25,158730.0,420573.0308,梯形波,材料3,0.121534417
8540,25,158730.0,716471.5088,梯形波,材料3,0.153621288
8541,25,158730.0,2027536.402,梯形波,材料3,0.242022966
8542,25,158730.0,3460637.134,梯形波,材料3,0.30596606449999997
8543,25,199190.0,5831.308699,梯形波,材料3,0.019348141
8544,25,199190.0,10263.66389,梯形波,材料3,0.024219923499999997
8545,25,199180.0,63336.95603,梯形波,材料3,0.048736838
8546,25,199190.0,111663.9585,梯形波,材料3,0.061606619
8547,25,199190.0,1000205.73,梯形波,材料3,0.1544769265
8548,25,199180.0,1675763.619,梯形波,材料3,0.19291000349999998
8549,25,199190.0,2833127.937,梯形波,材料3,0.243733106
8550,25,251240.0,8309.184524,梯形波,材料3,0.0193533475
8551,25,251240.0,14976.25708,梯形波,材料3,0.024457556999999998
8552,25,251240.0,27209.3961,梯形波,材料3,0.030798007500000002
8553,25,251240.0,160689.6251,梯形波,材料3,0.0617718355
8554,25,251240.0,844835.396,梯形波,材料3,0.1227713365
8555,25,251240.0,2396571.867,梯形波,材料3,0.19384323799999997
8556,25,316450.0,4131.113772,梯形波,材料3,0.012264737500000001
8557,25,316450.0,12813.47424,梯形波,材料3,0.0194608795
8558,25,316450.0,22876.16531,梯形波,材料3,0.024565272
8559,25,316450.0,42086.86183,梯形波,材料3,0.030840008000000002
8560,25,316450.0,135621.1028,梯形波,材料3,0.049122484
8561,25,316450.0,234875.0116,梯形波,材料3,0.0611153715
8562,25,316450.0,416619.474,梯形波,材料3,0.0773889415
8563,25,316450.0,2068583.51,梯形波,材料3,0.15417079849999998
8564,25,396810.0,3858.014233,梯形波,材料3,0.0097396165
8565,25,396810.0,6552.173721,梯形波,材料3,0.0121609495
8566,25,396810.0,11549.34994,梯形波,材料3,0.0154232755
8567,25,396810.0,20291.90854,梯形波,材料3,0.019417565
8568,25,396810.0,36521.95839,梯形波,材料3,0.024415759000000002
8569,25,396810.0,65106.80032,梯形波,材料3,0.030871792000000002
8570,25,396810.0,115216.6236,梯形波,材料3,0.038875319
8571,25,396810.0,201214.5095,梯形波,材料3,0.048354466
8572,25,396810.0,617350.4247,梯形波,材料3,0.077119696
8573,25,396810.0,1052309.637,梯形波,材料3,0.0962742415
8574,25,499980.0,6467.722837,梯形波,材料3,0.009704908
8575,25,499980.0,11125.32163,梯形波,材料3,0.012252577
8576,25,499980.0,19311.86446,梯形波,材料3,0.015445433000000001
8577,25,499980.0,33972.5823,梯形波,材料3,0.01938844
8578,25,499980.0,103803.2625,梯形波,材料3,0.030887661
8579,25,499980.0,179386.635,梯形波,材料3,0.0383791335
8580,25,499980.0,315057.7336,梯形波,材料3,0.0485067525
8581,25,499980.0,544505.4248,梯形波,材料3,0.0611889335
8582,25,499980.0,935261.2629,梯形波,材料3,0.076362927
8583,25,50020.0,32983.91343,梯形波,材料3,0.07711966149999999
8584,25,50010.0,58009.27927,梯形波,材料3,0.09780168049999999
8585,25,50020.0,98336.59792,梯形波,材料3,0.1231280955
8586,25,50020.0,165976.6648,梯形波,材料3,0.155123021
8587,25,50010.0,279071.2518,梯形波,材料3,0.195186951
8588,25,50020.0,467351.0545,梯形波,材料3,0.2444540065
8589,25,50020.0,803113.3864,梯形波,材料3,0.30889756150000003
8590,25,63150.0,26521.08016,梯形波,材料3,0.0610892115
8591,25,63150.0,46631.24514,梯形波,材料3,0.07751474850000001
8592,25,63150.0,78918.33928,梯形波,材料3,0.09764367600000001
8593,25,63150.0,132151.2327,梯形波,材料3,0.1228141125
8594,25,63150.0,222669.5342,梯形波,材料3,0.154775562
8595,25,63150.0,368743.4242,梯形波,材料3,0.19394664350000002
8596,25,63150.0,624319.3418,梯形波,材料3,0.2453708195
8597,25,63150.0,1067410.727,梯形波,材料3,0.3091693655
8598,25,79500.0,20412.72355,梯形波,材料3,0.0485219105
8599,25,79500.0,35375.65051,梯形波,材料3,0.061380182
8600,25,79500.0,60670.85945,梯形波,材料3,0.0773041505
8601,25,79500.0,103396.2959,梯形波,材料3,0.09738961099999999
8602,25,79500.0,174690.6374,梯形波,材料3,0.1227198195
8603,25,79500.0,291151.1209,梯形波,材料3,0.153849935
8604,25,79500.0,489739.917,梯形波,材料3,0.19454464999999999
8605,25,79500.0,826668.9812,梯形波,材料3,0.2453145555
8606,25,99950.0,14927.99487,梯形波,材料3,0.038490333
8607,25,99950.0,27000.53078,梯形波,材料3,0.048856362
8608,25,99950.0,45671.61807,梯形波,材料3,0.06127091
8609,25,99950.0,80006.51679,梯形波,材料3,0.0776275395
8610,25,99950.0,136623.5214,梯形波,材料3,0.09757695450000001
8611,25,99950.0,231558.3023,梯形波,材料3,0.1224267015
8612,25,99950.0,392498.296,梯形波,材料3,0.154853352
8613,25,99950.0,661217.046,梯形波,材料3,0.1953248985
8614,25,99950.0,1111047.124,梯形波,材料3,0.2441085045
8615,25,99950.0,1902804.177,梯形波,材料3,0.3089868965
8616,25,125910.0,10907.25184,梯形波,材料3,0.030610144
8617,25,125920.0,20011.38343,梯形波,材料3,0.038716074
8618,25,125920.0,60940.30347,梯形波,材料3,0.061497649
8619,25,125920.0,106396.1051,梯形波,材料3,0.0774235385
8620,25,125910.0,183479.8241,梯形波,材料3,0.09706601749999999
8621,25,125910.0,314346.791,梯形波,材料3,0.12292521000000001
8622,25,125920.0,532728.8693,梯形波,材料3,0.15488441149999999
8623,25,125910.0,895803.8852,梯形波,材料3,0.1936830055
8624,25,125920.0,1520800.948,梯形波,材料3,0.24504007449999998
8625,25,158730.0,7963.760494,梯形波,材料3,0.0243649415
8626,25,158730.0,14778.80316,梯形波,材料3,0.0309353325
8627,25,158730.0,26219.1589,梯形波,材料3,0.038737695
8628,25,158730.0,82308.29382,梯形波,材料3,0.0616834685
8629,25,158730.0,145002.9468,梯形波,材料3,0.07724102
8630,25,158730.0,430288.9779,梯形波,材料3,0.1232468705
8631,25,158730.0,729167.2582,梯形波,材料3,0.1539798295
8632,25,158730.0,1243898.977,梯形波,材料3,0.195177369
8633,25,158730.0,2087983.567,梯形波,材料3,0.24516901149999998
8634,25,158730.0,3525389.296,梯形波,材料3,0.3064266555
8635,25,199180.0,10749.86026,梯形波,材料3,0.0245691255
8636,25,199180.0,19509.52933,梯形波,材料3,0.030894919
8637,25,199180.0,35199.08969,梯形波,材料3,0.038907582999999996
8638,25,199180.0,63623.64239,梯形波,材料3,0.049069177
8639,25,199190.0,112588.1333,梯形波,材料3,0.061419267
8640,25,199180.0,199522.5059,梯形波,材料3,0.0777330145
8641,25,199190.0,346363.1261,梯形波,材料3,0.097925221
8642,25,199180.0,1013583.571,梯形波,材料3,0.155030006
8643,25,199180.0,1707375.369,梯形波,材料3,0.1948685405
8644,25,199180.0,2859650.762,梯形波,材料3,0.243660357
8645,25,251240.0,4683.905289,梯形波,材料3,0.015420885499999998
8646,25,251240.0,8491.989524,梯形波,材料3,0.019563646
8647,25,251240.0,15131.79656,梯形波,材料3,0.024570729
8648,25,251240.0,27685.15227,梯形波,材料3,0.0310131425
8649,25,251240.0,50345.0003,梯形波,材料3,0.039083735
8650,25,251240.0,161320.4175,梯形波,材料3,0.061785834
8651,25,251240.0,285056.5575,梯形波,材料3,0.0779137585
8652,25,251240.0,493109.6843,梯形波,材料3,0.097289589
8653,25,251240.0,849364.0589,梯形波,材料3,0.1231373365
8654,25,251240.0,1437073.421,梯形波,材料3,0.155012648
8655,25,316450.0,3923.507818,梯形波,材料3,0.012215103500000001
8656,25,316450.0,7068.104619,梯形波,材料3,0.015506138
8657,25,316450.0,12478.11714,梯形波,材料3,0.0195019305
8658,25,316450.0,22323.78796,梯形波,材料3,0.024555801500000002
8659,25,316450.0,40640.98137,梯形波,材料3,0.031000967
8660,25,316450.0,132959.3702,梯形波,材料3,0.048898752000000004
8661,25,316450.0,233338.1884,梯形波,材料3,0.061613605
8662,25,316450.0,410894.1893,梯形波,材料3,0.077033942
8663,25,316450.0,717302.2011,梯形波,材料3,0.0974739955
8664,25,316450.0,1214957.553,梯形波,材料3,0.12245650050000001
8665,25,316450.0,2040795.84,梯形波,材料3,0.15336961500000001
8666,25,396810.0,3549.432713,梯形波,材料3,0.009785944500000001
8667,25,396820.0,11125.79103,梯形波,材料3,0.0156543985
8668,25,396810.0,19724.20253,梯形波,材料3,0.019736617999999997
8669,25,396810.0,63011.08285,梯形波,材料3,0.030987101
8670,25,396820.0,113316.9609,梯形波,材料3,0.039133594
8671,25,396820.0,202392.4405,梯形波,材料3,0.0493567555
8672,25,396810.0,352887.3294,梯形波,材料3,0.061652583999999996
8673,25,396820.0,622708.8625,梯形波,材料3,0.07796304949999999
8674,25,396810.0,1068249.837,梯形波,材料3,0.098002387
8675,25,396820.0,1799882.882,梯形波,材料3,0.1228362135
8676,25,499980.0,10394.03787,梯形波,材料3,0.01237427
8677,25,499980.0,18212.06987,梯形波,材料3,0.0155995345
8678,25,499980.0,31783.1308,梯形波,材料3,0.0196295125
8679,25,499980.0,176185.665,梯形波,材料3,0.0390470225
8680,25,499980.0,309649.7668,梯形波,材料3,0.048729262
8681,25,499980.0,539512.1691,梯形波,材料3,0.06161609
8682,25,499980.0,934921.9182,梯形波,材料3,0.0774986335
8683,25,499980.0,1590990.275,梯形波,材料3,0.0970490415
8684,25,50000.0,35997.88398,梯形波,材料3,0.077340921
8685,25,49990.0,64179.03384,梯形波,材料3,0.098918432
8686,25,49990.0,180258.4064,梯形波,材料3,0.15599084200000002
8687,25,49990.0,302500.7165,梯形波,材料3,0.1954454645
8688,25,49990.0,508265.4368,梯形波,材料3,0.2455281695
8689,25,49990.0,873447.7034,梯形波,材料3,0.311533013
8690,25,63060.0,50965.91988,梯形波,材料3,0.07818140600000001
8691,25,63060.0,85848.0217,梯形波,材料3,0.0980693555
8692,25,63060.0,143899.6897,梯形波,材料3,0.12370331849999999
8693,25,63060.0,239866.8139,梯形波,材料3,0.1548509965
8694,25,63060.0,399674.3798,梯形波,材料3,0.19480037649999998
8695,25,63060.0,676894.1148,梯形波,材料3,0.247063225
8696,25,63060.0,1153354.53,梯形波,材料3,0.3100218005
8697,25,79520.0,22378.61859,梯形波,材料3,0.0486424605
8698,50,396820.0,10125.42804,三角波,材料3,0.015599776000000001
8699,50,396820.0,17129.81048,三角波,材料3,0.019576885000000002
8700,50,396820.0,28914.93151,三角波,材料3,0.024582708
8701,50,396820.0,49544.27721,三角波,材料3,0.031070522
8702,50,396820.0,86511.8031,三角波,材料3,0.0389935245
8703,50,396820.0,148194.6453,三角波,材料3,0.048952073
8704,50,396820.0,257028.124,三角波,材料3,0.061810788
8705,50,396820.0,441941.526,三角波,材料3,0.07746703599999999
8706,50,396820.0,765026.9096,三角波,材料3,0.0973965975
8707,50,396820.0,1320749.817,三角波,材料3,0.1228332565
8708,50,499970.0,1208609.537,三角波,材料3,0.09741224400000001
8709,50,499970.0,2048541.205,三角波,材料3,0.122642185
8710,50,396820.0,6000.34791,三角波,材料3,0.01238712
8711,50,396820.0,10128.04379,三角波,材料3,0.015635956
8712,50,396820.0,28611.18058,三角波,材料3,0.0245775935
8713,50,396820.0,49257.15681,三角波,材料3,0.0311159015
8714,50,396820.0,85442.3008,三角波,材料3,0.038959953
8715,50,396820.0,147184.1432,三角波,材料3,0.0490000705
8716,50,396820.0,252803.0784,三角波,材料3,0.061806867
8717,50,396820.0,441235.2058,三角波,材料3,0.07745969750000001
8718,50,396820.0,764587.3065,三角波,材料3,0.0974554625
8719,50,396820.0,1321555.021,三角波,材料3,0.12300229600000001
8720,50,396820.0,2247427.51,三角波,材料3,0.1547342565
8721,50,50060.0,11539.35999,梯形波,材料3,0.0615984975
8722,50,50070.0,20095.71964,梯形波,材料3,0.0768535715
8723,50,50070.0,36830.92149,梯形波,材料3,0.09781677999999999
8724,50,50070.0,64978.20354,梯形波,材料3,0.12227558399999999
8725,50,50070.0,114732.1077,梯形波,材料3,0.1545446225
8726,50,50070.0,201462.0841,梯形波,材料3,0.194196491
8727,50,50070.0,357602.9516,梯形波,材料3,0.241947216
8728,50,50070.0,636511.0714,梯形波,材料3,0.3063846765
8729,50,63240.0,49176.61464,梯形波,材料3,0.096248117
8730,50,63240.0,87736.39349,梯形波,材料3,0.12166434500000001
8731,50,79410.0,11979.47753,梯形波,材料3,0.048342217
8732,50,79410.0,21268.90864,梯形波,材料3,0.061645696
8733,50,79420.0,37871.5861,梯形波,材料3,0.0768196005
8734,50,79410.0,67123.43438,梯形波,材料3,0.097073494
8735,50,79410.0,209793.6582,梯形波,材料3,0.152085003
8736,50,79410.0,373738.9947,梯形波,材料3,0.19291600599999997
8737,50,79410.0,1147826.192,梯形波,材料3,0.301935514
8738,50,99970.0,5115.877677,梯形波,材料3,0.030796614
8739,50,99970.0,8888.105351,梯形波,材料3,0.0385054585
8740,50,99980.0,16314.65533,梯形波,材料3,0.049050752
8741,50,99980.0,51779.74393,梯形波,材料3,0.077305524
8742,50,99980.0,163769.732,梯形波,材料3,0.1210321885
8743,50,99980.0,291835.6255,梯形波,材料3,0.15356907
8744,50,99980.0,515407.2786,梯形波,材料3,0.19380342
8745,50,99980.0,891005.5939,梯形波,材料3,0.24050942749999998
8746,50,99970.0,1584351.395,梯形波,材料3,0.3038765825
8747,50,125930.0,4023.593867,梯形波,材料3,0.0244694955
8748,50,125930.0,40378.31145,梯形波,材料3,0.061477585
8749,50,125930.0,72383.58347,梯形波,材料3,0.077379701
8750,50,125930.0,129514.4995,梯形波,材料3,0.0963626245
8751,50,125930.0,231266.2464,梯形波,材料3,0.12204603
8752,50,125930.0,411829.4406,梯形波,材料3,0.1542378835
8753,50,125920.0,712648.3967,梯形波,材料3,0.1914274205
8754,50,125920.0,1253997.452,梯形波,材料3,0.241989979
8755,50,125930.0,2235884.566,梯形波,材料3,0.3067488305
8756,50,158740.0,3274.533371,梯形波,材料3,0.0195521815
8757,50,158740.0,5666.47984,梯形波,材料3,0.02445342
8758,50,158750.0,10271.04186,梯形波,材料3,0.031189735000000003
8759,50,158740.0,18737.25147,梯形波,材料3,0.038845333499999996
8760,50,158740.0,33303.31857,梯形波,材料3,0.048938721000000004
8761,50,158750.0,104661.2505,梯形波,材料3,0.07675104899999999
8762,50,158750.0,335210.8845,梯形波,材料3,0.1227734335
8763,50,158740.0,1021137.458,梯形波,材料3,0.1928516555
8764,50,158740.0,1802660.743,梯形波,材料3,0.244528149
8765,50,199180.0,2895.81092,梯形波,材料3,0.015487808
8766,50,199190.0,15929.86891,梯形波,材料3,0.030666635
8767,50,199190.0,28091.33127,梯形波,材料3,0.038785442
8768,50,199190.0,49619.93073,梯形波,材料3,0.048765026
8769,50,199190.0,87811.48953,梯形波,材料3,0.0606528625
8770,50,199190.0,153992.7981,梯形波,材料3,0.076823449
8771,50,199190.0,1469720.499,梯形波,材料3,0.1933468635
8772,50,251240.0,2847.831469,梯形波,材料3,0.012356187
8773,50,251240.0,8384.133689,梯形波,材料3,0.0195936515
8774,50,251240.0,14841.94736,梯形波,材料3,0.024437146
8775,50,251240.0,25457.56138,梯形波,材料3,0.0308387055
8776,50,251240.0,44731.78198,梯形波,材料3,0.038887436
8777,50,251240.0,133802.8509,梯形波,材料3,0.0610950095
8778,50,251240.0,237966.2252,梯形波,材料3,0.07731498049999999
8779,50,251250.0,412879.5755,梯形波,材料3,0.0961365445
8780,50,251240.0,724078.993,梯形波,材料3,0.121365456
8781,50,251240.0,1259633.0,梯形波,材料3,0.153871555
8782,50,316460.0,2933.369281,梯形波,材料3,0.0097872975
8783,50,316460.0,8223.968451,梯形波,材料3,0.015513199500000002
8784,50,316460.0,14307.46185,梯形波,材料3,0.019332687
8785,50,316460.0,41331.5769,梯形波,材料3,0.0306795775
8786,50,316460.0,71555.90561,梯形波,材料3,0.038186849999999994
8787,50,316460.0,124433.271,梯形波,材料3,0.0483546805
8788,50,316460.0,212274.3976,梯形波,材料3,0.0610082655
8789,50,316460.0,365824.9694,梯形波,材料3,0.075892776
8790,50,316460.0,1110300.592,梯形波,材料3,0.12158147050000001
8791,50,396800.0,5271.352703,梯形波,材料3,0.009804514
8792,50,396810.0,8988.192948,梯形波,材料3,0.0125405665
8793,50,396810.0,15049.1493,梯形波,材料3,0.015544951
8794,50,396800.0,25256.81286,梯形波,材料3,0.019593214499999997
8795,50,396800.0,42303.10393,梯形波,材料3,0.024642068
8796,50,396800.0,70496.319,梯形波,材料3,0.0306628685
8797,50,396810.0,119939.6657,梯形波,材料3,0.038829676
8798,50,396800.0,204907.9331,梯形波,材料3,0.049013335
8799,50,396810.0,342590.4319,梯形波,材料3,0.0609929425
8800,50,396800.0,1023486.837,梯形波,材料3,0.0975119005
8801,50,50040.0,34643.74171,梯形波,材料3,0.09654908649999999
8802,50,50040.0,63205.89068,梯形波,材料3,0.122688985
8803,50,50050.0,198101.4207,梯形波,材料3,0.1940880805
8804,50,50050.0,353332.351,梯形波,材料3,0.2455139855
8805,50,63210.0,48257.40751,梯形波,材料3,0.09634720899999999
8806,50,63220.0,85653.41765,梯形波,材料3,0.1215951885
8807,50,63210.0,152312.0436,梯形波,材料3,0.1533902675
8808,50,63210.0,269421.7759,梯形波,材料3,0.193995894
8809,50,63210.0,476383.0288,梯形波,材料3,0.244516176
8810,50,79450.0,11885.70701,梯形波,材料3,0.0486006195
8811,50,79450.0,20653.08185,梯形波,材料3,0.0607452935
8812,50,79460.0,36469.06285,梯形波,材料3,0.077127792
8813,50,79450.0,64831.29985,梯形波,材料3,0.0970165635
8814,50,79460.0,116336.3006,梯形波,材料3,0.12231399400000001
8815,50,79460.0,206943.8641,梯形波,材料3,0.154627809
8816,50,79460.0,365284.1068,梯形波,材料3,0.1950021455
8817,50,79460.0,641564.1789,梯形波,材料3,0.24302868
8818,50,79460.0,1141672.79,梯形波,材料3,0.307092279
8819,50,99970.0,8654.429815,梯形波,材料3,0.038556451000000005
8820,50,99970.0,15228.10837,梯形波,材料3,0.048280679
8821,50,99960.0,27651.61283,梯形波,材料3,0.061295757
8822,50,99960.0,48515.87951,梯形波,材料3,0.0771625665
8823,50,99960.0,88739.0338,梯形波,材料3,0.0972818535
8824,50,99970.0,159476.636,梯形波,材料3,0.123025511
8825,50,99960.0,879104.8358,梯形波,材料3,0.24420867200000002
8826,50,99960.0,1567168.089,梯形波,材料3,0.307993354
8827,50,125920.0,11456.19685,梯形波,材料3,0.038353853
8828,50,125920.0,20822.03158,梯形波,材料3,0.0485612115
8829,50,125920.0,68328.05628,梯形波,材料3,0.07711259000000001
8830,50,125920.0,122796.3426,梯形波,材料3,0.0974526675
8831,50,125920.0,220370.5452,梯形波,材料3,0.122843524
8832,50,125920.0,1220761.796,梯形波,材料3,0.24419896
8833,50,125920.0,2130855.956,梯形波,材料3,0.3044246945
8834,50,158740.0,5086.217396,梯形波,材料3,0.0243739705
8835,50,158730.0,16310.32816,梯形波,材料3,0.038702559
8836,50,158730.0,29517.4427,梯形波,材料3,0.048758924
8837,50,158740.0,54695.32134,梯形波,材料3,0.061300905
8838,50,158730.0,97469.25112,梯形波,材料3,0.07757842300000001
8839,50,158730.0,175544.7047,梯形波,材料3,0.097794027
8840,50,158730.0,310938.8514,梯形波,材料3,0.1217298165
8841,50,158730.0,552009.5734,梯形波,材料3,0.1539895625
8842,50,158730.0,979523.3757,梯形波,材料3,0.19427632150000002
8843,50,158730.0,1699188.306,梯形波,材料3,0.242450559
8844,50,158730.0,3007762.9,梯形波,材料3,0.30645115
8845,50,199190.0,4221.798122,梯形波,材料3,0.019435841000000002
8846,50,199190.0,7376.564889,梯形波,材料3,0.0243460365
8847,50,199180.0,23963.73988,梯形波,材料3,0.038873128
8848,50,199190.0,44389.83797,梯形波,材料3,0.0488697875
8849,50,199190.0,80376.78351,梯形波,材料3,0.0617845165
8850,50,199190.0,142654.5269,梯形波,材料3,0.07787167049999999
8851,50,199190.0,252892.1765,梯形波,材料3,0.09690712900000001
8852,50,199180.0,451551.9094,梯形波,材料3,0.1226141265
8853,50,199190.0,798792.8386,梯形波,材料3,0.1548740255
8854,50,199190.0,1385229.483,梯形波,材料3,0.193172759
8855,50,199180.0,2425197.845,梯形波,材料3,0.24423281200000002
8856,50,251240.0,3857.908306,梯形波,材料3,0.015438427000000001
8857,50,251240.0,6693.389837,梯形波,材料3,0.01936343
8858,50,251240.0,11939.04941,梯形波,材料3,0.0245915565
8859,50,251240.0,21021.57384,梯形波,材料3,0.0309077205
8860,50,251240.0,38536.70777,梯形波,材料3,0.0388582795
8861,50,251240.0,68858.04659,梯形波,材料3,0.0491163455
8862,50,251240.0,122903.7999,梯形波,材料3,0.0619529595
8863,50,251240.0,214021.6427,梯形波,材料3,0.077076431
8864,50,251240.0,1162643.917,梯形波,材料3,0.153491344
8865,50,251240.0,2025925.973,梯形波,材料3,0.19423786999999998
8866,50,316450.0,3842.950495,梯形波,材料3,0.012316118000000001
8867,50,316450.0,6532.238169,梯形波,材料3,0.015435499500000002
8868,50,316450.0,11349.60079,梯形波,材料3,0.019503934
8869,50,316450.0,19779.54338,梯形波,材料3,0.024589016499999998
8870,50,316450.0,35445.03111,梯形波,材料3,0.030951008500000002
8871,50,316450.0,62713.76905,梯形波,材料3,0.039141718
8872,50,316450.0,109830.2582,梯形波,材料3,0.0492646655
8873,50,316450.0,191163.4043,梯形波,材料3,0.061299361499999996
8874,50,316450.0,333918.8469,梯形波,材料3,0.07750749800000001
8875,50,316450.0,1020534.321,梯形波,材料3,0.1221999485
8876,50,316450.0,1754170.429,梯形波,材料3,0.154419755
8877,50,396810.0,11486.11979,梯形波,材料3,0.015477096499999999
8878,50,396810.0,19700.98624,梯形波,材料3,0.019499468
8879,50,396810.0,58986.30083,梯形波,材料3,0.0309679535
8880,50,396810.0,101298.6731,梯形波,材料3,0.038939510499999996
8881,50,396810.0,173500.4816,梯形波,材料3,0.048425019
8882,50,396810.0,302286.596,梯形波,材料3,0.061243876
8883,50,396810.0,521839.7972,梯形波,材料3,0.0772805865
8884,50,396810.0,897982.6804,梯形波,材料3,0.096514419
8885,50,396810.0,1545254.487,梯形波,材料3,0.122014999
8886,50,499980.0,7423.216436,梯形波,材料3,0.0097077755
8887,50,499980.0,12521.82969,梯形波,材料3,0.012337444
8888,50,499980.0,20849.07742,梯形波,材料3,0.015529465
8889,50,499980.0,35286.57894,梯形波,材料3,0.019405914
8890,50,499990.0,59808.53068,梯形波,材料3,0.024590791
8891,50,499980.0,99567.10513,梯形波,材料3,0.030921057000000002
8892,50,499990.0,167495.6951,梯形波,材料3,0.038449610999999995
8893,50,499980.0,287184.9469,梯形波,材料3,0.048630136500000004
8894,50,499980.0,486001.0422,梯形波,材料3,0.061324992999999994
8895,50,499980.0,826772.6457,梯形波,材料3,0.0765667145
8896,50,50020.0,19929.52072,梯形波,材料3,0.07737445700000001
8897,50,50020.0,65570.87466,梯形波,材料3,0.12300114300000001
8898,50,50020.0,205817.4547,梯形波,材料3,0.195411968
8899,50,50020.0,361091.9764,梯形波,材料3,0.24472082150000002
8900,50,50020.0,640995.0885,梯形波,材料3,0.3089216245
8901,50,63150.0,16516.84981,梯形波,材料3,0.0612443755
8902,50,63150.0,50715.80556,梯形波,材料3,0.09754731550000001
8903,50,63150.0,89898.84196,梯形波,材料3,0.123094274
8904,50,63150.0,159244.0332,梯形波,材料3,0.155239478
8905,50,63150.0,276844.0715,梯形波,材料3,0.1941876715
8906,50,63150.0,489449.2545,梯形波,材料3,0.24542529000000002
8907,50,79500.0,12226.46669,梯形波,材料3,0.048578181
8908,50,79500.0,21926.44486,梯形波,材料3,0.0615137675
8909,50,79500.0,67749.40356,梯形波,材料3,0.097836896
8910,50,79500.0,210051.3017,梯形波,材料3,0.153995926
8911,50,79500.0,372879.9186,梯形波,材料3,0.19481195499999998
8912,50,79500.0,660890.6406,梯形波,材料3,0.24571039649999998
8913,50,79500.0,1167243.697,梯形波,材料3,0.3072157075
8914,50,99950.0,8905.068354,梯形波,材料3,0.038575593500000005
8915,50,99950.0,16175.26498,梯形波,材料3,0.048927433
8916,50,99950.0,28750.20311,梯形波,材料3,0.061653426
8917,50,99950.0,50395.70259,梯形波,材料3,0.077673885
8918,50,99950.0,90389.2777,梯形波,材料3,0.097874372
8919,50,99950.0,161479.623,梯形波,材料3,0.12252933199999999
8920,50,99950.0,287939.3414,梯形波,材料3,0.15506789599999998
8921,50,99950.0,509333.9912,梯形波,材料3,0.19537403199999998
8922,50,99950.0,1607314.467,梯形波,材料3,0.30945375799999997
8923,50,125910.0,6614.842679,梯形波,材料3,0.0306376235
8924,50,125910.0,21632.3087,梯形波,材料3,0.048983962
8925,50,125920.0,38863.61822,梯形波,材料3,0.0616088825
8926,50,125910.0,68904.16648,梯形波,材料3,0.07768650899999999
8927,50,125920.0,124697.2748,梯形波,材料3,0.0972796655
8928,50,125920.0,224922.041,梯形波,材料3,0.1231411355
8929,50,125910.0,398265.4849,梯形波,材料3,0.15514361399999999
8930,50,125910.0,704992.1501,梯形波,材料3,0.19391497200000002
8931,50,125920.0,1257027.009,梯形波,材料3,0.245617694
8932,50,125920.0,2212228.475,梯形波,材料3,0.30842534
8933,50,158730.0,9284.175416,梯形波,材料3,0.030984518
8934,50,158730.0,30027.34077,梯形波,材料3,0.0490599085
8935,50,158730.0,176787.2849,梯形波,材料3,0.0979444245
8936,50,158730.0,316793.3283,梯形波,材料3,0.1235372945
8937,50,158730.0,3079346.898,梯形波,材料3,0.30710701149999997
8938,50,199180.0,4116.862146,梯形波,材料3,0.0193937005
8939,50,199180.0,13159.43017,梯形波,材料3,0.030990305000000003
8940,50,199180.0,23898.15953,梯形波,材料3,0.039070667
8941,50,199180.0,43144.98231,梯形波,材料3,0.0492262795
8942,50,199180.0,141647.3212,梯形波,材料3,0.07781086400000001
8943,50,199180.0,254397.2931,梯形波,材料3,0.0980937
8944,50,199180.0,452593.0427,梯形波,材料3,0.1226183565
8945,50,199180.0,803241.6161,梯形波,材料3,0.15516342300000002
8946,50,199180.0,1409297.42,梯形波,材料3,0.1951841855
8947,50,251240.0,3710.370683,梯形波,材料3,0.01547472
8948,50,251240.0,6622.437449,梯形波,材料3,0.019631304500000002
8949,50,251240.0,11576.8553,梯形波,材料3,0.024659288
8950,50,251240.0,20571.39017,梯形波,材料3,0.031116803499999998
8951,50,251240.0,36993.79527,梯形波,材料3,0.039232726499999995
8952,50,251240.0,66663.22525,梯形波,材料3,0.048928148500000004
8953,50,251240.0,213134.1851,梯形波,材料3,0.0780779645
8954,50,251240.0,379571.1977,梯形波,材料3,0.097477946
8955,50,251240.0,675279.6028,梯形波,材料3,0.12339603099999999
8956,50,251240.0,1172931.209,梯形波,材料3,0.15514082750000002
8957,50,251240.0,2030695.926,梯形波,材料3,0.19436968599999999
8958,50,316450.0,6056.763722,梯形波,材料3,0.015537051
8959,50,316450.0,10600.9277,梯形波,材料3,0.019577609000000003
8960,50,316450.0,32724.15647,梯形波,材料3,0.031029404500000003
8961,50,316450.0,58720.13382,梯形波,材料3,0.038742881
8962,50,316450.0,104822.9875,梯形波,材料3,0.048996411000000004
8963,50,316450.0,324742.6229,梯形波,材料3,0.077128078
8964,50,316450.0,578578.5217,梯形波,材料3,0.09759782650000001
8965,50,316450.0,1004768.402,梯形波,材料3,0.1227167845
8966,50,316450.0,1718030.64,梯形波,材料3,0.153642592
8967,50,396820.0,6172.113534,梯形波,材料3,0.012467588500000001
8968,50,396820.0,10638.34513,梯形波,材料3,0.015702176999999998
8969,50,396820.0,31946.66324,梯形波,材料3,0.024903228
8970,50,396810.0,55420.66185,梯形波,材料3,0.031047176500000002
8971,50,396820.0,170314.5667,梯形波,材料3,0.049477084500000004
8972,50,396810.0,297439.3846,梯形波,材料3,0.061754773
8973,50,396810.0,519684.1937,梯形波,材料3,0.078193835
8974,50,396820.0,900807.1785,梯形波,材料3,0.098281567
8975,50,396810.0,1539945.131,梯形波,材料3,0.123115738
8976,50,499980.0,6879.97098,梯形波,材料3,0.00986815
8977,50,499980.0,11381.19739,梯形波,材料3,0.012401327
8978,50,499980.0,19321.05996,梯形波,材料3,0.015654471
8979,50,499980.0,32786.36403,梯形波,材料3,0.019703722
8980,50,499980.0,55547.46131,梯形波,材料3,0.024563448
8981,50,499980.0,161944.4403,梯形波,材料3,0.03913427
8982,50,499980.0,276837.7214,梯形波,材料3,0.0488300605
8983,50,499980.0,474657.9164,梯形波,材料3,0.0617865715
8984,50,499980.0,817225.9285,梯形波,材料3,0.0776665765
8985,50,499980.0,1394919.075,梯形波,材料3,0.097279711
8986,50,49990.0,40850.05542,梯形波,材料3,0.09908188949999999
8987,50,49990.0,72199.38299,梯形波,材料3,0.12403593
8988,50,49990.0,127882.7758,梯形波,材料3,0.156640387
8989,50,49990.0,225546.6769,梯形波,材料3,0.195976801
8990,50,49990.0,395557.1718,梯形波,材料3,0.24626994149999998
8991,50,50000.0,703491.1656,梯形波,材料3,0.31236029899999995
8992,50,63060.0,18132.09407,梯形波,材料3,0.0613161855
8993,50,63060.0,32068.47667,梯形波,材料3,0.078359345
8994,50,63060.0,56093.68848,梯形波,材料3,0.098286709
8995,50,63060.0,99081.55127,梯形波,材料3,0.1242609445
8996,50,63050.0,172859.8229,梯形波,材料3,0.155343999
8997,50,63060.0,301758.159,梯形波,材料3,0.1952046905
8998,50,63060.0,536268.7612,梯形波,材料3,0.2475069445
8999,50,63060.0,946997.9944,梯形波,材料3,0.310573169
9000,70,396820.0,6619.394545,三角波,材料3,0.012376031
9001,70,396820.0,10799.43738,三角波,材料3,0.015607165999999999
9002,70,396820.0,29081.6313,三角波,材料3,0.0245882905
9003,70,396820.0,81887.19634,三角波,材料3,0.039056752
9004,70,396820.0,136949.3018,三角波,材料3,0.048997946
9005,70,396820.0,399115.3277,三角波,材料3,0.0775290595
9006,70,396820.0,688588.4849,三角波,材料3,0.09741411
9007,70,396820.0,1190920.74,三角波,材料3,0.1229027555
9008,70,396820.0,2035415.023,三角波,材料3,0.154758593
9009,70,499970.0,1102226.695,三角波,材料3,0.09749051
9010,70,499970.0,1860727.877,三角波,材料3,0.1226627785
9011,70,396820.0,6702.035581,三角波,材料3,0.012379496
9012,70,396820.0,10948.30387,三角波,材料3,0.015610437500000001
9013,70,396820.0,17950.55729,三角波,材料3,0.019599784
9014,70,396820.0,29461.27584,三角波,材料3,0.0246048975
9015,70,396820.0,49363.21688,三角波,材料3,0.0311136015
9016,70,396820.0,82713.79853,三角波,材料3,0.038981018000000006
9017,70,396820.0,138598.7119,三角波,材料3,0.0490305675
9018,70,396820.0,235419.9986,三角波,材料3,0.0618426625
9019,70,396820.0,690888.4255,三角波,材料3,0.0975422775
9020,70,396820.0,1191590.842,三角波,材料3,0.122977022
9021,70,396820.0,2038936.938,三角波,材料3,0.1548396665
9022,70,50070.0,7640.170678,梯形波,材料3,0.0614923155
9023,70,50060.0,13549.77123,梯形波,材料3,0.07689615350000001
9024,70,50080.0,91295.82699,梯形波,材料3,0.15459150049999998
9025,70,50070.0,306827.4779,梯形波,材料3,0.2418566225
9026,70,50070.0,561299.755,梯形波,材料3,0.30696355799999997
9027,70,63240.0,762498.8479,梯形波,材料3,0.3055197215
9028,70,79410.0,7976.122929,梯形波,材料3,0.0482261815
9029,70,79410.0,14799.2391,梯形波,材料3,0.0617304635
9030,70,79420.0,26525.95466,梯形波,材料3,0.07691200949999999
9031,70,79410.0,48979.28761,梯形波,材料3,0.0971239985
9032,70,79410.0,172453.0896,梯形波,材料3,0.152229099
9033,70,79410.0,319994.2435,梯形波,材料3,0.193072122
9034,70,79410.0,584315.1495,梯形波,材料3,0.2437914445
9035,70,79410.0,1026265.221,梯形波,材料3,0.30264289450000004
9036,70,99980.0,6139.641599,梯形波,材料3,0.0384804425
9037,70,99980.0,11220.07192,梯形波,材料3,0.049135513
9038,70,99980.0,20615.20786,梯形波,材料3,0.061206909500000004
9039,70,99970.0,37150.39227,梯形波,材料3,0.07734503749999999
9040,70,99970.0,128738.3274,梯形波,材料3,0.121396912
9041,70,99970.0,240912.0861,梯形波,材料3,0.153617465
9042,70,99970.0,445017.1798,梯形波,材料3,0.1941079495
9043,70,99980.0,790486.3127,梯形波,材料3,0.24069163300000002
9044,70,99970.0,1419233.065,梯形波,材料3,0.30407075299999997
9045,70,125920.0,5089.118865,梯形波,材料3,0.0306490845
9046,70,125930.0,9130.753379,梯形波,材料3,0.038999064
9047,70,125930.0,16885.49321,梯形波,材料3,0.048703664
9048,70,125930.0,30579.99962,梯形波,材料3,0.061439192000000004
9049,70,125920.0,101627.4777,梯形波,材料3,0.09649163350000001
9050,70,125930.0,188857.1881,梯形波,材料3,0.12212983499999999
9051,70,125920.0,623813.7911,梯形波,材料3,0.19149298650000002
9052,70,125920.0,1121317.286,梯形波,材料3,0.2419930665
9053,70,125930.0,2027536.62,梯形波,材料3,0.3070965195
9054,70,158740.0,8177.077955,梯形波,材料3,0.031066563
9055,70,158740.0,14915.89765,梯形波,材料3,0.038871101500000005
9056,70,158750.0,47061.72871,梯形波,材料3,0.0617161135
9057,70,158740.0,83271.34995,梯形波,材料3,0.0768385425
9058,70,158740.0,152913.8234,梯形波,材料3,0.0972737155
9059,70,158740.0,501077.6572,梯形波,材料3,0.152616336
9060,70,158750.0,907379.577,梯形波,材料3,0.19286514999999999
9061,70,158740.0,1633016.244,梯形波,材料3,0.24476175049999999
9062,70,199190.0,2786.063702,梯形波,材料3,0.0155226695
9063,70,199190.0,4590.18657,梯形波,材料3,0.0193193465
9064,70,199190.0,8003.630184,梯形波,材料3,0.024679843
9065,70,199190.0,41997.27439,梯形波,材料3,0.0488241595
9066,70,199190.0,128490.7856,梯形波,材料3,0.0768631925
9067,70,199190.0,410631.5701,梯形波,材料3,0.1205649345
9068,70,199190.0,736054.4642,梯形波,材料3,0.152422583
9069,70,251240.0,4817.694602,梯形波,材料3,0.015413639
9070,70,251240.0,8290.858452,梯形波,材料3,0.0196793585
9071,70,251240.0,24095.38813,梯形波,材料3,0.03092413
9072,70,251240.0,40421.70356,梯形波,材料3,0.0388572625
9073,70,251240.0,69245.82245,梯形波,材料3,0.0483877755
9074,70,251240.0,120071.609,梯形波,材料3,0.061277097
9075,70,251240.0,206686.6418,梯形波,材料3,0.0772604485
9076,70,251240.0,360715.5348,梯形波,材料3,0.0961295165
9077,70,251240.0,637808.5529,梯形波,材料3,0.1213659015
9078,70,251240.0,1124341.788,梯形波,材料3,0.1539118975
9079,70,316470.0,3290.089577,梯形波,材料3,0.009788475000000001
9080,70,316460.0,8790.093057,梯形波,材料3,0.015513173
9081,70,316460.0,14882.3999,梯形波,材料3,0.019342419
9082,70,316460.0,41225.93689,梯形波,材料3,0.0307750045
9083,70,316460.0,68279.33008,梯形波,材料3,0.038301593
9084,70,316460.0,115090.5854,梯形波,材料3,0.0484146275
9085,70,316460.0,328423.1741,梯形波,材料3,0.0759604395
9086,70,316460.0,573763.3869,梯形波,材料3,0.095903355
9087,70,316460.0,997742.1526,梯形波,材料3,0.121637155
9088,70,396800.0,5880.298564,梯形波,材料3,0.0098196065
9089,70,396800.0,26107.30789,梯形波,材料3,0.019619991500000003
9090,70,396800.0,42796.75457,梯形波,材料3,0.024702718499999998
9091,70,396800.0,115342.8129,梯形波,材料3,0.0388322325
9092,70,396800.0,193183.5726,梯形波,材料3,0.0490735495
9093,70,396800.0,316284.746,梯形波,材料3,0.0609444225
9094,70,396800.0,540941.9932,梯形波,材料3,0.0771346235
9095,70,396800.0,930652.2555,梯形波,材料3,0.0976151985
9096,70,50040.0,13079.38247,梯形波,材料3,0.07731271249999999
9097,70,50040.0,24265.37637,梯形波,材料3,0.0968249055
9098,70,50040.0,89018.73774,梯形波,材料3,0.1544327775
9099,70,50040.0,166061.0101,梯形波,材料3,0.19446296000000002
9100,70,50040.0,305532.2664,梯形波,材料3,0.24592340000000001
9101,70,50040.0,550549.3797,梯形波,材料3,0.3094737065
9102,70,63210.0,10591.99922,梯形波,材料3,0.060995486
9103,70,63220.0,34859.40018,梯形波,材料3,0.0967847555
9104,70,63210.0,65103.36664,梯形波,材料3,0.121823988
9105,70,63210.0,122099.0953,梯形波,材料3,0.153450727
9106,70,63210.0,225378.7172,梯形波,材料3,0.193899595
9107,70,63210.0,413422.3339,梯形波,材料3,0.2444597515
9108,70,63220.0,737844.1216,梯形波,材料3,0.30441285650000005
9109,70,79450.0,25247.34052,梯形波,材料3,0.07726540900000001
9110,70,79450.0,47011.83773,梯形波,材料3,0.09708879449999999
9111,70,79460.0,89920.0972,梯形波,材料3,0.1225222865
9112,70,79460.0,310391.3944,梯形波,材料3,0.19486742350000003
9113,70,79460.0,563842.2919,梯形波,材料3,0.2430760035
9114,70,79460.0,1022059.396,梯形波,材料3,0.30730878650000004
9115,70,99960.0,5654.155441,梯形波,材料3,0.038601721500000005
9116,70,99960.0,9949.136383,梯形波,材料3,0.048322251999999996
9117,70,99960.0,18765.50118,梯形波,材料3,0.061427498
9118,70,99960.0,34206.76696,梯形波,材料3,0.0772557385
9119,70,99970.0,65787.49457,梯形波,材料3,0.0974028085
9120,70,99960.0,123728.2444,梯形波,材料3,0.1230415995
9121,70,99970.0,232175.2493,梯形波,材料3,0.15502137
9122,70,99970.0,428090.7022,梯形波,材料3,0.1933075245
9123,70,99970.0,783347.5846,梯形波,材料3,0.244442205
9124,70,99960.0,1406602.77,梯形波,材料3,0.30809185299999997
9125,70,125920.0,4518.435121,梯形波,材料3,0.030663231
9126,70,125920.0,7884.904538,梯形波,材料3,0.038317419500000005
9127,70,125920.0,14454.259,梯形波,材料3,0.0487428
9128,70,125920.0,26657.42762,梯形波,材料3,0.0612985355
9129,70,125930.0,49971.78578,梯形波,材料3,0.07722796700000001
9130,70,125920.0,93745.42099,梯形波,材料3,0.09749874950000001
9131,70,125920.0,176548.2756,梯形波,材料3,0.1229693315
9132,70,125920.0,324616.6394,梯形波,材料3,0.1531735735
9133,70,125920.0,601827.4258,梯形波,材料3,0.1936088845
9134,70,125920.0,1097405.611,梯形波,材料3,0.2444681355
9135,70,125920.0,1930684.059,梯形波,材料3,0.30473512999999997
9136,70,158730.0,3867.211099,梯形波,材料3,0.024386123500000002
9137,70,158730.0,6656.443972,梯形波,材料3,0.0305520655
9138,70,158730.0,12005.37194,梯形波,材料3,0.038630556999999996
9139,70,158730.0,21796.02923,梯形波,材料3,0.048731841
9140,70,158730.0,41614.2844,梯形波,材料3,0.061429594500000004
9141,70,158730.0,868591.6291,梯形波,材料3,0.1944914115
9142,70,158730.0,1538899.21,梯形波,材料3,0.24257761849999998
9143,70,158730.0,2752310.042,梯形波,材料3,0.306441681
9144,70,199190.0,3656.467632,梯形波,材料3,0.0194393895
9145,70,199190.0,10912.15472,梯形波,材料3,0.030803551499999998
9146,70,199190.0,64622.77434,梯形波,材料3,0.061862204000000004
9147,70,199190.0,115460.2373,梯形波,材料3,0.07787023400000001
9148,70,199180.0,210337.2074,梯形波,材料3,0.0970483855
9149,70,199190.0,698943.2754,梯形波,材料3,0.15477642349999998
9150,70,199190.0,1243325.57,梯形波,材料3,0.19336392349999998
9151,70,199190.0,2216857.054,梯形波,材料3,0.24412865
9152,70,251240.0,6384.304508,梯形波,材料3,0.0193810955
9153,70,251240.0,11056.05465,梯形波,材料3,0.024614196999999997
9154,70,251240.0,18877.95505,梯形波,材料3,0.0309150765
9155,70,251240.0,33965.70927,梯形波,材料3,0.0388839015
9156,70,251240.0,59667.41448,梯形波,材料3,0.049210443
9157,70,251240.0,105353.425,梯形波,材料3,0.061996298500000005
9158,70,251240.0,330487.6623,梯形波,材料3,0.09755411750000001
9159,70,251240.0,592785.1775,梯形波,材料3,0.123040853
9160,70,251240.0,1037597.465,梯形波,材料3,0.15369697300000001
9161,70,316450.0,4149.284328,梯形波,材料3,0.0123105495
9162,70,316450.0,6830.807713,梯形波,材料3,0.01542254
9163,70,316450.0,11652.22963,梯形波,材料3,0.0196029205
9164,70,316450.0,34125.62884,梯形波,材料3,0.030941919
9165,70,316450.0,58011.31526,梯形波,材料3,0.039133595
9166,70,316450.0,99627.67285,梯形波,材料3,0.0492749725
9167,70,316450.0,171012.4546,梯形波,材料3,0.061326636500000004
9168,70,316460.0,296906.8943,梯形波,材料3,0.07754779249999999
9169,70,316450.0,527605.3203,梯形波,材料3,0.0978909165
9170,70,316450.0,910347.4093,梯形波,材料3,0.122138228
9171,70,316450.0,1584654.251,梯形波,材料3,0.15443321
9172,70,396810.0,4669.859406,梯形波,材料3,0.009745526000000001
9173,70,396810.0,12476.83198,梯形波,材料3,0.015503379500000001
9174,70,396810.0,20761.85223,梯形波,材料3,0.0195502195
9175,70,396810.0,58021.96588,梯形波,材料3,0.030924774
9176,70,396810.0,96664.10694,梯形波,材料3,0.0389598095
9177,70,396810.0,162417.194,梯形波,材料3,0.04852668
9178,70,396810.0,278008.3844,梯形波,材料3,0.0613121045
9179,70,396810.0,474344.1799,梯形波,材料3,0.0773163855
9180,70,396810.0,814644.7419,梯形波,材料3,0.096542611
9181,70,396810.0,1401628.528,梯形波,材料3,0.122087995
9182,70,499990.0,8207.44488,梯形波,材料3,0.009704480000000001
9183,70,499980.0,13515.1294,梯形波,材料3,0.01230367
9184,70,499980.0,21979.1214,梯形波,材料3,0.015508455
9185,70,499980.0,60097.47652,梯形波,材料3,0.024590257499999997
9186,70,499980.0,98672.24144,梯形波,材料3,0.030932934500000002
9187,70,499980.0,161032.9887,梯形波,材料3,0.038473923
9188,70,499980.0,270623.1086,梯形波,材料3,0.048625433999999995
9189,70,499980.0,457876.9855,梯形波,材料3,0.0613542465
9190,70,499980.0,760569.4195,梯形波,材料3,0.076668415
9191,70,50020.0,13330.05691,梯形波,材料3,0.07743596850000001
9192,70,50020.0,25900.99794,梯形波,材料3,0.0980062385
9193,70,50020.0,49159.58198,梯形波,材料3,0.1231383365
9194,70,50020.0,93961.70868,梯形波,材料3,0.155678171
9195,70,50020.0,173640.1585,梯形波,材料3,0.19569258150000002
9196,70,50020.0,310832.1315,梯形波,材料3,0.244807147
9197,70,50020.0,561246.9016,梯形波,材料3,0.309407541
9198,70,63150.0,10945.72145,梯形波,材料3,0.0613267015
9199,70,63150.0,19874.67122,梯形波,材料3,0.077681326
9200,70,63150.0,36806.27948,梯形波,材料3,0.0978018185
9201,70,63150.0,128865.9648,梯形波,材料3,0.15527355199999998
9202,70,63150.0,235101.8449,梯形波,材料3,0.1943358225
9203,70,63150.0,425315.582,梯形波,材料3,0.2454414805
9204,70,63150.0,765241.741,梯形波,材料3,0.3095181965
9205,70,79500.0,7998.358813,梯形波,材料3,0.048715039
9206,70,79500.0,14492.36866,梯形波,材料3,0.0617052775
9207,70,79500.0,48921.73878,梯形波,材料3,0.0977830875
9208,70,79500.0,318855.3209,梯形波,材料3,0.194859642
9209,70,79500.0,1043239.194,梯形波,材料3,0.3072249505
9210,70,99950.0,5788.577314,梯形波,材料3,0.0386391995
9211,70,99950.0,10549.47717,梯形波,材料3,0.048969691999999995
9212,70,99950.0,19207.43507,梯形波,材料3,0.0616072425
9213,70,99950.0,66371.36915,梯形波,材料3,0.0979016625
9214,70,99950.0,237144.7538,梯形波,材料3,0.1550981405
9215,70,99950.0,440259.3259,梯形波,材料3,0.1956398735
9216,70,99950.0,804304.1702,梯形波,材料3,0.2447570545
9217,70,125920.0,4517.337239,梯形波,材料3,0.030693001
9218,70,125910.0,8139.006928,梯形波,材料3,0.038882937
9219,70,125920.0,14725.0352,梯形波,材料3,0.048987664
9220,70,125920.0,49617.3808,梯形波,材料3,0.0777078905
9221,70,125920.0,94981.59892,梯形波,材料3,0.097393976
9222,70,125910.0,178763.6865,梯形波,材料3,0.1230405015
9223,70,125920.0,333539.1362,梯形波,材料3,0.15516869100000003
9224,70,125920.0,616346.102,梯形波,材料3,0.1941116925
9225,70,125910.0,1124265.799,梯形波,材料3,0.2454264515
9226,70,125920.0,2003752.193,梯形波,材料3,0.3083539645
9227,70,158730.0,3750.010751,梯形波,材料3,0.0244108005
9228,70,158730.0,6632.295891,梯形波,材料3,0.031019004000000003
9229,70,158730.0,11914.88179,梯形波,材料3,0.038964243499999995
9230,70,158730.0,21699.57126,梯形波,材料3,0.049154528
9231,70,158730.0,40110.71711,梯形波,材料3,0.061936279999999996
9232,70,158730.0,139517.5211,梯形波,材料3,0.09801327800000001
9233,70,158730.0,259742.9648,梯形波,材料3,0.1235067445
9234,70,158730.0,480008.5172,梯形波,材料3,0.1544324175
9235,70,158730.0,884760.3114,梯形波,材料3,0.19537185299999998
9236,70,158730.0,2820086.964,梯形波,材料3,0.3072050115
9237,70,199180.0,3409.630493,梯形波,材料3,0.0194106135
9238,70,199180.0,5977.370674,梯形波,材料3,0.024625960000000002
9239,70,199180.0,10457.82167,梯形波,材料3,0.031082665500000002
9240,70,199180.0,33634.95881,梯形波,材料3,0.049246545
9241,70,199180.0,62498.16168,梯形波,材料3,0.061560508
9242,70,199190.0,113434.6511,梯形波,材料3,0.0778432195
9243,70,199180.0,209069.6608,梯形波,材料3,0.0981689335
9244,70,199180.0,1264895.457,梯形波,材料3,0.195106817
9245,70,199180.0,2241509.052,梯形波,材料3,0.244258939
9246,70,251240.0,3431.485926,梯形波,材料3,0.015501290000000001
9247,70,251240.0,5995.769491,梯形波,材料3,0.019661263999999998
9248,70,251240.0,10190.24236,梯形波,材料3,0.024680905500000003
9249,70,251240.0,17925.72123,梯形波,材料3,0.031142237
9250,70,251240.0,31332.68963,梯形波,材料3,0.0392347635
9251,70,251240.0,56394.67598,梯形波,材料3,0.0489713445
9252,70,251240.0,101185.8254,梯形波,材料3,0.061947933
9253,70,251240.0,179544.9433,梯形波,材料3,0.07809425149999999
9254,70,251240.0,324959.242,梯形波,材料3,0.097521283
9255,70,251240.0,589326.3642,梯形波,材料3,0.123508393
9256,70,251240.0,1044527.927,梯形波,材料3,0.155204898
9257,70,251240.0,1844539.171,梯形波,材料3,0.1943290325
9258,70,316450.0,6348.760821,梯形波,材料3,0.015578396000000001
9259,70,316450.0,10693.98545,梯形波,材料3,0.019568378999999997
9260,70,316450.0,18233.03916,梯形波,材料3,0.024664388000000002
9261,70,316450.0,31090.82252,梯形波,材料3,0.0310560375
9262,70,316450.0,53905.5992,梯形波,材料3,0.038773924
9263,70,316450.0,93948.09268,梯形波,材料3,0.04903833
9264,70,316450.0,164053.8887,梯形波,材料3,0.061769492999999995
9265,70,316450.0,285909.7368,梯形波,材料3,0.077210719
9266,70,316450.0,510597.9739,梯形波,材料3,0.0976155
9267,70,316450.0,895178.6649,梯形波,材料3,0.1226955035
9268,70,316450.0,1549569.67,梯形波,材料3,0.153630827
9269,70,396810.0,4202.610766,梯形波,材料3,0.0098149845
9270,70,396810.0,11593.39628,梯形波,材料3,0.0156732505
9271,70,396820.0,19475.93899,梯形波,材料3,0.019795702499999998
9272,70,396810.0,32509.82145,梯形波,材料3,0.0249316355
9273,70,396810.0,54682.35695,梯形波,材料3,0.031047043
9274,70,396810.0,92445.12477,梯形波,材料3,0.039233315000000005
9275,70,396820.0,157690.8543,梯形波,材料3,0.0494873775
9276,70,396820.0,271129.1917,梯形波,材料3,0.061803773000000006
9277,70,396820.0,469589.1919,梯形波,材料3,0.0782264855
9278,70,396820.0,812604.9055,梯形波,材料3,0.09823888
9279,70,396820.0,1392005.038,梯形波,材料3,0.1230456795
9280,70,499980.0,7737.911442,梯形波,材料3,0.009868665
9281,70,499980.0,20615.23927,梯形波,材料3,0.0156712965
9282,70,499980.0,33943.34807,梯形波,材料3,0.019733068
9283,70,499980.0,55735.23733,梯形波,材料3,0.024549232
9284,70,499980.0,92955.45458,梯形波,材料3,0.0310242675
9285,70,499980.0,154538.3513,梯形波,材料3,0.0391201105
9286,70,499980.0,259092.731,梯形波,材料3,0.0488180755
9287,70,499980.0,443810.8014,梯形波,材料3,0.061786072
9288,70,499980.0,1270954.043,梯形波,材料3,0.0972519915
9289,70,49990.0,15040.37179,梯形波,材料3,0.077598616
9290,70,49990.0,29550.57116,梯形波,材料3,0.0991901045
9291,70,49990.0,55122.15433,梯形波,材料3,0.124196591
9292,70,49990.0,103331.5418,梯形波,材料3,0.1567559375
9293,70,49990.0,343576.6969,梯形波,材料3,0.24672830750000002
9294,70,63050.0,22284.48222,梯形波,材料3,0.0785369345
9295,70,63060.0,40825.83573,梯形波,材料3,0.0983591665
9296,70,63060.0,76512.50907,梯形波,材料3,0.1242881265
9297,70,63060.0,141208.3307,梯形波,材料3,0.15541643249999998
9298,70,63060.0,471390.2521,梯形波,材料3,0.2480852445
9299,90,199170.0,16130.42536,三角波,材料3,0.038912131
9300,90,199170.0,50108.00939,三角波,材料3,0.0618434595
9301,90,316450.0,2411350.244,三角波,材料3,0.1942407555
9302,90,396820.0,7147.149628,三角波,材料3,0.012353319500000001
9303,90,396820.0,11523.25871,三角波,材料3,0.0155783285
9304,90,396820.0,30097.32256,三角波,材料3,0.024488673500000002
9305,90,396820.0,83312.4747,三角波,材料3,0.038929082000000004
9306,90,396820.0,138219.6909,三角波,材料3,0.048888723499999995
9307,90,396820.0,232007.299,三角波,材料3,0.061718824000000005
9308,90,396820.0,400008.745,三角波,材料3,0.07742813949999999
9309,90,396820.0,2071767.581,三角波,材料3,0.1542662145
9310,90,499970.0,1099365.366,三角波,材料3,0.097275749
9311,90,499970.0,1860627.739,三角波,材料3,0.12236354399999999
9312,90,396820.0,7200.07482,三角波,材料3,0.012393441
9313,90,396820.0,11597.28729,三角波,材料3,0.0155891475
9314,90,396820.0,18657.669,三角波,材料3,0.019506210000000003
9315,90,396820.0,30308.40946,三角波,材料3,0.0245230995
9316,90,396820.0,49872.85255,三角波,材料3,0.031043892
9317,90,396820.0,83499.61032,三角波,材料3,0.0389302535
9318,90,396820.0,138708.5102,三角波,材料3,0.048926991
9319,90,396820.0,231986.3299,三角波,材料3,0.061721954
9320,90,396820.0,398863.0853,三角波,材料3,0.07733116749999999
9321,90,396820.0,2075073.038,三角波,材料3,0.154390231
9322,90,50060.0,6028.86814,梯形波,材料3,0.061428864
9323,90,50070.0,11572.36864,梯形波,材料3,0.0767396075
9324,90,50070.0,23685.97962,梯形波,材料3,0.09752824
9325,90,50080.0,46742.97842,梯形波,材料3,0.1218656435
9326,90,50070.0,173077.7862,梯形波,材料3,0.193902661
9327,90,50070.0,317773.6343,梯形波,材料3,0.241724034
9328,90,50070.0,566092.4657,梯形波,材料3,0.30605755349999997
9329,90,63240.0,32670.39694,梯形波,材料3,0.0962710085
9330,90,63240.0,64382.35627,梯形波,材料3,0.121580254
9331,90,63250.0,763799.99,梯形波,材料3,0.3048549105
9332,90,79410.0,3645.170497,梯形波,材料3,0.038567739000000004
9333,90,79410.0,6491.830845,梯形波,材料3,0.048123894
9334,90,79410.0,12101.83597,梯形波,材料3,0.061566287
9335,90,79420.0,23384.3083,梯形波,材料3,0.076802204
9336,90,79420.0,45978.45712,梯形波,材料3,0.0969859945
9337,90,79410.0,89726.08754,梯形波,材料3,0.1219142585
9338,90,79410.0,173022.2916,梯形波,材料3,0.151900315
9339,90,79410.0,329732.6422,梯形波,材料3,0.19267592249999999
9340,90,79410.0,1013940.115,梯形波,材料3,0.3011766865
9341,90,99980.0,2947.341716,梯形波,材料3,0.0307148265
9342,90,99980.0,5207.227862,梯形波,材料3,0.0383428425
9343,90,99980.0,17587.52137,梯形波,材料3,0.0610823585
9344,90,99980.0,33649.36758,梯形波,材料3,0.0772538565
9345,90,99980.0,65094.40825,梯形波,材料3,0.097168486
9346,90,99980.0,126102.9477,梯形波,材料3,0.120959419
9347,90,99970.0,244102.5151,梯形波,材料3,0.153321577
9348,90,99980.0,461346.4574,梯形波,材料3,0.193726439
9349,90,99980.0,813064.9801,梯形波,材料3,0.2399302245
9350,90,99980.0,1421554.566,梯形波,材料3,0.30327889399999997
9351,90,125920.0,4602.628495,梯形波,材料3,0.030500692000000003
9352,90,125920.0,8282.134223,梯形波,材料3,0.039039215
9353,90,125930.0,27376.07477,梯形波,材料3,0.061420129000000004
9354,90,125920.0,97231.98829,梯形波,材料3,0.0961348925
9355,90,125930.0,186914.374,梯形波,材料3,0.121843065
9356,90,125930.0,355488.6011,梯形波,材料3,0.154064996
9357,90,125920.0,645132.515,梯形波,材料3,0.19096717800000002
9358,90,125920.0,1161344.299,梯形波,材料3,0.241414538
9359,90,125930.0,2050018.557,梯形波,材料3,0.306054775
9360,90,158740.0,2746.877893,梯形波,材料3,0.0195146765
9361,90,158750.0,4530.309241,梯形波,材料3,0.024323139
9362,90,158750.0,7929.021515,梯形波,材料3,0.031132889000000004
9363,90,158740.0,14179.2841,梯形波,材料3,0.0386918645
9364,90,158740.0,24971.45413,梯形波,材料3,0.0488882645
9365,90,158750.0,43628.40185,梯形波,材料3,0.0614738535
9366,90,158740.0,80377.74,梯形波,材料3,0.07665068550000001
9367,90,158740.0,150354.5041,梯形波,材料3,0.09703566999999999
9368,90,158740.0,511863.115,梯形波,材料3,0.152134196
9369,90,158750.0,940486.6206,梯形波,材料3,0.1923898555
9370,90,158750.0,1688108.131,梯形波,材料3,0.24396281949999998
9371,90,199190.0,2896.780507,梯形波,材料3,0.015477646500000001
9372,90,199190.0,4709.361107,梯形波,材料3,0.019274815
9373,90,199190.0,8046.0964,梯形波,材料3,0.02456643
9374,90,199190.0,13813.49708,梯形波,材料3,0.030599024
9375,90,199190.0,23785.3143,梯形波,材料3,0.0387357065
9376,90,199190.0,40986.13554,梯形波,材料3,0.048749246499999996
9377,90,199190.0,70186.20498,梯形波,材料3,0.0605595545
9378,90,199190.0,127102.4526,梯形波,材料3,0.0767528435
9379,90,199190.0,231339.0262,梯形波,材料3,0.09690243700000001
9380,90,199190.0,413061.3529,梯形波,材料3,0.120360208
9381,90,199190.0,753270.1037,梯形波,材料3,0.152240462
9382,90,199190.0,1364756.35,梯形波,材料3,0.19285406700000002
9383,90,251240.0,3188.183885,梯形波,材料3,0.0123173165
9384,90,251240.0,5124.50911,梯形波,材料3,0.0153704965
9385,90,251240.0,8703.210484,梯形波,材料3,0.019615268999999998
9386,90,251240.0,14598.06303,梯形波,材料3,0.024409136999999997
9387,90,251240.0,40522.77237,梯形波,材料3,0.038771456
9388,90,251250.0,68673.25157,梯形波,材料3,0.048268599499999995
9389,90,251240.0,206309.23,梯形波,材料3,0.07721338450000001
9390,90,251240.0,1143334.046,梯形波,材料3,0.15358982999999998
9391,90,316460.0,3585.076226,梯形波,材料3,0.00974737
9392,90,316460.0,9361.889236,梯形波,材料3,0.015485202
9393,90,316460.0,15526.33095,梯形波,材料3,0.019286868999999998
9394,90,316460.0,25472.05741,梯形波,材料3,0.024365532000000002
9395,90,316460.0,41203.40076,梯形波,材料3,0.0306235065
9396,90,316460.0,68506.69146,梯形波,材料3,0.038176656
9397,90,316460.0,114821.9518,梯形波,材料3,0.048304587499999996
9398,90,316460.0,326124.6733,梯形波,材料3,0.07569682750000001
9399,90,316460.0,571215.5705,梯形波,材料3,0.095710587
9400,90,316460.0,998158.3121,梯形波,材料3,0.12127582049999999
9401,90,396800.0,6224.100648,梯形波,材料3,0.009780635499999999
9402,90,396800.0,10229.49518,梯形波,材料3,0.0124689435
9403,90,396810.0,16568.41551,梯形波,材料3,0.015491753
9404,90,396810.0,26901.32045,梯形波,材料3,0.019555175
9405,90,396810.0,43401.9536,梯形波,材料3,0.024593999999999998
9406,90,396800.0,69975.67233,梯形波,材料3,0.03064504
9407,90,396800.0,115895.81,梯形波,材料3,0.038800562499999997
9408,90,396810.0,313945.6286,梯形波,材料3,0.060774758
9409,90,396810.0,536523.0958,梯形波,材料3,0.0768227135
9410,90,50040.0,11168.53343,梯形波,材料3,0.0770848685
9411,90,50040.0,22452.11721,梯形波,材料3,0.096559336
9412,90,50040.0,90681.21493,梯形波,材料3,0.1542093615
9413,90,50050.0,172186.7401,梯形波,材料3,0.19398218550000002
9414,90,50040.0,315703.9152,梯形波,材料3,0.245252144
9415,90,63220.0,8592.453482,梯形波,材料3,0.0607856385
9416,90,63210.0,16360.14627,梯形波,材料3,0.07617172150000001
9417,90,63210.0,32052.92846,梯形波,材料3,0.096266867
9418,90,63220.0,63759.4193,梯形波,材料3,0.1214537175
9419,90,63210.0,124648.7244,梯形波,材料3,0.153208068
9420,90,63210.0,235054.2223,梯形波,材料3,0.193655518
9421,90,63210.0,433545.6275,梯形波,材料3,0.2442161605
9422,90,63210.0,756777.7159,梯形波,材料3,0.304144676
9423,90,79460.0,6293.650513,梯形波,材料3,0.048351239000000004
9424,90,79460.0,11135.79523,梯形波,材料3,0.060622381
9425,90,79450.0,43506.32813,梯形波,材料3,0.096806611
9426,90,79460.0,87750.69211,梯形波,材料3,0.1221312045
9427,90,79450.0,170744.7228,梯形波,材料3,0.1544140765
9428,90,79460.0,325483.7907,梯形波,材料3,0.194893945
9429,90,79460.0,584240.7243,梯形波,材料3,0.242622531
9430,90,79450.0,1017846.263,梯形波,材料3,0.30665393350000003
9431,90,99960.0,4623.322946,梯形波,材料3,0.038541938
9432,90,99970.0,8378.949136,梯形波,材料3,0.048218133499999996
9433,90,99960.0,15452.49894,梯形波,材料3,0.0610144735
9434,90,99970.0,30563.5815,梯形波,材料3,0.0770612065
9435,90,99970.0,61685.8057,梯形波,材料3,0.097032693
9436,90,99970.0,237370.3589,梯形波,材料3,0.154845599
9437,90,99970.0,443500.1324,梯形波,材料3,0.1928469685
9438,90,99970.0,809498.2793,梯形波,材料3,0.243905357
9439,90,99970.0,1415240.896,梯形波,材料3,0.3077021705
9440,90,125920.0,6770.035698,梯形波,材料3,0.0382795985
9441,90,125920.0,12404.28866,梯形波,材料3,0.0483446705
9442,90,125920.0,22880.32831,梯形波,材料3,0.061058045500000005
9443,90,125930.0,46173.43474,梯形波,材料3,0.0769850655
9444,90,125920.0,89788.55831,梯形波,材料3,0.0973548715
9445,90,125920.0,175218.6749,梯形波,材料3,0.1228076795
9446,90,125920.0,332808.3331,梯形波,材料3,0.1529168395
9447,90,125920.0,625831.807,梯形波,材料3,0.193420512
9448,90,125920.0,1138215.082,梯形波,材料3,0.2440967085
9449,90,125920.0,1951302.773,梯形波,材料3,0.30420144400000004
9450,90,158730.0,3641.303919,梯形波,材料3,0.024313468499999998
9451,90,158730.0,6166.308075,梯形波,材料3,0.0304565675
9452,90,158730.0,10951.3318,梯形波,材料3,0.038473056500000005
9453,90,158730.0,20078.86782,梯形波,材料3,0.0486845005
9454,90,158730.0,71428.60606,梯形波,材料3,0.077438507
9455,90,158730.0,486348.6694,梯形波,材料3,0.153816263
9456,90,158730.0,1602810.496,梯形波,材料3,0.242130971
9457,90,158730.0,2795359.332,梯形波,材料3,0.3057322765
9458,90,199190.0,3718.675811,梯形波,材料3,0.0193717665
9459,90,199180.0,6206.779819,梯形波,材料3,0.024277644
9460,90,199190.0,10661.77005,梯形波,材料3,0.0307853415
9461,90,199180.0,34441.24439,梯形波,材料3,0.048762909
9462,90,199190.0,61363.74533,梯形波,材料3,0.061672028000000004
9463,90,199190.0,113708.1756,梯形波,材料3,0.0778371215
9464,90,199190.0,209297.3339,梯形波,材料3,0.0968480015
9465,90,199190.0,390251.7613,梯形波,材料3,0.12255598749999999
9466,90,199190.0,723121.0458,梯形波,材料3,0.154464811
9467,90,251240.0,4120.697929,梯形波,材料3,0.015437189
9468,90,251240.0,6754.648747,梯形波,材料3,0.019306029000000002
9469,90,251240.0,11483.21632,梯形波,材料3,0.0245387735
9470,90,251240.0,19252.3953,梯形波,材料3,0.030873452500000002
9471,90,251240.0,34008.67624,梯形波,材料3,0.0387548135
9472,90,251240.0,59244.24152,梯形波,材料3,0.0491275665
9473,90,251240.0,102358.1671,梯形波,材料3,0.061878107
9474,90,251240.0,182217.6689,梯形波,材料3,0.07695252450000001
9475,90,251240.0,331925.8042,梯形波,材料3,0.097376732
9476,90,251240.0,601203.2322,梯形波,材料3,0.12284880949999999
9477,90,251240.0,1069102.061,梯形波,材料3,0.15335184699999999
9478,90,251240.0,1920016.392,梯形波,材料3,0.1938449835
9479,90,316450.0,4570.01667,梯形波,材料3,0.012280929
9480,90,316450.0,7493.092172,梯形波,材料3,0.0154095725
9481,90,316450.0,20544.07985,梯形波,材料3,0.0245768785
9482,90,316450.0,100071.3616,梯形波,材料3,0.0491932285
9483,90,316450.0,168344.5344,梯形波,材料3,0.0611770145
9484,90,316460.0,529449.9371,梯形波,材料3,0.0976122275
9485,90,316450.0,921311.2713,梯形波,材料3,0.121987913
9486,90,316450.0,1627902.524,梯形波,材料3,0.1541436645
9487,90,396810.0,5047.93033,梯形波,材料3,0.009733628
9488,90,396810.0,8005.305675,梯形波,材料3,0.0121708915
9489,90,396810.0,13097.75354,梯形波,材料3,0.015393924
9490,90,396810.0,21606.61585,梯形波,材料3,0.0194693145
9491,90,396810.0,59249.01613,梯形波,材料3,0.0309446975
9492,90,396810.0,98179.29765,梯形波,材料3,0.038922299
9493,90,396810.0,162705.1149,梯形波,材料3,0.0483569805
9494,90,396810.0,273739.762,梯形波,材料3,0.061152480999999995
9495,90,396810.0,475579.3231,梯形波,材料3,0.0771879905
9496,90,396810.0,816419.1957,梯形波,材料3,0.09635397200000001
9497,90,499980.0,8676.245139,梯形波,材料3,0.009687813
9498,90,499980.0,14107.69944,梯形波,材料3,0.012270289
9499,90,499980.0,22738.08084,梯形波,材料3,0.01546697
9500,90,499980.0,60666.59629,梯形波,材料3,0.024526059500000003
9501,90,499980.0,98736.29928,梯形波,材料3,0.030924793
9502,90,499980.0,161383.9256,梯形波,材料3,0.038437189499999996
9503,90,499980.0,448642.0565,梯形波,材料3,0.061277827
9504,90,499980.0,754927.8775,梯形波,材料3,0.0764984515
9505,90,50020.0,11654.66508,梯形波,材料3,0.077228664
9506,90,50020.0,24474.64473,梯形波,材料3,0.097893875
9507,90,50020.0,48984.59841,梯形波,材料3,0.1230801715
9508,90,50020.0,180378.1149,梯形波,材料3,0.194994546
9509,90,50020.0,322558.2019,梯形波,材料3,0.24434117849999998
9510,90,50020.0,564168.5997,梯形波,材料3,0.308639545
9511,90,63150.0,9028.901075,梯形波,材料3,0.0612035215
9512,90,63150.0,17686.56091,梯形波,材料3,0.07762219249999999
9513,90,63150.0,34376.68497,梯形波,材料3,0.0973490005
9514,90,63150.0,68510.42242,梯形波,材料3,0.123142215
9515,90,63150.0,132396.9856,梯形波,材料3,0.154833482
9516,90,63150.0,247321.6443,梯形波,材料3,0.194129999
9517,90,63150.0,447634.0,梯形波,材料3,0.245111318
9518,90,79500.0,6433.394336,梯形波,材料3,0.048556064999999995
9519,90,79500.0,11894.21243,梯形波,材料3,0.0614742635
9520,90,79500.0,176351.906,梯形波,材料3,0.1541037545
9521,90,79500.0,332087.8622,梯形波,材料3,0.1946944115
9522,90,79500.0,603175.2242,梯形波,材料3,0.2454546615
9523,90,79500.0,1054480.142,梯形波,材料3,0.306803928
9524,90,99950.0,4738.104583,梯形波,材料3,0.038609267
9525,90,99950.0,16028.65068,梯形波,材料3,0.061574383499999996
9526,90,99950.0,31313.23282,梯形波,材料3,0.0776314865
9527,90,99950.0,62686.95681,梯形波,材料3,0.09773686449999999
9528,90,99950.0,124609.9432,梯形波,材料3,0.1225430735
9529,90,99950.0,242969.8989,梯形波,材料3,0.15496715649999998
9530,90,99950.0,830896.1403,梯形波,材料3,0.24423542850000002
9531,90,125920.0,6891.517147,梯形波,材料3,0.0388558435
9532,90,125910.0,23189.48335,梯形波,材料3,0.0615551025
9533,90,125920.0,45257.58868,梯形波,材料3,0.077653024
9534,90,125920.0,90348.6787,梯形波,材料3,0.09718566149999999
9535,90,125920.0,644174.2493,梯形波,材料3,0.193771004
9536,90,125910.0,1165644.098,梯形波,材料3,0.2450788485
9537,90,125920.0,2017956.446,梯形波,材料3,0.308193524
9538,90,158730.0,3413.644416,梯形波,材料3,0.024399201500000002
9539,90,158730.0,5889.215157,梯形波,材料3,0.030907213500000003
9540,90,158730.0,10612.66826,梯形波,材料3,0.038918397
9541,90,158730.0,35777.04298,梯形波,材料3,0.0618249355
9542,90,158730.0,260395.6594,梯形波,材料3,0.1233372595
9543,90,158730.0,926900.7568,梯形波,材料3,0.19514728599999998
9544,90,158730.0,1655498.408,梯形波,材料3,0.2452945745
9545,90,158730.0,2851072.413,梯形波,材料3,0.306654012
9546,90,199180.0,3385.406448,梯形波,材料3,0.019397051
9547,90,199180.0,5838.395508,梯形波,材料3,0.024596459
9548,90,199180.0,9970.255772,梯形波,材料3,0.030961614499999998
9549,90,199180.0,17790.41549,梯形波,材料3,0.039004661499999996
9550,90,199190.0,31851.71087,梯形波,材料3,0.049155787
9551,90,199180.0,58764.61918,梯形波,材料3,0.061469482000000006
9552,90,199180.0,110558.3378,梯形波,材料3,0.07779596899999999
9553,90,199180.0,207683.7263,梯形波,材料3,0.098008265
9554,90,199180.0,1328971.276,梯形波,材料3,0.19492595000000001
9555,90,251240.0,3728.663892,梯形波,材料3,0.015440057
9556,90,251240.0,6388.095208,梯形波,材料3,0.019608716999999998
9557,90,251240.0,10647.18484,梯形波,材料3,0.024640632000000003
9558,90,251240.0,18090.67092,梯形波,材料3,0.031088047
9559,90,251240.0,31349.751,梯形波,材料3,0.0391607135
9560,90,251240.0,98473.11591,梯形波,材料3,0.061877439
9561,90,251240.0,178711.7393,梯形波,材料3,0.0780056135
9562,90,251240.0,326935.1416,梯形波,材料3,0.09746051550000001
9563,90,251240.0,1085017.971,梯形波,材料3,0.155055131
9564,90,316450.0,6897.121717,梯形波,材料3,0.0155131275
9565,90,316450.0,11349.87113,梯形波,材料3,0.0195012395
9566,90,316450.0,18954.20516,梯形波,材料3,0.024621563
9567,90,316450.0,31586.9754,梯形波,材料3,0.030993166000000003
9568,90,316450.0,54465.8564,梯形波,材料3,0.0387575395
9569,90,316450.0,93521.09758,梯形波,材料3,0.0489084585
9570,90,316450.0,161411.4109,梯形波,材料3,0.061695248
9571,90,316450.0,514187.4637,梯形波,材料3,0.097450004
9572,90,316450.0,908374.3942,梯形波,材料3,0.122564832
9573,90,316450.0,1600728.241,梯形波,材料3,0.1534747245
9574,90,396810.0,7586.615726,梯形波,材料3,0.0124630995
9575,90,396810.0,12372.97048,梯形波,材料3,0.015683804
9576,90,396810.0,20367.33075,梯形波,材料3,0.019779327
9577,90,396820.0,33336.96706,梯形波,材料3,0.024859282500000003
9578,90,396820.0,55374.74878,梯形波,材料3,0.031020146999999998
9579,90,396810.0,157877.9021,梯形波,材料3,0.0494241355
9580,90,396810.0,267162.907,梯形波,材料3,0.0617235315
9581,90,396810.0,469529.9425,梯形波,材料3,0.078029653
9582,90,396810.0,817869.7747,梯形波,材料3,0.0981364495
9583,90,396820.0,1406702.033,梯形波,材料3,0.122880906
9584,90,499980.0,8214.334914,梯形波,材料3,0.0098563035
9585,90,499980.0,13158.71733,梯形波,材料3,0.012387581500000001
9586,90,499980.0,21478.74602,梯形波,材料3,0.0156532735
9587,90,499980.0,34898.38795,梯形波,材料3,0.0196851585
9588,90,499980.0,56859.91641,梯形波,材料3,0.02454183
9589,90,499980.0,93201.38415,梯形波,材料3,0.03101043
9590,90,499980.0,154957.6858,梯形波,材料3,0.039069556000000005
9591,90,499980.0,435921.0286,梯形波,材料3,0.0617004085
9592,90,499980.0,746484.7192,梯形波,材料3,0.077615504
9593,90,499980.0,1269422.622,梯形波,材料3,0.0970969505
9594,90,50000.0,13426.66865,梯形波,材料3,0.077656512
9595,90,49990.0,107169.6605,梯形波,材料3,0.15664606250000002
9596,90,49990.0,200089.3081,梯形波,材料3,0.19603512750000002
9597,90,50000.0,354652.4984,梯形波,材料3,0.2464756435
9598,90,49990.0,606248.2132,梯形波,材料3,0.31259226100000004
9599,90,63060.0,10183.57646,梯形波,材料3,0.0614575255
9600,90,63060.0,20075.54186,梯形波,材料3,0.078557458
9601,25,50020.0,2525.795337,正弦波,材料4,0.025903139999999998
9602,25,50020.0,4427.524958,正弦波,材料4,0.0319066725
9603,25,50020.0,5780.576037,正弦波,材料4,0.0355371395
9604,25,50020.0,10983.4126,正弦波,材料4,0.045627122
9605,25,50020.0,14526.68568,正弦波,材料4,0.051012638
9606,25,50020.0,18844.59334,正弦波,材料4,0.056374831
9607,25,50020.0,25277.2595,正弦波,材料4,0.0636072915
9608,25,50020.0,32708.86696,正弦波,材料4,0.07080453549999999
9609,25,56320.0,2358.08245,正弦波,材料4,0.0234127895
9610,25,56320.0,2931.161116,正弦波,材料4,0.0250969035
9611,25,56320.0,3834.543648,正弦波,材料4,0.0279754625
9612,25,56320.0,5187.405328,正弦波,材料4,0.031559911999999996
9613,25,56320.0,7049.891568,正弦波,材料4,0.035741679
9614,25,56320.0,12314.76721,正弦波,材料4,0.044896726
9615,25,56320.0,16283.28276,正弦波,材料4,0.050036449
9616,25,56320.0,21517.79544,正弦波,材料4,0.0560756375
9617,25,56320.0,28651.93991,正弦波,材料4,0.0632040205
9618,25,56320.0,36954.31168,正弦波,材料4,0.07035420349999999
9619,25,56320.0,62212.71414,正弦波,材料4,0.08802860800000001
9620,25,63020.0,2368.167996,正弦波,材料4,0.0222857995
9621,25,63020.0,3210.217952,正弦波,材料4,0.025105647000000002
9622,25,63020.0,5905.607142,正弦波,材料4,0.0318100235
9623,25,63020.0,7949.919573,正弦波,材料4,0.035805478
9624,25,63020.0,10694.99524,正弦波,材料4,0.040355555
9625,25,63020.0,24769.0296,正弦波,材料4,0.056649632
9626,25,63020.0,32242.54515,正弦波,材料4,0.0631452355
9627,25,63020.0,55018.15883,正弦波,材料4,0.079237637
9628,25,63030.0,94000.05852,正弦波,材料4,0.09990333600000001
9629,25,70840.0,1483.807827,正弦波,材料4,0.0181952395
9630,25,70830.0,6680.186414,正弦波,材料4,0.0318152015
9631,25,70840.0,11906.01335,正弦波,材料4,0.039902559500000004
9632,25,70840.0,20951.22762,正弦波,材料4,0.050223314
9633,25,70840.0,47751.87072,正弦波,材料4,0.0705849085
9634,25,70840.0,63801.52671,正弦波,材料4,0.07973242
9635,25,70840.0,106342.9168,正弦波,材料4,0.099320215
9636,25,79470.0,1666.618794,正弦波,材料4,0.017987031
9637,25,79460.0,2101.78054,正弦波,材料4,0.0197076245
9638,25,79460.0,2963.224939,正弦波,材料4,0.022394653
9639,25,79460.0,5505.247899,正弦波,材料4,0.0282934255
9640,25,79460.0,7493.457734,正弦波,材料4,0.031793391
9641,25,79460.0,13186.28828,正弦波,材料4,0.039704529
9642,25,79460.0,17535.64671,正弦波,材料4,0.04452944
9643,25,79460.0,23434.88172,正弦波,材料4,0.0501025435
9644,25,79460.0,31306.49834,正弦波,材料4,0.056326823
9645,25,79460.0,54833.04468,正弦波,材料4,0.0709108605
9646,25,79460.0,72324.76417,正弦波,材料4,0.0796005375
9647,25,79460.0,95415.8528,正弦波,材料4,0.0891518415
9648,25,79460.0,117359.0135,正弦波,材料4,0.097878866
9649,25,79460.0,156518.723,正弦波,材料4,0.110585397
9650,25,89080.0,1719.05603,正弦波,材料4,0.017520107
9651,25,89080.0,2402.430665,正弦波,材料4,0.0197789465
9652,25,89080.0,4621.54849,正弦波,材料4,0.025256349999999997
9653,25,89080.0,6259.548425,正弦波,材料4,0.028289745499999998
9654,25,89090.0,8282.992066,正弦波,材料4,0.031449412
9655,25,89090.0,15020.31185,正弦波,材料4,0.039707449
9656,25,89090.0,47785.87916,正弦波,材料4,0.06330619800000001
9657,25,89090.0,82036.11567,正弦波,材料4,0.078899474
9658,25,99950.0,1490.157037,正弦波,材料4,0.015833969
9659,25,99950.0,1917.512188,正弦波,材料4,0.017480829
9660,25,99950.0,3701.310433,正弦波,材料4,0.0222381875
9661,25,99950.0,6772.530394,正弦波,材料4,0.027736451
9662,25,99950.0,9186.977414,正弦波,材料4,0.0312944245
9663,25,99950.0,12166.09512,正弦波,材料4,0.034921156499999995
9664,25,99950.0,16631.76528,正弦波,材料4,0.039397151000000005
9665,25,99950.0,22011.65677,正弦波,材料4,0.044034102500000005
9666,25,99950.0,29888.95976,正弦波,材料4,0.0497265305
9667,25,99950.0,71060.34314,正弦波,材料4,0.070091973
9668,25,99950.0,88256.39193,正弦波,材料4,0.0768107895
9669,25,99950.0,155558.4301,正弦波,材料4,0.0978248325
9670,25,99950.0,261995.6204,正弦波,材料4,0.1218545265
9671,25,112160.0,1581.900836,正弦波,材料4,0.0156683555
9672,25,112160.0,4219.926955,正弦波,材料4,0.022302218
9673,25,112160.0,5622.090825,正弦波,材料4,0.024788644999999998
9674,25,112160.0,13926.12489,正弦波,材料4,0.0350005335
9675,25,112160.0,19175.54026,正弦波,材料4,0.039586870499999996
9676,25,112160.0,34516.4944,正弦波,材料4,0.0498907465
9677,25,112160.0,46372.68437,正弦波,材料4,0.056030394
9678,25,112160.0,62396.39731,正弦波,材料4,0.0626688755
9679,25,112160.0,106758.283,正弦波,材料4,0.0783258515
9680,25,112160.0,137572.8908,正弦波,材料4,0.0871037935
9681,25,112160.0,182841.5251,正弦波,材料4,0.0984825175
9682,25,112160.0,235673.497,正弦波,材料4,0.1095507775
9683,25,125860.0,1766.241526,正弦波,材料4,0.0155539125
9684,25,125860.0,4670.792394,正弦波,材料4,0.022026603
9685,25,125860.0,6436.356958,正弦波,材料4,0.024780986499999998
9686,25,125860.0,11941.69855,正弦波,材料4,0.031306207
9687,25,125860.0,16071.5249,正弦波,材料4,0.03509033
9688,25,125860.0,22093.25058,正弦波,材料4,0.0396241715
9689,25,125860.0,29941.48484,正弦波,材料4,0.0445931515
9690,25,125860.0,54180.25231,正弦波,材料4,0.0558253795
9691,25,125860.0,69515.09617,正弦波,材料4,0.061761577
9692,25,125860.0,121527.8533,正弦波,材料4,0.07774125100000001
9693,25,125860.0,351151.9819,正弦波,材料4,0.120631403
9694,25,141260.0,1500.492568,正弦波,材料4,0.0139831765
9695,25,141260.0,2076.411932,正弦波,材料4,0.015676848
9696,25,141270.0,2872.163982,正弦波,材料4,0.017628452000000003
9697,25,141260.0,3916.527592,正弦波,材料4,0.019710097500000003
9698,25,141260.0,18587.69819,正弦波,材料4,0.035200133999999994
9699,25,141260.0,25742.97147,正弦波,材料4,0.039763278
9700,25,141260.0,34442.10729,正弦波,材料4,0.044509508
9701,25,141260.0,47117.09694,正弦波,材料4,0.0497781425
9702,25,141260.0,61611.15987,正弦波,材料4,0.055452328499999995
9703,25,141260.0,82386.05469,正弦波,材料4,0.0622207905
9704,25,141260.0,107447.8944,正弦波,材料4,0.06940943299999999
9705,25,141260.0,190066.4537,正弦波,材料4,0.08788453099999999
9706,25,158500.0,960.6041961,正弦波,材料4,0.011003085999999999
9707,25,158500.0,1304.817186,正弦波,材料4,0.0124169025
9708,25,158500.0,2423.358763,正弦波,材料4,0.015753778
9709,25,158500.0,3244.397103,正弦波,材料4,0.017487255
9710,25,158500.0,8352.685341,正弦波,材料4,0.024669137
9711,25,158500.0,11696.82591,正弦波,材料4,0.027932134
9712,25,158500.0,15812.57433,正弦波,材料4,0.031291387000000004
9713,25,158500.0,21807.25701,正弦波,材料4,0.035312784
9714,25,158500.0,96037.4381,正弦波,材料4,0.0622201125
9715,25,158500.0,377284.4662,正弦波,材料4,0.1092398705
9716,25,177820.0,1126.503193,正弦波,材料4,0.011047871
9717,25,177820.0,1549.723788,正弦波,材料4,0.012464636500000001
9718,25,177820.0,3763.202029,正弦波,材料4,0.017537907
9719,25,177820.0,9842.381205,正弦波,材料4,0.0248228505
9720,25,177820.0,13456.5026,正弦波,材料4,0.027843984500000002
9721,25,177820.0,18599.79257,正弦波,材料4,0.031397444
9722,25,177820.0,25269.79363,正弦波,材料4,0.0352708365
9723,25,177820.0,35799.27968,正弦波,材料4,0.0396221435
9724,25,177820.0,46438.57438,正弦波,材料4,0.043867951
9725,25,177820.0,83965.54501,正弦波,材料4,0.0554128865
9726,25,177820.0,198046.1364,正弦波,材料4,0.07760961899999999
9727,25,177820.0,255474.2526,正弦波,材料4,0.086380899
9728,25,177820.0,337543.8407,正弦波,材料4,0.097531971
9729,25,199500.0,1447.652109,正弦波,材料4,0.0113360535
9730,25,199500.0,4419.113482,正弦波,材料4,0.017429609999999998
9731,25,199500.0,6162.634842,正弦波,材料4,0.019662502499999998
9732,25,199500.0,11539.78477,正弦波,材料4,0.0247905605
9733,25,223860.0,1876.831789,正弦波,材料4,0.01169268
9734,25,223850.0,2812.802962,正弦波,材料4,0.013914085
9735,25,223850.0,5300.202299,正弦波,材料4,0.017538131499999998
9736,25,223860.0,7264.886448,正弦波,材料4,0.019706409
9737,25,223850.0,9994.801523,正弦波,材料4,0.0221279395
9738,25,223850.0,18890.7135,正弦波,材料4,0.02795851
9739,25,223850.0,34966.44258,正弦波,材料4,0.034761304
9740,25,223850.0,48082.93473,正弦波,材料4,0.0392128155
9741,25,223850.0,87405.11658,正弦波,材料4,0.0494437085
9742,25,223850.0,119523.7163,正弦波,材料4,0.055863588500000005
9743,25,223850.0,271896.1544,正弦波,材料4,0.0773812305
9744,25,251170.0,2606.000786,正弦波,材料4,0.012340595
9745,25,251170.0,4624.752201,正弦波,材料4,0.015510148000000001
9746,25,251170.0,8750.603579,正弦波,材料4,0.0196995565
9747,25,251170.0,12022.14993,正弦波,材料4,0.0221492035
9748,25,251170.0,16506.76185,正弦波,材料4,0.02488825
9749,25,251170.0,23231.55543,正弦波,材料4,0.027823096
9750,25,251170.0,30726.6807,正弦波,材料4,0.030979844
9751,25,251170.0,56666.6202,正弦波,材料4,0.039133783000000005
9752,25,251170.0,77531.57586,正弦波,材料4,0.044087564499999995
9753,25,251170.0,243093.4097,正弦波,材料4,0.0688124225
9754,25,281850.0,4156.570373,正弦波,材料4,0.013833446
9755,25,281850.0,7740.407464,正弦波,材料4,0.017531329
9756,25,281850.0,36672.12798,正弦波,材料4,0.030988019999999998
9757,25,281860.0,50077.14119,正弦波,材料4,0.034902107
9758,25,281850.0,92180.85462,正弦波,材料4,0.044020176
9759,25,281850.0,163017.4754,正弦波,材料4,0.0544782915
9760,25,281850.0,219196.5696,正弦波,材料4,0.0614074965
9761,25,316230.0,4056.323866,正弦波,材料4,0.0125033365
9762,25,316230.0,3956.614345,正弦波,材料4,0.012402405
9763,25,316230.0,5123.22227,正弦波,材料4,0.013891626
9764,25,316230.0,18087.86142,正弦波,材料4,0.022042993
9765,25,316230.0,24122.70595,正弦波,材料4,0.0245736455
9766,25,316230.0,44903.03302,正弦波,材料4,0.031192079999999997
9767,25,316230.0,146425.2775,正弦波,材料4,0.0485951335
9768,25,316230.0,199796.1429,正弦波,材料4,0.05499279
9769,25,354820.0,5285.696708,正弦波,材料4,0.012720309999999999
9770,25,354820.0,4927.295924,正弦波,材料4,0.012382119
9771,25,354820.0,6575.801225,正弦波,材料4,0.013919797000000001
9772,25,354820.0,8635.369559,正弦波,材料4,0.015624598
9773,25,354820.0,16405.62203,正弦波,材料4,0.019628107
9774,25,354820.0,29310.69303,正弦波,材料4,0.024549573999999998
9775,25,354820.0,39770.13086,正弦波,材料4,0.027600245500000002
9776,25,354820.0,54353.1503,正弦波,材料4,0.0311135295
9777,25,354820.0,73446.31274,正弦波,材料4,0.0349371745
9778,25,398100.0,6753.258447,正弦波,材料4,0.012881707499999999
9779,25,398100.0,8365.005888,正弦波,材料4,0.013961616
9780,25,398100.0,10909.61126,正弦波,材料4,0.015675203
9781,25,398100.0,26965.31595,正弦波,材料4,0.0219219205
9782,25,398100.0,36715.2657,正弦波,材料4,0.0247211705
9783,25,398100.0,49610.18134,正弦波,材料4,0.027724979
9784,25,398100.0,119793.6301,正弦波,材料4,0.0386938925
9785,25,398100.0,163090.2459,正弦波,材料4,0.043577068
9786,25,446690.0,10607.24676,正弦波,材料4,0.0139403455
9787,25,446680.0,25054.50138,正弦波,材料4,0.019522931
9788,25,446690.0,33535.77772,正弦波,材料4,0.0218862135
9789,50,50020.0,1299.219583,正弦波,材料4,0.0240843175
9790,50,50020.0,1398.015573,正弦波,材料4,0.0249735
9791,50,50020.0,1985.311379,正弦波,材料4,0.028057719000000002
9792,50,50030.0,2686.567479,正弦波,材料4,0.031662325000000005
9793,50,50020.0,3558.270114,正弦波,材料4,0.035363311
9794,50,50020.0,4810.923112,正弦波,材料4,0.039837312
9795,50,50020.0,6609.411984,正弦波,材料4,0.045026407500000004
9796,50,50020.0,8736.665808,正弦波,材料4,0.0502589495
9797,50,50020.0,15692.08635,正弦波,材料4,0.06319738
9798,50,50020.0,20493.10891,正弦波,材料4,0.0703110065
9799,50,50020.0,27127.53961,正弦波,材料4,0.07871468400000001
9800,50,50020.0,35999.3999,正弦波,材料4,0.08830603749999999
9801,50,50020.0,62521.06426,正弦波,材料4,0.11073688500000001
9802,50,56320.0,1337.81093,正弦波,材料4,0.02266639
9803,50,56310.0,3148.273956,正弦波,材料4,0.03143602
9804,50,56320.0,4241.188262,正弦波,材料4,0.035334253499999996
9805,50,56320.0,5725.199972,正弦波,材料4,0.039870791
9806,50,56320.0,7607.528847,正弦波,材料4,0.044744302
9807,50,56320.0,13371.21062,正弦波,材料4,0.0559184285
9808,50,56320.0,17611.31513,正弦波,材料4,0.0624732815
9809,50,56320.0,54327.80859,正弦波,材料4,0.0987232985
9810,50,56310.0,93224.21041,正弦波,材料4,0.1229731525
9811,50,63020.0,1093.756353,正弦波,材料4,0.020091578
9812,50,63020.0,1451.669744,正弦波,材料4,0.022251283
9813,50,63020.0,1926.351332,正弦波,材料4,0.024794894499999998
9814,50,63020.0,3554.625219,正弦波,材料4,0.0315146555
9815,50,63020.0,4795.530547,正弦波,材料4,0.035421304
9816,50,63020.0,8428.115295,正弦波,材料4,0.0443067155
9817,50,63020.0,11119.83853,正弦波,材料4,0.049533512
9818,50,63020.0,14966.01673,正弦波,材料4,0.055739767499999995
9819,50,63020.0,26839.05032,正弦波,材料4,0.0703745505
9820,50,63020.0,35489.2086,正弦波,材料4,0.0787728065
9821,50,63030.0,47366.27588,正弦波,材料4,0.088526614
9822,50,63020.0,82576.98227,正弦波,材料4,0.1109004975
9823,50,70840.0,888.7669039,正弦波,材料4,0.017807802499999997
9824,50,70840.0,1211.120133,正弦波,材料4,0.0197657215
9825,50,70830.0,1618.758847,正弦波,材料4,0.0220808625
9826,50,70840.0,2191.946792,正弦波,材料4,0.024895091
9827,50,70840.0,4089.373361,正弦波,材料4,0.0315924595
9828,50,70840.0,5491.887392,正弦波,材料4,0.0354671455
9829,50,70840.0,17034.69048,正弦波,材料4,0.0556701035
9830,50,70840.0,30705.38916,正弦波,材料4,0.0702975485
9831,50,70840.0,72382.91389,正弦波,材料4,0.098984938
9832,50,70830.0,93325.12307,正弦波,材料4,0.1095202805
9833,50,70840.0,124457.2925,正弦波,材料4,0.1233237285
9834,50,70830.0,159161.2775,正弦波,材料4,0.136067535
9835,50,79460.0,988.5795154,正弦波,材料4,0.017607657999999998
9836,50,79460.0,1790.252746,正弦波,材料4,0.0221133505
9837,50,79460.0,2443.528351,正弦波,材料4,0.0249137135
9838,50,79460.0,3327.687857,正弦波,材料4,0.028029615
9839,50,79460.0,4526.826983,正弦波,材料4,0.031467515
9840,50,79470.0,5991.405911,正弦波,材料4,0.035061527999999995
9841,50,79460.0,10927.65467,正弦波,材料4,0.0444793425
9842,50,79460.0,35430.02344,正弦波,材料4,0.0706021355
9843,50,79460.0,62140.92994,正弦波,材料4,0.08817057
9844,50,79460.0,143788.09,正弦波,材料4,0.1234909135
9845,50,79460.0,185466.0391,正弦波,材料4,0.136401043
9846,50,89080.0,836.0171372,正弦波,材料4,0.0156616575
9847,50,89080.0,2792.506675,正弦波,材料4,0.0249386335
9848,50,89080.0,3818.370518,正弦波,材料4,0.028079220000000002
9849,50,89080.0,6851.895607,正弦波,材料4,0.035186058
9850,50,89080.0,9129.080664,正弦波,材料4,0.0393924715
9851,50,89080.0,16401.68417,正弦波,材料4,0.049542232000000005
9852,50,89090.0,22046.18265,正弦波,材料4,0.0556215345
9853,50,89090.0,69393.14713,正弦波,材料4,0.0868121615
9854,50,89090.0,92875.10243,正弦波,材料4,0.0974622205
9855,50,89090.0,122673.8953,正弦波,材料4,0.10892574199999999
9856,50,99950.0,973.7818892,正弦波,材料4,0.0157130615
9857,50,99950.0,1224.660532,正弦波,材料4,0.017552654
9858,50,99950.0,1643.571556,正弦波,材料4,0.0195959415
9859,50,99950.0,3137.511057,正弦波,材料4,0.024875497
9860,50,99950.0,4155.619808,正弦波,材料4,0.0276694965
9861,50,99950.0,5595.303543,正弦波,材料4,0.0310210645
9862,50,99950.0,7596.579748,正弦波,材料4,0.034896435
9863,50,99950.0,13819.34605,正弦波,材料4,0.044029425
9864,50,99950.0,18719.7221,正弦波,材料4,0.049524478
9865,50,99950.0,25398.54047,正弦波,材料4,0.0556575025
9866,50,99950.0,33951.36353,正弦波,材料4,0.062216863
9867,50,99950.0,46641.33734,正弦波,材料4,0.069877634
9868,50,99950.0,59795.13006,正弦波,材料4,0.0771393555
9869,50,99950.0,107734.0556,正弦波,材料4,0.09750708350000001
9870,50,99950.0,141558.01,正弦波,材料4,0.10858841350000001
9871,50,99950.0,188023.9183,正弦波,材料4,0.1217448975
9872,50,99950.0,419140.3155,正弦波,材料4,0.1658615505
9873,50,112150.0,1903.794225,正弦波,材料4,0.019700943999999998
9874,50,112160.0,2607.671679,正弦波,材料4,0.02214196
9875,50,112160.0,3472.788134,正弦波,材料4,0.024629766
9876,50,112160.0,4741.084064,正弦波,材料4,0.027691503
9877,50,112160.0,6363.955178,正弦波,材料4,0.030976550999999998
9878,50,112160.0,11829.43053,正弦波,材料4,0.03930599
9879,50,112160.0,21957.91259,正弦波,材料4,0.04971869
9880,50,112160.0,29642.75762,正弦波,材料4,0.0557805725
9881,50,112160.0,70548.84659,正弦波,材料4,0.07758588350000001
9882,50,112160.0,129581.8358,正弦波,材料4,0.098571511
9883,50,112160.0,168536.8885,正弦波,材料4,0.10938213150000001
9884,50,112160.0,221064.1691,正弦波,材料4,0.120880132
9885,50,112160.0,288977.1968,正弦波,材料4,0.1344560665
9886,50,112160.0,376315.3855,正弦波,材料4,0.1494238135
9887,50,125860.0,914.8212901,正弦波,材料4,0.0138723435
9888,50,125860.0,1609.944027,正弦波,材料4,0.017546511
9889,50,125860.0,2221.631435,正弦波,材料4,0.019715286999999998
9890,50,125850.0,2969.773281,正弦波,材料4,0.022012102
9891,50,125850.0,4043.141077,正弦波,材料4,0.0247036935
9892,50,125860.0,5496.183219,正弦波,材料4,0.027743383
9893,50,125860.0,13565.05913,正弦波,材料4,0.0391639185
9894,50,125850.0,25436.6022,正弦波,材料4,0.049689539500000005
9895,50,125860.0,34964.14077,正弦波,材料4,0.0555606275
9896,50,125850.0,45476.47656,正弦波,材料4,0.061385788499999996
9897,50,125850.0,198615.0116,正弦波,材料4,0.108428234
9898,50,125850.0,255817.9545,正弦波,材料4,0.1203238095
9899,50,125860.0,343834.7292,正弦波,材料4,0.13530505650000002
9900,50,141260.0,2505.18737,正弦波,材料4,0.019604198500000003
9901,50,141260.0,4739.26438,正弦波,材料4,0.0247748135
9902,50,141260.0,6395.709476,正弦波,材料4,0.027776369500000002
9903,50,141260.0,8590.413062,正弦波,材料4,0.0310466685
9904,50,141260.0,11887.96602,正弦波,材料4,0.0350836905
9905,50,141260.0,16145.34462,正弦波,材料4,0.039475291
9906,50,141260.0,30622.48899,正弦波,材料4,0.049583817
9907,50,141260.0,54589.46084,正弦波,材料4,0.0619530205
9908,50,141260.0,73342.96412,正弦波,材料4,0.06951984850000001
9909,50,141260.0,99348.44855,正弦波,材料4,0.078184318
9910,50,141260.0,135296.4185,正弦波,材料4,0.08831113
9911,50,141260.0,177462.1571,正弦波,材料4,0.097272656
9912,50,141260.0,231826.6965,正弦波,材料4,0.108585546
9913,50,158500.0,920.6728312,正弦波,材料4,0.0123700365
9914,50,158500.0,1261.493523,正弦波,材料4,0.013948317500000001
9915,50,158500.0,1714.49092,正弦波,材料4,0.0157088865
9916,50,158500.0,2183.338074,正弦波,材料4,0.0174788635
9917,50,158500.0,5526.401257,正弦波,材料4,0.024788646499999997
9918,50,158500.0,18857.48663,正弦波,材料4,0.039370136
9919,50,158500.0,47953.03261,正弦波,材料4,0.055284018500000004
9920,50,158500.0,157566.3857,正弦波,材料4,0.086808649
9921,50,158500.0,276763.5255,正弦波,材料4,0.108621718
9922,50,177820.0,921.7414954,正弦波,材料4,0.0115553155
9923,50,177820.0,1111.82834,正弦波,材料4,0.012447491
9924,50,177820.0,1504.356508,正弦波,材料4,0.013999527
9925,50,177820.0,1970.678742,正弦波,材料4,0.015566827
9926,50,177820.0,3533.092857,正弦波,材料4,0.019664296499999998
9927,50,177820.0,4732.51095,正弦波,材料4,0.021904108999999998
9928,50,177820.0,6571.056775,正弦波,材料4,0.024764190999999998
9929,50,177820.0,8864.491348,正弦波,材料4,0.0277582815
9930,50,177820.0,23208.97704,正弦波,材料4,0.039226717
9931,50,177820.0,31046.74271,正弦波,材料4,0.043832843999999996
9932,50,177820.0,42599.9263,正弦波,材料4,0.0494532615
9933,50,177820.0,106644.1804,正弦波,材料4,0.070152236
9934,50,177820.0,185399.6721,正弦波,材料4,0.0864643265
9935,50,177820.0,249220.8107,正弦波,材料4,0.09726855200000001
9936,50,199500.0,1203.905645,正弦波,材料4,0.011861034
9937,50,199510.0,1351.764897,正弦波,材料4,0.012409109500000001
9938,50,199500.0,1764.052507,正弦波,材料4,0.013843241
9939,50,199500.0,2386.9866,正弦波,材料4,0.0155666335
9940,50,199500.0,3212.297969,正弦波,材料4,0.017447524
9941,50,199500.0,4194.252118,正弦波,材料4,0.019503843
9942,50,199500.0,10782.59638,正弦波,材料4,0.027825444499999998
9943,50,199500.0,14743.85866,正弦波,材料4,0.0313051025
9944,50,199500.0,20741.73716,正弦波,材料4,0.0350055675
9945,50,199500.0,27321.9088,正弦波,材料4,0.0389861275
9946,50,199500.0,37308.94134,正弦波,材料4,0.0439151725
9947,50,199500.0,50173.35757,正弦波,材料4,0.049107345499999996
9948,50,199500.0,69282.98265,正弦波,材料4,0.055453812500000005
9949,50,199500.0,93045.6595,正弦波,材料4,0.062105067
9950,50,199500.0,127451.9018,正弦波,材料4,0.0693761495
9951,50,199500.0,224464.2837,正弦波,材料4,0.0868538665
9952,50,223850.0,1616.818791,正弦波,材料4,0.0121469835
9953,50,223850.0,1654.560867,正弦波,材料4,0.0123229475
9954,50,223850.0,2218.270872,正弦波,材料4,0.0138762115
9955,50,223850.0,2951.469728,正弦波,材料4,0.01554252
9956,50,223850.0,3986.566819,正弦波,材料4,0.017431064
9957,50,223850.0,9718.199442,正弦波,材料4,0.0248313555
9958,50,223850.0,13245.37816,正弦波,材料4,0.0279352915
9959,50,223850.0,18566.84629,正弦波,材料4,0.0311695415
9960,50,223850.0,33476.17127,正弦波,材料4,0.0391569725
9961,50,223850.0,44272.10612,正弦波,材料4,0.043599727000000005
9962,50,223850.0,83792.38334,正弦波,材料4,0.0554351025
9963,50,251170.0,2079.063343,正弦波,材料4,0.012315317
9964,50,251170.0,2050.603171,正弦波,材料4,0.0122725685
9965,50,251170.0,12089.84466,正弦波,材料4,0.0248711675
9966,50,251170.0,16844.48005,正弦波,材料4,0.027730745
9967,50,251170.0,22385.56143,正弦波,材料4,0.0309585505
9968,50,251170.0,55332.86957,正弦波,材料4,0.0439197385
9969,50,251170.0,74903.27862,正弦波,材料4,0.049335622499999995
9970,50,251170.0,137613.7977,正弦波,材料4,0.0615865955
9971,50,281850.0,2807.662554,正弦波,材料4,0.012567031
9972,50,281860.0,2700.682661,正弦波,材料4,0.012371881000000001
9973,50,281860.0,3518.641575,正弦波,材料4,0.0138419605
9974,50,281850.0,4731.148892,正弦波,材料4,0.015575789
9975,50,281850.0,6340.583795,正弦波,材料4,0.0175397645
9976,50,281850.0,8267.868919,正弦波,材料4,0.01965477
9977,50,281850.0,11217.05045,正弦波,材料4,0.0221315075
9978,50,281850.0,27594.08754,正弦波,材料4,0.0309100725
9979,50,281860.0,51073.77861,正弦波,材料4,0.039239554499999996
9980,50,281850.0,93849.80093,正弦波,材料4,0.0491448545
9981,50,281850.0,124295.6155,正弦波,材料4,0.054675986499999996
9982,50,281850.0,166811.6102,正弦波,材料4,0.061349911
9983,50,316230.0,3787.638153,正弦波,材料4,0.012778193
9984,50,316230.0,19305.34062,正弦波,材料4,0.0245423735
9985,50,316230.0,47397.44198,正弦波,材料4,0.034895797
9986,50,316230.0,63923.27245,正弦波,材料4,0.0392684145
9987,50,316230.0,87318.99549,正弦波,材料4,0.043881988
9988,50,354820.0,5146.277448,正弦波,材料4,0.012947274
9989,50,354820.0,4644.258506,正弦波,材料4,0.0124178855
9990,50,354820.0,7985.080258,正弦波,材料4,0.015629859
9991,50,354820.0,10567.53636,正弦波,材料4,0.0175283515
9992,50,354820.0,14287.58212,正弦波,材料4,0.019689258
9993,50,354820.0,25196.07692,正弦波,材料4,0.024723992
9994,50,354820.0,44975.13335,正弦波,材料4,0.031146135
9995,50,354820.0,106737.1627,正弦波,材料4,0.0434150155
9996,50,398100.0,10670.15975,正弦波,材料4,0.0156716
9997,50,398100.0,14369.78568,正弦波,材料4,0.017480505
9998,50,398100.0,24463.09098,正弦波,材料4,0.0219818345
9999,50,398100.0,43763.47862,正弦波,材料4,0.027807027499999998
10000,50,398100.0,58098.28219,正弦波,材料4,0.0311467185
10001,50,398100.0,78665.69735,正弦波,材料4,0.0348324305
10002,50,398100.0,136631.1432,正弦波,材料4,0.0435798305
10003,50,446680.0,9636.017035,正弦波,材料4,0.013123644
10004,50,446680.0,8517.918182,正弦波,材料4,0.0124481215
10005,50,446690.0,11142.03538,正弦波,材料4,0.013997853000000001
10006,50,446690.0,32400.52383,正弦波,材料4,0.021961446500000002
10007,50,446690.0,43495.41551,正弦波,材料4,0.0247988535
10008,50,446680.0,57381.81626,正弦波,材料4,0.0278116795
10009,50,446690.0,76728.29347,正弦波,材料4,0.031017355500000003
10010,50,446690.0,132446.9614,正弦波,材料4,0.0388243375
10011,70,50020.0,774.6817594,正弦波,材料4,0.0229829255
10012,70,50030.0,930.3569399,正弦波,材料4,0.024934325
10013,70,50030.0,1281.413714,正弦波,材料4,0.027687023499999998
10014,70,50020.0,2349.149921,正弦波,材料4,0.0351310645
10015,70,50020.0,3219.466032,正弦波,材料4,0.039415769
10016,70,50020.0,5912.056812,正弦波,材料4,0.049946802
10017,70,50020.0,7794.278577,正弦波,材料4,0.0555890225
10018,70,50020.0,10571.90482,正弦波,材料4,0.0623739895
10019,70,50020.0,19017.98954,正弦波,材料4,0.0780521795
10020,70,50020.0,25923.86434,正弦波,材料4,0.087577464
10021,70,50020.0,47759.04767,正弦波,材料4,0.11001113900000001
10022,70,50020.0,63713.9464,正弦波,材料4,0.122883402
10023,70,56320.0,872.4124114,正弦波,材料4,0.022337634500000002
10024,70,56310.0,1177.373255,正弦波,材料4,0.0248105245
10025,70,56320.0,2109.723241,正弦波,材料4,0.0312069525
10026,70,56320.0,2820.014652,正弦波,材料4,0.035049848
10027,70,56320.0,3804.158274,正弦波,材料4,0.0393661235
10028,70,56320.0,5154.755848,正弦波,材料4,0.0443653565
10029,70,56320.0,6736.848585,正弦波,材料4,0.049208760500000004
10030,70,56320.0,8983.354945,正弦波,材料4,0.0549682855
10031,70,56310.0,12275.91439,正弦波,材料4,0.062063541
10032,70,56310.0,16450.23426,正弦波,材料4,0.0693623495
10033,70,56320.0,22510.83633,正弦波,材料4,0.0782721975
10034,70,63020.0,1300.96457,正弦波,材料4,0.0246565875
10035,70,63020.0,1789.142825,正弦波,材料4,0.027875039499999997
10036,70,63020.0,4419.450862,正弦波,材料4,0.039756193
10037,70,63020.0,5710.965396,正弦波,材料4,0.044020676999999994
10038,70,63020.0,10511.02282,正弦波,材料4,0.055603392
10039,70,63020.0,13664.32384,正弦波,材料4,0.061675478500000006
10040,70,63030.0,82923.04683,正弦波,材料4,0.1214429565
10041,70,63030.0,116989.6708,正弦波,材料4,0.137954505
10042,70,70830.0,622.9442552,正弦波,材料4,0.0177193915
10043,70,70830.0,826.4184684,正弦波,材料4,0.019674843999999997
10044,70,70840.0,1102.675707,正弦波,材料4,0.021959180000000002
10045,70,70840.0,1980.615422,正弦波,材料4,0.027724415500000002
10046,70,70840.0,2755.280396,正弦波,材料4,0.031417256500000004
10047,70,70830.0,3682.326171,正弦波,材料4,0.0351989365
10048,70,70840.0,6572.290185,正弦波,材料4,0.044148784999999996
10049,70,70840.0,8710.974169,正弦波,材料4,0.049300667
10050,70,70830.0,55595.30074,正弦波,材料4,0.0986771065
10051,70,70840.0,71780.96399,正弦波,材料4,0.108570475
10052,70,70830.0,131049.997,正弦波,材料4,0.136003282
10053,70,70840.0,179191.0216,正弦波,材料4,0.152514802
10054,70,70840.0,237634.9191,正弦波,材料4,0.1694595645
10055,70,79470.0,689.7728978,正弦波,材料4,0.017366197
10056,70,79470.0,900.3576861,正弦波,材料4,0.019603232499999998
10057,70,79470.0,1666.120734,正弦波,材料4,0.0248652665
10058,70,79470.0,3041.28962,正弦波,材料4,0.031321615
10059,70,79460.0,5425.384567,正弦波,材料4,0.0392637035
10060,70,79460.0,7339.211801,正弦波,材料4,0.0440271155
10061,70,79470.0,25145.82455,正弦波,材料4,0.0699271945
10062,70,79460.0,34275.10021,正弦波,材料4,0.0784475795
10063,70,79460.0,61242.78796,正弦波,材料4,0.097125478
10064,70,79460.0,85149.60918,正弦波,材料4,0.1096554515
10065,70,79460.0,115429.109,正弦波,材料4,0.122938276
10066,70,89090.0,592.4285903,正弦波,材料4,0.0154762185
10067,70,89080.0,788.7449151,正弦波,材料4,0.017397313499999997
10068,70,89090.0,3389.801835,正弦波,材料4,0.030999616
10069,70,89080.0,4541.020912,正弦波,材料4,0.034724552
10070,70,89080.0,6265.418763,正弦波,材料4,0.039311984999999994
10071,70,89080.0,8354.688421,正弦波,材料4,0.043919886500000005
10072,70,89080.0,11409.92322,正弦波,材料4,0.049443146
10073,70,89090.0,21516.23747,正弦波,材料4,0.062427879
10074,70,89090.0,39828.29933,正弦波,材料4,0.0780022075
10075,70,89090.0,71377.38934,正弦波,材料4,0.096963515
10076,70,89090.0,127512.4639,正弦波,材料4,0.1202738985
10077,70,99950.0,678.2266641,正弦波,材料4,0.0155067035
10078,70,99950.0,1590.422065,正弦波,材料4,0.022088383
10079,70,99950.0,2803.330707,正弦波,材料4,0.0274967395
10080,70,99950.0,3820.970634,正弦波,材料4,0.0309591995
10081,70,99950.0,5186.890746,正弦波,材料4,0.034757771
10082,70,99950.0,9454.334089,正弦波,材料4,0.043725262
10083,70,99950.0,17834.82066,正弦波,材料4,0.055244347
10084,70,99950.0,24412.0762,正弦波,材料4,0.061927583
10085,70,99950.0,33768.23452,正弦波,材料4,0.0693325555
10086,70,99950.0,114573.3562,正弦波,材料4,0.1088413015
10087,70,99950.0,367824.4616,正弦波,材料4,0.166479734
10088,70,112160.0,565.9061736,正弦波,材料4,0.0138005295
10089,70,112160.0,761.142778,正弦波,材料4,0.0155525595
10090,70,112160.0,1346.198806,正弦波,材料4,0.019660364
10091,70,112160.0,1837.307199,正弦波,材料4,0.0221129905
10092,70,112160.0,5959.271405,正弦波,材料4,0.0347038935
10093,70,112160.0,11005.71532,正弦波,材料4,0.043781035999999995
10094,70,112160.0,15287.75976,正弦波,材料4,0.049445539499999996
10095,70,112160.0,20961.21384,正弦波,材料4,0.055367163
10096,70,112160.0,29362.70853,正弦波,材料4,0.062035947
10097,70,112160.0,53247.80043,正弦波,材料4,0.07734441
10098,70,112160.0,72230.95081,正弦波,材料4,0.08665951399999999
10099,70,112170.0,134272.2332,正弦波,材料4,0.108653676
10100,70,112160.0,179446.9456,正弦波,材料4,0.119935704
10101,70,112160.0,327882.5152,正弦波,材料4,0.1502339865
10102,70,125850.0,905.0213894,正弦波,材料4,0.015549081499999999
10103,70,125860.0,3883.656702,正弦波,材料4,0.02771514
10104,70,125860.0,7096.044678,正弦波,材料4,0.034910000999999996
10105,70,125850.0,9558.006718,正弦波,材料4,0.0390554095
10106,70,125860.0,13246.11981,正弦波,材料4,0.0440945725
10107,70,125860.0,18001.91707,正弦波,材料4,0.049465283
10108,70,125860.0,33586.30881,正弦波,材料4,0.06121414
10109,70,125860.0,46206.2519,正弦波,材料4,0.0689011585
10110,70,125860.0,62629.90606,正弦波,材料4,0.0770803075
10111,70,125860.0,86507.06637,正弦波,材料4,0.086836284
10112,70,125860.0,211702.4341,正弦波,材料4,0.11993406449999999
10113,70,125850.0,288393.9686,正弦波,材料4,0.134580392
10114,70,141260.0,801.8891926,正弦波,材料4,0.0138596535
10115,70,141270.0,1081.881577,正弦波,材料4,0.015625253999999998
10116,70,141260.0,1461.02324,正弦波,材料4,0.017541619
10117,70,141270.0,1816.972431,正弦波,材料4,0.0194604125
10118,70,141270.0,3382.060727,正弦波,材料4,0.024676055000000002
10119,70,141260.0,6203.799629,正弦波,材料4,0.0310649755
10120,70,141260.0,8425.559795,正弦波,材料4,0.034826010000000004
10121,70,141260.0,15765.144,正弦波,材料4,0.044088337000000005
10122,70,141260.0,55546.43839,正弦波,材料4,0.0690822485
10123,70,141260.0,105963.4514,正弦波,材料4,0.0876157385
10124,70,141260.0,141977.1205,正弦波,材料4,0.09655156549999999
10125,70,141260.0,191300.9599,正弦波,材料4,0.10791521800000001
10126,70,158500.0,1713.330856,正弦波,材料4,0.0173696775
10127,70,158500.0,2243.240306,正弦波,材料4,0.019558054999999998
10128,70,158500.0,5593.136465,正弦波,材料4,0.0277905185
10129,70,158500.0,7399.126034,正弦波,材料4,0.03092409
10130,70,158500.0,14044.19007,正弦波,材料4,0.039319081
10131,70,158510.0,19795.03384,正弦波,材料4,0.04397184
10132,70,158500.0,49123.00691,正弦波,材料4,0.061583289
10133,70,158500.0,67876.78697,正弦波,材料4,0.0693400955
10134,70,158510.0,94379.66357,正弦波,材料4,0.07820798600000001
10135,70,158500.0,126209.2898,正弦波,材料4,0.0863560615
10136,70,158500.0,168699.683,正弦波,材料4,0.0962634465
10137,70,158510.0,229181.3821,正弦波,材料4,0.107942491
10138,70,177820.0,826.2688864,正弦波,材料4,0.011777520999999999
10139,70,177820.0,934.4890465,正弦波,材料4,0.012429124
10140,70,177820.0,1584.562696,正弦波,材料4,0.015433456500000001
10141,70,177820.0,2766.975558,正弦波,材料4,0.019541199500000002
10142,70,177820.0,3768.757502,正弦波,材料4,0.0219817805
10143,70,177820.0,6810.970453,正弦波,材料4,0.0276817665
10144,70,177820.0,9321.483604,正弦波,材料4,0.031165989499999998
10145,70,177820.0,12628.18288,正弦波,材料4,0.034955861500000004
10146,70,177820.0,23724.14157,正弦波,材料4,0.043678388
10147,70,177820.0,32260.36298,正弦波,材料4,0.0490368095
10148,70,177820.0,83836.24897,正弦波,材料4,0.06963528199999999
10149,70,199510.0,1119.686203,正弦波,材料4,0.012048863
10150,70,199500.0,1527.598741,正弦波,材料4,0.013796718999999999
10151,70,199500.0,2719.833199,正弦波,材料4,0.017458071999999998
10152,70,199500.0,4740.246776,正弦波,材料4,0.022031901
10153,70,199500.0,6300.843851,正弦波,材料4,0.0246397615
10154,70,199500.0,8673.272037,正弦波,材料4,0.0278289615
10155,70,199500.0,11771.34455,正弦波,材料4,0.0313001405
10156,70,199510.0,16618.18033,正弦波,材料4,0.035006227
10157,70,199500.0,21564.08523,正弦波,材料4,0.038762279499999996
10158,70,199500.0,29338.99214,正弦波,材料4,0.0436534985
10159,70,199500.0,39505.40034,正弦波,材料4,0.048883797
10160,70,199500.0,75045.89955,正弦波,材料4,0.0618946525
10161,70,199510.0,137713.086,正弦波,材料4,0.07693581299999999
10162,70,199500.0,187664.0572,正弦波,材料4,0.086584039
10163,70,223850.0,1525.817284,正弦波,材料4,0.0123001075
10164,70,223850.0,1509.05546,正弦波,材料4,0.012318011
10165,70,223850.0,2624.336539,正弦波,材料4,0.015534580499999999
10166,70,223850.0,3475.28069,正弦波,材料4,0.017381001
10167,70,223850.0,8212.481206,正弦波,材料4,0.0247906115
10168,70,223860.0,11050.4242,正弦波,材料4,0.027833212
10169,70,223860.0,15425.48071,正弦波,材料4,0.031127830500000002
10170,70,223850.0,27456.95605,正弦波,材料4,0.0389741085
10171,70,223850.0,36894.64909,正弦波,材料4,0.043723864
10172,70,223850.0,50157.51029,正弦波,材料4,0.0491034045
10173,70,223850.0,125078.8441,正弦波,材料4,0.0684246595
10174,70,223850.0,170468.64,正弦波,材料4,0.0770142455
10175,70,251170.0,2074.183042,正弦波,材料4,0.012424868
10176,70,251170.0,2644.989199,正弦波,材料4,0.0138225695
10177,70,251170.0,3478.321362,正弦波,材料4,0.0155036375
10178,70,251170.0,4685.548969,正弦波,材料4,0.017525954
10179,70,251170.0,7993.196339,正弦波,材料4,0.022061834000000002
10180,70,251170.0,10665.80507,正弦波,材料4,0.0247739145
10181,70,251170.0,25689.68414,正弦波,材料4,0.034546003500000005
10182,70,251170.0,63412.21515,正弦波,材料4,0.04912138
10183,70,251170.0,115654.7755,正弦波,材料4,0.061046058
10184,70,251170.0,158543.4753,正弦波,材料4,0.068975542
10185,70,281860.0,2918.593839,正弦波,材料4,0.0126373205
10186,70,281850.0,2743.19392,正弦波,材料4,0.012306392999999999
10187,70,281860.0,3584.893035,正弦波,材料4,0.0138314155
10188,70,281850.0,6215.012617,正弦波,材料4,0.017497640000000002
10189,70,281850.0,8228.690658,正弦波,材料4,0.0196634885
10190,70,281850.0,10680.10573,正弦波,材料4,0.0221147835
10191,70,281850.0,18925.97102,正弦波,材料4,0.027471871000000002
10192,70,281850.0,33843.92772,正弦波,材料4,0.034781995
10193,70,281850.0,61393.91525,正弦波,材料4,0.044053162
10194,70,281850.0,83017.27997,正弦波,材料4,0.049067973
10195,70,316230.0,4148.322763,正弦波,材料4,0.012815168500000002
10196,70,316230.0,8541.383403,正弦波,材料4,0.017572814
10197,70,316230.0,11246.29914,正弦波,材料4,0.0197622405
10198,70,316230.0,14795.99392,正弦波,材料4,0.022052179999999998
10199,70,316230.0,44555.09788,正弦波,材料4,0.034825868999999995
10200,70,316230.0,105057.2524,正弦波,材料4,0.0488006295
10201,70,316230.0,140752.3441,正弦波,材料4,0.054848434
10202,70,354820.0,5409.574783,正弦波,材料4,0.0124065655
10203,70,354820.0,6929.400673,正弦波,材料4,0.013893237499999999
10204,70,354820.0,9037.610781,正弦波,材料4,0.015618014
10205,70,354820.0,15783.25051,正弦波,材料4,0.0196956475
10206,70,354820.0,19620.83187,正弦波,材料4,0.021842891
10207,70,354830.0,25865.58665,正弦波,材料4,0.0246130245
10208,70,354820.0,59244.57874,正弦波,材料4,0.034909182
10209,70,354820.0,79603.71544,正弦波,材料4,0.039080045
10210,70,354820.0,135416.0954,正弦波,材料4,0.048697279499999996
10211,70,398100.0,7573.740513,正弦波,材料4,0.0124088695
10212,70,398100.0,9759.373124,正弦波,材料4,0.0139305895
10213,70,398100.0,27194.74314,正弦波,材料4,0.021879785
10214,70,398100.0,35201.66997,正弦波,材料4,0.024703146500000002
10215,70,398100.0,46089.30274,正弦波,材料4,0.027757771
10216,70,398100.0,79753.85672,正弦波,材料4,0.034823424500000005
10217,70,398100.0,134900.0352,正弦波,材料4,0.043563974000000005
10218,70,446680.0,10632.72408,正弦波,材料4,0.0124661465
10219,70,446690.0,13565.35485,正弦波,材料4,0.0139588895
10220,70,446690.0,22138.52207,正弦波,材料4,0.017323122
10221,70,446690.0,28464.03215,正弦波,材料4,0.019470056
10222,70,446680.0,81180.78596,正弦波,材料4,0.0310267425
10223,70,446680.0,104009.4325,正弦波,材料4,0.034609295
10224,70,446690.0,135165.688,正弦波,材料4,0.038790173
10225,90,50020.0,520.3560917,正弦波,材料4,0.022504691
10226,90,50020.0,646.6959705,正弦波,材料4,0.024857306
10227,90,50020.0,895.4239194,正弦波,材料4,0.02753386
10228,90,50020.0,1201.316328,正弦波,材料4,0.0308496215
10229,90,50020.0,2189.414152,正弦波,材料4,0.0391414715
10230,90,50020.0,3076.912209,正弦波,材料4,0.0443587745
10231,90,50020.0,4059.351671,正弦波,材料4,0.04960955
10232,90,50020.0,5393.036825,正弦波,材料4,0.0549671045
10233,90,50020.0,7460.733874,正弦波,材料4,0.061974779
10234,90,50020.0,14278.29979,正弦波,材料4,0.0778005205
10235,90,50020.0,54639.35655,正弦波,材料4,0.12306102299999999
10236,90,50010.0,75118.56092,正弦波,材料4,0.1372014205
10237,90,56320.0,1046.148828,正弦波,材料4,0.0274596215
10238,90,56320.0,1458.232363,正弦波,材料4,0.0310731975
10239,90,56310.0,2637.001988,正弦波,材料4,0.039262924000000005
10240,90,56320.0,3607.681179,正弦波,材料4,0.0442333095
10241,90,56320.0,16973.44037,正弦波,材料4,0.07783773050000001
10242,90,56310.0,33418.01499,正弦波,材料4,0.0982929305
10243,90,56320.0,46388.13119,正弦波,材料4,0.1098860495
10244,90,56320.0,64255.4505,正弦波,材料4,0.1229973535
10245,90,56320.0,85487.52291,正弦波,材料4,0.13567400899999998
10246,90,56320.0,118399.4926,正弦波,材料4,0.15176796850000002
10247,90,63020.0,923.6954243,正弦波,材料4,0.024668832
10248,90,63020.0,5332.900315,正弦波,材料4,0.049030189
10249,90,63020.0,7461.705814,正弦波,材料4,0.0551856225
10250,90,63020.0,14021.26247,正弦波,材料4,0.06951286500000001
10251,90,63030.0,27571.80579,正弦波,材料4,0.0876807985
10252,90,63030.0,54263.45609,正弦波,材料4,0.110275074
10253,90,63030.0,70213.85019,正弦波,材料4,0.12068246099999999
10254,90,63030.0,135912.7646,正弦波,材料4,0.151488131
10255,90,63030.0,186817.1738,正弦波,材料4,0.1693414035
10256,90,70840.0,1054.299735,正弦波,材料4,0.024650888500000002
10257,90,70840.0,2585.001907,正弦波,材料4,0.034998769
10258,90,70840.0,3348.736707,正弦波,材料4,0.038976291499999996
10259,90,70830.0,4580.735653,正弦波,材料4,0.043927454000000005
10260,90,70840.0,6123.217299,正弦波,材料4,0.0489255845
10261,90,70840.0,11922.50852,正弦波,材料4,0.062075991999999997
10262,90,70840.0,22975.96513,正弦波,材料4,0.07809267750000001
10263,90,70840.0,31913.76784,正弦波,材料4,0.087564756
10264,90,70830.0,45340.57035,正弦波,材料4,0.0984847455
10265,90,70840.0,82293.48557,正弦波,材料4,0.1208204565
10266,90,70840.0,160959.6996,正弦波,材料4,0.15186198350000002
10267,90,79460.0,509.3077308,正弦波,材料4,0.017284661
10268,90,79460.0,868.7313991,正弦波,材料4,0.021923103
10269,90,79460.0,2763.847644,正弦波,材料4,0.034627210000000005
10270,90,79460.0,3771.496748,正弦波,材料4,0.0389797345
10271,90,79460.0,9819.702684,正弦波,材料4,0.055260473
10272,90,79470.0,19007.79714,正弦波,材料4,0.069733884
10273,90,79470.0,26451.78466,正弦波,材料4,0.07818515449999999
10274,90,79460.0,36848.99502,正弦波,材料4,0.0873011105
10275,90,79460.0,49564.95606,正弦波,材料4,0.096556281
10276,90,79470.0,70876.2579,正弦波,材料4,0.1089653605
10277,90,79460.0,98144.89052,正弦波,材料4,0.1218884445
10278,90,79460.0,135089.357,正弦波,材料4,0.1357085145
10279,90,79460.0,184356.8797,正弦波,材料4,0.15099991299999999
10280,90,89080.0,452.2277116,正弦波,材料4,0.015428286
10281,90,89080.0,607.2036108,正弦波,材料4,0.017387858
10282,90,89080.0,798.9335135,正弦波,材料4,0.0196283825
10283,90,89090.0,2434.704117,正弦波,材料4,0.030973524
10284,90,89080.0,3226.270611,正弦波,材料4,0.034650531
10285,90,89080.0,4381.752739,正弦波,材料4,0.038973741
10286,90,89090.0,15786.41046,正弦波,材料4,0.0620480315
10287,90,89080.0,21959.4906,正弦波,材料4,0.069465364
10288,90,89090.0,31451.77006,正弦波,材料4,0.0780193125
10289,90,89090.0,81986.5409,正弦波,材料4,0.10829979449999999
10290,90,89090.0,109862.1781,正弦波,材料4,0.1198404305
10291,90,99950.0,909.6798409,正弦波,材料4,0.0194984655
10292,90,99950.0,2033.147607,正弦波,材料4,0.0274380475
10293,90,99950.0,2736.606159,正弦波,材料4,0.030867887
10294,90,99950.0,6844.548816,正弦波,材料4,0.043666262
10295,90,99950.0,9405.306412,正弦波,材料4,0.0489953695
10296,90,99950.0,18153.71856,正弦波,材料4,0.061575974
10297,90,99950.0,34587.41595,正弦波,材料4,0.0762853165
10298,90,99950.0,67179.51748,正弦波,材料4,0.0958347385
10299,90,99950.0,131884.9925,正弦波,材料4,0.12053976599999999
10300,90,99950.0,246385.1307,正弦波,材料4,0.148020474
10301,90,99950.0,335887.4588,正弦波,材料4,0.1653875985
10302,90,112160.0,1101.122529,正弦波,材料4,0.0196952055
10303,90,112160.0,1396.179475,正弦波,材料4,0.022058319
10304,90,112160.0,11384.2747,正弦波,材料4,0.049298457500000004
10305,90,112160.0,15862.02693,正弦波,材料4,0.055222047499999996
10306,90,112160.0,22649.09947,正弦波,材料4,0.0617925295
10307,90,112160.0,58641.30177,正弦波,材料4,0.086080979
10308,90,112160.0,82574.36605,正弦波,材料4,0.09672976750000001
10309,90,112160.0,117384.707,正弦波,材料4,0.109020325
10310,90,112160.0,157445.9376,正弦波,材料4,0.1195929515
10311,90,112160.0,216078.6914,正弦波,材料4,0.1334820185
10312,90,125850.0,748.8490684,正弦波,材料4,0.015515085500000001
10313,90,125860.0,1316.060527,正弦波,材料4,0.019602359
10314,90,125850.0,1611.107475,正弦波,材料4,0.021848680000000002
10315,90,125860.0,2187.650879,正弦波,材料4,0.024583247
10316,90,125850.0,2928.96854,正弦波,材料4,0.0275222695
10317,90,125860.0,3947.353621,正弦波,材料4,0.030851857
10318,90,125860.0,5382.184629,正弦波,材料4,0.0348006225
10319,90,125860.0,7368.432298,正弦波,材料4,0.0391038905
10320,90,125850.0,13794.65456,正弦波,材料4,0.0493209965
10321,90,125860.0,26451.64316,正弦波,材料4,0.0610026395
10322,90,125860.0,36507.62557,正弦波,材料4,0.06833306850000001
10323,90,125860.0,51207.73643,正弦波,材料4,0.0770187815
10324,90,125860.0,71751.16413,正弦波,材料4,0.086481399
10325,90,125860.0,138910.7528,正弦波,材料4,0.107387857
10326,90,141260.0,577.1195732,正弦波,材料4,0.012718852
10327,90,141270.0,944.3142503,正弦波,材料4,0.0156396545
10328,90,141260.0,1244.021007,正弦波,材料4,0.017508209
10329,90,141260.0,2738.754947,正弦波,材料4,0.0246256085
10330,90,141260.0,3645.664777,正弦波,材料4,0.0275055425
10331,90,141260.0,6620.9809,正弦波,材料4,0.034790257500000005
10332,90,141260.0,9151.280305,正弦波,材料4,0.0392426775
10333,90,141260.0,12386.64836,正弦波,材料4,0.043949143999999996
10334,90,141260.0,23795.9738,正弦波,材料4,0.054588922
10335,90,141260.0,44777.58463,正弦波,材料4,0.0684561005
10336,90,141260.0,63675.66145,正弦波,材料4,0.07736091549999999
10337,90,141260.0,89497.13315,正弦波,材料4,0.0871829515
10338,90,141260.0,122613.1362,正弦波,材料4,0.096234844
10339,90,141260.0,167445.5952,正弦波,材料4,0.107410548
10340,90,158510.0,615.8035297,正弦波,材料4,0.0116661605
10341,90,158500.0,697.441908,正弦波,材料4,0.0123481555
10342,90,158500.0,914.6966705,正弦波,材料4,0.013888173
10343,90,158500.0,1214.43296,正弦波,材料4,0.015655804500000002
10344,90,158500.0,1532.414762,正弦波,材料4,0.017366733
10345,90,158500.0,2041.811406,正弦波,材料4,0.019569479
10346,90,158500.0,3457.779858,正弦波,材料4,0.0245399395
10347,90,158500.0,4660.792966,正弦波,材料4,0.027683735
10348,90,158500.0,6244.379824,正弦波,材料4,0.0310276255
10349,90,158500.0,8555.607026,正弦波,材料4,0.034979746
10350,90,158500.0,11568.35366,正弦波,材料4,0.0392269185
10351,90,158510.0,16543.94382,正弦波,材料4,0.044039963
10352,90,158500.0,29690.77551,正弦波,材料4,0.0545932995
10353,90,158500.0,57206.96419,正弦波,材料4,0.069165512
10354,90,158500.0,79933.50996,正弦波,材料4,0.07780701
10355,90,158500.0,109490.0525,正弦波,材料4,0.086148236
10356,90,177820.0,856.3056766,正弦波,材料4,0.011941172
10357,90,177820.0,941.6796804,正弦波,材料4,0.012427751
10358,90,177820.0,1228.685775,正弦波,材料4,0.0139396165
10359,90,177820.0,1542.916597,正弦波,材料4,0.015448687999999999
10360,90,177820.0,2639.111211,正弦波,材料4,0.019422143000000003
10361,90,177820.0,4580.438956,正弦波,材料4,0.024677759
10362,90,177820.0,6090.865187,正弦波,材料4,0.0276946905
10363,90,177820.0,8272.159552,正弦波,材料4,0.031242978999999997
10364,90,177820.0,11047.05505,正弦波,材料4,0.034987103000000006
10365,90,177820.0,38397.1278,正弦波,材料4,0.055021327999999994
10366,90,177820.0,52846.20817,正弦波,材料4,0.0618624265
10367,90,177820.0,71543.58003,正弦波,材料4,0.0690714465
10368,90,177820.0,99718.93554,正弦波,材料4,0.077017476
10369,90,177820.0,183460.8634,正弦波,材料4,0.0963087085
10370,90,199500.0,1227.79702,正弦波,材料4,0.0121911135
10371,90,199500.0,2750.09621,正弦波,材料4,0.0174262055
10372,90,199500.0,4642.03883,正弦波,材料4,0.0220518245
10373,90,199500.0,6062.988616,正弦波,材料4,0.0246700885
10374,90,199500.0,8167.884752,正弦波,材料4,0.0277728595
10375,90,199500.0,10851.12541,正弦波,材料4,0.0311969055
10376,90,199500.0,19713.88103,正弦波,材料4,0.038779816499999994
10377,90,199500.0,26142.20861,正弦波,材料4,0.0434086415
10378,90,199500.0,35280.90151,正弦波,材料4,0.048733427499999996
10379,90,199500.0,66757.69142,正弦波,材料4,0.061747084
10380,90,199500.0,169627.44,正弦波,材料4,0.0864323515
10381,90,223850.0,1787.185994,正弦波,材料4,0.0124079095
10382,90,223850.0,1744.027165,正弦波,材料4,0.012305903
10383,90,223850.0,2242.676432,正弦波,材料4,0.01382709
10384,90,223850.0,4953.097559,正弦波,材料4,0.0196009275
10385,90,223850.0,6206.143921,正弦波,材料4,0.021884763
10386,90,223850.0,8326.878499,正弦波,材料4,0.024797
10387,90,223850.0,19538.67763,正弦波,材料4,0.034575798
10388,90,223850.0,26285.95712,正弦波,材料4,0.0390264585
10389,90,223850.0,63118.20689,正弦波,材料4,0.0551359675
10390,90,251170.0,5309.609099,正弦波,材料4,0.017499202499999998
10391,90,251170.0,6808.57255,正弦波,材料4,0.019566038
10392,90,251170.0,19670.90911,正弦波,材料4,0.0307461985
10393,90,251170.0,26038.65544,正弦波,材料4,0.0346001505
10394,90,251170.0,34458.41893,正弦波,材料4,0.038887415
10395,90,251170.0,45767.08282,正弦波,材料4,0.0437061915
10396,90,251170.0,149529.2394,正弦波,材料4,0.068917263
10397,90,281850.0,3408.52138,正弦波,材料4,0.0122501775
10398,90,281850.0,4360.999583,正弦波,材料4,0.0137725395
10399,90,281850.0,5716.169674,正弦波,材料4,0.015598273499999999
10400,90,281850.0,7278.547484,正弦波,材料4,0.017472805
10401,90,281850.0,12071.99807,正弦波,材料4,0.0221590425
10402,90,281850.0,20452.90182,正弦波,材料4,0.027558693500000002
10403,90,281850.0,26857.74657,正弦波,材料4,0.031014114500000002
10404,90,281860.0,46290.66935,正弦波,材料4,0.039109205999999994
10405,90,281860.0,105384.1442,正弦波,材料4,0.054338405
10406,90,281860.0,144222.5477,正弦波,材料4,0.061566762
10407,90,316230.0,13068.25434,正弦波,材料4,0.019773688499999997
10408,90,316230.0,35749.95788,正弦波,材料4,0.030975474000000003
10409,90,316230.0,47042.27708,正弦波,材料4,0.0349282185
10410,90,316230.0,61460.01182,正弦波,材料4,0.039177236000000004
10411,90,316230.0,81242.83568,正弦波,材料4,0.043725481499999996
10412,90,316230.0,138726.9703,正弦波,材料4,0.0547248555
10413,90,354820.0,7207.059643,正弦波,材料4,0.012919514
10414,90,354820.0,6609.000965,正弦波,材料4,0.01238675
10415,90,354820.0,8387.419219,正弦波,材料4,0.013902364
10416,90,354820.0,10671.07363,正弦波,材料4,0.0155853885
10417,90,354820.0,17928.41134,正弦波,材料4,0.019671888
10418,90,354820.0,22264.99204,正弦波,材料4,0.021775395500000003
10419,90,354820.0,28451.62043,正弦波,材料4,0.024577914
10420,90,354820.0,47870.06218,正弦波,材料4,0.031073069000000002
10421,90,354820.0,61903.48255,正弦波,材料4,0.034865543
10422,90,354820.0,82124.10162,正弦波,材料4,0.039074274500000006
10423,90,354820.0,137527.9411,正弦波,材料4,0.048867673
10424,90,398100.0,9812.489941,正弦波,材料4,0.0129924735
10425,90,398100.0,11372.76396,正弦波,材料4,0.0139529755
10426,90,398100.0,14592.39463,正弦波,材料4,0.015718368500000003
10427,90,398100.0,23426.55393,正弦波,材料4,0.019498875
10428,90,398100.0,49166.11579,正弦波,材料4,0.027751764999999998
10429,90,446680.0,15120.49185,正弦波,材料4,0.013953463499999999
10430,90,446690.0,39485.47472,正弦波,材料4,0.0219139465
10431,90,446690.0,50495.99039,正弦波,材料4,0.024760834500000002
10432,90,446690.0,64767.92221,正弦波,材料4,0.027780007500000002
10433,90,446680.0,139040.5959,正弦波,材料4,0.038970547999999994
10434,90,125860.0,139213.45,正弦波,材料4,0.107385
10435,90,251180.0,2475.38,正弦波,材料4,0.01233
10436,70,70840.0,238159.47,正弦波,材料4,0.16946
10437,70,446690.0,36937.05,正弦波,材料4,0.02191
10438,25,79470.0,95559.34,正弦波,材料4,0.08914
10439,50,141270.0,1885.21,正弦波,材料4,0.01758
10440,50,398100.0,32511.98,正弦波,材料4,0.024645
10441,70,177830.0,2767.84,正弦波,材料4,0.019540000000000002
10442,70,70840.0,6583.11,正弦波,材料4,0.044145000000000004
10443,25,281860.0,10676.47,正弦波,材料4,0.01974
10444,90,398100.0,37846.19,正弦波,材料4,0.024614999999999998
10445,50,354830.0,5155.71,正弦波,材料4,0.012945
10446,90,63030.0,694.36,正弦波,材料4,0.02198
10447,50,177830.0,249632.54,正弦波,材料4,0.09726
10448,90,281860.0,12101.86,正弦波,材料4,0.022155
10449,50,63030.0,141618.7,正弦波,材料4,0.137625
10450,90,70840.0,2588.99,正弦波,材料4,0.034995
10451,25,63030.0,7963.97,正弦波,材料4,0.035805000000000003
10452,90,354830.0,7220.56,正弦波,材料4,0.012920000000000001
10453,70,112160.0,1346.29,正弦波,材料4,0.019659999999999997
10454,50,141270.0,73473.14,正弦波,材料4,0.069515
10455,70,125860.0,33680.71,正弦波,材料4,0.061215000000000006
10456,50,50030.0,1302.35,正弦波,材料4,0.024085000000000002
10457,50,199510.0,27383.37,正弦波,材料4,0.03899
10458,50,63020.0,1456.28,正弦波,材料4,0.02225
10459,25,177830.0,255925.63,正弦波,材料4,0.08637500000000001
10460,25,141270.0,82490.89,正弦波,材料4,0.06221
10461,70,177830.0,6816.21,正弦波,材料4,0.027680000000000003
10462,25,223860.0,1880.22,正弦波,材料4,0.011695
10463,25,354830.0,39826.92,正弦波,材料4,0.0276
10464,25,79470.0,13206.25,正弦波,材料4,0.039695
10465,25,354830.0,180505.51,正弦波,材料4,0.048964999999999995
10466,25,446690.0,10633.61,正弦波,材料4,0.013940000000000001
10467,25,70840.0,106603.21,正弦波,材料4,0.09931999999999999
10468,25,177830.0,84139.11,正弦波,材料4,0.05541
10469,25,177830.0,1127.86,正弦波,材料4,0.011045
10470,25,99950.0,22046.61,正弦波,材料4,0.044035
10471,25,70840.0,6708.94,正弦波,材料4,0.031805
10472,25,398100.0,91873.66,正弦波,材料4,0.034855
10473,25,158510.0,71994.57,正弦波,材料4,0.05538
10474,25,158510.0,4510.9,正弦波,材料4,0.019685
10475,25,158510.0,223634.42,正弦波,材料4,0.08718000000000001
10476,25,354830.0,29366.24,正弦波,材料4,0.024545
10477,25,99960.0,6774.1,正弦波,材料4,0.02774
10478,25,158510.0,1731.49,正弦波,材料4,0.01395
10479,25,316240.0,44961.69,正弦波,材料4,0.031190000000000002
10480,25,70840.0,132026.41,正弦波,材料4,0.10879
10481,25,56190.0,2267.551692,三角波,材料4,0.021631019
10482,25,56190.0,2971.995079,三角波,材料4,0.024160521
10483,25,56180.0,4159.524154,三角波,材料4,0.0272076315
10484,25,56180.0,7469.071203,三角波,材料4,0.0346268025
10485,25,56190.0,9765.031653,三角波,材料4,0.0381809105
10486,25,56180.0,13389.93428,三角波,材料4,0.0431196265
10487,25,56190.0,18041.70224,三角波,材料4,0.048764543
10488,25,56180.0,41733.74685,三角波,材料4,0.068682138
10489,25,56180.0,95318.9969,三角波,材料4,0.0968206305
10490,25,56180.0,125251.1374,三角波,材料4,0.108517192
10491,25,56180.0,163132.3674,三角波,材料4,0.121418499
10492,25,56190.0,213708.3651,三角波,材料4,0.13675918999999997
10493,25,56190.0,359542.6947,三角波,材料4,0.1709663265
10494,25,56180.0,467485.5965,三角波,材料4,0.1925496525
10495,25,56190.0,596502.8611,三角波,材料4,0.215747342
10496,25,56190.0,999496.8395,三角波,材料4,0.271424859
10497,25,70790.0,2229.46503,三角波,材料4,0.019317304
10498,25,70780.0,3114.226337,三角波,材料4,0.0217466025
10499,25,70780.0,4055.363927,三角波,材料4,0.0243516225
10500,25,70770.0,5610.10665,三角波,材料4,0.027654065
10501,25,70790.0,7393.584729,三角波,材料4,0.0305384805
10502,25,70800.0,10055.90748,三角波,材料4,0.0344712665
10503,25,70790.0,24031.29062,三角波,材料4,0.048614938999999996
10504,25,70790.0,42834.70791,三角波,材料4,0.060911942999999996
10505,25,70780.0,56776.15236,三角波,材料4,0.068482533
10506,25,70780.0,75713.61128,三角波,材料4,0.07732907950000001
10507,25,70780.0,99335.79245,三角波,材料4,0.0867002265
10508,25,70770.0,129257.542,三角波,材料4,0.096927543
10509,25,70770.0,170409.5551,三角波,材料4,0.1090277945
10510,25,70790.0,219814.5546,三角波,材料4,0.1211541325
10511,25,70790.0,288513.8197,三角波,材料4,0.136517939
10512,25,70780.0,379231.7393,三角波,材料4,0.153941377
10513,25,70780.0,813966.8356,三角波,材料4,0.2173527235
10514,25,79430.0,6347.552354,三角波,材料4,0.027029979
10515,25,99930.0,1507.039199,三角波,材料4,0.013667478
10516,25,99930.0,9081.179415,三角波,材料4,0.027617739500000002
10517,25,112170.0,6191.620196,三角波,材料4,0.0217783855
10518,25,112170.0,14880.15408,三角波,材料4,0.0308261305
10519,25,112170.0,35963.88787,三角波,材料4,0.04328011
10520,25,112180.0,84646.16543,三角波,材料4,0.061254601000000006
10521,25,112170.0,112625.0501,三角波,材料4,0.0690080025
10522,25,112180.0,254616.8772,三角波,材料4,0.097364445
10523,25,112180.0,435199.7807,三角波,材料4,0.1226372295
10524,25,112180.0,571425.0815,三角波,材料4,0.137450434
10525,25,125890.0,1872.381803,三角波,材料4,0.012266104
10526,25,125890.0,2410.848153,三角波,材料4,0.0137712695
10527,25,125890.0,4205.965688,三角波,材料4,0.017140583
10528,25,125900.0,5731.18989,三角波,材料4,0.0193976705
10529,25,125890.0,10342.25086,三角波,材料4,0.024495136
10530,25,125890.0,13484.64589,三角波,材料4,0.027379012
10531,25,125890.0,18206.85275,三角波,材料4,0.030833108499999998
10532,25,125890.0,24116.20758,三角波,材料4,0.034224314500000005
10533,25,125900.0,44025.19138,三角波,材料4,0.0434507575
10534,25,125890.0,58544.19452,三角波,材料4,0.0487129705
10535,25,125890.0,102103.3285,三角波,材料4,0.061373682
10536,25,125890.0,133201.5268,三角波,材料4,0.0681556725
10537,25,125890.0,176400.521,三角波,材料4,0.0767577895
10538,25,125890.0,231947.9222,三角波,材料4,0.08659127750000001
10539,25,125890.0,303914.7573,三角波,材料4,0.0970032155
10540,25,125890.0,398135.032,三角波,材料4,0.109165155
10541,25,125890.0,522527.646,三角波,材料4,0.1223047035
10542,25,141280.0,1751.377711,三角波,材料4,0.010746938000000001
10543,25,141280.0,3041.491546,三角波,材料4,0.0136951045
10544,25,141290.0,3858.18904,三角波,材料4,0.0150412115
10545,25,141280.0,6996.769685,三角波,材料4,0.019218684
10546,25,141280.0,16414.05636,三角波,材料4,0.0270593665
10547,25,141290.0,21711.62525,三角波,材料4,0.0300555745
10548,25,141280.0,28987.41647,三角波,材料4,0.0337765015
10549,25,141290.0,39080.87273,三角波,材料4,0.0381375395
10550,25,141270.0,68511.70408,三角波,材料4,0.0478965565
10551,25,141280.0,91009.69578,三角波,材料4,0.0538865015
10552,25,141280.0,157572.0187,三角波,材料4,0.067419534
10553,25,141290.0,208120.2099,三角波,材料4,0.07586290700000001
10554,25,141290.0,270718.7181,三角波,材料4,0.08499617
10555,25,141280.0,468312.4816,三角波,材料4,0.107247448
10556,25,158750.0,2273.943417,三角波,材料4,0.0110198565
10557,25,158750.0,3031.988151,三角波,材料4,0.012496686
10558,25,158750.0,5187.178067,三角波,材料4,0.015478971000000001
10559,25,158760.0,9150.4835,三角波,材料4,0.019606625000000003
10560,25,158760.0,11873.18849,三角波,材料4,0.021854730000000003
10561,25,158750.0,15896.57104,三角波,材料4,0.024694340500000002
10562,25,158740.0,20952.06598,三角波,材料4,0.0274393455
10563,25,158760.0,27846.25716,三角波,材料4,0.0307651835
10564,25,158750.0,37384.59181,三角波,材料4,0.0347821675
10565,25,158750.0,49951.74674,三角波,材料4,0.038988341499999996
10566,25,158750.0,87439.94031,三角波,材料4,0.049127834499999995
10567,25,158760.0,150181.1506,三角波,材料4,0.0613890245
10568,25,158750.0,200008.6575,三角波,材料4,0.0691504155
10569,25,158750.0,261555.7838,三角波,材料4,0.07752183
10570,25,177890.0,2925.785534,三角波,材料4,0.0109392385
10571,25,177890.0,3739.350039,三角波,材料4,0.012011269
10572,25,177900.0,5008.711979,三角波,材料4,0.013591282
10573,25,177890.0,6494.210583,三角波,材料4,0.0153550205
10574,25,177890.0,11030.58456,三角波,材料4,0.0191656685
10575,25,177890.0,14715.51177,三角波,材料4,0.021649060999999997
10576,25,177900.0,19352.13987,三角波,材料4,0.024001142500000003
10577,25,177880.0,25430.48199,三角波,材料4,0.0269702345
10578,25,177890.0,44876.26706,三角波,材料4,0.034085603500000006
10579,25,177890.0,78812.69664,三角波,材料4,0.0429893275
10580,25,177890.0,102768.0721,三角波,材料4,0.0477433175
10581,25,177890.0,180016.1496,三角波,材料4,0.060591405
10582,25,177890.0,235974.9615,三角波,材料4,0.0678525355
10583,25,177890.0,310471.2202,三角波,材料4,0.07637922999999999
10584,25,177890.0,405185.5323,三角波,材料4,0.0856331485
10585,25,199170.0,6512.527311,三角波,材料4,0.013711252
10586,25,199160.0,8378.811796,三角波,材料4,0.015349943999999999
10587,25,199160.0,10750.99501,三角波,材料4,0.017150806499999997
10588,25,199170.0,14265.37161,三角波,材料4,0.0193172315
10589,25,199160.0,18603.00545,三角波,材料4,0.021489381000000002
10590,25,199160.0,24408.77162,三角波,材料4,0.024135984
10591,25,199170.0,32441.16565,三角波,材料4,0.0272072785
10592,25,199170.0,55940.18768,三角波,材料4,0.034166048500000004
10593,25,199170.0,74413.8012,三角波,材料4,0.0384603995
10594,25,199170.0,96962.67603,三角波,材料4,0.0426827875
10595,25,199160.0,168825.3839,三角波,材料4,0.054189908999999994
10596,25,199170.0,221040.4325,三角波,材料4,0.060736801
10597,25,199170.0,290806.6183,三角波,材料4,0.06826928900000001
10598,25,199170.0,381720.3346,三角波,材料4,0.0764243785
10599,25,224180.0,8415.017197,三角波,材料4,0.013506394500000001
10600,25,224180.0,10632.66922,三角波,材料4,0.015128489
10601,25,224180.0,13938.05882,三角波,材料4,0.017057668499999998
10602,25,224180.0,18015.7033,三角波,材料4,0.0188700285
10603,25,224180.0,23536.11182,三角波,材料4,0.0212343505
10604,25,224190.0,31150.85937,三角波,材料4,0.0239407705
10605,25,224180.0,40489.12143,三角波,材料4,0.0268086705
10606,25,224180.0,52668.87505,三角波,材料4,0.0300452035
10607,25,224180.0,69527.79475,三角波,材料4,0.033798007500000005
10608,25,224190.0,90816.99598,三角波,材料4,0.037568119999999997
10609,25,224190.0,119160.6365,三角波,材料4,0.0422611585
10610,25,224190.0,157758.0703,三角波,材料4,0.0476093455
10611,25,224180.0,204863.2618,三角波,材料4,0.053335251
10612,25,224180.0,270021.6336,三角波,材料4,0.0600254525
10613,25,224170.0,353591.5576,三角波,材料4,0.067277387
10614,25,251220.0,6707.105936,三角波,材料4,0.010932823000000001
10615,25,251230.0,11002.74219,三角波,材料4,0.0136825995
10616,25,251230.0,18175.81556,三角波,材料4,0.0170772035
10617,25,251230.0,31150.62203,三角波,材料4,0.0217105475
10618,25,251220.0,40589.31711,三角波,材料4,0.0243075185
10619,25,251230.0,52460.84587,三角波,材料4,0.027227484000000003
10620,25,251230.0,68638.96678,三角波,材料4,0.030592536500000003
10621,25,251220.0,116334.9531,三角波,材料4,0.038276992499999996
10622,25,251230.0,153842.3533,三角波,材料4,0.0431054305
10623,25,251220.0,200003.2959,三角波,材料4,0.048355947499999996
10624,25,251220.0,262205.1528,三角波,材料4,0.054326097000000004
10625,25,251230.0,344611.0948,三角波,材料4,0.060887352000000006
10626,25,282490.0,8907.131115,三角波,材料4,0.010975509500000001
10627,25,282490.0,11330.01485,三角波,材料4,0.012286
10628,25,282490.0,14372.76728,三角波,材料4,0.013832839999999999
10629,25,282480.0,18342.88845,三角波,材料4,0.0153183365
10630,25,282480.0,23997.16856,三角波,材料4,0.017270334
10631,25,282500.0,31367.26523,三角波,材料4,0.0194915425
10632,25,282480.0,40479.70479,三角波,材料4,0.021811674500000003
10633,25,282490.0,52391.6212,三角波,材料4,0.024471862
10634,25,282490.0,87675.48493,三角波,材料4,0.0305623525
10635,25,282480.0,114233.0727,三角波,材料4,0.034371967
10636,25,282490.0,150572.8329,三角波,材料4,0.038692482
10637,25,282480.0,256574.6549,三角波,材料4,0.048822148499999996
10638,25,282480.0,335325.5889,三角波,材料4,0.054691906
10639,25,316470.0,11593.78679,三角波,材料4,0.010915459
10640,25,316460.0,19004.39287,三角波,材料4,0.013627862000000001
10641,25,316470.0,24109.25125,三角波,材料4,0.0153430645
10642,25,316470.0,31290.16943,三角波,材料4,0.017293634
10643,25,316460.0,40392.48861,三角波,材料4,0.01937829
10644,25,316460.0,52065.54529,三角波,材料4,0.0217276495
10645,25,316460.0,67372.61793,三角波,材料4,0.0244272425
10646,25,316460.0,86133.26513,三角波,材料4,0.027088574
10647,25,316480.0,112128.1733,三角波,材料4,0.030577597499999998
10648,25,316470.0,146280.2933,三角波,材料4,0.034373561
10649,25,316460.0,323427.8243,三角波,材料4,0.048541311000000004
10650,25,354590.0,15283.07137,三角波,材料4,0.0107882445
10651,25,354590.0,19344.37915,三角波,材料4,0.011969602999999999
10652,25,354600.0,24412.47791,三角波,材料4,0.013431179
10653,25,354590.0,40340.96517,三角波,材料4,0.0169551305
10654,25,354590.0,51843.19654,三角波,材料4,0.0190184235
10655,25,354590.0,66815.1548,三角波,材料4,0.0213779955
10656,25,354600.0,85347.63498,三角波,材料4,0.023760537499999998
10657,25,354590.0,110023.8917,三角波,材料4,0.0267289585
10658,25,354580.0,183468.4187,三角波,材料4,0.033715574
10659,25,354590.0,310437.0568,三角波,材料4,0.042473936500000004
10660,25,396790.0,20576.25004,三角波,材料4,0.0110445285
10661,25,396800.0,25993.16386,三角波,材料4,0.012433244
10662,25,396800.0,33257.05894,三角波,材料4,0.013986471
10663,25,396800.0,42412.4717,三角波,材料4,0.0156453305
10664,25,396800.0,54351.81273,三角波,材料4,0.0175524565
10665,25,396800.0,69956.70454,三角波,材料4,0.019752870999999998
10666,25,396800.0,114626.1349,三角波,材料4,0.0246651035
10667,25,396800.0,148231.5235,三角波,材料4,0.02777071
10668,25,396800.0,190427.4043,三角波,材料4,0.0311460165
10669,25,396810.0,246333.5745,三角波,材料4,0.0349413895
10670,25,396800.0,318788.9456,三角波,材料4,0.0391328115
10671,25,446410.0,26132.27382,三角波,材料4,0.0105132695
10672,25,446410.0,33674.34107,三角波,材料4,0.01189964
10673,25,446400.0,53897.74844,三角波,材料4,0.014871424500000001
10674,25,446400.0,69121.59721,三角波,材料4,0.016746684499999998
10675,25,446400.0,112522.9554,三角波,材料4,0.020904084
10676,25,446410.0,144376.788,三角波,材料4,0.0235527975
10677,25,446410.0,184703.2653,三角波,材料4,0.026391799
10678,25,446410.0,237685.5084,三角波,材料4,0.029628876499999998
10679,25,446410.0,305299.3046,三角波,材料4,0.0332175005
10680,25,56180.0,6172.456194,三角波,材料4,0.0340577245
10681,25,56180.0,8288.309802,三角波,材料4,0.038539968
10682,25,56180.0,10906.57071,三角波,材料4,0.042987925
10683,25,56180.0,14796.9538,三角波,材料4,0.048498366
10684,25,56180.0,19702.41925,三角波,材料4,0.054414416
10685,25,56170.0,44406.25012,三角波,材料4,0.076699645
10686,25,56180.0,77030.27135,三角波,材料4,0.0973394325
10687,25,56180.0,100260.1726,三角波,材料4,0.1085912205
10688,25,56180.0,130844.9145,三角波,材料4,0.12201938
10689,25,56180.0,222126.8107,三角波,材料4,0.1527332015
10690,25,56180.0,487732.4502,三角波,材料4,0.217202617
10691,25,56180.0,625247.8986,三角波,材料4,0.2426591395
10692,25,56180.0,812588.5798,三角波,材料4,0.27289849499999996
10693,25,70800.0,7754.464836,三角波,材料4,0.0340803635
10694,25,70800.0,10646.5438,三角波,材料4,0.038512763
10695,25,70790.0,14471.59173,三角波,材料4,0.0432686595
10696,25,70790.0,25364.1843,三角波,材料4,0.0545405365
10697,25,70800.0,44821.99056,三角波,材料4,0.0688233825
10698,25,70800.0,77204.54187,三角波,材料4,0.08630700150000001
10699,25,70800.0,99947.14162,三角波,材料4,0.096874322
10700,25,70800.0,131010.8112,三角波,材料4,0.108792756
10701,25,70800.0,225182.2868,三角波,材料4,0.136561378
10702,25,70800.0,294938.4311,三角波,材料4,0.1536926945
10703,25,70800.0,386626.5349,三角波,材料4,0.1727009745
10704,25,70800.0,497232.7305,三角波,材料4,0.19286818449999998
10705,25,70790.0,809872.7715,三角波,材料4,0.24060221650000002
10706,25,70800.0,1057866.957,三角波,材料4,0.2712772065
10707,25,79430.0,3628.815909,三角波,材料4,0.0240770745
10708,25,79440.0,6528.863478,三角波,材料4,0.0303671935
10709,25,79430.0,8989.127865,三角波,材料4,0.034337714
10710,25,79430.0,21658.49537,三角波,材料4,0.048634786
10711,25,79430.0,28674.94507,三角波,材料4,0.05430686
10712,25,79430.0,51148.9829,三角波,材料4,0.068808167
10713,25,79440.0,67051.73226,三角波,材料4,0.07694338349999999
10714,25,79440.0,150276.0134,三角波,材料4,0.108151473
10715,25,79440.0,198637.7716,三角波,材料4,0.12172955199999999
10716,25,79430.0,577063.2423,三角波,材料4,0.193332148
10717,25,79440.0,722923.6239,三角波,材料4,0.214358199
10718,25,89200.0,3021.993253,三角波,材料4,0.02141139
10719,25,89200.0,4116.892845,三角波,材料4,0.024253446499999998
10720,25,89200.0,7521.064423,三角波,材料4,0.030526227
10721,25,89200.0,10282.88927,三角波,材料4,0.034277053
10722,25,89200.0,13797.94751,三角波,材料4,0.038649474
10723,25,89200.0,24540.40625,三角波,材料4,0.048258712
10724,25,89200.0,33229.75607,三角波,材料4,0.054469656
10725,25,89200.0,44030.58905,三角波,材料4,0.061156782
10726,25,89200.0,58246.76161,三角波,材料4,0.068323909
10727,25,89200.0,76845.73112,三角波,材料4,0.07664226
10728,25,89200.0,100777.4091,三角波,材料4,0.08606190350000001
10729,25,89200.0,131631.0167,三角波,材料4,0.09606526800000001
10730,25,89200.0,174132.2868,三角波,材料4,0.108177612
10731,25,89200.0,228994.1973,三角波,材料4,0.12165522200000001
10732,25,89200.0,301625.8225,三角波,材料4,0.1366544145
10733,25,89200.0,390516.7504,三角波,材料4,0.152697728
10734,25,89200.0,512370.2265,三角波,材料4,0.1718770785
10735,25,89190.0,841588.8967,三角波,材料4,0.21529835349999998
10736,25,89200.0,1421376.923,三角波,材料4,0.2714723575
10737,25,99910.0,2435.779863,三角波,材料4,0.0191676505
10738,25,99910.0,3351.55076,三角波,材料4,0.021718803000000002
10739,25,99910.0,6212.021797,三角波,材料4,0.027320225
10740,25,99910.0,8481.22719,三角波,材料4,0.0306869315
10741,25,99910.0,15182.00411,三角波,材料4,0.038637435
10742,25,99910.0,20705.29092,三角波,材料4,0.043280494
10743,25,99910.0,28247.80732,三角波,材料4,0.048798062
10744,25,99910.0,50140.9611,三角波,材料4,0.061284234
10745,25,99910.0,66356.81689,三角波,材料4,0.0686933385
10746,25,99910.0,115550.2953,三角波,材料4,0.08598270499999999
10747,25,99910.0,152208.7336,三角波,材料4,0.09686153950000001
10748,25,99910.0,201004.5552,三角波,材料4,0.108957672
10749,25,99910.0,265842.5814,三角波,材料4,0.1224284005
10750,25,99910.0,344635.6805,三角波,材料4,0.136774365
10751,25,99900.0,763269.6558,三角波,材料4,0.19275313100000002
10752,25,99910.0,975439.6675,三角波,材料4,0.216496346
10753,25,99910.0,1272730.114,三角波,材料4,0.24345008
10754,25,112160.0,2154.061619,三角波,材料4,0.01705636
10755,25,112160.0,3924.355926,三角波,材料4,0.021505917
10756,25,112170.0,5453.409106,三角波,材料4,0.0243262115
10757,25,112160.0,7502.417849,三角波,材料4,0.0273300215
10758,25,112170.0,10080.15654,三角波,材料4,0.030813022000000002
10759,25,112170.0,13377.16741,三角波,材料4,0.034418536
10760,50,56180.0,1548.063517,三角波,材料4,0.021708939
10761,50,56190.0,2062.715089,三角波,材料4,0.0242633495
10762,50,56180.0,2832.915696,三角波,材料4,0.027260198
10763,50,56180.0,3715.136319,三角波,材料4,0.030671699499999996
10764,50,56180.0,5062.153074,三角波,材料4,0.0347175325
10765,50,56180.0,8832.276823,三角波,材料4,0.0432199405
10766,50,56190.0,12010.23869,三角波,材料4,0.048883486500000004
10767,50,56180.0,21237.87329,三角波,材料4,0.061007279
10768,50,56200.0,38257.92394,三角波,材料4,0.076524556
10769,50,56180.0,159427.7303,三角波,材料4,0.136961005
10770,50,56180.0,207165.1792,三角波,材料4,0.15181222449999998
10771,50,56190.0,277925.7646,三角波,材料4,0.1713810765
10772,50,56190.0,476886.5206,三角波,材料4,0.216252997
10773,50,56180.0,631471.8561,三角波,材料4,0.24299348999999998
10774,50,56180.0,834688.0426,三角波,材料4,0.27189358350000004
10775,50,70790.0,1269.164465,三角波,材料4,0.017360313000000002
10776,50,70780.0,2213.1484,三角波,材料4,0.021769169499999998
10777,50,70790.0,2887.322007,三角波,材料4,0.0244079875
10778,50,70780.0,3960.284431,三角波,材料4,0.0277351095
10779,50,70780.0,7061.874693,三角波,材料4,0.034550316
10780,50,70770.0,9541.774566,三角波,材料4,0.039103215
10781,50,70780.0,30115.50083,三角波,材料4,0.061110178
10782,50,70770.0,40176.61614,三角波,材料4,0.068662263
10783,50,70770.0,72756.91641,三角波,材料4,0.086794295
10784,50,70790.0,96356.22793,三角波,材料4,0.09710157350000001
10785,50,70780.0,127253.1706,三角波,材料4,0.10942526
10786,50,70780.0,222492.0021,三角波,材料4,0.1368468305
10787,50,70780.0,296261.1625,三角波,材料4,0.154188256
10788,50,70800.0,392205.4016,三角波,材料4,0.17292001750000002
10789,50,70780.0,518998.0374,三角波,材料4,0.1942477345
10790,50,70780.0,677272.1024,三角波,材料4,0.217592566
10791,50,79430.0,2612.020775,三角波,材料4,0.021667384999999997
10792,50,79440.0,4709.784663,三角波,材料4,0.027214962500000002
10793,50,79430.0,464701.5434,三角波,材料4,0.1722071605
10794,50,112170.0,1758.462153,三角波,材料4,0.013809121
10795,50,112170.0,2256.543711,三角波,材料4,0.0155255735
10796,50,112170.0,3867.551384,三角波,材料4,0.019401804
10797,50,112170.0,27836.43375,三角波,材料4,0.0434747305
10798,50,112170.0,37345.61279,三角波,材料4,0.049013807
10799,50,112170.0,65400.17174,三角波,材料4,0.06144875599999999
10800,50,112180.0,263999.9751,三角波,材料4,0.10924163
10801,50,112170.0,468416.4441,三角波,材料4,0.13775191
10802,50,125890.0,1733.112627,三角波,材料4,0.012303756999999999
10803,50,125890.0,2950.546813,三角波,材料4,0.015632695500000002
10804,50,125890.0,3814.150235,三角波,材料4,0.017193967
10805,50,125890.0,4976.497958,三角波,材料4,0.0194306015
10806,50,125900.0,6721.338624,三角波,材料4,0.0219716065
10807,50,125890.0,8727.250704,三角波,材料4,0.0245575695
10808,50,125890.0,11272.05498,三角波,材料4,0.027426007
10809,50,125890.0,19681.07239,三角波,材料4,0.034334865
10810,50,125890.0,26154.71652,三角波,材料4,0.0386370845
10811,50,125890.0,34700.06758,三角波,材料4,0.043593045999999996
10812,50,125880.0,60793.20993,三角波,材料4,0.05469809
10813,50,125890.0,80765.47376,三角波,材料4,0.0615162675
10814,50,125890.0,105389.568,三角波,材料4,0.0683063365
10815,50,125890.0,140001.1497,三角波,材料4,0.07696262549999999
10816,50,125890.0,324132.496,三角波,材料4,0.1092948515
10817,50,141290.0,1712.770374,三角波,材料4,0.010771306
10818,50,141280.0,2225.921172,三角波,材料4,0.0121042515
10819,50,141290.0,2906.17509,三角波,材料4,0.0137239085
10820,50,141280.0,3706.969316,三角波,材料4,0.015114351
10821,50,141280.0,6443.83413,三角波,材料4,0.0193038975
10822,50,141290.0,8351.308168,三角波,材料4,0.0215369165
10823,50,141280.0,10768.50361,三角波,材料4,0.024046361000000002
10824,50,141280.0,14273.69203,三角波,材料4,0.0271149025
10825,50,141290.0,24358.62338,三角波,材料4,0.033834171999999996
10826,50,141280.0,32548.80459,三角波,材料4,0.0381844095
10827,50,141280.0,224043.6568,三角波,材料4,0.08527062499999999
10828,50,141280.0,389944.4417,三角波,材料4,0.1074010155
10829,50,158750.0,2325.924134,三角波,材料4,0.0110321095
10830,50,158750.0,3060.610683,三角波,材料4,0.01252868
10831,50,158760.0,5082.514735,三角波,材料4,0.015566273
10832,50,158750.0,6711.849343,三角波,材料4,0.017586944
10833,50,158750.0,8614.041375,三角波,材料4,0.019676053
10834,50,158750.0,11007.41593,三角波,材料4,0.0219439815
10835,50,158750.0,14433.58797,三角波,材料4,0.02475105
10836,50,158750.0,18875.91128,三角波,材料4,0.0275074685
10837,50,158750.0,24457.90919,三角波,材料4,0.030849073499999997
10838,50,158750.0,32456.68913,三角波,材料4,0.0348710605
10839,50,158760.0,42306.13774,三角波,材料4,0.0390306615
10840,50,158760.0,55161.73944,三角波,材料4,0.043720735
10841,50,158750.0,217999.7612,三角波,材料4,0.0776682035
10842,50,177890.0,3061.386707,三角波,材料4,0.0109728155
10843,50,177880.0,3841.231,三角波,材料4,0.0120360405
10844,50,177890.0,5007.93165,三角波,材料4,0.0136009455
10845,50,177890.0,8454.211379,三角波,材料4,0.017209213
10846,50,177890.0,10650.24714,三角波,材料4,0.019265051499999998
10847,50,177890.0,23443.80141,三角波,材料4,0.027048965
10848,50,177890.0,31006.46575,三角波,材料4,0.0305324015
10849,50,177900.0,40488.6764,三角波,材料4,0.034207721999999996
10850,50,177890.0,52305.55433,三角波,材料4,0.038312922
10851,50,177890.0,68595.29589,三角波,材料4,0.043114437500000005
10852,50,177900.0,154181.4275,三角波,材料4,0.0607151545
10853,50,177900.0,202330.5195,三角波,材料4,0.06812467350000001
10854,50,177900.0,350664.692,三角波,材料4,0.085803197
10855,50,199170.0,4003.519501,三角波,材料4,0.010782987
10856,50,199160.0,5208.203354,三角波,材料4,0.0121886465
10857,50,199160.0,11056.68191,三角波,材料4,0.017214705
10858,50,199170.0,14113.41853,三角波,材料4,0.01937593
10859,50,199180.0,23646.51059,三角波,材料4,0.024177116999999998
10860,50,199160.0,30822.23483,三角波,材料4,0.027284631
10861,50,199170.0,51549.36246,三角波,材料4,0.0342534365
10862,50,199170.0,86605.24107,三角波,材料4,0.042755687
10863,50,199160.0,149179.2557,三角波,材料4,0.054291514
10864,50,199170.0,194202.2566,三角波,材料4,0.06084153
10865,50,224180.0,5396.957871,三角波,材料4,0.010734598
10866,50,224180.0,7001.039045,三角波,材料4,0.012143076499999999
10867,50,224180.0,11190.22352,三角波,材料4,0.015128078
10868,50,224180.0,14506.35444,三角波,材料4,0.0170642545
10869,50,224190.0,18223.53879,三角波,材料4,0.0189107465
10870,50,224170.0,23574.15663,三角波,材料4,0.0213115465
10871,50,224170.0,30476.80273,三角波,材料4,0.023994527
10872,50,224180.0,39585.22979,三角波,材料4,0.026924409500000003
10873,50,224180.0,65871.26467,三角波,材料4,0.033928197
10874,50,224180.0,84164.53261,三角波,材料4,0.0376648515
10875,50,224180.0,109842.7508,三角波,材料4,0.0424615475
10876,50,224190.0,143979.8874,三角波,材料4,0.047729405
10877,50,224180.0,186586.0245,三角波,材料4,0.0535582675
10878,50,224180.0,243501.3218,三角波,材料4,0.06021009
10879,50,224180.0,319461.8942,三角波,材料4,0.06739373600000001
10880,50,251220.0,9353.616252,三角波,材料4,0.0122734005
10881,50,251230.0,11729.67575,三角波,材料4,0.0136813265
10882,50,251230.0,15134.07464,三角波,材料4,0.015471465
10883,50,251220.0,19163.71348,三角波,材料4,0.017115683
10884,50,251230.0,24219.15895,三角波,材料4,0.0192563465
10885,50,251230.0,40479.89249,三角波,材料4,0.0243615435
10886,50,251220.0,67240.75797,三角波,材料4,0.030704968
10887,50,251220.0,110761.1147,三角波,材料4,0.0383570445
10888,50,251230.0,144653.7455,三角波,材料4,0.043177918999999995
10889,50,251220.0,187081.3178,三角波,材料4,0.048443389
10890,50,282490.0,25291.50932,三角波,材料4,0.017341587
10891,50,282490.0,41813.41456,三角波,材料4,0.021885494499999998
10892,50,282490.0,87510.66421,三角波,材料4,0.030610616
10893,50,282490.0,112843.7335,三角波,材料4,0.034481700000000004
10894,50,282490.0,146113.2298,三角波,材料4,0.0387918265
10895,50,282490.0,244240.0149,三角波,材料4,0.048864200999999996
10896,50,282490.0,317483.1383,三角波,材料4,0.054724562500000004
10897,50,316460.0,12815.89714,三角波,材料4,0.010947513499999999
10898,50,316470.0,16392.66458,三角波,材料4,0.0123224545
10899,50,316470.0,20604.83209,三角波,材料4,0.013672186999999999
10900,50,316460.0,26010.04781,三角波,材料4,0.01537358
10901,50,316460.0,33463.26005,三角波,材料4,0.017372218000000002
10902,50,316470.0,54331.53482,三角波,材料4,0.021747469
10903,50,316480.0,88850.39703,三角波,材料4,0.0272144775
10904,50,316480.0,113551.353,三角波,材料4,0.030552867999999997
10905,50,316470.0,146587.5034,三角波,材料4,0.034400999
10906,50,316460.0,243640.5003,三角波,材料4,0.0433962395
10907,50,316470.0,313989.2728,三角波,材料4,0.048590535000000004
10908,50,354600.0,16970.09721,三角波,材料4,0.010814102999999999
10909,50,354600.0,20933.97648,三角波,材料4,0.0119725445
10910,50,354590.0,34114.88185,三角波,材料4,0.015183225500000001
10911,50,354590.0,89425.92477,三角波,材料4,0.0237634155
10912,50,354590.0,114582.8245,三角波,材料4,0.026773400000000003
10913,50,354590.0,146887.0543,三角波,材料4,0.030151427
10914,50,354590.0,187621.4994,三角波,材料4,0.033788728000000004
10915,50,354600.0,241136.8578,三角波,材料4,0.0379317015
10916,50,354590.0,309743.6832,三角波,材料4,0.0425185155
10917,50,396810.0,36314.38997,三角波,材料4,0.013998272499999999
10918,50,396810.0,94306.20217,三角波,材料4,0.021954005
10919,50,396810.0,154457.6795,三角波,材料4,0.0277894605
10920,50,446410.0,28580.57912,三角波,材料4,0.0105258365
10921,50,446410.0,36815.77555,三角波,材料4,0.0118960255
10922,50,446410.0,46315.7927,三角波,材料4,0.013291969
10923,50,446410.0,58725.05349,三角波,材料4,0.014926663
10924,50,446410.0,94328.91032,三角波,材料4,0.018628186999999997
10925,50,446400.0,153422.3418,三角波,材料4,0.0235632805
10926,50,446410.0,248451.6881,三角波,材料4,0.029662501
10927,50,446410.0,316606.5127,三角波,材料4,0.0332166675
10928,50,56180.0,3854.939775,三角波,材料4,0.03414054
10929,50,56180.0,5137.478629,三角波,材料4,0.0385815515
10930,50,56180.0,9252.697888,三角波,材料4,0.0485897295
10931,50,56170.0,16669.04388,三角波,材料4,0.061375597000000004
10932,50,56180.0,21975.18399,三角波,材料4,0.068635055
10933,50,56180.0,39173.08987,三角波,材料4,0.0868275245
10934,50,56170.0,69344.52485,三角波,材料4,0.108838311
10935,50,56180.0,91305.39471,三角波,材料4,0.12215066
10936,50,56180.0,161129.389,三角波,材料4,0.15304339150000001
10937,50,56180.0,215894.9794,三角波,材料4,0.172176164
10938,50,56180.0,385632.3306,三角波,材料4,0.217629389
10939,50,70790.0,3770.727167,三角波,材料4,0.030657634
10940,50,70800.0,5010.544234,三角波,材料4,0.034212298
10941,50,70790.0,6853.80912,三角波,材料4,0.0386418245
10942,50,70790.0,12427.96667,三角波,材料4,0.048972585
10943,50,70790.0,22084.49623,三角波,材料4,0.0612177735
10944,50,70800.0,122388.1488,三角波,材料4,0.1215784725
10945,50,70800.0,165106.5463,三角波,材料4,0.13685291249999998
10946,50,70800.0,219878.9053,三角波,材料4,0.154036382
10947,50,70800.0,294845.7967,三角波,材料4,0.172928317
10948,50,70800.0,387358.5125,三角波,材料4,0.193225438
10949,50,70790.0,517088.9323,三角波,材料4,0.21741052449999998
10950,50,79430.0,2381.242717,三角波,材料4,0.024130827
10951,50,79430.0,4264.425838,三角波,材料4,0.0304256615
10952,50,79430.0,5843.157274,三角波,材料4,0.034475639
10953,50,79440.0,7972.157455,三角波,材料4,0.03866547
10954,50,79430.0,10588.32889,三角波,材料4,0.0435805025
10955,50,79430.0,45670.1307,三角波,材料4,0.07707771
10956,50,79430.0,60733.1717,三角波,材料4,0.08657213750000001
10957,50,79430.0,80659.84794,三角波,材料4,0.09721015350000001
10958,50,79440.0,106529.3706,三角波,材料4,0.108416136
10959,50,79430.0,143904.6216,三角波,材料4,0.12210211600000001
10960,50,79430.0,192468.9467,三角波,材料4,0.137160224
10961,50,79430.0,257976.2474,三角波,材料4,0.154005726
10962,50,79440.0,340384.6463,三角波,材料4,0.17227046099999999
10963,50,79440.0,454823.2087,三角波,材料4,0.19377998400000002
10964,50,79430.0,777580.9156,三角波,材料4,0.2422557135
10965,50,79430.0,1025722.575,三角波,材料4,0.272045722
10966,50,89200.0,2044.706828,三角波,材料4,0.021461469499999997
10967,50,89200.0,2741.274933,三角波,材料4,0.024275690000000003
10968,50,89200.0,3651.543093,三角波,材料4,0.0270210745
10969,50,89200.0,5033.728219,三角波,材料4,0.0305610455
10970,50,89200.0,6834.231348,三角波,材料4,0.034339732
10971,50,89200.0,9180.03272,三角波,材料4,0.038775051000000005
10972,50,89200.0,16262.5647,三角波,材料4,0.04838169
10973,50,89200.0,22301.15806,三角波,材料4,0.054599314999999995
10974,50,89200.0,39764.69953,三角波,材料4,0.068466209
10975,50,89200.0,70642.24849,三角波,材料4,0.0863119515
10976,50,89200.0,168284.2503,三角波,材料4,0.121818111
10977,50,89200.0,226438.4834,三角波,材料4,0.13685161099999998
10978,50,89200.0,298683.5784,三角波,材料4,0.1530124705
10979,50,89200.0,399447.6198,三角波,材料4,0.1721490605
10980,50,89200.0,519337.2151,三角波,材料4,0.1907228565
10981,50,89200.0,696837.0076,三角波,材料4,0.215375211
10982,50,89200.0,1204052.085,三角波,材料4,0.271819555
10983,50,99910.0,1718.601984,三角波,材料4,0.0192526015
10984,50,99910.0,2308.688882,三角波,材料4,0.0217825145
10985,50,99910.0,3101.191169,三角波,材料4,0.0242602735
10986,50,99910.0,5798.050204,三角波,材料4,0.0307536305
10987,50,99910.0,10302.05535,三角波,材料4,0.0387677195
10988,50,99910.0,19054.58442,三角波,材料4,0.048875007
10989,50,99910.0,25724.84079,三角波,材料4,0.054911877
10990,50,99910.0,34619.98344,三角波,材料4,0.0613516175
10991,50,99910.0,45988.26607,三角波,材料4,0.068921501
10992,50,99900.0,61334.83248,三角波,材料4,0.077351224
10993,50,99900.0,81983.51105,三角波,材料4,0.08623410549999999
10994,50,99910.0,146693.2388,三角波,材料4,0.1090847695
10995,50,99910.0,197862.8587,三角波,材料4,0.1226866655
10996,50,99910.0,261667.6276,三角波,材料4,0.1369866425
10997,50,99910.0,350816.1629,三角波,材料4,0.15423951749999998
10998,50,99910.0,457583.3593,三角波,材料4,0.1710644415
10999,50,99910.0,616013.9603,三角波,材料4,0.193048469
11000,50,99910.0,1066509.827,三角波,材料4,0.2437868915
11001,50,112160.0,1659.123419,三角波,材料4,0.0171384785
11002,50,112170.0,2131.556938,三角波,材料4,0.019372955499999997
11003,50,112160.0,2796.069272,三角波,材料4,0.0215310975
11004,50,112170.0,7067.428958,三角波,材料4,0.030860677000000003
11005,50,112170.0,9255.355872,三角波,材料4,0.0343706865
11006,50,112160.0,12570.12545,三角波,材料4,0.03848581349999999
11007,50,112160.0,23061.68628,三角波,材料4,0.0488012365
11008,50,112170.0,30910.958,三角波,材料4,0.0544498375
11009,70,56180.0,2189.196451,三角波,材料4,0.0273510145
11010,70,56190.0,2876.001485,三角波,材料4,0.030691576499999998
11011,70,56180.0,5069.62443,三角波,材料4,0.038412230500000005
11012,70,56180.0,12598.28992,三角波,材料4,0.05472663
11013,70,56190.0,30074.63216,三角波,材料4,0.07668842000000001
11014,70,56190.0,40417.66934,三角波,材料4,0.0861351005
11015,70,56190.0,55346.81627,三角波,材料4,0.097121006
11016,70,56180.0,74826.08379,三角波,材料4,0.10888690749999999
11017,70,56180.0,99578.92499,三角波,材料4,0.1217893125
11018,70,56180.0,134891.5738,三角波,材料4,0.137051415
11019,70,56200.0,179004.4811,三角波,材料4,0.15231779499999998
11020,70,56190.0,327182.2237,三角波,材料4,0.193243595
11021,70,56180.0,434033.5476,三角波,材料4,0.21642234049999998
11022,70,56180.0,570012.3671,三角波,材料4,0.2432627225
11023,70,70790.0,1891.926513,三角波,材料4,0.021832029
11024,70,70780.0,2404.851343,三角波,材料4,0.024441399000000003
11025,70,70780.0,3279.388885,三角波,材料4,0.0277777965
11026,70,70770.0,4224.892512,三角波,材料4,0.0305823905
11027,70,70790.0,5757.19015,三角波,材料4,0.0345871975
11028,70,70780.0,10219.35158,三角波,材料4,0.0436619345
11029,70,70770.0,24139.06361,三角波,材料4,0.061095035500000006
11030,70,70780.0,44416.57848,三角波,材料4,0.07760342
11031,70,70790.0,59997.41477,三角波,材料4,0.086919005
11032,70,70790.0,79999.93629,三角波,材料4,0.097289758
11033,70,70780.0,107187.6893,三角波,材料4,0.109425277
11034,70,70780.0,191943.1186,三角波,材料4,0.13681025349999998
11035,70,70770.0,259736.1244,三角波,材料4,0.15415110599999998
11036,70,70780.0,348064.0748,三角波,材料4,0.17286916600000002
11037,70,70770.0,466395.9993,三角波,材料4,0.1943883225
11038,70,70790.0,614527.4279,三角波,材料4,0.2176881085
11039,70,79430.0,16398.66514,三角波,材料4,0.048821551
11040,70,99930.0,139657.277,三角波,材料4,0.096971594
11041,70,112170.0,8345.214152,三角波,材料4,0.0276096365
11042,70,112170.0,14160.27245,三角波,材料4,0.034831869
11043,70,112170.0,32596.45565,三角波,材料4,0.0490545965
11044,70,112180.0,177295.3718,三角波,材料4,0.097541303
11045,70,112180.0,314152.4255,三角波,材料4,0.12301232250000001
11046,70,112180.0,420280.023,三角波,材料4,0.1377290115
11047,70,125890.0,1797.738102,三角波,材料4,0.0122862985
11048,70,125890.0,3818.017772,三角波,材料4,0.0172340975
11049,70,125900.0,4999.59089,三角波,材料4,0.019455743
11050,70,125890.0,6462.028766,三角波,材料4,0.0219784525
11051,70,125890.0,8387.670652,三角波,材料4,0.0245750725
11052,70,125890.0,10719.1214,三角波,材料4,0.027432541999999997
11053,70,125890.0,14056.48211,三角波,材料4,0.0309671515
11054,70,125890.0,23688.80742,三角波,材料4,0.038667149
11055,70,125890.0,31227.40619,三角波,材料4,0.043597028999999995
11056,70,125880.0,41036.71204,三角波,材料4,0.048822104500000005
11057,70,125890.0,53911.96234,三角波,材料4,0.0546743005
11058,70,125890.0,71490.12992,三角波,材料4,0.061550822000000005
11059,70,125890.0,165273.0642,三角波,材料4,0.086795378
11060,70,125890.0,218648.1961,三角波,材料4,0.097224909
11061,70,141290.0,1804.979345,三角波,材料4,0.0107740585
11062,70,141280.0,2311.406355,三角波,材料4,0.012096539
11063,70,141280.0,3014.136932,三角波,材料4,0.013699132
11064,70,141280.0,3803.554991,三角波,材料4,0.015085117
11065,70,141280.0,4937.115391,三角波,材料4,0.017061125
11066,70,141280.0,8231.78936,三角波,材料4,0.021549458
11067,70,141290.0,10431.85934,三角波,材料4,0.0240625275
11068,70,141290.0,13617.98531,三角波,材料4,0.0271771415
11069,70,141280.0,17674.37541,三角波,材料4,0.0301565875
11070,70,141280.0,39249.35384,三角波,材料4,0.042866216
11071,70,141290.0,50995.96324,三角波,材料4,0.0479642295
11072,70,141290.0,67078.27752,三角波,材料4,0.05398569
11073,70,141290.0,152266.3374,三角波,材料4,0.076079916
11074,70,141280.0,201265.6157,三角波,材料4,0.08537792550000001
11075,70,158750.0,2461.821977,三角波,材料4,0.011064692000000001
11076,70,158750.0,4006.631801,三角波,材料4,0.013764457
11077,70,158760.0,5151.97834,三角波,材料4,0.015537219
11078,70,158750.0,6764.307954,三角波,材料4,0.0175971875
11079,70,158750.0,8699.48142,三角波,材料4,0.019653469
11080,70,158750.0,10844.9172,三角波,材料4,0.021972693
11081,70,158750.0,14157.86725,三角波,材料4,0.024795032
11082,70,158740.0,18183.08286,三角波,材料4,0.0275118765
11083,70,158750.0,23449.22438,三角波,材料4,0.030879814999999998
11084,70,158750.0,30830.09535,三角波,材料4,0.034901424
11085,70,158750.0,39829.24169,三角波,材料4,0.039090426
11086,70,158750.0,67096.73313,三角波,材料4,0.0492177565
11087,70,158760.0,86818.92776,三角波,材料4,0.054672537
11088,70,158760.0,114567.383,三角波,材料4,0.061540078
11089,70,158760.0,150615.1648,三角波,材料4,0.0693100665
11090,70,158750.0,198103.2343,三角波,材料4,0.077759621
11091,70,158740.0,346466.6767,三角波,材料4,0.097974461
11092,70,177890.0,3263.893353,三角波,材料4,0.0109536535
11093,70,177880.0,4078.367142,三角波,材料4,0.0120769505
11094,70,177890.0,6780.670572,三角波,材料4,0.015388967
11095,70,177890.0,8703.127398,三角波,材料4,0.0171866675
11096,70,177890.0,11003.38865,三角波,材料4,0.0192601175
11097,70,177890.0,23140.84931,三角波,材料4,0.027042902
11098,70,177890.0,30100.41524,三角波,材料4,0.030558993
11099,70,177890.0,38858.99631,三角波,材料4,0.034193525
11100,70,177890.0,49857.5738,三角波,材料4,0.0382949005
11101,70,177890.0,64717.71359,三角波,材料4,0.043119410999999996
11102,70,177890.0,83095.64987,三角波,材料4,0.047927284
11103,70,177880.0,108868.3821,三角波,材料4,0.053950977
11104,70,177900.0,143349.8539,三角波,材料4,0.060698472
11105,70,199170.0,4262.170503,三角波,材料4,0.010791551
11106,70,199160.0,5446.207096,三角波,材料4,0.0121713005
11107,70,199170.0,7068.826903,三角波,材料4,0.01377114
11108,70,199170.0,11271.32855,三角波,材料4,0.0171838215
11109,70,199160.0,14586.74744,三角波,材料4,0.019412406
11110,70,199170.0,18218.89511,三角波,材料4,0.021480077
11111,70,199170.0,23435.16559,三角波,材料4,0.024182685000000002
11112,70,199160.0,30490.26051,三角波,材料4,0.0273008115
11113,70,199170.0,49993.36469,三角波,材料4,0.034215802000000003
11114,70,199160.0,64658.02379,三角波,材料4,0.038546406
11115,70,199180.0,82698.79676,三角波,材料4,0.042759144
11116,70,199160.0,107015.5123,三角波,材料4,0.0481622275
11117,70,199160.0,140392.0692,三角波,材料4,0.0542866875
11118,70,199160.0,181921.6638,三角波,材料4,0.060870555
11119,70,199160.0,237757.9808,三角波,材料4,0.068442108
11120,70,224180.0,5661.037759,三角波,材料4,0.0107174335
11121,70,224190.0,7303.073751,三角波,材料4,0.0121222245
11122,70,224180.0,23729.88718,三角波,材料4,0.021272445
11123,70,224180.0,30545.09448,三角波,材料4,0.023994394500000002
11124,70,224180.0,50503.7171,三角波,材料4,0.0301808795
11125,70,224180.0,64585.75848,三角波,材料4,0.033875838500000005
11126,70,224190.0,82339.53113,三角波,材料4,0.0376545815
11127,70,224180.0,106469.8656,三角波,材料4,0.042431958500000005
11128,70,224190.0,137920.3212,三角波,材料4,0.047728233499999995
11129,70,224190.0,178251.9276,三角波,材料4,0.053535927
11130,70,224180.0,301336.8088,三角波,材料4,0.067462118
11131,70,251230.0,9685.526546,三角波,材料4,0.012272909
11132,70,251230.0,12163.84777,三角波,材料4,0.013707921500000001
11133,70,251220.0,15527.32961,三角波,材料4,0.015465123
11134,70,251230.0,19588.93257,三角波,材料4,0.017130841
11135,70,251220.0,31768.26732,三角波,材料4,0.021786822
11136,70,251220.0,40456.4939,三角波,材料4,0.0243343115
11137,70,251220.0,51781.56622,三角波,材料4,0.027309443500000002
11138,70,251230.0,108764.8221,三角波,材料4,0.0383655185
11139,70,251230.0,234552.0601,三角波,材料4,0.0544361615
11140,70,251220.0,303236.8873,三角波,材料4,0.061014147
11141,70,282490.0,10223.35033,三角波,材料4,0.011031874
11142,70,282490.0,12831.95637,三角波,材料4,0.012312881
11143,70,282490.0,20567.86623,三角波,材料4,0.015370057999999999
11144,70,282490.0,33262.45076,三角波,材料4,0.019537422999999998
11145,70,282490.0,42250.15831,三角波,材料4,0.021875088
11146,70,282480.0,69077.51183,三角波,材料4,0.027559866500000002
11147,70,282480.0,144192.1098,三角波,材料4,0.0387986675
11148,70,282490.0,184027.5457,三角波,材料4,0.043435258500000004
11149,70,282480.0,237853.3992,三角波,材料4,0.048863016499999995
11150,70,282490.0,307102.2303,三角波,材料4,0.0547412045
11151,70,316470.0,13304.0681,三角波,材料4,0.010934804499999999
11152,70,316470.0,17058.61797,三角波,材料4,0.0123437215
11153,70,316470.0,21283.79159,三角波,材料4,0.0136426295
11154,70,316460.0,26709.86275,三角波,材料4,0.0153525495
11155,70,316460.0,34279.75129,三角波,材料4,0.017356228
11156,70,316460.0,55299.37497,三角波,材料4,0.021773813
11157,70,316470.0,70360.41745,三角波,材料4,0.024459922000000002
11158,70,316470.0,145943.9625,三角波,材料4,0.034445249
11159,70,316470.0,185814.9594,三角波,材料4,0.0385940815
11160,70,316470.0,238673.9671,三角波,材料4,0.0433543215
11161,70,316470.0,307012.6752,三角波,材料4,0.048614236000000005
11162,70,354590.0,17236.29135,三角波,材料4,0.0108161355
11163,70,354590.0,21616.60513,三角波,材料4,0.011984536
11164,70,354600.0,35091.52651,三角波,材料4,0.0151911105
11165,70,354590.0,44481.56616,三角波,材料4,0.017011004
11166,70,354590.0,56335.7915,三角波,材料4,0.019044906
11167,70,354590.0,71765.24529,三角波,材料4,0.021419194
11168,70,354600.0,90437.12447,三角波,材料4,0.02376501
11169,70,354590.0,186920.0732,三角波,材料4,0.033728327
11170,70,354590.0,305876.7338,三角波,材料4,0.0425034315
11171,70,396800.0,29292.56535,三角波,材料4,0.012433240500000001
11172,70,396800.0,37370.12566,三角波,材料4,0.0139972485
11173,70,396800.0,47319.07444,三角波,材料4,0.0156907165
11174,70,396800.0,59730.26822,三角波,材料4,0.017555929499999998
11175,70,396800.0,75965.30829,三角波,材料4,0.01974873
11176,70,396800.0,95679.6978,三角波,材料4,0.0219417555
11177,70,396800.0,155641.4196,三角波,材料4,0.027806455
11178,70,446410.0,37747.62972,三角波,材料4,0.011887581000000001
11179,70,446410.0,47412.19053,三角波,材料4,0.0133018125
11180,70,446400.0,75929.46569,三角波,材料4,0.016723616
11181,70,446410.0,95669.06006,三角波,材料4,0.018613862000000002
11182,70,446410.0,154576.5304,三角波,材料4,0.023576562500000002
11183,70,446410.0,247212.3839,三角波,材料4,0.0296112355
11184,70,446410.0,314428.8316,三角波,材料4,0.033183305999999996
11185,70,56180.0,3592.526401,三角波,材料4,0.0386435165
11186,70,56180.0,4719.974384,三角波,材料4,0.043065278
11187,70,56180.0,6460.061069,三角波,材料4,0.048682025500000004
11188,70,56180.0,8892.354886,三角波,材料4,0.0545581555
11189,70,56180.0,21241.5484,三角波,材料4,0.0771513845
11190,70,56180.0,39523.66224,三角波,材料4,0.09762000400000001
11191,70,56180.0,53603.20202,三角波,材料4,0.10892165449999999
11192,70,56180.0,72051.24979,三角波,材料4,0.12228525200000001
11193,70,56180.0,132451.8288,三角波,材料4,0.153229485
11194,70,56180.0,181233.2908,三角波,材料4,0.17236442000000002
11195,70,56190.0,246688.9084,三角波,材料4,0.194028928
11196,70,56180.0,334980.5989,三角波,材料4,0.21779061
11197,70,56180.0,585485.7517,三角波,材料4,0.273531226
11198,70,70800.0,2025.46075,三角波,材料4,0.027145715
11199,70,70790.0,2706.326476,三角波,材料4,0.030740973499999998
11200,70,70800.0,6665.065436,三角波,材料4,0.043409223
11201,70,70800.0,11842.64229,三角波,材料4,0.054606232500000004
11202,70,70800.0,15934.82665,三角波,材料4,0.061080985000000004
11203,70,70800.0,21867.59876,三角波,材料4,0.069082642
11204,70,70800.0,29787.54339,三角波,材料4,0.0776449815
11205,70,70800.0,40117.61827,三角波,材料4,0.0866057645
11206,70,70800.0,73008.6614,三角波,材料4,0.10910898
11207,70,70800.0,98146.9893,三角波,材料4,0.121619156
11208,70,70800.0,184245.9825,三角波,材料4,0.15408175600000001
11209,70,70800.0,453332.0485,三角波,材料4,0.21744161150000002
11210,70,70790.0,585203.7281,三角波,材料4,0.24099067000000002
11211,70,70800.0,791642.4573,三角波,材料4,0.27173968449999997
11212,70,79440.0,2373.1166,三角波,材料4,0.0273778965
11213,70,79430.0,3124.723913,三角波,材料4,0.030477741
11214,70,79430.0,5804.041079,三角波,材料4,0.038657160999999995
11215,70,79440.0,7768.304668,三角波,材料4,0.043698099000000004
11216,70,79430.0,10265.39638,三角波,材料4,0.048755725
11217,70,79430.0,13828.08025,三角波,材料4,0.0545016745
11218,70,79440.0,25891.76299,三角波,材料4,0.069151927
11219,70,79430.0,34751.40268,三角波,材料4,0.0771106595
11220,70,79430.0,63403.1489,三角波,材料4,0.09723016500000001
11221,70,79430.0,117122.0511,三角波,材料4,0.1221064605
11222,70,79430.0,218299.9017,三角波,材料4,0.15411566100000001
11223,70,79440.0,292611.3965,三角波,材料4,0.172255146
11224,70,79440.0,397871.9339,三角波,材料4,0.19399221049999998
11225,70,79440.0,522536.2233,三角波,材料4,0.21509008000000002
11226,70,79440.0,694959.8683,三角波,材料4,0.242417257
11227,70,79430.0,926351.2313,三角波,材料4,0.27212939
11228,70,89200.0,1556.053865,三角波,材料4,0.021464389
11229,70,89200.0,2111.789581,三角波,材料4,0.02433486
11230,70,89200.0,2764.496655,三角波,材料4,0.0271197075
11231,70,89200.0,3776.642206,三角波,材料4,0.030671624
11232,70,89200.0,8987.169968,三角波,材料4,0.0432945825
11233,70,89200.0,12126.51134,三角波,材料4,0.048442295499999996
11234,70,89200.0,16784.22181,三角波,材料4,0.054651200999999996
11235,70,89200.0,30545.38271,三角波,材料4,0.068530167
11236,70,89200.0,41168.70384,三角波,材料4,0.0770445265
11237,70,89200.0,55172.42528,三角波,材料4,0.08641976200000001
11238,70,89200.0,102367.0744,三角波,材料4,0.108495852
11239,70,89200.0,190157.8551,三角波,材料4,0.13703508749999999
11240,70,89200.0,254166.3312,三角波,材料4,0.153094534
11241,70,89200.0,456817.3683,三角波,材料4,0.19099926849999999
11242,70,89190.0,620941.6235,三角波,材料4,0.21561748349999998
11243,70,89200.0,814675.4683,三角波,材料4,0.24199245749999998
11244,70,89200.0,1093304.082,三角波,材料4,0.2718687505
11245,70,99910.0,2391.273031,三角波,材料4,0.024298741999999998
11246,70,99910.0,3298.087889,三角波,材料4,0.0274395425
11247,70,99910.0,4468.874449,三角波,材料4,0.030793081
11248,70,99910.0,7793.838454,三角波,材料4,0.038795944
11249,70,99910.0,10584.73214,三角波,材料4,0.043409761000000005
11250,70,99910.0,19621.67113,三角波,材料4,0.054955069999999995
11251,70,99910.0,26569.44168,三角波,材料4,0.0613821655
11252,70,99910.0,64947.93464,三角波,材料4,0.0862934085
11253,70,99910.0,88989.48472,三角波,材料4,0.0972470355
11254,70,99910.0,120467.2414,三角波,材料4,0.1092176025
11255,70,99910.0,164605.576,三角波,材料4,0.122718821
11256,70,99910.0,220707.6608,三角波,材料4,0.1371001675
11257,70,99910.0,301168.0686,三角波,材料4,0.1544337515
11258,70,99910.0,398655.7995,三角波,材料4,0.1710423225
11259,70,99910.0,543060.4828,三角波,材料4,0.1931217325
11260,70,99910.0,728009.8691,三角波,材料4,0.216888429
11261,70,99910.0,963035.3156,三角波,材料4,0.243822516
11262,70,99910.0,1291236.142,三角波,材料4,0.273934554
11263,70,112160.0,1834.805441,三角波,材料4,0.019344191
11264,70,112170.0,3161.230952,三角波,材料4,0.0243296475
11265,70,112160.0,4296.025545,三角波,材料4,0.0273443495
11266,70,112170.0,13480.87104,三角波,材料4,0.0434861475
11267,70,112170.0,18082.97198,三角波,材料4,0.0488335575
11268,70,112170.0,32524.66706,三角波,材料4,0.061243171
11269,70,112170.0,58680.17032,三角波,材料4,0.0765981725
11270,70,112160.0,80183.48184,三角波,材料4,0.0862925795
11271,90,56180.0,4224.751974,三角波,材料4,0.0384870275
11272,90,56180.0,5753.439806,三角波,材料4,0.0433787115
11273,90,56180.0,10357.41357,三角波,材料4,0.054772005
11274,90,56190.0,34639.25997,三角波,材料4,0.086163716
11275,90,56180.0,66349.56191,三角波,材料4,0.1089772825
11276,90,56180.0,88907.4786,三角波,材料4,0.12202529000000001
11277,90,56190.0,165753.1082,三角波,材料4,0.1523646905
11278,90,56180.0,226158.0559,三角波,材料4,0.1717078035
11279,90,56190.0,308101.6357,三角波,材料4,0.193810449
11280,90,56180.0,540639.5648,三角波,材料4,0.2437910735
11281,90,56180.0,720291.7791,三角波,材料4,0.27248122750000003
11282,90,70790.0,1067.534274,三角波,材料4,0.01739623
11283,90,70780.0,1365.58108,三角波,材料4,0.019414674
11284,90,70780.0,1802.06791,三角波,材料4,0.021852279000000002
11285,90,70780.0,2270.261724,三角波,材料4,0.024548656500000002
11286,90,70780.0,3015.875335,三角波,材料4,0.0277490155
11287,90,70780.0,3864.428,三角波,材料4,0.030573707
11288,90,70790.0,5190.059547,三角波,材料4,0.034648358000000004
11289,90,70770.0,6855.163285,三角波,材料4,0.0391225085
11290,90,70790.0,9157.06518,三角波,材料4,0.043785404
11291,90,70780.0,11719.1397,三角波,材料4,0.048822387999999994
11292,90,70790.0,21412.17295,三角波,材料4,0.061221894
11293,90,70790.0,39002.42527,三角波,材料4,0.07769567250000001
11294,90,70780.0,53049.5282,三角波,材料4,0.087003285
11295,90,70770.0,70746.5526,三角波,材料4,0.0972891125
11296,90,70770.0,97382.24512,三角波,材料4,0.109522921
11297,90,70780.0,129874.417,三角波,材料4,0.121637464
11298,90,70780.0,329553.808,三角波,材料4,0.17327630649999998
11299,90,70780.0,444724.5021,三角波,材料4,0.19468768949999998
11300,90,112170.0,221020.2067,三角波,材料4,0.1095414305
11301,90,125890.0,1944.120555,三角波,材料4,0.012291742
11302,90,125890.0,3188.789737,三角波,材料4,0.015667329
11303,90,125890.0,6605.185899,三角波,材料4,0.022008652
11304,90,125890.0,10804.29274,三角波,材料4,0.02748159
11305,90,125890.0,18029.84533,三角波,材料4,0.0343946745
11306,90,125890.0,30598.032,三角波,材料4,0.0436996945
11307,90,125880.0,39798.58447,三角波,材料4,0.048927406
11308,90,125890.0,51822.93855,三角波,材料4,0.054731372
11309,90,125890.0,68227.98332,三角波,材料4,0.061609451
11310,90,125900.0,89053.67126,三角波,材料4,0.068461466
11311,90,125890.0,117124.8454,三角波,材料4,0.077147066
11312,90,125890.0,156311.3986,三角波,材料4,0.0869091485
11313,90,125890.0,207465.1496,三角波,材料4,0.097502217
11314,90,125880.0,275025.8607,三角波,材料4,0.109451352
11315,90,141280.0,1985.508909,三角波,材料4,0.0107957155
11316,90,141290.0,4065.596143,三角波,材料4,0.0151151725
11317,90,141290.0,5244.976821,三角波,材料4,0.017066724
11318,90,141290.0,10811.53135,三角波,材料4,0.024132916
11319,90,141280.0,14082.0996,三角波,材料4,0.0272170555
11320,90,141290.0,23065.18029,三角波,材料4,0.0338970345
11321,90,141280.0,30024.56939,三角波,材料4,0.038337311
11322,90,141290.0,38598.47111,三角波,材料4,0.0428522665
11323,90,141280.0,65504.26348,三角波,材料4,0.054071259999999996
11324,90,141290.0,84107.04473,三角波,材料4,0.060065402000000004
11325,90,141280.0,111008.6868,三角波,材料4,0.06761726900000001
11326,90,141270.0,146997.5915,三角波,材料4,0.0762643405
11327,90,141280.0,338085.1165,三角波,材料4,0.1076109405
11328,90,158750.0,2654.443394,三角波,材料4,0.011056155
11329,90,158750.0,4319.626222,三角波,材料4,0.013814900500000001
11330,90,158750.0,5567.262308,三角波,材料4,0.015572988
11331,90,158750.0,7215.311004,三角波,材料4,0.017632988500000002
11332,90,158750.0,9145.054522,三角波,材料4,0.019686872
11333,90,158750.0,18654.75416,三角波,材料4,0.0275202625
11334,90,158750.0,31195.24301,三角波,材料4,0.034966321999999994
11335,90,158750.0,40013.60949,三角波,材料4,0.0391598385
11336,90,158750.0,51214.27103,三角波,材料4,0.0438340025
11337,90,158750.0,111816.8695,三角波,材料4,0.0616775675
11338,90,158750.0,147437.3173,三角波,材料4,0.06956978650000001
11339,90,158750.0,252769.8964,三角波,材料4,0.08764245100000001
11340,90,177890.0,3543.954845,三角波,材料4,0.010972249
11341,90,177880.0,4380.829851,三角波,材料4,0.0120770535
11342,90,177890.0,5655.440443,三角波,材料4,0.0136407285
11343,90,177890.0,7291.505525,三角波,材料4,0.015443453000000001
11344,90,177890.0,9177.971845,三角波,材料4,0.0172182055
11345,90,177890.0,11536.91652,三角波,材料4,0.0192567135
11346,90,177890.0,14582.43871,三角波,材料4,0.021703753
11347,90,177890.0,18479.69699,三角波,材料4,0.024058147000000002
11348,90,177890.0,23878.34228,三角波,材料4,0.027093627000000002
11349,90,177890.0,30753.07848,三角波,材料4,0.030603751
11350,90,177890.0,39334.66037,三角波,材料4,0.034217161999999995
11351,90,177890.0,65028.88805,三角波,材料4,0.0431564565
11352,90,177890.0,82288.22962,三角波,材料4,0.0479885425
11353,90,177880.0,107380.7053,三角波,材料4,0.054010852
11354,90,177890.0,140749.7266,三角波,材料4,0.060879272
11355,90,177880.0,238225.3599,三角波,材料4,0.07669148949999999
11356,90,199160.0,5831.533128,三角波,材料4,0.012184672
11357,90,199170.0,7522.007085,三角波,材料4,0.013802865000000001
11358,90,199170.0,11910.45284,三角波,材料4,0.017218315499999998
11359,90,199160.0,18993.18831,三角波,材料4,0.0215629945
11360,90,199170.0,24489.45671,三角波,材料4,0.024227396
11361,90,199170.0,31507.96046,三角波,材料4,0.027341985
11362,90,199170.0,40148.41863,三角波,材料4,0.0306159755
11363,90,199160.0,50906.45176,三角波,材料4,0.03431281
11364,90,199160.0,82812.9632,三角波,材料4,0.0428595425
11365,90,199170.0,107262.7787,三角波,材料4,0.048264442500000004
11366,90,199170.0,139275.4815,三角波,材料4,0.054343106
11367,90,199160.0,179735.304,三角波,材料4,0.060956828000000005
11368,90,199170.0,234312.5614,三角波,材料4,0.068560184
11369,90,199170.0,305303.1651,三角波,材料4,0.07678853499999999
11370,90,224180.0,6062.54874,三角波,材料4,0.0107421625
11371,90,224170.0,7747.758254,三角波,材料4,0.012141314
11372,90,224180.0,9782.565295,三角波,材料4,0.013557023000000001
11373,90,224190.0,12301.68711,三角波,材料4,0.0151744655
11374,90,224190.0,15772.36797,三角波,材料4,0.017109434
11375,90,224170.0,19672.92241,三角波,材料4,0.018943767
11376,90,224180.0,24736.26493,三角波,材料4,0.021298003500000003
11377,90,224180.0,40552.85556,三角波,材料4,0.026947696
11378,90,224180.0,51406.10112,三角波,材料4,0.0301801485
11379,90,224180.0,65773.3559,三角波,材料4,0.0339417095
11380,90,224180.0,83368.27277,三角波,材料4,0.0377559895
11381,90,224170.0,107055.3214,三角波,材料4,0.042503565
11382,90,224180.0,137860.5078,三角波,材料4,0.047810810499999995
11383,90,224190.0,178029.1122,三角波,材料4,0.053662589
11384,90,224180.0,229741.2044,三角波,材料4,0.060307456499999995
11385,90,224170.0,297104.0849,三角波,材料4,0.067545084
11386,90,251230.0,8179.291593,三角波,材料4,0.010984902500000001
11387,90,251220.0,10320.28429,三角波,材料4,0.0122979675
11388,90,251230.0,16538.39718,三角波,材料4,0.015517218
11389,90,251240.0,20300.78267,三角波,材料4,0.0171696275
11390,90,251220.0,33174.53395,三角波,材料4,0.0217572815
11391,90,251220.0,42114.53689,三角波,材料4,0.024378952000000002
11392,90,251230.0,53356.01725,三角波,材料4,0.0273189375
11393,90,251230.0,68321.56497,三角波,材料4,0.030724442999999997
11394,90,251220.0,86042.38039,三角波,材料4,0.034155895000000006
11395,90,251230.0,181969.2841,三角波,材料4,0.0485627775
11396,90,251220.0,301602.6017,三角波,材料4,0.0611597595
11397,90,282490.0,10790.09894,三角波,材料4,0.011016537
11398,90,282490.0,13605.29477,三角波,材料4,0.01234151
11399,90,282490.0,21292.68678,三角波,材料4,0.015411532500000002
11400,90,282480.0,27115.71785,三角波,材料4,0.017320540000000002
11401,90,282490.0,71033.85269,三角波,材料4,0.027614266
11402,90,282490.0,186350.7974,三角波,材料4,0.043555735
11403,90,282490.0,306778.6988,三角波,材料4,0.0548505835
11404,90,316460.0,17548.57526,三角波,材料4,0.0123398995
11405,90,316460.0,21974.02894,三角波,材料4,0.013688518
11406,90,316470.0,27986.25728,三角波,材料4,0.015377414499999999
11407,90,316470.0,35769.10856,三角波,材料4,0.0173891615
11408,90,316470.0,45094.40325,三角波,材料4,0.019434898
11409,90,316460.0,56960.66258,三角波,材料4,0.021789939
11410,90,316460.0,91388.96959,三角波,材料4,0.027233398
11411,90,316460.0,148678.5351,三角波,材料4,0.034472409499999995
11412,90,316470.0,241177.0083,三角波,材料4,0.0434638855
11413,90,316470.0,308492.3632,三角波,材料4,0.048720596
11414,90,354590.0,18062.04061,三角波,材料4,0.010835422
11415,90,354590.0,22649.08263,三角波,材料4,0.0119764555
11416,90,354590.0,74004.25136,三角波,材料4,0.021463634500000002
11417,90,354600.0,92830.24108,三角波,材料4,0.0238155595
11418,90,354590.0,149785.8697,三角波,材料4,0.030175425
11419,90,354590.0,190038.3105,三角波,材料4,0.033821622
11420,90,354590.0,242057.701,三角波,材料4,0.038010911
11421,90,354590.0,308767.1293,三角波,材料4,0.0425821755
11422,90,396810.0,24153.17023,三角波,材料4,0.011072618999999999
11423,90,396790.0,30557.8043,三角波,材料4,0.012466665
11424,90,396800.0,38826.04699,三角波,材料4,0.014029694
11425,90,396810.0,48911.34636,三角波,材料4,0.015735097
11426,90,396800.0,61815.8308,三角波,材料4,0.017593160500000003
11427,90,396800.0,78401.45693,三角波,材料4,0.019813342499999997
11428,90,396800.0,98194.39616,三角波,材料4,0.021976685000000003
11429,90,396800.0,124485.4677,三角波,材料4,0.024746307500000002
11430,90,396800.0,158331.8728,三角波,材料4,0.027846004
11431,90,396790.0,200075.6732,三角波,材料4,0.031253961999999996
11432,90,446410.0,30577.07608,三角波,材料4,0.0105414285
11433,90,446400.0,39044.431,三角波,材料4,0.011920205
11434,90,446410.0,48823.40888,三角波,材料4,0.013292293
11435,90,446410.0,61587.16339,三角波,材料4,0.014934294
11436,90,446400.0,97866.53327,三角波,材料4,0.018658609
11437,90,446400.0,124014.8,三角波,材料4,0.020984827499999997
11438,90,446410.0,157364.746,三角波,材料4,0.023617903000000003
11439,90,446410.0,250956.1234,三角波,材料4,0.0297340275
11440,90,446410.0,317923.2686,三角波,材料4,0.0332678585
11441,90,56180.0,2023.360634,三角波,材料4,0.0342054465
11442,90,56170.0,2665.290073,三角波,材料4,0.03863769
11443,90,56180.0,3531.274362,三角波,材料4,0.043085711
11444,90,56180.0,4882.334646,三角波,材料4,0.048783766
11445,90,56170.0,6723.45939,三角波,材料4,0.0546303945
11446,90,56180.0,12266.64723,三角波,材料4,0.068915296
11447,90,56190.0,16626.41222,三角波,材料4,0.07721810000000001
11448,90,56180.0,23392.60049,三角波,材料4,0.087089753
11449,90,56180.0,32453.54145,三角波,材料4,0.0976668785
11450,90,56180.0,61623.1334,三角波,材料4,0.12243351
11451,90,56180.0,85709.91704,三角波,材料4,0.137524439
11452,90,56180.0,226796.0964,三角波,材料4,0.1941585735
11453,90,56180.0,311814.641,三角波,材料4,0.2180641435
11454,90,56180.0,406143.2491,三角波,材料4,0.2434120245
11455,90,70800.0,2143.541324,三角波,材料4,0.030726885000000002
11456,90,70790.0,2861.58028,三角波,材料4,0.034305188
11457,90,70800.0,3801.025551,三角波,材料4,0.0387326365
11458,90,70800.0,5248.999943,三角波,材料4,0.043505296
11459,90,70790.0,12679.10499,三角波,材料4,0.061275777000000003
11460,90,70800.0,17483.20233,三角波,材料4,0.069167386
11461,90,70790.0,24094.11432,三角波,材料4,0.077668117
11462,90,70800.0,44987.60487,三角波,材料4,0.0973364125
11463,90,70800.0,62107.94075,三角波,材料4,0.109249326
11464,90,70800.0,85696.05528,三角波,材料4,0.12182420399999999
11465,90,70790.0,166218.5472,三角波,材料4,0.15415381350000001
11466,90,70790.0,426344.5752,三角波,材料4,0.21779012050000002
11467,90,70800.0,551245.3653,三角波,材料4,0.24125227
11468,90,79430.0,1481.596265,三角波,材料4,0.0241896005
11469,90,79440.0,1931.574261,三角波,材料4,0.0274241255
11470,90,79430.0,4671.809741,三角波,材料4,0.0386969495
11471,90,79430.0,6183.25826,三角波,材料4,0.043766362
11472,90,79440.0,8105.998231,三角波,材料4,0.048766555
11473,90,79430.0,11036.0991,三角波,材料4,0.054540741000000004
11474,90,79430.0,15413.28857,三角波,材料4,0.061568506999999995
11475,90,79430.0,20937.57437,三角波,材料4,0.069156053
11476,90,79430.0,38630.05149,三角波,材料4,0.0867257585
11477,90,79440.0,53221.73405,三角波,材料4,0.09736718899999999
11478,90,79430.0,102997.6047,三角波,材料4,0.122161905
11479,90,79430.0,199472.5955,三角波,材料4,0.154339189
11480,90,79430.0,270385.1356,三角波,材料4,0.172436425
11481,90,79440.0,370866.4876,三角波,材料4,0.194151624
11482,90,79430.0,492709.8136,三角波,材料4,0.2151961305
11483,90,79440.0,876756.5027,三角波,材料4,0.272367486
11484,90,89200.0,1421.293952,三角波,材料4,0.021528112000000002
11485,90,89200.0,1801.981704,三角波,材料4,0.0243401915
11486,90,89200.0,7390.61621,三角波,材料4,0.0434224835
11487,90,89200.0,9907.207533,三角波,材料4,0.048459557
11488,90,89200.0,13641.244,三角波,材料4,0.0546881945
11489,90,89200.0,18593.79647,三角波,材料4,0.061394181
11490,90,89200.0,64139.52346,三角波,材料4,0.09644124000000001
11491,90,89200.0,122523.8131,三角波,材料4,0.1220433395
11492,90,89200.0,171730.0205,三角波,材料4,0.137139769
11493,90,89200.0,232937.5435,三角波,材料4,0.15318428350000002
11494,90,89200.0,321242.0208,三角波,材料4,0.1725143945
11495,90,89200.0,587468.8572,三角波,材料4,0.2156885405
11496,90,89200.0,774999.4779,三角波,材料4,0.242372877
11497,90,99910.0,1312.640327,三角波,材料4,0.019279598
11498,90,99910.0,5102.446273,三角波,材料4,0.034760238
11499,90,99910.0,6650.200458,三角波,材料4,0.0388292365
11500,90,99910.0,12274.86472,三角波,材料4,0.0490539855
11501,90,99910.0,16442.08754,三角波,材料4,0.0551094205
11502,90,99910.0,22372.20605,三角波,材料4,0.061477497
11503,90,99910.0,30162.60288,三角波,材料4,0.069006026
11504,90,99910.0,40950.03946,三角波,材料4,0.0774715295
11505,90,99910.0,55685.55889,三角波,材料4,0.086482845
11506,90,99910.0,77178.08383,三角波,材料4,0.09717954349999999
11507,90,99910.0,106327.9758,三角波,材料4,0.109336477
11508,90,99910.0,147518.0814,三角波,材料4,0.12285583250000001
11509,90,99910.0,201095.4416,三角波,材料4,0.1373217565
11510,90,99910.0,512469.2501,三角波,材料4,0.19316617949999998
11511,90,99910.0,691430.1072,三角波,材料4,0.217255849
11512,90,99910.0,920258.9168,三角波,材料4,0.244114705
11513,90,99900.0,1237956.142,三角波,材料4,0.2743104345
11514,90,112170.0,1351.233054,三角波,材料4,0.017136149
11515,90,112170.0,1742.214447,三角波,材料4,0.019365879500000002
11516,90,112170.0,2265.049069,三角波,材料4,0.021596874000000002
11517,90,112170.0,2921.011693,三角波,材料4,0.024391410000000002
11518,90,112160.0,3910.369465,三角波,材料4,0.027369851
11519,90,112170.0,5126.875182,三角波,材料4,0.0309575115
11520,90,112160.0,8837.135338,三角波,材料4,0.0386149735
11521,90,112170.0,11817.8945,三角波,材料4,0.0435371955
11522,90,112170.0,15767.77405,三角波,材料4,0.048909302
11523,90,112160.0,21056.45319,三角波,材料4,0.054614632499999996
11524,90,112170.0,38208.05602,三角波,材料4,0.06887634749999999
11525,90,112170.0,51226.19698,三角波,材料4,0.0766204875
11526,90,112170.0,96205.6025,三角波,材料4,0.097073503
11527,90,112160.0,456351.4068,三角波,材料4,0.1718693335
11528,90,112170.0,836061.6632,三角波,材料4,0.21677571550000002
11529,90,112160.0,1111378.031,三角波,材料4,0.2439665765
11530,90,125890.0,1771.615297,三角波,材料4,0.0172256945
11531,90,125890.0,5021.494021,三角波,材料4,0.027487481
11532,25,56310.0,22564.85873,三角波,材料4,0.060780383
11533,25,63110.0,19464.97985,三角波,材料4,0.054400614
11534,25,63100.0,25017.64572,三角波,材料4,0.060371954000000005
11535,25,70870.0,21411.09181,三角波,材料4,0.0536438335
11536,25,89100.0,9158.668556,三角波,材料4,0.034605486500000004
11537,25,89100.0,11867.51176,三角波,材料4,0.038447436
11538,25,89110.0,21899.65217,三角波,材料4,0.0490619845
11539,25,89100.0,27882.28593,三角波,材料4,0.054087273500000005
11540,25,89100.0,37695.51569,三角波,材料4,0.0613060775
11541,25,89100.0,65261.50393,三角波,材料4,0.0769687535
11542,25,99910.0,12840.123,三角波,材料4,0.038063651
11543,25,99910.0,18355.99659,三角波,材料4,0.043735603
11544,25,99900.0,23503.21826,三角波,材料4,0.048229954
11545,25,99900.0,55731.34989,三角波,材料4,0.0685254425
11546,25,112090.0,6434.010605,三角波,材料4,0.027557586
11547,25,112100.0,8345.876396,三角波,材料4,0.030540750999999998
11548,25,112090.0,10957.56132,三角波,材料4,0.033965406000000004
11549,25,112090.0,15639.32537,三角波,材料4,0.0389844275
11550,25,112090.0,48601.72866,三角波,材料4,0.0611751325
11551,25,125900.0,6987.936438,三角波,材料4,0.027186056
11552,25,125890.0,17117.81018,三角波,材料4,0.038323151
11553,25,141240.0,7758.386438,三角波,材料4,0.0270183705
11554,25,158730.0,3862.878343,三角波,材料4,0.01947295
11555,25,158730.0,4980.764821,三角波,材料4,0.0216560625
11556,25,158730.0,6617.551745,三角波,材料4,0.0240688415
11557,25,158730.0,9549.143276,三角波,材料4,0.0276439635
11558,25,158730.0,12201.90808,三角波,材料4,0.030424383
11559,25,158730.0,17066.62973,三角波,材料4,0.034639608
11560,25,177930.0,3327.108574,三角波,材料4,0.017360155000000002
11561,25,177930.0,5649.369763,三角波,材料4,0.0214411325
11562,25,177940.0,8178.147542,三角波,材料4,0.024634431499999998
11563,25,177930.0,19624.268,三角波,材料4,0.034490061
11564,25,177930.0,35262.32941,三角波,材料4,0.043320897
11565,25,177930.0,65681.48597,三角波,材料4,0.054645657
11566,25,177930.0,1770143.97,三角波,材料4,0.217024295
11567,25,177930.0,2322456.147,三角波,材料4,0.244265029
11568,25,199170.0,9268.289174,三角波,材料4,0.024249475
11569,25,199170.0,12913.20727,三角波,材料4,0.027640462999999997
11570,25,199170.0,17237.75207,三角波,材料4,0.030838917
11571,25,199170.0,23016.89214,三角波,材料4,0.034530837499999995
11572,25,199170.0,77899.29253,三角波,材料4,0.054995241
11573,25,199170.0,137074.1433,三角波,材料4,0.069030902
11574,25,199170.0,1229456.372,三角波,材料4,0.17204003150000002
11575,25,199170.0,1621260.162,三角波,材料4,0.19388170500000002
11576,25,199170.0,2093123.117,三角波,材料4,0.21800817649999998
11577,25,224180.0,2758.469767,三角波,材料4,0.0138163715
11578,25,224180.0,4483.556556,三角波,材料4,0.017056573999999998
11579,25,224180.0,8260.165709,三角波,材料4,0.0215765245
11580,25,224180.0,11490.92743,三角波,材料4,0.024565486499999997
11581,25,224180.0,20411.70586,三角波,材料4,0.03069413
11582,25,224180.0,27385.93631,三角波,材料4,0.034450294500000006
11583,25,316450.0,2984.655875,三角波,材料4,0.010896778
11584,25,316450.0,15752.3118,三角波,材料4,0.021767919
11585,25,316450.0,20850.3303,三角波,材料4,0.024397233
11586,25,316450.0,91036.96695,三角波,材料4,0.043429965
11587,25,316450.0,499005.6065,三角波,材料4,0.08644486600000001
11588,25,316450.0,1465881.55,三角波,材料4,0.137094796
11589,25,354610.0,3707.923662,三角波,材料4,0.010763752000000001
11590,25,354610.0,5120.687326,三角波,材料4,0.01236797
11591,25,354610.0,6472.993909,三角波,材料4,0.0136351695
11592,25,354610.0,8781.73979,三角波,材料4,0.015518022999999999
11593,25,354610.0,11269.08308,三角波,材料4,0.017284426
11594,25,354610.0,14841.9474,三角波,材料4,0.019378365
11595,25,354610.0,19628.2335,三角波,材料4,0.021725683
11596,25,354610.0,26816.94362,三角波,材料4,0.0244105215
11597,25,354610.0,35538.029,三角波,材料4,0.0273610765
11598,25,354610.0,47282.53421,三角波,材料4,0.030801006
11599,25,354610.0,62488.48054,三角波,材料4,0.034377229999999995
11600,25,354610.0,83516.02063,三角波,材料4,0.0386897985
11601,25,354610.0,111795.1647,三角波,材料4,0.043372522999999996
11602,25,354610.0,149193.3814,三角波,材料4,0.048459935499999995
11603,25,354610.0,262751.8065,三角波,材料4,0.061001316
11604,25,354610.0,460799.9781,三角波,材料4,0.076929668
11605,25,354610.0,608311.8897,三角波,材料4,0.086399084
11606,25,354610.0,783746.988,三角波,材料4,0.0962698575
11607,25,354610.0,1033784.438,三角波,材料4,0.108481752
11608,25,354610.0,1357936.981,三角波,材料4,0.1220279935
11609,25,396820.0,5034.745302,三角波,材料4,0.011030925
11610,25,396820.0,8527.644077,三角波,材料4,0.013868923500000001
11611,25,396820.0,18821.95474,三角波,材料4,0.019417979000000002
11612,25,396820.0,25390.92488,三角波,材料4,0.0217886485
11613,25,396820.0,33625.75438,三角波,材料4,0.024425849
11614,25,396820.0,44579.55903,三角波,材料4,0.027447237
11615,25,396820.0,138908.7603,三角波,材料4,0.043246782
11616,25,396820.0,184134.9688,三角波,材料4,0.0484232555
11617,25,396820.0,324691.1061,三角波,材料4,0.0610863865
11618,25,396820.0,429133.7519,三角波,材料4,0.068657151
11619,25,396820.0,566768.9139,三角波,材料4,0.077121853
11620,25,396820.0,733600.3337,三角波,材料4,0.08589407299999999
11621,25,396820.0,963937.9362,三角波,材料4,0.096756281
11622,25,396820.0,1265983.174,三角波,材料4,0.108836728
11623,25,446430.0,911765.8409,三角波,材料4,0.0862021525
11624,25,56320.0,22564.32999,三角波,材料4,0.060846005999999994
11625,25,56320.0,28739.75968,三角波,材料4,0.067492832
11626,25,56320.0,50207.15501,三角波,材料4,0.0854305755
11627,25,63100.0,19364.61893,三角波,材料4,0.054323914
11628,25,89090.0,9166.910168,三角波,材料4,0.0346560095
11629,25,89100.0,11859.37215,三角波,材料4,0.0384622385
11630,25,89100.0,15376.51408,三角波,材料4,0.042693532000000006
11631,25,89100.0,21846.8824,三角波,材料4,0.049027586
11632,25,89100.0,37981.23429,三角波,材料4,0.061503196499999996
11633,25,99900.0,7547.727058,三角波,材料4,0.030835328
11634,25,99900.0,12776.87513,三角波,材料4,0.0380307975
11635,25,99900.0,23461.8607,三角波,材料4,0.048173847000000006
11636,25,99900.0,32342.67483,三角波,材料4,0.054847995999999996
11637,25,99900.0,42305.18793,三角波,材料4,0.061222582
11638,25,99900.0,55667.23315,三角波,材料4,0.068494323
11639,25,99900.0,73309.04245,三角波,材料4,0.076855761
11640,25,112090.0,6396.407375,三角波,材料4,0.0275223595
11641,25,112090.0,8282.226772,三角波,材料4,0.030559662
11642,25,112090.0,27830.40983,三角波,材料4,0.048989782499999995
11643,25,112090.0,48706.43233,三角波,材料4,0.061267196499999996
11644,25,112090.0,64034.47762,三角波,材料4,0.0686533685
11645,25,158730.0,4971.052148,三角波,材料4,0.021650476000000002
11646,25,158730.0,6538.986526,三角波,材料4,0.0240642195
11647,25,158730.0,9540.551096,三角波,材料4,0.0276689875
11648,25,177930.0,3314.361523,三角波,材料4,0.017384246
11649,25,177930.0,5592.307291,三角波,材料4,0.021452036
11650,25,177930.0,26244.40408,三角波,材料4,0.038652171
11651,25,177930.0,35239.80295,三角波,材料4,0.043376627
11652,25,177940.0,49055.35732,三角波,材料4,0.048816646
11653,25,177930.0,65419.9479,三角波,材料4,0.0546513285
11654,25,199170.0,3038.64869,三角波,材料4,0.015535993
11655,25,199160.0,3785.180407,三角波,材料4,0.017262228
11656,25,199170.0,4991.734352,三角波,材料4,0.019192690999999998
11657,25,199170.0,7194.477691,三角波,材料4,0.022017349999999998
11658,25,199170.0,9291.582714,三角波,材料4,0.024317042
11659,25,199170.0,17117.06779,三角波,材料4,0.030847744500000003
11660,25,199160.0,22953.13772,三角波,材料4,0.0345306705
11661,25,199160.0,57565.22262,三角波,材料4,0.0487607585
11662,25,224180.0,2768.181853,三角波,材料4,0.0138300315
11663,25,224180.0,3543.115901,三角波,材料4,0.015361326000000002
11664,25,224180.0,4493.456259,三角波,材料4,0.0170731915
11665,25,224180.0,6495.088261,三角波,材料4,0.019588088500000003
11666,25,224180.0,11558.18982,三角波,材料4,0.024618867000000003
11667,25,224180.0,20398.969,三角波,材料4,0.0307243705
11668,25,224180.0,27425.32705,三角波,材料4,0.0344769415
11669,25,316460.0,2987.928953,三角波,材料4,0.0108895915
11670,25,316450.0,3812.953883,三角波,材料4,0.012095043
11671,25,316450.0,6819.0029,三角波,材料4,0.0153451285
11672,25,316450.0,15824.60948,三角波,材料4,0.021756895999999998
11673,25,354610.0,3699.729307,三角波,材料4,0.010772173999999999
11674,25,354610.0,11328.44385,三角波,材料4,0.0173248535
11675,25,354610.0,14937.85476,三角波,材料4,0.0193935225
11676,25,354610.0,19735.22727,三角波,材料4,0.0217427485
11677,25,354610.0,26919.50643,三角波,材料4,0.0244064805
11678,25,354610.0,35630.56976,三角波,材料4,0.027346667
11679,25,354610.0,47585.5712,三角波,材料4,0.030817391
11680,25,354610.0,83940.22726,三角波,材料4,0.038677308
11681,25,354610.0,112333.1373,三角波,材料4,0.0433794765
11682,25,354610.0,352151.709,三角波,材料4,0.0687059945
11683,25,354610.0,464122.8882,三角波,材料4,0.07696046549999999
11684,25,354610.0,612935.4401,三角波,材料4,0.08651513599999999
11685,25,396820.0,5087.998715,三角波,材料4,0.011054593000000001
11686,25,396820.0,6369.071906,三角波,材料4,0.0121987575
11687,25,396820.0,14292.88492,三角波,材料4,0.017301224
11688,25,396820.0,18865.59454,三角波,材料4,0.019419967
11689,25,396820.0,44941.79875,三角波,材料4,0.027514351
11690,25,396820.0,59024.00756,三角波,材料4,0.030767006
11691,25,396820.0,78448.13711,三角波,材料4,0.0345363475
11692,25,396820.0,103960.1688,三角波,材料4,0.038742742
11693,25,396820.0,246460.9817,三角波,材料4,0.054502069
11694,25,396820.0,326829.4738,三角波,材料4,0.061264134
11695,25,396820.0,570574.5907,三角波,材料4,0.077219567
11696,25,396820.0,738571.5784,三角波,材料4,0.0860015725
11697,25,396820.0,1273452.361,三角波,材料4,0.1089784205
11698,25,50070.0,11407.43847,梯形波,材料4,0.048522171
11699,25,50070.0,15024.61863,梯形波,材料4,0.053876524
11700,25,50070.0,81756.19787,梯形波,材料4,0.1081450585
11701,25,50070.0,107371.8379,梯形波,材料4,0.1218960115
11702,25,50070.0,140813.7919,梯形波,材料4,0.1369450575
11703,25,50070.0,180126.1356,梯形波,材料4,0.150864995
11704,25,50070.0,236908.6961,梯形波,材料4,0.170381998
11705,25,50070.0,403404.7337,梯形波,材料4,0.21580517999999999
11706,25,50060.0,509831.2567,梯形波,材料4,0.241725351
11707,25,50070.0,664390.9501,梯形波,材料4,0.27183296300000004
11708,25,56160.0,4545.305802,梯形波,材料4,0.030426869000000002
11709,25,56160.0,7866.340661,梯形波,材料4,0.0382894315
11710,25,56160.0,25016.47785,梯形波,材料4,0.06123399
11711,25,56160.0,72182.55998,梯形波,材料4,0.0960738295
11712,25,56160.0,124911.3615,梯形波,材料4,0.12188426150000001
11713,25,56160.0,159953.2245,梯形波,材料4,0.1341890805
11714,25,56160.0,209965.435,梯形波,材料4,0.151220805
11715,25,56160.0,276700.0845,梯形波,材料4,0.1712217205
11716,25,56160.0,454636.9802,梯形波,材料4,0.214856034
11717,25,56160.0,744708.3885,梯形波,材料4,0.26546983749999997
11718,25,63240.0,27951.58221,梯形波,材料4,0.060424639
11719,25,70760.0,3242.714984,梯形波,材料4,0.024269217000000003
11720,25,70760.0,7637.332581,梯形波,材料4,0.0343090265
11721,25,70760.0,13917.77511,梯形波,材料4,0.043504767
11722,25,70760.0,18458.8203,梯形波,材料4,0.048684583000000003
11723,25,70760.0,31607.73467,梯形波,材料4,0.060475348
11724,25,70760.0,42475.29224,梯形波,材料4,0.0683690755
11725,25,70760.0,55644.41232,梯形波,材料4,0.0765175325
11726,25,70760.0,96185.16771,梯形波,材料4,0.096984607
11727,25,70760.0,123704.2162,梯形波,材料4,0.1068919695
11728,25,70760.0,163485.1486,梯形波,材料4,0.1205178295
11729,25,70760.0,363882.9184,梯形波,材料4,0.17109508550000002
11730,25,70760.0,589160.7235,梯形波,材料4,0.2119911385
11731,25,70760.0,999058.8286,梯形波,材料4,0.2691679895
11732,25,79410.0,8328.923471,梯形波,材料4,0.0337921865
11733,25,79410.0,27019.9168,梯形波,材料4,0.053757767
11734,25,79410.0,36365.80093,梯形波,材料4,0.060782681500000005
11735,25,79410.0,47968.58108,梯形波,材料4,0.067990832
11736,25,79410.0,63647.06527,梯形波,材料4,0.07665769850000001
11737,25,79410.0,84353.46108,梯形波,材料4,0.0862014185
11738,25,79410.0,143014.9337,梯形波,材料4,0.107170396
11739,25,79410.0,189108.4728,梯形波,材料4,0.12107875900000001
11740,25,79410.0,247268.3707,梯形波,材料4,0.135650934
11741,25,79410.0,419383.0823,梯形波,材料4,0.1711239605
11742,25,79410.0,682998.1217,梯形波,材料4,0.2124246395
11743,25,79410.0,888162.8899,梯形波,材料4,0.2391019695
11744,25,89210.0,3837.317295,梯形波,材料4,0.0240056595
11745,25,89210.0,6968.753923,梯形波,材料4,0.030095824
11746,25,89210.0,13075.33735,梯形波,材料4,0.0384425705
11747,25,89220.0,17444.78788,梯形波,材料4,0.042766734
11748,25,89210.0,23032.48733,梯形波,材料4,0.0477789305
11749,25,89210.0,55099.99859,梯形波,材料4,0.068267964
11750,25,89210.0,73281.71976,梯形波,材料4,0.07667221299999999
11751,25,89210.0,282721.3116,梯形波,材料4,0.135349462
11752,25,89210.0,371433.0004,梯形波,材料4,0.152344897
11753,25,89210.0,618104.9588,梯形波,材料4,0.18877311149999998
11754,25,89210.0,789550.7633,梯形波,材料4,0.21278588599999998
11755,25,89210.0,1026443.849,梯形波,材料4,0.2394513815
11756,25,89210.0,1333308.297,梯形波,材料4,0.2696639575
11757,25,99980.0,1813.318747,梯形波,材料4,0.017186479999999997
11758,25,99980.0,2408.065724,梯形波,材料4,0.019374945499999997
11759,25,99980.0,3207.590302,梯形波,材料4,0.0214995455
11760,25,99970.0,5860.355069,梯形波,材料4,0.0269881225
11761,50,70870.0,13508.58777,三角波,材料4,0.0537259915
11762,50,70870.0,19176.98412,三角波,材料4,0.0616952895
11763,50,70870.0,24486.76854,三角波,材料4,0.0680594075
11764,50,89100.0,7412.637139,三角波,材料4,0.038475141500000004
11765,50,89100.0,17884.62337,三角波,材料4,0.0542099955
11766,50,112090.0,4202.251317,三角波,材料4,0.027574019499999998
11767,50,112090.0,5408.094452,三角波,材料4,0.0306051865
11768,50,112090.0,7136.429887,三角波,材料4,0.0340551945
11769,50,112090.0,32303.80897,三角波,材料4,0.061292478
11770,50,177930.0,3370.386291,三角波,材料4,0.0193473575
11771,50,177930.0,6096.214678,三角波,材料4,0.024694612
11772,50,177930.0,10752.63196,三角波,材料4,0.030945333
11773,50,177930.0,25293.96953,三角波,材料4,0.043354178
11774,50,199170.0,4081.184812,三角波,材料4,0.0192103375
11775,50,199170.0,9934.547897,三角波,材料4,0.027712840500000002
11776,50,199170.0,17351.43528,三角波,材料4,0.034558635
11777,50,199170.0,23072.47482,三角波,材料4,0.038781225
11778,50,199170.0,1015114.316,三角波,材料4,0.17212773650000002
11779,50,316450.0,2969.136571,三角波,材料4,0.010896877499999999
11780,50,316450.0,3761.702528,三角波,材料4,0.012108190000000001
11781,50,316450.0,8627.340309,三角波,材料4,0.0174379195
11782,50,316450.0,18818.35834,三角波,材料4,0.0244167565
11783,50,316450.0,721189.0037,三角波,材料4,0.1082545385
11784,50,316450.0,958858.1702,三角波,材料4,0.122021289
11785,50,316450.0,1271473.359,三角波,材料4,0.1371995995
11786,50,354610.0,3872.840747,三角波,材料4,0.0107780355
11787,50,354610.0,5294.808001,三角波,材料4,0.0123898955
11788,50,354610.0,6577.297588,三角波,材料4,0.0136607255
11789,50,354610.0,8727.724909,三角波,材料4,0.015526782499999999
11790,50,354610.0,14588.14294,三角波,材料4,0.019411948
11791,50,354610.0,18805.81886,三角波,材料4,0.021786042
11792,50,354610.0,43471.32196,三角波,材料4,0.0308472285
11793,50,354610.0,74605.36783,三角波,材料4,0.038737313499999995
11794,50,354610.0,98147.3316,三角波,材料4,0.043459956999999994
11795,50,354610.0,129872.9578,三角波,材料4,0.048551414
11796,50,354610.0,172578.6428,三角波,材料4,0.054378587
11797,50,354610.0,228774.2378,三角波,材料4,0.0611831565
11798,50,354610.0,399689.1757,三角波,材料4,0.07703691
11799,50,396820.0,8964.55787,三角波,材料4,0.013868262999999999
11800,50,396820.0,11489.5691,三角波,材料4,0.015471535500000001
11801,50,396820.0,14861.91455,三角波,材料4,0.0173700315
11802,50,396820.0,19247.2399,三角波,材料4,0.019455574500000003
11803,50,396820.0,25233.15176,三角波,材料4,0.0218469445
11804,50,396820.0,32865.70884,三角波,材料4,0.024454961
11805,50,396820.0,43211.74875,三角波,材料4,0.027553671000000002
11806,50,396820.0,56143.83559,三角波,材料4,0.0307644895
11807,50,396820.0,96020.68342,三角波,材料4,0.0388047545
11808,50,396820.0,126229.3383,三角波,材料4,0.043339976
11809,50,396820.0,165944.7636,三角波,材料4,0.048561648
11810,50,396810.0,219965.4004,三角波,材料4,0.054581682
11811,50,396820.0,290643.423,三角波,材料4,0.0612122945
11812,50,396820.0,383298.3837,三角波,材料4,0.068752576
11813,50,396820.0,653385.9793,三角波,材料4,0.086014589
11814,50,396820.0,863968.3418,三角波,材料4,0.0969062815
11815,50,396820.0,1129886.756,三角波,材料4,0.1089938695
11816,50,56320.0,18498.75975,三角波,材料4,0.06762444349999999
11817,50,70870.0,13520.59942,三角波,材料4,0.053858721
11818,50,89100.0,7403.295743,三角波,材料4,0.038460849000000005
11819,50,89100.0,9745.380758,三角波,材料4,0.04279628
11820,50,89090.0,17974.2202,三角波,材料4,0.054307918499999996
11821,50,99900.0,11698.70074,三角波,材料4,0.043779131
11822,50,99900.0,14909.88956,三角波,材料4,0.048210295
11823,50,99900.0,20913.09765,三角波,材料4,0.054989756
11824,50,99900.0,27483.42334,三角波,材料4,0.061188564
11825,50,112090.0,7078.374637,三角波,材料4,0.034052902999999995
11826,50,177930.0,3356.681843,三角波,材料4,0.019356889500000002
11827,50,177930.0,18922.89539,三角波,材料4,0.038710592
11828,50,199170.0,2456.071198,三角波,材料4,0.015532857
11829,50,199170.0,7154.581671,三角波,材料4,0.0243143635
11830,50,199170.0,17305.01518,三角波,材料4,0.034587491
11831,50,224180.0,3847.705738,三角波,材料4,0.017095002499999998
11832,50,316450.0,6496.784177,三角波,材料4,0.0153599185
11833,50,316450.0,14447.29018,三角波,材料4,0.021788588
11834,50,354610.0,3881.689586,三角波,材料4,0.010786397
11835,50,354610.0,6592.845097,三角波,材料4,0.013669392
11836,50,354610.0,14646.01458,三角波,材料4,0.0194261025
11837,50,354610.0,25210.02394,三角波,材料4,0.0244661425
11838,50,354610.0,43753.96556,三角波,材料4,0.0308895335
11839,50,354610.0,98562.76908,三角波,材料4,0.043491658
11840,50,354610.0,130171.8052,三角波,材料4,0.048557151
11841,50,354610.0,229583.4706,三角波,材料4,0.0612214265
11842,50,354610.0,530127.7567,三角波,材料4,0.08665379200000001
11843,50,354610.0,905653.3989,三角波,材料4,0.10869261499999999
11844,50,354610.0,1196346.347,三角波,材料4,0.12223871650000001
11845,50,396820.0,5461.625574,三角波,材料4,0.011069981999999999
11846,50,396820.0,6800.827435,三角波,材料4,0.0122093835
11847,50,396820.0,9018.568938,三角波,材料4,0.013902103
11848,50,396820.0,14830.51356,三角波,材料4,0.017346268999999997
11849,50,396820.0,25249.96539,三角波,材料4,0.021844844500000002
11850,50,396820.0,43210.91177,三角波,材料4,0.027558995500000003
11851,50,396820.0,56138.04951,三角波,材料4,0.030824214000000003
11852,50,396820.0,126432.2403,三角波,材料4,0.0433547395
11853,50,396820.0,166077.3191,三角波,材料4,0.0485626215
11854,50,396820.0,220588.8026,三角波,材料4,0.0546431835
11855,50,396820.0,655183.2312,三角波,材料4,0.086096234
11856,50,396820.0,865558.7755,三角波,材料4,0.0969968235
11857,50,50070.0,3759.337281,梯形波,材料4,0.038714427999999995
11858,50,50070.0,4951.190929,梯形波,材料4,0.0431231645
11859,50,50070.0,6829.380133,梯形波,材料4,0.048604130499999995
11860,50,50070.0,12821.65445,梯形波,材料4,0.061655180500000004
11861,50,50070.0,17415.29009,梯形波,材料4,0.0690874375
11862,50,50070.0,30610.11465,梯形波,材料4,0.08571358300000001
11863,50,50070.0,130633.1061,梯形波,材料4,0.1512847815
11864,50,50060.0,174871.1633,梯形波,材料4,0.1706446965
11865,50,50060.0,235464.5518,梯形波,材料4,0.1928355445
11866,50,50070.0,403995.3023,梯形波,材料4,0.242149461
11867,50,56160.0,6693.631905,梯形波,材料4,0.0431558645
11868,50,56160.0,8734.744218,梯形波,材料4,0.048009424999999994
11869,50,56160.0,16086.41875,梯形波,材料4,0.061427159999999995
11870,50,56160.0,20799.74458,梯形波,材料4,0.068227547
11871,50,56150.0,36858.6067,梯形波,材料4,0.0859674215
11872,50,56160.0,49369.63896,梯形波,材料4,0.096448708
11873,50,56160.0,65807.74991,梯形波,材料4,0.1085417715
11874,50,56160.0,87358.70058,梯形波,材料4,0.12205564499999999
11875,50,56160.0,114239.4768,梯形波,材料4,0.134568696
11876,50,56160.0,273856.7634,梯形波,材料4,0.192207989
11877,50,70760.0,2717.587015,梯形波,材料4,0.027397523
11878,50,70760.0,4833.256338,梯形波,材料4,0.034361925
11879,50,70760.0,8820.795915,梯形波,材料4,0.043499739499999995
11880,50,70760.0,11901.95859,梯形波,材料4,0.048873294
11881,50,70760.0,20847.2566,梯形波,材料4,0.060766175000000006
11882,50,70760.0,27859.80623,梯形波,材料4,0.068481091
11883,50,70760.0,66689.56128,梯形波,材料4,0.09719352549999999
11884,50,70760.0,86964.3008,梯形波,材料4,0.1072238515
11885,50,70760.0,116796.0576,梯形波,材料4,0.120831406
11886,50,70760.0,157282.8139,梯形波,材料4,0.1366008635
11887,50,70760.0,209705.7951,梯形波,材料4,0.15309132050000002
11888,50,70760.0,276796.4178,梯形波,材料4,0.17156814250000002
11889,50,70750.0,476243.6609,梯形波,材料4,0.2123076975
11890,50,70760.0,825505.555,梯形波,材料4,0.2695048915
11891,50,79400.0,2999.645379,梯形波,材料4,0.027063857
11892,50,79410.0,13410.34427,梯形波,材料4,0.048290028
11893,50,79410.0,17777.07486,梯形波,材料4,0.053970367
11894,50,79400.0,24055.40806,梯形波,材料4,0.060763910000000004
11895,50,79410.0,32134.82833,梯形波,材料4,0.06815555449999999
11896,50,79410.0,43210.14994,梯形波,材料4,0.07692531999999999
11897,50,79410.0,57860.50677,梯形波,材料4,0.08637233899999999
11898,50,79410.0,76042.26185,梯形波,材料4,0.09531191750000001
11899,50,79410.0,136063.4484,梯形波,材料4,0.1213210205
11900,50,79410.0,182285.5508,梯形波,材料4,0.1361205775
11901,50,79410.0,240388.9145,梯形波,材料4,0.152403004
11902,50,79410.0,417078.774,梯形波,材料4,0.18888677399999998
11903,50,79410.0,959861.6229,梯形波,材料4,0.2695953665
11904,50,89210.0,1912.768451,梯形波,材料4,0.021596937
11905,50,89210.0,3445.707926,梯形波,材料4,0.0271348085
11906,50,89220.0,4543.989276,梯形波,材料4,0.0300967335
11907,50,89210.0,6282.595709,梯形波,材料4,0.034273532999999995
11908,50,89210.0,11431.70354,梯形波,材料4,0.042895035
11909,50,89210.0,15256.33935,梯形波,材料4,0.04795087
11910,50,89210.0,20698.33584,梯形波,材料4,0.05411876
11911,50,89200.0,50441.36474,梯形波,材料4,0.076958278
11912,50,89210.0,66260.10765,梯形波,材料4,0.084715264
11913,50,89210.0,210226.0167,梯形波,材料4,0.1357327835
11914,50,89210.0,282011.5503,梯形波,材料4,0.152649396
11915,50,89210.0,490966.9664,梯形波,材料4,0.1892659155
11916,50,89210.0,650168.9132,梯形波,材料4,0.213314412
11917,50,89210.0,848577.0073,梯形波,材料4,0.2402526965
11918,50,89210.0,1119593.65,梯形波,材料4,0.27004035800000004
11919,50,99980.0,1642.085648,梯形波,材料4,0.0193901085
11920,50,99970.0,2170.157042,梯形波,材料4,0.0215498005
11921,50,99980.0,2982.039317,梯形波,材料4,0.024344320500000002
11922,50,99970.0,3941.473586,梯形波,材料4,0.0270510115
11923,50,99980.0,7473.278979,梯形波,材料4,0.034623086
11924,50,99980.0,9972.971567,梯形波,材料4,0.038416635
11925,50,99980.0,24346.57918,梯形波,材料4,0.054248679
11926,50,99970.0,44353.79075,梯形波,材料4,0.0688858805
11927,50,99980.0,78416.91369,梯形波,材料4,0.08553018949999999
11928,50,99970.0,140005.0991,梯形波,材料4,0.108393504
11929,50,99970.0,185083.8297,梯形波,材料4,0.121362257
11930,50,99980.0,323521.3938,梯形波,材料4,0.1505349745
11931,50,99980.0,434143.2067,梯形波,材料4,0.1692721915
11932,50,99970.0,578395.1537,梯形波,材料4,0.1910846505
11933,50,99970.0,1000097.964,梯形波,材料4,0.2419175105
11934,50,112170.0,1127.125839,梯形波,材料4,0.01533928
11935,50,112180.0,1495.717073,梯形波,材料4,0.0173264305
11936,50,112170.0,1902.728243,梯形波,材料4,0.0192623485
11937,50,112170.0,4793.598385,梯形波,材料4,0.027473956
11938,50,112180.0,6479.337988,梯形波,材料4,0.0308314575
11939,50,112180.0,8780.123324,梯形波,材料4,0.034301653
11940,50,112180.0,15939.08856,梯形波,材料4,0.043295321
11941,50,112180.0,39205.18305,梯形波,材料4,0.0614892025
11942,50,112180.0,51451.32132,梯形波,材料4,0.0676587075
11943,50,112170.0,93895.85886,梯形波,材料4,0.086222999
11944,50,112180.0,125672.851,梯形波,材料4,0.09671521799999999
11945,50,112170.0,288010.8845,梯形波,材料4,0.134228329
11946,50,112170.0,388174.0265,梯形波,材料4,0.151295214
11947,50,112170.0,517187.3,梯形波,材料4,0.17069707950000002
11948,50,112170.0,688358.8371,梯形波,材料4,0.191883895
11949,50,112170.0,914449.2729,梯形波,材料4,0.21608294249999999
11950,50,125930.0,2310.120916,梯形波,材料4,0.0193843775
11951,50,125930.0,3066.381022,梯形波,材料4,0.0214752535
11952,50,125920.0,4250.680947,梯形波,材料4,0.024535291
11953,50,125930.0,34656.83793,梯形波,材料4,0.054774883499999996
11954,50,125930.0,45636.49288,梯形波,材料4,0.0602595615
11955,50,125920.0,83514.10842,梯形波,材料4,0.076884963
11956,50,125920.0,111400.3845,梯形波,材料4,0.0861512385
11957,50,125930.0,148249.2537,梯形波,材料4,0.096588392
11958,50,125930.0,345551.9177,梯形波,材料4,0.13489269650000002
11959,50,141270.0,936.1319438,梯形波,材料4,0.0121376335
11960,50,141270.0,1203.002226,梯形波,材料4,0.013665053
11961,50,141270.0,2150.512873,梯形波,材料4,0.017172184
11962,50,141270.0,2712.553111,梯形波,材料4,0.0190698255
11963,50,141270.0,5113.06883,梯形波,材料4,0.024357266
11964,50,141270.0,9206.260811,梯形波,材料4,0.0302787185
11965,50,141270.0,12486.32934,梯形波,材料4,0.0341576315
11966,50,141270.0,16695.4583,梯形波,材料4,0.0382763455
11967,50,141270.0,22535.25481,梯形波,材料4,0.043169626
11968,50,141270.0,54726.14046,梯形波,材料4,0.060287518
11969,50,141270.0,74132.84633,梯形波,材料4,0.068130932
11970,50,141270.0,99046.21188,梯形波,材料4,0.076452038
11971,50,141270.0,176396.1068,梯形波,材料4,0.0963736755
11972,50,141270.0,225526.5985,梯形波,材料4,0.10609212900000001
11973,50,158750.0,1172.114314,梯形波,材料4,0.0123446535
11974,50,158750.0,1520.589975,梯形波,材料4,0.013696623000000002
11975,50,158750.0,3492.280577,梯形波,材料4,0.019457054
11976,50,158750.0,4751.143589,梯形波,材料4,0.0219076405
11977,50,158750.0,6471.9032,梯形波,材料4,0.024372188
11978,70,70870.0,9263.166963,三角波,材料4,0.0537516095
11979,70,89100.0,5058.513545,三角波,材料4,0.038489207
11980,70,112090.0,5101.855981,三角波,材料4,0.034040437500000006
11981,70,112090.0,23373.2337,三角波,材料4,0.061253995
11982,70,177930.0,2852.551507,三角波,材料4,0.019367460500000003
11983,70,177930.0,5047.18069,三角波,材料4,0.024699565
11984,70,177930.0,8699.268505,三角波,材料4,0.0309196195
11985,70,177930.0,1012015.631,三角波,材料4,0.1927670065
11986,70,177930.0,1823915.31,三角波,材料4,0.2443018125
11987,70,199170.0,3549.103085,三角波,材料4,0.0192036445
11988,70,199170.0,4824.448796,三角波,材料4,0.0220586095
11989,70,199170.0,905089.9922,三角波,材料4,0.17221350000000002
11990,70,199170.0,1649085.283,三角波,材料4,0.21828457750000002
11991,70,316450.0,8523.256722,三角波,材料4,0.0173940195
11992,70,316450.0,650625.101,三角波,材料4,0.108361602
11993,70,316450.0,867128.5358,三角波,材料4,0.122028583
11994,70,316450.0,1152058.318,三角波,材料4,0.1372976545
11995,70,354610.0,4098.810689,三角波,材料4,0.0108024335
11996,70,354610.0,5520.772773,三角波,材料4,0.012387133500000001
11997,70,354610.0,6839.301986,三角波,材料4,0.0136518055
11998,70,354610.0,8970.997586,三角波,材料4,0.015508224000000001
11999,70,354610.0,14721.69976,三角波,材料4,0.019431807000000002
12000,70,354610.0,18767.03061,三角波,材料4,0.021770926500000003
12001,70,354610.0,24872.62949,三角波,材料4,0.024526041499999998
12002,70,354610.0,32059.53306,三角波,材料4,0.027402934
12003,70,354610.0,41856.71217,三角波,材料4,0.030869971
12004,70,354610.0,54184.37551,三角波,材料4,0.034467172500000004
12005,70,354620.0,120140.2489,三角波,材料4,0.0486128545
12006,70,354610.0,158431.1485,三角波,材料4,0.054449201
12007,70,354610.0,477817.2712,三角波,材料4,0.086571962
12008,70,354610.0,819326.2516,三角波,材料4,0.1086507455
12009,70,396820.0,7270.813797,三角波,材料4,0.012193724
12010,70,396820.0,9547.395975,三角波,材料4,0.013871565499999999
12011,70,396820.0,12083.67726,三角波,材料4,0.015460299
12012,70,396820.0,33017.98908,三角波,材料4,0.024483083
12013,70,396820.0,71378.04947,三角波,材料4,0.0346076325
12014,70,396820.0,119806.2267,三角波,材料4,0.0433713465
12015,70,396820.0,155827.8096,三角波,材料4,0.048587893
12016,70,396820.0,268586.3849,三角波,材料4,0.0612113725
12017,70,396820.0,352764.7975,三角波,材料4,0.068814089
12018,70,396820.0,597269.9482,三角波,材料4,0.08607393999999999
12019,70,89100.0,9683.175702,三角波,材料4,0.049158856
12020,70,99900.0,4312.670346,三角波,材料4,0.034319914
12021,70,99900.0,8152.637996,三角波,材料4,0.0437644315
12022,70,112090.0,3847.865847,三角波,材料4,0.0306559455
12023,70,112090.0,5018.259561,三角波,材料4,0.034031000500000005
12024,70,177930.0,2854.470178,三角波,材料4,0.019372344
12025,70,177930.0,3525.904926,三角波,材料4,0.021480219000000002
12026,70,177930.0,8782.826627,三角波,材料4,0.0310269485
12027,70,199170.0,2755.931962,三角波,材料4,0.0173249325
12028,70,199170.0,3514.937998,三角波,材料4,0.0192123695
12029,70,199160.0,4815.001134,三角波,材料4,0.022057571999999998
12030,70,199170.0,8360.011187,三角波,材料4,0.0277119365
12031,70,199170.0,14392.08116,三角波,材料4,0.03459871
12032,70,354610.0,4081.333922,三角波,材料4,0.010795888
12033,70,354610.0,6841.303313,三角波,材料4,0.0136657435
12034,70,354610.0,11534.60232,三角波,材料4,0.0174002075
12035,70,354610.0,14724.60946,三角波,材料4,0.019451398
12036,70,354610.0,24799.86214,三角波,材料4,0.024499711
12037,70,354610.0,31922.22051,三角波,材料4,0.027404927500000002
12038,70,354610.0,41796.96567,三角波,材料4,0.0308768195
12039,70,354610.0,91647.65393,三角波,材料4,0.043516627
12040,70,354610.0,119980.8219,三角波,材料4,0.048593548
12041,70,354610.0,275763.8086,三角波,材料4,0.06886790849999999
12042,70,354610.0,478769.5754,三角波,材料4,0.08668580449999999
12043,70,354610.0,620792.54,三角波,材料4,0.09650989
12044,70,354610.0,819095.3234,三角波,材料4,0.108749492
12045,70,354610.0,1082809.902,三角波,材料4,0.1222982095
12046,70,396820.0,5861.451138,三角波,材料4,0.0110552365
12047,70,396820.0,9582.18339,三角波,材料4,0.013907605
12048,70,396820.0,12064.09136,三角波,材料4,0.015493032
12049,70,396820.0,19735.57606,三角波,材料4,0.0194618015
12050,70,396820.0,25582.36131,三角波,材料4,0.021856676999999998
12051,70,396820.0,32856.18619,三角波,材料4,0.024458518
12052,70,396820.0,42743.32583,三角波,材料4,0.0275813085
12053,70,396820.0,92024.51179,三角波,材料4,0.0388270395
12054,70,396820.0,119625.3237,三角波,材料4,0.043381315000000004
12055,70,396820.0,268555.0797,三角波,材料4,0.0614203735
12056,70,396820.0,352287.3771,三角波,材料4,0.068812238
12057,70,396820.0,597870.3929,三角波,材料4,0.0861651695
12058,70,50080.0,1916.313493,梯形波,材料4,0.0344182615
12059,70,50070.0,2509.555779,梯形波,材料4,0.03883876
12060,70,50070.0,15926.32537,梯形波,材料4,0.0768802085
12061,70,50070.0,42244.58924,梯形波,材料4,0.10851371
12062,70,50070.0,57432.66581,梯形波,材料4,0.12242757
12063,70,50070.0,79226.24191,梯形波,材料4,0.137554915
12064,70,56160.0,1949.733383,梯形波,材料4,0.030563728499999998
12065,70,56160.0,2561.866968,梯形波,材料4,0.034433761
12066,70,56160.0,6064.333103,梯形波,材料4,0.048064669000000004
12067,70,56160.0,8387.126495,梯形波,材料4,0.0548535805
12068,70,56160.0,11327.64655,梯形波,材料4,0.0614786475
12069,70,56160.0,14921.93335,梯形波,材料4,0.06840603249999999
12070,70,56160.0,19855.28488,梯形波,材料4,0.0762953005
12071,70,56160.0,27376.71904,梯形波,材料4,0.0862106165
12072,70,56160.0,37208.23749,梯形波,材料4,0.096454083
12073,70,56160.0,50827.77506,梯形波,材料4,0.108794971
12074,70,56160.0,68707.13091,梯形波,材料4,0.122287266
12075,70,56150.0,125669.687,梯形波,材料4,0.1518054035
12076,70,56160.0,173161.9037,梯形波,材料4,0.17167355699999998
12077,70,63240.0,12622.30058,梯形波,材料4,0.0604790845
12078,70,70760.0,1859.902203,梯形波,材料4,0.0273671835
12079,70,70760.0,2480.413041,梯形波,材料4,0.030533996
12080,70,70760.0,3340.096847,梯形波,材料4,0.034433311
12081,70,70760.0,4416.322821,梯形波,材料4,0.038206036
12082,70,70760.0,6139.356219,梯形波,材料4,0.043566061
12083,70,70760.0,8370.705238,梯形波,材料4,0.0489643825
12084,70,70760.0,14683.06299,梯形波,材料4,0.060686120999999996
12085,70,70760.0,27639.6769,梯形波,材料4,0.07689156150000001
12086,70,70760.0,37570.06085,梯形波,材料4,0.08672937950000001
12087,70,70760.0,51371.15494,梯形波,材料4,0.09743436750000001
12088,70,70770.0,68553.91315,梯形波,材料4,0.10736211400000001
12089,70,70760.0,93111.11238,梯形波,材料4,0.12117157049999999
12090,70,70760.0,174477.649,梯形波,材料4,0.1532000855
12091,70,70760.0,235088.0174,梯形波,材料4,0.171856212
12092,70,70760.0,550846.7318,梯形波,材料4,0.239282706
12093,70,79410.0,2123.482628,梯形波,材料4,0.027108254999999998
12094,70,79410.0,9460.240303,梯形波,材料4,0.048387200500000005
12095,70,79410.0,17463.98513,梯形波,材料4,0.0609894975
12096,70,79410.0,32089.10809,梯形波,材料4,0.0770461445
12097,70,79410.0,44001.4247,梯形波,材料4,0.0864376285
12098,70,79410.0,109607.1684,梯形波,材料4,0.121542972
12099,70,79410.0,149628.1545,梯形波,材料4,0.136232548
12100,70,79410.0,360596.9391,梯形波,材料4,0.188903683
12101,70,79410.0,491235.6584,梯形波,材料4,0.213066272
12102,70,79410.0,864144.9313,梯形波,材料4,0.26999866
12103,70,89210.0,2476.117395,梯形波,材料4,0.027177249
12104,70,89210.0,3263.194468,梯形波,材料4,0.030165882499999998
12105,70,89210.0,4505.265789,梯形波,材料4,0.0344025635
12106,70,89210.0,6065.647871,梯形波,材料4,0.0386065
12107,70,89210.0,15004.20718,梯形波,材料4,0.0541661695
12108,70,89210.0,37887.24405,梯形波,材料4,0.076878184
12109,70,89210.0,50393.20875,梯形波,材料4,0.08469720950000001
12110,70,89210.0,69306.62938,梯形波,材料4,0.095585384
12111,70,89210.0,128960.6629,梯形波,材料4,0.12119129649999999
12112,70,89210.0,173967.1482,梯形波,材料4,0.13567995449999998
12113,70,89210.0,429300.4995,梯形波,材料4,0.1894507535
12114,70,89210.0,1009966.693,梯形波,材料4,0.270369227
12115,70,99980.0,1289.284448,梯形波,材料4,0.0194180775
12116,70,99970.0,1621.239135,梯形波,材料4,0.0216572115
12117,70,99980.0,2189.815628,梯形波,材料4,0.0243629585
12118,70,99980.0,2878.471542,梯形波,材料4,0.027006429999999998
12119,70,99970.0,5375.402651,梯形波,材料4,0.0346817435
12120,70,99970.0,13147.84973,梯形波,材料4,0.048483729
12121,70,99980.0,18060.97898,梯形波,材料4,0.054404565
12122,70,99980.0,24368.24836,梯形波,材料4,0.0613120425
12123,70,99970.0,33347.44142,梯形波,材料4,0.0690074835
12124,70,99980.0,83444.60109,梯形波,材料4,0.0967519205
12125,70,99980.0,273776.9634,梯形波,材料4,0.15056806150000002
12126,70,99970.0,376417.6698,梯形波,材料4,0.169787568
12127,70,99980.0,898482.6449,梯形波,材料4,0.2420311055
12128,70,112180.0,910.283677,梯形波,材料4,0.0153939945
12129,70,112170.0,1522.094903,梯形波,材料4,0.019272598000000002
12130,70,112170.0,1968.37775,梯形波,材料4,0.021731412
12131,70,112170.0,8668.730977,梯形波,材料4,0.0383924975
12132,70,112170.0,16004.45768,梯形波,材料4,0.048565748
12133,70,112170.0,21698.88022,梯形波,材料4,0.0547172115
12134,70,112180.0,29558.41874,梯形波,材料4,0.061490125500000006
12135,70,112170.0,242325.6174,梯形波,材料4,0.1344870225
12136,70,112170.0,332366.1954,梯形波,材料4,0.151388999
12137,70,112170.0,450711.9339,梯形波,材料4,0.170877935
12138,70,112170.0,816036.4185,梯形波,材料4,0.2163047145
12139,70,125920.0,1077.558688,梯形波,材料4,0.015435652000000001
12140,70,125920.0,1431.846782,梯形波,材料4,0.017192727
12141,70,125930.0,1901.300034,梯形波,材料4,0.0193778005
12142,70,125920.0,2383.522458,梯形波,材料4,0.021494382
12143,70,125920.0,5944.045581,梯形波,材料4,0.030586993
12144,70,125920.0,10669.95846,梯形波,材料4,0.0385331375
12145,70,125930.0,48123.27576,梯形波,材料4,0.068022176
12146,70,125930.0,65872.55955,梯形波,材料4,0.07690553
12147,70,125930.0,88974.27579,梯形波,材料4,0.0861665475
12148,70,125920.0,119895.7554,梯形波,材料4,0.0967039325
12149,70,125930.0,293583.1276,梯形波,材料4,0.13494068650000002
12150,70,125920.0,397395.6693,梯形波,材料4,0.152172346
12151,70,125920.0,723248.2324,梯形波,材料4,0.1926185625
12152,70,141280.0,815.8347314,梯形波,材料4,0.012165785
12153,70,141280.0,1338.779098,梯形波,材料4,0.015239143
12154,70,141270.0,4117.936993,梯形波,材料4,0.0244219835
12155,70,141270.0,5516.370235,梯形波,材料4,0.027132965000000002
12156,70,141270.0,13085.95224,梯形波,材料4,0.0383024035
12157,70,141270.0,23758.18581,梯形波,材料4,0.0485449875
12158,70,141280.0,31695.48972,梯形波,材料4,0.0534412255
12159,70,141270.0,43226.4732,梯形波,材料4,0.060394472000000005
12160,70,141270.0,144372.6816,梯形波,材料4,0.096402289
12161,70,141270.0,188031.5536,梯形波,材料4,0.1062244245
12162,70,141280.0,257013.6628,梯形波,材料4,0.1195359685
12163,70,141270.0,348106.0879,梯形波,材料4,0.134830433
12164,70,141270.0,635849.4821,梯形波,材料4,0.17084190999999999
12165,70,158740.0,1043.451185,梯形波,材料4,0.012325362
12166,70,158750.0,2274.951247,梯形波,材料4,0.017188968
12167,70,158750.0,3969.506426,梯形波,材料4,0.0219234555
12168,70,158740.0,5363.535855,梯形波,材料4,0.0244014495
12169,70,158750.0,9387.155315,梯形波,材料4,0.0307080495
12170,70,158750.0,16682.72305,梯形波,材料4,0.0388458835
12171,70,158750.0,54736.14801,梯形波,材料4,0.061283289
12172,70,158740.0,133060.9891,梯形波,材料4,0.086588926
12173,70,158740.0,235812.523,梯形波,材料4,0.1075694225
12174,70,158750.0,430981.9429,梯形波,材料4,0.136398653
12175,70,158740.0,581615.0665,梯形波,材料4,0.15349913850000002
12176,70,177900.0,1334.161289,梯形波,材料4,0.0121528775
12177,70,177900.0,1758.735177,梯形波,材料4,0.013672741
12178,70,177900.0,2219.775741,梯形波,材料4,0.015149198
12179,70,177900.0,6762.932056,梯形波,材料4,0.024132412
12180,70,177900.0,9029.596784,梯形波,材料4,0.027203979500000003
12181,70,177900.0,11891.44498,梯形波,材料4,0.030497715
12182,90,70870.0,5121.032139,三角波,材料4,0.048435082500000004
12183,90,89100.0,3841.471709,三角波,材料4,0.0385638155
12184,90,112090.0,3150.946499,三角波,材料4,0.030675592
12185,90,112090.0,4053.384737,三角波,材料4,0.0340756245
12186,90,177930.0,8340.362868,三角波,材料4,0.0310134775
12187,90,177930.0,14208.72706,三角波,材料4,0.038762845
12188,90,177930.0,967788.8208,三角波,材料4,0.1926169185
12189,90,199170.0,5121.22529,三角波,材料4,0.0220878955
12190,90,199170.0,8348.80562,三角波,材料4,0.027662293999999997
12191,90,199170.0,14134.61363,三角波,材料4,0.034663650000000004
12192,90,199160.0,1179031.86,三角波,材料4,0.19407815750000001
12193,90,316450.0,643510.2788,三角波,材料4,0.108372118
12194,90,316450.0,1134981.049,三角波,材料4,0.13732016349999998
12195,90,354610.0,6613.14714,三角波,材料4,0.0123951065
12196,90,354610.0,8147.125647,三角波,材料4,0.0136995785
12197,90,354610.0,13283.80433,三角波,材料4,0.0173267535
12198,90,354610.0,35355.58332,三角波,材料4,0.027459743
12199,90,354610.0,45465.94402,三角波,材料4,0.0309149055
12200,90,354610.0,96481.91325,三角波,材料4,0.0435534595
12201,90,354610.0,278232.1374,三角波,材料4,0.068704653
12202,90,354610.0,478232.395,三角波,材料4,0.086679589
12203,90,354610.0,617410.5822,三角波,材料4,0.096415832
12204,90,354610.0,818099.1759,三角波,材料4,0.1086985085
12205,90,354610.0,1073646.719,三角波,材料4,0.122208095
12206,90,396820.0,7010.305802,三角波,材料4,0.0111012825
12207,90,396820.0,8559.761966,三角波,材料4,0.0122458415
12208,90,396820.0,11077.00552,三角波,材料4,0.0138954915
12209,90,396820.0,13929.70291,三角波,材料4,0.015512083999999999
12210,90,396820.0,22279.33652,三角波,材料4,0.0194647485
12211,90,396820.0,97580.1519,三角波,材料4,0.038843662
12212,90,396820.0,125403.8592,三角波,材料4,0.043400786
12213,90,396820.0,161832.5842,三角波,材料4,0.048635455
12214,90,396820.0,209240.4666,三角波,材料4,0.0546045825
12215,90,396820.0,357218.4982,三角波,材料4,0.0688610305
12216,90,396820.0,1037205.984,三角波,材料4,0.109086219
12217,90,99900.0,4372.538746,三角波,材料4,0.0381378645
12218,90,177930.0,6228.189046,三角波,材料4,0.027261711
12219,90,199170.0,3692.790187,三角波,材料4,0.019214453
12220,90,199170.0,5128.611973,三角波,材料4,0.022050321499999997
12221,90,199170.0,14160.9385,三角波,材料4,0.0346067755
12222,90,199170.0,18528.79256,三角波,材料4,0.038889592
12223,90,354610.0,8178.1508,三角波,材料4,0.0136875495
12224,90,354610.0,10691.02129,三角波,材料4,0.015592292
12225,90,354610.0,17000.88579,三角波,材料4,0.019479476500000002
12226,90,354610.0,21599.18807,三角波,材料4,0.0218192105
12227,90,354610.0,162365.0547,三角波,材料4,0.054479956999999996
12228,90,354610.0,279739.9476,三角波,材料4,0.06889766450000001
12229,90,354610.0,365332.1849,三角波,材料4,0.07716674949999999
12230,90,354610.0,821390.5433,三角波,材料4,0.1087925225
12231,90,396820.0,7032.701719,三角波,材料4,0.011079516000000001
12232,90,396820.0,11217.91265,三角波,材料4,0.0139274425
12233,90,396820.0,14082.73586,三角波,材料4,0.0155573555
12234,90,396820.0,17709.20994,三角波,材料4,0.017380042999999998
12235,90,396820.0,22449.9242,三角波,材料4,0.019483575000000003
12236,90,396820.0,76640.10262,三角波,材料4,0.034658227
12237,90,396820.0,126089.9491,三角波,材料4,0.043393403
12238,90,396820.0,210693.4978,三角波,材料4,0.054671468
12239,90,396820.0,275821.515,三角波,材料4,0.06145961
12240,90,396820.0,359274.2599,三角波,材料4,0.06888806950000001
12241,90,396820.0,469658.1155,三角波,材料4,0.07743613399999999
12242,90,396820.0,603182.1045,三角波,材料4,0.08619446850000001
12243,90,396820.0,793730.7934,三角波,材料4,0.09713041
12244,90,50070.0,9051.788055,梯形波,材料4,0.0691903435
12245,90,50070.0,16993.55121,梯形波,材料4,0.08598575
12246,90,50060.0,48420.23128,梯形波,材料4,0.12235835149999999
12247,90,50070.0,68854.54404,梯形波,材料4,0.137506874
12248,90,50070.0,250482.2009,梯形波,材料4,0.2163791755
12249,90,50070.0,440075.7886,梯形波,材料4,0.2726213535
12250,90,56160.0,1887.645643,梯形波,材料4,0.0344146225
12251,90,56160.0,2437.573874,梯形波,材料4,0.0383700285
12252,90,56170.0,3353.540191,梯形波,材料4,0.043316029
12253,90,56160.0,8517.533296,梯形波,材料4,0.0614770615
12254,90,56170.0,11446.38822,梯形波,材料4,0.06847637000000001
12255,90,56160.0,21657.33445,梯形波,材料4,0.0862522885
12256,90,56160.0,42174.92392,梯形波,材料4,0.1089281525
12257,90,56160.0,58624.37899,梯形波,材料4,0.122362624
12258,90,56160.0,157236.597,梯形波,材料4,0.17158504000000002
12259,90,56170.0,289809.1065,梯形波,材料4,0.2157678125
12260,90,56160.0,385365.7762,梯形波,材料4,0.2425554605
12261,90,56160.0,497724.3603,梯形波,材料4,0.26646276
12262,90,70760.0,2581.461957,梯形波,材料4,0.0344435435
12263,90,70760.0,3376.283844,梯形波,材料4,0.0382298895
12264,90,70760.0,6346.098003,梯形波,材料4,0.048993259
12265,90,70750.0,8446.726077,梯形波,材料4,0.054411592
12266,90,70760.0,11466.37099,梯形波,材料4,0.060744403
12267,90,70760.0,22077.81264,梯形波,材料4,0.07685451900000001
12268,90,70760.0,42304.31802,梯形波,材料4,0.09743887700000001
12269,90,70760.0,57865.83547,梯形波,材料4,0.1071698195
12270,90,70760.0,113902.6575,梯形波,材料4,0.1367492695
12271,90,70760.0,158006.8662,梯形波,材料4,0.15312649150000002
12272,90,70760.0,216576.3278,梯形波,材料4,0.171914429
12273,90,70770.0,390415.6102,梯形波,材料4,0.212282602
12274,90,70760.0,699528.605,梯形波,材料4,0.2698520845
12275,90,79410.0,1672.878601,梯形波,材料4,0.027147724
12276,90,79410.0,2254.8444,梯形波,材料4,0.0305412095
12277,90,79410.0,4060.985155,梯形波,材料4,0.038771918
12278,90,79410.0,5489.0706,梯形波,材料4,0.0434480385
12279,90,79410.0,7346.179841,梯形波,材料4,0.048341736499999996
12280,90,79410.0,13664.75517,梯形波,材料4,0.060972689499999996
12281,90,79410.0,18851.26972,梯形波,材料4,0.068351788
12282,90,79410.0,36095.7718,梯形波,材料4,0.0865745205
12283,90,79410.0,96112.36336,梯形波,材料4,0.1215296875
12284,90,79410.0,133504.7712,梯形波,材料4,0.13613181800000002
12285,90,79410.0,183754.9312,梯形波,材料4,0.15277827449999998
12286,90,79410.0,337961.0654,梯形波,材料4,0.189041192
12287,90,79410.0,461321.1916,梯形波,材料4,0.2127348645
12288,90,79410.0,611531.2733,梯形波,材料4,0.2399585985
12289,90,79410.0,817400.8936,梯形波,材料4,0.2699905325
12290,90,89210.0,936.6107236,梯形波,材料4,0.0192596185
12291,90,89210.0,1508.071123,梯形波,材料4,0.024151081499999998
12292,90,89210.0,3641.251222,梯形波,材料4,0.034457368
12293,90,89210.0,4881.65922,梯形波,材料4,0.038736248
12294,90,89210.0,6529.682936,梯形波,材料4,0.043058070000000004
12295,90,89210.0,11981.27954,梯形波,材料4,0.054223304
12296,90,89210.0,16518.66381,梯形波,材料4,0.0608388515
12297,90,89210.0,31211.7419,梯形波,材料4,0.0769657995
12298,90,89210.0,41966.91305,梯形波,材料4,0.084689986
12299,90,89210.0,113947.5728,梯形波,材料4,0.1212512305
12300,90,89210.0,156488.9254,梯形波,材料4,0.13576728799999999
12301,90,89210.0,218302.1025,梯形波,材料4,0.15275624599999998
12302,90,89210.0,543023.4561,梯形波,材料4,0.213533533
12303,90,99980.0,1130.830942,梯形波,材料4,0.0194472905
12304,90,99980.0,1404.786729,梯形波,材料4,0.021628264
12305,90,99980.0,1897.084552,梯形波,材料4,0.0244220725
12306,90,99980.0,2446.127793,梯形波,材料4,0.0270405365
12307,90,99980.0,3315.539539,梯形波,材料4,0.030864726
12308,90,99970.0,4487.844101,梯形波,材料4,0.034658493
12309,90,99980.0,14721.82957,梯形波,材料4,0.0544245325
12310,90,99980.0,37020.14549,梯形波,材料4,0.075834662
12311,90,99970.0,99913.25252,梯形波,材料4,0.1085087165
12312,90,99970.0,135410.2671,梯形波,材料4,0.12159776150000001
12313,90,99980.0,252376.2307,梯形波,材料4,0.150438681
12314,90,99980.0,352046.708,梯形波,材料4,0.1696963105
12315,90,99980.0,480625.5842,梯形波,材料4,0.191362395
12316,90,99970.0,858241.235,梯形波,材料4,0.2422594775
12317,90,112170.0,860.7206848,梯形波,材料4,0.015370904500000001
12318,90,112170.0,1105.121299,梯形波,材料4,0.017353664999999997
12319,90,112170.0,1434.530984,梯形波,材料4,0.019312194999999997
12320,90,112170.0,2342.48345,梯形波,材料4,0.0241108795
12321,90,112170.0,4237.268718,梯形波,材料4,0.030891063
12322,90,112170.0,25198.59808,梯形波,材料4,0.061596835
12323,90,112170.0,33512.52405,梯形波,材料4,0.067780813
12324,90,112170.0,88075.70794,梯形波,材料4,0.096803106
12325,90,112170.0,120740.5843,梯形波,材料4,0.108563681
12326,90,112170.0,222188.1829,梯形波,材料4,0.13461074750000002
12327,90,112180.0,422974.096,梯形波,材料4,0.1707050075
12328,90,112170.0,576210.9197,梯形波,材料4,0.19208680449999999
12329,90,125930.0,865.5138026,梯形波,材料4,0.013752885
12330,90,125930.0,1088.861598,梯形波,材料4,0.0154755975
12331,90,125930.0,1837.301742,梯形波,材料4,0.019401837499999998
12332,90,125920.0,2275.964139,梯形波,材料4,0.0215181355
12333,90,125920.0,3092.119189,梯形波,材料4,0.024602964999999997
12334,90,125930.0,4049.492341,梯形波,材料4,0.0275152585
12335,90,125930.0,5457.170529,梯形波,材料4,0.030640656000000002
12336,90,125930.0,7072.597403,梯形波,材料4,0.034191148500000004
12337,90,125920.0,9534.942696,梯形波,材料4,0.0385965335
12338,90,125920.0,22948.39357,梯形波,材料4,0.0547879745
12339,90,125930.0,30669.3213,梯形波,材料4,0.060378235
12340,90,125930.0,42107.04789,梯形波,材料4,0.06812618549999999
12341,90,125920.0,106715.3952,梯形波,材料4,0.096749771
12342,90,125930.0,148207.2971,梯形波,材料4,0.108866421
12343,90,125930.0,371880.6912,梯形波,材料4,0.15201119000000002
12344,90,125930.0,689416.2729,梯形波,材料4,0.1926511105
12345,90,141270.0,885.5499466,梯形波,材料4,0.012170911
12346,90,141270.0,1387.917856,梯形波,材料4,0.0152582415
12347,90,141270.0,1835.291182,梯形波,材料4,0.01727064
12348,90,141270.0,5316.714222,梯形波,材料4,0.027173843500000003
12349,90,141270.0,6965.428384,梯形波,材料4,0.030400202
12350,90,141270.0,12142.11887,梯形波,材料4,0.038391481500000005
12351,90,141270.0,16149.0125,梯形波,材料4,0.0432944785
12352,90,141270.0,21653.07448,梯形波,材料4,0.0487019695
12353,90,141280.0,38897.56573,梯形波,材料4,0.060479394
12354,90,141280.0,52638.8522,梯形波,材料4,0.068188389
12355,90,141270.0,71063.74258,梯形波,材料4,0.07649518599999999
12356,90,141280.0,131344.2054,梯形波,材料4,0.09643705
12357,90,141270.0,173859.6346,梯形波,材料4,0.10619717149999999
12358,90,141270.0,237783.2224,梯形波,材料4,0.11953222150000001
12359,90,141270.0,325056.6612,梯形波,材料4,0.1347769415
12360,90,141270.0,445106.2643,梯形波,材料4,0.1517294655
12361,90,158750.0,910.4232892,梯形波,材料4,0.010933378
12362,90,158740.0,1155.819283,梯形波,材料4,0.012326654499999999
12363,90,158750.0,1469.525916,梯形波,材料4,0.013709142
12364,90,158750.0,2407.988211,梯形波,材料4,0.017177513
12365,90,158740.0,3184.556657,梯形波,材料4,0.0195369845
12366,90,158750.0,4073.54316,梯形波,材料4,0.022008383
12367,90,158750.0,7020.727579,梯形波,材料4,0.027212959
12368,90,158750.0,9285.460379,梯形波,材料4,0.0307993665
12369,90,158750.0,15864.57933,梯形波,材料4,0.03884498
12370,90,158740.0,21174.31412,梯形波,材料4,0.043733985
12371,90,158750.0,27643.25056,梯形波,材料4,0.0481431415
12372,90,158740.0,50454.10043,梯形波,材料4,0.0613346185
12373,90,158750.0,90252.19116,梯形波,材料4,0.077054797
12374,90,158740.0,222585.662,梯形波,材料4,0.10756867349999999
12375,90,177900.0,1208.404071,梯形波,材料4,0.010910655
12376,90,177900.0,1524.627054,梯形波,材料4,0.012167668
12377,90,177900.0,3282.663117,梯形波,材料4,0.017398294
12378,90,177900.0,4260.832605,梯形波,材料4,0.019469635
12379,90,177900.0,5377.837228,梯形波,材料4,0.021584842
12380,90,177900.0,6955.580249,梯形波,材料4,0.0241123725
12381,90,177900.0,9170.241099,梯形波,材料4,0.027230934
12382,90,177900.0,11939.63669,梯形波,材料4,0.0305246105
12383,90,177900.0,15606.50248,梯形波,材料4,0.0344400385
12384,90,177900.0,26563.0324,梯形波,材料4,0.042558875499999996
12385,90,177900.0,83919.57807,梯形波,材料4,0.068197389
12386,90,177900.0,112956.39,梯形波,材料4,0.0766290065
12387,90,177900.0,147685.1277,梯形波,材料4,0.084513156
12388,90,177900.0,271353.0046,梯形波,材料4,0.10727065499999999
12389,90,199190.0,2590.528679,梯形波,材料4,0.013607289
12390,90,199190.0,3405.021817,梯形波,材料4,0.015483633
12391,90,199190.0,5682.513094,梯形波,材料4,0.019296022
12392,90,199190.0,7081.881633,梯形波,材料4,0.021566282
12393,90,199190.0,9342.126164,梯形波,材料4,0.0243578875
12394,90,199180.0,12067.97461,梯形波,材料4,0.0272717865
12395,90,199190.0,15659.09591,梯形波,材料4,0.030688778
12396,90,199190.0,20604.90021,梯形波,材料4,0.034523678
12397,90,199190.0,26504.28428,梯形波,材料4,0.0379614135
12398,90,199190.0,46232.49153,梯形波,材料4,0.048405449
12399,90,199190.0,61458.0859,梯形波,材料4,0.054384682000000004
12400,90,199190.0,107581.1893,梯形波,材料4,0.068453167
