样本编号,温度_oC,频率_Hz,磁通密度峰值B_m_T,实际磁芯损耗_w每m3,传统模型_五折预测,温度修正模型_五折预测,传统模型_相对误差_percent,温度修正模型_相对误差_percent,传统模型_全样本拟合,温度修正模型_全样本拟合
1,25,50030.0,0.028844500000000002,1997.95525,918.7120281416841,1972.989122449374,-54.01738711907165,-1.2495839208924209,928.6310663331485,1964.7906480550043
2,25,50020.0,0.0314245,2427.74983,1160.315446475518,2420.5282933097474,-52.206136227985326,-0.2974580247526094,1150.232539246649,2425.922368965595
3,25,50020.0,0.0355225,3332.72576,1579.7271858510778,3295.516335041611,-52.59954464866986,-1.116486252933959,1563.0458848231794,3281.306172999567
4,25,50020.0,0.0400225,4502.908007,2109.051781279507,4403.2651551832605,-53.1624501766219,-2.2128555960246046,2106.5366445594113,4402.325530765797
5,25,50030.0,0.045059,6063.023248,2859.3198899686654,5890.5946695072225,-52.840030905178125,-2.843937280789029,2834.633577168068,5897.027166860883
6,25,50020.0,0.06338450000000001,14273.85421,6658.130629538434,13651.196932393974,-53.35436013579381,-4.362222483467734,6654.792782163537,13667.373372343256
7,25,50020.0,0.1117535,56401.52952,27575.345360646395,55665.125514654064,-51.10886957264489,-1.3056454525489474,27496.919856530025,55272.23979961132
8,25,50020.0,0.1252335,73651.31728,36637.46922847064,73717.20498561926,-50.25551397921903,0.08945896428270611,36561.4789620995,73176.82332538565
9,25,50020.0,0.157278,125047.8122,64594.99291069778,127780.05629603552,-48.343764057714736,2.1849595350501594,64650.95558939334,128285.39667585569
10,25,50020.0,0.1756025,161776.6059,83785.26605445007,167910.64632264903,-48.20928181282231,3.7916733315821376,85176.54897163041,168309.86292970396
11,25,50020.0,0.24597750000000002,352985.6272,194532.95154562427,385588.219907445,-44.88927124633241,9.236238020811129,197925.51534887578,386142.7737345598
12,25,50030.0,0.271071,441717.9624,252032.84592902524,487951.66877028573,-42.94258613354837,10.466793362688415,252457.57264176419,490692.51292639354
13,25,56320.0,0.0248495,1759.006565,765.9944976731766,1575.1746644872806,-56.45300518402689,-10.450893371891388,773.6847702260609,1586.0741674532414
14,25,56310.0,0.0278465,2364.873224,1016.9245782695328,2107.608269414007,-56.998769830482345,-10.87859391256709,1028.403815243978,2099.2994250260394
15,25,56320.0,0.031203500000000002,3132.233226,1353.2609568506043,2762.20049014153,-56.79565156203971,-11.81370316829881,1367.6048023916276,2779.552475181941
16,25,56320.0,0.0354755,4363.429973,1900.179761464466,3806.089482614807,-56.452154080107064,-12.77299037302995,1885.2826029622663,3813.117517923102
17,25,56320.0,0.0397945,5773.018252,2532.8846141183085,5053.2960633720895,-56.125470186400015,-12.46700005458272,2513.0713917227104,5060.796300942944
18,25,56320.0,0.049410499999999996,9988.187279,4268.780640167208,8583.38115105062,-57.26170804644153,-14.06467548824361,4318.856029977376,8626.264236550947
19,25,56310.0,0.0560445,13463.78092,5898.676976935891,11768.288529627036,-56.18855496843682,-12.592988555349748,5917.387824371716,11763.487121553197
20,25,56310.0,0.070949,23248.3141,10720.968899054895,21142.432136502848,-53.88496192480944,-9.058213659876316,10674.613791838216,21031.944664938284
21,25,56320.0,0.087934,39002.19859,18030.192264855585,35577.821912422616,-53.77134388142301,-8.779958057173165,18267.306516663495,35698.27992588102
22,25,56320.0,0.0979305,50069.23431,23992.780526282742,46431.73372839821,-52.080792013448416,-7.264941498966149,23914.628617512142,46544.18065704147
23,25,56320.0,0.11084949999999999,66762.87637,32858.27175167135,63273.58875784863,-50.78361877404631,-5.226388978230552,32606.361570244935,63163.45489741691
24,25,56310.0,0.138669,113796.1134,57083.41335923341,109283.20606032485,-49.83711512309575,-3.965783368902956,57078.407739135204,109641.90074405896
25,25,56310.0,0.155137,148257.1129,74494.87999064504,144303.89033042267,-49.752913345282714,-2.6664640179819243,75579.11004854304,144564.1671159032
26,25,56320.0,0.174637,198685.0545,101485.13767912342,195019.3122324526,-48.92160462974158,-1.8450015159783486,101665.3194608459,193579.7688373468
27,25,56320.0,0.1941,255933.2678,132373.02813154884,250070.74684507688,-48.278303454089354,-2.2906443563657426,132428.2597123242,251148.04640350645
28,25,56320.0,0.21664450000000002,331623.2171,175659.56786528364,330512.99425303406,-47.03037700393757,-0.3347844148774304,174330.76826200692,329242.3964645393
29,25,56320.0,0.23837150000000001,416358.3168,220562.23381621265,420078.2562498318,-47.02586091917531,0.893446653935518,221420.21674616382,416664.944546614
30,25,56310.0,0.26644900000000005,534557.2986,292208.74119515164,545203.8216132775,-45.336310633033484,1.9916523525468073,292470.3828263966,548080.3764395874
31,25,63010.0,0.022109499999999997,1507.127686,696.810124023503,1370.631478754993,-53.76568750635352,-9.0567115522425,691.8457470923147,1375.208764688639
32,25,63020.0,0.024778,1987.49952,912.6459666224171,1810.393416681535,-54.08069499194561,-8.911001061195984,920.3006196316171,1821.3488301162706
33,25,63020.0,0.0279755,2690.828365,1232.8802485783028,2464.995727563165,-54.18212976291772,-8.392680870109485,1246.826378358118,2456.2524750811226
34,25,63020.0,0.035504,4918.264521,2280.3792282941276,4431.334742260214,-53.634473734436874,-9.900438999583983,2263.3175593776346,4418.680409333314
35,25,63020.0,0.0395095,6538.643558,2978.2270310057033,5741.513841109465,-54.45191338864379,-12.191056292023296,2957.2753342363503,5750.168790199922
36,25,63020.0,0.049987000000000004,11504.91656,5273.511523437316,10223.900625360395,-54.162974621023096,-11.134508694251712,5326.832887448963,10265.707313088009
37,25,63020.0,0.056082999999999994,14827.08294,7080.948197885229,13631.300965250179,-52.2431470401876,-8.064849839909384,7103.897350320249,13630.876009889194
38,25,63020.0,0.06318299999999999,19682.18168,9554.453410420352,18273.95166954799,-51.456329558581984,-7.154847126947214,9572.264683116497,18284.41608568763
39,25,63020.0,0.071044,26015.31362,12696.552663171033,24334.173986841026,-51.19585007266565,-6.462115574369058,12835.906922625669,24409.79582674829
40,25,63020.0,0.0787945,33431.1089,16659.181731032782,31463.492954967976,-50.16862353903917,-5.885583846224207,16631.47494408375,31503.965407919633
41,25,63020.0,0.0882655,43311.21706,22247.02480743869,41713.029035336156,-48.63449628621752,-3.690009501348902,22093.24012080451,41670.32357031619
42,25,63020.0,0.0993115,56888.04649,29879.95583747397,55796.80639061475,-47.47586236288429,-1.9182238918628927,29673.94414704944,55718.994200704285
43,25,63020.0,0.11079900000000001,73132.61212,39291.72629635913,73094.8975442134,-46.273317529138566,-0.051570119941463405,39021.47853005895,72967.81306164378
44,25,63020.0,0.125058,96561.45489,53143.106455619716,97932.30869155478,-44.964472090692084,1.4196697876149638,52825.03713359488,98327.76706080025
45,25,63020.0,0.13987850000000002,124836.8907,69035.33605510082,129417.62878706712,-44.69957104186285,3.6693785477846084,69908.22301275925,129575.37150465947
46,25,63020.0,0.157522,164156.6808,92900.20816877046,173481.76834072647,-43.407598328602134,5.680601907446991,94102.04614825992,173635.8284497984
47,25,63020.0,0.1764085,213181.9924,123291.58886330137,229384.74431898235,-42.16603969440086,7.600431789088752,124921.01916430487,229516.13547673376
48,25,63020.0,0.196325,272698.8683,161081.74932135738,298648.4388671178,-40.93053985682514,9.515833611223618,163253.1129142297,298730.5940205998
49,25,63020.0,0.21769,345321.4402,212840.29266419937,386811.74399288493,-38.36458792106029,12.014980526217823,211398.2656893842,385319.0849374272
50,25,63030.0,0.245174,450682.3276,286643.0027613915,518777.10738046933,-36.397993618289924,15.109263356983982,284706.4589782685,516581.8082394931
51,25,63030.0,0.271654,568872.0099,367915.664906687,661753.7230464809,-35.32540562659048,16.32734807304165,367988.05550588324,665102.4440935369
52,25,70840.0,0.024719,2225.097322,1113.4493869866621,2109.1346534261957,-49.95951970380098,-5.211577373594287,1104.1469179923668,2106.5042921480726
53,25,70840.0,0.0280215,3024.184603,1517.0671096308215,2875.2874417305375,-49.83549919122376,-4.9235473628744835,1511.0489782232598,2869.137723203744
54,25,70840.0,0.031528,4089.657062,2014.8389898800544,3819.2975582778504,-50.73330210003672,-6.610811117495842,2029.4839151072167,3836.358055539022
55,25,70840.0,0.0351065,5561.224672,2632.788127331582,5010.025924464211,-52.65812329814137,-9.911463392425034,2655.8254750711058,4999.938692747522
56,25,70840.0,0.039447499999999996,7428.611375,3567.595315822185,6671.119067145373,-51.97493669101535,-10.196957003348786,3555.271886255639,6663.775186345905
57,25,70840.0,0.044234499999999996,9781.334899,4696.945137894273,8805.535576154303,-51.98053040414281,-9.976136518395435,4734.985784714113,8836.540841311325
58,25,70830.0,0.049862,13030.14014,6407.47233624686,11871.87935012196,-50.8257603724678,-8.889089276349402,6387.596420750849,11867.263423909673
59,25,70840.0,0.056232500000000005,17428.60715,8655.677180816063,16013.817944707913,-50.33638026079403,-8.117626343376998,8631.308426423166,15962.201616291473
60,25,70840.0,0.0787515,38034.45168,20057.819019125403,36525.80796690611,-47.264077347873034,-3.9665188965697395,20045.87846949345,36601.71054954473
61,25,70840.0,0.0992345,64866.78904,35819.5301690943,64588.31888500904,-44.779862393055645,-0.4292954208343006,35745.38278301259,64698.40256438533
62,25,70840.0,0.1115325,84929.72944,48101.686123156775,85949.9082820135,-43.362958483060986,1.201203452242504,47880.69394221522,86280.44342579423
63,25,70840.0,0.1246775,109923.077,63109.84940286365,114122.43120986584,-42.58726090531141,3.820266248429196,63272.69362792753,113536.54279221669
64,25,70840.0,0.140482,144795.5963,85000.79218536535,153182.77252648963,-41.296010129166234,5.7924249361232985,85289.08160468697,152352.53281171853
65,25,70840.0,0.218314,398991.6659,255347.06348336287,454386.47107236064,-36.00190547655174,13.883699812979131,256979.7606651099,451443.9046298322
66,25,70840.0,0.275636,677349.1971,456843.35967227723,807527.2067936399,-32.5542332332858,19.21874422395177,460491.4810161768,801847.1285846189
67,25,79470.0,0.019554000000000002,1351.668508,743.0729441736736,1366.8253464742788,-45.025504420964616,1.1213428724995387,738.9762502807672,1371.921873786719
68,25,79460.0,0.0249305,2547.825849,1363.3270324046543,2502.657176302156,-46.49057222887708,-1.7728320291424953,1356.674518950423,2495.7221088037
69,25,79460.0,0.028133,3427.227242,1825.9276447616055,3348.349981103475,-46.72288950130826,-2.3014890851093748,1835.6299693875906,3361.382114754725
70,25,79470.0,0.0312525,4655.897506,2401.589726590684,4346.500880923192,-48.418329151451815,-6.645262802243655,2388.5210214610192,4356.271950400525
71,25,79460.0,0.0350575,6205.058112,3197.5525445898334,5788.678329894548,-48.468612430783416,-6.710328486693975,3183.27152777647,5780.787654121997
72,25,79460.0,0.039543499999999995,8367.055189,4276.063392987283,7754.657378181669,-48.894045797511446,-7.319155867687344,4302.348326900265,7777.469521661891
73,25,79470.0,0.044417,11089.48772,5720.463504234513,10362.585278004257,-48.41543948042252,-6.55487846102004,5755.351577025776,10357.996954478293
74,25,79470.0,0.049807000000000004,14658.56285,7694.6526148958565,13744.47460863471,-47.50745558323368,-6.235865348595826,7665.077110685337,13735.249662130975
75,25,79470.0,0.0562415,19233.50271,10315.663957846064,18492.77206827613,-46.36617098100035,-3.851251916473577,10387.95723733603,18528.988437444743
76,25,79460.0,0.069972,32688.69228,17804.14499161771,31691.683302941616,-45.534239060059114,-3.0500118160688428,17938.485318335224,31734.4889094527
77,25,79460.0,0.0880615,55945.83678,31631.281631977512,55882.99492872515,-43.460883861003694,-0.11232623353541822,31887.794228661485,55922.691342298756
78,25,79460.0,0.0994545,74362.24612,43354.89037247804,75363.09116305236,-41.69771270421916,1.3459048042164845,43233.24731453979,75471.02508707978
79,25,79460.0,0.12568600000000002,128576.4162,78113.34749268091,133714.49693201933,-39.24753092264139,3.9961299932540246,77653.59685895823,134361.12027031416
80,25,79460.0,0.14063599999999998,166639.6736,103609.98544342877,176277.4494870453,-37.823938798552255,5.783602235191417,102866.89369099253,177230.74211412887
81,25,79470.0,0.15758450000000002,218449.8965,135479.99523503674,234837.20409660722,-37.98120420027906,7.501632117553886,136771.98686788738,234623.65458310783
82,25,79460.0,0.173746,273541.545,174922.816104946,297453.1770190044,-36.052559729109525,8.741499218703483,174578.51340207152,298384.80677261995
83,25,79460.0,0.195886,360199.2721,233985.0983845777,403194.31387218373,-35.04009682739787,11.936459927172553,235672.1939066887,400978.8471183705
84,25,79460.0,0.218493,461810.5667,313553.40625892906,520818.63575626834,-32.10345780965669,12.777548482254838,309728.5065716956,524804.7800293644
85,25,79460.0,0.247458,613904.3362,423511.70623966126,710206.8365691556,-31.01340367439789,15.686890398145318,422903.07793243416,713197.5411060787
86,25,89080.0,0.017487500000000003,1129.391913,675.5666080901136,1212.6596499466789,-40.183155172803716,7.372793800647566,671.4162723943532,1207.6615874017805
87,25,89080.0,0.019721000000000002,1532.851361,904.450737505496,1617.4678462241602,-40.99553547609134,5.520201591428813,906.9663630221368,1623.9307611973377
88,25,89080.0,0.022184000000000002,2119.668152,1213.758055135048,2162.2886866898734,-42.73829825721475,2.0107173214665175,1217.4826523875834,2170.217897516011
89,25,89090.0,0.0311205,5166.874084,2829.055195129761,4984.325004671565,-45.24629110102848,-3.5330661510356105,2840.0707170034434,4997.88979426849
90,25,89080.0,0.0351155,7061.093869,3852.5603264329084,6733.563254697987,-45.439610378972176,-4.63852514041707,3841.300263018383,6729.216926509343
91,25,89080.0,0.0394185,9430.12443,5140.4948323732615,8954.890982798446,-45.48857896275647,-5.039524671484676,5129.487357142582,8946.618543452998
92,25,89080.0,0.044553999999999996,12766.46246,6977.64875099365,12112.637460353828,-45.34391361071178,-5.1214265635037375,6968.4887301603385,12097.877311104661
93,25,89090.0,0.0555225,21893.48022,12044.56909102381,20788.406881603554,-44.98558945406529,-5.04749965419818,12087.851344239303,20810.5849802851
94,25,89080.0,0.062306,28291.14184,16194.26548471828,27649.41510527938,-42.75852994444469,-2.2682956324276153,16125.575354430257,27642.01643790389
95,25,89090.0,0.0789285,49708.07326,29157.153702786167,49369.15766570412,-41.343222960426274,-0.6818119715144941,29143.588872332282,49509.94141435908
96,25,89080.0,0.088574,65196.27638,39026.01404517833,65714.02999672965,-40.1407316305718,0.7941459934182241,38881.054768834336,65766.73855508197
97,25,89080.0,0.099257,85243.35886,51351.3795939672,87112.86898457193,-39.759084718488765,2.193144603372967,51697.13700979873,87068.63005777406
98,25,89090.0,0.11149300000000001,112150.6467,69468.59226046315,116167.72558984652,-38.057787177732656,3.581859764564804,69159.86971366094,115963.66810856774
99,25,89080.0,0.1253535,147631.7533,92030.27335714446,154935.2308421144,-37.662277050837915,4.947091244844266,92702.57873224326,154756.0218593621
100,25,89090.0,0.14027050000000002,193355.8322,123382.63422215843,204693.249204453,-36.18882201880723,5.863498853619264,122838.63810031672,204186.03455707373
101,25,89080.0,0.15556799999999998,245886.8962,160443.24093699764,261817.86446563783,-34.749169875853816,6.478982211675029,159119.8436091008,263468.15413686057
102,25,89090.0,0.17470449999999998,321281.5746,211029.89065997512,351430.57729733293,-34.316217504004,9.383981242892272,212742.98280548985,350699.7657085691
103,25,89090.0,0.1952365,415631.7819,278488.7160373147,463355.76239301264,-32.99628946462078,11.482274111678716,280922.5332614122,461146.72732868855
104,25,89090.0,0.2194885,542772.7158,377425.0818452277,613179.7122763466,-30.463512468762215,12.97172728599167,376536.67328207433,615366.6000909561
105,25,89080.0,0.247222,711545.3171,509206.8610773139,828418.4164307994,-28.43648200052023,16.42525029988697,507005.4011326184,824892.5899309334
106,25,89090.0,0.271543,896343.4213,644050.5691578578,1044363.3315598633,-28.146896172477348,16.513749835435227,641275.8708200261,1039611.261457096
107,25,99950.0,0.017503,1299.233133,809.1042183962809,1399.8872581496928,-37.724477782673596,7.7471950640049485,809.7657967328444,1404.694187732162
108,25,99950.0,0.019725,1755.831126,1097.7724460384748,1882.928373916279,-37.4784721729284,7.238580409826896,1091.9845235366658,1885.7017940084613
109,25,99950.0,0.022224,2390.408185,1478.3247269087774,2526.9996504662995,-38.155971177417236,5.714148166134217,1471.7196820675165,2529.9944262063113
110,25,99950.0,0.024701,3242.978165,1892.3274007923694,3291.1632066441894,-41.64846926151384,1.4858268909802965,1917.0813007871368,3282.440615607387
111,25,99960.0,0.031252,5892.742949,3467.1506564619363,5847.964529577482,-41.162363835159105,-0.7598909338157642,3453.878649371284,5861.117730319235
112,25,99950.0,0.0349965,7874.71143,4589.898834720774,7744.284881632042,-41.7134345109485,-1.6562708300786366,4583.475030937648,7744.983854541477
113,25,99950.0,0.039505,10735.42591,6159.7887295574,10442.700384535616,-42.62185048643869,-2.7267248446259753,6206.697703917786,10439.820576062206
114,25,99950.0,0.0445605,14477.24774,8420.625950497382,14030.175714140923,-41.83545034439411,-3.0881009559837596,8388.842663128024,14046.035520382888
115,25,99950.0,0.0495175,18907.91771,10911.761642393581,18228.417931689677,-42.289987666793266,-3.5937314131156346,10922.151520332005,18214.82314547655
116,25,99950.0,0.070122,42837.66482,26207.00081546436,42934.02206370365,-38.82252703179827,0.22493579915836584,26081.10021576462,42925.96761689161
117,25,99950.0,0.08818,74230.01899,46045.50136521128,75657.50901277809,-37.96916396934457,1.9230629901501108,46269.94687895488,75496.03390928148
118,25,99950.0,0.099721,99316.153,63212.09376648857,102130.9788118178,-36.35265577947973,2.8342074544689533,62941.75862089519,102221.18661059871
119,25,99950.0,0.154723,281919.8367,189577.02601038676,301040.5565652647,-32.754988712581515,6.7823251066975105,188891.07821176408,301709.0633406638
120,25,99950.0,0.1742325,371891.5855,255148.99879968908,405545.51856738195,-31.391564437617774,9.049393527453706,254239.08661320445,404264.7849343087
121,25,99950.0,0.195532,486551.2281,337016.04548300605,538902.2513468984,-30.733697497986846,10.75961177846185,339278.5566911889,537134.3813414045
122,25,99950.0,0.2209735,642255.3272,462376.78677059244,728909.3444351674,-28.007325562189216,13.492144567013147,460744.6440342959,726063.9697412215
123,25,99950.0,0.2424265,808495.9048,574177.0405589734,916454.8257243279,-28.982071875675203,13.353057236701035,580944.0055152376,912273.0055623535
124,25,99950.0,0.269807,1026883.575,753627.3503898561,1192475.0669037632,-26.61024397143988,16.12563448624283,759281.4943745808,1187498.9849239732
125,25,112170.0,0.0159875,1114.703914,763.2272370227631,1310.4451142323383,-31.53094490500164,17.55992759816741,777.157127044771,1304.5948986982062
126,25,112160.0,0.0197655,1964.803519,1300.5919592234823,2207.5024625633714,-33.80549522399943,12.352326388691253,1321.0968398880677,2200.0089580209833
127,25,112160.0,0.0246395,3628.229323,2300.1145218543006,3775.589886339271,-36.605040170050444,4.061500809916441,2293.091927180729,3786.9172770314135
128,25,112160.0,0.027822,4949.221631,3071.3331279577833,5116.830402471958,-37.94310788750808,3.386568312522553,3107.491382170143,5108.297642563953
129,25,112160.0,0.031157999999999998,6603.373697,4127.91054169137,6744.971874790441,-37.48785497984562,2.144330826752554,4125.282858426333,6752.386758286852
130,25,112170.0,0.0352155,9111.892514,5554.191283545136,9135.01093460161,-39.04459172437143,0.25371700298363986,5604.3440557346,9130.670250399788
131,25,112160.0,0.0494445,21305.04772,13031.331002782143,21040.834604272066,-38.83453736388935,-1.2401432712112825,13097.691517097503,21067.00450512478
132,25,112160.0,0.055750999999999995,28708.38837,17627.537814173607,28326.493414994693,-38.59795406490243,-1.3302556384683168,17685.91849177432,28317.90415201062
133,25,112160.0,0.0621535,36731.5784,23347.491524888752,37047.127235552936,-36.43754899220788,0.8590669099940933,23213.842877922638,37016.24765402564
134,25,112160.0,0.0700275,49122.63239,31134.59108667895,49705.433037811614,-36.618642829456576,1.1864198220986564,31286.01081906189,49663.069790444126
135,25,112160.0,0.0785405,64903.79723,41570.85078771231,65995.41259800683,-35.95004828392794,1.6818975385037551,41687.39047502741,65887.19401247829
136,25,112160.0,0.09934699999999999,114103.3322,75427.97343608065,117495.0394151194,-33.89503007338059,2.9724874372419077,75049.14301623551,117564.60520200673
137,25,112160.0,0.12369350000000001,194634.2954,130233.35687073742,202177.23746625564,-33.0881761597615,3.875443457050497,129867.85178272641,201756.3507519375
138,25,112160.0,0.1550025,329555.1343,230235.751491286,349320.0332316648,-30.137410245383023,5.997448340062115,228382.06695954147,351784.1159407584
139,25,112160.0,0.173826,432205.1043,307098.8038595612,463039.5899182915,-28.94604880779026,7.134225235083943,304224.30888566346,466576.572427723
140,25,112160.0,0.1972505,579176.7738,412475.8546961752,639230.2056938523,-28.782390220880917,10.368756934059967,417401.1515581689,637093.6173698016
141,25,112160.0,0.217331,737413.5818,529174.1617163165,812620.2703717493,-28.239162557242114,10.19871215121539,531973.7858573409,808993.8459444733
142,25,112160.0,0.27233549999999995,1223675.078,930030.8875921676,1417706.9356542542,-23.996908630988102,15.856485201233639,935464.7842431528,1410494.6670802073
143,25,125860.0,0.016809499999999998,1472.545902,1041.7533818823244,1719.8601989764088,-29.25494679198636,16.795014446782844,1060.2372982306424,1713.2712945804751
144,25,125850.0,0.019517,2256.015194,1516.0795126185412,2482.727511266674,-32.79834654258356,10.049237162481354,1540.3269380720224,2475.086508044905
145,25,125860.0,0.022026999999999998,3084.707485,2088.0687072746477,3326.145573523851,-32.30902063069854,7.826936255638227,2085.072002127692,3335.01431419574
146,25,125860.0,0.024778500000000002,4200.974078,2800.862515986942,4446.535792829596,-33.328259970592896,5.84535182246359,2799.074878346005,4457.127546397487
147,25,125850.0,0.0276265,5525.178254,3673.929716394324,5814.548029444794,-33.50567986228226,5.237293027339023,3674.2892119790035,5826.86768366939
148,25,125860.0,0.039246500000000004,13775.45003,8849.956643468204,13849.565012476593,-35.75558965990308,0.5380222229777313,8844.998908090445,13841.2060438525
149,25,125850.0,0.04396,18310.96022,11828.16108448114,18341.598430414815,-35.403927798598325,0.16732170266718124,11745.595628520323,18301.91344164006
150,25,125860.0,0.049408,24421.93184,15735.23041603674,24440.06755929796,-35.56926405688986,0.07425997016442185,15735.23080886368,24409.67618971503
151,25,125860.0,0.055529999999999996,32684.68129,21120.92157147766,32536.43897395901,-35.379753640309524,-0.4535528883567368,21076.219167884123,32550.693790011203
152,25,125860.0,0.0701155,56884.91087,37731.411314620265,57630.56319492837,-33.67061539245712,1.3108086371664047,37774.216934098135,57826.499874761066
153,25,125850.0,0.0791755,76878.8708,51295.12353600959,78058.01801176694,-33.27799562840407,1.5337728032380682,51189.312349460815,78005.04940306874
154,25,125860.0,0.11010249999999999,172790.731,117478.21331745546,175692.13088800645,-32.01127593038803,1.6791409303120817,116819.3791805704,175801.94990869384
155,25,125860.0,0.175246,516365.5506,377229.345263438,548137.8854101463,-26.945291988377274,6.153070198666019,373692.7009436645,552558.8395466309
156,25,125860.0,0.19543300000000002,679260.437,491827.51052659226,725399.4768901103,-27.593676337343897,6.792540442055844,490881.2353679391,722848.0712481327
157,25,141250.0,0.015726,1402.690272,1081.9848652922487,1680.456911634819,-22.863593846022717,19.802421473898914,1080.366567445894,1687.8848980493601
158,25,141260.0,0.022040499999999998,3564.3754,2513.8896865559977,3864.8788066590887,-29.47180348747784,8.43074516390975,2514.1950426207086,3878.0067646524412
159,25,141270.0,0.024661500000000003,4792.365224,3341.9157702071975,5116.519965665834,-30.26583713880991,6.763982428602859,3330.6848510535674,5115.467195682562
160,25,141270.0,0.03139,8888.402923,6141.048449722425,9301.374250212237,-30.909427678716117,4.646181443278358,6090.548410026624,9269.152898181717
161,25,141260.0,0.043887999999999996,20972.82318,14194.77762886902,21218.11486237904,-32.318231517798836,1.1695692099905461,14085.156541181517,21166.16975532355
162,25,141260.0,0.0555105,37837.05515,25191.37032259574,37716.69091076997,-33.42142980544367,-0.318112069644066,25352.645294992897,37760.66463454389
163,25,141260.0,0.06246449999999999,49742.16541,33817.71710062766,50460.97506742879,-32.0139828616527,1.4450711011553286,34061.45270721114,50505.441484165385
164,25,141260.0,0.0704095,67223.83993,46015.49641316599,67856.87289820472,-31.548842700622583,0.9416792745905194,45957.25453731354,67835.91944579645
165,25,141270.0,0.079156,89782.66539,61639.35788985927,90844.17675493154,-31.346036985971832,1.1823121538222652,61606.81782040973,90531.30250448218
166,25,141260.0,0.123526,266704.6966,188717.83800825008,270819.65682656766,-29.24090186109979,1.5428900499413387,187552.23860008453,271007.8373164273
167,25,141260.0,0.1398235,357572.7731,255507.42475327232,369643.1611961583,-28.543937353469506,3.375645184479046,255726.6694331739,367787.68283451506
168,25,141260.0,0.1750575,619011.8338,442390.1225827513,640881.8978627897,-28.53284890096534,3.533060737875293,448701.44117975247,639855.800037187
169,25,141260.0,0.21827449999999998,1026071.684,780125.8229840366,1106283.7448884477,-23.969656784326908,7.817393476423786,779273.563719211,1102009.7282592466
170,25,158500.0,0.013948,1187.754171,964.4872728884972,1450.1891669357226,-18.79739962719128,22.09505993271082,963.1093016882514,1457.7809256674627
171,25,158500.0,0.013966,1192.605834,976.1457241933342,1471.5324070203992,-18.150180355957048,23.38799333933153,966.2218583671001,1462.420718134314
172,25,158500.0,0.015526,1641.045747,1267.0870827021035,1898.0240583375985,-22.78782690741749,15.659423986648838,1259.3039309791152,1898.3850508033267
173,25,158500.0,0.0196715,3044.949531,2274.4364591675367,3386.24417229595,-25.304625380093483,11.208548378923853,2276.485604722944,3401.1521225454076
174,25,158500.0,0.022010500000000002,4080.613099,2971.5186352286105,4493.566283571125,-27.179603575825055,10.11988087457552,3015.338003898456,4485.895901481369
175,25,158510.0,0.0248075,5648.015608,4088.270319199026,6030.861558451419,-27.615810526297217,6.7784152350632,4067.7910427651927,6024.146826199394
176,25,158500.0,0.0348565,13587.381,9435.862181276667,13916.22444837298,-30.554223942960988,2.4202121687246407,9524.430259717214,13924.850117907716
177,25,158500.0,0.039105,18242.28949,12598.546873348281,18464.611252183327,-30.93768805579742,1.2187163365936051,12699.962481766914,18486.820188463553
178,25,158510.0,0.0439345,24635.10959,17005.956890505873,24603.56752204735,-30.96861684995706,-0.12803705149927258,16997.039848935205,24632.53161766141
179,25,158510.0,0.0495085,33238.5309,23108.150814061475,33139.96668474725,-30.477821406777405,-0.29653601583441447,22916.811543855012,33061.70731986638
180,25,158500.0,0.0556045,44430.17965,30889.689501410776,44098.287930855935,-30.47588430939244,-0.7469961223622089,30639.28315250626,44009.69000498081
181,25,158500.0,0.0626825,59069.01523,41679.46820589411,59221.533029394894,-29.439371820226444,0.2582027122020406,41349.04882370366,59124.08242441425
182,25,158500.0,0.0704555,79066.42767,55421.362340487285,78884.4729758279,-29.905316360314472,-0.23012889229235303,55396.28801374079,78859.99606828588
183,25,158500.0,0.07882549999999999,107275.1057,73362.72648377824,103494.22578017379,-31.612533956442196,-3.5244709340111267,73358.45687761519,103987.19240255369
184,25,158500.0,0.08782000000000001,139304.1316,95073.3542685586,135601.27293993277,-31.75123151296497,-2.6581111540177953,96128.79688015554,135708.133116742
185,25,158500.0,0.09836249999999999,183014.8648,126155.52527194553,179348.9309211694,-31.06815372084163,-2.003079849736121,127654.06663228729,179441.23957653122
186,25,158510.0,0.10966200000000001,237859.9575,167648.33097365077,234997.0340216329,-29.51805224565771,-1.2036172496024675,167583.92177739268,234597.12684354914
187,25,158500.0,0.124371,320931.3637,229838.6869185069,321667.0215148026,-28.38384997068864,0.22922590248620253,229586.6052780638,319871.24401870393
188,25,158500.0,0.155684,556312.9256,402881.9721576353,559727.0034030764,-27.57997277824973,0.6136973717434829,402660.106644915,556254.5960846171
189,25,177820.0,0.013819000000000001,1455.296582,1109.6394760063497,1659.4780896317436,-23.75166067652114,14.030233435382566,1132.1457987096248,1653.3756084753368
190,25,177820.0,0.0154935,1947.216719,1507.0255618366564,2181.8649412956274,-22.60617181786552,12.05044204921021,1507.2187842592016,2191.6144687893216
191,25,177820.0,0.017454,2619.028052,1995.6449869608182,2946.79425138535,-23.802076673563704,12.514802929852308,2030.6512792353374,2939.431944121531
192,25,177830.0,0.0196505,3573.989819,2725.2455631137436,3916.625713174957,-23.747808440140837,9.586929776728534,2731.9086679358516,3936.741193450522
193,25,177820.0,0.0221345,4896.646627,3678.604734602267,5260.589614820791,-24.875021319314268,7.43249443024983,3679.277573124799,5278.165282994156
194,25,177820.0,0.027714500000000003,8757.571039,6498.661304294066,9205.828841091266,-25.793792875288762,5.118517453013446,6457.0776637451345,9184.563855969438
195,25,177820.0,0.034673499999999996,15704.90259,11376.094517471558,15997.600717835097,-27.56341879690985,1.8637373021432904,11309.465595321502,15950.703340012244
196,25,177820.0,0.0390645,21387.24118,15132.701919212499,21324.063968671147,-29.244254591547563,-0.29539673114984455,15240.49554926448,21398.11707238837
197,25,177820.0,0.0440925,29039.82633,20823.8503534095,28922.646571967696,-28.292097491309278,-0.40351397663576744,20632.517860803324,28836.14489026385
198,25,177820.0,0.049418500000000004,38777.3922,27694.273139765406,38292.63354355598,-28.581393516799192,-1.2501063865868234,27444.52288084687,38191.345286471194
199,25,177820.0,0.055677500000000005,51692.85659,36973.09528669336,51213.81131030507,-28.475426343829074,-0.9267146590378283,36985.08740404752,51235.90672666801
200,25,177820.0,0.06263250000000001,69575.88416,49141.55945460967,68315.79217209177,-29.36983834570983,-1.8111045272676212,49650.20087712528,68475.0997179692
201,25,177820.0,0.0700565,94829.7604,65984.23523083405,90683.10753740961,-30.418220026596153,-4.37273367042103,65710.1537087332,90240.52887113989
202,25,177820.0,0.07807,123936.1788,86497.15921079795,118454.605560046,-30.208305558313732,-4.422899990163324,86160.5802642694,117840.97790630528
203,25,177820.0,0.09819649999999999,216240.5996,150912.87795265944,207107.5937868785,-30.210664310117156,-4.223538886784272,152940.30719519706,207365.73452176657
204,25,177820.0,0.110843,290107.5928,204172.59662512585,279227.30761665927,-29.621767339994324,-3.750431030890523,207085.4938349359,279493.7390393284
205,25,177820.0,0.124428,381807.5464,272442.2243868327,371359.45612721046,-28.644096494256015,-2.7364808190154544,276545.7130672072,371610.25849505636
206,25,177820.0,0.139225,508254.8668,360604.78397214337,489949.88088017085,-29.05040216485668,-3.6015367713207245,366315.0173224334,490148.0459306926
207,25,199500.0,0.012817499999999999,1359.728946,1141.9247745368486,1605.29540979011,-16.01820510653094,18.05995706074422,1128.4933429433006,1594.0496246764628
208,25,199500.0,0.012309500000000001,1295.823376,1018.9804025019602,1435.410933062945,-21.364252152373574,10.772112901206455,1019.9040509053456,1442.8704139900708
209,25,199500.0,0.013816,1713.519808,1359.2860672928937,1904.8748437133165,-20.672871072355083,11.16736642435805,1361.4653767674079,1917.6773737597412
210,25,199510.0,0.017502,3131.491897,2417.8097706788417,3441.765593113351,-22.790482932587906,9.908174963205116,2460.3362761451767,3434.525303950223
211,25,199500.0,0.019714500000000003,4293.7631,3260.793710355475,4611.837349191666,-24.057437860149413,7.4078201750736135,3313.5998373448715,4604.909988664244
212,25,199500.0,0.022102,5780.063046,4406.296499262924,6082.696698039737,-23.767328068986533,5.235819222580451,4410.686282055108,6103.05065848563
213,25,199500.0,0.0246405,7703.877937,5838.145239473003,8000.9194400405295,-24.218097856487326,3.8557399983442813,5789.461010685811,7977.9371894528185
214,25,199500.0,0.030921999999999998,13727.56106,10207.289014660983,13928.070924885269,-25.643827260740064,1.4606372101270337,10217.984021585824,13959.911012999171
215,25,199500.0,0.0348565,18846.99738,13892.225787719151,18824.237795396442,-26.289448087570378,-0.12075973771668409,13788.012996854915,18752.063259885304
216,25,199500.0,0.0440785,34431.32807,24571.795361163644,33307.24508793722,-28.635354084488434,-3.2647099170194283,24805.46258902049,33437.49447912921
217,25,199500.0,0.049582,46554.40586,33258.17707687089,44646.737082994376,-28.560623935603395,-4.09771909181363,33295.43420470118,44682.33183624919
218,25,199500.0,0.055793999999999996,61598.99788,45020.55203161706,60073.67528456121,-26.913499275879687,-2.4762133280321295,44734.01711204682,59765.079311786525
219,25,199510.0,0.062401,84808.51689,59124.97843190736,78741.3652820054,-30.284149988621078,-7.153941408813854,59193.320116816096,78747.11184409512
220,25,199500.0,0.069266,109976.8533,76759.86793705124,101860.4850551421,-30.203615002820563,-7.380069534011577,76849.7958798277,101834.45102124212
221,25,199500.0,0.078141,147898.0434,102527.60743967873,136712.9251123214,-30.676833119160296,-7.56272228526223,103905.00166083203,137058.32777845292
222,25,199500.0,0.08760799999999999,195279.9663,139054.83078359373,182835.23726990126,-28.792065351972703,-6.372762790720913,138321.62465345088,181667.84215955247
223,25,199500.0,0.0989575,263199.8984,188081.18664616955,243634.58125344085,-28.540554996593592,-7.43363400422922,187607.43953103924,245264.28805028478
224,25,199500.0,0.1371195,584646.126,426049.5772638987,552052.1904548338,-27.126930579559055,-5.574985293782012,424265.43053962983,547844.1808400596
225,25,199500.0,0.15504600000000002,778826.1991,579204.6986887973,747496.894191699,-25.631071558954016,-4.022631101072957,576951.69633327,741545.5956165607
226,25,223850.0,0.012883499999999999,1741.014541,1391.71586796944,1877.390113573976,-20.062938292860586,7.8331093372514164,1375.6345212259857,1873.7054190791966
227,25,223850.0,0.012338,1568.169639,1249.0761176657854,1687.3550253657204,-20.34815069737583,7.600286563494706,1234.5129863368502,1684.2460047339462
228,25,223850.0,0.013837499999999999,2071.805286,1663.7640590489566,2239.146490235878,-19.69496022180934,8.077071980010297,1644.8251223065827,2234.3077245870672
229,25,223850.0,0.017514000000000002,3794.890527,3001.8221483880952,4018.2575446146834,-20.898320332809558,5.885993707208813,2965.7039096947856,3992.7810771702193
230,25,223850.0,0.027604499999999997,12211.32658,9184.861295167399,12179.846403760046,-24.784082753051734,-0.25779489258369126,9257.179260753777,12250.186785470401
231,25,223850.0,0.0308115,16267.93111,12053.758907894175,16042.062577643886,-25.904782689394025,-1.3884281340315627,12187.064946566585,16060.362007794904
232,25,223850.0,0.0349485,22632.85134,16545.843748055093,21793.108915512385,-26.894567991029394,-3.7102811831910194,16702.801327317167,21906.511518880263
233,25,223850.0,0.0442595,41569.50494,29828.256337815175,39022.53592362436,-28.24486031077767,-6.127013107449431,30159.453304650757,39203.27493032803
234,25,223850.0,0.049715999999999996,56012.09577,40678.13068452801,52506.390467553145,-27.376167370057303,-6.258836157179654,40340.45582715408,52206.84454705355
235,25,223850.0,0.061837,98906.6499,69423.2504742451,88954.31169160637,-29.809319651979138,-10.062354976592559,69629.96662537602,89370.50165798936
236,25,223850.0,0.0879805,237281.9938,165617.38846114714,212438.8524218732,-30.20229398411809,-10.469880575542772,168237.86190855797,213069.76078718738
237,25,223850.0,0.098846,314961.8538,224679.29964981458,284268.28389807406,-28.664599557352936,-9.745170575931478,225137.95867937873,283877.7919578348
238,25,223850.0,0.12323049999999999,544722.457,392809.5009416399,484769.574861676,-27.88813901578509,-11.006133741668746,390861.7429091744,488741.35629511776
239,25,223850.0,0.138005,709348.3739,522132.5607934503,640406.9875191855,-26.392647110366447,-9.718974331579064,518866.24127172166,646024.2665768596
240,25,251170.0,0.013058,2262.910587,1734.99162025998,2254.517176123242,-23.32920132915618,-0.3709121750093269,1712.138061785432,2248.002240368494
241,25,251170.0,0.012355,1948.042054,1458.904371022141,1967.5539525021907,-25.1091952544603,1.0016158769327401,1490.766608302903,1961.4528448944568
242,25,251170.0,0.0138975,2592.256897,1991.4965483806009,2599.7803338146846,-23.17518565828313,0.2902272850885725,2000.9615806367879,2621.0290829082646
243,25,251170.0,0.017593,4704.915331,3546.673935224314,4692.041630839743,-24.617688402258864,-0.27362235565502685,3609.405865470313,4685.8717962962955
244,25,251170.0,0.0195925,6166.926736,4648.58716059137,6113.862082925685,-24.620684506355232,-0.8604715986740267,4724.945992720183,6109.151977338796
245,25,251170.0,0.024487000000000002,10941.64448,8232.72492149819,10551.028636336481,-24.757883181576478,-3.5699921010732707,8254.482101795082,10582.931551265487
246,25,251170.0,0.027653999999999998,14874.62098,11053.291272189757,14267.095466209103,-25.690266077692304,-4.084309204300123,11190.338486735607,14281.005681349952
247,25,251170.0,0.0348875,27126.64693,20250.633848712503,25431.766188893816,-25.347817955646967,-6.248028904861713,20012.858246258915,25316.447451973047
248,25,251170.0,0.0393475,37101.17357,26818.6317345209,33957.81544103579,-27.71486949349107,-8.47239541637014,27041.06204248468,34051.68290747331
249,25,251170.0,0.0443245,50336.60598,36328.72828085639,45613.33473096226,-27.82841120577198,-9.38337251207285,36428.0501864489,45665.8631962587
250,25,251170.0,0.0495335,69303.99422,47832.99750645643,59811.660190458024,-30.9808936053319,-13.696662272320573,48101.97155065774,60046.958116104695
251,25,251170.0,0.055141499999999996,90837.14978,62733.19997309625,78173.65447423384,-30.93882830424466,-13.94087698308026,62906.81682195061,78209.89370201308
252,25,251170.0,0.062115000000000004,120548.5034,83487.54854584573,104405.85133946624,-30.743604282817067,-13.391001634395867,84739.89201394247,104880.10995461131
253,25,251170.0,0.069714,160968.1046,111348.21496794201,138786.90753661466,-30.82591408736634,-13.779870936857225,113106.91535172217,139378.57317877508
254,25,251170.0,0.0785405,216823.809,151982.99749894027,187088.52545760284,-29.90483923334256,-13.714030612937517,152411.88092819505,186966.93528027396
255,25,251170.0,0.088026,286943.8736,204846.31480744836,248042.38305494993,-28.611016420234048,-13.557177596089323,202723.19381740238,247613.32595493435
256,25,251170.0,0.098474,385325.0273,271157.27202516777,326888.281209283,-29.62894885775104,-15.165572426008112,268392.1649278016,326434.12087781983
257,25,281860.0,0.013177000000000001,2889.53144,2064.464975943051,2674.9498709587724,-28.553642041595133,-7.426171803177466,2108.1531162877964,2668.545414225311
258,25,281850.0,0.0124245,2480.678594,1809.6025152735908,2287.5042098202935,-27.052117124303653,-7.7871589107486985,1819.6430228162765,2308.5043435592406
259,25,281850.0,0.013955,3297.714089,2384.509005578519,3080.0320612663,-27.69206361666125,-6.600997595874363,2433.361163987323,3073.5501226925
260,25,281850.0,0.0156355,4341.331734,3281.3048510327408,4084.8682305895777,-24.417090144608135,-5.907484595150328,3234.0930268622897,4067.3912492643904
261,25,281850.0,0.0174115,5670.629505,4290.978256892952,5338.954960139119,-24.329772327579487,-5.848989862032624,4233.014355063356,5302.046696749124
262,25,281860.0,0.024627,13623.67457,9940.881890997818,12449.226732857813,-27.03230072092203,-8.620639249034753,10078.37739323988,12458.814198235323
263,25,281860.0,0.027721000000000003,18325.83964,13729.917038952331,16775.383241530883,-25.078919663883227,-8.46049310114511,13551.235540552847,16677.016866924554
264,25,281850.0,0.031116,24592.22803,17893.213143885914,22124.79243378871,-27.24037398295906,-10.033395889145428,18091.886628912085,22168.068647037897
265,25,281850.0,0.0351015,33679.40394,24223.823281399666,29756.585474287345,-28.075261294545147,-11.647529370475706,24458.803236445212,29832.992021787864
266,25,281860.0,0.039419,45459.87546,32581.491939627613,39645.23230565622,-28.329121868589453,-12.790715098768946,32696.611107302546,39705.56900722435
267,25,281850.0,0.044076000000000004,62572.44922,42929.46372161076,52084.82375146228,-31.392387134034006,-16.76077187208067,43232.352012369345,52278.803038780265
268,25,281850.0,0.0490525,82051.91465,55666.91296733444,67649.9477835326,-32.156472880874524,-17.552261794134026,56499.16169260449,68045.46628929951
269,25,281850.0,0.055255,110783.9294,75833.19353969752,91203.91873350328,-31.548561284650077,-17.674053242686945,76105.05332456481,91245.65858823928
270,25,281850.0,0.061964000000000005,145390.1865,99722.31448786313,120379.233912962,-31.41056017019201,-17.202641518750657,101373.6221561152,121014.88096825077
271,25,281850.0,0.069776,196252.4584,137927.1470611002,163518.41927341663,-29.719531573979918,-16.679556217260295,136438.41257168754,162142.7159094659
272,50,50020.0,0.027989,1095.616077,871.5701081396556,942.3667823642871,-20.449313729844462,-13.987499622617602,860.9747251772973,941.0171055503521
273,50,50020.0,0.034998,1909.33587,1508.0472750037716,1652.569120495697,-21.01718201084383,-13.447961332455517,1505.9448538253343,1647.8943098836241
274,50,50020.0,0.039645,2623.160983,2059.6639358879333,2259.3092386035605,-21.481603712617694,-13.870736365570579,2057.178361505791,2252.5711547978945
275,50,50020.0,0.0445795,3549.272659,2782.9154294086666,3010.6836102423417,-21.591951456534563,-15.17463155139523,2758.8803419448536,3022.7957985528788
276,50,50030.0,0.049718,4845.135951,3657.339543491274,3960.6088221860145,-24.515233824627227,-18.25598162279483,3625.8181126192753,3974.9084402397125
277,50,50020.0,0.055460999999999996,6351.403688,4700.076662154993,5217.3593281172725,-25.999402761391714,-17.855019387687953,4764.738947628469,5226.567656263941
278,50,50020.0,0.0699845,11029.67308,8577.788827702396,9356.875412201725,-22.229890537223472,-15.166339524890752,8526.305490243547,9364.238217970096
279,50,50020.0,0.07950650000000001,15113.44827,11733.692711844456,12943.149556219589,-22.362570723613853,-14.360049903954922,11731.810091223011,12893.46105158516
280,50,50020.0,0.088838,19940.16763,15554.52081909109,17006.348170373167,-21.99403180698792,-14.71311332013528,15486.17927021278,17029.56684242541
281,50,50030.0,0.0987555,26026.23789,20360.505410434107,22188.556553182985,-21.769310276468442,-14.745432486389277,20187.148420827605,22211.197746033034
282,50,50020.0,0.11051749999999999,34262.29336,26869.334999088205,29457.245345656695,-21.577535056491026,-14.02430352182154,26742.372476142657,29441.549681283304
283,50,50030.0,0.1243445,45874.56082,36234.3972856043,39571.52063956082,-21.014181633740822,-13.739728659573858,35927.15296362706,39577.54829622579
284,50,50020.0,0.1739435,105597.3536,84010.28980692384,91767.25640019878,-20.442807567742076,-13.097011173394806,83177.56637903773,91792.76085175658
285,50,50020.0,0.196488,144536.8874,110956.37355652914,124308.47041026628,-23.23317905036805,-13.995331817096904,112829.69732930153,124596.40012908333
286,50,50020.0,0.218877,189925.2011,145306.45007397488,162920.15798520905,-23.492801780703303,-14.218778212888228,147798.53162346678,163305.1867727449
287,50,50030.0,0.2699865,323386.9029,253722.24668717082,276170.2412825046,-21.542200870877995,-14.600672196083368,249938.21720579182,276464.3203580323
288,50,56320.0,0.024561,978.4264497,741.9463898504821,817.1618467860777,-24.169426319374974,-16.48203633123046,751.4077458885314,814.7332938984489
289,50,56320.0,0.0276875,1322.360361,1024.9823133818336,1101.3529971205803,-22.4884272387961,-16.71309655049617,1014.0652863928352,1100.2233428781603
290,50,56320.0,0.0350275,2344.433168,1830.229468281823,1990.2516973182244,-21.932964724127167,-15.107339186124996,1826.2819162286514,1983.9134969313343
291,50,56320.0,0.0395485,3171.45816,2456.6740978255707,2695.402895544036,-22.53802592099873,-15.010611536996102,2474.3849617106957,2689.68199278982
292,50,56320.0,0.0439725,4277.388038,3189.616232618018,3503.6400527399364,-25.430748758782173,-18.08926331644788,3226.116742390199,3508.788865437682
293,50,56320.0,0.0556615,7514.230322,5853.268020067057,6331.882823007461,-22.104223995769924,-15.73477852456675,5818.3965209616645,6336.096159051602
294,50,56320.0,0.06259100000000001,9956.432911,7813.546109718224,8536.391555211087,-21.522635872073074,-14.262551342258659,7803.5062854139605,8503.107263590266
295,50,56320.0,0.087634,22401.88282,18252.37218154952,19744.802454216107,-18.523044119960627,-11.860968951286978,18111.78663595168,19770.69662138517
296,50,56320.0,0.1233455,51530.81264,42923.696585446145,46579.758318691456,-16.702853329102577,-9.607949239801743,42595.31660354784,46580.853565448844
297,50,56320.0,0.139048,69788.57213,57490.78656257502,63213.09632197344,-17.621489008998555,-9.421995044945133,57485.91544558616,62904.571129840806
298,50,56320.0,0.21837600000000001,220116.1066,177253.68448867212,194291.58870946534,-19.472642312912814,-11.732225455660798,177837.57148235425,195065.65457279992
299,50,56310.0,0.2700045,374065.9706,297593.69719995337,331248.11915647256,-20.44352585117151,-11.44660429144298,302332.4639623538,331996.97831686627
300,50,63020.0,0.021685999999999997,805.9127383,664.0670171552357,704.9714355965077,-17.6006302424224,-12.525090857407072,659.3347010008673,709.5103611071
301,50,63020.0,0.0248265,1133.209213,917.1174597491763,994.873382308839,-19.06900780295931,-12.207439641700216,924.814017965427,995.9046761206026
302,50,63020.0,0.027875,1497.701442,1221.7787066897808,1334.8064771226473,-18.423080032677113,-10.876330910106233,1235.6504884008036,1331.450312706665
303,50,63020.0,0.03529,2659.779691,2210.3121922757578,2410.2257928730965,-16.898673985861425,-9.382502579868888,2229.3414071674347,2405.1796589725154
304,50,63030.0,0.0391765,3616.413798,2874.7875765563385,3132.1430887165834,-20.507227957536443,-13.390909788897357,2896.0498660108906,3126.1704078255143
305,50,63020.0,0.0628285,11494.72838,9457.409177127427,10257.508753659306,-17.723943842095146,-10.76336547885175,9438.46374258173,10214.021405214977
306,50,63020.0,0.07818800000000001,19243.53155,16426.902259797334,17645.853312038074,-14.636758761687199,-8.302417016391804,16313.046555069683,17673.914089089758
307,50,63020.0,0.08805550000000001,25703.58543,21994.877248486657,23920.37869893105,-14.42875816532862,-6.937579723751984,21961.968209229115,23809.037405774867
308,50,63020.0,0.0986415,33873.21869,29192.689265268713,31570.56330162958,-13.817787637975682,-6.7978641458427695,29175.62490694498,31648.376005640024
309,50,63020.0,0.11097850000000001,45187.74242,39451.16420459986,42515.47512883469,-12.694987419555495,-5.913699485864497,39179.82954959342,42526.96680772323
310,50,63020.0,0.12414149999999999,59602.37429,52220.07741914213,56334.293944457655,-12.385910727211519,-5.483137852262806,51861.812652995504,56325.74401645487
311,50,63020.0,0.138866,79323.33333,69122.14364451668,74644.99285947555,-12.860263502851613,-5.897811241821709,68649.09891407451,74602.17160812629
312,50,63020.0,0.1575105,108629.5997,94903.27618116658,102252.61535437474,-12.635896253637233,-5.870392934556005,94084.859457748,102311.78455965115
313,50,63020.0,0.1965845,191311.8669,163125.14166655453,177589.3658647532,-14.733390923511744,-7.172843617912965,163793.51192794653,178324.6864690113
314,50,63020.0,0.218085,249461.3838,211343.9757925586,230314.12727733213,-15.279883173421812,-7.675439072373126,212359.240354464,231325.90695479803
315,50,63030.0,0.27071449999999997,427142.3839,367288.1429912949,399076.080480429,-14.01271406555567,-6.570713766054584,364812.30707046506,397845.7869032932
316,50,70830.0,0.0218975,927.258475,803.7019964789424,873.3167003829359,-13.324923077252818,-5.817339616881267,815.1551241630626,870.9555913056772
317,50,70830.0,0.0247155,1243.598131,1108.1085698857748,1183.8726678833877,-10.894963391853564,-4.802633714846925,1103.505292992274,1179.7993481162016
318,50,70830.0,0.027880000000000002,1716.460317,1501.101337575065,1587.3824652352605,-12.546691426070126,-7.5200020930480695,1491.6927248301618,1595.8415036788201
319,50,70840.0,0.0349355,3092.694422,2639.4875319927773,2809.028171325686,-14.65411153404999,-9.172139628682466,2623.5792879744104,2810.0809710153894
320,50,70840.0,0.039105,4083.403273,3451.6355332559006,3724.162744489809,-15.471598015347416,-8.797576543211798,3478.546756261864,3728.047037256994
321,50,70840.0,0.055691000000000004,9807.160843,8477.095713330822,9021.561881207883,-13.562183296081356,-8.010462705451081,8424.864869553721,9046.037243181514
322,50,70840.0,0.06978200000000001,16701.43194,14904.203796480168,15894.440002918596,-10.76092247644624,-4.831872739897549,14812.885093164245,15924.031339689343
323,50,70840.0,0.08699599999999999,28733.10879,25774.600065219383,27816.19743036876,-10.296514541476508,-3.19113175790554,25716.152382902168,27677.423350169916
324,50,70840.0,0.1111035,52609.57548,47638.018507473964,51093.90441254135,-9.449908932293166,-2.8809794673877307,47421.26191791684,51103.94672838988
325,50,70840.0,0.24347200000000002,383820.4649,333502.4473705499,364661.20887436107,-13.10977973583558,-4.991723416996714,337601.9118883363,365332.0307783237
326,50,70840.0,0.275423,522759.9608,453884.5923221389,496736.6075851667,-13.175333545526028,-4.97806931789664,459601.7195632284,497677.08343587106
327,50,79460.0,0.0195835,778.1715275,747.8913000605664,786.8177464263047,-3.8912021796420184,1.111094228040185,741.6185099478303,786.3396023525034
328,50,79460.0,0.022051,1057.340411,993.2909377175619,1058.1803458973122,-6.05760194314923,0.07943845601417504,997.9771174121079,1058.8213053174538
329,50,79470.0,0.024779,1408.347747,1319.4104767329793,1421.9474279002325,-6.315007813693099,0.9656479324230739,1336.4128215993703,1418.75431643451
330,50,79470.0,0.027957000000000003,1914.446848,1817.3202322918319,1910.1235835914404,-5.073351386570758,-0.2258231620834051,1807.4000660442248,1919.9855049319503
331,50,79460.0,0.0310855,2619.833509,2368.7409242630397,2503.1574361512953,-9.584295485738837,-4.453568230495701,2356.2405556379326,2504.437612743722
332,50,79460.0,0.0345975,3358.272558,3061.9799357501647,3272.735133326118,-8.822768763780472,-2.547066183479263,3079.8001833082762,3275.359120927877
333,50,79460.0,0.0441755,6196.269592,5706.992912708509,6023.783958257951,-7.896310385254955,-2.783701244451095,5676.2333039874175,6044.464139871306
334,50,79460.0,0.049825,8411.541611,7634.05873333459,8181.431011474154,-9.243048582779107,-2.735653108164202,7670.457089214822,8173.25711596577
335,50,79460.0,0.062272,14671.43686,13408.082295937656,14264.177946916721,-8.610980479401684,-2.7758624936976926,13400.27399364135,14295.509969311468
336,50,79460.0,0.0782955,25213.52305,23889.997332879455,25349.322507098634,-5.249269269097818,0.5385977073863697,23763.31953704929,25381.593188922914
337,50,79460.0,0.087179,32922.90003,31259.552620011134,33201.88222004513,-5.0522505868960135,0.847380363792136,31094.309701526458,33230.69920495206
338,50,79460.0,0.110509,59518.79178,56526.89440441608,60194.1161522667,-5.026811341606031,1.1346405934497332,56277.568993680856,60219.675663181835
339,50,79460.0,0.125018,81770.16356,76308.52334388401,81728.15968100325,-6.67925803047763,-0.05136822181593195,76625.16313516037,82046.06662419818
340,50,79460.0,0.140067,109005.8457,101329.93596053922,108645.670327295,-7.041741376500124,-0.33041840131791117,101828.81280865586,109098.31309812146
341,50,79460.0,0.174224,191579.1859,177489.81558173487,188315.6979587507,-7.35433249289381,-1.7034668593658024,175782.6089242795,188549.05325188246
342,50,79460.0,0.19517800000000002,255525.1192,231880.7090770674,249418.52789555863,-9.25326253518976,-2.3898203525195187,233546.9001013648,250659.02473559944
343,50,79460.0,0.2188655,341579.3928,312660.1643144764,334913.5664089356,-8.46632703702246,-1.9514720535168033,311051.28193539573,334044.450840274
344,50,89080.0,0.019570999999999998,869.3314017,894.017014573212,930.9344466963347,2.8396090173366155,7.086255583988837,889.8058829091289,936.8544337777797
345,50,89080.0,0.0221245,1209.671781,1205.6377348798587,1273.5635904791282,-0.33348270030788485,5.281747535377792,1209.3295089432731,1274.0987849521523
346,50,89080.0,0.0276765,2211.8587,2093.0381966274704,2237.5810948209887,-5.371975315264481,1.1629311954234909,2117.4750332692197,2233.5253248390095
347,50,89080.0,0.031004999999999998,2968.048897,2784.439358974731,2974.019384751238,-6.186203273499139,0.20115867219278058,2813.2654160656534,2969.231546641808
348,50,89080.0,0.034972500000000004,3953.386891,3768.5481307915948,4021.2459888894223,-4.67545335947757,1.716480065330954,3802.283913851735,4015.6365959206682
349,50,89080.0,0.0441565,7125.09244,6823.357963613487,7192.403286431055,-4.234814901384115,0.9447013775312424,6813.986618421373,7205.208928530206
350,50,89080.0,0.0497465,9613.206009,9223.694402036841,9687.417779180501,-4.05183875804277,0.7719773206880607,9181.560527273825,9714.837030111928
351,50,89080.0,0.055253,12510.94661,11937.708772177708,12610.597389786628,-4.581890209363566,0.7965087126738768,11939.439704449656,12639.911504443728
352,50,89090.0,0.0696915,21709.11751,21442.421603879262,22590.3149484864,-1.2284972247162433,4.059112205185169,21345.59261314653,22625.51114462131
353,50,89080.0,0.0784775,29302.81562,28547.77290483086,30435.645067802667,-2.576689984200024,3.865940606163038,28723.563904005976,30465.208118435265
354,50,89080.0,0.09888549999999999,52515.80528,51444.01145163456,54373.181596994174,-2.040897635770661,3.5367948888742125,51214.40846604454,54386.206973587636
355,50,89080.0,0.1114265,71214.73311,68563.1712085222,73284.2165583493,-3.723333340844147,2.905976555655596,69044.24996507488,73366.58551321212
356,50,89090.0,0.125114,95692.06829,92687.02534898934,98176.35067404821,-3.1403260423880837,2.596121526519276,92276.74916212868,98112.90325297829
357,50,89090.0,0.1540895,164004.0721,154292.45145539002,164608.3174334254,-5.921572873317679,0.3684331283292628,155391.41726138382,165401.40773574292
358,50,89080.0,0.1738945,222966.1134,212266.66533959616,223604.88479134455,-4.798687969776416,0.2864881042253247,210245.89037585515,223934.15631790072
359,50,89090.0,0.195038,299341.3213,283275.92876603076,298130.4834443961,-5.36691441869748,-0.4045007386034729,280208.5059785565,298630.8223682731
360,50,99950.0,0.019623500000000002,993.1452072,1061.2443662439543,1129.4612277000674,6.8569186610634825,13.72568880278713,1077.9807219481693,1126.9895957652443
361,50,99950.0,0.022071,1358.636001,1456.0149129302838,1519.7865959667167,7.167402590437004,11.86120453514441,1446.5019348421656,1513.2052099885448
362,50,99960.0,0.0247245,1896.952399,1934.2673943950658,2020.813635334388,1.9671023592756902,6.529485737211056,1921.9567686554617,2011.7798263580667
363,50,99950.0,0.0276805,2514.323963,2544.1389484240476,2668.9230721805375,1.1858052447813303,6.148734668068614,2549.0612099630966,2669.802257342213
364,50,99950.0,0.034958,4450.983841,4588.35895435799,4774.155199349739,3.0863988337267454,7.2606724691485685,4570.870331025887,4793.290244527202
365,50,99950.0,0.039280999999999996,6016.132491,6122.806282261579,6408.445165179481,1.7731290230253511,6.521011210547164,6119.024763437537,6420.735324653324
366,50,99950.0,0.044321,8213.583988,8274.83731927872,8670.959251955323,0.7457564367541717,5.568522396843386,8276.495240455502,8690.129084300295
367,50,99950.0,0.049209,10691.6548,10742.932117739978,11268.565132080492,0.47960132177086057,5.395893740232724,10752.705795334161,11296.339927889423
368,50,99950.0,0.055134,14180.43445,14364.642187853222,15104.390631307506,1.299027462823759,6.515711380813902,14290.461654221637,15021.984581217115
369,50,99950.0,0.062151,19258.68453,19239.164911123084,20287.394332847052,-0.10135489184896601,5.3415372230880696,19284.7401611563,20284.763050469035
370,50,99950.0,0.069535,24954.9899,25661.91083390098,27033.756941874148,2.8327838910525043,8.330065651014937,25538.30586194553,26878.56128675456
371,50,99950.0,0.0784225,33773.96405,34351.155751291066,36310.471555991644,1.7089841762032179,7.510245176540482,34504.958881081366,36338.889081427624
372,50,99950.0,0.087832,45016.12152,45983.25150131814,48252.764835502436,2.1484080561859553,7.189964853068122,45814.455209819185,48278.399165315415
373,50,99950.0,0.099199,61682.11388,62388.001405308845,65910.88150408088,1.144395807643887,6.855743680101138,62120.70003352495,65503.74599269684
374,50,99950.0,0.11111399999999999,82409.82889,82846.00136228623,87603.81756081955,0.5292723916080774,6.302632514566238,82505.12782614994,87050.48614746786
375,50,99950.0,0.1378875,145360.8569,140769.17090456444,149411.4294807432,-3.1588187448526073,2.786563499367465,141593.7869910002,149565.07038491935
376,50,99950.0,0.15542899999999998,196926.3359,189886.8159567499,201720.4902207148,-3.5746970617606,2.434491201394862,191054.83439800714,201938.43896419602
377,50,99950.0,0.17328,259939.8297,248419.67978072376,263756.62515396334,-4.431852530091983,1.4683380605305272,250776.0775469082,265214.1668221296
378,50,99950.0,0.19566899999999998,355880.6652,337606.54437376594,359248.204531707,-5.134901278203538,0.9462552088393134,339873.5991790959,359672.3708130692
379,50,99950.0,0.22008250000000001,479177.7654,451093.4346861447,480048.51968901453,-5.860941959694543,0.18171842516267056,456110.7926324531,482980.93416913314
380,50,99950.0,0.2418355,619685.956,579114.7559971416,616207.9843338608,-6.547058168744171,-0.5612474564679664,577407.23728939,611727.9126211585
381,50,99950.0,0.2707135,821036.215,776930.2575015608,809647.8912385132,-5.371986849379004,-1.3870671662743643,765679.9141083295,811675.348677734
382,50,112160.0,0.016647000000000002,739.8215625,860.5805055439998,891.7769210205065,16.32271201124931,20.539460624399748,859.7407568961672,891.7053625548135
383,50,112160.0,0.017530499999999997,835.4853336,961.9683659138285,1017.3321892602862,15.138869256846105,21.76541566286164,978.4863166992799,1015.1433294866098
384,50,112160.0,0.019764999999999998,1143.163558,1325.9385572127826,1370.4489066378196,15.988525695531544,19.882137341349683,1321.0132316677925,1371.3719469643572
385,50,112160.0,0.024535500000000002,2098.810441,2269.0268043532956,2357.934715779011,8.110135152186214,12.34624479262399,2268.953689208326,2358.1433335152333
386,50,112170.0,0.027617000000000003,2838.707823,3060.2490988769314,3157.8768486767153,7.80430004391231,11.24346165853065,3050.960976536851,3172.8571023492937
387,50,112170.0,0.0351005,5186.650045,5557.713039281956,5776.151367460276,7.154193767895824,11.365743154939912,5558.668542396514,5788.0896342972455
388,50,112170.0,0.0394955,7059.64503,7458.688067046185,7777.824831530094,5.652451863379106,10.173029925416726,7467.08476947094,7780.122694415633
389,50,112150.0,0.0490975,12269.25192,12905.139062178338,13387.68950747757,5.182770280735559,9.11577653446347,12867.089485656103,13422.0905705182
390,50,112160.0,0.055297,16543.32032,17378.70922862482,18048.19700702758,5.049705213135957,9.096581931066542,17327.796530124877,18086.47173477347
391,50,112160.0,0.0619455,22183.00785,23152.621058493114,24186.027791136075,4.370972660919435,9.029523654683617,23019.971803214496,24042.30001245576
392,50,112160.0,0.0698355,29349.51758,30993.842482218293,32454.696825847896,5.602561942410958,10.580000974066763,31071.845813230495,32472.33903169997
393,50,112160.0,0.0782725,39278.81673,41555.961364218274,43492.390688094405,5.797386030926587,10.72734442857135,41332.41968390193,43221.441677075985
394,50,112160.0,0.0885615,54053.59161,56590.16715109436,59285.90728425545,4.6927048981239015,9.679866810714318,56296.21248222007,58907.58079631766
395,50,112160.0,0.099112,72281.36189,74070.131332993,77756.10996614737,2.474731239451745,7.574218211990819,74605.79229908771,78112.94476454552
396,50,112160.0,0.11095,98510.8538,99218.67669461762,103703.60855510377,0.7185227488279309,5.271251394944028,98938.56648236996,103651.39796359256
397,50,112160.0,0.1234485,129520.7229,128106.65835431236,134766.70745681974,-1.091767026948579,4.050305186197929,129225.26021494491,135457.1956110775
398,50,112160.0,0.17464600000000002,314222.2027,310752.9137007742,322633.4169802789,-1.1040877981935895,2.6768363941199267,307827.525140556,323265.068529157
399,50,112160.0,0.242087,733865.3511,706061.7131500954,731137.9438732474,-3.7886565850573706,-0.3716495434297942,696788.7642852201,732997.1446121373
400,50,112160.0,0.2712015,968499.8293,920381.7851282653,973337.1388221042,-4.968306933674203,0.49946415846045794,925749.9034855528,974441.1047120102
401,50,125850.0,0.0173375,951.481771,1155.0525478638597,1185.4394075396485,21.395131579862888,24.58876708628489,1145.385196124629,1179.8421138512808
402,50,125850.0,0.017518,983.3822228,1178.1543549451076,1203.2851710697269,19.80635073822361,22.361899897233613,1175.4522286435904,1210.8799690342557
403,50,125860.0,0.021773,1817.624491,2041.834822580338,2099.3755389880926,12.335349390950624,15.501059178239943,2025.4385235634036,2088.874564160754
404,50,125860.0,0.0276965,3326.960389,3703.3110329321858,3818.957135794968,11.312146822562784,14.78817566994989,3698.0979658730757,3818.7767726650222
405,50,125860.0,0.031224000000000002,4543.843552,4986.896135462351,5146.3401862042,9.75061263426066,13.25962540983629,4991.52879259417,5157.683885983303
406,50,125860.0,0.035163,6062.379548,6724.836260772578,6946.90890918803,10.92733814383371,14.590464918677668,6719.272071792767,6947.302046735789
407,50,125860.0,0.038909,7868.949799,8674.76151373767,8925.089256062094,10.240397198112442,13.421606237674947,8655.929399485087,8954.474717572502
408,50,125860.0,0.049262,14409.12046,15538.143006512397,16179.141783612275,7.8354716351118405,12.284034466405416,15619.159522670763,16178.036973327262
409,50,125860.0,0.0551185,19296.03239,20825.988704677926,21573.130723342736,7.928864772588234,11.80086293036501,20687.644199169405,21440.61050892684
410,50,125860.0,0.078785,47211.21881,50203.640110978515,52273.2167421802,6.338369091934308,10.72202340835988,50566.469705092844,52506.01500036432
411,50,125850.0,0.098854,87351.97459,89381.51963836743,92753.96990669006,2.3234106130896515,6.184170812446046,89200.17937984815,92733.22142421248
412,50,125860.0,0.1100525,114483.3823,117161.38729123394,121210.66849582717,2.339208483739867,5.876211953800013,116686.70085540003,121376.687199403
413,50,125860.0,0.138752,207436.5315,207832.73338058058,216854.04712071997,0.19099908666790014,4.539950389943712,208355.6945684159,216995.84128674425
414,50,125860.0,0.1561795,280098.7363,281563.33699298225,294113.2456744526,0.5228872905065876,5.003417566097973,280131.6073047557,291930.7475266626
415,50,125860.0,0.17506850000000002,375312.9687,373471.3208690749,389605.6583590267,-0.4906965611404744,3.8082056446206365,372746.4750059964,388681.11512691004
416,50,125850.0,0.217362,664504.626,641652.6700598488,670710.2984045505,-3.438946103010461,0.9338794888315016,640428.2123831249,668573.8028501834
417,50,125860.0,0.2444805,888278.957,846859.0746364354,891450.7441167429,-4.6629363486728055,0.3570710632901787,859551.0056793476,897880.2265223849
418,50,141260.0,0.015744,891.0644612,1088.4271969679926,1108.2544860043033,22.149097440403295,24.374221424094582,1083.5863268702078,1107.7208424308476
419,50,141270.0,0.015602000000000001,861.0731092,1039.9762026478718,1085.0040283056524,20.776760014499338,26.00602860699025,1059.4212356466614,1082.9609331483584
420,50,141270.0,0.017405999999999998,1195.612953,1398.889286080343,1425.4064908656826,17.001851022965873,19.219726357856086,1393.006373242997,1424.7821594673621
421,50,141260.0,0.0246905,2898.435212,3344.882288061667,3406.0983307435254,15.403037963840033,17.515075604992532,3340.11206914756,3422.6388806585014
422,50,141260.0,0.031354,5406.004941,6089.307032397183,6231.431926491147,12.639686771554933,15.268705717062481,6072.396764883012,6230.297924083516
423,50,141270.0,0.034807000000000005,6943.519876,7814.422173601527,8100.458819667088,12.542662988720831,16.66213915028891,7887.282240505523,8096.812332521345
424,50,141260.0,0.0388285,9229.404894,10284.712370569932,10651.87259318803,11.434187671796524,15.412344734304293,10367.537104486079,10649.157375306417
425,50,141260.0,0.043771500000000005,12557.26737,14010.554647326264,14342.367617996346,11.573276529878207,14.215674440930107,13991.801875943736,14380.97901781204
426,50,141260.0,0.049181,17064.0813,18623.730075631185,19188.76218703178,9.139951622424485,12.451188257241718,18727.586911937033,19260.351073731144
427,50,141260.0,0.062087,31020.95035,33310.08882204287,34397.90048075959,7.379330569228898,10.886030545997096,33548.78748816843,34545.72452913784
428,50,141260.0,0.123476,183833.8566,188526.9002596601,195091.17794511758,2.5528723307326255,6.12363878630482,187362.3660262651,193632.63302897505
429,50,141260.0,0.139512,251465.9823,255837.32100899675,265004.8847614927,1.7383419693649527,5.38398965047318,254303.72675012177,262983.98232766945
430,50,141260.0,0.155543,331266.0538,329407.1166694194,343190.3213470192,-0.5611613714283326,3.5996044298032546,333839.0531027993,345432.7278403523
431,50,141260.0,0.1744665,454595.3958,447453.739665135,464320.19304508634,-1.5709917436134786,2.139220356152658,444921.1711111413,460652.0948240191
432,50,141260.0,0.193574,590803.9623,580231.0106338285,602604.9218237773,-1.7895871288694547,1.9974408224745321,577037.1559138629,597767.6423337933
433,50,141260.0,0.2177755,792323.5259,784055.8147429555,800892.4818855685,-1.0434766716857513,1.0814971038295234,774824.1585260503,803160.403999455
434,50,158500.0,0.014228000000000001,811.244311,992.5005731801224,1028.768832126793,22.342993315625527,26.813688327583606,1012.2115684457148,1026.906902680584
435,50,158500.0,0.013948,777.0210248,973.0030872240068,982.0395516988991,25.222234169847756,26.38519684221795,963.1093016882514,976.9890895187747
436,50,158500.0,0.015463999999999999,1078.913049,1254.4782469822567,1266.2760281471599,16.27241399526874,17.365901665645705,1246.7604043096824,1265.4181638086134
437,50,158500.0,0.017425000000000003,1443.438183,1697.4587220815858,1716.2869603242557,17.598297043357753,18.90269916216119,1680.7612362736,1706.9910387477603
438,50,158500.0,0.0220305,2618.379464,2978.3096196216998,3076.336576994258,13.746294628810137,17.490097187619014,3022.197508330364,3073.1700192685453
439,50,158500.0,0.024777,3531.156728,4044.898533766423,4115.595944154364,14.548824799894952,16.55092824173178,4054.87894571565,4125.830883594108
440,50,158500.0,0.030969,6286.854328,7149.409549356989,7262.158022123855,13.71998103273038,15.513381466150843,7085.210763188776,7217.695145907222
441,50,158500.0,0.034603499999999995,8263.579464,9308.299419071522,9501.546398134305,12.642462744175303,14.98100114517523,9352.415605442777,9532.885402198737
442,50,158500.0,0.0386535,10938.67761,12343.006849314808,12543.983564226168,12.838199363614002,14.675502939757697,12336.287135389888,12581.69639274882
443,50,158500.0,0.043757000000000004,15114.43125,16711.32997276366,17166.61165294142,10.565390760328205,13.577622399396747,16824.05258300003,17169.993059352797
444,50,158510.0,0.0619795,37383.75204,40315.131216708425,41107.80920763562,7.841318799600154,9.961699841286501,40202.67428917941,41104.769216632245
445,50,158500.0,0.0702145,50514.39404,54853.47788620885,56134.56919541432,8.589796885958746,11.12588849618579,54923.4342437959,56193.114444194725
446,50,158510.0,0.0786135,70153.48663,72127.18570476379,74209.22324762055,2.81340125712265,5.781233139574541,72873.24068699738,74602.13725556032
447,50,158500.0,0.08699950000000001,90902.25109,94601.2165602786,96893.17238168197,4.069168173422175,6.5905092776531005,93897.55756739392,96177.15244473773
448,50,158500.0,0.0984425,124490.291,127965.31193765004,131172.96829761588,2.7913991603168817,5.368030907419024,127913.9752350171,131105.03355443242
449,50,158500.0,0.109914,164612.2355,168767.7476431082,172806.70469194194,2.524424828133859,4.978043805220011,168531.95430311057,172837.00629235903
450,50,158500.0,0.138812,299771.0466,302312.1901006511,310872.0594603476,0.8476947755537898,3.7031637932532653,302206.82919194596,310309.2732085506
451,50,158500.0,0.1936825,708203.9434,695405.2713092193,714993.0002577222,-1.8072014721262124,0.9586301969922396,695391.8311246624,715294.6107688401
452,50,177820.0,0.014416,1059.696965,1258.362471148391,1259.5812191603804,18.747388424236068,18.862397530824325,1258.5099050123733,1267.8726262593746
453,50,177830.0,0.015487500000000001,1306.918875,1477.8983418260327,1519.8274953564896,13.082638111415495,16.290882657616336,1505.8950885202967,1517.6681957416604
454,50,177820.0,0.0174345,1778.998935,1990.045975811174,2044.5694929094097,11.863247170025648,14.928089763550625,2024.9801319107637,2042.096701922463
455,50,177820.0,0.019533000000000002,2370.689654,2648.021172990791,2718.0929785226185,11.698347715942377,14.654103878019404,2690.979943307908,2715.3572721883347
456,50,177820.0,0.022031500000000002,3203.167708,3624.9152334458076,3662.2671709382407,13.166576460935268,14.332670181196793,3636.592954793874,3671.8726450456625
457,50,177820.0,0.024768,4344.275323,4923.697490659462,4955.238694148351,13.337602352038186,14.063642972021439,4874.226190551384,4924.560097034514
458,50,177820.0,0.0309105,7607.319762,8567.652082152288,8637.884262332305,12.623793270125564,13.54701172783836,8484.395604399548,8582.05705792432
459,50,177820.0,0.043932,18611.75563,20439.246006714875,20669.996730078263,9.819011237011795,11.058822934256757,20445.13282251619,20718.94665022761
460,50,177820.0,0.049225000000000005,24998.50716,27168.1656749537,27503.671631597714,8.679152323244963,10.02125629168055,27176.46443928764,27556.998513181727
461,50,177820.0,0.0556075,34254.35616,37197.77238953536,37679.8926059119,8.592823101934371,10.000294356464977,36868.86356464318,37409.22075140667
462,50,177820.0,0.0624705,46303.52633,49760.89183750036,50452.95277600936,7.466743424377896,8.96136163893192,49329.535050169834,50083.32626650108
463,50,177820.0,0.069911,63079.5044,65642.24325353431,66421.55553307611,4.062712410172824,5.298156928886896,65369.25150967533,66407.6407272847
464,50,177820.0,0.077607,82386.03548,84856.02661109064,86264.71976916063,2.9980701422272533,4.707938993013213,84887.87065277278,86283.9442144349
465,50,177820.0,0.0980815,149715.0746,152429.9158164438,155294.77973952418,1.8133385857751194,3.7268826498812615,152492.5916800087,155192.5064899389
466,50,177820.0,0.12441150000000001,275143.6946,278582.47873089614,284023.23192478303,1.2498138966605818,3.227236349243616,276453.9749372872,281702.619327521
467,50,177820.0,0.1390335,373207.7538,365967.4234926131,372171.8540326613,-1.9400267635562,-0.2775665180562778,365055.74994864,372205.1710200752
468,50,177820.0,0.1543235,483004.2226,477435.2451140553,487602.2084535356,-1.1529873291722008,0.9519556224135685,473941.03261214105,483489.56351980584
469,50,177820.0,0.173665,648264.9563,642632.76639345,648177.9728612138,-0.8688098672949953,-0.013417883836044591,636824.1228124918,650059.9902633774
470,50,199500.0,0.0129815,1032.120321,1178.8084832975117,1171.4404580069893,14.212312199743188,13.498439491241173,1164.9655075408227,1164.715267488811
471,50,199500.0,0.013798999999999999,1236.499405,1355.1167955540186,1354.8396287659884,9.593000212888787,9.570584772419556,1357.2780949388155,1357.424792454266
472,50,199500.0,0.017495,2220.87404,2449.82008087011,2454.930323339679,10.308826018341398,10.53892652730899,2457.677047567534,2461.0288229184516
473,50,199500.0,0.019706,3012.929607,3257.2613059269397,3319.1261682771487,8.109439342999549,10.162751913146463,3310.0266731518204,3316.6271765917822
474,50,199500.0,0.0246445,5310.013049,5785.951661011084,5784.791867421559,8.963040346967025,8.941198713456473,5791.812602410653,5810.228072414297
475,50,199500.0,0.027424999999999998,6952.35196,7649.061493888602,7647.025537365458,10.021206318337802,9.991921890062915,7567.748912877331,7596.1033989870875
476,50,199500.0,0.0307975,9325.626351,10044.45942197016,10120.448546285996,7.708147891782915,8.522989935156097,10115.368461633707,10159.49635551346
477,50,199500.0,0.034795,12589.23154,13712.614464016959,13753.46836525987,8.923363752963096,9.247878407516126,13727.230604969003,13796.014404172105
478,50,199500.0,0.039097999999999994,17054.31137,18564.37405676314,18612.33911494437,8.854433661974003,9.1356825329522,18376.830205128805,18480.301503638122
479,50,199500.0,0.0439545,22976.95692,24803.41243927794,24800.13578245734,7.9490749172625454,7.934814295927827,24631.24796261087,24785.273883892765
480,50,199500.0,0.0494435,31236.54917,33388.864861109876,33538.27449764945,6.890376012395731,7.368692729541521,33063.23576947764,33290.69604535195
481,50,199510.0,0.087659,138016.1924,138367.17849073987,139964.55859964964,0.25430790738135794,1.4116939221181104,138534.33263075518,139909.91773030572
482,50,199500.0,0.12373899999999999,339754.072,322793.8597670934,329626.7447173475,-4.991908451035902,-2.980781723390939,328151.075409393,332015.0930378655
483,50,199500.0,0.1376655,442298.9101,421204.58305613784,430563.18286466325,-4.769246896650253,-2.65334753655246,428504.67987406795,433794.92536626704
484,50,199500.0,0.15465600000000002,588559.4414,572586.3338052641,582233.3176131435,-2.7139327774168165,-1.0748487479546083,573327.7386247172,580763.19308522
485,50,223850.0,0.013017500000000001,1404.881552,1407.8359819246593,1398.4106079283015,0.21029743898717518,-0.46060424542456857,1411.7105733497535,1401.4704064328876
486,50,223850.0,0.013858,1622.907587,1617.9079938515808,1641.3724207299606,-0.3080639457518958,1.1377624873942176,1650.9283465553083,1639.4952473406574
487,50,223860.0,0.015546,2132.567199,2228.342603345575,2201.094573741043,4.491084941683695,3.2133746956802405,2201.135504219568,2187.2149173213916
488,50,223850.0,0.021961,5037.560801,5190.9051958118725,5182.219380196536,3.0440207248998905,2.871599667200449,5223.6731471807,5200.141359571959
489,50,223850.0,0.030947500000000003,11919.61205,12461.480253174228,12377.354578250617,4.546022143180644,3.8402468665128864,12322.092912602686,12288.851932306938
490,50,223850.0,0.0348415,15927.82703,16419.738875654282,16465.378983265608,3.088380133258403,3.374923348006794,16575.155735141165,16540.803309759398
491,50,223850.0,0.0391705,21477.21408,22417.093491598866,22204.39312712319,4.376170056777047,3.385816449072649,22218.110860283836,22185.797093542296
492,50,223850.0,0.044124,29115.33136,29724.330808229166,29876.59168540646,2.0916796058376232,2.6146373400108875,29928.981619022852,29904.275634982583
493,50,223850.0,0.061819,71651.5642,70293.12829396778,70207.45437499366,-1.8958914870866377,-2.015461687584954,69579.2692215217,69645.89603837932
494,50,223850.0,0.069471,96084.04349,93018.31788390769,93155.02416031214,-3.1906708905432115,-3.0483930768303855,93170.25855597662,93317.03684357922
495,50,223850.0,0.088018,172231.8907,169591.14790035898,168975.87451419985,-1.5332484529480996,-1.8904839124547435,168417.32202644335,168893.82386339494
496,50,223850.0,0.0989265,231702.7744,225137.3351373248,226601.6392838792,-2.833560918584844,-2.201585686373551,225596.9573506982,226375.03795402235
497,50,223850.0,0.11044100000000001,313217.4554,299929.7123147163,300962.7711121927,-4.242337984744279,-3.9125163928546702,297143.1141662581,298341.58895411494
498,50,223850.0,0.12313199999999999,411101.4334,392020.8352951647,390798.7786023995,-4.641335824842506,-4.938599855925598,390080.58138765045,391879.22226843255
499,50,223860.0,0.138034,544036.5187,522445.88150316617,520338.7584718664,-3.968600719750516,-4.355913511975357,519176.3609726787,521883.969510383
500,50,251170.0,0.013167499999999999,1909.545944,1743.842294612707,1712.4035932901686,-8.677646636780418,-10.324043332357306,1748.2845900647014,1723.4636294696272
501,50,251170.0,0.0138355,2125.681827,1969.4029128089776,1945.755434232348,-7.35194290161386,-8.464408477424115,1978.7029790531353,1951.121140391263
502,50,251170.0,0.015607,2832.109432,2667.917095208485,2623.921299664226,-5.797527981662931,-7.350991807853783,2674.7830867744497,2639.1790465579484
503,50,251170.0,0.0175525,3794.321716,3566.031252413446,3531.305710517423,-6.016634346631504,-6.931831962837622,3588.6538583650376,3543.085363784498
504,50,251170.0,0.0195315,4917.008595,4655.301756416904,4614.720351582149,-5.322480803658148,-6.147807911607909,4688.227809286765,4631.312304066844
505,50,251170.0,0.021743,6415.244137,6208.587448499591,6103.418588612208,-3.221337864735553,-4.860696517991174,6131.324717826422,6060.325969182958
506,50,251170.0,0.0245585,8651.717901,8243.712249462382,8189.916582653936,-4.7158917593748555,-5.337683493964679,8314.914848751563,8223.923878025988
507,50,251170.0,0.027614,11540.36978,11045.626044366372,10985.96113497472,-4.287070042513218,-4.804080420248732,11149.887066620282,11034.712350767277
508,50,251170.0,0.0310435,15469.20412,14904.096092081363,14751.40889219499,-3.6531163693677935,-4.640156159533634,14944.02764411256,14798.81793438994
509,50,251170.0,0.0393005,27632.14166,27247.025252813717,26759.07270708067,-1.3937262334746008,-3.159613770304222,26960.324562466652,26731.667612106874
510,50,251170.0,0.04426,37315.90865,36196.62148197302,35942.97286978268,-2.999490588652662,-3.6792237677892325,36295.57410821396,36010.36348663475
511,50,251170.0,0.049473,51295.24941,47319.32766029851,47329.08885721107,-7.751052573937536,-7.732023137440333,47955.11910390432,47606.306588746615
512,50,251170.0,0.054820999999999995,66381.67197,61824.996750221806,61512.818383394,-6.864357411541995,-7.334635362613929,61996.04470763261,61578.51365918842
513,50,251170.0,0.078446,160727.2771,149471.1829325262,150168.0368045919,-7.003225818645946,-6.569662900988769,151953.50177569757,151216.35748310978
514,50,251170.0,0.098023,288667.7834,267553.17914162844,264517.3674707456,-7.31449973726842,-8.36616252939795,265327.44955868175,264351.5327435819
515,50,251170.0,0.1092495,377414.5799,347017.9512637474,347464.4760527472,-8.053909481797579,-7.935597998145272,348014.8129533472,346933.6058901726
516,50,281860.0,0.0124395,2268.111524,1819.143511100221,1774.523172373117,-19.79479439829251,-21.76208473013706,1825.2482903351954,1786.0901764549512
517,50,281850.0,0.013913499999999999,2923.608712,2400.1280079624385,2357.3571961127022,-17.905292930922204,-19.368238764753617,2415.2971288740323,2364.885328227488
518,50,281860.0,0.0156085,3829.823876,3159.744974878932,3156.4540995678503,-17.496337242038432,-17.582264830816193,3220.3226550252725,3155.018662135269
519,50,281860.0,0.017385499999999998,4979.143585,4184.646144053342,4118.905723045698,-15.95650792919758,-17.276823760331496,4217.458485723631,4134.290103435104
520,50,281850.0,0.019501499999999998,6543.554438,5529.513407779148,5513.90967113283,-15.49679214605553,-15.735251790491331,5621.084870307327,5513.596240390171
521,50,281850.0,0.0217915,8543.608971,7523.155706865065,7293.985095205439,-11.944053942528384,-14.626417009910227,7420.9049791457255,7283.273853994321
522,50,281850.0,0.0350725,26900.6113,24716.451501676256,24209.3715017748,-8.119368641722073,-10.00438156669399,24408.279155612086,24015.94729405322
523,50,281850.0,0.039397,35884.76692,32534.172378975287,32074.830789029944,-9.337094340042364,-10.617140525013776,32649.113372796983,32144.07592801277
524,50,281850.0,0.0440475,49073.22009,43692.42353628927,42874.38084843033,-10.964832843335694,-12.631816763198007,43162.44817404677,42519.86128384776
525,50,281850.0,0.0490395,64079.11164,56135.10207516414,55564.19458972033,-12.397190537636895,-13.288132173424852,56461.707697328806,55652.70790622756
526,50,281850.0,0.0553825,86189.62224,76209.10696271728,75360.48053228123,-11.579718088903315,-12.564322045134846,76545.16676386513,75496.945003193
527,50,281850.0,0.0618495,113588.7053,102092.44554154837,100454.33161485409,-10.120953248026531,-11.563098329588858,100905.61927464925,99581.93435183485
528,70,50020.0,0.027583,689.8457043,831.5252869508629,587.564283514085,20.53786546291942,-14.82670982052457,830.0686054235312,590.3161094175598
529,70,50030.0,0.0310435,920.1997399,1102.4316724212056,803.9833126222806,19.803519238226368,-12.629478388067028,1116.0180929164205,797.4396875522976
530,70,50020.0,0.039457000000000006,1658.894966,2050.607344537517,1459.911891828005,23.612849913097918,-11.99491699295415,2032.8589127810326,1466.4546442743886
531,70,50020.0,0.044455,2222.131156,2723.921934677575,1982.9854092209198,22.58151042627184,-10.76199962965103,2739.6442834657732,1985.7196117004562
532,70,50030.0,0.049422499999999994,3046.413828,3602.1855201138296,2599.8360435495465,18.24347326044994,-14.659130691500186,3572.143426437998,2600.1390526801833
533,70,50030.0,0.055375,3997.646339,4683.40059287207,3493.9749113892976,17.153949992575118,-12.599199251244778,4747.80175731799,3471.576617858211
534,70,50030.0,0.062319,5435.800204,6435.737181641171,4675.5716071918405,18.395396079961795,-13.985587554316956,6380.49058481312,4687.390091548617
535,70,50030.0,0.069812,7240.807122,8356.855687233128,6291.435258605015,15.413317140325397,-13.111409369136137,8476.548514470956,6255.462237265222
536,70,50020.0,0.07908000000000001,9686.04943,11585.187885455396,8576.58638173012,19.606945733451592,-11.45423690316517,11574.994074833578,8584.29099740934
537,70,50030.0,0.0884345,13169.05016,15383.749530323716,11366.514332696412,16.817457169771423,-13.687667716375293,15315.726965255371,11409.504350326948
538,70,50020.0,0.15661799999999998,61747.45772,64536.757252808726,48737.50648863574,4.517270242051233,-21.069614380496727,63974.34069766263,48753.51976266796
539,70,50020.0,0.1749,83848.17663,85176.21289584601,64531.413434215836,1.5838582533598586,-23.03778564085415,84326.60497748358,64546.677555270646
540,70,50020.0,0.1970335,117081.5997,113478.1863057683,87771.08303507886,-3.077694021489965,-25.03426391510189,113615.0186597797,87378.68975964605
541,70,50020.0,0.24656299999999998,213114.1391,198606.18773437568,152930.16388629397,-6.807596824355574,-28.24025447953304,199106.29689839605,154501.3963241783
542,70,56320.0,0.027597499999999997,810.7764625,1013.825592253837,723.240885442557,25.043786930832006,-10.796511875484175,1005.8386128986732,727.3799839065554
543,70,56320.0,0.034948999999999994,1420.449995,1830.4137723195904,1319.4875774068105,28.86154238182742,-7.1077769684662115,1816.0594072963786,1325.7048936352776
544,70,56320.0,0.0393335,1915.29465,2460.116630994585,1782.714877496541,28.445857194588058,-6.922160645280298,2440.868268539428,1790.2135412484488
545,70,56320.0,0.0439725,2650.008769,3231.9838734236755,2371.702849962617,21.961252024207,-10.502075400392114,3226.116742390199,2376.667495136595
546,70,56320.0,0.048948,3483.156534,4247.40675334268,3120.2549861711036,21.94131133305763,-10.418755065599832,4218.4261328942275,3120.9901580480964
547,70,56320.0,0.055372000000000005,4726.887111,5674.820216105742,4295.735144448815,20.054066933390352,-9.121266415435345,5742.981244051033,4269.841205892854
548,70,56320.0,0.0621825,6344.782869,7583.459275254764,5766.7306152427755,19.5227548653685,-9.11067038371844,7676.712197401748,5733.970480178181
549,70,56310.0,0.07004650000000001,8601.823602,10209.569432674325,7799.912947180038,18.690755647447936,-9.322565678207017,10338.137810531196,7758.3771296632685
550,70,56320.0,0.0786945,11304.20021,13887.699492101141,10399.393969709998,22.854330550654144,-8.004159723653755,13837.398522959855,10432.944793507833
551,70,56310.0,0.0874245,14758.93898,18051.110514871416,13574.111175059857,22.306288679238207,-8.027865733070083,17998.51491358231,13626.911521735887
552,70,56310.0,0.10982449999999999,27394.67029,31417.700005373452,24429.867891744794,14.685446741229802,-10.822551857240127,31848.180745418787,24332.674371407837
553,70,56310.0,0.123135,37374.39757,42412.87459811245,32631.633487096053,13.481092286974489,-12.6898743291341,42401.57475722661,32543.583193327082
554,70,56320.0,0.13891599999999998,52032.4859,56542.10856563827,44374.44664013438,8.666936794650189,-14.7178039399913,57349.48183900788,44229.186517521244
555,70,56320.0,0.17564049999999998,99013.81821,101623.22949899964,80491.79009361916,2.6354011350873314,-18.70650829472829,103133.18421199919,80284.93656378583
556,70,56320.0,0.1963875,134923.4597,137914.27901726463,106600.97661458589,2.2166784960263124,-20.991518560514734,136367.483029838,106629.4402344256
557,70,56320.0,0.2199275,182082.033,182394.83367966278,142626.55377272173,0.17179107378638986,-21.669067824653666,181015.5016304065,142180.38048340008
558,70,56310.0,0.24217,234476.0557,230114.88139195423,182637.8776091611,-1.8599657415022643,-22.108090284989764,230287.81607321915,181572.45114256482
559,70,56320.0,0.273247,322173.7612,310092.5522317489,244151.25041168323,-3.7499046859844425,-24.21752488399629,311587.01924526156,246863.55727191252
560,70,63020.0,0.024628999999999998,689.6302384,895.0631447011867,661.5985992750706,29.788848409229885,-4.064734630831333,906.5175308551205,663.0009225107531
561,70,63020.0,0.027579,914.1884886,1189.432173938951,882.087659087371,30.10797978439466,-3.511401632478294,1203.084658177102,883.8740049214904
562,70,63020.0,0.0352315,1634.403121,2226.5006162874042,1642.5376013197636,36.22713929505548,0.49770342550413527,2220.1071839187716,1647.0344741505883
563,70,63020.0,0.039227,2250.012466,2925.2395322569337,2155.6168965743614,30.009925565316113,-4.195335397116807,2904.6574050235113,2164.1195814796256
564,70,63020.0,0.043872499999999995,3001.069963,3820.0496486915126,2871.533564700289,27.289589905888935,-4.316340501779598,3843.2869193064275,2876.2359606447462
565,70,63020.0,0.0493015,4015.747686,5182.23326605674,3857.606312573387,29.047780669174735,-3.9380306182566516,5145.95114073156,3869.053794358973
566,70,63020.0,0.0554195,5424.1358,6824.759273513632,5238.335087022537,25.822057654117586,-3.425443606656442,6895.496743190877,5208.677122893218
567,70,63020.0,0.062417,7324.569887,9349.688495894112,7032.811744107117,27.64829389488645,-3.9832802115890638,9284.564684254026,7046.598940654599
568,70,63020.0,0.070313,9964.628084,12595.531368849273,9524.37340008236,26.4024232783325,-4.418174769859673,12508.027538939234,9538.204868092213
569,70,63020.0,0.0779905,12658.72226,16219.283161843332,12398.079735756937,28.127332512020303,-2.0589955201613153,16210.150614174438,12412.430961457892
570,70,63020.0,0.08750749999999999,17151.48798,21654.22241854883,16657.16170987349,26.25273354591377,-2.8821188616575766,21621.619972277913,16632.172712941883
571,70,63020.0,0.1099,31461.70215,38278.71021401746,29755.35774061557,21.66763906007374,-5.423560369521933,38234.183718986715,29679.2214692757
572,70,63020.0,0.124197,43991.76265,51286.39857571363,40631.26355854247,16.581822337399878,-7.638928037946043,51919.83961688803,40499.42033129089
573,70,63020.0,0.1572045,84883.82925,94271.61353522087,73867.88214751653,11.059567373630085,-12.977674546278159,93628.2360077416,73722.09446391417
574,70,63020.0,0.175944,115859.0423,123686.27023340587,97328.26506528653,6.755819639125284,-15.994243407200573,124099.71707722131,98154.22839973537
575,70,63020.0,0.196881,157296.9327,164459.4075089376,131313.11251689578,4.553473920942902,-16.518961773184166,164412.27475726136,130622.1016771133
576,70,63020.0,0.217661,206612.8175,211356.48605023563,169538.54714226385,2.295921718523405,-17.943838531574237,211327.8161970095,168567.6236723013
577,70,63030.0,0.27178749999999996,370566.4934,366131.7574348088,293209.0786569479,-1.1967449956151794,-20.87544775926363,368440.66067547095,296507.0310837648
578,70,70840.0,0.024635999999999998,784.7889109,1104.1445422468098,817.1252592566541,40.69318856462576,4.120388031422434,1094.8948537916622,814.0805186437805
579,70,70840.0,0.027763,1061.171134,1459.6570825008287,1100.624843091152,37.55152545459541,3.7179402856949513,1476.415683640611,1102.985784992324
580,70,70830.0,0.0312685,1411.641315,1995.083966892779,1487.519360975951,41.33080023184068,5.375164722771729,1987.4992266441825,1491.8176637169538
581,70,70840.0,0.034749,1903.454728,2604.916572927603,1943.1659555462722,36.85203722521121,2.0862711869169455,2588.6794399776463,1951.2848678214255
582,70,70830.0,0.0440385,3470.119381,4697.052880817358,3557.662558024087,35.357097699151396,2.522771334710086,4681.607727880558,3562.259109173183
583,70,70840.0,0.055552500000000005,6251.862154,8343.918263206195,6419.97408450935,33.46292764736787,2.6889897180760807,8372.543800040192,6430.02800728261
584,70,70840.0,0.062538,8516.618515,11291.585440236871,8691.7135141535,32.58296611911672,2.0559215942936935,11260.386016959223,8688.74165035032
585,70,70840.0,0.0874805,19870.13212,26235.808249802,20386.601636284617,32.036405653260466,2.5992253758835013,26075.963851853532,20391.44012564051
586,70,70830.0,0.0982255,27104.88703,34801.71207965111,27231.022280452955,28.396447626334588,0.46535980878040645,34835.101570632156,27366.500026525562
587,70,70840.0,0.13985,72377.73703,84463.68725702821,67466.79825870425,16.69843618075359,-6.785151032368156,84332.3685925422,67191.5189818497
588,70,70840.0,0.1563675,98356.36393,112178.39214249485,89436.67047523009,14.05300852960765,-9.068750712580272,111504.86073267773,89236.8883166718
589,70,70830.0,0.1952335,181651.193,192007.9959543449,157082.83847036088,5.701478081866984,-13.525016887524172,194264.16173722502,156845.9413385641
590,70,70830.0,0.2181615,244958.5314,254844.87914475027,205924.23698563536,4.035927096822179,-15.93506222921642,256472.66344784194,207989.6738227619
591,70,70840.0,0.27554999999999996,453006.1537,467097.6400791594,376556.44518007024,3.110661138720726,-16.876086096295733,460132.1102628873,376643.2015764343
592,70,79460.0,0.0247585,875.1677313,1316.402394575568,1005.3791896426986,50.41715404887529,14.878457430015008,1333.3785759277764,1007.7558866555481
593,70,79460.0,0.02792,1194.215092,1810.9443802909911,1361.1711663529466,51.64306601234875,13.98040231373551,1801.0570502329201,1367.7521304166435
594,70,79460.0,0.044006500000000004,3909.69399,5652.530379859619,4335.010737220469,44.57730948553389,10.878517559387534,5622.061010453117,4347.536677107432
595,70,79460.0,0.055676,7082.300556,10091.4084479708,7891.231908457592,42.48771805400911,11.421872681925077,10126.561444890463,7904.547105295318
596,70,79470.0,0.068913,12346.53801,17141.778144046442,13654.255769681156,38.83874273227497,10.59177689018556,17270.448068338515,13596.10793992899
597,70,79470.0,0.087418,22679.30644,31408.582548971404,24943.984708706448,38.49004876787318,9.985659282385214,31314.35372244966,24886.70905706515
598,70,79460.0,0.0987695,31833.39317,42717.112655574005,33952.99639274712,34.18963045331559,6.658426927433696,42492.116354324615,33934.06036546011
599,70,79460.0,0.110555,43428.80689,56633.51741331661,45239.20767942353,30.40541858946889,4.1686634265801095,56336.19517753143,45192.27555644936
600,70,79460.0,0.13980599999999999,83971.54587,101886.00646364245,82236.57052636337,21.33396546179655,-2.066146723465852,101354.7588167496,82069.1655633443
601,70,79460.0,0.156578,116186.235,135272.68217278557,109732.89064499331,16.42745990760917,-5.554310590240477,134569.68900979942,109456.68311288876
602,70,79460.0,0.1957175,214516.687,236385.7582815788,193657.2383911224,10.194578140943786,-9.72392819439618,235165.33783937112,192986.31202021064
603,70,79460.0,0.27597700000000003,532551.5835,563969.5476138708,462061.03947598254,5.899515668958831,-13.236378635989428,555592.9376453505,462223.72909852467
604,70,89080.0,0.0247985,1039.644333,1617.3760112772657,1239.8971269433223,55.57012720015141,19.261663588880673,1608.8514102620686,1235.7576738861865
605,70,89090.0,0.02765,1432.160788,2088.3816637292252,1626.011149234276,45.820335344164256,13.53551660250288,2112.7876122512953,1629.9046339123483
606,70,89080.0,0.030979,1925.019466,2817.9888663909537,2179.7625461744506,46.38755171896811,13.233272944703334,2807.3669488420587,2175.5270903755627
607,70,89080.0,0.0392095,3365.229503,5072.760289671881,3961.3072291088106,50.74039631322823,17.71284025584066,5061.715482448166,3959.471388695986
608,70,89080.0,0.049774,6236.918915,9199.439817103608,7253.234669104822,47.49975015674238,16.29515739992304,9194.264141604413,7260.756603636223
609,70,89080.0,0.061338000000000004,10644.87113,15492.858210219692,12318.525940716896,45.542938200132944,15.722640417882602,15506.080152799585,12347.508923844001
610,70,89080.0,0.087758,26992.30288,38133.263751639606,30770.213727121394,41.27458454052294,13.996252427652795,37991.09145692667,30686.885536841997
611,70,89080.0,0.1111425,52190.9005,68270.74000342205,55598.9815325624,30.809660974180826,6.530029181164247,68604.82361633611,55938.47118971614
612,70,89080.0,0.124568,71823.63711,91549.32875617869,75071.58973109828,27.46406676115304,4.522122175634121,91256.08792300237,74746.30801227948
613,70,89080.0,0.1549845,133595.5401,156406.91367595308,130430.83287411615,17.074951423436826,-2.368871912576563,157630.89006426907,130240.80576195953
614,70,89090.0,0.1952835,251993.1817,284172.96732316056,234221.1627267816,12.770101717065852,-7.052579301282895,281091.75739557995,234399.87701273838
615,70,89080.0,0.219059,343065.9261,376261.9992210297,315156.01615211426,9.676295602540666,-8.135436318368233,374628.3555288677,313826.5702895166
616,70,89090.0,0.271163,614025.9364,641798.1860917545,542674.848846857,4.522976644045628,-11.620207441312742,639033.0542863538,539894.6288210069
617,70,99960.0,0.0221295,889.111964,1454.3292738125224,1139.653231019984,63.57099360913813,28.17882079697042,1456.3473945203916,1131.772740767988
618,70,99950.0,0.0246085,1232.242331,1911.3478429176175,1477.9788802110645,55.11136039016806,19.942225894126064,1899.170875622904,1482.136642776698
619,70,99950.0,0.030987,2184.525096,3373.074780661827,2678.354435931224,54.407691943577795,22.605798433511072,3380.5290826356877,2662.528554667964
620,70,99950.0,0.039376999999999995,3956.657481,6109.749124685056,4884.534567314552,54.41693282838539,23.451033878222926,6156.507207087501,4895.391212813436
621,70,99950.0,0.0440975,5307.631418,8147.452121075791,6559.595687199191,53.50448212068729,23.588003208989807,8172.472439668311,6527.761831223427
622,70,99950.0,0.049142000000000005,6953.236194,10756.555024222595,8580.520935957265,54.69854214796423,23.4032714631708,10716.115640365308,8596.48963413307
623,70,99950.0,0.0618065,12624.537,19089.517868646624,15382.954635161126,51.209647281691396,21.849653853928473,19018.41910222008,15396.539913758219
624,70,99950.0,0.078226,23246.27222,34416.0059080443,28024.03123945193,48.049569334537814,20.552796483822355,34289.06209056452,28020.650588311073
625,70,99950.0,0.087683,31824.85785,45825.066839573294,37566.674191098326,43.99142662493713,18.041922977821958,45620.258009696525,37450.171863125375
626,70,99950.0,0.0989405,44519.72675,61406.657081781996,51032.04519246282,37.93134316976012,14.627938933751025,61716.49689844994,50908.00284623967
627,70,99950.0,0.111037,61359.14384,82662.64023334459,68360.82963099092,34.71935079292429,11.410990038010484,82362.16035630085,68250.69342281099
628,70,99950.0,0.1373765,113538.8022,139185.30497678058,116351.49156955314,22.588315430353,2.4772935023557365,140284.63200993347,117238.49880822963
629,70,99950.0,0.2421375,540557.6199,575051.086909197,494978.93109943415,6.381089774588336,-8.431791010364018,579212.9000346737,495107.10645653174
630,70,99950.0,0.26923050000000004,709895.3756,749609.0312096518,647921.8904669585,5.594296987226609,-8.729946308026282,755229.0958224848,648296.4999112668
631,70,112160.0,0.019702,779.0517616,1320.3294058015945,1026.757920963371,69.47903475501165,31.795853828073927,1310.5039970628986,1030.3019481934039
632,70,112160.0,0.021878500000000002,1082.936759,1708.5444517196051,1337.9673756086793,57.76955002407534,23.549908569377443,1703.296977276218,1344.7095192637648
633,70,112160.0,0.024513,1425.887502,2268.8789969699856,1800.7984192324493,59.12047716159768,26.29316244841097,2263.7516395964853,1795.283215700419
634,70,112160.0,0.0277145,1940.259974,3076.7258649707946,2467.1023569461972,58.5728668425747,27.1531851404464,3077.5391407071247,2452.6208248109715
635,70,112160.0,0.0349295,3429.795709,5440.734569955022,4405.2328542237565,58.631447222299336,28.44009462908091,5490.378298770268,4416.010078875611
636,70,112160.0,0.043758500000000006,6122.652855,9635.193287261145,7865.794471142345,57.36958333988616,28.47036501046808,9648.459306994091,7830.375450844226
637,70,112160.0,0.055165,11109.72416,17326.772991674774,14127.389880564278,55.96042477867223,27.162382045714793,17224.497272260764,14108.366910483774
638,70,112160.0,0.0619515,15162.63384,22933.147520219794,18894.999246391748,51.247782952594164,24.615547969941264,23025.550570402822,18947.2632515339
639,70,112170.0,0.06954199999999999,20655.39012,30922.407569639643,25482.811745438907,49.706238371641284,23.37124400649619,30750.576652017815,25421.067139536837
640,70,112160.0,0.077956,27437.91214,40922.337896636775,33917.81198842566,49.14523265412269,23.61659230980269,40915.55422562186,33978.05277063963
641,70,112160.0,0.0879215,38275.28831,55442.39510031371,46172.00756247517,44.85167205345006,20.631377583671988,55283.90077913753,46130.584203500606
642,70,112160.0,0.098791,52867.36624,74217.25651843045,61939.64796073479,40.383873449471935,17.160457132571512,74002.74028375611,62037.412145741786
643,70,112160.0,0.11068700000000001,74679.12924,98833.24568002937,83205.5067169407,32.343864592213045,11.417349885721167,98352.8586939145,82824.526286075
644,70,112160.0,0.1224825,98749.56836,127309.72572123987,107679.37253128413,28.92180475880296,9.042879193891519,126710.23122664735,107135.81501781153
645,70,112160.0,0.1382915,137326.7257,170060.19040762642,144724.5992685135,23.836193967906137,5.387060334253268,171677.17566513296,145859.50338765117
646,70,112160.0,0.15483750000000002,186976.6489,228771.27165475875,195592.82069772808,22.35285689450537,4.608153931743762,227774.323374613,194393.23604070992
647,70,112160.0,0.17431,259966.3607,309252.472457359,262397.9211171151,18.9586497363153,0.9353365606872287,306348.00532287656,262687.76168382977
648,70,112160.0,0.26954500000000003,841850.3717,906395.132166212,794664.3537428685,7.667010983896431,-5.6050361849749955,911668.079334467,795424.799857938
649,70,125850.0,0.017728,727.9912483,1190.6404427736552,960.582302403997,63.55147751487813,31.949704704162574,1211.0235366917386,963.5954701008957
650,70,125860.0,0.017568,720.7782272,1186.9985868981094,948.2810462363439,64.68291384289327,31.56349768223741,1184.0151457397385,941.7757601159159
651,70,125860.0,0.019517,988.688982,1553.2502027880344,1226.691853424178,57.102003872440676,24.072572442622597,1540.5237540852293,1230.4894338340503
652,70,125860.0,0.0219235,1318.546035,2077.306903531774,1649.3635266908445,57.545269440044535,25.089567061710095,2060.647115451282,1653.5743046830503
653,70,125860.0,0.031120000000000002,3182.501773,4955.610040096492,4048.819145796695,55.7142900010096,27.221269133184396,4950.037996519942,4027.9667217901224
654,70,125860.0,0.035148,4235.971426,6717.668461474858,5514.728997486639,58.58625533313167,30.188059429243157,6712.1032330754915,5488.336143377891
655,70,125860.0,0.038954,5461.073831,8659.948310539392,7127.232701115676,58.575924415832944,30.509729801814068,8680.997048721667,7127.3738942955715
656,70,125860.0,0.043914,7458.482682,11741.640027649339,9648.33608014317,57.426658051860024,29.36057495216921,11716.367335640667,9665.523742134528
657,70,125850.0,0.048807500000000004,9835.249573,15364.020685260626,12655.99104462329,56.213836478927426,28.679917583046073,15259.174975642529,12641.119130604366
658,70,125860.0,0.055054000000000006,13517.14557,20670.907906806882,17156.38730900763,52.92361689648417,26.923152674219736,20627.13073488663,17170.40893799804
659,70,125850.0,0.0622495,18744.33817,27974.444031791765,23410.17334933432,49.24210061769157,24.891970775484154,28044.59822710319,23459.04157773993
660,70,125860.0,0.08826500000000001,46934.43446,67329.5078684959,57060.89604043288,43.45439258648714,21.57576137209705,67191.77819007244,56992.83922782047
661,70,125860.0,0.0988765,66263.00214,89515.0075542672,75927.23082580889,35.09047985049112,14.584652632234166,89262.38637800755,76056.40261605893
662,70,125860.0,0.1098505,88778.25308,115925.94752546998,99519.23396264746,30.579216760445387,12.098662127276297,116151.60156782091,99383.08036097579
663,70,125860.0,0.1234855,121961.4394,156492.35326593483,133599.99801412338,28.312976655418865,9.542818346011895,155651.6624280759,133802.5038171147
664,70,125860.0,0.1383035,166252.852,207769.12033698685,179545.3987663334,24.971763093114834,7.99537969209298,206674.82472465682,178466.91034326656
665,70,125850.0,0.155678,229363.5866,274587.3394914412,238963.75248444476,19.717058649902185,4.1855666920604175,277851.0780748391,241059.18294897652
666,70,125860.0,0.2158245,565501.9261,630438.6648469801,555840.9156234821,11.483026980087962,-1.7083956801253335,629235.2753594976,553067.8338651225
667,70,125860.0,0.243005,767746.9313,843355.1712191205,746909.4065550927,9.848068007396076,-2.7141137131768036,846631.1899954984,747671.320444298
668,70,141250.0,0.015655500000000003,684.4961366,1078.2750035283104,856.4958100515672,57.528281881074165,25.127924652126843,1068.290125936033,859.686442640791
669,70,141270.0,0.019424,1223.104389,1840.1554532437292,1497.00949449895,50.44958302767804,22.39425415870615,1832.9061040599438,1487.7481050968036
670,70,141260.0,0.021931,1651.460177,2482.843616921423,2032.1486438590427,50.34232441691041,23.051628623016008,2483.0613862354653,2025.2163537795957
671,70,141260.0,0.0245975,2196.263153,3313.452717338935,2700.2583333269235,50.867746099227816,22.947850290093346,3308.725406822512,2710.995808108225
672,70,141260.0,0.055323,16871.50322,25174.13495066028,21338.24946322573,49.21097795730546,26.475093445916027,25138.94384915605,21273.115383108412
673,70,141260.0,0.062071,22861.11287,33439.55734623339,28438.756839663518,46.27265757528011,24.39795473379121,33527.16167411445,28501.715362686842
674,70,141260.0,0.0700065,31500.34493,45359.437232064505,38715.32803133305,43.996636649097496,22.904457450755437,45301.98586861667,38696.51374835779
675,70,141260.0,0.0784185,41795.51008,60249.220390041875,51682.83309945363,44.15237491950684,23.65642386114798,60173.95661972387,51632.75822028313
676,70,141260.0,0.088101,59257.32724,79758.42402660275,69043.75423391684,34.59672877848608,16.515133992258075,80520.71393843454,69412.48318269441
677,70,141260.0,0.1097215,107555.0609,139394.11866999255,121372.02781147706,29.60256588910783,12.846412614952149,139431.43527730575,121251.07447036525
678,70,141260.0,0.15601199999999998,279113.5712,336748.3318249867,297792.1030583192,20.649214718294093,6.692090168892219,336363.1301405074,296633.2720615117
679,70,141260.0,0.1739985,383578.0985,435742.9563914605,387695.94149808836,13.599540248896789,1.073534441666861,441941.2693006155,391437.86475570744
680,70,141260.0,0.2166025,681198.4228,773484.7294813304,682201.009232864,13.547639511846862,0.14717979362650907,764425.1013043988,682999.6261803432
681,70,158510.0,0.0139555,684.0462375,965.8789371260716,790.0569711279935,41.200825934821644,15.497597650040953,964.5033104879532,785.2644741281738
682,70,158500.0,0.015524,922.4199793,1259.784968681763,1034.8858245717877,36.57390309756521,12.192477157437006,1258.898124162681,1029.2971993510605
683,70,158500.0,0.0195345,1607.580943,2235.1199519637094,1853.1874124496737,39.03623090932034,15.278015736572078,2237.0277163896776,1845.8448311540685
684,70,158500.0,0.0247165,2862.749609,4050.475579247523,3373.8962794104655,41.48899248867291,17.85509528334252,4030.1532681958906,3356.711449080279
685,70,158500.0,0.0278465,3828.618031,5366.552522194682,4531.338152469074,40.16944178662261,18.35440662346591,5430.955049796555,4544.964463096969
686,70,158500.0,0.030984499999999998,4951.620441,7125.937525486913,5988.521116336643,43.911222808665045,20.940633226872222,7094.086018854532,5962.0714023167075
687,70,158500.0,0.034748,6456.609337,9534.408686619137,7981.873077103775,47.66897281490483,23.62329297768036,9450.430630027173,7978.745119202008
688,70,158500.0,0.0389355,8635.440552,12569.518432160768,10636.048419549807,45.55735004451651,23.167409415915188,12562.689400835308,10654.50257998307
689,70,158500.0,0.043894,11710.85379,17017.84626361402,14498.327068499717,45.31687073188216,23.80247698831289,16956.14698665727,14449.424340698639
690,70,158500.0,0.055234000000000005,21146.58386,29894.05313515244,25846.255304595772,41.365874190671484,22.22425842258842,30131.075453078403,25912.64421370909
691,70,158500.0,0.062403,29086.50004,40908.58466645827,35345.71643821537,40.64457604112025,21.519317860889572,40889.315608521465,35335.98217173962
692,70,158500.0,0.070092,39467.02966,54166.325368544065,47283.797096448725,37.24449454437121,19.805816408755614,54684.015489997124,47476.31206504205
693,70,158500.0,0.07859250000000001,54462.48862,72848.89951564623,63588.11678371897,33.75977000230996,16.755804582106105,72817.16043248997,63508.18401856392
694,70,158500.0,0.0872555,71864.2914,95298.76940086675,83230.51647553741,32.60934957311322,15.81623481441217,94590.3400851793,82842.05647747406
695,70,158500.0,0.11011699999999999,134018.8582,170520.09753271518,150528.00697192567,27.235897860167857,12.318526656366997,169311.76239817694,149663.2316959308
696,70,158500.0,0.123503,183163.2986,225681.54811808886,200969.86672483952,23.213301924061795,9.721690022478942,225598.85302469417,200331.22738405137
697,70,158500.0,0.13854450000000001,248601.6049,302729.9206522437,267845.35479162616,21.773115975665895,7.740798736744662,300751.93063010386,268291.85869298
698,70,158500.0,0.155004,343043.1415,400910.4938891449,359514.26299257326,16.8688265085588,4.801472322271523,398274.4141835392,356880.377477976
699,70,158510.0,0.173133,458087.4588,525454.120576679,472431.1393427861,14.70606987433182,3.1312100489196104,525300.0712310188,472785.5952066534
700,70,177820.0,0.013846,972.3431556,1115.0966336241888,937.5999989208852,14.681388684851743,-3.5731373722352147,1137.688057612173,941.0830659720516
701,70,177820.0,0.015518500000000001,1240.280021,1512.0380797427524,1264.1004909758688,21.911024457496474,1.9205719331561109,1513.3106902427544,1257.4906986341314
702,70,177820.0,0.017384,1621.650775,2010.0443480688377,1669.8801292228898,23.950506425703008,2.9740900424685885,2010.3375445263293,1678.064348264862
703,70,177820.0,0.019604,2160.40164,2672.2794579801243,2269.791943772971,23.693641427717317,5.063424399778323,2715.5182589941537,2277.5638910391863
704,70,177820.0,0.022074,2872.931727,3600.903969402151,3069.14157724037,25.339002509548692,6.829603655261874,3654.169308592925,3079.346052551721
705,70,177820.0,0.024861,3816.746169,4900.330196256718,4175.356956128361,28.39025649800078,9.395720104235235,4920.144050938221,4165.850393971902
706,70,177820.0,0.0275605,4882.887341,6337.613843127896,5422.486507694732,29.7923421233383,11.05082155313917,6367.68624818743,5413.648154371022
707,70,177820.0,0.0307525,6331.884828,8458.572140520844,7154.053924955028,33.586955074048355,12.98458704301354,8376.311062327584,7152.47190513729
708,70,177820.0,0.055469500000000005,27276.82978,36294.87945907572,31941.97165687342,33.06120891544354,17.102947499764095,36640.37940562992,32030.464463540466
709,70,177820.0,0.062384999999999996,36943.64862,49379.78659328222,43261.281402294626,33.66245197164886,17.100727779428045,49160.79737605126,43177.138786376454
710,70,177820.0,0.06986049999999999,51429.63675,64534.928831259174,57325.64556765221,25.481984531534103,11.464224113253554,65251.18026445705,57567.89470084602
711,70,177820.0,0.077598,66137.61872,85577.39427416647,75525.79934142453,29.392917269166634,14.194917813975582,84863.2437492797,75184.44183604562
712,70,177820.0,0.098136,122500.5024,153087.56631486714,136276.00945939103,24.968929364053896,11.24526576585782,152704.67168073737,136559.2308136421
713,70,177820.0,0.1105705,168565.1232,206613.9769769386,184564.5933646083,22.572198242808632,9.491566144216657,205814.14089793238,184929.78784899652
714,70,177820.0,0.123771,227136.5654,274323.7423431139,245854.87314767716,20.774804294506552,8.240992688567427,272906.975904713,246318.19224610357
715,70,177820.0,0.13825300000000001,311926.6097,360854.0957591552,326169.6233547361,15.685576202111129,4.566142551427252,359950.2284094701,326315.50273079926
716,70,177820.0,0.15446549999999998,414834.4707,478534.42704387463,435908.67738501873,15.355511859076234,5.08014839014166,475032.8273271188,432549.99379022303
717,70,177820.0,0.17311300000000002,555290.0615,631457.3898329391,580726.785721489,13.716674151737756,4.580799474922539,631772.0525205081,577888.3449629721
718,70,199500.0,0.0131185,1126.803697,1210.160737422195,999.9349686964027,7.397654147224104,-11.259168623725,1195.9684777391808,1003.28735236081
719,70,199500.0,0.012345,1030.126905,1026.3480254935394,854.4913552802813,-0.36683630804310713,-17.049894422446794,1027.278805734502,859.6923373228433
720,70,199500.0,0.015557499999999998,1723.710939,1830.5700612518033,1539.721196107431,6.199364396549973,-10.674048573324566,1832.295143388291,1547.5677147032648
721,70,199500.0,0.0196925,2954.399924,3291.152419448693,2827.2701260840477,11.398338211191108,-4.303066652663242,3304.356403517137,2817.1940259263592
722,70,199500.0,0.0221805,3901.908918,4499.233512445613,3808.4990142835754,15.308522238693964,-2.393953976873036,4449.983523153321,3811.936072088912
723,70,199500.0,0.0246365,5014.948484,5835.776756852377,4999.9052712530265,16.3676312024181,-0.299967443234319,5787.109992211581,4978.114420865484
724,70,199500.0,0.027637000000000002,6523.680412,7707.015094845709,6649.350867300536,18.139065805078708,1.9263735708047829,7714.957532216191,6666.900714287534
725,70,199500.0,0.030967500000000002,8532.40745,10336.131237927475,8935.500521076076,21.139681836542795,4.724259518057531,10255.641318129063,8902.68088935271
726,70,199500.0,0.034804,11297.51022,13839.986831025719,12019.516624551443,22.50475159141497,6.390845332215532,13736.115520905205,11979.578118947782
727,70,199500.0,0.039101,14787.63776,18567.935869837926,16132.403644627027,25.563907983082256,9.093851948852633,18380.358157503284,16104.402740986836
728,70,199500.0,0.043968999999999994,19695.67725,24898.763109085226,21749.842781402927,26.417400087550813,10.42952473951068,24651.58178499945,21700.234930794388
729,70,199500.0,0.055707999999999994,35576.34905,44992.50585515953,39732.287154883634,26.46746239173053,11.681744237000725,44561.70873634616,39598.01782650052
730,70,199500.0,0.07809450000000001,85105.42578,103729.03708847452,93219.04581854762,21.882989407299473,9.533610770624138,103750.37772430468,93442.0748386201
731,70,199500.0,0.087034,112803.502,136788.85260647614,123146.63952881773,21.262948562072253,9.169163497085169,136065.4176359809,123076.3596086731
732,70,199500.0,0.110605,210884.5447,243969.77579824056,224679.61479553324,15.688788927281006,6.541527315412243,247830.25501207713,226321.35035576383
733,70,199500.0,0.123654,289045.561,329047.7671659688,300341.89497871854,13.839412038563982,3.9081499607318153,327587.408581966,300487.8004885412
734,70,199500.0,0.13728400000000002,377745.0985,428226.5198485301,391214.0776810375,13.36388520962638,3.5656264593562845,425539.97752017464,391965.7694836111
735,70,199500.0,0.154644,510097.3827,572475.195463353,532998.2252878586,12.22860866942318,4.4895040367864665,573216.4495586567,530500.0751621898
736,70,223850.0,0.013129,1627.797108,1458.949358454401,1236.8872107492703,-10.37277611047329,-24.014657313835805,1442.1573772606612,1229.627448948069
737,70,223850.0,0.012344,1429.962384,1233.8908971434362,1045.2119379185094,-13.711653470778554,-26.906333368381148,1236.0155092395266,1051.28072356007
738,70,223860.0,0.013817,1814.406296,1606.0194740717309,1394.66111616259,-11.485124494313881,-23.134023551548026,1638.853181727048,1400.1897188012363
739,70,223850.0,0.0154685,2341.428255,2169.817673238547,1856.4570657998424,-7.329311987031309,-20.712622228100575,2173.6290209646527,1865.4426487727656
740,70,223850.0,0.019701,4050.751571,3958.823390300224,3461.2394798896316,-2.269410480709422,-14.553153427891818,3980.8827061934026,3449.516074774448
741,70,223850.0,0.021968,5180.006426,5289.7040063626455,4547.222899819322,2.117711279508084,-12.21588303451803,5227.839789703375,4549.7178523429375
742,70,223850.0,0.0245765,6718.09878,7002.800176316361,6050.998032391462,4.23782688584345,-9.929903823303679,6922.06948273538,6051.156450614794
743,70,223850.0,0.0275345,8650.154327,9288.907880497281,8107.303806410092,7.384302399131997,-6.275616596752403,9198.561424604832,8077.697079684421
744,70,223860.0,0.034848000000000004,15028.79165,16737.38264049212,14744.028883106086,11.368784864963652,-1.894781520202345,16584.084380628574,14700.602033726664
745,70,223850.0,0.0392435,19653.1025,22521.65872033034,19932.009593673072,14.595945959831724,1.4191504556243542,22321.849079770607,19880.4027970153
746,70,223850.0,0.0497075,34840.65302,40102.48829056768,36147.85119665704,15.102573615790629,3.7519336273825066,40323.20268645744,36252.448756371625
747,70,223860.0,0.055602,47695.16791,53932.38524801085,48384.853758582205,13.077252080924378,1.4460287672823262,53376.14846578244,48202.55901297506
748,70,223850.0,0.061767,61750.05456,69296.4779162114,63032.98623705011,12.220917714135544,2.07762031336108,69432.93455008253,62965.68172310494
749,70,223850.0,0.0694145,82271.43987,93918.37148459256,85121.24292289549,14.156712989339049,3.4639032176883715,92980.79865851748,84713.00734826586
750,70,223850.0,0.07814399999999999,108493.6133,125020.5969355578,114186.78122027346,15.233139659436343,5.247468258367487,125055.2064170272,114474.03078425764
751,70,223850.0,0.0879625,147133.9964,168334.6003680413,154278.3358282428,14.409045147122306,4.855668712226178,168151.76184518772,154651.18700619665
752,70,223850.0,0.09862499999999999,197240.3054,224419.78585992192,206366.9305678763,13.7798815535204,4.627160330829764,223880.7343066908,206845.94513043633
753,70,223850.0,0.110226,268764.7929,298471.93150705023,276327.75417427614,11.053210610849407,2.8139702349667903,295698.01036143233,274411.1182455095
754,70,223850.0,0.12231700000000001,350464.588,386017.79406444303,357217.2338807625,10.14459300077503,1.9267698112662064,383653.11470541585,357513.0011525443
755,70,223850.0,0.13768950000000002,470806.2125,520569.0010100083,486901.8240331736,10.569696658369445,3.4187338879207316,515903.6317391849,483024.1169289677
756,70,251170.0,0.013255,2323.752022,1801.2348716382178,1537.052850558427,-22.48592558133909,-33.85469550939773,1777.4952496121623,1540.903567473487
757,70,251170.0,0.0123675,2008.202927,1514.6922877158545,1299.418166655485,-24.57473956685183,-35.294478999856324,1494.5429142694975,1292.0431450637318
758,70,251170.0,0.013875499999999999,2555.563955,1983.6399641729795,1740.324808619251,-22.379560867887598,-31.900557400871193,1993.046256624034,1730.914029544209
759,70,251170.0,0.015605500000000001,3297.341904,2624.036626778672,2324.054862186619,-20.419637903019467,-29.517322441833766,2674.13997060579,2333.3186175251826
760,70,251170.0,0.017614499999999998,4304.419927,3557.577712172681,3162.007192992918,-17.350589103601624,-26.540457329480294,3620.45156173565,3174.2907213723283
761,70,251170.0,0.021795000000000002,6931.464415,6075.848016366137,5433.872041934557,-12.343948513711922,-21.605713935782255,6168.076476509817,5454.013221585074
762,70,251170.0,0.024642499999999998,9096.516792,8364.138489640918,7432.64065468271,-8.051194969520397,-18.2913545411206,8386.251103443468,7451.73876522518
763,70,251170.0,0.027496,11581.25487,11001.796120365922,9824.040028493475,-5.003419371549321,-15.172922634302802,11031.067295972842,9844.687739354242
764,70,251170.0,0.0442865,34570.51095,36768.6462163316,33165.207718660124,6.358411275756973,-4.0650345994954975,36349.96720009489,33062.10460131031
765,70,251170.0,0.054857500000000003,59800.53034,61928.026076097645,57013.91718426741,3.55765362614951,-4.6598468941481075,62099.36541533526,56965.9243800595
766,70,251170.0,0.061764,79473.0787,84342.56638369994,77069.01653956293,6.127216616436361,-3.0250019248808444,83546.96495871124,77003.27272750915
767,70,251170.0,0.069321,105156.1819,111206.75476573779,103447.43229437825,5.753891741230851,-1.6249635301961736,111518.43637277777,103257.39110093219
768,70,251170.0,0.07842299999999999,140342.3796,153198.96406499928,141305.31945006063,9.160871079457808,0.6861361855237117,151842.0639838652,141286.24450597627
769,70,251170.0,0.08765400000000001,185278.196,200780.8698503751,186995.38260791564,8.367241361943696,0.9268152675210882,200586.62750216882,187470.9655799738
770,70,251170.0,0.09825249999999999,253345.1944,267494.31484936253,249958.0283780201,5.584917638904512,-1.3369766219571555,266884.3485240647,250569.90979590086
771,70,251170.0,0.10933200000000001,330637.0618,347673.8947200513,329999.0616541175,5.152729348398563,-0.19296086845474825,348672.68105422234,328754.23685917666
772,70,251170.0,0.122753,440869.5115,468088.64117010415,440247.68739558605,6.173965075855359,-0.1410449323878846,465824.94885562477,441243.52068169345
773,70,281850.0,0.013315500000000001,3219.780591,2150.954516013565,1917.43978730087,-33.195618296912556,-40.44812268697628,2163.904467864524,1906.9107859134958
774,70,281860.0,0.012457,2799.945547,1859.4475556035748,1618.419337604925,-33.58986721738646,-42.198185270460726,1831.6792547510322,1609.8723532981217
775,70,281850.0,0.0139355,3533.266046,2416.7114457571097,2130.683460761314,-31.601203693872375,-39.69648950795951,2424.8631805414184,2140.7527190403976
776,70,281860.0,0.015655000000000002,4525.315676,3183.4575033580118,2865.79269741787,-29.652255637292434,-36.67198262838118,3244.378604803698,2877.563424576133
777,70,281850.0,0.01743,5719.052101,4169.735426235323,3765.3968658467775,-27.090445189225903,-34.16047276106504,4244.275747444298,3780.5240539010133
778,70,281850.0,0.0195105,7287.02014,5535.929471830571,5015.558337081055,-24.03027073518461,-31.171339714712865,5627.577273787982,5035.234816513063
779,70,281850.0,0.024578000000000003,12101.52375,10159.752462078994,9062.075194928942,-16.045675966392302,-25.116246663326656,10027.711203299503,9055.090398938286
780,70,281850.0,0.027752,15791.35772,13541.294883774277,12307.966136216735,-14.24869777584725,-22.058847918893605,13588.405469819249,12329.903951808185
781,70,281850.0,0.0311525,20371.23037,17932.83917705077,16543.140327818604,-11.969778696038729,-18.79164867635531,18145.028371548608,16540.459648498756
782,70,281850.0,0.039448,34609.2452,33158.35070655245,30195.55281257524,-4.192216516318432,-12.75292876778705,32754.956057355263,30140.42685683536
783,70,281850.0,0.044084,46219.68547,43098.975343769795,39983.6477288819,-6.75190688663551,-13.4921682778775,43251.98634942705,39976.043905647995
784,70,281850.0,0.078484,179740.9994,185057.76934454963,173133.48808678144,2.958017348461247,-3.676129172128418,183112.72838404734,173175.43799439239
785,70,281850.0,0.08760899999999999,241162.5021,243823.95658942577,230568.491141793,1.1035938283316375,-4.392893118107607,241115.785218974,229031.56276722794
786,70,281850.0,0.1098795,420112.7655,426426.29141001246,406292.1212924252,1.502816964511516,-3.2897463115947088,424939.39673714346,407299.00047364575
787,70,316230.0,0.0133975,4393.820239,2624.1447882163757,2381.3321351568143,-40.276464546177905,-45.802695476253994,2644.145954039263,2368.7608949194387
788,70,316230.0,0.0139765,4786.864817,2988.089119074721,2649.781502566562,-37.57732392059901,-44.64473922145936,2939.381663355565,2637.6878184266366
789,70,316230.0,0.015524,5981.65421,3878.440865663513,3441.2419713293375,-35.16106532571509,-42.470061783639316,3822.5495960824555,3444.580791791339
790,70,316230.0,0.017412,7610.313356,5046.48040694415,4628.162536162295,-33.68892750039674,-39.18565084427918,5093.984827919858,4611.322978082277
791,70,316230.0,0.019599,9830.333671,6819.886620151364,6210.603542939884,-30.624057652586227,-36.822047442179,6848.817312115697,6229.15948352117
792,70,316230.0,0.024649,16134.65181,12012.147395098877,11171.844660452623,-25.550625222330865,-30.758687624554177,12153.818484290357,11155.548950926512
793,90,50020.0,0.039217,1062.695125,2019.5461979233494,1037.2001120213222,90.04003598147206,-2.3990900474562524,2002.0647343474895,1039.678129571988
794,90,50020.0,0.044274,1475.28012,2735.450597868659,1418.4438619048653,85.41906454136038,-3.8525739840603666,2711.8225892667897,1421.0133679123414
795,90,50020.0,0.0491575,2047.879223,3507.1250183478323,1846.0967835430379,71.25643831720404,-9.853239253112049,3523.2841844300046,1860.6423146588115
796,90,50030.0,0.054762,2664.462294,4652.997192194475,2463.4711908440618,74.63175225531923,-7.543402044327754,4617.400676082895,2458.2643432138343
797,90,50020.0,0.0624275,3775.700632,6409.619518801002,3400.8452973386247,69.75973848344559,-9.928100005715052,6406.259606372655,3443.782957733339
798,90,50020.0,0.0788095,6953.502338,11478.18581585061,6210.425492976398,65.07056815273927,-10.686367946736453,11476.192142104654,6277.012530578543
799,90,50030.0,0.0884345,9677.926484,15315.751728308102,8367.888417339778,58.25447479507948,-13.53635067207875,15315.726965255371,8449.73442428844
800,90,50030.0,0.09778,12996.57952,19689.01230991735,10848.333292981171,51.49380096215771,-16.52932007004585,19691.956796396036,10945.557339492774
801,90,50020.0,0.110551,18803.34877,26992.052773180603,15049.246557972741,43.54917894330267,-19.965072487602743,26762.657378030504,15011.082280193648
802,90,50020.0,0.123813,26489.10316,35836.70517163545,20160.73511221051,35.28848053168837,-23.890457934965774,35532.75948729744,20098.7831688162
803,90,50020.0,0.138604,37235.20346,47471.517667058935,26765.43263499851,27.490958168270307,-28.117936393844772,47124.108238554174,26879.8972244203
804,90,50020.0,0.15614,53611.4298,63523.89396987566,36225.50521340695,18.489460562522922,-32.42951111629008,63486.97331769678,36535.545241972824
805,90,50020.0,0.175212,75783.08167,85558.61894604958,48994.95264974846,12.899366270980494,-35.348429266708045,84703.45740789827,49164.66323000853
806,90,50020.0,0.197785,108977.8928,114585.21792764013,66449.70154682621,5.145378556668264,-39.02460412886033,114702.26485541645,67179.48713748253
807,90,50020.0,0.2211885,149950.2672,149172.32055031793,90643.75523635835,-0.5188031099967708,-39.55078778521953,151734.5832740772,89610.76010082521
808,90,50020.0,0.271608,262700.1729,252826.25431440087,149955.57523850893,-3.7586266033246067,-42.91759552986997,253629.13257230434,152091.46451393672
809,90,56320.0,0.0310225,749.1535014,1334.4584678080541,709.6814850044402,78.12884346322221,-5.268882321419497,1347.8441053414374,716.4175253258252
810,90,56320.0,0.0349755,963.8096224,1799.9229653255916,996.2814412574377,86.75088144934375,3.369111295712014,1819.5064668677805,975.7814961941949
811,90,56320.0,0.039393,1313.72777,2454.978441959579,1304.8609770621802,86.87116905198549,-0.6749338135571123,2450.1163630761284,1325.641234643056
812,90,56310.0,0.0437535,1807.253409,3210.2287942090147,1734.2169993206305,77.63025252697227,-4.04129323069211,3185.1594296053613,1736.735559170908
813,90,56320.0,0.0553535,3308.226246,5783.129666606617,3183.110903222445,74.81058538844012,-3.781946380748086,5738.182027731167,3184.1708344030594
814,90,56320.0,0.06986049999999999,6173.265396,10352.623793690675,5804.308893346674,67.70093507398389,-5.976682986809426,10272.527661846014,5799.822184304633
815,90,56320.0,0.078614,8325.027451,13812.111768815805,7812.383237402804,65.9107054014182,-6.157868146556285,13802.012427080323,7861.244915018283
816,90,56320.0,0.0871065,11215.93985,17854.335644968767,10143.401526376962,59.18715581350739,-9.562625495205728,17840.26402908347,10239.112763045736
817,90,56320.0,0.10973,21981.47781,32034.38286046779,18614.746424853907,45.733526823635295,-15.316219474627275,31788.73961479324,18560.485192571843
818,90,56320.0,0.13861099999999998,45023.34555,57450.8509584321,33739.9414351388,27.60235885765291,-25.061229850923866,57034.98151775564,33884.518403241585
819,90,56320.0,0.15511,63080.06911,75561.75383070552,45058.08934166454,19.78704985078531,-28.570006378573314,75567.78016874645,45271.810274610005
820,90,56320.0,0.196836,128856.2547,136793.91740202653,82733.62718993952,6.160091118981226,-35.79386007876922,137147.96743916214,83632.04084544563
821,90,56320.0,0.21962199999999998,176787.0517,181761.65705101765,111590.04430075602,2.813896890740241,-36.8788363018127,180387.07486117724,110898.44121513079
822,90,56320.0,0.243119,233607.0741,232442.84701925569,143935.33624363822,-0.4983697883420872,-38.38571164928681,232618.63362440738,144094.15273922027
823,90,56320.0,0.2715905,317136.3468,306599.7051753982,191628.20236164643,-3.3224326794830166,-39.57545254738791,306882.70600310917,191668.15514549147
824,90,63020.0,0.031199,856.6457477,1623.414668064652,923.9866806037737,89.50828535871946,7.861001246381802,1637.9490994031141,905.2253074927794
825,90,63020.0,0.035169,1151.726862,2216.63798860091,1212.5513795223187,92.46212463532086,5.281158192029625,2210.266971935178,1232.4474673823102
826,90,63020.0,0.0390915,1566.034169,2899.4358310978723,1627.5720380259665,85.14511933984961,3.92953552637117,2879.620411631303,1618.3521800631477
827,90,63020.0,0.0438385,2097.622753,3862.954229641617,2171.9190790539933,84.15867315115916,3.541929832127121,3835.839652009877,2174.195817398152
828,90,63020.0,0.049191,2815.832497,5144.338269422032,2935.21040774063,82.69333402831425,4.239524576402045,5117.1442159700155,2925.4007236157877
829,90,63020.0,0.055363499999999996,3797.424531,6807.535774787763,4036.0837346731078,79.26717750978165,6.284764890647082,6878.077802103021,3966.811152411689
830,90,63020.0,0.062334,5236.695363,9287.966336209805,5389.256088768217,77.36312105978439,2.9133015230585757,9253.706999492639,5384.173924683997
831,90,63020.0,0.07767650000000001,9192.992475,16082.771654935914,9478.754387344145,74.94598955315598,3.1084754297500443,16047.363036830722,9490.996267349017
832,90,63020.0,0.087515,12932.30217,21656.46421328308,12872.225651597966,67.46023970520231,-0.4645462007638405,21626.256496602637,12904.465849482891
833,90,63020.0,0.1096655,25224.40631,38025.33506054012,22966.418691638122,50.748186471549595,-8.951598664451883,38030.40389656705,23076.74435954519
834,90,63020.0,0.12415499999999999,36989.00907,51243.06066578386,32179.332695708217,38.53591094805681,-13.002987901594473,51875.9237348598,31769.92777900535
835,90,63020.0,0.13856600000000002,52005.40581,68161.41895679416,41857.03068002218,31.066026493129616,-19.514077376983778,68278.66077820615,42158.10609177192
836,90,63020.0,0.1565145,75280.53523,93402.18894254541,57474.850424038195,24.072163750137328,-23.652441831824365,92603.48438032887,57697.386265900364
837,90,63020.0,0.1757265,106641.1559,123772.89765973951,77493.9420336138,16.064850024510573,-27.332049826727545,123716.26356883644,77748.83512619384
838,90,63020.0,0.2437485,271619.7258,284378.5452868663,180205.85223128018,4.697309611548948,-33.6550938262967,280511.51268399943,180626.9759068674
839,90,70840.0,0.031224500000000002,1009.330003,1994.4883352634376,1148.8805898921776,97.60517663551884,13.826061494000545,1980.9592445527892,1139.686849326821
840,90,70840.0,0.038939,1810.755445,3463.2485549997427,2010.448236875902,91.25987247823754,11.028148081912962,3441.7212764009228,2012.8648591578267
841,90,70840.0,0.043881,2394.52308,4603.689487427174,2787.1869645588918,92.2591402805428,16.398417197920338,4640.884227936797,2738.4042797098145
842,90,70830.0,0.0493055,3242.159658,6230.160913901861,3648.3562399810203,92.16083015927346,12.528580478099954,6210.730130983323,3696.4235864692105
843,90,70840.0,0.069138,7977.251157,14493.791744795086,8833.35388526636,81.68904876558703,10.73180111065119,14473.23870470089,8833.673141865485
844,90,70840.0,0.086897,14641.55543,25800.216380311085,15961.039315980419,76.2122644937532,9.011910601225095,25642.999563762696,15919.375471513606
845,90,70840.0,0.10988600000000001,29914.03845,46220.44753463975,28950.9624868843,54.51089164004117,-3.2194782550856207,46131.846613538364,29143.15908096256
846,90,70840.0,0.1395185,62328.07323,84437.57052808431,53679.1848070058,35.472775191520725,-13.876393051777008,83833.13670535463,53908.88287362678
847,90,70830.0,0.156495,87883.8813,112381.95652896746,72838.51617178002,27.875504434471843,-17.119595659255403,111707.1053943593,72445.5786618973
848,90,70830.0,0.175349,123800.4921,148664.24534516357,96838.51141759797,20.083727312715233,-21.77857310988995,148483.77736513276,97114.25118154858
849,90,70840.0,0.21855049999999998,234105.831,257904.74437341274,171139.0551265027,10.165878086741351,-26.896714022256585,257676.80766528097,171321.29410927423
850,90,70840.0,0.2443515,318078.1125,338238.5180007851,225465.02555942375,6.3381932640162715,-29.1164601715801,340661.26259643567,228381.9522951912
851,90,70840.0,0.2762635,443777.4452,470143.4818750238,312726.7773668065,5.941274609650619,-29.530718437962083,463118.7337244301,313324.6897753678
852,90,79460.0,0.0277865,838.640425,1788.0234667365785,1037.6989197194137,113.20501772098315,23.73585732161833,1779.5889908652034,1055.7752758744848
853,90,79460.0,0.03102,1187.426592,2356.307265383503,1413.4582203457333,98.4381418825007,19.035419104521218,2343.8390054309184,1401.9542891965964
854,90,79460.0,0.034588,1506.42862,3094.4789693017165,1853.3349539524752,105.41822746979652,23.028395062786004,3077.6848819422503,1855.8614391816418
855,90,79470.0,0.043744000000000005,2707.314291,5556.157127553783,3415.381324977968,105.22763633406989,26.153854258141155,5539.6560708862835,3399.426518696084
856,90,79470.0,0.049418500000000004,3727.988947,7532.530660983375,4670.516645713717,102.05346013820613,25.282470310760736,7516.3707232661345,4654.458913620612
857,90,79460.0,0.0556955,5124.634185,10100.294095784451,6285.066528683463,97.09297739433573,22.644198625534926,10135.437156359525,6332.0675690150765
858,90,79470.0,0.061508,6610.646909,12965.12816306156,8121.361612032833,96.12495329935582,22.852751384680456,12995.369969248144,8179.289731234322
859,90,79460.0,0.0691905,9094.512273,17311.2906845464,11231.794237720462,90.34875279612918,23.50078707426317,17441.435428229837,11073.64439202609
860,90,79460.0,0.07788300000000001,12398.28894,23269.641227184424,15225.397517301079,87.68429530715892,22.802409195192368,23451.333917460102,15020.93505329269
861,90,79460.0,0.087351,17211.13699,31414.069588383783,20247.74863023672,82.52175673597834,17.64329481545032,31248.01931033155,20186.27500097088
862,90,79460.0,0.0982335,24494.17001,41569.29684363391,27652.188625075603,69.71098357961426,12.892939886455867,41917.55173120334,27316.219841458307
863,90,79460.0,0.1103765,35087.43237,56356.704076027345,36695.27036280459,60.61792006249143,4.582375751664585,56108.90482983343,36882.43804286969
864,90,79460.0,0.1244825,51065.40622,75495.59841081858,49980.48502377809,47.8409827693692,-2.124571753229275,75806.65958741958,50278.043915156435
865,90,79460.0,0.1738345,140317.5455,175145.68011965178,118557.11215407382,24.82094059979959,-15.50799172575762,174801.0726880767,118849.46780173908
866,90,79460.0,0.195372,198336.5421,235343.20656125134,161681.3836246248,18.65852054766228,-18.481293506112397,234128.10522673267,160575.0135203616
867,90,79460.0,0.218806,273221.0512,314683.57839623734,214405.3358313768,15.1754511645907,-21.526787599382157,310839.76586713997,214990.14455450536
868,90,79460.0,0.2456015,376396.2086,420701.5554420059,288842.41617213644,11.770933348876964,-23.26107182469201,415010.0399242517,289514.7012559195
869,90,89080.0,0.024820500000000002,783.6628871,1620.9584480646834,996.9558373563161,106.84384507006001,27.2174367023583,1612.424655677708,986.5361840769187
870,90,89080.0,0.027635,1094.733299,2119.16194554444,1313.3450516425605,93.57791961569264,19.969407420259767,2109.5404076214163,1301.0367667851237
871,90,89090.0,0.0307495,1378.015305,2727.6202007513634,1697.2051385236716,97.9383096003686,23.163010771035793,2756.120972955256,1713.423639227522
872,90,89080.0,0.034784999999999996,1876.108259,3768.910103467351,2351.411910396275,100.88979862368117,25.33455354274813,3751.4879618146065,2353.611618241074
873,90,89080.0,0.039097,2490.795483,5003.180042235881,3233.094596573627,100.86675427120491,29.80168860269396,5025.459217983943,3180.3881621764363
874,90,89080.0,0.044191999999999995,3376.347702,6860.3293750103385,4303.835468452175,103.18788171451006,27.47014965024993,6827.700408806919,4360.4772171292925
875,90,89080.0,0.049709500000000004,4582.056901,9118.525349339017,5994.079038082447,99.00506576749335,30.816337893453138,9164.485025543117,5904.272078666947
876,90,89080.0,0.055057499999999995,5880.57273,11832.598625823537,7700.875079140326,101.21507154327021,30.954507880737093,11834.030031815339,7682.281104288695
877,90,89090.0,0.061243500000000006,7815.654294,15411.254330956268,10037.385321615122,97.18444229022943,28.426679891928213,15449.17022582202,10109.21425254266
878,90,89080.0,0.0694165,11070.64095,21008.618543494493,14142.317989899015,89.7687644137216,27.746153576582333,21131.674298706752,13956.419531249288
879,90,89090.0,0.0780385,14925.40259,28258.018541080095,18852.563812917484,89.32835058005692,26.311928266167357,28328.37125204557,18873.768177453017
880,90,89080.0,0.08774399999999999,20932.4027,38039.982343880816,25372.083934289665,81.727739949704,21.209611232492037,37975.93033162095,25521.93045413011
881,90,89080.0,0.098298,29448.50397,50607.830358572246,34009.70921840263,71.85195692836496,15.488750304766777,50456.5504707301,34197.1495426541
882,90,89080.0,0.11086299999999999,42602.2508,67699.82356355416,47117.98643053394,58.91137743256082,10.59975833608759,68174.00335271524,46620.303392631446
883,90,89080.0,0.1398035,87413.41476,122657.94374422201,84376.17244694357,40.31935954108242,-3.4745723198154437,121796.04248563868,84738.0349597
884,90,89080.0,0.154646,118586.3564,158064.00406935322,109461.53000870527,33.29021049958932,-7.694667977246941,156770.96717805456,109892.66644131258
885,90,89080.0,0.1738755,166749.9216,208497.9755469699,149836.16096183323,25.036325982278534,-10.143189559476694,210188.42317913065,148626.42188231947
886,90,89080.0,0.19446249999999998,231445.3959,275692.85103674995,196235.76820687143,19.117880900023536,-15.212930702817479,278094.32720867486,198286.13928331606
887,90,89080.0,0.2191605,325175.1277,371836.7989303632,271659.0496081891,14.34970489914355,-16.457617306199314,375062.7827751657,269814.12835933286
888,90,89090.0,0.27146800000000004,596099.9476,643605.6446652175,472572.0790399443,7.969418091124412,-20.72267730560956,640832.8360142383,468417.45571858913
889,90,99950.0,0.022085,708.7652037,1446.7958999465177,931.4098224407969,104.12908144950424,31.413028966223905,1448.7985713089492,914.1659358988684
890,90,99950.0,0.024621999999999998,983.4575232,1909.1575213245828,1207.1015616458487,94.12709509939137,22.740589519123297,1901.7785414179718,1209.7287345201119
891,90,99950.0,0.0394235,2992.093566,6178.37648761219,4091.635214621474,106.49008299134822,36.74823745874376,6174.712183260485,4067.6477135673304
892,90,99950.0,0.0489635,5185.070986,10676.026856202834,7025.617511239397,105.89933840884227,35.49703620662055,10618.998098240168,7108.9807805154915
893,90,99950.0,0.0619305,9568.53606,19185.473441721162,13050.31975145177,100.50583831651632,36.38784104087674,19114.02316211144,13021.515160894063
894,90,99950.0,0.08738,24678.39419,45430.15259311878,31385.540965701093,84.08877110621589,27.178213963447085,45226.87321030604,31609.75738507755
895,90,99950.0,0.09869649999999999,35803.84731,61518.365798779734,43021.99824567318,71.82054561381644,20.160266222722825,61336.41892858796,43258.86497698378
896,90,99950.0,0.1106845,50812.43183,81277.162621798,58686.65135432936,59.95527018608744,15.496639780346763,81709.56570258485,58120.70772582028
897,90,99950.0,0.12403349999999999,73139.44533,108036.34633646916,78643.26561492257,47.712832451786866,7.525105310943658,108641.21474313686,77934.39096289022
898,90,99950.0,0.137525,99768.37842,141200.17570684679,101333.12311717744,41.52798506198954,1.568377397686332,140664.32880172977,101683.93741250224
899,90,99950.0,0.15484150000000002,141036.4806,189940.26943637413,137675.25262755432,34.67456691228165,-2.383233017547156,189253.22532338634,138019.6358461139
900,90,99950.0,0.1724505,193001.3105,248670.6561916227,183451.37330620954,28.844024710196308,-4.948120387913351,247783.4565760622,182157.70846371722
901,90,99950.0,0.1954155,278568.9295,342462.3895309032,250588.33726986815,22.936319619558706,-10.04440526815173,338773.0457732532,251374.1667167039
902,90,99950.0,0.2201255,389488.4452,457748.0365345646,341733.61961026606,17.525447077002173,-12.26090945142471,456333.77852343867,341616.55694529996
903,90,99950.0,0.2421595,520331.0961,575181.6842476571,439120.7118493108,10.541478024045592,-15.60744396392596,579344.5706478826,436790.76721736573
904,90,99950.0,0.27047699999999997,696938.0157,766690.1629990217,586147.9385282885,10.00837172427208,-15.896690189935278,764007.4996853303,580770.90458136
905,90,112160.0,0.021922999999999998,938.0406753,1712.5020491340538,1143.3397142684917,82.56159825759892,21.88594208911398,1711.9777074375359,1123.1795521902661
906,90,112160.0,0.024616,1223.050584,2294.6303869860685,1511.1488931364404,87.61532981583274,23.555714939787013,2287.624201575552,1513.8283648348738
907,90,112160.0,0.027619,1603.438961,3072.3896270491327,2004.1342770512026,91.61250922411213,24.989745528030895,3051.0763457189714,2036.3929756812322
908,90,112160.0,0.0311445,2138.530562,4133.2840950433265,2773.2332166307046,93.27683075886416,29.67938199756739,4120.812555124763,2775.0462573149152
909,90,112160.0,0.035052,2798.160071,5488.819452714894,3728.7956458803665,96.15816513146488,33.25883978280693,5538.678535487328,3762.788263326072
910,90,112160.0,0.0394865,3715.695872,7454.534019910052,5144.801002190853,100.62282481417392,38.46130521499402,7461.758664953345,5114.358171268871
911,90,112160.0,0.043691499999999994,4755.175029,9640.130729954484,6643.932869478356,102.72925120869371,39.72004876707045,9611.54189675601,6637.589004920489
912,90,112160.0,0.048868999999999996,6319.838092,12653.465227341634,8787.4842531444,100.21818665511526,39.04603449047345,12719.61698531989,8857.419752230844
913,90,112160.0,0.0551885,8722.460852,17209.429954166084,12270.353445621191,97.30016845211841,40.67536276540219,17242.860544985706,12116.273518864322
914,90,112160.0,0.069636,16384.22888,30815.271248776684,21908.610407381788,88.07886214524541,33.717677944094916,30850.24982582224,22055.97300855028
915,90,112160.0,0.07814,21891.83835,41043.045903649865,29997.337385308958,87.48103858372343,37.025209604240274,41157.5938434003,29678.211462046165
916,90,112160.0,0.088,31120.82442,55697.32120215679,40042.61230267202,78.97122663100963,28.66822473037821,55407.4741072133,40308.163321505504
917,90,112160.0,0.1106715,63187.53128,98596.79734894373,73146.57922388491,56.03837553335684,15.761096757766712,98318.4049219442,72754.65651518156
918,90,112160.0,0.123024,86443.75696,127010.36010333365,95019.69950041635,46.928320297444934,9.920835051610128,128116.39837676904,95553.62383086048
919,90,112160.0,0.1379185,121342.6439,169811.48535918415,129234.36683141172,39.94378225278158,6.503668189326249,170521.0469960515,128265.65734376917
920,90,112160.0,0.15434799999999999,167770.3466,226967.23027245374,171052.96477738387,35.28447361057891,1.9566140524286648,225977.0670774818,171407.8299818505
921,90,112160.0,0.174508,240563.413,305765.80610647437,236633.21943336175,27.104035602651834,-1.6337453470691525,307219.34737898264,235168.1620355271
922,90,112160.0,0.21800150000000001,464877.115,533264.1049751132,419285.5880962918,14.710767161578428,-9.807221184400134,536089.3862627225,417207.6041219829
923,90,112160.0,0.27112,832598.6389,919690.6334387932,734432.4623413887,10.460261459693964,-11.790335940052103,925054.0439830779,731682.6762913989
924,90,125860.0,0.019546,941.8760287,1521.942144567945,1034.8468576067803,61.586248953438826,9.870813787999348,1546.256967912407,1046.3985218880568
925,90,125850.0,0.0218075,1224.052589,2037.2663779921174,1410.763304868967,66.43618062655948,15.253488089225154,2033.2176322242096,1387.1468800005073
926,90,125860.0,0.024748,1610.815256,2754.059980429851,1902.1456475564135,70.97305045823646,18.08589721703091,2790.4629939449537,1921.811520987644
927,90,125860.0,0.027651500000000002,2095.126964,3682.697097663274,2582.303759944132,75.77441181093376,23.252853135640887,3683.0839675167254,2557.5727724158905
928,90,125860.0,0.031255000000000005,2780.980435,5041.701094648347,3456.037847984022,81.29221734881953,24.274079906787335,5003.936479523104,3506.5771722892964
929,90,125860.0,0.0352,3584.043542,6786.604752571874,4698.794488085025,89.35609104750866,31.10316415025922,6736.9748524906545,4762.933105778692
930,90,125850.0,0.043655,6074.632478,11546.239884176284,8400.550284387138,90.0730608146642,38.289029250917224,11542.775229867777,8291.986824462616
931,90,125860.0,0.0491615,8160.77248,15539.74950779802,11402.376363931451,90.42008027894464,39.7217774650109,15539.560735410618,11262.492176645817
932,90,125860.0,0.0551915,11032.88796,20657.09594304909,15212.912618539867,87.2319923662951,37.886949216693274,20756.260718874248,15173.316544543342
933,90,125860.0,0.062,15064.17596,27826.19787382235,20537.183356330246,84.71769015251432,36.331276339726486,27767.77288866205,20475.20881134529
934,90,125860.0,0.0696895,20482.92543,37438.21901106678,27450.069031439067,82.77769520282231,34.014397138968974,37202.64948509429,27671.716276925625
935,90,125860.0,0.0879645,38585.35599,67019.2884760949,50109.0654292924,73.69099430743621,29.865499860306993,66620.92900369951,50418.76539592087
936,90,125860.0,0.09866449999999999,56211.37027,89033.40436362848,67395.66700034002,58.3903824723974,19.896858369789786,88784.33772453068,67767.93576111068
937,90,125850.0,0.1233445,107437.269,156036.04092715165,120019.2636226413,45.234556294568186,11.711014938997845,155187.56547805035,120431.86782562234
938,90,125860.0,0.17416900000000002,288610.2916,369793.51131327037,292801.56527907366,28.1290106680556,1.4522259950738594,367973.4943395727,292990.54734534037
939,90,125850.0,0.1948365,409320.219,480626.33873663546,387093.041644748,17.420619951499507,-5.430266164118312,487079.15589383215,391061.766706247
940,90,141270.0,0.016025499999999998,763.220977,1134.5320749936861,783.5667644848279,48.6505362382992,2.6657793873540183,1132.8395934016455,785.9236141410693
941,90,141260.0,0.0174485,966.768255,1407.2803876906326,995.3262851673105,45.56543208906178,2.9539685461962715,1401.3719430453064,978.3665404365585
942,90,141260.0,0.0246195,2077.609685,3327.326390301273,2411.7135374622067,60.15165958861388,16.081165527595566,3316.134148326854,2375.1796686721523
943,90,141260.0,0.027778999999999998,2745.415547,4499.43487958817,3289.437803829794,63.889028912393265,19.815661691879903,4485.617924912358,3241.7918852440544
944,90,141260.0,0.0436495,7790.490007,13921.917290731719,10510.807941435929,78.70400036740229,34.91844456499704,13894.439104065757,10384.727169189417
945,90,141260.0,0.0619945,19124.17456,33336.07083839252,25459.284167514696,74.3137761779169,33.12618585256574,33423.87891703648,25641.251168079158
946,90,141260.0,0.07849400000000001,35347.35317,60394.44074906352,47307.57473904704,70.85986738130502,33.83625787063999,60319.00446659831,47092.92726177167
947,90,141260.0,0.08794350000000001,50435.08141,80259.9129023284,63437.31971596894,59.135091405671645,25.780147354715925,80161.0602806576,63115.38027716666
948,90,141260.0,0.0975765,67873.23527,102912.64375231556,82239.12283789336,51.62478014040239,21.165762189979297,103968.18411563704,82495.12207974952
949,90,141260.0,0.109902,95013.43839,140173.86743834818,112767.73795763734,47.5305702157404,18.686093113230548,140006.00515494894,112076.6607360834
950,90,141260.0,0.122389,128850.956,184219.4476798062,147178.8461468517,42.97095915982664,14.22410102013654,183263.03014405334,147882.9296981968
951,90,141260.0,0.138745,184521.8028,251112.09181257442,205781.62888030428,36.088032959850544,11.521579432728304,250820.33823218418,204294.13186082937
952,90,141260.0,0.155677,255555.4032,334942.29954923864,276995.10907641763,31.06445622169441,8.389455127129017,334559.05351575394,274842.39652465924
953,90,141260.0,0.174044,359423.2255,441615.9467488696,367915.84140283754,22.867949374871326,2.3628456093852344,442230.454526527,366319.8690833922
954,90,141260.0,0.1933155,481326.9227,581165.1521448098,478594.2755053744,20.74229068358944,-0.5677320477518298,575111.2190254044,480125.0693414452
955,90,141260.0,0.21761049999999998,663872.2785,777499.7989146102,652381.5646423125,17.11587064176685,-1.730862129632898,773356.2759169325,651335.108369482
956,90,158500.0,0.0144435,824.0751503,1061.7460242646332,737.8818155461,28.840922320993467,-10.459402242929153,1051.0050770452344,752.6734316194961
957,90,158500.0,0.0155075,1007.106866,1263.3168492502011,919.3364956088709,25.440198245078903,-8.71509999129815,1255.5532131322339,903.9239401908701
958,90,158500.0,0.0195805,1670.793911,2248.2753135588823,1670.3851072895634,34.56329345929022,-0.024467632288168346,2250.2301760721543,1648.3656488499062
959,90,158500.0,0.024829999999999998,2832.921144,4114.919823933008,2992.78531481627,45.253595662139205,5.643085800494487,4076.614099000907,3039.4510686504454
960,90,158500.0,0.0278955,3678.249795,5505.187988674838,4043.2388382228164,49.66868199539554,9.922899845436305,5454.895686456098,4102.425609351342
961,90,158500.0,0.03101,4627.454297,7140.60459337052,5459.14576120387,54.30956493724436,17.97298062442366,7108.701760695549,5388.427424900408
962,90,158500.0,0.034789,6022.969781,9390.003603198704,7180.489652766919,55.90321626418109,19.218424030922744,9478.352900021142,7246.318834071125
963,90,158500.0,0.0388985,7752.760975,12432.003785328396,9577.306154302809,60.35582453034928,23.53413429340002,12532.843204272365,9661.381801311602
964,90,158500.0,0.0494015,13899.54076,22867.137568783783,18071.75397413339,64.51721652984874,30.016914128128285,22790.78686952344,17884.077719056666
965,90,158500.0,0.055243,18359.64719,30390.011701040265,23637.003257964578,65.52612033630405,28.744321790883927,30143.360141898447,23851.044399675244
966,90,158500.0,0.062406,25168.44714,41221.29292250835,32391.192324011456,63.78162980502559,28.69761945913782,40894.23375751311,32652.34173318924
967,90,158500.0,0.0784545,46951.40713,72497.97748304211,58508.96069765764,54.410659689726124,24.615989752249284,72497.69839745836,58879.725299364654
968,90,158500.0,0.086948,62070.61613,93797.97257273349,77149.41843316407,51.1149371810392,24.292979904667284,93758.55844125697,76731.09282406582
969,90,158500.0,0.097935,86257.86209,127194.15141246257,103800.0718822167,47.45803841016873,20.33694015498953,126270.55463803258,104256.84892504143
970,90,158500.0,0.110044,119332.3062,169096.04062058293,141703.5035201892,41.701812363518144,18.74697475694071,169031.08995881377,140777.44804969247
971,90,158500.0,0.124222,168128.8466,225854.46322445787,191311.0320388693,34.334153711168014,13.788345014953144,228899.0885586099,192363.8745423466
972,90,158500.0,0.13897949999999998,229173.8421,303225.61028685974,258849.82222972927,32.31248710947877,12.949113152617192,303119.98707199877,256873.04171900445
973,90,158500.0,0.15551399999999999,320988.4024,401783.30827135016,344539.2172259167,25.170662013722065,7.336967519645396,401560.9800186181,343150.7145640236
974,90,158500.0,0.173266,431197.2175,526409.7046655286,454896.84876243793,22.080960475012475,5.4962393773883536,526256.8402118419,453337.04980474134
975,90,177820.0,0.0138425,1073.433396,1114.3883147976453,833.9973026719973,3.8153199770249566,-22.305631091805775,1136.9686999885532,844.333773384585
976,90,177820.0,0.0155355,1367.287888,1529.3870840810262,1154.8894739544467,11.855527830216989,-15.534286225283477,1517.4616147052293,1136.6031751408862
977,90,177820.0,0.0174955,1767.916734,2007.5923764796887,1525.9665204095627,13.556953100240795,-13.685611371696945,2042.752352161209,1543.629871933675
978,90,177820.0,0.019621,2247.717152,2749.9984023603824,2039.2683516052261,22.34628364665263,-9.273800318216106,2721.4134798810273,2074.0728076465502
979,90,177820.0,0.022112,2931.906808,3707.808706396753,2777.25378735181,26.464070968409615,-5.274827297586815,3669.927733659718,2821.9285596984346
980,90,177820.0,0.0248895,3801.00731,4967.343712269665,3879.007579251954,30.684929208138385,2.0520946920240006,4934.26741740648,3827.645034714314
981,90,177820.0,0.0275935,4757.597689,6427.977958471787,5056.613498998314,35.10974190469822,6.285016715256642,6386.778592997985,4992.531441893872
982,90,177820.0,0.0309835,6152.055794,8443.1243368082,6665.356831087436,37.24069838642624,8.34356927627429,8534.61458868183,6729.211742188503
983,90,177820.0,0.0348155,7988.024299,11353.743107333265,9155.544697522302,42.134558964156014,14.6158844142282,11425.698091380405,9087.157061387687
984,90,177830.0,0.043953,13656.58064,20333.737234836703,16428.98898412006,48.89332674739511,20.30089681453424,20471.44323423269,16566.358745618654
985,90,177820.0,0.0493325,18057.87393,27177.509713301628,22126.791228509723,50.50226742446654,22.53264871757647,27325.19079884714,22302.905474671694
986,90,177820.0,0.062345,32459.27015,48948.542496955335,40475.017286580274,50.79988635220541,24.694785494369086,49081.97491771938,40764.19324464746
987,90,177820.0,0.077818,59060.94231,86185.32408171397,71745.19363700761,45.926090425958826,21.47654749636455,85466.46440728728,72162.30819433449
988,90,177820.0,0.087242,79652.53328,114176.57675847539,97488.90547310656,43.343308814942674,22.392724322284796,113763.04245994074,96873.90183529476
989,90,177820.0,0.09785250000000001,109199.7839,152111.9884192631,130945.48712802143,39.296968351659075,19.913687052654904,151603.3993496398,130202.81558685392
990,90,177820.0,0.1239815,208758.6158,274830.7429120918,240608.1867820209,31.650012076814978,15.256649820160812,274069.6624814514,239559.8246604647
991,90,177820.0,0.138274,288196.1215,362801.77784430905,316943.44316658843,25.887113246355415,9.974916219192917,360087.0318736036,317309.6328286354
992,90,177820.0,0.1736025,529174.1341,635933.7223832059,575458.5731618952,20.17475560569087,8.746542221042986,636250.8910818204,570230.7714632426
993,90,199500.0,0.013085,1251.981937,1200.1825408094398,928.9043100620993,-4.137391655560297,-25.805294580532014,1188.3422899624175,914.1764791732729
994,90,199500.0,0.012365000000000001,1150.367179,1009.5701111540092,780.1638696947755,-12.23931544781937,-32.181317066698455,1031.4476509720132,790.1477390312734
995,90,199500.0,0.015553999999999998,1845.774952,1852.5204303920796,1401.044573345804,0.36545508350140277,-24.094507197223894,1831.2640199252621,1426.9883844912417
996,90,199500.0,0.0175105,2374.2095,2491.2748465365526,1902.9575316901335,4.9307083699459815,-19.848794653962358,2463.128243853642,1936.3419226833637
997,90,199500.0,0.0197365,3068.389033,3352.611363095147,2671.869988735826,9.262917023831877,-12.92271090789594,3322.8587757282967,2635.5469349822506
998,90,199510.0,0.024584,4910.844527,5750.944618051901,4642.3769295382535,17.107039052712828,-5.466831539579438,5756.769969031963,4641.265949882445
999,90,199500.0,0.0309,8108.043319,10128.076892720816,8437.97101941322,24.913946488015984,4.069140820203603,10199.80591520375,8364.210504296017
1000,90,199500.0,0.0391755,13719.96348,18308.75629612552,15512.569211473263,33.446100806425186,13.065674220535625,18468.09941891015,15414.0580774494
1001,90,199500.0,0.0555645,31727.36904,44224.7669429636,38082.50496378672,39.38995977639247,20.030453567626537,44275.08244249344,37926.12898912675
1002,90,199500.0,0.06922,57465.73659,77438.572265361,66383.88698128336,34.75607703049369,15.519074357145307,76722.17427315803,66802.87142283181
1003,90,199510.0,0.077855,75945.32592,103907.55742920186,89959.01617772802,36.818897240176405,18.452340664769658,102964.46819490672,90440.87867352637
1004,90,199500.0,0.09875,142631.1487,188266.741051025,166275.82388331505,31.9955302659811,16.577497551427253,186624.79670391438,166845.8754737227
1005,90,199500.0,0.110572,192691.119,243788.19887673788,222340.5341999685,26.517610226103816,15.387016980252472,247645.30405973576,223268.35944415416
1006,90,199500.0,0.123487,265651.7073,328142.17753169785,295360.5996866228,23.523458918006295,11.183399756235177,326481.66274515487,296771.8311481348
1007,90,199500.0,0.13707999999999998,349933.416,427478.7592649157,388082.5679947039,22.1600280851474,10.901831677230806,423959.72595945606,388383.04297008814
1008,90,199500.0,0.154449,476622.4578,561237.4260927463,524147.01204808784,17.75303847059855,9.971110985296896,571409.8195363719,528123.2226007384
1009,90,223850.0,0.0130955,1754.697826,1403.392459500374,1132.5798013595963,-20.02084696830451,-35.454424996842945,1432.968686932503,1146.8557442985941
1010,90,223850.0,0.0123285,1561.922846,1247.8009771573286,962.4862151392457,-20.111228262466387,-38.37812042994819,1232.1362350870081,981.7074670223296
1011,90,223850.0,0.0138865,1962.661101,1626.2838519471368,1317.571522942866,-17.13883506844227,-32.86810839265387,1659.4358730249717,1333.9089839528867
1012,90,223850.0,0.024419,6478.939528,6799.20019053819,5713.548477372602,4.943103129055635,-11.813523607059631,6811.619896570702,5710.061488747245
1013,90,223860.0,0.0275275,8387.554956,9121.719993063436,7854.0615824328215,8.753028038740354,-6.36053505897504,9193.37229461929,7775.722148218134
1014,90,223850.0,0.031004,10845.05856,12496.42066544865,10671.071978367318,15.226862043321695,-1.6042936114185624,12378.451862930388,10562.472020457808
1015,90,223850.0,0.034951499999999996,14182.30884,16549.3877325298,14492.791643838282,16.69036346080447,2.189226079766305,16706.388649634267,14383.06204919798
1016,90,223850.0,0.039100499999999996,18041.45511,22361.24764810325,19002.674238319916,23.943703607969407,5.327835933738702,22118.90817807105,19202.34661179544
1017,90,223850.0,0.0441905,24046.93982,30365.513024645814,26071.118805807713,26.275997078807574,8.417615717257256,30041.95872181991,26319.041421396712
1018,90,223860.0,0.055628,43466.30167,52769.91954110453,47762.50602558813,21.404208579184896,9.883988723506533,53438.614369201234,47625.063310882746
1019,90,223850.0,0.061645,55689.07224,68954.57413365664,62356.77699415835,23.82065522026847,11.973093617762064,69090.33656033938,62045.05319697858
1020,90,223860.0,0.0879955,134332.1282,169958.37811535387,154608.36466127264,26.52101950049643,15.094107964316935,168321.72277796522,155212.85561460714
1021,90,223850.0,0.098646,181216.4179,225498.66870379803,209100.21518134454,24.436114187089906,15.38701493190951,224000.0173783519,208313.7139794921
1022,90,223850.0,0.110453,249437.8193,292143.6004274533,277607.27142898994,17.12081241220717,11.29317607411826,297223.8957560727,278742.85470742855
1023,90,223850.0,0.1377085,439975.7728,515004.1996411971,496358.0107511744,17.052854152335982,12.814850597876928,516081.75750300614,491993.73015610746
1024,90,251170.0,0.0122885,2077.915827,1467.0513627949147,1216.0277355049188,-29.397940776408802,-41.47848918112509,1470.7729792309522,1218.7666779403344
1025,90,251170.0,0.0138865,2638.247268,2023.531124263086,1639.5564360638766,-23.300171716008922,-37.854330185404116,1997.0015644831517,1669.9390541161351
1026,90,251170.0,0.015649,3386.191619,2642.4592979360464,2244.9803212496718,-21.96368087650015,-33.701911355133156,2692.828047378012,2271.89837694568
1027,90,251170.0,0.0176335,4332.108647,3677.1342998779187,3039.7151100255596,-15.119065575043999,-29.832897609099145,3630.2297431906263,3090.0772781596042
1028,90,251170.0,0.02189,6837.211727,6219.231077207037,5396.434001179306,-9.038489291659214,-21.07259191829755,6235.559893724937,5393.7678806412705
1029,90,251170.0,0.024538499999999998,8721.534736,8401.02034866647,7140.021650487815,-3.674976905274911,-18.133426436796164,8297.983922898804,7238.975121235363
1030,90,251170.0,0.031081499999999998,14470.24183,15170.56847287078,13151.782830245915,4.839771519359461,-9.11152014764971,14989.835509516688,13308.625611261756
1031,90,251170.0,0.0347765,18547.17624,19662.631035503116,17612.92213392273,6.014148898296745,-5.037177055892746,19853.936133381485,17775.008545363296
1032,90,251170.0,0.044315,31919.17006,35952.632060843054,33363.92427092374,12.636487707108804,4.52629002636335,36408.52001023835,33188.848069834516
1033,90,251170.0,0.0549475,55098.6931,62966.27915072961,58109.76361004535,14.279079245038604,5.464867387290818,62354.570247007454,57756.52980457981
1034,90,251170.0,0.06199,73174.08745,84059.39178954788,78237.40906004222,14.87590036156696,6.919555523670851,84313.8962852007,78799.90647930096
1035,90,251170.0,0.0693745,96402.16713,112944.53499433344,104740.01484613371,17.1597468779159,8.64902518725536,111733.88694954418,105304.10944157104
1036,90,251170.0,0.07831199999999999,128133.6345,148834.94579160344,143813.79328367533,16.15603223336605,12.237348019403392,151304.94528433526,143888.5435300841
1037,90,251170.0,0.08793100000000001,171863.9905,203926.1690173458,194604.14003065674,18.655553396652788,13.231480000260277,202176.27304916858,193929.49665488905
1038,90,251170.0,0.09822449999999999,234430.3556,265934.5190238538,259905.0260201727,13.438602412738826,10.866626190525935,266694.10715660057,257929.76715274603
1039,90,281860.0,0.013277,3243.681288,2141.2008394530667,1860.0433142539562,-33.98855653992765,-42.65640952040551,2148.4078544287445,1862.7952065456664
1040,90,281850.0,0.012458,2854.831757,1857.9636018933109,1551.4591675917673,-34.9186305869824,-45.65497025218333,1831.942631152191,1580.8810483326924
1041,90,281850.0,0.0156625,4527.587523,3295.485571764268,2885.9484876079837,-27.213211119093632,-36.258582016416966,3248.083352751156,2851.0535012179544
1042,90,281850.0,0.0174645,5672.472447,4232.011958188686,3830.6119906019203,-25.39387369916853,-32.47015254119364,4265.324720729036,3774.387372457446
1043,90,281850.0,0.0195435,7177.279865,5603.01031462338,5112.217164902957,-21.93406945232197,-28.77221926606652,5651.421256050309,5042.9369578973465
1044,90,281850.0,0.021933,9120.733192,7429.233473136125,6715.30953155803,-18.545655083382186,-26.373139196219668,7542.048816172562,6787.964776402491
1045,90,281850.0,0.027713500000000002,15000.41993,13717.120685575856,12249.225922356562,-8.555088793598491,-18.34077992804191,13541.292252705794,12401.18955735192
1046,90,281860.0,0.035116999999999995,25046.69085,24181.223604214796,23000.351978105733,-3.455415531609849,-8.170096737127515,24487.230193568772,22824.055938675356
1047,90,281860.0,0.039417999999999995,32107.62901,33101.51773561156,30446.66336822481,3.0954908732189796,-5.173118330406392,32694.535958511915,30736.808927137838
1048,90,281860.0,0.0441205,42962.83211,43865.98440579649,41354.71050375233,2.1021712290383836,-3.7430530699892306,43344.10869380741,41091.554662698705
1049,90,281850.0,0.0489215,54683.97476,55296.72516787835,53847.86508919187,1.1205301197793787,-1.5289848158947619,56122.42224051407,53615.29510433162
1050,90,281860.0,0.055346,72754.56115,76087.27293335635,73127.84399886958,4.5807599285565255,0.5130714046916925,76423.37777373537,73683.07035342188
1051,90,281860.0,0.069886,127074.9846,134643.70147039252,134478.58626651677,5.956102921607222,5.826167667713233,136984.99030326155,134383.49986817682
1052,90,281850.0,0.078039,163416.7829,177308.22500837466,178480.77488527942,8.500621455065172,9.218142542004127,180526.2639241566,178554.5061345037
1053,90,281850.0,0.0877405,224289.0,244740.0533931655,240744.38502616613,9.118170482353346,7.336688391390629,242022.25305773638,241473.2555942742
1054,90,281860.0,0.097036,287415.678,314526.6463055165,313635.19901281444,9.43266856358353,9.122508972114744,311381.43064044154,313013.4958404129
1055,90,316230.0,0.0140155,4806.866695,3003.68561926944,2634.3431438444063,-37.512608319390054,-45.19625130056979,2959.944925635255,2680.539312443046
1056,90,316230.0,0.0194905,9438.850999,6643.7569047014695,6198.910867436387,-29.612651948787594,-34.32557767790666,6754.353755632375,6268.5873044550535
1057,90,316230.0,0.0219405,12093.85559,9211.184945282583,8388.193712282153,-23.835828229179448,-30.64086428137883,9083.17166570966,8504.455242052802
1058,90,316230.0,0.0247075,15557.23073,12411.485513369602,11649.397663223452,-20.220470283083586,-25.1190789324788,12226.112656904912,11548.67805465816
1059,90,316230.0,0.027695499999999998,19778.73104,16066.404164866999,15343.824708767559,-18.76928741093291,-22.42260295801282,16267.876896662703,15497.470985831957
1060,90,316230.0,0.0313,25667.99566,21800.754205757246,21430.234396373646,-15.06639437480236,-16.50990330433286,22093.612005580468,21239.633958908584
1061,90,316230.0,0.0351775,33066.84625,29986.88658743597,28411.266662465336,-9.314343555107053,-14.079297288699452,29591.152548463884,28695.44934560956
1062,90,316230.0,0.039255,43155.12273,38606.26516820047,37732.2822496954,-10.540712837869687,-12.565925288250476,38933.619177033455,38064.2253571032
1063,90,316230.0,0.043650499999999995,54682.60835,50409.16008310031,49615.78105506815,-7.815004433488575,-9.265884433495296,50774.47209189072,50033.91991922025
1064,90,316230.0,0.0490625,71443.96818,67622.15780682361,67075.47462218598,-5.349381439098536,-6.114572957100847,68020.55811278688,67613.45173066256
1065,90,316230.0,0.055429,94691.42506,90725.44107229661,92874.9578770796,-4.188324323126816,-1.9183016643475441,92300.99206723242,92584.57786678626
1066,90,316230.0,0.0621645,123821.8119,124558.07114513905,124847.9023028136,0.5946119135566065,0.8286830785857683,122973.56302273597,124407.57906573078
1067,90,316230.0,0.069939,163722.3468,167174.11283982714,167793.90319446463,2.108304765533168,2.4868666214749298,165138.6023391809,168534.36062762074
