split,eventid,gname
train_2015,201501010017,United Baloch Army (UBA)
train_2015,201501010077,Al-Qaida in the Arabian Peninsula (AQAP)
train_2015,201501020046,Al-Shabaab
train_2015,201501020047,Al-Shabaab
train_2015,201501020079,Al-Qaida in the Arabian Peninsula (AQAP)
train_2015,201501030043,Al-Qaida in the Arabian Peninsula (AQAP)
train_2015,201501030076,Boko Haram
train_2015,201501030077,Boko Haram
train_2015,201501030078,Boko Haram
train_2015,201501030079,Boko Haram
train_2015,201501030080,Boko Haram
train_2015,201501030081,Boko Haram
train_2015,201501030086,Al-Nusrah Front
train_2015,201501030089,Al-Qaida in the Arabian Peninsula (AQAP)
train_2015,201501040010,Sinai Province of the Islamic State
train_2015,201501040011,Al-Qaida in the Arabian Peninsula (AQAP)
train_2015,201501040014,Al-Shabaab
train_2015,201501040032,Al-Shabaab
train_2015,201501040084,Popular Resistance Movement (Egypt)
train_2015,201501040091,Sinai Province of the Islamic State
train_2015,201501040093,Sinai Province of the Islamic State
train_2015,201501050014,Sinai Province of the Islamic State
train_2015,201501050047,Al-Qaida in the Arabian Peninsula (AQAP)
train_2015,201501050053,Barqa Province of the Islamic State
train_2015,201501060006,Al-Qaida in the Arabian Peninsula (AQAP)
train_2015,201501060028,Al-Shabaab
train_2015,201501070001,Al-Qaida in the Arabian Peninsula (AQAP)
train_2015,201501070031,Balochistan Liberation United Front (BLUF)
train_2015,201501080004,United Baloch Army (UBA)
train_2015,201501080005,Balochistan Liberation United Front (BLUF)
train_2015,201501080007,Baloch Liberation Front (BLF)
train_2015,201501080010,Al-Nusrah Front
train_2015,201501080011,Al-Nusrah Front
train_2015,201501080044,Al-Shabaab
train_2015,201501090004,Baloch Liberation Front (BLF)
train_2015,201501100025,Al-Shabaab
train_2015,201501100056,Al-Shabaab
train_2015,201501110001,Baloch Liberation Army (BLA)
train_2015,201501110003,Sinai Province of the Islamic State
train_2015,201501110019,United Baloch Army (UBA)
train_2015,201501110046,Al-Qaida in the Arabian Peninsula (AQAP)
train_2015,201501110047,Al-Qaida in the Arabian Peninsula (AQAP)
train_2015,201501140036,Al-Shabaab
train_2015,201501140082,Sudan People's Liberation Movement - North
train_2015,201501150035,Al-Shabaab
train_2015,201501150037,Popular Resistance Movement (Egypt)
train_2015,201501150106,Lashkar-e-Balochistan
train_2015,201501160007,Baloch Liberation Army (BLA)
train_2015,201501170021,United Baloch Army (UBA)
train_2015,201501170022,Houthi extremists (Ansar Allah)
train_2015,201501170063,Al-Nusrah Front
train_2015,201501180022,Al-Qaida in the Arabian Peninsula (AQAP)
train_2015,201501180032,Sinai Province of the Islamic State
train_2015,201501180058,Kurdistan Workers' Party (PKK)
train_2015,201501180059,Kurdistan Workers' Party (PKK)
train_2015,201501180060,Kurdistan Workers' Party (PKK)
train_2015,201501190007,Al-Shabaab
train_2015,201501190010,Houthi extremists (Ansar Allah)
train_2015,201501200005,Balochistan Liberation United Front (BLUF)
train_2015,201501200006,Balochistan Liberation United Front (BLUF)
train_2015,201501200007,Balochistan Liberation United Front (BLUF)
train_2015,201501210006,Al-Shabaab
train_2015,201501220012,Ajnad Misr
train_2015,201501220013,Al-Shabaab
train_2015,201501230008,United Baloch Army (UBA)
train_2015,201501230013,Ajnad Misr
train_2015,201501250001,Paraguayan People's Army (EPP)
train_2015,201501250020,Ajnad Misr
train_2015,201501250021,Ajnad Misr
train_2015,201501260009,Al-Qaida in the Arabian Peninsula (AQAP)
train_2015,201501270051,Al-Qaida in the Arabian Peninsula (AQAP)
train_2015,201501270088,Popular Resistance Movement (Egypt)
train_2015,201501280001,Baloch Liberation Front (BLF)
train_2015,201501280003,Baloch Liberation Army (BLA)
train_2015,201501280008,Al-Shabaab
train_2015,201501290007,Sinai Province of the Islamic State
train_2015,201501290008,Sinai Province of the Islamic State
train_2015,201501290009,Sinai Province of the Islamic State
train_2015,201501290010,Sinai Province of the Islamic State
train_2015,201501290017,Sinai Province of the Islamic State
train_2015,201501300025,Al-Qaida in the Arabian Peninsula (AQAP)
train_2015,201501310043,New People's Army (NPA)
train_2015,201502010028,Al-Nusrah Front
train_2015,201502010040,Al-Qaida in the Arabian Peninsula (AQAP)
train_2015,201502010041,Al-Qaida in the Arabian Peninsula (AQAP)
train_2015,201502010042,Al-Qaida in the Arabian Peninsula (AQAP)
train_2015,201502010115,Sinai Province of the Islamic State
train_2015,201502020049,New People's Army (NPA)
train_2015,201502020102,Algeria Province of the Islamic State
train_2015,201502030009,Popular Resistance Movement (Egypt)
train_2015,201502030020,Lashkar-e-Jhangvi
train_2015,201502030031,Popular Resistance Movement (Egypt)
train_2015,201502030035,Al-Qaida in the Arabian Peninsula (AQAP)
train_2015,201502030036,Popular Resistance Movement (Egypt)
train_2015,201502040028,Al-Qaida in the Arabian Peninsula (AQAP)
train_2015,201502050006,Baloch Liberation Front (BLF)
train_2015,201502050008,Baloch Liberation Front (BLF)
train_2015,201502060004,Barqa Province of the Islamic State
train_2015,201502060010,Baloch Liberation Front (BLF)
train_2015,201502060098,Al-Qaida in the Arabian Peninsula (AQAP)
train_2015,201502070014,Al-Shabaab
train_2015,201502080002,United National Liberation Front (UNLF)
train_2015,201502080010,Al-Shabaab
train_2015,201502080020,Sudan People's Liberation Movement - North
train_2015,201502090016,Al-Shabaab
train_2015,201502090093,Sinai Province of the Islamic State
train_2015,201502100011,Al-Shabaab
train_2015,201502100063,Baloch Liberation Front (BLF)
train_2015,201502110115,Popular Resistance Movement (Egypt)
train_2015,201502120005,Al-Qaida in the Arabian Peninsula (AQAP)
train_2015,201502130004,Al-Qaida in the Arabian Peninsula (AQAP)
train_2015,201502130017,Ajnad Misr
train_2015,201502130018,New People's Army (NPA)
train_2015,201502140008,Al-Shabaab
train_2015,201502140037,Boko Haram
train_2015,201502140038,Boko Haram
train_2015,201502140039,Boko Haram
train_2015,201502140040,Boko Haram
train_2015,201502160008,Al-Shabaab
train_2015,201502160030,Oglaigh na hEireann
train_2015,201502170016,Al-Qaida in the Arabian Peninsula (AQAP)
train_2015,201502170017,Baloch Liberation Front (BLF)
train_2015,201502180010,Al-Shabaab
train_2015,201502180026,Al-Nusrah Front
train_2015,201502180065,Paraguayan People's Army (EPP)
train_2015,201502190040,New People's Army (NPA)
train_2015,201502190041,New People's Army (NPA)
train_2015,201502200001,Barqa Province of the Islamic State
train_2015,201502200002,Barqa Province of the Islamic State
train_2015,201502200003,Barqa Province of the Islamic State
train_2015,201502200009,Al-Shabaab
train_2015,201502200017,Al-Qaida in the Arabian Peninsula (AQAP)
train_2015,201502210017,Barqa Province of the Islamic State
train_2015,201502210051,Al-Nusrah Front
train_2015,201502220015,Baloch Liberation Army (BLA)
train_2015,201502230065,Al-Shabaab
train_2015,201502230068,Al-Nusrah Front
train_2015,201502240027,Al-Qaida in the Arabian Peninsula (AQAP)
train_2015,201502240032,Baloch Liberation Army (BLA)
train_2015,201502250001,Baloch Liberation Army (BLA)
train_2015,201502260001,Al-Shabaab
train_2015,201502260004,Baloch Liberation Front (BLF)
train_2015,201502260011,Al-Shabaab
train_2015,201502260013,Popular Resistance Movement (Egypt)
train_2015,201502260014,Popular Resistance Movement (Egypt)
train_2015,201502260015,Popular Resistance Movement (Egypt)
train_2015,201502260016,Popular Resistance Movement (Egypt)
train_2015,201502260017,Popular Resistance Movement (Egypt)
train_2015,201502270018,Al-Qaida in the Arabian Peninsula (AQAP)
train_2015,201502280005,Al-Shabaab
train_2015,201502280007,Al-Shabaab
train_2015,201502280024,Al-Shabaab
train_2015,201503010132,United Baloch Army (UBA)
train_2015,201503010157,Houthi extremists (Ansar Allah)
train_2015,201503030024,Al-Shabaab
train_2015,201503030043,Al-Qaida in the Arabian Peninsula (AQAP)
train_2015,201503030044,Al-Qaida in the Arabian Peninsula (AQAP)
train_2015,201503030047,Al-Qaida in the Arabian Peninsula (AQAP)
train_2015,201503060041,Algeria Province of the Islamic State
train_2015,201503080014,New People's Army (NPA)
train_2015,201503080017,New People's Army (NPA)
train_2015,201503080084,Al-Qaida in the Arabian Peninsula (AQAP)
train_2015,201503090017,Popular Resistance Movement (Egypt)
train_2015,201503090033,Al-Qaida in the Arabian Peninsula (AQAP)
train_2015,201503100005,Sinai Province of the Islamic State
train_2015,201503100006,Sinai Province of the Islamic State
train_2015,201503100024,Al-Qaida in the Arabian Peninsula (AQAP)
train_2015,201503110009,Sinai Province of the Islamic State
train_2015,201503110012,Barqa Province of the Islamic State
train_2015,201503110024,Al-Shabaab
train_2015,201503110062,Al-Nusrah Front
train_2015,201503120014,Sudan People's Liberation Movement - North
train_2015,201503120015,Sudan People's Liberation Movement - North
train_2015,201503120016,Sudan People's Liberation Movement - North
train_2015,201503120017,Al-Shabaab
train_2015,201503120028,Al-Qaida in the Arabian Peninsula (AQAP)
train_2015,201503130009,Al-Shabaab
train_2015,201503130010,Lashkar-e-Balochistan
train_2015,201503150010,Al-Shabaab
train_2015,201503170017,Al-Shabaab
train_2015,201503180026,New People's Army (NPA)
train_2015,201503180027,New People's Army (NPA)
train_2015,201503180032,Al-Qaida in the Arabian Peninsula (AQAP)
train_2015,201503190013,Al-Shabaab
train_2015,201503190014,Al-Shabaab
train_2015,201503190020,Al-Shabaab
train_2015,201503190022,Barqa Province of the Islamic State
train_2015,201503190023,Al-Qaida in the Arabian Peninsula (AQAP)
train_2015,201503200005,Sanaa Province of the Islamic State
train_2015,201503200010,Sanaa Province of the Islamic State
train_2015,201503200011,Sanaa Province of the Islamic State
train_2015,201503200012,Sanaa Province of the Islamic State
train_2015,201503200013,Sanaa Province of the Islamic State
train_2015,201503200020,Khorasan Chapter of the Islamic State
train_2015,201503200022,Al-Shabaab
train_2015,201503200071,Houthi extremists (Ansar Allah)
train_2015,201503210061,Al-Qaida in the Arabian Peninsula (AQAP)
train_2015,201503210064,Sudan People's Liberation Movement - North
train_2015,201503220019,Al-Shabaab
train_2015,201503220033,Al-Nusrah Front
train_2015,201503230005,Al-Shabaab
train_2015,201503230034,Baloch Liberation Front (BLF)
train_2015,201503230042,Sudan People's Liberation Movement in Opposition (SPLM-IO)
train_2015,201503240030,Sinai Province of the Islamic State
train_2015,201503240035,Baloch Liberation Army (BLA)
train_2015,201503240099,Paraguayan People's Army (EPP)
train_2015,201503250018,Al-Shabaab
train_2015,201503250084,Houthi extremists (Ansar Allah)
train_2015,201503260002,Al-Shabaab
train_2015,201503260022,New People's Army (NPA)
train_2015,201503270008,Al-Shabaab
train_2015,201503270029,United Liberation Front of Assam (ULFA)
train_2015,201503280016,Ajnad Misr
train_2015,201503280027,New People's Army (NPA)
train_2015,201503280036,Sudan People's Liberation Movement - North
train_2015,201503290016,New People's Army (NPA)
train_2015,201503290020,Baloch Liberation Front (BLF)
train_2015,201503290025,Bangsamoro Islamic Freedom Movement (BIFM)
train_2015,201503300040,Al-Shabaab
train_2015,201504020007,Sinai Province of the Islamic State
train_2015,201504020008,Sinai Province of the Islamic State
train_2015,201504020009,Sinai Province of the Islamic State
train_2015,201504020010,Sinai Province of the Islamic State
train_2015,201504020011,Sinai Province of the Islamic State
train_2015,201504020031,Al-Shabaab
train_2015,201504030016,Al-Qaida in the Arabian Peninsula (AQAP)
train_2015,201504030045,Baloch Liberation Front (BLF)
train_2015,201504040026,Khorasan Chapter of the Islamic State
train_2015,201504040059,National Socialist Council of Nagaland-Isak-Muivah (NSCN-IM)
train_2015,201504050016,Ajnad Misr
train_2015,201504060029,Al-Shabaab
train_2015,201504060030,Al-Shabaab
train_2015,201504060031,Al-Shabaab
train_2015,201504060041,Baloch Liberation Front (BLF)
train_2015,201504070003,Al-Shabaab
train_2015,201504070005,Lashkar-e-Balochistan
train_2015,201504080007,Sinai Province of the Islamic State
train_2015,201504080008,Sinai Province of the Islamic State
train_2015,201504080009,Sinai Province of the Islamic State
train_2015,201504080046,Al-Qaida in the Arabian Peninsula (AQAP)
train_2015,201504110013,Baloch Liberation Front (BLF)
train_2015,201504120007,Sinai Province of the Islamic State
train_2015,201504120009,Sinai Province of the Islamic State
train_2015,201504130014,Sinai Province of the Islamic State
train_2015,201504130015,Sinai Province of the Islamic State
train_2015,201504130060,Al-Shabaab
train_2015,201504130076,New People's Army (NPA)
train_2015,201504130086,Al-Qaida in the Arabian Peninsula (AQAP)
train_2015,201504140001,Al-Shabaab
train_2015,201504140008,New People's Army (NPA)
train_2015,201504140057,Sinai Province of the Islamic State
train_2015,201504150035,Revolutionary Armed Forces of Colombia (FARC)
train_2015,201504150096,Lashkar-e-Balochistan
train_2015,201504160002,Sinai Province of the Islamic State
train_2015,201504160003,Sinai Province of the Islamic State
train_2015,201504160005,Bangsamoro Islamic Freedom Movement (BIFM)
train_2015,201504160034,Khorasan Chapter of the Islamic State
train_2015,201504160038,Baloch Liberation Front (BLF)
train_2015,201504160044,Sudan People's Liberation Movement - North
train_2015,201504160075,Al-Qaida in the Arabian Peninsula (AQAP)
train_2015,201504170003,Bangsamoro Islamic Freedom Movement (BIFM)
train_2015,201504180007,Khorasan Chapter of the Islamic State
train_2015,201504180018,Al-Shabaab
train_2015,201504180020,Al-Shabaab
train_2015,201504190003,Bangsamoro Islamic Freedom Movement (BIFM)
train_2015,201504190004,Bangsamoro Islamic Freedom Movement (BIFM)
train_2015,201504190008,Al-Shabaab
train_2015,201504200002,Bangsamoro Islamic Freedom Movement (BIFM)
train_2015,201504200013,Al-Shabaab
train_2015,201504200018,Sinai Province of the Islamic State
train_2015,201504210005,Baloch Liberation Front (BLF)
train_2015,201504210010,Al-Shabaab
train_2015,201504220076,Sinai Province of the Islamic State
train_2015,201504230009,Al-Nusrah Front
train_2015,201504230015,Al-Shabaab
train_2015,201504250021,Al-Shabaab
train_2015,201504250024,Al-Shabaab
train_2015,201504260028,Al-Shabaab
train_2015,201504260029,Al-Shabaab
train_2015,201504260047,Al-Shabaab
train_2015,201504260057,Sinai Province of the Islamic State
train_2015,201504270001,Barqa Province of the Islamic State
train_2015,201504270046,New People's Army (NPA)
train_2015,201504270057,The New Irish Republican Army
train_2015,201504280016,Al-Shabaab
train_2015,201504280048,Coordination of Azawad Movements (CMA)
train_2015,201504290033,Coordination of Azawad Movements (CMA)
train_2015,201504300046,Baloch Liberation Front (BLF)
train_2015,201504300052,Coordination of Azawad Movements (CMA)
train_2015,201504300059,Hadramawt Province of the Islamic State
train_2015,201504300067,Al-Shabaab
train_2015,201504300068,Al-Shabaab
train_2015,201505030010,Halqa-e-Mehsud
train_2015,201505040001,Al-Nusrah Front
train_2015,201505040002,Al-Nusrah Front
train_2015,201505040004,Abu Sayyaf Group (ASG)
train_2015,201505040005,Sinai Province of the Islamic State
train_2015,201505040007,Al-Shabaab
train_2015,201505040041,Al-Shabaab
train_2015,201505040043,Al-Shabaab
train_2015,201505040045,Al-Nusrah Front
train_2015,201505040046,Al-Nusrah Front
train_2015,201505040070,Al-Nusrah Front
train_2015,201505040071,Al-Nusrah Front
train_2015,201505040072,Al-Nusrah Front
train_2015,201505040073,Al-Nusrah Front
train_2015,201505040074,Al-Nusrah Front
train_2015,201505040075,Al-Nusrah Front
train_2015,201505050051,Baloch Liberation Army (BLA)
train_2015,201505050098,Sinai Province of the Islamic State
train_2015,201505050102,Coordination of Azawad Movements (CMA)
train_2015,201505060005,Al-Shabaab
train_2015,201505060006,Al-Shabaab
train_2015,201505060070,Al-Shabaab
train_2015,201505060078,Houthi extremists (Ansar Allah)
train_2015,201505060079,Houthi extremists (Ansar Allah)
train_2015,201505070079,Al-Shabaab
train_2015,201505080001,Sinai Province of the Islamic State
train_2015,201505080003,Barqa Province of the Islamic State
train_2015,201505080005,Al-Shabaab
train_2015,201505100068,Al-Qaida in the Arabian Peninsula (AQAP)
train_2015,201505110009,Barqa Province of the Islamic State
train_2015,201505110013,Houthi extremists (Ansar Allah)
train_2015,201505110014,Houthi extremists (Ansar Allah)
train_2015,201505110057,Al-Shabaab
train_2015,201505120003,Barqa Province of the Islamic State
train_2015,201505120055,Houthi extremists (Ansar Allah)
train_2015,201505120066,New People's Army (NPA)
train_2015,201505130026,Sinai Province of the Islamic State
train_2015,201505130068,Halqa-e-Mehsud
train_2015,201505140037,Abu Sayyaf Group (ASG)
train_2015,201505140038,Al-Shabaab
train_2015,201505140039,Al-Shabaab
train_2015,201505140074,Khorasan Chapter of the Islamic State
train_2015,201505160027,Sinai Province of the Islamic State
train_2015,201505160056,Sudan People's Liberation Movement in Opposition (SPLM-IO)
train_2015,201505170025,Houthi extremists (Ansar Allah)
train_2015,201505190001,Barqa Province of the Islamic State
train_2015,201505190059,Al-Shabaab
train_2015,201505200021,Ansar al-Dine (Mali)
train_2015,201505200081,Sudan People's Liberation Movement in Opposition (SPLM-IO)
train_2015,201505220002,Sanaa Province of the Islamic State
train_2015,201505220007,Baloch Liberation Army (BLA)
train_2015,201505220020,Sinai Province of the Islamic State
train_2015,201505220021,Al-Shabaab
train_2015,201505220064,Sinai Province of the Islamic State
train_2015,201505220065,New People's Army (NPA)
train_2015,201505220075,Sudan People's Liberation Movement in Opposition (SPLM-IO)
train_2015,201505220076,Sudan People's Liberation Movement in Opposition (SPLM-IO)
train_2015,201505220082,Coordination of Azawad Movements (CMA)
train_2015,201505220086,Al-Nusrah Front
train_2015,201505230005,Al-Shabaab
train_2015,201505230006,Al-Shabaab
train_2015,201505230007,Al-Shabaab
train_2015,201505230008,Al-Shabaab
train_2015,201505230009,Al-Shabaab
train_2015,201505230012,Al-Shabaab
train_2015,201505240002,Khorasan Chapter of the Islamic State
train_2015,201505240003,Baloch Liberation Army (BLA)
train_2015,201505250006,Lashkar-e-Jhangvi
train_2015,201505250007,Lashkar-e-Jhangvi
train_2015,201505250008,Lashkar-e-Jhangvi
train_2015,201505250027,Al-Shabaab
train_2015,201505250068,New People's Army (NPA)
train_2015,201505250126,Al-Shabaab
train_2015,201505260019,Al-Shabaab
train_2015,201505270031,Sinai Province of the Islamic State
train_2015,201505290002,United Baloch Army (UBA)
train_2015,201505290034,New People's Army (NPA)
train_2015,201505300001,Houthi extremists (Ansar Allah)
train_2015,201505300019,Houthi extremists (Ansar Allah)
train_2015,201505300061,Al-Qaida in the Arabian Peninsula (AQAP)
train_2015,201505300078,Al-Qaida in the Arabian Peninsula (AQAP)
train_2015,201506020086,Sudan People's Liberation Movement - North
train_2015,201506030015,Sinai Province of the Islamic State
train_2015,201506050009,Lashkar-e-Balochistan
train_2015,201506060022,Al-Nusrah Front
train_2015,201506060023,Al-Nusrah Front
train_2015,201506060025,Al-Nusrah Front
train_2015,201506060026,Al-Nusrah Front
train_2015,201506060027,Al-Nusrah Front
train_2015,201506060028,Al-Nusrah Front
train_2015,201506060030,Al-Nusrah Front
train_2015,201506060077,Houthi extremists (Ansar Allah)
train_2015,201506060078,Baloch Liberation Front (BLF)
train_2015,201506070017,Al-Shabaab
train_2015,201506080009,Halqa-e-Mehsud
train_2015,201506080017,New People's Army (NPA)
train_2015,201506090001,Sinai Province of the Islamic State
train_2015,201506090002,Sinai Province of the Islamic State
train_2015,201506090013,Sinai Province of the Islamic State
train_2015,201506090072,Southern Front
train_2015,201506100005,Sinai Province of the Islamic State
train_2015,201506100021,Al-Nusrah Front
train_2015,201506100068,Al-Qaida in the Arabian Peninsula (AQAP)
train_2015,201506100076,New People's Army (NPA)
train_2015,201506100078,Al-Shabaab
train_2015,201506100080,New People's Army (NPA)
train_2015,201506110031,Southern Front
train_2015,201506110032,Southern Front
train_2015,201506110039,Al-Qaida in the Arabian Peninsula (AQAP)
train_2015,201506110057,Ansar al-Dine (Mali)
train_2015,201506130012,Baloch Liberation Army (BLA)
train_2015,201506130013,Baloch Liberation Army (BLA)
train_2015,201506130016,Baloch Liberation Front (BLF)
train_2015,201506130040,Al-Shabaab
train_2015,201506140009,Al-Shabaab
train_2015,201506140014,New People's Army (NPA)
train_2015,201506150008,Baloch Liberation Front (BLF)
train_2015,201506150029,Boko Haram
train_2015,201506150030,Boko Haram
train_2015,201506150043,Bangsamoro Islamic Freedom Movement (BIFM)
train_2015,201506160028,Al-Shabaab
train_2015,201506160033,Bangsamoro Islamic Freedom Movement (BIFM)
train_2015,201506170024,Sanaa Province of the Islamic State
train_2015,201506170025,Sanaa Province of the Islamic State
train_2015,201506170026,Sanaa Province of the Islamic State
train_2015,201506170027,Sanaa Province of the Islamic State
train_2015,201506170028,Sanaa Province of the Islamic State
train_2015,201506170030,Al-Qaida in the Arabian Peninsula (AQAP)
train_2015,201506180009,Al-Shabaab
train_2015,201506180010,Al-Shabaab
train_2015,201506180018,New People's Army (NPA)
train_2015,201506190028,Al-Shabaab
train_2015,201506190034,Barqa Province of the Islamic State
train_2015,201506200010,Al-Shabaab
train_2015,201506200013,Sanaa Province of the Islamic State
train_2015,201506210011,Al-Shabaab
train_2015,201506210015,Al-Shabaab
train_2015,201506210016,Al-Shabaab
train_2015,201506210033,Sinai Province of the Islamic State
train_2015,201506220010,Al-Shabaab
train_2015,201506220011,Al-Shabaab
train_2015,201506220020,Bangsamoro Islamic Freedom Movement (BIFM)
train_2015,201506220031,Sinai Province of the Islamic State
train_2015,201506220033,Sinai Province of the Islamic State
train_2015,201506230011,Al-Shabaab
train_2015,201506240010,Al-Shabaab
train_2015,201506240048,Al-Shabaab
train_2015,201506240049,Sanaa Province of the Islamic State
train_2015,201506250005,Southern Front
train_2015,201506250070,Southern Front
train_2015,201506260012,Al-Shabaab
train_2015,201506260013,Al-Shabaab
train_2015,201506260014,Lashkar-e-Balochistan
train_2015,201506270020,Al-Shabaab
train_2015,201506280008,Al-Shabaab
train_2015,201506280043,Baloch Liberation Front (BLF)
train_2015,201506280044,Baloch Liberation Front (BLF)
train_2015,201506280053,Ansar al-Dine (Mali)
train_2015,201506280114,Khorasan Chapter of the Islamic State
train_2015,201506290029,Sanaa Province of the Islamic State
train_2015,201506290059,Sudan People's Liberation Movement in Opposition (SPLM-IO)
train_2015,201506300126,Bangsamoro Islamic Freedom Movement (BIFM)
train_2015,201507010036,Al-Shabaab
train_2015,201507030036,Barqa Province of the Islamic State
train_2015,201507030037,Barqa Province of the Islamic State
train_2015,201507030038,Barqa Province of the Islamic State
train_2015,201507030039,Shura Council of Benghazi Revolutionaries
train_2015,201507030040,Shura Council of Benghazi Revolutionaries
train_2015,201507030091,Houthi extremists (Ansar Allah)
train_2015,201507030092,Houthi extremists (Ansar Allah)
train_2015,201507030096,Garo National Liberation Army
train_2015,201507030102,Sinai Province of the Islamic State
train_2015,201507040011,Baloch Liberation Front (BLF)
train_2015,201507040072,Halqa-e-Mehsud
train_2015,201507050053,New People's Army (NPA)
train_2015,201507050063,Al-Shabaab
train_2015,201507050076,Bangsamoro Islamic Freedom Movement (BIFM)
train_2015,201507050088,Sinai Province of the Islamic State
train_2015,201507050090,Sinai Province of the Islamic State
train_2015,201507060086,Al-Shabaab
train_2015,201507060092,Al-Nusrah Front
train_2015,201507060105,Sudan People's Liberation Movement in Opposition (SPLM-IO)
train_2015,201507070064,Al-Shabaab
train_2015,201507070065,Al-Shabaab
train_2015,201507070077,Sanaa Province of the Islamic State
train_2015,201507070078,Sanaa Province of the Islamic State
train_2015,201507090048,Sinai Province of the Islamic State
train_2015,201507100047,Al-Shabaab
train_2015,201507100048,Al-Shabaab
train_2015,201507100049,Al-Shabaab
train_2015,201507110008,New People's Army (NPA)
train_2015,201507110021,Boko Haram
train_2015,201507110030,Boko Haram
train_2015,201507110032,New People's Army (NPA)
train_2015,201507120046,New People's Army (NPA)
train_2015,201507130004,Barqa Province of the Islamic State
train_2015,201507130015,Al-Shabaab
train_2015,201507130018,Al-Shabaab
train_2015,201507140033,Sanaa Province of the Islamic State
train_2015,201507140035,Al-Shabaab
train_2015,201507140036,Al-Shabaab
train_2015,201507140044,Sinai Province of the Islamic State
train_2015,201507150004,Baloch Liberation Front (BLF)
train_2015,201507150019,Sinai Province of the Islamic State
train_2015,201507160007,New People's Army (NPA)
train_2015,201507160011,New People's Army (NPA)
train_2015,201507160019,Sinai Province of the Islamic State
train_2015,201507160023,Ajnad Misr
train_2015,201507170013,Lashkar-e-Jhangvi
train_2015,201507170081,Khorasan Chapter of the Islamic State
train_2015,201507190019,Sinai Province of the Islamic State
train_2015,201507190020,Sinai Province of the Islamic State
train_2015,201507200008,Sanaa Province of the Islamic State
train_2015,201507200013,New People's Army (NPA)
train_2015,201507200014,New People's Army (NPA)
train_2015,201507210014,Al-Shabaab
train_2015,201507220002,Kurdistan Workers' Party (PKK)
train_2015,201507220004,Kurdistan Workers' Party (PKK)
train_2015,201507220015,Sinai Province of the Islamic State
train_2015,201507220016,Sinai Province of the Islamic State
train_2015,201507220025,Kurdistan Workers' Party (PKK)
train_2015,201507220086,Sinai Province of the Islamic State
train_2015,201507230011,Sinai Province of the Islamic State
train_2015,201507240003,Kurdistan Workers' Party (PKK)
train_2015,201507240004,Kurdistan Workers' Party (PKK)
train_2015,201507250001,Al-Shabaab
train_2015,201507250002,Al-Shabaab
train_2015,201507250005,Kurdistan Workers' Party (PKK)
train_2015,201507250025,Garo National Liberation Army
train_2015,201507250042,Sinai Province of the Islamic State
train_2015,201507260001,Al-Shabaab
train_2015,201507260013,Lashkar-e-Balochistan
train_2015,201507260017,Kurdistan Workers' Party (PKK)
train_2015,201507260018,Sinai Province of the Islamic State
train_2015,201507260019,Sinai Province of the Islamic State
train_2015,201507260033,Kurdistan Workers' Party (PKK)
train_2015,201507270009,Kurdistan Workers' Party (PKK)
train_2015,201507270010,Kurdistan Workers' Party (PKK)
train_2015,201507270044,Kurdistan Workers' Party (PKK)
train_2015,201507270050,Houthi extremists (Ansar Allah)
train_2015,201507270051,Houthi extremists (Ansar Allah)
train_2015,201507280016,Al-Nusrah Front
train_2015,201507280058,Sinai Province of the Islamic State
train_2015,201507290010,Sanaa Province of the Islamic State
train_2015,201507290038,Islamic State in Egypt
train_2015,201507290051,Kurdistan Workers' Party (PKK)
train_2015,201507300002,Al-Shabaab
train_2015,201507300011,Kurdistan Workers' Party (PKK)
train_2015,201507310009,Barqa Province of the Islamic State
train_2015,201507310020,Al-Nusrah Front
train_2015,201507310031,Kurdistan Workers' Party (PKK)
train_2015,201508010012,Kurdistan Workers' Party (PKK)
train_2015,201508010016,Kurdistan Workers' Party (PKK)
train_2015,201508010076,Sinai Province of the Islamic State
train_2015,201508010078,Oglaigh na hEireann
train_2015,201508020004,Kurdistan Workers' Party (PKK)
train_2015,201508020055,Kurdistan Workers' Party (PKK)
train_2015,201508020058,Al-Shabaab
train_2015,201508020109,Halqa-e-Mehsud
train_2015,201508030045,Al-Shabaab
train_2015,201508030050,Kurdistan Workers' Party (PKK)
train_2015,201508030125,Revolutionary Armed Forces of Colombia (FARC)
train_2015,201508040032,Barqa Province of the Islamic State
train_2015,201508040082,Kurdistan Workers' Party (PKK)
train_2015,201508060043,Hijaz Province of the Islamic State
train_2015,201508060108,Al-Qaida in the Arabian Peninsula (AQAP)
train_2015,201508080102,Paraguayan People's Army (EPP)
train_2015,201508090007,Barqa Province of the Islamic State
train_2015,201508090008,Sinai Province of the Islamic State
train_2015,201508090086,Al-Nusrah Front
train_2015,201508090087,Al-Nusrah Front
train_2015,201508100024,Khorasan Chapter of the Islamic State
train_2015,201508100027,Kurdistan Workers' Party (PKK)
train_2015,201508100106,Ajnad Misr
train_2015,201508110064,Al-Shabaab
train_2015,201508110077,Sanaa Province of the Islamic State
train_2015,201508120034,Tehrik al-Mojahedin
train_2015,201508140063,Kurdistan Workers' Party (PKK)
train_2015,201508140074,Kurdistan Workers' Party (PKK)
train_2015,201508140147,Barqa Province of the Islamic State
train_2015,201508150099,Kurdistan Workers' Party (PKK)
train_2015,201508150140,Al-Shabaab
train_2015,201508180023,Sudan People's Liberation Movement in Opposition (SPLM-IO)
train_2015,201508190006,Sinai Province of the Islamic State
train_2015,201508190027,Houthi extremists (Ansar Allah)
train_2015,201508200001,Al-Qaida in the Arabian Peninsula (AQAP)
train_2015,201508200002,Hadramawt Province of the Islamic State
train_2015,201508210027,Al-Shabaab
train_2015,201508220011,Al-Shabaab
train_2015,201508220025,Khorasan Chapter of the Islamic State
train_2015,201508220029,Al-Qaida in the Arabian Peninsula (AQAP)
train_2015,201508230021,Sinai Province of the Islamic State
train_2015,201508230047,Kurdistan Workers' Party (PKK)
train_2015,201508240023,Baloch Liberation Front (BLF)
train_2015,201508240026,Halqa-e-Mehsud
train_2015,201508250003,Baloch Liberation Front (BLF)
train_2015,201508250011,Halqa-e-Mehsud
train_2015,201508250044,Sinai Province of the Islamic State
train_2015,201508260036,Sinai Province of the Islamic State
train_2015,201508260044,Al-Shabaab
train_2015,201508260048,Halqa-e-Mehsud
train_2015,201508260091,Houthi extremists (Ansar Allah)
train_2015,201508270004,Al-Qaida in the Arabian Peninsula (AQAP)
train_2015,201508290009,Sanaa Province of the Islamic State
train_2015,201508290031,Halqa-e-Mehsud
train_2015,201508300001,Baloch Liberation Army (BLA)
train_2015,201508310040,Khorasan Chapter of the Islamic State
train_2015,201508310068,Paraguayan People's Army (EPP)
train_2015,201509010003,Baloch Liberation Front (BLF)
train_2015,201509010013,Al-Shabaab
train_2015,201509010014,Al-Shabaab
train_2015,201509010015,Al-Shabaab
train_2015,201509010034,Kurdistan Workers' Party (PKK)
train_2015,201509020023,Sanaa Province of the Islamic State
train_2015,201509020024,Sanaa Province of the Islamic State
train_2015,201509040031,Houthi extremists (Ansar Allah)
train_2015,201509040035,Al-Shabaab
train_2015,201509040038,Al-Nusrah Front
train_2015,201509040039,Al-Nusrah Front
train_2015,201509040065,Bangsamoro Islamic Freedom Movement (BIFM)
train_2015,201509040072,Paraguayan People's Army (EPP)
train_2015,201509050056,Sinai Province of the Islamic State
train_2015,201509050067,Al-Shabaab
train_2015,201509060014,Kurdistan Workers' Party (PKK)
train_2015,201509070025,Sinai Province of the Islamic State
train_2015,201509070050,Al-Nusrah Front
train_2015,201509070051,Barqa Province of the Islamic State
train_2015,201509080012,Kurdistan Workers' Party (PKK)
train_2015,201509080039,Al-Shabaab
train_2015,201509100002,Khorasan Chapter of the Islamic State
train_2015,201509100063,Kurdistan Workers' Party (PKK)
train_2015,201509100064,Al-Nusrah Front
train_2015,201509110027,Sinai Province of the Islamic State
train_2015,201509120013,Khorasan Chapter of the Islamic State
train_2015,201509120014,Baloch Liberation Front (BLF)
train_2015,201509120023,Baloch Liberation Front (BLF)
train_2015,201509130001,United Baloch Army (UBA)
train_2015,201509130029,Al-Shabaab
train_2015,201509130032,New People's Army (NPA)
train_2015,201509130037,Halqa-e-Mehsud
train_2015,201509130062,Sudan People's Liberation Movement in Opposition (SPLM-IO)
train_2015,201509140013,Baloch Liberation Front (BLF)
train_2015,201509140051,Al-Shabaab
train_2015,201509140071,Hindu Morcha Nepal
train_2015,201509140072,Hindu Morcha Nepal
train_2015,201509140073,Hindu Morcha Nepal
train_2015,201509150059,Hindu Morcha Nepal
train_2015,201509160001,Al-Shabaab
train_2015,201509160004,Sinai Province of the Islamic State
train_2015,201509160034,Al-Shabaab
train_2015,201509170035,Al-Shabaab
train_2015,201509170042,Al-Qaida in the Arabian Peninsula (AQAP)
train_2015,201509170045,Al-Qaida in the Arabian Peninsula (AQAP)
train_2015,201509180004,Abu Sayyaf Group (ASG)
train_2015,201509180005,Baloch Liberation Front (BLF)
train_2015,201509180034,Al-Shabaab
train_2015,201509180038,Baloch Liberation Army (BLA)
train_2015,201509190003,Baloch Liberation Front (BLF)
train_2015,201509190023,Al-Shabaab
train_2015,201509190025,Al-Shabaab
train_2015,201509190028,Al-Shabaab
train_2015,201509190068,Houthi extremists (Ansar Allah)
train_2015,201509190105,Houthi extremists (Ansar Allah)
train_2015,201509200004,Islamic State in Egypt
train_2015,201509200005,Sinai Province of the Islamic State
train_2015,201509210003,Al-Shabaab
train_2015,201509220045,Al-Shabaab
train_2015,201509230039,Khorasan Chapter of the Islamic State
train_2015,201509230062,Paraguayan People's Army (EPP)
train_2015,201509240001,Sanaa Province of the Islamic State
train_2015,201509240002,Sanaa Province of the Islamic State
train_2015,201509240007,Baloch Liberation Army (BLA)
train_2015,201509260003,Sinai Province of the Islamic State
train_2015,201509260005,Khorasan Chapter of the Islamic State
train_2015,201509270015,Khorasan Chapter of the Islamic State
train_2015,201509270016,Khorasan Chapter of the Islamic State
train_2015,201509270017,Khorasan Chapter of the Islamic State
train_2015,201509270018,Khorasan Chapter of the Islamic State
train_2015,201509270019,Khorasan Chapter of the Islamic State
train_2015,201509270020,Khorasan Chapter of the Islamic State
train_2015,201509270021,Khorasan Chapter of the Islamic State
train_2015,201509270022,Khorasan Chapter of the Islamic State
train_2015,201509270023,Khorasan Chapter of the Islamic State
train_2015,201509270024,Khorasan Chapter of the Islamic State
train_2015,201509280003,Baloch Liberation Front (BLF)
train_2015,201509280008,Kurdistan Workers' Party (PKK)
train_2015,201509280017,Kurdistan Workers' Party (PKK)
train_2015,201509290033,Khorasan Chapter of the Islamic State
train_2015,201509290034,Khorasan Chapter of the Islamic State
train_2015,201509290035,Khorasan Chapter of the Islamic State
train_2015,201509290036,Khorasan Chapter of the Islamic State
train_2015,201509300004,New People's Army (NPA)
train_2015,201510010044,Al-Shabaab
train_2015,201510010073,Sinai Province of the Islamic State
train_2015,201510020015,Boko Haram
train_2015,201510020016,Boko Haram
train_2015,201510020017,Boko Haram
train_2015,201510030012,Sinai Province of the Islamic State
train_2015,201510030034,Al-Shabaab
train_2015,201510040037,Barqa Province of the Islamic State
train_2015,201510040039,Barqa Province of the Islamic State
train_2015,201510040054,Al-Shabaab
train_2015,201510040056,Khorasan Chapter of the Islamic State
train_2015,201510040062,Khorasan Chapter of the Islamic State
train_2015,201510060020,Sanaa Province of the Islamic State
train_2015,201510060033,Khorasan Chapter of the Islamic State
train_2015,201510060041,Sinai Province of the Islamic State
train_2015,201510070015,Al-Shabaab
train_2015,201510070044,Al-Shabaab
train_2015,201510090002,Khorasan Chapter of the Islamic State
train_2015,201510100018,Khorasan Chapter of the Islamic State
train_2015,201510100019,Khorasan Chapter of the Islamic State
train_2015,201510110036,Khorasan Chapter of the Islamic State
train_2015,201510110038,Sinai Province of the Islamic State
train_2015,201510120027,Barqa Province of the Islamic State
train_2015,201510140009,Tehrik al-Mojahedin
train_2015,201510140018,Sinai Province of the Islamic State
train_2015,201510140019,Al-Shabaab
train_2015,201510150014,The New Irish Republican Army
train_2015,201510150016,Sinai Province of the Islamic State
train_2015,201510150033,Khorasan Chapter of the Islamic State
train_2015,201510160029,Al-Shabaab
train_2015,201510160051,Al-Qaida in the Arabian Peninsula (AQAP)
train_2015,201510170002,Barqa Province of the Islamic State
train_2015,201510170048,Khorasan Chapter of the Islamic State
train_2015,201510170078,The New Irish Republican Army
train_2015,201510180003,Barqa Province of the Islamic State
train_2015,201510180047,United Baloch Army (UBA)
train_2015,201510180048,United Baloch Army (UBA)
train_2015,201510180049,United Baloch Army (UBA)
train_2015,201510180066,Khorasan Chapter of the Islamic State
train_2015,201510180078,Sinai Province of the Islamic State
train_2015,201510190002,New People's Army (NPA)
train_2015,201510190004,Barqa Province of the Islamic State
train_2015,201510190006,Baloch Liberation Army (BLA)
train_2015,201510200002,United Baloch Army (UBA)
train_2015,201510200011,Khorasan Chapter of the Islamic State
train_2015,201510210001,Sinai Province of the Islamic State
train_2015,201510220001,Lashkar-e-Jhangvi
train_2015,201510220004,Khorasan Chapter of the Islamic State
train_2015,201510230004,Lashkar-e-Jhangvi
train_2015,201510230005,Sinai Province of the Islamic State
train_2015,201510230006,Islamic State in Egypt
train_2015,201510240003,Sinai Province of the Islamic State
train_2015,201510240067,Al-Shabaab
train_2015,201510250016,United National Liberation Front (UNLF)
train_2015,201510260001,Hijaz Province of the Islamic State
train_2015,201510260042,Adan-Abyan Province of the Islamic State
train_2015,201510260044,Sinai Province of the Islamic State
train_2015,201510270005,Sinai Province of the Islamic State
train_2015,201510270040,Garo National Liberation Army
train_2015,201510280001,Barqa Province of the Islamic State
train_2015,201510280003,New People's Army (NPA)
train_2015,201510290002,Barqa Province of the Islamic State
train_2015,201510290007,Baloch Liberation Army (BLA)
train_2015,201510300021,Al-Shabaab
train_2015,201510300022,Sinai Province of the Islamic State
train_2015,201510300026,Khorasan Chapter of the Islamic State
train_2015,201510300031,Khorasan Chapter of the Islamic State
train_2015,201510310001,Sinai Province of the Islamic State
train_2015,201510310014,Al-Shabaab
train_2015,201510310015,Al-Shabaab
train_2015,201510310032,Adan-Abyan Province of the Islamic State
train_2015,201510310033,Adan-Abyan Province of the Islamic State
train_2015,201511010010,Al-Shabaab
train_2015,201511010014,United Baloch Army (UBA)
train_2015,201511010029,United National Liberation Front (UNLF)
train_2015,201511020013,Al-Shabaab
train_2015,201511030007,Khorasan Chapter of the Islamic State
train_2015,201511030031,Al-Shabaab
train_2015,201511040001,Sinai Province of the Islamic State
train_2015,201511040007,Jaish-e-Islam
train_2015,201511050013,Barqa Province of the Islamic State
train_2015,201511060004,Lashkar-e-Balochistan
train_2015,201511060005,Jaish-e-Islam
train_2015,201511070001,Jaish-e-Islam
train_2015,201511070011,Al-Shabaab
train_2015,201511080028,Khorasan Chapter of the Islamic State
train_2015,201511080073,Islamic State in Bangladesh
train_2015,201511090009,Khorasan Chapter of the Islamic State
train_2015,201511090012,Al-Shabaab
train_2015,201511100039,Oglaigh na hEireann
train_2015,201511110006,Al-Shabaab
train_2015,201511110007,Al-Shabaab
train_2015,201511110036,Sinai Province of the Islamic State
train_2015,201511120006,Baloch Liberation Front (BLF)
train_2015,201511120015,Barqa Province of the Islamic State
train_2015,201511130048,Al-Shabaab
train_2015,201511130074,The New Irish Republican Army
train_2015,201511140012,Baloch Liberation Front (BLF)
train_2015,201511140013,Baloch Liberation Army (BLA)
train_2015,201511140016,Al-Shabaab
train_2015,201511140017,Al-Shabaab
train_2015,201511140055,Houthi extremists (Ansar Allah)
train_2015,201511140056,Houthi extremists (Ansar Allah)
train_2015,201511140057,Houthi extremists (Ansar Allah)
train_2015,201511140058,Houthi extremists (Ansar Allah)
train_2015,201511150025,Baloch Liberation Front (BLF)
train_2015,201511150026,Baloch Liberation Front (BLF)
train_2015,201511150041,Baloch Liberation Front (BLF)
train_2015,201511150069,New People's Army (NPA)
train_2015,201511150070,New People's Army (NPA)
train_2015,201511160002,Al-Shabaab
train_2015,201511160004,Baloch Liberation Front (BLF)
train_2015,201511160005,Barqa Province of the Islamic State
train_2015,201511170021,United National Liberation Front (UNLF)
train_2015,201511170071,New People's Army (NPA)
train_2015,201511170072,New People's Army (NPA)
train_2015,201511170073,New People's Army (NPA)
train_2015,201511170074,New People's Army (NPA)
train_2015,201511170075,United Democratic Madhesi Front (UDMF)
train_2015,201511170076,United Democratic Madhesi Front (UDMF)
train_2015,201511170085,Paraguayan People's Army (EPP)
train_2015,201511180001,Al-Shabaab
train_2015,201511180012,New People's Army (NPA)
train_2015,201511180069,Al-Shabaab
train_2015,201511190018,Baloch Liberation Front (BLF)
train_2015,201511190044,United Democratic Madhesi Front (UDMF)
train_2015,201511190045,United Democratic Madhesi Front (UDMF)
train_2015,201511200015,Tehrik al-Mojahedin
train_2015,201511200016,Khorasan Chapter of the Islamic State
train_2015,201511210007,Baloch Liberation Front (BLF)
train_2015,201511210008,Baloch Liberation Army (BLA)
train_2015,201511210045,Baloch Liberation Army (BLA)
train_2015,201511210046,Baloch Liberation Army (BLA)
train_2015,201511210047,Baloch Liberation Army (BLA)
train_2015,201511210049,Al-Shabaab
train_2015,201511220001,Halqa-e-Mehsud
train_2015,201511220070,Al-Shabaab
train_2015,201511230002,Sinai Province of the Islamic State
train_2015,201511230021,Al-Shabaab
train_2015,201511230024,New People's Army (NPA)
train_2015,201511230057,Sinai Province of the Islamic State
train_2015,201511240003,Sinai Province of the Islamic State
train_2015,201511240004,Sinai Province of the Islamic State
train_2015,201511240050,Oglaigh na hEireann
train_2015,201511260021,The New Irish Republican Army
train_2015,201511260025,Khorasan Chapter of the Islamic State
train_2015,201511260029,Al-Shabaab
train_2015,201511270029,Boko Haram
train_2015,201511280001,United Baloch Army (UBA)
train_2015,201511280017,Sinai Province of the Islamic State
train_2015,201511280018,Ansar al-Dine (Mali)
train_2015,201511280036,Kurdistan Workers' Party (PKK)
train_2015,201511280053,United Baloch Army (UBA)
train_2015,201511300028,Al-Shabaab
train_2015,201511300036,Oglaigh na hEireann
train_2015,201511300038,United Liberation Front of Assam (ULFA)
train_2015,201511300053,New People's Army (NPA)
train_2015,201512010053,New People's Army (NPA)
train_2015,201512020052,Al-Qaida in the Arabian Peninsula (AQAP)
train_2015,201512020053,Al-Qaida in the Arabian Peninsula (AQAP)
train_2015,201512030030,Revolutionary Armed Forces of Colombia (FARC)
train_2015,201512030031,Al-Shabaab
train_2015,201512040050,Khorasan Chapter of the Islamic State
train_2015,201512060019,Sinai Province of the Islamic State
train_2015,201512060020,Al-Shabaab
train_2015,201512060029,United National Liberation Front (UNLF)
train_2015,201512070023,Khorasan Chapter of the Islamic State
train_2015,201512080023,Sinai Province of the Islamic State
train_2015,201512080026,Baloch Liberation Front (BLF)
train_2015,201512080028,Al-Shabaab
train_2015,201512090026,Sinai Province of the Islamic State
train_2015,201512100013,Al-Shabaab
train_2015,201512100023,Al-Shabaab
train_2015,201512120036,Sinai Province of the Islamic State
train_2015,201512120049,Al-Shabaab
train_2015,201512130028,Al-Shabaab
train_2015,201512130029,Baloch Liberation Front (BLF)
train_2015,201512140018,Al-Shabaab
train_2015,201512140019,Al-Shabaab
train_2015,201512140035,Houthi extremists (Ansar Allah)
train_2015,201512150009,New People's Army (NPA)
train_2015,201512150063,Sinai Province of the Islamic State
train_2015,201512160024,Al-Shabaab
train_2015,201512170001,Baloch Liberation Front (BLF)
train_2015,201512170027,Sinai Province of the Islamic State
train_2015,201512180016,Al-Shabaab
train_2015,201512180022,Algeria Province of the Islamic State
train_2015,201512180028,Khorasan Chapter of the Islamic State
train_2015,201512190015,Baloch Liberation Front (BLF)
train_2015,201512190016,Al-Shabaab
train_2015,201512190017,Al-Shabaab
train_2015,201512190018,Al-Shabaab
train_2015,201512200012,Al-Shabaab
train_2015,201512200015,Sinai Province of the Islamic State
train_2015,201512200037,Houthi extremists (Ansar Allah)
train_2015,201512210026,Al-Shabaab
train_2015,201512210027,Al-Shabaab
train_2015,201512210028,Al-Shabaab
train_2015,201512210039,Baloch Liberation Army (BLA)
train_2015,201512210042,Houthi extremists (Ansar Allah)
train_2015,201512210043,Houthi extremists (Ansar Allah)
train_2015,201512220008,Al-Shabaab
train_2015,201512220016,Baloch Liberation Army (BLA)
train_2015,201512220036,Al-Shabaab
train_2015,201512220041,Bangsamoro Islamic Freedom Movement (BIFM)
train_2015,201512230041,Bangsamoro Islamic Freedom Movement (BIFM)
train_2015,201512230048,Houthi extremists (Ansar Allah)
train_2015,201512240018,Bangsamoro Islamic Freedom Movement (BIFM)
train_2015,201512240019,Bangsamoro Islamic Freedom Movement (BIFM)
train_2015,201512240020,Bangsamoro Islamic Freedom Movement (BIFM)
train_2015,201512240021,Bangsamoro Islamic Freedom Movement (BIFM)
train_2015,201512240022,Bangsamoro Islamic Freedom Movement (BIFM)
train_2015,201512240031,Sinai Province of the Islamic State
train_2015,201512240034,Ansar al-Dine (Mali)
train_2015,201512250007,Barqa Province of the Islamic State
train_2015,201512250014,Al-Shabaab
train_2015,201512250015,Al-Shabaab
train_2015,201512250026,Ansar al-Dine (Mali)
train_2015,201512250048,Khorasan Chapter of the Islamic State
train_2015,201512270007,Al-Shabaab
train_2015,201512270025,Houthi extremists (Ansar Allah)
train_2015,201512270029,Houthi extremists (Ansar Allah)
train_2015,201512270030,Houthi extremists (Ansar Allah)
train_2015,201512280003,Khorasan Chapter of the Islamic State
train_2015,201512290027,Baloch Liberation Front (BLF)
train_2015,201512290033,Caucasus Province of the Islamic State
train_2015,201512300013,Baloch Liberation Army (BLA)
train_2015,201512300034,Islamic State in Egypt
train_2015,201512310030,Lashkar-e-Balochistan
train_2015,201512310031,Baloch Liberation Front (BLF)
validation_unseen_organizations,201501010012,Taliban
validation_unseen_organizations,201501010081,Taliban
validation_unseen_organizations,201501020050,Baloch Republican Army (BRA)
validation_unseen_organizations,201501020057,Islamic State of Iraq and the Levant (ISIL)
validation_unseen_organizations,201501020068,Taliban
validation_unseen_organizations,201501020078,Taliban
validation_unseen_organizations,201501030036,Al-Naqshabandiya Army
validation_unseen_organizations,201501030037,Al-Naqshabandiya Army
validation_unseen_organizations,201501030040,Al-Naqshabandiya Army
validation_unseen_organizations,201501030045,Tripoli Province of the Islamic State
validation_unseen_organizations,201501040018,Taliban
validation_unseen_organizations,201501040019,Taliban
validation_unseen_organizations,201501040037,Taliban
validation_unseen_organizations,201501040038,Taliban
validation_unseen_organizations,201501040039,Taliban
validation_unseen_organizations,201501050005,Islamic State of Iraq and the Levant (ISIL)
validation_unseen_organizations,201501050006,Islamic State of Iraq and the Levant (ISIL)
validation_unseen_organizations,201501050007,Islamic State of Iraq and the Levant (ISIL)
validation_unseen_organizations,201501050008,Islamic State of Iraq and the Levant (ISIL)
validation_unseen_organizations,201501050009,Islamic State of Iraq and the Levant (ISIL)
validation_unseen_organizations,201501050010,Islamic State of Iraq and the Levant (ISIL)
validation_unseen_organizations,201501050013,Islamic State of Iraq and the Levant (ISIL)
validation_unseen_organizations,201501050025,Taliban
validation_unseen_organizations,201501050027,Taliban
validation_unseen_organizations,201501050029,Baloch Republican Army (BRA)
validation_unseen_organizations,201501050037,Taliban
validation_unseen_organizations,201501050054,Taliban
validation_unseen_organizations,201501050058,Taliban
validation_unseen_organizations,201501060019,Islamic State of Iraq and the Levant (ISIL)
validation_unseen_organizations,201501070003,Taliban
validation_unseen_organizations,201501070007,Taliban
validation_unseen_organizations,201501070008,Taliban
validation_unseen_organizations,201501070035,Taliban
validation_unseen_organizations,201501080008,Baloch Republican Army (BRA)
validation_unseen_organizations,201501080029,Al-Naqshabandiya Army
validation_unseen_organizations,201501080086,Islamic State of Iraq and the Levant (ISIL)
validation_unseen_organizations,201501080087,Islamic State of Iraq and the Levant (ISIL)
validation_unseen_organizations,201501080088,Islamic State of Iraq and the Levant (ISIL)
validation_unseen_organizations,201501080089,Islamic State of Iraq and the Levant (ISIL)
validation_unseen_organizations,201501090005,Baloch Republican Army (BRA)
validation_unseen_organizations,201501090044,Taliban
validation_unseen_organizations,201501100007,Islamic State of Iraq and the Levant (ISIL)
validation_unseen_organizations,201501100008,Islamic State of Iraq and the Levant (ISIL)
validation_unseen_organizations,201501100009,Islamic State of Iraq and the Levant (ISIL)
validation_unseen_organizations,201501100031,Taliban
validation_unseen_organizations,201501100032,Taliban
validation_unseen_organizations,201501100078,Taliban
validation_unseen_organizations,201501100115,Taliban
validation_unseen_organizations,201501120003,Al-Naqshabandiya Army
validation_unseen_organizations,201501120004,Al-Naqshabandiya Army
validation_unseen_organizations,201501120009,Al-Naqshabandiya Army
validation_unseen_organizations,201501120013,Baloch Republican Army (BRA)
validation_unseen_organizations,201501120027,Taliban
validation_unseen_organizations,201501120028,Taliban
validation_unseen_organizations,201501120030,Taliban
validation_unseen_organizations,201501130003,Al-Naqshabandiya Army
validation_unseen_organizations,201501130012,Baloch Republican Army (BRA)
validation_unseen_organizations,201501130018,Taliban
validation_unseen_organizations,201501130073,Taliban
validation_unseen_organizations,201501140003,Baloch Republican Army (BRA)
validation_unseen_organizations,201501140004,Baloch Republican Army (BRA)
validation_unseen_organizations,201501140005,Baloch Republican Army (BRA)
validation_unseen_organizations,201501140012,Islamic State of Iraq and the Levant (ISIL)
validation_unseen_organizations,201501140088,Taliban
validation_unseen_organizations,201501150001,Islamic State of Iraq and the Levant (ISIL)
validation_unseen_organizations,201501150002,Al-Naqshabandiya Army
validation_unseen_organizations,201501150005,Al-Naqshabandiya Army
validation_unseen_organizations,201501150010,Baloch Republican Army (BRA)
validation_unseen_organizations,201501150012,Baloch Republican Army (BRA)
validation_unseen_organizations,201501150018,Taliban
validation_unseen_organizations,201501150073,Islamic State of Iraq and the Levant (ISIL)
validation_unseen_organizations,201501150084,People's Liberation Army (India)
validation_unseen_organizations,201501160003,Al-Naqshabandiya Army
validation_unseen_organizations,201501160004,Baloch Republican Army (BRA)
validation_unseen_organizations,201501160006,Taliban
validation_unseen_organizations,201501160011,Taliban
validation_unseen_organizations,201501160012,Taliban
validation_unseen_organizations,201501160019,Taliban
validation_unseen_organizations,201501160038,Islamic State of Iraq and the Levant (ISIL)
validation_unseen_organizations,201501160067,Taliban
validation_unseen_organizations,201501160068,Taliban
validation_unseen_organizations,201501160069,Taliban
validation_unseen_organizations,201501170001,Islamic State of Iraq and the Levant (ISIL)
validation_unseen_organizations,201501170013,Tripoli Province of the Islamic State
validation_unseen_organizations,201501170014,Taliban
validation_unseen_organizations,201501180001,Islamic State of Iraq and the Levant (ISIL)
validation_unseen_organizations,201501180039,Taliban
validation_unseen_organizations,201501190018,Taliban
validation_unseen_organizations,201501190034,Islamic State of Iraq and the Levant (ISIL)
validation_unseen_organizations,201501200003,Baloch Republican Army (BRA)
validation_unseen_organizations,201501200026,Taliban
validation_unseen_organizations,201501200034,People's Liberation Army (India)
validation_unseen_organizations,201501200055,Islamic State of Iraq and the Levant (ISIL)
validation_unseen_organizations,201501210008,People's Liberation Army (India)
validation_unseen_organizations,201501220002,Baloch Republican Army (BRA)
validation_unseen_organizations,201501220006,Baloch Republican Army (BRA)
validation_unseen_organizations,201501220010,Taliban
validation_unseen_organizations,201501220020,People's Liberation Army (India)
validation_unseen_organizations,201501220027,Taliban
validation_unseen_organizations,201501220033,Islamic State of Iraq and the Levant (ISIL)
validation_unseen_organizations,201501220046,Islamic State of Iraq and the Levant (ISIL)
validation_unseen_organizations,201501230022,Islamic State of Iraq and the Levant (ISIL)
validation_unseen_organizations,201501230032,Islamic State of Iraq and the Levant (ISIL)
validation_unseen_organizations,201501230045,People's Liberation Army (India)
validation_unseen_organizations,201501240020,People's Liberation Army (India)
validation_unseen_organizations,201501240023,Islamic State of Iraq and the Levant (ISIL)
validation_unseen_organizations,201501240026,Islamic State of Iraq and the Levant (ISIL)
validation_unseen_organizations,201501240034,Islamic State of Iraq and the Levant (ISIL)
validation_unseen_organizations,201501240111,Islamic State of Iraq and the Levant (ISIL)
validation_unseen_organizations,201501250002,Taliban
validation_unseen_organizations,201501250004,Baloch Republican Army (BRA)
validation_unseen_organizations,201501250005,Baloch Republican Army (BRA)
validation_unseen_organizations,201501250007,Baloch Republican Army (BRA)
validation_unseen_organizations,201501250012,Taliban
validation_unseen_organizations,201501250013,Islamic Front (Syria)
validation_unseen_organizations,201501250014,Islamic Front (Syria)
validation_unseen_organizations,201501250015,Islamic Front (Syria)
validation_unseen_organizations,201501250016,Islamic Front (Syria)
validation_unseen_organizations,201501250047,Islamic State of Iraq and the Levant (ISIL)
validation_unseen_organizations,201501250052,Islamic State of Iraq and the Levant (ISIL)
validation_unseen_organizations,201501250053,Islamic State of Iraq and the Levant (ISIL)
validation_unseen_organizations,201501250054,Islamic State of Iraq and the Levant (ISIL)
validation_unseen_organizations,201501260013,Islamic Front (Syria)
validation_unseen_organizations,201501260014,Islamic Front (Syria)
validation_unseen_organizations,201501260043,Islamic State of Iraq and the Levant (ISIL)
validation_unseen_organizations,201501260060,People's Liberation Army (India)
validation_unseen_organizations,201501260061,People's Liberation Army (India)
validation_unseen_organizations,201501260062,People's Liberation Army (India)
validation_unseen_organizations,201501260063,People's Liberation Army (India)
validation_unseen_organizations,201501260065,People's Liberation Army (India)
validation_unseen_organizations,201501260066,People's Liberation Army (India)
validation_unseen_organizations,201501260069,Taliban
validation_unseen_organizations,201501270005,Tripoli Province of the Islamic State
validation_unseen_organizations,201501270009,Taliban
validation_unseen_organizations,201501270057,Taliban
validation_unseen_organizations,201501280014,Taliban
validation_unseen_organizations,201501280021,Taliban
validation_unseen_organizations,201501290012,Baloch Republican Army (BRA)
validation_unseen_organizations,201501290014,Baloch Republican Army (BRA)
validation_unseen_organizations,201501290021,Taliban
validation_unseen_organizations,201501290046,Islamic State of Iraq and the Levant (ISIL)
validation_unseen_organizations,201501300050,Islamic State of Iraq and the Levant (ISIL)
validation_unseen_organizations,201501300052,Islamic State of Iraq and the Levant (ISIL)
validation_unseen_organizations,201501300057,Islamic State of Iraq and the Levant (ISIL)
validation_unseen_organizations,201501300062,Islamic State of Iraq and the Levant (ISIL)
validation_unseen_organizations,201501310011,Taliban
validation_unseen_organizations,201502010027,Baloch Republican Army (BRA)
validation_unseen_organizations,201502010110,Baloch Republican Army (BRA)
validation_unseen_organizations,201502010111,Taliban
validation_unseen_organizations,201502020011,Baloch Republican Army (BRA)
validation_unseen_organizations,201502020014,Baloch Republican Army (BRA)
validation_unseen_organizations,201502020016,Taliban
validation_unseen_organizations,201502020088,Islamic State of Iraq and the Levant (ISIL)
validation_unseen_organizations,201502030017,Baloch Republican Army (BRA)
validation_unseen_organizations,201502030021,Lashkar-e-Islam (Pakistan)
validation_unseen_organizations,201502030027,Tripoli Province of the Islamic State
validation_unseen_organizations,201502030042,Taliban
validation_unseen_organizations,201502030043,Taliban
validation_unseen_organizations,201502030094,Islamic State of Iraq and the Levant (ISIL)
validation_unseen_organizations,201502040021,Taliban
validation_unseen_organizations,201502040022,Taliban
validation_unseen_organizations,201502040032,Islamic State of Iraq and the Levant (ISIL)
validation_unseen_organizations,201502040091,Taliban
validation_unseen_organizations,201502050010,Taliban
validation_unseen_organizations,201502050013,Islamic Front (Syria)
validation_unseen_organizations,201502050014,Islamic Front (Syria)
validation_unseen_organizations,201502050028,Taliban
validation_unseen_organizations,201502050031,Islamic Front (Syria)
validation_unseen_organizations,201502050057,Islamic Front (Syria)
validation_unseen_organizations,201502050058,Islamic Front (Syria)
validation_unseen_organizations,201502050059,Islamic Front (Syria)
validation_unseen_organizations,201502050060,Islamic Front (Syria)
validation_unseen_organizations,201502050061,Islamic Front (Syria)
validation_unseen_organizations,201502050062,Islamic Front (Syria)
validation_unseen_organizations,201502060008,Baloch Republican Army (BRA)
validation_unseen_organizations,201502060062,Taliban
validation_unseen_organizations,201502070002,Taliban
validation_unseen_organizations,201502070003,Taliban
validation_unseen_organizations,201502070015,Baloch Republican Army (BRA)
validation_unseen_organizations,201502070016,Baloch Republican Army (BRA)
validation_unseen_organizations,201502070017,Baloch Republican Army (BRA)
validation_unseen_organizations,201502070027,Islamic State of Iraq and the Levant (ISIL)
validation_unseen_organizations,201502080016,Lashkar-e-Islam (Pakistan)
validation_unseen_organizations,201502080071,National Democratic Front of Bodoland (NDFB)
validation_unseen_organizations,201502090026,Taliban
validation_unseen_organizations,201502100006,Baloch Republican Army (BRA)
validation_unseen_organizations,201502100013,Taliban
validation_unseen_organizations,201502100014,Islamic Front (Syria)
validation_unseen_organizations,201502110002,Islamic State of Iraq and the Levant (ISIL)
validation_unseen_organizations,201502110023,Islamic State of Iraq and the Levant (ISIL)
validation_unseen_organizations,201502110026,Islamic State of Iraq and the Levant (ISIL)
validation_unseen_organizations,201502110034,Taliban
validation_unseen_organizations,201502110088,National Liberation Army of Colombia (ELN)
validation_unseen_organizations,201502110096,Islamic State of Iraq and the Levant (ISIL)
validation_unseen_organizations,201502110100,Islamic State of Iraq and the Levant (ISIL)
validation_unseen_organizations,201502120003,Tripoli Province of the Islamic State
validation_unseen_organizations,201502120012,Islamic State of Iraq and the Levant (ISIL)
validation_unseen_organizations,201502120013,Islamic State of Iraq and the Levant (ISIL)
validation_unseen_organizations,201502120033,Baloch Republican Army (BRA)
validation_unseen_organizations,201502120035,Islamic State of Iraq and the Levant (ISIL)
validation_unseen_organizations,201502120036,Islamic State of Iraq and the Levant (ISIL)
validation_unseen_organizations,201502120043,Taliban
validation_unseen_organizations,201502120068,Taliban
validation_unseen_organizations,201502130021,Islamic State of Iraq and the Levant (ISIL)
validation_unseen_organizations,201502140009,Baloch Republican Army (BRA)
validation_unseen_organizations,201502140010,Baloch Republican Army (BRA)
validation_unseen_organizations,201502140014,Lashkar-e-Islam (Pakistan)
validation_unseen_organizations,201502140026,Taliban
validation_unseen_organizations,201502140028,Taliban
validation_unseen_organizations,201502150002,Islamic Front (Syria)
validation_unseen_organizations,201502150012,National Liberation Army of Colombia (ELN)
validation_unseen_organizations,201502150022,Islamic State of Iraq and the Levant (ISIL)
validation_unseen_organizations,201502150023,Islamic State of Iraq and the Levant (ISIL)
validation_unseen_organizations,201502150028,Islamic State of Iraq and the Levant (ISIL)
validation_unseen_organizations,201502150037,Baloch Republican Army (BRA)
validation_unseen_organizations,201502150039,Baloch Republican Army (BRA)
validation_unseen_organizations,201502150040,Baloch Republican Army (BRA)
validation_unseen_organizations,201502150047,Baloch Republican Army (BRA)
validation_unseen_organizations,201502150048,Baloch Republican Army (BRA)
validation_unseen_organizations,201502160006,Baloch Republican Army (BRA)
validation_unseen_organizations,201502160018,Baloch Republican Army (BRA)
validation_unseen_organizations,201502170014,Taliban
validation_unseen_organizations,201502170018,Baloch Republican Army (BRA)
validation_unseen_organizations,201502180021,Taliban
validation_unseen_organizations,201502180022,Taliban
validation_unseen_organizations,201502190027,Taliban
validation_unseen_organizations,201502190038,Taliban
validation_unseen_organizations,201502190049,Tripoli Province of the Islamic State
validation_unseen_organizations,201502200013,Baloch Republican Army (BRA)
validation_unseen_organizations,201502210013,Baloch Republican Army (BRA)
validation_unseen_organizations,201502220002,Tripoli Province of the Islamic State
validation_unseen_organizations,201502220004,Baloch Republican Army (BRA)
validation_unseen_organizations,201502220009,Baloch Republican Army (BRA)
validation_unseen_organizations,201502220014,Baloch Republican Army (BRA)
validation_unseen_organizations,201502220055,Taliban
validation_unseen_organizations,201502220057,Taliban
validation_unseen_organizations,201502220102,Tripoli Province of the Islamic State
validation_unseen_organizations,201502240012,Islamic State of Iraq and the Levant (ISIL)
validation_unseen_organizations,201502240045,Baloch Republican Army (BRA)
validation_unseen_organizations,201502250014,Islamic State of Iraq and the Levant (ISIL)
validation_unseen_organizations,201502250016,Islamic State of Iraq and the Levant (ISIL)
validation_unseen_organizations,201502250026,Taliban
validation_unseen_organizations,201502260012,Taliban
validation_unseen_organizations,201502260019,Islamic State of Iraq and the Levant (ISIL)
validation_unseen_organizations,201502280013,Taliban
validation_unseen_organizations,201502280031,Baloch Republican Army (BRA)
validation_unseen_organizations,201502280041,Islamic State of Iraq and the Levant (ISIL)
validation_unseen_organizations,201502280063,Islamic State of Iraq and the Levant (ISIL)
validation_unseen_organizations,201503010133,Baloch Republican Army (BRA)
validation_unseen_organizations,201503010155,Taliban
validation_unseen_organizations,201503020017,Islamic State of Iraq and the Levant (ISIL)
validation_unseen_organizations,201503030002,Taliban
validation_unseen_organizations,201503040017,Taliban
validation_unseen_organizations,201503040031,Taliban
validation_unseen_organizations,201503050051,Taliban
validation_unseen_organizations,201503070032,Islamic State of Iraq and the Levant (ISIL)
validation_unseen_organizations,201503080001,Islamic State of Iraq and the Levant (ISIL)
validation_unseen_organizations,201503080022,Baloch Republican Army (BRA)
validation_unseen_organizations,201503090010,Taliban
validation_unseen_organizations,201503090020,Baloch Republican Army (BRA)
validation_unseen_organizations,201503090039,Islamic State of Iraq and the Levant (ISIL)
validation_unseen_organizations,201503100003,Taliban
validation_unseen_organizations,201503100012,Taliban
validation_unseen_organizations,201503100025,Baloch Republican Army (BRA)
validation_unseen_organizations,201503100035,Islamic State of Iraq and the Levant (ISIL)
validation_unseen_organizations,201503110031,Islamic State of Iraq and the Levant (ISIL)
validation_unseen_organizations,201503110032,Islamic State of Iraq and the Levant (ISIL)
validation_unseen_organizations,201503110033,Islamic State of Iraq and the Levant (ISIL)
validation_unseen_organizations,201503110034,Islamic State of Iraq and the Levant (ISIL)
validation_unseen_organizations,201503110041,Islamic State of Iraq and the Levant (ISIL)
validation_unseen_organizations,201503110042,Islamic State of Iraq and the Levant (ISIL)
validation_unseen_organizations,201503110043,Islamic State of Iraq and the Levant (ISIL)
validation_unseen_organizations,201503110044,Islamic State of Iraq and the Levant (ISIL)
validation_unseen_organizations,201503110045,Islamic State of Iraq and the Levant (ISIL)
validation_unseen_organizations,201503110046,Islamic State of Iraq and the Levant (ISIL)
validation_unseen_organizations,201503110047,Islamic State of Iraq and the Levant (ISIL)
validation_unseen_organizations,201503110048,Islamic State of Iraq and the Levant (ISIL)
validation_unseen_organizations,201503120010,Taliban
validation_unseen_organizations,201503120011,Taliban
validation_unseen_organizations,201503120021,Lashkar-e-Islam (Pakistan)
validation_unseen_organizations,201503120034,Islamic State of Iraq and the Levant (ISIL)
validation_unseen_organizations,201503120069,Islamic State of Iraq and the Levant (ISIL)
validation_unseen_organizations,201503130003,Tripoli Province of the Islamic State
validation_unseen_organizations,201503130015,Taliban
validation_unseen_organizations,201503130020,Islamic State of Iraq and the Levant (ISIL)
validation_unseen_organizations,201503130026,Islamic State of Iraq and the Levant (ISIL)
validation_unseen_organizations,201503140001,Tripoli Province of the Islamic State
validation_unseen_organizations,201503150003,Tripoli Province of the Islamic State
validation_unseen_organizations,201503150004,Tripoli Province of the Islamic State
validation_unseen_organizations,201503150033,Islamic State of Iraq and the Levant (ISIL)
validation_unseen_organizations,201503150034,Islamic State of Iraq and the Levant (ISIL)
validation_unseen_organizations,201503160005,Islamic State of Iraq and the Levant (ISIL)
validation_unseen_organizations,201503160023,Taliban
validation_unseen_organizations,201503170024,Taliban
validation_unseen_organizations,201503170025,Taliban
validation_unseen_organizations,201503180009,Taliban
validation_unseen_organizations,201503180010,Taliban
validation_unseen_organizations,201503180019,Taliban
validation_unseen_organizations,201503200024,Islamic State of Iraq and the Levant (ISIL)
validation_unseen_organizations,201503200025,Islamic State of Iraq and the Levant (ISIL)
validation_unseen_organizations,201503200026,Islamic State of Iraq and the Levant (ISIL)
validation_unseen_organizations,201503200027,Islamic State of Iraq and the Levant (ISIL)
validation_unseen_organizations,201503210025,Taliban
validation_unseen_organizations,201503210068,Taliban
validation_unseen_organizations,201503210071,Shining Path (SL)
validation_unseen_organizations,201503210072,Shining Path (SL)
validation_unseen_organizations,201503220006,Tripoli Province of the Islamic State
validation_unseen_organizations,201503220027,Taliban
validation_unseen_organizations,201503220035,Taliban
validation_unseen_organizations,201503230001,Islamic State of Iraq and the Levant (ISIL)
validation_unseen_organizations,201503230033,Baloch Republican Army (BRA)
validation_unseen_organizations,201503230037,Taliban
validation_unseen_organizations,201503230076,Taliban
validation_unseen_organizations,201503240019,Taliban
validation_unseen_organizations,201503240020,Taliban
validation_unseen_organizations,201503240024,Taliban
validation_unseen_organizations,201503240031,Islamic State of Iraq and the Levant (ISIL)
validation_unseen_organizations,201503240060,Islamic State of Iraq and the Levant (ISIL)
validation_unseen_organizations,201503250030,Baloch Republican Army (BRA)
validation_unseen_organizations,201503260003,Islamic State of Iraq and the Levant (ISIL)
validation_unseen_organizations,201503260030,Taliban
validation_unseen_organizations,201503270010,Islamic State of Iraq and the Levant (ISIL)
validation_unseen_organizations,201503280012,Islamic State of Iraq and the Levant (ISIL)
validation_unseen_organizations,201503280017,Lashkar-e-Islam (Pakistan)
validation_unseen_organizations,201503280024,Taliban
validation_unseen_organizations,201503290008,Islamic State of Iraq and the Levant (ISIL)
validation_unseen_organizations,201503290014,Taliban
validation_unseen_organizations,201503300017,Baloch Republican Army (BRA)
validation_unseen_organizations,201503300024,Taliban
validation_unseen_organizations,201503300027,Taliban
validation_unseen_organizations,201503300074,Islamic State of Iraq and the Levant (ISIL)
validation_unseen_organizations,201503310020,People's Liberation Army (India)
validation_unseen_organizations,201503310044,Islamic State of Iraq and the Levant (ISIL)
validation_unseen_organizations,201503310051,Taliban
validation_unseen_organizations,201504010001,Islamic State of Iraq and the Levant (ISIL)
validation_unseen_organizations,201504010003,Taliban
validation_unseen_organizations,201504010004,Taliban
validation_unseen_organizations,201504010030,Tripoli Province of the Islamic State
validation_unseen_organizations,201504020016,Taliban
validation_unseen_organizations,201504020019,Islamic State of Iraq and the Levant (ISIL)
validation_unseen_organizations,201504020057,Islamic State of Iraq and the Levant (ISIL)
validation_unseen_organizations,201504030010,Taliban
validation_unseen_organizations,201504030081,Tripoli Province of the Islamic State
validation_unseen_organizations,201504030094,Taliban
validation_unseen_organizations,201504040003,Islamic State of Iraq and the Levant (ISIL)
validation_unseen_organizations,201504040012,Taliban
validation_unseen_organizations,201504040013,Taliban
validation_unseen_organizations,201504040062,Taliban
validation_unseen_organizations,201504040063,Taliban
validation_unseen_organizations,201504050008,Islamic State of Iraq and the Levant (ISIL)
validation_unseen_organizations,201504050010,Taliban
validation_unseen_organizations,201504050011,Taliban
validation_unseen_organizations,201504050015,Taliban
validation_unseen_organizations,201504050024,Tripoli Province of the Islamic State
validation_unseen_organizations,201504060005,Islamic State of Iraq and the Levant (ISIL)
validation_unseen_organizations,201504060015,Taliban
validation_unseen_organizations,201504060016,Taliban
validation_unseen_organizations,201504060037,Islamic State of Iraq and the Levant (ISIL)
validation_unseen_organizations,201504060039,Islamic State of Iraq and the Levant (ISIL)
validation_unseen_organizations,201504060055,Islamic State of Iraq and the Levant (ISIL)
validation_unseen_organizations,201504070015,Taliban
validation_unseen_organizations,201504070016,Taliban
validation_unseen_organizations,201504080001,Islamic State of Iraq and the Levant (ISIL)
validation_unseen_organizations,201504080038,Islamic State of Iraq and the Levant (ISIL)
validation_unseen_organizations,201504090001,Taliban
validation_unseen_organizations,201504090054,Taliban
validation_unseen_organizations,201504090055,Taliban
validation_unseen_organizations,201504090056,Taliban
validation_unseen_organizations,201504100001,Taliban
validation_unseen_organizations,201504100002,Taliban
validation_unseen_organizations,201504100003,Taliban
validation_unseen_organizations,201504100004,Islamic State of Iraq and the Levant (ISIL)
validation_unseen_organizations,201504100007,Islamic State of Iraq and the Levant (ISIL)
validation_unseen_organizations,201504100008,Islamic State of Iraq and the Levant (ISIL)
validation_unseen_organizations,201504100014,Islamic State of Iraq and the Levant (ISIL)
validation_unseen_organizations,201504110004,Islamic State of Iraq and the Levant (ISIL)
validation_unseen_organizations,201504110010,Taliban
validation_unseen_organizations,201504110012,Taliban
validation_unseen_organizations,201504110049,Islamic State of Iraq and the Levant (ISIL)
validation_unseen_organizations,201504120006,Tripoli Province of the Islamic State
validation_unseen_organizations,201504120012,Taliban
validation_unseen_organizations,201504120019,Islamic State of Iraq and the Levant (ISIL)
validation_unseen_organizations,201504120020,Islamic State of Iraq and the Levant (ISIL)
validation_unseen_organizations,201504130002,Islamic State of Iraq and the Levant (ISIL)
validation_unseen_organizations,201504130007,Islamic State of Iraq and the Levant (ISIL)
validation_unseen_organizations,201504130011,Tripoli Province of the Islamic State
validation_unseen_organizations,201504130012,Taliban
validation_unseen_organizations,201504140006,Islamic State of Iraq and the Levant (ISIL)
validation_unseen_organizations,201504140023,Taliban
validation_unseen_organizations,201504140067,Islamic State of Iraq and the Levant (ISIL)
validation_unseen_organizations,201504140068,Islamic State of Iraq and the Levant (ISIL)
validation_unseen_organizations,201504150026,Islamic State of Iraq and the Levant (ISIL)
validation_unseen_organizations,201504150028,Islamic State of Iraq and the Levant (ISIL)
validation_unseen_organizations,201504150033,Islamic State of Iraq and the Levant (ISIL)
validation_unseen_organizations,201504150058,Islamic State of Iraq and the Levant (ISIL)
validation_unseen_organizations,201504150059,Islamic State of Iraq and the Levant (ISIL)
validation_unseen_organizations,201504150060,Islamic State of Iraq and the Levant (ISIL)
validation_unseen_organizations,201504160019,Taliban
validation_unseen_organizations,201504160028,Taliban
validation_unseen_organizations,201504160031,Taliban
validation_unseen_organizations,201504170004,Islamic State of Iraq and the Levant (ISIL)
validation_unseen_organizations,201504170007,Islamic State of Iraq and the Levant (ISIL)
validation_unseen_organizations,201504170008,Islamic State of Iraq and the Levant (ISIL)
validation_unseen_organizations,201504170012,Islamic State of Iraq and the Levant (ISIL)
validation_unseen_organizations,201504170014,Islamic State of Iraq and the Levant (ISIL)
validation_unseen_organizations,201504170075,Islamic State of Iraq and the Levant (ISIL)
validation_unseen_organizations,201504170076,Islamic State of Iraq and the Levant (ISIL)
validation_unseen_organizations,201504170077,Islamic State of Iraq and the Levant (ISIL)
validation_unseen_organizations,201504170078,Islamic State of Iraq and the Levant (ISIL)
validation_unseen_organizations,201504170079,Islamic State of Iraq and the Levant (ISIL)
validation_unseen_organizations,201504170080,Islamic State of Iraq and the Levant (ISIL)
validation_unseen_organizations,201504180025,Taliban
validation_unseen_organizations,201504190012,Islamic State of Iraq and the Levant (ISIL)
validation_unseen_organizations,201504190027,Taliban
validation_unseen_organizations,201504200004,Tripoli Province of the Islamic State
validation_unseen_organizations,201504200010,Islamic State of Iraq and the Levant (ISIL)
validation_unseen_organizations,201504200014,Islamic State of Iraq and the Levant (ISIL)
validation_unseen_organizations,201504200088,Islamic State of Iraq and the Levant (ISIL)
validation_unseen_organizations,201504210001,Baloch Republican Army (BRA)
validation_unseen_organizations,201504210012,Islamic State of Iraq and the Levant (ISIL)
validation_unseen_organizations,201504210019,Taliban
validation_unseen_organizations,201504210020,Taliban
validation_unseen_organizations,201504220004,Islamic State of Iraq and the Levant (ISIL)
validation_unseen_organizations,201504220064,Islamic State of Iraq and the Levant (ISIL)
validation_unseen_organizations,201504230006,Taliban
validation_unseen_organizations,201504240007,Islamic State of Iraq and the Levant (ISIL)
validation_unseen_organizations,201504240008,Islamic State of Iraq and the Levant (ISIL)
validation_unseen_organizations,201504240012,Islamic State of Iraq and the Levant (ISIL)
validation_unseen_organizations,201504240044,Taliban
validation_unseen_organizations,201504240046,Taliban
validation_unseen_organizations,201504240051,Taliban
validation_unseen_organizations,201504240052,Taliban
validation_unseen_organizations,201504240053,Taliban
validation_unseen_organizations,201504240054,Taliban
validation_unseen_organizations,201504240056,Taliban
validation_unseen_organizations,201504240060,Taliban
validation_unseen_organizations,201504240063,Taliban
validation_unseen_organizations,201504240064,Taliban
validation_unseen_organizations,201504240065,Taliban
validation_unseen_organizations,201504240066,Taliban
validation_unseen_organizations,201504240067,Taliban
validation_unseen_organizations,201504240068,Taliban
validation_unseen_organizations,201504240069,Taliban
validation_unseen_organizations,201504240070,Taliban
validation_unseen_organizations,201504240071,Taliban
validation_unseen_organizations,201504240072,Taliban
validation_unseen_organizations,201504240073,Taliban
validation_unseen_organizations,201504240074,Taliban
validation_unseen_organizations,201504240078,Taliban
validation_unseen_organizations,201504240079,Taliban
validation_unseen_organizations,201504240080,Taliban
validation_unseen_organizations,201504240081,Taliban
validation_unseen_organizations,201504240082,Taliban
validation_unseen_organizations,201504250004,Islamic State of Iraq and the Levant (ISIL)
validation_unseen_organizations,201504250007,Islamic State of Iraq and the Levant (ISIL)
validation_unseen_organizations,201504250008,Islamic State of Iraq and the Levant (ISIL)
validation_unseen_organizations,201504250030,National Socialist Council of Nagaland-Khaplang (NSCN-K)
validation_unseen_organizations,201504250034,Taliban
validation_unseen_organizations,201504250035,Taliban
validation_unseen_organizations,201504250069,Islamic State of Iraq and the Levant (ISIL)
validation_unseen_organizations,201504260004,Taliban
validation_unseen_organizations,201504260005,Taliban
validation_unseen_organizations,201504260006,Taliban
validation_unseen_organizations,201504260014,Taliban
validation_unseen_organizations,201504260017,Taliban
validation_unseen_organizations,201504260070,Islamic State of Iraq and the Levant (ISIL)
validation_unseen_organizations,201504270012,Islamic State of Iraq and the Levant (ISIL)
validation_unseen_organizations,201504270015,Taliban
validation_unseen_organizations,201504270016,Taliban
validation_unseen_organizations,201504270059,Taliban
validation_unseen_organizations,201504270067,Islamic State of Iraq and the Levant (ISIL)
validation_unseen_organizations,201504270069,Islamic State of Iraq and the Levant (ISIL)
validation_unseen_organizations,201504280012,Islamic State of Iraq and the Levant (ISIL)
validation_unseen_organizations,201504280017,Taliban
validation_unseen_organizations,201504280053,Taliban
validation_unseen_organizations,201504280060,Taliban
validation_unseen_organizations,201504280062,Islamic State of Iraq and the Levant (ISIL)
validation_unseen_organizations,201504290005,Islamic State of Iraq and the Levant (ISIL)
validation_unseen_organizations,201504290009,Taliban
validation_unseen_organizations,201504290010,Taliban
validation_unseen_organizations,201504290013,Taliban
validation_unseen_organizations,201504290014,Taliban
validation_unseen_organizations,201504290072,Taliban
validation_unseen_organizations,201504300002,Taliban
validation_unseen_organizations,201504300011,Taliban
validation_unseen_organizations,201504300012,Taliban
validation_unseen_organizations,201504300016,Islamic State of Iraq and the Levant (ISIL)
validation_unseen_organizations,201504300017,Islamic State of Iraq and the Levant (ISIL)
validation_unseen_organizations,201504300018,Islamic State of Iraq and the Levant (ISIL)
validation_unseen_organizations,201504300020,Islamic State of Iraq and the Levant (ISIL)
validation_unseen_organizations,201504300061,Taliban
validation_unseen_organizations,201504300072,Islamic State of Iraq and the Levant (ISIL)
validation_unseen_organizations,201504300073,Islamic State of Iraq and the Levant (ISIL)
validation_unseen_organizations,201505010001,Islamic State of Iraq and the Levant (ISIL)
validation_unseen_organizations,201505010062,Taliban
validation_unseen_organizations,201505010063,Taliban
validation_unseen_organizations,201505020092,Islamic State of Iraq and the Levant (ISIL)
validation_unseen_organizations,201505020096,Islamic State of Iraq and the Levant (ISIL)
validation_unseen_organizations,201505020105,Islamic State of Iraq and the Levant (ISIL)
validation_unseen_organizations,201505020114,Islamic State of Iraq and the Levant (ISIL)
validation_unseen_organizations,201505030049,Islamic State of Iraq and the Levant (ISIL)
validation_unseen_organizations,201505030087,Taliban
validation_unseen_organizations,201505030088,Taliban
validation_unseen_organizations,201505030089,Taliban
validation_unseen_organizations,201505030090,Taliban
validation_unseen_organizations,201505030091,Taliban
validation_unseen_organizations,201505030092,Taliban
validation_unseen_organizations,201505030093,Taliban
validation_unseen_organizations,201505030094,Taliban
validation_unseen_organizations,201505030095,Taliban
validation_unseen_organizations,201505030096,Taliban
validation_unseen_organizations,201505030097,Taliban
validation_unseen_organizations,201505030098,Taliban
validation_unseen_organizations,201505030102,Taliban
validation_unseen_organizations,201505040006,Taliban
validation_unseen_organizations,201505040009,Islamic State of Iraq and the Levant (ISIL)
validation_unseen_organizations,201505040081,Taliban
validation_unseen_organizations,201505040104,Taliban
validation_unseen_organizations,201505040105,Taliban
validation_unseen_organizations,201505050022,Islamic State of Iraq and the Levant (ISIL)
validation_unseen_organizations,201505060071,Islamic State of Iraq and the Levant (ISIL)
validation_unseen_organizations,201505060072,Islamic State of Iraq and the Levant (ISIL)
validation_unseen_organizations,201505060073,Islamic State of Iraq and the Levant (ISIL)
validation_unseen_organizations,201505060075,Islamic State of Iraq and the Levant (ISIL)
validation_unseen_organizations,201505060088,Taliban
validation_unseen_organizations,201505060104,Islamic State of Iraq and the Levant (ISIL)
validation_unseen_organizations,201505070002,Taliban
validation_unseen_organizations,201505070046,Islamic State of Iraq and the Levant (ISIL)
validation_unseen_organizations,201505070050,Islamic State of Iraq and the Levant (ISIL)
validation_unseen_organizations,201505070056,Islamic State of Iraq and the Levant (ISIL)
validation_unseen_organizations,201505070057,Islamic State of Iraq and the Levant (ISIL)
validation_unseen_organizations,201505070098,Taliban
validation_unseen_organizations,201505070108,Taliban
validation_unseen_organizations,201505080004,Baloch Republican Army (BRA)
validation_unseen_organizations,201505080012,Islamic State of Iraq and the Levant (ISIL)
validation_unseen_organizations,201505080059,Islamic State of Iraq and the Levant (ISIL)
validation_unseen_organizations,201505080060,Islamic State of Iraq and the Levant (ISIL)
validation_unseen_organizations,201505080083,Taliban
validation_unseen_organizations,201505090012,Baloch Republican Army (BRA)
validation_unseen_organizations,201505090014,Islamic State of Iraq and the Levant (ISIL)
validation_unseen_organizations,201505090015,Islamic State of Iraq and the Levant (ISIL)
validation_unseen_organizations,201505090022,Islamic State of Iraq and the Levant (ISIL)
validation_unseen_organizations,201505100013,Islamic State of Iraq and the Levant (ISIL)
validation_unseen_organizations,201505100016,Islamic State of Iraq and the Levant (ISIL)
validation_unseen_organizations,201505100018,Taliban
validation_unseen_organizations,201505100019,Taliban
validation_unseen_organizations,201505110003,Islamic State of Iraq and the Levant (ISIL)
validation_unseen_organizations,201505110010,Islamic State of Iraq and the Levant (ISIL)
validation_unseen_organizations,201505120012,Islamic State of Iraq and the Levant (ISIL)
validation_unseen_organizations,201505120013,Islamic State of Iraq and the Levant (ISIL)
validation_unseen_organizations,201505120036,Islamic State of Iraq and the Levant (ISIL)
validation_unseen_organizations,201505120039,Islamic State of Iraq and the Levant (ISIL)
validation_unseen_organizations,201505120068,Taliban
validation_unseen_organizations,201505130009,Taliban
validation_unseen_organizations,201505130013,Islamic State of Iraq and the Levant (ISIL)
validation_unseen_organizations,201505130015,Islamic State of Iraq and the Levant (ISIL)
validation_unseen_organizations,201505130025,Taliban
validation_unseen_organizations,201505130064,Taliban
validation_unseen_organizations,201505130075,Taliban
validation_unseen_organizations,201505130076,Taliban
validation_unseen_organizations,201505130082,Islamic State of Iraq and the Levant (ISIL)
validation_unseen_organizations,201505130085,Taliban
validation_unseen_organizations,201505140002,Baloch Republican Army (BRA)
validation_unseen_organizations,201505140003,Taliban
validation_unseen_organizations,201505140066,Islamic State of Iraq and the Levant (ISIL)
validation_unseen_organizations,201505140067,Islamic State of Iraq and the Levant (ISIL)
validation_unseen_organizations,201505140079,Taliban
validation_unseen_organizations,201505140080,Taliban
validation_unseen_organizations,201505150004,Islamic State of Iraq and the Levant (ISIL)
validation_unseen_organizations,201505150016,Taliban
validation_unseen_organizations,201505150018,Taliban
validation_unseen_organizations,201505150038,Islamic State of Iraq and the Levant (ISIL)
validation_unseen_organizations,201505160002,Taliban
validation_unseen_organizations,201505160007,Islamic State of Iraq and the Levant (ISIL)
validation_unseen_organizations,201505160010,Islamic State of Iraq and the Levant (ISIL)
validation_unseen_organizations,201505160011,Islamic State of Iraq and the Levant (ISIL)
validation_unseen_organizations,201505160063,Islamic State of Iraq and the Levant (ISIL)
validation_unseen_organizations,201505160064,Islamic State of Iraq and the Levant (ISIL)
validation_unseen_organizations,201505160065,Islamic State of Iraq and the Levant (ISIL)
validation_unseen_organizations,201505170002,Taliban
validation_unseen_organizations,201505170003,Taliban
validation_unseen_organizations,201505170013,Islamic State of Iraq and the Levant (ISIL)
validation_unseen_organizations,201505170017,Baloch Republican Army (BRA)
validation_unseen_organizations,201505170058,Islamic State of Iraq and the Levant (ISIL)
validation_unseen_organizations,201505170080,Islamic State of Iraq and the Levant (ISIL)
validation_unseen_organizations,201505170081,Islamic State of Iraq and the Levant (ISIL)
validation_unseen_organizations,201505180003,Taliban
validation_unseen_organizations,201505180010,Taliban
validation_unseen_organizations,201505180012,Taliban
validation_unseen_organizations,201505180068,Taliban
validation_unseen_organizations,201505180069,Taliban
validation_unseen_organizations,201505180070,Taliban
validation_unseen_organizations,201505180071,Taliban
validation_unseen_organizations,201505180072,Taliban
validation_unseen_organizations,201505180073,Taliban
validation_unseen_organizations,201505180074,Taliban
validation_unseen_organizations,201505180075,Taliban
validation_unseen_organizations,201505180076,Taliban
validation_unseen_organizations,201505180078,Taliban
validation_unseen_organizations,201505190005,Taliban
validation_unseen_organizations,201505190009,Islamic State of Iraq and the Levant (ISIL)
validation_unseen_organizations,201505190052,Taliban
validation_unseen_organizations,201505190054,Taliban
validation_unseen_organizations,201505190055,Taliban
validation_unseen_organizations,201505190056,Taliban
validation_unseen_organizations,201505190072,Taliban
validation_unseen_organizations,201505190079,Taliban
validation_unseen_organizations,201505200010,Tripoli Province of the Islamic State
validation_unseen_organizations,201505200015,Manipur Naga People's Army (MNPA)
validation_unseen_organizations,201505210001,Tripoli Province of the Islamic State
validation_unseen_organizations,201505210114,Taliban
validation_unseen_organizations,201505210115,Taliban
validation_unseen_organizations,201505220001,Najd Province of the Islamic State
validation_unseen_organizations,201505220010,Baloch Republican Army (BRA)
validation_unseen_organizations,201505220017,Islamic State of Iraq and the Levant (ISIL)
validation_unseen_organizations,201505220019,Taliban
validation_unseen_organizations,201505220078,Taliban
validation_unseen_organizations,201505230019,Taliban
validation_unseen_organizations,201505230032,Taliban
validation_unseen_organizations,201505230078,Taliban
validation_unseen_organizations,201505240005,Taliban
validation_unseen_organizations,201505240006,Islamic State of Iraq and the Levant (ISIL)
validation_unseen_organizations,201505240012,Islamic State of Iraq and the Levant (ISIL)
validation_unseen_organizations,201505240016,Islamic State of Iraq and the Levant (ISIL)
validation_unseen_organizations,201505240037,Taliban
validation_unseen_organizations,201505240038,Taliban
validation_unseen_organizations,201505240039,Taliban
validation_unseen_organizations,201505240040,Taliban
validation_unseen_organizations,201505240041,Taliban
validation_unseen_organizations,201505240042,Taliban
validation_unseen_organizations,201505240043,Taliban
validation_unseen_organizations,201505240044,Taliban
validation_unseen_organizations,201505240045,Taliban
validation_unseen_organizations,201505240046,Taliban
validation_unseen_organizations,201505240081,Islamic State of Iraq and the Levant (ISIL)
validation_unseen_organizations,201505240082,Islamic State of Iraq and the Levant (ISIL)
validation_unseen_organizations,201505240083,Islamic State of Iraq and the Levant (ISIL)
validation_unseen_organizations,201505240084,Islamic State of Iraq and the Levant (ISIL)
validation_unseen_organizations,201505240085,Islamic State of Iraq and the Levant (ISIL)
validation_unseen_organizations,201505240086,Islamic State of Iraq and the Levant (ISIL)
validation_unseen_organizations,201505250011,Taliban
validation_unseen_organizations,201505250046,Taliban
validation_unseen_organizations,201505250047,Taliban
validation_unseen_organizations,201505250050,Taliban
validation_unseen_organizations,201505250117,Taliban
validation_unseen_organizations,201505250118,Taliban
validation_unseen_organizations,201505250119,Taliban
validation_unseen_organizations,201505260007,Taliban
validation_unseen_organizations,201505260008,Taliban
validation_unseen_organizations,201505260012,Taliban
validation_unseen_organizations,201505260022,Taliban
validation_unseen_organizations,201505260075,Taliban
validation_unseen_organizations,201505260077,Taliban
validation_unseen_organizations,201505270038,Taliban
validation_unseen_organizations,201505270086,Taliban
validation_unseen_organizations,201505280080,Taliban
validation_unseen_organizations,201505280093,Taliban
validation_unseen_organizations,201505290001,Najd Province of the Islamic State
validation_unseen_organizations,201505290005,Islamic State of Iraq and the Levant (ISIL)
validation_unseen_organizations,201505290006,Islamic State of Iraq and the Levant (ISIL)
validation_unseen_organizations,201505290065,Taliban
validation_unseen_organizations,201505290067,Taliban
validation_unseen_organizations,201505290082,Taliban
validation_unseen_organizations,201505290083,Taliban
validation_unseen_organizations,201505290084,Taliban
validation_unseen_organizations,201505300056,Taliban
validation_unseen_organizations,201505300057,Taliban
validation_unseen_organizations,201505300084,Islamic State of Iraq and the Levant (ISIL)
validation_unseen_organizations,201505300085,Islamic State of Iraq and the Levant (ISIL)
validation_unseen_organizations,201505300086,Islamic State of Iraq and the Levant (ISIL)
validation_unseen_organizations,201505310001,Taliban
validation_unseen_organizations,201505310015,Tripoli Province of the Islamic State
validation_unseen_organizations,201505310060,Taliban
validation_unseen_organizations,201506010003,Islamic State of Iraq and the Levant (ISIL)
validation_unseen_organizations,201506010008,Islamic State of Iraq and the Levant (ISIL)
validation_unseen_organizations,201506010090,Islamic State of Iraq and the Levant (ISIL)
validation_unseen_organizations,201506020021,Islamic State of Iraq and the Levant (ISIL)
validation_unseen_organizations,201506020045,Taliban
validation_unseen_organizations,201506020048,Taliban
validation_unseen_organizations,201506020051,Taliban
validation_unseen_organizations,201506020055,Taliban
validation_unseen_organizations,201506020056,Taliban
validation_unseen_organizations,201506030082,Taliban
validation_unseen_organizations,201506030083,Taliban
validation_unseen_organizations,201506030084,Taliban
validation_unseen_organizations,201506030086,Taliban
validation_unseen_organizations,201506030087,Taliban
validation_unseen_organizations,201506030101,Islamic State of Iraq and the Levant (ISIL)
validation_unseen_organizations,201506040001,Islamic State of Iraq and the Levant (ISIL)
validation_unseen_organizations,201506040003,Islamic State of Iraq and the Levant (ISIL)
validation_unseen_organizations,201506040029,Islamic State of Iraq and the Levant (ISIL)
validation_unseen_organizations,201506040031,Islamic State of Iraq and the Levant (ISIL)
validation_unseen_organizations,201506050008,Islamic State of Iraq and the Levant (ISIL)
validation_unseen_organizations,201506050026,Taliban
validation_unseen_organizations,201506050027,Taliban
validation_unseen_organizations,201506060001,Islamic State of Iraq and the Levant (ISIL)
validation_unseen_organizations,201506060007,Islamic State of Iraq and the Levant (ISIL)
validation_unseen_organizations,201506060013,Islamic State of Iraq and the Levant (ISIL)
validation_unseen_organizations,201506060014,Islamic State of Iraq and the Levant (ISIL)
validation_unseen_organizations,201506060034,Baloch Republican Army (BRA)
validation_unseen_organizations,201506060056,Taliban
validation_unseen_organizations,201506070025,Taliban
validation_unseen_organizations,201506070030,Taliban
validation_unseen_organizations,201506070031,Taliban
validation_unseen_organizations,201506070032,Taliban
validation_unseen_organizations,201506070033,Taliban
validation_unseen_organizations,201506070034,Taliban
validation_unseen_organizations,201506070035,Taliban
validation_unseen_organizations,201506070036,Taliban
validation_unseen_organizations,201506070089,Taliban
validation_unseen_organizations,201506070090,Taliban
validation_unseen_organizations,201506070091,Taliban
validation_unseen_organizations,201506070092,Taliban
validation_unseen_organizations,201506070093,Taliban
validation_unseen_organizations,201506080003,Islamic State of Iraq and the Levant (ISIL)
validation_unseen_organizations,201506080010,Tripoli Province of the Islamic State
validation_unseen_organizations,201506080023,Taliban
validation_unseen_organizations,201506080062,Taliban
validation_unseen_organizations,201506090003,Islamic State of Iraq and the Levant (ISIL)
validation_unseen_organizations,201506090030,Islamic State of Iraq and the Levant (ISIL)
validation_unseen_organizations,201506090071,Tripoli Province of the Islamic State
validation_unseen_organizations,201506090088,Taliban
validation_unseen_organizations,201506090089,Taliban
validation_unseen_organizations,201506100001,Islamic State of Iraq and the Levant (ISIL)
validation_unseen_organizations,201506100017,Taliban
validation_unseen_organizations,201506110024,Taliban
validation_unseen_organizations,201506110026,Taliban
validation_unseen_organizations,201506120003,Islamic State of Iraq and the Levant (ISIL)
validation_unseen_organizations,201506130005,Islamic State of Iraq and the Levant (ISIL)
validation_unseen_organizations,201506130035,Islamic State of Iraq and the Levant (ISIL)
validation_unseen_organizations,201506130036,Islamic State of Iraq and the Levant (ISIL)
validation_unseen_organizations,201506130039,Taliban
validation_unseen_organizations,201506130041,Taliban
validation_unseen_organizations,201506130054,Islamic State of Iraq and the Levant (ISIL)
validation_unseen_organizations,201506130088,Taliban
validation_unseen_organizations,201506140002,Islamic State of Iraq and the Levant (ISIL)
validation_unseen_organizations,201506140011,Baloch Republican Army (BRA)
validation_unseen_organizations,201506150023,Taliban
validation_unseen_organizations,201506150045,Islamic State of Iraq and the Levant (ISIL)
validation_unseen_organizations,201506150073,Taliban
validation_unseen_organizations,201506160018,Baloch Republican Army (BRA)
validation_unseen_organizations,201506160019,Baloch Republican Army (BRA)
validation_unseen_organizations,201506160024,Taliban
validation_unseen_organizations,201506160025,Taliban
validation_unseen_organizations,201506160026,Taliban
validation_unseen_organizations,201506160027,Taliban
validation_unseen_organizations,201506160102,Taliban
validation_unseen_organizations,201506170043,Taliban
validation_unseen_organizations,201506170044,Taliban
validation_unseen_organizations,201506170079,Taliban
validation_unseen_organizations,201506170080,Taliban
validation_unseen_organizations,201506180021,Islamic State of Iraq and the Levant (ISIL)
validation_unseen_organizations,201506180022,Islamic State of Iraq and the Levant (ISIL)
validation_unseen_organizations,201506180023,Islamic State of Iraq and the Levant (ISIL)
validation_unseen_organizations,201506180087,National Democratic Front of Bodoland (NDFB)
validation_unseen_organizations,201506190007,Islamic State of Iraq and the Levant (ISIL)
validation_unseen_organizations,201506190062,Taliban
validation_unseen_organizations,201506200002,Taliban
validation_unseen_organizations,201506200026,Taliban
validation_unseen_organizations,201506210009,Taliban
validation_unseen_organizations,201506210017,Islamic State of Iraq and the Levant (ISIL)
validation_unseen_organizations,201506220029,Islamic State of Iraq and the Levant (ISIL)
validation_unseen_organizations,201506220030,Islamic State of Iraq and the Levant (ISIL)
validation_unseen_organizations,201506230004,Islamic State of Iraq and the Levant (ISIL)
validation_unseen_organizations,201506230023,Islamic State of Iraq and the Levant (ISIL)
validation_unseen_organizations,201506230024,Islamic State of Iraq and the Levant (ISIL)
validation_unseen_organizations,201506230025,Islamic State of Iraq and the Levant (ISIL)
validation_unseen_organizations,201506230049,Taliban
validation_unseen_organizations,201506230060,Islamic State of Iraq and the Levant (ISIL)
validation_unseen_organizations,201506240002,Islamic State of Iraq and the Levant (ISIL)
validation_unseen_organizations,201506240004,Islamic State of Iraq and the Levant (ISIL)
validation_unseen_organizations,201506240008,Islamic State of Iraq and the Levant (ISIL)
validation_unseen_organizations,201506240009,Islamic State of Iraq and the Levant (ISIL)
validation_unseen_organizations,201506240025,Taliban
validation_unseen_organizations,201506250004,Islamic State of Iraq and the Levant (ISIL)
validation_unseen_organizations,201506250031,Islamic State of Iraq and the Levant (ISIL)
validation_unseen_organizations,201506250052,Taliban
validation_unseen_organizations,201506250053,Taliban
validation_unseen_organizations,201506250057,Taliban
validation_unseen_organizations,201506250068,Taliban
validation_unseen_organizations,201506250069,Taliban
validation_unseen_organizations,201506260001,Najd Province of the Islamic State
validation_unseen_organizations,201506260009,Islamic State of Iraq and the Levant (ISIL)
validation_unseen_organizations,201506260034,Islamic State of Iraq and the Levant (ISIL)
validation_unseen_organizations,201506260039,Taliban
validation_unseen_organizations,201506270003,Islamic State of Iraq and the Levant (ISIL)
validation_unseen_organizations,201506270031,Taliban
validation_unseen_organizations,201506280059,Islamic State of Iraq and the Levant (ISIL)
validation_unseen_organizations,201506280060,Islamic State of Iraq and the Levant (ISIL)
validation_unseen_organizations,201506280061,Islamic State of Iraq and the Levant (ISIL)
validation_unseen_organizations,201506280062,Islamic State of Iraq and the Levant (ISIL)
validation_unseen_organizations,201506290004,Islamic State of Iraq and the Levant (ISIL)
validation_unseen_organizations,201506290021,Baloch Republican Army (BRA)
validation_unseen_organizations,201506290062,Islamic State of Iraq and the Levant (ISIL)
validation_unseen_organizations,201506300011,Taliban
validation_unseen_organizations,201506300012,Taliban
validation_unseen_organizations,201506300088,Taliban
validation_unseen_organizations,201507010002,Islamic State of Iraq and the Levant (ISIL)
validation_unseen_organizations,201507020004,Islamic State of Iraq and the Levant (ISIL)
validation_unseen_organizations,201507020006,Taliban
validation_unseen_organizations,201507020007,Taliban
validation_unseen_organizations,201507020008,Taliban
validation_unseen_organizations,201507020009,Taliban
validation_unseen_organizations,201507020010,Taliban
validation_unseen_organizations,201507020011,Taliban
validation_unseen_organizations,201507020049,Taliban
validation_unseen_organizations,201507020050,Taliban
validation_unseen_organizations,201507020051,Taliban
validation_unseen_organizations,201507020052,Taliban
validation_unseen_organizations,201507020053,Taliban
validation_unseen_organizations,201507020054,Taliban
validation_unseen_organizations,201507030057,Taliban
validation_unseen_organizations,201507040003,Islamic State of Iraq and the Levant (ISIL)
validation_unseen_organizations,201507040007,Baloch Republican Army (BRA)
validation_unseen_organizations,201507040010,Baloch Republican Army (BRA)
validation_unseen_organizations,201507040038,Islamic State of Iraq and the Levant (ISIL)
validation_unseen_organizations,201507040040,Islamic State of Iraq and the Levant (ISIL)
validation_unseen_organizations,201507040051,National Liberation Army of Colombia (ELN)
validation_unseen_organizations,201507040055,Taliban
validation_unseen_organizations,201507040057,Taliban
validation_unseen_organizations,201507040061,Taliban
validation_unseen_organizations,201507040063,Taliban
validation_unseen_organizations,201507040098,Islamic State of Iraq and the Levant (ISIL)
validation_unseen_organizations,201507050012,Islamic State of Iraq and the Levant (ISIL)
validation_unseen_organizations,201507050013,Islamic State of Iraq and the Levant (ISIL)
validation_unseen_organizations,201507050014,Islamic State of Iraq and the Levant (ISIL)
validation_unseen_organizations,201507060014,Islamic State of Iraq and the Levant (ISIL)
validation_unseen_organizations,201507060034,Islamic State of Iraq and the Levant (ISIL)
validation_unseen_organizations,201507060035,Islamic State of Iraq and the Levant (ISIL)
validation_unseen_organizations,201507060036,Islamic State of Iraq and the Levant (ISIL)
validation_unseen_organizations,201507060045,Tripoli Province of the Islamic State
validation_unseen_organizations,201507070031,Islamic State of Iraq and the Levant (ISIL)
validation_unseen_organizations,201507070032,Islamic State of Iraq and the Levant (ISIL)
validation_unseen_organizations,201507070034,Islamic State of Iraq and the Levant (ISIL)
validation_unseen_organizations,201507070053,Taliban
validation_unseen_organizations,201507070080,Taliban
validation_unseen_organizations,201507080014,Tripoli Province of the Islamic State
validation_unseen_organizations,201507080021,Islamic State of Iraq and the Levant (ISIL)
validation_unseen_organizations,201507080045,Islamic State of Iraq and the Levant (ISIL)
validation_unseen_organizations,201507080058,Taliban
validation_unseen_organizations,201507090040,Islamic State of Iraq and the Levant (ISIL)
validation_unseen_organizations,201507090051,Taliban
validation_unseen_organizations,201507090065,Lashkar-e-Islam (Pakistan)
validation_unseen_organizations,201507100031,Baloch Republican Army (BRA)
validation_unseen_organizations,201507100044,Islamic State of Iraq and the Levant (ISIL)
validation_unseen_organizations,201507100050,Islamic State of Iraq and the Levant (ISIL)
validation_unseen_organizations,201507100066,Islamic State of Iraq and the Levant (ISIL)
validation_unseen_organizations,201507110019,Islamic State of Iraq and the Levant (ISIL)
validation_unseen_organizations,201507110054,Taliban
validation_unseen_organizations,201507110056,Taliban
validation_unseen_organizations,201507120005,Tripoli Province of the Islamic State
validation_unseen_organizations,201507120006,Tripoli Province of the Islamic State
validation_unseen_organizations,201507120007,Tripoli Province of the Islamic State
validation_unseen_organizations,201507120008,Tripoli Province of the Islamic State
validation_unseen_organizations,201507120009,Tripoli Province of the Islamic State
validation_unseen_organizations,201507120010,Tripoli Province of the Islamic State
validation_unseen_organizations,201507120011,Tripoli Province of the Islamic State
validation_unseen_organizations,201507120012,Tripoli Province of the Islamic State
validation_unseen_organizations,201507120013,Tripoli Province of the Islamic State
validation_unseen_organizations,201507120014,Tripoli Province of the Islamic State
validation_unseen_organizations,201507120015,Tripoli Province of the Islamic State
validation_unseen_organizations,201507120016,Tripoli Province of the Islamic State
validation_unseen_organizations,201507120019,Islamic State of Iraq and the Levant (ISIL)
validation_unseen_organizations,201507120025,Islamic State of Iraq and the Levant (ISIL)
validation_unseen_organizations,201507120026,Islamic State of Iraq and the Levant (ISIL)
validation_unseen_organizations,201507120029,Islamic State of Iraq and the Levant (ISIL)
validation_unseen_organizations,201507120031,Islamic State of Iraq and the Levant (ISIL)
validation_unseen_organizations,201507130008,Islamic State of Iraq and the Levant (ISIL)
validation_unseen_organizations,201507130070,Taliban
validation_unseen_organizations,201507140013,Islamic State of Iraq and the Levant (ISIL)
validation_unseen_organizations,201507140018,Islamic State of Iraq and the Levant (ISIL)
validation_unseen_organizations,201507160024,Najd Province of the Islamic State
validation_unseen_organizations,201507160025,Najd Province of the Islamic State
validation_unseen_organizations,201507160043,Jaish al-Fatah (Syria)
validation_unseen_organizations,201507160044,Jaish al-Fatah (Syria)
validation_unseen_organizations,201507160054,Islamic State of Iraq and the Levant (ISIL)
validation_unseen_organizations,201507170003,Tripoli Province of the Islamic State
validation_unseen_organizations,201507170035,Islamic State of Iraq and the Levant (ISIL)
validation_unseen_organizations,201507180011,Tripoli Province of the Islamic State
validation_unseen_organizations,201507180045,Islamic State of Iraq and the Levant (ISIL)
validation_unseen_organizations,201507190059,Islamic State of Iraq and the Levant (ISIL)
validation_unseen_organizations,201507200005,Islamic State of Iraq and the Levant (ISIL)
validation_unseen_organizations,201507210010,Islamic State of Iraq and the Levant (ISIL)
validation_unseen_organizations,201507210025,Islamic State of Iraq and the Levant (ISIL)
validation_unseen_organizations,201507210054,Islamic State of Iraq and the Levant (ISIL)
validation_unseen_organizations,201507210055,Islamic State of Iraq and the Levant (ISIL)
validation_unseen_organizations,201507210059,Islamic State of Iraq and the Levant (ISIL)
validation_unseen_organizations,201507210067,Islamic State of Iraq and the Levant (ISIL)
validation_unseen_organizations,201507210111,Islamic State of Iraq and the Levant (ISIL)
validation_unseen_organizations,201507220040,Islamic State of Iraq and the Levant (ISIL)
validation_unseen_organizations,201507220044,Islamic State of Iraq and the Levant (ISIL)
validation_unseen_organizations,201507220045,Islamic State of Iraq and the Levant (ISIL)
validation_unseen_organizations,201507230035,Islamic State of Iraq and the Levant (ISIL)
validation_unseen_organizations,201507230070,Taliban
validation_unseen_organizations,201507240062,Taliban
validation_unseen_organizations,201507250047,Islamic State of Iraq and the Levant (ISIL)
validation_unseen_organizations,201507250048,Islamic State of Iraq and the Levant (ISIL)
validation_unseen_organizations,201507250050,Islamic State of Iraq and the Levant (ISIL)
validation_unseen_organizations,201507250058,Islamic State of Iraq and the Levant (ISIL)
validation_unseen_organizations,201507250064,Islamic State of Iraq and the Levant (ISIL)
validation_unseen_organizations,201507250101,Taliban
validation_unseen_organizations,201507260014,Baloch Republican Army (BRA)
validation_unseen_organizations,201507260041,Islamic State of Iraq and the Levant (ISIL)
validation_unseen_organizations,201507260089,Taliban
validation_unseen_organizations,201507260091,Taliban
validation_unseen_organizations,201507270019,Islamic State of Iraq and the Levant (ISIL)
validation_unseen_organizations,201507270102,Taliban
validation_unseen_organizations,201507280101,Taliban
validation_unseen_organizations,201507280107,Taliban
validation_unseen_organizations,201507290071,Taliban
validation_unseen_organizations,201507290077,Taliban
validation_unseen_organizations,201507300082,Islamic State of Iraq and the Levant (ISIL)
validation_unseen_organizations,201508010036,Taliban
validation_unseen_organizations,201508020007,Islamic State of Iraq and the Levant (ISIL)
validation_unseen_organizations,201508040005,Islamic State of Iraq and the Levant (ISIL)
validation_unseen_organizations,201508040018,Islamic State of Iraq and the Levant (ISIL)
validation_unseen_organizations,201508040104,Islamic State of Iraq and the Levant (ISIL)
validation_unseen_organizations,201508050004,Islamic State of Iraq and the Levant (ISIL)
validation_unseen_organizations,201508050064,Taliban
validation_unseen_organizations,201508050065,Taliban
validation_unseen_organizations,201508060067,Taliban
validation_unseen_organizations,201508060068,Taliban
validation_unseen_organizations,201508070021,Taliban
validation_unseen_organizations,201508070022,Taliban
validation_unseen_organizations,201508070068,National Socialist Council of Nagaland-Khaplang (NSCN-K)
validation_unseen_organizations,201508080042,Taliban
validation_unseen_organizations,201508080097,Baloch Republican Army (BRA)
validation_unseen_organizations,201508090018,Taliban
validation_unseen_organizations,201508090107,Islamic State of Iraq and the Levant (ISIL)
validation_unseen_organizations,201508100001,Islamic State of Iraq and the Levant (ISIL)
validation_unseen_organizations,201508100002,Islamic State of Iraq and the Levant (ISIL)
validation_unseen_organizations,201508100009,Taliban
validation_unseen_organizations,201508100022,Baloch Republican Army (BRA)
validation_unseen_organizations,201508100037,Taliban
validation_unseen_organizations,201508110013,Taliban
validation_unseen_organizations,201508110014,Taliban
validation_unseen_organizations,201508110027,Islamic State of Iraq and the Levant (ISIL)
validation_unseen_organizations,201508120081,Taliban
validation_unseen_organizations,201508130001,Islamic State of Iraq and the Levant (ISIL)
validation_unseen_organizations,201508130019,Taliban
validation_unseen_organizations,201508130021,Taliban
validation_unseen_organizations,201508130022,Taliban
validation_unseen_organizations,201508130036,Taliban
validation_unseen_organizations,201508140010,Baloch Republican Army (BRA)
validation_unseen_organizations,201508140081,Islamic State of Iraq and the Levant (ISIL)
validation_unseen_organizations,201508140164,Taliban
validation_unseen_organizations,201508150019,Islamic State of Iraq and the Levant (ISIL)
validation_unseen_organizations,201508150034,Islamic State of Iraq and the Levant (ISIL)
validation_unseen_organizations,201508160017,Islamic State of Iraq and the Levant (ISIL)
validation_unseen_organizations,201508160022,Islamic State of Iraq and the Levant (ISIL)
validation_unseen_organizations,201508160023,Islamic State of Iraq and the Levant (ISIL)
validation_unseen_organizations,201508160091,Islamic State of Iraq and the Levant (ISIL)
validation_unseen_organizations,201508170038,Islamic State of Iraq and the Levant (ISIL)
validation_unseen_organizations,201508170039,Islamic State of Iraq and the Levant (ISIL)
validation_unseen_organizations,201508170040,Islamic State of Iraq and the Levant (ISIL)
validation_unseen_organizations,201508170041,Islamic State of Iraq and the Levant (ISIL)
validation_unseen_organizations,201508180018,Islamic State of Iraq and the Levant (ISIL)
validation_unseen_organizations,201508180075,Islamic State of Iraq and the Levant (ISIL)
validation_unseen_organizations,201508190019,Islamic State of Iraq and the Levant (ISIL)
validation_unseen_organizations,201508190020,Islamic State of Iraq and the Levant (ISIL)
validation_unseen_organizations,201508190032,Taliban
validation_unseen_organizations,201508190036,Islamic State of Iraq and the Levant (ISIL)
validation_unseen_organizations,201508190051,Islamic State of Iraq and the Levant (ISIL)
validation_unseen_organizations,201508200006,Islamic State of Iraq and the Levant (ISIL)
validation_unseen_organizations,201508200010,Islamic State of Iraq and the Levant (ISIL)
validation_unseen_organizations,201508200025,Taliban
validation_unseen_organizations,201508200036,Islamic State of Iraq and the Levant (ISIL)
validation_unseen_organizations,201508210001,Baloch Republican Army (BRA)
validation_unseen_organizations,201508210009,Baloch Republican Army (BRA)
validation_unseen_organizations,201508210028,Taliban
validation_unseen_organizations,201508210035,Islamic State of Iraq and the Levant (ISIL)
validation_unseen_organizations,201508220053,National Socialist Council of Nagaland-Khaplang (NSCN-K)
validation_unseen_organizations,201508230023,Islamic State of Iraq and the Levant (ISIL)
validation_unseen_organizations,201508230054,Islamic State of Iraq and the Levant (ISIL)
validation_unseen_organizations,201508230061,Islamic State of Iraq and the Levant (ISIL)
validation_unseen_organizations,201508240025,Taliban
validation_unseen_organizations,201508240042,Islamic State of Iraq and the Levant (ISIL)
validation_unseen_organizations,201508240043,Islamic State of Iraq and the Levant (ISIL)
validation_unseen_organizations,201508250008,Taliban
validation_unseen_organizations,201508250047,Taliban
validation_unseen_organizations,201508250048,Taliban
validation_unseen_organizations,201508250049,Taliban
validation_unseen_organizations,201508250050,Taliban
validation_unseen_organizations,201508260008,Islamic State of Iraq and the Levant (ISIL)
validation_unseen_organizations,201508270029,Islamic State of Iraq and the Levant (ISIL)
validation_unseen_organizations,201508270043,Taliban
validation_unseen_organizations,201508270044,Taliban
validation_unseen_organizations,201508280005,Taliban
validation_unseen_organizations,201508280018,Islamic State of Iraq and the Levant (ISIL)
validation_unseen_organizations,201508280020,Taliban
validation_unseen_organizations,201508280021,Taliban
validation_unseen_organizations,201508280037,Taliban
validation_unseen_organizations,201508290014,Islamic State of Iraq and the Levant (ISIL)
validation_unseen_organizations,201508290020,Islamic State of Iraq and the Levant (ISIL)
validation_unseen_organizations,201508290021,Islamic State of Iraq and the Levant (ISIL)
validation_unseen_organizations,201508290022,Islamic State of Iraq and the Levant (ISIL)
validation_unseen_organizations,201508290023,Taliban
validation_unseen_organizations,201508290029,Taliban
validation_unseen_organizations,201508290040,Islamic State of Iraq and the Levant (ISIL)
validation_unseen_organizations,201508300014,Taliban
validation_unseen_organizations,201508300032,Islamic State of Iraq and the Levant (ISIL)
validation_unseen_organizations,201508300052,Islamic State of Iraq and the Levant (ISIL)
validation_unseen_organizations,201508300056,Islamic State of Iraq and the Levant (ISIL)
validation_unseen_organizations,201508300057,Islamic State of Iraq and the Levant (ISIL)
validation_unseen_organizations,201508310003,Tripoli Province of the Islamic State
validation_unseen_organizations,201508310026,Taliban
validation_unseen_organizations,201508310038,Taliban
validation_unseen_organizations,201509010019,Islamic State of Iraq and the Levant (ISIL)
validation_unseen_organizations,201509010020,Islamic State of Iraq and the Levant (ISIL)
validation_unseen_organizations,201509010021,Islamic State of Iraq and the Levant (ISIL)
validation_unseen_organizations,201509020021,Taliban
validation_unseen_organizations,201509020041,National Liberation Army of Colombia (ELN)
validation_unseen_organizations,201509020054,Shamiya Front
validation_unseen_organizations,201509030001,Baloch Republican Army (BRA)
validation_unseen_organizations,201509030005,Taliban
validation_unseen_organizations,201509030007,Taliban
validation_unseen_organizations,201509050014,Islamic State of Iraq and the Levant (ISIL)
validation_unseen_organizations,201509050015,Islamic State of Iraq and the Levant (ISIL)
validation_unseen_organizations,201509050030,Taliban
validation_unseen_organizations,201509050032,Taliban
validation_unseen_organizations,201509050035,Taliban
validation_unseen_organizations,201509050039,Taliban
validation_unseen_organizations,201509050082,People's Liberation Army (India)
validation_unseen_organizations,201509060009,Islamic State of Iraq and the Levant (ISIL)
validation_unseen_organizations,201509060035,Lashkar-e-Islam (Pakistan)
validation_unseen_organizations,201509070006,Taliban
validation_unseen_organizations,201509070014,Taliban
validation_unseen_organizations,201509070020,Taliban
validation_unseen_organizations,201509070021,Taliban
validation_unseen_organizations,201509070058,Islamic State of Iraq and the Levant (ISIL)
validation_unseen_organizations,201509070073,Islamic State of Iraq and the Levant (ISIL)
validation_unseen_organizations,201509080004,Taliban
validation_unseen_organizations,201509080005,Taliban
validation_unseen_organizations,201509080010,Baloch Republican Army (BRA)
validation_unseen_organizations,201509090003,Taliban
validation_unseen_organizations,201509090016,Islamic State of Iraq and the Levant (ISIL)
validation_unseen_organizations,201509090048,Islamic State of Iraq and the Levant (ISIL)
validation_unseen_organizations,201509090057,National Liberation Army of Colombia (ELN)
validation_unseen_organizations,201509090082,Shining Path (SL)
validation_unseen_organizations,201509090083,Shining Path (SL)
validation_unseen_organizations,201509100001,Taliban
validation_unseen_organizations,201509100003,Taliban
validation_unseen_organizations,201509100013,Islamic State of Iraq and the Levant (ISIL)
validation_unseen_organizations,201509110001,Taliban
validation_unseen_organizations,201509110005,Taliban
validation_unseen_organizations,201509110009,Taliban
validation_unseen_organizations,201509110010,Taliban
validation_unseen_organizations,201509110011,Taliban
validation_unseen_organizations,201509110017,Islamic State of Iraq and the Levant (ISIL)
validation_unseen_organizations,201509120004,Taliban
validation_unseen_organizations,201509120009,Islamic State of Iraq and the Levant (ISIL)
validation_unseen_organizations,201509120017,Islamic State of Iraq and the Levant (ISIL)
validation_unseen_organizations,201509120018,Islamic State of Iraq and the Levant (ISIL)
validation_unseen_organizations,201509130012,Islamic State of Iraq and the Levant (ISIL)
validation_unseen_organizations,201509130013,Baloch Republican Army (BRA)
validation_unseen_organizations,201509140005,Taliban
validation_unseen_organizations,201509140011,Baloch Republican Army (BRA)
validation_unseen_organizations,201509140039,Islamic State of Iraq and the Levant (ISIL)
validation_unseen_organizations,201509140069,Islamic State of Iraq and the Levant (ISIL)
validation_unseen_organizations,201509150002,Taliban
validation_unseen_organizations,201509150044,Islamic State of Iraq and the Levant (ISIL)
validation_unseen_organizations,201509160010,Taliban
validation_unseen_organizations,201509160023,Taliban
validation_unseen_organizations,201509160035,Taliban
validation_unseen_organizations,201509160074,Taliban
validation_unseen_organizations,201509170002,Islamic State of Iraq and the Levant (ISIL)
validation_unseen_organizations,201509170003,Islamic State of Iraq and the Levant (ISIL)
validation_unseen_organizations,201509170028,Taliban
validation_unseen_organizations,201509170029,Taliban
validation_unseen_organizations,201509170030,Taliban
validation_unseen_organizations,201509170071,Taliban
validation_unseen_organizations,201509180006,Tripoli Province of the Islamic State
validation_unseen_organizations,201509180008,Taliban
validation_unseen_organizations,201509180009,Taliban
validation_unseen_organizations,201509180010,Taliban
validation_unseen_organizations,201509180027,Taliban
validation_unseen_organizations,201509200017,Taliban
validation_unseen_organizations,201509200079,Islamic State of Iraq and the Levant (ISIL)
validation_unseen_organizations,201509210007,Islamic State of Iraq and the Levant (ISIL)
validation_unseen_organizations,201509210008,Islamic State of Iraq and the Levant (ISIL)
validation_unseen_organizations,201509210017,Islamic State of Iraq and the Levant (ISIL)
validation_unseen_organizations,201509210037,Islamic State of Iraq and the Levant (ISIL)
validation_unseen_organizations,201509220006,Taliban
validation_unseen_organizations,201509220007,Taliban
validation_unseen_organizations,201509220023,Islamic State of Iraq and the Levant (ISIL)
validation_unseen_organizations,201509220025,Islamic State of Iraq and the Levant (ISIL)
validation_unseen_organizations,201509220038,Taliban
validation_unseen_organizations,201509230023,Islamic State of Iraq and the Levant (ISIL)
validation_unseen_organizations,201509230033,Taliban
validation_unseen_organizations,201509240029,Islamic State of Iraq and the Levant (ISIL)
validation_unseen_organizations,201509240030,Islamic State of Iraq and the Levant (ISIL)
validation_unseen_organizations,201509240036,Islamic State of Iraq and the Levant (ISIL)
validation_unseen_organizations,201509260004,Taliban
validation_unseen_organizations,201509260020,Islamic State of Iraq and the Levant (ISIL)
validation_unseen_organizations,201509270003,Taliban
validation_unseen_organizations,201509270044,Islamic State of Iraq and the Levant (ISIL)
validation_unseen_organizations,201509280034,Islamic State of Iraq and the Levant (ISIL)
validation_unseen_organizations,201509280037,Taliban
validation_unseen_organizations,201509280075,Taliban
validation_unseen_organizations,201509280076,Taliban
validation_unseen_organizations,201509290007,Taliban
validation_unseen_organizations,201509290017,Islamic State of Iraq and the Levant (ISIL)
validation_unseen_organizations,201509290020,Islamic State of Iraq and the Levant (ISIL)
validation_unseen_organizations,201509290042,Taliban
validation_unseen_organizations,201509290043,Taliban
validation_unseen_organizations,201509290045,Taliban
validation_unseen_organizations,201509300023,Islamic State of Iraq and the Levant (ISIL)
validation_unseen_organizations,201509300028,Tripoli Province of the Islamic State
validation_unseen_organizations,201509300093,Taliban
validation_unseen_organizations,201510020009,Islamic State of Iraq and the Levant (ISIL)
validation_unseen_organizations,201510020021,Taliban
validation_unseen_organizations,201510020041,Taliban
validation_unseen_organizations,201510020044,Taliban
validation_unseen_organizations,201510030013,Islamic State of Iraq and the Levant (ISIL)
validation_unseen_organizations,201510030035,Taliban
validation_unseen_organizations,201510040001,Taliban
validation_unseen_organizations,201510040014,Islamic State of Iraq and the Levant (ISIL)
validation_unseen_organizations,201510050010,Islamic State of Iraq and the Levant (ISIL)
validation_unseen_organizations,201510050011,Islamic State of Iraq and the Levant (ISIL)
validation_unseen_organizations,201510050012,Islamic State of Iraq and the Levant (ISIL)
validation_unseen_organizations,201510050014,Islamic State of Iraq and the Levant (ISIL)
validation_unseen_organizations,201510050018,Taliban
validation_unseen_organizations,201510050029,Taliban
validation_unseen_organizations,201510060062,Shining Path (SL)
validation_unseen_organizations,201510070007,Islamic State of Iraq and the Levant (ISIL)
validation_unseen_organizations,201510070013,Islamic State of Iraq and the Levant (ISIL)
validation_unseen_organizations,201510070014,Islamic State of Iraq and the Levant (ISIL)
validation_unseen_organizations,201510070029,Hamas (Islamic Resistance Movement)
validation_unseen_organizations,201510070039,Tripoli Province of the Islamic State
validation_unseen_organizations,201510070065,Lashkar-e-Islam (Pakistan)
validation_unseen_organizations,201510080048,Taliban
validation_unseen_organizations,201510080066,Taliban
validation_unseen_organizations,201510080067,Taliban
validation_unseen_organizations,201510100009,Islamic State of Iraq and the Levant (ISIL)
validation_unseen_organizations,201510110001,Taliban
validation_unseen_organizations,201510110031,Taliban
validation_unseen_organizations,201510110033,Taliban
validation_unseen_organizations,201510120012,Islamic State of Iraq and the Levant (ISIL)
validation_unseen_organizations,201510120034,Taliban
validation_unseen_organizations,201510120036,Taliban
validation_unseen_organizations,201510120049,Islamic State of Iraq and the Levant (ISIL)
validation_unseen_organizations,201510120059,Islamic State of Iraq and the Levant (ISIL)
validation_unseen_organizations,201510120081,Taliban
validation_unseen_organizations,201510130013,Islamic State of Iraq and the Levant (ISIL)
validation_unseen_organizations,201510130015,Islamic State of Iraq and the Levant (ISIL)
validation_unseen_organizations,201510130022,Taliban
validation_unseen_organizations,201510130028,Tripoli Province of the Islamic State
validation_unseen_organizations,201510130047,Taliban
validation_unseen_organizations,201510130051,Islamic State of Iraq and the Levant (ISIL)
validation_unseen_organizations,201510140008,Islamic State of Iraq and the Levant (ISIL)
validation_unseen_organizations,201510140011,Taliban
validation_unseen_organizations,201510140012,Taliban
validation_unseen_organizations,201510140013,Taliban
validation_unseen_organizations,201510140014,Taliban
validation_unseen_organizations,201510140032,Taliban
validation_unseen_organizations,201510150003,Islamic State of Iraq and the Levant (ISIL)
validation_unseen_organizations,201510150005,Islamic State of Iraq and the Levant (ISIL)
validation_unseen_organizations,201510150037,Taliban
validation_unseen_organizations,201510150038,Taliban
validation_unseen_organizations,201510150068,Islamic State of Iraq and the Levant (ISIL)
validation_unseen_organizations,201510160002,Tripoli Province of the Islamic State
validation_unseen_organizations,201510160061,Taliban
validation_unseen_organizations,201510160065,Taliban
validation_unseen_organizations,201510160068,Taliban
validation_unseen_organizations,201510160069,Taliban
validation_unseen_organizations,201510170010,Islamic State of Iraq and the Levant (ISIL)
validation_unseen_organizations,201510170064,Islamic State of Iraq and the Levant (ISIL)
validation_unseen_organizations,201510170065,Islamic State of Iraq and the Levant (ISIL)
validation_unseen_organizations,201510180058,Taliban
validation_unseen_organizations,201510180059,Taliban
validation_unseen_organizations,201510180060,Taliban
validation_unseen_organizations,201510180088,Taliban
validation_unseen_organizations,201510190008,Islamic State of Iraq and the Levant (ISIL)
validation_unseen_organizations,201510190044,Jaish al-Fatah (Syria)
validation_unseen_organizations,201510200013,Taliban
validation_unseen_organizations,201510200015,Islamic State of Iraq and the Levant (ISIL)
validation_unseen_organizations,201510200033,Taliban
validation_unseen_organizations,201510200034,Taliban
validation_unseen_organizations,201510210002,Taliban
validation_unseen_organizations,201510210018,Taliban
validation_unseen_organizations,201510210031,Hamas (Islamic Resistance Movement)
validation_unseen_organizations,201510210041,Taliban
validation_unseen_organizations,201510220003,Taliban
validation_unseen_organizations,201510220023,Islamic State of Iraq and the Levant (ISIL)
validation_unseen_organizations,201510240013,Islamic State of Iraq and the Levant (ISIL)
validation_unseen_organizations,201510240017,Islamic State of Iraq and the Levant (ISIL)
validation_unseen_organizations,201510240018,Islamic State of Iraq and the Levant (ISIL)
validation_unseen_organizations,201510260003,National Liberation Army of Colombia (ELN)
validation_unseen_organizations,201510260008,Islamic State of Iraq and the Levant (ISIL)
validation_unseen_organizations,201510260010,Islamic State of Iraq and the Levant (ISIL)
validation_unseen_organizations,201510260023,People's Liberation Army (India)
validation_unseen_organizations,201510270006,Taliban
validation_unseen_organizations,201510270007,Taliban
validation_unseen_organizations,201510270008,Taliban
validation_unseen_organizations,201510270012,Islamic State of Iraq and the Levant (ISIL)
validation_unseen_organizations,201510270037,Islamic State of Iraq and the Levant (ISIL)
validation_unseen_organizations,201510270098,Islamic State of Iraq and the Levant (ISIL)
validation_unseen_organizations,201510280014,Islamic State of Iraq and the Levant (ISIL)
validation_unseen_organizations,201510280022,Islamic State of Iraq and the Levant (ISIL)
validation_unseen_organizations,201510280025,Taliban
validation_unseen_organizations,201510280026,Taliban
validation_unseen_organizations,201510280027,Taliban
validation_unseen_organizations,201510300015,Islamic State of Iraq and the Levant (ISIL)
validation_unseen_organizations,201510300017,Islamic State of Iraq and the Levant (ISIL)
validation_unseen_organizations,201510300018,Islamic State of Iraq and the Levant (ISIL)
validation_unseen_organizations,201510300030,Islamic State of Iraq and the Levant (ISIL)
validation_unseen_organizations,201510300051,Taliban
validation_unseen_organizations,201510310005,Taliban
validation_unseen_organizations,201510310006,Taliban
validation_unseen_organizations,201510310010,Islamic State of Iraq and the Levant (ISIL)
validation_unseen_organizations,201510310021,Islamic State of Iraq and the Levant (ISIL)
validation_unseen_organizations,201510310022,Islamic State of Iraq and the Levant (ISIL)
validation_unseen_organizations,201510310031,Taliban
validation_unseen_organizations,201510310044,Taliban
validation_unseen_organizations,201510310064,Pagan Sect of the Mountain
validation_unseen_organizations,201510310065,Pagan Sect of the Mountain
validation_unseen_organizations,201510310066,Pagan Sect of the Mountain
validation_unseen_organizations,201510310067,Pagan Sect of the Mountain
validation_unseen_organizations,201510310068,Pagan Sect of the Mountain
validation_unseen_organizations,201510310069,Pagan Sect of the Mountain
validation_unseen_organizations,201510310070,Pagan Sect of the Mountain
validation_unseen_organizations,201510310071,Pagan Sect of the Mountain
validation_unseen_organizations,201510310072,Pagan Sect of the Mountain
validation_unseen_organizations,201511010023,Taliban
validation_unseen_organizations,201511010065,Islamic State of Iraq and the Levant (ISIL)
validation_unseen_organizations,201511020035,Islamic State of Iraq and the Levant (ISIL)
validation_unseen_organizations,201511020060,Islamic State of Iraq and the Levant (ISIL)
validation_unseen_organizations,201511030015,Taliban
validation_unseen_organizations,201511030016,Taliban
validation_unseen_organizations,201511040034,Islamic State of Iraq and the Levant (ISIL)
validation_unseen_organizations,201511050008,Taliban
validation_unseen_organizations,201511050011,Taliban
validation_unseen_organizations,201511050033,Islamic State of Iraq and the Levant (ISIL)
validation_unseen_organizations,201511050037,Taliban
validation_unseen_organizations,201511050038,Taliban
validation_unseen_organizations,201511060013,Islamic State of Iraq and the Levant (ISIL)
validation_unseen_organizations,201511060018,Taliban
validation_unseen_organizations,201511060023,Islamic State of Iraq and the Levant (ISIL)
validation_unseen_organizations,201511060031,Islamic State of Iraq and the Levant (ISIL)
validation_unseen_organizations,201511060033,Taliban
validation_unseen_organizations,201511060044,National Liberation Army of Colombia (ELN)
validation_unseen_organizations,201511070012,Islamic State of Iraq and the Levant (ISIL)
validation_unseen_organizations,201511070019,Islamic State of Iraq and the Levant (ISIL)
validation_unseen_organizations,201511080011,Taliban
validation_unseen_organizations,201511080015,Islamic State of Iraq and the Levant (ISIL)
validation_unseen_organizations,201511080022,Islamic State of Iraq and the Levant (ISIL)
validation_unseen_organizations,201511080027,Taliban
validation_unseen_organizations,201511080051,Islamic State of Iraq and the Levant (ISIL)
validation_unseen_organizations,201511090004,Islamic State of Iraq and the Levant (ISIL)
validation_unseen_organizations,201511090019,Islamic State of Iraq and the Levant (ISIL)
validation_unseen_organizations,201511090022,Taliban
validation_unseen_organizations,201511110003,Taliban
validation_unseen_organizations,201511110022,Islamic State of Iraq and the Levant (ISIL)
validation_unseen_organizations,201511110037,Taliban
validation_unseen_organizations,201511110041,Taliban
validation_unseen_organizations,201511120001,Islamic State of Iraq and the Levant (ISIL)
validation_unseen_organizations,201511120002,Islamic State of Iraq and the Levant (ISIL)
validation_unseen_organizations,201511120033,Taliban
validation_unseen_organizations,201511130002,Islamic State of Iraq and the Levant (ISIL)
validation_unseen_organizations,201511130003,Islamic State of Iraq and the Levant (ISIL)
validation_unseen_organizations,201511130004,Islamic State of Iraq and the Levant (ISIL)
validation_unseen_organizations,201511130005,Islamic State of Iraq and the Levant (ISIL)
validation_unseen_organizations,201511130006,Islamic State of Iraq and the Levant (ISIL)
validation_unseen_organizations,201511130007,Islamic State of Iraq and the Levant (ISIL)
validation_unseen_organizations,201511130008,Islamic State of Iraq and the Levant (ISIL)
validation_unseen_organizations,201511130009,Islamic State of Iraq and the Levant (ISIL)
validation_unseen_organizations,201511130020,Islamic State of Iraq and the Levant (ISIL)
validation_unseen_organizations,201511130022,Islamic State of Iraq and the Levant (ISIL)
validation_unseen_organizations,201511130025,Islamic State of Iraq and the Levant (ISIL)
validation_unseen_organizations,201511130038,Islamic State of Iraq and the Levant (ISIL)
validation_unseen_organizations,201511130067,Taliban
validation_unseen_organizations,201511140023,Islamic State of Iraq and the Levant (ISIL)
validation_unseen_organizations,201511140024,Islamic State of Iraq and the Levant (ISIL)
validation_unseen_organizations,201511150001,Taliban
validation_unseen_organizations,201511150034,Islamic State of Iraq and the Levant (ISIL)
validation_unseen_organizations,201511150040,Islamic State of Iraq and the Levant (ISIL)
validation_unseen_organizations,201511150042,Taliban
validation_unseen_organizations,201511180019,Islamic State of Iraq and the Levant (ISIL)
validation_unseen_organizations,201511180044,Taliban
validation_unseen_organizations,201511180057,Islamic State of Iraq and the Levant (ISIL)
validation_unseen_organizations,201511180058,Islamic State of Iraq and the Levant (ISIL)
validation_unseen_organizations,201511200002,Taliban
validation_unseen_organizations,201511200003,Taliban
validation_unseen_organizations,201511200019,Taliban
validation_unseen_organizations,201511200024,Islamic State of Iraq and the Levant (ISIL)
validation_unseen_organizations,201511200025,Islamic State of Iraq and the Levant (ISIL)
validation_unseen_organizations,201511210006,Taliban
validation_unseen_organizations,201511210050,Taliban
validation_unseen_organizations,201511220006,Taliban
validation_unseen_organizations,201511230031,Islamic State of Iraq and the Levant (ISIL)
validation_unseen_organizations,201511230032,Islamic State of Iraq and the Levant (ISIL)
validation_unseen_organizations,201511230039,Islamic State of Iraq and the Levant (ISIL)
validation_unseen_organizations,201511230044,Islamic State of Iraq and the Levant (ISIL)
validation_unseen_organizations,201511230045,Islamic State of Iraq and the Levant (ISIL)
validation_unseen_organizations,201511230048,Islamic State of Iraq and the Levant (ISIL)
validation_unseen_organizations,201511230049,Islamic State of Iraq and the Levant (ISIL)
validation_unseen_organizations,201511230056,Taliban
validation_unseen_organizations,201511230068,Islamic State of Iraq and the Levant (ISIL)
validation_unseen_organizations,201511240005,Tripoli Province of the Islamic State
validation_unseen_organizations,201511240006,Taliban
validation_unseen_organizations,201511240011,Taliban
validation_unseen_organizations,201511240016,Taliban
validation_unseen_organizations,201511240075,National Democratic Front of Bodoland (NDFB)
validation_unseen_organizations,201511250007,Taliban
validation_unseen_organizations,201511250035,Islamic State of Iraq and the Levant (ISIL)
validation_unseen_organizations,201511270002,Taliban
validation_unseen_organizations,201511270022,Taliban
validation_unseen_organizations,201511270038,Taliban
validation_unseen_organizations,201511270041,Taliban
validation_unseen_organizations,201511280002,Taliban
validation_unseen_organizations,201511280024,Islamic State of Iraq and the Levant (ISIL)
validation_unseen_organizations,201511280033,Islamic State of Iraq and the Levant (ISIL)
validation_unseen_organizations,201511300012,Islamic State of Iraq and the Levant (ISIL)
validation_unseen_organizations,201511300024,Taliban
validation_unseen_organizations,201511300025,Taliban
validation_unseen_organizations,201511300026,Taliban
validation_unseen_organizations,201511300027,Taliban
validation_unseen_organizations,201511300039,Islamic State of Iraq and the Levant (ISIL)
validation_unseen_organizations,201512030013,Islamic State of Iraq and the Levant (ISIL)
validation_unseen_organizations,201512030014,Islamic State of Iraq and the Levant (ISIL)
validation_unseen_organizations,201512030015,Islamic State of Iraq and the Levant (ISIL)
validation_unseen_organizations,201512030035,Taliban
validation_unseen_organizations,201512030046,Taliban
validation_unseen_organizations,201512040009,Islamic State of Iraq and the Levant (ISIL)
validation_unseen_organizations,201512040014,Islamic State of Iraq and the Levant (ISIL)
validation_unseen_organizations,201512040033,Islamic State of Iraq and the Levant (ISIL)
validation_unseen_organizations,201512050003,Islamic State of Iraq and the Levant (ISIL)
validation_unseen_organizations,201512050004,Islamic State of Iraq and the Levant (ISIL)
validation_unseen_organizations,201512050013,Taliban
validation_unseen_organizations,201512060031,Taliban
validation_unseen_organizations,201512070006,Islamic State of Iraq and the Levant (ISIL)
validation_unseen_organizations,201512070024,Taliban
validation_unseen_organizations,201512080014,Taliban
validation_unseen_organizations,201512080016,Taliban
validation_unseen_organizations,201512080017,Taliban
validation_unseen_organizations,201512080030,Taliban
validation_unseen_organizations,201512090005,Islamic State of Iraq and the Levant (ISIL)
validation_unseen_organizations,201512090007,Islamic State of Iraq and the Levant (ISIL)
validation_unseen_organizations,201512090010,Taliban
validation_unseen_organizations,201512090031,Islamic State of Iraq and the Levant (ISIL)
validation_unseen_organizations,201512100026,Islamic State of Iraq and the Levant (ISIL)
validation_unseen_organizations,201512100027,Islamic State of Iraq and the Levant (ISIL)
validation_unseen_organizations,201512100028,Islamic State of Iraq and the Levant (ISIL)
validation_unseen_organizations,201512100034,Hamas (Islamic Resistance Movement)
validation_unseen_organizations,201512110019,Taliban
validation_unseen_organizations,201512120001,Islamic State of Iraq and the Levant (ISIL)
validation_unseen_organizations,201512120029,Taliban
validation_unseen_organizations,201512120033,Islamic State of Iraq and the Levant (ISIL)
validation_unseen_organizations,201512120034,Islamic State of Iraq and the Levant (ISIL)
validation_unseen_organizations,201512130002,Islamic State of Iraq and the Levant (ISIL)
validation_unseen_organizations,201512130052,Taliban
validation_unseen_organizations,201512140026,Taliban
validation_unseen_organizations,201512140032,Hamas (Islamic Resistance Movement)
validation_unseen_organizations,201512150022,Islamic State of Iraq and the Levant (ISIL)
validation_unseen_organizations,201512150023,Islamic State of Iraq and the Levant (ISIL)
validation_unseen_organizations,201512150024,Islamic State of Iraq and the Levant (ISIL)
validation_unseen_organizations,201512160033,Islamic State of Iraq and the Levant (ISIL)
validation_unseen_organizations,201512160035,Islamic State of Iraq and the Levant (ISIL)
validation_unseen_organizations,201512160042,Islamic State of Iraq and the Levant (ISIL)
validation_unseen_organizations,201512160043,Islamic State of Iraq and the Levant (ISIL)
validation_unseen_organizations,201512160044,Islamic State of Iraq and the Levant (ISIL)
validation_unseen_organizations,201512170007,Islamic State of Iraq and the Levant (ISIL)
validation_unseen_organizations,201512170012,Islamic State of Iraq and the Levant (ISIL)
validation_unseen_organizations,201512170013,Islamic State of Iraq and the Levant (ISIL)
validation_unseen_organizations,201512170040,Islamic State of Iraq and the Levant (ISIL)
validation_unseen_organizations,201512170041,Islamic State of Iraq and the Levant (ISIL)
validation_unseen_organizations,201512170042,Islamic State of Iraq and the Levant (ISIL)
validation_unseen_organizations,201512180039,Taliban
validation_unseen_organizations,201512190029,Taliban
validation_unseen_organizations,201512190030,Taliban
validation_unseen_organizations,201512190031,Taliban
validation_unseen_organizations,201512200020,Taliban
validation_unseen_organizations,201512210001,Taliban
validation_unseen_organizations,201512210002,Taliban
validation_unseen_organizations,201512210003,Taliban
validation_unseen_organizations,201512210004,Taliban
validation_unseen_organizations,201512210010,Islamic State of Iraq and the Levant (ISIL)
validation_unseen_organizations,201512210014,Islamic State of Iraq and the Levant (ISIL)
validation_unseen_organizations,201512210025,Taliban
validation_unseen_organizations,201512220010,Islamic State of Iraq and the Levant (ISIL)
validation_unseen_organizations,201512220018,Islamic State of Iraq and the Levant (ISIL)
validation_unseen_organizations,201512230005,Taliban
validation_unseen_organizations,201512230006,Taliban
validation_unseen_organizations,201512230009,Islamic State of Iraq and the Levant (ISIL)
validation_unseen_organizations,201512230010,Islamic State of Iraq and the Levant (ISIL)
validation_unseen_organizations,201512230013,Islamic State of Iraq and the Levant (ISIL)
validation_unseen_organizations,201512230034,Taliban
validation_unseen_organizations,201512230035,Taliban
validation_unseen_organizations,201512230036,Taliban
validation_unseen_organizations,201512230043,Islamic State of Iraq and the Levant (ISIL)
validation_unseen_organizations,201512240012,Islamic State of Iraq and the Levant (ISIL)
validation_unseen_organizations,201512240015,Islamic State of Iraq and the Levant (ISIL)
validation_unseen_organizations,201512240041,Islamic State of Iraq and the Levant (ISIL)
validation_unseen_organizations,201512250040,Taliban
validation_unseen_organizations,201512250042,Taliban
validation_unseen_organizations,201512250051,Taliban
validation_unseen_organizations,201512260005,Taliban
validation_unseen_organizations,201512260007,Islamic State of Iraq and the Levant (ISIL)
validation_unseen_organizations,201512260009,Islamic State of Iraq and the Levant (ISIL)
validation_unseen_organizations,201512260056,Taliban
validation_unseen_organizations,201512270005,Islamic State of Iraq and the Levant (ISIL)
validation_unseen_organizations,201512270018,Baloch Republican Army (BRA)
validation_unseen_organizations,201512270021,Islamic State of Iraq and the Levant (ISIL)
validation_unseen_organizations,201512270035,Taliban
validation_unseen_organizations,201512270058,Islamic State of Iraq and the Levant (ISIL)
validation_unseen_organizations,201512280002,Taliban
validation_unseen_organizations,201512280019,Islamic State of Iraq and the Levant (ISIL)
validation_unseen_organizations,201512290054,National Democratic Front of Bodoland (NDFB)
validation_unseen_organizations,201512300008,Taliban
validation_unseen_organizations,201512300009,Taliban
validation_unseen_organizations,201512300014,Islamic State of Iraq and the Levant (ISIL)
validation_unseen_organizations,201512300015,Islamic State of Iraq and the Levant (ISIL)
validation_unseen_organizations,201512310005,Islamic State of Iraq and the Levant (ISIL)
validation_unseen_organizations,201601010005,Islamic State of Iraq and the Levant (ISIL)
validation_unseen_organizations,201601010010,Taliban
validation_unseen_organizations,201601010024,Islamic State of Iraq and the Levant (ISIL)
validation_unseen_organizations,201601020016,Islamic State of Iraq and the Levant (ISIL)
validation_unseen_organizations,201601030006,Islamic State of Iraq and the Levant (ISIL)
validation_unseen_organizations,201601030021,Islamic State of Iraq and the Levant (ISIL)
validation_unseen_organizations,201601030022,Islamic State of Iraq and the Levant (ISIL)
validation_unseen_organizations,201601030023,Islamic State of Iraq and the Levant (ISIL)
validation_unseen_organizations,201601030024,Islamic State of Iraq and the Levant (ISIL)
validation_unseen_organizations,201601030039,Islamic State of Iraq and the Levant (ISIL)
validation_unseen_organizations,201601040006,Taliban
validation_unseen_organizations,201601040007,Taliban
validation_unseen_organizations,201601040010,Tripoli Province of the Islamic State
validation_unseen_organizations,201601040011,Tripoli Province of the Islamic State
validation_unseen_organizations,201601040012,Taliban
validation_unseen_organizations,201601040046,Islamic State of Iraq and the Levant (ISIL)
validation_unseen_organizations,201601050008,Islamic State of Iraq and the Levant (ISIL)
validation_unseen_organizations,201601050009,Islamic State of Iraq and the Levant (ISIL)
validation_unseen_organizations,201601050018,Islamic State of Iraq and the Levant (ISIL)
validation_unseen_organizations,201601050047,Islamic State of Iraq and the Levant (ISIL)
validation_unseen_organizations,201601060029,Taliban
validation_unseen_organizations,201601060030,Islamic State of Iraq and the Levant (ISIL)
validation_unseen_organizations,201601060050,Taliban
validation_unseen_organizations,201601070004,Tripoli Province of the Islamic State
validation_unseen_organizations,201601070008,Tripoli Province of the Islamic State
validation_unseen_organizations,201601070017,Taliban
validation_unseen_organizations,201601080023,Taliban
validation_unseen_organizations,201601080024,Taliban
validation_unseen_organizations,201601110006,Islamic State of Iraq and the Levant (ISIL)
validation_unseen_organizations,201601110026,Islamic State of Iraq and the Levant (ISIL)
validation_unseen_organizations,201601110027,Islamic State of Iraq and the Levant (ISIL)
validation_unseen_organizations,201601110028,Islamic State of Iraq and the Levant (ISIL)
validation_unseen_organizations,201601110030,Islamic State of Iraq and the Levant (ISIL)
validation_unseen_organizations,201601110032,Islamic State of Iraq and the Levant (ISIL)
validation_unseen_organizations,201601120005,Baloch Republican Army (BRA)
validation_unseen_organizations,201601120019,Islamic State of Iraq and the Levant (ISIL)
validation_unseen_organizations,201601120038,Islamic State of Iraq and the Levant (ISIL)
validation_unseen_organizations,201601130026,Taliban
validation_unseen_organizations,201601130050,Taliban
validation_unseen_organizations,201601130051,Taliban
validation_unseen_organizations,201601130054,Islamic State of Iraq and the Levant (ISIL)
validation_unseen_organizations,201601140023,Islamic State of Iraq and the Levant (ISIL)
validation_unseen_organizations,201601140024,Islamic State of Iraq and the Levant (ISIL)
validation_unseen_organizations,201601140032,Islamic State of Iraq and the Levant (ISIL)
validation_unseen_organizations,201601140046,Taliban
validation_unseen_organizations,201601150006,Taliban
validation_unseen_organizations,201601150064,Taliban
validation_unseen_organizations,201601150065,Taliban
validation_unseen_organizations,201601150066,Taliban
validation_unseen_organizations,201601150067,Islamic State of Iraq and the Levant (ISIL)
validation_unseen_organizations,201601150072,Islamic State of Iraq and the Levant (ISIL)
validation_unseen_organizations,201601160002,Islamic State of Iraq and the Levant (ISIL)
validation_unseen_organizations,201601160003,Islamic State of Iraq and the Levant (ISIL)
validation_unseen_organizations,201601160004,Islamic State of Iraq and the Levant (ISIL)
validation_unseen_organizations,201601160005,Islamic State of Iraq and the Levant (ISIL)
validation_unseen_organizations,201601160006,Islamic State of Iraq and the Levant (ISIL)
validation_unseen_organizations,201601160007,Islamic State of Iraq and the Levant (ISIL)
validation_unseen_organizations,201601160008,Islamic State of Iraq and the Levant (ISIL)
validation_unseen_organizations,201601160010,Islamic State of Iraq and the Levant (ISIL)
validation_unseen_organizations,201601160011,Islamic State of Iraq and the Levant (ISIL)
validation_unseen_organizations,201601160012,Islamic State of Iraq and the Levant (ISIL)
validation_unseen_organizations,201601160013,Islamic State of Iraq and the Levant (ISIL)
validation_unseen_organizations,201601160027,Taliban
validation_unseen_organizations,201601160028,Taliban
validation_unseen_organizations,201601170015,Taliban
validation_unseen_organizations,201601180037,Islamic State of Iraq and the Levant (ISIL)
validation_unseen_organizations,201601190031,Islamic State of Iraq and the Levant (ISIL)
validation_unseen_organizations,201601190044,Taliban
validation_unseen_organizations,201601190046,Taliban
validation_unseen_organizations,201601200044,Taliban
validation_unseen_organizations,201601200045,Taliban
validation_unseen_organizations,201601210006,Tripoli Province of the Islamic State
validation_unseen_organizations,201601210007,Tripoli Province of the Islamic State
validation_unseen_organizations,201601220001,Baloch Republican Army (BRA)
validation_unseen_organizations,201601220030,Taliban
validation_unseen_organizations,201601230002,Taliban
validation_unseen_organizations,201601230023,Islamic State of Iraq and the Levant (ISIL)
validation_unseen_organizations,201601230028,Islamic State of Iraq and the Levant (ISIL)
validation_unseen_organizations,201601240004,Tripoli Province of the Islamic State
validation_unseen_organizations,201601240017,Islamic State of Iraq and the Levant (ISIL)
validation_unseen_organizations,201601240018,Islamic State of Iraq and the Levant (ISIL)
validation_unseen_organizations,201601240028,Islamic State of Iraq and the Levant (ISIL)
validation_unseen_organizations,201601240030,Islamic State of Iraq and the Levant (ISIL)
validation_unseen_organizations,201601240034,Islamic State of Iraq and the Levant (ISIL)
validation_unseen_organizations,201601240046,Taliban
validation_unseen_organizations,201601250007,Taliban
validation_unseen_organizations,201601250010,Taliban
validation_unseen_organizations,201601260001,Taliban
validation_unseen_organizations,201601260005,Islamic State of Iraq and the Levant (ISIL)
validation_unseen_organizations,201601260006,Islamic State of Iraq and the Levant (ISIL)
validation_unseen_organizations,201601260029,Islamic State of Iraq and the Levant (ISIL)
validation_unseen_organizations,201601270032,Islamic State of Iraq and the Levant (ISIL)
validation_unseen_organizations,201601280053,Taliban
validation_unseen_organizations,201601300044,Taliban
validation_unseen_organizations,201601300049,Taliban
validation_unseen_organizations,201601310014,Islamic State of Iraq and the Levant (ISIL)
validation_unseen_organizations,201601310015,Islamic State of Iraq and the Levant (ISIL)
validation_unseen_organizations,201601310016,Taliban
validation_unseen_organizations,201602010001,Taliban
validation_unseen_organizations,201602010034,Taliban
validation_unseen_organizations,201602010044,Taliban
validation_unseen_organizations,201602030009,Taliban
validation_unseen_organizations,201602030016,National Liberation Army of Colombia (ELN)
validation_unseen_organizations,201602030017,National Liberation Army of Colombia (ELN)
validation_unseen_organizations,201602040003,Taliban
validation_unseen_organizations,201602040004,Taliban
validation_unseen_organizations,201602040020,Baloch Republican Army (BRA)
validation_unseen_organizations,201602040029,Islamic State of Iraq and the Levant (ISIL)
validation_unseen_organizations,201602050004,Islamic State of Iraq and the Levant (ISIL)
validation_unseen_organizations,201602050013,Islamic State of Iraq and the Levant (ISIL)
validation_unseen_organizations,201602050014,Islamic State of Iraq and the Levant (ISIL)
validation_unseen_organizations,201602050053,Islamic State of Iraq and the Levant (ISIL)
validation_unseen_organizations,201602050054,Islamic State of Iraq and the Levant (ISIL)
validation_unseen_organizations,201602060029,Islamic State of Iraq and the Levant (ISIL)
validation_unseen_organizations,201602060050,Taliban
validation_unseen_organizations,201602060060,Islamic State of Iraq and the Levant (ISIL)
validation_unseen_organizations,201602060061,Islamic State of Iraq and the Levant (ISIL)
validation_unseen_organizations,201602070003,Taliban
validation_unseen_organizations,201602070007,Islamic State of Iraq and the Levant (ISIL)
validation_unseen_organizations,201602070011,Taliban
validation_unseen_organizations,201602070013,Taliban
validation_unseen_organizations,201602070014,Taliban
validation_unseen_organizations,201602080001,Taliban
validation_unseen_organizations,201602080007,Najd Province of the Islamic State
validation_unseen_organizations,201602080018,Taliban
validation_unseen_organizations,201602090002,Islamic State of Iraq and the Levant (ISIL)
validation_unseen_organizations,201602100004,Taliban
validation_unseen_organizations,201602100007,Islamic State of Iraq and the Levant (ISIL)
validation_unseen_organizations,201602100041,Islamic State of Iraq and the Levant (ISIL)
validation_unseen_organizations,201602100047,Taliban
validation_unseen_organizations,201602110031,Taliban
validation_unseen_organizations,201602120008,Taliban
validation_unseen_organizations,201602120009,Taliban
validation_unseen_organizations,201602120010,Taliban
validation_unseen_organizations,201602130006,Taliban
validation_unseen_organizations,201602130007,Taliban
validation_unseen_organizations,201602130009,Islamic State of Iraq and the Levant (ISIL)
validation_unseen_organizations,201602130010,Islamic State of Iraq and the Levant (ISIL)
validation_unseen_organizations,201602140013,Taliban
validation_unseen_organizations,201602140030,People's Liberation Army (India)
validation_unseen_organizations,201602140031,Manipur Naga People's Army (MNPA)
validation_unseen_organizations,201602150006,National Liberation Army of Colombia (ELN)
validation_unseen_organizations,201602150020,Taliban
validation_unseen_organizations,201602150028,Taliban
validation_unseen_organizations,201602150041,Islamic State of Iraq and the Levant (ISIL)
validation_unseen_organizations,201602150052,Islamic State of Iraq and the Levant (ISIL)
validation_unseen_organizations,201602160024,Taliban
validation_unseen_organizations,201602160048,Taliban
validation_unseen_organizations,201602180012,Islamic State of Iraq and the Levant (ISIL)
validation_unseen_organizations,201602180030,Islamic State of Iraq and the Levant (ISIL)
validation_unseen_organizations,201602180054,Islamic State of Iraq and the Levant (ISIL)
validation_unseen_organizations,201602180057,Taliban
validation_unseen_organizations,201602200008,Islamic State of Iraq and the Levant (ISIL)
validation_unseen_organizations,201602200023,Islamic State of Iraq and the Levant (ISIL)
validation_unseen_organizations,201602200024,Islamic State of Iraq and the Levant (ISIL)
validation_unseen_organizations,201602210001,Islamic State of Iraq and the Levant (ISIL)
validation_unseen_organizations,201602210002,Islamic State of Iraq and the Levant (ISIL)
validation_unseen_organizations,201602210003,Islamic State of Iraq and the Levant (ISIL)
validation_unseen_organizations,201602210060,Islamic State of Iraq and the Levant (ISIL)
validation_unseen_organizations,201602220003,Taliban
validation_unseen_organizations,201602220004,Taliban
validation_unseen_organizations,201602220005,Taliban
validation_unseen_organizations,201602220044,Islamic State of Iraq and the Levant (ISIL)
validation_unseen_organizations,201602230024,Tripoli Province of the Islamic State
validation_unseen_organizations,201602230045,Taliban
validation_unseen_organizations,201602230046,Taliban
validation_unseen_organizations,201602230047,Taliban
validation_unseen_organizations,201602230048,Taliban
validation_unseen_organizations,201602230049,Taliban
validation_unseen_organizations,201602230050,Taliban
validation_unseen_organizations,201602230051,Taliban
validation_unseen_organizations,201602240048,Taliban
validation_unseen_organizations,201602240055,Taliban
validation_unseen_organizations,201602250019,Islamic State of Iraq and the Levant (ISIL)
validation_unseen_organizations,201602250020,Islamic State of Iraq and the Levant (ISIL)
validation_unseen_organizations,201602260001,Taliban
validation_unseen_organizations,201602270005,Taliban
validation_unseen_organizations,201602270007,Taliban
validation_unseen_organizations,201602270009,Islamic State of Iraq and the Levant (ISIL)
validation_unseen_organizations,201602270013,Islamic State of Iraq and the Levant (ISIL)
validation_unseen_organizations,201602270014,Islamic State of Iraq and the Levant (ISIL)
validation_unseen_organizations,201602270026,Islamic State of Iraq and the Levant (ISIL)
validation_unseen_organizations,201602270027,Taliban
validation_unseen_organizations,201602270028,Taliban
validation_unseen_organizations,201602270034,Islamic State of Iraq and the Levant (ISIL)
validation_unseen_organizations,201602270035,Islamic State of Iraq and the Levant (ISIL)
validation_unseen_organizations,201602270036,Islamic State of Iraq and the Levant (ISIL)
validation_unseen_organizations,201602280004,Islamic State of Iraq and the Levant (ISIL)
validation_unseen_organizations,201602280016,Islamic State of Iraq and the Levant (ISIL)
validation_unseen_organizations,201602280017,Islamic State of Iraq and the Levant (ISIL)
validation_unseen_organizations,201602280025,Islamic State of Iraq and the Levant (ISIL)
validation_unseen_organizations,201602280027,Islamic State of Iraq and the Levant (ISIL)
validation_unseen_organizations,201602280031,Islamic State of Iraq and the Levant (ISIL)
validation_unseen_organizations,201602280037,Taliban
validation_unseen_organizations,201602290009,Taliban
validation_unseen_organizations,201602290011,Islamic State of Iraq and the Levant (ISIL)
validation_unseen_organizations,201602290022,Islamic State of Iraq and the Levant (ISIL)
validation_unseen_organizations,201602290023,Islamic State of Iraq and the Levant (ISIL)
validation_unseen_organizations,201602290024,Islamic State of Iraq and the Levant (ISIL)
validation_unseen_organizations,201602290026,Islamic State of Iraq and the Levant (ISIL)
validation_unseen_organizations,201603010006,Islamic State of Iraq and the Levant (ISIL)
validation_unseen_organizations,201603010008,Islamic State of Iraq and the Levant (ISIL)
validation_unseen_organizations,201603010009,Islamic State of Iraq and the Levant (ISIL)
validation_unseen_organizations,201603010010,Islamic State of Iraq and the Levant (ISIL)
validation_unseen_organizations,201603020008,Islamic State of Iraq and the Levant (ISIL)
validation_unseen_organizations,201603020037,Taliban
validation_unseen_organizations,201603020051,Taliban
validation_unseen_organizations,201603030007,Islamic State of Iraq and the Levant (ISIL)
validation_unseen_organizations,201603030031,Taliban
validation_unseen_organizations,201603030032,Taliban
validation_unseen_organizations,201603040012,Islamic State of Iraq and the Levant (ISIL)
validation_unseen_organizations,201603040013,Islamic State of Iraq and the Levant (ISIL)
validation_unseen_organizations,201603040014,Islamic State of Iraq and the Levant (ISIL)
validation_unseen_organizations,201603040015,Islamic State of Iraq and the Levant (ISIL)
validation_unseen_organizations,201603040059,Islamic State of Iraq and the Levant (ISIL)
validation_unseen_organizations,201603050002,Islamic State of Iraq and the Levant (ISIL)
validation_unseen_organizations,201603050030,Taliban
validation_unseen_organizations,201603050049,Taliban
validation_unseen_organizations,201603060002,Islamic State of Iraq and the Levant (ISIL)
validation_unseen_organizations,201603060027,Taliban
validation_unseen_organizations,201603070028,Islamic State of Iraq and the Levant (ISIL)
validation_unseen_organizations,201603070029,Islamic State of Iraq and the Levant (ISIL)
validation_unseen_organizations,201603070030,Islamic State of Iraq and the Levant (ISIL)
validation_unseen_organizations,201603070031,Islamic State of Iraq and the Levant (ISIL)
validation_unseen_organizations,201603080007,Hamas (Islamic Resistance Movement)
validation_unseen_organizations,201603090022,Taliban
validation_unseen_organizations,201603090044,Taliban
validation_unseen_organizations,201603100008,Islamic State of Iraq and the Levant (ISIL)
validation_unseen_organizations,201603110006,Islamic State of Iraq and the Levant (ISIL)
validation_unseen_organizations,201603110007,Islamic State of Iraq and the Levant (ISIL)
validation_unseen_organizations,201603120002,Islamic State of Iraq and the Levant (ISIL)
validation_unseen_organizations,201603120006,Islamic State of Iraq and the Levant (ISIL)
validation_unseen_organizations,201603120008,Islamic State of Iraq and the Levant (ISIL)
validation_unseen_organizations,201603120011,Islamic State of Iraq and the Levant (ISIL)
validation_unseen_organizations,201603120012,Islamic State of Iraq and the Levant (ISIL)
validation_unseen_organizations,201603120033,Islamic State of Iraq and the Levant (ISIL)
validation_unseen_organizations,201603120045,Taliban
validation_unseen_organizations,201603130028,Islamic State of Iraq and the Levant (ISIL)
validation_unseen_organizations,201603130031,Taliban
validation_unseen_organizations,201603140017,Islamic State of Iraq and the Levant (ISIL)
validation_unseen_organizations,201603140018,Islamic State of Iraq and the Levant (ISIL)
validation_unseen_organizations,201603140026,Taliban
validation_unseen_organizations,201603140027,Taliban
validation_unseen_organizations,201603140050,Islamic State of Iraq and the Levant (ISIL)
validation_unseen_organizations,201603140052,Islamic State of Iraq and the Levant (ISIL)
validation_unseen_organizations,201603150009,Islamic State of Iraq and the Levant (ISIL)
validation_unseen_organizations,201603150010,Islamic State of Iraq and the Levant (ISIL)
validation_unseen_organizations,201603150014,Taliban
validation_unseen_organizations,201603160026,Islamic State of Iraq and the Levant (ISIL)
validation_unseen_organizations,201603160039,Islamic State of Iraq and the Levant (ISIL)
validation_unseen_organizations,201603160056,National Liberation Army of Colombia (ELN)
validation_unseen_organizations,201603180006,Islamic State of Iraq and the Levant (ISIL)
validation_unseen_organizations,201603190004,Islamic State of Iraq and the Levant (ISIL)
validation_unseen_organizations,201603190012,Islamic State of Iraq and the Levant (ISIL)
validation_unseen_organizations,201603200003,Islamic State of Iraq and the Levant (ISIL)
validation_unseen_organizations,201603200009,National Liberation Army of Colombia (ELN)
validation_unseen_organizations,201603200018,Taliban
validation_unseen_organizations,201603210018,Islamic State of Iraq and the Levant (ISIL)
validation_unseen_organizations,201603210022,Taliban
validation_unseen_organizations,201603210024,Taliban
validation_unseen_organizations,201603210030,Islamic State of Iraq and the Levant (ISIL)
validation_unseen_organizations,201603220001,Islamic State of Iraq and the Levant (ISIL)
validation_unseen_organizations,201603220002,Islamic State of Iraq and the Levant (ISIL)
validation_unseen_organizations,201603220003,Islamic State of Iraq and the Levant (ISIL)
validation_unseen_organizations,201603220005,Islamic State of Iraq and the Levant (ISIL)
validation_unseen_organizations,201603220018,Taliban
validation_unseen_organizations,201603220028,Islamic State of Iraq and the Levant (ISIL)
validation_unseen_organizations,201603220029,Islamic State of Iraq and the Levant (ISIL)
validation_unseen_organizations,201603230003,Islamic State of Iraq and the Levant (ISIL)
validation_unseen_organizations,201603230004,Taliban
validation_unseen_organizations,201603230012,Islamic State of Iraq and the Levant (ISIL)
validation_unseen_organizations,201603230024,Islamic State of Iraq and the Levant (ISIL)
validation_unseen_organizations,201603240011,Islamic State of Iraq and the Levant (ISIL)
validation_unseen_organizations,201603240012,Taliban
validation_unseen_organizations,201603240013,Taliban
validation_unseen_organizations,201603240048,Taliban
validation_unseen_organizations,201603250003,Islamic State of Iraq and the Levant (ISIL)
validation_unseen_organizations,201603250004,Taliban
validation_unseen_organizations,201603250005,Taliban
validation_unseen_organizations,201603250006,Taliban
validation_unseen_organizations,201603250007,Taliban
validation_unseen_organizations,201603250019,Taliban
validation_unseen_organizations,201603250029,Islamic State of Iraq and the Levant (ISIL)
validation_unseen_organizations,201603250036,Taliban
validation_unseen_organizations,201603260004,Islamic State of Iraq and the Levant (ISIL)
validation_unseen_organizations,201603260021,Islamic State of Iraq and the Levant (ISIL)
validation_unseen_organizations,201603260036,Taliban
validation_unseen_organizations,201603260037,Taliban
validation_unseen_organizations,201603260038,Taliban
validation_unseen_organizations,201603260039,Taliban
validation_unseen_organizations,201603270039,Taliban
validation_unseen_organizations,201603270047,Taliban
validation_unseen_organizations,201603280007,Taliban
validation_unseen_organizations,201603290005,Islamic State of Iraq and the Levant (ISIL)
validation_unseen_organizations,201603290006,Taliban
validation_unseen_organizations,201603290018,Islamic State of Iraq and the Levant (ISIL)
validation_unseen_organizations,201603290031,Taliban
validation_unseen_organizations,201603300041,Taliban
validation_unseen_organizations,201603300043,Taliban
validation_unseen_organizations,201603310020,Islamic State of Iraq and the Levant (ISIL)
validation_unseen_organizations,201603310022,Taliban
validation_unseen_organizations,201604010013,Taliban
validation_unseen_organizations,201604010021,Islamic State of Iraq and the Levant (ISIL)
validation_unseen_organizations,201604020006,Islamic State of Iraq and the Levant (ISIL)
validation_unseen_organizations,201604020026,Najd Province of the Islamic State
validation_unseen_organizations,201604030002,Islamic State of Iraq and the Levant (ISIL)
validation_unseen_organizations,201604030003,Islamic State of Iraq and the Levant (ISIL)
validation_unseen_organizations,201604030030,Islamic State of Iraq and the Levant (ISIL)
validation_unseen_organizations,201604030037,Tripoli Province of the Islamic State
validation_unseen_organizations,201604040001,Islamic State of Iraq and the Levant (ISIL)
validation_unseen_organizations,201604040002,Islamic State of Iraq and the Levant (ISIL)
validation_unseen_organizations,201604040006,Islamic State of Iraq and the Levant (ISIL)
validation_unseen_organizations,201604040019,Islamic State of Iraq and the Levant (ISIL)
validation_unseen_organizations,201604040023,Islamic State of Iraq and the Levant (ISIL)
validation_unseen_organizations,201604040024,Islamic State of Iraq and the Levant (ISIL)
validation_unseen_organizations,201604040027,Islamic State of Iraq and the Levant (ISIL)
validation_unseen_organizations,201604040056,Taliban
validation_unseen_organizations,201604040059,Islamic State of Iraq and the Levant (ISIL)
validation_unseen_organizations,201604050020,Taliban
validation_unseen_organizations,201604050030,Islamic State of Iraq and the Levant (ISIL)
validation_unseen_organizations,201604050031,Islamic State of Iraq and the Levant (ISIL)
validation_unseen_organizations,201604050034,Taliban
validation_unseen_organizations,201604050036,Najd Province of the Islamic State
validation_unseen_organizations,201604060037,Taliban
validation_unseen_organizations,201604070008,Islamic State of Iraq and the Levant (ISIL)
validation_unseen_organizations,201604070044,Islamic State of Iraq and the Levant (ISIL)
validation_unseen_organizations,201604080020,Taliban
validation_unseen_organizations,201604080043,National Liberation Army of Colombia (ELN)
validation_unseen_organizations,201604090013,Islamic State of Iraq and the Levant (ISIL)
validation_unseen_organizations,201604090014,Islamic State of Iraq and the Levant (ISIL)
validation_unseen_organizations,201604090016,Taliban
validation_unseen_organizations,201604100004,Islamic State of Iraq and the Levant (ISIL)
validation_unseen_organizations,201604100010,Islamic State of Iraq and the Levant (ISIL)
validation_unseen_organizations,201604100012,Islamic State of Iraq and the Levant (ISIL)
validation_unseen_organizations,201604100016,Islamic State of Iraq and the Levant (ISIL)
validation_unseen_organizations,201604100019,Islamic State of Iraq and the Levant (ISIL)
validation_unseen_organizations,201604110006,Taliban
validation_unseen_organizations,201604110007,Taliban
validation_unseen_organizations,201604110016,Islamic State of Iraq and the Levant (ISIL)
validation_unseen_organizations,201604110022,Islamic State of Iraq and the Levant (ISIL)
validation_unseen_organizations,201604120017,Taliban
validation_unseen_organizations,201604120018,Taliban
validation_unseen_organizations,201604120019,Taliban
validation_unseen_organizations,201604120033,Tripoli Province of the Islamic State
validation_unseen_organizations,201604120043,Taliban
validation_unseen_organizations,201604120044,Taliban
validation_unseen_organizations,201604130009,Islamic State of Iraq and the Levant (ISIL)
validation_unseen_organizations,201604130042,Taliban
validation_unseen_organizations,201604130052,Taliban
validation_unseen_organizations,201604140019,Islamic State of Iraq and the Levant (ISIL)
validation_unseen_organizations,201604140034,Islamic State of Iraq and the Levant (ISIL)
validation_unseen_organizations,201604160009,Islamic State of Iraq and the Levant (ISIL)
validation_unseen_organizations,201604160025,Taliban
validation_unseen_organizations,201604170004,Islamic State of Iraq and the Levant (ISIL)
validation_unseen_organizations,201604170018,Islamic State of Iraq and the Levant (ISIL)
validation_unseen_organizations,201604180006,Hamas (Islamic Resistance Movement)
validation_unseen_organizations,201604180014,Islamic State of Iraq and the Levant (ISIL)
validation_unseen_organizations,201604180022,Islamic State of Iraq and the Levant (ISIL)
validation_unseen_organizations,201604180067,Taliban
validation_unseen_organizations,201604190033,Islamic State of Iraq and the Levant (ISIL)
validation_unseen_organizations,201604190034,Taliban
validation_unseen_organizations,201604210008,Taliban
validation_unseen_organizations,201604210023,Islamic State of Iraq and the Levant (ISIL)
validation_unseen_organizations,201604220001,Islamic State of Iraq and the Levant (ISIL)
validation_unseen_organizations,201604220005,Islamic State of Iraq and the Levant (ISIL)
validation_unseen_organizations,201604220047,Islamic State of Iraq and the Levant (ISIL)
validation_unseen_organizations,201604230004,Islamic State of Iraq and the Levant (ISIL)
validation_unseen_organizations,201604230021,Taliban
validation_unseen_organizations,201604230026,Taliban
validation_unseen_organizations,201604250029,Islamic State of Iraq and the Levant (ISIL)
validation_unseen_organizations,201604250031,Islamic State of Iraq and the Levant (ISIL)
validation_unseen_organizations,201604270010,Taliban
validation_unseen_organizations,201604270012,Taliban
validation_unseen_organizations,201604270048,Taliban
validation_unseen_organizations,201604280008,Islamic State of Iraq and the Levant (ISIL)
validation_unseen_organizations,201604280017,Islamic State of Iraq and the Levant (ISIL)
validation_unseen_organizations,201604280025,Taliban
validation_unseen_organizations,201604290013,Taliban
validation_unseen_organizations,201604290016,Islamic State of Iraq and the Levant (ISIL)
validation_unseen_organizations,201604290024,Islamic State of Iraq and the Levant (ISIL)
validation_unseen_organizations,201604300003,Islamic State of Iraq and the Levant (ISIL)
validation_unseen_organizations,201604300004,Islamic State of Iraq and the Levant (ISIL)
validation_unseen_organizations,201604300029,Islamic State of Iraq and the Levant (ISIL)
validation_unseen_organizations,201604300034,Taliban
validation_unseen_organizations,201604300061,Taliban
validation_unseen_organizations,201604300062,Taliban
validation_unseen_organizations,201605010007,Islamic State of Iraq and the Levant (ISIL)
validation_unseen_organizations,201605010024,Taliban
validation_unseen_organizations,201605010025,Islamic State of Iraq and the Levant (ISIL)
validation_unseen_organizations,201605010062,Taliban
validation_unseen_organizations,201605020001,Islamic State of Iraq and the Levant (ISIL)
validation_unseen_organizations,201605020008,Islamic State of Iraq and the Levant (ISIL)
validation_unseen_organizations,201605020029,Islamic State of Iraq and the Levant (ISIL)
validation_unseen_organizations,201605020044,Taliban
validation_unseen_organizations,201605030004,Islamic State of Iraq and the Levant (ISIL)
validation_unseen_organizations,201605030005,Islamic State of Iraq and the Levant (ISIL)
validation_unseen_organizations,201605030006,Islamic State of Iraq and the Levant (ISIL)
validation_unseen_organizations,201605030007,Islamic State of Iraq and the Levant (ISIL)
validation_unseen_organizations,201605040003,Islamic State of Iraq and the Levant (ISIL)
validation_unseen_organizations,201605050002,Islamic State of Iraq and the Levant (ISIL)
validation_unseen_organizations,201605050008,Islamic State of Iraq and the Levant (ISIL)
validation_unseen_organizations,201605050016,Tripoli Province of the Islamic State
validation_unseen_organizations,201605050017,Tripoli Province of the Islamic State
validation_unseen_organizations,201605050033,Islamic State of Iraq and the Levant (ISIL)
validation_unseen_organizations,201605050034,Islamic State of Iraq and the Levant (ISIL)
validation_unseen_organizations,201605050060,Taliban
validation_unseen_organizations,201605060003,Islamic State of Iraq and the Levant (ISIL)
validation_unseen_organizations,201605060008,Taliban
validation_unseen_organizations,201605060023,Taliban
validation_unseen_organizations,201605070007,Islamic State of Iraq and the Levant (ISIL)
validation_unseen_organizations,201605070008,Taliban
validation_unseen_organizations,201605070021,Taliban
validation_unseen_organizations,201605070028,Taliban
validation_unseen_organizations,201605070029,Taliban
validation_unseen_organizations,201605070042,Taliban
validation_unseen_organizations,201605070052,Taliban
validation_unseen_organizations,201605080006,Islamic State of Iraq and the Levant (ISIL)
validation_unseen_organizations,201605080014,Tripoli Province of the Islamic State
validation_unseen_organizations,201605080015,Tripoli Province of the Islamic State
validation_unseen_organizations,201605080062,Taliban
validation_unseen_organizations,201605090008,Islamic State of Iraq and the Levant (ISIL)
validation_unseen_organizations,201605100061,Islamic State of Iraq and the Levant (ISIL)
validation_unseen_organizations,201605110017,Islamic State of Iraq and the Levant (ISIL)
validation_unseen_organizations,201605110018,Islamic State of Iraq and the Levant (ISIL)
validation_unseen_organizations,201605110019,Islamic State of Iraq and the Levant (ISIL)
validation_unseen_organizations,201605110023,Islamic State of Iraq and the Levant (ISIL)
validation_unseen_organizations,201605110035,Taliban
validation_unseen_organizations,201605110036,Taliban
validation_unseen_organizations,201605120003,Islamic State of Iraq and the Levant (ISIL)
validation_unseen_organizations,201605120004,Islamic State of Iraq and the Levant (ISIL)
validation_unseen_organizations,201605120006,Islamic State of Iraq and the Levant (ISIL)
validation_unseen_organizations,201605120008,Islamic State of Iraq and the Levant (ISIL)
validation_unseen_organizations,201605120009,Islamic State of Iraq and the Levant (ISIL)
validation_unseen_organizations,201605120015,Tripoli Province of the Islamic State
validation_unseen_organizations,201605120022,Islamic State of Iraq and the Levant (ISIL)
validation_unseen_organizations,201605140004,Islamic State of Iraq and the Levant (ISIL)
validation_unseen_organizations,201605140021,Islamic State of Iraq and the Levant (ISIL)
validation_unseen_organizations,201605140022,Islamic State of Iraq and the Levant (ISIL)
validation_unseen_organizations,201605140025,Taliban
validation_unseen_organizations,201605140035,Taliban
validation_unseen_organizations,201605140036,Taliban
validation_unseen_organizations,201605140039,Islamic State of Iraq and the Levant (ISIL)
validation_unseen_organizations,201605140044,Islamic State of Iraq and the Levant (ISIL)
validation_unseen_organizations,201605150001,Islamic State of Iraq and the Levant (ISIL)
validation_unseen_organizations,201605150014,Baloch Republican Army (BRA)
validation_unseen_organizations,201605160040,Taliban
validation_unseen_organizations,201605170022,Baloch Republican Army (BRA)
validation_unseen_organizations,201605170028,Islamic State of Iraq and the Levant (ISIL)
validation_unseen_organizations,201605170030,Islamic State of Iraq and the Levant (ISIL)
validation_unseen_organizations,201605170039,Islamic State of Iraq and the Levant (ISIL)
validation_unseen_organizations,201605170040,Islamic State of Iraq and the Levant (ISIL)
validation_unseen_organizations,201605180007,Islamic State of Iraq and the Levant (ISIL)
validation_unseen_organizations,201605180011,Islamic State of Iraq and the Levant (ISIL)
validation_unseen_organizations,201605180034,Taliban
validation_unseen_organizations,201605180062,Tripoli Province of the Islamic State
validation_unseen_organizations,201605180063,Tripoli Province of the Islamic State
validation_unseen_organizations,201605180080,Taliban
validation_unseen_organizations,201605190001,Taliban
validation_unseen_organizations,201605190003,Taliban
validation_unseen_organizations,201605190007,Taliban
validation_unseen_organizations,201605190014,Islamic State of Iraq and the Levant (ISIL)
validation_unseen_organizations,201605190053,Taliban
validation_unseen_organizations,201605210005,Islamic State of Iraq and the Levant (ISIL)
validation_unseen_organizations,201605210007,Taliban
validation_unseen_organizations,201605210015,Taliban
validation_unseen_organizations,201605210016,Taliban
validation_unseen_organizations,201605210017,Islamic State of Iraq and the Levant (ISIL)
validation_unseen_organizations,201605210057,Taliban
validation_unseen_organizations,201605220002,Islamic State of Iraq and the Levant (ISIL)
validation_unseen_organizations,201605220016,National Liberation Army of Colombia (ELN)
validation_unseen_organizations,201605220042,Islamic State of Iraq and the Levant (ISIL)
validation_unseen_organizations,201605220043,Islamic State of Iraq and the Levant (ISIL)
validation_unseen_organizations,201605220044,Islamic State of Iraq and the Levant (ISIL)
validation_unseen_organizations,201605220046,Islamic State of Iraq and the Levant (ISIL)
validation_unseen_organizations,201605230003,Islamic State of Iraq and the Levant (ISIL)
validation_unseen_organizations,201605230004,Islamic State of Iraq and the Levant (ISIL)
validation_unseen_organizations,201605230005,Islamic State of Iraq and the Levant (ISIL)
validation_unseen_organizations,201605230006,Islamic State of Iraq and the Levant (ISIL)
validation_unseen_organizations,201605230007,Islamic State of Iraq and the Levant (ISIL)
validation_unseen_organizations,201605230026,National Liberation Army of Colombia (ELN)
validation_unseen_organizations,201605240001,Islamic State of Iraq and the Levant (ISIL)
validation_unseen_organizations,201605240013,Baloch Republican Army (BRA)
validation_unseen_organizations,201605240016,Taliban
validation_unseen_organizations,201605240024,Islamic State of Iraq and the Levant (ISIL)
validation_unseen_organizations,201605240025,Islamic State of Iraq and the Levant (ISIL)
validation_unseen_organizations,201605240059,Jaish al-Fatah (Syria)
validation_unseen_organizations,201605240060,Jaish al-Fatah (Syria)
validation_unseen_organizations,201605250007,Taliban
validation_unseen_organizations,201605260028,People's Liberation Army (India)
validation_unseen_organizations,201605270017,Islamic State of Iraq and the Levant (ISIL)
validation_unseen_organizations,201605280014,Taliban
validation_unseen_organizations,201605280015,Taliban
validation_unseen_organizations,201605280016,Taliban
validation_unseen_organizations,201605280017,Taliban
validation_unseen_organizations,201605280024,Islamic State of Iraq and the Levant (ISIL)
validation_unseen_organizations,201605280025,Islamic State of Iraq and the Levant (ISIL)
validation_unseen_organizations,201605290016,Islamic State of Iraq and the Levant (ISIL)
validation_unseen_organizations,201605290025,Islamic State of Iraq and the Levant (ISIL)
validation_unseen_organizations,201605290032,Islamic State of Iraq and the Levant (ISIL)
validation_unseen_organizations,201605300016,Islamic State of Iraq and the Levant (ISIL)
validation_unseen_organizations,201605300017,Islamic State of Iraq and the Levant (ISIL)
validation_unseen_organizations,201605300018,Islamic State of Iraq and the Levant (ISIL)
validation_unseen_organizations,201605300061,Taliban
validation_unseen_organizations,201605300062,Taliban
validation_unseen_organizations,201605300063,Taliban
validation_unseen_organizations,201605300064,Taliban
validation_unseen_organizations,201605300065,Taliban
validation_unseen_organizations,201605300066,Taliban
validation_unseen_organizations,201605300067,Taliban
validation_unseen_organizations,201605300068,Taliban
validation_unseen_organizations,201605300069,Taliban
validation_unseen_organizations,201605300070,Taliban
validation_unseen_organizations,201605300071,Taliban
validation_unseen_organizations,201605310001,Taliban
validation_unseen_organizations,201605310021,Islamic State of Iraq and the Levant (ISIL)
validation_unseen_organizations,201605310023,Taliban
validation_unseen_organizations,201606010007,Taliban
validation_unseen_organizations,201606010017,Taliban
validation_unseen_organizations,201606020022,Tripoli Province of the Islamic State
validation_unseen_organizations,201606020040,Taliban
validation_unseen_organizations,201606030004,Islamic State of Iraq and the Levant (ISIL)
validation_unseen_organizations,201606030010,Islamic State of Iraq and the Levant (ISIL)
validation_unseen_organizations,201606040006,Islamic State of Iraq and the Levant (ISIL)
validation_unseen_organizations,201606040010,Islamic State of Iraq and the Levant (ISIL)
validation_unseen_organizations,201606040013,Islamic State of Iraq and the Levant (ISIL)
validation_unseen_organizations,201606050043,Taliban
validation_unseen_organizations,201606050048,Taliban
validation_unseen_organizations,201606060023,Taliban
validation_unseen_organizations,201606070013,Islamic State of Iraq and the Levant (ISIL)
validation_unseen_organizations,201606070048,Taliban
validation_unseen_organizations,201606080012,Islamic State of Iraq and the Levant (ISIL)
validation_unseen_organizations,201606080019,Hamas (Islamic Resistance Movement)
validation_unseen_organizations,201606090003,Islamic State of Iraq and the Levant (ISIL)
validation_unseen_organizations,201606090005,Islamic State of Iraq and the Levant (ISIL)
validation_unseen_organizations,201606090008,Islamic State of Iraq and the Levant (ISIL)
validation_unseen_organizations,201606090017,Islamic State of Iraq and the Levant (ISIL)
validation_unseen_organizations,201606100013,Islamic State of Iraq and the Levant (ISIL)
validation_unseen_organizations,201606110013,Islamic State of Iraq and the Levant (ISIL)
validation_unseen_organizations,201606110014,Islamic State of Iraq and the Levant (ISIL)
validation_unseen_organizations,201606110057,Taliban
validation_unseen_organizations,201606120023,Islamic State of Iraq and the Levant (ISIL)
validation_unseen_organizations,201606120024,Islamic State of Iraq and the Levant (ISIL)
validation_unseen_organizations,201606120031,Tripoli Province of the Islamic State
validation_unseen_organizations,201606120032,Tripoli Province of the Islamic State
validation_unseen_organizations,201606120033,Tripoli Province of the Islamic State
validation_unseen_organizations,201606120041,Islamic State of Iraq and the Levant (ISIL)
validation_unseen_organizations,201606130003,Islamic State of Iraq and the Levant (ISIL)
validation_unseen_organizations,201606130005,Islamic State of Iraq and the Levant (ISIL)
validation_unseen_organizations,201606130029,Tripoli Province of the Islamic State
validation_unseen_organizations,201606130037,Taliban
validation_unseen_organizations,201606140008,Islamic State of Iraq and the Levant (ISIL)
validation_unseen_organizations,201606140009,Islamic State of Iraq and the Levant (ISIL)
validation_unseen_organizations,201606140010,Islamic State of Iraq and the Levant (ISIL)
validation_unseen_organizations,201606140018,Taliban
validation_unseen_organizations,201606150008,Islamic State of Iraq and the Levant (ISIL)
validation_unseen_organizations,201606150011,Tripoli Province of the Islamic State
validation_unseen_organizations,201606150016,Taliban
validation_unseen_organizations,201606150031,Islamic State of Iraq and the Levant (ISIL)
validation_unseen_organizations,201606150047,Taliban
validation_unseen_organizations,201606150048,Taliban
validation_unseen_organizations,201606160002,Tripoli Province of the Islamic State
validation_unseen_organizations,201606160003,Tripoli Province of the Islamic State
validation_unseen_organizations,201606160013,Islamic State of Iraq and the Levant (ISIL)
validation_unseen_organizations,201606160016,Islamic State of Iraq and the Levant (ISIL)
validation_unseen_organizations,201606160030,Taliban
validation_unseen_organizations,201606170011,Taliban
validation_unseen_organizations,201606170043,Islamic State of Iraq and the Levant (ISIL)
validation_unseen_organizations,201606180003,Islamic State of Iraq and the Levant (ISIL)
validation_unseen_organizations,201606190012,Islamic State of Iraq and the Levant (ISIL)
validation_unseen_organizations,201606190026,Islamic State of Iraq and the Levant (ISIL)
validation_unseen_organizations,201606200008,Islamic State of Iraq and the Levant (ISIL)
validation_unseen_organizations,201606200061,Islamic State of Iraq and the Levant (ISIL)
validation_unseen_organizations,201606210001,Islamic State of Iraq and the Levant (ISIL)
validation_unseen_organizations,201606210002,Taliban
validation_unseen_organizations,201606210016,Islamic State of Iraq and the Levant (ISIL)
validation_unseen_organizations,201606210019,Taliban
validation_unseen_organizations,201606210027,Islamic State of Iraq and the Levant (ISIL)
validation_unseen_organizations,201606210036,Islamic State of Iraq and the Levant (ISIL)
validation_unseen_organizations,201606210038,Islamic State of Iraq and the Levant (ISIL)
validation_unseen_organizations,201606230033,Taliban
validation_unseen_organizations,201606230041,Islamic State of Iraq and the Levant (ISIL)
validation_unseen_organizations,201606230042,Islamic State of Iraq and the Levant (ISIL)
validation_unseen_organizations,201606230043,Islamic State of Iraq and the Levant (ISIL)
validation_unseen_organizations,201606230046,Taliban
validation_unseen_organizations,201606240081,Tripoli Province of the Islamic State
validation_unseen_organizations,201606250022,Taliban
validation_unseen_organizations,201606250023,Taliban
validation_unseen_organizations,201606250024,Taliban
validation_unseen_organizations,201606250029,Islamic State of Iraq and the Levant (ISIL)
validation_unseen_organizations,201606260022,Taliban
validation_unseen_organizations,201606260037,Taliban
validation_unseen_organizations,201606270046,Islamic State of Iraq and the Levant (ISIL)
validation_unseen_organizations,201606280001,Islamic State of Iraq and the Levant (ISIL)
validation_unseen_organizations,201606280009,Islamic State of Iraq and the Levant (ISIL)
validation_unseen_organizations,201606280032,Islamic State of Iraq and the Levant (ISIL)
validation_unseen_organizations,201606290022,Islamic State of Iraq and the Levant (ISIL)
validation_unseen_organizations,201606290039,Islamic State of Iraq and the Levant (ISIL)
validation_unseen_organizations,201606290040,Islamic State of Iraq and the Levant (ISIL)
validation_unseen_organizations,201606300001,Taliban
validation_unseen_organizations,201606300002,Taliban
validation_unseen_organizations,201606300032,Islamic State of Iraq and the Levant (ISIL)
validation_unseen_organizations,201607010029,Baloch Republican Army (BRA)
validation_unseen_organizations,201607020002,Islamic State of Iraq and the Levant (ISIL)
validation_unseen_organizations,201607020018,Islamic State of Iraq and the Levant (ISIL)
validation_unseen_organizations,201607020027,Lashkar-e-Islam (Pakistan)
validation_unseen_organizations,201607030010,Islamic State of Iraq and the Levant (ISIL)
validation_unseen_organizations,201607030019,Taliban
validation_unseen_organizations,201607030025,Islamic State of Iraq and the Levant (ISIL)
validation_unseen_organizations,201607040005,Taliban
validation_unseen_organizations,201607040009,Islamic State of Iraq and the Levant (ISIL)
validation_unseen_organizations,201607050021,Islamic State of Iraq and the Levant (ISIL)
validation_unseen_organizations,201607050025,Taliban
validation_unseen_organizations,201607070007,Islamic State of Iraq and the Levant (ISIL)
validation_unseen_organizations,201607070012,Islamic State of Iraq and the Levant (ISIL)
validation_unseen_organizations,201607080001,Islamic State of Iraq and the Levant (ISIL)
validation_unseen_organizations,201607090017,Islamic State of Iraq and the Levant (ISIL)
validation_unseen_organizations,201607100051,National Liberation Army of Colombia (ELN)
validation_unseen_organizations,201607110036,National Socialist Council of Nagaland-Khaplang (NSCN-K)
validation_unseen_organizations,201607120002,Islamic State of Iraq and the Levant (ISIL)
validation_unseen_organizations,201607130009,Islamic State of Iraq and the Levant (ISIL)
validation_unseen_organizations,201607130029,Taliban
validation_unseen_organizations,201607130047,Islamic State of Iraq and the Levant (ISIL)
validation_unseen_organizations,201607140006,Islamic State of Iraq and the Levant (ISIL)
validation_unseen_organizations,201607140025,Islamic State of Iraq and the Levant (ISIL)
validation_unseen_organizations,201607140029,Taliban
validation_unseen_organizations,201607140033,Taliban
validation_unseen_organizations,201607150009,Islamic State of Iraq and the Levant (ISIL)
validation_unseen_organizations,201607170038,Tripoli Province of the Islamic State
validation_unseen_organizations,201607170039,Tripoli Province of the Islamic State
validation_unseen_organizations,201607180017,Islamic State of Iraq and the Levant (ISIL)
validation_unseen_organizations,201607180056,Taliban
validation_unseen_organizations,201607190003,Taliban
validation_unseen_organizations,201607190004,Taliban
validation_unseen_organizations,201607200002,Tripoli Province of the Islamic State
validation_unseen_organizations,201607210004,Tripoli Province of the Islamic State
validation_unseen_organizations,201607210038,Taliban
validation_unseen_organizations,201607210039,Taliban
validation_unseen_organizations,201607230051,Taliban
validation_unseen_organizations,201607240009,Islamic State of Iraq and the Levant (ISIL)
validation_unseen_organizations,201607240064,National Liberation Army of Colombia (ELN)
validation_unseen_organizations,201607250005,Islamic State of Iraq and the Levant (ISIL)
validation_unseen_organizations,201607250055,Taliban
validation_unseen_organizations,201607270015,National Liberation Army of Colombia (ELN)
validation_unseen_organizations,201607270018,Islamic State of Iraq and the Levant (ISIL)
validation_unseen_organizations,201607270031,Islamic State of Iraq and the Levant (ISIL)
validation_unseen_organizations,201607270032,Islamic State of Iraq and the Levant (ISIL)
validation_unseen_organizations,201607270053,Taliban
validation_unseen_organizations,201607270054,Taliban
validation_unseen_organizations,201607280009,Islamic State of Iraq and the Levant (ISIL)
validation_unseen_organizations,201607280018,Taliban
validation_unseen_organizations,201607280019,Taliban
validation_unseen_organizations,201607280033,Islamic State of Iraq and the Levant (ISIL)
validation_unseen_organizations,201607290009,Taliban
validation_unseen_organizations,201607290010,Taliban
validation_unseen_organizations,201607290011,Taliban
validation_unseen_organizations,201607290012,Taliban
validation_unseen_organizations,201607290014,Taliban
validation_unseen_organizations,201607290024,Taliban
validation_unseen_organizations,201607300006,Islamic State of Iraq and the Levant (ISIL)
validation_unseen_organizations,201607310009,Islamic State of Iraq and the Levant (ISIL)
validation_unseen_organizations,201607310010,Islamic State of Iraq and the Levant (ISIL)
validation_unseen_organizations,201607310011,Islamic State of Iraq and the Levant (ISIL)
validation_unseen_organizations,201607310013,Islamic State of Iraq and the Levant (ISIL)
validation_unseen_organizations,201607310016,Islamic State of Iraq and the Levant (ISIL)
validation_unseen_organizations,201607310033,Taliban
validation_unseen_organizations,201607310034,Taliban
validation_unseen_organizations,201607310035,Taliban
validation_unseen_organizations,201607310051,Taliban
validation_unseen_organizations,201608010008,Islamic State of Iraq and the Levant (ISIL)
validation_unseen_organizations,201608010013,Taliban
validation_unseen_organizations,201608010033,Taliban
validation_unseen_organizations,201608020075,Taliban
validation_unseen_organizations,201608020076,Taliban
validation_unseen_organizations,201608040007,Taliban
validation_unseen_organizations,201608050031,Taliban
validation_unseen_organizations,201608050041,Islamic State of Iraq and the Levant (ISIL)
validation_unseen_organizations,201608060026,Taliban
validation_unseen_organizations,201608070020,Islamic State of Iraq and the Levant (ISIL)
validation_unseen_organizations,201608080054,Taliban
validation_unseen_organizations,201608090011,Taliban
validation_unseen_organizations,201608090029,Taliban
validation_unseen_organizations,201608100006,Taliban
validation_unseen_organizations,201608100012,Taliban
validation_unseen_organizations,201608100032,Islamic State of Iraq and the Levant (ISIL)
validation_unseen_organizations,201608100034,Taliban
validation_unseen_organizations,201608100040,Islamic State of Iraq and the Levant (ISIL)
validation_unseen_organizations,201608100058,Baloch Republican Army (BRA)
validation_unseen_organizations,201608100066,Tripoli Province of the Islamic State
validation_unseen_organizations,201608110011,Islamic State of Iraq and the Levant (ISIL)
validation_unseen_organizations,201608110055,Taliban
validation_unseen_organizations,201608120020,Taliban
validation_unseen_organizations,201608120027,Baloch Republican Army (BRA)
validation_unseen_organizations,201608140017,Taliban
validation_unseen_organizations,201608150025,Tripoli Province of the Islamic State
validation_unseen_organizations,201608150031,Islamic State of Iraq and the Levant (ISIL)
validation_unseen_organizations,201608150055,Taliban
validation_unseen_organizations,201608160041,Islamic State of Iraq and the Levant (ISIL)
validation_unseen_organizations,201608160042,Islamic State of Iraq and the Levant (ISIL)
validation_unseen_organizations,201608170001,Islamic State of Iraq and the Levant (ISIL)
validation_unseen_organizations,201608170010,Islamic State of Iraq and the Levant (ISIL)
validation_unseen_organizations,201608170013,Islamic State of Iraq and the Levant (ISIL)
validation_unseen_organizations,201608180019,Tripoli Province of the Islamic State
validation_unseen_organizations,201608180020,Tripoli Province of the Islamic State
validation_unseen_organizations,201608180032,Islamic State of Iraq and the Levant (ISIL)
validation_unseen_organizations,201608200003,Taliban
validation_unseen_organizations,201608200007,Taliban
validation_unseen_organizations,201608200025,Taliban
validation_unseen_organizations,201608200026,Taliban
validation_unseen_organizations,201608200027,Taliban
validation_unseen_organizations,201608200041,Taliban
validation_unseen_organizations,201608210005,Baloch Republican Army (BRA)
validation_unseen_organizations,201608210011,Islamic State of Iraq and the Levant (ISIL)
validation_unseen_organizations,201608220012,Islamic State of Iraq and the Levant (ISIL)
validation_unseen_organizations,201608220013,Islamic State of Iraq and the Levant (ISIL)
validation_unseen_organizations,201608220032,Taliban
validation_unseen_organizations,201608220043,Taliban
validation_unseen_organizations,201608240006,Taliban
validation_unseen_organizations,201608270024,Taliban
validation_unseen_organizations,201608270025,Taliban
validation_unseen_organizations,201608270031,Islamic State of Iraq and the Levant (ISIL)
validation_unseen_organizations,201608280002,Tripoli Province of the Islamic State
validation_unseen_organizations,201608280030,Islamic State of Iraq and the Levant (ISIL)
validation_unseen_organizations,201608290004,Taliban
validation_unseen_organizations,201608290021,Manipur Naga People's Army (MNPA)
validation_unseen_organizations,201608300026,Taliban
validation_unseen_organizations,201608300028,Taliban
validation_unseen_organizations,201608300029,Taliban
validation_unseen_organizations,201608300035,Islamic State of Iraq and the Levant (ISIL)
validation_unseen_organizations,201608300037,Taliban
validation_unseen_organizations,201608300038,Islamic State of Iraq and the Levant (ISIL)
validation_unseen_organizations,201608300042,Taliban
validation_unseen_organizations,201608300051,National Liberation Army of Colombia (ELN)
validation_unseen_organizations,201608310039,Islamic State of Iraq and the Levant (ISIL)
validation_unseen_organizations,201609010021,Taliban
validation_unseen_organizations,201609010029,Taliban
validation_unseen_organizations,201609010046,Islamic State of Iraq and the Levant (ISIL)
validation_unseen_organizations,201609020036,Islamic State of Iraq and the Levant (ISIL)
validation_unseen_organizations,201609020038,Islamic State of Iraq and the Levant (ISIL)
validation_unseen_organizations,201609020047,Taliban
validation_unseen_organizations,201609020051,National Socialist Council of Nagaland-Khaplang (NSCN-K)
validation_unseen_organizations,201609020059,Taliban
validation_unseen_organizations,201609030002,Islamic State of Iraq and the Levant (ISIL)
validation_unseen_organizations,201609030028,Tripoli Province of the Islamic State
validation_unseen_organizations,201609030029,Tripoli Province of the Islamic State
validation_unseen_organizations,201609040013,Taliban
validation_unseen_organizations,201609050002,Taliban
validation_unseen_organizations,201609050003,Taliban
validation_unseen_organizations,201609050004,Taliban
validation_unseen_organizations,201609050059,Islamic State of Iraq and the Levant (ISIL)
validation_unseen_organizations,201609050061,Islamic State of Iraq and the Levant (ISIL)
validation_unseen_organizations,201609050062,Islamic State of Iraq and the Levant (ISIL)
validation_unseen_organizations,201609050063,Islamic State of Iraq and the Levant (ISIL)
validation_unseen_organizations,201609050064,Islamic State of Iraq and the Levant (ISIL)
validation_unseen_organizations,201609050065,Islamic State of Iraq and the Levant (ISIL)
validation_unseen_organizations,201609060006,Baloch Republican Army (BRA)
validation_unseen_organizations,201609060011,Taliban
validation_unseen_organizations,201609060012,Taliban
validation_unseen_organizations,201609060013,Taliban
validation_unseen_organizations,201609060014,Taliban
validation_unseen_organizations,201609060015,Taliban
validation_unseen_organizations,201609060060,Islamic State of Iraq and the Levant (ISIL)
validation_unseen_organizations,201609060084,National Liberation Army of Colombia (ELN)
validation_unseen_organizations,201609070019,Taliban
validation_unseen_organizations,201609070030,Islamic State of Iraq and the Levant (ISIL)
validation_unseen_organizations,201609070050,Taliban
validation_unseen_organizations,201609080037,Taliban
validation_unseen_organizations,201609080038,Taliban
validation_unseen_organizations,201609080039,Taliban
validation_unseen_organizations,201609080040,Taliban
validation_unseen_organizations,201609080041,Taliban
validation_unseen_organizations,201609080042,Taliban
validation_unseen_organizations,201609090020,Islamic State of Iraq and the Levant (ISIL)
validation_unseen_organizations,201609090021,Islamic State of Iraq and the Levant (ISIL)
validation_unseen_organizations,201609100017,Islamic State of Iraq and the Levant (ISIL)
validation_unseen_organizations,201609100019,Islamic State of Iraq and the Levant (ISIL)
validation_unseen_organizations,201609100033,Taliban
validation_unseen_organizations,201609110019,Taliban
validation_unseen_organizations,201609110024,Islamic State of Iraq and the Levant (ISIL)
validation_unseen_organizations,201609110043,Taliban
validation_unseen_organizations,201609140001,Taliban
validation_unseen_organizations,201609140035,National Socialist Council of Nagaland-Khaplang (NSCN-K)
validation_unseen_organizations,201609160023,Taliban
validation_unseen_organizations,201609180006,Tripoli Province of the Islamic State
validation_unseen_organizations,201609180017,Islamic State of Iraq and the Levant (ISIL)
validation_unseen_organizations,201609180019,Islamic State of Iraq and the Levant (ISIL)
validation_unseen_organizations,201609180022,Islamic State of Iraq and the Levant (ISIL)
validation_unseen_organizations,201609180045,Islamic State of Iraq and the Levant (ISIL)
validation_unseen_organizations,201609190012,Taliban
validation_unseen_organizations,201609190033,Taliban
validation_unseen_organizations,201609200027,Taliban
validation_unseen_organizations,201609210005,Baloch Republican Army (BRA)
validation_unseen_organizations,201609210025,Taliban
validation_unseen_organizations,201609220005,Baloch Republican Army (BRA)
validation_unseen_organizations,201609220016,Islamic State of Iraq and the Levant (ISIL)
validation_unseen_organizations,201609220019,Islamic State of Iraq and the Levant (ISIL)
validation_unseen_organizations,201609220039,Taliban
validation_unseen_organizations,201609240016,Islamic State of Iraq and the Levant (ISIL)
validation_unseen_organizations,201609240022,Islamic State of Iraq and the Levant (ISIL)
validation_unseen_organizations,201609240023,Islamic State of Iraq and the Levant (ISIL)
validation_unseen_organizations,201609240032,National Democratic Front of Bodoland (NDFB)
validation_unseen_organizations,201609250009,Islamic State of Iraq and the Levant (ISIL)
validation_unseen_organizations,201609270003,Baloch Republican Army (BRA)
validation_unseen_organizations,201609270005,Taliban
validation_unseen_organizations,201609270009,Taliban
validation_unseen_organizations,201609270023,Islamic State of Iraq and the Levant (ISIL)
validation_unseen_organizations,201609270024,Islamic State of Iraq and the Levant (ISIL)
validation_unseen_organizations,201609270029,Islamic State of Iraq and the Levant (ISIL)
validation_unseen_organizations,201609280009,Taliban
validation_unseen_organizations,201609290028,Islamic State of Iraq and the Levant (ISIL)
validation_unseen_organizations,201609290029,Taliban
validation_unseen_organizations,201609300011,Shamiya Front
validation_unseen_organizations,201609300026,Islamic State of Iraq and the Levant (ISIL)
validation_unseen_organizations,201610020017,Tripoli Province of the Islamic State
validation_unseen_organizations,201610020018,Tripoli Province of the Islamic State
validation_unseen_organizations,201610020043,Taliban
validation_unseen_organizations,201610030004,Islamic State of Iraq and the Levant (ISIL)
validation_unseen_organizations,201610030005,Islamic State of Iraq and the Levant (ISIL)
validation_unseen_organizations,201610030008,Islamic State of Iraq and the Levant (ISIL)
validation_unseen_organizations,201610030015,Taliban
validation_unseen_organizations,201610030019,Taliban
validation_unseen_organizations,201610030023,Taliban
validation_unseen_organizations,201610030028,Taliban
validation_unseen_organizations,201610030030,Taliban
validation_unseen_organizations,201610030032,Taliban
validation_unseen_organizations,201610030033,Islamic State of Iraq and the Levant (ISIL)
validation_unseen_organizations,201610030034,Islamic State of Iraq and the Levant (ISIL)
validation_unseen_organizations,201610030035,Islamic State of Iraq and the Levant (ISIL)
validation_unseen_organizations,201610040005,Islamic State of Iraq and the Levant (ISIL)
validation_unseen_organizations,201610040042,Taliban
validation_unseen_organizations,201610040043,Taliban
validation_unseen_organizations,201610050041,Taliban
validation_unseen_organizations,201610060002,Islamic State of Iraq and the Levant (ISIL)
validation_unseen_organizations,201610060007,Islamic State of Iraq and the Levant (ISIL)
validation_unseen_organizations,201610060018,Taliban
validation_unseen_organizations,201610060019,Taliban
validation_unseen_organizations,201610060020,Taliban
validation_unseen_organizations,201610060030,Taliban
validation_unseen_organizations,201610060032,Taliban
validation_unseen_organizations,201610070003,Islamic State of Iraq and the Levant (ISIL)
validation_unseen_organizations,201610070005,Islamic State of Iraq and the Levant (ISIL)
validation_unseen_organizations,201610070006,Islamic State of Iraq and the Levant (ISIL)
validation_unseen_organizations,201610070007,Islamic State of Iraq and the Levant (ISIL)
validation_unseen_organizations,201610070024,Taliban
validation_unseen_organizations,201610070025,Taliban
validation_unseen_organizations,201610080007,Islamic State of Iraq and the Levant (ISIL)
validation_unseen_organizations,201610080021,Baloch Republican Army (BRA)
validation_unseen_organizations,201610080031,Taliban
validation_unseen_organizations,201610090003,Islamic State of Iraq and the Levant (ISIL)
validation_unseen_organizations,201610090012,Hamas (Islamic Resistance Movement)
validation_unseen_organizations,201610090018,Islamic State of Iraq and the Levant (ISIL)
validation_unseen_organizations,201610090041,Taliban
validation_unseen_organizations,201610100032,Taliban
validation_unseen_organizations,201610100033,Taliban
validation_unseen_organizations,201610110012,Taliban
validation_unseen_organizations,201610110013,Taliban
validation_unseen_organizations,201610110014,Taliban
validation_unseen_organizations,201610110015,Taliban
validation_unseen_organizations,201610110016,Taliban
validation_unseen_organizations,201610110043,Islamic State of Iraq and the Levant (ISIL)
validation_unseen_organizations,201610110067,Taliban
validation_unseen_organizations,201610120013,Taliban
validation_unseen_organizations,201610120019,Islamic State of Iraq and the Levant (ISIL)
validation_unseen_organizations,201610130006,Islamic State of Iraq and the Levant (ISIL)
validation_unseen_organizations,201610130012,Islamic State of Iraq and the Levant (ISIL)
validation_unseen_organizations,201610150015,Islamic State of Iraq and the Levant (ISIL)
validation_unseen_organizations,201610150029,Taliban
validation_unseen_organizations,201610150031,Tripoli Province of the Islamic State
validation_unseen_organizations,201610160002,Islamic State of Iraq and the Levant (ISIL)
validation_unseen_organizations,201610160003,Islamic State of Iraq and the Levant (ISIL)
validation_unseen_organizations,201610160013,Islamic State of Iraq and the Levant (ISIL)
validation_unseen_organizations,201610160014,Taliban
validation_unseen_organizations,201610170004,Islamic State of Iraq and the Levant (ISIL)
validation_unseen_organizations,201610170005,Islamic State of Iraq and the Levant (ISIL)
validation_unseen_organizations,201610170006,Taliban
validation_unseen_organizations,201610170007,Taliban
validation_unseen_organizations,201610170034,Taliban
validation_unseen_organizations,201610180007,Islamic State of Iraq and the Levant (ISIL)
validation_unseen_organizations,201610180021,Taliban
validation_unseen_organizations,201610180046,Taliban
validation_unseen_organizations,201610190006,Islamic State of Iraq and the Levant (ISIL)
validation_unseen_organizations,201610190077,Islamic State of Iraq and the Levant (ISIL)
validation_unseen_organizations,201610200006,National Liberation Army of Colombia (ELN)
validation_unseen_organizations,201610200027,Islamic State of Iraq and the Levant (ISIL)
validation_unseen_organizations,201610210011,Islamic State of Iraq and the Levant (ISIL)
validation_unseen_organizations,201610210012,Islamic State of Iraq and the Levant (ISIL)
validation_unseen_organizations,201610210023,Islamic State of Iraq and the Levant (ISIL)
validation_unseen_organizations,201610210024,Taliban
validation_unseen_organizations,201610210025,Islamic State of Iraq and the Levant (ISIL)
validation_unseen_organizations,201610220002,Taliban
validation_unseen_organizations,201610220023,Taliban
validation_unseen_organizations,201610230012,Islamic State of Iraq and the Levant (ISIL)
validation_unseen_organizations,201610230050,Islamic State of Iraq and the Levant (ISIL)
validation_unseen_organizations,201610250003,Taliban
validation_unseen_organizations,201610250038,Taliban
validation_unseen_organizations,201610260032,Taliban
validation_unseen_organizations,201610260033,Taliban
validation_unseen_organizations,201610260034,Taliban
validation_unseen_organizations,201610260035,Taliban
validation_unseen_organizations,201610260036,Taliban
validation_unseen_organizations,201610260037,Taliban
validation_unseen_organizations,201610260038,Taliban
validation_unseen_organizations,201610270006,Islamic State of Iraq and the Levant (ISIL)
validation_unseen_organizations,201610270086,Shamiya Front
validation_unseen_organizations,201610280009,Islamic State of Iraq and the Levant (ISIL)
validation_unseen_organizations,201610280022,Taliban
validation_unseen_organizations,201610280023,Taliban
validation_unseen_organizations,201610290011,Taliban
validation_unseen_organizations,201610290015,Islamic State of Iraq and the Levant (ISIL)
validation_unseen_organizations,201610290067,Shamiya Front
validation_unseen_organizations,201610290068,Shamiya Front
validation_unseen_organizations,201610300009,Islamic State of Iraq and the Levant (ISIL)
validation_unseen_organizations,201610300056,Taliban
validation_unseen_organizations,201610310020,Islamic State of Iraq and the Levant (ISIL)
validation_unseen_organizations,201610310021,Islamic State of Iraq and the Levant (ISIL)
validation_unseen_organizations,201610310038,Taliban
validation_unseen_organizations,201610310039,Taliban
validation_unseen_organizations,201610310040,Taliban
validation_unseen_organizations,201610310041,Taliban
validation_unseen_organizations,201610310042,Taliban
validation_unseen_organizations,201611010012,Taliban
validation_unseen_organizations,201611030006,Islamic State of Iraq and the Levant (ISIL)
validation_unseen_organizations,201611030025,Jaish al-Fatah (Syria)
validation_unseen_organizations,201611030026,Jaish al-Fatah (Syria)
validation_unseen_organizations,201611030027,Jaish al-Fatah (Syria)
validation_unseen_organizations,201611030029,Islamic State of Iraq and the Levant (ISIL)
validation_unseen_organizations,201611030030,Islamic State of Iraq and the Levant (ISIL)
validation_unseen_organizations,201611040001,Islamic State of Iraq and the Levant (ISIL)
validation_unseen_organizations,201611040020,Taliban
validation_unseen_organizations,201611050010,Islamic State of Iraq and the Levant (ISIL)
validation_unseen_organizations,201611050019,Taliban
validation_unseen_organizations,201611050024,Taliban
validation_unseen_organizations,201611050025,Taliban
validation_unseen_organizations,201611050026,Taliban
validation_unseen_organizations,201611060002,Islamic State of Iraq and the Levant (ISIL)
validation_unseen_organizations,201611060004,Taliban
validation_unseen_organizations,201611060028,Islamic State of Iraq and the Levant (ISIL)
validation_unseen_organizations,201611060059,National Liberation Army of Colombia (ELN)
validation_unseen_organizations,201611070018,Taliban
validation_unseen_organizations,201611070026,Taliban
validation_unseen_organizations,201611080031,Taliban
validation_unseen_organizations,201611090001,Islamic State of Iraq and the Levant (ISIL)
validation_unseen_organizations,201611090016,Baloch Republican Army (BRA)
validation_unseen_organizations,201611090018,Taliban
validation_unseen_organizations,201611100001,Taliban
validation_unseen_organizations,201611120001,Taliban
validation_unseen_organizations,201611120017,Islamic State of Iraq and the Levant (ISIL)
validation_unseen_organizations,201611120019,Taliban
validation_unseen_organizations,201611130017,Tripoli Province of the Islamic State
validation_unseen_organizations,201611130047,Islamic State of Iraq and the Levant (ISIL)
validation_unseen_organizations,201611130048,Islamic State of Iraq and the Levant (ISIL)
validation_unseen_organizations,201611130061,Islamic State of Iraq and the Levant (ISIL)
validation_unseen_organizations,201611130063,Islamic State of Iraq and the Levant (ISIL)
validation_unseen_organizations,201611130064,Islamic State of Iraq and the Levant (ISIL)
validation_unseen_organizations,201611140007,Islamic State of Iraq and the Levant (ISIL)
validation_unseen_organizations,201611140008,Islamic State of Iraq and the Levant (ISIL)
validation_unseen_organizations,201611140024,Islamic State of Iraq and the Levant (ISIL)
validation_unseen_organizations,201611150017,Islamic State of Iraq and the Levant (ISIL)
validation_unseen_organizations,201611150028,Taliban
validation_unseen_organizations,201611150029,Taliban
validation_unseen_organizations,201611150030,Taliban
validation_unseen_organizations,201611150051,Taliban
validation_unseen_organizations,201611150052,Taliban
validation_unseen_organizations,201611160017,Islamic State of Iraq and the Levant (ISIL)
validation_unseen_organizations,201611160023,Lashkar-e-Islam (Pakistan)
validation_unseen_organizations,201611170019,Taliban
validation_unseen_organizations,201611170020,Taliban
validation_unseen_organizations,201611170025,Islamic State of Iraq and the Levant (ISIL)
validation_unseen_organizations,201611180001,Taliban
validation_unseen_organizations,201611180003,Taliban
validation_unseen_organizations,201611180004,Taliban
validation_unseen_organizations,201611180021,Taliban
validation_unseen_organizations,201611190025,Islamic State of Iraq and the Levant (ISIL)
validation_unseen_organizations,201611190026,Islamic State of Iraq and the Levant (ISIL)
validation_unseen_organizations,201611190065,Islamic State of Iraq and the Levant (ISIL)
validation_unseen_organizations,201611190066,Islamic State of Iraq and the Levant (ISIL)
validation_unseen_organizations,201611200058,Islamic State of Iraq and the Levant (ISIL)
validation_unseen_organizations,201611200062,Islamic State of Iraq and the Levant (ISIL)
validation_unseen_organizations,201611210004,Taliban
validation_unseen_organizations,201611210051,Islamic State of Iraq and the Levant (ISIL)
validation_unseen_organizations,201611230031,Islamic State of Iraq and the Levant (ISIL)
validation_unseen_organizations,201611230050,Islamic State of Iraq and the Levant (ISIL)
validation_unseen_organizations,201611230052,Islamic State of Iraq and the Levant (ISIL)
validation_unseen_organizations,201611240048,Islamic State of Iraq and the Levant (ISIL)
validation_unseen_organizations,201611250014,Islamic State of Iraq and the Levant (ISIL)
validation_unseen_organizations,201611270016,Taliban
validation_unseen_organizations,201611270017,Taliban
validation_unseen_organizations,201611270018,Taliban
validation_unseen_organizations,201611280033,Islamic State of Iraq and the Levant (ISIL)
validation_unseen_organizations,201611290008,Islamic State of Iraq and the Levant (ISIL)
validation_unseen_organizations,201611290030,Islamic State of Iraq and the Levant (ISIL)
validation_unseen_organizations,201611300038,Islamic State of Iraq and the Levant (ISIL)
validation_unseen_organizations,201612010003,Islamic State of Iraq and the Levant (ISIL)
validation_unseen_organizations,201612010016,Islamic State of Iraq and the Levant (ISIL)
validation_unseen_organizations,201612010017,Islamic State of Iraq and the Levant (ISIL)
validation_unseen_organizations,201612010019,Islamic State of Iraq and the Levant (ISIL)
validation_unseen_organizations,201612010109,Taliban
validation_unseen_organizations,201612010110,Taliban
validation_unseen_organizations,201612020003,Taliban
validation_unseen_organizations,201612020015,Taliban
validation_unseen_organizations,201612030003,Islamic State of Iraq and the Levant (ISIL)
validation_unseen_organizations,201612030007,Islamic State of Iraq and the Levant (ISIL)
validation_unseen_organizations,201612040004,Islamic State of Iraq and the Levant (ISIL)
validation_unseen_organizations,201612040006,Islamic State of Iraq and the Levant (ISIL)
validation_unseen_organizations,201612040024,Islamic State of Iraq and the Levant (ISIL)
validation_unseen_organizations,201612040025,Islamic State of Iraq and the Levant (ISIL)
validation_unseen_organizations,201612040026,Islamic State of Iraq and the Levant (ISIL)
validation_unseen_organizations,201612040027,Islamic State of Iraq and the Levant (ISIL)
validation_unseen_organizations,201612040028,Islamic State of Iraq and the Levant (ISIL)
validation_unseen_organizations,201612040029,Islamic State of Iraq and the Levant (ISIL)
validation_unseen_organizations,201612040030,Islamic State of Iraq and the Levant (ISIL)
validation_unseen_organizations,201612040031,Taliban
validation_unseen_organizations,201612040036,Taliban
validation_unseen_organizations,201612040037,Tripoli Province of the Islamic State
validation_unseen_organizations,201612050004,Islamic State of Iraq and the Levant (ISIL)
validation_unseen_organizations,201612050005,Islamic State of Iraq and the Levant (ISIL)
validation_unseen_organizations,201612050006,Islamic State of Iraq and the Levant (ISIL)
validation_unseen_organizations,201612050013,Islamic State of Iraq and the Levant (ISIL)
validation_unseen_organizations,201612070007,Islamic State of Iraq and the Levant (ISIL)
validation_unseen_organizations,201612070008,Islamic State of Iraq and the Levant (ISIL)
validation_unseen_organizations,201612070009,Islamic State of Iraq and the Levant (ISIL)
validation_unseen_organizations,201612070010,Islamic State of Iraq and the Levant (ISIL)
validation_unseen_organizations,201612070022,Islamic State of Iraq and the Levant (ISIL)
validation_unseen_organizations,201612070030,Islamic State of Iraq and the Levant (ISIL)
validation_unseen_organizations,201612080018,Islamic State of Iraq and the Levant (ISIL)
validation_unseen_organizations,201612080019,Islamic State of Iraq and the Levant (ISIL)
validation_unseen_organizations,201612080020,Islamic State of Iraq and the Levant (ISIL)
validation_unseen_organizations,201612080023,National Liberation Army of Colombia (ELN)
validation_unseen_organizations,201612080024,National Liberation Army of Colombia (ELN)
validation_unseen_organizations,201612090007,Islamic State of Iraq and the Levant (ISIL)
validation_unseen_organizations,201612090009,Islamic State of Iraq and the Levant (ISIL)
validation_unseen_organizations,201612090019,Islamic State of Iraq and the Levant (ISIL)
validation_unseen_organizations,201612100006,Taliban
validation_unseen_organizations,201612100011,Islamic State of Iraq and the Levant (ISIL)
validation_unseen_organizations,201612100012,Islamic State of Iraq and the Levant (ISIL)
validation_unseen_organizations,201612100019,Taliban
validation_unseen_organizations,201612100020,Taliban
validation_unseen_organizations,201612110006,Taliban
validation_unseen_organizations,201612110007,Taliban
validation_unseen_organizations,201612110010,Islamic State of Iraq and the Levant (ISIL)
validation_unseen_organizations,201612110011,Islamic State of Iraq and the Levant (ISIL)
validation_unseen_organizations,201612110023,Islamic State of Iraq and the Levant (ISIL)
validation_unseen_organizations,201612120019,Islamic State of Iraq and the Levant (ISIL)
validation_unseen_organizations,201612130019,Taliban
validation_unseen_organizations,201612140025,Islamic State of Iraq and the Levant (ISIL)
validation_unseen_organizations,201612140027,Islamic State of Iraq and the Levant (ISIL)
validation_unseen_organizations,201612140028,Islamic State of Iraq and the Levant (ISIL)
validation_unseen_organizations,201612140035,Islamic State of Iraq and the Levant (ISIL)
validation_unseen_organizations,201612150008,Islamic State of Iraq and the Levant (ISIL)
validation_unseen_organizations,201612160001,Manipur Naga People's Army (MNPA)
validation_unseen_organizations,201612160002,Manipur Naga People's Army (MNPA)
validation_unseen_organizations,201612160003,Manipur Naga People's Army (MNPA)
validation_unseen_organizations,201612160015,Islamic State of Iraq and the Levant (ISIL)
validation_unseen_organizations,201612160018,Islamic State of Iraq and the Levant (ISIL)
validation_unseen_organizations,201612160021,Islamic State of Iraq and the Levant (ISIL)
validation_unseen_organizations,201612170011,Islamic State of Iraq and the Levant (ISIL)
validation_unseen_organizations,201612180001,Islamic State of Iraq and the Levant (ISIL)
validation_unseen_organizations,201612180002,Islamic State of Iraq and the Levant (ISIL)
validation_unseen_organizations,201612180003,Islamic State of Iraq and the Levant (ISIL)
validation_unseen_organizations,201612180019,Islamic State of Iraq and the Levant (ISIL)
validation_unseen_organizations,201612180031,Islamic State of Iraq and the Levant (ISIL)
validation_unseen_organizations,201612190020,Islamic State of Iraq and the Levant (ISIL)
validation_unseen_organizations,201612190021,Islamic State of Iraq and the Levant (ISIL)
validation_unseen_organizations,201612190026,Taliban
validation_unseen_organizations,201612190036,Islamic State of Iraq and the Levant (ISIL)
validation_unseen_organizations,201612190042,Islamic State of Iraq and the Levant (ISIL)
validation_unseen_organizations,201612190043,Islamic State of Iraq and the Levant (ISIL)
validation_unseen_organizations,201612210001,Taliban
validation_unseen_organizations,201612210014,Islamic State of Iraq and the Levant (ISIL)
validation_unseen_organizations,201612210032,Islamic State of Iraq and the Levant (ISIL)
validation_unseen_organizations,201612210035,Islamic State of Iraq and the Levant (ISIL)
validation_unseen_organizations,201612210047,Islamic State of Iraq and the Levant (ISIL)
validation_unseen_organizations,201612220023,Islamic State of Iraq and the Levant (ISIL)
validation_unseen_organizations,201612220024,Islamic State of Iraq and the Levant (ISIL)
validation_unseen_organizations,201612230003,Baloch Republican Army (BRA)
validation_unseen_organizations,201612230009,Taliban
validation_unseen_organizations,201612240001,Taliban
validation_unseen_organizations,201612240002,Taliban
validation_unseen_organizations,201612240003,Taliban
validation_unseen_organizations,201612240024,Islamic State of Iraq and the Levant (ISIL)
validation_unseen_organizations,201612250011,Taliban
validation_unseen_organizations,201612250025,Taliban
validation_unseen_organizations,201612250026,Taliban
validation_unseen_organizations,201612250027,Taliban
validation_unseen_organizations,201612250028,Taliban
validation_unseen_organizations,201612250029,Taliban
validation_unseen_organizations,201612250030,Taliban
validation_unseen_organizations,201612250031,Taliban
validation_unseen_organizations,201612250032,Taliban
validation_unseen_organizations,201612250036,Taliban
validation_unseen_organizations,201612250042,Islamic State of Iraq and the Levant (ISIL)
validation_unseen_organizations,201612250049,Islamic State of Iraq and the Levant (ISIL)
validation_unseen_organizations,201612260011,Taliban
validation_unseen_organizations,201612280002,Taliban
validation_unseen_organizations,201612280006,Islamic State of Iraq and the Levant (ISIL)
validation_unseen_organizations,201612280038,Islamic State of Iraq and the Levant (ISIL)
validation_unseen_organizations,201612280041,Islamic State of Iraq and the Levant (ISIL)
validation_unseen_organizations,201612280043,Islamic State of Iraq and the Levant (ISIL)
validation_unseen_organizations,201612290032,Islamic State of Iraq and the Levant (ISIL)
validation_unseen_organizations,201612290033,Islamic State of Iraq and the Levant (ISIL)
validation_unseen_organizations,201612310027,Islamic State of Iraq and the Levant (ISIL)
validation_unseen_organizations,201612310028,Islamic State of Iraq and the Levant (ISIL)
validation_unseen_organizations,201612310034,Taliban
validation_unseen_organizations,201612310035,Taliban
validation_unseen_organizations,201612310036,Taliban
validation_unseen_organizations,201612310037,Taliban
validation_unseen_organizations,201612310038,Taliban
test_unseen_organizations,201501010010,Devrimici Halk Kurtulus Cephesi (DHKP/C)
test_unseen_organizations,201501030041,Communist Party of India - Maoist (CPI-Maoist)
test_unseen_organizations,201501040015,Tehrik-i-Taliban Pakistan (TTP)
test_unseen_organizations,201501040016,Tehrik-i-Taliban Pakistan (TTP)
test_unseen_organizations,201501040022,Jamaat-ul-Ahrar
test_unseen_organizations,201501050031,Jamaat-ul-Ahrar
test_unseen_organizations,201501050041,Al-Qaida in the Islamic Maghreb (AQIM)
test_unseen_organizations,201501090003,Jamaat-ul-Ahrar
test_unseen_organizations,201501110056,People's Revolutionary Party of Kangleipak-Progressive (PREPAK-P)
test_unseen_organizations,201501120043,Donetsk People's Republic
test_unseen_organizations,201501150050,Donetsk People's Republic
test_unseen_organizations,201501150051,Donetsk People's Republic
test_unseen_organizations,201501160020,Donetsk People's Republic
test_unseen_organizations,201501160056,Tehrik-i-Taliban Pakistan (TTP)
test_unseen_organizations,201501160060,Tehrik-i-Taliban Pakistan (TTP)
test_unseen_organizations,201501170068,People's Revolutionary Party of Kangleipak-Progressive (PREPAK-P)
test_unseen_organizations,201501180057,Donetsk People's Republic
test_unseen_organizations,201501180099,People's Revolutionary Party of Kangleipak-Progressive (PREPAK-P)
test_unseen_organizations,201501190103,Tehrik-i-Taliban Pakistan (TTP)
test_unseen_organizations,201501200098,Donetsk People's Republic
test_unseen_organizations,201501240018,Communist Party of India - Maoist (CPI-Maoist)
test_unseen_organizations,201501240019,Communist Party of India - Maoist (CPI-Maoist)
test_unseen_organizations,201501250040,Communist Party of India - Maoist (CPI-Maoist)
test_unseen_organizations,201501250042,Communist Party of India - Maoist (CPI-Maoist)
test_unseen_organizations,201501290038,Revolutionary Punishment Movement
test_unseen_organizations,201501290041,People's Revolutionary Party of Kangleipak-Progressive (PREPAK-P)
test_unseen_organizations,201502010120,Donetsk People's Republic
test_unseen_organizations,201502020015,Tehrik-i-Taliban Pakistan (TTP)
test_unseen_organizations,201502030012,Tehrik-i-Taliban Pakistan (TTP)
test_unseen_organizations,201502030014,Tehrik-i-Taliban Pakistan (TTP)
test_unseen_organizations,201502080063,Donetsk People's Republic
test_unseen_organizations,201502090029,Jamaat-ul-Ahrar
test_unseen_organizations,201502090033,Jamaat-ul-Ahrar
test_unseen_organizations,201502090071,Donetsk People's Republic
test_unseen_organizations,201502100060,Donetsk People's Republic
test_unseen_organizations,201502110072,Donetsk People's Republic
test_unseen_organizations,201502110075,Donetsk People's Republic
test_unseen_organizations,201502120040,Communist Party of India - Maoist (CPI-Maoist)
test_unseen_organizations,201502120069,Donetsk People's Republic
test_unseen_organizations,201502150113,Donetsk People's Republic
test_unseen_organizations,201502160105,Donetsk People's Republic
test_unseen_organizations,201502170015,Jamaat-ul-Ahrar
test_unseen_organizations,201502180019,Okba Ibn Nafaa Brigade
test_unseen_organizations,201502180058,Donetsk People's Republic
test_unseen_organizations,201502210099,Revolutionary Punishment Movement
test_unseen_organizations,201503020009,Revolutionary Punishment Movement
test_unseen_organizations,201503100015,Tehrik-i-Taliban Pakistan (TTP)
test_unseen_organizations,201503100045,Animal Liberation Front (ALF)
test_unseen_organizations,201503150001,Tehrik-i-Taliban Pakistan (TTP)
test_unseen_organizations,201503150002,Tehrik-i-Taliban Pakistan (TTP)
test_unseen_organizations,201503170033,Tehrik-i-Taliban Pakistan (TTP)
test_unseen_organizations,201503180028,Tehrik-i-Taliban Pakistan (TTP)
test_unseen_organizations,201503180030,Tehrik-i-Taliban Pakistan (TTP)
test_unseen_organizations,201503250050,Communist Party of India - Maoist (CPI-Maoist)
test_unseen_organizations,201503260010,Tehrik-i-Taliban Pakistan (TTP)
test_unseen_organizations,201503270007,Tehrik-i-Taliban Pakistan (TTP)
test_unseen_organizations,201503290021,Tehrik-i-Taliban Pakistan (TTP)
test_unseen_organizations,201503310015,Devrimici Halk Kurtulus Cephesi (DHKP/C)
test_unseen_organizations,201504040018,Tehrik-i-Taliban Pakistan (TTP)
test_unseen_organizations,201504060022,Tehrik-i-Taliban Pakistan (TTP)
test_unseen_organizations,201504070001,Jund al-Khilafah (Tunisia)
test_unseen_organizations,201504080056,Ahrar al-Sham
test_unseen_organizations,201504110009,Communist Party of India - Maoist (CPI-Maoist)
test_unseen_organizations,201504130051,Communist Party of India - Maoist (CPI-Maoist)
test_unseen_organizations,201504130052,Communist Party of India - Maoist (CPI-Maoist)
test_unseen_organizations,201504150046,Communist Party of India - Maoist (CPI-Maoist)
test_unseen_organizations,201504210083,Communist Party of Nepal - Maoist (CPN-Maoist-Chand)
test_unseen_organizations,201504220037,Jund al-Khilafah (Tunisia)
test_unseen_organizations,201504220047,Tehrik-i-Taliban Pakistan (TTP)
test_unseen_organizations,201504240030,Tehrik-i-Taliban Pakistan (TTP)
test_unseen_organizations,201504260024,Tehrik-i-Taliban Pakistan (TTP)
test_unseen_organizations,201504270053,Tehrik-i-Taliban Pakistan (TTP)
test_unseen_organizations,201504280051,Tehrik-i-Taliban Pakistan (TTP)
test_unseen_organizations,201504290064,Donetsk People's Republic
test_unseen_organizations,201504300056,Tehrik-i-Taliban Pakistan (TTP)
test_unseen_organizations,201505010011,Tehrik-i-Taliban Pakistan (TTP)
test_unseen_organizations,201505010068,Tehrik-i-Taliban Pakistan (TTP)
test_unseen_organizations,201505010105,Communist Party of India - Maoist (CPI-Maoist)
test_unseen_organizations,201505080069,Tehrik-i-Taliban Pakistan (TTP)
test_unseen_organizations,201505080070,Tehrik-i-Taliban Pakistan (TTP)
test_unseen_organizations,201505090071,Tehrik-i-Taliban Pakistan (TTP)
test_unseen_organizations,201505100047,Tehrik-i-Taliban Pakistan (TTP)
test_unseen_organizations,201505120001,Tehrik-i-Taliban Pakistan (TTP)
test_unseen_organizations,201505120033,Al-Qaida in the Islamic Maghreb (AQIM)
test_unseen_organizations,201505180023,Ahrar al-Sham
test_unseen_organizations,201505200038,Tehrik-i-Taliban Pakistan (TTP)
test_unseen_organizations,201505200060,Communist Party of India - Maoist (CPI-Maoist)
test_unseen_organizations,201505210013,Revolutionary Punishment Movement
test_unseen_organizations,201505230036,Revolutionary Punishment Movement
test_unseen_organizations,201505250001,Okba Ibn Nafaa Brigade
test_unseen_organizations,201505250092,Tehrik-i-Taliban Pakistan (TTP)
test_unseen_organizations,201505250112,Hizbul Mujahideen (HM)
test_unseen_organizations,201505250123,Al-Qaida in the Islamic Maghreb (AQIM)
test_unseen_organizations,201505250128,Tehrik-i-Taliban Pakistan (TTP)
test_unseen_organizations,201505260078,Tehrik-i-Taliban Pakistan (TTP)
test_unseen_organizations,201505280036,Tehrik-i-Taliban Pakistan (TTP)
test_unseen_organizations,201505280037,Tehrik-i-Taliban Pakistan (TTP)
test_unseen_organizations,201505280052,Tehrik-i-Taliban Pakistan (TTP)
test_unseen_organizations,201505280068,Al-Qaida in the Islamic Maghreb (AQIM)
test_unseen_organizations,201505280097,Animal Liberation Front (ALF)
test_unseen_organizations,201505300091,Al-Qaida in the Islamic Maghreb (AQIM)
test_unseen_organizations,201505310011,Tehrik-i-Taliban Pakistan (TTP)
test_unseen_organizations,201506030018,Donetsk People's Republic
test_unseen_organizations,201506040008,Al-Qaida in the Islamic Maghreb (AQIM)
test_unseen_organizations,201506070094,Animal Liberation Front (ALF)
test_unseen_organizations,201506110012,Tehrik-i-Taliban Pakistan (TTP)
test_unseen_organizations,201506110038,Communist Party of India - Maoist (CPI-Maoist)
test_unseen_organizations,201506160114,Donetsk People's Republic
test_unseen_organizations,201506250030,Tehrik-i-Taliban Pakistan (TTP)
test_unseen_organizations,201506260004,Jund al-Khilafah (Tunisia)
test_unseen_organizations,201506290022,Tehrik-i-Taliban Pakistan (TTP)
test_unseen_organizations,201506290035,Tehrik-i-Taliban Pakistan (TTP)
test_unseen_organizations,201506290043,Tehrik-i-Taliban Pakistan (TTP)
test_unseen_organizations,201507050010,Tehrik-i-Taliban Pakistan (TTP)
test_unseen_organizations,201507060043,Al-Qaida in the Islamic Maghreb (AQIM)
test_unseen_organizations,201507060063,Tehrik-i-Taliban Pakistan (TTP)
test_unseen_organizations,201507070091,Revolutionary Punishment Movement
test_unseen_organizations,201507090060,Hizbul Mujahideen (HM)
test_unseen_organizations,201507120035,Tehrik-i-Taliban Pakistan (TTP)
test_unseen_organizations,201507130016,Communist Party of India - Maoist (CPI-Maoist)
test_unseen_organizations,201507180002,Al-Qaida in the Islamic Maghreb (AQIM)
test_unseen_organizations,201507180004,Tehrik-i-Taliban Pakistan (TTP)
test_unseen_organizations,201507190010,Tehrik-i-Taliban Pakistan (TTP)
test_unseen_organizations,201507260002,Al-Qaida in the Islamic Maghreb (AQIM)
test_unseen_organizations,201508050035,Tehrik-i-Taliban Pakistan (TTP)
test_unseen_organizations,201508060029,Tehrik-i-Taliban Pakistan (TTP)
test_unseen_organizations,201508080065,Revolutionary Punishment Movement
test_unseen_organizations,201508090109,Ahrar al-Sham
test_unseen_organizations,201508100061,Donetsk People's Republic
test_unseen_organizations,201508100092,Tehrik-i-Taliban Pakistan (TTP)
test_unseen_organizations,201508120033,Hizbul Mujahideen (HM)
test_unseen_organizations,201508150059,Communist Party of India - Maoist (CPI-Maoist)
test_unseen_organizations,201508190001,Okba Ibn Nafaa Brigade
test_unseen_organizations,201508190010,Devrimici Halk Kurtulus Cephesi (DHKP/C)
test_unseen_organizations,201508190037,Tehrik-i-Taliban Pakistan (TTP)
test_unseen_organizations,201508190038,Tehrik-i-Taliban Pakistan (TTP)
test_unseen_organizations,201508200026,Tehrik-i-Taliban Pakistan (TTP)
test_unseen_organizations,201508230004,Okba Ibn Nafaa Brigade
test_unseen_organizations,201508230037,Tehrik-i-Taliban Pakistan (TTP)
test_unseen_organizations,201508230038,Tehrik-i-Taliban Pakistan (TTP)
test_unseen_organizations,201508270014,Tehrik-i-Taliban Pakistan (TTP)
test_unseen_organizations,201508280032,Tehrik-i-Taliban Pakistan (TTP)
test_unseen_organizations,201508290012,Revolutionary Punishment Movement
test_unseen_organizations,201508310091,Okba Ibn Nafaa Brigade
test_unseen_organizations,201509050069,Communist Party of India - Maoist (CPI-Maoist)
test_unseen_organizations,201509060036,Tehrik-i-Taliban Pakistan (TTP)
test_unseen_organizations,201509060037,Tehrik-i-Taliban Pakistan (TTP)
test_unseen_organizations,201509060038,Tehrik-i-Taliban Pakistan (TTP)
test_unseen_organizations,201509090063,Jaysh al-Islam (Syria)
test_unseen_organizations,201509130006,Tehrik-i-Taliban Pakistan (TTP)
test_unseen_organizations,201509180002,Tehrik-i-Taliban Pakistan (TTP)
test_unseen_organizations,201509180036,Tehrik-i-Taliban Pakistan (TTP)
test_unseen_organizations,201509190071,Tehrik-i-Taliban Pakistan (TTP)
test_unseen_organizations,201510010030,Tehrik-i-Taliban Pakistan (TTP)
test_unseen_organizations,201510020042,Tehrik-i-Taliban Pakistan (TTP)
test_unseen_organizations,201510040018,Revolutionary Punishment Movement
test_unseen_organizations,201510040055,Ahrar al-Sham
test_unseen_organizations,201510060024,Communist Party of India - Maoist (CPI-Maoist)
test_unseen_organizations,201510080062,Free Syrian Army
test_unseen_organizations,201510090081,Al-Qaida in the Islamic Maghreb (AQIM)
test_unseen_organizations,201510100030,Donetsk People's Republic
test_unseen_organizations,201510110020,Communist Party of India - Maoist (CPI-Maoist)
test_unseen_organizations,201510110030,Okba Ibn Nafaa Brigade
test_unseen_organizations,201510120074,Tehrik-i-Taliban Pakistan (TTP)
test_unseen_organizations,201510140002,Tehrik-i-Taliban Pakistan (TTP)
test_unseen_organizations,201510230050,Tehrik-i-Taliban Pakistan (TTP)
test_unseen_organizations,201510300002,Communist Party of India - Maoist (CPI-Maoist)
test_unseen_organizations,201511030009,Tehrik-i-Taliban Pakistan (TTP)
test_unseen_organizations,201511140001,Tehrik-i-Taliban Pakistan (TTP)
test_unseen_organizations,201511170063,Lashkar-e-Taiba (LeT)
test_unseen_organizations,201511180056,Communist Party of India - Maoist (CPI-Maoist)
test_unseen_organizations,201511210002,Al-Qaida in the Islamic Maghreb (AQIM)
test_unseen_organizations,201511210003,Al-Qaida in the Islamic Maghreb (AQIM)
test_unseen_organizations,201511240001,Jund al-Khilafah (Tunisia)
test_unseen_organizations,201511240068,Free Syrian Army
test_unseen_organizations,201512020058,Animal Liberation Front (ALF)
test_unseen_organizations,201512120025,Tehrik-i-Taliban Pakistan (TTP)
test_unseen_organizations,201512120026,Tehrik-i-Taliban Pakistan (TTP)
test_unseen_organizations,201512120027,Tehrik-i-Taliban Pakistan (TTP)
test_unseen_organizations,201512180036,Communist Party of India - Maoist (CPI-Maoist)
test_unseen_organizations,201512240016,Hizbul Mujahideen (HM)
test_unseen_organizations,201512250021,Communist Party of India - Maoist (CPI-Maoist)
test_unseen_organizations,201601010039,Communist Party of India - Maoist (CPI-Maoist)
test_unseen_organizations,201601010040,Communist Party of India - Maoist (CPI-Maoist)
test_unseen_organizations,201601030011,Tehrik-i-Taliban Pakistan (TTP)
test_unseen_organizations,201601030037,Communist Party of India - Maoist (CPI-Maoist)
test_unseen_organizations,201601050028,Communist Party of India - Maoist (CPI-Maoist)
test_unseen_organizations,201601070033,Communist Party of India - Maoist (CPI-Maoist)
test_unseen_organizations,201601070047,Communist Party of India - Maoist (CPI-Maoist)
test_unseen_organizations,201601080001,Al-Qaida in the Islamic Maghreb (AQIM)
test_unseen_organizations,201601110024,Tehrik-i-Taliban Pakistan (TTP)
test_unseen_organizations,201601150001,Al-Qaida in the Islamic Maghreb (AQIM)
test_unseen_organizations,201601150002,Al-Qaida in the Islamic Maghreb (AQIM)
test_unseen_organizations,201601150003,Al-Qaida in the Islamic Maghreb (AQIM)
test_unseen_organizations,201601150061,Communist Party of India - Maoist (CPI-Maoist)
test_unseen_organizations,201601160001,Al-Qaida in the Islamic Maghreb (AQIM)
test_unseen_organizations,201601220010,Communist Party of India - Maoist (CPI-Maoist)
test_unseen_organizations,201601220031,Tehrik-i-Taliban Pakistan (TTP)
test_unseen_organizations,201601260032,Tehrik-i-Taliban Pakistan (TTP)
test_unseen_organizations,201601270022,Communist Party of India - Maoist (CPI-Maoist)
test_unseen_organizations,201601270052,Donetsk People's Republic
test_unseen_organizations,201601280039,Communist Party of India - Maoist (CPI-Maoist)
test_unseen_organizations,201601280063,Weichan Auka Mapu
test_unseen_organizations,201601310017,Communist Party of India - Maoist (CPI-Maoist)
test_unseen_organizations,201601310030,Communist Party of India - Maoist (CPI-Maoist)
test_unseen_organizations,201601310031,Communist Party of India - Maoist (CPI-Maoist)
test_unseen_organizations,201602050018,Al-Qaida in the Islamic Maghreb (AQIM)
test_unseen_organizations,201602050019,Al-Qaida in the Islamic Maghreb (AQIM)
test_unseen_organizations,201602060001,Tehrik-i-Taliban Pakistan (TTP)
test_unseen_organizations,201602120077,Al-Qaida in the Islamic Maghreb (AQIM)
test_unseen_organizations,201602130033,Tehrik-i-Taliban Pakistan (TTP)
test_unseen_organizations,201602150058,Communist Party of India - Maoist (CPI-Maoist)
test_unseen_organizations,201602150059,Communist Party of India - Maoist (CPI-Maoist)
test_unseen_organizations,201602170004,Tehrik-i-Taliban Pakistan (TTP)
test_unseen_organizations,201602170005,Tehrik-i-Taliban Pakistan (TTP)
test_unseen_organizations,201602200013,Lashkar-e-Taiba (LeT)
test_unseen_organizations,201602200016,Communist Party of India - Maoist (CPI-Maoist)
test_unseen_organizations,201602210047,Communist Party of India - Maoist (CPI-Maoist)
test_unseen_organizations,201602210048,Communist Party of India - Maoist (CPI-Maoist)
test_unseen_organizations,201602210049,Communist Party of India - Maoist (CPI-Maoist)
test_unseen_organizations,201602220056,Communist Party of India - Maoist (CPI-Maoist)
test_unseen_organizations,201602230013,Free Syrian Army
test_unseen_organizations,201602230025,Tehrik-i-Taliban Pakistan (TTP)
test_unseen_organizations,201602230052,Communist Party of India - Maoist (CPI-Maoist)
test_unseen_organizations,201603010016,Tehrik-i-Taliban Pakistan (TTP)
test_unseen_organizations,201603020040,Communist Party of India - Maoist (CPI-Maoist)
test_unseen_organizations,201603030015,Devrimici Halk Kurtulus Cephesi (DHKP/C)
test_unseen_organizations,201603070010,Tehrik-i-Taliban Pakistan (TTP)
test_unseen_organizations,201603080030,Weichan Auka Mapu
test_unseen_organizations,201603090041,People's Revolutionary Party of Kangleipak-Progressive (PREPAK-P)
test_unseen_organizations,201603100022,Tehrik-i-Taliban Pakistan (TTP)
test_unseen_organizations,201603110023,Tehrik-i-Taliban Pakistan (TTP)
test_unseen_organizations,201603130002,Al-Qaida in the Islamic Maghreb (AQIM)
test_unseen_organizations,201603170027,Communist Party of India - Maoist (CPI-Maoist)
test_unseen_organizations,201603180014,Al-Qaida in the Islamic Maghreb (AQIM)
test_unseen_organizations,201603180023,Communist Party of India - Maoist (CPI-Maoist)
test_unseen_organizations,201603210017,Al-Qaida in the Islamic Maghreb (AQIM)
test_unseen_organizations,201603260022,Hizbul Mujahideen (HM)
test_unseen_organizations,201603260024,Communist Party of India - Maoist (CPI-Maoist)
test_unseen_organizations,201603270001,Tehrik-i-Taliban Pakistan (TTP)
test_unseen_organizations,201603280031,Tehrik-i-Taliban Pakistan (TTP)
test_unseen_organizations,201603300019,Communist Party of India - Maoist (CPI-Maoist)
test_unseen_organizations,201603300039,Okba Ibn Nafaa Brigade
test_unseen_organizations,201604010041,Weichan Auka Mapu
test_unseen_organizations,201604060057,Communist Party of India - Maoist (CPI-Maoist)
test_unseen_organizations,201604100002,Tehrik-i-Taliban Pakistan (TTP)
test_unseen_organizations,201604120015,Tehrik-i-Taliban Pakistan (TTP)
test_unseen_organizations,201604120052,Weichan Auka Mapu
test_unseen_organizations,201604180050,Free Syrian Army
test_unseen_organizations,201604180051,Free Syrian Army
test_unseen_organizations,201604180052,Free Syrian Army
test_unseen_organizations,201604180053,Free Syrian Army
test_unseen_organizations,201604180054,Free Syrian Army
test_unseen_organizations,201604180055,Free Syrian Army
test_unseen_organizations,201604180056,Free Syrian Army
test_unseen_organizations,201604190028,Tehrik-i-Taliban Pakistan (TTP)
test_unseen_organizations,201604200016,Tehrik-i-Taliban Pakistan (TTP)
test_unseen_organizations,201604200022,Communist Party of India - Maoist (CPI-Maoist)
test_unseen_organizations,201604220009,Tehrik-i-Taliban Pakistan (TTP)
test_unseen_organizations,201604220010,Tehrik-i-Taliban Pakistan (TTP)
test_unseen_organizations,201604220011,Tehrik-i-Taliban Pakistan (TTP)
test_unseen_organizations,201604230020,Tehrik-i-Taliban Pakistan (TTP)
test_unseen_organizations,201604240028,Tehrik-i-Taliban Pakistan (TTP)
test_unseen_organizations,201604240029,Tehrik-i-Taliban Pakistan (TTP)
test_unseen_organizations,201605050041,Tehrik-i-Taliban Pakistan (TTP)
test_unseen_organizations,201605100010,Tehrik-i-Taliban Pakistan (TTP)
test_unseen_organizations,201605230041,Tehrik-i-Taliban Pakistan (TTP)
test_unseen_organizations,201605250049,Weichan Auka Mapu
test_unseen_organizations,201605250050,Weichan Auka Mapu
test_unseen_organizations,201605260030,Communist Party of India - Maoist (CPI-Maoist)
test_unseen_organizations,201605300042,Jund al-Khilafah (Tunisia)
test_unseen_organizations,201605310011,Tehrik-i-Taliban Pakistan (TTP)
test_unseen_organizations,201605310012,Tehrik-i-Taliban Pakistan (TTP)
test_unseen_organizations,201605310013,Al-Qaida in the Islamic Maghreb (AQIM)
test_unseen_organizations,201605310014,Al-Qaida in the Islamic Maghreb (AQIM)
test_unseen_organizations,201605310048,Communist Party of India - Maoist (CPI-Maoist)
test_unseen_organizations,201606010002,Tehrik-i-Taliban Pakistan (TTP)
test_unseen_organizations,201606020038,Communist Party of Nepal - Maoist (CPN-Maoist-Chand)
test_unseen_organizations,201606030013,Hizbul Mujahideen (HM)
test_unseen_organizations,201606060053,Communist Party of Nepal - Maoist (CPN-Maoist-Chand)
test_unseen_organizations,201606070038,Tehrik-i-Taliban Pakistan (TTP)
test_unseen_organizations,201606070044,Tehrik-i-Taliban Pakistan (TTP)
test_unseen_organizations,201606070045,Tehrik-i-Taliban Pakistan (TTP)
test_unseen_organizations,201606100039,Communist Party of India - Maoist (CPI-Maoist)
test_unseen_organizations,201606100052,Communist Party of India - Maoist (CPI-Maoist)
test_unseen_organizations,201606100057,Animal Liberation Front (ALF)
test_unseen_organizations,201606110029,Communist Party of Nepal - Maoist (CPN-Maoist-Chand)
test_unseen_organizations,201606110039,Communist Party of Nepal - Maoist (CPN-Maoist-Chand)
test_unseen_organizations,201606110040,Communist Party of Nepal - Maoist (CPN-Maoist-Chand)
test_unseen_organizations,201606110041,Communist Party of Nepal - Maoist (CPN-Maoist-Chand)
test_unseen_organizations,201606110042,Communist Party of Nepal - Maoist (CPN-Maoist-Chand)
test_unseen_organizations,201606110043,Communist Party of Nepal - Maoist (CPN-Maoist-Chand)
test_unseen_organizations,201606110044,Communist Party of Nepal - Maoist (CPN-Maoist-Chand)
test_unseen_organizations,201606110051,Communist Party of Nepal - Maoist (CPN-Maoist-Chand)
test_unseen_organizations,201606110052,Communist Party of Nepal - Maoist (CPN-Maoist-Chand)
test_unseen_organizations,201606110053,Communist Party of Nepal - Maoist (CPN-Maoist-Chand)
test_unseen_organizations,201606110054,Communist Party of Nepal - Maoist (CPN-Maoist-Chand)
test_unseen_organizations,201606110055,Communist Party of Nepal - Maoist (CPN-Maoist-Chand)
test_unseen_organizations,201606150039,Communist Party of India - Maoist (CPI-Maoist)
test_unseen_organizations,201606150040,Communist Party of India - Maoist (CPI-Maoist)
test_unseen_organizations,201606180025,Communist Party of India - Maoist (CPI-Maoist)
test_unseen_organizations,201606190029,Communist Party of India - Maoist (CPI-Maoist)
test_unseen_organizations,201606220024,Communist Party of India - Maoist (CPI-Maoist)
test_unseen_organizations,201606250002,Lashkar-e-Taiba (LeT)
test_unseen_organizations,201606250020,Communist Party of India - Maoist (CPI-Maoist)
test_unseen_organizations,201606260026,Communist Party of India - Maoist (CPI-Maoist)
test_unseen_organizations,201607010037,Al-Qaida in the Islamic Maghreb (AQIM)
test_unseen_organizations,201607110030,Aleppo Fatah Operations Room
test_unseen_organizations,201607110048,Aleppo Fatah Operations Room
test_unseen_organizations,201607110049,Aleppo Fatah Operations Room
test_unseen_organizations,201607110050,Aleppo Fatah Operations Room
test_unseen_organizations,201607110051,Aleppo Fatah Operations Room
test_unseen_organizations,201607110052,Aleppo Fatah Operations Room
test_unseen_organizations,201607120034,Tehrik-i-Taliban Pakistan (TTP)
test_unseen_organizations,201607180029,Communist Party of India - Maoist (CPI-Maoist)
test_unseen_organizations,201607210029,Free Syrian Army
test_unseen_organizations,201607220080,Okba Ibn Nafaa Brigade
test_unseen_organizations,201607240020,Communist Party of India - Maoist (CPI-Maoist)
test_unseen_organizations,201607250035,Communist Party of India - Maoist (CPI-Maoist)
test_unseen_organizations,201607310062,Al-Qaida in the Islamic Maghreb (AQIM)
test_unseen_organizations,201608010012,Tehrik-i-Taliban Pakistan (TTP)
test_unseen_organizations,201608030037,Free Syrian Army
test_unseen_organizations,201608080005,Tehrik-i-Taliban Pakistan (TTP)
test_unseen_organizations,201608090006,Tehrik-i-Taliban Pakistan (TTP)
test_unseen_organizations,201608110066,Jaysh al-Islam (Syria)
test_unseen_organizations,201608150054,Hizbul Mujahideen (HM)
test_unseen_organizations,201608170038,Free Syrian Army
test_unseen_organizations,201608260044,Communist Party of India - Maoist (CPI-Maoist)
test_unseen_organizations,201608290023,Okba Ibn Nafaa Brigade
test_unseen_organizations,201608300023,Hizbul Mujahideen (HM)
test_unseen_organizations,201609020001,Tehrik-i-Taliban Pakistan (TTP)
test_unseen_organizations,201609020002,Tehrik-i-Taliban Pakistan (TTP)
test_unseen_organizations,201609020061,Free Syrian Army
test_unseen_organizations,201609040007,Tehrik-i-Taliban Pakistan (TTP)
test_unseen_organizations,201609040008,Tehrik-i-Taliban Pakistan (TTP)
test_unseen_organizations,201609040088,Communist Party of India - Maoist (CPI-Maoist)
test_unseen_organizations,201609060066,Jaysh al-Islam (Syria)
test_unseen_organizations,201609070016,Hizbul Mujahideen (HM)
test_unseen_organizations,201609100004,Tehrik-i-Taliban Pakistan (TTP)
test_unseen_organizations,201609110053,Free Syrian Army
test_unseen_organizations,201609160001,Tehrik-i-Taliban Pakistan (TTP)
test_unseen_organizations,201609230005,Tehrik-i-Taliban Pakistan (TTP)
test_unseen_organizations,201609230006,Tehrik-i-Taliban Pakistan (TTP)
test_unseen_organizations,201609230051,Free Syrian Army
test_unseen_organizations,201609230058,Jaysh al-Islam (Syria)
test_unseen_organizations,201609240035,Ahrar al-Sham
test_unseen_organizations,201609260013,Hizbul Mujahideen (HM)
test_unseen_organizations,201609270008,Tehrik-i-Taliban Pakistan (TTP)
test_unseen_organizations,201610100079,Free Syrian Army
test_unseen_organizations,201610100080,Free Syrian Army
test_unseen_organizations,201610100096,Free Syrian Army
test_unseen_organizations,201610120045,Free Syrian Army
test_unseen_organizations,201610120058,Jaysh al-Islam (Syria)
test_unseen_organizations,201610140014,Tehrik-i-Taliban Pakistan (TTP)
test_unseen_organizations,201610140080,Free Syrian Army
test_unseen_organizations,201610160017,Tehrik-i-Taliban Pakistan (TTP)
test_unseen_organizations,201610160020,Tehrik-i-Taliban Pakistan (TTP)
test_unseen_organizations,201610160025,Tehrik-i-Taliban Pakistan (TTP)
test_unseen_organizations,201610160040,Communist Party of India - Maoist (CPI-Maoist)
test_unseen_organizations,201610170064,Free Syrian Army
test_unseen_organizations,201610190071,Free Syrian Army
test_unseen_organizations,201610200065,Free Syrian Army
test_unseen_organizations,201610200081,Free Syrian Army
test_unseen_organizations,201610210026,Communist Party of India - Maoist (CPI-Maoist)
test_unseen_organizations,201610260049,Donetsk People's Republic
test_unseen_organizations,201610270067,Free Syrian Army
test_unseen_organizations,201610270089,Ahrar al-Sham
test_unseen_organizations,201610310031,Communist Party of India - Maoist (CPI-Maoist)
test_unseen_organizations,201611010011,Tehrik-i-Taliban Pakistan (TTP)
test_unseen_organizations,201611020060,Tehrik-i-Taliban Pakistan (TTP)
test_unseen_organizations,201611110027,Free Syrian Army
test_unseen_organizations,201611130001,Tehrik-i-Taliban Pakistan (TTP)
test_unseen_organizations,201611200001,Tehrik-i-Taliban Pakistan (TTP)
test_unseen_organizations,201611210043,Lashkar-e-Taiba (LeT)
test_unseen_organizations,201611250006,Tehrik-i-Taliban Pakistan (TTP)
test_unseen_organizations,201611260001,Tehrik-i-Taliban Pakistan (TTP)
test_unseen_organizations,201611280017,Tehrik-i-Taliban Pakistan (TTP)
test_unseen_organizations,201611280031,Tehrik-i-Taliban Pakistan (TTP)
test_unseen_organizations,201611280032,Tehrik-i-Taliban Pakistan (TTP)
test_unseen_organizations,201611290009,Al-Qaida in the Islamic Maghreb (AQIM)
test_unseen_organizations,201611290010,Al-Qaida in the Islamic Maghreb (AQIM)
test_unseen_organizations,201612110024,Communist Party of India - Maoist (CPI-Maoist)
test_unseen_organizations,201612180043,Donetsk People's Republic
test_unseen_organizations,201612180044,Donetsk People's Republic
test_unseen_organizations,201612220002,Tehrik-i-Taliban Pakistan (TTP)
test_unseen_organizations,201612220015,Communist Party of India - Maoist (CPI-Maoist)
test_temporal_2016,201601020007,Al-Shabaab
test_temporal_2016,201601020029,Sudan People's Liberation Movement - North
test_temporal_2016,201601040015,Al-Shabaab
test_temporal_2016,201601040045,Garo National Liberation Army
test_temporal_2016,201601040049,Sinai Province of the Islamic State
test_temporal_2016,201601040056,Al-Qaida in the Arabian Peninsula (AQAP)
test_temporal_2016,201601050017,Adan-Abyan Province of the Islamic State
test_temporal_2016,201601070005,Barqa Province of the Islamic State
test_temporal_2016,201601070006,Islamic State in Egypt
test_temporal_2016,201601070007,Sinai Province of the Islamic State
test_temporal_2016,201601070010,Al-Shabaab
test_temporal_2016,201601070011,Al-Shabaab
test_temporal_2016,201601070023,Al-Shabaab
test_temporal_2016,201601080003,Islamic State in Egypt
test_temporal_2016,201601090002,Baloch Liberation Army (BLA)
test_temporal_2016,201601090003,Sinai Province of the Islamic State
test_temporal_2016,201601090029,Sinai Province of the Islamic State
test_temporal_2016,201601090038,Sinai Province of the Islamic State
test_temporal_2016,201601100001,Al-Shabaab
test_temporal_2016,201601100004,Adan-Abyan Province of the Islamic State
test_temporal_2016,201601100027,Al-Nusrah Front
test_temporal_2016,201601120004,Baloch Liberation Front (BLF)
test_temporal_2016,201601130001,Khorasan Chapter of the Islamic State
test_temporal_2016,201601130009,Al-Shabaab
test_temporal_2016,201601140004,Sinai Province of the Islamic State
test_temporal_2016,201601140008,Kurdistan Workers' Party (PKK)
test_temporal_2016,201601140012,Barqa Province of the Islamic State
test_temporal_2016,201601140013,Barqa Province of the Islamic State
test_temporal_2016,201601150004,Al-Shabaab
test_temporal_2016,201601150029,Khorasan Chapter of the Islamic State
test_temporal_2016,201601150082,Lashkar-e-Balochistan
test_temporal_2016,201601160061,Al-Shabaab
test_temporal_2016,201601170004,Barqa Province of the Islamic State
test_temporal_2016,201601170028,Al-Shabaab
test_temporal_2016,201601170035,Sinai Province of the Islamic State
test_temporal_2016,201601170036,Islamic State in Egypt
test_temporal_2016,201601170048,Al-Shabaab
test_temporal_2016,201601180002,Al-Shabaab
test_temporal_2016,201601190012,Barqa Province of the Islamic State
test_temporal_2016,201601190014,Barqa Province of the Islamic State
test_temporal_2016,201601190040,Sinai Province of the Islamic State
test_temporal_2016,201601200003,Sinai Province of the Islamic State
test_temporal_2016,201601210009,Barqa Province of the Islamic State
test_temporal_2016,201601210037,Baloch Liberation Army (BLA)
test_temporal_2016,201601220007,Al-Shabaab
test_temporal_2016,201601220008,Al-Shabaab
test_temporal_2016,201601220025,Khorasan Chapter of the Islamic State
test_temporal_2016,201601220036,New People's Army (NPA)
test_temporal_2016,201601230003,Barqa Province of the Islamic State
test_temporal_2016,201601260003,Al-Shabaab
test_temporal_2016,201601260020,New People's Army (NPA)
test_temporal_2016,201601270002,Sinai Province of the Islamic State
test_temporal_2016,201601280004,United Baloch Army (UBA)
test_temporal_2016,201601280005,Sinai Province of the Islamic State
test_temporal_2016,201601280007,Adan-Abyan Province of the Islamic State
test_temporal_2016,201601280019,Baloch Liberation Front (BLF)
test_temporal_2016,201601290002,Halqa-e-Mehsud
test_temporal_2016,201601290009,Adan-Abyan Province of the Islamic State
test_temporal_2016,201601290024,Sinai Province of the Islamic State
test_temporal_2016,201601300020,New People's Army (NPA)
test_temporal_2016,201601300021,New People's Army (NPA)
test_temporal_2016,201601300022,New People's Army (NPA)
test_temporal_2016,201601300024,Boko Haram
test_temporal_2016,201601310003,Lashkar-e-Balochistan
test_temporal_2016,201601310026,Sinai Province of the Islamic State
test_temporal_2016,201601310034,Al-Shabaab
test_temporal_2016,201602010018,Al-Shabaab
test_temporal_2016,201602010024,Al-Qaida in the Arabian Peninsula (AQAP)
test_temporal_2016,201602020018,Al-Shabaab
test_temporal_2016,201602030018,Baloch Liberation Army (BLA)
test_temporal_2016,201602030019,United Baloch Army (UBA)
test_temporal_2016,201602030020,Baloch Liberation Front (BLF)
test_temporal_2016,201602030043,United Baloch Army (UBA)
test_temporal_2016,201602030044,United Baloch Army (UBA)
test_temporal_2016,201602030077,New People's Army (NPA)
test_temporal_2016,201602030078,New People's Army (NPA)
test_temporal_2016,201602030079,New People's Army (NPA)
test_temporal_2016,201602030087,Barqa Province of the Islamic State
test_temporal_2016,201602050001,Bangsamoro Islamic Freedom Movement (BIFM)
test_temporal_2016,201602050017,Bangsamoro Islamic Freedom Movement (BIFM)
test_temporal_2016,201602050051,Bangsamoro Islamic Freedom Movement (BIFM)
test_temporal_2016,201602060045,Al-Shabaab
test_temporal_2016,201602060048,Jaish-e-Islam
test_temporal_2016,201602070001,New People's Army (NPA)
test_temporal_2016,201602070015,Al-Shabaab
test_temporal_2016,201602070033,Al-Shabaab
test_temporal_2016,201602080008,Houthi extremists (Ansar Allah)
test_temporal_2016,201602090041,Sinai Province of the Islamic State
test_temporal_2016,201602100050,Garo National Liberation Army
test_temporal_2016,201602110014,Al-Shabaab
test_temporal_2016,201602130025,Sinai Province of the Islamic State
test_temporal_2016,201602130037,Houthi extremists (Ansar Allah)
test_temporal_2016,201602140015,Baloch Liberation Front (BLF)
test_temporal_2016,201602140033,Al-Shabaab
test_temporal_2016,201602140037,Halqa-e-Mehsud
test_temporal_2016,201602150001,Caucasus Province of the Islamic State
test_temporal_2016,201602150017,Al-Shabaab
test_temporal_2016,201602150018,Al-Shabaab
test_temporal_2016,201602150037,Al-Shabaab
test_temporal_2016,201602160011,Al-Shabaab
test_temporal_2016,201602160013,New People's Army (NPA)
test_temporal_2016,201602160014,New People's Army (NPA)
test_temporal_2016,201602160020,Bangsamoro Islamic Freedom Movement (BIFM)
test_temporal_2016,201602160021,Bangsamoro Islamic Freedom Movement (BIFM)
test_temporal_2016,201602160022,Al-Qaida in the Arabian Peninsula (AQAP)
test_temporal_2016,201602160038,Islamic State in Egypt
test_temporal_2016,201602170062,Khorasan Chapter of the Islamic State
test_temporal_2016,201602180014,New People's Army (NPA)
test_temporal_2016,201602180043,Al-Shabaab
test_temporal_2016,201602180056,New People's Army (NPA)
test_temporal_2016,201602190004,Halqa-e-Mehsud
test_temporal_2016,201602190056,Khorasan Chapter of the Islamic State
test_temporal_2016,201602200001,Lashkar-e-Balochistan
test_temporal_2016,201602210054,Sinai Province of the Islamic State
test_temporal_2016,201602220001,Al-Shabaab
test_temporal_2016,201602230001,Halqa-e-Mehsud
test_temporal_2016,201602230054,New People's Army (NPA)
test_temporal_2016,201602250001,Al-Shabaab
test_temporal_2016,201602250038,New People's Army (NPA)
test_temporal_2016,201602260013,Barqa Province of the Islamic State
test_temporal_2016,201602260014,Al-Shabaab
test_temporal_2016,201602260022,Al-Shabaab
test_temporal_2016,201602270029,Al-Shabaab
test_temporal_2016,201602270048,Sinai Province of the Islamic State
test_temporal_2016,201602280013,Al-Shabaab
test_temporal_2016,201602280014,Al-Shabaab
test_temporal_2016,201602280036,Sinai Province of the Islamic State
test_temporal_2016,201602280041,Garo National Liberation Army
test_temporal_2016,201602290031,Al-Shabaab
test_temporal_2016,201602290058,Sinai Province of the Islamic State
test_temporal_2016,201603010026,Al-Shabaab
test_temporal_2016,201603010062,Ansar al-Dine (Mali)
test_temporal_2016,201603010068,Khorasan Chapter of the Islamic State
test_temporal_2016,201603020027,Baloch Liberation Front (BLF)
test_temporal_2016,201603020029,Al-Shabaab
test_temporal_2016,201603020038,Sinai Province of the Islamic State
test_temporal_2016,201603030017,Al-Shabaab
test_temporal_2016,201603040017,Adan-Abyan Province of the Islamic State
test_temporal_2016,201603040023,The New Irish Republican Army
test_temporal_2016,201603050012,Al-Shabaab
test_temporal_2016,201603050015,Al-Shabaab
test_temporal_2016,201603050028,Islamic State in Egypt
test_temporal_2016,201603070014,Al-Shabaab
test_temporal_2016,201603070026,Sinai Province of the Islamic State
test_temporal_2016,201603070033,New People's Army (NPA)
test_temporal_2016,201603080040,Sinai Province of the Islamic State
test_temporal_2016,201603090023,Al-Shabaab
test_temporal_2016,201603120028,United National Liberation Front (UNLF)
test_temporal_2016,201603120060,Al-Qaida in the Arabian Peninsula (AQAP)
test_temporal_2016,201603130021,Al-Shabaab
test_temporal_2016,201603130077,Al-Shabaab
test_temporal_2016,201603140040,Bangsamoro Islamic Freedom Movement (BIFM)
test_temporal_2016,201603140042,Sinai Province of the Islamic State
test_temporal_2016,201603140044,Sinai Province of the Islamic State
test_temporal_2016,201603140045,Sinai Province of the Islamic State
test_temporal_2016,201603150036,Al-Shabaab
test_temporal_2016,201603150037,Al-Shabaab
test_temporal_2016,201603160014,Barqa Province of the Islamic State
test_temporal_2016,201603160041,Khorasan Chapter of the Islamic State
test_temporal_2016,201603170017,Sinai Province of the Islamic State
test_temporal_2016,201603170020,Sinai Province of the Islamic State
test_temporal_2016,201603180020,Al-Shabaab
test_temporal_2016,201603190013,Al-Shabaab
test_temporal_2016,201603190015,Sinai Province of the Islamic State
test_temporal_2016,201603200017,Al-Shabaab
test_temporal_2016,201603220086,Sinai Province of the Islamic State
test_temporal_2016,201603220088,Ansar al-Dine (Mali)
test_temporal_2016,201603240022,Kurdistan Workers' Party (PKK)
test_temporal_2016,201603260020,Abu Sayyaf Group (ASG)
test_temporal_2016,201603270059,New People's Army (NPA)
test_temporal_2016,201603290003,Caucasus Province of the Islamic State
test_temporal_2016,201603290004,Caucasus Province of the Islamic State
test_temporal_2016,201603290008,Ansar al-Dine (Mali)
test_temporal_2016,201603290041,Sudan People's Liberation Movement - North
test_temporal_2016,201603310003,Kurdistan Workers' Party (PKK)
test_temporal_2016,201603310004,Al-Shabaab
test_temporal_2016,201603310005,Abu Sayyaf Group (ASG)
test_temporal_2016,201604030004,New People's Army (NPA)
test_temporal_2016,201604030005,New People's Army (NPA)
test_temporal_2016,201604030006,New People's Army (NPA)
test_temporal_2016,201604030007,New People's Army (NPA)
test_temporal_2016,201604030009,New People's Army (NPA)
test_temporal_2016,201604030010,New People's Army (NPA)
test_temporal_2016,201604030011,New People's Army (NPA)
test_temporal_2016,201604030039,Al-Shabaab
test_temporal_2016,201604030040,Al-Shabaab
test_temporal_2016,201604030041,Al-Shabaab
test_temporal_2016,201604030055,New People's Army (NPA)
test_temporal_2016,201604030061,Sudan People's Liberation Movement - North
test_temporal_2016,201604030062,Sudan People's Liberation Movement - North
test_temporal_2016,201604040082,Sudan People's Liberation Movement - North
test_temporal_2016,201604050015,United Baloch Army (UBA)
test_temporal_2016,201604050021,Al-Shabaab
test_temporal_2016,201604050025,Al-Shabaab
test_temporal_2016,201604060028,Sinai Province of the Islamic State
test_temporal_2016,201604060040,New People's Army (NPA)
test_temporal_2016,201604070033,Sinai Province of the Islamic State
test_temporal_2016,201604070034,Sinai Province of the Islamic State
test_temporal_2016,201604070048,Al-Shabaab
test_temporal_2016,201604080032,Sinai Province of the Islamic State
test_temporal_2016,201604090018,Al-Shabaab
test_temporal_2016,201604100027,Al-Shabaab
test_temporal_2016,201604110010,Al-Shabaab
test_temporal_2016,201604110012,Kurdistan Workers' Party (PKK)
test_temporal_2016,201604120014,Baloch Liberation Army (BLA)
test_temporal_2016,201604120045,Ansar al-Dine (Mali)
test_temporal_2016,201604130032,United National Liberation Front (UNLF)
test_temporal_2016,201604130037,New People's Army (NPA)
test_temporal_2016,201604130045,Sinai Province of the Islamic State
test_temporal_2016,201604140003,Barqa Province of the Islamic State
test_temporal_2016,201604140004,Al-Shabaab
test_temporal_2016,201604150029,The New Irish Republican Army
test_temporal_2016,201604160028,Ansar al-Dine (Mali)
test_temporal_2016,201604160034,New People's Army (NPA)
test_temporal_2016,201604160035,New People's Army (NPA)
test_temporal_2016,201604170054,Barqa Province of the Islamic State
test_temporal_2016,201604180011,Al-Shabaab
test_temporal_2016,201604180073,Barqa Province of the Islamic State
test_temporal_2016,201604190035,Sinai Province of the Islamic State
test_temporal_2016,201604190036,Boko Haram
test_temporal_2016,201604210005,Al-Shabaab
test_temporal_2016,201604210042,New People's Army (NPA)
test_temporal_2016,201604230052,Sinai Province of the Islamic State
test_temporal_2016,201604260007,Al-Shabaab
test_temporal_2016,201604260008,Al-Shabaab
test_temporal_2016,201604260009,Al-Shabaab
test_temporal_2016,201604260040,Al-Shabaab
test_temporal_2016,201604270015,Sinai Province of the Islamic State
test_temporal_2016,201604280031,United Liberation Front of Assam (ULFA)
test_temporal_2016,201604280032,United Liberation Front of Assam (ULFA)
test_temporal_2016,201605010008,Al-Qaida in the Arabian Peninsula (AQAP)
test_temporal_2016,201605010015,Al-Shabaab
test_temporal_2016,201605010053,New People's Army (NPA)
test_temporal_2016,201605020014,Al-Shabaab
test_temporal_2016,201605030049,Al-Shabaab
test_temporal_2016,201605040038,Baloch Liberation Front (BLF)
test_temporal_2016,201605040051,New People's Army (NPA)
test_temporal_2016,201605060011,Barqa Province of the Islamic State
test_temporal_2016,201605060017,Al-Shabaab
test_temporal_2016,201605070017,Baloch Liberation Front (BLF)
test_temporal_2016,201605070018,Baloch Liberation Front (BLF)
test_temporal_2016,201605070031,Adan-Abyan Province of the Islamic State
test_temporal_2016,201605070040,New People's Army (NPA)
test_temporal_2016,201605090009,Al-Shabaab
test_temporal_2016,201605090049,Houthi extremists (Ansar Allah)
test_temporal_2016,201605090052,The New Irish Republican Army
test_temporal_2016,201605100001,Kurdistan Workers' Party (PKK)
test_temporal_2016,201605110027,Al-Qaida in the Arabian Peninsula (AQAP)
test_temporal_2016,201605110042,Sinai Province of the Islamic State
test_temporal_2016,201605120025,Kurdistan Workers' Party (PKK)
test_temporal_2016,201605120039,Boko Haram
test_temporal_2016,201605130011,Khorasan Chapter of the Islamic State
test_temporal_2016,201605130037,Khorasan Chapter of the Islamic State
test_temporal_2016,201605130046,Al-Shabaab
test_temporal_2016,201605140029,Al-Shabaab
test_temporal_2016,201605140032,Al-Shabaab
test_temporal_2016,201605140033,New People's Army (NPA)
test_temporal_2016,201605140041,Islamic State in Bangladesh
test_temporal_2016,201605140047,Al-Shabaab
test_temporal_2016,201605150002,Hadramawt Province of the Islamic State
test_temporal_2016,201605150018,Al-Shabaab
test_temporal_2016,201605150027,Sinai Province of the Islamic State
test_temporal_2016,201605160048,New People's Army (NPA)
test_temporal_2016,201605160070,Kurdistan Workers' Party (PKK)
test_temporal_2016,201605170051,Al-Shabaab
test_temporal_2016,201605170052,New People's Army (NPA)
test_temporal_2016,201605170071,Baloch Liberation Front (BLF)
test_temporal_2016,201605180031,Ansar al-Dine (Mali)
test_temporal_2016,201605180049,New People's Army (NPA)
test_temporal_2016,201605180076,Al-Shabaab
test_temporal_2016,201605210020,Sinai Province of the Islamic State
test_temporal_2016,201605210025,Sinai Province of the Islamic State
test_temporal_2016,201605220013,New People's Army (NPA)
test_temporal_2016,201605220055,Sinai Province of the Islamic State
test_temporal_2016,201605230001,Adan-Abyan Province of the Islamic State
test_temporal_2016,201605230002,Adan-Abyan Province of the Islamic State
test_temporal_2016,201605230023,Al-Shabaab
test_temporal_2016,201605240015,Baloch Liberation Army (BLA)
test_temporal_2016,201605240028,Al-Shabaab
test_temporal_2016,201605250010,Al-Shabaab
test_temporal_2016,201605250034,New People's Army (NPA)
test_temporal_2016,201605250045,New People's Army (NPA)
test_temporal_2016,201605260053,Kurdistan Workers' Party (PKK)
test_temporal_2016,201605260056,Baloch Liberation Army (BLA)
test_temporal_2016,201605280011,Al-Shabaab
test_temporal_2016,201605280018,Baloch Liberation Front (BLF)
test_temporal_2016,201605290019,New People's Army (NPA)
test_temporal_2016,201605300055,Houthi extremists (Ansar Allah)
test_temporal_2016,201605310029,Al-Shabaab
test_temporal_2016,201606010004,Al-Shabaab
test_temporal_2016,201606010035,Baloch Liberation Army (BLA)
test_temporal_2016,201606010060,New People's Army (NPA)
test_temporal_2016,201606030015,Boko Haram
test_temporal_2016,201606030016,Al-Shabaab
test_temporal_2016,201606040017,Al-Shabaab
test_temporal_2016,201606040037,Kurdistan Workers' Party (PKK)
test_temporal_2016,201606050046,United Baloch Army (UBA)
test_temporal_2016,201606050062,Kurdistan Workers' Party (PKK)
test_temporal_2016,201606060020,Boko Haram
test_temporal_2016,201606060025,Al-Shabaab
test_temporal_2016,201606060027,Al-Shabaab
test_temporal_2016,201606060050,Sinai Province of the Islamic State
test_temporal_2016,201606070022,Al-Shabaab
test_temporal_2016,201606070023,Al-Shabaab
test_temporal_2016,201606070032,Al-Shabaab
test_temporal_2016,201606070040,Sinai Province of the Islamic State
test_temporal_2016,201606080001,Kurdistan Workers' Party (PKK)
test_temporal_2016,201606080035,Barqa Province of the Islamic State
test_temporal_2016,201606090009,Al-Shabaab
test_temporal_2016,201606090010,Baloch Liberation Front (BLF)
test_temporal_2016,201606090018,Al-Shabaab
test_temporal_2016,201606090032,Al-Shabaab
test_temporal_2016,201606090039,Al-Shabaab
test_temporal_2016,201606100024,Al-Shabaab
test_temporal_2016,201606100031,Islamic State in Bangladesh
test_temporal_2016,201606100060,Paraguayan People's Army (EPP)
test_temporal_2016,201606110023,United Baloch Army (UBA)
test_temporal_2016,201606110026,Al-Shabaab
test_temporal_2016,201606110030,Khorasan Chapter of the Islamic State
test_temporal_2016,201606120013,Baloch Liberation Army (BLA)
test_temporal_2016,201606120017,Al-Shabaab
test_temporal_2016,201606130018,Al-Shabaab
test_temporal_2016,201606140014,Al-Shabaab
test_temporal_2016,201606140015,Al-Shabaab
test_temporal_2016,201606140016,Al-Shabaab
test_temporal_2016,201606140017,Al-Shabaab
test_temporal_2016,201606150017,Hadramawt Province of the Islamic State
test_temporal_2016,201606150026,Al-Shabaab
test_temporal_2016,201606150027,Al-Shabaab
test_temporal_2016,201606150060,Paraguayan People's Army (EPP)
test_temporal_2016,201606160004,Sinai Province of the Islamic State
test_temporal_2016,201606160023,Baloch Liberation Front (BLF)
test_temporal_2016,201606160024,Al-Shabaab
test_temporal_2016,201606160027,Khorasan Chapter of the Islamic State
test_temporal_2016,201606160032,Boko Haram
test_temporal_2016,201606170027,Al-Shabaab
test_temporal_2016,201606170035,Al-Shabaab
test_temporal_2016,201606190002,Al-Shabaab
test_temporal_2016,201606190005,Sinai Province of the Islamic State
test_temporal_2016,201606190006,Sinai Province of the Islamic State
test_temporal_2016,201606190036,Al-Shabaab
test_temporal_2016,201606190049,New People's Army (NPA)
test_temporal_2016,201606200018,Abu Sayyaf Group (ASG)
test_temporal_2016,201606200019,Abu Sayyaf Group (ASG)
test_temporal_2016,201606200022,Al-Shabaab
test_temporal_2016,201606210006,Al-Shabaab
test_temporal_2016,201606220011,Houthi extremists (Ansar Allah)
test_temporal_2016,201606220023,Sinai Province of the Islamic State
test_temporal_2016,201606220028,Khorasan Chapter of the Islamic State
test_temporal_2016,201606220059,Baloch Liberation Army (BLA)
test_temporal_2016,201606230008,Al-Shabaab
test_temporal_2016,201606230022,Tehrik al-Mojahedin
test_temporal_2016,201606230023,Tehrik al-Mojahedin
test_temporal_2016,201606240020,Khorasan Chapter of the Islamic State
test_temporal_2016,201606240021,Khorasan Chapter of the Islamic State
test_temporal_2016,201606240022,Khorasan Chapter of the Islamic State
test_temporal_2016,201606240055,United Baloch Army (UBA)
test_temporal_2016,201606240080,Al-Shabaab
test_temporal_2016,201606250001,Al-Shabaab
test_temporal_2016,201606270005,Al-Shabaab
test_temporal_2016,201606270012,Hadramawt Province of the Islamic State
test_temporal_2016,201606270013,Hadramawt Province of the Islamic State
test_temporal_2016,201606270014,Hadramawt Province of the Islamic State
test_temporal_2016,201606270015,Hadramawt Province of the Islamic State
test_temporal_2016,201606270057,Baloch Liberation Army (BLA)
test_temporal_2016,201606280003,Lashkar-e-Jhangvi
test_temporal_2016,201606280004,Lashkar-e-Jhangvi
test_temporal_2016,201606280034,Al-Shabaab
test_temporal_2016,201606290001,Lashkar-e-Jhangvi
test_temporal_2016,201606290010,Sinai Province of the Islamic State
test_temporal_2016,201606290017,New People's Army (NPA)
test_temporal_2016,201606300008,Sinai Province of the Islamic State
test_temporal_2016,201606300009,Sinai Province of the Islamic State
test_temporal_2016,201606300013,United Baloch Army (UBA)
test_temporal_2016,201606300014,Baloch Liberation Army (BLA)
test_temporal_2016,201606300023,Islamic State in Bangladesh
test_temporal_2016,201607020005,Baloch Liberation Front (BLF)
test_temporal_2016,201607020019,Khorasan Chapter of the Islamic State
test_temporal_2016,201607020022,Islamic State in Bangladesh
test_temporal_2016,201607040006,Lashkar-e-Jhangvi
test_temporal_2016,201607040008,Hijaz Province of the Islamic State
test_temporal_2016,201607050026,New People's Army (NPA)
test_temporal_2016,201607050027,Al-Shabaab
test_temporal_2016,201607050028,Al-Shabaab
test_temporal_2016,201607060013,Al-Qaida in the Arabian Peninsula (AQAP)
test_temporal_2016,201607060025,New People's Army (NPA)
test_temporal_2016,201607070022,Sudan People's Liberation Movement in Opposition (SPLM-IO)
test_temporal_2016,201607070061,Al-Shabaab
test_temporal_2016,201607090016,Kurdistan Workers' Party (PKK)
test_temporal_2016,201607090020,Al-Shabaab
test_temporal_2016,201607100014,Sinai Province of the Islamic State
test_temporal_2016,201607100016,Kurdistan Workers' Party (PKK)
test_temporal_2016,201607100017,Kurdistan Workers' Party (PKK)
test_temporal_2016,201607100019,Al-Shabaab
test_temporal_2016,201607100036,Al-Shabaab
test_temporal_2016,201607110011,Sinai Province of the Islamic State
test_temporal_2016,201607130017,Sinai Province of the Islamic State
test_temporal_2016,201607130020,Al-Shabaab
test_temporal_2016,201607130022,Al-Shabaab
test_temporal_2016,201607130025,Bangsamoro Islamic Freedom Movement (BIFM)
test_temporal_2016,201607130026,Bangsamoro Islamic Freedom Movement (BIFM)
test_temporal_2016,201607140037,Al-Shabaab
test_temporal_2016,201607150017,Sinai Province of the Islamic State
test_temporal_2016,201607150025,Al-Qaida in the Arabian Peninsula (AQAP)
test_temporal_2016,201607150028,Al-Shabaab
test_temporal_2016,201607150064,Lashkar-e-Balochistan
test_temporal_2016,201607160060,Abu Sayyaf Group (ASG)
test_temporal_2016,201607180021,Al-Qaida in the Arabian Peninsula (AQAP)
test_temporal_2016,201607180022,Al-Qaida in the Arabian Peninsula (AQAP)
test_temporal_2016,201607190033,Houthi extremists (Ansar Allah)
test_temporal_2016,201607190034,Al-Shabaab
test_temporal_2016,201607190063,Al-Nusrah Front
test_temporal_2016,201607200037,Baloch Liberation Front (BLF)
test_temporal_2016,201607210016,Sinai Province of the Islamic State
test_temporal_2016,201607210021,Sinai Province of the Islamic State
test_temporal_2016,201607230001,Khorasan Chapter of the Islamic State
test_temporal_2016,201607230028,New People's Army (NPA)
test_temporal_2016,201607230030,Al-Shabaab
test_temporal_2016,201607230038,Houthi extremists (Ansar Allah)
test_temporal_2016,201607230041,New People's Army (NPA)
test_temporal_2016,201607230060,United Liberation Front of Assam (ULFA)
test_temporal_2016,201607230062,United Liberation Front of Assam (ULFA)
test_temporal_2016,201607230063,United Liberation Front of Assam (ULFA)
test_temporal_2016,201607240005,Sinai Province of the Islamic State
test_temporal_2016,201607250003,Al-Shabaab
test_temporal_2016,201607250027,Houthi extremists (Ansar Allah)
test_temporal_2016,201607260003,Al-Shabaab
test_temporal_2016,201607260004,Al-Shabaab
test_temporal_2016,201607260015,Al-Qaida in the Arabian Peninsula (AQAP)
test_temporal_2016,201607270027,New People's Army (NPA)
test_temporal_2016,201607270060,Paraguayan People's Army (EPP)
test_temporal_2016,201607280001,Al-Shabaab
test_temporal_2016,201607280002,Al-Shabaab
test_temporal_2016,201607290001,Barqa Province of the Islamic State
test_temporal_2016,201607300018,Al-Shabaab
test_temporal_2016,201607300020,Houthi extremists (Ansar Allah)
test_temporal_2016,201607300030,Al-Shabaab
test_temporal_2016,201607310025,Al-Shabaab
test_temporal_2016,201607310028,Al-Shabaab
test_temporal_2016,201608010011,Kurdistan Workers' Party (PKK)
test_temporal_2016,201608010015,Al-Shabaab
test_temporal_2016,201608010016,Khorasan Chapter of the Islamic State
test_temporal_2016,201608010032,Al-Shabaab
test_temporal_2016,201608020041,Shura Council of Benghazi Revolutionaries
test_temporal_2016,201608020043,Al-Qaida in the Arabian Peninsula (AQAP)
test_temporal_2016,201608020049,Al-Shabaab
test_temporal_2016,201608030006,New People's Army (NPA)
test_temporal_2016,201608030014,Baloch Liberation Front (BLF)
test_temporal_2016,201608040012,Baloch Liberation Front (BLF)
test_temporal_2016,201608040018,New People's Army (NPA)
test_temporal_2016,201608050053,Ansar al-Dine (Mali)
test_temporal_2016,201608060030,Al-Shabaab
test_temporal_2016,201608060031,Al-Shabaab
test_temporal_2016,201608060033,Al-Shabaab
test_temporal_2016,201608060034,Al-Shabaab
test_temporal_2016,201608060035,Al-Shabaab
test_temporal_2016,201608060053,Al-Shabaab
test_temporal_2016,201608070014,Khorasan Chapter of the Islamic State
test_temporal_2016,201608070018,Al-Shabaab
test_temporal_2016,201608080055,Ansar al-Dine (Mali)
test_temporal_2016,201608080061,Al-Shabaab
test_temporal_2016,201608080062,Al-Shabaab
test_temporal_2016,201608100010,Sinai Province of the Islamic State
test_temporal_2016,201608100021,Al-Shabaab
test_temporal_2016,201608100037,Houthi extremists (Ansar Allah)
test_temporal_2016,201608100038,Houthi extremists (Ansar Allah)
test_temporal_2016,201608110017,Khorasan Chapter of the Islamic State
test_temporal_2016,201608120028,Al-Shabaab
test_temporal_2016,201608120054,National Socialist Council of Nagaland-Isak-Muivah (NSCN-IM)
test_temporal_2016,201608130061,Al-Shabaab
test_temporal_2016,201608140036,United Liberation Front of Assam (ULFA)
test_temporal_2016,201608150030,Al-Qaida in the Arabian Peninsula (AQAP)
test_temporal_2016,201608150038,United Liberation Front of Assam (ULFA)
test_temporal_2016,201608150039,United Liberation Front of Assam (ULFA)
test_temporal_2016,201608150040,United Liberation Front of Assam (ULFA)
test_temporal_2016,201608150041,United Liberation Front of Assam (ULFA)
test_temporal_2016,201608150042,United Liberation Front of Assam (ULFA)
test_temporal_2016,201608160037,Garo National Liberation Army
test_temporal_2016,201608170020,Al-Shabaab
test_temporal_2016,201608180030,Khorasan Chapter of the Islamic State
test_temporal_2016,201608180058,New People's Army (NPA)
test_temporal_2016,201608190002,Baloch Liberation Army (BLA)
test_temporal_2016,201608200037,Al-Shabaab
test_temporal_2016,201608210001,Al-Shabaab
test_temporal_2016,201608210002,Al-Shabaab
test_temporal_2016,201608210004,Al-Shabaab
test_temporal_2016,201608210027,National Socialist Council of Nagaland-Isak-Muivah (NSCN-IM)
test_temporal_2016,201608210045,Barqa Province of the Islamic State
test_temporal_2016,201608220041,Adan-Abyan Province of the Islamic State
test_temporal_2016,201608220055,Al-Shabaab
test_temporal_2016,201608230003,Adan-Abyan Province of the Islamic State
test_temporal_2016,201608230004,Houthi extremists (Ansar Allah)
test_temporal_2016,201608240001,Al-Shabaab
test_temporal_2016,201608240002,Al-Shabaab
test_temporal_2016,201608240004,Tehrik al-Mojahedin
test_temporal_2016,201608240040,Islamic State in Bangladesh
test_temporal_2016,201608250004,Al-Shabaab
test_temporal_2016,201608250010,Al-Shabaab
test_temporal_2016,201608250011,Al-Shabaab
test_temporal_2016,201608250027,Kurdistan Workers' Party (PKK)
test_temporal_2016,201608260023,Kurdistan Workers' Party (PKK)
test_temporal_2016,201608270012,Al-Shabaab
test_temporal_2016,201608270017,Al-Shabaab
test_temporal_2016,201608270020,Al-Shabaab
test_temporal_2016,201608270044,Barqa Province of the Islamic State
test_temporal_2016,201608280011,Al-Shabaab
test_temporal_2016,201608280023,Houthi extremists (Ansar Allah)
test_temporal_2016,201608290001,Adan-Abyan Province of the Islamic State
test_temporal_2016,201608290027,Khorasan Chapter of the Islamic State
test_temporal_2016,201608290036,Al-Shabaab
test_temporal_2016,201608290037,Al-Shabaab
test_temporal_2016,201608300005,Al-Shabaab
test_temporal_2016,201609010026,Al-Shabaab
test_temporal_2016,201609010027,Al-Shabaab
test_temporal_2016,201609010051,Al-Shabaab
test_temporal_2016,201609020044,Baloch Liberation Front (BLF)
test_temporal_2016,201609030024,Al-Shabaab
test_temporal_2016,201609030025,Al-Shabaab
test_temporal_2016,201609040006,Khorasan Chapter of the Islamic State
test_temporal_2016,201609040010,Al-Shabaab
test_temporal_2016,201609040011,Baloch Liberation Front (BLF)
test_temporal_2016,201609040014,Adan-Abyan Province of the Islamic State
test_temporal_2016,201609050038,Houthi extremists (Ansar Allah)
test_temporal_2016,201609050046,United Baloch Army (UBA)
test_temporal_2016,201609060005,Al-Shabaab
test_temporal_2016,201609060017,Al-Shabaab
test_temporal_2016,201609060086,Houthi extremists (Ansar Allah)
test_temporal_2016,201609070010,Baloch Liberation Front (BLF)
test_temporal_2016,201609080012,Khorasan Chapter of the Islamic State
test_temporal_2016,201609080018,Al-Shabaab
test_temporal_2016,201609080021,Tehrik al-Mojahedin
test_temporal_2016,201609080026,Sinai Province of the Islamic State
test_temporal_2016,201609080027,Sinai Province of the Islamic State
test_temporal_2016,201609080028,Sinai Province of the Islamic State
test_temporal_2016,201609090017,Khorasan Chapter of the Islamic State
test_temporal_2016,201609090024,Al-Shabaab
test_temporal_2016,201609090051,Al-Shabaab
test_temporal_2016,201609110001,Al-Qaida in the Arabian Peninsula (AQAP)
test_temporal_2016,201609110002,Al-Shabaab
test_temporal_2016,201609110008,United Baloch Army (UBA)
test_temporal_2016,201609110009,Baloch Liberation Army (BLA)
test_temporal_2016,201609110010,Al-Qaida in the Arabian Peninsula (AQAP)
test_temporal_2016,201609110030,Al-Shabaab
test_temporal_2016,201609120007,Houthi extremists (Ansar Allah)
test_temporal_2016,201609120009,Kurdistan Workers' Party (PKK)
test_temporal_2016,201609140025,Kurdistan Workers' Party (PKK)
test_temporal_2016,201609140029,Al-Shabaab
test_temporal_2016,201609150006,Houthi extremists (Ansar Allah)
test_temporal_2016,201609150020,Khorasan Chapter of the Islamic State
test_temporal_2016,201609150022,Barqa Province of the Islamic State
test_temporal_2016,201609160003,Al-Shabaab
test_temporal_2016,201609160021,Southern Front
test_temporal_2016,201609180004,Al-Shabaab
test_temporal_2016,201609180028,Al-Shabaab
test_temporal_2016,201609200001,Houthi extremists (Ansar Allah)
test_temporal_2016,201609200029,Houthi extremists (Ansar Allah)
test_temporal_2016,201609210007,Al-Shabaab
test_temporal_2016,201609210148,Khorasan Chapter of the Islamic State
test_temporal_2016,201609210149,Khorasan Chapter of the Islamic State
test_temporal_2016,201609210150,Khorasan Chapter of the Islamic State
test_temporal_2016,201609210151,Khorasan Chapter of the Islamic State
test_temporal_2016,201609220001,Al-Shabaab
test_temporal_2016,201609220002,Al-Shabaab
test_temporal_2016,201609220004,Baloch Liberation Front (BLF)
test_temporal_2016,201609220030,Boko Haram
test_temporal_2016,201609230003,Sinai Province of the Islamic State
test_temporal_2016,201609250003,Al-Shabaab
test_temporal_2016,201609260006,Al-Shabaab
test_temporal_2016,201609260025,Boko Haram
test_temporal_2016,201609260026,Boko Haram
test_temporal_2016,201609260028,Boko Haram
test_temporal_2016,201609270004,Baloch Liberation Front (BLF)
test_temporal_2016,201609270010,Al-Shabaab
test_temporal_2016,201609270018,Baloch Liberation Front (BLF)
test_temporal_2016,201609280001,Sinai Province of the Islamic State
test_temporal_2016,201609290001,Al-Shabaab
test_temporal_2016,201609290014,Adan-Abyan Province of the Islamic State
test_temporal_2016,201609290040,Paraguayan People's Army (EPP)
test_temporal_2016,201609300001,Tehrik al-Mojahedin
test_temporal_2016,201609300003,Adan-Abyan Province of the Islamic State
test_temporal_2016,201609300052,Paraguayan People's Army (EPP)
test_temporal_2016,201610010001,Al-Shabaab
test_temporal_2016,201610010002,Sinai Province of the Islamic State
test_temporal_2016,201610010007,Houthi extremists (Ansar Allah)
test_temporal_2016,201610010019,Baloch Liberation Front (BLF)
test_temporal_2016,201610010046,Al-Shabaab
test_temporal_2016,201610020003,Sinai Province of the Islamic State
test_temporal_2016,201610020004,Khorasan Chapter of the Islamic State
test_temporal_2016,201610030037,Ansar al-Dine (Mali)
test_temporal_2016,201610030038,Ansar al-Dine (Mali)
test_temporal_2016,201610030046,Al-Shabaab
test_temporal_2016,201610040010,Lashkar-e-Jhangvi
test_temporal_2016,201610040014,Khorasan Chapter of the Islamic State
test_temporal_2016,201610040017,Al-Shabaab
test_temporal_2016,201610040018,Al-Shabaab
test_temporal_2016,201610040019,Al-Shabaab
test_temporal_2016,201610040020,Al-Shabaab
test_temporal_2016,201610050010,Ansar al-Dine (Mali)
test_temporal_2016,201610060015,Al-Shabaab
test_temporal_2016,201610060022,Houthi extremists (Ansar Allah)
test_temporal_2016,201610060046,Al-Shabaab
test_temporal_2016,201610070008,Baloch Liberation Army (BLA)
test_temporal_2016,201610070009,Baloch Liberation Army (BLA)
test_temporal_2016,201610070011,Lashkar-e-Jhangvi
test_temporal_2016,201610070018,Sinai Province of the Islamic State
test_temporal_2016,201610070020,Al-Shabaab
test_temporal_2016,201610070027,Al-Shabaab
test_temporal_2016,201610080034,Algeria Province of the Islamic State
test_temporal_2016,201610090001,Kurdistan Workers' Party (PKK)
test_temporal_2016,201610090011,Houthi extremists (Ansar Allah)
test_temporal_2016,201610090021,Kurdistan Workers' Party (PKK)
test_temporal_2016,201610100028,Houthi extremists (Ansar Allah)
test_temporal_2016,201610100029,Houthi extremists (Ansar Allah)
test_temporal_2016,201610110006,Khorasan Chapter of the Islamic State
test_temporal_2016,201610110007,Baloch Liberation Front (BLF)
test_temporal_2016,201610110011,Al-Shabaab
test_temporal_2016,201610110024,Houthi extremists (Ansar Allah)
test_temporal_2016,201610110027,Kurdistan Workers' Party (PKK)
test_temporal_2016,201610110048,Khorasan Chapter of the Islamic State
test_temporal_2016,201610120010,Khorasan Chapter of the Islamic State
test_temporal_2016,201610120022,Al-Shabaab
test_temporal_2016,201610120023,Al-Shabaab
test_temporal_2016,201610130008,United Baloch Army (UBA)
test_temporal_2016,201610130011,United Baloch Army (UBA)
test_temporal_2016,201610130020,Al-Shabaab
test_temporal_2016,201610130027,Al-Shabaab
test_temporal_2016,201610130031,Ansar al-Dine (Mali)
test_temporal_2016,201610130032,Lashkar-e-Jhangvi
test_temporal_2016,201610140001,Sinai Province of the Islamic State
test_temporal_2016,201610140017,Al-Shabaab
test_temporal_2016,201610140067,Southern Front
test_temporal_2016,201610150008,Al-Shabaab
test_temporal_2016,201610150009,Al-Shabaab
test_temporal_2016,201610160026,Oglaigh na hEireann
test_temporal_2016,201610160029,Al-Shabaab
test_temporal_2016,201610170019,Al-Shabaab
test_temporal_2016,201610170037,Boko Haram
test_temporal_2016,201610180001,Khorasan Chapter of the Islamic State
test_temporal_2016,201610180009,Al-Shabaab
test_temporal_2016,201610180010,Al-Shabaab
test_temporal_2016,201610190014,Houthi extremists (Ansar Allah)
test_temporal_2016,201610190015,Houthi extremists (Ansar Allah)
test_temporal_2016,201610190016,Houthi extremists (Ansar Allah)
test_temporal_2016,201610190017,Houthi extremists (Ansar Allah)
test_temporal_2016,201610190018,Houthi extremists (Ansar Allah)
test_temporal_2016,201610190019,Houthi extremists (Ansar Allah)
test_temporal_2016,201610190020,Houthi extremists (Ansar Allah)
test_temporal_2016,201610190021,Houthi extremists (Ansar Allah)
test_temporal_2016,201610190022,Houthi extremists (Ansar Allah)
test_temporal_2016,201610190023,Houthi extremists (Ansar Allah)
test_temporal_2016,201610190025,Houthi extremists (Ansar Allah)
test_temporal_2016,201610200003,Abu Sayyaf Group (ASG)
test_temporal_2016,201610200009,Baloch Liberation Army (BLA)
test_temporal_2016,201610200016,Al-Qaida in the Arabian Peninsula (AQAP)
test_temporal_2016,201610200029,The New Irish Republican Army
test_temporal_2016,201610200044,Al-Qaida in the Arabian Peninsula (AQAP)
test_temporal_2016,201610200059,Houthi extremists (Ansar Allah)
test_temporal_2016,201610200060,Houthi extremists (Ansar Allah)
test_temporal_2016,201610210021,Al-Shabaab
test_temporal_2016,201610220018,Al-Shabaab
test_temporal_2016,201610220019,Baloch Liberation Army (BLA)
test_temporal_2016,201610230001,Baloch Liberation Army (BLA)
test_temporal_2016,201610230002,Al-Shabaab
test_temporal_2016,201610230058,Houthi extremists (Ansar Allah)
test_temporal_2016,201610230059,Houthi extremists (Ansar Allah)
test_temporal_2016,201610240020,Al-Shabaab
test_temporal_2016,201610250007,Al-Shabaab
test_temporal_2016,201610250008,Al-Shabaab
test_temporal_2016,201610260026,Al-Shabaab
test_temporal_2016,201610260075,Southern Front
test_temporal_2016,201610270030,Al-Qaida in the Arabian Peninsula (AQAP)
test_temporal_2016,201610280001,Houthi extremists (Ansar Allah)
test_temporal_2016,201610280013,Al-Shabaab
test_temporal_2016,201610280018,Algeria Province of the Islamic State
test_temporal_2016,201610280021,Al-Shabaab
test_temporal_2016,201610300007,Sinai Province of the Islamic State
test_temporal_2016,201610300015,Al-Shabaab
test_temporal_2016,201610300023,Al-Shabaab
test_temporal_2016,201610310013,Khorasan Chapter of the Islamic State
test_temporal_2016,201611010023,Al-Shabaab
test_temporal_2016,201611020022,Al-Shabaab
test_temporal_2016,201611020023,Al-Shabaab
test_temporal_2016,201611030018,Al-Qaida in the Arabian Peninsula (AQAP)
test_temporal_2016,201611040014,Baloch Liberation Army (BLA)
test_temporal_2016,201611040021,Sinai Province of the Islamic State
test_temporal_2016,201611040022,Ansar al-Dine (Mali)
test_temporal_2016,201611050004,Lashkar-e-Jhangvi
test_temporal_2016,201611050006,Al-Shabaab
test_temporal_2016,201611060007,Abu Sayyaf Group (ASG)
test_temporal_2016,201611060008,Al-Shabaab
test_temporal_2016,201611060019,Ansar al-Dine (Mali)
test_temporal_2016,201611060020,Ansar al-Dine (Mali)
test_temporal_2016,201611080004,Lashkar-e-Jhangvi
test_temporal_2016,201611080017,Houthi extremists (Ansar Allah)
test_temporal_2016,201611080018,Houthi extremists (Ansar Allah)
test_temporal_2016,201611080021,Al-Qaida in the Arabian Peninsula (AQAP)
test_temporal_2016,201611080032,Kurdistan Workers' Party (PKK)
test_temporal_2016,201611090011,Houthi extremists (Ansar Allah)
test_temporal_2016,201611090024,Al-Shabaab
test_temporal_2016,201611090039,Al-Shabaab
test_temporal_2016,201611100008,Kurdistan Workers' Party (PKK)
test_temporal_2016,201611100039,Al-Shabaab
test_temporal_2016,201611130002,New People's Army (NPA)
test_temporal_2016,201611130054,Sudan People's Liberation Movement in Opposition (SPLM-IO)
test_temporal_2016,201611130067,Al-Shabaab
test_temporal_2016,201611140015,Al-Shabaab
test_temporal_2016,201611150002,Houthi extremists (Ansar Allah)
test_temporal_2016,201611150018,Al-Shabaab
test_temporal_2016,201611160001,Khorasan Chapter of the Islamic State
test_temporal_2016,201611160006,Revolutionary Armed Forces of Colombia (FARC)
test_temporal_2016,201611160019,Al-Shabaab
test_temporal_2016,201611160020,Al-Shabaab
test_temporal_2016,201611160049,Sinai Province of the Islamic State
test_temporal_2016,201611170032,Al-Qaida in the Arabian Peninsula (AQAP)
test_temporal_2016,201611170044,Sinai Province of the Islamic State
test_temporal_2016,201611170047,Shura Council of Benghazi Revolutionaries
test_temporal_2016,201611180012,Al-Shabaab
test_temporal_2016,201611180013,Al-Shabaab
test_temporal_2016,201611180035,Boko Haram
test_temporal_2016,201611180036,Boko Haram
test_temporal_2016,201611180037,Boko Haram
test_temporal_2016,201611190030,Al-Shabaab
test_temporal_2016,201611190053,Houthi extremists (Ansar Allah)
test_temporal_2016,201611190054,Houthi extremists (Ansar Allah)
test_temporal_2016,201611200015,Sinai Province of the Islamic State
test_temporal_2016,201611200019,Al-Shabaab
test_temporal_2016,201611200022,Al-Shabaab
test_temporal_2016,201611200039,Hijaz Province of the Islamic State
test_temporal_2016,201611210001,Khorasan Chapter of the Islamic State
test_temporal_2016,201611210015,Al-Qaida in the Arabian Peninsula (AQAP)
test_temporal_2016,201611210040,Al-Shabaab
test_temporal_2016,201611230003,Al-Shabaab
test_temporal_2016,201611230005,Baloch Liberation Army (BLA)
test_temporal_2016,201611230007,United Baloch Army (UBA)
test_temporal_2016,201611240004,Sinai Province of the Islamic State
test_temporal_2016,201611240010,Baloch Liberation Army (BLA)
test_temporal_2016,201611240027,Al-Shabaab
test_temporal_2016,201611240031,Al-Shabaab
test_temporal_2016,201611250002,Khorasan Chapter of the Islamic State
test_temporal_2016,201611250003,Khorasan Chapter of the Islamic State
test_temporal_2016,201611250004,Khorasan Chapter of the Islamic State
test_temporal_2016,201611260003,Al-Shabaab
test_temporal_2016,201611260005,Halqa-e-Mehsud
test_temporal_2016,201611260024,Al-Shabaab
test_temporal_2016,201611260041,Al-Shabaab
test_temporal_2016,201611270045,New People's Army (NPA)
test_temporal_2016,201611280014,Al-Qaida in the Arabian Peninsula (AQAP)
test_temporal_2016,201611290005,Al-Shabaab
test_temporal_2016,201611290019,Al-Shabaab
test_temporal_2016,201611300025,Al-Shabaab
test_temporal_2016,201612010005,Al-Shabaab
test_temporal_2016,201612010113,Baloch Liberation Front (BLF)
test_temporal_2016,201612030018,Kurdistan Workers' Party (PKK)
test_temporal_2016,201612030019,Al-Shabaab
test_temporal_2016,201612040014,New People's Army (NPA)
test_temporal_2016,201612050023,Houthi extremists (Ansar Allah)
test_temporal_2016,201612060001,New People's Army (NPA)
test_temporal_2016,201612060004,Al-Shabaab
test_temporal_2016,201612070004,Al-Shabaab
test_temporal_2016,201612080012,Al-Shabaab
test_temporal_2016,201612080013,Al-Shabaab
test_temporal_2016,201612100003,Adan-Abyan Province of the Islamic State
test_temporal_2016,201612100004,Al-Shabaab
test_temporal_2016,201612100009,Al-Shabaab
test_temporal_2016,201612110002,Al-Shabaab
test_temporal_2016,201612110008,Al-Shabaab
test_temporal_2016,201612110033,Baloch Liberation Front (BLF)
test_temporal_2016,201612120005,Baloch Liberation Front (BLF)
test_temporal_2016,201612120006,Lashkar-e-Jhangvi
test_temporal_2016,201612120014,Al-Shabaab
test_temporal_2016,201612120039,Al-Shabaab
test_temporal_2016,201612120040,Al-Shabaab
test_temporal_2016,201612120054,Adan-Abyan Province of the Islamic State
test_temporal_2016,201612130009,Al-Shabaab
test_temporal_2016,201612130022,New People's Army (NPA)
test_temporal_2016,201612140021,Al-Shabaab
test_temporal_2016,201612140039,Sinai Province of the Islamic State
test_temporal_2016,201612150005,Al-Shabaab
test_temporal_2016,201612150006,Al-Shabaab
test_temporal_2016,201612150016,Al-Shabaab
test_temporal_2016,201612150019,Boko Haram
test_temporal_2016,201612150024,New People's Army (NPA)
test_temporal_2016,201612170008,Baloch Liberation Front (BLF)
test_temporal_2016,201612170009,Caucasus Province of the Islamic State
test_temporal_2016,201612170023,Al-Shabaab
test_temporal_2016,201612180004,Adan-Abyan Province of the Islamic State
test_temporal_2016,201612180007,Baloch Liberation Front (BLF)
test_temporal_2016,201612180011,Houthi extremists (Ansar Allah)
test_temporal_2016,201612180045,National Socialist Council of Nagaland-Isak-Muivah (NSCN-IM)
test_temporal_2016,201612190004,Barqa Province of the Islamic State
test_temporal_2016,201612200021,Al-Shabaab
test_temporal_2016,201612200033,Paraguayan People's Army (EPP)
test_temporal_2016,201612210020,Al-Shabaab
test_temporal_2016,201612210046,Al-Shabaab
test_temporal_2016,201612230017,Al-Shabaab
test_temporal_2016,201612230018,Al-Shabaab
test_temporal_2016,201612240011,Al-Shabaab
test_temporal_2016,201612240015,Houthi extremists (Ansar Allah)
test_temporal_2016,201612250037,Al-Shabaab
test_temporal_2016,201612270001,Baloch Liberation Army (BLA)
test_temporal_2016,201612270002,Baloch Liberation Front (BLF)
test_temporal_2016,201612270008,Al-Shabaab
test_temporal_2016,201612280030,Al-Shabaab
test_temporal_2016,201612290008,Al-Shabaab
test_temporal_2016,201612300008,New People's Army (NPA)
test_temporal_2016,201612300010,Bangsamoro Islamic Freedom Movement (BIFM)
test_temporal_2016,201612300013,Al-Shabaab
test_temporal_2016,201612310014,Houthi extremists (Ansar Allah)
