station_name,station_id,time,timezone,longitude_deg,latitude_deg,site_altitude_m,height_m,wind_dir_deg,wind_speed_mps,vertical_speed_mps,quality_flag_1,quality_flag_2,cn2_m_neg_2_3,profiler_source,profile_id,temperature_c,pressure_hpa,potential_temperature_k,u_ms,v_ms,dtheta_dz_k_per_m,du_dz_per_s,dv_dz_per_s,n2_per_s2,shear2_per_s2,ri_model_a,ri_target,turbulence_index,nearest_radiometer_gap_min,model_b_shear_per_s,horizontal_wind_tendency_mps2,vertical_wind_tendency_mps2,shear_tendency_per_s2,temporal_support_count
a,58235,2025-08-02 00:00:00,LC,118.8472,32.3686,16.2,100.0,152.4,2.6,-0.2,100,100,2.1e-16,Z_RADA_I_58235_20250802000000_P_WPRD_LC_ROBS.TXT,a__2025-08-02 00:00:00,25.371,985.9556178956315,299.7310127525524,-1.2045696913116402,2.3041293060011583,0.009096736199439685,0.0026763157960582,0.0066905990832126705,0.00029762855445286424,5.192678233251687e-05,5.731696459583775,5.731696459583775,0.1485509642337365,0.0,0.0048068436334863796,0.0006206193019293903,9.259259259259262e-05,5.805186015873763e-07,6
a,58235,2025-08-02 00:00:00,LC,118.8472,32.3686,16.2,160.0,158.9,2.9,-0.1,100,100,2e-16,Z_RADA_I_58235_20250802000000_P_WPRD_LC_ROBS.TXT,a__2025-08-02 00:00:00,25.3278,979.2079601170614,300.27681692451876,-1.0439907435481481,2.7055652509939185,0.009119105709571418,0.006387943243324945,0.003844983730543556,0.00029781812303294867,5.558971876808547e-05,5.357431727176295,5.357431727176295,0.15729622320995937,0.0,0.005618029904729627,0.0005083587480430987,4.629629629629631e-05,1.2461764927508556e-06,6
a,58235,2025-08-02 00:00:00,LC,118.8472,32.3686,16.2,220.0,171.0,2.8,0.0,100,100,1.2e-16,Z_RADA_I_58235_20250802000000_P_WPRD_LC_ROBS.TXT,a__2025-08-02 00:00:00,25.2862,972.5055330150906,300.82530543770093,-0.4380165021126467,2.765527353666385,0.009177369640852806,0.010817359912567812,-0.00014623288804668788,0.0002991744722323816,0.00011703665953557556,2.556245824338841,2.556245824338841,0.2811954092588397,0.0,0.006843214476574062,0.0005633367251811013,0.0,1.1483601103621636e-06,6
a,58235,2025-08-02 00:00:00,LC,118.8472,32.3686,16.2,280.0,185.4,2.7,0.2,100,100,1.6e-16,Z_RADA_I_58235_20250802000000_P_WPRD_LC_ROBS.TXT,a__2025-08-02 00:00:00,25.2478,965.8480931235405,301.3781012814211,0.2540924459599893,2.688017304428316,0.00918188449178281,0.014648616764003267,-0.0005953718865378162,0.00029877262869627336,0.00021493644078191714,1.39005106630299,1.39005106630299,0.4184011020094366,0.0,0.008709363217629674,0.0006811619189034431,9.259259259259262e-05,4.6473443278044143e-07,6
a,58235,2025-08-02 00:00:00,LC,118.8472,32.3686,16.2,340.0,206.1,3.0,0.2,100,100,1.4e-16,Z_RADA_I_58235_20250802000000_P_WPRD_LC_ROBS.TXT,a__2025-08-02 00:00:00,25.2046,959.2353267735101,301.9271315767149,1.3198175095677454,2.694082727281847,0.009130803366157014,0.004507439219013259,-0.013828555929754825,0.0002965702100474277,0.00021154596741545617,1.4019185223464554,1.4019185223464554,0.4163338559141012,0.0,0.008869459770544959,0.001154784047145224,4.629629629629636e-05,1.6692849429743132e-07,6
a,58235,2025-08-02 00:00:00,LC,118.8472,32.3686,16.2,400.0,217.7,1.3,0.0,100,100,1.6e-16,Z_RADA_I_58235_20250802000000_P_WPRD_LC_ROBS.TXT,a__2025-08-02 00:00:00,25.158,952.6668502803392,302.47379768535995,0.7949851522415804,1.0285905928577372,0.008629499129781504,-0.002688634553654595,-0.016887733239012347,0.00027978118530816394,0.00029242428971514787,0.9567645204189446,0.9567645204189446,0.5110476961151663,0.0,0.007657129168967932,0.0012386908869542223,4.629629629629631e-05,1.2226080408951411e-06,6
a,58235,2025-08-02 00:00:00,LC,118.8472,32.3686,16.2,460.0,236.2,1.2,0.1,100,100,1.6e-16,Z_RADA_I_58235_20250802000000_P_WPRD_LC_ROBS.TXT,a__2025-08-02 00:00:00,25.0534,946.1417041807322,302.96267147228866,0.9971813631291939,0.6675547386003656,0.007927098036753844,0.0031577256919753357,-0.0007901553158442308,0.00025659357829250796,1.0595576968918009e-05,24.21704632463357,20.0,0.047619047619047616,0.0,0.007733536982026485,0.001261922995141829,0.0,7.828937679626934e-07,6
a,58235,2025-08-02 00:00:00,LC,118.8472,32.3686,16.2,520.0,231.5,1.5,-0.0,100,100,1.5e-16,Z_RADA_I_58235_20250802000000_P_WPRD_LC_ROBS.TXT,a__2025-08-02 00:00:00,24.9218,939.6586926970123,303.42504944977037,1.1739122352786207,0.9337719549564294,0.007272336078348207,0.0031190526499515463,0.0013042181771310123,0.00023504076124255345,1.1429474486728705e-05,20.56444165612953,20.0,0.047619047619047616,0.0,0.007526253593177562,0.0012587423063259576,0.0,9.033116081459854e-08,6
a,58235,2025-08-02 00:00:00,LC,118.8472,32.3686,16.2,580.0,239.0,1.6,-0.0,100,100,1.6e-16,Z_RADA_I_58235_20250802000000_P_WPRD_LC_ROBS.TXT,a__2025-08-02 00:00:00,24.7382,933.2167092085953,303.8353518016904,1.3714676811233795,0.8240609198560871,0.006552430874189774,0.0026884515247898935,-0.00693124182465465,0.00021148755683411438,5.526988483298702e-05,3.826451918131936,3.826451918131936,0.2071915388285992,0.0,0.006768420977310295,0.0009256252613474737,0.0,5.899966183228657e-07,6
a,58235,2025-08-02 00:00:00,LC,118.8472,32.3686,16.2,640.0,266.1,1.5,0.0,100,100,1.5e-16,Z_RADA_I_58235_20250802000000_P_WPRD_LC_ROBS.TXT,a__2025-08-02 00:00:00,24.520200000000003,926.8145901615878,304.21134115467316,1.496526418253408,0.1020229359978715,0.0061345638692045235,0.008026620221493105,-0.011502132402017196,0.00019775568044107548,0.0001967256819736159,1.0052357092227426,1.0052357092227426,0.49869449032882723,0.0,0.006198767083306495,0.0005639424468373115,0.0,1.026678709823846e-06,6
a,58235,2025-08-02 00:00:00,LC,118.8472,32.3686,16.2,700.0,283.4,2.4,0.1,100,100,1.6e-16,Z_RADA_I_58235_20250802000000_P_WPRD_LC_ROBS.TXT,a__2025-08-02 00:00:00,24.286,920.4515765046013,304.571499465995,2.334662107702552,-0.5561949683859763,0.004904977686676748,0.009000249175043058,-0.0037532251507119124,0.00015793138726172566,9.509118424479972e-05,1.6608415229654951,1.6608415229654951,0.37582095414893585,0.0,0.004421594023347563,0.0008075160805508342,4.629629629629631e-05,1.1492343512930632e-06,6
a,58235,2025-08-02 00:00:00,LC,118.8472,32.3686,16.2,760.0,277.7,2.6,0.0,100,100,9.7e-17,Z_RADA_I_58235_20250802000000_P_WPRD_LC_ROBS.TXT,a__2025-08-02 00:00:00,23.9226,914.1259162084463,304.79993847707436,2.5765563192585748,-0.348364082087558,0.003929185162619309,0.004636651334362658,0.006531052883306049,0.00012641781972636077,6.415318736098727e-05,1.9705617900949026,1.9705617900949026,0.3366366602217867,0.0,0.0014943057820091712,0.0008776530454201318,0.0,9.976209103827941e-07,6
a,58235,2025-08-02 00:00:00,LC,118.8472,32.3686,16.2,820.0,265.5,2.9,-0.1,100,100,7.5e-17,Z_RADA_I_58235_20250802000000_P_WPRD_LC_ROBS.TXT,a__2025-08-02 00:00:00,23.573,907.8362108722541,305.0430016855093,2.891060267826071,0.22753137761074957,0.004136899444304398,0.0015260287589618235,0.0077834534615578215,0.0001329947735608547,6.2910911561415e-05,2.1140175886820893,2.1140175886820893,0.3211285651161716,0.0,0.002087906868989069,0.0008690809937192197,0.0,2.7617705982263146e-07,6
a,58235,2025-08-02 00:00:00,LC,118.8472,32.3686,16.2,940.0,251.6,2.3,-0.0,100,100,2.5e-17,Z_RADA_I_58235_20250802000000_P_WPRD_LC_ROBS.TXT,a__2025-08-02 00:00:00,22.9024,895.3650420123033,305.56003265171915,2.182414826782342,0.7259927849783351,0.004074113307305893,-0.005941667160344889,0.0017316044376616125,0.00013075467664526232,3.830186257285028e-05,3.4137942090039735,3.4137942090039735,0.22656244325121405,0.0,0.003322270173379299,0.0005650856951751878,4.629629629629629e-05,1.428654373606871e-06,6
a,58235,2025-08-02 00:00:00,LC,118.8472,32.3686,16.2,1060.0,246.3,1.6,0.0,100,100,3.3e-17,Z_RADA_I_58235_20250802000000_P_WPRD_LC_ROBS.TXT,a__2025-08-02 00:00:00,22.1754,883.0363227087255,306.02078887926274,1.4650601493432978,0.6431164426495366,0.004122414954857989,-0.0051054754674669505,-8.929998683317869e-06,0.00013210566760877207,2.606595949378336e-05,5.068129858802197,5.068129858802197,0.16479541856696395,0.0,0.003421457121532131,0.0002993241247383696,0.0,1.1323574842353217e-06,6
a,58235,2025-08-02 00:00:00,LC,118.8472,32.3686,16.2,1180.0,232.9,1.2,0.1,100,100,1.4e-16,Z_RADA_I_58235_20250802000000_P_WPRD_LC_ROBS.TXT,a__2025-08-02 00:00:00,21.512,870.8489106783697,306.5494122408851,0.9571007145902742,0.7238495852943387,0.004350563449826428,-0.0028691725899864526,0.0005669057451976886,0.00013917643078602547,8.553533475067714e-06,16.271220682271743,16.271220682271743,0.05789978707332843,0.0,0.0026733406109991143,0.00029421155188750407,4.629629629629631e-05,7.93801678540446e-07,6
a,58235,2025-08-02 00:00:00,LC,118.8472,32.3686,16.2,1300.0,224.9,1.1,-0.1,100,100,1.5e-16,Z_RADA_I_58235_20250802000000_P_WPRD_LC_ROBS.TXT,a__2025-08-02 00:00:00,20.834,858.8025061243286,307.0649241072211,0.7764587277465491,0.7791738214969819,0.004458014528900156,-0.0006526082442837766,-0.0013019227122563085,0.00014237441253489824,2.120900269195976e-06,67.12923497759363,20.0,0.047619047619047616,0.0,0.001540160793279044,0.00027499887187525384,4.629629629629636e-05,6.366520285417005e-07,6
a,58235,2025-08-02 00:00:00,LC,118.8472,32.3686,16.2,1420.0,242.8,0.9,-0.0,100,100,5e-17,Z_RADA_I_58235_20250802000000_P_WPRD_LC_ROBS.TXT,a__2025-08-02 00:00:00,20.191200000000002,846.8962107015283,307.6193357278211,0.8004747359621678,0.41138813435282473,0.004329879558203853,0.0013277476388201615,-0.0028152278201942355,0.00013803297919812646,9.688421471988101e-06,14.247210404421182,14.247210404421182,0.0655857677224703,0.0,0.0016700393922162119,0.0001905565240927266,0.0,3.140785502802765e-07,6
a,58235,2025-08-02 00:00:00,LC,118.8472,32.3686,16.2,1540.0,264.6,1.1,0.0,100,100,4.6e-17,Z_RADA_I_58235_20250802000000_P_WPRD_LC_ROBS.TXT,a__2025-08-02 00:00:00,19.48,835.1280379575078,308.10409520119,1.095118161063388,0.10351914465036537,0.004405588808099825,0.0020681605390650156,-0.0020919647925841146,0.00014022555414831527,8.653604708757194e-06,16.204293917702426,16.204293917702426,0.05812502418195995,0.0,0.002247979324976439,0.0001887654155295666,9.259259259259259e-05,4.5758302217728776e-07,6
a,58235,2025-08-02 00:00:00,LC,118.8472,32.3686,16.2,1660.0,274.0,1.3,0.1,100,100,5.3e-17,Z_RADA_I_58235_20250802000000_P_WPRD_LC_ROBS.TXT,a__2025-08-02 00:00:00,18.850199999999997,823.4969632046657,308.67667704176506,1.2968332653377717,-0.09068341586736278,0.004970011366451921,0.0017591653636105462,-0.002546694145410471,0.00015789713182710316,9.580313846794995e-06,16.481415364062023,16.481415364062023,0.0572036061825853,0.0,0.002518237306097356,0.00025352957234887587,9.259259259259262e-05,5.278355999094672e-08,6
a,58235,2025-08-02 00:00:00,LC,118.8472,32.3686,16.2,1780.0,288.5,1.6,0.1,100,100,6.5e-17,Z_RADA_I_58235_20250802000000_P_WPRD_LC_ROBS.TXT,a__2025-08-02 00:00:00,18.2632,812.0041266820043,309.2968979291384,1.517317848329919,-0.5076874502481477,0.005124864956938646,0.0011246801319043914,-0.0009740677362627356,0.00016249033619948134,2.2137133539284893e-06,73.40170574077422,20.0,0.047619047619047616,0.0,0.0019492374819883548,0.00014138455804558396,9.259259259259262e-05,7.729659407102524e-07,6
a,58235,2025-08-02 00:00:00,LC,118.8472,32.3686,16.2,1900.0,281.7,1.6,0.0,100,100,5.3e-17,Z_RADA_I_58235_20250802000000_P_WPRD_LC_ROBS.TXT,a__2025-08-02 00:00:00,17.664,800.6487592901342,309.90664463143037,1.5667564969948256,-0.3244596725704193,0.005130817395523124,0.001744144875024718,-0.0012753970054219517,0.0001623589919204457,4.668678866514271e-06,34.776217547313585,20.0,0.047619047619047616,0.0,0.0019561546018248307,0.0005762923417606619,0.0,7.91331886437529e-08,6
a,58235,2025-08-02 00:00:00,LC,118.8472,32.3686,16.2,2020.0,292.8,2.1,-0.1,100,100,6.6e-17,Z_RADA_I_58235_20250802000000_P_WPRD_LC_ROBS.TXT,a__2025-08-02 00:00:00,17.07364,789.4294284654002,310.528294104064,1.9359126183358513,-0.813782731549416,0.005031395501475799,0.0022428574753861675,-0.0011319404552528967,0.0001588941672349267,6.311698849133748e-06,25.174548252842293,20.0,0.047619047619047616,0.0,0.0023577268264831455,0.0004873930977906047,4.6296296296296206e-05,6.665654768315393e-07,6
a,58235,2025-08-02 00:00:00,LC,118.8472,32.3686,16.2,2260.0,261.0,2.1,-0.1,100,100,2.4e-17,Z_RADA_I_58235_20250802000000_P_WPRD_LC_ROBS.TXT,a__2025-08-02 00:00:00,15.786,767.3898872891134,311.66430097459215,2.074145515249789,0.3285123765844852,0.004787938000316294,0.00015544229490250475,0.004425890495800095,0.00015065450885447924,1.9612668987858164e-05,7.681489395846461,7.681489395846461,0.11518760830122492,0.0,0.0019701921139855423,0.00022208960883834695,4.629629629629636e-05,3.4726673972640205e-07,6
a,58235,2025-08-02 00:00:00,LC,118.8472,32.3686,16.2,2500.0,236.9,2.4,0.0,100,100,2.7e-17,Z_RADA_I_58235_20250802000000_P_WPRD_LC_ROBS.TXT,a__2025-08-02 00:00:00,14.514,745.8718943033427,312.82650434421583,2.0105249198890536,1.3106447064346292,0.004818657236939861,0.00017708971388615685,0.0026929629829070875,0.00015105780468217548,7.283410394072119e-06,20.739982578095507,20.0,0.047619047619047616,0.0,0.002304629066681792,0.0005571479026280007,9.259259259259259e-05,4.7490375964901335e-07,6
a,58235,2025-08-02 00:00:00,LC,118.8472,32.3686,16.2,2740.0,233.1,2.7,0.0,100,100,3.5e-17,Z_RADA_I_58235_20250802000000_P_WPRD_LC_ROBS.TXT,a__2025-08-02 00:00:00,13.222800000000001,724.8652117552218,313.97725644832326,2.1591485779151443,1.6211346083798872,0.004856713876155605,0.00023082379931372698,0.0016889075773437786,0.00015169281263351745,2.905688431138855e-06,52.205463947166216,20.0,0.047619047619047616,0.0,0.00207755594901677,0.00046905314270436225,0.0,6.08374969731697e-07,6
a,58235,2025-08-02 00:00:00,LC,118.8472,32.3686,16.2,2980.0,225.0,3.0,0.0,100,100,3.1e-17,Z_RADA_I_58235_20250802000000_P_WPRD_LC_ROBS.TXT,a__2025-08-02 00:00:00,11.95,704.3598745699846,315.1577270047705,2.1213203435596424,2.121320343559643,0.005254172870042706,-0.0006960821747304486,0.0013178930830111003,0.000163492213456738,2.2213725722259736e-06,73.5996363243592,20.0,0.047619047619047616,0.0,0.0008348710252201583,0.0006606699121827247,0.0,2.989709359179414e-07,6
a,58235,2025-08-02 00:00:00,LC,118.8472,32.3686,16.2,3220.0,219.0,2.9,0.1,100,100,2.1e-17,Z_RADA_I_58235_20250802000000_P_WPRD_LC_ROBS.TXT,a__2025-08-02 00:00:00,10.81352,684.3514722163,316.49925942594376,1.825029134044529,2.253723288225215,0.005054051661805836,-0.0002698785533394119,0.00025432068319990175,0.0001565985203856229,1.3751344345583858e-07,1138.786990203713,20.0,0.047619047619047616,0.0,0.0010498382009412929,0.0009789577755180295,0.0,8.047228218735692e-07,6
a,58235,2025-08-02 00:00:00,LC,118.8472,32.3686,16.2,3460.0,221.6,3.0,0.1,100,100,1.6e-17,Z_RADA_I_58235_20250802000000_P_WPRD_LC_ROBS.TXT,a__2025-08-02 00:00:00,9.43736,664.8264275018107,317.5836718024373,1.9917786379567248,2.2433942714955957,0.004777959208778104,0.00237908166785248,-0.0021978795610297836,0.00014753835865942083,1.049070414710421e-05,14.063723139132316,14.063723139132316,0.06638465077748375,0.0,0.0019081429084202696,0.0013741597840811,0.0,6.116143633254146e-07,6
a,58235,2025-08-02 00:00:00,LC,118.8472,32.3686,16.2,3700.0,248.0,3.2,0.1,100,100,2.1e-17,Z_RADA_I_58235_20250802000000_P_WPRD_LC_ROBS.TXT,a__2025-08-02 00:00:00,8.1636,645.7706157075178,318.7926798461572,2.9669883346137196,1.1987410989309193,0.005099015739120527,0.0025053933570819255,-0.00427836224177608,0.00015685511575164567,2.4581379345565486e-05,6.38105427472452,6.38105427472452,0.13548200064377966,0.0,0.002622359342400509,0.001491884183046462,0.0,3.3151931454085425e-07,6
a,58235,2025-08-02 00:00:00,LC,118.8472,32.3686,16.2,3940.0,266.6,3.2,0.1,100,100,2.6e-17,Z_RADA_I_58235_20250802000000_P_WPRD_LC_ROBS.TXT,a__2025-08-02 00:00:00,6.90688,627.1787764544466,320.03119935721514,3.194367449356049,0.18978039544307734,0.005067060312278215,0.0012956543058865438,-0.003085820507398254,0.00015526888350638203,1.120100828424196e-05,13.86204523434026,13.86204523434026,0.06728549026949526,0.0,0.002520316830814487,0.001073704771156198,9.259259259259257e-05,3.458972615315058e-08,6
a,58235,2025-08-02 00:00:00,LC,118.8472,32.3686,16.2,4180.0,274.5,3.6,0.0,100,100,2.9e-17,Z_RADA_I_58235_20250802000000_P_WPRD_LC_ROBS.TXT,a__2025-08-02 00:00:00,5.601999999999999,609.0406279146952,321.22486879605077,3.5889024014392605,-0.2824527446202428,0.004848340955236674,0.0025049778809389254,-0.000747264073808678,0.00014801463848946017,6.83331777999841e-06,21.660728105271083,20.0,0.047619047619047616,0.0,0.0018305933833673816,0.0011846802563137966,0.00013888888888888894,2.837804715250755e-07,6
a,58235,2025-08-02 00:00:00,LC,118.8472,32.3686,16.2,4420.0,272.2,4.4,0.2,100,100,2.8e-17,Z_RADA_I_58235_20250802000000_P_WPRD_LC_ROBS.TXT,a__2025-08-02 00:00:00,4.23644,591.3436932715078,322.35840301572875,4.396756832206734,-0.16890635998508813,0.004723059248658264,0.0033660601281978045,0.00047310993597981106,0.0001436828962656035,1.155419379816584e-05,12.435562253457467,12.435562253457467,0.0744293376886898,0.0,0.0015558019419274038,0.0011034245676600296,0.0,4.2229290938873854e-07,6
a,58235,2025-08-02 00:06:00,LC,118.8472,32.3686,16.2,100.0,131.6,3.3,0.0,100,100,1.9e-16,Z_RADA_I_58235_20250802000600_P_WPRD_LC_ROBS.TXT,a__2025-08-02 00:06:00,25.355,985.9553154836158,299.7149741903605,-2.467733698645155,2.1909565017523973,0.00891918051005689,0.0051608325626240886,0.007272294135643269,0.00029183487340007095,7.952045473475259e-05,3.669934664904918,3.669934664904918,0.21413575815420116,0.0,0.004500749465775695,0.0007500762339686418,9.259259259259262e-05,5.358782509594701e-07,6
a,58235,2025-08-02 00:06:00,LC,118.8472,32.3686,16.2,160.0,140.6,3.4,0.0,100,100,2.4e-16,Z_RADA_I_58235_20250802000600_P_WPRD_LC_ROBS.TXT,a__2025-08-02 00:06:00,25.301199999999998,979.2071798805565,300.25012502096394,-2.1580837448877097,2.6272941498909934,0.008934662821245443,0.007110377520309108,0.0047659105015772675,0.0002918203985755174,7.327137139036158e-05,3.98273422536083,3.98273422536083,0.20069302410517068,0.0,0.004791630343019185,0.0004890366553979041,6.944444444444444e-05,4.4997591017556446e-07,6
a,58235,2025-08-02 00:06:00,LC,118.8472,32.3686,16.2,220.0,149.7,3.2,0.0,100,100,1.7e-16,Z_RADA_I_58235_20250802000600_P_WPRD_LC_ROBS.TXT,a__2025-08-02 00:06:00,25.2482,972.5040351508628,300.78713372890996,-1.614488396208062,2.7628657619416694,0.00897912593484973,0.00962211238467391,-0.00011057463082357263,0.00029274904234552615,9.259727349227681e-05,3.1615298302486545,3.1615298302486545,0.24029624700305205,0.0,0.005672953660852742,0.00043337164938232775,0.0,8.109218251966252e-07,6
a,58235,2025-08-02 00:06:00,LC,118.8472,32.3686,16.2,280.0,159.0,2.8,0.0,100,100,1.6e-16,Z_RADA_I_58235_20250802000600_P_WPRD_LC_ROBS.TXT,a__2025-08-02 00:06:00,25.1976,965.8456248902083,301.3276201331459,-1.0034302587268404,2.614025194192165,0.008984951726295431,0.01093408500192665,0.0001729744765067813,0.00029241354246829884,0.00011958413499888009,2.4452536489981496,2.4452536489981496,0.2902543910782277,0.0,0.007161718103671145,0.0005321041473111124,9.259259259259262e-05,1.050645977533878e-06,6
a,58235,2025-08-02 00:06:00,LC,118.8472,32.3686,16.2,340.0,173.8,2.8,0.1,100,100,1.3e-16,Z_RADA_I_58235_20250802000600_P_WPRD_LC_ROBS.TXT,a__2025-08-02 00:06:00,25.1432,959.2316427672896,301.86532793606546,-0.30239819597686407,2.783622699122483,0.008963859027158794,0.0031584089194686554,-0.01041809192184635,0.0002912074358778461,0.00011851218619461934,2.4571940255969005,2.4571940255969005,0.2892519171895032,0.0,0.008821756295865428,0.0009520522865866726,2.314814814814818e-05,8.498065569794687e-07,6
a,58235,2025-08-02 00:06:00,LC,118.8472,32.3686,16.2,400.0,155.4,1.5,-0.1,100,100,2.4e-16,Z_RADA_I_58235_20250802000600_P_WPRD_LC_ROBS.TXT,a__2025-08-02 00:06:00,25.088,952.66174959527,302.40328321640493,-0.6244211883906018,1.3638541635706027,0.008496018297431185,-0.0014984172124260084,-0.01495791040161166,0.0002755177686906267,0.00022598433772513685,1.2191896636028687,1.2191896636028687,0.45061493228861454,0.0,0.01009965284217744,0.0010478190481300884,0.00011574074074074076,7.305750117448272e-07,6
a,58235,2025-08-02 00:06:00,LC,118.8472,32.3686,16.2,460.0,154.0,1.1,-0.1,100,100,1.9e-16,Z_RADA_I_58235_20250802000600_P_WPRD_LC_ROBS.TXT,a__2025-08-02 00:06:00,24.976200000000002,946.1350333462732,302.88485013175716,-0.48220826146798507,0.9886734509290839,0.007818758020345928,0.0011066144550718705,-0.012124766052638972,0.00025315172847658387,0.00014823454738340045,1.707778199786457,1.707778199786457,0.36930646685864554,0.0,0.009632186977598363,0.0011054440254246256,4.6296296296296294e-05,4.5195098275136527e-07,6
a,58235,2025-08-02 00:06:00,LC,118.8472,32.3686,16.2,520.0,79.5,0.5,-0.0,100,100,1.3e-16,Z_RADA_I_58235_20250802000600_P_WPRD_LC_ROBS.TXT,a__2025-08-02 00:06:00,24.839,939.6503334634893,303.3415341788465,-0.4916274537819773,-0.09111776274607372,0.007209611839549712,0.005016774843092519,-0.009573497709323588,0.0002330776764141869,0.00011681988821670996,1.9951883191482747,1.9951883191482747,0.33386882340819374,0.0,0.008443464710367781,0.0008438102563069631,0.0,2.5240736962774507e-07,6
a,58235,2025-08-02 00:06:00,LC,118.8472,32.3686,16.2,580.0,323.2,0.2,-0.0,100,100,1.4e-16,Z_RADA_I_58235_20250802000600_P_WPRD_LC_ROBS.TXT,a__2025-08-02 00:06:00,24.653599999999997,933.2066035014584,303.75000355250313,0.11980471970311722,-0.1601462741897467,0.006540569874464275,0.00817099226801067,0.00163272536831654,0.00021116404546256507,6.943090677223452e-05,3.0413551439747257,3.0413551439747257,0.24744175267321022,0.0,0.008285045280627382,0.0006993979259611588,0.0,1.83512939677461e-07,6
a,58235,2025-08-02 00:06:00,LC,118.8472,32.3686,16.2,640.0,257.9,0.5,-0.0,100,100,1.2e-16,Z_RADA_I_58235_20250802000600_P_WPRD_LC_ROBS.TXT,a__2025-08-02 00:06:00,24.436,926.8027449700443,304.12640256378216,0.48889161837930306,0.10480928145191108,0.006139694471026136,0.013162770632212377,0.0017301088334984514,0.00019797634890203616,0.000176251807291982,1.1232585466432403,1.1232585466432403,0.4709742021672053,0.0,0.008219485406448632,0.0006650934303457279,0.0,2.002761696387636e-08,6
a,58235,2025-08-02 00:06:00,LC,118.8472,32.3686,16.2,700.0,268.4,1.7,-0.0,100,100,1.4e-16,Z_RADA_I_58235_20250802000600_P_WPRD_LC_ROBS.TXT,a__2025-08-02 00:06:00,24.202,920.4380199091592,304.4867668890263,1.6993371955686023,0.04746678583006747,0.004945994832244782,0.011175977154468726,0.003384486480975782,0.0001592963816365491,0.00013635721409711472,1.1682284849490758,1.1682284849490758,0.46120600616659024,0.0,0.008201164650252162,0.0011681171141125245,6.944444444444444e-05,9.318414575733682e-07,6
a,58235,2025-08-02 00:06:00,LC,118.8472,32.3686,16.2,760.0,254.4,1.9,0.0,100,100,1.2e-16,Z_RADA_I_58235_20250802000600_P_WPRD_LC_ROBS.TXT,a__2025-08-02 00:06:00,23.8432,914.1107197748919,304.7199219436515,1.8300088769155503,0.510947659169005,0.003999306566715877,0.002946141906805113,0.00996498363887871,0.00012870769817844972,0.00010798065105815366,1.1919514923940715,1.1919514923940715,0.4562144753065634,0.0,0.004588501756828917,0.0011527829083851056,0.0,2.4445302187203844e-06,6
a,58235,2025-08-02 00:06:00,LC,118.8472,32.3686,16.2,820.0,238.8,2.4,-0.1,100,100,8.6e-17,Z_RADA_I_58235_20250802000600_P_WPRD_LC_ROBS.TXT,a__2025-08-02 00:06:00,23.4972,907.8194803747317,304.96668367703217,2.052874224385216,1.2432648224955127,0.004201465323557918,0.002275985408842802,0.0066209505771286006,0.00013510426587746085,4.9017096126044883e-05,2.7562682524082485,2.7562682524082485,0.26622166810340875,0.0,0.0011147796155508553,0.0010409076608048809,4.629629629629631e-05,8.330115073294191e-07,6
a,58235,2025-08-02 00:06:00,LC,118.8472,32.3686,16.2,940.0,250.6,2.1,-0.1,100,100,3.1e-17,Z_RADA_I_58235_20250802000600_P_WPRD_LC_ROBS.TXT,a__2025-08-02 00:06:00,22.8348,895.3455449403235,305.49216425999043,1.980767581689962,0.6975383769557778,0.004144666859537072,-0.003798360020129299,-0.003635185121856565,0.00013304857542430408,2.764210971268398e-05,4.813256904311208,4.813256904311208,0.1720206102122174,0.0,0.0020779429685349542,0.0005307401407749704,6.944444444444444e-05,1.4171746030447475e-06,6
a,58235,2025-08-02 00:06:00,LC,118.8472,32.3686,16.2,1060.0,252.0,1.2,-0.0,100,100,5.9e-17,Z_RADA_I_58235_20250802000600_P_WPRD_LC_ROBS.TXT,a__2025-08-02 00:06:00,22.116,883.0144646915153,305.9614037233211,1.141267819554184,0.37082039324993704,0.004182004790133309,-0.005502132171361005,-0.0019376066026549385,0.00013404127702410206,3.402777777777778e-05,3.9391722227491215,3.9391722227491215,0.20246307577495332,0.0,0.003001294066536277,0.0006714750729659414,4.6296296296296294e-05,1.2936921903006019e-06,6
a,58235,2025-08-02 00:06:00,LC,118.8472,32.3686,16.2,1180.0,250.6,0.7,0.0,100,100,1.8e-16,Z_RADA_I_58235_20250802000600_P_WPRD_LC_ROBS.TXT,a__2025-08-02 00:06:00,21.4582,870.8250320367302,306.4958454096224,0.6602558605633205,0.2325127923185926,0.004395672517327975,-0.0031507963374316356,-0.0010940842285816316,0.00014064406593976313,1.1124537859203673e-05,12.642688417245482,12.642688417245482,0.0732993358358839,0.0,0.0030824955232638214,0.0005315476711867404,2.3148148148148154e-05,5.967479916765296e-07,6
a,58235,2025-08-02 00:06:00,LC,118.8472,32.3686,16.2,1300.0,254.3,0.4,-0.2,100,100,1.9e-16,Z_RADA_I_58235_20250802000600_P_WPRD_LC_ROBS.TXT,a__2025-08-02 00:06:00,20.785,858.7768685653689,307.0163651274798,0.38507669857059157,0.10824017839034546,0.004501577135294976,-0.0011971930836546484,-0.0015715109181309562,0.00014378839836602964,3.902917845355327e-06,36.84125673748046,20.0,0.047619047619047616,0.0,0.0015937634848974262,0.0007119282834873371,6.944444444444444e-05,1.132419043847055e-07,6
a,58235,2025-08-02 00:06:00,LC,118.8472,32.3686,16.2,1420.0,291.2,0.4,-0.0,100,100,5.4e-17,Z_RADA_I_58235_20250802000600_P_WPRD_LC_ROBS.TXT,a__2025-08-02 00:06:00,20.147399999999998,846.8690604174637,307.5762239220932,0.3729295204862049,-0.14464982803283688,0.004384994290584032,0.0008952700659791292,-0.0004160952924452424,0.00013980958512140395,9.74643783433366e-07,143.44685463328807,20.0,0.047619047619047616,0.0,0.0011093991091697044,0.00028071918583340343,0.0,7.235047907558101e-07,6
a,58235,2025-08-02 00:06:00,LC,118.8472,32.3686,16.2,1540.0,269.2,0.6,0.0,100,100,7.5e-17,Z_RADA_I_58235_20250802000600_P_WPRD_LC_ROBS.TXT,a__2025-08-02 00:06:00,19.4436,835.099665700717,308.06876375722,0.5999415144055825,0.008377308203487284,0.0044538557495541475,0.0025949799070765713,0.00021783016910947932,0.00014177810159548038,6.7813707007053955e-06,20.90699769306708,20.0,0.047619047619047616,0.0,0.0018802237104083635,0.0002798228975152709,9.259259259259259e-05,9.011431965833588e-07,6
a,58235,2025-08-02 00:06:00,LC,118.8472,32.3686,16.2,1660.0,275.3,1.0,0.1,100,100,4.6e-17,Z_RADA_I_58235_20250802000600_P_WPRD_LC_ROBS.TXT,a__2025-08-02 00:06:00,18.8174,823.4676190468167,308.6451493019862,0.9957246981845821,-0.09237058744656186,0.004992065983059346,0.0034132771826488975,-0.002059389314586296,0.00015861400700281116,1.5891545474623807e-05,9.981030935983647,9.981030935983647,0.09106613084233361,0.0,0.0027754075092759714,0.00030699404213076805,0.0001388888888888889,4.82365956520799e-07,6
a,58235,2025-08-02 00:06:00,LC,118.8472,32.3686,16.2,1780.0,288.9,1.5,0.1,100,100,1.2e-16,Z_RADA_I_58235_20250802000600_P_WPRD_LC_ROBS.TXT,a__2025-08-02 00:06:00,18.2318,811.9739361865883,309.2668595931542,1.419128038241318,-0.4858761272972237,0.005137302216508655,0.002379299161709348,-0.0009670378546827393,0.00016290049586237587,6.596226713300201e-06,24.6960122722759,20.0,0.047619047619047616,0.0,0.003018794986464835,0.00011543633239532506,0.0001388888888888889,4.824734302102299e-07,6
a,58235,2025-08-02 00:06:00,LC,118.8472,32.3686,16.2,1900.0,281.7,1.6,0.0,100,100,4.7e-17,Z_RADA_I_58235_20250802000600_P_WPRD_LC_ROBS.TXT,a__2025-08-02 00:06:00,17.634,800.6178018709563,309.8781018339483,1.5667564969948256,-0.3244596725704193,0.005159146120605973,0.002449648540568618,-0.0041861919171534,0.00016327046023649619,2.3524980739550417e-05,6.940301547707725,6.940301547707725,0.12593980140322109,0.0,0.002625189757708065,0.0005762923417606623,4.6296296296296294e-05,1.7653921329315752e-07,6
a,58235,2025-08-02 00:06:00,LC,118.8472,32.3686,16.2,2020.0,306.6,2.5,-0.2,100,100,6.9e-17,Z_RADA_I_58235_20250802000600_P_WPRD_LC_ROBS.TXT,a__2025-08-02 00:06:00,17.0486,789.3978496849675,310.50505466209967,2.007043687977786,-1.4905621874140396,0.005077886902100925,0.002851678250759543,-0.004497316168089794,0.00016037439275402005,2.8357921561616877e-05,5.6553648477217955,5.6553648477217955,0.15025472275082125,0.0,0.0025113559370706934,0.00015821987169416062,6.944444444444443e-05,8.658234950445651e-07,6
a,58235,2025-08-02 00:06:00,LC,118.8472,32.3686,16.2,2260.0,271.6,2.3,-0.2,100,100,4.9e-17,Z_RADA_I_58235_20250802000600_P_WPRD_LC_ROBS.TXT,a__2025-08-02 00:06:00,15.772359999999999,767.3577407758712,311.6533219190069,2.299103264592815,-0.06421976906421013,0.0048330048927022196,0.0004593179635273611,0.005469871743256056,0.0001520779150986733,3.0130469879289965e-05,5.047313092292773,5.047313092292773,0.1653626965791614,0.0,0.0019010031954063461,0.00014584206224709998,2.314814814814818e-05,4.85167345538577e-07,6
a,58235,2025-08-02 00:06:00,LC,118.8472,32.3686,16.2,2500.0,243.0,2.5,-0.0,100,100,2.6e-17,Z_RADA_I_58235_20250802000600_P_WPRD_LC_ROBS.TXT,a__2025-08-02 00:06:00,14.509,745.8399648159469,312.8248970105967,2.2275163104709197,1.1349762493488673,0.004855681865770456,0.00019454470787301156,0.0031643193381809083,0.00015221925436243272,1.0050764517347057e-05,15.145042359684261,15.145042359684261,0.06193851819782754,0.0,0.0024206277164592126,0.0006195925306791933,9.259259259259259e-05,7.795467319964969e-07,6
a,58235,2025-08-02 00:06:00,LC,118.8472,32.3686,16.2,2740.0,238.7,2.8,0.0,100,100,3.7e-17,Z_RADA_I_58235_20250802000600_P_WPRD_LC_ROBS.TXT,a__2025-08-02 00:06:00,13.225480000000001,724.8340990799686,313.9840492145767,2.3924847243718608,1.454653513262626,0.0048981886652316176,0.0004555090677429612,0.0016027247311622013,0.0001529849111572755,2.776215074675012e-06,55.105568928294986,20.0,0.047619047619047616,0.0,0.0022313501143684995,0.0005643420729555632,4.6296296296296294e-05,8.070672670416425e-07,6
a,58235,2025-08-02 00:06:00,LC,118.8472,32.3686,16.2,2980.0,232.1,3.1,0.0,100,100,2.6e-17,Z_RADA_I_58235_20250802000600_P_WPRD_LC_ROBS.TXT,a__2025-08-02 00:06:00,11.96312,704.3302024625444,315.1760275699079,2.446160662987541,1.9042841203067238,0.005292425439205051,-0.00028894234137776583,0.001094482272125385,0.00016467294271569645,1.281379120637611e-06,128.5122724910295,20.0,0.047619047619047616,0.0,0.0006619153642555613,0.0009029973305392365,0.0,4.76009252209467e-07,6
a,58235,2025-08-02 00:06:00,LC,118.8472,32.3686,16.2,3220.0,228.7,3.0,0.1,100,100,2.1e-17,Z_RADA_I_58235_20250802000600_P_WPRD_LC_ROBS.TXT,a__2025-08-02 00:06:00,10.832799999999999,684.3237665942827,316.5244134253951,2.253792400510533,1.9800050038828105,0.00508374405911638,-0.00011126849273303263,-0.00019720866056432713,0.00015750601395264686,5.127193327665693e-08,3071.9733758187767,20.0,0.047619047619047616,0.0,0.0011977726197223441,0.0013377595555561957,4.629629629629631e-05,9.640387152364255e-07,6
a,58235,2025-08-02 00:06:00,LC,118.8472,32.3686,16.2,3460.0,232.9,3.0,0.1,100,100,3.9e-17,Z_RADA_I_58235_20250802000600_P_WPRD_LC_ROBS.TXT,a__2025-08-02 00:06:00,9.463239999999999,664.8010471961154,317.6162247182838,2.3927517864756855,1.8096239632358468,0.004796033361641805,0.0016568315812728416,-0.0029591576116793253,0.0001480812908964632,1.1501704659462752e-05,12.874725554236246,12.874725554236246,0.07207349767683721,0.0,0.0020337646147199004,0.0016326519279197857,4.629629629629631e-05,6.761191122684944e-07,6
a,58235,2025-08-02 00:06:00,LC,118.8472,32.3686,16.2,3700.0,259.6,3.1,0.1,100,100,5.6e-17,Z_RADA_I_58235_20250802000600_P_WPRD_LC_ROBS.TXT,a__2025-08-02 00:06:00,8.1906,645.7477239368817,318.8265094389832,3.0490715595214968,0.5596093502767345,0.005108907702519816,0.0025150890216919797,-0.003783139886152256,0.00015714273511658634,2.0637820185231627e-05,7.614308764500104,7.614308764500104,0.11608592486503828,0.0,0.002828118882909894,0.0017668722947026894,4.629629629629631e-05,3.5102109799478936e-07,6
a,58235,2025-08-02 00:06:00,LC,118.8472,32.3686,16.2,3940.0,270.1,3.6,0.1,100,100,2.5e-17,Z_RADA_I_58235_20250802000600_P_WPRD_LC_ROBS.TXT,a__2025-08-02 00:06:00,6.93692,627.1584055814985,320.06850041549325,3.599994516887836,-0.006283182117236057,0.005080052161139936,0.0018519607507838523,-0.0026272421971764263,0.00015564884848515837,1.0332160185068306e-05,15.064502068995882,15.064502068995882,0.062249050465745644,0.0,0.002640925715111113,0.0013499129005731952,4.629629629629629e-05,2.3451434099628626e-07,6
a,58235,2025-08-02 00:06:00,LC,118.8472,32.3686,16.2,4180.0,280.1,4.0,0.1,100,100,3.6e-17,Z_RADA_I_58235_20250802000600_P_WPRD_LC_ROBS.TXT,a__2025-08-02 00:06:00,5.63444,609.0228446672584,321.2649344763303,3.9380127198977464,-0.70146690436795,0.004866945040162052,0.002553257235149967,-0.0017595685176056684,0.000148564071133078,9.615203876994663e-06,15.450953826213961,15.450953826213961,0.06078674893649866,0.0,0.0018380492079445362,0.001417583519779518,0.00016203703703703703,3.4048872384676404e-07,6
a,58235,2025-08-02 00:06:00,LC,118.8472,32.3686,16.2,4420.0,280.0,4.9,0.2,100,100,2.7e-17,Z_RADA_I_58235_20250802000600_P_WPRD_LC_ROBS.TXT,a__2025-08-02 00:06:00,4.2741999999999996,591.3286283264007,322.40463403477105,4.82555798975982,-0.8508760705679569,0.004748748160169688,0.0036981052910919723,-0.0006225381925000287,0.00014444367800217663,1.4063536545123644e-05,10.270793376809667,10.270793376809667,0.08872489864445213,0.0,0.0015845671893365795,0.0016621505486642128,4.629629629629633e-05,1.5525319718779944e-08,6
a,58235,2025-08-02 00:12:00,LC,118.8472,32.3686,16.2,100.0,135.3,3.5,0.0,100,100,2.2e-16,Z_RADA_I_58235_20250802001200_P_WPRD_LC_ROBS.TXT,a__2025-08-02 00:12:00,25.279,985.7542666268229,299.65614306099485,-2.4618814598367633,2.487798158555474,0.009201130493180661,0.005358946986439231,0.0046914034471790215,0.00030111936110912093,5.072757910766932e-05,5.936008900996337,5.936008900996337,0.1441751321651783,0.0,0.00402683645991667,0.00014167399958399472,0.0,2.288627225974827e-06,6
a,58235,2025-08-02 00:12:00,LC,118.8472,32.3686,16.2,160.0,142.3,3.5,0.0,100,100,3.6e-16,Z_RADA_I_58235_20250802001200_P_WPRD_LC_ROBS.TXT,a__2025-08-02 00:12:00,25.242,979.0059839592147,300.2082108905857,-2.1403446406504094,2.769282365386215,0.009218570653464209,0.006974030929127682,0.003203130317051623,0.00030113532081820133,5.8897151228444754e-05,5.112901295517433,5.112901295517433,0.16358844215811177,0.0,0.003858959511703482,0.00013266491447193386,4.6296296296296294e-05,9.723419215219482e-07,6
a,58235,2025-08-02 00:12:00,LC,118.8472,32.3686,16.2,220.0,150.5,3.3,0.0,100,100,1.9e-16,Z_RADA_I_58235_20250802001200_P_WPRD_LC_ROBS.TXT,a__2025-08-02 00:12:00,25.206,972.3030816773288,300.76237153941054,-1.6249977483414415,2.8721737966016687,0.009236685279678358,0.008588022389930406,-0.0007502643425290299,0.0003011711180302635,7.43170251536165e-05,4.052518482914646,4.052518482914646,0.19792109685131326,0.0,0.005017855149522263,0.00039065563791649725,0.0,6.551683469305448e-08,6
a,58235,2025-08-02 00:12:00,LC,118.8472,32.3686,16.2,280.0,157.5,2.9,0.0,100,100,2.1e-16,Z_RADA_I_58235_20250802001200_P_WPRD_LC_ROBS.TXT,a__2025-08-02 00:12:00,25.169,965.6452601033367,301.31661312414707,-1.1097819538587606,2.6792506442827313,0.009222854511925949,0.007453137868388415,-0.0022742173437514633,0.0003001670079243647,6.072132861182537e-05,4.943353757017559,4.943353757017559,0.16825517054562997,0.0,0.007433627473247533,0.0008733319256402499,0.0,1.1927145430488685e-06,6
a,58235,2025-08-02 00:12:00,LC,118.8472,32.3686,16.2,340.0,164.3,2.7,0.1,100,100,2e-16,Z_RADA_I_58235_20250802001200_P_WPRD_LC_ROBS.TXT,a__2025-08-02 00:12:00,25.1292,959.0321795253652,301.86911408084165,-0.7306212041348317,2.599267715351493,0.009197147073132683,-0.0005694428405388988,-0.01602428496345012,0.00029878247935157274,0.00025710197373849465,1.1621166302498807,1.1621166302498807,0.46250973976571635,0.0,0.009025890807046416,0.000526605239184243,0.0,2.180311470949595e-06,6
a,58235,2025-08-02 00:12:00,LC,118.8472,32.3686,16.2,400.0,122.7,1.4,-0.0,100,100,2.3e-16,Z_RADA_I_58235_20250802001200_P_WPRD_LC_ROBS.TXT,a__2025-08-02 00:12:00,25.087,952.463487919161,302.420270772923,-1.1781150947234285,0.756336448668717,0.008658711838620547,-0.0030684931587798454,-0.01587174717620599,0.00028077799227938134,0.00026132800869088147,1.0744274740619433,1.0744274740619433,0.4820607191640673,0.0,0.010198807689739442,0.001392554556706717,0.0001388888888888889,6.313678433732397e-07,6
a,58235,2025-08-02 00:12:00,LC,118.8472,32.3686,16.2,460.0,122.3,1.3,-0.0,100,100,1.8e-16,Z_RADA_I_58235_20250802001200_P_WPRD_LC_ROBS.TXT,a__2025-08-02 00:12:00,24.981399999999997,945.9381757898027,302.9081595014761,-1.098840383188413,0.6946580542067743,0.007907261972359692,0.0024480298152847893,-0.0076953033542978035,0.00025599756292092645,6.52105436911903e-05,3.925708151326313,3.925708151326313,0.20301649413206435,0.0,0.009528387249212131,0.0013361449281939694,0.00013888888888888892,3.580719552206798e-07,6
a,58235,2025-08-02 00:12:00,LC,118.8472,32.3686,16.2,520.0,79.3,0.9,0.0,100,100,1.3e-16,Z_RADA_I_58235_20250802001200_P_WPRD_LC_ROBS.TXT,a__2025-08-02 00:12:00,24.8484,939.4549834069184,303.36914220960614,-0.8843515168892537,-0.16709995384701948,0.007250731448007031,0.008087920473954846,-0.007067425704748618,0.0002343856894498171,0.00011536296368515949,2.0317238909489714,2.0317238909489714,0.3298453407928867,0.0,0.007887301498092905,0.0007165453640027113,4.6296296296296294e-05,6.200008574131718e-07,6
a,58235,2025-08-02 00:12:00,LC,118.8472,32.3686,16.2,580.0,39.9,0.2,0.0,100,100,1.4e-16,Z_RADA_I_58235_20250802001200_P_WPRD_LC_ROBS.TXT,a__2025-08-02 00:12:00,24.6636,933.0128021253904,303.77824727523694,-0.12828992631383157,-0.15343303036305994,0.006566474170837111,0.010567309222543973,0.0023336378048680845,0.0002119806618974098,0.00011711388960917245,1.8100386094665863,1.8100386094665863,0.35586699650003184,0.0,0.00816392947675753,0.000536058632000747,4.6296296296296294e-05,9.422675463996846e-07,6
a,58235,2025-08-02 00:12:00,LC,118.8472,32.3686,16.2,640.0,253.6,0.4,0.0,100,100,1.3e-16,Z_RADA_I_58235_20250802001200_P_WPRD_LC_ROBS.TXT,a__2025-08-02 00:12:00,24.4484,926.6105135595056,304.15711911010663,0.383725589816023,0.11293658273715064,0.006182645361985095,0.011061026670426388,0.0016799265116844337,0.00019934118036264782,0.0001251684640885441,1.5925830984203337,1.5925830984203337,0.3857156982197802,0.0,0.008317939251487317,0.0008906854499825198,4.6296296296296294e-05,2.5302239251886124e-06,6
a,58235,2025-08-02 00:12:00,LC,118.8472,32.3686,16.2,700.0,267.7,1.2,-0.0,100,100,1.5e-16,Z_RADA_I_58235_20250802001200_P_WPRD_LC_ROBS.TXT,a__2025-08-02 00:12:00,24.217,920.2474006963394,304.5201647186752,1.199033274137335,0.048158151039072096,0.004939410365336627,0.007866062728938798,0.0027607494685831587,0.000159066867391123,6.94966804838823e-05,2.2888412264239566,2.2888412264239566,0.30405846045883045,0.0,0.0075525524361963695,0.0012838899337486761,4.6296296296296294e-05,2.0177180472079624e-06,6
a,58235,2025-08-02 00:12:00,LC,118.8472,32.3686,16.2,760.0,251.5,1.4,0.0,100,100,1.7e-16,Z_RADA_I_58235_20250802001200_P_WPRD_LC_ROBS.TXT,a__2025-08-02 00:12:00,23.8548,913.9216930109167,304.749848353947,1.3276531172886787,0.44422651896712967,0.003946534193194573,0.0032264805505261424,0.008314627126020166,0.0001269968787670778,7.954320098767386e-05,1.5965774219566227,1.5965774219566227,0.3851223505003217,0.0,0.004118834352632463,0.0010826531489919271,0.0,1.4269939169141584e-06,6
a,58235,2025-08-02 00:12:00,LC,118.8472,32.3686,16.2,820.0,236.6,1.9,-0.1,100,100,1.2e-16,Z_RADA_I_58235_20250802001200_P_WPRD_LC_ROBS.TXT,a__2025-08-02 00:12:00,23.506,907.6319699226601,304.9937488218585,1.586210940200472,1.045913406161492,0.004149729185482398,0.002578766391288757,0.005466566660728793,0.00013342877312734746,3.653338715703198e-05,3.652242058855059,3.652242058855059,0.21495012240315484,0.0,0.0013030720176615202,0.0012019713904591884,9.259259259259262e-05,1.589873600322643e-06,6
a,58235,2025-08-02 00:12:00,LC,118.8472,32.3686,16.2,940.0,247.7,1.6,-0.1,100,100,6.4e-17,Z_RADA_I_58235_20250802001200_P_WPRD_LC_ROBS.TXT,a__2025-08-02 00:12:00,22.8366,895.1608321791489,305.5120494569863,1.4803355494172514,0.6071298552464081,0.004079529690576678,-0.002192572673629111,-0.0031331299686475386,0.00013094907356747765,1.4623878329582435e-05,8.954469574776388,8.954469574776388,0.10045738675357431,0.0,0.0011571598474617068,0.0008554344472901463,9.259259259259259e-05,1.1917101853997512e-06,6
a,58235,2025-08-02 00:12:00,LC,118.8472,32.3686,16.2,1060.0,254.5,1.1,-0.0,100,100,8.6e-17,Z_RADA_I_58235_20250802001200_P_WPRD_LC_ROBS.TXT,a__2025-08-02 00:12:00,22.1096,882.8322002030424,305.97283594759693,1.0599934985294854,0.2939622136860828,0.004151242066835037,-0.003361595641444799,-0.0017355570096583587,0.00013305030130746656,1.4312483390354935e-05,9.296101709164468,9.296101709164468,0.09712413768309117,0.0,0.0019884295110600566,0.0006219342537149783,9.259259259259259e-05,2.003098628239289e-06,6
a,58235,2025-08-02 00:12:00,LC,118.8472,32.3686,16.2,1180.0,254.2,0.7,0.0,100,100,2.3e-16,Z_RADA_I_58235_20250802001200_P_WPRD_LC_ROBS.TXT,a__2025-08-02 00:12:00,21.4528,870.6450415298639,306.5083475530267,0.6735525954704997,0.19059617292840195,0.004375934222107691,-0.002454019883899321,-0.0005259851200456467,0.00014000680791184094,6.298873937082669e-06,22.22727574965332,20.0,0.047619047619047616,0.0,0.0020206122543077864,0.0005124747126382371,0.0,1.2349050876539035e-06,6
a,58235,2025-08-02 00:12:00,LC,118.8472,32.3686,16.2,1300.0,250.4,0.5,-0.1,100,100,1.6e-16,Z_RADA_I_58235_20250802001200_P_WPRD_LC_ROBS.TXT,a__2025-08-02 00:12:00,20.774,858.5990346924951,307.0230601609028,0.47102872639364834,0.1677257848751276,0.004471413735909424,-0.0012178180348055038,-0.000290200902617601,0.00014282181113782047,1.5672973297776097e-06,91.12617524722386,20.0,0.047619047619047616,0.0,0.0008793779482631986,0.0005316215807158345,0.0001388888888888889,1.7766995012447785e-07,6
a,58235,2025-08-02 00:12:00,LC,118.8472,32.3686,16.2,1420.0,252.4,0.4,-0.0,100,100,5.9e-17,Z_RADA_I_58235_20250802001200_P_WPRD_LC_ROBS.TXT,a__2025-08-02 00:12:00,20.135,846.6932212107251,307.58148684964493,0.3812762671171788,0.1209479563001777,0.00435375388380832,0.0008661736846069762,1.1686347396200575e-05,0.00013881115200382597,7.503934226210901e-07,184.98449988935795,20.0,0.047619047619047616,0.0,0.0010505144163902597,0.0002508948912697952,9.259259259259259e-05,8.170455074753364e-07,6
a,58235,2025-08-02 00:12:00,LC,118.8472,32.3686,16.2,1540.0,255.9,0.7,-0.1,100,100,9.5e-17,Z_RADA_I_58235_20250802001200_P_WPRD_LC_ROBS.TXT,a__2025-08-02 00:12:00,19.4254,834.9256596378597,308.0679610930168,0.6789104106993227,0.17053050825021573,0.0044111415168222035,0.0025404455524902394,5.432595465880907e-05,0.0001404187595570289,6.456814914517029e-06,21.74737256930219,20.0,0.047619047619047616,0.0,0.0015699118537409308,0.00030458028195760466,0.0001388888888888889,1.0410160743805051e-06,6
a,58235,2025-08-02 00:12:00,LC,118.8472,32.3686,16.2,1660.0,262.3,1.0,0.0,100,100,3.8e-17,Z_RADA_I_58235_20250802001200_P_WPRD_LC_ROBS.TXT,a__2025-08-02 00:12:00,18.795199999999998,823.2952383570224,308.64016081368226,0.9909831997148363,0.13398618541829188,0.0049571254205129645,0.003839956314504757,-0.0030983018648727285,0.00015750637855071524,2.4344738943178784e-05,6.4698323082592495,6.4698323082592495,0.13387181381492586,0.0,0.0027038286524768856,0.0004756095608638659,0.0002777777777777778,9.146389307039308e-07,6
a,58235,2025-08-02 00:12:00,LC,118.8472,32.3686,16.2,1780.0,289.7,1.7,0.0,100,100,1e-16,Z_RADA_I_58235_20250802001200_P_WPRD_LC_ROBS.TXT,a__2025-08-02 00:12:00,18.2056,811.8030145538768,309.25767119393987,1.6004999261804644,-0.5730619393192391,0.005085390053086947,-0.00019419512282231252,-0.0019285534673203107,0.00016125918613941356,3.7570302220411653e-06,42.92198268551662,20.0,0.047619047619047616,0.0,0.0033188194501936686,0.0002926907251613721,0.0002777777777777778,1.6950572378817327e-07,6
a,58235,2025-08-02 00:12:00,LC,118.8472,32.3686,16.2,1900.0,289.2,1.0,-0.0,100,100,6.9e-17,Z_RADA_I_58235_20250802001200_P_WPRD_LC_ROBS.TXT,a__2025-08-02 00:12:00,17.6,800.4481044780622,309.86065442642314,0.9443763702374812,-0.3288666467385827,0.005108340478496176,0.0031598616059981197,-0.0038979010779165726,0.00016167172707414463,2.5178358182284195e-05,6.421059145464809,6.421059145464809,0.13475165477034698,0.0,0.0022052083360311944,0.00033551261801854123,0.00013888888888888892,5.225190418606516e-07,6
a,58235,2025-08-02 00:12:00,LC,118.8472,32.3686,16.2,2020.0,302.6,2.8,-0.2,100,100,6.9e-17,Z_RADA_I_58235_20250802001200_P_WPRD_LC_ROBS.TXT,a__2025-08-02 00:12:00,17.01088,789.2291551194473,310.48367290877894,2.358866711620013,-1.5085581980192164,0.005043474139518667,0.007633983550085096,-0.004607885417574539,0.00015929850741247225,7.951031286446593e-05,2.0034949137228786,2.0034949137228786,0.33294546144594084,0.0,0.0017146506667988573,0.0009927820488891976,4.629629629629633e-05,1.1184486383784863e-06,6
a,58235,2025-08-02 00:12:00,LC,118.8472,32.3686,16.2,2260.0,272.8,2.2,-0.1,100,100,7.2e-17,Z_RADA_I_58235_20250802001200_P_WPRD_LC_ROBS.TXT,a__2025-08-02 00:12:00,15.72616,767.190606164113,311.6229003598092,2.197373502151155,-0.1074694935503499,0.004803494417348286,-0.00051744993256643,0.004436894589736552,0.00015116407835720144,1.9953788033146492e-05,7.575708336988109,7.575708336988109,0.11660844337334493,0.0,0.00156054957579143,0.0002112246355713979,4.629629629629629e-05,6.751735600034962e-07,6
a,58235,2025-08-02 00:12:00,LC,118.8472,32.3686,16.2,2500.0,253.6,2.2,-0.1,100,100,3.9e-17,Z_RADA_I_58235_20250802001200_P_WPRD_LC_ROBS.TXT,a__2025-08-02 00:12:00,14.458,745.6739401435999,312.7893502291061,2.1104907439881266,0.6211512050543285,0.004853895747397585,-7.626760580394052e-05,0.0024000502750915354,0.00015218055440938455,5.76605807066202e-06,26.392476895729946,20.0,0.047619047619047616,0.0,0.0018497323311495674,0.0005905121338651081,9.259259259259262e-05,1.2790141656839863e-06,6
a,58235,2025-08-02 00:12:00,LC,118.8472,32.3686,16.2,2740.0,244.2,2.4,0.0,100,100,4.7e-17,Z_RADA_I_58235_20250802001200_P_WPRD_LC_ROBS.TXT,a__2025-08-02 00:12:00,13.17832,724.6692101651736,313.95277031856006,2.1607650513652636,1.044554638493587,0.004901279791222235,0.00029411522052377737,0.0014142683228034845,0.00015309670755833443,2.0866586518291312e-06,73.36931099110645,20.0,0.047619047619047616,0.0,0.0014974080643824022,0.0005751080230278168,4.6296296296296294e-05,1.1414749361885545e-06,6
a,58235,2025-08-02 00:12:00,LC,118.8472,32.3686,16.2,2980.0,240.0,2.6,0.0,100,100,3.3e-17,Z_RADA_I_58235_20250802001200_P_WPRD_LC_ROBS.TXT,a__2025-08-02 00:12:00,11.913359999999999,704.1665499963624,315.1419645288928,2.2516660498395398,1.3000000000000012,0.005306609986399868,0.0003995526771799745,0.0001301489991158344,0.00016513213941825617,1.7658110381253837e-07,935.1631395030998,20.0,0.047619047619047616,0.0,0.0010712818055292363,0.001046528132553596,0.0,7.161206399124661e-07,6
a,58235,2025-08-02 00:12:00,LC,118.8472,32.3686,16.2,3220.0,244.8,2.6,0.1,100,100,2.3e-17,Z_RADA_I_58235_20250802001200_P_WPRD_LC_ROBS.TXT,a__2025-08-02 00:12:00,10.7916,684.1616122199556,316.499943112032,2.3525503364116513,1.1070261580691876,0.005079260549009312,0.0015588174555303562,-0.0010803853946798913,0.00015737927145633218,3.5971444607037588e-06,43.75116795435619,20.0,0.047619047619047616,0.0,0.0019929060579552725,0.0015455911161642135,0.0001388888888888889,1.0013310932473104e-06,6
a,58235,2025-08-02 00:12:00,LC,118.8472,32.3686,16.2,3460.0,255.4,3.1,0.1,100,100,8.7e-17,Z_RADA_I_58235_20250802001200_P_WPRD_LC_ROBS.TXT,a__2025-08-02 00:12:00,9.411480000000001,664.6403603860081,317.5800095924173,2.999898428494111,0.7814150105536533,0.004773998454955741,0.003161550461128655,-0.0033105664944939783,0.00014741775468920932,2.0955251832728958e-05,7.034883468160708,7.034883468160708,0.12445731216421903,0.0,0.002631497273961532,0.0017839457394898492,0.0001388888888888889,5.826495092807857e-07,6
a,58235,2025-08-02 00:12:00,LC,118.8472,32.3686,16.2,3700.0,277.1,3.9,0.1,100,100,3.4e-17,Z_RADA_I_58235_20250802001200_P_WPRD_LC_ROBS.TXT,a__2025-08-02 00:12:00,8.139800000000001,645.5882278836484,318.7914623704107,3.8700945577534056,-0.4820457592879219,0.005100809343153823,0.0025882538883663705,-0.0030910763504013047,0.000156910889561145,1.6253811194653884e-05,9.653790589911324,9.653790589911324,0.0938633054179755,0.0,0.003083279972359324,0.001849186586731559,9.259259259259262e-05,1.6254368748717328e-07,6
a,58235,2025-08-02 00:12:00,LC,118.8472,32.3686,16.2,3940.0,279.4,4.3,0.2,100,100,2.3e-17,Z_RADA_I_58235_20250802001200_P_WPRD_LC_ROBS.TXT,a__2025-08-02 00:12:00,6.8816,627.00003784976,320.0283980771311,4.242260294909968,-0.702301637638973,0.00506052155276282,0.0014424603209582387,-0.0021025022977908194,0.00015506987499728318,6.50120768975462e-06,23.852472094017365,20.0,0.047619047619047616,0.0,0.0025432643687173964,0.0015104814583177097,0.0,1.6069548324145606e-07,6
a,58235,2025-08-02 00:12:00,LC,118.8472,32.3686,16.2,4180.0,288.1,4.8,0.2,100,100,5.2e-17,Z_RADA_I_58235_20250802001200_P_WPRD_LC_ROBS.TXT,a__2025-08-02 00:12:00,5.57528,608.8653953565372,321.2205127157369,4.562475511813361,-1.4912468622275152,0.004854459153586177,0.0014294488273747432,-0.001992264105647898,0.00014820343027297463,6.0124402167360475e-06,24.649464265846674,20.0,0.047619047619047616,0.0,0.0015278383864088766,0.00136124961763988,9.259259259259255e-05,2.702712663328013e-07,6
a,58235,2025-08-02 00:12:00,LC,118.8472,32.3686,16.2,4420.0,288.6,5.2,0.2,100,100,4.6e-17,Z_RADA_I_58235_20250802001200_P_WPRD_LC_ROBS.TXT,a__2025-08-02 00:12:00,4.21352,591.1719969097321,322.35853847085247,4.928395732049846,-1.658588408349964,0.004741773979648182,0.0015246675843186878,-0.0006972564421768699,0.00014425216722379898,2.8107777888293297e-06,51.32108550063612,20.0,0.047619047619047616,0.0,0.001114108223492154,0.0019244967837441932,3.854941057726238e-20,1.5326865031221486e-07,6
a,58235,2025-08-02 00:18:00,LC,118.8472,32.3686,16.2,100.0,139.7,3.3,-0.1,100,100,1.5e-16,Z_RADA_I_58235_20250802001800_P_WPRD_LC_ROBS.TXT,a__2025-08-02 00:18:00,25.256,985.7538317201318,299.63308629272683,-2.1344062723845174,2.5168054879957706,0.008936456410953041,0.009879908587650458,0.004789598135743208,0.00029248005067389614,0.00012055284400224408,2.426156372291405,2.426156372291405,0.29187225898017094,0.0,0.0065913007452732,0.0009527530791483489,0.0,3.6333140502503524e-06,6
a,58235,2025-08-02 00:18:00,LC,118.8472,32.3686,16.2,160.0,151.2,3.2,-0.0,100,100,2.9e-16,Z_RADA_I_58235_20250802001800_P_WPRD_LC_ROBS.TXT,a__2025-08-02 00:18:00,25.2032,979.0048555533045,300.169273677384,-1.54161175712549,2.804181376140363,0.008945245158043402,0.011931560161085555,0.004187666754744076,0.0002922447302964432,0.00015989868072639277,1.8276869388091548,1.8276869388091548,0.353645938054634,0.0,0.005991952550921331,0.0007823808050875784,4.6296296296296294e-05,2.3200999242599914e-06,6
a,58235,2025-08-02 00:18:00,LC,118.8472,32.3686,16.2,220.0,166.9,3.1,0.0,100,100,1.4e-16,Z_RADA_I_58235_20250802001800_P_WPRD_LC_ROBS.TXT,a__2025-08-02 00:18:00,25.1504,972.30090410501,300.7065157116921,-0.702619053054251,3.0193254985650597,0.008962841499408736,0.013134738705909166,0.004130314023048556,0.00029229645849925,0.00018958085480149994,1.5418036742438899,1.5418036742438899,0.3934214157186904,0.0,0.006331852253340491,0.0008812931420619862,4.6296296296296294e-05,1.2163864338726042e-06,6
a,58235,2025-08-02 00:18:00,LC,118.8472,32.3686,16.2,280.0,180.6,3.3,0.1,100,100,1.9e-16,Z_RADA_I_58235_20250802001800_P_WPRD_LC_ROBS.TXT,a__2025-08-02 00:18:00,25.0976,965.6416848898787,301.2448146573131,0.03455688758361002,3.29981905890619,0.00896699501694842,0.010256428265070157,0.0011399035529506725,0.0002919093621013551,0.00010649370086655958,2.741095104461887,2.741095104461887,0.2673014109711703,0.0,0.006941881093559373,0.001406962551324697,9.259259259259262e-05,6.118753332676372e-07,6
a,58235,2025-08-02 00:18:00,LC,118.8472,32.3686,16.2,340.0,189.5,3.2,0.2,100,100,1.7e-16,Z_RADA_I_58235_20250802001800_P_WPRD_LC_ROBS.TXT,a__2025-08-02 00:18:00,25.0432,959.0268895843543,301.7825551137259,0.5281523387541678,3.156113924919141,0.00896440633220763,7.561773757999225e-05,-0.006668331841793433,0.00029130509324707326,4.447236759451292e-05,6.550249267210479,6.550249267210479,0.13244595835303605,0.0,0.006853594833628083,0.0011814810749352803,0.0,2.6569754116462675e-06,6
a,58235,2025-08-02 00:18:00,LC,118.8472,32.3686,16.2,400.0,181.0,2.5,0.2,100,100,2e-16,Z_RADA_I_58235_20250802001800_P_WPRD_LC_ROBS.TXT,a__2025-08-02 00:18:00,24.988,952.4562033881989,302.320543417178,0.04363101609320909,2.499619237890978,0.008476241965591047,-0.0011232288791516516,-0.00826305701221124,0.00027495166994708544,6.953975430201362e-05,3.953877500817167,3.953877500817167,0.20186207669346787,0.0,0.007914754510170003,0.0018742809792860365,0.0,1.6754241948223413e-06,6
a,58235,2025-08-02 00:18:00,LC,118.8472,32.3686,16.2,460.0,190.3,2.2,0.2,100,100,1.5e-16,Z_RADA_I_58235_20250802001800_P_WPRD_LC_ROBS.TXT,a__2025-08-02 00:18:00,24.8738,945.928687565886,302.7997041495968,0.39336487325596964,2.1645470834537917,0.007787079908419425,0.004772363797233686,-0.011291655652742228,0.0002521969676237646,0.00015027694359325225,1.678214645530552,1.678214645530552,0.3733830675852722,0.0,0.00786422583536973,0.001810660541157423,4.6296296296296294e-05,9.474367154399244e-07,6
a,58235,2025-08-02 00:18:00,LC,118.8472,32.3686,16.2,520.0,208.3,1.3,0.0,100,100,1.1e-16,Z_RADA_I_58235_20250802001800_P_WPRD_LC_ROBS.TXT,a__2025-08-02 00:18:00,24.7352,939.4431662688373,303.25499300618833,0.6163146717612514,1.1446205595619106,0.0071727253804336755,0.0033088539907203877,-0.010513743273157686,0.00023195135768331606,0.00012148731234577473,1.909264047451645,1.909264047451645,0.3437295424854767,0.0,0.007078611328461401,0.0016934911845330866,9.259259259259259e-05,8.093817905648551e-07,6
a,58235,2025-08-02 00:18:00,LC,118.8472,32.3686,16.2,580.0,221.2,1.2,0.0,100,100,1.1e-16,Z_RADA_I_58235_20250802001800_P_WPRD_LC_ROBS.TXT,a__2025-08-02 00:18:00,24.5468,932.9985867593854,303.66043119524886,0.7904273521424161,0.9028978906748696,0.006518914561865596,0.003084776851564842,-0.001260179403423177,0.00021052697987843566,1.1103900352762294e-05,18.95973245347643,18.95973245347643,0.05010087195962528,0.0,0.00652761257922492,0.0011842720656703282,9.259259259259259e-05,1.6154134574205277e-06,6
a,58235,2025-08-02 00:18:00,LC,118.8472,32.3686,16.2,640.0,224.8,1.4,0.0,100,100,1.1e-16,Z_RADA_I_58235_20250802001800_P_WPRD_LC_ROBS.TXT,a__2025-08-02 00:18:00,24.3296,926.5938701398356,304.0372627536122,0.9864878939490326,0.9933990311511293,0.00615542927901469,0.003360573982944275,-0.0014283325006045127,0.00019854191552818876,1.3333591227125089e-05,14.890355654843125,14.890355654843125,0.06293125350502876,0.0,0.005046694424054768,0.0009740689115303862,9.259259259259259e-05,4.031361934314703e-06,6
a,58235,2025-08-02 00:18:00,LC,118.8472,32.3686,16.2,700.0,238.5,1.4,-0.0,100,100,1.2e-16,Z_RADA_I_58235_20250802001800_P_WPRD_LC_ROBS.TXT,a__2025-08-02 00:18:00,24.097,920.2283254251125,304.3990827087306,1.1936962300957292,0.731497990602328,0.004937750955346321,0.003098877538063977,-0.0029758324752753723,0.0001590766797828401,1.8458620916821003e-05,8.618015424861802,8.618015424861802,0.10397155294792726,0.0,0.005193198472309531,0.0008888194085461559,9.259259259259259e-05,3.8932283261928346e-06,6
a,58235,2025-08-02 00:18:00,LC,118.8472,32.3686,16.2,760.0,244.9,1.5,0.0,100,100,1.2e-16,Z_RADA_I_58235_20250802001800_P_WPRD_LC_ROBS.TXT,a__2025-08-02 00:18:00,23.7358,913.900213071341,304.62979286825373,1.3583531985167097,0.6362991341180847,0.0039619503449057625,0.003104096599358057,-0.0033692025637955198,0.00012754320575162338,2.0986941614032557e-05,6.077265001125452,6.077265001125452,0.14129752098317308,0.0,0.005697060471231781,0.0004987636120642069,9.259259259259259e-05,4.529262249813222e-07,6
a,58235,2025-08-02 00:18:00,LC,118.8472,32.3686,16.2,820.0,258.2,1.6,-0.0,100,100,1.1e-16,Z_RADA_I_58235_20250802001800_P_WPRD_LC_ROBS.TXT,a__2025-08-02 00:18:00,23.387800000000002,907.6081324589792,304.8745167501193,1.566187822018696,0.3271936829468656,0.004171480857394272,0.004322347562316718,-0.0049113121400682185,0.00013418062351106463,4.2803675386646745e-05,3.1347921013559574,3.1347921013559574,0.24185012824999388,0.0,0.004185482949429057,0.0010650241628482758,0.0001388888888888889,2.053131708826454e-06,6
a,58235,2025-08-02 00:18:00,LC,118.8472,32.3686,16.2,940.0,275.1,2.3,-0.1,100,100,6.1e-17,Z_RADA_I_58235_20250802001800_P_WPRD_LC_ROBS.TXT,a__2025-08-02 00:18:00,22.7228,895.1324723427151,305.397354331319,2.2908944504447697,-0.20445688279281662,0.00412947959831067,0.00011759736175637452,-0.003820767877589169,0.0001326022001449289,1.4612096313909303e-05,9.074823851161208,9.074823851161208,0.0992573185172604,0.0,0.0018041197542980648,0.0007228114979974762,4.629629629629629e-05,2.566458085192853e-07,6
a,58235,2025-08-02 00:18:00,LC,118.8472,32.3686,16.2,1060.0,290.3,1.7,0.1,100,100,9.3e-17,Z_RADA_I_58235_20250802001800_P_WPRD_LC_ROBS.TXT,a__2025-08-02 00:18:00,22.003,882.7996657850848,305.86559185371385,1.594411188840226,-0.589790607674535,0.00420048434238085,-0.005415328792471784,0.00030083538556539054,0.00013467575586570182,2.941628785978219e-05,4.578271619711401,4.578271619711401,0.17926699669237983,0.0,0.001850028073456978,0.000528110007225205,0.0001388888888888889,1.5239931379073357e-06,6
a,58235,2025-08-02 00:18:00,LC,118.8472,32.3686,16.2,1180.0,277.6,1.0,0.1,100,100,2e-16,Z_RADA_I_58235_20250802001800_P_WPRD_LC_ROBS.TXT,a__2025-08-02 00:18:00,21.3504,870.6086668567917,306.40547057349033,0.9912155402515417,-0.13225639025712288,0.004413270071970343,-0.003929661558979877,0.0005217843462740955,0.00014124876710028435,1.5714498872140845e-05,8.988435981925875,8.988435981925875,0.10011577406207589,0.0,0.002241670761801492,0.0009452508543727002,4.6296296296296294e-05,1.463374764029529e-06,6
a,58235,2025-08-02 00:18:00,LC,118.8472,32.3686,16.2,1300.0,305.5,0.8,-0.0,100,100,2.4e-16,Z_RADA_I_58235_20250802001800_P_WPRD_LC_ROBS.TXT,a__2025-08-02 00:18:00,20.676,858.5590889834334,306.9247766709867,0.6512924146850553,-0.464562364568752,0.004524602379554876,-0.0020961147362148955,0.0010019841551090595,0.00014456699262512223,5.397669234466857e-06,26.783225563728255,20.0,0.047619047619047616,0.0,0.001983142470633116,0.0010631399706973017,0.00013888888888888892,1.8430252813719677e-07,6
a,58235,2025-08-02 00:18:00,LC,118.8472,32.3686,16.2,1420.0,257.5,0.5,-0.0,100,100,1.1e-16,Z_RADA_I_58235_20250802001800_P_WPRD_LC_ROBS.TXT,a__2025-08-02 00:18:00,20.0448,846.6500394879699,307.4913751445835,0.4881480035599667,0.10821980696905141,0.004420235274569473,0.00013046722220349518,0.0025818596370932477,0.00014097208494051085,6.6830208817207726e-06,21.09406620680987,20.0,0.047619047619047616,0.0,0.0004464738784863608,0.001077161050614073,0.00013888888888888892,4.3939247541757776e-07,6
a,58235,2025-08-02 00:18:00,LC,118.8472,32.3686,16.2,1540.0,257.2,0.7,-0.1,100,100,1.2e-16,Z_RADA_I_58235_20250802001800_P_WPRD_LC_ROBS.TXT,a__2025-08-02 00:18:00,19.3426,834.8796269665918,307.9856331368834,0.6826045480138941,0.15508394833362743,0.0044866951705448965,0.0028258549880595366,0.0007247947031419049,0.00014286201841976398,8.510783775243525e-06,16.78600023129787,16.78600023129787,0.05622399567049981,0.0,0.0007956996843078551,0.0009408510902326595,9.259259259259259e-05,6.622438153970447e-07,6
a,58235,2025-08-02 00:18:00,LC,118.8472,32.3686,16.2,1660.0,256.4,1.2,-0.1,100,100,5.8e-17,Z_RADA_I_58235_20250802001800_P_WPRD_LC_ROBS.TXT,a__2025-08-02 00:18:00,18.7222,823.2467683604259,308.5681819855143,1.1663532006942554,0.2821705357231086,0.005046195560214128,0.0039150167102657354,-0.002764388729870725,0.0001603738706050289,2.2969200891496224e-05,6.982126690546006,6.982126690546006,0.12527989579323456,0.0,0.0014193205952222072,0.0008915431084013496,0.00032407407407407406,1.5498965707928614e-06,6
a,58235,2025-08-02 00:18:00,LC,118.8472,32.3686,16.2,1780.0,287.4,1.7,-0.1,100,100,1.1e-16,Z_RADA_I_58235_20250802001800_P_WPRD_LC_ROBS.TXT,a__2025-08-02 00:18:00,18.143,811.7525682221351,309.1967200713348,1.6222085584776709,-0.5083693468353466,0.005169496876665569,-0.0009249034602365593,-0.0025459882602570467,0.00016395855212777304,7.337502632124264e-06,22.345280178837328,20.0,0.047619047619047616,0.0,0.0021565768752753777,0.0006492972000776868,0.0002777777777777778,1.2135389024506277e-06,6
a,58235,2025-08-02 00:18:00,LC,118.8472,32.3686,16.2,1900.0,289.2,1.0,-0.1,100,100,1.2e-16,Z_RADA_I_58235_20250802001800_P_WPRD_LC_ROBS.TXT,a__2025-08-02 00:18:00,17.546,800.3961052935829,309.80886123591404,0.9443763702374812,-0.3288666467385827,0.005178940642084573,0.0010298875566502417,0.0007026880754761754,0.00016393352354445554,1.5544389107594159e-06,105.46154140233557,20.0,0.047619047619047616,0.0,0.0016602937448468638,0.0004073171805649121,0.0001388888888888889,8.377399080724152e-07,6
a,58235,2025-08-02 00:18:00,LC,118.8472,32.3686,16.2,2020.0,280.3,1.9,-0.2,100,100,7.5e-17,Z_RADA_I_58235_20250802001800_P_WPRD_LC_ROBS.TXT,a__2025-08-02 00:18:00,16.96416,789.1759533395193,310.4396658254351,1.8693815720737288,-0.33972420872106457,0.0051092642320048065,0.005144488480146139,0.0008516035827107393,0.00016139936869074133,2.71909903844421e-05,5.935766458256312,5.935766458256312,0.14418017186977272,0.0,0.0012074387921649464,0.001622571320961563,4.629629629629633e-05,8.735066311784535e-07,6
a,58235,2025-08-02 00:18:00,LC,118.8472,32.3686,16.2,2260.0,260.4,1.9,-0.1,100,100,8.5e-17,Z_RADA_I_58235_20250802001800_P_WPRD_LC_ROBS.TXT,a__2025-08-02 00:18:00,15.69452,767.1359518708808,311.5951177143944,1.873392470433959,0.31686061876059507,0.0048568425100720125,9.428629789667766e-05,0.001912057922104185,0.0001528565497135112,3.664855403452435e-06,41.70875324835857,20.0,0.047619047619047616,0.0,0.0012972787265267305,0.0004016256465370427,4.629629629629629e-05,4.711619222144569e-07,6
a,58235,2025-08-02 00:18:00,LC,118.8472,32.3686,16.2,2500.0,253.2,2.0,-0.1,100,100,4.3e-17,Z_RADA_I_58235_20250802001800_P_WPRD_LC_ROBS.TXT,a__2025-08-02 00:18:00,14.435,745.6188095063783,312.77095023026965,1.9146389950641343,0.5780635938889443,0.00490407130084225,0.0005012891871939164,0.0012275120277054,0.00015376271609303155,1.7580766273589603e-06,87.46075893405107,20.0,0.047619047619047616,0.0,0.001133704185990293,0.00043050867936910087,4.629629629629631e-05,1.0665194767410164e-06,6
a,58235,2025-08-02 00:18:00,LC,118.8472,32.3686,16.2,2740.0,246.8,2.3,-0.1,100,100,5.9e-17,Z_RADA_I_58235_20250802001800_P_WPRD_LC_ROBS.TXT,a__2025-08-02 00:18:00,13.168759999999999,724.6144599747367,313.9490719387987,2.114011280287039,0.9060663920591872,0.004960679587947436,0.00043488438394942083,0.0006371159338095901,0.00015495394899790662,5.950411405171334e-07,260.40879940375305,20.0,0.047619047619047616,0.0,0.0009913356195170547,0.0003690370481769566,4.6296296296296294e-05,7.588022111581177e-07,6
a,58235,2025-08-02 00:18:00,LC,118.8472,32.3686,16.2,2980.0,247.4,2.3,-0.0,100,100,4.1e-17,Z_RADA_I_58235_20250802001800_P_WPRD_LC_ROBS.TXT,a__2025-08-02 00:18:00,11.916319999999999,704.1131173471578,315.1520764324844,2.123383499359856,0.8838792421175476,0.005352093988833184,0.0006865176154754182,-0.0007869883352514893,0.00016654217579567537,1.0906570761799648e-06,152.69893666209978,20.0,0.047619047619047616,0.0,0.0015401623992012297,0.0004396132020805708,0.0,5.443193840827921e-07,6
a,58235,2025-08-02 00:18:00,LC,118.8472,32.3686,16.2,3220.0,257.8,2.5,-0.0,100,100,2.7e-17,Z_RADA_I_58235_20250802001800_P_WPRD_LC_ROBS.TXT,a__2025-08-02 00:18:00,10.80176,684.1101531531933,316.5180770534386,2.4435397357152397,0.5283119911384723,0.005097979959947985,0.0025124459515711408,-0.0004050050789695949,0.0001579502366488321,6.476413773557383e-06,24.388533866339543,20.0,0.047619047619047616,0.0,0.0022630611782285177,0.0006874254308974417,0.0001388888888888889,3.6184305165806346e-07,6
a,58235,2025-08-02 00:18:00,LC,118.8472,32.3686,16.2,3460.0,258.3,3.4,-0.0,100,100,8.5e-17,Z_RADA_I_58235_20250802001800_P_WPRD_LC_ROBS.TXT,a__2025-08-02 00:18:00,9.42248,664.5910883269893,317.5991068132595,3.3293575561140036,0.6894768042121421,0.004776058389970639,0.0033133102496089167,-0.0026279189023239715,0.00014747249600278206,1.7883982567355127e-05,8.246065743319043,8.246065743319043,0.10815410875945511,0.0,0.0027080166785287707,0.0011115481878879604,0.00023148148148148152,2.5866859897655643e-07,6
a,58235,2025-08-02 00:18:00,LC,118.8472,32.3686,16.2,3700.0,280.3,4.1,0.0,100,100,1.6e-17,Z_RADA_I_58235_20250802001800_P_WPRD_LC_ROBS.TXT,a__2025-08-02 00:18:00,8.1508,645.5411007558589,318.8105850806245,4.03392865552752,-0.733089081977034,0.005111727471466931,0.0015592378359846953,-0.004278930889070914,0.0001572373206974417,2.0740472182611443e-05,7.581183268781486,7.581183268781486,0.11653404532659495,0.0,0.003022524054365131,0.0009093993750348946,0.0001388888888888889,4.188675620027225e-08,6
a,58235,2025-08-02 00:18:00,LC,118.8472,32.3686,16.2,3940.0,288.5,4.3,0.1,100,100,2e-17,Z_RADA_I_58235_20250802001800_P_WPRD_LC_ROBS.TXT,a__2025-08-02 00:18:00,6.89716,626.9551349577538,320.0527359995636,4.077791717386657,-1.3644100225418967,0.005078322693689574,-0.00011871525026749784,-0.002859573087907385,0.00015560352292735523,8.191251555730253e-06,18.996306226061584,18.996306226061584,0.050009236140656825,0.0,0.0030642247116118683,0.0009593573766126829,4.629629629629629e-05,6.698598431227477e-08,6
a,58235,2025-08-02 00:18:00,LC,118.8472,32.3686,16.2,4180.0,297.9,4.5,0.2,100,100,5.2e-17,Z_RADA_I_58235_20250802001800_P_WPRD_LC_ROBS.TXT,a__2025-08-02 00:18:00,5.593719999999999,608.8228788514887,321.2481799735955,3.976945335399121,-2.105684164172579,0.004862792177024344,0.0009053930002745209,-0.0025413636975029014,0.00014844504615321214,7.278265927931717e-06,20.3956612224797,20.0,0.047619047619047616,0.0,0.0028725319361234737,0.0006376639144583536,4.629629629629629e-05,1.2332750981100307e-07,6
a,58235,2025-08-02 00:18:00,LC,118.8472,32.3686,16.2,4420.0,299.8,5.2,0.1,100,100,2.8e-17,Z_RADA_I_58235_20250802001800_P_WPRD_LC_ROBS.TXT,a__2025-08-02 00:18:00,4.23252,591.1318896297873,322.3868762445353,4.512380357518428,-2.584264597343289,0.004910798661930005,-0.0007726614470463921,-0.002213174670916496,0.00014938103020510965,5.495147835738165e-06,27.1841695019736,20.0,0.047619047619047616,0.0,0.001978343593474677,0.0012374943763719913,4.629629629629636e-05,2.764880723714283e-07,6
a,58235,2025-08-02 00:18:00,LC,118.8472,32.3686,16.2,4660.0,311.3,4.8,0.3,100,100,3.5e-17,Z_RADA_I_58235_20250802001800_P_WPRD_LC_ROBS.TXT,a__2025-08-02 00:18:00,2.9314,573.8735597450244,323.6053633313219,3.6060678408168525,-3.168008006212497,0.005398162046143518,-0.0033994108444779956,-0.0023530499183801144,0.00016358778879574102,1.7092838007943262e-05,9.570545787640395,9.570545787640395,0.09460249452485693,0.0,0.0012212054934709227,0.000923796065304775,0.00018518518518518523,6.930192943739702e-07,3
a,58235,2025-08-02 00:18:00,LC,118.8472,32.3686,16.2,4900.0,322.2,4.7,0.1,100,100,2.6e-17,Z_RADA_I_58235_20250802001800_P_WPRD_LC_ROBS.TXT,a__2025-08-02 00:18:00,1.7524000000000002,557.0448099206781,324.97799402668414,2.8806631521689896,-3.7137285581657444,0.005719294564009421,-0.003022519536032762,-0.0022738356331385304,0.0001725874399715128,1.4305952832230203e-05,12.064029708156639,12.064029708156639,0.07654605985591424,0.0,0.0011402424922699525,0.0015632408744053986,0.0001388888888888889,4.147568352135163e-07,3
a,58235,2025-08-02 00:24:00,LC,118.8472,32.3686,16.2,100.0,135.6,2.6,-0.1,100,100,1.8e-16,Z_RADA_I_58235_20250802002400_P_WPRD_LC_ROBS.TXT,a__2025-08-02 00:24:00,25.269,985.7540775451708,299.6461183791386,-1.8191246853347507,1.8576289670452881,0.008993410966547799,0.007126626574293257,0.009535238373128519,0.0002943313069836052,0.00014170957716180544,2.077003635735464,2.077003635735464,0.32499149119821574,0.0,0.007659727162094499,0.0011374426708231158,9.259259259259259e-05,2.9099315018820913e-06,6
a,58235,2025-08-02 00:24:00,LC,118.8472,32.3686,16.2,160.0,150.2,2.8,-0.0,100,100,3.6e-16,Z_RADA_I_58235_20250802002400_P_WPRD_LC_ROBS.TXT,a__2025-08-02 00:24:00,25.2196,979.0054310406089,300.1857230371315,-1.3915270908771553,2.4297432694329992,0.009014004451430857,0.009480012098674627,0.009721067659890564,0.0002944749865492108,0.00018436978583918751,1.5971976384788997,1.5971976384788997,0.38503038243391824,0.0,0.006517966247314887,0.0006432157134504908,6.944444444444444e-05,1.9093195494197554e-06,6
a,58235,2025-08-02 00:24:00,LC,118.8472,32.3686,16.2,220.0,167.3,3.1,0.0,100,100,1.5e-16,Z_RADA_I_58235_20250802002400_P_WPRD_LC_ROBS.TXT,a__2025-08-02 00:24:00,25.171599999999998,972.3018966551884,300.7277989133103,-0.6815232334937953,3.024157086232156,0.00909225520041046,0.011918939100893863,0.010583782143494962,0.0002964959168500693,0.0002540775537517794,1.1669504545833689,1.1669504545833689,0.46147801759143864,0.0,0.00632583224702331,0.00044765302384531267,6.944444444444444e-05,1.0656322275109624e-06,6
a,58235,2025-08-02 00:24:00,LC,118.8472,32.3686,16.2,280.0,180.6,3.7,0.1,100,100,1.9e-16,Z_RADA_I_58235_20250802002400_P_WPRD_LC_ROBS.TXT,a__2025-08-02 00:24:00,25.1294,965.6432602135682,301.2767936611807,0.038745601230108215,3.699797126652395,0.009104991150980624,0.01019174654618278,0.003614187033005884,0.00029637019295678007,0.00011693404557117649,2.534507307167293,2.534507307167293,0.28292486422992946,0.0,0.006352936814755887,0.0008469369072413981,4.629629629629631e-05,3.786588407277418e-07,6
a,58235,2025-08-02 00:24:00,LC,118.8472,32.3686,16.2,340.0,188.9,3.5,0.1,100,100,1.6e-16,Z_RADA_I_58235_20250802002400_P_WPRD_LC_ROBS.TXT,a__2025-08-02 00:24:00,25.0808,959.029221075034,301.820397851428,0.5414863520481382,3.457859530192862,0.009050411579467621,5.6713491451436794e-05,-0.006667957437129824,0.00029406302339935174,4.4464872803487544e-05,6.613378266007033,6.613378266007033,0.13134773619024018,0.0,0.00612814845553118,0.0007546068000829061,4.629629629629629e-05,1.7799832294313987e-06,6
a,58235,2025-08-02 00:24:00,LC,118.8472,32.3686,16.2,400.0,180.9,2.9,0.0,100,100,2.2e-16,Z_RADA_I_58235_20250802002400_P_WPRD_LC_ROBS.TXT,a__2025-08-02 00:24:00,25.03,952.4593928619176,302.36284305071683,0.04555122020428063,2.8996422341968158,0.0085573627937503,-0.0009363419647408218,-0.009137795326269686,0.0002775442279700195,8.437603969973081e-05,3.2893725393810462,3.2893725393810462,0.23313433161119163,0.0,0.00847827295928917,0.0012443634835695193,0.00016203703703703703,7.280179409942934e-07,6
a,58235,2025-08-02 00:24:00,LC,118.8472,32.3686,16.2,460.0,190.3,2.4,0.1,100,100,1.6e-16,Z_RADA_I_58235_20250802002400_P_WPRD_LC_ROBS.TXT,a__2025-08-02 00:24:00,24.921,945.9328283778594,302.84728138667805,0.4291253162792396,2.3613240910405,0.007866650407294173,0.00475636209630809,-0.014625180621957544,0.0002547339598475423,0.00023651888861607874,1.0770131778398069,1.0770131778398069,0.4814605947950931,0.0,0.008728062700978454,0.0011363343607152846,0.00013888888888888892,2.081062052638598e-07,6
a,58235,2025-08-02 00:24:00,LC,118.8472,32.3686,16.2,520.0,208.3,1.3,0.1,100,100,1.1e-16,Z_RADA_I_58235_20250802002400_P_WPRD_LC_ROBS.TXT,a__2025-08-02 00:24:00,24.7866,939.4483479566687,303.30684109959213,0.6163146717612514,1.1446205595619106,0.007223595341735223,0.0028785325749125074,-0.012039740472324407,0.00023355645722071707,0.00015324130042575877,1.5241090787654128,1.5241090787654128,0.3961793919338533,0.0,0.007551905123071488,0.0009326667055444953,9.259259259259262e-05,2.981785362800463e-07,6
a,58235,2025-08-02 00:24:00,LC,118.8472,32.3686,16.2,580.0,220.2,1.2,0.1,100,100,1e-16,Z_RADA_I_58235_20250802002400_P_WPRD_LC_ROBS.TXT,a__2025-08-02 00:24:00,24.6,933.0048606701422,303.7141128276863,0.7745492252687405,0.9165552343615708,0.0065273805626113734,0.00301527444986947,-6.182546054526485e-05,0.00021076312851701497,9.095702395607269e-06,23.171726530850673,20.0,0.047619047619047616,0.0,0.006490555778489438,0.0005840525132131493,9.259259259259262e-05,8.06747824276406e-07,6
a,58235,2025-08-02 00:24:00,LC,118.8472,32.3686,16.2,640.0,220.7,1.5,0.1,100,100,1.1e-16,Z_RADA_I_58235_20250802002400_P_WPRD_LC_ROBS.TXT,a__2025-08-02 00:24:00,24.382,926.6012332401941,304.0901267671055,0.9781476057455878,1.1372015042964787,0.006136672843492175,0.0031489671676795334,0.00036341095721552537,0.00019790252113881666,1.0048061746947966e-05,19.69559165964802,19.69559165964802,0.04831946901763559,0.0,0.00390627438729296,0.0005246355885621839,9.259259259259262e-05,2.5585109921809044e-06,6
a,58235,2025-08-02 00:24:00,LC,118.8472,32.3686,16.2,700.0,230.2,1.5,-0.0,100,100,1.1e-16,Z_RADA_I_58235_20250802002400_P_WPRD_LC_ROBS.TXT,a__2025-08-02 00:24:00,24.148,920.2367406608239,304.4505135689053,1.1524252853902845,0.9601645492274338,0.004896759060260436,0.0011539157884144328,-0.0024392526787756965,0.000157729417748,7.281475277666514e-06,21.66173910275877,20.0,0.047619047619047616,0.0,0.0030712892193209954,0.0005508244300170365,0.0001388888888888889,2.2224649421383726e-06,6
a,58235,2025-08-02 00:24:00,LC,118.8472,32.3686,16.2,760.0,232.9,1.4,0.0,100,100,9.1e-17,Z_RADA_I_58235_20250802002400_P_WPRD_LC_ROBS.TXT,a__2025-08-02 00:24:00,23.7834,913.9096168014567,304.6777378543367,1.1166175003553198,0.8444911828433952,0.003908929542257855,-0.0024381084482784244,-0.0037468469276319034,0.00012581655675121837,1.998323470467126e-05,6.296105641085606,6.296105641085606,0.13705941898220755,0.0,0.003468053928140888,0.00030134420932974727,0.0001388888888888889,5.761742505214934e-07,6
a,58235,2025-08-02 00:24:00,LC,118.8472,32.3686,16.2,820.0,239.3,1.0,-0.0,100,100,9e-17,Z_RADA_I_58235_20250802002400_P_WPRD_LC_ROBS.TXT,a__2025-08-02 00:24:00,23.4326,907.6184476084925,304.91958511397627,0.8598522715968736,0.5105429179116054,0.00412177188972751,-0.001647548796261884,-0.005481093742571275,0.00013256207956365725,3.2756805650917964e-05,4.0468561243834955,4.0468561243834955,0.19814315592801968,0.0,0.002451330511807776,0.0006830126480771841,0.00011574074074074076,1.0828882905175557e-06,6
a,58235,2025-08-02 00:24:00,LC,118.8472,32.3686,16.2,940.0,275.6,1.3,-0.2,100,100,4.8e-17,Z_RADA_I_58235_20250802002400_P_WPRD_LC_ROBS.TXT,a__2025-08-02 00:24:00,22.761400000000002,895.1443893978407,305.43603395572006,1.2937956199763805,-0.12685776968689425,0.004071824942407654,0.00210790037469719,-0.0008448259659068053,0.00013073428683025304,5.156974902318921e-06,25.35096433598429,20.0,0.047619047619047616,0.0,0.001021999387152726,0.0003366539177062872,0.00011574074074074073,1.751982198148625e-08,6
a,58235,2025-08-02 00:24:00,LC,118.8472,32.3686,16.2,1060.0,257.3,1.4,0.1,100,100,1.1e-16,Z_RADA_I_58235_20250802002400_P_WPRD_LC_ROBS.TXT,a__2025-08-02 00:24:00,22.0344,882.8128687051993,305.8968231001541,1.3657483615241992,0.30778468609397214,0.004147807068975995,-3.7911350399423734e-05,0.0013572473202339342,0.0001329732416987398,1.8435575587713036e-06,72.12860865996717,20.0,0.047619047619047616,0.0,0.00024603007761456625,0.000625898882119415,0.00011574074074074077,7.118703993318828e-07,6
a,58235,2025-08-02 00:24:00,LC,118.8472,32.3686,16.2,1180.0,261.2,1.3,0.0,100,100,1.7e-16,Z_RADA_I_58235_20250802002400_P_WPRD_LC_ROBS.TXT,a__2025-08-02 00:24:00,21.3768,870.6228738458368,306.4315076522743,1.2846968958805187,0.19888158716924997,0.004389879735986257,-0.0009601913788797704,0.00033715089893253023,0.00014048821037607198,1.035638212726048e-06,135.65375306717712,20.0,0.047619047619047616,0.0,0.0008467703831290132,0.0009909183178492124,2.3148148148148154e-05,1.0165398001558114e-06,6
a,58235,2025-08-02 00:24:00,LC,118.8472,32.3686,16.2,1300.0,251.1,1.2,-0.0,100,100,2.5e-16,Z_RADA_I_58235_20250802002400_P_WPRD_LC_ROBS.TXT,a__2025-08-02 00:24:00,20.702,858.574164998103,306.9503942367908,1.1353024305930544,0.3887009018377794,0.004496675663660854,-0.0023759342343654816,0.0020865906389338157,0.00014366270649915404,9.998923980516117e-06,14.367816654981565,14.367816654981565,0.06507105221585555,0.0,0.0007670147152744818,0.0012117384978580245,4.6296296296296294e-05,2.3933480351591466e-07,6
a,58235,2025-08-02 00:24:00,LC,118.8472,32.3686,16.2,1420.0,225.6,1.0,-0.2,100,100,1.9e-16,Z_RADA_I_58235_20250802002400_P_WPRD_LC_ROBS.TXT,a__2025-08-02 00:24:00,20.064799999999998,846.6658327808302,307.5107098115529,0.7144726796328031,0.6996633405133657,0.0043905424181702735,-0.00043562730948440605,0.0009406272333621121,0.0001400163032745597,1.0745507449110836e-06,130.30217878276721,20.0,0.047619047619047616,0.0,0.0005681463267528287,0.0011954253217457706,0.00011574074074074077,1.1522960816780349e-07,6
a,58235,2025-08-02 00:24:00,LC,118.8472,32.3686,16.2,1540.0,239.2,1.2,-0.2,100,100,1.8e-16,Z_RADA_I_58235_20250802002400_P_WPRD_LC_ROBS.TXT,a__2025-08-02 00:24:00,19.3618,834.8959829132759,308.0041244171517,1.0307518763167969,0.6144514378446863,0.004467341036999084,0.0033811435065181665,-0.0009105585887772042,0.000142237218619685,1.2261248355265896e-05,11.600549511632533,11.600549511632533,0.0793616182434602,0.0,0.0010839086304150571,0.001046782199053591,2.3148148148148144e-05,1.9443832598441007e-07,6
a,58235,2025-08-02 00:24:00,LC,118.8472,32.3686,16.2,1660.0,252.5,1.6,-0.3,100,100,8.5e-17,Z_RADA_I_58235_20250802002400_P_WPRD_LC_ROBS.TXT,a__2025-08-02 00:24:00,18.7378,823.2635841423996,308.5828716604327,1.5259471211971631,0.48112927920683674,0.005032988257398285,0.003198062177210613,-0.002887359729592878,0.0001599465130025995,1.8564447897379742e-05,8.615743052890625,8.615743052890625,0.10399612328444927,0.0,0.0018987041298306297,0.0008453867881131337,0.00023148148148148146,1.3077148260506047e-06,6
a,58235,2025-08-02 00:24:00,LC,118.8472,32.3686,16.2,1780.0,272.5,1.8,-0.3,100,100,1.7e-16,Z_RADA_I_58235_20250802002400_P_WPRD_LC_ROBS.TXT,a__2025-08-02 00:24:00,18.1592,811.7697716078314,309.21204159892727,1.798286798847344,-0.07851489725760438,0.005171227523110167,-0.00025626296048859593,-0.003357452917141627,0.00016400531534048848,1.1338160795741199e-05,14.46489587641865,14.46489587641865,0.06466257568050172,0.0,0.002445323229795357,0.000730259265410765,0.00016203703703703703,1.086187011211427e-06,6
a,58235,2025-08-02 00:24:00,LC,118.8472,32.3686,16.2,1900.0,282.5,1.5,-0.2,100,100,1.2e-16,Z_RADA_I_58235_20250802002400_P_WPRD_LC_ROBS.TXT,a__2025-08-02 00:24:00,17.562,800.4136918842632,309.82396626597915,1.4644440106799002,-0.3246594209071537,0.005169122666859316,0.0020647354115371237,0.0010290114610464892,0.00016361476941857296,5.3219969066204055e-06,30.743116219222347,20.0,0.047619047619047616,0.0,0.0017924094842670254,0.0006923003909368316,6.944444444444444e-05,5.215702438383425e-07,6
a,58235,2025-08-02 00:24:00,LC,118.8472,32.3686,16.2,2020.0,265.8,2.3,-0.2,100,100,8.2e-17,Z_RADA_I_58235_20250802002400_P_WPRD_LC_ROBS.TXT,a__2025-08-02 00:24:00,16.97816,789.1938687662511,310.4526310389735,2.2938232976162536,0.16844785339355303,0.005097007501904671,0.0045803243424128795,0.0029832118524025105,0.00016100545983866536,2.9878924038014796e-05,5.3885963106910735,5.3885963106910735,0.15652890734800975,0.0,0.0012457949124913608,0.0011509519398201409,6.944444444444451e-05,3.051092364208464e-07,6
a,58235,2025-08-02 00:24:00,LC,118.8472,32.3686,16.2,2260.0,261.4,2.3,-0.1,100,100,7.8e-17,Z_RADA_I_58235_20250802002400_P_WPRD_LC_ROBS.TXT,a__2025-08-02 00:24:00,15.708279999999998,767.154408784158,311.6078173483675,2.274139676408113,0.3439312899205333,0.004843274260048269,0.00027919250449549154,0.0008914287303185415,0.00015242331186191978,8.725936358037921e-07,174.67845925957803,20.0,0.047619047619047616,0.0,0.0011155416932576068,0.00036398435030018754,0.0,1.4240993831201107e-07,6
a,58235,2025-08-02 00:24:00,LC,118.8472,32.3686,16.2,2500.0,256.2,2.5,-0.1,100,100,4.3e-17,Z_RADA_I_58235_20250802002400_P_WPRD_LC_ROBS.TXT,a__2025-08-02 00:24:00,14.443,745.6375485611995,312.77740268379665,2.4278356997740898,0.5963336439464529,0.004877934376777193,0.0003224832433886731,0.0012158073089801951,0.00015294006135213744,1.582182854836142e-06,96.66396073289305,20.0,0.047619047619047616,0.0,0.0008288819992733014,0.000529972565441318,0.0,3.9921368038929856e-07,6
a,58235,2025-08-02 00:24:00,LC,118.8472,32.3686,16.2,2740.0,249.1,2.6,-0.0,100,100,6.7e-17,Z_RADA_I_58235_20250802002400_P_WPRD_LC_ROBS.TXT,a__2025-08-02 00:24:00,13.171,724.6330396764856,313.94922584922057,2.428931633234676,0.927518798231027,0.004940658012914323,-0.00018588671395712748,0.00059865305312852,0.00015432847069868488,3.929393484458775e-07,392.75392324304653,20.0,0.047619047619047616,0.0,0.0008519845817009371,0.0005832156895244785,2.3148148148148154e-05,9.542137112330653e-08,6
a,58235,2025-08-02 00:24:00,LC,118.8472,32.3686,16.2,2980.0,249.3,2.5,-0.0,100,100,9.1e-17,Z_RADA_I_58235_20250802002400_P_WPRD_LC_ROBS.TXT,a__2025-08-02 00:24:00,11.91556,704.1312232579999,315.14891852999557,2.3386100770746685,0.8836871094481425,0.005328337290162688,0.0004575985129336279,-0.0008397626040356329,0.00016580459526977726,9.145976301757748e-07,181.28692858947338,20.0,0.047619047619047616,0.0,0.0015034445724854168,0.00046412071691986104,0.0,1.1504712124516725e-07,6
a,58235,2025-08-02 00:24:00,LC,118.8472,32.3686,16.2,3220.0,258.8,2.7,-0.1,100,100,4.1e-17,Z_RADA_I_58235_20250802002400_P_WPRD_LC_ROBS.TXT,a__2025-08-02 00:24:00,10.793719999999999,684.1274387774163,316.50682774849867,2.6485789194428175,0.5244327482939232,0.005074950798097944,0.003121961605971132,-0.00038824681352995225,0.00015724231479680384,9.897379857374012e-06,15.887266838571518,15.887266838571518,0.05921621358619979,0.0,0.0021474248038493094,0.0005153958698725994,6.944444444444444e-05,2.0601969265951413e-07,6
a,58235,2025-08-02 00:24:00,LC,118.8472,32.3686,16.2,3460.0,259.7,3.9,-0.1,100,100,6.9e-17,Z_RADA_I_58235_20250802002400_P_WPRD_LC_ROBS.TXT,a__2025-08-02 00:24:00,9.411800000000001,664.6072445855514,317.58489491308256,3.837151647940812,0.6973286389537655,0.004772878800678004,0.003520424257640425,-0.002621281737176611,0.00014738091338846237,1.926450489943877e-05,7.650386768712441,7.650386768712441,0.11560176749748313,0.0,0.0024924137846578957,0.0008588160179706095,0.00020833333333333337,1.875628036107225e-09,6
a,58235,2025-08-02 00:24:00,LC,118.8472,32.3686,16.2,3700.0,279.6,4.4,-0.0,100,100,3.4e-17,Z_RADA_I_58235_20250802002400_P_WPRD_LC_ROBS.TXT,a__2025-08-02 00:24:00,8.1414,645.5561254843892,318.7978095728241,4.338382563110222,-0.7337824855508502,0.005113849547812688,0.000718994940044659,-0.004300635269435391,0.00015730889975453676,1.901241744452144e-05,8.27400830081534,8.27400830081534,0.10782824077395783,0.0,0.002779048535917566,0.0005952709684717023,0.00011574074074074076,5.4610560347541374e-08,6
a,58235,2025-08-02 00:24:00,LC,118.8472,32.3686,16.2,3940.0,288.1,4.4,0.1,100,100,2.1e-17,Z_RADA_I_58235_20250802002400_P_WPRD_LC_ROBS.TXT,a__2025-08-02 00:24:00,6.8874,626.9691018532322,320.03954269603264,4.182269219162248,-1.3669762903752223,0.0050716986311528656,-0.0008995779161360771,-0.0022146790245703716,0.00015540696303404573,5.7140436090717e-06,27.197370840383396,20.0,0.047619047619047616,0.0,0.0024441200781152774,0.0002947949623705714,4.629629629629629e-05,2.6985853486113946e-08,6
a,58235,2025-08-02 00:24:00,LC,118.8472,32.3686,16.2,4180.0,294.7,4.3,0.1,100,100,5e-17,Z_RADA_I_58235_20250802002400_P_WPRD_LC_ROBS.TXT,a__2025-08-02 00:24:00,5.58156,608.8357405018388,321.23222491577746,3.9065851633649045,-1.7968284173446285,0.0048484411217469825,0.0004511468620724268,-0.002528741472172315,0.0001480143069053741,6.5980669242420035e-06,22.43298053882323,20.0,0.047619047619047616,0.0,0.0013798965904672947,5.483068475239109e-05,9.259259259259257e-05,5.236188209523957e-07,6
a,58235,2025-08-02 00:24:00,LC,118.8472,32.3686,16.2,4420.0,300.4,5.1,0.3,100,100,3.7e-17,Z_RADA_I_58235_20250802002400_P_WPRD_LC_ROBS.TXT,a__2025-08-02 00:24:00,4.2168,591.1435030497108,322.3667944344712,4.398819712957013,-2.5807721970179336,0.004894406591000933,-0.0005145485577316474,-0.0001078531239209115,0.00014889167626536048,2.76392514603218e-07,538.6964856089013,20.0,0.047619047619047616,0.0,0.0014930858224636902,0.0004411354800543165,6.944444444444447e-05,6.635860530883561e-07,6
a,58235,2025-08-02 00:24:00,LC,118.8472,32.3686,16.2,4660.0,296.8,4.1,0.3,100,100,6.8e-17,Z_RADA_I_58235_20250802002400_P_WPRD_LC_ROBS.TXT,a__2025-08-02 00:24:00,2.91248,573.8837693107747,323.5815400794579,3.659601855653714,-1.848597916826666,0.005386233779567706,-0.0017684223136189585,0.0025524329158403336,0.0001632383277532676,9.642231269170617e-06,16.929517991877482,16.929517991877482,0.05577394776887058,0.0,0.0013627370171833731,0.0011505086328804817,0.0001388888888888889,4.7062158060254353e-07,3
a,58235,2025-08-02 00:24:00,LC,118.8472,32.3686,16.2,4900.0,290.9,3.8,0.2,100,100,3.5e-17,Z_RADA_I_58235_20250802002400_P_WPRD_LC_ROBS.TXT,a__2025-08-02 00:24:00,1.7318,557.0535305709076,324.9521866486637,3.549977002419913,-1.3556043974145733,0.005800096073436789,-0.0015420985173867858,-0.0038224194429266316,0.0001750396350465758,1.6988958234990065e-05,10.303141171191312,10.303141171191312,0.08847098207963047,0.0,0.0006531032776771776,0.0020229057997452164,6.944444444444444e-05,4.802131870326285e-07,3
a,58235,2025-08-02 00:24:00,LC,118.8472,32.3686,16.2,5140.0,321.6,4.7,0.1,100,100,4.5e-17,Z_RADA_I_58235_20250802002400_P_WPRD_LC_ROBS.TXT,a__2025-08-02 00:24:00,0.57724,540.6483680065764,326.3655861947076,2.9193945673080566,-3.683359249431449,0.00588916477518282,-0.0026274268129660677,-0.009698978550070316,0.00017695792750676705,0.00010097355657221712,1.7525175255187262,1.7525175255187262,0.36330377217545406,0.0,0.0011056765292341193,0.0,0.0,0.0,2
a,58235,2025-08-02 00:30:00,LC,118.8472,32.3686,16.2,100.0,123.0,2.2,0.1,100,100,2.3e-16,Z_RADA_I_58235_20250802003000_P_WPRD_LC_ROBS.TXT,a__2025-08-02 00:30:00,25.521,985.4679073215689,299.92405914175896,-1.845075249479933,1.19820587703306,0.008391041732919765,0.007277231712413486,0.01645445486759532,0.000274362815859478,0.0003237071863858878,0.8475647974413922,0.8475647974413922,0.5412530057862405,0.0,0.008715817112138625,0.0009574668246751461,9.259259259259259e-05,1.478214251706815e-06,6
a,58235,2025-08-02 00:30:00,LC,118.8472,32.3686,16.2,160.0,147.2,2.6,0.1,100,100,4.2e-16,Z_RADA_I_58235_20250802003000_P_WPRD_LC_ROBS.TXT,a__2025-08-02 00:30:00,25.4356,978.7264883620181,300.42752164573415,-1.4084413467351238,2.185473169088779,0.008426145161141818,0.009709344393078061,0.014364350206700786,0.0002750488903009087,0.0003006059254041413,0.9149815990191372,0.9149815990191372,0.522198229221735,0.0,0.007144039443809362,0.0004781251067974142,4.629629629629631e-05,7.768984209636978e-07,6
a,58235,2025-08-02 00:30:00,LC,118.8472,32.3686,16.2,220.0,166.9,3.0,0.1,100,100,1.2e-16,Z_RADA_I_58235_20250802003000_P_WPRD_LC_ROBS.TXT,a__2025-08-02 00:30:00,25.3534,972.029313422818,300.93519656109595,-0.6799539223105655,2.9219279018371545,0.008514976941077723,0.0120598912330436,0.012619366313030133,0.0002774796686244939,0.00030468938269528163,0.9106968748628828,0.9106968748628828,0.5233692550377793,0.0,0.00699237126051652,4.740226843205874e-05,4.629629629629631e-05,3.030087966939123e-07,6
a,58235,2025-08-02 00:30:00,LC,118.8472,32.3686,16.2,280.0,180.6,3.7,0.1,100,100,2e-16,Z_RADA_I_58235_20250802003000_P_WPRD_LC_ROBS.TXT,a__2025-08-02 00:30:00,25.276600000000002,965.3761999588637,301.44931887866346,0.038745601230108215,3.699797126652395,0.008558593073259235,0.010147427924798405,0.0036273253426328707,0.00027842533223855395,0.00011612778263028514,2.3975772716247747,2.3975772716247747,0.2943273750833,0.0,0.006920758042304695,0.0003703703703703722,0.0,2.8243857873063136e-07,6
a,58235,2025-08-02 00:30:00,LC,118.8472,32.3686,16.2,340.0,189.1,3.4,0.1,100,100,2.2e-16,Z_RADA_I_58235_20250802003000_P_WPRD_LC_ROBS.TXT,a__2025-08-02 00:30:00,25.1976,958.7669050033151,301.96222772988705,0.5377374286652432,3.357206942953099,0.008551822646670093,4.362406035825266e-05,-0.007501187964197877,0.00027773252366182174,5.626972393286924e-05,4.935736382733306,4.935736382733306,0.1684710936471065,0.0,0.0059804317582247265,0.0002330373482701949,9.259259259259257e-05,7.400969692130845e-07,6
a,58235,2025-08-02 00:30:00,LC,118.8472,32.3686,16.2,400.0,180.9,2.8,-0.1,100,100,2.1e-16,Z_RADA_I_58235_20250802003000_P_WPRD_LC_ROBS.TXT,a__2025-08-02 00:30:00,25.118,952.2011205848808,302.47553759626385,0.04398048847309854,2.7996545709486496,0.008140620929805387,-0.0006649653313461324,-0.008344180855655876,0.0002639295093933642,7.00675330437863e-05,3.766787525235554,3.766787525235554,0.20978489070594444,0.0,0.008201271311811456,0.000324102781778284,0.00023148148148148152,3.935348383151033e-07,6
a,58235,2025-08-02 00:30:00,LC,118.8472,32.3686,16.2,460.0,191.0,2.4,-0.1,100,100,2.1e-16,Z_RADA_I_58235_20250802003000_P_WPRD_LC_ROBS.TXT,a__2025-08-02 00:30:00,24.988400000000002,945.6780200452032,302.93910224146373,0.4579415889037073,2.3559052402743936,0.007555688546606376,0.0050665289152849674,-0.013957981035066945,0.0002445903897428127,0.00022049494982470717,1.1092788743563575,1.1092788743563575,0.47409567893441684,0.0,0.0083860482204818,0.00018559933507831305,0.00018518518518518518,6.415089123707323e-07,6
a,58235,2025-08-02 00:30:00,LC,118.8472,32.3686,16.2,520.0,210.1,1.3,0.1,100,100,1.2e-16,Z_RADA_I_58235_20250802003000_P_WPRD_LC_ROBS.TXT,a__2025-08-02 00:30:00,24.837799999999998,939.196571598668,303.38222022185664,0.6519639583072946,1.124696846740616,0.007015503213211538,0.0009187089404133222,-0.011783428726783604,0.0002267719727791894,0.00013969321867638446,1.623357060048369,1.623357060048369,0.3811909614704001,0.0,0.007030596417769108,1.8906956023487383e-05,9.259259259259262e-05,1.9688837218416562e-07,6
a,58235,2025-08-02 00:30:00,LC,118.8472,32.3686,16.2,580.0,211.1,1.1,0.1,100,100,1.4e-16,Z_RADA_I_58235_20250802003000_P_WPRD_LC_ROBS.TXT,a__2025-08-02 00:30:00,24.642799999999998,932.7558240013302,303.7809626270491,0.5681866617533059,0.9418937930603613,0.006405486041085595,-0.0015257217010013861,-0.00016742518831406455,0.00020678175202812655,2.355857902588563e-06,87.7734399009887,20.0,0.047619047619047616,0.0,0.006469125910867129,0.00011290311811927227,9.259259259259262e-05,4.423308754318191e-08,6
a,58235,2025-08-02 00:30:00,LC,118.8472,32.3686,16.2,640.0,203.0,1.2,0.1,100,100,2.2e-16,Z_RADA_I_58235_20250802003000_P_WPRD_LC_ROBS.TXT,a__2025-08-02 00:30:00,24.4188,926.354758767757,304.1508785467869,0.4688773541871282,1.1046058241429284,0.006053685154660204,0.005728796092496888,0.0004146054817655287,0.00019518724327083041,3.299100237491764e-05,5.916378079473788,5.916378079473788,0.1445843458106735,0.0,0.0039234084925232355,0.0002706072969596173,9.259259259259262e-05,1.048012022358029e-06,6
a,58235,2025-08-02 00:30:00,LC,118.8472,32.3686,16.2,700.0,231.7,1.6,0.2,100,100,1.3e-16,Z_RADA_I_58235_20250802003000_P_WPRD_LC_ROBS.TXT,a__2025-08-02 00:30:00,24.181,919.9927030836674,304.50740484560833,1.2556421928529324,0.9916464508722247,0.004915988920644487,0.006467842278799359,-0.002233234672278277,0.0001583192460396207,4.6820320844890345e-05,3.3814216387818408,3.3814216387818408,0.22823642243160788,0.0,0.0042730546825510115,0.0002265055837376346,9.259259259259262e-05,1.4083578901606746e-06,6
a,58235,2025-08-02 00:30:00,LC,118.8472,32.3686,16.2,760.0,236.1,1.5,0.2,100,100,1.1e-16,Z_RADA_I_58235_20250802003000_P_WPRD_LC_ROBS.TXT,a__2025-08-02 00:30:00,23.822400000000002,913.6680208813566,304.74079721726423,1.2450184276430514,0.836617663469535,0.0040015692610051445,-0.003298249343800491,-0.00400919610800516,0.0001287716956566817,2.6952102166324095e-05,4.777797845304192,4.777797845304192,0.17307632194378922,0.0,0.006217602827280151,0.0002505805717496781,9.259259259259262e-05,7.909556421493157e-07,6
a,58235,2025-08-02 00:30:00,LC,118.8472,32.3686,16.2,820.0,239.3,1.0,0.1,100,100,1.1e-16,Z_RADA_I_58235_20250802003000_P_WPRD_LC_ROBS.TXT,a__2025-08-02 00:30:00,23.4764,907.3793891314381,304.98759315692894,0.8598522715968736,0.5105429179116054,0.0041946075615773015,-0.00028856265008693916,-0.005386731027800854,0.00013487449708348082,2.9100139568897644e-05,4.634840213193867,4.634840213193867,0.17746732155039993,0.0,0.004401285612469739,0.0006756892354181448,4.629629629629631e-05,7.029397104539801e-07,6
a,58235,2025-08-02 00:30:00,LC,118.8472,32.3686,16.2,940.0,273.1,2.3,0.1,100,100,5.5e-17,Z_RADA_I_58235_20250802003000_P_WPRD_LC_ROBS.TXT,a__2025-08-02 00:30:00,22.8114,894.9105771298986,305.510468120438,2.296634341750287,-0.12438126986498317,0.004130634460360216,0.00464801837330584,-0.0008236416159630973,0.0001325901749943397,2.2282460310134967e-05,5.950427966611581,5.950427966611581,0.14387603249811282,0.0,0.0016587484824422789,0.00046473131385510626,4.629629629629633e-05,4.293942773153352e-07,6
a,58235,2025-08-02 00:30:00,LC,118.8472,32.3686,16.2,1060.0,261.0,2.0,0.2,100,100,1.6e-16,Z_RADA_I_58235_20250802003000_P_WPRD_LC_ROBS.TXT,a__2025-08-02 00:30:00,22.0918,882.5845019259838,305.9789454274154,1.9753766811902753,0.31286893008046207,0.004184331837493893,-0.0008581425670159109,0.001341703032641094,0.00013410817452436013,2.5365756931229653e-06,52.86977041053708,20.0,0.047619047619047616,0.0,0.0014518683221019233,0.0008364193822840724,4.629629629629636e-05,9.269248829617902e-07,6
a,58235,2025-08-02 00:30:00,LC,118.8472,32.3686,16.2,1180.0,264.6,2.1,0.1,100,100,1.9e-16,Z_RADA_I_58235_20250802003000_P_WPRD_LC_ROBS.TXT,a__2025-08-02 00:30:00,21.435200000000002,870.4000364716553,306.51470776143657,2.090680125666468,0.19762745796887934,0.004401478372682233,-5.329730502410396e-05,0.000300729179047308,0.00014082116384789926,9.327864185330023e-08,1509.6828282445342,20.0,0.047619047619047616,0.0,0.001095447904138812,0.000713811461289009,4.629629629629629e-05,1.1764459427477582e-06,6
a,58235,2025-08-02 00:30:00,LC,118.8472,32.3686,16.2,1300.0,258.9,2.0,-0.0,100,100,2e-16,Z_RADA_I_58235_20250802003000_P_WPRD_LC_ROBS.TXT,a__2025-08-02 00:30:00,20.762,858.3568182122827,307.03530023685914,1.96258532798449,0.385043933051816,0.004513546708445393,-0.000931330302800272,0.002162951838007175,0.00014416183674720775,5.545736786452664e-06,25.995073747346204,20.0,0.047619047619047616,0.0,0.0013080332571097993,0.0011455763235623823,0.0,8.75572670778681e-07,6
a,58235,2025-08-02 00:30:00,LC,118.8472,32.3686,16.2,1420.0,249.0,2.0,-0.1,100,100,1.7e-16,Z_RADA_I_58235_20250802003000_P_WPRD_LC_ROBS.TXT,a__2025-08-02 00:30:00,20.127,846.453961032583,307.5979589714634,1.867160852994403,0.7167358990906014,0.00443460701299947,-0.0007002857859826394,0.0020748657188819778,0.00014138142856814532,4.79546793344095e-06,29.48230089961173,20.0,0.047619047619047616,0.0,0.0006426794519051671,0.0009278927806798783,0.0001388888888888889,1.4716575078021933e-07,6
a,58235,2025-08-02 00:30:00,LC,118.8472,32.3686,16.2,1540.0,243.8,2.0,-0.1,100,100,2e-16,Z_RADA_I_58235_20250802003000_P_WPRD_LC_ROBS.TXT,a__2025-08-02 00:30:00,19.4318,834.6896935438175,308.099605919979,1.7945167393486567,0.8830117055834907,0.004533466165318467,0.00033873033413887,0.0002772435179941588,0.00014429786704000912,1.9160220753560795e-07,753.1117146089894,20.0,0.047619047619047616,0.0,0.000935780292476621,0.00087123723132268,4.629629629629629e-05,1.9828220105368864e-07,6
a,58235,2025-08-02 00:30:00,LC,118.8472,32.3686,16.2,1660.0,248.1,2.1,-0.3,100,100,1.9e-16,Z_RADA_I_58235_20250802003000_P_WPRD_LC_ROBS.TXT,a__2025-08-02 00:30:00,18.815,823.0630773039578,308.6859908511399,1.948456133187732,0.7832743434091995,0.00509412651557084,-0.0005460477694818064,-0.00221860246003842,0.00016183538377034288,5.220365042244586e-06,31.000779152555005,20.0,0.047619047619047616,0.0,0.00023275543900964758,0.0006200177410753393,0.00018518518518518523,3.2739889889080375e-07,6
a,58235,2025-08-02 00:30:00,LC,118.8472,32.3686,16.2,1780.0,258.1,1.7,-0.2,100,100,1.8e-16,Z_RADA_I_58235_20250802003000_P_WPRD_LC_ROBS.TXT,a__2025-08-02 00:30:00,18.243000000000002,811.5752135116402,309.322196283716,1.6634652746730232,0.35054711517426984,0.005237057285824243,-0.0026911314083870727,-0.0011257192749799315,0.00016603395569104852,8.509432143268733e-06,19.511755061398233,19.511755061398233,0.0487525322434224,0.0,0.0012710471775697913,0.0006050777056704711,0.00013888888888888894,2.7628858480815206e-07,6
a,58235,2025-08-02 00:30:00,LC,118.8472,32.3686,16.2,1900.0,248.5,1.4,-0.1,100,100,1.2e-16,Z_RADA_I_58235_20250802003000_P_WPRD_LC_ROBS.TXT,a__2025-08-02 00:30:00,17.654,800.2252600187268,309.9428845997377,1.3025845951748343,0.513101717414016,0.005207770517275057,0.003403422827554882,-0.0001550584635979606,0.00016477481910639303,1.1607330070255027e-05,14.195755450139682,14.195755450139682,0.06580785030933146,0.0,0.0012284704080358178,0.0005646215563408219,4.629629629629636e-05,1.387535173105952e-07,6
a,58235,2025-08-02 00:30:00,LC,118.8472,32.3686,16.2,2020.0,262.8,2.5,-0.1,100,100,1.4e-16,Z_RADA_I_58235_20250802003000_P_WPRD_LC_ROBS.TXT,a__2025-08-02 00:30:00,17.0706,789.0116139815403,310.572061207862,2.4802867532861947,0.3133330839107593,0.005125980438931754,0.0063980259134430355,-0.0010753398073244267,0.0001618583972941657,4.209109129030512e-05,3.8454312381168103,3.8454312381168103,0.2063799795843667,0.0,0.00109343736803273,0.0007202603981045091,4.629629629629636e-05,3.5020973984167477e-08,6
a,58235,2025-08-02 00:30:00,LC,118.8472,32.3686,16.2,2260.0,261.9,2.4,-0.1,100,100,7.8e-17,Z_RADA_I_58235_20250802003000_P_WPRD_LC_ROBS.TXT,a__2025-08-02 00:30:00,15.818159999999999,766.9848351769425,311.7460606913956,2.376056778519738,0.33816295665019896,0.0049302795463167515,0.0003265174962834563,0.0005551089571673155,0.0001550926603712547,4.1475962970660136e-07,373.9338384523257,20.0,0.047619047619047616,0.0,0.001328301325956942,0.0004188452079747771,0.0,6.977520085134875e-08,6
a,58235,2025-08-02 00:30:00,LC,118.8472,32.3686,16.2,2500.0,257.6,2.7,-0.1,100,100,5.4e-17,Z_RADA_I_58235_20250802003000_P_WPRD_LC_ROBS.TXT,a__2025-08-02 00:30:00,14.574,745.4815928472065,312.93859539009406,2.6370151515022537,0.5797853833510708,0.004976122114316195,0.0009770470022929228,0.0018604073006617135,0.0001559382212715831,4.41573616904499e-06,35.31420703182739,20.0,0.047619047619047616,0.0,0.0011377959785748828,0.0005720993457106286,0.0,1.3922703432055628e-07,6
a,58235,2025-08-02 00:30:00,LC,118.8472,32.3686,16.2,2740.0,246.6,3.1,-0.1,100,100,8e-17,Z_RADA_I_58235_20250802003000_P_WPRD_LC_ROBS.TXT,a__2025-08-02 00:30:00,13.32408,724.4917227928681,314.1345993062674,2.845039339620341,1.2311584609678214,0.00505236813106702,0.00021387146202644924,0.0018141605017848066,0.00015772476525014183,3.336919328505432e-06,47.26658025646216,20.0,0.047619047619047616,0.0,0.001237760820948431,0.0005101215667386529,4.629629629629629e-05,4.957137204410134e-08,6
a,58235,2025-08-02 00:30:00,LC,118.8472,32.3686,16.2,2980.0,242.1,3.1,-0.0,100,100,8.8e-17,Z_RADA_I_58235_20250802003000_P_WPRD_LC_ROBS.TXT,a__2025-08-02 00:30:00,12.095320000000001,704.0056717786334,315.3637320930062,2.7396734532749494,1.4505824242077778,0.005390917878374535,6.988656882549009e-05,0.0003470984621017233,0.0001676376812929468,1.2536147489558141e-07,1337.234436915958,20.0,0.047619047619047616,0.0,0.0014054824669182122,0.0004658140247480152,0.0,7.935081435131006e-08,6
a,58235,2025-08-02 00:30:00,LC,118.8472,32.3686,16.2,3220.0,244.1,3.2,-0.0,100,100,4.8e-17,Z_RADA_I_58235_20250802003000_P_WPRD_LC_ROBS.TXT,a__2025-08-02 00:30:00,10.97396,684.0179187439082,316.72223988788716,2.8785848926565762,1.3977657227766487,0.005120788213559657,0.0024666361226528613,9.94107769471883e-05,0.00015855463055666953,6.094176264149186e-06,26.017401480396057,20.0,0.047619047619047616,0.0,0.001824834865409724,0.000498395737130234,4.629629629629631e-05,2.5641791073981616e-07,6
a,58235,2025-08-02 00:30:00,LC,118.8472,32.3686,16.2,3460.0,249.1,4.2,-0.2,100,100,7.3e-17,Z_RADA_I_58235_20250802003000_P_WPRD_LC_ROBS.TXT,a__2025-08-02 00:30:00,9.61112,664.513732392001,317.8217104355149,3.923658792148323,1.4982995971424282,0.004820573170953857,0.0031684839380473565,-0.0027680281804263276,0.00014874274580598966,1.7701270473298373e-05,8.40294181315188,8.40294181315188,0.1063496956453885,0.0,0.002731572277812898,0.0006350480967725327,0.0001388888888888889,8.891078453090109e-08,6
a,58235,2025-08-02 00:30:00,LC,118.8472,32.3686,16.2,3700.0,269.1,4.4,-0.1,100,100,3.7e-17,Z_RADA_I_58235_20250802003000_P_WPRD_LC_ROBS.TXT,a__2025-08-02 00:30:00,8.342,645.4785996956267,319.036115009945,4.399457182919307,0.06911219617201139,0.0051552557167280355,0.0005535636164939323,-0.005923664456208528,0.0001584641552975125,3.5396233267254116e-05,4.476864928001008,4.476864928001008,0.18258620819502086,0.0,0.003222825712744242,0.0004836337526389437,4.629629629629631e-05,1.998789817983963e-08,6
a,58235,2025-08-02 00:30:00,LC,118.8472,32.3686,16.2,3940.0,287.8,4.4,0.1,100,100,2.4e-17,Z_RADA_I_58235_20250802003000_P_WPRD_LC_ROBS.TXT,a__2025-08-02 00:30:00,7.10412,626.9074167255152,320.29623317954434,4.1893693280654105,-1.3450593418376653,0.005158838140517319,0.00013222906113395487,-0.003825229268871806,0.00015795040593669755,1.4649863484041901e-05,10.781698144064821,10.781698144064821,0.08487740797397382,0.0,0.0028847597318277466,0.00010032689211919102,0.0,3.701711172595884e-07,6
a,58235,2025-08-02 00:30:00,LC,118.8472,32.3686,16.2,4180.0,291.6,4.8,0.1,100,100,4.8e-17,Z_RADA_I_58235_20250802003000_P_WPRD_LC_ROBS.TXT,a__2025-08-02 00:30:00,5.8186800000000005,608.7903426922616,321.5123573173933,4.462927132263606,-1.7669978528864556,0.00493937061742411,0.0003915693894472501,-0.002231984530077801,0.0001506588402060828,5.135081529258714e-06,29.33913304933086,20.0,0.047619047619047616,0.0,0.0017196035826943527,0.0003562264756669929,9.259259259259257e-05,1.2247980088357863e-06,6
a,58235,2025-08-02 00:30:00,LC,118.8472,32.3686,16.2,4420.0,298.9,5.0,0.2,100,100,3.6e-17,Z_RADA_I_58235_20250802003000_P_WPRD_LC_ROBS.TXT,a__2025-08-02 00:30:00,4.47136,591.1148259962048,322.6671310759079,4.37732263500009,-2.4164119162750097,0.004945083185026511,-0.0018076267522259453,0.0005326813869234465,0.0001502932754716556,3.5512639353376057e-06,42.32106602275614,20.0,0.047619047619047616,0.0,0.0006083753540427583,0.0001397889273979823,0.00013888888888888894,8.589009307606046e-07,6
a,58235,2025-08-02 00:30:00,LC,118.8472,32.3686,16.2,4660.0,292.8,3.9,0.1,100,100,4.8e-17,Z_RADA_I_58235_20250802003000_P_WPRD_LC_ROBS.TXT,a__2025-08-02 00:30:00,3.17056,573.8716670448306,323.88599724620605,3.595266291195152,-1.5113107871632012,0.005375990223857929,-0.0016368159440849671,0.003182433664810697,0.00016277472622170893,1.2807050465731206e-05,12.709774718016266,12.709774718016266,0.07294065880498253,0.0,0.00054351041740326,0.001377969481425649,9.259259259259257e-05,2.4822386683111675e-07,3
a,58235,2025-08-02 00:30:00,LC,118.8472,32.3686,16.2,4900.0,283.9,3.7,0.0,100,100,3.5e-17,Z_RADA_I_58235_20250802003000_P_WPRD_LC_ROBS.TXT,a__2025-08-02 00:30:00,1.9821999999999997,557.0570711656359,325.2476063833597,3.5916509818393063,-0.8888437571658752,0.005759288246325545,0.002221568156005019,-0.0006183584650984579,0.0001736502374571141,5.317732263134461e-06,32.654941780532305,20.0,0.047619047619047616,0.0,0.0004487355029429673,0.0024831744598515825,0.0,5.456695388517407e-07,3
a,58235,2025-08-02 00:30:00,LC,118.8472,32.3686,16.2,5140.0,291.2,5.0,0.1,100,100,4.5e-17,Z_RADA_I_58235_20250802003000_P_WPRD_LC_ROBS.TXT,a__2025-08-02 00:30:00,0.8187599999999999,540.6662818780503,326.6504556044423,4.6616190060775615,-1.808122850410461,0.005876116605872284,0.0033449334063064854,-0.0018976139317066635,0.00017641187368420052,1.478951812643233e-05,11.92816913817572,11.92816913817572,0.07735047316538349,0.0,0.0005672849525683405,0.0,0.0,0.0,2
a,58235,2025-08-02 00:30:00,LC,118.8472,32.3686,16.2,5380.0,289.1,5.5,0.1,100,100,2.4e-17,Z_RADA_I_58235_20250802003000_P_WPRD_LC_ROBS.TXT,a__2025-08-02 00:30:00,-0.34236,524.6911490210766,328.0681423541784,5.197219016866419,-1.7996984443850736,0.005907028123900441,0.0022316667116202395,3.510169177244708e-05,0.00017657355248078222,4.981568440519181e-06,35.445373197036645,20.0,0.047619047619047616,0.0,0.0009253301116084389,0.0,0.0,0.0,1
b,58238,2025-08-02 00:00:00,LC,118.8994,31.9317,40.6,100.0,155.4,4.6,-0.1,100,100,1e-15,Z_RADA_I_58238_20250802000000_P_WPRD_LC_ROBS.TXT,b__2025-08-02 00:00:00,25.0795,980.0127542156188,299.9565337025454,-1.9148916443978454,4.182486101616515,0.007288538626986944,0.019789408917120353,0.005993623490627945,0.00023828834946206393,0.0004275442278364097,0.5573419869750638,0.5573419869750638,0.6421197196014545,2.0,0.010050246602658295,0.0019231377406895816,0.00023148148148148154,3.504044998860379e-06,6
b,58238,2025-08-02 00:00:00,LC,118.8994,31.9317,40.6,160.0,170.9,4.6,-0.2,100,100,8.5e-16,Z_RADA_I_58238_20250802000000_P_WPRD_LC_ROBS.TXT,b__2025-08-02 00:00:00,24.9276,973.2980144484525,300.39384602016463,-0.7275271093706243,4.542103511054192,0.007521003435615459,0.01991546867631412,0.004112110248989914,0.0002455304904512834,0.00041353534329709684,0.5937352016726816,0.5937352016726816,0.6274568064697728,2.0,0.010125119961711579,0.0014200784971296228,0.0003240740740740742,3.1063107070616418e-06,6
b,58238,2025-08-02 00:00:00,LC,118.8994,31.9317,40.6,220.0,185.8,4.7,-0.1,100,100,8.7e-16,Z_RADA_I_58238_20250802000000_P_WPRD_LC_ROBS.TXT,b__2025-08-02 00:00:00,24.802500000000002,966.626193518131,300.85905411481923,0.474964596759849,4.675939331495305,0.008216782944546974,0.020039874651015824,0.0014015312740191035,0.00026783011300829764,0.00040356086594048015,0.6636672076320677,0.6636672076320677,0.6010817520550404,2.0,0.01473806150021867,0.0009046654175563018,0.0002777777777777778,4.794280007416321e-06,6
b,58238,2025-08-02 00:00:00,LC,118.8994,31.9317,40.6,280.0,199.6,5.0,-0.0,100,100,4.5e-16,Z_RADA_I_58238_20250802000000_P_WPRD_LC_ROBS.TXT,b__2025-08-02 00:00:00,24.7315,959.9979339049323,301.3798599735103,1.6772578487512746,4.710287263936484,0.008245574161216851,0.020208628360334595,0.0028917334204536585,0.00026830412574750195,0.0004167507823810883,0.6437999329348765,0.6437999329348765,0.6083465389943034,2.0,0.018222432035255372,0.0008033682815443984,0.00018518518518518518,6.132742041710121e-06,6
b,58238,2025-08-02 00:00:00,LC,118.8994,31.9317,40.6,340.0,210.0,5.8,-0.1,100,100,4.8e-16,Z_RADA_I_58238_20250802000000_P_WPRD_LC_ROBS.TXT,b__2025-08-02 00:00:00,24.607999999999997,953.4129826308447,301.84852301416527,2.9000000000000004,5.0229473419497435,0.0075946605172232395,0.01709603644877762,0.0061288485391688755,0.0002467402418190138,0.00032983724667400537,0.7480666428885137,0.7480666428885137,0.5720605699263246,2.0,0.015868826526547534,0.0007586946858404252,0.00018518518518518518,3.945925274744097e-06,6
b,58238,2025-08-02 00:00:00,LC,118.8994,31.9317,40.6,400.0,214.4,6.6,-0.1,100,100,3.5e-16,Z_RADA_I_58238_20250802000000_P_WPRD_LC_ROBS.TXT,b__2025-08-02 00:00:00,24.458,946.8702057144031,302.29121923557705,3.7287822226045892,5.445749088636749,0.006978850195731745,0.01168764701572124,0.005207619767666802,0.0002264013537840732,0.00016372039640869164,1.382853686836382,1.382853686836382,0.4196648772538188,2.0,0.013494904443791084,0.0004363403770011421,0.0002777777777777778,1.9951680917241733e-06,6
b,58238,2025-08-02 00:00:00,LC,118.8994,31.9317,40.6,460.0,217.3,7.1,-0.1,100,100,8.2e-16,Z_RADA_I_58238_20250802000000_P_WPRD_LC_ROBS.TXT,b__2025-08-02 00:00:00,24.259999999999998,940.368540916563,302.6859850376531,4.302517641886549,5.64786171406976,0.006428016111798662,0.009127091980434817,-0.001968892088886058,0.00020825973886742303,8.718034407699566e-05,2.388838230364093,2.388838230364093,0.29508637828739354,2.0,0.010889336075205222,0.0002479023342711412,0.00018518518518518518,8.710992002644069e-07,6
b,58238,2025-08-02 00:00:00,LC,118.8994,31.9317,40.6,520.0,222.8,7.1,-0.0,100,100,9.2e-16,Z_RADA_I_58238_20250802000000_P_WPRD_LC_ROBS.TXT,b__2025-08-02 00:00:00,24.0434,933.9070327318253,303.0625811689929,4.824033260256767,5.209482037970422,0.005966365263814666,0.00906838620568668,-0.0060454523725714734,0.00019306261990081143,0.00011878312276451853,1.6253371304570619,1.6253371304570619,0.38090346127314456,2.0,0.0085171522595894,0.00018944902852103282,0.00013888888888888894,4.02621772179796e-07,6
b,58238,2025-08-02 00:00:00,LC,118.8994,31.9317,40.6,580.0,227.6,7.3,0.1,100,100,9.9e-16,Z_RADA_I_58238_20250802000000_P_WPRD_LC_ROBS.TXT,b__2025-08-02 00:00:00,23.7896,927.4848596871119,303.40194886931084,5.3907239865689505,4.922407429361183,0.00525260875154876,0.007466493437174121,-0.0029879890970164677,0.00016977641641835196,6.467660309125351e-05,2.6250051533908025,2.6250051533908025,0.2758616767936475,2.0,0.006733997842356716,0.00015599920286324802,9.259259259259257e-05,1.2360628867378656e-06,6
b,58238,2025-08-02 00:00:00,LC,118.8994,31.9317,40.6,640.0,229.7,7.5,0.1,100,100,1.8e-15,Z_RADA_I_58238_20250802000000_P_WPRD_LC_ROBS.TXT,b__2025-08-02 00:00:00,23.4878,921.1008999927806,303.69289421917875,5.720012472717662,4.850923346328446,0.004653196649340163,0.004395055414093581,-0.0026272369051592442,0.00015025794738654093,2.621888584878402e-05,5.730905128964875,5.730905128964875,0.14856842888733254,2.0,0.004780109935979375,0.0001263455785525088,9.259259259259257e-05,1.212080462831403e-06,6
b,58238,2025-08-02 00:00:00,LC,118.8994,31.9317,40.6,700.0,232.1,7.5,0.1,100,100,1.3e-15,Z_RADA_I_58238_20250802000000_P_WPRD_LC_ROBS.TXT,b__2025-08-02 00:00:00,23.1625,914.7541993803203,303.96033246723164,5.91813063626018,4.607139000742074,0.00408264849045592,-0.0007755422608513862,-0.0029915854168405392,0.000131718189982062,9.551049104619463e-06,13.790965635215418,13.790965635215418,0.06760883803415285,2.0,0.004285783641240361,0.00014418325578186207,4.6296296296296206e-05,7.994701283421504e-07,6
b,58238,2025-08-02 00:00:00,LC,118.8994,31.9317,40.6,760.0,231.4,7.2,0.1,100,100,5.6e-16,Z_RADA_I_58238_20250802000000_P_WPRD_LC_ROBS.TXT,b__2025-08-02 00:00:00,22.792900000000003,908.4438593728444,304.1828120380335,5.626947401415495,4.491933096307581,0.003718528359712092,-0.0028212224559568816,-0.0018036616141953524,0.00011988286219870643,1.1212491364517163e-05,10.691902299080958,10.691902299080958,0.08552928124267725,2.0,0.006025386179143943,0.0003288187857845164,0.0,1.443593483730151e-07,6
b,58238,2025-08-02 00:00:00,LC,118.8994,31.9317,40.6,820.0,231.8,7.1,0.1,100,100,6.2e-16,Z_RADA_I_58238_20250802000000_P_WPRD_LC_ROBS.TXT,b__2025-08-02 00:00:00,22.424100000000003,902.1692547395281,304.4065558703971,5.579583941545355,4.3906996070386315,0.003717866858053309,0.0006942447782005493,-0.0033939809409255315,0.00011977343562551745,1.2001082439424486e-05,9.98021938688234,9.98021938688234,0.0910728615490746,2.0,0.006494606560403526,0.000357338180068735,4.629629629629629e-05,6.399653117857354e-07,6
b,58238,2025-08-02 00:00:00,LC,118.8994,31.9317,40.6,940.0,239.3,7.0,-0.2,100,100,1.5e-16,Z_RADA_I_58238_20250802000000_P_WPRD_LC_ROBS.TXT,b__2025-08-02 00:00:00,21.6813,889.7265260029884,304.8500126098418,6.018965901178115,3.573800425381238,0.003469727523147448,0.0018350367716318677,-0.007021698265351057,0.00011161686733607634,5.267160648287515e-05,2.1191088479969897,2.1191088479969897,0.32060439334849566,2.0,0.005301843544569184,0.0003722795445760234,9.259259259259262e-05,6.270748082162514e-07,6
b,58238,2025-08-02 00:00:00,LC,118.8994,31.9317,40.6,1060.0,245.8,6.6,-0.1,100,100,9.6e-17,Z_RADA_I_58238_20250802000000_P_WPRD_LC_ROBS.TXT,b__2025-08-02 00:00:00,20.8845,877.4235442860995,305.2392904759525,6.019992766737003,2.705492023354378,0.0038923390986416173,-0.0005055967945454716,-0.008398255424887147,0.00012505207688752966,7.078632230030104e-05,1.766613560696285,1.766613560696285,0.36145272119186966,2.0,0.005640754514209021,0.00033192778964126105,4.629629629629631e-05,6.936036782825694e-07,6
b,58238,2025-08-02 00:00:00,LC,118.8994,31.9317,40.6,1180.0,255.2,6.1,-0.1,100,100,2e-16,Z_RADA_I_58238_20250802000000_P_WPRD_LC_ROBS.TXT,b__2025-08-02 00:00:00,20.2358,865.2610452615813,305.7841739935158,5.897622670487202,1.5582191234083227,0.004383998413503898,0.0002667572917288176,-0.006299399295390617,0.00014059700173593568,3.97535909354583e-05,3.53671199072811,3.53671199072811,0.22042395506784357,2.0,0.0049600699729584795,0.0006007188573455802,4.629629629629631e-05,6.550719960920922e-07,6
b,58238,2025-08-02 00:00:00,LC,118.8994,31.9317,40.6,1300.0,258.9,6.2,-0.1,100,100,3.6e-16,Z_RADA_I_58238_20250802000000_P_WPRD_LC_ROBS.TXT,b__2025-08-02 00:00:00,19.549,853.2399966169704,306.29145009519345,6.084014516751919,1.1936361924606296,0.0044101038533284065,-0.0019843899604104487,-0.002631364732503362,0.00014119997453341157,1.0861883870440271e-05,12.999584254226448,12.999584254226448,0.07143069264346917,2.0,0.003839422444653019,0.0005623142384634417,4.629629629629631e-05,4.0140999227851477e-07,6
b,58238,2025-08-02 00:00:00,LC,118.8994,31.9317,40.6,1420.0,260.3,5.5,-0.0,100,100,3e-16,Z_RADA_I_58238_20250802000000_P_WPRD_LC_ROBS.TXT,b__2025-08-02 00:00:00,18.9021,841.3591102677261,306.84259891831465,5.421369079988694,0.9266915876075159,0.004685488160350859,-0.002493304662481644,-0.0002816659751800942,0.0001497475990285721,6.295903861526859e-06,23.784924662470285,20.0,0.047619047619047616,2.0,0.0022553424113606053,0.0006566826120059179,0.0,1.8595372146923001e-07,6
b,58238,2025-08-02 00:00:00,LC,118.8994,31.9317,40.6,1540.0,258.4,5.6,0.0,100,100,1.4e-16,Z_RADA_I_58238_20250802000000_P_WPRD_LC_ROBS.TXT,b__2025-08-02 00:00:00,18.2742,829.6182424252889,307.41596725367765,5.485621397756325,1.1260363584174071,0.005173945244665301,-0.0002815284523754874,-0.0009243756234134878,0.000165050210588858,9.337285626580113e-07,176.76465858452005,20.0,0.047619047619047616,2.0,0.0008210429802128226,0.0005118793266250905,0.0,1.0181812995262813e-06,6
b,58238,2025-08-02 00:00:00,LC,118.8994,31.9317,40.6,1660.0,262.5,5.4,-0.0,100,100,6.6e-17,Z_RADA_I_58238_20250802000000_P_WPRD_LC_ROBS.TXT,b__2025-08-02 00:00:00,17.734,818.0181574597632,308.0843457770343,5.353802251418577,0.7048414379882788,0.006127179260132287,0.001842240820250047,-0.0008240585025858418,0.00019503458489534002,4.072923655479585e-06,47.885647115665066,20.0,0.047619047619047616,2.0,0.0003476551359692028,0.0006558854258740992,4.629629629629629e-05,7.314515990402999e-07,6
b,58238,2025-08-02 00:00:00,LC,118.8994,31.9317,40.6,1780.0,261.1,6.0,-0.1,100,100,1.7e-16,Z_RADA_I_58238_20250802000000_P_WPRD_LC_ROBS.TXT,b__2025-08-02 00:00:00,17.3173,806.5615796756626,308.8864902761094,5.9277591946163355,0.928262317796805,0.006546658455560239,0.00286793947639628,0.0005565428868263057,0.0002078458921457899,8.534816825149126e-06,24.352706848182212,20.0,0.047619047619047616,2.0,0.0006882012691206357,0.00042926718671828465,0.0,5.39750698631908e-07,6
b,58238,2025-08-02 00:00:00,LC,118.8994,31.9317,40.6,1900.0,262.1,6.1,-0.0,100,100,1.9e-16,Z_RADA_I_58238_20250802000000_P_WPRD_LC_ROBS.TXT,b__2025-08-02 00:00:00,16.866500000000002,795.2486910609565,309.65554380636877,6.042107725753684,0.8384117308265921,0.006331267363187898,-0.00021842637869059003,0.0012019227264261217,0.00020050835300410857,1.4923283232074869e-06,134.35940998101043,20.0,0.047619047619047616,2.0,0.0004425025364142301,0.0004632547319220427,4.629629629629629e-05,4.49216505746955e-07,6
b,58238,2025-08-02 00:00:00,LC,118.8994,31.9317,40.6,2020.0,258.3,6.0,-0.0,100,100,1.7e-16,Z_RADA_I_58238_20250802000000_P_WPRD_LC_ROBS.TXT,b__2025-08-02 00:00:00,16.395400000000002,784.0768595499156,310.4059944432745,5.8753368637305945,1.2167237721390742,0.006141192764119396,-0.0010596199155372549,0.002059561288711182,0.00019401857276714828,5.364587067360843e-06,36.16654373038212,20.0,0.047619047619047616,2.0,0.0002621210320185231,0.00042887692551429874,0.0,1.7982839088360145e-07,6
b,58238,2025-08-02 00:00:00,LC,118.8994,31.9317,40.6,2260.0,258.4,5.9,-0.0,100,100,3.6e-17,Z_RADA_I_58238_20250802000000_P_WPRD_LC_ROBS.TXT,b__2025-08-02 00:00:00,15.369399999999999,762.1459178446073,311.8258506858176,5.779493972636129,1.186359734761197,0.0060026059831845835,-0.0007236953735872131,-0.0006695606688849986,0.0001887767028792857,9.720464830692627e-07,194.20542758739091,20.0,0.047619047619047616,2.0,0.0005421959297929417,0.0003653564598471732,0.0,2.3873799100770074e-07,6
b,58238,2025-08-02 00:00:00,LC,118.8994,31.9317,40.6,2500.0,260.8,5.6,-0.0,100,100,6.6e-17,Z_RADA_I_58238_20250802000000_P_WPRD_LC_ROBS.TXT,b__2025-08-02 00:00:00,14.370999999999999,740.7545407430284,313.2872453152031,5.527963084408732,0.8953346510742749,0.005685207126227776,-0.0008123085358782648,-0.00018715853222210773,0.00017796076060590284,6.94873473644224e-07,256.10527291047373,20.0,0.047619047619047616,2.0,0.0005962725293510527,0.00056506618805646,9.259259259259259e-05,1.8355356618280254e-07,6
b,58238,2025-08-02 00:00:00,LC,118.8994,31.9317,40.6,2740.0,258.5,5.5,-0.0,100,100,3.4e-17,Z_RADA_I_58238_20250802000000_P_WPRD_LC_ROBS.TXT,b__2025-08-02 00:00:00,13.18444,719.8854995093243,314.5547501064069,5.3895858754145625,1.0965236392945852,0.00564019907625557,-0.0004478830824325153,0.00014624439698753293,0.00017584048008320027,2.2198667917949842e-07,792.1217648425456,20.0,0.047619047619047616,2.0,0.0006465891393827715,0.0002367314688864468,0.0,1.5116881912948447e-07,6
b,58238,2025-08-02 00:00:00,LC,118.8994,31.9317,40.6,2980.0,259.7,5.4,-0.0,100,100,4.9e-17,Z_RADA_I_58238_20250802000000_P_WPRD_LC_ROBS.TXT,b__2025-08-02 00:00:00,12.144619999999998,699.526551316955,315.9945408718058,5.312979204841125,0.9655319616282908,0.0059448762295175595,-0.00037186834430016566,0.0006652040111793387,0.00018449470777360527,5.807824419816283e-07,317.66578057027647,20.0,0.047619047619047616,2.0,0.0005912348655749322,0.00012758088969184363,9.259259259259259e-05,2.2627473373556822e-07,6
b,58238,2025-08-02 00:00:00,LC,118.8994,31.9317,40.6,3220.0,254.8,5.4,-0.1,100,100,7.8e-17,Z_RADA_I_58238_20250802000000_P_WPRD_LC_ROBS.TXT,b__2025-08-02 00:00:00,11.0707,679.6709932505034,317.40829069657536,5.211089070150482,1.4158215646606678,0.00569350838296212,-0.0008759047486088176,0.00013643534448928287,0.0001759066968957969,7.858237318613851e-07,223.850069377678,20.0,0.047619047619047616,2.0,0.0003395819623960148,4.622554424012207e-05,4.629629629629629e-05,1.6948429896166587e-07,6
b,58238,2025-08-02 00:00:00,LC,118.8994,31.9317,40.6,3460.0,258.1,5.0,-0.1,100,100,1.1e-16,Z_RADA_I_58238_20250802000000_P_WPRD_LC_ROBS.TXT,b__2025-08-02 00:00:00,9.90196,660.3038358282377,318.72742489562756,4.892544925508892,1.0310209269831465,0.00557715745891163,-0.00038736137016577056,-0.00016402300053384913,0.00017159876095490032,1.769523758008302e-07,969.7454480523297,20.0,0.047619047619047616,2.0,0.00013736338437974756,0.00011329367015607099,9.259259259259262e-05,2.6974022277653563e-08,6
b,58238,2025-08-02 00:00:00,LC,118.8994,31.9317,40.6,3700.0,255.1,5.2,-0.1,100,100,8.3e-17,Z_RADA_I_58238_20250802000000_P_WPRD_LC_ROBS.TXT,b__2025-08-02 00:00:00,8.757800000000001,641.4126305256253,320.0853262768529,5.025155612470913,1.3370905244044202,0.0058203668126936,0.0009582059890939441,0.0004880263073988077,0.0001783221394983058,1.1563283942488192e-06,154.21409729728938,20.0,0.047619047619047616,2.0,0.0003477086420103285,4.817281679028298e-05,9.259259259259262e-05,1.7468026191634004e-08,6
b,58238,2025-08-02 00:00:00,LC,118.8994,31.9317,40.6,3940.0,256.7,5.5,-0.1,100,100,2.3e-17,Z_RADA_I_58238_20250802000000_P_WPRD_LC_ROBS.TXT,b__2025-08-02 00:00:00,7.67208,622.9902445614401,321.5212009657205,5.352483800273985,1.2652735545345741,0.005804589661269399,0.0007471146369132375,-0.0004424213318220201,0.00017704455889910834,7.539169155411689e-07,234.83298391312,20.0,0.047619047619047616,2.0,0.0010002296355109829,8.887989942308718e-05,9.259259259259262e-05,2.2835173178819686e-07,6
b,58238,2025-08-02 00:00:00,LC,118.8994,31.9317,40.6,4180.0,258.2,5.5,-0.0,100,100,2.4e-17,Z_RADA_I_58238_20250802000000_P_WPRD_LC_ROBS.TXT,b__2025-08-02 00:00:00,6.50148,605.025982418642,322.87152931426226,5.383770638189267,1.1247282851298506,0.00545513561326294,-0.0001464701044549821,-0.001731248872490333,0.0001656900680447884,3.0186761499981023e-06,54.888321837668,20.0,0.047619047619047616,2.0,0.0015553235700486946,4.605892843404716e-06,9.259259259259259e-05,4.2736881530974204e-07,6
b,58238,2025-08-02 00:00:00,LC,118.8994,31.9317,40.6,4420.0,265.3,5.3,0.0,100,100,3.3e-17,Z_RADA_I_58238_20250802000000_P_WPRD_LC_ROBS.TXT,b__2025-08-02 00:00:00,5.250179999999999,587.5051097183699,324.1396660600867,5.282178150135594,0.4342740957392143,0.0051903549328847776,-0.00019753721113899628,-0.003055728164313592,0.00015703105646175072,9.376495563963888e-06,16.74730771113022,16.74730771113022,0.05634657471864593,2.0,0.002193774028235768,0.00014130596013779546,0.00013888888888888894,5.513151924004844e-07,6
b,58238,2025-08-02 00:00:00,LC,118.8994,31.9317,40.6,4660.0,273.7,5.3,0.1,100,100,4.2e-17,Z_RADA_I_58238_20250802000000_P_WPRD_LC_ROBS.TXT,b__2025-08-02 00:00:00,3.9513,570.4146565673738,325.36289968204693,5.288952776842549,-0.3420212337406738,0.005427693406405809,-0.0003702433254327963,-0.0029718351493692686,0.00016359421924240535,8.9688842750542e-06,18.240197356255525,18.240197356255525,0.05197451884114235,2.0,0.002426867499564538,0.00047089608804949543,0.00013888888888888878,3.6101171785447695e-07,6
b,58238,2025-08-02 00:00:00,LC,118.8994,31.9317,40.6,4900.0,281.0,5.2,0.1,100,100,4.8e-17,Z_RADA_I_58238_20250802000000_P_WPRD_LC_ROBS.TXT,b__2025-08-02 00:00:00,2.7783,553.7483055891163,326.7449588951615,5.104461353927852,-0.9922067759580346,0.006197689929026917,-0.00031926581010149717,-0.0027638969497584195,0.0001860122835498529,7.74105700638366e-06,24.029313231572626,20.0,0.047619047619047616,2.0,0.0024250415715938475,0.0006442277602983406,0.0002777777777777777,2.192894896002871e-08,6
b,58238,2025-08-02 00:00:00,LC,118.8994,31.9317,40.6,5140.0,288.0,5.4,0.1,100,100,5.2e-17,Z_RADA_I_58238_20250802000000_P_WPRD_LC_ROBS.TXT,b__2025-08-02 00:00:00,1.77262,537.5058863768519,328.3377908479799,5.13570518799383,-1.6686917696247152,0.006600410088471342,0.0013131181976294357,-0.0016084066154912259,0.0001971381711101189,4.311251241701517e-06,45.7264399725205,20.0,0.047619047619047616,2.0,0.002330049300240423,0.0008010116348224357,0.00018518518518518515,2.9344720638653777e-07,6
b,58238,2025-08-02 00:00:00,LC,118.8994,31.9317,40.6,5380.0,287.1,6.0,0.2,100,100,5.3e-17,Z_RADA_I_58238_20250802000000_P_WPRD_LC_ROBS.TXT,b__2025-08-02 00:00:00,0.741,521.682226653469,329.91315573762773,5.734758088789981,-1.764241951393823,0.006218092462047853,0.003360326055340486,-0.0011189810015697589,0.00018483244872913307,1.2543909680074212e-05,14.73483574445185,14.73483574445185,0.06355325319189321,2.0,0.0021905822877612783,0.00029387726982050226,4.6296296296296206e-05,4.567731908113328e-07,6
b,58238,2025-08-02 00:00:00,LC,118.8994,31.9317,40.6,5620.0,288.1,7.1,0.1,100,100,5.3e-17,Z_RADA_I_58238_20250802000000_P_WPRD_LC_ROBS.TXT,b__2025-08-02 00:00:00,-0.43907999999999997,506.26316879513604,331.3224752297628,6.7486616945572635,-2.2058026503781996,0.005481553587709409,0.0027230010414955458,-0.0010629104590098933,0.00016224579227120775,8.544513315858449e-06,18.988301179200313,18.988301179200313,0.05002926416981314,2.0,0.0021304262270156627,9.426221237728721e-05,9.259259259259257e-05,3.162669136490403e-07,6
b,58238,2025-08-02 00:00:00,LC,118.8994,31.9317,40.6,5860.0,287.9,7.4,0.1,100,100,1e-16,Z_RADA_I_58238_20250802000000_P_WPRD_LC_ROBS.TXT,b__2025-08-02 00:00:00,-1.7828,491.2314525629217,332.5443014597283,7.0417985887078425,-2.274438971718572,0.004972321557679238,0.0010524597748019157,-0.0007857800764557695,0.00014663254486566577,1.7251219061309342e-06,84.99836698180364,20.0,0.047619047619047616,2.0,0.0016525355388965224,0.00013395490847690393,0.00013888888888888894,6.83739961376746e-08,6
b,58238,2025-08-02 00:00:00,LC,118.8994,31.9317,40.6,6100.0,289.6,7.7,0.1,100,100,4.9e-17,Z_RADA_I_58238_20250802000000_P_WPRD_LC_ROBS.TXT,b__2025-08-02 00:00:00,-3.1814,476.57326851519537,333.70918957744885,7.253842386462183,-2.582977087076969,0.005188655676627518,0.00038567652519268074,-0.0013752297516010101,0.0001524780610795556,2.0400032517732763e-06,74.74402844554969,20.0,0.047619047619047616,2.0,0.0009296154547338976,0.00014219768030097115,9.259259259259257e-05,2.2437218632115987e-08,6
b,58238,2025-08-02 00:00:00,LC,118.8994,31.9317,40.6,6340.0,292.1,7.8,0.2,100,100,3.7e-17,Z_RADA_I_58238_20250802000000_P_WPRD_LC_ROBS.TXT,b__2025-08-02 00:00:00,-4.458679999999999,462.28292045682014,335.03485618450947,7.22692332080033,-2.9345492524870567,0.005523610862752548,-0.00011216277359105501,-0.0014648840225420328,0.00016167905358892257,2.158465687278565e-06,74.90462069506911,20.0,0.047619047619047616,2.0,0.0006023319321240097,0.00028187257651962903,9.259259259259249e-05,4.241656101889399e-08,6
b,58238,2025-08-02 00:06:00,LC,118.8994,31.9317,40.6,100.0,156.9,4.9,-0.2,100,100,2e-15,Z_RADA_I_58238_20250802000600_P_WPRD_LC_ROBS.TXT,b__2025-08-02 00:06:00,25.069,980.0125565717568,299.94599019809743,-1.922451871357451,4.507125336876515,0.0071626918433537416,0.019867278809089856,0.0073206054656404325,0.00023418220033291352,0.00044830003166167545,0.5223782819396429,0.5223782819396429,0.6568669639229959,0.0,0.009923937557576869,0.0019464998970375456,0.0003935185185185185,3.173952556761385e-06,6
b,58238,2025-08-02 00:06:00,LC,118.8994,31.9317,40.6,160.0,171.6,5.0,-0.1,100,100,2.5e-15,Z_RADA_I_58238_20250802000600_P_WPRD_LC_ROBS.TXT,b__2025-08-02 00:06:00,24.9096,973.2974982762079,300.37575170869866,-0.7304151428120597,4.946361664814941,0.007391670705012565,0.019946182227790973,0.004758921865540437,0.00024132283350757663,0.00042049752278656337,0.5738983476249099,0.5738983476249099,0.6353650485173005,0.0,0.009950946478037768,0.0014822861612608152,0.0004861111111111111,3.0915138303954894e-06,6
b,58238,2025-08-02 00:06:00,LC,118.8994,31.9317,40.6,220.0,185.3,5.1,-0.1,100,100,2.2e-15,Z_RADA_I_58238_20250802000600_P_WPRD_LC_ROBS.TXT,b__2025-08-02 00:06:00,24.7766,966.625191092107,300.83299068269895,0.47108999597746576,5.078195960741368,0.008081307422785677,0.019808335165457807,0.0007614309401026073,0.00026343704278514456,0.0003929499191036579,0.6704086958105504,0.6704086958105504,0.5986558873334643,0.0,0.01452426249745085,0.001107273890910282,0.0004629629629629629,5.0254998822087095e-06,6
b,58238,2025-08-02 00:06:00,LC,118.8994,31.9317,40.6,280.0,198.1,5.3,0.0,100,100,7e-16,Z_RADA_I_58238_20250802000600_P_WPRD_LC_ROBS.TXT,b__2025-08-02 00:06:00,24.697400000000002,959.9962730969527,301.34550859943295,1.6465850770428772,5.037733377627254,0.00810983827691203,0.019701788276973813,0.0017468729304048747,0.00026391747435663954,0.0003912120263456841,0.6746149315037567,0.6746149315037567,0.5971522056727563,0.0,0.018067595690107026,0.0011793588698641654,0.00037037037037037035,6.416098834300144e-06,6
b,58238,2025-08-02 00:06:00,LC,118.8994,31.9317,40.6,340.0,208.2,6.0,0.1,100,100,8.8e-16,Z_RADA_I_58238_20250802000600_P_WPRD_LC_ROBS.TXT,b__2025-08-02 00:06:00,24.566,953.4104946587776,301.80617127592836,2.8353045892143234,5.287820712389953,0.0074603449730372695,0.017272390382875782,0.0034542947170398963,0.00024241052368325494,0.00031026762153062956,0.7812949430152647,0.7812949430152647,0.5613893442639334,0.0,0.015823688614976603,0.0009902740797761863,0.0005092592592592593,4.321366955564389e-06,6
b,58238,2025-08-02 00:06:00,LC,118.8994,31.9317,40.6,400.0,214.3,6.6,0.1,100,100,1.3e-15,Z_RADA_I_58238_20250802000600_P_WPRD_LC_ROBS.TXT,b__2025-08-02 00:06:00,24.408,946.8667270606812,302.24074999619745,3.719271922987971,5.452248743672041,0.0068603714594308585,0.012215240162208933,0.005087545333880589,0.0002225949405349016,0.00017509520974473225,1.271279441964279,1.271279441964279,0.4402804787134278,0.0,0.013471988102130397,0.0006299291188172158,0.0005555555555555557,2.1433241609609613e-06,6
b,58238,2025-08-02 00:06:00,LC,118.8994,31.9317,40.6,460.0,216.1,7.3,0.1,100,100,7.7e-16,Z_RADA_I_58238_20250802000600_P_WPRD_LC_ROBS.TXT,b__2025-08-02 00:06:00,24.204,940.363931644737,302.62941585106006,4.301133408679395,5.898326152455624,0.006334740513806114,0.00913714403982771,0.0013863244217173151,0.0002052760895202948,8.540929660680889e-05,2.403439645045971,2.403439645045971,0.29382040062193987,0.0,0.011028032186546455,0.00042778614993152904,0.00037037037037037035,7.470489523213335e-07,6
b,58238,2025-08-02 00:06:00,LC,118.8994,31.9317,40.6,520.0,220.6,7.4,0.1,100,100,1.1e-15,Z_RADA_I_58238_20250802000600_P_WPRD_LC_ROBS.TXT,b__2025-08-02 00:06:00,23.982400000000002,933.9011877973397,303.0009188578542,4.815729207767296,5.6186076742781195,0.005903513063953092,0.008735374666474713,-0.005345888918389503,0.0001910676924903157,0.0001048852988914479,1.8216822997097346,1.8216822997097346,0.3543985090394017,0.0,0.008610761784486496,0.0003638085392609981,0.00030092592592592595,4.510774278677495e-07,6
b,58238,2025-08-02 00:06:00,LC,118.8994,31.9317,40.6,580.0,225.5,7.5,0.1,100,100,1.4e-15,Z_RADA_I_58238_20250802000600_P_WPRD_LC_ROBS.TXT,b__2025-08-02 00:06:00,23.7262,927.4777146071791,303.33783741873447,5.349378368656361,5.256819482248884,0.005223681990945472,0.007778206631918486,-0.004136116195329519,0.00016887712206436928,7.760795559008784e-05,2.176028485486073,2.176028485486073,0.3148586369958063,0.0,0.0070574501874584045,0.00033514633782617223,0.00023148148148148146,1.5818034997349088e-06,6
b,58238,2025-08-02 00:06:00,LC,118.8994,31.9317,40.6,640.0,228.3,7.7,0.1,100,100,2.1e-15,Z_RADA_I_58238_20250802000600_P_WPRD_LC_ROBS.TXT,b__2025-08-02 00:06:00,23.4234,921.0924340428201,303.6277606967676,5.749114003597515,5.122273730838577,0.0046352917387531,0.004791651710039438,-0.0028192273948231955,0.0001497118828183849,3.0907969214045454e-05,4.8437955202295075,4.8437955202295075,0.17112166169029924,0.0,0.006016129053674984,0.00030330726877850396,0.00018518518518518523,2.018716057947187e-06,6
b,58238,2025-08-02 00:06:00,LC,118.8994,31.9317,40.6,700.0,230.3,7.7,0.2,100,100,1.3e-15,Z_RADA_I_58238_20250802000600_P_WPRD_LC_ROBS.TXT,b__2025-08-02 00:06:00,23.097,914.7444058641308,303.8940724273848,5.924376573861093,4.9185121948701,0.004062998646695792,0.0021683344408968755,-0.002565877308780398,0.0001311128096719954,1.1285400611293705e-05,11.617913637978088,11.617913637978088,0.07925240485004947,0.0,0.005334677490548609,0.00035890733811860955,0.000162037037037037,1.6813360279727636e-06,6
b,58238,2025-08-02 00:06:00,LC,118.8994,31.9317,40.6,760.0,231.3,7.7,0.1,100,100,6.6e-16,Z_RADA_I_58238_20250802000600_P_WPRD_LC_ROBS.TXT,b__2025-08-02 00:06:00,22.7262,908.4327294120818,304.1153205343711,6.0093141365051395,4.81436845378493,0.003701414013123294,0.0010101823386342718,-0.0026083362737557778,0.00011935758996953625,7.823886474278782e-06,15.255537048233924,15.255537048233924,0.06151749997756269,0.0,0.006367233832537126,0.0004872577158334589,9.259259259259257e-05,7.241971287499674e-07,6
b,58238,2025-08-02 00:06:00,LC,118.8994,31.9317,40.6,820.0,232.7,7.6,0.0,100,100,1.2e-15,Z_RADA_I_58238_20250802000600_P_WPRD_LC_ROBS.TXT,b__2025-08-02 00:06:00,22.3566,902.1567827191915,304.3382421089596,6.045598454497206,4.605511842019407,0.003711602563305716,0.001060914738685293,-0.0042513739226003565,0.00011959846723571004,1.9199720312526026e-05,6.229177575971417,6.229177575971417,0.13832832151250973,0.0,0.006652596951122529,0.0006422247656798674,0.00011574074074074073,1.8706818061631902e-07,6
b,58238,2025-08-02 00:06:00,LC,118.8994,31.9317,40.6,940.0,238.1,7.4,0.0,100,100,1.8e-16,Z_RADA_I_58238_20250802000600_P_WPRD_LC_ROBS.TXT,b__2025-08-02 00:06:00,21.6148,889.7114209767095,304.7827327333957,6.282390488455647,3.91044367694537,0.0034844044121480344,0.0008451094111652409,-0.006993899271150903,0.00011211374811801275,4.96288369318452e-05,2.25904443966675,2.25904443966675,0.3068384057083474,0.0,0.005197753805892996,0.0005167733543852517,0.00023148148148148152,6.466714869077239e-07,6
b,58238,2025-08-02 00:06:00,LC,118.8994,31.9317,40.6,1060.0,244.9,6.9,-0.0,100,100,1.1e-16,Z_RADA_I_58238_20250802000600_P_WPRD_LC_ROBS.TXT,b__2025-08-02 00:06:00,20.8204,877.4059380726954,305.1744991678751,6.248424713176864,2.9269760169431898,0.003912690577261957,-0.0007441750152791457,-0.008274694000491762,0.00012573261250245745,6.902435725514008e-05,1.8215687548918746,1.8215687548918746,0.3544127706497519,0.0,0.005411747416083984,0.0004445283135911012,0.00011574074074074076,7.622536175792893e-07,6
b,58238,2025-08-02 00:06:00,LC,118.8994,31.9317,40.6,1180.0,252.5,6.4,-0.0,100,100,2e-16,Z_RADA_I_58238_20250802000600_P_WPRD_LC_ROBS.TXT,b__2025-08-02 00:06:00,20.174,865.241094097119,305.72177847193853,6.1037884847886525,1.924517116827347,0.004384422484697614,-0.0010473526915267851,-0.00564031983548914,0.00014063929947832096,3.291015550706064e-05,4.273431629581568,4.273431629581568,0.18962984072656827,0.0,0.004933581601678151,0.0007408206919606879,0.00011574074074074076,7.789828174224816e-07,6
b,58238,2025-08-02 00:06:00,LC,118.8994,31.9317,40.6,1300.0,255.3,6.2,-0.0,100,100,3.6e-16,Z_RADA_I_58238_20250802000600_P_WPRD_LC_ROBS.TXT,b__2025-08-02 00:06:00,19.485,853.2177597868919,306.22676056420255,5.997060067210436,1.5732992564257962,0.0044167286391296745,-0.00022126900320174753,-0.002383454250703244,0.00014144195572300444,5.729814136973257e-06,24.68526069812805,20.0,0.047619047619047616,0.0,0.0039250899847262126,0.0007307672420854918,6.944444444444444e-05,7.133700916816659e-07,6
b,58238,2025-08-02 00:06:00,LC,118.8994,31.9317,40.6,1420.0,257.4,6.2,-0.0,100,100,3e-16,Z_RADA_I_58238_20250802000600_P_WPRD_LC_ROBS.TXT,b__2025-08-02 00:06:00,18.8418,841.3346749238615,306.7817933453297,6.050683924020233,1.3524880966585682,0.0047082719169775356,0.0003179436679395693,-0.001360900605503374,0.0001505055899541395,1.953138634042317e-06,77.05832414089588,20.0,0.047619047619047616,0.0,0.00249200487137866,0.0008987703947253346,0.0,1.5382135629783934e-07,6
b,58238,2025-08-02 00:06:00,LC,118.8994,31.9317,40.6,1540.0,258.4,6.2,-0.0,100,100,1.8e-16,Z_RADA_I_58238_20250802000600_P_WPRD_LC_ROBS.TXT,b__2025-08-02 00:06:00,18.215400000000002,829.5917679511354,307.3567458242772,6.073366547515932,1.2466831111049865,0.005201712528972058,-0.0009305113104538347,-0.0017896864705050208,0.00016596796675290212,4.068828961591231e-06,40.79010651949244,20.0,0.047619047619047616,0.0,0.0014595595066276372,0.0006841203375570543,0.0,1.2756877502298542e-06,6
b,58238,2025-08-02 00:06:00,LC,118.8994,31.9317,40.6,1660.0,261.0,5.9,-0.1,100,100,6e-17,Z_RADA_I_58238_20250802000600_P_WPRD_LC_ROBS.TXT,b__2025-08-02 00:06:00,17.68,817.9898216864455,308.03020435228296,5.827361209511313,0.9229633437373632,0.006172701239310019,0.0006422705807448935,-0.0012239164314479497,0.00019651813281027988,1.9104829300586662e-06,102.86306656728165,20.0,0.047619047619047616,0.0,0.00014881423320988322,0.0010934795028427933,2.3148148148148144e-05,7.012849609892569e-07,6
b,58238,2025-08-02 00:06:00,LC,118.8994,31.9317,40.6,1780.0,261.3,6.3,-0.1,100,100,1.7e-16,Z_RADA_I_58238_20250802000600_P_WPRD_LC_ROBS.TXT,b__2025-08-02 00:06:00,17.2688,806.5316348862749,308.8381941217116,6.227511486894707,0.9529431675574785,0.006584368485369918,0.0017387362253058307,-0.0003739503546561951,0.0002090758152199464,3.1630425289382628e-06,66.09959028597912,20.0,0.047619047619047616,0.0,0.0010362143118620144,0.0007381357973328468,4.629629629629631e-05,3.5332859857232767e-07,6
b,58238,2025-08-02 00:06:00,LC,118.8994,31.9317,40.6,1900.0,262.4,6.3,-0.1,100,100,1.9e-16,Z_RADA_I_58238_20250802000600_P_WPRD_LC_ROBS.TXT,b__2025-08-02 00:06:00,16.821,795.2173471098762,309.61045278877174,6.244657903584712,0.8332152586198764,0.006352415028773928,-0.0014070198643410872,0.004098055530076513,0.0002012073890942775,1.87737640262411e-05,10.717477263112455,10.717477263112455,0.0853426021271728,0.0,0.0011870673962761159,0.0006116377156758308,2.3148148148148154e-05,8.864100238701205e-08,6
b,58238,2025-08-02 00:06:00,LC,118.8994,31.9317,40.6,2020.0,251.8,6.2,-0.0,100,100,2e-16,Z_RADA_I_58238_20250802000600_P_WPRD_LC_ROBS.TXT,b__2025-08-02 00:06:00,16.35164,784.0442473202502,310.36277372861736,5.889826719452846,1.9364764947758415,0.006156093011877639,-0.0020714973005779534,0.005987324759477894,0.00019451640030681715,4.013915884175877e-05,4.84605073747714,4.84605073747714,0.171055648489214,0.0,0.0010745019477326916,0.000622772802431156,0.0,4.698221741595183e-07,6
b,58238,2025-08-02 00:06:00,LC,118.8994,31.9317,40.6,2260.0,252.5,6.1,-0.0,100,100,4e-17,Z_RADA_I_58238_20250802000600_P_WPRD_LC_ROBS.TXT,b__2025-08-02 00:06:00,15.32864,762.1110565478,311.78587693778684,5.817673399564184,1.8343053769760649,0.006022434322145442,-0.0008844879806336348,-0.0006616438124239215,0.00018942456959669248,1.2200915224042265e-06,155.2543937223871,20.0,0.047619047619047616,0.0,0.0007684554385556446,0.000453257348490696,4.6296296296296294e-05,4.6346095070437396e-07,6
b,58238,2025-08-02 00:06:00,LC,118.8994,31.9317,40.6,2500.0,253.5,5.7,-0.0,100,100,7.2e-17,Z_RADA_I_58238_20250802000600_P_WPRD_LC_ROBS.TXT,b__2025-08-02 00:06:00,14.336,740.7178848817811,313.25354220324715,5.465272488748701,1.6188874648123592,0.005720191136874386,-0.0007854131824528432,-0.0010583578312679232,0.00017907510963126698,1.736995166176845e-06,103.09476567249997,20.0,0.047619047619047616,0.0,0.000641021544626444,0.000646664370238368,9.259259259259259e-05,2.1166132146905858e-07,6
b,58238,2025-08-02 00:06:00,LC,118.8994,31.9317,40.6,2740.0,256.3,5.6,-0.0,100,100,3.6e-17,Z_RADA_I_58238_20250802000600_P_WPRD_LC_ROBS.TXT,b__2025-08-02 00:06:00,13.15904,719.8477123305814,314.5315686834865,5.440675071986819,1.3262936179674618,0.0056789412850050125,-0.00022132735922897329,-0.0007951180540022923,0.00017706136711713257,6.811985197436631e-07,259.92623586992124,20.0,0.047619047619047616,0.0,0.0007940536733474272,0.00020557708449174265,0.0,8.8724356115487e-08,6
b,58238,2025-08-02 00:06:00,LC,118.8994,31.9317,40.6,2980.0,257.0,5.5,-0.0,100,100,5e-17,Z_RADA_I_58238_20250802000600_P_WPRD_LC_ROBS.TXT,b__2025-08-02 00:06:00,12.126520000000001,699.4883065107783,315.97943402004955,5.359035356318794,1.237230798891259,0.005974349759238051,-0.0004127633315116879,0.0007015432940832948,0.00018541826067931458,6.625365613138679e-07,279.8611752257324,20.0,0.047619047619047616,0.0,0.0008203422812828461,0.00022192028587809625,9.259259259259259e-05,1.787482999375806e-07,6
b,58238,2025-08-02 00:06:00,LC,118.8994,31.9317,40.6,3220.0,252.4,5.5,-0.0,100,100,6.8e-17,Z_RADA_I_58238_20250802000600_P_WPRD_LC_ROBS.TXT,b__2025-08-02 00:06:00,11.05804,679.6327776435731,317.3992565679208,5.242548672861209,1.6630343991274432,0.005707746507085054,-0.000971855064187295,-0.0004296038998085677,0.00017635161748316098,1.1290617765172211e-06,156.19306325925484,20.0,0.047619047619047616,0.0,0.0003810118656769608,4.845454135815275e-05,2.3148148148148144e-05,1.0204436403757443e-07,6
b,58238,2025-08-02 00:06:00,LC,118.8994,31.9317,40.6,3460.0,258.1,5.0,-0.1,100,100,9.2e-17,Z_RADA_I_58238_20250802000600_P_WPRD_LC_ROBS.TXT,b__2025-08-02 00:06:00,9.88996,660.2658794647008,318.7191523434504,4.892544925508892,1.0310209269831465,0.005575022014429942,-0.0005177340389379247,-0.0013100399850192296,0.00017153750954663298,1.98425329742416e-06,86.4494012782102,20.0,0.047619047619047616,0.0,0.0002095997119644817,0.0001406908535654269,9.259259259259262e-05,5.856849027405647e-08,6
b,58238,2025-08-02 00:06:00,LC,118.8994,31.9317,40.6,3700.0,258.3,5.1,-0.1,100,100,7.6e-17,Z_RADA_I_58238_20250802000600_P_WPRD_LC_ROBS.TXT,b__2025-08-02 00:06:00,8.7442,641.3749162260603,320.0752671348472,4.994036334171005,1.034215206318213,0.005819356051914748,0.0010025119455938716,0.00029301291151921996,0.0001782967754345947,1.09088676737538e-06,163.44205536892522,20.0,0.047619047619047616,0.0,0.00080896329548915,5.6831694945274956e-05,9.259259259259262e-05,4.585297590877136e-08,6
b,58238,2025-08-02 00:06:00,LC,118.8994,31.9317,40.6,3940.0,257.7,5.5,-0.1,100,100,2.9e-17,Z_RADA_I_58238_20250802000600_P_WPRD_LC_ROBS.TXT,b__2025-08-02 00:06:00,7.6596,622.952772205913,321.51244324836944,5.37375065939395,1.171667124512372,0.005811086503178631,0.0009034793876384079,-0.0003029045630202657,0.00017724754563347908,9.080261781859708e-07,195.20092029458803,20.0,0.047619047619047616,0.0,0.0012410395331011012,0.00015552513135106322,0.0001388888888888889,2.2209528520852864e-07,6
b,58238,2025-08-02 00:06:00,LC,118.8994,31.9317,40.6,4180.0,260.7,5.5,-0.0,100,100,2.2e-17,Z_RADA_I_58238_20250802000600_P_WPRD_LC_ROBS.TXT,b__2025-08-02 00:06:00,6.490559999999999,604.9888517158769,322.8645886563729,5.427706440237441,0.8888210160684855,0.005461624946354715,-0.00015472350446799586,-0.0022868074348227105,0.00016589073612273417,5.253427606795283e-06,31.577619135391775,20.0,0.047619047619047616,0.0,0.0012727802195701297,5.109547734043389e-05,0.00013888888888888892,5.052929687932207e-07,6
b,58238,2025-08-02 00:06:00,LC,118.8994,31.9317,40.6,4420.0,269.2,5.3,0.1,100,100,3.1e-17,Z_RADA_I_58238_20250802000600_P_WPRD_LC_ROBS.TXT,b__2025-08-02 00:06:00,5.24036,587.4684127983122,324.1340232226197,5.299483377249312,0.07399955579747101,0.005193104634293344,-0.0002866500179198872,-0.0025257880741733846,0.00015711698221483982,6.461773628409967e-06,24.314838502552313,20.0,0.047619047619047616,0.0,0.001732468196588177,0.00015251422324841864,0.00025462962962962966,6.156229100127839e-07,6
b,58238,2025-08-02 00:06:00,LC,118.8994,31.9317,40.6,4660.0,273.5,5.3,0.2,100,100,4.9e-17,Z_RADA_I_58238_20250802000600_P_WPRD_LC_ROBS.TXT,b__2025-08-02 00:06:00,3.94148,570.3784318008666,325.35727888083375,5.290114431635895,-0.32355725953473913,0.0054280868369400714,-0.0004970635292360845,-0.0014674314316124673,0.00016360890391812935,2.4004271585808473e-06,68.15824564110343,20.0,0.047619047619047616,0.0,0.0020605695318915897,0.0005745602980223917,0.00030092592592592595,3.6618024858706447e-07,6
b,58238,2025-08-02 00:06:00,LC,118.8994,31.9317,40.6,4900.0,277.1,5.1,0.3,100,100,6.5e-17,Z_RADA_I_58238_20250802000600_P_WPRD_LC_ROBS.TXT,b__2025-08-02 00:06:00,2.7686,553.712559678133,326.73950490435095,5.060892883215992,-0.6303675313765132,0.006199288436467554,-0.0003262993284461439,-0.0020718732134145574,0.00018606336556481384,4.399129864209169e-06,42.29549281520527,20.0,0.047619047619047616,0.0,0.0021180856171702815,0.0007278316905551234,0.0003703703703703703,5.603963843005929e-08,6
b,58238,2025-08-02 00:06:00,LC,118.8994,31.9317,40.6,5140.0,284.4,5.3,0.1,100,100,6.2e-17,Z_RADA_I_58238_20250802000600_P_WPRD_LC_ROBS.TXT,b__2025-08-02 00:06:00,1.7633999999999999,537.470639407734,328.33293733033815,5.133490753981746,-1.3180564019737266,0.006604871546837643,0.0013068125036776231,-0.0019508615870742782,0.0001972743401300252,5.513619851690149e-06,35.77945985332169,20.0,0.047619047619047616,0.0,0.002269081077063937,0.0008948504694082489,0.00023148148148148146,3.7157785085706286e-07,6
b,58238,2025-08-02 00:06:00,LC,118.8994,31.9317,40.6,5380.0,285.4,5.9,0.1,100,100,5.1e-17,Z_RADA_I_58238_20250802000600_P_WPRD_LC_ROBS.TXT,b__2025-08-02 00:06:00,0.73304,521.6475294911673,329.909843246833,5.688162884981251,-1.5667810931721668,0.006211076522409709,0.003324301993929817,-0.0019719889459220204,0.0001846257540515923,1.4939724149684397e-05,12.3580430402721,12.3580430402721,0.07486126500604763,0.0,0.0024100076797719657,0.000420595969591647,6.944444444444447e-05,5.316116946258421e-07,6
b,58238,2025-08-02 00:06:00,LC,118.8994,31.9317,40.6,5620.0,288.6,7.1,0.1,100,100,4.9e-17,Z_RADA_I_58238_20250802000600_P_WPRD_LC_ROBS.TXT,b__2025-08-02 00:06:00,-0.45111999999999997,506.2289409202426,331.3142540610948,6.729155711068058,-2.2646110960162966,0.005451345774023175,0.002699925326530515,-0.0018313029435535104,0.00016135568989122446,1.064326723990866e-05,15.160353137257992,15.160353137257992,0.06187983588641275,0.0,0.002393531519654552,0.0002346411514936075,9.259259259259257e-05,3.035939194789411e-07,6
b,58238,2025-08-02 00:06:00,LC,118.8994,31.9317,40.6,5860.0,289.3,7.4,0.0,100,100,1e-16,Z_RADA_I_58238_20250802000600_P_WPRD_LC_ROBS.TXT,b__2025-08-02 00:06:00,-1.8027199999999999,491.1973701543904,332.52648921836413,6.984127041715898,-2.4458065060778518,0.004941414816873713,0.0008439890555106012,-0.0013173244378267166,0.00014572891840226485,2.4476612003171517e-06,59.53802690641265,20.0,0.047619047619047616,0.0,0.0018332419753890007,0.00018032164856242764,0.00011574074074074073,1.2968389161171223e-08,6
b,58238,2025-08-02 00:06:00,LC,118.8994,31.9317,40.6,6100.0,292.1,7.7,0.1,100,100,4.9e-17,Z_RADA_I_58238_20250802000600_P_WPRD_LC_ROBS.TXT,b__2025-08-02 00:06:00,-3.2056,476.53902582675374,333.6861331731942,7.134270457713146,-2.8969268261731203,0.005173132560162941,0.00039683466123677756,-0.001280047923812356,0.0001520323902545593,1.7960004356152308e-06,84.65053083491023,20.0,0.047619047619047616,0.0,0.0010455189583490254,0.0002203083424916901,9.259259259259257e-05,7.748964163627307e-08,6
b,58238,2025-08-02 00:06:00,LC,118.8994,31.9317,40.6,6340.0,293.1,7.8,0.2,100,100,2.8e-17,Z_RADA_I_58238_20250802000600_P_WPRD_LC_ROBS.TXT,b__2025-08-02 00:06:00,-4.48468,462.2483926843655,335.00959284724235,7.174607679109552,-3.0602295095077827,0.0055144153085339076,0.00016807175581835533,-0.0006804278472277603,0.00016142206683046384,4.912301703868692e-07,328.6078025365087,20.0,0.047619047619047616,0.0,0.0006778852347422257,0.000544372385435565,9.259259259259257e-05,2.416916656397519e-08,6
b,58238,2025-08-02 00:12:00,LC,118.8994,31.9317,40.6,100.0,180.6,5.0,0.1,100,100,4.6e-15,Z_RADA_I_58238_20250802001200_P_WPRD_LC_ROBS.TXT,b__2025-08-02 00:12:00,25.065,979.8147585916042,299.95928312456755,0.05235892058122731,4.999725846827561,0.007116119687165678,0.010407342344433558,0.005961559004510342,0.00023264922626569536,0.00014385296043849813,1.6172710353441808,1.6172710353441808,0.38207735710050234,0.0,0.006202723481348371,0.002392802946175061,0.0006481481481481482,3.591936385206481e-06,6
b,58238,2025-08-02 00:12:00,LC,118.8994,31.9317,40.6,160.0,187.2,5.4,0.2,100,100,5.2e-15,Z_RADA_I_58238_20250802001200_P_WPRD_LC_ROBS.TXT,b__2025-08-02 00:12:00,24.9028,973.100934407836,300.3862503057975,0.6767994612472408,5.357419387098181,0.007336658851593292,0.01006139153120347,0.003806220966414635,0.00023951843818994115,0.00011571891758934726,2.069829576525442,2.069829576525442,0.3257509822847693,0.0,0.006683217656248098,0.0018506592849296024,0.0006481481481481481,3.879059116166453e-06,6
b,58238,2025-08-02 00:12:00,LC,118.8994,31.9317,40.6,220.0,193.0,5.6,0.2,100,100,3.3e-15,Z_RADA_I_58238_20250802001200_P_WPRD_LC_ROBS.TXT,b__2025-08-02 00:12:00,24.766000000000002,966.4297806238466,300.83968218675875,1.2597259043256437,5.456472362797317,0.008000973074521855,0.011952086909841404,0.0021578152277971566,0.0002608124767016299,0.00014750854805771553,1.7681177134194423,1.7681177134194423,0.3612563133251674,0.0,0.009453339590825132,0.0014900269373912044,0.0006481481481481481,6.392581907842052e-06,6
b,58238,2025-08-02 00:12:00,LC,118.8994,31.9317,40.6,280.0,200.6,6.0,0.2,100,100,2.7e-15,Z_RADA_I_58238_20250802001200_P_WPRD_LC_ROBS.TXT,b__2025-08-02 00:12:00,24.680999999999997,959.801903358228,301.3463670747401,2.1110498904282093,5.61635721443384,0.008029380264102048,0.015283248369575685,0.004054168495806407,0.0002612983947054748,0.000250013962918527,1.0451352062709598,1.0451352062709598,0.4889652268142071,0.0,0.011521652457634262,0.0016201563848717662,0.0005555555555555556,7.741022170474042e-06,6
b,58238,2025-08-02 00:12:00,LC,118.8994,31.9317,40.6,340.0,207.5,6.7,0.2,100,100,1.4e-15,Z_RADA_I_58238_20250802001200_P_WPRD_LC_ROBS.TXT,b__2025-08-02 00:12:00,24.5458,953.2170550422239,301.80320781845097,3.093715708674726,5.942972582294086,0.007405027383787122,0.011338682928089244,0.0019219852702074963,0.00024061544049889448,0.00013225975792263705,1.8192641834384584,1.8192641834384584,0.35470248083681544,0.0,0.011584658274038442,0.001210811344603481,0.0006481481481481481,5.460196399307226e-06,6
b,58238,2025-08-02 00:12:00,LC,118.8994,31.9317,40.6,400.0,210.7,6.8,0.3,100,100,2.3e-15,Z_RADA_I_58238_20250802001200_P_WPRD_LC_ROBS.TXT,b__2025-08-02 00:12:00,24.385,946.6741419109017,302.2349703607946,3.4716918417989184,5.84699544685874,0.006804893412008184,0.007901407564035557,-0.0008812490914654261,0.000220799095151719,6.320884145420695e-05,3.493167887148854,3.493167887148854,0.22256012352891436,0.0,0.011328664733898632,0.0007519325489481138,0.0006944444444444445,3.040567373145788e-06,6
b,58238,2025-08-02 00:12:00,LC,118.8994,31.9317,40.6,460.0,214.7,7.1,0.2,100,100,1.3e-15,Z_RADA_I_58238_20250802001200_P_WPRD_LC_ROBS.TXT,b__2025-08-02 00:12:00,24.1772,940.1721266734618,302.619795027892,4.041884616358993,5.837222691318235,0.006272347391519606,0.011200311383069813,-0.0019032314381718374,0.0002032607137988987,0.00012906926498496888,1.574818868167956,1.574818868167956,0.38837683394464306,0.0,0.010017896994590277,0.0003573461562817492,0.0006018518518518519,1.1086299901891992e-06,6
b,58238,2025-08-02 00:12:00,LC,118.8994,31.9317,40.6,520.0,220.6,7.4,0.2,100,100,1.6e-15,Z_RADA_I_58238_20250802001200_P_WPRD_LC_ROBS.TXT,b__2025-08-02 00:12:00,23.952,933.7100813747348,302.9876520477769,4.815729207767296,5.6186076742781195,0.005852878134877226,0.010895781269144734,-0.004836693408911262,0.00018943718324317395,0.0001421116525968509,1.3330165386266977,1.3330165386266977,0.4286296232553234,0.0,0.008998788535992125,0.00033578595551503874,0.0005092592592592591,2.6584054352710046e-07,6
b,58238,2025-08-02 00:12:00,LC,118.8994,31.9317,40.6,580.0,225.5,7.5,0.2,100,100,2e-15,Z_RADA_I_58238_20250802001200_P_WPRD_LC_ROBS.TXT,b__2025-08-02 00:12:00,23.6934,927.2872416050836,303.32214040407723,5.349378368656361,5.256819482248884,0.005193344128941124,0.007778206631918486,-0.004136116195329519,0.00016790501390447096,7.760795559008784e-05,2.163502602636732,2.163502602636732,0.3161053192011017,0.0,0.008230671932584458,0.000425652674929283,0.00046296296296296287,1.39934182164276e-06,6
b,58238,2025-08-02 00:12:00,LC,118.8994,31.9317,40.6,640.0,228.3,7.7,0.2,100,100,1.7e-15,Z_RADA_I_58238_20250802001200_P_WPRD_LC_ROBS.TXT,b__2025-08-02 00:12:00,23.389400000000002,920.9025561562055,303.61085334324986,5.749114003597515,5.122273730838577,0.004625336692667403,0.004791651710039438,-0.0028192273948231955,0.0001493986712848691,3.0907969214045454e-05,4.8336618381572,4.8336618381572,0.17141891795289438,0.0,0.006707166394685094,0.0004654614008431837,0.00041666666666666675,2.0448010490776045e-06,6
b,58238,2025-08-02 00:12:00,LC,118.8994,31.9317,40.6,700.0,230.3,7.7,0.2,100,100,1.2e-15,Z_RADA_I_58238_20250802001200_P_WPRD_LC_ROBS.TXT,b__2025-08-02 00:12:00,23.063,914.5551110117199,303.8771808071973,5.924376573861093,4.9185121948701,0.0040820654020228275,0.0031714146930885215,-0.0024890687254138164,0.00013173541550046862,1.625333427537092e-05,8.105131739035881,8.105131739035881,0.10982817477673172,0.0,0.005673658304504007,0.0004961780001856011,0.0003703703703703703,2.3422544406488098e-06,6
b,58238,2025-08-02 00:12:00,LC,118.8994,31.9317,40.6,760.0,231.8,7.8,0.1,100,100,9.1e-16,Z_RADA_I_58238_20250802001200_P_WPRD_LC_ROBS.TXT,b__2025-08-02 00:12:00,22.6944,908.2440418146376,304.1007011914926,6.129683766768137,4.82358548378892,0.0037341792385254813,0.002211010440762315,-0.002819806140706413,0.00012041994209814854,1.2839873840325561e-05,9.378592312951826,9.378592312951826,0.09635218051219367,0.0,0.00604040190959768,0.0004183195790017223,0.00032407407407407406,1.6285787723995453e-06,6
b,58238,2025-08-02 00:12:00,LC,118.8994,31.9317,40.6,820.0,233.5,7.7,0.1,100,100,1.2e-15,Z_RADA_I_58238_20250802001200_P_WPRD_LC_ROBS.TXT,b__2025-08-02 00:12:00,22.3264,901.9687430803074,304.3252823158204,6.189697826752571,4.580135457985331,0.0037369958117071667,0.001454119757423128,-0.0043656740995196945,0.00012042183842894265,2.117357461214539e-05,5.687364586982275,5.687364586982275,0.14953573818101903,0.0,0.005882439219034433,0.0006269225920508557,0.00037037037037037035,1.9977031447951874e-07,6
b,58238,2025-08-02 00:12:00,LC,118.8994,31.9317,40.6,940.0,238.4,7.6,0.0,100,100,3.3e-16,Z_RADA_I_58238_20250802001200_P_WPRD_LC_ROBS.TXT,b__2025-08-02 00:12:00,21.587,889.5247612183857,304.77227631072384,6.473124699487163,3.9822928853725985,0.003503567598010182,0.0002433454267179412,-0.005933302804830471,0.00011273420798287224,3.526329917051367e-05,3.1969274184401297,3.1969274184401297,0.2382695482429071,0.0,0.004572557882357537,0.0005534943146993728,0.0005092592592592592,8.089837073966222e-07,6
b,58238,2025-08-02 00:12:00,LC,118.8994,31.9317,40.6,1060.0,243.2,7.0,0.0,100,100,1.6e-16,Z_RADA_I_58238_20250802001200_P_WPRD_LC_ROBS.TXT,b__2025-08-02 00:12:00,20.7946,877.2207476818695,305.16613853934285,6.248100729164877,3.1561427848260175,0.003929362971269557,-0.0022290528105586467,-0.006646546153697579,0.0001262718320146542,4.914525220549148e-05,2.5693597315702577,2.5693597315702577,0.2801622910560693,0.0,0.004777158992601329,0.0004987894564188785,0.00037037037037037035,9.69207730745562e-07,6
b,58238,2025-08-02 00:12:00,LC,118.8994,31.9317,40.6,1180.0,248.1,6.4,-0.0,100,100,1.7e-16,Z_RADA_I_58238_20250802001200_P_WPRD_LC_ROBS.TXT,b__2025-08-02 00:12:00,20.15,865.057447156217,305.7153234238285,5.938152024953087,2.3871218084851793,0.004401193935305914,-0.002298116097139393,-0.005300783537589952,0.00014118025888362656,3.337964370831584e-05,4.229531630634345,4.229531630634345,0.19122171365061605,0.0,0.004239348031538854,0.0008562678687439339,0.00032407407407407406,1.0390258128780104e-06,6
b,58238,2025-08-02 00:12:00,LC,118.8994,31.9317,40.6,1300.0,251.7,6.0,-0.0,100,100,3.2e-16,Z_RADA_I_58238_20250802001200_P_WPRD_LC_ROBS.TXT,b__2025-08-02 00:12:00,19.463,853.035727722352,306.22242508381623,5.696552865851423,1.883954735804429,0.0044379353965324775,-0.0005153706309004615,-0.0022611061454477907,0.0001421230961269182,5.378207888176505e-06,26.425734944043857,20.0,0.047619047619047616,0.0,0.003448733423028819,0.0008271663418631175,0.00023148148148148146,1.0187783257371778e-06,6
b,58238,2025-08-02 00:12:00,LC,118.8994,31.9317,40.6,1420.0,252.4,6.1,0.0,100,100,2.5e-16,Z_RADA_I_58238_20250802001200_P_WPRD_LC_ROBS.TXT,b__2025-08-02 00:12:00,18.8226,841.1543467601299,306.78042791899634,5.8144630735369764,1.8444563335777098,0.0047383414370496535,0.001096956870692313,-0.0007291797072459831,0.00015146747257915814,1.7350174216184095e-06,87.30026032699462,20.0,0.047619047619047616,0.0,0.0025745036605564005,0.0009166033563697741,0.00018518518518518518,3.055821779981941e-07,6
b,58238,2025-08-02 00:12:00,LC,118.8994,31.9317,40.6,1540.0,254.0,6.2,0.0,100,100,2.1e-16,Z_RADA_I_58238_20250802001200_P_WPRD_LC_ROBS.TXT,b__2025-08-02 00:12:00,18.200200000000002,829.4132693773023,307.3596270287082,5.959822514817578,1.708951606065393,0.0052257460734128625,0.0009842535436802337,-0.0020498676538297563,0.00016673322786810786,5.170712436464608e-06,32.24569726451642,20.0,0.047619047619047616,0.0,0.002239937046908614,0.0007345793033059117,0.0,1.5184116926366719e-06,6
b,58238,2025-08-02 00:12:00,LC,118.8994,31.9317,40.6,1660.0,257.4,6.2,-0.1,100,100,1e-16,Z_RADA_I_58238_20250802001200_P_WPRD_LC_ROBS.TXT,b__2025-08-02 00:12:00,17.6662,817.8132457330671,308.0346069766154,6.050683924020233,1.3524880966585682,0.0061872087562340194,0.0022661233965560676,-0.0024398704648732374,0.0001969771881960282,1.1088283133779556e-05,17.76444430751891,17.76444430751891,0.053292278929853526,0.0,0.001038202411553067,0.0014581163812030238,0.00023148148148148152,9.953313957728876e-07,6
b,58238,2025-08-02 00:12:00,LC,118.8994,31.9317,40.6,1780.0,260.2,6.6,-0.1,100,100,1.3e-16,Z_RADA_I_58238_20250802001200_P_WPRD_LC_ROBS.TXT,b__2025-08-02 00:12:00,17.2568,806.3570274807147,308.84455713020435,6.503692129991034,1.123382694495816,0.0066016165842943675,0.0024405394986518197,-0.0017983734925403677,0.00020961918150002242,9.190380263151515e-06,22.808542791257796,20.0,0.047619047619047616,0.0,0.00027927703596886415,0.0011328958390936013,0.00023148148148148152,5.01642690854991e-07,6
b,58238,2025-08-02 00:12:00,LC,118.8994,31.9317,40.6,1900.0,262.1,6.7,-0.1,100,100,1.2e-16,Z_RADA_I_58238_20250802001200_P_WPRD_LC_ROBS.TXT,b__2025-08-02 00:12:00,16.811,795.0447634369378,309.61899495684605,6.63641340369667,0.9208784584488799,0.006378630617123404,-0.002702327643827711,0.0038149604803474945,0.00020203217166999627,2.1856498161208613e-05,9.24357461931241,9.24357461931241,0.09762217166990521,0.0,0.00032963114013846164,0.0008724127552912053,0.00023148148148148146,2.0258108563217293e-07,6
b,58238,2025-08-02 00:12:00,LC,118.8994,31.9317,40.6,2020.0,250.8,6.2,-0.0,100,100,2.1e-16,Z_RADA_I_58238_20250802001200_P_WPRD_LC_ROBS.TXT,b__2025-08-02 00:12:00,16.34544,783.8737785323233,310.37542847831395,5.8551334954723835,2.038973209779215,0.006193356882835843,-0.004100454928898061,0.005923374465570997,0.0001956858620311362,5.1900095683302896e-05,3.770433550358396,3.770433550358396,0.2096245528721119,0.0,0.0004740968277213178,0.0004513417206139811,0.00018518518518518518,8.352923857764168e-07,6
b,58238,2025-08-02 00:12:00,LC,118.8994,31.9317,40.6,2260.0,253.1,6.3,-0.0,100,100,4e-17,Z_RADA_I_58238_20250802001200_P_WPRD_LC_ROBS.TXT,b__2025-08-02 00:12:00,15.331999999999999,761.9452515582531,311.8089113480842,6.027925579562925,1.8314238196689936,0.006063783319827598,0.00026660160469989085,-0.0008612506295955324,0.0001907110365649679,8.128290626072579e-07,234.626252109191,20.0,0.047619047619047616,0.0,0.0009131627144626103,0.0003263936245980635,9.259259259259259e-05,6.95804163628787e-07,6
b,58238,2025-08-02 00:12:00,LC,118.8994,31.9317,40.6,2500.0,254.8,6.2,-0.1,100,100,8.5e-17,Z_RADA_I_58238_20250802001200_P_WPRD_LC_ROBS.TXT,b__2025-08-02 00:12:00,14.348,740.5572975814108,313.2860444718312,5.9831022657283315,1.6255729075733591,0.005748833637331807,-0.0007893020194675547,-0.0010767629927817364,0.00017995311436417663,1.7824162205598418e-06,100.96020911863947,20.0,0.047619047619047616,0.0,0.0008168848884661753,0.00057926154020529,4.6296296296296294e-05,3.773205080820059e-07,6
b,58238,2025-08-02 00:12:00,LC,118.8994,31.9317,40.6,2740.0,256.9,5.8,-0.0,100,100,4.4e-17,Z_RADA_I_58238_20250802001200_P_WPRD_LC_ROBS.TXT,b__2025-08-02 00:12:00,13.17488,719.6926481821636,314.5683514940035,5.649060610218499,1.3145775831337603,0.005705326783776443,-0.001300139394603203,-0.0008090460597543754,0.00017786322952831386,2.3449179722032635e-06,75.85051231501936,20.0,0.047619047619047616,0.0,0.0008835837310249426,0.00016362151247057422,9.259259259259259e-05,1.47917993563997e-07,6
b,58238,2025-08-02 00:12:00,LC,118.8994,31.9317,40.6,2980.0,257.0,5.5,-0.1,100,100,5.3e-17,Z_RADA_I_58238_20250802001200_P_WPRD_LC_ROBS.TXT,b__2025-08-02 00:12:00,12.14988,699.3390049385431,316.0246013280439,5.359035356318794,1.237230798891259,0.00600163651139074,-0.0009710667365676884,0.00041879717716353194,0.0001862385031010152,1.1183616824683631e-06,166.52797214042928,20.0,0.047619047619047616,0.0,0.0009501652858633027,0.00019696068604173523,4.6296296296296294e-05,1.9411863847772296e-07,6
b,58238,2025-08-02 00:12:00,LC,118.8994,31.9317,40.6,3220.0,253.7,5.4,-0.1,100,100,7e-17,Z_RADA_I_58238_20250802001200_P_WPRD_LC_ROBS.TXT,b__2025-08-02 00:12:00,11.08556,679.4894626868014,317.44913701947104,5.182948576666009,1.5156002281722556,0.005730627093082252,-0.0007996024629060919,-0.00024169824310789388,0.00017703073541172704,6.977821394069306e-07,253.70488210287473,20.0,0.047619047619047616,0.0,0.0005433399569150869,0.00013832133145461195,9.259259259259259e-05,1.333562307308556e-07,6
b,58238,2025-08-02 00:12:00,LC,118.8994,31.9317,40.6,3460.0,257.3,5.1,-0.0,100,100,9.2e-17,Z_RADA_I_58238_20250802001200_P_WPRD_LC_ROBS.TXT,b__2025-08-02 00:12:00,9.923,660.1286864513698,318.77530233272336,4.975226174123869,1.12121564219947,0.0055961656114450475,-0.00025503841296906256,-0.0006652949891544015,0.00017215774588520873,5.076620146837332e-07,339.1188249380067,20.0,0.047619047619047616,0.0,0.00014434960411224883,8.681687746867533e-05,9.259259259259259e-05,2.428939299792973e-08,6
b,58238,2025-08-02 00:12:00,LC,118.8994,31.9317,40.6,3700.0,256.7,5.2,0.0,100,100,9.6e-17,Z_RADA_I_58238_20250802001200_P_WPRD_LC_ROBS.TXT,b__2025-08-02 00:12:00,8.7806,641.2439366573324,320.13529651296466,5.060530138440859,1.1962586333781429,0.005838063530893334,0.0007625257612065162,0.00039732994683901353,0.00017883640557240634,7.393166231586704e-07,241.89420333651134,20.0,0.047619047619047616,0.0,0.0005594705004627745,4.893496241067557e-05,0.00018518518518518518,4.429783759411499e-08,6
b,58238,2025-08-02 00:12:00,LC,118.8994,31.9317,40.6,3940.0,256.2,5.5,-0.0,100,100,3.1e-17,Z_RADA_I_58238_20250802001200_P_WPRD_LC_ROBS.TXT,b__2025-08-02 00:12:00,7.7004,622.8280452397188,321.57757282755216,5.3412385395029975,1.3119340166821964,0.0058350941600079365,0.0007200297539201855,-0.0003844295937670433,0.00017794377151707604,6.662289590942568e-07,267.0910189178686,20.0,0.047619047619047616,0.0,0.000874014713974789,0.0002050093536984236,0.0002777777777777778,2.1003038760751168e-07,6
b,58238,2025-08-02 00:12:00,LC,118.8994,31.9317,40.6,4180.0,259.4,5.5,0.1,100,100,2.5e-17,Z_RADA_I_58238_20250802001200_P_WPRD_LC_ROBS.TXT,b__2025-08-02 00:12:00,6.53688,604.8704730173798,322.9361417097685,5.406144420322548,1.011732428369962,0.005489067051941632,-0.00011845615145900101,-0.001886089932520955,0.00016668731817976977,3.5713670933753785e-06,46.6732525169318,20.0,0.047619047619047616,0.0,0.0009524935742748908,0.00014264370777670242,0.00027777777777777783,3.131148689955356e-07,6
b,58238,2025-08-02 00:12:00,LC,118.8994,31.9317,40.6,4420.0,265.6,5.3,0.2,100,100,5e-17,Z_RADA_I_58238_20250802001200_P_WPRD_LC_ROBS.TXT,b__2025-08-02 00:12:00,5.29244,587.3565063228322,324.21232501248414,5.284379586802677,0.406610849072138,0.005215096542743991,-0.00022720474131507178,-0.0017416874643974446,0.00015774423908446742,3.0850972181152483e-06,51.131043183409545,20.0,0.047619047619047616,0.0,0.001367700704619449,0.00027163432542064457,0.0004629629629629629,2.990642861290312e-07,6
b,58238,2025-08-02 00:12:00,LC,118.8994,31.9317,40.6,4660.0,268.1,5.3,0.3,100,100,6.1e-17,Z_RADA_I_58238_20250802001200_P_WPRD_LC_ROBS.TXT,b__2025-08-02 00:12:00,3.99676,570.2730345595179,325.43938805028563,5.297086144491313,0.17572244545918872,0.005436463436557015,-0.000386858915118575,-0.001088158854777758,0.00016382004181950482,1.3337495134379628e-06,122.8266928452189,20.0,0.047619047619047616,0.0,0.001853825860445229,0.0005172131974211495,0.00046296296296296303,8.694101415323998e-08,6
b,58238,2025-08-02 00:12:00,LC,118.8994,31.9317,40.6,4900.0,271.3,5.1,0.5,100,100,8.9e-17,Z_RADA_I_58238_20250802001200_P_WPRD_LC_ROBS.TXT,b__2025-08-02 00:12:00,2.824,553.6135271382409,326.82182746203154,5.098687307545761,-0.11570540122118583,0.006200296398885086,0.00013054807160797072,-0.0017371185413478881,0.00018604674342686102,3.0346236256951745e-06,61.308012582364725,20.0,0.047619047619047616,0.0,0.0022952468592588957,0.00039093858122167606,0.00037037037037037035,3.0418838321042875e-07,6
b,58238,2025-08-02 00:12:00,LC,118.8994,31.9317,40.6,5140.0,277.0,5.4,0.3,100,100,6.5e-17,Z_RADA_I_58238_20250802001200_P_WPRD_LC_ROBS.TXT,b__2025-08-02 00:12:00,1.81896,537.377733911391,328.41553032175045,5.359749218863139,-0.6580944543877976,0.006610592307316421,0.0017297391582986876,-0.0027472114348012795,0.00019739555247899656,1.0539168223254757e-05,18.729708862929215,18.729708862929215,0.05068498511292947,0.0,0.0026164881715496405,0.00060739309966379,0.00027777777777777783,5.529659183119842e-07,6
b,58238,2025-08-02 00:12:00,LC,118.8994,31.9317,40.6,5380.0,283.6,6.1,0.2,100,100,4.7e-17,Z_RADA_I_58238_20250802001200_P_WPRD_LC_ROBS.TXT,b__2025-08-02 00:12:00,0.7906,521.560571187875,329.9949117695434,5.928962103529131,-1.4343668899258,0.006218790292227383,0.0030834365669049173,-0.0033139936643755714,0.00018480739442995335,2.049013506964781e-05,9.01933509963582,9.01933509963582,0.09980702212827952,0.0,0.0027936100298428614,0.00047793391579110765,9.259259259259266e-05,4.971090950220026e-07,6
b,58238,2025-08-02 00:12:00,LC,118.8994,31.9317,40.6,5620.0,288.2,7.2,0.2,100,100,4.9e-17,Z_RADA_I_58238_20250802001200_P_WPRD_LC_ROBS.TXT,b__2025-08-02 00:12:00,-0.3925999999999999,506.1477774552404,331.4005496620196,6.8397987709775,-2.2488114132880717,0.005459404974572646,0.002385849648078914,-0.0022017533316707684,0.0001615521574979109,1.0539996276761607e-05,15.327534588802292,15.327534588802292,0.06124623375079648,0.0,0.0026035471400760704,0.00037047469577191304,9.259259259259262e-05,2.2351543539363307e-08,6
b,58238,2025-08-02 00:12:00,LC,118.8994,31.9317,40.6,5860.0,289.4,7.5,0.2,100,100,1e-16,Z_RADA_I_58238_20250802001200_P_WPRD_LC_ROBS.TXT,b__2025-08-02 00:12:00,-1.7420799999999999,491.12185872874227,332.6154261573383,7.07416993460701,-2.491208489127769,0.004956662845605364,0.0008488235145586252,-0.001323361028016233,0.0001461395169082221,2.4717857693398374e-06,59.123051326269646,20.0,0.047619047619047616,0.0,0.0018167326729714496,0.00025152218276401384,0.0001388888888888889,2.719819996983771e-07,6
b,58238,2025-08-02 00:12:00,LC,118.8994,31.9317,40.6,6100.0,291.7,7.8,0.2,100,100,4.9e-17,Z_RADA_I_58238_20250802001200_P_WPRD_LC_ROBS.TXT,b__2025-08-02 00:12:00,-3.1412,476.4691021971845,333.77974782791017,7.247234057965639,-2.8840247067358633,0.005189198383988125,-0.00035496569523688765,-0.0009151561969620468,0.00015246177356025286,9.635115096330435e-07,158.23554989843186,20.0,0.047619047619047616,0.0,0.0009633350104187757,0.000167972634664445,9.259259259259262e-05,2.6744865710633834e-07,6
b,58238,2025-08-02 00:12:00,LC,118.8994,31.9317,40.6,6340.0,293.0,7.5,0.3,100,100,2.7e-17,Z_RADA_I_58238_20250802001200_P_WPRD_LC_ROBS.TXT,b__2025-08-02 00:12:00,-4.41788,462.1839932935015,335.1062413816526,6.903786400893304,-2.9304834636695514,0.005527056473926706,-0.0014310319044680646,-0.00019357815389036692,0.00016174544570270405,2.0853248132690984e-06,77.56367002085435,20.0,0.047619047619047616,0.0,0.0005942986975327122,0.0008053455185051062,9.259259259259262e-05,8.703414221857374e-08,6
b,58238,2025-08-02 00:18:00,LC,118.8994,31.9317,40.6,100.0,180.6,5.0,0.5,100,100,4.8e-15,Z_RADA_I_58238_20250802001800_P_WPRD_LC_ROBS.TXT,b__2025-08-02 00:18:00,25.168,979.8185749176697,300.0625513240908,0.05235892058122731,4.999725846827561,0.007035562437047815,0.010457486691524685,0.007634996859043793,0.00022993638515975517,0.0001676522049410245,1.3715082676105605,1.3715082676105605,0.4216725759120212,0.0,0.006978877678822914,0.0020729787494890265,0.0006481481481481481,2.8662027805500184e-06,6
b,58238,2025-08-02 00:18:00,LC,118.8994,31.9317,40.6,160.0,187.1,5.5,0.5,100,100,5.9e-15,Z_RADA_I_58238_20250802001800_P_WPRD_LC_ROBS.TXT,b__2025-08-02 00:18:00,25.001,973.1069814859454,300.4846850703137,0.6798081220727084,5.457825658370188,0.007262745017497796,0.01047083773165023,0.007131456040041027,0.00023702771543640725,0.0001604961080535878,1.476844007689373,1.476844007689373,0.4037395963958552,0.0,0.006802265651683893,0.0016612137435504987,0.0006018518518518519,3.391730725469885e-06,6
b,58238,2025-08-02 00:18:00,LC,118.8994,31.9317,40.6,220.0,192.6,6.0,0.6,100,100,3.9e-15,Z_RADA_I_58238_20250802001800_P_WPRD_LC_ROBS.TXT,b__2025-08-02 00:18:00,24.860200000000003,966.4379318355939,300.93408072619053,1.308859448379255,5.855500571632485,0.00795553364556234,0.011588381168661987,0.007618775006727842,0.00025924991226314114,0.0001923363107133406,1.347898955229151,1.347898955229151,0.4259127070919463,0.0,0.009060804162657485,0.0014458476243100096,0.0006481481481481483,5.417557494148597e-06,6
b,58238,2025-08-02 00:18:00,LC,118.8994,31.9317,40.6,280.0,198.0,6.7,0.6,100,100,3.8e-15,Z_RADA_I_58238_20250802001800_P_WPRD_LC_ROBS.TXT,b__2025-08-02 00:18:00,24.773799999999998,959.8120713178121,301.43934910778114,2.070413862312147,6.37207865917753,0.00800237140631177,0.013468417235235668,0.004200472258788078,0.00026033912222802626,0.0001990422300192414,1.3079592315804507,1.3079592315804507,0.43328321675561715,0.0,0.010987019958214,0.0014827194819835565,0.0006481481481481482,6.223941195631783e-06,6
b,58238,2025-08-02 00:18:00,LC,118.8994,31.9317,40.6,340.0,204.7,7.0,0.8,100,100,3.6e-15,Z_RADA_I_58238_20250802001800_P_WPRD_LC_ROBS.TXT,b__2025-08-02 00:18:00,24.6368,953.2291779556504,301.89436529494793,2.925069516607535,6.359557242687054,0.007381351978702266,0.009862337148001565,-0.0014526939908051373,0.0002397737212194067,9.937601385177299e-05,2.4127927044553,2.4127927044553,0.2930151598995537,0.0,0.01079627319925208,0.0010822058176701286,0.0006018518518518517,4.7288318854793655e-06,6
b,58238,2025-08-02 00:18:00,LC,118.8994,31.9317,40.6,400.0,207.7,7.0,0.8,100,100,3.3e-15,Z_RADA_I_58238_20250802001800_P_WPRD_LC_ROBS.TXT,b__2025-08-02 00:18:00,24.475,946.6881637805706,302.3251113452254,3.2538943200723347,6.197755380280912,0.006787934832733544,0.007330720778278028,-0.0020580090979769525,0.0002201831691427497,5.7974868576433126e-05,3.797907171664629,3.797907171664629,0.2084242075181815,0.0,0.011020105795177518,0.0007344848272876384,0.0005555555555555557,3.0382784934424023e-06,6
b,58238,2025-08-02 00:18:00,LC,118.8994,31.9317,40.6,460.0,211.9,7.2,0.5,100,100,1.6e-15,Z_RADA_I_58238_20250802001800_P_WPRD_LC_ROBS.TXT,b__2025-08-02 00:18:00,24.266199999999998,940.1880014615083,302.708917474876,3.8047560100008986,6.11259615092982,0.006253655882719311,0.011524782366872276,-0.0035887869982333606,0.00020259533473228233,0.00014570000072245898,1.3904964566074516,1.3904964566074516,0.4183231467404815,0.0,0.010216497474476704,0.00018215436965157898,0.0006481481481481482,1.031732771680021e-06,6
b,58238,2025-08-02 00:18:00,LC,118.8994,31.9317,40.6,520.0,218.8,7.4,0.5,100,100,1.8e-15,Z_RADA_I_58238_20250802001800_P_WPRD_LC_ROBS.TXT,b__2025-08-02 00:18:00,24.0398,933.7277618807905,303.07555005115177,4.6368682040970075,5.7671009404929094,0.005817138264979871,0.012288730045729009,-0.005380113902967262,0.00018822580362103363,0.00017995851174570452,1.0459399880290823,1.0459399880290823,0.4887728896502635,0.0,0.00905664798982956,0.00043533374952371966,0.0006018518518518519,1.385134012736349e-07,6
b,58238,2025-08-02 00:18:00,LC,118.8994,31.9317,40.6,580.0,224.0,7.6,0.5,100,100,1.6e-15,Z_RADA_I_58238_20250802001800_P_WPRD_LC_ROBS.TXT,b__2025-08-02 00:18:00,23.7782,927.306659996058,303.40697406667357,5.27940361548838,5.466982482573748,0.005140517451052595,0.007517068820921721,-0.003485262399655256,0.00016615061541165192,6.865337765292419e-05,2.420137524065067,2.420137524065067,0.2923859034801126,0.0,0.008815745484107221,0.0005507413520404579,0.0005555555555555556,5.517120201786384e-07,6
b,58238,2025-08-02 00:18:00,LC,118.8994,31.9317,40.6,640.0,226.0,7.7,0.4,100,100,1.8e-15,Z_RADA_I_58238_20250802001800_P_WPRD_LC_ROBS.TXT,b__2025-08-02 00:18:00,23.471,920.9236246036171,303.69241214527807,5.538916462607614,5.348869452534279,0.004567285510908903,0.0033891875610910366,-0.0022904508181589636,0.00014748399586002366,1.6732757274659275e-05,8.814088045332435,8.814088045332435,0.10189433754627854,0.0,0.007831489721287384,0.0005466328024085176,0.0005555555555555556,1.3079929425266392e-06,6
b,58238,2025-08-02 00:18:00,LC,118.8994,31.9317,40.6,700.0,227.6,7.7,0.4,100,100,1.6e-15,Z_RADA_I_58238_20250802001800_P_WPRD_LC_ROBS.TXT,b__2025-08-02 00:18:00,23.141,914.577736943833,303.95504832798264,5.686106122819304,5.192128384394672,0.004023907551006456,0.005364066471053787,-0.0035916985258090256,0.00012982529226656243,4.1673507406182154e-05,3.1152955521882277,3.1152955521882277,0.24299591300757722,0.0,0.007054041723052008,0.00046730708270878234,0.0005092592592592592,2.6351780571557623e-06,6
b,58238,2025-08-02 00:18:00,LC,118.8994,31.9317,40.6,760.0,231.5,7.9,0.3,100,100,1.2e-15,Z_RADA_I_58238_20250802001800_P_WPRD_LC_ROBS.TXT,b__2025-08-02 00:18:00,22.769199999999998,908.2681343409611,304.1752810513988,6.182604439134069,4.917865629437196,0.0036896187631114685,0.006523679238031398,-0.00264522247385901,0.00011895378124809884,4.95555927369307e-05,2.4004108250621323,2.4004108250621323,0.29408211285226926,0.0,0.0077455600734867265,0.00015217798876335613,0.0005555555555555556,2.3252283498566777e-06,6
b,58238,2025-08-02 00:18:00,LC,118.8994,31.9317,40.6,820.0,233.0,8.1,0.3,100,100,1.1e-15,Z_RADA_I_58238_20250802001800_P_WPRD_LC_ROBS.TXT,b__2025-08-02 00:18:00,22.3992,901.9942297309677,304.397802579556,6.468947631383072,4.874701687531591,0.0037032076165604,0.003955518260974126,-0.0037162615682522267,0.00011930460951159673,2.9456724756568274e-05,4.050165471468247,4.050165471468247,0.1980133137517309,0.0,0.00678170182700087,0.00020882546765851656,0.0006018518518518519,7.816204122083019e-07,6
b,58238,2025-08-02 00:18:00,LC,118.8994,31.9317,40.6,940.0,241.2,7.7,0.2,100,100,4.4e-16,Z_RADA_I_58238_20250802001800_P_WPRD_LC_ROBS.TXT,b__2025-08-02 00:18:00,21.656,889.552864402088,304.84087120888904,6.74756143633775,3.7095032905832075,0.0034733817081704643,5.561467796966896e-05,-0.007254324050211789,0.00011173776860481772,5.262831041788685e-05,2.123149455446726,2.123149455446726,0.3201896080432574,0.0,0.004582273925722053,0.0004464626588223205,0.0006944444444444445,5.462659075369318e-07,6
b,58238,2025-08-02 00:18:00,LC,118.8994,31.9317,40.6,1060.0,244.2,7.2,0.1,100,100,1.6e-16,Z_RADA_I_58238_20250802001800_P_WPRD_LC_ROBS.TXT,b__2025-08-02 00:18:00,20.8604,877.2512592963047,305.2314141895169,6.482295154095792,3.1336639154807617,0.0038912368219969906,-0.003586266056160952,-0.004993940601335059,0.00012501988919378856,3.7800746955234994e-05,3.3073391206221827,3.3073391206221827,0.23216189206285498,0.0,0.004743378672782927,0.0003373893276160334,0.0006481481481481481,8.221659260782816e-07,6
b,58238,2025-08-02 00:18:00,LC,118.8994,31.9317,40.6,1180.0,246.9,6.4,0.1,100,100,1.4e-16,Z_RADA_I_58238_20250802001800_P_WPRD_LC_ROBS.TXT,b__2025-08-02 00:18:00,20.2102,865.0901265924231,305.77476804616833,5.886857582859122,2.5109575462627935,0.004380355625826837,-0.0031561988135937503,-0.004280603756623763,0.00014048449704499101,2.8285159472152068e-05,4.966721053254231,4.966721053254231,0.16759623771159926,0.0,0.003984944843105377,0.0006369070440723818,0.0006018518518518518,9.618050011783166e-07,6
b,58238,2025-08-02 00:18:00,LC,118.8994,31.9317,40.6,1300.0,249.8,6.1,0.0,100,100,2.3e-16,Z_RADA_I_58238_20250802001800_P_WPRD_LC_ROBS.TXT,b__2025-08-02 00:18:00,19.524,853.0704220555583,306.28269953971534,5.724807438833292,2.1063190138910586,0.004417771650984559,-0.00022248673059551555,-0.0017115935030916126,0.00014144951845544904,2.9790526651164998e-06,47.48137557679514,20.0,0.047619047619047616,0.0,0.002732065838281417,0.0005996050084714682,0.0005092592592592593,8.6421559951386e-07,6
b,58238,2025-08-02 00:18:00,LC,118.8994,31.9317,40.6,1420.0,250.2,6.2,0.0,100,100,3e-16,Z_RADA_I_58238_20250802001800_P_WPRD_LC_ROBS.TXT,b__2025-08-02 00:18:00,18.8782,841.1909105040052,306.8350332424046,5.833460767516198,2.1001751055208064,0.0047032836521616606,0.00116789070109281,-0.0008391195923469156,0.00015032004703006933,2.0680903799595093e-06,72.6854341022622,20.0,0.047619047619047616,0.0,0.0023867665217771694,0.000516678865989172,0.0006018518518518519,3.5210967113832055e-07,6
b,58238,2025-08-02 00:18:00,LC,118.8994,31.9317,40.6,1540.0,252.4,6.3,0.0,100,100,2.1e-16,Z_RADA_I_58238_20250802001800_P_WPRD_LC_ROBS.TXT,b__2025-08-02 00:18:00,18.2532,829.4514929062823,307.4114876162341,6.005101207095566,1.9049303117277987,0.005194892185451883,0.0035531157466300034,-0.001649507990557817,0.0001657208383639186,1.5345508119864174e-05,10.799306029456224,10.799306029456224,0.08475074699338783,0.0,0.0024768927172209233,0.0005325826049736455,0.00037037037037037035,9.134573886818086e-07,6
b,58238,2025-08-02 00:18:00,LC,118.8994,31.9317,40.6,1660.0,255.7,6.9,0.0,100,100,1.2e-16,Z_RADA_I_58238_20250802001800_P_WPRD_LC_ROBS.TXT,b__2025-08-02 00:18:00,17.7148,817.8529444814159,308.08180736691304,6.686208546707399,1.7042931877869303,0.006156245564079121,0.00399866831618206,-0.0021911100752750046,0.00019596141062972836,2.079031166480991e-05,9.425611976823633,9.425611976823633,0.09591763075616301,0.0,0.0010724629247424735,0.0012504017836840566,0.0005092592592592592,7.684636746269556e-07,6
b,58238,2025-08-02 00:18:00,LC,118.8994,31.9317,40.6,1780.0,258.8,7.1,0.0,100,100,1.1e-16,Z_RADA_I_58238_20250802001800_P_WPRD_LC_ROBS.TXT,b__2025-08-02 00:18:00,17.302799999999998,806.3980213309529,308.88898655161313,6.964781602979261,1.3790638936617978,0.006590022930788697,0.00046269084900225216,-0.002158259982745849,0.00020922095376625036,4.872168974872538e-06,42.94205616539066,20.0,0.047619047619047616,0.0,0.0005079422507268689,0.001090194494703135,0.0004629629629629629,4.6600680608862827e-07,6
b,58238,2025-08-02 00:18:00,LC,118.8994,31.9317,40.6,1900.0,260.1,6.9,0.1,100,100,9.6e-17,Z_RADA_I_58238_20250802001800_P_WPRD_LC_ROBS.TXT,b__2025-08-02 00:18:00,16.857,795.0869625871871,309.66341287030235,6.79725435046794,1.1863107919279265,0.0063500021394560235,-0.00555759777675802,0.002886355418039197,0.00020109656450430636,3.921794064746991e-05,5.127667623141242,5.127667623141242,0.16319423008902811,0.0,0.0011191209277768871,0.0007841705489280125,0.0004629629629629629,3.0256933689266665e-07,6
b,58238,2025-08-02 00:18:00,LC,118.8994,31.9317,40.6,2020.0,249.8,6.0,0.0,100,100,1.8e-16,Z_RADA_I_58238_20250802001800_P_WPRD_LC_ROBS.TXT,b__2025-08-02 00:18:00,16.38504,783.9170229846357,310.4129870650826,5.630958136557336,2.071789193991205,0.006147980854295465,-0.006515705400283753,0.004601250602061223,0.00019422865330095138,6.362592396625564e-05,3.05266534760205,3.05266534760205,0.24675119069273685,0.0,0.0014711515903573725,0.0002424280738586954,0.0004629629629629629,8.243938077851434e-07,6
b,58238,2025-08-02 00:18:00,LC,118.8994,31.9317,40.6,2260.0,251.8,5.9,-0.1,100,100,6e-17,Z_RADA_I_58238_20250802001800_P_WPRD_LC_ROBS.TXT,b__2025-08-02 00:18:00,15.36676,761.9900668394956,311.8412365010544,5.604835103995451,1.8427760192221718,0.006039804231734891,0.00023533093465638935,-0.0007033300256757751,0.0001899371835287816,5.500537738233363e-07,345.3065728620648,20.0,0.047619047619047616,0.0,0.0012854345530260726,0.00023692383038679028,0.00032407407407407406,5.327784300872445e-07,6
b,58238,2025-08-02 00:18:00,LC,118.8994,31.9317,40.6,2500.0,253.2,6.0,-0.1,100,100,8.5e-17,Z_RADA_I_58238_20250802001800_P_WPRD_LC_ROBS.TXT,b__2025-08-02 00:18:00,14.377,740.6031881275856,313.3120930963153,5.743916985192403,1.734190781666833,0.005733520841124329,-0.0003468398677114355,-0.001056226368296078,0.00017945886352789854,1.2359120349180083e-06,145.20358929897793,20.0,0.047619047619047616,0.0,0.0008552231322467925,0.00039594687006412507,0.00032407407407407406,4.5832907243548407e-07,6
b,58238,2025-08-02 00:18:00,LC,118.8994,31.9317,40.6,2740.0,256.2,5.6,-0.0,100,100,5.8e-17,Z_RADA_I_58238_20250802001800_P_WPRD_LC_ROBS.TXT,b__2025-08-02 00:18:00,13.20292,719.7392901229633,314.5933265047941,5.438351967493961,1.3357873624400545,0.0057029407080365635,-0.0010506667985458774,-0.0008912761363096392,0.00017777472941281382,1.898273872721682e-06,93.65072762547499,20.0,0.047619047619047616,0.0,0.0006749714239323802,0.0002422382542739284,0.00023148148148148146,3.244139834099912e-07,6
b,58238,2025-08-02 00:18:00,LC,118.8994,31.9317,40.6,2980.0,256.0,5.4,-0.1,100,100,5.3e-17,Z_RADA_I_58238_20250802001800_P_WPRD_LC_ROBS.TXT,b__2025-08-02 00:18:00,12.17788,699.3862946536076,316.04950463617286,5.2395969218903815,1.3063782362382061,0.0059891940800715915,-0.0005320903975582353,0.00037461013694208576,0.0001858377540978806,4.2345294587344914e-07,438.86282031774806,20.0,0.047619047619047616,0.0,0.0007329544810056929,4.6668640564830624e-05,0.00023148148148148152,2.5894968568778593e-07,6
b,58238,2025-08-02 00:18:00,LC,118.8994,31.9317,40.6,3220.0,253.7,5.4,-0.1,100,100,1.1e-16,Z_RADA_I_58238_20250802001800_P_WPRD_LC_ROBS.TXT,b__2025-08-02 00:18:00,11.10828,679.5371518360879,317.4681396632285,5.182948576666009,1.5156002281722556,0.00572837059919129,-0.0005931175206299721,-0.0002052160235490692,0.00017695043539219755,3.9390200959953747e-07,449.2245052826593,20.0,0.047619047619047616,0.0,0.00037695474583857643,0.0002878102122751676,0.00023148148148148152,2.2513414194538437e-07,6
b,58238,2025-08-02 00:18:00,LC,118.8994,31.9317,40.6,3460.0,256.3,5.1,-0.0,100,100,1e-16,Z_RADA_I_58238_20250802001800_P_WPRD_LC_ROBS.TXT,b__2025-08-02 00:18:00,9.950040000000001,660.1766911230484,318.7991225237847,4.954900511987995,1.2078745449346528,0.005614057466880595,-0.0002726940680796829,-0.0005917538929813351,0.00017269525782172463,4.2453472462441214e-07,406.7871196508341,20.0,0.047619047619047616,0.0,3.998738944765144e-05,7.35281111961427e-05,4.6296296296296294e-05,2.2982614033761274e-07,6
b,58238,2025-08-02 00:18:00,LC,118.8994,31.9317,40.6,3700.0,256.3,5.2,0.0,100,100,1e-16,Z_RADA_I_58238_20250802001800_P_WPRD_LC_ROBS.TXT,b__2025-08-02 00:18:00,8.811,641.2924605913464,320.1628872473312,5.052055423987761,1.2315583595412147,0.005858109686428414,0.0007027051092147376,0.0006034725287260528,0.00017943501150410768,8.57973563443513e-07,209.13815897070035,20.0,0.047619047619047616,0.0,0.00046561653826023914,0.000164305475014758,0.0002777777777777778,9.660651798576451e-08,6
b,58238,2025-08-02 00:18:00,LC,118.8994,31.9317,40.6,3940.0,254.2,5.5,0.1,100,100,3.9e-17,Z_RADA_I_58238_20250802001800_P_WPRD_LC_ROBS.TXT,b__2025-08-02 00:18:00,7.7359599999999995,622.8773032977801,321.61101517327035,5.292198964411069,1.4975413587231583,0.005862741353569012,0.0008780699666966173,-0.00010029062373132685,0.00017876829394043703,7.81065075623017e-07,228.87759230284672,20.0,0.047619047619047616,0.0,0.0007671236897918139,0.0004499547332792397,0.00037037037037037035,2.587963753460919e-07,6
b,58238,2025-08-02 00:18:00,LC,118.8994,31.9317,40.6,4180.0,257.8,5.6,0.2,100,100,3.4e-17,Z_RADA_I_58238_20250802001800_P_WPRD_LC_ROBS.TXT,b__2025-08-02 00:18:00,6.57892,604.9207614120006,322.9770030970443,5.473529008002137,1.1834188601501778,0.005514120541401768,0.00015447458136698226,-0.001865852343352091,0.00016742693655835868,3.5052673634809936e-06,47.76438405317281,20.0,0.047619047619047616,0.0,0.0009254490779898596,0.00033163805581844707,0.00037037037037037035,9.563910951447498e-09,6
b,58238,2025-08-02 00:18:00,LC,118.8994,31.9317,40.6,4420.0,263.6,5.4,0.4,100,100,4.9e-17,Z_RADA_I_58238_20250802001800_P_WPRD_LC_ROBS.TXT,b__2025-08-02 00:18:00,5.338480000000001,587.4080625254003,324.2577930331432,5.366346763467221,0.6019322339141546,0.005223848228139816,-0.00018197662536466493,-0.001661109709903485,0.00015798680040128175,2.7924009605147515e-06,56.577405120272715,20.0,0.047619047619047616,0.0,0.001459448950400678,0.0004572385920722541,0.0005092592592592591,3.3392153238341165e-07,6
b,58238,2025-08-02 00:18:00,LC,118.8994,31.9317,40.6,4660.0,265.9,5.4,0.6,100,100,8.5e-17,Z_RADA_I_58238_20250802001800_P_WPRD_LC_ROBS.TXT,b__2025-08-02 00:18:00,4.04248,570.3258710449509,325.4844502465514,5.386180227827098,0.38608619939650496,0.005432296873716824,-0.0005576238665030413,-0.0014950784065319593,0.000163671825478242,2.546203818171944e-06,64.28072423351826,20.0,0.047619047619047616,0.0,0.0020258108178993137,0.00037328554415033596,0.0004166666666666666,5.205366652434355e-07,6
b,58238,2025-08-02 00:18:00,LC,118.8994,31.9317,40.6,4900.0,271.3,5.1,0.6,100,100,1.4e-16,Z_RADA_I_58238_20250802001800_P_WPRD_LC_ROBS.TXT,b__2025-08-02 00:18:00,2.8684,553.6674940721898,326.8652955325273,5.098687307545761,-0.11570540122118583,0.006195889422562217,0.0001565209724142813,-0.0021610583855880467,0.00018588978345583732,4.694672160725927e-06,39.59590299210448,20.0,0.047619047619047616,0.0,0.002522403925725944,0.00018548958457937964,0.00013888888888888894,6.49932104066862e-07,6
b,58238,2025-08-02 00:18:00,LC,118.8994,31.9317,40.6,5140.0,276.8,5.5,0.4,100,100,9.3e-17,Z_RADA_I_58238_20250802001800_P_WPRD_LC_ROBS.TXT,b__2025-08-02 00:18:00,1.86296,537.4326844694133,328.45847716938124,5.461310294585953,-0.6512218256857575,0.00660161164996842,0.002369335639749469,-0.0027582944720407287,0.00019710161066653634,1.3221939768277467e-05,14.907162951946681,14.907162951946681,0.06286476117839872,0.0,0.002815734475194217,0.0005690645793768001,0.00018518518518518523,5.598402938053284e-07,6
b,58238,2025-08-02 00:18:00,LC,118.8994,31.9317,40.6,5380.0,283.0,6.4,0.3,100,100,5.2e-17,Z_RADA_I_58238_20250802001800_P_WPRD_LC_ROBS.TXT,b__2025-08-02 00:18:00,0.83148,521.6163134111293,330.0340691245121,6.235968414625506,-1.4396867478007356,0.006205965165662741,0.0035158744038773938,-0.003367817406130371,0.0001844043812000692,2.3703566904874918e-05,7.779604729537319,7.779604729537319,0.11390034412775887,0.0,0.0028455485020768586,0.000739310925729153,4.6296296296296206e-05,1.5564232472773494e-07,6
b,58238,2025-08-02 00:18:00,LC,118.8994,31.9317,40.6,5620.0,287.6,7.5,0.2,100,100,5.1e-17,Z_RADA_I_58238_20250802001800_P_WPRD_LC_ROBS.TXT,b__2025-08-02 00:18:00,-0.35364000000000007,506.20408943092303,331.43734044889936,7.148930008447102,-2.2677741806283356,0.005452562251023529,0.001979109916519381,-0.0021554817209867754,0.00016133176040629028,8.562977511173463e-06,18.840614750625626,18.840614750625626,0.05040166408999335,0.0,0.0024446208263492124,0.00037024575793862235,0.0,3.662382545499772e-07,6
b,58238,2025-08-02 00:18:00,LC,118.8994,31.9317,40.6,5860.0,289.0,7.6,0.2,100,100,1e-16,Z_RADA_I_58238_20250802001800_P_WPRD_LC_ROBS.TXT,b__2025-08-02 00:18:00,-1.70384,491.1785985969441,332.6512990050034,7.1859411745548085,-2.474317973874388,0.004950976524258799,-4.109688627112855e-05,-0.0013366664122372064,0.0001459561230539258,1.7883660516642675e-06,81.61423267797882,20.0,0.047619047619047616,0.0,0.0016067033436559634,0.00023148161352657355,9.259259259259262e-05,4.838219258102452e-07,6
b,58238,2025-08-02 00:18:00,LC,118.8994,31.9317,40.6,6100.0,292.2,7.7,0.2,100,100,5.6e-17,Z_RADA_I_58238_20250802001800_P_WPRD_LC_ROBS.TXT,b__2025-08-02 00:18:00,-3.1044,476.52614926290454,333.8138091805436,7.12920350303696,-2.9093740585021948,0.005182845152669757,-0.0017429855719053172,-0.0009852764993709276,0.0001522595741056937,4.008768484082735e-06,37.98163318990793,20.0,0.047619047619047616,0.0,0.0007864700249222332,9.348929872270701e-05,4.629629629629633e-05,3.541559713048946e-07,6
b,58238,2025-08-02 00:18:00,LC,118.8994,31.9317,40.6,6340.0,294.9,7.0,0.3,100,100,2.7e-17,Z_RADA_I_58238_20250802001800_P_WPRD_LC_ROBS.TXT,b__2025-08-02 00:18:00,-4.38204,462.24122683449957,335.13906467828485,6.349308100040257,-2.947250693572433,0.005521897907255161,-0.0032495641791529307,-0.0001578193127926601,0.00016157865739753772,1.0584574289924208e-05,15.265484749003988,15.265484749003988,0.061479876894614816,0.0,0.0005959364182462289,0.0006468843756524165,4.629629629629629e-05,1.2031602330282419e-07,6
b,58238,2025-08-02 00:24:00,LC,118.8994,31.9317,40.6,100.0,189.1,5.7,0.6,100,100,5.5e-15,Z_RADA_I_58238_20250802002400_P_WPRD_LC_ROBS.TXT,b__2025-08-02 00:24:00,25.064,979.7158784310475,299.9669353287371,0.9015009833505548,5.628258698480196,0.007082762883262224,0.007845007469117026,0.005256644945162314,0.00023155277615188985,8.917645827000243e-05,2.5965684289771866,2.5965684289771866,0.27804281212699905,0.0,0.0052367238893662555,0.001243382596360161,0.00034722222222222196,1.6272363426535825e-06,6
b,58238,2025-08-02 00:24:00,LC,118.8994,31.9317,40.6,160.0,193.0,6.1,0.6,100,100,8.4e-15,Z_RADA_I_58238_20250802002400_P_WPRD_LC_ROBS.TXT,b__2025-08-02 00:24:00,24.8998,973.0026868952215,300.39190110173286,1.3722014314975763,5.943657395189935,0.007313363941015449,0.007962278373181447,0.005006983629526417,0.0002387534425166479,8.846776195837852e-05,2.6987620940266845,2.6987620940266845,0.27036072463675076,0.0,0.004895033097145915,0.0010739444563360712,0.00037037037037037035,2.045591552857191e-06,6
b,58238,2025-08-02 00:24:00,LC,118.8994,31.9317,40.6,220.0,196.6,6.5,0.6,100,100,9.6e-15,Z_RADA_I_58238_20250802002400_P_WPRD_LC_ROBS.TXT,b__2025-08-02 00:24:00,24.7622,966.3321307995191,300.844539001659,1.8569743881323284,6.229096734023366,0.007997005736366969,0.008412539281076947,0.006207920996665603,0.0002606789425687753,0.00010930910025650428,2.3847871948178803,2.3847871948178803,0.2954395483210889,0.0,0.006393542914073204,0.0010062993178926681,0.0003935185185185186,3.006560100084862e-06,6
b,58238,2025-08-02 00:24:00,LC,118.8994,31.9317,40.6,280.0,199.6,7.1,0.6,100,100,5.9e-15,Z_RADA_I_58238_20250802002400_P_WPRD_LC_ROBS.TXT,b__2025-08-02 00:24:00,24.6775,959.7048422990961,301.35154179009686,2.38170614522681,6.688607914789807,0.008025387403137518,0.009216074948537127,0.0027750571479319974,0.0002611639711861759,9.263697963134207e-05,2.8192194113571434,2.8192194113571434,0.26183360846625314,0.0,0.008582399878924476,0.0009043627497785788,0.0004629629629629631,3.1818377532443442e-06,6
b,58238,2025-08-02 00:24:00,LC,118.8994,31.9317,40.6,340.0,204.3,7.2,0.6,100,100,4.2e-15,Z_RADA_I_58238_20250802002400_P_WPRD_LC_ROBS.TXT,b__2025-08-02 00:24:00,24.5415,953.1205739374234,301.8075854900355,2.962903381956784,6.562103591775205,0.0073883413155302335,0.007677230621361469,-0.005254378202806165,0.0002400697691023963,8.654836031169476e-05,2.7738222681262874,2.7738222681262874,0.2649833322692493,0.0,0.009102217719768449,0.0006910027352748285,0.0003703703703703703,2.6352056335599796e-06,6
b,58238,2025-08-02 00:24:00,LC,118.8994,31.9317,40.6,400.0,208.6,6.9,0.7,100,100,3.3e-15,Z_RADA_I_58238_20250802002400_P_WPRD_LC_ROBS.TXT,b__2025-08-02 00:24:00,24.3795,946.5782157042463,302.2381427479605,3.3029738197901866,6.058082530453067,0.006784774109638736,0.00958327451396863,-0.006455802017520593,0.00022014397129806903,0.00013351653009950365,1.648814353803278,1.648814353803278,0.37752740148216063,0.0,0.009379161224749062,0.0004969926950530832,0.0002777777777777779,2.0235994530254885e-06,6
b,58238,2025-08-02 00:24:00,LC,118.8994,31.9317,40.6,460.0,215.4,7.1,0.8,100,100,1.4e-15,Z_RADA_I_58238_20250802002400_P_WPRD_LC_ROBS.TXT,b__2025-08-02 00:24:00,24.1705,940.0767264250956,302.6217583831921,4.112896323633019,5.787407349672734,0.0062547199101845585,0.010153001627375407,-0.003789432175547648,0.00020268816536827763,0.00011744323825856344,1.72583937886691,1.72583937886691,0.3668594737286702,0.0,0.009306230008466301,0.0002326998055437241,0.00048611111111111126,6.085855954034529e-07,6
b,58238,2025-08-02 00:24:00,LC,118.8994,31.9317,40.6,520.0,218.9,7.2,0.7,100,100,2.7e-15,Z_RADA_I_58238_20250802002400_P_WPRD_LC_ROBS.TXT,b__2025-08-02 00:24:00,23.9444,933.615181921458,302.98870913718264,4.521334015075235,5.60335066938735,0.005832646443358236,0.007869763193707545,-0.0020749357914883818,0.0001887816955511087,6.623853126383349e-05,2.8500284041500823,2.8500284041500823,0.25973834346834024,0.0,0.008645481628264878,0.0004663307880801613,0.0004629629629629631,7.5088308684237e-08,6
b,58238,2025-08-02 00:24:00,LC,118.8994,31.9317,40.6,580.0,222.4,7.5,0.7,100,100,1.5e-15,Z_RADA_I_58238_20250802002400_P_WPRD_LC_ROBS.TXT,b__2025-08-02 00:24:00,23.6843,927.1928149799439,303.3216759563951,5.057267906877925,5.538415054694129,0.00517050615738146,0.007377037441562623,-0.0010062509604722922,0.00016716689978850765,5.543322240966821e-05,3.015644635505652,3.015644635505652,0.24902601967269936,0.0,0.007998280880456253,0.0005489376097095603,0.0003935185185185186,1.5044822764113674e-07,6
b,58238,2025-08-02 00:24:00,LC,118.8994,31.9317,40.6,640.0,224.6,7.7,0.7,100,100,1.4e-15,Z_RADA_I_58238_20250802002400_P_WPRD_LC_ROBS.TXT,b__2025-08-02 00:24:00,23.3791,920.8085716713069,303.60916987606845,5.40657850806275,5.482600554130674,0.004604994171530485,0.005471389197196905,-0.0019066023067880744,0.000148742431299665,3.3571232103452595e-05,4.430651542406981,4.430651542406981,0.18413996777203986,0.0,0.007381519534374601,0.00046704037395539253,0.0004398148148148148,6.493817851756243e-07,6
b,58238,2025-08-02 00:24:00,LC,118.8994,31.9317,40.6,700.0,227.1,7.8,0.7,100,100,1.6e-15,Z_RADA_I_58238_20250802002400_P_WPRD_LC_ROBS.TXT,b__2025-08-02 00:24:00,23.051499999999997,914.4615416912048,303.87427525697876,5.713834610541554,5.30962277787956,0.004052253338072909,0.006680757900191063,-0.004976451923383328,0.00013077457828309551,6.939759986671092e-05,1.8844250886812914,1.8844250886812914,0.3466895375179192,0.0,0.00762568900053839,0.0003409988337494211,0.00043981481481481486,2.174579430402403e-06,6
b,58238,2025-08-02 00:24:00,LC,118.8994,31.9317,40.6,760.0,231.8,7.9,0.6,100,100,1.5e-15,Z_RADA_I_58238_20250802002400_P_WPRD_LC_ROBS.TXT,b__2025-08-02 00:24:00,22.6806,908.1508494190173,304.0954402766372,6.208269456085677,4.885426323324675,0.003697456939078414,0.005913845014416386,-0.00592376094697479,0.00011923778290995657,7.00645066114412e-05,1.7018286244591296,1.7018286244591296,0.3701197000236041,0.0,0.008164790086577358,0.00013216451191306138,0.0005092592592592592,1.9418710171648493e-06,6
b,58238,2025-08-02 00:24:00,LC,118.8994,31.9317,40.6,820.0,234.4,7.9,0.6,100,100,1.1e-15,Z_RADA_I_58238_20250802002400_P_WPRD_LC_ROBS.TXT,b__2025-08-02 00:24:00,22.3106,901.875881527868,304.31797008966817,6.42349601227152,4.598771464242585,0.003709080049643765,0.003291587913359994,-0.005655243361077053,0.0001195251462084918,4.2816328464383674e-05,2.7915785985227006,2.7915785985227006,0.26374238961830476,0.0,0.006797005563800942,0.00019489357747369258,0.0005092592592592592,8.675267504417084e-07,6
b,58238,2025-08-02 00:24:00,LC,118.8994,31.9317,40.6,940.0,241.2,7.7,0.7,100,100,5.6e-16,Z_RADA_I_58238_20250802002400_P_WPRD_LC_ROBS.TXT,b__2025-08-02 00:24:00,21.5694,889.4324814422549,304.76311965541606,6.74756143633775,3.7095032905832075,0.0034847065608440975,0.00038491859345414145,-0.005447355905040575,0.0001121306857389444,2.9821848679767133e-05,3.760017929908562,3.760017929908562,0.21008324227451167,0.0,0.004169918616763422,0.0002333758769620742,0.000625,2.033261263365147e-07,6
b,58238,2025-08-02 00:24:00,LC,118.8994,31.9317,40.6,1060.0,243.2,7.3,0.6,100,100,3.1e-16,Z_RADA_I_58238_20250802002400_P_WPRD_LC_ROBS.TXT,b__2025-08-02 00:24:00,20.7744,877.1289596466669,305.15429966427075,6.515876474700514,3.291406047032847,0.003917388955027246,-0.0027931939191038896,-0.003702347254254246,0.00012589192561954243,2.15093074608029e-05,5.852904648323025,5.852904648323025,0.14592352459547356,0.0,0.004215634559099663,0.00019212524866307813,0.0006481481481481481,5.169584314581372e-07,6
b,58238,2025-08-02 00:24:00,LC,118.8994,31.9317,40.6,1180.0,245.1,6.7,0.5,100,100,1.8e-16,Z_RADA_I_58238_20250802002400_P_WPRD_LC_ROBS.TXT,b__2025-08-02 00:24:00,20.1296,864.966096777446,305.70329300462265,6.077194895752816,2.8209399495621885,0.004391321054947994,-0.0028281087508664135,-0.0038383049552285116,0.00014086910284886778,2.273078403605893e-05,6.197283060073968,6.197283060073968,0.13894131878005125,0.0,0.003664410975714749,0.0003986764082408857,0.0006249999999999999,5.766470390514899e-07,6
b,58238,2025-08-02 00:24:00,LC,118.8994,31.9317,40.6,1300.0,247.9,6.3,0.4,100,100,2.3e-16,Z_RADA_I_58238_20250802002400_P_WPRD_LC_ROBS.TXT,b__2025-08-02 00:24:00,19.4405,852.9447726930674,306.2082167174583,5.837130374492574,2.370212857778004,0.004433738143343691,-0.0010928479214960506,-0.002791412124200001,0.00014199526919795555,8.986298226649e-06,15.801308349289643,15.801308349289643,0.05951917429348768,0.0,0.0028318854075055112,0.00047892142821229287,0.0005787037037037038,3.4815189796671627e-07,6
b,58238,2025-08-02 00:24:00,LC,118.8994,31.9317,40.6,1420.0,249.7,6.2,0.4,100,100,2.9e-16,Z_RADA_I_58238_20250802002400_P_WPRD_LC_ROBS.TXT,b__2025-08-02 00:24:00,18.8012,841.0637726587158,306.7673901590251,5.814911394593764,2.1510010397541883,0.004740222807928074,0.0015646842570690433,-0.001912294765700111,0.00015153405313149526,6.105108095243747e-06,24.820863245574564,20.0,0.047619047619047616,0.0,0.003020638265438195,0.0002716842952088766,0.0007175925925925927,3.5124522436064086e-07,6
b,58238,2025-08-02 00:24:00,LC,118.8994,31.9317,40.6,1540.0,252.9,6.5,-0.0,100,100,3e-16,Z_RADA_I_58238_20250802002400_P_WPRD_LC_ROBS.TXT,b__2025-08-02 00:24:00,18.1781,829.3230901075646,307.34587019136103,6.212654596189145,1.9112621140099775,0.005236051620199467,0.005359802151395126,-0.0019135056010285041,0.0001670695154916463,3.238898278726728e-05,5.158220515567549,5.158220515567549,0.16238457156122785,0.0,0.0030834790257147477,0.0004404176649593499,0.0005555555555555556,3.280268424949778e-07,6
b,58238,2025-08-02 00:24:00,LC,118.8994,31.9317,40.6,1660.0,256.6,7.3,0.4,100,100,2.2e-16,Z_RADA_I_58238_20250802002400_P_WPRD_LC_ROBS.TXT,b__2025-08-02 00:24:00,17.647100000000002,817.7235126651581,308.02404254787297,7.101263910928595,1.6917596955073473,0.006222286576004432,0.005250344588737122,-0.00219280050112356,0.00019810072663756497,3.237449233820892e-05,6.119037313946177,6.119037313946177,0.14046843075832774,0.0,0.0015739222593060499,0.000767915383205352,0.0004861111111111111,2.711850358028574e-07,6
b,58238,2025-08-02 00:24:00,LC,118.8994,31.9317,40.6,1780.0,259.5,7.6,0.3,100,100,1.2e-16,Z_RADA_I_58238_20250802002400_P_WPRD_LC_ROBS.TXT,b__2025-08-02 00:24:00,17.2426,806.2678998515245,308.8392189696021,7.472737297486054,1.384989993740323,0.0066377039694895945,0.0003283659417046801,-0.0015582080632427601,0.0002107686965715389,2.535836560026355e-06,83.11604142553587,20.0,0.047619047619047616,0.0,0.00013292511800900068,0.0007094538536113442,0.00046296296296296303,2.1146733087294996e-07,6
b,58238,2025-08-02 00:24:00,LC,118.8994,31.9317,40.6,1900.0,259.6,7.3,0.3,100,100,1.2e-16,Z_RADA_I_58238_20250802002400_P_WPRD_LC_ROBS.TXT,b__2025-08-02 00:24:00,16.8,794.956398567983,309.6170915005505,7.180071736937718,1.3177897603290847,0.006396163121449749,-0.006301664736968832,0.0027320405871167465,0.00020258872910074367,4.7175024226809674e-05,4.294406466581357,4.294406466581357,0.1888785846557241,0.0,0.000948024149878952,0.0004824745711807016,0.00041666666666666675,3.9749825849991004e-07,6
b,58238,2025-08-02 00:24:00,LC,118.8994,31.9317,40.6,2020.0,251.1,6.3,0.4,100,100,2.4e-16,Z_RADA_I_58238_20250802002400_P_WPRD_LC_ROBS.TXT,b__2025-08-02 00:24:00,16.33514,783.7862475773695,310.37429811875,5.960337760613535,2.040679734648342,0.0062012741788836645,-0.00655406003853728,0.003780637601186396,0.00019593673121439325,5.7248923660255714e-05,3.422540000527899,3.422540000527899,0.22611440481728473,0.0,0.0016697029426709033,0.000450514924832661,0.0005092592592592593,6.384179350255953e-07,6
b,58238,2025-08-02 00:24:00,LC,118.8994,31.9317,40.6,2260.0,253.0,6.4,0.3,100,100,8.2e-17,Z_RADA_I_58238_20250802002400_P_WPRD_LC_ROBS.TXT,b__2025-08-02 00:24:00,15.32408,761.8594880977599,311.8103890547481,6.120350438163427,1.8711789102255176,0.006073657365141094,0.00019918942457890568,-0.0006336758187526028,0.00019102067824110534,4.412214701358571e-07,432.93604498051263,20.0,0.047619047619047616,0.0,0.0015281538087606934,0.00035132754947142557,0.0003935185185185185,2.416103086854991e-07,6
b,58238,2025-08-02 00:24:00,LC,118.8994,31.9317,40.6,2500.0,254.0,6.3,0.2,100,100,8.5e-17,Z_RADA_I_58238_20250802002400_P_WPRD_LC_ROBS.TXT,b__2025-08-02 00:24:00,14.341999999999999,740.4734322303724,313.28965365401774,6.055948684411409,1.7365153416470929,0.005765396927351674,-0.0009914853667839889,-0.0011185217386135674,0.00018046950838680596,2.2341341122978985e-06,80.77827888370841,20.0,0.047619047619047616,0.0,0.0011970832391878367,0.0003179026363716865,0.00041666666666666664,3.715993446430985e-07,6
b,58238,2025-08-02 00:24:00,LC,118.8994,31.9317,40.6,2740.0,256.7,5.8,0.2,100,100,8.8e-17,Z_RADA_I_58238_20250802002400_P_WPRD_LC_ROBS.TXT,b__2025-08-02 00:24:00,13.174159999999999,719.6109055997712,314.5777795798769,5.644437462107112,1.3342884756910054,0.005726511395781175,-0.001488979468559191,-0.0008845444270102008,0.0001785183081094829,2.9994787011456155e-06,59.5164446546328,20.0,0.047619047619047616,0.0,0.001085174254896052,0.00031960044244730076,0.00025462962962962966,4.2769814951553327e-07,6
b,58238,2025-08-02 00:24:00,LC,118.8994,31.9317,40.6,2980.0,256.2,5.5,0.2,100,100,6.2e-17,Z_RADA_I_58238_20250802002400_P_WPRD_LC_ROBS.TXT,b__2025-08-02 00:24:00,12.15306,699.2596609420847,316.03837912399274,5.3412385395029975,1.3119340166821964,0.006016634052876335,-0.0013882834894590884,0.0003514101425421876,0.00018669575669317932,2.0508201353862235e-06,91.03468094144667,20.0,0.047619047619047616,0.0,0.0010979189249639672,0.00013356158577215954,0.0002777777777777778,3.3042575949754037e-07,6
b,58238,2025-08-02 00:24:00,LC,118.8994,31.9317,40.6,3220.0,253.2,5.2,0.2,100,100,1.9e-16,Z_RADA_I_58238_20250802002400_P_WPRD_LC_ROBS.TXT,b__2025-08-02 00:24:00,11.09126,679.4126760729332,317.46576392525753,4.97806138716675,1.5029653441112554,0.005735390127028506,-0.0009347783624877194,-0.0005852356035396873,0.00017716859573703862,1.2163112986256842e-06,145.66056891621596,20.0,0.047619047619047616,0.0,0.0006316885406130472,0.00026540511826610017,0.0002777777777777778,2.6110144001129906e-07,6
b,58238,2025-08-02 00:24:00,LC,118.8994,31.9317,40.6,3460.0,258.1,5.0,0.0,100,100,9e-17,Z_RADA_I_58238_20250802002400_P_WPRD_LC_ROBS.TXT,b__2025-08-02 00:24:00,9.92816,660.0544529010816,318.7913663849664,4.892544925508892,1.0310209269831465,0.005597534035568841,0.00019732966948271882,-0.0007495105864093786,0.00017219116619244748,6.007051175978897e-07,286.6484089248458,20.0,0.047619047619047616,0.0,0.0003594407957721061,0.00017012161719815242,0.0,3.3878837012821977e-07,6
b,58238,2025-08-02 00:24:00,LC,118.8994,31.9317,40.6,3700.0,257.3,5.2,0.2,100,100,1.3e-16,Z_RADA_I_58238_20250802002400_P_WPRD_LC_ROBS.TXT,b__2025-08-02 00:24:00,8.7868,641.172201063017,320.15258026233056,5.072779628518455,1.1432002626347537,0.00584592666914141,0.0007086250501837556,0.0006307786285826428,0.000179067608085372,9.000311400245298e-07,198.9571250617969,20.0,0.047619047619047616,0.0,0.0007867387284425276,0.0001727428852620102,0.00025462962962962966,3.341675532941263e-08,6
b,58238,2025-08-02 00:24:00,LC,118.8994,31.9317,40.6,3940.0,255.7,5.4,0.3,100,100,6.2e-17,Z_RADA_I_58238_20250802002400_P_WPRD_LC_ROBS.TXT,b__2025-08-02 00:24:00,7.708799999999999,622.7588408605354,321.59741118615426,5.232684949597095,1.333794668702815,0.005844530263426906,-8.90063764136962e-05,-0.0006280364015527073,0.00017822053509833433,4.0235185671757e-07,442.9469682388861,20.0,0.047619047619047616,0.0,0.001020479841588045,0.0004633793488733935,0.00030092592592592595,1.5163756058432903e-07,6
b,58238,2025-08-02 00:24:00,LC,118.8994,31.9317,40.6,4180.0,260.5,5.1,0.4,100,100,6.7e-17,Z_RADA_I_58238_20250802002400_P_WPRD_LC_ROBS.TXT,b__2025-08-02 00:24:00,6.54696,604.8038475154634,322.9579547887755,5.03005656783988,0.8417427898894542,0.0054926363412372,-0.0011169775884732804,-0.002402858262482236,0.000166784441680722,7.021366762730735e-06,23.753842708517986,20.0,0.047619047619047616,0.0,0.001226326594598608,0.00039893015798696745,0.0003009259259259259,1.2251320156799133e-07,6
b,58238,2025-08-02 00:24:00,LC,118.8994,31.9317,40.6,4420.0,267.8,4.7,0.7,100,100,1.1e-16,Z_RADA_I_58238_20250802002400_P_WPRD_LC_ROBS.TXT,b__2025-08-02 00:24:00,5.3022599999999995,587.2924251650538,324.23387662994816,4.69653570712992,0.1804227027113417,0.005206835769228868,-0.0006881547329624441,-0.00185616703174127,0.0001574839018274006,3.918912986221809e-06,40.18560819826457,20.0,0.047619047619047616,0.0,0.0018208144163845599,0.0004320862496169723,0.0003703703703703703,5.019421506152806e-07,6
b,58238,2025-08-02 00:24:00,LC,118.8994,31.9317,40.6,4660.0,270.6,4.7,0.7,100,100,2.2e-16,Z_RADA_I_58238_20250802002400_P_WPRD_LC_ROBS.TXT,b__2025-08-02 00:24:00,4.00338,570.2113147885593,325.45723595800536,4.699742296017908,-0.049217385346355474,0.005427067355630921,0.0003220421160025251,-0.0018142473733447839,0.00016352793609408417,3.3952046561678316e-06,48.164382608575416,20.0,0.047619047619047616,0.0,0.0022738336229858156,0.00021007587654291252,0.00023148148148148144,6.503062882238895e-07,6
b,58238,2025-08-02 00:24:00,LC,118.8994,31.9317,40.6,4900.0,278.1,4.9,0.6,100,100,9.9e-17,Z_RADA_I_58238_20250802002400_P_WPRD_LC_ROBS.TXT,b__2025-08-02 00:24:00,2.8299,553.5539817931609,326.838868960651,4.8511159228111325,-0.6904160364941546,0.006204367471688954,0.001603380130527984,-0.0024027092641441595,0.00018615919354917257,8.343839650976104e-06,22.310974483719225,20.0,0.047619047619047616,0.0,0.0026777701707727097,0.00039147030856067055,2.3148148148148066e-05,5.696100815105772e-07,6
b,58238,2025-08-02 00:24:00,LC,118.8994,31.9317,40.6,5140.0,282.4,5.6,0.4,100,100,9.3e-17,Z_RADA_I_58238_20250802002400_P_WPRD_LC_ROBS.TXT,b__2025-08-02 00:24:00,1.82714,537.3203438193217,328.43533234441605,5.46936475867134,-1.202517832135552,0.006622341040986246,0.002850359111590246,-0.0024982254622801705,0.0001977344529469955,1.4365677525410506e-05,13.764366671689238,13.764366671689238,0.06773063973800555,0.0,0.002977802285664028,0.0006329421393784987,4.629629629629629e-05,3.38986802056363e-07,6
b,58238,2025-08-02 00:24:00,LC,118.8994,31.9317,40.6,5380.0,286.9,6.5,0.2,100,100,5.3e-17,Z_RADA_I_58238_20250802002400_P_WPRD_LC_ROBS.TXT,b__2025-08-02 00:24:00,0.80114,521.5054019045108,330.0175926603244,6.21928829637445,-1.8895642583886363,0.006224271138405735,0.003396884775409132,-0.0025301560043609994,0.0001849575595876556,1.7940515583810367e-05,10.309489642235391,10.309489642235391,0.08842131976190075,0.0,0.0028287971107039114,0.0006499250447644796,4.629629629629633e-05,7.326293800163502e-08,6
b,58238,2025-08-02 00:24:00,LC,118.8994,31.9317,40.6,5620.0,288.8,7.5,0.2,100,100,6.3e-17,Z_RADA_I_58238_20250802002400_P_WPRD_LC_ROBS.TXT,b__2025-08-02 00:24:00,-0.38230000000000003,506.09481715375847,331.4229824908508,7.099869450867723,-2.4169927142288317,0.005447828634467022,0.0021364450511939283,-0.0014973285989585642,0.00016119868416086943,6.806390390030243e-06,23.683432028375496,20.0,0.047619047619047616,0.0,0.0021276162543660266,0.00021008628149647018,6.944444444444447e-05,4.012861925635667e-07,6
b,58238,2025-08-02 00:24:00,LC,118.8994,31.9317,40.6,5860.0,289.8,7.7,0.2,100,100,1.1e-16,Z_RADA_I_58238_20250802002400_P_WPRD_LC_ROBS.TXT,b__2025-08-02 00:24:00,-1.73616,491.07091116937465,332.63255040486854,7.244781920947536,-2.6082819858887474,0.004936135960690091,6.111260868591102e-05,-0.0010257944672361725,0.00014552682129269145,1.0559890399527402e-06,137.8109201769787,20.0,0.047619047619047616,0.0,0.0012915930512810648,0.00014139719519251008,0.0,3.7391209953379464e-07,6
b,58238,2025-08-02 00:24:00,LC,118.8994,31.9317,40.6,6100.0,292.2,7.7,0.2,100,100,5.5e-17,Z_RADA_I_58238_20250802002400_P_WPRD_LC_ROBS.TXT,b__2025-08-02 00:24:00,-3.139,476.41989058261805,333.79232775198204,7.12920350303696,-2.9093740585021948,0.005179191789878357,-0.0019415713252327951,-0.0008673296994273572,0.00015216203891884987,4.521960018474982e-06,33.649576355645465,20.0,0.047619047619047616,0.0,0.0006109752888109992,0.00012354028385528503,0.0,2.291503324204466e-07,6
b,58238,2025-08-02 00:24:00,LC,118.8994,31.9317,40.6,6340.0,295.6,7.0,0.3,100,100,2.7e-17,Z_RADA_I_58238_20250802002400_P_WPRD_LC_ROBS.TXT,b__2025-08-02 00:24:00,-4.41592,462.1363656961046,335.11856246401015,6.312827684835795,-3.0246002416138786,0.005525977966783794,-0.0034015659091715224,-0.0004801090962986828,0.00016170793831744293,1.1801155378786624e-05,13.702720888509264,13.702720888509264,0.06801462175491191,0.0,0.0004962870014278873,0.0002510194791551716,0.0,7.781024735906119e-08,6
b,58238,2025-08-02 00:30:00,LC,118.8994,31.9317,40.6,100.0,193.4,5.8,0.7,100,100,4.6e-15,Z_RADA_I_58238_20250802003000_P_WPRD_LC_ROBS.TXT,b__2025-08-02 00:30:00,25.065,979.6170359080018,299.9765971167254,1.3441378402661124,5.6421000936145,0.007197082110008068,0.005384850250780607,0.00894874573354234,0.00023528257188225646,0.00010907666242692422,2.15703860612607,2.15703860612607,0.31675254083353677,0.0,0.004698939143570947,0.0011526520370565836,0.0001388888888888887,1.8620797799576988e-06,6
b,58238,2025-08-02 00:30:00,LC,118.8994,31.9317,40.6,160.0,195.1,6.4,0.8,100,100,6.9e-15,Z_RADA_I_58238_20250802003000_P_WPRD_LC_ROBS.TXT,b__2025-08-02 00:30:00,24.9076,972.904620425753,300.40842204332586,1.6672288553129488,6.179024837627041,0.0074177131833335075,0.005322081222474169,0.008057292673484776,0.00024214672975728463,9.324451376480359e-05,2.596900557260305,2.596900557260305,0.27801713838919195,0.0,0.0044129926701250025,0.0009576396275142431,0.00018518518518518515,1.989122933378182e-06,6
b,58238,2025-08-02 00:30:00,LC,118.8994,31.9317,40.6,220.0,196.7,6.9,0.9,100,100,7e-15,Z_RADA_I_58238_20250802003000_P_WPRD_LC_ROBS.TXT,b__2025-08-02 00:30:00,24.775599999999997,966.2349731092092,300.86672269872537,1.9827875869630125,6.608975214432673,0.008080539362706585,0.006081333661277987,0.006850056814139957,0.00026338247257951815,8.390589745673798e-05,3.139022173206819,3.139022173206819,0.24160295793371486,0.0,0.005882134986841811,0.000769644128447186,0.0001388888888888887,2.7064492705555357e-06,6
b,58238,2025-08-02 00:30:00,LC,118.8994,31.9317,40.6,280.0,198.9,7.4,1.0,100,100,5.5e-15,Z_RADA_I_58238_20250802003000_P_WPRD_LC_ROBS.TXT,b__2025-08-02 00:30:00,24.6952,959.608695677155,301.37808676685063,2.396988894666307,7.001031655323835,0.008102354368594078,0.008019423917274747,0.0033098728136660843,0.000263645423996078,7.526641800760408e-05,3.5028294287824644,3.5028294287824644,0.22208258514255858,0.0,0.007563135286252161,0.0005280237000718066,0.00018518518518518515,2.6983818292830394e-06,6
b,58238,2025-08-02 00:30:00,LC,118.8994,31.9317,40.6,340.0,202.8,7.6,1.0,100,100,4e-15,Z_RADA_I_58238_20250802003000_P_WPRD_LC_ROBS.TXT,b__2025-08-02 00:30:00,24.564,953.0255298375725,301.83900522295664,2.9451184570359823,7.006159952072603,0.0074798090432124376,0.0077170419709586754,-0.002311528562066935,0.00024301653558471374,6.4895901074789e-05,3.7447131723257896,3.7447131723257896,0.21076089611330803,0.0,0.008091852296611163,0.0003940368434770743,0.0,2.036331658390998e-06,6
b,58238,2025-08-02 00:30:00,LC,118.8994,31.9317,40.6,400.0,206.3,7.5,0.9,100,100,5e-15,Z_RADA_I_58238_20250802003000_P_WPRD_LC_ROBS.TXT,b__2025-08-02 00:30:00,24.408,946.4843825697379,302.27566385203613,3.3230339311813486,6.723648227875803,0.006874688660007955,0.009314109334038069,-0.005849253548791435,0.00022303371924994907,0.00012096639976446428,1.8437658695656132,1.8437658695656132,0.3516463892833592,0.0,0.008858810065444376,0.0001869944286129323,3.0839528461809905e-19,1.7602964352599995e-06,6
b,58238,2025-08-02 00:30:00,LC,118.8994,31.9317,40.6,460.0,212.8,7.5,0.9,100,100,2.6e-15,Z_RADA_I_58238_20250802003000_P_WPRD_LC_ROBS.TXT,b__2025-08-02 00:30:00,24.2036,939.9842086221073,302.6639678621576,4.06281157712055,6.304249526217631,0.0063201960471537255,0.009295790861050486,-0.0035969375891276092,0.00020478139833958575,9.934968775246888e-05,2.0612183387007863,2.0612183387007863,0.3266673230581817,0.0,0.009511156385841584,0.0002693193220719833,0.0003240740740740742,7.479669234470023e-07,6
b,58238,2025-08-02 00:30:00,LC,118.8994,31.9317,40.6,520.0,215.2,7.7,0.9,100,100,3e-15,Z_RADA_I_58238_20250802003000_P_WPRD_LC_ROBS.TXT,b__2025-08-02 00:30:00,23.9806,933.524050622687,303.03408737769456,4.438528834507407,6.29201571718049,0.0058718908527448654,0.00863586796582215,-0.002252174166699636,0.00019002343574404425,7.96505040002624e-05,2.3857154217557524,2.3857154217557524,0.29535855068451783,0.0,0.0092632576389648,0.0002215249530024585,0.0002777777777777777,9.470218168029786e-08,6
b,58238,2025-08-02 00:30:00,LC,118.8994,31.9317,40.6,580.0,220.2,7.9,0.8,100,100,1.7e-15,Z_RADA_I_58238_20250802003000_P_WPRD_LC_ROBS.TXT,b__2025-08-02 00:30:00,23.721999999999998,927.1031067667781,303.368594764487,5.099115733019208,6.033988626213675,0.005203868067919615,0.00898689596148293,-0.004155340214006251,0.00016821949822420402,9.80311513166557e-05,1.7159800325187367,1.7159800325187367,0.3681912193855944,0.0,0.008481539203172466,0.0003493909863005985,0.00023148148148148157,5.33180965085982e-07,6
b,58238,2025-08-02 00:30:00,LC,118.8994,31.9317,40.6,640.0,223.6,8.0,0.8,100,100,1.9e-15,Z_RADA_I_58238_20250802003000_P_WPRD_LC_ROBS.TXT,b__2025-08-02 00:30:00,23.4192,920.720315180677,303.65855154584494,5.516956349885358,5.79337489149974,0.004646076617720762,0.005182016436139879,-0.0048832852558490306,0.00015004499965907433,5.069976923441638e-05,2.9594809192389717,2.9594809192389717,0.2525583581274598,0.0,0.008167040669843017,0.0002770690768027446,0.00032407407407407385,5.297186960979133e-08,6
b,58238,2025-08-02 00:30:00,LC,118.8994,31.9317,40.6,700.0,226.4,7.9,0.8,100,100,1.7e-15,Z_RADA_I_58238_20250802003000_P_WPRD_LC_ROBS.TXT,b__2025-08-02 00:30:00,23.094,914.3747747997915,303.9261239586135,5.720957705355994,5.447994395511791,0.004054890120572363,0.004677501124875957,-0.0062259094427210004,0.00013083734850751383,6.064096516217837e-05,2.157573649390343,2.157573649390343,0.3166988678769465,0.0,0.009074631397970672,0.0001752632847736999,0.0003240740740740742,1.200109700187524e-06,6
b,58238,2025-08-02 00:30:00,LC,118.8994,31.9317,40.6,760.0,230.3,7.9,0.8,100,100,1.5e-15,Z_RADA_I_58238_20250802003000_P_WPRD_LC_ROBS.TXT,b__2025-08-02 00:30:00,22.721,908.0655616776339,304.14513836031364,6.078256484870473,5.04626575837322,0.0036795846824921874,0.004434045430924294,-0.007956058900580737,0.00011864203820944743,8.295963211301058e-05,1.4301176992664215,1.4301176992664215,0.4115027022361384,0.0,0.009265338891247869,5.745123054971711e-05,0.0003703703703703703,8.976892735424838e-07,6
b,58238,2025-08-02 00:30:00,LC,118.8994,31.9317,40.6,820.0,234.3,7.7,0.8,100,100,1.1e-15,Z_RADA_I_58238_20250802003000_P_WPRD_LC_ROBS.TXT,b__2025-08-02 00:30:00,22.351,901.7920374012872,304.36767412051256,6.25304315706691,4.493267327442102,0.0037097520318727373,0.0036135472513393434,-0.008287285336504519,0.0001195272785406253,8.173682198630494e-05,1.4623431109256018,1.4623431109256018,0.4061172448156899,0.0,0.007426330696725951,0.0003275066894821525,0.0003703703703703703,3.055243548727529e-07,6
b,58238,2025-08-02 00:30:00,LC,118.8994,31.9317,40.6,940.0,241.5,7.8,0.8,100,100,4.4e-16,Z_RADA_I_58238_20250802003000_P_WPRD_LC_ROBS.TXT,b__2025-08-02 00:30:00,21.61,889.3514897345754,304.81304181119106,6.854773478763329,3.721838330024948,0.003477886196191493,0.0011190332405262744,-0.005055160989775249,0.00011189289166638639,2.680688802594821e-05,4.174035104637198,4.174035104637198,0.19327275130077023,0.0,0.004420458711207339,4.996263873145663e-05,0.0005092592592592593,2.6581968679321375e-07,6
b,58238,2025-08-02 00:30:00,LC,118.8994,31.9317,40.6,1060.0,243.3,7.3,0.8,100,100,2.2e-16,Z_RADA_I_58238_20250802003000_P_WPRD_LC_ROBS.TXT,b__2025-08-02 00:30:00,20.8132,877.0507358768436,305.20236680759854,6.521611134793215,3.2800286898960427,0.0039019152006054547,-0.0033225849834838117,-0.0035772526888781554,0.0001253749015850188,2.3836307772558114e-05,5.259828945880554,5.259828945880554,0.15974877407122706,0.0,0.004197393449256565,0.00014477868705640258,0.0005555555555555554,4.970969153748258e-07,6
b,58238,2025-08-02 00:30:00,LC,118.8994,31.9317,40.6,1180.0,244.7,6.7,0.8,100,100,1.9e-16,Z_RADA_I_58238_20250802003000_P_WPRD_LC_ROBS.TXT,b__2025-08-02 00:30:00,20.1666,864.8905164175073,305.7495014593364,6.057353082727214,2.8632976846941904,0.004377100623162322,-0.001465673627414673,-0.0039013447416763915,0.0001403917050436912,1.7368689975504916e-05,8.083033622091579,8.083033622091579,0.11009537579689448,0.0,0.0034310198549570943,0.0003491831873535738,0.0005092592592592591,4.0484206274949634e-07,6
b,58238,2025-08-02 00:30:00,LC,118.8994,31.9317,40.6,1300.0,249.2,6.6,0.7,100,100,2.2e-16,Z_RADA_I_58238_20250802003000_P_WPRD_LC_ROBS.TXT,b__2025-08-02 00:30:00,19.476,852.8717195967303,306.2528709571575,6.169849464213693,2.3437059518937087,0.00443649456598072,0.0003066424747174626,-0.0029343763643754853,0.00014206282964629303,8.70459425510634e-06,16.320442456344853,16.320442456344853,0.05773524565093765,0.0,0.0026752323052995825,0.0003470487597846807,0.0005092592592592593,1.9900942704749255e-08,6
b,58238,2025-08-02 00:30:00,LC,118.8994,31.9317,40.6,1420.0,250.6,6.5,0.9,100,100,2.7e-16,Z_RADA_I_58238_20250802003000_P_WPRD_LC_ROBS.TXT,b__2025-08-02 00:30:00,18.8388,840.993212318786,306.8142601551717,6.1309472766594055,2.159047357244074,0.004737667393612588,0.0014163463291848415,-0.001576207219463742,0.00015142922601470136,4.490466122884996e-06,33.722384685849136,20.0,0.047619047619047616,0.0,0.002806427156155638,0.00013876508213764706,0.0006018518518518519,4.877464713145802e-07,6
b,58238,2025-08-02 00:30:00,LC,118.8994,31.9317,40.6,1540.0,253.2,6.8,0.8,100,100,2.9e-16,Z_RADA_I_58238_20250802003000_P_WPRD_LC_ROBS.TXT,b__2025-08-02 00:30:00,18.213,829.2549634306757,307.3899111316245,6.509772583218056,1.9654162192224107,0.005232258066800943,0.004319033815385266,-0.0013280924676006035,0.00016692455319010813,2.041788270093887e-05,8.175409548338354,8.175409548338354,0.10898696071622195,0.0,0.002589085487374211,0.0003311815586976988,0.00037037037037037046,3.327680919662553e-07,6
b,58238,2025-08-02 00:30:00,LC,118.8994,31.9317,40.6,1660.0,255.6,7.4,0.5,100,100,1.9e-16,Z_RADA_I_58238_20250802003000_P_WPRD_LC_ROBS.TXT,b__2025-08-02 00:30:00,17.6838,817.6577553360671,308.07000209120395,7.167515392351869,1.8403051650199294,0.006233453760448038,0.003827450888984469,-0.0014972823590060627,0.00019842665272485846,1.6891234770178763e-05,11.747314830717878,11.747314830717878,0.07844789379409123,0.0,0.0012729759226511247,0.00041890145223039994,0.00041666666666666675,3.2498719095936484e-07,6
b,58238,2025-08-02 00:30:00,LC,118.8994,31.9317,40.6,1780.0,257.8,7.6,0.5,100,100,1.4e-16,Z_RADA_I_58238_20250802003000_P_WPRD_LC_ROBS.TXT,b__2025-08-02 00:30:00,17.28,806.2045137257901,308.88594003413203,7.428360796574328,1.6060684530609557,0.0066480536340212115,-0.0004879631494798149,-0.001584319326887667,0.00021106540220921035,2.74817576480005e-06,76.80200259118685,20.0,0.047619047619047616,0.0,0.00017599152867044042,0.00046253144957670043,0.00037037037037037046,3.2729993276587797e-07,6
b,58238,2025-08-02 00:30:00,LC,118.8994,31.9317,40.6,1900.0,258.3,7.2,0.5,100,100,2.3e-16,Z_RADA_I_58238_20250802003000_P_WPRD_LC_ROBS.TXT,b__2025-08-02 00:30:00,16.839,794.895380077763,309.66553496336905,7.050404236476713,1.4600685265668891,0.0064092040809864415,-0.004667195412105626,0.0013941570561343828,0.00020297002444343918,2.3726386911949094e-05,8.554611589058227,8.554611589058227,0.10466150200654753,0.0,0.0012222241542237857,0.0003491217047873859,0.0002777777777777779,3.1478496042146505e-08,6
b,58238,2025-08-02 00:30:00,LC,118.8994,31.9317,40.6,2020.0,252.9,6.6,0.6,100,100,2.8e-16,Z_RADA_I_58238_20250802003000_P_WPRD_LC_ROBS.TXT,b__2025-08-02 00:30:00,16.37544,783.7276041210031,310.42414901356875,6.308233897668978,1.9406661465332078,0.006205576285975456,-0.004318362746125962,0.0028242264909558753,0.00019604117423931852,2.66245120793455e-05,7.363183732910598,7.363183732910598,0.11957168847849463,0.0,0.0016595864575990158,0.0004720575354509691,0.00046296296296296303,1.7916028683109955e-07,6
b,58238,2025-08-02 00:30:00,LC,118.8994,31.9317,40.6,2260.0,251.6,6.5,0.4,100,100,3.1e-16,Z_RADA_I_58238_20250802003000_P_WPRD_LC_ROBS.TXT,b__2025-08-02 00:30:00,15.362,761.8054099426575,311.8577077386723,6.167694075689228,2.0517187401561645,0.006064101594731919,-0.0004978385507277139,0.000187674280123719,0.0001906912044444663,2.830648580106267e-07,673.6661194350993,20.0,0.047619047619047616,0.0,0.00130426575324601,0.0005111966688674056,0.00041666666666666664,1.2108817405303618e-07,6
b,58238,2025-08-02 00:30:00,LC,118.8994,31.9317,40.6,2500.0,251.5,6.4,0.4,100,100,8.4e-17,Z_RADA_I_58238_20250802003000_P_WPRD_LC_ROBS.TXT,b__2025-08-02 00:30:00,14.378,740.4235771542776,313.3349177790401,6.069271393319675,2.030749800992593,0.005755695902499358,-0.0005740552819289823,-0.0009852553438141434,0.00018013981851218065,1.3002675592248892e-06,138.54057746358367,20.0,0.047619047619047616,0.0,0.0012508139903654283,0.00032591818035068037,0.00037037037037037035,3.414124838239261e-07,6
b,58238,2025-08-02 00:30:00,LC,118.8994,31.9317,40.6,2740.0,255.0,6.1,0.3,100,100,1.4e-16,Z_RADA_I_58238_20250802003000_P_WPRD_LC_ROBS.TXT,b__2025-08-02 00:30:00,13.20776,719.5649488690535,314.620441771872,5.892147540363316,1.5787961751253758,0.005710342687263781,-0.0012498054888506992,-0.001725483268452164,0.00017799012613001124,4.539306269669698e-06,39.2108651754319,20.0,0.047619047619047616,0.0,0.0012931973536418988,0.00032531840065218564,0.00023148148148148152,4.761244262375887e-07,6
b,58238,2025-08-02 00:30:00,LC,118.8994,31.9317,40.6,2980.0,257.6,5.6,0.2,100,100,7e-17,Z_RADA_I_58238_20250802003000_P_WPRD_LC_ROBS.TXT,b__2025-08-02 00:30:00,12.18196,699.2171963347173,316.0758822689267,5.46936475867134,1.202517832135554,0.005999911485118914,-0.0017282025946310075,-0.0008153576053124283,0.00018615476620098274,3.651492232630164e-06,50.98046342190786,20.0,0.047619047619047616,0.0,0.0012319199632677997,0.0001600379498180655,0.0002777777777777778,3.999675584353618e-07,6
b,58238,2025-08-02 00:30:00,LC,118.8994,31.9317,40.6,3220.0,256.8,5.2,0.2,100,100,2.4e-16,Z_RADA_I_58238_20250802003000_P_WPRD_LC_ROBS.TXT,b__2025-08-02 00:30:00,11.11756,679.373312117483,317.50039928472904,5.062610294940433,1.1874245245754103,0.00572287138308003,-0.001179773887371404,-0.00046413981442284136,0.00017676260179613927,1.607292192655904e-06,109.97539999497862,20.0,0.047619047619047616,0.0,0.0007789530285810304,0.00021809608011474032,0.0002777777777777778,3.0404262848005764e-07,6
b,58238,2025-08-02 00:30:00,LC,118.8994,31.9317,40.6,3460.0,258.7,5.0,0.0,100,100,8.8e-17,Z_RADA_I_58238_20250802003000_P_WPRD_LC_ROBS.TXT,b__2025-08-02 00:30:00,9.951640000000001,660.0178840838614,318.8228605328051,4.903073292733065,0.9797307212125901,0.005588960589433256,-0.00034917355388954137,0.0005082826894179352,0.00017191044667490553,3.8027346309778155e-07,452.07058434866747,20.0,0.047619047619047616,0.0,0.000490932983433868,0.00019480821400823264,0.0,3.5666620384753293e-07,6
b,58238,2025-08-02 00:30:00,LC,118.8994,31.9317,40.6,3700.0,253.7,5.1,0.3,100,100,1.3e-16,Z_RADA_I_58238_20250802003000_P_WPRD_LC_ROBS.TXT,b__2025-08-02 00:30:00,8.8094,641.1381957723354,320.183100367657,4.895006989073453,1.431400215496019,0.0058428017768608065,0.0006175986204167705,0.0022915190788931816,0.00017895482921883769,5.632487744872154e-06,31.77189855082403,20.0,0.047619047619047616,0.0,0.00037302498866014557,8.153003120273217e-05,0.00023148148148148152,1.0580122249175701e-07,6
b,58238,2025-08-02 00:30:00,LC,118.8994,31.9317,40.6,3940.0,248.2,5.6,0.4,100,100,9e-17,Z_RADA_I_58238_20250802003000_P_WPRD_LC_ROBS.TXT,b__2025-08-02 00:30:00,7.73092,622.727253825862,321.6274053856983,5.199520630533115,2.0796598790813174,0.005844049730172052,0.001537670266652193,0.0006731490449227466,0.00017818926287598052,2.8175594856266322e-06,63.24241379285406,20.0,0.047619047619047616,0.0,0.0005355742347402865,0.00020610823026992545,0.00023148148148148157,1.0095692937362815e-08,6
b,58238,2025-08-02 00:30:00,LC,118.8994,31.9317,40.6,4180.0,252.7,5.9,0.5,100,100,1.2e-16,Z_RADA_I_58238_20250802003000_P_WPRD_LC_ROBS.TXT,b__2025-08-02 00:30:00,6.56932,604.7745750277479,322.9882442381396,5.633088717066506,1.7545117570589375,0.005483769559517682,0.0007611804376052179,-0.001762404332571107,0.00016649958538798683,3.68546469005828e-06,45.1773655129915,20.0,0.047619047619047616,0.0,0.0010196052469015387,0.00016899005510259015,0.00023148148148148144,1.8288596551871593e-07,6
b,58238,2025-08-02 00:30:00,LC,118.8994,31.9317,40.6,4420.0,257.5,5.7,0.7,100,100,2e-16,Z_RADA_I_58238_20250802003000_P_WPRD_LC_ROBS.TXT,b__2025-08-02 00:30:00,5.32068,587.2652602779938,324.25961477426677,5.56488724058362,1.233705799447186,0.005187252666768449,5.586391487657355e-05,-0.002249185703566422,0.00015687914574245593,5.061957106112918e-06,30.991796740633305,20.0,0.047619047619047616,0.0,0.0020006249947712358,0.00023891173222501653,0.0002777777777777777,4.17843291830759e-07,6
b,58238,2025-08-02 00:30:00,LC,118.8994,31.9317,40.6,4660.0,263.2,5.7,0.7,100,100,2.4e-16,Z_RADA_I_58238_20250802003000_P_WPRD_LC_ROBS.TXT,b__2025-08-02 00:30:00,4.01764,570.1859292309861,325.47812551818845,5.659903396207261,0.6749026193470549,0.005414643621823978,0.00027741564953553434,-0.002881071676670964,0.00016314311380963387,8.377533448722862e-06,19.47388390726207,19.47388390726207,0.04884271125740343,0.0,0.0027649209662768243,0.0002027502758077025,9.259259259259257e-05,4.5700599697407986e-07,6
b,58238,2025-08-02 00:30:00,LC,118.8994,31.9317,40.6,4900.0,271.5,5.7,0.5,100,100,1.2e-16,Z_RADA_I_58238_20250802003000_P_WPRD_LC_ROBS.TXT,b__2025-08-02 00:30:00,2.8432,553.5301553359798,326.8586437127423,5.698046752360677,-0.14920860535487676,0.006201193216306966,0.0012357028315272238,-0.0030055822558322605,0.00018605269471821517,1.0560486184418138e-05,17.617815266188554,17.617815266188554,0.053711994973764735,0.0,0.0031394156504408887,0.00032528837108243254,4.629629629629613e-05,3.575823934081981e-07,6
b,58238,2025-08-02 00:30:00,LC,118.8994,31.9317,40.6,5140.0,277.0,6.3,0.4,100,100,1.1e-16,Z_RADA_I_58238_20250802003000_P_WPRD_LC_ROBS.TXT,b__2025-08-02 00:30:00,1.84008,537.2979776977861,328.45469826201577,6.253040755340328,-0.7677768634524303,0.006625626229331272,0.0025357971152512263,-0.0030416993280141637,0.0001978208800351497,1.5682201811758257e-05,12.614356224317103,12.614356224317103,0.0734518756174356,0.0,0.0031170219975690597,0.0004823889559060051,0.0,2.1451635779844977e-07,6
b,58238,2025-08-02 00:30:00,LC,118.8994,31.9317,40.6,5380.0,283.1,7.1,0.2,100,100,5.8e-17,Z_RADA_I_58238_20250802003000_P_WPRD_LC_ROBS.TXT,b__2025-08-02 00:30:00,0.81572,521.4844752756463,330.03894430282133,6.915229367681265,-1.6092242828016754,0.006237514706700198,0.0020397431544654197,-0.0032669446496377133,0.0001853391081700251,1.4833479479985023e-05,12.494648232743046,12.494648232743046,0.07410345069785719,0.0,0.0027110080203228224,0.00041991745295885387,9.259259259259249e-05,7.004253385508615e-08,6
b,58238,2025-08-02 00:30:00,LC,118.8994,31.9317,40.6,5620.0,287.9,7.6,0.1,100,100,6.9e-17,Z_RADA_I_58238_20250802003000_P_WPRD_LC_ROBS.TXT,b__2025-08-02 00:30:00,-0.3641199999999999,506.07541890046434,331.4487053212319,7.23211746948373,-2.335910295278533,0.005460470457795963,0.0007881036895065769,-0.0017906161348083985,0.00016156021054010902,3.8274135676500476e-06,42.21132827286904,20.0,0.047619047619047616,0.0,0.002078387775536644,0.0001018599414461679,4.629629629629629e-05,3.163137142572943e-07,6
b,58238,2025-08-02 00:30:00,LC,118.8994,31.9317,40.6,5860.0,288.7,7.7,0.2,100,100,1.1e-16,Z_RADA_I_58238_20250802003000_P_WPRD_LC_ROBS.TXT,b__2025-08-02 00:30:00,-1.7166,491.053115176533,332.6599701225634,7.293519138644422,-2.4687200275097068,0.0049439008695441045,-0.0003251943102677377,-0.0009107359701820287,0.00014574373178850416,9.351913468139107e-07,155.84375570308288,20.0,0.047619047619047616,0.0,0.0013133262373292562,9.730269377875718e-05,0.0,2.817071290285209e-07,6
b,58238,2025-08-02 00:30:00,LC,118.8994,31.9317,40.6,6100.0,291.4,7.6,0.2,100,100,6.4e-17,Z_RADA_I_58238_20250802003000_P_WPRD_LC_ROBS.TXT,b__2025-08-02 00:30:00,-3.1178,476.40371200218004,333.82177773861304,7.076024200555215,-2.7730635609659067,0.005189655388622927,-0.0019245630052262905,-0.0009044430647582626,0.00015245600320506662,4.52196001847497e-06,33.714584512510214,20.0,0.047619047619047616,0.0,0.0006329017819382299,6.773923392862079e-05,0.0,1.5234397180335064e-07,6
b,58238,2025-08-02 00:30:00,LC,118.8994,31.9317,40.6,6340.0,294.5,7.0,0.3,100,100,3e-17,Z_RADA_I_58238_20250802003000_P_WPRD_LC_ROBS.TXT,b__2025-08-02 00:30:00,-4.39232,462.12184211736434,335.1510047091024,6.369728896135802,-2.9028526985936725,0.005538445710372267,-0.0029428971017475547,-0.000540788073449024,0.0001620570962416306,8.953095091858863e-06,18.10067854512019,18.10067854512019,0.052354161012540486,0.0,0.0005160143205129502,1.6970710612192904e-05,0.0,8.31349604405651e-08,6
