样本编号,温度_oC,频率_Hz,磁芯材料,励磁波形,磁通密度峰值B_m_T,对数磁通密度峰值,磁通密度_RMS_T,磁通密度_绝对均值_T,磁通密度_标准差_T,磁通密度_均值_T,磁通密度_最大绝对值_T,磁通密度_峰峰值_T,波峰因子,波形因子,偏度,超额峰度,斜率RMS归一化,最大斜率归一化,总变差归一化,THD_2_10,频谱质心归一化,近峰值点比例,过零数,H2_ratio,H3_ratio,H4_ratio,H5_ratio,H6_ratio,H7_ratio,H8_ratio,H9_ratio,H10_ratio,对数频率,对数频率×对数B_m,频率×B_m
1,25,56320.0,材料1,正弦波,0.062604294,-2.770921408979361,0.04423170896820041,0.039799053049804675,0.04423170896820044,2.929709458210616e-12,0.062770702,0.125208588,1.419133546142833,1.1113759142170718,-0.005736733365229795,-1.4967619104461658,0.002167732132883195,0.0030501581888296688,2.0,0.004378787212996954,0.0020706662499813365,0.283203125,2.0,0.0029326646926371718,0.003228219142152254,0.000221281311092257,0.0002610814683994707,6.260133669945984e-05,5.861953088065999e-05,5.919038742444182e-05,0.00015261626001186927,2.4022368444666878e-05,10.938804990831924,-30.310568937746464,3525.8738380800005
2,25,79460.0,材料1,正弦波,0.0624142795,-2.7739611916451827,0.04417200481300538,0.03975051255957032,0.044172004813005386,-3.222655002508853e-11,0.062586738,0.124828559,1.4168869686796024,1.1112310752423378,-0.005753566873160192,-1.4978422362784567,0.002171379185307239,0.0030813141085767066,2.0000000000000004,0.003933528116638214,0.002097373526967735,0.2861328125,2.0,0.003312008971902229,0.0019031825059481918,6.193694518013648e-05,0.000827300362463856,8.094880900031197e-05,0.00042532636507573534,2.902424733076833e-05,5.966257254907571e-05,3.189094794458732e-05,11.28300902936859,-31.29862917245065,4959.43864907
3,25,89080.0,材料1,正弦波,0.070264728,-2.6554853414964814,0.04972266952122066,0.044758699594726635,0.04972266952122062,-4.0039036667290204e-11,0.070508669,0.140529456,1.4180386869596429,1.1109051418258558,-0.007507406785909539,-1.499074263815867,0.002171134361535803,0.0030838161075639548,1.999999999999999,0.004538434671946746,0.002062470626873267,0.28515625,2.0,0.004279580124672908,0.0014151425501933036,6.077683837687486e-05,0.00028537681154496854,4.886340328355248e-05,0.0003690422597523547,3.4157815259626916e-05,0.00023298461498929028,2.815374195573684e-05,11.397290121371304,-30.26533685008415,6259.18197024
4,25,99950.0,材料1,正弦波,0.0621677125,-2.777919505651582,0.04401203773486777,0.03962200937597655,0.044012037734867795,1.0742222050748936e-11,0.062309724,0.124335425,1.4157427650898382,1.110797721469244,-0.005260900129691817,-1.4997314259001993,0.0021720645575753323,0.003095167768960456,2.000000000000001,0.004060121755186433,0.002065362920052053,0.2861328125,2.0,0.003910591938087638,0.0009227231559717374,0.00011312085765598085,0.0003474324649515471,4.907280996588414e-05,0.00039779526296432837,2.8205606162885187e-05,0.0002108486190758841,3.215250684671923e-05,11.512425339928546,-31.980590909145054,6213.662864375
5,25,99950.0,材料1,正弦波,0.0787659355,-2.541274666191963,0.05573600266098619,0.05017334685449213,0.0557360026609862,1.2695279994781144e-11,0.078981397,0.157531871,1.4170624592582237,1.1108687411789835,-0.006198719161226518,-1.4993407115918616,0.0021710344821849275,0.0030933613427342596,2.000000000000001,0.0048377852943274685,0.0020461619437327347,0.28515625,2.0,0.0046496075604398925,0.0012748983299822579,0.0001298496453443368,0.0002684682691648697,4.05777634431691e-05,0.0002196193513882482,3.252281172803781e-05,0.0001407148241537176,1.6630837795113088e-05,11.512425339928546,-29.256234862786812,7872.655253225
6,25,112160.0,材料1,正弦波,0.044040051499999996,-3.122655797736879,0.031199268535910922,0.02808408000488279,0.03119926853591092,-2.9297086039778886e-12,0.044106851,0.08808010299999999,1.4137142654236339,1.1109236453708478,-0.0029252066833003643,-1.4997225560621765,0.002173513725862841,0.0030941153645108704,2.0000000000000013,0.0031835659979714873,0.002078778581947623,0.2890625,2.0,0.0029774974846092416,0.00032503075609948497,9.047428385525702e-05,0.000996305826835312,7.143815589840693e-05,0.0003944057327278939,3.632374586851047e-05,2.6790957189940386e-05,2.1185880256526532e-05,11.627681702268417,-36.30924768182749,4939.53217624
7,25,158500.0,材料1,正弦波,0.017457063000000002,-4.048010955778503,0.012369720979076257,0.01113875589160157,0.012369720979076251,3.613280267911602e-11,0.017464453,0.034914126000000004,1.4118712159750113,1.110511900920893,-0.0007645266771603121,-1.5015668437047776,0.002173922737337363,0.00308786191583315,2.0000000000000004,0.0012950095839610709,0.0020401759008919786,0.2900390625,2.0,0.0008708293029758863,0.0007887065944673603,3.8533770656495615e-05,0.00045040168420931004,1.0000380387704427e-05,0.00019508202249149056,4.083579975847728e-06,0.0002320554946944912,1.667619570144114e-05,11.973509872299472,-48.468899142190324,2766.9444855
8,25,177820.0,材料1,正弦波,0.0141795745,-4.255952765380562,0.010032658176290184,0.009033078096679695,0.010032658176290172,4.1992182540912694e-11,0.014183858,0.028359149,1.4137686892911587,1.110657747991563,-0.0006226426104851079,-1.5002622844495808,0.0021707194850828005,0.0030775958756731384,1.9999999999999984,0.0007366295303874865,0.00200032397731039,0.2880859375,2.0,0.0006489813196834995,0.00026213860302266287,2.9782399356658603e-05,2.476223820044826e-05,2.1923246190819836e-05,0.0001980073191942972,1.9643461264479015e-06,0.00010644415985856145,1.4413874988655936e-05,12.08852708167513,-51.44820026263309,2521.41193759
9,25,223850.0,材料1,正弦波,0.110438025,-2.203300775093487,0.07824847267088339,0.07046252932128903,0.07824847267088347,2.8320251575589476e-11,0.110722719,0.22087605,1.4150144433579521,1.1104976421452695,-0.005548707464495582,-1.5014162172917787,0.0021738547980512156,0.00311114763234855,2.0000000000000027,0.0053634110244151255,0.002039952302205743,0.2880859375,2.0,0.005279024417866127,0.00077275839820307,4.906130132312841e-05,0.0003378538722387361,5.432864049648909e-06,0.0003673854148429608,2.674463683545937e-05,0.00021990026622968734,1.727015879567702e-05,12.318731463669112,-27.14187058207068,24721.55189625
10,25,281850.0,材料1,正弦波,0.019504699,-3.937099868083119,0.013828844227197937,0.012454332716796874,0.01382884422719794,-6.445313037406245e-11,0.019514062,0.039009398,1.4111130098363995,1.110364123205677,-0.0009393010482753437,-1.5022529680372014,0.002175228560845704,0.003096689674626612,1.9999999999999964,0.0017697370648317513,0.00202696400601277,0.291015625,2.0,0.001159364187675028,0.0011350542574263731,2.312178658614603e-05,0.0005460863412713632,4.484506292012566e-05,0.00043298557725749527,2.0550279072491913e-05,0.00010231427358181346,1.9307206070849207e-05,12.549130293509721,-49.407179223134996,5497.39941315
11,50,56320.0,材料1,正弦波,0.07900845349999999,-2.5382004259107704,0.05583045906802385,0.05024272495117194,0.05583045906802388,-1.3671867139961275e-11,0.079223667,0.15801690699999998,1.4190043987185177,1.1112147902463951,-0.005766899346416919,-1.4972562688477633,0.002168030395393439,0.003068310911819075,2.0000000000000027,0.0039810444962796775,0.0020503436557123365,0.2841796875,2.0,0.0032444056146070962,0.0022827213862937567,7.664723371558194e-05,0.00012589942960168228,2.173885247345918e-05,0.00028887198867735755,3.0212580935218826e-05,7.121559109602953e-05,1.005151731324518e-05,10.938804990831924,-27.764879486684453,4449.75610112
12,50,70840.0,材料1,正弦波,0.176041024,-1.7370382201963597,0.12481868811153671,0.11243808435644541,0.12481868811153661,2.92974684836249e-12,0.177033983,0.352082048,1.4183291434837406,1.1101104116630354,-0.011715419587439225,-1.5031355706880292,0.0021756012202916748,0.0031285605337083256,2.000000000000001,0.008090063513629012,0.0020988699192289457,0.283203125,2.0,0.007065276091329744,0.003912225463665352,0.00013180038682227932,0.00013460031630787957,5.6233943614743324e-05,0.0003704548908298313,9.222300063894461e-06,0.00022112247781344138,2.500917032636514e-05,11.16817909189677,-19.39955393262256,12470.74614016
13,50,112160.0,材料1,正弦波,0.0312007295,-3.4673138030297848,0.022098556130044193,0.019897183107421865,0.022098556130044206,-2.5390620815845264e-11,0.031238584,0.062401459,1.4136029438380113,1.1106374209222205,-0.002243852353276924,-1.501073288169455,0.0021729730709205753,0.0030743191437238673,2.000000000000001,0.0018395921807137492,0.002038563616402914,0.2880859375,2.0,0.001661197013113845,0.0005483251094120272,0.0001813426450761484,0.0004884234551595791,5.8635343667086613e-05,0.00010437770944265568,6.48130241221023e-05,0.00018167621291221737,2.9682295909001585e-05,11.627681702268417,-40.316821263512146,3499.47382072
14,50,125850.0,材料1,正弦波,0.02462102,-3.704154729352092,0.017444701130831335,0.015710461420898422,0.017444701130831342,4.882812171639856e-12,0.024629315,0.04924204,1.411850785822335,1.1103875731890336,-0.0006773435603470917,-1.502052556843058,0.0021737632848948325,0.0030923779762170697,1.9999999999999978,0.0015364204533004676,0.0020378555504758714,0.2900390625,2.0,0.001066713935748493,0.0010318911117294894,7.06878118163144e-05,0.0003152034988604351,1.6139710383417017e-05,0.00019124373972581113,1.68483513348824e-05,0.00012620552392068378,2.2661647204933166e-05,11.742846000563462,-43.49731854904045,3098.555367
15,50,141260.0,材料1,正弦波,0.0553123975,-2.8947582093230504,0.03918204263995476,0.03528475339843749,0.0391820426399548,1.9531177032654283e-12,0.055370567,0.110624795,1.4131618279527227,1.1104525004754562,-0.0022631671027504166,-1.501704814339596,0.0021733060916988177,0.0030944690112194094,1.9999999999999984,0.0024362686285102106,0.00202982980253123,0.2890625,2.0,0.0022465555143027435,0.0008646126457793259,1.4980087329613683e-05,0.0003011150446544519,2.484152636611828e-05,0.00018339230663678814,1.636022213187164e-05,0.00012324869471648484,1.535297562346402e-05,11.858357442962912,-34.32707755710398,7813.42927085
16,50,199500.0,材料1,正弦波,0.0122960845,-4.3984744006159096,0.0087181820375723,0.007852720926757813,0.008718182037572292,5.371093570841313e-11,0.012296199,0.024592169,1.4104086089287542,1.110211622046247,7.218230507113876e-05,-1.502947439317739,0.002175289257308713,0.00310668001671589,1.9999999999999998,0.0017177882197655675,0.0020381420332525315,0.291015625,2.0,0.000688016248594998,0.001482433058728685,3.550373104631128e-05,0.0003210092141306233,1.7128374161430987e-05,0.0003677216418992399,1.7887218261686736e-05,0.0001966803704952591,3.160850692755488e-05,12.203569515312056,-53.677088109236784,2453.06885775
17,50,199500.0,材料1,正弦波,0.07801283049999999,-2.550881972230389,0.05527599623261331,0.04978018778906258,0.05527599623261328,-1.9531170961545634e-12,0.078141932,0.15602566099999998,1.4136684515130564,1.1104015209190963,-0.0034110805657388997,-1.5020015616932982,0.0021738626129456473,0.003098368543364159,2.0000000000000018,0.0036086916673558176,0.00202526459823987,0.2880859375,2.0,0.0034346135864044614,0.0010307029727868674,1.687119730244805e-05,0.0003175375812868038,4.2961642820867924e-05,0.00020001531963131987,1.839014077031686e-05,0.0001411521650012076,2.2532851272022566e-05,12.203569515312056,-31.12986547346987,15563.559684749998
18,50,199500.0,材料1,正弦波,0.111054918,-2.197730443264816,0.07857535864246225,0.07073749992871092,0.07857535864246222,2.8320331390021788e-11,0.111302483,0.222109836,1.4165062040181635,1.110802031760386,-0.0047293435967110465,-1.499700566149434,0.002170771803648097,0.0030954684960462536,2.000000000000002,0.00472935295355274,0.002010232072297589,0.28515625,2.0,0.00471232801279645,0.00020259807524042748,5.6279839467236136e-05,0.00023683670126548745,1.3453094856633671e-05,0.00023452283623740764,9.74963294522872e-06,6.9431572745737e-05,1.8474049080216968e-05,12.203569515312056,-26.82015624029976,22155.456141
19,50,251170.0,材料1,正弦波,0.0123724725,-4.39228123381195,0.008767569443221167,0.007896497265625,0.008767569443221173,5.468750098885221e-11,0.012375465,0.024744945,1.4115046456311051,1.110311211198428,-0.0004107517973335587,-1.5024595627457569,0.0021740883029020847,0.0030915405146384437,1.9999999999999976,0.0014108522225591412,0.0020128993132893145,0.2900390625,2.0,0.0005597647191037027,0.0012364363879443167,3.8306153836164824e-05,0.00029681601745558964,3.836611716609713e-05,0.0001978242963060803,1.8725386205442295e-05,0.00013325118755692494,1.0605274387949725e-05,12.433885279692646,-54.61312097736466,3107.593917825
20,50,251170.0,材料1,正弦波,0.1232398425,-2.0936228832486443,0.08726636824728898,0.07857308166894524,0.08726636824728898,6.835917484824969e-12,0.123556221,0.246479685,1.4158515299946426,1.1106395013876569,-0.0056121169471551454,-1.5008046530840413,0.0021725573276757844,0.0031053431442027365,2.000000000000001,0.006015475497725079,0.002018410201144043,0.28515625,2.0,0.005979697986985276,0.0004819548832432496,5.990880182075893e-05,0.00039309669516939504,1.3545167231981392e-05,0.00015844291575097148,2.165351083983146e-05,0.00011251762256875625,1.860492883847066e-05,12.433885279692646,-26.031866749252995,30954.151240725
21,70,63020.0,材料1,正弦波,0.031141534499999998,-3.4692128363337313,0.02204268288244738,0.019842267369140635,0.02204268288244737,-3.71093725834699e-11,0.031214743,0.062283068999999996,1.4161045262260858,1.110895366561228,-0.0046501330797693195,-1.4996411010889565,0.002171609680654756,0.0030715409993685447,1.9999999999999993,0.0023390762893646553,0.00205223798139331,0.28515625,2.0,0.002218070212634501,0.00020194589396487557,0.00016840990299060181,0.0006652413663557669,4.6986522479718914e-05,0.00018312486588779368,4.9034283286561335e-05,3.921366002171499e-05,8.233006444474612e-06,11.051207415311266,-38.33899062218436,1962.53950419
22,70,70840.0,材料1,正弦波,0.1107040075,-2.2008952384774547,0.07842656973081893,0.07062441040820305,0.07842656973081888,-1.3671911066031128e-11,0.111088988,0.221408015,1.4164713359424908,1.110473974614727,-0.007671992418586155,-1.5015376867748116,0.00217355055023475,0.0031033971376329805,2.0000000000000018,0.004961497070553519,0.002057692144105947,0.28515625,2.0,0.004820263275492048,0.0011033683411268366,9.254864301105253e-05,0.0002963103477960698,5.9803032424274626e-05,0.0002002430067140983,1.1662733134347497e-05,0.00015450199609181374,6.9148935680723815e-06,11.16817909189677,-24.579992185819066,7842.271891300001
23,70,79460.0,材料1,正弦波,0.2171642635,-1.5271012371481105,0.1539317829938347,0.1386489070507812,0.15393178299383461,-5.859426424521276e-12,0.218706189,0.434328527,1.4207994265145338,1.1102271649170377,-0.014861255167574224,-1.502874009890462,0.0021749907024148315,0.0031131572437561755,1.999999999999998,0.009110711036108957,0.0020644299829323466,0.2802734375,2.0,0.008504839471694083,0.00324181455803327,0.00014497836026068262,0.00032861666947355065,4.781875158333034e-05,7.667816743672554e-05,2.1941420059034613e-05,0.00015875250334191075,2.3279121969690348e-05,11.28300902936859,-17.230297047502074,17255.872377710002
24,70,89080.0,材料1,正弦波,0.055017399999999994,-2.9001057801457257,0.03901743717273373,0.03513318206933595,0.03901743717273372,-6.83595415118719e-12,0.055152375,0.11003479999999999,1.4135314617368493,1.110558021636985,-0.0051373858009834275,-1.5017961395483768,0.002175835065306227,0.0030983198042801004,2.0000000000000004,0.003318342871703674,0.002082965695377324,0.2890625,2.0,0.002994644863432086,0.000920382501823224,7.84432845584095e-05,0.0010342399192846872,3.763276899119669e-05,0.000336938779064978,5.18220599606008e-05,5.333744608908069e-05,1.0847659476274841e-05,11.397290121371304,-33.0533469589867,4900.949992
25,70,89080.0,材料1,正弦波,0.0782774335,-2.5474959231440133,0.05547122802576037,0.04995392623242188,0.0554712280257604,-1.9531372532093674e-12,0.078525025,0.156554867,1.4155991816790794,1.110447810802058,-0.006599090080084402,-1.5018639238640665,0.0021741834909073596,0.0031002421662176764,1.999999999999999,0.00408188290630553,0.002052875733638134,0.2861328125,2.0,0.003931263005176291,0.000964427864580685,9.53378331273438e-05,0.00043068203916949924,3.553903720964018e-05,0.00018931715350291352,1.7927100573649326e-05,0.00020835056015438094,3.750297355441279e-05,11.397290121371304,-29.034550119082933,6972.953776179999
26,70,99950.0,材料1,正弦波,0.0693877325,-2.6680451922238584,0.049180579960508654,0.04429056500488276,0.04918057996050868,4.980468372566422e-11,0.069518877,0.138775465,1.4135432533699832,1.1104075993405549,-0.004179046952640921,-1.5021863947837362,0.0021745747625316657,0.0031036177756637306,2.000000000000003,0.003635112350830116,0.002054290082527327,0.2890625,2.0,0.0034041913896206825,0.0011381067529074224,8.218776536968785e-05,0.0004871138899792449,1.1839057332468921e-05,0.0001870979769677843,2.857126255196883e-05,0.00022088068559419203,3.8087055715472285e-05,11.512425339928546,-30.715671079032475,6935.303863374999
27,70,281850.0,材料1,正弦波,0.0698713475,-2.66109962078723,0.04944208952916039,0.04450702566210936,0.04944208952916038,-9.765624678704759e-12,0.069970603,0.139742695,1.415203193601519,1.110882805436546,-0.0029306564890144806,-1.4995459546470966,0.0021709914435879335,0.0030883689483732946,1.999999999999999,0.0036513095398869083,0.0020054403832169133,0.287109375,2.0,0.0036051190459433884,0.00021606661025151363,4.2867463382129476e-05,0.0005112374761528628,4.1404468539912426e-05,0.00015096803129173472,1.3702778879631874e-05,2.2821347410616565e-05,8.809517920692692e-06,12.549130293509721,-33.39448586526826,19693.239292875
28,70,281860.0,材料1,正弦波,0.097074699,-2.332274504064552,0.06876846108904042,0.06192408880761708,0.06876846108904042,-4.882798459446989e-12,0.097251641,0.194149398,1.4141895784766794,1.1105284294563804,-0.003956232367362862,-1.5015083756357341,0.0021734706485074837,0.00310944049386133,1.999999999999998,0.005176365838716411,0.002026169788893887,0.287109375,2.0,0.0050915071315135035,0.0007950109197515071,6.143449135585982e-05,0.0004106802459701762,2.5936379476458568e-05,0.00013674874875413501,2.025064627740487e-05,0.0002159818212143245,2.0308876362317227e-05,12.549165772745502,-29.268099379053865,27361.47466014
29,90,56320.0,材料1,正弦波,0.048898791999999996,-3.0180025862829294,0.034650752359247375,0.03120421346972659,0.03465075235924736,-1.8554673412969565e-11,0.04897426,0.09779758399999999,1.4133678683871365,1.110451073950783,-0.003066623328538072,-1.5018287287376888,0.0021740680644627155,0.003097274877465275,2.0000000000000018,0.002155503607038977,0.002083223545814616,0.2880859375,2.0,0.0018612039392324718,0.0009546374072258846,5.4963698619706914e-05,0.0003737606024721639,1.8162568306301056e-05,0.00020882295112194553,2.7448181551426682e-05,0.00028250153869257937,5.9730187555233706e-05,10.938804990831924,-33.01334175317536,2753.97996544
30,90,125860.0,材料1,正弦波,0.21679814149999999,-1.5287885818703635,0.15367139494449225,0.13839562106542977,0.15367139494449242,-1.074219147878877e-11,0.217773654,0.43359628299999997,1.4171385252191027,1.1103775810351724,-0.009225472402733234,-1.5023316246581977,0.0021749313350551587,0.0031388437893965994,1.9999999999999971,0.00884136948674409,0.0020633501238896176,0.28515625,2.0,0.008624844370861131,0.0018511073464434207,0.00012959199063086204,0.0005118333284422211,2.097003702872909e-05,0.0001734264849083129,1.6671841946927277e-05,0.00021216555413594066,2.6447505769644505e-05,11.742925457080924,-17.952450356540137,27286.214089189998
31,90,141270.0,材料1,正弦波,0.034669756999999995,-3.361887528251216,0.024589564149712854,0.022143328757812497,0.024589564149712854,-2.1484387543837434e-11,0.034686752,0.06933951399999999,1.4106289883306067,1.1104727937996806,-0.0011907471233644014,-1.5021633854413423,0.0021760196631620135,0.003096430701836185,2.0,0.002154404777146088,0.0020745378674053828,0.291015625,2.0,0.0015365948880455237,0.001111471484283397,7.020668543597824e-05,0.0009628412709880427,4.44812732346275e-05,0.0003258252066366891,2.5735888693059202e-05,5.910990701273322e-05,2.6037965109528043e-05,11.85842823190571,-39.866701977505926,4897.796571389999
32,90,158500.0,材料1,正弦波,0.0219591365,-3.818571984607542,0.015556330548894349,0.014008853331054706,0.015556330548894347,8.789067022745076e-12,0.021967606,0.043918273,1.4121328889839853,1.1104642315305857,-0.000660779508223729,-1.5018962149825001,0.002173429712537653,0.0030771701792554553,2.0,0.0012821624250353252,0.002021837927219256,0.2900390625,2.0,0.0007264616835502175,0.0009630906643084813,0.00010758755280321049,0.00038618202594698116,5.780301253152977e-05,6.027303207325579e-05,2.4000275161101993e-05,0.00014253948130540602,8.431877214046847e-06,11.973509872299472,-45.72170935578459,3480.52313525
33,90,251170.0,材料1,正弦波,0.039236748,-3.2381415223370027,0.027771532817419863,0.025001840199218726,0.02777153281741989,4.6874979629913314e-11,0.039265727,0.078473496,1.413884039391961,1.1107795504703564,-0.0015551346164443037,-1.5000670238491696,0.0021715060425969673,0.0030822253668933005,2.0000000000000018,0.0019324702059427413,0.0020016519144672586,0.287109375,2.0,0.0018600710270275343,3.990794365550303e-05,4.212740023324084e-05,0.0004928706061542883,3.680295670968401e-05,0.00016056597382320723,1.255937105786559e-05,3.119431447565308e-05,4.621948901971636e-06,12.433885279692646,-40.26268020814759,9855.093995160001
34,90,251170.0,材料1,正弦波,0.0494448605,-3.0068971595807774,0.03504949202874709,0.031569153026367196,0.03504949202874708,4.394529061960744e-11,0.049489401,0.098889721,1.4119862553046276,1.1102449279989566,-0.0018303762473291304,-1.5027172432550373,0.002174806047389061,0.0031021727728405665,1.9999999999999978,0.0028231001305539846,0.0020259268149181,0.2900390625,2.0,0.002420982278273264,0.0013729169782366706,5.426298077051967e-05,0.00026140974403722424,1.4143863110814704e-05,0.00033326777614921775,8.260604529182756e-06,0.00020272235703153307,1.1249436419227635e-05,12.433885279692646,-37.387414330061056,12419.065611785
35,90,316230.0,材料1,正弦波,0.013355523000000001,-4.315825271824213,0.009452486345683749,0.008510667765624995,0.009452486345683749,2.7343751812445766e-11,0.013359654,0.026711046000000002,1.4133481405239339,1.11066329998955,-0.00047096808543722803,-1.5004318713148619,0.0021713832402468452,0.00307756573815941,2.0000000000000004,0.0008410248075672784,0.0019926597537601605,0.2880859375,2.0,0.0007390707445413011,0.00021877792876604733,4.4724689022786384e-05,0.0002497006701791882,3.083266555475377e-05,0.0002161424775059473,1.4797340792716029e-05,2.3019715239250284e-05,2.157694286987914e-05,12.664225075917345,-54.65658263071399,4223.41703829
36,90,316230.0,材料1,正弦波,0.015575170999999999,-4.162077235235664,0.011045357472717926,0.009946463058593744,0.011045357472717928,7.81249945025569e-11,0.015581368,0.031150341999999998,1.4106712289290806,1.110480922479749,-0.000756594825752698,-1.502119180152355,0.002175741191634302,0.003094283844459878,1.9999999999999978,0.0017666412010471932,0.0020289954189140163,0.291015625,2.0,0.0009841799749800127,0.0010768478417930768,2.5762793937506848e-05,0.0009361708520384042,6.760840730383764e-05,0.0003284405501868827,2.8150221086239878e-05,4.9096255521809805e-05,9.114875475568544e-06,12.664225075917345,-52.70948289037623,4925.336325329999
37,25,56180.0,材料1,三角波,0.087412284,-2.4371194569976757,0.05057847318197323,0.0438040576357422,0.050578473181973206,3.8085909399116977e-11,0.088750148,0.174824568,1.7547019990241939,1.1546526945646103,0.024796515840821792,-1.198127429776262,0.003242735278323861,0.009942572831068034,1.9999999999999978,0.6140974152139176,0.008337002149446996,0.087890625,2.0,0.4753981696264484,0.29204659143516737,0.19343505085758855,0.1303000514022238,0.08633741600337971,0.0539243943253752,0.030080661062144937,0.012606923249261406,0.00010693170767454915,10.936316100658235,-26.653108756791138,4910.8221151200005
38,25,158750.0,材料1,三角波,0.06932745700000001,-2.6689142463485127,0.04027644811812999,0.03487229510351562,0.04027644811812998,-1.562500089979501e-11,0.070248137,0.13865491400000002,1.7441492555143807,1.1549698119545209,0.01543282006217003,-1.1978344273191217,0.0032236953989500067,0.010007578959660979,1.9999999999999971,0.6117701380941349,0.00837120833878355,0.0947265625,2.0,0.47567690674394253,0.2906354901853692,0.19132667018445873,0.1278319135217412,0.08381294298009394,0.051565372270249515,0.027880194658430574,0.01074609316653136,0.0013858064617365007,11.975085916754939,-31.960477404474695,11005.733798750001
39,25,158750.0,材料1,三角波,0.07792244549999999,-2.552041235386755,0.04524454174834985,0.03915791413574217,0.04524454174834986,-1.4648447819315402e-11,0.078997603,0.15584489099999999,1.7460139930112386,1.155437993747782,0.017113456487921598,-1.195459257728927,0.003223855498028755,0.0100259751216355,2.0000000000000004,0.6130416905496066,0.008345194955940213,0.09375,2.0,0.4769096729543366,0.29093044601923296,0.19155420503709203,0.12815885921531722,0.0839353965277203,0.05166745742107631,0.028052637602456573,0.010754893537271529,0.0013236135071879273,11.975085916754939,-30.560913056857803,12370.188223124998
40,25,251230.0,材料1,三角波,0.0865260665,-2.447309563619328,0.050491222106098355,0.04371737345703126,0.050491222106098375,2.3437508322467736e-11,0.088098012,0.173052133,1.7448183728822735,1.1549463774562063,0.018473250142813646,-1.1988708803938615,0.003239414622492301,0.010250986042454661,2.0000000000000036,0.6141454040575454,0.007798634097167264,0.0947265625,2.0,0.4765726238507788,0.29155538201856984,0.1926349318901827,0.1294770804167839,0.08539935119129752,0.05336611877570093,0.029692782139116587,0.012384714443839007,7.154937270733504e-05,12.434124133196967,-30.430150906402822,21737.943686795
41,25,56180.0,材料1,三角波,0.1220785935,-2.103090232646042,0.07072894544466221,0.06126240702929689,0.07072894544466216,3.906272888162289e-12,0.122984439,0.244157187,1.7388134126249923,1.1545244281838,0.009725510286216526,-1.1997791475767574,0.0024422138153525207,0.005043238805008004,1.9999999999999987,0.45055351596404597,0.006231337551954385,0.095703125,2.0,0.40443936454406687,0.18089135164345296,0.0632951608939565,0.000323963123922751,0.027860933821915197,0.033322408807705824,0.02559764891817901,0.01254350018894288,0.00011883331587993247,10.936316100658235,-23.000059572423982,6858.37538283
42,25,99910.0,材料1,三角波,0.2448322785,-1.4071818804186387,0.14226482633604798,0.12316520947753891,0.142264826336048,-2.9296682809744345e-12,0.246226914,0.489664557,1.7307645209391398,1.1550731488179882,0.008208502324983588,-1.1972100935368033,0.002439243697052169,0.004993808445073994,2.0000000000000027,0.45112781096319127,0.0057741583908779495,0.1015625,2.0,0.4055904416592046,0.18020482866328222,0.06229871505824391,0.00034211298021022933,0.02806757044548905,0.03307617648479529,0.025096940881957377,0.012080379375684446,0.00023297491516277474,11.512025059727064,-16.19951307097322,24461.192944935
43,50,70790.0,材料1,三角波,0.275242573,-1.2901024864863495,0.15908444990880194,0.137725821234375,0.15908444990880188,-7.812587545213273e-12,0.278893964,0.550485146,1.7531189513486771,1.1550807864712593,0.017268506813069864,-1.1951513312408009,0.0032427671444077385,0.010008362696129855,2.000000000000002,0.6151537361978221,0.008792241020279938,0.0908203125,2.0,0.4764879765802833,0.2926031158278773,0.1935466905611147,0.13038994231200654,0.08594810783251816,0.05361876560267912,0.029723724365682807,0.012219696330553496,0.00012419248514834315,11.167473026768235,-14.40718471960294,19484.421742669998
44,50,125890.0,材料1,三角波,0.195057676,-1.6344599897920284,0.11311853989263163,0.09788400769921894,0.11311853989263172,-5.85944116035346e-12,0.197714767,0.390115352,1.7478546592597848,1.1556386232184714,0.01884512589414373,-1.1933335986956117,0.0032349822749562973,0.010028354382731383,1.9999999999999971,0.6159724911282047,0.007998778277340688,0.09375,2.0,0.47795342155327053,0.292511454512017,0.19331504230739685,0.1298929059056822,0.0855917043051389,0.053275588085787744,0.02943590875257943,0.012083690739886471,0.00031081635546055666,11.743163788760304,-19.193731366303286,24555.810831640003
45,50,199160.0,材料1,三角波,0.0108141135,-4.526903192423621,0.006259243183290878,0.005415805661132814,0.00625924318329088,5.957031127602243e-11,0.011027179,0.021628227,1.7617431815777953,1.155736297594852,0.026115633778470697,-1.1917972010904314,0.003249619408955905,0.010235143176553552,2.0000000000000027,0.6177627197698143,0.008348956510729155,0.0859375,2.0,0.47830497648524367,0.29349649095921104,0.19462893761025524,0.13128027908951664,0.08684593299776068,0.05440688649890676,0.030521469424653554,0.012879534688340308,0.0004840268336710079,12.201863800756119,-55.23665619316109,2153.73884466
46,50,224180.0,材料1,三角波,0.030461448,-3.4912933948905724,0.017716599454176946,0.015337537113281242,0.01771659945417694,1.9531251863356492e-11,0.030940653,0.060922896,1.746421658401567,1.1551137137158483,0.01724972911109795,-1.1976714110127262,0.0032623579694501313,0.010312625322341885,1.9999999999999976,0.6169142335268183,0.008225350197251896,0.0927734375,2.0,0.477426275482109,0.2927140626147133,0.1943206697677419,0.13145513524912633,0.08753151104366719,0.0553772006494078,0.03158768992087524,0.014012764800427348,0.0015118740890000051,12.320204579575087,-43.013448872371086,6828.84741264
47,50,251220.0,材料1,三角波,0.0218732175,-3.822492335772886,0.01272955049786599,0.011023328430664068,0.01272955049786598,6.542969169394917e-11,0.022171447,0.043746435,1.7417305507933583,1.154782838770879,0.012317678719409895,-1.1996082389238483,0.0032396237216343214,0.010210020542245379,2.0000000000000027,0.6133931805142325,0.008061672812415432,0.0947265625,2.0,0.47603289920174696,0.29110549249281575,0.19226035010092785,0.1294873291695462,0.08540504037595295,0.05340311927478412,0.029567993285075117,0.012257306265371064,0.0001803590374559533,12.434084328241244,-47.52919204705591,5494.98970035
48,50,282490.0,材料1,三角波,0.0871054725,-2.4406355670170394,0.050924681827623046,0.04410542604687501,0.05092468182762305,4.296871789855137e-11,0.088646278,0.174210945,1.7407330751729047,1.1546126268795265,0.01462800074308797,-1.2016262559167483,0.003223299217348005,0.010136263252575781,1.9999999999999998,0.6110431340069329,0.0076813017025297034,0.095703125,2.0,0.4752170390092101,0.28997812778351684,0.19108941053120343,0.12780499827766542,0.08380305000020805,0.051647156337505676,0.028144747667532336,0.01106688990413182,0.0009484920008260682,12.551398430712013,-30.633389425797592,24606.424926525
49,50,89200.0,材料1,三角波,0.048792336500000005,-3.020182017389366,0.02826453512147973,0.024461018242578122,0.028264535121479747,1.7187503427874146e-11,0.049193022,0.09758467300000001,1.7404504191762065,1.155492990569011,0.011198690524269084,-1.1938292890048896,0.0024433552135292515,0.005077713382305428,1.9999999999999993,0.4539389292502231,0.005948390021969271,0.09765625,2.0,0.40752636897803557,0.18220271941939836,0.06389466365527346,0.0005368606264472004,0.02779727951577889,0.033347228584725115,0.025618599791615865,0.012691640329791145,0.00021460973019319724,11.398636318568101,-34.425956432100705,4352.276415800001
50,70,141290.0,材料1,三角波,0.0760954935,-2.575766234001994,0.04420562934962816,0.038262096400390584,0.04420562934962815,-1.9531184124437634e-12,0.076919075,0.152190987,1.7400289540419587,1.1553373575520265,0.012496446716451157,-1.1961757173525707,0.0032592405457311977,0.010182186412918175,1.9999999999999993,0.6173356765611772,0.008158194811853288,0.095703125,2.0,0.4779896010277497,0.29302302315521034,0.19406597393577288,0.13130083664722053,0.08738463350834216,0.055143515480803394,0.03147517316566393,0.013998560773163474,0.0013217863528136836,11.858569794759854,-30.544903660898388,10751.532276615
51,70,158750.0,材料1,三角波,0.0196785005,-3.928228584366639,0.011364726092349627,0.009830700895507815,0.011364726092349627,-2.2460937474625027e-11,0.020023913,0.039357001,1.761935381221327,1.1560443363242585,0.022812314563366246,-1.1897934184615964,0.0032262587859146724,0.010097009169982197,2.0000000000000018,0.6156156185632381,0.008718102288387042,0.0869140625,2.0,0.47831245762204105,0.29254144683604977,0.19279962274296486,0.12905984817616756,0.08460511110525915,0.05208691876455345,0.028288913702545184,0.010856639013066483,0.00139444035321623,11.975085916754939,-47.04087479844313,3123.961954375
52,70,224170.0,材料1,三角波,0.0428292715,-3.1505334966052807,0.024943451792365623,0.021596804034179688,0.02494345179236563,5.5664066997244965e-11,0.043436629,0.085658543,1.7414040912049924,1.154960324355837,0.015229750953901331,-1.199166963236564,0.003260927243002692,0.010311767735764562,2.0,0.6163583886824985,0.008036497455150777,0.0966796875,2.0,0.4770567039113422,0.2923304647230066,0.19418152467520952,0.13133769168760168,0.0874300217717337,0.055262157027984114,0.03165051700063057,0.014126428813227735,0.0014779176339117862,12.320159971567941,-38.81507667396036,9601.037792155
53,70,282490.0,材料1,三角波,0.012393099500000001,-4.390615453205736,0.007198461542171781,0.006231165522460935,0.007198461542171779,-8.691406462265662e-11,0.012633989,0.024786199000000002,1.7550957139917311,1.155235166875943,0.021008821034487785,-1.1963155045325276,0.0032237292181315946,0.01017981821254646,2.0000000000000036,0.6128174905818436,0.0081423835367427,0.087890625,2.0,0.47643524842458723,0.2909094547286149,0.19179617492034826,0.12830041689244373,0.08410081346146556,0.05195212267620525,0.028099325568038205,0.010789385593326935,0.0013028691317151211,12.551398430712013,-55.10836390922639,3500.926677755
54,70,396800.0,材料1,三角波,0.024967607500000003,-3.690175994258977,0.01462885207256571,0.012671643646484381,0.014628852072565705,7.031250251425384e-11,0.025375805,0.049935215000000005,1.7346408914468854,1.154455766014564,0.008659851347572543,-1.2031449515505643,0.0031976358757926583,0.01002202553849026,1.9999999999999967,0.6073899153767786,0.007374017584226476,0.099609375,2.0,0.47413460661378987,0.28814569098236814,0.18882730579706788,0.1253983836131377,0.08101435174083432,0.048981663539612266,0.02572619444193782,0.008918446564068204,0.0025562732341203997,12.891187654392855,-47.5707512197282,9907.146656
55,70,446410.0,材料1,三角波,0.0106599735,-4.541259346176234,0.006233918304020718,0.005401363049804687,0.006233918304020717,-6.835932859743511e-12,0.010851369,0.021319947,1.740697980113269,1.1541379919363386,0.009695721923774782,-1.2032107024837928,0.003270274649995253,0.010662596862928407,2.000000000000005,0.6170686608219258,0.007582395072649648,0.095703125,2.0,0.4762056190641054,0.293338984111233,0.1950354905812245,0.13251269546235608,0.08855547968509767,0.05648432870416987,0.032824286603539914,0.015427980312422044,0.002777617143975395,13.008993091232021,-59.077211459899466,4758.718770134999
56,70,70800.0,材料1,三角波,0.216971363,-1.5279899018921217,0.12563979735761918,0.1087947990361329,0.12563979735761915,1.2695350359078622e-11,0.218374645,0.433942726,1.7381009010896586,1.154832753686063,0.008308743881052882,-1.198304066866637,0.00244335233171029,0.005037920603374777,2.000000000000002,0.4515349240593179,0.0066706275602899595,0.09765625,2.0,0.40545302192917654,0.18107828089650627,0.06342990542587547,0.0004832652446099148,0.027771858562754485,0.033130959159501726,0.025532522017082355,0.012561777676846983,0.0002446872962901796,11.16761427968181,-17.064001847580066,15361.5725004
57,70,89200.0,材料1,三角波,0.154739061,-1.8660150581227457,0.08979945393652626,0.07773781711523434,0.08979945393652627,-3.906221673162166e-12,0.155753357,0.309478122,1.7344577296660681,1.1551579047223877,0.009900832580603612,-1.1963647537905515,0.0024429176859596053,0.005038255983729999,2.0,0.45265306141237893,0.005889633452684467,0.099609375,2.0,0.4065208420178655,0.18150884804770523,0.0634553542452366,0.0004071057367209887,0.02764916156443672,0.03306153707818071,0.025449343832241213,0.012575199725247004,0.0002079788463611387,11.398636318568101,-21.270027012512895,13802.724241200001
58,90,224180.0,材料1,三角波,0.0670604145,-2.7021613569312453,0.03902138165304644,0.033781148317382825,0.03902138165304645,-1.6601584141423802e-11,0.068130449,0.134120829,1.7459773619953558,1.155123007851309,0.01573172071008879,-1.1975433665417885,0.0032632155693316607,0.010396453782730497,2.0,0.6174952642386196,0.00809291913338273,0.0947265625,2.0,0.4775733401534612,0.29303925358629107,0.19478607053720637,0.13183110245455398,0.08783939221268709,0.05560414565553107,0.03184712301207232,0.014360506777855515,0.0017337537977395962,12.320204579575087,-33.291180724415156,15033.60372261
59,90,251220.0,材料1,三角波,0.03429943,-3.3726265430241265,0.019992066091398863,0.017310580680664052,0.019992066091398846,1.8554680192197758e-11,0.034810426,0.06859886,1.7412120308554002,1.1549044171424032,0.012757722603887354,-1.2000962883340553,0.0032374190721384376,0.010196802104291545,1.9999999999999964,0.6128678695335805,0.007974748553665726,0.095703125,2.0,0.4759849903638432,0.2905241842761024,0.1922871626021069,0.12907094293059931,0.08493569532685091,0.052807268577259155,0.02935770803324631,0.011947464604631747,0.00023389829752786952,12.434084328241244,-41.935522843626735,8616.7028046
60,90,282490.0,材料1,三角波,0.034767681,-3.3590670306136983,0.020286337699139543,0.01756843512695311,0.02028633769913955,1.1718736671697573e-11,0.035285824,0.069535362,1.7393885738921062,1.1547037372734856,0.012250018495949172,-1.2007636554257852,0.003221446285001981,0.010068517368184544,1.9999999999999971,0.6107869884600634,0.007883595420625047,0.0966796875,2.0,0.47528598647213094,0.2898465425980461,0.19078016340245615,0.12752418996089782,0.08340798497395308,0.05147095400114625,0.02775499055845876,0.0107445212612693,0.0012381457901631135,12.551398430712013,-42.160988656701235,9821.52220569
61,90,282480.0,材料1,三角波,0.049105478499999994,-3.013784671994665,0.028671506835852047,0.02482970144238281,0.028671506835852026,-2.050781653463495e-11,0.049867721,0.09821095699999999,1.73927799768247,1.154726201697758,0.011285825972699393,-1.2010801469130616,0.0032207418615053363,0.010112099813873118,2.0000000000000018,0.6106410524118926,0.007797769893518966,0.0966796875,2.0,0.4752228126991969,0.28956263118465586,0.19084344217435076,0.12769633178032566,0.083401423565599,0.051310066681147806,0.027732476345579755,0.01060095294035849,0.0013009182091095078,12.551363030602268,-37.82710551426962,13871.315566679998
62,90,282490.0,材料1,三角波,0.0544351535,-2.910745129776052,0.0317397208490989,0.027481276666015634,0.0317397208490989,8.097634975751111e-18,0.05537269,0.108870307,1.7445865470354962,1.1549580186843873,0.014036318631803803,-1.1991534308892362,0.0032229017786286544,0.010153898068827863,1.9999999999999987,0.6119569444453646,0.007823776619623966,0.09375,2.0,0.47587512753017314,0.29033941965732457,0.1915415965479111,0.12822508775497665,0.08386454293241598,0.05156069151273628,0.028214962084932904,0.010876831387353408,0.0010834625902870537,12.551398430712013,-36.533921854073775,15377.386512215
63,90,316470.0,材料1,三角波,0.030891526000000002,-3.477273372171161,0.018053701554279027,0.01563790822753909,0.018053701554279006,-6.152344819444202e-11,0.03138122,0.061783052000000005,1.7382152854167532,1.1544831502774529,0.011069916007159175,-1.2021457355979384,0.003225189396655234,0.010140612671578599,2.000000000000002,0.6108610215595773,0.0077167303137672975,0.09765625,2.0,0.4750047364901426,0.28991300088606237,0.19095727140977262,0.12799431848047238,0.08384904654630139,0.05171992814887108,0.028196474051915065,0.011112798155050539,0.0008751092440533992,12.664983729343964,-44.03961068102877,9776.24123322
64,90,354590.0,材料1,三角波,0.0423584445,-3.161587479886335,0.024786606060015075,0.021467085228515648,0.024786606060015086,-3.906254720999636e-12,0.043181324,0.084716889,1.7421233022159766,1.154633048509537,0.012719410789170917,-1.2016546943980797,0.0032542961802431753,0.0104198231358566,1.9999999999999973,0.6152234828714375,0.007581339426695874,0.095703125,2.0,0.4765123396126979,0.2918391752829204,0.19361507637714873,0.13091164147943551,0.08666896224280418,0.05453067116480625,0.031043603636418955,0.013796533643200859,0.0014182337178405872,12.778717471434973,-40.40103316669358,15019.880835255
65,90,396800.0,材料1,三角波,0.014117247,-4.260358037597876,0.00824186107147497,0.0071382672402343725,0.008241861071474961,-6.835937705449596e-11,0.014354108,0.028234494,1.741610041168915,1.1546024818208351,0.009928068951492413,-1.2010066341022043,0.0032012437444779596,0.010047213879590006,2.0000000000000018,0.608616682333417,0.0075591890001827965,0.095703125,2.0,0.4743913209044662,0.28909004329203586,0.18974862702197082,0.12593378968330762,0.08182368478645434,0.049636987007005653,0.026074230122611144,0.0092403129969949,0.0024560052527627376,12.891187654392855,-54.921074937575106,5601.7236096
66,90,446410.0,材料1,三角波,0.041920654,-3.171976637946009,0.024616206583423623,0.021323886621093725,0.024616206583423634,-1.953114678722532e-12,0.042864199,0.083841308,1.7412999381011225,1.154395866983888,0.012371206288158108,-1.2034296448982875,0.0032689148151463544,0.010610903160050906,2.0000000000000004,0.6171182399374723,0.007263620042335138,0.0966796875,2.0,0.47694227663349276,0.2928005506263151,0.19481808406558232,0.13205089369567632,0.08814407362985127,0.056314937165068454,0.03253497380630907,0.015186713529259665,0.002718330173649479,13.008993091232021,-41.264222168589,18713.79915214
67,25,396820.0,材料1,三角波,0.024880164,-3.6936844194930116,0.014518295429027725,0.012572626458007798,0.014518295429027724,-5.37109364552894e-11,0.024976949,0.049760328,1.7203775141578503,1.1547543767023067,-0.004393935106157757,-1.2003550353388743,0.0020019486541780836,0.0026750225601406565,1.9999999999999978,0.18712207614025825,0.004869139863967491,0.107421875,2.0,0.15959786709936352,0.06606231430232208,0.06348828392316594,0.002134167384455085,0.027052727486062814,0.013677440287338905,0.008425324004012273,0.0123554094840787,0.0010398529326598304,12.891238056348461,-47.616165156709684,9872.94667848
68,25,70770.0,材料1,梯形波,0.21614578699999998,-1.5318021591525979,0.13236759067020162,0.11649127610644544,0.13236759067020157,2.9298146076101386e-12,0.216823722,0.43229157399999996,1.6380423705091356,1.1362875838809507,0.006452852988699918,-1.3309216050297696,0.002323681796140561,0.0057213444553513085,2.0000000000000036,0.36527287423428006,0.005412929224475554,0.1181640625,2.0,0.3451490408387873,0.1124517514537209,0.021643670954557326,0.0013904195191894112,0.010323856548979373,0.021229350038705422,0.021780249712118983,0.012204120268483975,0.00021667819399425432,11.167190461069831,-17.105926459935063,15296.637345989999
69,25,70760.0,材料1,梯形波,0.272820525,-1.2989411175732921,0.16709266571920264,0.14706382995605485,0.1670926657192026,-9.764712367681117e-13,0.273585908,0.54564105,1.637330440701437,1.1361914467284902,0.005382273225201338,-1.330926151142948,0.0023184109840600265,0.005692489595495104,1.999999999999999,0.3632916657693487,0.005294352157180701,0.119140625,2.0,0.3435645750010955,0.11113191740133478,0.020653570470659976,0.0007546522047037104,0.009990716184952462,0.021123683284887042,0.02175104449987778,0.012146489787442963,0.0003242328646228577,11.16704914827372,-14.505339300654548,19304.780348999997
70,25,89210.0,材料1,梯形波,0.192315436,-1.6486183591980836,0.11791092123774403,0.10373605581152337,0.11791092123774408,-4.8828094887688744e-12,0.193059791,0.384630872,1.6373359564440444,1.1366435740720158,0.008278590512739933,-1.328547185052116,0.0023224882837683015,0.005736897791189251,2.0000000000000044,0.36610536809514876,0.0050200624013849735,0.1201171875,2.0,0.34603415249944436,0.11252393996784639,0.021492727101712447,0.0010488149080627395,0.009833528399943421,0.020956523791698427,0.02181751017093276,0.012526857985645928,0.00017709865121275117,11.398748419907829,-18.792185916940195,17156.46004556
71,25,141270.0,材料1,梯形波,0.024135106,-3.7240878179174444,0.014758968781897884,0.012980086937499984,0.014758968781897896,-1.9531260882563314e-12,0.024338316,0.048270212,1.6490526106303132,1.1370469899749778,0.01734907895842226,-1.3258008138487267,0.002326494150227823,0.0058582091994955334,1.9999999999999991,0.36860116223048645,0.005583036403339742,0.1123046875,2.0,0.3482183222781067,0.11363420564419795,0.021877802704664037,0.0012843726196035226,0.010042624499648756,0.02132160967219324,0.0222535130851459,0.012920048708305943,0.00042944356777984094,11.85842823190571,-44.16182811808836,3409.56642462
72,25,141270.0,材料1,梯形波,0.027301359,-3.6008187978104367,0.016674669872626228,0.014664500016601578,0.016674669872626228,6.542969271885904e-11,0.027506473,0.054602718,1.6495962564845539,1.1370772855364282,0.015488384868679332,-1.3243141999819585,0.0023179822851106167,0.0057973670834481385,2.0,0.36653005413861606,0.005548100348725831,0.1123046875,2.0,0.3466508819592976,0.11212794401910384,0.020312005615008025,0.0006338559904528027,0.009299898715847948,0.020996857900618157,0.02223151996898411,0.013036099978577034,0.0005048837681940715,11.85842823190571,-42.70005128993206,3856.86298593
73,25,141270.0,材料1,梯形波,0.1531104885,-1.8765954711536008,0.0937976307375223,0.08252525704687506,0.09379763073752237,-1.1718734489740701e-11,0.154119314,0.306220977,1.6431045516626994,1.1365930152055683,0.010402521516379054,-1.3280567270954073,0.002320591278538469,0.005785805457736478,2.000000000000001,0.36505241686985107,0.005383700253562422,0.1171875,2.0,0.3452524133295629,0.11149498468629136,0.020711325351513703,0.0008766897972556162,0.009793641186174306,0.021208469367030493,0.02217556602131073,0.012861559076614125,0.0005375395765550462,11.85842823190571,-22.25347271499426,21629.918710395
74,25,158740.0,材料1,梯形波,0.0192538665,-3.9500433812745817,0.01178722979399212,0.010366402806640642,0.011787229793992129,3.906253045568467e-12,0.019428543,0.038507733,1.6482704876002852,1.137060754232057,0.017431889273283416,-1.3268296649330131,0.002320504655035998,0.0057803714386406605,2.000000000000002,0.3655392965618567,0.005650593194537624,0.11328125,2.0,0.3459164277038187,0.11132559478403671,0.020706624442112243,0.0010450776896127503,0.010139628111973597,0.02111192591713155,0.021362518548213333,0.011475586220858239,0.0009930188153037126,11.975022922644866,-47.30186003620475,3056.35876821
75,25,158750.0,材料1,梯形波,0.10905709699999999,-2.215883708213703,0.06691707764384462,0.05887782112695307,0.06691707764384464,5.859394444792353e-12,0.109798202,0.21811419399999998,1.6408098779265774,1.1365413387081225,0.010096651436242018,-1.329602425028289,0.0023185364457196473,0.005738503198925241,2.0000000000000004,0.363355595134315,0.005364374202785132,0.1171875,2.0,0.3439425719298092,0.11034994330544706,0.020269612169893352,0.0010858297255746715,0.010197051463367957,0.02112202629487736,0.021377502546239824,0.011566795976487234,0.0008609883099090528,11.975085916754939,-26.535397787396626,17312.81414875
76,25,158750.0,材料1,梯形波,0.243382524,-1.4131209005134027,0.14948237234407988,0.13154042053710924,0.14948237234407996,-5.859330571731866e-12,0.245193136,0.486765048,1.6402812730026268,1.1363987718277744,0.011493736446490644,-1.3305027926894302,0.002321964089218137,0.005767408756102804,2.0000000000000013,0.3638290467218717,0.005285629420669552,0.1181640625,2.0,0.3442497834037481,0.110734397351169,0.020637182381031592,0.0014978112434912846,0.010673836064218413,0.021432687816540917,0.02153235029919292,0.011657102394647012,0.0007728804106437246,11.975085916754939,-16.922244194410105,38636.975685
77,25,199190.0,材料1,梯形波,0.024348065500000002,-3.7153028781947213,0.014899197877822406,0.013104466799804707,0.014899197877822403,-9.277343360055638e-11,0.024554215,0.048696131000000004,1.6480226117775896,1.1369556736214896,0.015845424160148325,-1.3258680818861235,0.002321648147698102,0.005838636338480394,1.9999999999999998,0.366871840402144,0.005553962650979728,0.11328125,2.0,0.34676808863512154,0.11292999564941224,0.021217272293464033,0.000722245062323921,0.009035497658353243,0.020507195643993184,0.02181296207718588,0.01283529435476335,0.0004758136715837874,12.20201442206932,-45.33417930208764,4849.891166945001
78,25,282480.0,材料1,梯形波,0.015297315,-4.180077956180032,0.009388958988492895,0.008258858677734368,0.009388958988492895,2.380162581784584e-18,0.015435452,0.03059463,1.644000364568392,1.1368349253638694,0.014726275807003707,-1.3278866155444482,0.0023226110796737334,0.00580742437480041,1.999999999999999,0.36593380270009734,0.005287203668863565,0.115234375,2.0,0.34595150744486697,0.11267700564580276,0.021425107334628966,0.0010371704731651638,0.009146813794653026,0.020090000087803362,0.020994797918241874,0.011862263669896941,0.0003417043442763663,12.551363030602268,-52.46567592423354,4321.1855412
79,50,50060.0,材料1,梯形波,0.08596562199999999,-2.453807806833682,0.052568316473921024,0.046273264796874956,0.052568316473921045,-2.343747126985849e-11,0.086340127,0.17193124399999998,1.6424366004346567,1.136040793851036,0.010623032653470595,-1.331386581093437,0.002318063509477188,0.005694055235242765,2.0000000000000013,0.36302925621676496,0.005605052299877907,0.1162109375,2.0,0.34318259701107834,0.11143660424958973,0.020846540971029857,0.0010255540381537249,0.009647049913043488,0.0209751932684813,0.021821255030443302,0.012369284137684676,9.227107008878036e-05,10.820977564985766,-26.5525992265342,4303.439037319999
80,50,79410.0,材料1,梯形波,0.108656192,-2.219566583567645,0.0665802007548825,0.05858175871777343,0.06658020075488254,-3.613280452564784e-11,0.10909853,0.217312384,1.6386031997958421,1.1365346860896202,0.009354006567043643,-1.3290471516328497,0.002322044527546766,0.005715141388352729,2.0000000000000018,0.36565598321290804,0.005126287769940388,0.119140625,2.0,0.34559843714280997,0.11246551322668445,0.02133779122481144,0.0011057959029029444,0.009834123354858514,0.020982304293255857,0.021724005266995357,0.012332739707919415,8.10580937731122e-05,11.282379583889256,-25.041992707526422,8628.38820672
81,50,79410.0,材料1,梯形波,0.2162800755,-1.5311810653838738,0.13258018968887098,0.11666298316894527,0.13258018968887092,-2.9296881489792453e-12,0.217046799,0.432560151,1.6370982686730862,1.136437506461456,0.007660875749928333,-1.3295807469535839,0.0023224333284459966,0.0057098972114979,2.000000000000002,0.365468134345664,0.005100231592985862,0.1201171875,2.0,0.3454150751051875,0.11235898007550474,0.02136340086484476,0.0011514682058400047,0.00996256520989427,0.02104335940300945,0.02183614483807197,0.012418560455203845,9.158239327171625e-05,11.282379583889256,-17.27536599132482,17174.800795455
82,50,89210.0,材料1,梯形波,0.19243504150000001,-1.6479966289555121,0.11801951565023705,0.10384283110253914,0.11801951565023704,6.8360516222330456e-12,0.193122709,0.38487008300000003,1.6363624942533994,1.1365205897911161,0.00748889516274527,-1.3292373235416672,0.0023223021562037167,0.005712345794359912,1.9999999999999982,0.3656569604171257,0.005016669805223555,0.1201171875,2.0,0.3456178970838988,0.11238882131885289,0.0214535677483931,0.0010568214241236736,0.009765697938705442,0.020874532141030043,0.02175613248957046,0.01249746372227765,0.0001773977627105833,11.398748419907829,-18.78509897032007,17167.130052215
83,50,125920.0,材料1,梯形波,0.0385649205,-3.2554122110529864,0.023557669583914528,0.02071575068554684,0.02355766958391453,6.0546859599565e-11,0.038831864,0.077129841,1.6483745924730553,1.1371863825504747,0.013502266034347201,-1.324877852365524,0.002319524793150811,0.00578354621527094,2.000000000000002,0.3671090642666767,0.005641793434913673,0.1142578125,2.0,0.347118134273861,0.11275310452361396,0.020877164452850153,0.0006730688746576307,0.00929297694268964,0.02062888214515377,0.02157660804423729,0.012288632924884876,0.0001536720573049339,11.74340206365123,-38.22961447731505,4856.0947893600005
84,50,141270.0,材料1,梯形波,0.095757954,-2.3459315838754606,0.058700159716006624,0.05165070519726566,0.058700159716006645,-5.8593448899768065e-12,0.096409906,0.191515908,1.6424130098867604,1.1364832191896996,0.011702079764233566,-1.329542170184239,0.002327737592990181,0.005811955840242792,2.0,0.3668883177896488,0.005505395421777778,0.1162109375,2.0,0.3465555246386322,0.11316886151056844,0.02214542956861078,0.001643652135271006,0.010172924726021845,0.02127520620470305,0.022028573224783955,0.012821301023585563,0.00047604564003244363,11.85842823190571,-27.81906132434804,13527.726161580002
85,50,199190.0,材料1,梯形波,0.054716755,-2.905585309326854,0.03351410917202823,0.02948140242578125,0.03351410917202824,6.835938057476489e-11,0.05510772,0.10943351,1.644314032550636,1.136788158446642,0.011092997893896636,-1.327284024200658,0.0023218624080878713,0.005812771608988853,1.999999999999996,0.36642346975836615,0.005471062978474625,0.1162109375,2.0,0.3463174128581376,0.1128574182506573,0.0214573048103605,0.0006665211716148403,0.009021423764946253,0.020374031707679,0.021715620719188786,0.01282051454654465,0.0005750438033101345,12.20201442206932,-35.45399384895902,10899.03042845
86,50,224200.0,材料1,梯形波,0.027517796,-3.5929223563334483,0.016834603926127185,0.014809062167968758,0.016834603926127196,-6.83593807729706e-11,0.02776322,0.055035592,1.6491757169832597,1.1367771797554858,0.014998205277982811,-1.3261743821920577,0.00231449849602217,0.005807241975338442,1.9999999999999978,0.36351816283111127,0.005501318321274663,0.1123046875,2.0,0.34419368054575655,0.11004923794334243,0.0193389467894984,0.000684972175438774,0.009504587088229436,0.021158910471377683,0.022178264733871255,0.012684951583512778,0.000214633217830901,12.320293789620196,-44.265858993322546,6169.4898632
87,50,282480.0,材料1,梯形波,0.0219998275,-3.8167206665636524,0.013484469837042655,0.011859519168945318,0.013484469837042655,-1.4648443853507143e-11,0.022202287,0.043999655,1.6465079657050345,1.1370165725059362,0.014151295671450672,-1.3261429592150071,0.0023164920643465197,0.005805340973696256,1.9999999999999993,0.3648132566757734,0.005273800327375505,0.115234375,2.0,0.34521546069649556,0.1115772104752022,0.020372751974366218,0.0006772892144406844,0.008571229056746392,0.019909653204673125,0.0209562790647474,0.011869522474426492,0.0003238010027771819,12.551363030602268,-47.90504667244267,6214.511272199999
88,70,354610.0,材料1,三角波,0.1545824105,-1.867027923557742,0.09047002303480797,0.07836805664550787,0.09047002303480801,2.8320286437136244e-11,0.154972739,0.309164821,1.7129733562726615,1.1544247351193415,0.0016289223401779497,-1.2031235402259202,0.0020028553022350785,0.002617574656076427,1.9999999999999987,0.1862574683143526,0.004714065203288215,0.1103515625,2.0,0.15904388675170889,0.06561824154491579,0.06300153141284523,0.0021825888623225554,0.026762315636905627,0.013524246305139476,0.008287117685332742,0.012178136845159648,0.0010325690813013254,12.778773873014233,-23.85832764974769,54816.468587405
89,70,354610.0,材料1,三角波,0.1943308875,-1.638192967142249,0.11379081632369971,0.09856763445117174,0.11379081632369963,3.515625719143975e-11,0.194924457,0.388661775,1.7130069305900764,1.1544440216841076,-0.002387307079111974,-1.203072628911108,0.0020026329631056823,0.002624796328375728,2.0000000000000013,0.18542572460165427,0.004679420437434962,0.1103515625,2.0,0.15787180674760198,0.0663176087988545,0.06277981843964081,0.0016429210779840909,0.026891893474027425,0.013195077366186614,0.008551769499912683,0.012089529340648107,0.0007671153365535875,12.778773873014233,-20.934097487473036,68911.676016375
90,70,70770.0,材料1,梯形波,0.068647037,-2.6787773086610165,0.0419419880702913,0.036901146316406216,0.04194198807029131,2.5390615289802316e-11,0.068848118,0.137294074,1.641508215695838,1.136603933944565,0.005761959300955538,-1.3280382387550052,0.002315519130933034,0.005705992816558108,1.999999999999998,0.364059663864805,0.005437066980741468,0.1162109375,2.0,0.344402476339093,0.11121562720051117,0.02019312451785838,0.00020469656418135843,0.009511525526938902,0.020956360803245054,0.02172201483509746,0.01216758291728383,0.000345042409718431,11.167190461069831,-29.91441640860962,4858.15080849
91,70,79410.0,材料1,梯形波,0.0857237525,-2.4566253330866625,0.05255122417032221,0.04624427482910149,0.05255122417032215,-1.855469038369818e-11,0.086095157,0.171447505,1.6383092565257766,1.1363833547942621,0.009469565593313214,-1.3301288728592824,0.0023245729122135417,0.005737540479227177,1.9999999999999964,0.3659675040448093,0.005158626485602205,0.119140625,2.0,0.3457076564740623,0.11303666773559658,0.021786909862520874,0.0013976409594190734,0.010069754102427653,0.020995465757194565,0.021729555067605592,0.012252176504461094,0.00014232022035016168,11.282379583889256,-27.716579503282105,6807.323186025
92,70,89210.0,材料1,梯形波,0.21591181650000002,-1.5328852116019716,0.1323694026621773,0.11646243111035157,0.13236940266217725,-9.766158151278126e-13,0.216686014,0.43182363300000004,1.6369796164526698,1.1365845740997234,0.007252543337959692,-1.3285859337217396,0.0023204889957574447,0.0057167876219502605,2.0000000000000004,0.3653907327409811,0.005000838807306053,0.1201171875,2.0,0.3454417623671473,0.1121649831435058,0.021078317663092493,0.0007944255855505429,0.009635597309329265,0.02085406687480796,0.021722661010134186,0.012442730484706309,0.0001843110617829616,11.398748419907829,-17.47297288364805,19261.493149965
93,70,112170.0,材料1,梯形波,0.087021337,-2.4416019375235596,0.05326997080818413,0.046856509336914064,0.05326997080818418,-3.222652946908121e-11,0.087458146,0.174042674,1.6417907626591635,1.1368745039276213,0.010016149388546305,-1.3270512275499056,0.0023154255804004676,0.005691908640750966,1.9999999999999984,0.36442304506651857,0.005191897922865939,0.1181640625,2.0,0.3448939471662702,0.11105770827391447,0.020184671155864194,0.0005570158995073909,0.00934534475896712,0.02055885115105046,0.02141449261614855,0.011914942505962667,0.00047646819910411586,11.62777085663927,-28.39038785265042,9761.18337129
94,70,125920.0,材料1,梯形波,0.108083451,-2.2248516557881333,0.06623125906695294,0.05827136805371102,0.06623125906695294,-2.246091479447083e-11,0.108765211,0.216166902,1.64220358381002,1.1366003798967785,0.010141453806704939,-1.3295277958839433,0.002327035789045274,0.005785242738039527,1.9999999999999982,0.3671456558751824,0.00555920662438682,0.1162109375,2.0,0.3467449943943354,0.11365584245515331,0.022362946446664242,0.001646954741272933,0.009955936621134987,0.02087798611860182,0.021482215935389404,0.012117156071376149,0.0002346944352803867,11.74340206365123,-26.12732752590022,13609.86814992
95,70,224200.0,材料1,梯形波,0.068096662,-2.686827083180718,0.041839978350872754,0.036830017899414105,0.04183997835087275,-3.613279764774031e-11,0.068656898,0.136193324,1.6409400938078607,1.1360292700682708,0.010988303389429629,-1.3318532214322658,0.002324469208995143,0.005843421517489321,1.9999999999999976,0.3637269733499359,0.005366286811985967,0.1171875,2.0,0.34388283281358073,0.11125104171019347,0.021079789292758715,0.0015035353514539732,0.01052931261956658,0.021524516157233702,0.022079801048612752,0.012521184505682808,0.00016469915979905686,12.320293789620196,-33.102499026694744,15267.2716204
96,90,396820.0,材料1,三角波,0.1534659885,-1.8742763097957755,0.08991271671567116,0.07788226177636713,0.08991271671567129,-3.8085933902086075e-11,0.153987949,0.306931977,1.712638152030846,1.1544697684030871,0.0023724588448367457,-1.2029109471229618,0.0020040766846277334,0.0026430090729842697,1.9999999999999993,0.1869839632129578,0.00462491990687668,0.1123046875,2.0,0.15998810934147195,0.06523636888819251,0.06321941554817008,0.0024807838344945493,0.026622683981649624,0.013657685949105486,0.00804479542475281,0.012117064530828352,0.0011545898069817452,12.891238056348461,-24.16174209295166,60898.373556570004
97,90,79410.0,材料1,梯形波,0.242529512,-1.4166318770402457,0.14862880591862598,0.13078217480371085,0.14862880591862612,4.8828061006370854e-12,0.243301959,0.485059024,1.6369771491887475,1.136460730536871,0.006395100457980862,-1.329093189193005,0.002319014022721463,0.005706223084306539,1.9999999999999978,0.3644771720602691,0.005076516547922937,0.119140625,2.0,0.34467078082331126,0.11162640524900766,0.02069336087848785,0.0007738824835233207,0.00969897342067117,0.020931703323541714,0.021724419936988645,0.012338351633256698,4.171659645185562e-05,11.282379583889256,-15.982978567405583,19259.26854792
98,90,112180.0,材料1,梯形波,0.0550980015,-2.8986418338984787,0.033681595587020385,0.02961672525781246,0.033681595587020365,-9.765624656046627e-12,0.055403819,0.110196003,1.6449285740296264,1.1372491487098384,0.011201691242116908,-1.3242101225499163,0.0023124729697623823,0.005678672392500473,2.0000000000000018,0.3648268433219327,0.005133183641679042,0.1162109375,2.0,0.3454369122481497,0.11080767968559195,0.019470434366149404,0.0006655781750855667,0.009136516549564547,0.020600445149528593,0.021497169766131745,0.011995555452393279,0.000454582343688619,11.627860003062327,-33.70500144359136,6180.89380827
99,90,125920.0,材料1,梯形波,0.107966557,-2.2259337572190794,0.06614753210102287,0.058190251652343816,0.06614753210102291,3.710936268832513e-11,0.108700761,0.215933114,1.6433078838676602,1.1367459363506387,0.011267147673849575,-1.3289535030408854,0.00232701421228222,0.0057828971984352625,1.9999999999999993,0.3674610906037457,0.005556760583676186,0.115234375,2.0,0.3471011493125014,0.1135468168726283,0.02244058606379419,0.0016420389955107096,0.01000057579566086,0.020901369881410403,0.021550949245150067,0.01216251319254411,0.00020128857194877755,11.74340206365123,-26.14003507807747,13595.148857440001
100,90,251240.0,材料1,梯形波,0.038849479,-3.2480606128118135,0.02383367034969455,0.02097139111035155,0.023833670349694535,5.957033532498187e-11,0.039138173,0.077698958,1.64213788416779,1.1364849486751583,0.010055007204425499,-1.329166710212526,0.0023148329662794607,0.005792021046150946,1.999999999999999,0.3620188336715581,0.005324562445198235,0.1171875,2.0,0.3428610715904301,0.10950371355777667,0.0194967194767998,0.0006169905284518193,0.009752106338846298,0.020964459965332777,0.021419002028690216,0.011777893896910337,0.0005008971254664031,12.434163936568318,-40.38691813561264,9760.543103959999
101,25,63020.0,材料2,正弦波,0.050371308000000004,-2.9883335517237377,0.03549637615327488,0.03190915536230468,0.03549637615327487,-3.8085926524429104e-11,0.050566415,0.10074261600000001,1.424551474822445,1.112419797711346,-0.007847702747911875,-1.4912249322532483,0.002162330107601565,0.003032013780543477,2.0,0.007101928204391016,0.0020716065835980225,0.279296875,2.0,0.004141078937724592,0.005745025944508541,0.0001791110649500279,0.0004620070169498667,4.996190115253545e-05,0.00014756547220796503,8.017041981807727e-05,7.995965713754589e-05,3.0041443799588048e-05,11.051207415311266,-33.02469390623282,3174.3998301600004
102,25,501180.0,材料2,正弦波,0.0154748415,-4.168539702790263,0.01095414251597952,0.009861494882812502,0.01095414251597952,8.203124551715046e-11,0.015480257,0.030949683,1.4131874747309472,1.1107993915883263,-0.0007372857441493485,-1.5002984946645026,0.0021717280927949995,0.003076606632772297,2.0000000000000018,0.0014934768295833637,0.001988622411063973,0.2880859375,2.0,0.0013549470916153742,0.00018062189462273877,4.360551990916721e-05,0.0005907379720989845,2.353625939872296e-05,1.8034618897390195e-05,2.292661171667588e-05,8.772638193969255e-05,4.464982602254029e-05,13.124720596978007,-54.71091889653194,7755.681062969999
103,50,63020.0,材料2,正弦波,0.0315069255,-3.4575479001727323,0.02225438660977615,0.02002393735546876,0.022254386609776154,-1.3671873048029317e-11,0.031596303,0.063013851,1.4197786510152577,1.1113891446378417,-0.005539926897431617,-1.4963438202739718,0.002167076782133457,0.0030681825810011196,1.9999999999999996,0.003761375737056724,0.0020409700383114617,0.283203125,2.0,0.003226359277624581,0.001885403576239966,0.00021318247537509478,0.00018933914231726874,6.508221759330615e-05,0.0002884994860291748,4.415802842349047e-05,0.00011006770281228222,3.127369379010943e-05,11.051207415311266,-38.2100789931828,1985.5664450099998
104,50,199500.0,材料2,正弦波,0.011633619,-4.453856182869431,0.00823179911272364,0.007411556344726553,0.00823179911272365,-9.765664200838561e-13,0.011633936,0.023267238,1.4132920204548944,1.1106707862486538,-0.00010393930938152154,-1.500448720373442,0.0021708531006603094,0.0030747095981052837,1.9999999999999984,0.0006638239068080695,0.001994558064984268,0.2890625,2.0,0.0005484848721254473,0.00030754434440186297,6.231597877256803e-05,0.00015458518430060123,7.523537935830219e-06,4.266139621553266e-05,1.8051825825387905e-05,0.00012172026309050727,2.1091488749532916e-05,12.203569515312056,-54.3529435388495,2320.9069905
105,50,199500.0,材料2,正弦波,0.0308336175,-3.47914970695812,0.021846153374057983,0.01967345111816406,0.021846153374057976,-4.8828165708113464e-12,0.030857036,0.061667235,1.4124699882699863,1.1104382877637526,-0.001729101024666354,-1.5018375734435165,0.0021737337694701466,0.0030941714834465967,2.000000000000001,0.0020344663179265397,0.0020235772248000322,0.2890625,2.0,0.0017462082523697648,0.000938049153610569,6.288662448091179e-05,0.0003802332463200841,2.8043314756252466e-06,0.00020384510500471957,2.2833196969965654e-05,0.00013769721224579247,1.7294685442189374e-05,12.203569515312056,-42.45804530304099,6151.30669125
106,50,316230.0,材料2,正弦波,0.015513287,-4.166058396458688,0.010998708266623981,0.009906323511718733,0.01099870826662398,-6.05468764567912e-11,0.015521468,0.031026574,1.4112082640741108,1.110271459801712,-0.0009876405366620303,-1.502717031559485,0.0021751822421485693,0.0030981184064988935,1.9999999999999998,0.0018914158616271947,0.0020206483171859367,0.2900390625,2.0,0.0011583351377088104,0.0013662808098359204,7.756195557907614e-05,0.00044141765392635116,3.1989610733050275e-05,0.00038033024269948644,2.9514439297761378e-05,0.00014603161885273628,1.5945292363196262e-05,12.664225075917345,-52.75990121216812,4905.76674801
107,50,398100.0,材料2,正弦波,0.0194729425,-3.9387293410735054,0.013786652879435464,0.012411791475585935,0.013786652879435465,-2.6367193728754298e-11,0.019483022,0.038945885,1.4131799915744154,1.1107705850967515,-0.0010260006716586358,-1.5005040326081953,0.0021721075431970537,0.0030761401364996586,1.9999999999999976,0.0016361923497675245,0.00199741191455285,0.2880859375,2.0,0.0014772033302050767,0.0002571909676503402,9.196924313599965e-06,0.0006461221511177592,3.621320033186062e-05,2.4476888873271683e-05,1.6810189508926987e-05,8.496702102910862e-05,4.333156061047126e-05,12.894458508988409,-50.78778206660757,7752.17840925
108,70,99950.0,材料2,正弦波,0.0613943035,-2.790438225006045,0.043500674278080124,0.03917164977636712,0.04350067427808012,-1.6601586917997803e-11,0.061522861,0.122788607,1.4142967211660258,1.110514224609574,-0.004857678669132648,-1.5015197811636662,0.0021738714155615075,0.003106908770452947,2.0000000000000013,0.0042814670863182,0.0020528080547254995,0.287109375,2.0,0.004167368301319157,0.0008023328923487171,0.0001593979596402473,0.0004593929060282489,4.231801320861546e-05,0.00022429272282071072,2.0098436035458577e-05,0.00017602152974137517,1.8129114134399e-05,11.512425339928546,-32.12471173106483,6136.360634825
109,70,251170.0,材料2,正弦波,0.012374526,-4.392115274291266,0.008762133136449782,0.007888493445312506,0.00876213313644978,-1.0156250191390835e-10,0.012378674,0.024749052,1.412746623137429,1.1107486108968514,-0.0006078301992514443,-1.5006304246804467,0.002172374441289059,0.003076400663750676,1.999999999999999,0.0010576171798444942,0.0020052271722789585,0.2890625,2.0,0.0007385497334329634,0.00032297519063633336,5.046332198618553e-05,0.0006677926930573819,2.8378935304574623e-05,3.0412378417637574e-05,5.9154158763592235e-05,0.00010076381140331613,7.006391294697568e-05,12.433885279692646,-54.6110574557234,3108.10969542
110,70,316230.0,材料2,正弦波,0.024583838,-3.7056660438274713,0.017404336864541497,0.015668691569335924,0.017404336864541486,3.417968934894604e-11,0.024595881,0.049167676,1.4132041451179966,1.1107715527825106,-0.0011986349890992522,-1.5004674226384385,0.0021720109593222387,0.003076248712670495,2.0000000000000027,0.0017062225929917098,0.0020001800796423785,0.2880859375,2.0,0.0015630459377894606,0.00023889857532804308,8.265405225389224e-05,0.0006268887103889053,3.256193551039225e-05,1.1685506266194578e-05,2.6562922691392662e-05,9.024768169755687e-05,3.379634181127278e-05,12.664225075917345,-46.929388835215285,7774.14709074
111,90,79460.0,材料2,正弦波,0.192164745,-1.6494022279911333,0.13603003056162713,0.12245352938476566,0.1360300305616272,-3.906231938354454e-12,0.193966886,0.38432949,1.4259122430478697,1.1108706400303274,-0.01973960295866781,-1.4996707006159262,0.002172194614940273,0.003098786408505888,1.9999999999999993,0.010987751814413964,0.002063296051944027,0.2763671875,2.0,0.010713110786611203,0.002351125596956653,0.00019523666584192172,0.0005992767901385855,4.115043596908633e-05,4.889549809579188e-05,5.2112543413507184e-05,0.00015953584705122168,5.151774072622258e-05,11.28300902936859,-18.610220231484625,15269.4106377
112,90,99950.0,材料2,正弦波,0.039052763,-3.242841649757749,0.02764432408617269,0.02489055475390624,0.027644324086172692,7.617185723733025e-11,0.039102475,0.078105526,1.4144847556449578,1.1106351127764351,-0.0032298846960158454,-1.5005511088285342,0.002171763055955238,0.0031013554661932638,2.0000000000000013,0.0030156359827121456,0.002027320832210525,0.2880859375,2.0,0.0029727247020380912,0.0003157857661954111,0.0001635914169547952,0.00022541110238513218,2.740368079584531e-05,0.00025952915361752727,1.9748322412660397e-05,0.00010412126800223868,1.8376104655469534e-05,11.512425339928546,-37.3329723820468,3903.3236618499996
113,90,199500.0,材料2,正弦波,0.0977974945,-2.3248563208789346,0.06919599243557574,0.06229722470800783,0.06919599243557575,4.8828100270583124e-12,0.098036344,0.195594989,1.4167922237877546,1.110739567611607,-0.005291060991899477,-1.49995707457568,0.002170816487720922,0.00310630146051441,1.999999999999996,0.005437181553230147,0.0020080388392682415,0.28515625,2.0,0.005424992880429146,0.00020386821223408123,7.952497123504541e-05,0.00016888742671320825,1.9122751934579893e-05,0.00022093926863664314,7.406672226398617e-06,8.109812657396975e-05,1.3208072284789719e-05,12.203569515312056,-28.37154572495871,19510.60015275
114,50,199500.0,材料2,正弦波,0.030835,-3.4791048705386807,0.02184617309298344,0.019673447265625005,0.02184617309296379,2.929687501365827e-08,0.03086,0.06167,1.4126043892745508,1.1104395075262072,-0.0017351067649796503,-1.501833729601348,0.00217458348097173,0.0032430679422733918,1.9999999999999976,0.002033862952857702,0.003266438180743192,0.2890625,2.0,0.001744550110182534,0.000935683907376404,7.080645254134945e-05,0.00038259994431573364,9.093600525320473e-06,0.0002127514607049829,2.334017073251634e-05,0.00014195505290318035,1.4173927363524019e-05,12.203569515312056,-42.45749813867954,6151.5825
115,70,158510.0,材料2,正弦波,0.15391,-1.8713872629902744,0.10907034560695364,0.09822482421874994,0.10907034560693797,-5.8593749996142766e-08,0.15451,0.30782,1.4166086954266461,1.110415279176783,-0.008168418878053026,-1.5020492000360628,0.0021743956758201654,0.0031187057371190982,1.999999999999996,0.007493400182797827,0.0022713861170709,0.28515625,2.0,0.007379119413619319,0.0011998551834756705,5.796029954631504e-05,0.00045333977896982645,2.315587658784999e-05,0.00017159739106065286,8.825174517922113e-06,0.00014387324479797514,1.883912827826308e-05,11.973572961791938,-22.407191933182165,24396.2741
116,90,63020.0,材料2,正弦波,0.097525,-2.327646523589417,0.06910260320654986,0.06222554687500001,0.06910260320637322,1.5625000000872527e-07,0.0981,0.19505,1.4196281391422552,1.1105182144138424,-0.01201947102495436,-1.5013823340554753,0.002174113165039699,0.0031274032299410466,1.999999999999997,0.006688840134092158,0.0024233388358238656,0.2822265625,2.0,0.006606851352352174,0.0008634890410716598,0.0001312036066126214,0.00047565915256986903,5.1946895695860465e-05,0.0002512649714813464,4.673063747637623e-05,0.00018093002663848077,1.631608462332983e-05,11.051207415311266,-25.72330452171485,6146.0255
117,70,99950.0,材料2,正弦波,0.061395,-2.7904268803696612,0.043500850905381014,0.03917177734375001,0.043500850905310855,7.812500003995591e-08,0.06152,0.12279,1.414225209842735,1.1105151171375613,-0.004854673381905038,-1.5015151012406744,0.002174102549599326,0.00317615440996824,1.999999999999998,0.004281299324681849,0.002642985047500784,0.287109375,2.0,0.00416772169625316,0.0008004000592548452,0.00015392532366518028,0.0004602685891918211,4.183766109448635e-05,0.00022362552552178806,1.8257753354613933e-05,0.00017614144299263134,1.792809908708754e-05,11.512425339928546,-32.12458112678545,6136.430249999999
118,25,199500.0,材料2,正弦波,0.03105,-3.4721564706026493,0.02198594383839011,0.019795283203124972,0.0219859438379021,1.4648437499624848e-07,0.03108,0.0621,1.4136304644666002,1.1106657890562188,-0.0021656295805689424,-1.5006265095441813,0.0021733654891326693,0.0032206119162640915,1.9999999999999964,0.002067865011077217,0.0032673041683650467,0.2880859375,2.0,0.001970119233804303,0.0004335187658343642,3.1041102313667456e-05,0.00038534853468300066,5.2306654967107416e-05,0.0001966172561090857,1.0061695398780354e-05,0.00012493062838804276,1.4039726085196725e-05,12.203569515312056,-42.37270285703999,6194.475
119,25,63020.0,材料2,正弦波,0.020075052000000003,-3.9082774288662403,0.014188070606550732,0.012767116213867181,0.014188070606550725,-7.128905933861908e-11,0.020112759,0.040150104000000006,1.4175823871861617,1.1112979915652497,0.0036259715439598494,-1.496988350520302,0.0021683508375039983,0.003067613473678673,1.9999999999999993,0.0031926972448374884,0.0020757090865980974,0.2861328125,2.0,0.0026911741907227516,0.0016610705092633099,0.00012615922014331944,0.0002759470109733749,6.278120991672522e-05,0.0002667542915118814,6.835972806195625e-05,0.0001379481351485889,2.9613530248174185e-05,11.051207415311266,-43.19118450298024,1265.1297770400001
120,25,63020.0,材料2,正弦波,0.025057155999999997,-3.686595823584112,0.017681088699568207,0.015899607581054694,0.017681088699568207,3.222656289638944e-11,0.025110709,0.050114311999999994,1.4202015173767684,1.1120456029767836,-0.004156727590061166,-1.4935894177090954,0.002164983668293777,0.003035120984999255,2.0000000000000018,0.004056747641772737,0.002062421996058343,0.2841796875,2.0,0.0019523243290756299,0.0034878782312134614,0.00013586019546340064,0.0006516894442894923,9.474527154805034e-05,0.00010276653784342347,8.443873733592995e-05,0.00010199651734147248,1.0423298513339034e-05,11.051207415311266,-40.74133510284828,1579.10197112
121,25,125860.0,材料2,正弦波,0.039307757,-3.23633340044876,0.02780866971327923,0.025027734679687497,0.027808669713279232,7.812509211606311e-12,0.039348813,0.078615514,1.4149836509874514,1.111114132748448,0.0021988948620531913,-1.498163329739163,0.002170525939962439,0.0030864518675028955,2.000000000000001,0.0033058303196944598,0.0020569969754810086,0.287109375,2.0,0.003087810242742003,0.0009716476115628506,7.913837070924902e-05,0.0004531624865820905,8.456999282326979e-05,0.0004354512775263603,2.5123944328664354e-05,0.00019834321854720935,3.8505346400399906e-05,11.742925457080924,-38.00402187573101,4947.27429602
122,25,158500.0,材料2,正弦波,0.07911256450000001,-2.5368835735863704,0.05596524474660153,0.05037415589843753,0.05596524474660152,-4.296875404991756e-11,0.07929677,0.15822512900000002,1.416893115701335,1.110991216595997,0.004906105904407857,-1.498766725390052,0.0021703993088411457,0.0030889720431196495,1.9999999999999976,0.0044594790021150466,0.0020385903524654473,0.28515625,2.0,0.00427984956694118,0.0011725450571428869,2.1766134605498204e-05,0.00035847296426661846,1.0600809249202516e-05,0.00021914708265803576,1.6931956084751958e-05,0.00012829643577741293,3.343090393800724e-05,11.973509872299472,-30.37540051321077,12539.341473250002
123,25,251170.0,材料2,正弦波,0.0393090295,-3.2363010282275906,0.02779619818744471,0.02502045331054688,0.027796198187444703,3.3203128282563703e-11,0.039352783,0.078618059,1.4157613474556134,1.1109390322567725,0.002366375020008075,-1.4988471085881965,0.0021694452674152083,0.00308366809208556,2.0000000000000004,0.0026815186025122045,0.00199570037227522,0.2861328125,2.0,0.0025731895962220097,0.000701615163261015,2.8330276452008195e-05,0.00015332506117385878,2.3258717621775592e-05,0.00021753891933495105,9.506195304224892e-06,6.830078628253342e-05,6.541155969551815e-06,12.433885279692646,-40.23979571553321,9873.248939515
124,25,316230.0,材料2,正弦波,0.077822118,-2.5533295951422796,0.05508734728591863,0.0495920998984375,0.05508734728591864,5.859408559749386e-12,0.078005928,0.155644236,1.4160407397206398,1.1108089272028239,0.0050231868058494495,-1.4998932472544926,0.002171809184683315,0.0031003139750064375,1.999999999999999,0.005627585590459191,0.0020152200501317163,0.28515625,2.0,0.005606086990416898,2.6155413664492606e-05,5.245145592117008e-05,0.0004069553283618101,3.291077499191165e-05,0.0002003382512387178,1.1168625755874821e-05,0.00017585393682207086,1.3872791031169073e-05,12.664225075917345,-32.33594068588274,24609.68837514
125,50,125860.0,材料2,正弦波,0.024572306,-3.7061352425592338,0.017387329507110385,0.015649714651367195,0.017387329507110392,2.4414066307268108e-11,0.024579734,0.049144612,1.4136578012137142,1.1110317276993538,-0.0007398964506715891,-1.499160051857089,0.0021709129095482493,0.003070468844071859,1.9999999999999976,0.0017817088561441078,0.002029171377247212,0.2890625,2.0,0.0015628947831882103,0.0004610183694776469,0.00011223308832002016,0.0006981635353348768,3.5474890317640155e-05,3.5299912280192865e-05,2.0849710549525833e-05,0.0001175669015621232,5.0185467433270626e-05,11.742925457080924,-43.52086988723361,3092.67043316
126,70,158510.0,材料2,正弦波,0.019389828999999997,-3.9430066287453194,0.013731266052608236,0.012362219612304671,0.013731266052608243,4.0039060073351635e-11,0.019397537,0.038779657999999995,1.4126546616810665,1.1107443875969403,0.0009087050440226032,-1.5007418356314857,0.002172655610598531,0.0030755557462626413,1.999999999999999,0.0012062974605091406,0.0020235690231061054,0.2890625,2.0,0.0008884486179708968,0.00037873293764097675,6.359727173897801e-05,0.0007056111476662898,2.5111798933945677e-05,3.648762969843395e-05,3.263639342245251e-05,0.00012240532881908225,4.931658395529344e-05,11.973572961791938,-47.21187755811134,3073.4817947899996
127,70,158500.0,材料2,正弦波,0.0309461555,-3.4755065040452284,0.021941761442185247,0.019762253498046847,0.021941761442185244,2.7343745930013706e-11,0.030969186,0.061892311,1.4114266113776361,1.1102864075877685,0.001570259857620293,-1.502655305530733,0.0021753275554040807,0.00310746192689428,1.9999999999999993,0.002342341456991913,0.0020483013031361514,0.2900390625,2.0,0.0018115656829274646,0.0013386916388844524,1.1766435299305723e-05,0.00046588899757665607,4.930130086473061e-05,0.00040150733015143224,2.2274844795295422e-05,0.00017332738560113767,3.646451368805405e-05,11.973509872299472,-41.61401143742657,4904.96564675
128,70,251170.0,材料2,正弦波,0.0195202005,-3.936305426533549,0.013841213692485399,0.012466847217773436,0.013841213692485395,6.152343677982603e-11,0.01953083,0.039040401,1.4110633961676047,1.1102417035120626,-0.0009322911439677657,-1.502875161595433,0.002175448541478835,0.00309896919347729,1.9999999999999982,0.002079607032865382,0.00203181016556887,0.2900390625,2.0,0.001357601286439238,0.0014477248661093818,5.5629467230063435e-05,0.00044125697537417526,3.2159094569048435e-05,0.000406259501454828,1.1221018377894926e-05,0.00014679969467348912,1.4746620429746567e-05,12.433885279692646,-48.94357009934978,4902.888759585
129,90,50020.0,材料2,正弦波,0.154312693,-1.868774261168732,0.10926235188250187,0.09835441938183587,0.10926235188250193,-1.0742205451444269e-11,0.155251138,0.308625386,1.420902399821609,1.1109043454195866,-0.01410039223014661,-1.4996272720088542,0.0021726362146327564,0.0031052857071193762,2.0000000000000013,0.009129894191986232,0.002079793111254347,0.2802734375,2.0,0.008643040028879254,0.002836860672473675,0.00018079310761908232,0.0006983202756498656,0.0001653418828513632,0.00012494881872572526,9.201315640741949e-05,0.0001754678742041354,5.005641342706443e-05,10.82017820443161,-20.220470529700698,7718.72090386
130,90,79460.0,材料2,正弦波,0.1560220115,-1.8577581823272038,0.11054291976789157,0.09954685259667971,0.1105429197678917,-6.835938797444471e-12,0.157207153,0.312044023,1.4221367893130552,1.1104612238798057,0.0161347943325476,-1.5014976095843906,0.002173980117277698,0.00311788378654508,1.9999999999999987,0.009229935732494103,0.002071645879770295,0.2802734375,2.0,0.009116176127025671,0.00136699438685871,7.902472443729717e-05,0.00035321790721531813,3.426818115348731e-05,0.00023753650757514584,1.8590081639010026e-05,0.00016973739105968747,2.4712801052303862e-05,11.28300902936859,-20.961102345581217,12397.50903379
131,90,99950.0,材料2,正弦波,0.152735879,-1.8790451303756002,0.10817451155388351,0.09738955912402347,0.10817451155388344,8.789065341404528e-12,0.153619665,0.305471758,1.4201096246547829,1.110740335276861,0.012565032481025482,-1.500623342578211,0.0021732194110835783,0.0031248355208012392,1.9999999999999996,0.010016449438903676,0.0020552764149394777,0.2822265625,2.0,0.009962149998165307,0.0007717090517508615,4.76760225136081e-05,0.0006729225835449267,5.3611026536151666e-05,4.607831140104176e-05,5.204624340918124e-05,0.0001523540935070425,5.7237879396438726e-05,11.512425339928546,-21.632366773805398,15265.951106049999
132,25,50020.0,材料2,正弦波,0.0648,-2.7364496756239083,0.04565968221292343,0.04104448242187504,0.045659682212797065,-1.0742187499491004e-07,0.06497,0.1296,1.4229183570973478,1.1124438540511032,-0.006920504743903276,-1.490858391696516,0.0021624036955656387,0.0030864197530864213,2.0000000000000004,0.0075425853865961475,0.0026577232531750034,0.2802734375,2.0,0.004226105301048778,0.006207329040722627,0.00023439822998436906,0.000600037145998524,0.00016311037759174832,0.0002209531878848133,6.323281544414914e-05,6.674612681966867e-05,2.878595205710463e-05,10.82017820443161,-29.60887313770976,3241.296
133,25,79470.0,材料2,正弦波,0.025189999999999997,-3.6813081886176184,0.017774813202253346,0.015989042968750006,0.017774813201566604,-1.5624999999391533e-07,0.02524,0.050379999999999994,1.419986793267694,1.1116871245510793,-0.0044825245466463375,-1.4946573424847767,0.0021664054191638934,0.00317586343787218,1.999999999999999,0.0035221419181252285,0.003569722100506577,0.283203125,2.0,0.0021938556684964,0.0027455727840481775,7.072039598106615e-05,1.7866632749417418e-05,1.904123519378918e-05,0.00019776926555234166,2.1616308132275494e-05,9.140102524564793e-05,2.634066273756755e-05,11.283134870934225,-41.53669679364716,2001.8492999999999
134,25,158500.0,材料2,正弦波,0.019534999999999997,-3.9355475504751034,0.013816056301229736,0.012433906250000001,0.013816056300732734,1.1718749999786409e-07,0.01954,0.039069999999999994,1.4142964948876755,1.1111597613364452,0.0008547081731843363,-1.4984090743860023,0.0021723157567521286,0.0030714102892244774,2.0,0.0014741046903382373,0.004039073353834709,0.2880859375,2.0,0.0010144451651441758,0.0008287876985680917,7.956316963819781e-05,0.0006560646512730259,3.1340517032423956e-05,1.1940415544221485e-05,4.18139624545505e-05,0.00011772005180330122,5.928112261232947e-05,11.973509872299472,-47.122317448517656,3096.2974999999997
135,50,50020.0,材料2,正弦波,0.05031,-2.98955141447891,0.035583562054361056,0.03202265625,0.03558356205427528,-7.81249999797612e-08,0.0504,0.10062,1.416384338448294,1.1111995762175741,0.00540530213094149,-1.4975722064479928,0.0021704331923833196,0.0030808984297356515,2.0000000000000018,0.004605897727212242,0.0028205773507296375,0.287109375,2.0,0.003916893652104584,0.0023314881007251804,0.00032048421837367413,0.00036708548103237784,0.00015820623743683648,0.00035753384505079095,9.458849531250763e-05,0.0001916735012878793,1.9848545162615033e-05,10.82017820443161,-32.34747905597239,2516.5062
136,25,125900.0,材料2,三角波,0.0388655855,-3.247646111444949,0.02250285049704439,0.019469314121093755,0.0225028504970444,-7.226564321044038e-11,0.039463592,0.077731171,1.7537152462166203,1.1558111578601524,0.02222029769588902,-1.1925889736488953,0.0032358854204325204,0.010139008455179427,2.0000000000000004,0.6158757211880461,0.008310558141317148,0.0908203125,2.0,0.47815964338173955,0.2921940919824212,0.19320561467340464,0.12977836816342428,0.08539193953354526,0.053122563358791196,0.029356457999696352,0.011924939305834334,0.00049166775104566,11.743243220032438,-38.13789817929061,4893.17721445
137,25,158760.0,材料2,三角波,0.019810161,-3.9215602910962226,0.011452928364736891,0.0099065302392578,0.01145292836473691,8.886718815117938e-11,0.020226575,0.039620322,1.766061426025925,1.1560988649033739,0.02924593459800443,-1.1895416959925198,0.003223958246140291,0.010178867299463155,2.0000000000000013,0.615489132939531,0.008418224079723107,0.0849609375,2.0,0.47836422730193373,0.2923153950087622,0.19281372281805875,0.1290135906844264,0.08436063142491741,0.05194572386454299,0.028150788149843252,0.010721937600174763,0.001452300079693907,11.975148906897001,-46.96126843325162,3145.06116036
138,25,199170.0,材料2,三角波,0.194022072,-1.6397833531946118,0.11303964401215531,0.09786921007812507,0.11303964401215531,4.492190574059175e-11,0.19595787,0.388044144,1.733532263945633,1.1550072175091664,0.01174336765997413,-1.1984541301247047,0.002448548759382588,0.005206332916597266,1.9999999999999998,0.45322560805889894,0.005960105074579585,0.099609375,2.0,0.4068670391945761,0.18196892846055773,0.06441130826822755,0.0014483700125646074,0.026854204998576214,0.03272099694200816,0.025494981124477765,0.012913023572284205,0.0007118121213639208,12.201914010381314,-20.008495471335383,38643.37608024
139,25,396810.0,材料2,三角波,0.038340457,-3.261249621769532,0.02245999783220067,0.01945524288671878,0.022459997832200675,4.492186872864009e-11,0.038768805,0.076680914,1.7261268362376048,1.1544444838328438,0.007340763453915474,-1.203037593010638,0.0024517457047747273,0.005269264265681484,2.0,0.4522543728106005,0.005574635845586185,0.1025390625,2.0,0.40586195492627253,0.18190198828643594,0.06476456098097114,0.001971516277393564,0.026239165569801794,0.032167590002559046,0.025162152855754148,0.012889856692480862,0.0009448245466983011,12.891212855688202,-42.04146304976368,15213.876742170001
140,25,396810.0,材料2,三角波,0.0761165955,-2.5754889629879263,0.04463772073173646,0.03866488920605468,0.04463772073173648,-1.4648470262300373e-11,0.07706046,0.152233191,1.726352930587956,1.1544768819548685,0.008756050027137589,-1.2030652226103222,0.00245431430696238,0.00530069030741129,2.000000000000003,0.45343983570672636,0.005493705056056011,0.103515625,2.0,0.40668675224918205,0.18278291416017647,0.06561353146081485,0.002713050099457086,0.025732086632005602,0.03196357382560526,0.02518283589972004,0.013104419318540391,0.001330009961286486,12.891212855688202,-33.20117642935303,30203.826260355
141,25,79500.0,材料2,三角波,0.243384312,-1.4131135540802944,0.14107749437198946,0.12215473390917962,0.1410774943719896,8.789121177816411e-12,0.244131818,0.486768624,1.7304802519123255,1.1549081223235986,0.002959288153915645,-1.1983287494036543,0.0021332223086697522,0.003409667176904985,1.9999999999999991,0.30687752579629446,0.0058698901965890515,0.1015625,2.0,0.29469549793804456,0.042707391701288976,0.04558964579207461,0.04962105501949667,0.020285122598759125,0.007869370336657258,0.01839223169387267,0.01233311270488277,8.903183632685795e-06,11.283512300642423,-15.944884169669534,19349.052804
142,25,125890.0,材料2,三角波,0.0304389065,-3.492033669761367,0.017650262701611727,0.015275812940429703,0.01765026270161173,2.246093429994554e-11,0.030652659,0.060877813,1.7366687124266407,1.1554385203878539,0.010704710294529664,-1.1946801363715227,0.002135721385711375,0.003482795940780611,2.0,0.3092821938689692,0.0054107607128728065,0.099609375,2.0,0.2969590383967017,0.043634872467341844,0.045527534309363744,0.05005712943393588,0.020720310538644204,0.007554042503458357,0.018497390403116126,0.012638490208663275,0.00022486166842118556,11.743163788760304,-41.007523339873444,3831.953939285
143,25,199170.0,材料2,三角波,0.0386766895,-3.2525181989264063,0.02246731150190059,0.019450040673828127,0.022467311501900598,-6.445311976868056e-11,0.038973959,0.077353379,1.7346961605398605,1.1551292811501668,0.011139432411473343,-1.19715493391671,0.00213715445873603,0.003538979208652309,2.0000000000000027,0.30923868302926033,0.005489047181850745,0.099609375,2.0,0.2969681186657207,0.04436692269657752,0.044729593640038694,0.049821894557473344,0.02098482219737832,0.007195555579641289,0.018255327436120097,0.012708045117762006,0.00047733686258865396,12.201914010381314,-39.686947380500314,7703.236247715
144,25,499970.0,材料2,三角波,0.0611797495,-2.793939034743081,0.035964574934784964,0.031156670398437548,0.035964574934784964,4.101562106173084e-11,0.061589445,0.122359499,1.7125030703596789,1.1543138106499506,0.002694434089935669,-1.2047843653199841,0.0021393544526253487,0.003518680637945444,1.999999999999999,0.3055411213328197,0.004679288040081718,0.111328125,2.0,0.29378527535835314,0.04268855717804083,0.04462608283153754,0.048508168573739026,0.0197954530521269,0.007266018132966346,0.017318077830516747,0.011582346492207778,0.00015702123465647695,13.122303375604258,-36.66291562684163,30588.039357514997
145,25,499970.0,材料2,三角波,0.0765189275,-2.570217150451853,0.04499810319191867,0.03898276243164065,0.04499810319191865,-6.640624996504668e-11,0.077091898,0.153037855,1.7132255035551174,1.154307708973329,0.004316478418721208,-1.2048836097689106,0.0021402859114918724,0.003531446516941841,1.9999999999999982,0.30609771410041114,0.004660258216330831,0.1103515625,2.0,0.29429046116861274,0.043303716774538266,0.04434387879150075,0.04863868599455764,0.02001503971814317,0.0070488168866455125,0.017203147019848652,0.011632839581248323,0.0002508706647851191,13.122303375604258,-33.72716918941031,38257.168182175
146,25,99900.0,材料2,三角波,0.1549189025,-1.8648535086622544,0.09008456449195516,0.0779932840839843,0.09008456449195516,1.032702569292443e-17,0.155204174,0.309837805,1.7228720022713795,1.1550297637800557,0.002855120259326962,-1.198034864921689,0.0019979765253733883,0.002543479160007617,1.9999999999999978,0.18400108565326925,0.004838127412429277,0.1064453125,2.0,0.15471076840104248,0.06934724066796963,0.0627007782828162,0.0002183951449492146,0.02790441770296343,0.012451970413742176,0.00979998884277194,0.012277645885670544,0.00011881090293215379,11.511924964636645,-21.468053661759246,15476.398359750001
147,25,251230.0,材料2,三角波,0.0981943465,-2.3208066365621023,0.05725335167121479,0.04958363635937496,0.057253351671214765,-1.9531221800463128e-12,0.098443553,0.196388693,1.7194373801087766,1.15468238868668,0.002719917273249297,-1.2007320608401768,0.0019972205836162366,0.0026297033302217195,2.0000000000000004,0.18169884841601314,0.004933916275988497,0.1064453125,2.0,0.1520846592812199,0.07003509961276011,0.061814795367976384,0.0011145461145413056,0.027827484097115628,0.01181323917998796,0.010074774489629854,0.011906334436444049,0.0005641258697696643,12.434124133196967,-28.857197808160517,24669.365671195
148,25,316450.0,材料2,三角波,0.038924018,-3.2461437895828755,0.022690227093224713,0.019648668032226556,0.02269022709322473,4.394530994932281e-11,0.039055885,0.077848036,1.7212646149170565,1.1547972135317048,0.003891038959001808,-1.199876243000031,0.0020002253153740507,0.00271047300409737,2.000000000000001,0.18535938485316678,0.004943433687661355,0.1064453125,2.0,0.1570260589168028,0.06756881506915567,0.06304720160860079,0.0010000962241671683,0.027457194530564073,0.01309115026715906,0.009072892058029185,0.01231247249620357,0.0004834099143272247,12.664920530203451,-41.112153124680596,12317.505496099999
149,25,316450.0,材料2,三角波,0.1941140845,-1.6393092283279496,0.11358513865079294,0.09838576052441411,0.11358513865079306,-8.789077159208208e-12,0.194717834,0.388228169,1.7142897064962177,1.1544875807775776,0.0028591990311490866,-1.2024718197670579,0.0020019396193427194,0.00265207700577746,2.0000000000000013,0.18507018473383974,0.004713550446204521,0.109375,2.0,0.15724141705309153,0.06681241365135059,0.06272661926282745,0.0012531733118844644,0.027045427872578322,0.013078250227241298,0.008761862597886807,0.012098601447496046,0.0006082961071791419,12.664920530203451,-20.761721101202625,61427.402040025
150,50,199170.0,材料2,三角波,0.0483904855,-3.028452065162558,0.02816557735705138,0.024389716273437497,0.02816557735705137,7.226561848385459e-11,0.049098877,0.096780971,1.7432228133504912,1.1548136534792788,0.01616863229707235,-1.1995343071317774,0.0032484738879324493,0.01031764808393997,1.9999999999999962,0.6144160022491562,0.008155774424119555,0.09375,2.0,0.47635168847726916,0.291551419067509,0.1929274168647462,0.13018253229822083,0.08606183113591008,0.05413674820198871,0.030305647330733362,0.013006846635000182,0.0005884274449253402,12.201914010381314,-36.95291168367524,9637.932997034999
151,50,158740.0,材料2,三角波,0.049101544,-3.013864798647565,0.02847467600360221,0.02464788955175781,0.02847467600360222,6.835941114926615e-12,0.049634333,0.098203088,1.7431043989305084,1.1552581791560117,0.015276512062136403,-1.1959590377920197,0.0024428617739120375,0.005153249356069129,1.9999999999999982,0.45250005956240197,0.006384763897791374,0.0947265625,2.0,0.4065895302985298,0.18108644050803166,0.06313147315343076,0.000336844025075063,0.027743177419910704,0.03306369245152392,0.025394010010638124,0.01247009667836064,0.00010837822749141889,11.975022922644866,-36.09110004955704,7794.379094559999
152,50,199170.0,材料2,三角波,0.1534623575,-1.8742999700412204,0.08931823638881106,0.07733157752441398,0.08931823638881116,-4.19921779640231e-11,0.155121949,0.306924715,1.7367332279685743,1.1550034183721758,0.013270069656299177,-1.1980705940251166,0.002447768200195298,0.005186060040814938,1.999999999999999,0.45324549433552547,0.006010043067039786,0.099609375,2.0,0.4068201238704835,0.18206812347071571,0.0644462527796169,0.0013625627688716173,0.026999204195870492,0.03281137619359904,0.025561976814597605,0.012862999209933342,0.0006873488234972167,12.201914010381314,-22.870047064103243,30565.097743275
153,50,63180.0,材料2,三角波,0.19543497199999998,-1.6325275789292837,0.11333939195169622,0.09814430733203133,0.11333939195169619,3.5156254155673666e-11,0.196363709,0.39086994399999997,1.7325283435761476,1.1548239019942186,0.0078022970184445616,-1.1988365029978143,0.002132439468793929,0.003365050242901238,1.9999999999999987,0.30591001216021635,0.005551637905284239,0.1005859375,2.0,0.2937532453980328,0.04203591792494467,0.045903507622529156,0.04958503311932678,0.02000626935442706,0.008084554700270346,0.018500239395022572,0.01221603803988135,0.00019788746624787188,11.053743074356076,-18.045540419284862,12347.581530959998
154,50,125890.0,材料2,三角波,0.09791709800000001,-2.3236340970951974,0.05686251096013409,0.04922697488378907,0.05686251096013406,-9.765864332489382e-13,0.098478275,0.19583419600000002,1.7318664500947283,1.1551087811991363,0.009486648144298868,-1.1973753584319649,0.0021353337835323207,0.0034097824263541474,1.9999999999999998,0.30834030187465283,0.005384704793724716,0.1005859375,2.0,0.2961583289224985,0.04351035873164585,0.045143680584479456,0.04962800977104974,0.02057619320909528,0.00745877223267216,0.018292446314744238,0.012500041218976611,0.0002564559006442168,11.743163788760304,-27.286815787337066,12326.78346722
155,50,199170.0,材料2,三角波,0.048758835,-3.020868867189362,0.02834755167018171,0.02454641397753904,0.028347551670181728,-2.0507822152157455e-11,0.049075715,0.09751767,1.7312152940397274,1.154855112283239,0.009368867089364054,-1.199066331290465,0.0021369618979556935,0.0034791745947170072,2.0000000000000004,0.3085487511554684,0.005487941651490252,0.1005859375,2.0,0.296329764157582,0.04440893221559449,0.04455461964005472,0.04955583525366608,0.020951009977491608,0.0070586888699133606,0.018144920326679036,0.012635392264748977,0.0005416045037461872,12.201914010381314,-36.86038215408261,9711.29716695
156,70,316450.0,材料2,三角波,0.031121707999999998,-3.4698496968592694,0.01814546962121279,0.01571543314648436,0.01814546962121279,-4.101562581866787e-11,0.031429557,0.062243415999999996,1.7320883755611136,1.154627394108577,0.00943233212171999,-1.2011948929023022,0.0024323129861800485,0.0051520147930184425,2.000000000000001,0.44652424106814936,0.0059024404739678685,0.1005859375,2.0,0.4024318435173178,0.176762002104469,0.059563089819148596,0.002268155485264478,0.028911754131920375,0.03293785412361268,0.02431986917531884,0.011013238085291853,0.001121778752351709,12.664920530203451,-43.94537066247318,9848.4644966
157,70,125890.0,材料2,三角波,0.038233001,-3.264056235793327,0.02216150627288147,0.019180589415039043,0.022161506272881475,1.66015568669629e-11,0.038493486,0.076466002,1.7369526026804236,1.1554132041169267,0.010981149629924213,-1.194893077243204,0.002135454088777424,0.0034610414181193514,1.9999999999999984,0.3095105361439513,0.005451170177756424,0.0986328125,2.0,0.29719431348920217,0.043898752340615806,0.045289140578611845,0.050047266744305006,0.020767789406784795,0.007529132931552887,0.01847377478748461,0.012650116810131572,0.00028576923586336086,11.743163788760304,-38.33034699264547,4813.15249589
158,70,499970.0,材料2,三角波,0.019385279,-3.9432413153912407,0.011340975861636363,0.0098233287216797,0.01134097586163636,-3.417968478844455e-11,0.019508516,0.038770558,1.720179659846764,1.1544941824666088,0.004511190682754938,-1.2023454962534574,0.0021375063766048445,0.003511066309646622,1.999999999999999,0.30652530922573784,0.004922147988319885,0.1064453125,2.0,0.29452129364713164,0.043324470236273276,0.04481681749233615,0.04905981638887038,0.0202954994667462,0.007317830036497298,0.01771808678766759,0.011963496882343994,0.00019119814994076367,13.122303375604258,-51.74440882378065,9692.057941629999
159,70,251230.0,材料2,三角波,0.039090595,-3.2418733780089,0.022734147950824464,0.019685320334960947,0.022734147950824447,-8.300781230723055e-11,0.039229294,0.07818119,1.7255669350290004,1.1548782323063764,0.004956769485892013,-1.198992938830482,0.0019963680513489326,0.0026630446530681562,1.9999999999999947,0.18214833388341176,0.005120282193189703,0.10546875,2.0,0.152278475371216,0.07037180347151595,0.06211464115843241,0.0011947352241854648,0.028051407690475372,0.011877876648971476,0.010216233046466041,0.012031123240443786,0.0005915586179887579,12.434124133196967,-40.309856006269236,9820.73018185
160,90,396810.0,材料2,三角波,0.012518241999999999,-4.380568338504804,0.007306572100238251,0.006329115209960945,0.007306572100238257,7.519531249260776e-11,0.01274341,0.025036483999999998,1.7441024087868053,1.1544381572860225,0.011672734916427032,-1.201372553726007,0.0032003357121030175,0.010098023348645905,2.0000000000000004,0.6084493281271066,0.007527772811267438,0.0947265625,2.0,0.47415886961394355,0.28917093314643394,0.18954049689363378,0.12612770624798242,0.08179223195260356,0.049648566083144205,0.026153890773383055,0.0092455794218342,0.002422473648990458,12.891212855688202,-56.470838880553835,4967.363608019999
161,90,316460.0,材料2,三角波,0.0123438235,-4.39459946246809,0.007177200348073246,0.006213704334960945,0.007177200348073247,2.832031453491317e-11,0.01249432,0.024687647,1.7408347815390384,1.1550598421124196,0.014429275133318849,-1.1976829561994118,0.002432663497047288,0.005194014642221648,1.999999999999995,0.44835151065440193,0.0060277128798336185,0.095703125,2.0,0.4039056736182976,0.17774978383802412,0.06003200375342149,0.0020852753607302887,0.02901526154268599,0.0331930917688714,0.02460915269411756,0.011206426789641887,0.0011168174905480874,12.664952130272974,-55.6573918238817,3906.32638481
162,90,125890.0,材料2,三角波,0.1945246845,-1.6371962113799574,0.11308347595248794,0.09790726604980483,0.11308347595248798,-9.765433904226906e-13,0.195582203,0.389049369,1.7295383021492365,1.1550059614060009,0.008566333840566816,-1.1980784341359025,0.002135890233178571,0.00340391504400565,2.000000000000003,0.3081495910528427,0.005308263315411214,0.1025390625,2.0,0.29598383896180475,0.04358305653297057,0.045056584909362755,0.04954023213213647,0.020570873758381993,0.007454620376453173,0.018212371959811756,0.01246694845530076,0.0002770757657024017,11.743163788760304,-19.225863264572677,24488.712531704998
163,90,251230.0,材料2,三角波,0.0388581545,-3.2478373271538854,0.02262081294375384,0.019590865277343723,0.02262081294375385,4.296874125633192e-11,0.039106058,0.077716309,1.7287644832763687,1.15466124765373,0.008079415904494725,-1.2004139440508046,0.0021321934540415527,0.0034566489769863053,2.0000000000000004,0.3045278238568186,0.005393551286129367,0.1025390625,2.0,0.29253954295779383,0.040987481419441474,0.04619272636696924,0.0491810773997255,0.0194484419337262,0.008346950482543126,0.018347935745940767,0.011853876778974903,0.00046552729054372285,12.434124133196967,-40.38401249026206,9762.334155035
164,90,316450.0,材料2,三角波,0.0607418345,-2.801122617318151,0.03546451395397959,0.030717400085937485,0.035464513953979586,-9.765635321885499e-12,0.061126996,0.121483669,1.7236101439123412,1.154541525479409,0.005892598027621967,-1.2019006164535313,0.0021411026825634153,0.003495301084460986,1.9999999999999967,0.30935788619522425,0.0051678797754056306,0.10546875,2.0,0.29711260119009153,0.04610335418189333,0.043317206423013684,0.049464551207654577,0.021498779059759738,0.00625054092117825,0.017678547755660048,0.012761018616591497,0.0010588154680325444,12.664920530203451,-35.47599534368988,19221.753527525
165,90,499970.0,材料2,三角波,0.009659925,-4.639769394763006,0.005640797315414246,0.004884714189453126,0.005640797315414246,1.171875011190816e-10,0.009731316,0.01931985,1.7251667549564058,1.1547855404915244,0.006610504614828991,-1.200293597853283,0.0021374304836294586,0.0035361040587789257,1.9999999999999976,0.3073922873217078,0.005016915650531374,0.1044921875,2.0,0.295317599941492,0.04344213040667713,0.04489341047645686,0.049368660958244284,0.020382008193974874,0.007375270851548519,0.01791343413374204,0.012118870221307988,0.00022971791831893684,13.122303375604258,-60.88446159092391,4829.67270225
166,90,499970.0,材料2,三角波,0.030861736,-3.478238179578771,0.018081287426439458,0.01566205480078124,0.018081287426439458,-4.4921876487461886e-11,0.031063565,0.061723472,1.7179951995330343,1.1544645741845792,0.003596209219310485,-1.203029948046137,0.002137447065791833,0.0035072395149773586,2.0000000000000013,0.30560938458508263,0.004855964836171986,0.1083984375,2.0,0.2937255162214458,0.04247488951131467,0.04505279773534827,0.04886503569882861,0.01986843195024945,0.007510144257951934,0.017645035084207693,0.011757949957311291,3.2016108472591694e-05,13.122303375604258,-45.64249660504212,15429.942147920001
167,90,158730.0,材料2,三角波,0.1554381645,-1.8615072823974947,0.09035866090315975,0.07824326384765622,0.09035866090315979,-1.9531473606417687e-12,0.155894092,0.310876329,1.7252811234893872,1.1548426849765987,0.0037741413835718903,-1.1992495479840908,0.001997658422744901,0.0026298914511435484,1.9999999999999953,0.18410997586886446,0.005205159018598662,0.1044921875,2.0,0.15515909231836658,0.0687161537814494,0.06267002512271289,9.195249316035177e-05,0.027741734241745183,0.012647260295453435,0.009581306847229092,0.012301599178161145,3.457968655626274e-05,11.974959924566287,-22.2914751059983,24672.699851085
168,25,396820.0,材料2,三角波,0.0389268265,-3.2460716387919817,0.02274613277582435,0.019700275361328116,0.022746132775824348,1.953119862564169e-12,0.03904362,0.077853653,1.716494860238281,1.1546098904015976,0.002844965989882939,-1.2015632815487594,0.002002735497362658,0.0026928858431344025,2.000000000000003,0.18724844011314543,0.0047652322608453535,0.1083984375,2.0,0.1600603375956858,0.06548186943569127,0.06338159720428689,0.0024288515458340577,0.026864317249580723,0.01376618430182992,0.008221430941299651,0.012310355173743659,0.0011528668725670158,12.891238056348461,-41.84588224362861,15446.943291729998
169,25,396820.0,材料2,三角波,0.019417438500000002,-3.941583724921528,0.01132979295643492,0.009811213622070302,0.011329792956434916,2.2460941604757678e-11,0.019497721,0.038834877000000004,1.7209247401935959,1.1547799683974445,-0.004868520584757617,-1.2000223452178538,0.002002340289838026,0.002728681231564038,1.9999999999999996,0.18726464512134508,0.004854753258773261,0.107421875,2.0,0.15971127503663976,0.06605247529999417,0.06356963133420483,0.0021585602567296275,0.027139411147157507,0.0137337263117051,0.00844615642167833,0.012411040939905481,0.0010652059229940946,12.891238056348461,-50.81189411699213,7705.227945570001
170,25,99980.0,材料2,梯形波,0.0609899725,-2.797045813567463,0.03730830409212815,0.032819694234375044,0.037308304092128125,3.906266342291673e-12,0.061382337,0.121979945,1.645272774887437,1.1367657427183395,0.013183557652152053,-1.3280769659226914,0.0023250062956428506,0.005822022628391873,1.9999999999999987,0.367092872486862,0.0056796180849022476,0.1142578125,2.0,0.34686886577566817,0.11304791914129897,0.02183374837048105,0.0014573775799280192,0.010083201307028103,0.02111760177129951,0.0218552502039312,0.012458545534500872,8.411410378844996e-05,11.512725444967561,-32.201620508598126,6097.77745055
171,25,99980.0,材料2,梯形波,0.120841589,-2.11327477293079,0.07396294283659928,0.0650690766308593,0.07396294283659935,-2.7343764920492383e-11,0.12149827,0.241683178,1.6426911280209189,1.1366834549719433,0.01010821664561589,-1.3284650350204337,0.0023261296421365515,0.0058183569565606955,2.0000000000000004,0.36722723326097906,0.0056436729025075615,0.115234375,2.0,0.34695113117859444,0.1131923715757153,0.021884427101300053,0.0016043832499898403,0.010212919410612847,0.021215176529256946,0.021842954346704604,0.012459269943987028,5.2384376931345584e-05,11.512725444967561,-24.32955225052835,12081.742068219999
172,25,125920.0,材料2,梯形波,0.1225734925,-2.0990444901131666,0.07782735372279,0.06844709713867184,0.07782735372279001,1.3671867145890505e-11,0.122895025,0.245146985,1.5790723842125567,1.1370438919434966,0.007370993311795681,-1.3486220623413887,0.002175603456112011,0.003961668139626503,2.0000000000000027,0.25337397581449933,0.004591536617457176,0.15234375,2.0,0.2506112835760502,0.026618154657849787,0.013598218298832175,0.001367088051938088,0.007229267596314981,0.005050986646000897,0.016123346670224463,0.012621316767325084,0.00012171898273594463,11.74340206365123,-24.649923396890703,15434.4541756
173,25,158730.0,材料2,梯形波,0.0305156855,-3.4895144488762093,0.019380773511231394,0.017040113762695288,0.019380773511231384,2.2460941296437685e-11,0.030617935,0.061031371,1.5798097522916994,1.137361744242597,0.01141992043532748,-1.3468395573239402,0.0021779411130702178,0.003998058637745512,1.9999999999999993,0.254886711536776,0.0046597361619385505,0.1533203125,2.0,0.2520797276481251,0.02728714226623989,0.013930788065685628,0.0006293573748367518,0.0067374034272497,0.005161373749768061,0.015986951840490416,0.012505211622435232,1.470326642175226e-05,11.974959924566287,-41.78679568148762,4843.754759415
174,25,199180.0,材料2,梯形波,0.09822204000000001,-2.3205246488860536,0.06472979821115601,0.056906761468750025,0.064729798211156,-5.859372191542762e-12,0.098276737,0.19644408000000002,1.5182611365388476,1.1374711289220343,0.0036860652794932845,-1.3533441436766789,0.0021335223011917444,0.0030879372898383857,1.9999999999999978,0.13935141036799883,0.004238528653460231,0.2529296875,2.0,0.13038556634388118,0.04096694736713183,0.01814106020961654,0.0002043600618552361,0.010552951159396712,0.008279464084905016,0.008726895524121243,0.012445788610866355,0.00013561802781375388,12.20196421748563,-28.31495873150103,19563.8659272
175,25,396820.0,材料2,梯形波,0.0778112035,-2.55346985430931,0.051343775052272306,0.045131678652343694,0.05134377505227229,3.515624003394037e-11,0.077833796,0.155622407,1.5159344228342893,1.1376438143987808,0.0023119639342818,-1.3519262703916122,0.002130054350060441,0.0030886297755310247,1.999999999999997,0.13939704395594874,0.0038744049786721842,0.251953125,2.0,0.13035841250283914,0.041427598353723664,0.019154609649827944,0.00038790132891037584,0.009594479064002464,0.007600818024765083,0.008289300426729396,0.011675361216674184,0.0002677414817858667,12.891238056348461,-32.91738776161074,30877.041772869998
176,50,79410.0,材料2,梯形波,0.122233965,-2.101818324874293,0.07485181250423278,0.06585622139453129,0.0748518125042328,-3.9062501361796995e-11,0.12278863,0.24446793,1.6404229355575917,1.1365944009421787,0.009983033034655375,-1.3281253488461464,0.002318467500747107,0.005704224680922389,2.0000000000000027,0.3648004792350712,0.005096687588443772,0.1181640625,2.0,0.3449821327721725,0.11172847698205401,0.02060472942828459,0.0006028256903524646,0.009618201552982568,0.020921320549576232,0.021787157351423326,0.012395651906314503,5.485850406468613e-05,11.282379583889256,-23.71351215760604,9706.59916065
177,50,99980.0,材料2,梯形波,0.030292002499999998,-3.4968715452005235,0.018507261402865544,0.01627792291992185,0.018507261402865544,-1.9531353700433674e-12,0.030508441,0.060584004999999996,1.6484578855776184,1.1369547265895517,0.014754813806409674,-1.326424881375827,0.0023232516271957607,0.005814835120259882,2.000000000000001,0.3672802560845808,0.00576246108218496,0.1123046875,2.0,0.34711142277101914,0.11300391221979382,0.021373698495842326,0.0010577041204491715,0.009922907668151312,0.02110930335621107,0.021963960016005535,0.012413779077016162,0.00015669628187689206,11.512725444967561,-40.2585220162131,3028.5944099499998
178,50,251240.0,材料2,梯形波,0.019502949999999998,-3.9371895428031296,0.011958256007967695,0.010520766660156245,0.011958256007967698,-8.984376023738426e-11,0.019687927,0.039005899999999996,1.6463878166583894,1.1366335167621806,0.016266099676298884,-1.3281343691340732,0.0023165371014730505,0.0058297847248749875,1.9999999999999987,0.36298793118783496,0.005379853851207876,0.11328125,2.0,0.3436971129757789,0.10997864570875641,0.019692235263834703,0.000826735628848435,0.009863261466176033,0.02111034844952088,0.021567966364448406,0.011845846041955856,0.0005749841412207054,12.434163936568318,-48.955660224556574,4899.921157999999
179,50,316460.0,材料2,梯形波,0.019297146,-3.947798069653647,0.011863193197550491,0.010435839862304687,0.011863193197550505,-9.472655601438379e-11,0.019472004,0.038594292,1.641379658557746,1.1367741699833427,0.012406966051090382,-1.3286931558431345,0.002329889458706637,0.005869598540633916,2.0000000000000004,0.368377354199378,0.005153085599778154,0.1171875,2.0,0.3477017861334426,0.11501559029217906,0.023146645909035864,0.0015352600935303786,0.008707450512578381,0.019489499040481143,0.0208130060318993,0.012235899168996296,0.00027210303316559434,12.664952130272974,-49.99867357214749,6106.774823160001
180,50,50040.0,材料2,梯形波,0.194595871,-1.6368303273381715,0.12365976639224537,0.10877692240234373,0.12365976639224559,-7.812502055871973e-12,0.19504526,0.389191742,1.5772733985387115,1.1368198663945743,0.009271504262195168,-1.3500144216700645,0.002178236005084938,0.003880452324705276,1.9999999999999958,0.2534506463892917,0.004542642235582947,0.154296875,2.0,0.2506067561690918,0.027791019029034705,0.013533585466969882,0.0005761851568888012,0.006457005101637382,0.00537872018431183,0.01596807262612652,0.012330484998547052,9.749133213347925e-05,10.820577964580847,-17.711450171753075,9737.57738484
181,50,99960.0,材料2,梯形波,0.0770133845,-2.563776047558887,0.0488304829386432,0.04292904562011722,0.04883048293864321,4.8828134393305404e-12,0.077143004,0.154026769,1.579812431855983,1.1374695671259105,0.007286402079977631,-1.3459488305549316,0.002175002625438283,0.003944158563762385,2.0000000000000004,0.2543259342815046,0.004560703528491856,0.15234375,2.0,0.2515590291124539,0.026637356792233613,0.014401091025259561,0.0004746801636770014,0.006704827163854473,0.0050905371045076656,0.015999756353471,0.01247808096757735,8.494700698081284e-05,11.512525384948889,-29.515536828845615,7698.2579146200005
182,50,158730.0,材料2,梯形波,0.0389294865,-3.246003307788405,0.024703519417367426,0.021718141841796875,0.02470351941736742,-1.9531243992726346e-11,0.039047419,0.077858973,1.5806419458009824,1.1374600827877985,0.010522659286746403,-1.346073660042759,0.002175648198288573,0.004008426877143627,2.000000000000001,0.2543631926406154,0.00469587310450542,0.15234375,2.0,0.2516038189595782,0.0266621578347214,0.014327571222016925,0.0005056613052615383,0.006701836822513571,0.005071161719027377,0.015928093957178136,0.01246638900640188,8.628886965735207e-06,11.974959924566287,-38.87075952577575,6179.277392145
183,50,199190.0,材料2,梯形波,0.077680872,-2.5551462295213936,0.04934942930490248,0.04339571464355471,0.049349429304902506,3.222655833596405e-11,0.077957009,0.155361744,1.5796942355370982,1.1371959123210806,0.008102470167851232,-1.3474377896417193,0.00217581860858262,0.003979731329483552,1.9999999999999982,0.25474781120619333,0.004523881228576001,0.15234375,2.0,0.2519317025791573,0.02759788036824565,0.013986127053674403,0.0004265280060612722,0.006888674254711386,0.004542727088650287,0.015540622961796003,0.012631894767173036,0.0005118038224949081,12.20201442206932,-31.17793114311609,15473.252893679999
184,50,199180.0,材料2,梯形波,0.15440025699999999,-1.8682069768850746,0.0982551332678065,0.08641883992871095,0.09825513326780645,-3.222658877494004e-11,0.154926594,0.30880051399999997,1.5767786256798253,1.1369642701621498,0.006445493244973901,-1.3490593506788098,0.0021781377663636463,0.003982078864026772,1.9999999999999993,0.2546540818723461,0.0043897292305112,0.154296875,2.0,0.2518148196564391,0.02797138248008218,0.013431371756920737,0.0008219916325880241,0.006941568029852513,0.004656603543746098,0.015630993348953327,0.012649721671198775,0.0005564400851875727,12.20196421748563,-22.795794682808683,30753.443189259997
185,50,199190.0,材料2,梯形波,0.1931098195,-1.6444962389503694,0.12304115921952796,0.10822692609863267,0.1230411592195279,-9.765165293138672e-13,0.193818635,0.386219639,1.5752341430251973,1.136881214822588,0.0077661003803425575,-1.349912123969628,0.002183013731491638,0.0040091617402190066,1.9999999999999998,0.256104795553716,0.004398837605685875,0.15625,2.0,0.2531621024751196,0.029230601124248558,0.012740485437308222,0.0009738393316388044,0.006843252060402163,0.004823242286027758,0.015775201638887085,0.012713258581263315,0.0005848985101295772,12.20201442206932,-20.066166824711164,38465.544946205
186,50,251240.0,材料2,梯形波,0.049140346,-3.0130748708068515,0.03127269668301729,0.027506709203125004,0.0312726966830173,3.906251434511801e-12,0.049306751,0.098280692,1.576670905607451,1.1369115968065144,0.00748390672639332,-1.3493584684997229,0.0021720956306497895,0.003961378293917607,2.0000000000000004,0.24983895074678705,0.00444538621110242,0.154296875,2.0,0.24726198804887622,0.02461049426971485,0.014347885480634457,0.001016260673546619,0.006624012233383313,0.0054943725170947194,0.015946765313811534,0.011816949910375614,0.0006589750135460479,12.434163936568318,-37.4650668967668,12346.02052904
187,50,79500.0,材料2,梯形波,0.1945200195,-1.6372201931997958,0.12772645859935933,0.11223262199804694,0.12772645859935922,3.7109377311501934e-11,0.194753399,0.389040039,1.5247694262853138,1.1380510971362854,0.002878163907764704,-1.3490201387659375,0.0021312869028351825,0.0030586389078579553,1.9999999999999991,0.14038804894491486,0.004583603764300406,0.2490234375,2.0,0.13099890932953057,0.04217977747395948,0.01963205555342879,0.00013202729761881932,0.00960594348795141,0.007865599828827962,0.00861804449886362,0.012452441919923243,0.00021345984596058876,11.283512300642423,-18.47359418883006,15464.34155025
188,70,99970.0,材料2,梯形波,0.07747543500000001,-2.5577943606096634,0.04739970562853737,0.04169959582031253,0.047399705628537334,1.9531255315862785e-11,0.07793016,0.15495087000000002,1.6441064130381757,1.1366946056932337,0.011909626323006666,-1.3283622227818281,0.002321634321782066,0.005759580439916225,2.0000000000000004,0.36583640590647154,0.005584899993951027,0.115234375,2.0,0.345851044682564,0.11229085232660747,0.02133150742378807,0.0010417310733828193,0.009831656894638965,0.020984149252625525,0.021684131678392293,0.012278661103600548,0.00011733462449078905,11.512625419961227,-29.446928374988282,7745.219236950001
189,70,125930.0,材料2,梯形波,0.306168313,-1.1836202857640146,0.1877000002081187,0.1651361154609376,0.1877000002081185,-1.953220679813683e-12,0.308217419,0.612336626,1.6420746865117397,1.136638098118025,0.011755083272703394,-1.3287256247978494,0.0023245348944911817,0.005814886532689601,1.999999999999999,0.36614398382134494,0.00541969814145918,0.1171875,2.0,0.34607482562006237,0.11248873770837314,0.021545564208834245,0.0013261426280504124,0.00997273792800507,0.02099586563799614,0.02185376982729501,0.012492616768770264,0.00010608003300187306,11.743481475999893,-13.899822900487404,38555.77565609
190,70,99970.0,材料2,梯形波,0.30766952999999997,-1.1787290265818169,0.19552811976148138,0.17196997912890596,0.19552811976148154,1.9531912166196458e-12,0.30828125,0.6153390599999999,1.5766594102989515,1.13698984411062,0.006305375826631401,-1.349020866801199,0.002177627027682315,0.003933509437869904,2.0000000000000036,0.25357642586874946,0.00454592579542037,0.154296875,2.0,0.2507908164155567,0.027139181895626318,0.01359719377644168,0.0009796326242924123,0.006735552327677297,0.0051947929840558274,0.015987343091472216,0.01243553975439667,1.6671462005818117e-05,11.512625419961227,-13.570265754671977,30757.722914099995
191,70,158730.0,材料2,梯形波,0.0390407455,-3.2431494218203873,0.02568023370899296,0.02256076057812505,0.025680233708992983,-2.1484380070889257e-11,0.0391103,0.078081491,1.522972899826218,1.138269856641826,0.005314149919334401,-1.3479576714201245,0.0021339581125557035,0.0031073689409952697,1.9999999999999978,0.14103196821408612,0.004528480926132675,0.2490234375,2.0,0.13158329058832607,0.04241091101031282,0.01995904199796488,0.0004744017008765003,0.009631176946727452,0.00749927293965206,0.00888132339258144,0.012264089772204593,0.0005435457342873427,11.974959924566287,-38.83658435567946,6196.937533215
192,70,199190.0,材料2,梯形波,0.19540072749999998,-1.6327028162483488,0.1288630319758842,0.11330586215234391,0.12886303197588428,7.812464244321207e-12,0.195460542,0.39080145499999996,1.5168084981624446,1.1373024266178136,0.0032296334244512987,-1.3544866301083538,0.0021335026231096323,0.003068591441144912,2.0000000000000013,0.13873067615898416,0.004165995060625042,0.251953125,2.0,0.12982264542697045,0.04076538997089153,0.01779600292066098,0.00018024558140846835,0.01068569694127404,0.008325561666410762,0.008705590804173791,0.01242683240803134,0.00014643374753251266,12.20201442206932,-19.92226331081555,38921.870910724996
193,90,396820.0,材料2,三角波,0.0389605035,-3.245206876780017,0.02275542393453363,0.019708860323535134,0.022755423934533652,1.2695315380006032e-12,0.03906835,0.077921007,1.716880780265749,1.154578375460933,0.0024748586497487573,-1.2016619302502947,0.0020024721272650435,0.0026675989954801677,2.0000000000000013,0.18727016760646364,0.004799395930221624,0.109375,2.0,0.16011772159750617,0.06538278959505985,0.06339050567322334,0.002461822195827696,0.02688481794293701,0.01378849619581112,0.008196106887781444,0.012315887124645139,0.0011539694814388167,12.891238056348461,-41.834734390670285,15460.30699887
194,90,50070.0,材料2,梯形波,0.1544160455,-1.8681047251588156,0.09442310205474756,0.08310323576562512,0.09442310205474755,-5.859319106293892e-12,0.155432574,0.308832091,1.6461286551449925,1.1362145069904102,0.016910466757368982,-1.3306779047856232,0.002321065166063716,0.005720765592329569,2.0,0.3643642786584983,0.005711572056226514,0.11328125,2.0,0.34436192182360587,0.11205649168244691,0.021277939659607597,0.0012807099670971171,0.009847276020278144,0.020983651253513806,0.02176443219927971,0.012416530893318458,5.3708417440284625e-05,10.82117730532399,-20.215092455857086,7731.611398184999
195,90,79410.0,材料2,梯形波,0.122248143,-2.1017023409265767,0.07485381533531002,0.06585213284570303,0.07485381533531003,-3.710937503467737e-11,0.122897084,0.244496286,1.641827920854517,1.1366953825276802,0.012243037492956044,-1.3277126175556728,0.002318314152560263,0.005705857634172827,2.000000000000002,0.365044319453786,0.0050974413396039295,0.1181640625,2.0,0.34523959016961453,0.11175447981399796,0.020632112556098738,0.0006783647291852428,0.009571759704831663,0.02084386262293577,0.021757688845006676,0.012340354854207293,7.723062218596448e-05,11.282379583889256,-23.712203582682264,9707.725035630001
196,90,50040.0,材料2,梯形波,0.1234109205,-2.092235674667948,0.0782954321020219,0.06886834264160159,0.07829543210202194,3.027346549713903e-11,0.123666883,0.246821841,1.57949039528714,1.1368856734287904,0.010592769007725537,-1.3490963264082814,0.0021726134576765185,0.0039054485457792414,2.0,0.2514848073272557,0.004553537570294667,0.150390625,2.0,0.24875079887491885,0.026140593735474126,0.014342017138565154,0.0005212734476263499,0.006627864270863355,0.005182790932647987,0.015964280491393153,0.012356274262211477,0.000163954774298951,10.820577964580847,-22.639199238021938,6175.48246182
197,90,50040.0,材料2,梯形波,0.2454675615,-1.4045904728607062,0.1557574440849701,0.13699933174121104,0.15575744408497022,1.8554675997690603e-11,0.246041638,0.490935123,1.5796460929711795,1.136921195931034,0.010910517383147954,-1.349032246736979,0.0021725505564833473,0.0038857782029174614,1.9999999999999982,0.2516010759304349,0.004545804206509655,0.150390625,2.0,0.24888580414542397,0.02608199636400561,0.014210659999152261,0.0005803988090425663,0.006664422449071531,0.005130266887999699,0.015930954978787486,0.012322476716087072,0.00018634817045925711,10.820577964580847,-15.19848071989675,12283.19677746
198,90,99960.0,材料2,梯形波,0.2439637085,-1.4107358004069175,0.15501869387203987,0.13633170437500006,0.15501869387203993,9.765699045868187e-12,0.244479855,0.487927417,1.5770991800627983,1.1370700203794015,0.006580847090632282,-1.3485893225995116,0.002177251902886685,0.003931135929588424,2.0000000000000018,0.2535550225722725,0.004496407354193948,0.154296875,2.0,0.2507747290130858,0.027004670480868305,0.013757237104422332,0.00083764052385813,0.006661022704707875,0.005227467499445514,0.016034256185186193,0.012416505370910986,8.185899943644102e-05,11.512525384948889,-16.241131713640826,24386.61230166
199,90,50020.0,材料2,梯形波,0.24519947749999998,-1.4056832058358912,0.16133248036712508,0.14179105753222646,0.16133248036712508,6.8359474981669055e-12,0.245404915,0.49039895499999997,1.521112887135692,1.1378184433842538,0.005924992410499071,-1.3506847814453007,0.002133500314660346,0.0030205773990688812,1.9999999999999984,0.14095468604233763,0.00427722665799659,0.25,2.0,0.1319357609966885,0.041132672800219545,0.019513931880260623,0.0006533834913318738,0.009855549744968316,0.00793442013714633,0.00853017558041284,0.012458081119713086,8.187861885289057e-05,10.82017820443161,-15.209742786121062,12264.877864549999
200,90,199180.0,材料2,梯形波,0.098314796,-2.3195807443358984,0.0647878347004772,0.05695701426562505,0.06478783470047718,-5.859372760748903e-12,0.098369315,0.196629592,1.5183300299319225,1.1374864981217643,0.003880697038697751,-1.3532219503708225,0.002133329106577559,0.0030876023991342665,2.0000000000000018,0.1392226064269546,0.004252397587466355,0.251953125,2.0,0.13021638838675817,0.041064273583272276,0.018207978602024163,0.00022470486507834053,0.010505036254028466,0.008226500947416004,0.008730213914520281,0.012429445227238873,0.00017873350877178128,12.20196421748563,-28.303441241955316,19582.34106728
201,25,79460.0,材料3,正弦波,0.19516096500000002,-1.633930599385934,0.13826761750896638,0.12455234787207013,0.13826761750896657,-6.836004529742277e-12,0.196563488,0.39032193000000004,1.4216162217972206,1.1101165082089295,-0.014969114518575079,-1.5031652338698622,0.0021743812797419535,0.0031112164258872144,1.9999999999999973,0.011369483853982086,0.002083976885666083,0.279296875,2.0,0.007945738623432537,0.008113501111334121,0.00020395714665779826,0.0004404162375269538,7.87912075921835e-05,0.00016174857450941088,2.895381318392982e-05,0.00018055405576361828,1.1261633157486055e-05,11.28300902936859,-18.435653706233126,15507.4902789
202,25,501180.0,材料3,正弦波,0.02481127,-3.6964572935518625,0.017576045238971532,0.015827764517578117,0.017576045238971525,-4.296875101266917e-11,0.02482567,0.04962254,1.4124718992503391,1.110456578972463,-0.0011311102006272878,-1.5017502694243672,0.002173347540104995,0.0030992770623994663,1.9999999999999976,0.002712181822492136,0.002000476202134543,0.2890625,2.0,0.0025296643478739654,0.0008894324830465268,6.631368166389554e-05,0.0003494542066211225,3.0282828016860154e-05,0.00013894305579636572,4.211845999976197e-05,0.00012735114405257005,3.0135287651557154e-05,13.124720596978007,-48.5149691765297,12434.9122986
203,50,199500.0,材料3,正弦波,0.0391290265,-3.240890721679056,0.02770176108229218,0.024938627465820314,0.02770176108229218,3.6132820577928044e-11,0.039159454,0.078258053,1.4136088273836112,1.1107973412032752,-0.0015922500333008574,-1.5004128330659106,0.0021720145289792683,0.0030746228761914128,2.0000000000000004,0.001781318870072737,0.0020099385185139026,0.2880859375,2.0,0.0016555035750654805,0.00021613824668611318,7.803841108106598e-05,0.0005874628656359547,3.5379271108163e-05,3.409719534628976e-05,1.918600404765035e-05,0.00017742435822346944,1.4988623681257043e-05,12.203569515312056,-39.55043521354022,7806.24078675
204,50,199510.0,材料3,正弦波,0.062290691499999995,-2.7759432784773326,0.04412527800522794,0.039733712401367235,0.04412527800522793,-1.269534303563176e-11,0.062372088,0.12458138299999999,1.4135228336150127,1.1105249255216734,-0.002783189575128899,-1.5014426815523312,0.0021733253078494532,0.003100382984189539,2.000000000000002,0.0033797817844999955,0.002027985079641876,0.2880859375,2.0,0.0032599109517249974,0.000750628891048445,2.6383169807319737e-05,0.00041280782299894943,7.335593024046106e-05,0.00017369209222829727,2.8346039671721155e-05,0.0001477059582730966,5.6434136194609954e-05,12.203619639369107,-33.876555911000644,12427.615861164999
205,50,199500.0,材料3,正弦波,0.1226083775,-2.09875992584065,0.08683394826874269,0.07818839803222656,0.08683394826874265,1.6601586323380674e-11,0.122930839,0.245216755,1.415700212312596,1.1105733133572162,-0.005546139656362281,-1.5011235388609836,0.0021729193849328223,0.003110391049746987,2.000000000000001,0.005723317423318269,0.0020323138071431,0.2861328125,2.0,0.0056417450146840804,0.0008608043371457324,1.4453121026081311e-05,0.0003652710175205077,2.9071888138670433e-05,0.00016059938530606015,2.168416971574818e-05,0.0001584292759878483,1.5881612074846626e-05,12.203569515312056,-25.61236265094755,24460.37131125
206,70,99950.0,材料3,正弦波,0.049206109,-3.0117374965252504,0.0348876273028435,0.03141914514355468,0.0348876273028435,3.613280479998064e-11,0.049273797,0.098412218,1.4123573544361947,1.1103939061181092,-0.003130258637156018,-1.5021281305223904,0.0021752834884171553,0.003101942077964343,2.0000000000000004,0.0030142420825068046,0.0020732317036438177,0.2900390625,2.0,0.0027124707484812672,0.0010843919896037287,8.39752886783536e-05,0.0005473677938839945,1.892567437149095e-05,0.00046672537830667074,5.456481351327292e-05,0.00015564554844757492,1.3957687861840696e-05,11.512425339928546,-34.67240307221025,4918.150594549999
207,70,125860.0,材料3,正弦波,0.039081922000000005,-3.2420952718500717,0.02770938942097647,0.024955222191406265,0.02770938942097648,3.32031261763104e-11,0.039100082,0.07816384400000001,1.4110769965360763,1.1103643641577612,-0.001227913710993772,-1.502277575418244,0.0021752623796287775,0.003101600274418438,1.9999999999999971,0.0023907972532584113,0.0020592531489055004,0.291015625,2.0,0.0019605728630759474,0.0011501325156859793,0.0001326227213565379,0.0005513398745263376,2.922417602106792e-05,0.00045518643732825044,4.376067159605277e-05,0.0001314131480059756,2.1520934417009982e-05,11.742925457080924,-38.07168310208991,4918.850702920001
208,70,316230.0,材料3,正弦波,0.015593974,-4.1608707214040574,0.011054832628577751,0.009956412956054681,0.011054832628577748,2.8320298769393325e-11,0.015600937,0.031187948,1.411232311167711,1.1103228318643714,-0.0008967086808845941,-1.502452673133728,0.002174966139262036,0.003094272184883724,2.0000000000000018,0.0017506003575610276,0.0020195404536362403,0.2900390625,2.0,0.001078789028465261,0.0012382430473513158,0.00010130928332084584,0.0004543611401154673,1.6722709653606377e-05,0.00036897340931623957,4.520406212233513e-05,0.00010719498520675176,3.011951562441142e-05,12.664225075917345,-52.69420332765556,4931.28239802
209,90,125850.0,材料3,正弦波,0.0245897775,-3.705424471188629,0.017416381690359375,0.01568160292773438,0.017416381690359386,3.320312638288056e-11,0.024594979,0.049179555,1.4121750107035291,1.1106250917472777,-0.0005055211183595519,-1.5012916144185633,0.0021729882956559032,0.0030765223475486933,2.0000000000000013,0.0012950744464480322,0.0020280516228773637,0.2890625,2.0,0.0009221171946759461,0.0006509377911322746,0.00021912493180593234,0.0005675734182593911,3.776146639671114e-05,2.120774170635356e-05,5.139495838490856e-05,0.00016884058527460996,4.253317751903908e-06,11.742846000563462,-43.51222893188737,3094.623498375
210,90,125860.0,材料3,正弦波,0.07819173,-2.5485913914989737,0.055326331930176435,0.04980911063671872,0.05532633193017643,-5.0781247193242685e-11,0.078300249,0.15638346,1.4152438137199728,1.1107673119019812,-0.0030096804774464147,-1.4998569079162807,0.0021708531333054014,0.0030945855782958122,2.000000000000002,0.0036074757841048958,0.002011035624417187,0.287109375,2.0,0.0035890712297622558,0.00010452085836750783,4.935530809980872e-05,0.0002283844379749145,1.6102587427401446e-05,0.00024784320956522713,1.2934896305383109e-05,7.075635568471284e-05,8.36119332373479e-06,11.742925457080924,-29.927918730930593,9841.2111378
211,70,251170.0,材料3,正弦波,0.031030000000000002,-3.4728008005218483,0.021975835501661684,0.01978524414062502,0.021975835501642147,2.929687499475652e-08,0.03105,0.062060000000000004,1.4129155634447748,1.1107184397355363,-0.0012723905437021404,-1.500866832969057,0.0021737400645045943,0.003222687721559781,1.9999999999999942,0.001675176227184388,0.0032704108258590874,0.2890625,2.0,0.0014789289205861813,0.00044808872446427847,0.0001022314648358964,0.0006116995504281184,1.9156744578768393e-05,1.9974441978418317e-05,6.426437446419797e-06,0.0001802712491012517,1.6387221944244966e-05,12.433885279692646,-43.18040675291345,7793.8051000000005
212,50,398100.0,材料3,正弦波,0.048909999999999995,-3.0177734044308715,0.03459309349676292,0.031139775390625037,0.03459309349659615,1.0742187501685804e-07,0.04896,0.09781999999999999,1.4153114119320225,1.1108973350905267,-0.0020335610799131084,-1.499160673047162,0.002170350416011457,0.0031690860764669805,1.9999999999999987,0.003732800171685608,0.0027864930638479197,0.2861328125,2.0,0.0036990444304341482,0.0003986993943790182,2.3441793313542548e-05,0.00019970153125988948,5.047756769777915e-06,0.00021836345147104215,3.191518176200105e-05,4.747658786356674e-05,2.2255674824557314e-05,12.894458508988409,-38.91255395296257,19471.070999999996
213,70,398100.0,材料3,正弦波,0.015555,-4.1633731486325365,0.011023308658885607,0.009927285156249988,0.011023308658453041,-9.765624999945728e-08,0.01556,0.03111,1.4115544145139656,1.1104051596569267,-0.0008034733988733555,-1.5020331423732072,0.0021783067153310393,0.0032144005143040907,1.999999999999998,0.0017034460143598876,0.004615753125936366,0.2890625,2.0,0.0012869925064174462,0.0010248792724381018,4.00698382660509e-05,0.000379180140058295,2.4468534675165233e-05,0.0001768909864050389,3.14965133011602e-05,0.00012899500752791578,9.851195847364004e-06,12.894458508988409,-53.684442322478674,6192.4455
214,50,63020.0,材料3,正弦波,0.157789449,-1.8464937359236717,0.11164824981958527,0.1005303602294922,0.11164824981958515,8.789068444933247e-12,0.158785087,0.315578898,1.4221905605917167,1.11059235801715,-0.012827793257153079,-1.500244041537988,0.0021713086802134084,0.0031045548552489084,2.000000000000001,0.009289690384382517,0.0020589630439639397,0.2802734375,2.0,0.00702799577431822,0.0060609314157195286,0.0002765739001753355,6.488018477894905e-05,7.11183279370459e-05,0.0002623769587086951,4.118774943396687e-05,0.00011574487121257961,3.2215775916947395e-05,11.051207415311266,-20.405985266765484,9943.89107598
215,50,63030.0,材料3,正弦波,0.19675164150000002,-1.6258130486444593,0.1395935633335586,0.12579680715136726,0.13959356333355855,2.0507754375969148e-11,0.19814265,0.39350328300000004,1.4194254037812506,1.109674931300841,0.014368700992800673,-1.5053147663906157,0.00217760548900502,0.0031472799681826267,2.0,0.01210748589189839,0.002111111807339428,0.28125,2.0,0.008327802925317224,0.008774793928775513,0.000327727472085244,0.00021335161376549123,3.4921434282072644e-05,0.0002244572808260744,6.232238378630888e-05,0.00018094594082908487,2.7463968278721805e-05,11.051366082507156,-17.967455182286937,12401.255963745001
216,70,63030.0,材料3,正弦波,0.23907524000000002,-1.4309769648779558,0.1698045301102739,0.15304935725488267,0.169804530110274,-1.0742182723856228e-11,0.241156843,0.47815048000000004,1.4202026462037773,1.1094756172512885,0.017736194938196084,-1.5069344089098091,0.002180363652815975,0.003133588823334446,2.0000000000000004,0.014487588425742269,0.002107983849653469,0.2802734375,2.0,0.009832394841680369,0.010592150305395221,0.00040250426067527204,0.0008600848540469468,0.00021562018425352807,0.00015386466660962053,4.386095368008077e-05,0.00021099396731449844,4.7092524911638883e-05,11.051366082507156,-15.814250294501274,15068.912377200002
217,70,158500.0,材料3,正弦波,0.0155162135,-4.165869769509396,0.01099695642581736,0.009903556984374989,0.010996956425817371,7.226562760512888e-11,0.015522115,0.031032427,1.411491907302552,1.110404720563273,0.0005460836831007758,-1.5022136501441758,0.002174415976363073,0.0030978885409123813,1.9999999999999998,0.0015470254951090098,0.0020358062780706826,0.2900390625,2.0,0.0009165053701210408,0.0011134121878255767,2.833093089376865e-05,0.0005026367025983909,3.030810545387007e-05,0.00017371708663454997,1.6326429096679673e-05,0.00016688673938927153,3.0965288594044786e-05,11.973509872299472,-49.88008281193467,2459.31983975
218,70,251170.0,材料3,正弦波,0.012099009,-4.414631730559944,0.00857079629771261,0.007718042616210933,0.008570796297712615,3.027343045708007e-11,0.01210153,0.024198018,1.4119493194850141,1.1104883354376094,-0.0003346940074730601,-1.5018347665589042,0.0021733242141921856,0.003075458494162621,2.0000000000000004,0.0011367232078820318,0.0020079815560777557,0.2900390625,2.0,0.0004593946600791474,0.0009238089083339126,0.00010030646078113268,0.00043930994207310505,6.510031454546599e-05,4.098615509377591e-05,1.6643344365311874e-05,0.0001342214281904144,2.020838123520503e-05,12.433885279692646,-54.89102448987336,3038.90809053
219,90,50020.0,材料3,正弦波,0.1573217,-1.849462525476404,0.11137158068675361,0.10024513625097647,0.1113715806867536,-1.0742146714791574e-11,0.158019567,0.3146434,1.4188499976888147,1.110992361843079,0.010683944299858077,-1.499348242241565,0.0021722334130045754,0.0030880609604396598,2.0000000000000004,0.008149661760530605,0.002082330888223415,0.283203125,2.0,0.006755100725070116,0.004478945580929398,0.000257221505163128,0.0007431505702605518,0.000147240230687653,0.00011316537734985097,6.116228193304349e-05,0.00024470130457609254,9.003429419870745e-05,10.82017820443161,-20.011514108072827,7869.231434
220,90,99950.0,材料3,正弦波,0.0195224995,-3.9361876580389183,0.01381766428553266,0.01244030554687501,0.013817664285532655,2.929687085444677e-11,0.019524824,0.039044999,1.413033606587391,1.1107174364381782,-0.00035253480751833377,-1.5001815811874197,0.0021714601998465686,0.003081521400474361,1.9999999999999996,0.0011532499145918106,0.0020261476643921384,0.2880859375,2.0,0.0010633228895226595,0.000140272801042641,8.984248815550769e-05,0.00027737835624419793,7.771288399831059e-05,0.0002842343075860814,4.129167417041544e-05,7.498165629559023e-05,2.207326743476381e-05,11.512425339928546,-45.31506653712124,1951.273825025
221,90,125860.0,材料3,正弦波,0.1536404365,-1.8731402344514523,0.1086713785034878,0.09782434626171878,0.10867137850348778,-3.906221998422818e-12,0.154133509,0.307280873,1.4183450244449884,1.1108827470489702,0.006857330313292009,-1.499192707954949,0.002170154184196023,0.003102744374199951,1.9999999999999978,0.006725879887963552,0.0020230077531664106,0.283203125,2.0,0.006677444208949104,0.0007339860609759429,2.4415869521598826e-05,0.0002183792990879847,1.3845252228807566e-05,0.00024249923325732404,3.0128589845930085e-05,4.38520329955135e-05,1.8697891844713708e-05,11.742925457080924,-21.99614614382249,19337.18533789
222,90,158500.0,材料3,正弦波,0.049019771,-3.0155315724557097,0.034715139141265415,0.03125519810839842,0.034715139141265415,1.6601558350964624e-11,0.049073267,0.098039542,1.4135984534098345,1.1106996993225677,0.0022538169851086523,-1.5009646859300205,0.0021727185132595574,0.00307343337038437,1.9999999999999991,0.0021453818943998147,0.0020209641187536225,0.2880859375,2.0,0.0019841147527965256,0.0004909435257075394,0.00016914486822149587,0.0005978218318765205,7.374993495268336e-05,1.1935959483519192e-05,1.9273467130970942e-05,0.00018148155131405836,6.091466882489157e-06,11.973509872299472,-36.10649705302919,7769.6337035
223,90,199500.0,材料3,正弦波,0.0971504315,-2.331494661583374,0.0687357225828961,0.06187972347656252,0.0687357225828961,1.1718755645235591e-11,0.097350411,0.194300863,1.4163001033792033,1.1107955679364074,0.004454958770007552,-1.4997415073149083,0.0021707171897335045,0.00309569391876556,2.0000000000000013,0.004740471487990947,0.0020083586891730763,0.28515625,2.0,0.0047259106050928775,0.0001535965925122755,5.382433874185852e-05,0.0002410072204377091,8.486395622915626e-06,0.00022160672955088163,2.1518160929805363e-05,5.703323252442091e-05,1.9184519681192584e-05,12.203569515312056,-28.452557177211663,19381.51108425
224,70,398100.0,材料3,正弦波,0.012405,-4.389655661838373,0.0087965289563377,0.00792265625,0.008796528956250957,-3.906249999881595e-08,0.01241,0.02481,1.4107837377217836,1.1103004697872256,0.0002662387156255942,-1.5026787261945898,0.0021823710973965693,0.0032245062474808633,1.9999999999999956,0.001826812247657682,0.005345903670677292,0.291015625,2.0,0.0010564629030000272,0.0013556195865783566,4.738571811524795e-05,0.0004874840348521678,1.9348473915901228e-05,0.00034369002786044817,3.7241447858229755e-05,0.00014741470494993402,4.385600731145863e-05,12.894458508988409,-56.602232800320955,4938.4304999999995
225,50,50020.0,材料3,正弦波,0.040010000000000004,-3.2186258561129932,0.028312566690732725,0.025488339843750013,0.02831256669072597,1.9531249987534267e-08,0.04006,0.08002000000000001,1.4149194044322533,1.1108046606525155,0.003594131493604254,-1.4995483835871017,0.002171774625909927,0.0031242189452636866,2.000000000000004,0.00498510977806915,0.0030106118689381426,0.287109375,2.0,0.003399593493969851,0.0036191661253630715,0.00019840251214950307,0.0001928679144908751,8.660738013454367e-05,0.0002944952459630353,7.107959199058106e-05,0.00013928605954296184,2.1848110822708057e-05,10.82017820443161,-34.82610533653384,2001.3002000000001
226,90,50030.0,材料3,正弦波,0.04907,-3.014507428880325,0.03480209074908881,0.031343945312499996,0.034802090749001105,7.812500000282252e-08,0.04913,0.09814,1.4116967958681137,1.110328977482286,0.003621260627693581,-1.502741386860113,0.002176432285122676,0.003158752802119425,2.000000000000004,0.00419682092092531,0.0028589221687291178,0.2890625,2.0,0.003670538047759287,0.0018632774306841333,0.0002820096138764497,0.0006632921315312001,0.00010827271163480743,0.000270029636075581,4.115554538134298e-05,0.00024486084336317797,5.364726021875008e-05,10.82037810448225,-32.61811017925575,2454.9721
227,90,158500.0,材料3,正弦波,0.09614,-2.341949816516322,0.06807454287683924,0.06129291015625006,0.06807454287681404,5.859375001220844e-08,0.09634,0.19228,1.415213322464739,1.1106430205924502,0.00434264761632979,-1.5009985418210943,0.0021725251735435014,0.003120449344705639,2.000000000000004,0.003995536359350557,0.0024166781215161394,0.2861328125,2.0,0.003921124709068908,0.000526528487880252,0.00024115121140508313,0.0004618243268732422,0.00012242461501092545,4.389951131177149e-05,6.290362943993314e-05,0.00013952568590529913,9.20399587116686e-06,11.973509872299472,-28.04135924848812,15238.19
228,90,63020.0,材料3,正弦波,0.06254,-2.771948926952442,0.044235576859114126,0.03981823242187501,0.04423557685911305,9.765624986518226e-09,0.06277,0.12508,1.4189935897053216,1.1109377330072632,0.007281470817289956,-1.4989653771971043,0.0021703355304089323,0.003118004477134639,1.9999999999999987,0.004080158213167333,0.0026405078110438916,0.283203125,2.0,0.004024832524484242,0.0004916121748178802,0.00017533030621455056,0.00030071381700694406,6.01151902992914e-05,0.0002718438510330936,3.339935516640259e-05,7.831804878586276e-05,2.8284249060655945e-05,11.051207415311266,-30.633382536400934,3941.2708
229,25,63020.0,材料3,正弦波,0.079595,-2.5308040021750378,0.05630070623238774,0.050670742187499986,0.05630070623230306,9.765624999832906e-08,0.07992,0.15919,1.4195203816826183,1.111108774054559,0.007949619408798382,-1.4978448306937417,0.0021705601066829556,0.0030780827941453664,2.000000000000002,0.0066594791855347085,0.0025450317230988843,0.283203125,2.0,0.004270606795069866,0.005064803657105178,0.000255988584401883,0.00032417491209530563,8.487278048683481e-05,0.00048744379829988047,2.206208795839524e-05,0.00020585113607396598,7.664147339181456e-06,11.051207415311266,-27.96843995553621,5016.0769
230,25,50020.0,材料3,正弦波,0.100805,-2.2945673214004625,0.07133381064688923,0.06422394531250003,0.07133381064688923,3.0493186101154812e-18,0.10103,0.20161,1.4162989343175623,1.1107042754815841,-0.0058728361817558476,-1.499532573743791,0.0021716559493624886,0.0031248449977679693,1.9999999999999973,0.00820249970592337,0.002451311200376511,0.2861328125,2.0,0.003640064918435663,0.007328173500822518,0.00018561026772359712,0.00012804030391648608,0.00011078788742211001,0.00047825664834945305,6.48736730277347e-05,0.0001757833579656356,4.295004189096444e-05,10.82017820443161,-24.827627319618305,5042.266100000001
231,70,125860.0,材料3,正弦波,0.061884999999999996,-2.7824774549901514,0.0438232599862255,0.039452597656249956,0.043823259986221136,-1.953125002325534e-08,0.06195,0.12376999999999999,1.413632852039581,1.1107826249631794,-0.0021548948887461137,-1.5005867002317645,0.0021728395485721185,0.0030702108750101007,2.0000000000000013,0.002539111282953532,0.0026504396231903076,0.2880859375,2.0,0.002420748994998513,0.00030804302625134103,0.00013380099352022277,0.0006577906054409181,4.719481889632757e-05,5.2481237147836e-06,1.7236539119145786e-05,0.0001975092743061791,4.100303557617694e-06,11.742925457080924,-32.67442533995759,7788.8461
232,50,99950.0,材料3,正弦波,0.15279500000000001,-1.8786581252981989,0.10818765765442014,0.09741033203125,0.10818765765412215,-2.5390624998062987e-07,0.1535,0.30559000000000003,1.4188309769153096,1.1106384240607319,-0.01002446893108121,-1.500834970982219,0.002172591110686038,0.003108740469256202,1.999999999999999,0.007744034182041503,0.0022801232342026627,0.283203125,2.0,0.0071184463829356325,0.003007691509093146,0.00025942312372356893,0.00036072841681572136,0.00012283291920025773,4.5426835365936264e-05,4.0679610352212525e-05,0.00018729606899291125,1.6333175952945106e-05,11.512425339928546,-21.627911406745643,15271.860250000002
233,25,398100.0,材料3,正弦波,0.024905,-3.69268669245689,0.01761801680697739,0.015860898437500003,0.017618016806966553,-1.9531249997172655e-08,0.02492,0.04981,1.4144611322047753,1.110783028868215,0.001219120174558835,-1.4997609989060554,0.002171818398871386,0.003212206384260197,1.9999999999999967,0.0019651482126588774,0.0035852270779233165,0.287109375,2.0,0.0019356238212511405,0.00016926114890504393,1.2810065502512202e-05,0.0001910459862273993,1.8154852074099713e-05,0.0002097966562330299,7.354982011683741e-06,7.341265938787787e-05,8.256344342100728e-06,12.894458508988409,-47.615195342579014,9914.6805
234,25,158500.0,材料3,正弦波,0.09784999999999999,-2.324319585140052,0.06920392549562418,0.06228592773437496,0.06920392549560699,4.8828124974488766e-08,0.09808,0.19569999999999999,1.4172606437795452,1.1110683907728205,0.004954390044126125,-1.498708919097082,0.0021699799664294836,0.0030659172202350577,1.999999999999999,0.004184077150251736,0.0024088664680149783,0.28515625,2.0,0.003917391793649018,0.0013642378557996745,0.00025246582061394914,0.00044886483631163143,9.898245881815892e-05,1.8277525219261787e-05,4.258619313293898e-05,0.00014884956573996987,8.843252196941334e-06,11.973509872299472,-27.830263499053427,15509.224999999999
235,25,99950.0,材料3,正弦波,0.0156118725,-4.15972359649189,0.011045786802787092,0.009941379087890615,0.01104578680278709,5.664062082734873e-11,0.015612717,0.031223745,1.4134544943471634,1.1110920029437095,0.0007513245221438362,-1.498916063849952,0.0021706834012973422,0.003060042925664426,1.9999999999999993,0.0011468558547256778,0.00204154402967495,0.2890625,2.0,0.0007062518632446872,0.0005525101724260178,0.00023775765643028104,0.0006374477387529057,6.466977184236541e-05,2.925625561294472e-05,3.139602102499673e-05,0.00020565275668131831,5.828324448053146e-06,11.512425339928546,-47.888507339351946,1560.406656375
236,25,79430.0,材料3,三角波,0.07747903349999999,-2.5577479147080324,0.04482108522480813,0.0387915112373047,0.04482108522480809,-3.0273438310769556e-11,0.078610248,0.15495806699999998,1.7538675738375433,1.1554353979822514,0.02203698684933748,-1.1935078672737458,0.0032421820175997295,0.010023937637270598,2.0,0.6164278511328798,0.008157723366621506,0.08984375,2.0,0.4774830343158333,0.2929921081830497,0.19399473887136182,0.1306261563032206,0.08642964789779599,0.05403740469128033,0.030056598877685782,0.012577275551195843,9.261254975360767e-05,11.282631409627177,-28.85812696039326,6154.159630904999
237,25,125910.0,材料3,三角波,0.061538148,-2.788098003788726,0.03564313825115032,0.03084278248046871,0.0356431382511503,-2.5390589804275e-11,0.062406558,0.123076296,1.7508715860053634,1.1556395170805829,0.019357442080890526,-1.1930365153555722,0.0032368202792575555,0.01006497628105414,1.9999999999999982,0.6157348958573402,0.008410916232312984,0.0908203125,2.0,0.47776176750162813,0.2925460407919435,0.19314658434608212,0.12970920268034075,0.08565313717299125,0.05316135372079215,0.029295120236240483,0.011785585939672915,0.0004423347157246805,11.743322644995747,-32.741534424359585,7748.26821468
238,25,158750.0,材料3,三角波,0.0196109375,-3.931667832675408,0.011340754428989894,0.009810784551757806,0.011340754428989897,-1.660156779029979e-11,0.020020967,0.039221875,1.7653999233791047,1.1559477602591897,0.029073939208348575,-1.1900185726593258,0.0032243021981661667,0.010127333280216725,2.000000000000001,0.6152694650018826,0.008473214623596131,0.0849609375,2.0,0.47813245026775136,0.29244196853071774,0.19254897382994735,0.1289428178030434,0.08434319525491624,0.05197461314153779,0.028077801843658014,0.01080115019669521,0.0014315102579087792,11.975085916754939,-47.08206009242969,3113.2363281250005
239,25,251220.0,材料3,三角波,0.012240585,-4.402998208922412,0.0071107558674967,0.00615379524902344,0.007110755867496697,1.4941406119823946e-10,0.012507181,0.02448117,1.7589101964771965,1.155507386864248,0.027136895329783823,-1.1942473118923664,0.003237560938919971,0.010254003383008218,2.0000000000000044,0.6155822230743404,0.007934495480005091,0.0869140625,2.0,0.47757144589641404,0.2922303823322196,0.1933544956178663,0.12995798915450948,0.08562366087366367,0.05333922631197757,0.029518310064197504,0.0120615517261133,0.00023479084475389503,12.434084328241244,-54.74725102683643,3075.0797637
240,25,316460.0,材料3,三角波,0.030783314,-3.4807824890506742,0.018011935946209832,0.015600514416992202,0.018011935946209826,1.572265634201299e-10,0.031296387,0.061566628,1.7375359924364795,1.1545732060342249,0.011817675147885925,-1.2020317618060532,0.0032230116230494796,0.010175236493380764,1.999999999999997,0.6109012693466896,0.00755124991406626,0.0966796875,2.0,0.47517887143148885,0.28988109543715845,0.19097646883364408,0.1278050687914859,0.08364118547918109,0.05158109087752436,0.028099462326917523,0.011012547612828763,0.0009441680026049968,12.664952130272974,-44.0839435997192,9741.687548439999
241,25,316470.0,材料3,三角波,0.038787934999999996,-3.2496460343172546,0.02272398139013102,0.01968649322949216,0.022723981390131015,-3.0273458348180956e-11,0.039475895,0.07757586999999999,1.737190957969377,1.1542930030874379,0.01322380933865656,-1.203589359041785,0.003221961758594708,0.010184597349665548,2.000000000000001,0.6101991130306103,0.007476680587881778,0.09765625,2.0,0.47450325952919936,0.28979528126281673,0.19084228630143873,0.12748049877374185,0.08348972441641209,0.051558864072591505,0.0280481547124341,0.010957756173310199,0.0007946308833004708,12.664983729343964,-41.156714150755164,12275.217789449998
242,25,396790.0,材料3,三角波,0.049501666,-3.0057489534082054,0.029091909203738768,0.025203661992187473,0.029091909203738785,-9.179687953921262e-11,0.050564537,0.099003332,1.7380962055766922,1.154273105739815,0.014826748170572546,-1.20404986802306,0.003198494665523598,0.010108599173207666,2.0000000000000013,0.6080825677879584,0.007074036618147828,0.0986328125,2.0,0.4742216500987375,0.2887652342363918,0.1893731433287881,0.1257337506626333,0.08130095963453723,0.04938311652893098,0.02608074586394343,0.009442222678764193,0.0019526244310657278,12.891162452462385,-38.74759804970397,19641.76605214
243,25,158740.0,材料3,三角波,0.019308988,-3.947184591993781,0.011180644042298592,0.009675968388671876,0.011180644042298599,1.953125388607117e-11,0.019561106,0.038617976,1.74955091370376,1.1555064664523205,0.018405862585848837,-1.1934706632343586,0.002443543178534786,0.005196414229476989,2.0000000000000013,0.4538148874446349,0.00636399084423351,0.091796875,2.0,0.4075135447246679,0.18203371747787334,0.06359570796990027,0.00038030220693065876,0.02785516922978396,0.033285559791763314,0.02564745358471806,0.012576727049912202,0.0001582700471949066,11.975022922644866,-47.26762596903615,3065.10875512
244,25,396810.0,材料3,三角波,0.0153775385,-4.174847373226943,0.0089787196096623,0.0077748806640624965,0.008978719609662305,3.5156243122222495e-11,0.015576641,0.030755077,1.7348398966860996,1.154836967616012,0.013235087420177542,-1.1995829448541118,0.00245206455837298,0.005251685762321468,1.9999999999999998,0.45419396234432174,0.0056430997755235555,0.099609375,2.0,0.40730780575717007,0.1830713507759041,0.06553154264452794,0.002374446932132525,0.026358885290820405,0.03248102743722788,0.025549436917187567,0.01317552253790193,0.0010909384541132772,12.891212855688202,-53.8188461282793,6101.961052185
245,25,251230.0,材料3,三角波,0.123141005,-2.0944251980901165,0.07190023813823347,0.062272118385742224,0.07190023813823346,2.2460949360191343e-11,0.12379069,0.24628201,1.7217006953718752,1.1546136537840295,0.005564367531203109,-1.2014279571966306,0.0021334366301867056,0.0034265190543150102,2.0000000000000013,0.3041844297993523,0.0051492327532985495,0.1064453125,2.0,0.29229525199128237,0.040751406040378725,0.046033581252624155,0.04900660776267502,0.01930974772613325,0.008309353561034986,0.018185929818480842,0.011721932285758487,0.000440727094222703,12.434124133196967,-26.042342900748157,30936.71468615
246,25,316450.0,材料3,三角波,0.019413064,-3.9418090374844295,0.011312795205987923,0.009795592125,0.011312795205987927,1.3476562439035237e-10,0.019569967,0.038826128,1.7298966916365208,1.1548863061698706,0.010123928764518043,-1.1991829277152348,0.0021412081482674616,0.003515699530996258,2.0000000000000013,0.3106745968965723,0.005200699304254079,0.1015625,2.0,0.2983251925512766,0.04645209888065654,0.04343948285435156,0.04978290359601823,0.021719442532263378,0.006276586054296565,0.017852780418032392,0.012908227417441616,0.001089575350787035,12.664920530203451,-49.922698204978055,6143.2641028
247,25,316450.0,材料3,三角波,0.07699009849999999,-2.564078456306064,0.04502689577140207,0.03900284970214843,0.04502689577140202,9.082032665524466e-11,0.077436831,0.15398019699999999,1.7197905756848209,1.1544514340684653,0.0044940229798520965,-1.2026399658688678,0.0021418638677720603,0.0034752325976047534,1.9999999999999978,0.30926993091599503,0.00504109744504333,0.1064453125,2.0,0.2970700995894404,0.0461674827499629,0.043171787940064,0.04932149547534712,0.0214501661404962,0.006233206548084464,0.017566216929019038,0.012682357145216561,0.001009848546795285,12.664920530203451,-32.473849882323044,24363.516670324996
248,25,251230.0,材料3,三角波,0.098169633,-2.321058347697652,0.05725993349126303,0.04958897662988282,0.05725993349126302,-1.4648433033508275e-11,0.098432434,0.196339266,1.7190455524196382,1.1546907676404359,0.0032834365394243253,-1.200734146189052,0.0019973648942007535,0.0025973459633896632,2.0,0.18169443561753532,0.0048974070187882204,0.107421875,2.0,0.1520818372010488,0.0700831456454472,0.061774417808143495,0.001154786769177794,0.027807077563835336,0.011789409612580397,0.010067270939307451,0.011875873903671638,0.0005595798016206399,12.434124133196967,-28.86032761566565,24663.15689859
249,50,79430.0,材料3,三角波,0.0485489625,-3.025182454195075,0.02810537108935303,0.024337739471679713,0.02810537108935302,7.910156240415432e-11,0.049287873,0.097097925,1.7536816305788399,1.1548061446732747,0.023433578237062498,-1.1967026185896956,0.0032435287861843766,0.010010759756194603,2.000000000000004,0.6149339423362215,0.008212997285766008,0.0888671875,2.0,0.4760182779777658,0.29250804533478925,0.19366398291741133,0.1306242918121604,0.08619203154160782,0.05405546927213277,0.030164359027689453,0.012648272477970252,0.00015678035160530992,11.282631409627177,-34.13201857755438,3856.244091375
250,50,125890.0,材料3,三角波,0.015552425,-4.16353870396255,0.008980007021354193,0.007766336101562489,0.008980007021354191,5.859375200203791e-12,0.01586937,0.03110485,1.7671890414186877,1.1562732933419568,0.03086143499071077,-1.1877370191596461,0.003233762067474574,0.010090484281390179,1.9999999999999964,0.6179689871831814,0.008181956783189512,0.083984375,2.0,0.4792122384429684,0.2936963206617315,0.19432535424732741,0.13036585967271247,0.085907044125833,0.05330660649331631,0.029388453760482963,0.011855627648289874,0.0005644087662294682,11.743163788760304,-48.89311694147503,1957.89478325
251,50,316460.0,材料3,三角波,0.019560529,-3.9342415697514,0.011413378908215857,0.009883609300781254,0.011413378908215865,-5.664062179550739e-11,0.01989714,0.039121058,1.7433172209569907,1.1547784378034531,0.014762049643943283,-1.1999653597847648,0.0032252024718592404,0.01016659621015362,1.9999999999999993,0.6120556772100313,0.0076619939539909416,0.09375,2.0,0.4756640373303273,0.290565843481926,0.1916639093565977,0.12833612402502467,0.08414866402218227,0.05203904593133594,0.028369087766974447,0.011299552859193832,0.0007786680611012911,12.664952130272974,-49.82698114983148,6190.12500734
252,50,125890.0,材料3,三角波,0.2427663525,-1.415655810536785,0.1410179775400062,0.12206816114355482,0.14101797754000614,-6.835938065608005e-12,0.245004469,0.485532705,1.737398828674119,1.15523963184934,0.012952438359140714,-1.1962123608026969,0.0024485899952070766,0.005101530699152388,2.000000000000001,0.4546910254860758,0.005967101127864328,0.0986328125,2.0,0.40789091880153044,0.18300294424713828,0.06512637077928918,0.0017737835688593617,0.02682901813573753,0.03284877164708358,0.02574026452660689,0.013121718099834713,0.0008247533143382047,11.743163788760304,-16.62427805164369,30561.856116225
253,50,396810.0,材料3,三角波,0.015435986,-4.171053742277894,0.00900916444369052,0.007801316292968758,0.009009164443690532,-3.515625204486756e-11,0.015629435,0.030871972,1.7348373534180432,1.1548261992415796,0.013290893021407457,-1.1996556187678982,0.002451641176433885,0.0052559648602946325,1.9999999999999998,0.45400873640148887,0.0056575143438843374,0.099609375,2.0,0.40714004195493114,0.18297595032275227,0.06549518021924904,0.002265641448619167,0.026411473484188982,0.03255950648911856,0.02556309706420033,0.013177920958117656,0.0010732564747114933,12.891212855688202,-53.76994162421917,6125.15360466
254,50,63180.0,材料3,三角波,0.0774422055,-2.5582233563057297,0.04486811318637926,0.038849130368164043,0.04486811318637927,-1.0742193945348713e-11,0.077896506,0.154884411,1.7361217236040865,1.1549322407264908,0.009305393116004621,-1.1977078331213142,0.002132465949945208,0.00339766924639042,2.0000000000000013,0.30608747380407064,0.005586322581774539,0.0986328125,2.0,0.2938243272864146,0.04202831268404006,0.046183959003105686,0.04987229980798627,0.02014380321705755,0.008125067664433485,0.018619847479751782,0.012316924908216962,0.00016732625262303735,11.053743074356076,-28.277943707420416,4892.79854349
255,50,158730.0,材料3,三角波,0.19535463250000001,-1.632938743915285,0.11361938028492949,0.09838312989257808,0.1136193802849295,1.1718717820132299e-11,0.196417608,0.39070926500000003,1.7287333156318305,1.1548664939709425,0.007283239694430654,-1.1990770715329664,0.002131854880620434,0.0034126782225140607,2.0000000000000036,0.30495021674496453,0.00549848332505772,0.1025390625,2.0,0.2929600994844762,0.040829366751688904,0.04634680910833899,0.049263299678401457,0.019388967436810844,0.008468756329166315,0.01839943792136432,0.01185828192862947,0.0005178277941846616,11.974959924566287,-19.554376017657148,31008.640816725
256,50,199170.0,材料3,三角波,0.07776995449999999,-2.5540001113339623,0.04524976949983483,0.03918233900292969,0.04524976949983484,1.0742202049759952e-11,0.07823184,0.15553990899999998,1.7288892488233683,1.1548511561918617,0.008611992759235155,-1.1993388157688596,0.002137279551839838,0.003464525622166822,1.999999999999999,0.30843427320621924,0.0053925117085939075,0.1015625,2.0,0.2962524000956803,0.044295407644939964,0.0444812976948305,0.04952756358202564,0.02085964082221844,0.007090566109822278,0.018105350381957444,0.012613428043482327,0.0005145541052667413,12.201914010381314,-31.16368974100131,15489.441837764998
257,50,316450.0,材料3,三角波,0.0308776125,-3.47772387222906,0.01799362962159902,0.015581743473632831,0.017993629621599033,9.765617439325917e-13,0.030995345,0.061755225,1.722573246855882,1.1547892347250834,0.0049290511235316505,-1.1997650557155637,0.001999919484034006,0.002658171838901059,2.0000000000000013,0.18527736405081788,0.004903933889801611,0.10546875,2.0,0.1568891992911453,0.06765900021856312,0.06302002586753926,0.0008877011540138236,0.027509541981077006,0.013078499822332787,0.009134751412361225,0.012327366451329794,0.00044619114795147136,12.664920530203451,-44.04509646777247,9771.220475625
258,50,499970.0,材料3,三角波,0.01951219,-3.9367158805185523,0.01141948115787654,0.009890166116210936,0.01141948115787654,-6.542968464663505e-11,0.019580463,0.03902438,1.7146543463136636,1.1546298640180481,0.0035004507389230274,-1.2015752532400417,0.0020010509741122244,0.0026540331966837063,1.9999999999999964,0.183565462336722,0.004512337141286608,0.1103515625,2.0,0.15489556887609332,0.06843423804993308,0.06239395966142093,0.00014788482613435272,0.027335799807517436,0.012416150195030898,0.00927038681454922,0.011832956901569549,5.493914985825552e-05,13.122303375604258,-51.658780087723486,9755.509634299999
259,70,199170.0,材料3,三角波,0.194320032,-1.6382488296114117,0.11326208990755518,0.09806255108886727,0.11326208990755521,-3.4179741719223e-11,0.196473848,0.388640064,1.7346832303762227,1.154998403059223,0.01361505779768183,-1.1986056822096345,0.00244805447652981,0.005150531778422086,1.9999999999999978,0.4530404620942172,0.005928004574739052,0.099609375,2.0,0.40678491357690444,0.18177610338322353,0.06421699102895978,0.001430229049057934,0.026862398498877154,0.03271955243346239,0.025417497153102805,0.012831718468995272,0.0006445174035493716,12.201914010381314,-19.989771346526275,38702.72077344
260,70,251230.0,材料3,三角波,0.038885887499999994,-3.247123883384745,0.022651658293954113,0.01961642424707033,0.022651658293954116,-7.714844004792516e-11,0.039231667,0.07777177499999999,1.7319556250974881,1.1547292212206866,0.010136477289520066,-1.2003108876220925,0.002438960251655578,0.005123246833443172,1.9999999999999936,0.4491992362697904,0.005934192061205148,0.1005859375,2.0,0.40414705606501805,0.17894499280380632,0.06159240343074106,0.0006514574571703206,0.028046000055993,0.032921292722243915,0.02486688914674191,0.011869133292690983,0.00035184939070819225,12.434124133196967,-40.37514144187451,9769.301516624999
261,70,158730.0,材料3,三角波,0.0777933955,-2.553698742146716,0.04516555417016,0.039103542243164056,0.04516555417016003,-4.5898435022833674e-11,0.078263107,0.155586791,1.7328051971895633,1.1550246238384116,0.008915677946794516,-1.1978663723800407,0.0021312156304975076,0.003422295662618277,2.0000000000000004,0.30563370694917946,0.005627217271043571,0.1005859375,2.0,0.29359632742021036,0.04108013091045492,0.046384949820497824,0.04940823489258068,0.019476411498645527,0.008416789613869352,0.018434354823441756,0.011942778970954982,0.00046539082130012317,11.974959924566287,-30.580440096622258,12348.145667715
262,70,251230.0,材料3,三角波,0.0980267435,-2.322514944682905,0.057208281214441194,0.049547822162109414,0.05720828121444119,2.1484369106894788e-11,0.098607228,0.196053487,1.7236530429987538,1.1546073816780174,0.00720418728206726,-1.2012897790746364,0.0021331734022867407,0.0034115690071862817,2.0000000000000013,0.30427396831708803,0.005180006213984647,0.1044921875,2.0,0.2923716382361037,0.040834729943502734,0.046077749273215285,0.048980642137423515,0.0193375627801527,0.008273810913904176,0.0181847055929767,0.011766373007995561,0.0004551550777961323,12.434124133196967,-28.87843912339233,24627.258769505
263,70,316450.0,材料3,三角波,0.038655632999999995,-3.2530627707132003,0.02255612834877017,0.019535696768554666,0.02255612834877018,-9.863281144519703e-11,0.038883719,0.07731126599999999,1.7238649469788132,1.1546108959408756,0.0060656526636761006,-1.2013686839829198,0.002140956738332565,0.0034759875746957786,2.000000000000003,0.309630374257864,0.005159832360774706,0.103515625,2.0,0.2973815809136582,0.046138680193072754,0.043304315711302534,0.049480413790865006,0.021570078144057283,0.006280611159878326,0.017708024529529683,0.01278315051803721,0.0010553012236825072,12.664920530203451,-41.19978147084613,12232.575062849999
264,70,316450.0,材料3,三角波,0.060794206,-2.8002607906036046,0.03550812304146823,0.030754796375976532,0.03550812304146825,-1.8554695642078716e-11,0.061144562,0.121588412,1.7219880061976864,1.1545556214186043,0.005708126244640407,-1.2017982473456208,0.0021413406423502106,0.0034761783055444763,1.9999999999999996,0.3096352815915577,0.0051028942665859054,0.10546875,2.0,0.29741076408604394,0.046223141773075814,0.04320499393284698,0.04938526194260898,0.021533995030115084,0.006225365739191796,0.01765296707022452,0.012783198696752903,0.0010885967759384982,12.664920530203451,-35.46508037683934,19238.3264887
265,90,158750.0,材料3,三角波,0.0156149155,-4.159528699725073,0.009026145428326655,0.007807833956054695,0.009026145428326658,-3.808594061397515e-11,0.015898745,0.031229831,1.7614102416414807,1.1560370621518152,0.024394786676929462,-1.1902152553529985,0.003225535372956265,0.010127080098512174,2.0000000000000027,0.6153877126751304,0.008539672302451952,0.0869140625,2.0,0.4782981044673761,0.2923198872297925,0.19262373042537795,0.12885688566538853,0.08455781498362766,0.05204354767516338,0.02821002194607562,0.010854662513600179,0.0013642698152989317,11.975085916754939,-49.810713552415706,2478.8678356249998
266,90,158750.0,材料3,三角波,0.1554446715,-1.8614654209677377,0.09030744372236492,0.07815493047753916,0.09030744372236503,-8.789084125207167e-12,0.157907521,0.310889343,1.7485548753374105,1.1554925987467708,0.019747361770870508,-1.1949566982767124,0.00322350576268833,0.010073388073646546,1.9999999999999978,0.6136069537537028,0.008176297491055931,0.09375,2.0,0.4771902542170959,0.2912974293727531,0.19183070076678088,0.12833454378066447,0.0841114303675812,0.05185212520415463,0.028166392067145433,0.01104570067553622,0.0011229335336721301,11.975085916754939,-22.29120834715706,24676.841600624997
267,90,199170.0,材料3,三角波,0.0153518305,-4.176520561244412,0.008904815010714683,0.007706957026367195,0.00890481501071469,-7.714843967353659e-11,0.015548907,0.030703661,1.7461235276971887,1.15542554347317,0.017881279017985006,-1.1947774337245982,0.00244624226189806,0.005199705663764356,2.000000000000001,0.4540537726150862,0.006199825667512981,0.09375,2.0,0.40764733599412456,0.18219219131265146,0.0641864615050177,0.0009779951967949375,0.027406256707860163,0.033109257014535244,0.025702398091821232,0.012863889817684451,0.0004541549693949152,12.201914010381314,-50.961544750893815,3057.624080685
268,90,251230.0,材料3,三角波,0.0122430305,-4.40279844267399,0.007114517168807553,0.0061593649199218805,0.007114517168807555,7.226562843987985e-11,0.012399465,0.024486061,1.742839985595009,1.1550731709037605,0.01626640963967246,-1.1972591422148724,0.00243903744674171,0.005159139316037836,2.0000000000000018,0.45054646897582656,0.006036213271759647,0.095703125,2.0,0.4051837562079831,0.1797399912060074,0.06198517894493069,0.0007712931310383588,0.028298760165150854,0.033116205500485864,0.025068622719055734,0.011953457538774463,0.0004458534666800286,12.434124133196967,-54.74494236965468,3075.816552515
269,90,499970.0,材料3,三角波,0.0122982695,-4.3982967175585905,0.007194399278915796,0.0062307742392578155,0.0071943992789157965,-6.835936556195293e-12,0.012387575,0.024596539,1.7218359059252577,1.1546557462452312,0.007409729584504758,-1.2012129437668189,0.0021380375667048477,0.0034935809464900604,1.9999999999999993,0.307245240182696,0.004831414708670127,0.1064453125,2.0,0.2952043314779825,0.04357993119977301,0.04479447226993449,0.049200530043117606,0.02032912057761861,0.007292537529349674,0.01777971310197018,0.012040728492110872,0.0002034650632589301,13.122303375604258,-57.71578386372822,6148.765801915
270,90,99910.0,材料3,三角波,0.3083150845,-1.1766330172947521,0.1794777568485085,0.15541599822070298,0.17947775684850847,-1.1718687272736089e-11,0.309066044,0.616630169,1.7220297903593305,1.154821632928908,0.003795649660656343,-1.19956837277113,0.0019982584630301417,0.002537002045386504,2.0,0.18366174374107994,0.004791240530245658,0.10546875,2.0,0.15460802860897954,0.06897209687792652,0.06248318901582541,0.0001571674821833946,0.027731771987757232,0.012436719637502218,0.00969450951135167,0.012204728815672741,8.80435323928791e-05,11.512025059727064,-13.545428781199455,30803.760092395
271,90,125890.0,材料3,三角波,0.307732973,-1.1785228428243069,0.17915890388578465,0.15513527333593766,0.17915890388578454,1.9531581213483307e-12,0.308565276,0.615465946,1.7222994186027898,1.1548560171601014,0.004511954881056583,-1.1994430303636028,0.0019985329976581145,0.0025695605260993557,2.000000000000002,0.18399573100889682,0.004854114402319064,0.10546875,2.0,0.1550545742907641,0.0688281958352355,0.06252398705584353,3.557858236283593e-05,0.027710027984719447,0.012540659707621454,0.009575577225398927,0.012211942496769122,1.550224592060213e-05,11.743163788760304,-13.839586772081251,38740.50397097
272,90,316450.0,材料3,三角波,0.1223885485,-2.100554471287271,0.07159029529511933,0.062012448457031195,0.07159029529511936,-5.8593878311591005e-12,0.122746329,0.244777097,1.7145665972461526,1.1544503898233383,0.0027961881301309145,-1.202638279465347,0.0020013349077207055,0.0026105587811591623,1.9999999999999998,0.1846037801126557,0.0047269285321675965,0.1103515625,2.0,0.15663237891673074,0.06706712990269298,0.06259031286176639,0.00101788456801515,0.027113766355096276,0.01295700203891259,0.008899728720731238,0.012074285807748213,0.0004862750149718718,12.664920530203451,-26.603355448216814,38729.856172825
273,90,499970.0,材料3,三角波,0.0098316515,-4.6221483528307425,0.0057508890271066255,0.004980638839843756,0.0057508890271066255,7.812499384330057e-12,0.009859792,0.019663303,1.7144813529745044,1.1546488737752028,0.0026395457954488657,-1.2014196711877347,0.0020007625981602567,0.002629517533244585,2.0000000000000018,0.18372606807482228,0.004542402037072916,0.1103515625,2.0,0.1550975745113913,0.06835593886968828,0.06242763477966726,0.0002140556787135377,0.027348089872081482,0.012463170157966934,0.00926550517802455,0.011879214474435561,8.206931493645973e-05,13.122303375604258,-60.65323293289451,4915.530800455
274,25,396820.0,材料3,三角波,0.030978764,-3.474453341496863,0.01810119305969658,0.015675748278320314,0.018101193059696596,4.980470042322471e-11,0.031083212,0.061957528,1.7171913418905345,1.1547259332258273,0.003692098861751361,-1.2006934084897696,0.0020029167238717386,0.002664421989205266,2.000000000000003,0.18740396225688433,0.004709129656491885,0.1083984375,2.0,0.1600528536279204,0.06574270472057335,0.06354882488272254,0.002366815862842721,0.026953012200811335,0.013762006275450801,0.008259560234374618,0.012322136450503137,0.0011215455703921938,12.891238056348461,-44.79000514091143,12292.99313048
275,25,396820.0,材料3,三角波,0.0123484575,-4.394224122494078,0.007212085806635009,0.006246145170898432,0.007212085806635008,2.0507814171413026e-11,0.012391846,0.024696915,1.7182055694067992,1.1546458830699315,-0.0033971182872042822,-1.2010478359437862,0.0020022009254290134,0.0026553518931412947,1.9999999999999993,0.18651201000860534,0.004751351837942138,0.1083984375,2.0,0.15890433822890118,0.06619822474979237,0.06330521118146973,0.0019151299885603447,0.02709286369041387,0.013566139721257787,0.008487706125728642,0.012318494832386931,0.000932117890175928,12.891238056348461,-56.64698923602008,4900.11490515
276,25,63210.0,材料3,梯形波,0.2441388315,-1.41001823394019,0.15516699701295092,0.13648870670312505,0.15516699701295075,5.468744670978319e-11,0.244381378,0.488277663,1.5749571926019994,1.1368486137864344,0.005421931890868068,-1.3497585284652942,0.0021760037755528937,0.0038842960547224347,1.9999999999999987,0.2525746866242521,0.004298938374632027,0.1552734375,2.0,0.24980607305357444,0.02676660388908298,0.013647766203705454,0.0010423781436896145,0.0068623946861421535,0.005190421803839042,0.0160569669907742,0.012459453001895868,4.396830042194778e-05,11.054217795466345,-15.586648653553677,15432.015539114998
277,25,99960.0,材料3,梯形波,0.076805503,-2.566478987749677,0.048699643697412996,0.042815448941406244,0.04869964369741298,4.687499188446836e-11,0.076916536,0.153611006,1.579406545105502,1.1374315790559475,0.006315796744059899,-1.3460042248736728,0.002174446180895909,0.003936762187469853,2.0000000000000027,0.2541008580688954,0.00451574729913794,0.15234375,2.0,0.2513338665318081,0.026513000648759683,0.014493090979536865,0.000599517381915217,0.006823524987564299,0.0050446248039817815,0.016016923998004137,0.01251518050340396,7.046153004448605e-05,11.512525384948889,-29.546654496406088,7677.478079879999
278,25,251240.0,材料3,梯形波,0.049014649,-3.0156360663672293,0.031230971861007813,0.027471118516601545,0.031230971861007813,1.0742174599116198e-11,0.049184486,0.098029298,1.5748624864731582,1.1368656810291173,0.00745111477172076,-1.3500699527653284,0.002174957293101964,0.003936261993837842,1.999999999999999,0.2508147608764705,0.004302439624898323,0.15625,2.0,0.2481909399651134,0.025384529445925896,0.013769230246545668,0.0011842716774097609,0.006646521462874767,0.005572315936671755,0.016025010924497794,0.011898918609102147,0.0005664494013794162,12.434163936568318,-37.49691322223814,12314.44041476
279,25,499980.0,材料3,梯形波,0.024528543,-3.7079178191329447,0.015680196749458166,0.01379485152148436,0.01568019674945817,-6.054688387214114e-11,0.024659119,0.049057086,1.572628162389104,1.136670208087237,0.006376442345106705,-1.3508993836883372,0.0021760414108026576,0.00396393295761597,1.9999999999999967,0.25125958531534465,0.003922221777559731,0.1591796875,2.0,0.24864712879130263,0.026123551761264366,0.01367852608991229,0.0013598816382240282,0.0066555203923063435,0.005017500861671996,0.015196359119938144,0.011583659281160428,0.00010717537516338098,13.122323376604307,-48.6564966765359,12263.78092914
280,25,63060.0,材料3,梯形波,0.0611880405,-2.793803525226848,0.04171448703254933,0.03664305963085935,0.041714487032549354,-1.9531198219065876e-12,0.061359303,0.122376081,1.4709350962921357,1.138400762730496,-0.002353919394618358,-1.3483391011945571,0.0021741410148161462,0.0025087418839633904,1.9999999999999998,0.07050960839789133,0.0038251541133430688,0.27734375,2.0,0.0013322454906469457,0.06814039565343104,0.0006003585222106049,0.0006173641944956654,0.0003513783849935298,0.013035310240709946,0.00014932111914088485,0.012486310411608872,4.342043307290009e-05,11.051841933099052,-30.876674952942032,3858.51783393
281,50,50040.0,材料3,梯形波,0.15424750399999998,-1.869196797851063,0.0978492942886562,0.08606841946679693,0.09784929428865621,-7.812528822113106e-12,0.154530279,0.30849500799999996,1.579268201405055,1.13687801977593,0.008628057635122708,-1.3490936000968927,0.002172788651110188,0.0038902833721056267,2.0000000000000018,0.25166701005841247,0.004541873443985134,0.1513671875,2.0,0.24891860030836674,0.026281732887541223,0.01430934018321809,0.0005222441021078388,0.0066845678741411,0.00513232083357508,0.0159775844933622,0.012398767598760007,0.0001346265129820444,10.820577964580847,-20.225789682292294,7718.545100159999
282,50,251240.0,材料3,梯形波,0.123040328,-2.0952431074286166,0.07848314144534692,0.06904963356249998,0.0784831414453469,1.5624989298831764e-11,0.123527713,0.246080656,1.5739394566159235,1.1366192316474533,0.006053270796171956,-1.3515403361269689,0.0021747274373488737,0.003931690591722103,1.9999999999999996,0.24968078417567835,0.004246535145913385,0.15625,2.0,0.24709149112294615,0.0249101228122478,0.013454686423915372,0.0018159846817970267,0.00691269769714659,0.005652867682807459,0.016135225621797127,0.011874646984002299,0.0005961092320766073,12.434163936568318,-26.052596284732243,30912.65200672
283,50,316450.0,材料3,梯形波,0.0978100215,-2.324728237865835,0.06239476839519083,0.05487269816699226,0.062394768395190835,-2.636716502958398e-11,0.098236831,0.195620043,1.5744401898857237,1.1370822007933143,0.005144952384625787,-1.3483478595182388,0.0021751074545017777,0.0039327462983943925,1.999999999999999,0.2522326774304545,0.004099595372618545,0.1572265625,2.0,0.24958072362058686,0.026232122418208263,0.014430442922581319,0.0005145148004647948,0.006261242690509979,0.005009694954054489,0.015249152178782139,0.01171591533550175,0.0002445156270474057,12.664920530203451,-29.442498386890705,30951.981303675
284,50,396810.0,材料3,梯形波,0.024453936,-3.7109640944223106,0.015589883717222057,0.013711673269531231,0.015589883717222053,-3.1250004574469954e-11,0.024562201,0.048907872,1.5755217579247416,1.1369789383666546,0.006248556603738252,-1.3488768649966225,0.002179889644428369,0.0039911570881677304,2.0,0.25625493878569144,0.004107363138125609,0.15625,2.0,0.2533507191644928,0.029319582636716756,0.013341975443950573,0.0005928158579215181,0.0066516869337909824,0.004199433660383871,0.01499475520577899,0.012429966030430275,0.0008844004642050984,12.891212855688202,-47.83882804101422,9703.566344159999
285,70,316450.0,材料3,三角波,0.194803215,-1.6357653838031174,0.11406463334260888,0.09880375512207037,0.11406463334260883,9.765958658078389e-13,0.195467057,0.38960643,1.7136517364930082,1.1544564596930953,0.0032564959106421753,-1.202785874442961,0.002002161777615657,0.0026243766048728284,1.999999999999998,0.18476668230606402,0.0046768918968400405,0.1103515625,2.0,0.15688884362164052,0.06695294593762925,0.06259974383560934,0.0011078228286283962,0.027038152236156503,0.012973836240921216,0.008786706578570334,0.012045749134615659,0.0005263840422892095,12.664920530203451,-20.71683859192423,61645.47738675
286,70,158740.0,材料3,梯形波,0.0490243785,-3.015437584185591,0.030061392799648173,0.026447241374023447,0.03006139279964817,2.2460952795756977e-11,0.049401912,0.098048757,1.6433673692117878,1.1366551382245316,0.013965404117851047,-1.3291262164099522,0.0023193704901676515,0.005745753615214114,2.000000000000002,0.3640945303656253,0.005406157118898026,0.115234375,2.0,0.34453612229787195,0.1109363219142938,0.02056956824160123,0.0010993935707292216,0.010164744308864179,0.021001726882201505,0.021277745434391374,0.011424739140714733,0.0009178650590769297,11.975022922644866,-36.10993419242731,7782.12984309
287,70,79460.0,材料3,梯形波,0.154718368,-1.866148795419651,0.09817918303991913,0.08633636292968755,0.09817918303991917,7.812457047929287e-12,0.155024835,0.309436736,1.578999032177399,1.1371707089384386,0.007888588699614153,-1.3478363623814231,0.0021758881848396505,0.00390874727944389,1.9999999999999978,0.2535648784102561,0.00461511347726905,0.15234375,2.0,0.25079006380675456,0.026843798051966537,0.014033656720788348,0.0005957045899488685,0.006664662458488622,0.0051921205925147046,0.016009476721959993,0.012406184297062655,0.00010480737243935602,11.28300902936859,-21.05577370886524,12293.921521279999
288,70,158730.0,材料3,梯形波,0.0978037575,-2.3247922824340055,0.06214880395047898,0.05465250919726562,0.062148803950478976,-1.953124776710516e-11,0.098098243,0.195607515,1.5784413659539775,1.1371628652246477,0.00827444349184999,-1.3479406915631869,0.002175834782906069,0.003946039598734257,2.0000000000000018,0.25360479386054585,0.0045104617604682954,0.15234375,2.0,0.2508535990022491,0.02678090244747767,0.013927179852297867,0.0007034704118591298,0.006748205693408066,0.005029087192623127,0.01585841243180374,0.012404112649760907,6.432691629943023e-05,11.974959924566287,-27.839294415088204,15524.390427975
289,70,199190.0,材料3,梯形波,0.04887027,-3.018586042853457,0.031078608529351306,0.027329056189453145,0.031078608529351306,-1.9531373792055183e-12,0.049058038,0.09774054,1.5785146221610447,1.137200213351868,0.00939240918503076,-1.3477429241796561,0.002179867260866078,0.003970593982803878,1.999999999999998,0.2561721273022226,0.004454401719696106,0.1533203125,2.0,0.2532689018366602,0.02876999752199346,0.013563328478465272,0.0003029853637828364,0.006520147779267979,0.004747018479025525,0.015595513596599605,0.012599652864056642,0.0004857199782484862,12.20201442206932,-36.832830429155045,9734.4690813
290,70,251240.0,材料3,梯形波,0.1942937025,-1.6383843343437607,0.12414880165290243,0.10924763274999998,0.12414880165290235,-4.882808819274033e-11,0.195172036,0.388587405,1.5720815134862571,1.1363980941994596,0.008017197255546714,-1.3531333579735463,0.0021789483918984737,0.003956193587900784,1.999999999999999,0.2503575788266192,0.004211686458883724,0.1572265625,2.0,0.24770078225744438,0.025837364284190062,0.012717163190322024,0.0021874378264589256,0.006975122666336302,0.005788746713326686,0.016250060858407894,0.011945792212130229,0.0004804932572618735,12.434163936568318,-20.37193940433568,48814.3498161
291,70,63150.0,材料3,梯形波,0.123453974,-2.091886872538559,0.0810060338150967,0.07117156529785153,0.08100603381509662,-3.0273455901949804e-11,0.123705331,0.246907948,1.5271125516695232,1.1381797418124517,0.0032198956674958125,-1.3481247623813162,0.00213134361836363,0.0030326646268997374,2.000000000000001,0.1411327908734564,0.004557273157118028,0.2451171875,2.0,0.13174891233598174,0.042129356151394744,0.020151566504849783,0.0002682121389285136,0.009477887905994449,0.007846880350856468,0.008500303344258327,0.01248899840742939,0.00012003903626811296,11.053268127778637,-23.122186495148984,7796.1184581
292,70,499980.0,材料3,梯形波,0.0775949325,-2.5562531567603384,0.05131486229344921,0.045129582772460965,0.05131486229344924,4.980470671837357e-11,0.077640152,0.155189865,1.5130149147825238,1.137055987248405,0.0016856481054051248,-1.3558893520379542,0.002130122192183894,0.0030613790404418148,2.0000000000000018,0.1385226766832143,0.0036656652993136887,0.2529296875,2.0,0.12995447656745643,0.040277377476183804,0.017831565576647824,0.00018041431404650787,0.01012736071880262,0.007972896384453624,0.007941012488715649,0.01144150883486527,5.695008800247142e-05,13.122323376604307,-33.54398055547474,38795.91435135
293,90,396820.0,材料3,三角波,0.1226603195,-2.0983363740265633,0.07197301730326393,0.06234983659570308,0.07197301730326384,-7.8124893436015e-12,0.123005985,0.245320639,1.7090569439614387,1.1543417149584645,0.0018658879748139623,-1.2040635385589638,0.002004635309370781,0.0026278261895445543,1.9999999999999996,0.18655614986035693,0.004555978073763242,0.1142578125,2.0,0.1596653418010344,0.06515162370088257,0.06296334822560448,0.0024337353578731107,0.026494709889141734,0.013559119170258536,0.008002621090652832,0.011999217752798778,0.001137006624349434,12.891238056348461,-27.05015371987147,48674.067983990004
294,90,50080.0,材料3,三角波,0.154126925,-1.8699788277135014,0.09426373818094655,0.08296888486328116,0.09426373818094663,1.1718737186693605e-11,0.155391433,0.30825385,1.6484751824897301,1.1361336040164625,0.021421041241625007,-1.3310894630599959,0.0023218024947267595,0.005699565471769448,2.000000000000001,0.3642713089920125,0.005787428858017626,0.1123046875,2.0,0.3442154163601967,0.11217798936858422,0.02146685853227756,0.0011809224562796784,0.009723411720526837,0.020932922495396255,0.021792797060531662,0.012472090651152836,2.7825216229178553e-05,10.82137700577398,-20.235745887503068,7718.676404
295,90,125930.0,材料3,梯形波,0.048527411,-3.0256264654323526,0.02972284326206044,0.026144030417968762,0.029722843262060424,-1.757811701508542e-11,0.048931793,0.097054822,1.646268917430881,1.136888336911969,0.01629880720260247,-1.3277494360027293,0.002326263050192889,0.005803451991287972,2.000000000000002,0.36760586048494703,0.00554055271813827,0.1142578125,2.0,0.3473150322147934,0.11346493070480977,0.022097119022438095,0.0014605237576936496,0.009872706564791701,0.020816435400790152,0.02149488960300468,0.012197375712851588,0.00017375527033638521,11.743481475999893,-35.53138835009986,6111.05686723
296,90,199190.0,材料3,梯形波,0.2436634275,-1.4119674014224792,0.155356470152782,0.13666886770703124,0.15535647015278198,-4.296871295187896e-11,0.244758515,0.487326855,1.575463929885234,1.136736352318439,0.009696337424803464,-1.350632053254227,0.0021820590298195996,0.0039835235429411964,2.0000000000000004,0.2549148672683445,0.004318265971001821,0.154296875,2.0,0.2520245653719656,0.028535646246065822,0.012745703076978665,0.0013394571900394142,0.007084525041291175,0.004799400040708527,0.015845997559558078,0.01272758528897472,0.0006049814719362457,12.20201442206932,-17.228846595648832,48535.318123725
297,90,125910.0,材料3,梯形波,0.1549749275,-1.8644919332116534,0.10200174052053121,0.08964905690234364,0.10200174052053117,1.953113696164313e-12,0.155066357,0.309949855,1.5202324608253894,1.137789331477782,0.004759393623744965,-1.3511775643331285,0.002133374872992197,0.0030509773911653946,2.000000000000001,0.1400948474134867,0.00427217761670582,0.251953125,2.0,0.1309484682970897,0.041504957737389936,0.018865287418858297,0.0002891364872719282,0.010193640002222596,0.008094562642710927,0.008698532701303616,0.012461660847859345,0.00017616257514844392,11.743322644995747,-21.895330340696308,19512.893121525
298,90,316450.0,材料3,梯形波,0.077131078,-2.5622489927304235,0.050943959478497336,0.044800130747070295,0.050943959478497364,-2.4414062622674787e-11,0.077161374,0.154262156,1.5146324469060681,1.137138633949831,0.00309035265897062,-1.3556100000763007,0.002134968326001677,0.003067213711183985,1.9999999999999987,0.14097527856443468,0.003974437131790557,0.2529296875,2.0,0.13269751183661682,0.03920952067567142,0.01795782764769583,0.0003959990442853535,0.010587161700960163,0.008609729048472082,0.008147419452408844,0.012352148761132595,0.00044851765466360816,12.664920530203451,-32.450679871524656,24408.1296331
299,90,499980.0,材料3,梯形波,0.048759448999999996,-3.020856274679018,0.03224189774853502,0.028352115857421884,0.03224189774853501,-1.9531250619912125e-11,0.048794321,0.09751889799999999,1.5133824125540836,1.1371954710778627,0.0021410024375748964,-1.35499238661181,0.0021320218660776822,0.0030653648280561515,1.999999999999999,0.13974602701871205,0.003710262232669678,0.25390625,2.0,0.1312642336286728,0.04003500273939679,0.018314212142662073,0.00039347378907763557,0.010041360045872498,0.007858273769149198,0.008000634537382546,0.011562531843305468,5.226078093024881e-05,13.122323376604307,-39.640652910582276,24378.749311019998
300,90,63060.0,材料3,梯形波,0.098220222,-2.320543158141461,0.0668926069941802,0.058759784583007846,0.06689260699418012,-5.566405162867917e-11,0.098504049,0.196440444,1.4725700406409643,1.1384079684581452,-0.001883298738501463,-1.3482294920002622,0.0021722061783881054,0.002533862120572297,2.0000000000000044,0.07058859593289517,0.0038392405796484996,0.2763671875,2.0,0.0014639075569007906,0.06820499894275152,0.0006759357026452229,0.0005937941970682265,0.0003587328924599013,0.013074741972952077,0.00012884938350190216,0.012521203540809826,2.7961002323592787e-05,11.051841933099052,-25.646276182713905,6193.76719932
301,25,50020.0,材料4,正弦波,0.0283961525,-3.5615016183447037,0.02006461182278928,0.018051310800781234,0.020064611822789277,2.929688801517546e-11,0.028570746,0.056792305,1.4239371412882007,1.1115321233026974,-0.014833017811076429,-1.4955360732394178,0.002168299611807337,0.0030730395605531417,1.9999999999999996,0.009471571169187693,0.0021395480967800057,0.2802734375,2.0,0.007728514129565922,0.005430538314246906,0.00036191200995750367,0.0002842047703363567,0.00012293251512112056,0.00040258310710314035,0.0001315538587405392,0.00028223228042842337,6.390372357059218e-05,10.82017820443161,-38.53608218586127,1420.3755480500001
302,25,63020.0,材料4,正弦波,0.0207028215,-3.877485283651581,0.01459700837993344,0.013126507343750005,0.01459700837993344,-2.3437499242168662e-11,0.020804732,0.041405643,1.4252736902309613,1.1120253086121643,-0.009882343500854202,-1.492807660438512,0.0021633812650457404,0.0030449472792875134,2.000000000000003,0.006666925113544511,0.002053413873976542,0.279296875,2.0,0.005251756457163943,0.004090520364188817,0.00020558822262983577,4.972064294471991e-05,9.692888581193623e-05,0.0002520113289403601,2.2438494198269727e-05,0.00012775354728468828,1.0940799798855527e-05,11.051207415311266,-42.85089411945066,1304.69181093
303,25,63020.0,材料4,正弦波,0.089152132,-2.41741102020852,0.06295584622962366,0.056657138375976565,0.06295584622962361,4.8828184969642685e-12,0.090392279,0.178304264,1.4358043678788042,1.1111723612274396,-0.028696916068363637,-1.496364077060906,0.002168303869889337,0.0031037451802050017,2.0000000000000018,0.01860572221197659,0.002102219342524478,0.265625,2.0,0.014775488705154499,0.011286853711740453,0.0006340955777654509,0.0001098800082704141,1.3676343759492405e-05,0.00017766117144860118,5.599472522823793e-05,0.00011713311708025057,4.4820913789934394e-05,11.051207415311266,-26.71531059238357,5618.36735864
304,25,70830.0,材料4,正弦波,0.022208891,-3.8072625747853226,0.01568125785407249,0.014106193731445327,0.015681257854072487,-1.4648438815037536e-11,0.022312427,0.044417782,1.4228722725967653,1.111657627324092,-0.009903616082408324,-1.4950584825088924,0.0021664310792905454,0.0030655065126844916,1.9999999999999984,0.006336213875940886,0.002088459770454877,0.2802734375,2.0,0.005437281114741945,0.0032344172864904085,3.593431701892675e-05,0.0002048690229705323,3.349247922909483e-05,0.00015900060980995868,1.1523498878898967e-05,0.00022797379322291565,1.883625674654818e-05,11.168037918747668,-42.51965280183136,1573.0557495300002
305,25,70840.0,材料4,正弦波,0.025168067,-3.682179270559142,0.01776426659691931,0.015979482263671848,0.01776426659691931,-7.226563869837528e-11,0.025292006,0.050336134,1.4237573987088301,1.1116922503368607,-0.010588754226950818,-1.4947441101524193,0.0021656864393066405,0.0030674385919268257,2.000000000000001,0.006988269609024994,0.0020788140926354757,0.279296875,2.0,0.005970971088807011,0.003623123828785285,3.880114487630927e-05,0.00011353137491156293,1.9640306823198804e-05,0.00013809346947873033,2.5983196935518804e-05,0.00014749977517023764,1.0408950252513559e-05,11.16817909189677,-41.12323754207431,1782.9058662799998
306,25,89090.0,材料4,正弦波,0.0706001245,-2.650723371028405,0.04980371667699776,0.044799712739257834,0.049803716676997775,-9.765750732665661e-13,0.071579161,0.141200249,1.4372252871051168,1.111697232677899,-0.029269946207371878,-1.4937409992293005,0.002165412557570532,0.003090299082971162,1.9999999999999991,0.017122196731716697,0.0020702208328225538,0.2646484375,2.0,0.015947217087106665,0.006211381014337533,0.00035178682582247213,0.00029615616788798813,4.260229878458175e-05,0.0002341182430020016,5.888317535161004e-05,4.322467531324811e-05,3.477982125456337e-05,11.397402373714689,-30.211360841020145,6289.765091705
307,25,125860.0,材料4,正弦波,0.070047955,-2.6585752000585194,0.049500729852329735,0.04454266124414069,0.04950072985232976,1.7578111246420472e-11,0.070388853,0.14009591,1.4219760639890278,1.1113105609252578,-0.01056240557297773,-1.4968427361001386,0.002168516273066055,0.003113724019494931,2.000000000000002,0.011175821207605404,0.0020637729557408404,0.2822265625,2.0,0.010623499140772189,0.0034421502839861906,7.760164470830274e-05,0.000338172080461694,3.862429628388018e-05,0.00022808615832609246,8.694982627260134e-06,0.00013072963887514032,2.7995508160269132e-05,11.742925457080924,-31.219450396331197,8816.235616299999
308,25,141260.0,材料4,正弦波,0.03133143100000001,-3.463133499989295,0.02214723429167215,0.019930378760742187,0.02214723429167214,-4.882815714990432e-12,0.031396034,0.06266286200000001,1.4176051775370258,1.1112299749815397,-0.004367992117465008,-1.4974209245548393,0.0021687536983915233,0.0030858150079388314,1.9999999999999991,0.005133999293714634,0.002035838175388015,0.28515625,2.0,0.00494432333617055,0.0013363203940426427,1.6527799157285418e-05,0.0002688742734840278,1.4019951408972097e-05,0.00018796275914471862,3.028179917069369e-05,0.00012685238959505305,2.7598599077789023e-05,11.858357442962912,-41.067074915572256,4425.877943060001
309,25,199500.0,材料4,正弦波,0.087084295,-2.440878721369999,0.061620538150253694,0.055466990488281284,0.06162053815025371,2.3437491209861102e-11,0.087568984,0.17416859,1.421100604257535,1.1109407164117278,-0.011735536809677474,-1.4991032259537937,0.002171221197392568,0.0031164976417389616,2.000000000000001,0.009980188567859413,0.0020412415669083177,0.2802734375,2.0,0.009909705322297393,0.0010682211054499383,0.00011871823521195626,0.00042046820433262684,7.091132268259469e-05,0.00020298310951652622,1.9142676938872786e-05,0.000145981673885494,4.486385274182797e-05,12.203569515312056,-29.787433154684788,17373.3168525
310,25,251170.0,材料4,正弦波,0.055322169000000004,-2.8945815647112525,0.03917085154968887,0.03526485936718748,0.03917085154968888,1.757811287236639e-11,0.055521518,0.11064433800000001,1.4174192238218268,1.1107615981629508,-0.0074093189942811,-1.499972124769978,0.002172449781710809,0.0031149086002032924,1.9999999999999993,0.007011517180527518,0.002032923314241547,0.2861328125,2.0,0.006983896014408492,0.00015427470477689066,6.270451175712423e-05,0.00038782800844978184,7.066159730048841e-05,0.00040623623562682955,2.3103486558324215e-05,0.00019116368577747596,3.6445328567989826e-05,12.433885279692646,-35.99089510833295,13895.26918773
311,25,281850.0,材料4,正弦波,0.027663492499999998,-3.587641695351177,0.019592848701867786,0.017641007320312516,0.019592848701867793,2.539062895562013e-11,0.027709835,0.055326984999999995,1.4142831102124735,1.1106422862433625,-0.003435028377629174,-1.5008661521770372,0.0021729706542762627,0.003096355241479362,2.0000000000000013,0.00395370165576992,0.0020208741040719665,0.287109375,2.0,0.003870718443319871,0.0006157443172748738,4.8454735315797584e-05,0.00043256162077582726,4.757638020802011e-05,0.0001772157577572598,2.8362616393990252e-05,0.00021344308016070079,2.580137116104602e-05,12.549130293509721,-45.02178308139003,7796.955361124999
312,25,316230.0,材料4,正弦波,0.019738881,-3.9251649335136576,0.013963599810349683,0.012570230551757829,0.013963599810349689,-5.957031495140427e-11,0.019760614,0.039477762,1.4151518425322978,1.1108467543896405,-0.002303067248295083,-1.4994975539909523,0.002170355050734027,0.003080519103387876,2.0000000000000004,0.0027668494334685814,0.001994710399290943,0.2880859375,2.0,0.0027014082871541093,0.0004983188904900511,2.4557912053711095e-05,0.00025815724996424756,7.436512080047431e-06,0.0002028021310830301,1.6188592805441174e-05,2.8259652011207356e-05,5.8647809151305e-06,12.664225075917345,-49.709172178115104,6242.02633863
313,50,112160.0,材料4,正弦波,0.0872825225,-2.4386050366375573,0.061754185400811054,0.05558733306249991,0.06175418540081107,-1.1718780652189293e-11,0.087822785,0.174565045,1.4221349440526596,1.1109398850162033,-0.013019188604365045,-1.499134618934497,0.002171228255894617,0.0031243024627295793,1.9999999999999984,0.012747421976934632,0.002064234196475238,0.2802734375,2.0,0.012429830868593787,0.0027809652815918703,0.00023426963453601092,0.0003997035181659655,9.317224069915037e-05,9.379034151105467e-05,2.5244052711810984e-05,0.00016047929011546965,6.156310030274431e-05,11.627681702268417,-28.355323163570127,9789.6077236
314,50,125860.0,材料4,正弦波,0.015598403,-4.160586741761867,0.01104346126292483,0.00994262148535156,0.011043461262924839,1.8554701559874402e-11,0.015609027,0.031196806,1.4134180062190023,1.1107192684741278,-0.0015853911889369932,-1.5004857028847958,0.002172112162054637,0.0030823027203489978,2.0,0.0028088094883115286,0.002029530568316364,0.2880859375,2.0,0.0027467294468126497,0.00035463097867648657,9.823392403916857e-05,0.00041507050634892754,4.161595954448333e-05,0.00011554678000431257,2.4968775052349755e-05,0.00014654324166275178,3.1968216088107254e-06,11.742925457080924,-48.85745996622881,1963.21500158
315,50,158510.0,材料4,正弦波,0.0112013285,-4.49172289164399,0.00793532859703824,0.007145991944335934,0.007935328597038235,-6.83593367658602e-12,0.011206832,0.022402657,1.412270690867522,1.1104586541449926,-0.0009504507860126299,-1.5016997616589003,0.002173451240714133,0.003091686847680613,2.0000000000000004,0.0015747035531331571,0.0020286223721641974,0.2890625,2.0,0.0012106684307355642,0.0009167104065817263,3.4304269275625495e-05,0.00033670094681024706,2.0385870969242836e-05,0.00021047667218434038,9.173340000308449e-06,0.00011625435787840615,2.749021462884225e-05,11.973572961791938,-53.781971767250376,1775.5225805349999
316,50,223850.0,材料4,正弦波,0.021991159,-3.8171147700290153,0.015575531529878284,0.014025149583007825,0.01557553152987829,-1.6601563641003017e-11,0.022015244,0.043982318,1.413450575203069,1.110542988343513,-0.00226672963516907,-1.5014294223180016,0.002172957419625656,0.0030855581554387382,2.0000000000000004,0.002641144659015757,0.002009596621332361,0.2880859375,2.0,0.0024925510941126955,0.0007706892764405847,2.202198262405645e-05,0.00037779090751552147,4.991201135614658e-05,7.494484456844076e-05,8.09531382757584e-06,0.0001314662359016555,1.429723229633644e-05,12.318731463669112,-47.022011817992514,4922.72094215
317,50,316230.0,材料4,正弦波,0.022051176999999998,-3.8143892998290663,0.015632177320665012,0.014079740565429693,0.01563217732066502,3.8085947601679326e-11,0.022074703,0.044102353999999996,1.4121323311000489,1.1102603239044797,-0.0022190319629373885,-1.5026502053589834,0.002174953228638243,0.003104528161920792,1.9999999999999993,0.0032694771937720854,0.0020213240748303656,0.2900390625,2.0,0.00293256608450387,0.0013445020353916317,3.2543777660825075e-05,0.00030768720308723964,1.2281426091968188e-05,0.00038418250873680437,2.8999124776293672e-05,0.0001933507678239227,1.2187818962360401e-05,12.664225075917345,-48.306284620206064,6973.2437027099995
318,70,50020.0,材料4,正弦波,0.04449848,-3.1123002476966874,0.031460351479705224,0.02830692112109374,0.031460351479705224,-2.343750407989146e-11,0.044740491,0.08899696,1.4221230499875905,1.1114013899682509,-0.012784790783779181,-1.4966907817638526,0.002169326992469387,0.003089633623440621,2.0000000000000018,0.00830874875797272,0.0020785579811759478,0.28125,2.0,0.007896360593674495,0.0024769778978165247,0.0002173849528649267,0.0006310074241103577,0.00017243524965693203,0.000260388771259135,5.245456039801149e-05,3.844515105295563e-05,1.3544977801356257e-05,10.82017820443161,-33.6756433057748,2225.8139696
319,70,79460.0,材料4,正弦波,0.055379402,-2.893547559419687,0.039191733675526266,0.035282048119140645,0.039191733675526245,-2.734372909269278e-11,0.055776638,0.110758804,1.423173530974221,1.1108123185814884,-0.015336837528023272,-1.4995319212893707,0.00217144129482908,0.0031013516541764036,1.9999999999999987,0.008571118310584982,0.0020579844942055295,0.2802734375,2.0,0.008453695126785923,0.0013618376182634763,2.4281428425199404e-05,0.0002832522320994357,6.707940625411799e-06,0.00020571431661755172,1.5908353737014182e-05,0.0001434994497150877,2.1820628127371257e-05,11.28300902936859,-32.64792323983977,4400.44728292
320,70,125860.0,材料4,正弦波,0.0553608135,-2.893883273055256,0.03922553100003564,0.035323071783203146,0.039225531000035674,-1.95312309314783e-12,0.055505825,0.110721627,1.4150433043200759,1.1104790444269401,-0.005645290836926153,-1.5014804571471345,0.002173984960906361,0.003125622422437849,1.9999999999999998,0.007356693087538035,0.0020636027431073915,0.287109375,2.0,0.007276927064373165,0.0009189154716952613,5.6730925732488605e-05,0.0003601941826385178,4.258506166081653e-05,0.0003861398272884041,1.2196353511077373e-05,0.0001965509969968869,1.4258106706054404e-05,11.742925457080924,-33.98265555698123,6967.71198711
321,70,177820.0,材料4,正弦波,0.0860717155,-2.452574429068238,0.06100447054289307,0.05494081261914066,0.06100447054289306,-5.859373229158123e-12,0.086482725,0.172143431,1.4176456943297757,1.1103670956923544,-0.009873961275810514,-1.5021665370499107,0.0021747406717739677,0.0031344210863323623,1.9999999999999984,0.008898613265012989,0.0020538839801235594,0.2841796875,2.0,0.008798900248700059,0.001233844250171044,7.291021352836936e-05,0.00035977146459578686,6.340275049621116e-05,0.00023417312648401975,1.1572241676552168e-06,0.00022039986394296128,1.072440698657994e-05,12.08852708167513,-29.648012405615315,15305.27245021
322,70,199500.0,材料4,正弦波,0.05518138,-2.8971297014444644,0.03905340373029105,0.03515625739941408,0.03905340373029105,-1.074218032519127e-11,0.055328269,0.11036276,1.4167335933662972,1.1108521389692043,-0.00558603293299478,-1.4997805182598711,0.0021713956363540858,0.0031002033657005316,2.0000000000000004,0.005617435032540141,0.0020185220631439797,0.28515625,2.0,0.005586210989488475,0.0001416015959487369,5.337370819807425e-05,0.0005574813231672638,2.8851405901563383e-05,0.00011000415529197314,4.8095592290798485e-05,1.372869680739278e-05,2.6513287748789e-05,12.203569515312056,-35.355323706452786,11008.68531
323,70,281860.0,材料4,正弦波,0.0310249015,-3.4729651227554905,0.021980241419594586,0.019795734625976554,0.021980241419594572,9.765689282013525e-13,0.031070973,0.062049803,1.413586521042547,1.1103523983773482,-0.0030185449222024105,-1.5021913476184068,0.0021736188771203117,0.003105118641553141,1.9999999999999996,0.0036825128714325908,0.0020147341739357883,0.2880859375,2.0,0.003492870561224359,0.0011183055037956215,3.9345003773850444e-05,0.0002608550554462573,4.4337013017802926e-05,0.00017024813040886788,2.167549280698619e-06,9.752638650476348e-05,9.455725244858008e-06,12.549165772745502,-43.582815048422084,8744.67873679
324,70,316230.0,材料4,正弦波,0.015609202499999999,-4.15989463480537,0.011056901536457732,0.009956970650390631,0.011056901536457732,5.2734381168130144e-11,0.015619816,0.031218404999999998,1.412675689341815,1.1104684270636018,-0.0014569611748137972,-1.5017801939292283,0.0021732378387518247,0.003081515535466979,2.0000000000000013,0.0019990990848558327,0.0020009057148402654,0.2880859375,2.0,0.0017399771962507955,0.0008988376045915291,8.645141244137337e-05,0.0003490258781458163,4.8387506020928985e-05,9.165488042277948e-05,4.239480520788838e-05,0.0001363978427530128,2.3041245229214317e-05,12.664225075917345,-52.68184194727619,4936.098106574999
325,70,316230.0,材料4,正弦波,0.027408711000000002,-3.5968943964058453,0.019416729707294716,0.017486337253906265,0.019416729707294713,-1.1718734731012742e-11,0.027442001,0.054817422000000005,1.413317351257676,1.110394328175114,-0.0026348233823293714,-1.5019947043655233,0.0021734422019214447,0.003101495725209405,1.999999999999999,0.0035944509400986577,0.002009777343736193,0.2890625,2.0,0.003428686790162776,0.0010178853818747363,5.319313985362299e-05,0.00029127005145993917,2.256755966258599e-05,0.00017498023812673026,1.294516580929623e-05,9.529639674854065e-05,7.049330823991601e-06,12.664225075917345,-45.55188021038949,8667.456679530002
326,70,354820.0,材料4,正弦波,0.0311241455,-3.4697713783893893,0.022025868221575817,0.019827568291015563,0.022025868221575817,4.687500617036723e-11,0.031168848,0.062248291,1.4151019013846646,1.1108708792876214,-0.0029466524165262676,-1.4997023350135381,0.0021711854191369655,0.003090847907776296,2.0000000000000013,0.003822646513835948,0.0019995422864771397,0.287109375,2.0,0.003776876203763299,0.00013383545411289316,2.896519794771296e-05,0.0005604588054040986,8.389638189492618e-06,0.00011952283480220344,2.0309069626918063e-05,8.08704400394024e-06,1.1557443747541716e-05,12.779365897614639,-44.3414780255087,11043.46930631
327,90,63020.0,材料4,正弦波,0.077868676,-2.552731512234592,0.05515054515608674,0.049655737077148446,0.05515054515608676,-1.8554695371028173e-11,0.078656468,0.155737352,1.4262137894990328,1.1106580709979432,-0.020721875662358683,-1.5006042656991605,0.002173346628532055,0.003100701237041709,2.000000000000001,0.01143570909664211,0.0020652341254679104,0.2763671875,2.0,0.011256528970964607,0.00192126638010058,0.00026179991281547415,0.0004992067360161142,9.753665118991695e-05,0.00013150209970956905,5.1136630825221344e-05,0.00015921575149015522,4.7076478528347706e-05,11.051207415311266,-28.210765417305666,4907.28396152
328,90,70840.0,材料4,正弦波,0.01731088,-4.056420073420121,0.01224530007358603,0.011022663108398438,0.012245300073586037,6.933594504254368e-11,0.017342085,0.03462176,1.4162237671421456,1.1109202878799802,-0.0038058273965060926,-1.4990794621488959,0.002170231861070214,0.003077573179410867,2.0000000000000027,0.002379606820531572,0.0020406018724902527,0.2861328125,2.0,0.002288875287512099,0.0005163984593422794,8.806680882977527e-05,0.00026939325115962965,1.2252587237444597e-05,0.0002708295469335694,3.075750368534753e-05,4.237233419014569e-05,1.8506080459169362e-05,11.16817909189677,-45.30282585192095,1226.3027392000001
329,90,79460.0,材料4,正弦波,0.027775888,-3.5835869727703917,0.019651932967293895,0.017688741308593752,0.019651932967293916,-3.906248675333739e-11,0.027871741,0.055551776,1.4182696962373156,1.110985379030127,-0.0072138203009769345,-1.4989913438025335,0.002170707711500785,0.0030830697474010555,1.9999999999999998,0.004116952346926648,0.0020440523634464186,0.2841796875,2.0,0.004047517179200973,0.00048033184110576535,1.4195015194657995e-05,0.0005548825645844624,5.384623171217806e-05,0.00015398780233417757,3.0971552894742365e-05,1.4528943353114615e-05,1.7449561615997077e-05,11.28300902936859,-40.43364417129598,2207.07206048
330,90,79460.0,材料4,正弦波,0.049122641,-3.01343523030196,0.0347962251201032,0.03133140381445314,0.0347962251201032,3.9062506688046046e-11,0.049432178,0.098245282,1.4206189846564998,1.1105862133139321,-0.013313567136376096,-1.5010323385851225,0.0021734023644200237,0.003103711382293146,2.0000000000000027,0.007427709961778226,0.002066587795089176,0.28125,2.0,0.007378971325116877,0.0006856326998827876,1.6977333961052325e-05,0.0003975516507129293,4.322924847457372e-05,0.0001824917880640777,3.160720397185846e-05,0.00023772062408932072,2.340051935294449e-05,11.28300902936859,-34.00061691291443,3903.28505386
331,90,112160.0,材料4,正弦波,0.039025129000000006,-3.2435495070127542,0.027652075098301976,0.024903084953124977,0.027652075098301945,1.171874865319037e-11,0.039130743,0.07805025800000001,1.4151105427311275,1.110387534329639,-0.005601232453520875,-1.502065369041495,0.0021740313166179084,0.0031219755865509098,2.000000000000001,0.006669362617711738,0.0020465459173399114,0.2861328125,2.0,0.006562381569043638,0.0011151333418658606,4.5188679862584796e-05,0.00033621279627531084,3.338884002123235e-05,0.00018883419839770191,2.3485036258998855e-05,0.00013992778552235254,6.159244068056809e-06,11.627681702268417,-37.714961253093946,4377.058468640001
332,90,251170.0,材料4,正弦波,0.024857447999999997,-3.6945978530362003,0.01758996741512506,0.015836591128906247,0.017589967415125057,-3.1249985915551736e-11,0.024885597,0.049714895999999995,1.414760835691012,1.110716774332729,-0.002389324983979864,-1.500147967389994,0.002171019349365092,0.0030884505923536483,1.9999999999999971,0.002627047364638557,0.0019958866228209325,0.2861328125,2.0,0.002606171553994527,8.458451169340308e-05,2.4140059023878114e-05,0.00022834795061719399,1.2694849057536756e-06,0.00022045396946529313,1.2702428285086901e-06,2.73223153764949e-05,4.23460808988187e-06,12.433885279692646,-45.938205859250864,6243.4452141599995
333,90,251170.0,材料4,正弦波,0.0277649065,-3.5839824118433095,0.0196863503124359,0.017732152568359354,0.019686350312435895,3.906243926358817e-12,0.027802089,0.055529813,1.412252071042207,1.1102064589475475,-0.0028040873126611754,-1.502908100229327,0.0021753727875867433,0.0031152635071902725,2.000000000000001,0.0036541118790352246,0.0020327058384151226,0.2890625,2.0,0.003296357982244682,0.001476668586293761,4.0187897349968346e-05,0.00032517165630932245,3.797878811417906e-05,0.0004037726258571842,2.6126806340812355e-05,0.0001800321704963894,3.296932406793033e-05,12.433885279692646,-44.56282615329587,6973.711565605
334,90,281850.0,材料4,正弦波,0.019675856999999998,-3.928362927812799,0.013926327820409829,0.01253732184667969,0.013926327820409829,-5.371093774516176e-11,0.019694,0.039351713999999996,1.4141559967543862,1.1107896878389538,-0.0019183473486463086,-1.5000610820618343,0.0021714888803085804,0.00308388092066333,1.999999999999999,0.002125538264000753,0.0020030554613194936,0.287109375,2.0,0.0020586238091774615,4.677303216822897e-05,1.8475217927199112e-05,0.0005079424095865907,2.6675003829641734e-05,0.0001303045443185189,2.125601293976019e-05,3.504705476311169e-05,8.685511710940142e-06,12.549130293509721,-49.29753822131614,5545.640295449999
335,90,316230.0,材料4,正弦波,0.048754752,-3.0209526093657706,0.03454407538803627,0.031107584104492166,0.0345440753880363,-1.660157312240528e-11,0.048866807,0.097509504,1.4146219417099857,1.110471172303215,-0.004892908735409555,-1.5017813399250461,0.0021738583947936833,0.00311510147769801,1.999999999999997,0.005724271827330054,0.0020211420845992734,0.287109375,2.0,0.005623804847716132,0.000949710374454126,2.018060748975008e-05,0.00040000795411241567,1.2977135996923446e-05,0.0001625944986473155,1.4159639173100638e-05,0.00022148724380865157,4.337165838323898e-05,12.664225075917345,-38.25802378868793,15417.71522496
336,50,281860.0,材料4,正弦波,0.01257,-4.376442256379981,0.008908900230685746,0.008024472656249991,0.008908900230685746,7.399891585450381e-19,0.01258,0.02514,1.4120710384284636,1.1102162861439753,-0.001438257405163492,-1.5029304860254673,0.0021808870076783483,0.003182179793158322,1.9999999999999976,0.0021677924560057483,0.005268954539549746,0.2890625,2.0,0.001499965212926563,0.0014857060562461937,4.749081436405456e-05,0.0003091409029314211,1.3728515297656602e-05,0.00032146356496815144,2.0957983268379454e-05,0.00020052730338296183,1.0237150274439448e-05,12.549165772745502,-54.920699370160754,3542.9802
337,25,112170.0,材料4,正弦波,0.039584999999999995,-3.22930502035874,0.027953571951778926,0.025147138671874972,0.02795357195176358,2.929687500183115e-08,0.03974,0.07916999999999999,1.4216430039264087,1.111600501214984,-0.008490684894761763,-1.4954002045248225,0.002167448959937083,0.003157761778451437,1.9999999999999916,0.00916862209902512,0.003031436581393771,0.28125,2.0,0.008691755258929481,0.002895071781728457,7.873030762317777e-05,0.0002804785641501091,3.909935122100861e-05,0.0001652414023428965,1.947107476738671e-05,0.00014555988186411552,1.7723534690072264e-05,11.62777085663927,-37.54961880292624,4440.249449999999
338,25,70780.0,材料4,三角波,0.038930323,-3.2459818204509605,0.022508187413530657,0.01948107954101564,0.02250818741353065,2.1484400216720875e-11,0.040000014,0.077860646,1.7771317283396282,1.155387070112912,0.04774846310643527,-1.1924342433475559,0.003241119008001242,0.010116805349906829,1.9999999999999978,0.6154273482184176,0.008561636884186336,0.0771484375,2.0,0.4770797733474829,0.29240539746000793,0.19351773235060796,0.13021435075159327,0.08576076924945446,0.0534726233255081,0.029614798868396557,0.012189762333262969,0.0002164555734151908,11.167331753899454,-36.24895585610237,2755.48826194
339,25,112170.0,材料4,三角波,0.086502916,-2.447577154629847,0.050107665143854674,0.04336067445898435,0.050107665143854674,3.710934702160374e-11,0.088293222,0.173005832,1.7620701692349459,1.155601608347961,0.03327894851269546,-1.1914898837711534,0.0032302992130243398,0.010145796703546947,2.0,0.6161097760631697,0.007916812003133529,0.0859375,2.0,0.47788868116275074,0.29317287506488443,0.19322732305834894,0.12975339608394115,0.08529503889247061,0.05309877189485882,0.02919786990767541,0.011962908346207397,0.0004875572359904818,11.62777085663927,-28.459866307981002,9703.03208772
340,25,125900.0,材料4,三角波,0.0385522995,-3.25573953094633,0.022333042247021435,0.01932238069238282,0.02233304224702141,-3.02734482379957e-11,0.039411263,0.077104599,1.764706418591775,1.1558121435742885,0.03513580272248744,-1.1918326488238273,0.003234721455898832,0.01021057122675653,2.000000000000001,0.6159945459710923,0.008218525707922456,0.0849609375,2.0,0.4781209669479423,0.2924173115353679,0.1933572725470113,0.12971945356981557,0.08544255234968236,0.05319419707798473,0.029224078678847437,0.011967513398743607,0.0004955377658549107,11.743243220032438,-38.232941172977085,4853.73450705
341,25,141290.0,材料4,三角波,0.059739074,-2.8177689668164834,0.03464281610282674,0.029984587462890577,0.034642816102826726,-2.929686492860427e-11,0.061055677,0.119478148,1.7624340012883093,1.1553541013596156,0.03390776571294761,-1.1936344109270383,0.00325955605549935,0.010446069184132316,2.0000000000000018,0.6186269056610487,0.008079250451068325,0.0859375,2.0,0.4781031403995708,0.29414078179470093,0.19503401296649017,0.13217486946044346,0.08807096672129255,0.05581656887730996,0.031860502273630215,0.014133628723142437,0.0015931402530938003,11.858569794759854,-33.41470995850163,8440.53376546
342,25,199170.0,材料4,三角波,0.030483300999999997,-3.4905762535028355,0.017735212723545182,0.015355425829101555,0.017735212723545158,-8.88671844750564e-11,0.031111733,0.060966601999999995,1.7542351188546057,1.1549801953348282,0.02562670822158619,-1.1984553148487527,0.0032467310972196153,0.010479212864774724,2.0000000000000018,0.6150055730444353,0.008117512256549825,0.08984375,2.0,0.4766814300927428,0.2917709043098673,0.19337854047812536,0.1303316328631166,0.08633197262347429,0.05427342502912157,0.030403755771045687,0.013084265026594192,0.0006430542078987707,12.201914010381314,-42.59171129192057,6071.35906017
343,25,56180.0,材料4,三角波,0.1933846645,-1.6430739933157885,0.11220219241503743,0.09718376255957022,0.11220219241503726,-1.4648528185801438e-11,0.195672232,0.386769329,1.7439252102686709,1.1545364108151446,0.020466390229452992,-1.2000293726460907,0.0024437792643686443,0.005067433876071388,2.000000000000001,0.451097082142383,0.006155650384705311,0.09375,2.0,0.40493531135816213,0.1811560480209862,0.06362914796353555,0.0007820306504373173,0.0273820282494398,0.033003449806656794,0.0254843811412127,0.012673533553652989,0.0003194533998556438,10.936316100658235,-17.969176567672278,10864.35045161
344,50,70780.0,材料4,三角波,0.043672281,-3.131041680194749,0.02525446968945659,0.021859269115234347,0.025254469689456573,-1.3671866725762163e-11,0.044633157,0.087344562,1.767336932781992,1.1553208644042006,0.03725190453437723,-1.1936382903795322,0.0032403278074766484,0.010051135181146075,2.0000000000000004,0.6150660663290349,0.008608765522081032,0.08203125,2.0,0.4769097755665997,0.29233590781830887,0.19321752867748196,0.12991964556242533,0.08560852083378408,0.05333894127164413,0.029503093342233562,0.01210427653734386,0.0003372012045924258,11.167331753899454,-34.965381178021524,3091.12404918
345,50,354590.0,材料4,三角波,0.019036812,-3.961380700612843,0.011123991088885905,0.009633687276367191,0.011123991088885905,2.2460931277731985e-11,0.019476635,0.038073624,1.7508675478407483,1.154697134105094,0.015824480566710614,-1.2008767272781704,0.0032508780462807223,0.010803804754703666,2.0,0.6152933817440179,0.0075840869614562266,0.091796875,2.0,0.4766561702718056,0.29193377752244537,0.1934169855742445,0.13076303514668677,0.08674400217421828,0.0546542154636376,0.03090796474967213,0.013497158627466655,0.0011524212558505856,12.778717471434973,-50.62136476992665,6750.26316708
346,50,79430.0,材料4,三角波,0.027287697,-3.601319337709322,0.015793191465785443,0.013669495023437494,0.015793191465785446,-1.953124947133545e-11,0.027709247,0.054575394,1.7545058615941964,1.1553602703469803,0.025124442447371026,-1.1938076675080322,0.002442597036710339,0.005157763954942779,1.999999999999999,0.45322758028672866,0.006080174064659772,0.08984375,2.0,0.4068769407974715,0.181944052502015,0.06357332185606245,0.00017355009756356965,0.02808096345466405,0.03342853090050152,0.025626839660736384,0.012586003528224622,9.687636186946323e-05,11.282631409627177,-40.63235867573694,2167.46177271
347,50,79440.0,材料4,三角波,0.054471284999999994,-2.9100815968973115,0.03156455603412812,0.027323292168945308,0.03156455603412813,4.785158713363621e-11,0.05528341,0.10894256999999999,1.7514394924556096,1.1552252136733099,0.02612963811749723,-1.1956144264817372,0.0024421520724044275,0.005114446997165543,1.999999999999997,0.45234477809104695,0.006143589064536877,0.0908203125,2.0,0.40634891605375095,0.1811870448931741,0.06317637502517644,0.00023783545862831576,0.027779152759375043,0.03323923767100307,0.0253824164247335,0.012469998601620852,6.592701166542083e-05,11.282757298719055,-32.83374437726114,4327.198880399999
348,50,89200.0,材料4,三角波,0.242066141,-1.4185442802504469,0.14051716636208392,0.12163709901562482,0.14051716636208375,1.757815930574641e-11,0.24462064,0.484132282,1.7408594717150985,1.1552163566810638,0.01724213249689196,-1.1956948986845415,0.0024457413842839545,0.005081745406103706,2.000000000000001,0.4540617837012465,0.005817896122352719,0.0966796875,2.0,0.4074346730218981,0.1826279464487466,0.06448577301701865,0.0012564627702464906,0.027245296693256534,0.03301715800755771,0.025655474724288255,0.012853491778689797,0.0005250181727602818,11.398636318568101,-16.16947035235979,21592.2997772
349,70,56180.0,材料4,三角波,0.06896951400000001,-2.6740906981057386,0.03993545175232669,0.034583495974609364,0.039935451752326684,-7.421875183118327e-11,0.070613853,0.13793902800000002,1.7681996797716442,1.1547546199969674,0.04193861142167331,-1.197285475281706,0.003243824142738588,0.010063482540996345,2.000000000000001,0.6140502228050774,0.008285419446421308,0.080078125,2.0,0.47555430206342303,0.29163136945826307,0.1935718025849876,0.1303512334694365,0.0861594719147781,0.05392535609477406,0.03008340897335591,0.012608997295448059,0.00020616011372814194,10.936316100658235,-29.24470115631421,3874.7072965200005
350,70,251230.0,材料4,三角波,0.0340774255,-3.3791201227149017,0.019846191131982147,0.01718511567187501,0.019846191131982157,2.1484385579991546e-11,0.034769067,0.068154851,1.7519264411381,1.1548476897634286,0.019693126524928342,-1.1990867195025208,0.0032394112403330193,0.01055359947892777,2.0000000000000027,0.6140321784929919,0.007912499779639696,0.08984375,2.0,0.4761613641295273,0.2916052937089446,0.1928168479213931,0.12973478158270663,0.08588893445908809,0.053396456117897916,0.029696441599971465,0.012360158500384742,0.00017626996281408958,12.434124133196967,-42.01639906682085,8561.271608365001
351,70,282480.0,材料4,三角波,0.034419667,-3.3691271628533292,0.020070245880050932,0.017382597686523425,0.020070245880050935,2.4414058055473135e-11,0.035182804,0.068839334,1.7529832075934046,1.1546171775931522,0.020010733921037232,-1.2001577860608568,0.0032232872679485306,0.01051991583765176,2.0000000000000013,0.6118790630493054,0.007760283308920312,0.08984375,2.0,0.47537229918649093,0.2907412216379533,0.19154420252675725,0.12832080536023519,0.08423318880130602,0.05205405193228773,0.02830179808759663,0.011167884187446618,0.0008535598302615365,12.551363030602268,-42.28713811723518,9722.867534160001
352,70,354590.0,材料4,三角波,0.0267531075,-3.621104644162828,0.015630712285994604,0.01353876029589842,0.015630712285994598,5.566405793399243e-11,0.02741599,0.053506215,1.7539821281570906,1.154515771339119,0.019493105116341187,-1.2007324839219016,0.003255183161669363,0.010806165227721723,1.9999999999999967,0.6162033756017127,0.007554431787105849,0.08984375,2.0,0.47646131041923023,0.2929540529850458,0.19428705748291059,0.13128405555713377,0.08743609684786326,0.055284983710079366,0.03139643611813619,0.014005149769378824,0.0016726597019133883,12.778717471434973,-46.273073182257846,9486.384388425
353,70,396800.0,材料4,三角波,0.0349848055,-3.3528414403252422,0.020523316088900238,0.01777922244531253,0.02052331608890026,3.1249992245058374e-11,0.03585772,0.069969611,1.747169894215739,1.154342725168568,0.017220728562439457,-1.20349631296229,0.0032017734706477874,0.010442890700078328,2.0000000000000004,0.6086094505257148,0.007186841306475986,0.0927734375,2.0,0.4744591669301208,0.28888733272662676,0.18958756475606264,0.12626179795165077,0.08179072365029383,0.0497088404962347,0.026361927523255006,0.009671500066886008,0.0018451038349856378,12.891187654392855,-43.22210818265752,13881.9708224
354,70,89200.0,材料4,三角波,0.0343959775,-3.369815654579532,0.019937790283382734,0.017257966974609375,0.019937790283382748,-3.515624554981892e-11,0.034826134,0.068791955,1.746739909739448,1.1552803590779854,0.020610756234552566,-1.1947420354197062,0.0024434828689671607,0.005110975549393774,1.9999999999999976,0.4533653974322959,0.005889916667855118,0.0927734375,2.0,0.40695898998448143,0.182090155951826,0.06379273732732846,0.0005609284764339371,0.027757146056436754,0.0332841585511244,0.02566878458828749,0.012676025389452701,0.00022067885298864307,11.398636318568101,-38.411303107169594,3068.121193
355,90,141270.0,材料4,三角波,0.012137332,-4.411469286861105,0.007004762852466298,0.006058565501953125,0.007004762852466295,-9.960937547442452e-11,0.012423589,0.024274664,1.7735916635101778,1.1561751457846159,0.032939109428977986,-1.1884618517488625,0.0032640171014547592,0.010671785199580924,2.0000000000000044,0.6207750936914914,0.008777887696036112,0.080078125,2.0,0.47987411046495465,0.29485642624240554,0.19595887788236985,0.13260840445311758,0.08835819931690053,0.05597695435322256,0.03187200125180416,0.0141068457209593,0.00139779791398599,11.85842823190571,-52.313091935498676,1714.64089164
356,90,158750.0,材料4,三角波,0.0247973755,-3.697017458024135,0.014367924220755111,0.012434105673828124,0.014367924220755118,5.468749630186819e-11,0.025292815,0.049594751,1.7603666758948655,1.1555253427673031,0.027316594223601984,-1.1942466530409466,0.0032249218198050723,0.01043703193509327,1.9999999999999987,0.613414214151176,0.008576514174971383,0.0859375,2.0,0.4770065114653129,0.2911399504997576,0.19187001932518827,0.1284245974987612,0.08410723685268126,0.051838886281057414,0.02813582409130488,0.01084329498116649,0.0013545263489498779,11.975085916754939,-44.27210169558196,3936.583360625
357,90,282480.0,材料4,三角波,0.01957357,-3.9335750921364316,0.01140143760936589,0.009873848598632823,0.011401437609365897,-2.8320316418714445e-11,0.019971837,0.03914714,1.7516946269647453,1.1547105969342677,0.01712873849840867,-1.1997888405390182,0.00322119764843122,0.010671507548188712,2.000000000000003,0.6111650941908063,0.007936435653911212,0.08984375,2.0,0.47519203421516015,0.290426355845947,0.19110619726399897,0.12761935512749042,0.08379265108429258,0.051457130976233355,0.027830127752186306,0.010694298052805395,0.0012757916409587408,12.551363030602268,-49.371728989539115,5529.1420536
358,90,89200.0,材料4,三角波,0.0864721595,-2.4479327723422277,0.050199550234457296,0.043457185448242244,0.050199550234457366,-4.785156271875854e-11,0.087494565,0.172944319,1.7429352372950777,1.1551495964745633,0.020776057884613564,-1.1962726080119483,0.0024434157857075134,0.0050817916719195924,1.999999999999997,0.4526509678045095,0.00585178965371194,0.0947265625,2.0,0.40652184421058946,0.18147133764674167,0.06351517864859131,0.0005374601341338239,0.02764909204629372,0.033095907038236,0.025466237523600943,0.012576694102215898,0.00024864172451368675,11.398636318568101,-27.903095404233216,7713.3166274000005
359,25,70870.0,材料4,三角波,0.0617539655,-2.784597086912496,0.0357880441353469,0.030983883388671852,0.03578804413534689,1.953125750459592e-11,0.062024422,0.123507931,1.7331045464633295,1.155053538202752,0.007793393707154075,-1.197160468956078,0.0019981812161855117,0.0026381382746991254,2.0000000000000044,0.18576065124396468,0.005226762303903609,0.0986328125,2.0,0.1569125839490717,0.06817699547856611,0.0635209890389449,0.000811825962912288,0.027910729598779473,0.01325430540546181,0.009354705326639061,0.012625804219588116,0.0004193377947556417,11.168602491804302,-31.100057963561905,4376.503534985
360,25,70870.0,材料4,三角波,0.0679825215,-2.6885046436103472,0.03938376215309157,0.03409471344726566,0.03938376215309153,2.7343744320651106e-11,0.068265768,0.135965043,1.7333480670190682,1.1551281172668157,0.007221727959047198,-1.1965427987264508,0.0019981320946164433,0.002653078997665538,1.9999999999999991,0.18597233518073872,0.00523553771697089,0.099609375,2.0,0.1570620291768607,0.06825406306400525,0.06366336606000658,0.0008095431863092935,0.02794710487541138,0.013287463879340562,0.009346537782268434,0.012641059311569867,0.00042457522520868537,11.168602491804302,-30.026839661853963,4817.9212987050005
361,25,89100.0,材料4,三角波,0.04264189,-3.1549181755289917,0.024705375283707757,0.02138359217285155,0.02470537528370776,-4.980468818529269e-11,0.042836804,0.08528378,1.733906225186922,1.1553426142813141,0.007794169940919206,-1.1952456539774488,0.0019987962435318554,0.0026873222551814634,2.000000000000003,0.18658328481063488,0.0053058067884089845,0.1005859375,2.0,0.15762319352751586,0.06850266881086287,0.06377464804200757,0.0007824339192954774,0.02799325784458047,0.013277509531251125,0.009387941277562014,0.012633899182834427,0.0003922612451000757,11.3975146134589,-35.95822600985878,3799.3923990000003
362,25,89100.0,材料4,三角波,0.08617706450000001,-2.45135120980206,0.049931232748421886,0.04321928087988274,0.04993123274842185,-4.88280769983529e-12,0.086541503,0.17235412900000002,1.7332138270256348,1.1552999432635944,0.007099675909484243,-1.1955372978237817,0.001998505451203376,0.002681345684500539,1.999999999999998,0.18629624138343026,0.0053181573728222535,0.1005859375,2.0,0.1573143220883192,0.06854618014126267,0.06365861090503738,0.0007073128184306344,0.027990916690174828,0.013228638592780529,0.009403134839535747,0.012647052467774046,0.0003749621815061362,11.3975146134589,-27.939311236439135,7678.376446950001
363,25,112090.0,材料4,三角波,0.0339745635,-3.382143166709581,0.019701462208776856,0.017051602363281255,0.019701462208776842,-5.859375837172567e-12,0.034164575,0.067949127,1.7341136732876576,1.1554023949797108,-0.00885848716689783,-1.1950744549815826,0.001999234434441816,0.002716576476398275,1.9999999999999984,0.1862009380486947,0.005313124456218165,0.099609375,2.0,0.1570342822102866,0.06893917002488689,0.06365827497758829,0.0005732967557340477,0.028006695658988816,0.01309418873548497,0.009546339791672282,0.012595761131455208,0.00030191493305261084,11.627057399015142,-39.32437273101913,3808.2088227149998
364,25,125890.0,材料4,三角波,0.027295754499999998,-3.6010241017051086,0.015852043989739495,0.013720978358398452,0.015852043989739502,-8.789066320574615e-12,0.027445378,0.054591508999999996,1.7313463183526672,1.1553144080310165,-0.009240981036374642,-1.1957984695615087,0.0019982813506620968,0.0026863518280837518,2.0,0.18437491803050057,0.004983195378911174,0.1005859375,2.0,0.1546314103512985,0.07014861684195815,0.06295010309456352,0.0005192791067209258,0.028162745723322336,0.012419570628313956,0.009997280934590074,0.012329584624218922,0.000271093925360147,11.743163788760304,-42.28741583359653,3436.262534005
365,25,199170.0,材料4,三角波,0.038726755,-3.251224574145098,0.022542491881758393,0.01951726890625001,0.0225424918817584,4.492187978750225e-11,0.038940331,0.07745351,1.7274190983078894,1.1550023720039855,-0.008084430690475996,-1.1980437222668654,0.00200105237470785,0.0027986853016732116,2.0000000000000027,0.18609090776553766,0.0050759024744971735,0.103515625,2.0,0.15760620653068438,0.067740000832033,0.06338538386706731,0.0010647809898659281,0.027680795088379288,0.013260489078470765,0.00915927159883423,0.012502814958713481,0.0005306894716167352,12.201914010381314,-39.67116268215709,7713.20779335
366,25,50070.0,材料4,梯形波,0.034280776,-3.373170548402589,0.020950937181619445,0.018441564977539057,0.020950937181619438,-3.222657825817897e-11,0.034800599,0.068561552,1.6610521380652634,1.1360715431221093,0.04135782152521557,-1.3305166169945706,0.002321253439283475,0.0057887400215210945,2.0,0.36333977349394925,0.00587445184167023,0.1025390625,2.0,0.343443490243847,0.11139249271162677,0.021141717718495674,0.001540656321854176,0.010112559816917133,0.021286930104536514,0.022116982925499927,0.012655626593274346,6.042960401160729e-05,10.82117730532399,-36.50167658536137,1716.43845432
367,25,50070.0,材料4,梯形波,0.09660197749999999,-2.3371560669587006,0.05905619660281522,0.05197784094921881,0.05905619660281521,7.812488117097793e-12,0.097678818,0.19320395499999998,1.6539977787080118,1.136180255361353,0.03085245319217976,-1.3303562975229728,0.0023219642422970367,0.005766626257728535,1.9999999999999971,0.3643165054865755,0.005764498455712767,0.1083984375,2.0,0.3443091910160425,0.11190316149617632,0.021286498273308904,0.0015870998995361138,0.010136590649055264,0.021307539113452255,0.022045299303798244,0.01252949947715855,2.0798038136840856e-05,10.82117730532399,-25.290780190773766,4836.861013424999
368,25,56160.0,材料4,梯形波,0.241862368,-1.4193864418848778,0.1481494811415139,0.1304134217578124,0.14814948114151374,-1.953182814052809e-12,0.243408305,0.483724736,1.642991275598825,1.1359987273138092,0.016981198205126932,-1.3311862049787497,0.0023215550753263483,0.005772353142593905,1.9999999999999976,0.3642316220529321,0.005229240171456684,0.1162109375,2.0,0.34409811272156465,0.1122826942345996,0.02130146662239348,0.0011769303298825012,0.009889535416516503,0.02119150236834809,0.022126497618684002,0.0127295292696127,0.0003417005160190623,10.935960038699692,-15.522353407925166,13582.99058688
369,25,89210.0,材料4,梯形波,0.0216186415,-3.8341993040829476,0.013239217421623742,0.011645642080078119,0.013239217421623749,-1.1718757196999951e-11,0.021858539,0.043237283,1.6510446428878973,1.1368387702960328,0.028824852351275555,-1.3267290605636712,0.0023240174539404333,0.005797565957139372,1.9999999999999993,0.367033326345316,0.005053606597675011,0.111328125,2.0,0.3468407023902463,0.11290728307488795,0.021537749377076656,0.0012939114176173452,0.010059135542818466,0.021255700640387946,0.022082278785552373,0.012678334213716958,0.00016785359222705123,11.398748419907829,-43.705073259027195,1928.5990082150001
370,25,89210.0,材料4,梯形波,0.060529321,-2.804627386719519,0.03708045257151455,0.032619107187499996,0.037080452571514565,-2.734378881359776e-11,0.061004188,0.121058642,1.6451845586928953,1.1367709225874887,0.02008331007159014,-1.3270455346753374,0.002320580441668076,0.005784824515047863,1.9999999999999998,0.3658803581591821,0.005012988658541273,0.1142578125,2.0,0.3459633804131431,0.11208346653030493,0.020891332581991433,0.00100048135618726,0.009751955068855012,0.021051603252516742,0.02193026305669682,0.012584914770007002,0.00019116926037776163,11.398748419907829,-31.96924199279934,5399.82072641
371,50,89100.0,材料4,三角波,0.0427439,-3.1525287838390423,0.02476077163102751,0.02143162565722656,0.02476077163102752,5.957031254318372e-11,0.042921988,0.0854878,1.733467302215042,1.155338005014024,0.006620222496385591,-1.1954512103663872,0.001998282069612153,0.002685026401428062,2.0,0.18628577418800651,0.005359118081324229,0.099609375,2.0,0.15726985126667065,0.06861409299716031,0.0636727983418868,0.0007133514368237431,0.02799258407411756,0.01316105156725583,0.009450177296122105,0.012638977496640872,0.0003286731066417526,11.3975146134589,-35.9309928831553,3808.48149
372,50,177930.0,材料4,三角波,0.017397199000000002,-4.051446062731338,0.010108984610588283,0.008752194497070312,0.010108984610588286,2.4414065909162622e-11,0.017477833,0.034794398000000004,1.7289405091875885,1.1550228475809283,0.007270155520780107,-1.1979184158896867,0.00199981090854007,0.002849050585671832,1.9999999999999996,0.18619038443786892,0.0053136761703434406,0.1025390625,2.0,0.15774703422363676,0.06772245366943519,0.06333874195621235,0.0010894378877095183,0.027643383098276433,0.013319374639030499,0.009141285912061562,0.012569120009415426,0.0005570964211872995,12.089145493500881,-48.978520911430444,3095.4836180700004
373,50,354610.0,材料4,三角波,0.0964039975,-2.3392076103830806,0.056473682143067264,0.048911751075195305,0.05647368214306723,-1.074217585272496e-11,0.096840191,0.192807995,1.7147844327676471,1.154603564616742,0.004237243837937706,-1.2017953963994696,0.002004880250436635,0.0028112267854867763,2.0000000000000013,0.1868913780369353,0.004669138268817296,0.109375,2.0,0.15960005363085897,0.0657753725831953,0.06326750376741501,0.002194375442936592,0.026826207711706605,0.013594016907907675,0.008255661681589224,0.012186511514371022,0.0010527972236601393,12.778773873014233,-29.892205095119365,34185.821553475005
374,50,199170.0,材料4,三角波,0.022048492000000003,-3.814511069450662,0.01282662501698031,0.011105476182617178,0.012826625016980314,6.835941955183299e-12,0.02215063,0.044096984000000006,1.7269258258252864,1.1549819932131462,-0.0060721569918541244,-1.1982777703501715,0.0020004481957300257,0.0028196259408580443,2.0000000000000004,0.1859638139336499,0.005152559996026097,0.103515625,2.0,0.15749875328693824,0.06775782104110323,0.06327744120569403,0.0010498918601646143,0.027639651876490923,0.01325522251642343,0.00915954476459306,0.012514209363962836,0.0005193062678784397,12.201914010381314,-46.54433606108464,4391.398151640001
375,50,354610.0,材料4,三角波,0.038762739500000004,-3.25029581592261,0.02266028231849594,0.01962621140234377,0.022660282318495942,-6.835938199778024e-11,0.038912875,0.07752547900000001,1.7172281639332558,1.1545927970484329,-0.003006857159808092,-1.2016003611045365,0.0020030349149072093,0.0028559126993591404,2.000000000000001,0.1859999581563284,0.0047962637711131614,0.1083984375,2.0,0.15831241696435158,0.06638766732511124,0.06312479550178614,0.0017655013098190299,0.027078432793095436,0.01342848394358623,0.008581143705994707,0.012248925004857773,0.0008637126509197545,12.778773873014233,-41.53479525207933,13745.655054095001
376,50,354610.0,材料4,三角波,0.054422042500000004,-2.9109860141740556,0.03185551570079739,0.027591703157226536,0.0318555157007974,-3.027344259336814e-11,0.054626664,0.10884408500000001,1.7148259194131523,1.1545324157510053,-0.0031047144347535072,-1.202166653173574,0.0020037351645354755,0.002828376020617053,2.000000000000003,0.1860152299481281,0.004724910485221536,0.1103515625,2.0,0.1584741817134601,0.06620358809672869,0.0630269460218952,0.001811819300535094,0.02699101282028726,0.013392773316046564,0.00849303437221803,0.012175172468250287,0.0008707493089125078,12.778773873014233,-37.19883202263726,19298.600490925
377,50,50070.0,材料4,梯形波,0.1221634445,-2.1023954218419036,0.07461068859275868,0.06565538884863281,0.07461068859275863,6.835953366411164e-12,0.123331291,0.244326889,1.6529976244177147,1.1363985485604562,0.02546673724169771,-1.3287185525665852,0.002315734794397548,0.005727490763409147,1.9999999999999996,0.36325051324574403,0.0057146512860932665,0.1103515625,2.0,0.343644086499474,0.11080536066032748,0.020210696690722955,0.0010016445867204959,0.009610010759525422,0.021046455731520603,0.021929309705984057,0.012496899321313992,3.100138256531795e-05,10.82117730532399,-22.750393625652666,6116.723666115
378,50,56160.0,材料4,梯形波,0.21546487250000002,-1.534957387365406,0.13197592971301011,0.1161602485185546,0.1319759297130101,-2.9296186245149347e-12,0.216862871,0.43092974500000003,1.6432001765138677,1.1361539889605974,0.017570340620588154,-1.3306593321269742,0.0023207340919022216,0.00578467842826679,2.0000000000000027,0.364157238684626,0.005223270177553405,0.115234375,2.0,0.34416969494029565,0.11189832772976928,0.021185865085037624,0.0011201914970501825,0.0098235248817781,0.021076545522621854,0.02201804001099449,0.012680530041714938,0.0002679060852927072,10.935960038699692,-16.786232649334966,12100.507239600001
379,50,89210.0,材料4,梯形波,0.0192220765,-3.951695842774168,0.011771842577206733,0.010355616696289073,0.011771842577206731,-1.660155611649171e-11,0.019386772,0.038444153,1.6468765932648215,1.136759202513276,0.021206211699490874,-1.327273789026115,0.0023239310183592148,0.0058159689459148945,1.9999999999999967,0.3670571759135605,0.005069437114180226,0.1142578125,2.0,0.346779799346519,0.11324780889625138,0.021661424722234437,0.0011923855930708364,0.009756428030594035,0.021110375531154,0.021911405563150663,0.01257313076482173,8.171083397208651e-05,11.398748419907829,-45.04438674377838,1714.801444565
380,50,99980.0,材料4,梯形波,0.09661846,-2.3369854587119407,0.059136273819460856,0.05202877190722658,0.05913627381946084,-6.835919790025135e-12,0.097357368,0.19323692,1.6463223282756303,1.136607143541804,0.01636949200854353,-1.328312027432157,0.0023217821968702303,0.005850103593040098,1.9999999999999982,0.3655142165272657,0.005563160239349852,0.11328125,2.0,0.3455877279807956,0.11195913059309597,0.020970940355904136,0.0011889083155561403,0.010126893401025126,0.021242173240695484,0.0220049776462533,0.012478797442670683,2.581251840888417e-05,11.512725444967561,-26.90507195503215,9659.9136308
381,50,112170.0,材料4,梯形波,0.024085658000000003,-3.726138719364478,0.014737514290697659,0.012960770533203136,0.014737514290697654,8.398436899945865e-11,0.024283926,0.048171316000000006,1.6477626770023255,1.1370862753061501,0.019728664309651756,-1.3255438706623115,0.0023186306301525386,0.0058028723981715736,2.0000000000000018,0.36587276405773494,0.005189537021331395,0.1142578125,2.0,0.34613525492131547,0.11173921392881268,0.020456334584184804,0.0008960075845395194,0.009669418832109446,0.020976805799888237,0.021669136733951103,0.012044517178977324,0.0004499701944791563,11.62777085663927,-43.32668720882145,2701.6882578600002
382,50,125920.0,材料4,梯形波,0.0341073095,-3.378243562824672,0.020894748891130074,0.01837974665820314,0.020894748891130088,4.1015619462532633e-11,0.034429094,0.068214619,1.647739064938719,1.1368355222570194,0.020418572295190247,-1.3275947186911967,0.002326009074857251,0.00592955008661708,1.9999999999999991,0.3672027799442106,0.005531509944333794,0.1142578125,2.0,0.34698547426392096,0.11315323085080538,0.02178497196173233,0.001484289397321507,0.009996486827207888,0.02094682495418603,0.02167948711234637,0.012239611709347568,0.00011400629899145623,11.74340206365123,-39.672072427191736,4294.79241224
383,70,199170.0,材料4,三角波,0.0276956005,-3.586481705117944,0.016106128093395254,0.01394468667089844,0.016106128093395258,2.2460938206461493e-11,0.027827795,0.055391201,1.7277768336768367,1.1550010748543806,0.007633220542068803,-1.1980833957416874,0.0020001435129886813,0.002746934481525333,2.000000000000002,0.18632298129813965,0.005149178112666566,0.1025390625,2.0,0.15796552056650068,0.06756670717690776,0.06336529336249144,0.001176218503374676,0.027634862872553973,0.013329272802305,0.009087829026894511,0.012532206233911351,0.0005864055205937422,12.201914010381314,-43.761941365654906,5516.132751585
384,70,354610.0,材料4,三角波,0.09643492000000001,-2.338886902295046,0.05651300106344313,0.04894791689843753,0.05651300106344311,1.953124985419434e-12,0.096864434,0.19286984000000001,1.7140203524363744,1.1545537510963433,0.003925003130885767,-1.2022093856518676,0.002004726713127939,0.0027527632106709972,2.0000000000000027,0.18672270434395116,0.004643905097050014,0.1103515625,2.0,0.15946208706524345,0.06575474675676458,0.06316249707961266,0.0021482393786559453,0.026820672491712817,0.01353954831967809,0.008267011123171884,0.012139635385387131,0.0010130911605490992,12.778773873014233,-29.888106838983123,34196.7869812
385,70,354610.0,材料4,三角波,0.0544301875,-2.910836361750486,0.03186802874524434,0.027603515950195313,0.03186802874524431,3.222657039771322e-11,0.054624779,0.108860375,1.7140934394365903,1.1544916525396052,-0.002814472775642271,-1.2025585902872118,0.0020034482181219794,0.0027455903950358903,1.999999999999999,0.18583488495574177,0.004697665232444041,0.1103515625,2.0,0.1583166209243193,0.06619881337442345,0.06293018128770973,0.0017851508611299329,0.02696184221071149,0.01333851104349159,0.008496135520919688,0.01212652823822902,0.0008251150109981741,12.778773873014233,-37.19691964815692,19301.488789375
386,70,396820.0,材料4,三角波,0.0546635015,-2.9065590408925264,0.03205258094569645,0.02776431326464845,0.03205258094569647,-2.929676656436217e-12,0.054876702,0.109327003,1.712083719341423,1.1544525031169466,-0.003299848296803765,-1.2031580435892575,0.0020044349150289465,0.0027418660694467504,2.0000000000000004,0.18595575689987384,0.0046102525032349065,0.1123046875,2.0,0.15862014167972072,0.06595973476446564,0.0629015128457354,0.001931288583359411,0.026770074321348664,0.013312869005279513,0.008336905709494987,0.01199907118224526,0.0009090144494787371,12.891238056348461,-37.46914452097742,21691.57066523
387,70,56160.0,材料4,梯形波,0.043225752500000006,-3.1413188386574333,0.026477422493812214,0.023304294819335956,0.026477422493812228,1.074218589175945e-11,0.043599006,0.08645150500000001,1.6466484232061904,1.136160639018498,0.023371006708752508,-1.3306168301363852,0.002320535207572841,0.005773317653637139,2.0000000000000013,0.363858290337786,0.005228577301844703,0.11328125,2.0,0.34391636501596223,0.1117915876209295,0.02107358483633226,0.0010295267757683079,0.00982057140400631,0.021045544391504238,0.021834115161849996,0.012481369038305474,5.134484088072422e-05,10.935960038699692,-34.35333728837222,2427.5582604
388,70,56160.0,材料4,梯形波,0.19228293149999998,-1.6487873900771728,0.11776135385926788,0.10364790916113273,0.11776135385926778,-1.6601548206898048e-11,0.193395932,0.38456586299999995,1.6422699439335602,1.1361671915271745,0.016221262817024518,-1.330367285523681,0.0023191501337430313,0.005756231150449248,2.0000000000000013,0.36377720961650306,0.005200070240165778,0.1162109375,2.0,0.3438915940414963,0.11161360912758234,0.020801329793940223,0.0009249317346492963,0.009774568140636476,0.021064085272337225,0.0219851719037346,0.012596243435725955,0.0001738348298150334,10.935960038699692,-18.03107301019592,10798.60943304
389,70,125930.0,材料4,梯形波,0.1196525675,-2.1231630064375904,0.07335613500653657,0.06453152189843755,0.07335613500653661,-1.1718755712998227e-11,0.120763842,0.239305135,1.6462677864535673,1.1367488763396525,0.018602299403178903,-1.3284025693546588,0.002328868021441817,0.0059222005411626475,2.000000000000001,0.36769698843512033,0.005465103194260282,0.1142578125,2.0,0.3473412980814392,0.11338897408718242,0.022253773800897103,0.0017399998962688745,0.010417028860912555,0.021319486589326263,0.021952488919670023,0.012443138904678474,4.454775721450827e-05,11.743481475999893,-24.933325436628085,15067.847825275001
390,70,177900.0,材料4,梯形波,0.021591489999999998,-3.835456023404594,0.013234419830989629,0.011641216794921878,0.01323441983098962,-3.3203127398261307e-11,0.021805377,0.043182979999999996,1.6476262109307336,1.136858806440469,0.01869025034716425,-1.3268327277332386,0.0023245194993229863,0.005903691685937398,2.000000000000002,0.36707445503673264,0.0053551089018751006,0.1142578125,2.0,0.34688733541088396,0.11309549566383917,0.021537381937944463,0.0012454066301884937,0.00949729864462666,0.020697423438445373,0.021816889590664298,0.012733195027832584,0.0003716565923876488,12.088976873653927,-46.36673916685479,3841.1260709999997
391,70,177900.0,材料4,梯形波,0.038609256499999994,-3.2542632255606607,0.023667508641591485,0.02081997648632815,0.023667508641591485,-5.859376866487005e-11,0.038976169,0.07721851299999999,1.6468217922821937,1.1367692301253667,0.016962703403756753,-1.326938015453082,0.002320526692915928,0.005893379480125462,2.000000000000004,0.3655579985421391,0.005276282130187804,0.115234375,2.0,0.34566604446049715,0.11209657767390951,0.020853914592371983,0.0007583648343272932,0.009165504859916889,0.020593117807726196,0.021803786276411167,0.012759319215657362,0.0004940695325203553,12.088976873653927,-39.34071287458526,6868.586731349999
392,90,354610.0,材料4,三角波,0.048624805,-3.0236214873343443,0.028445383719650497,0.024639174854492234,0.028445383719650493,-2.246094145906801e-11,0.048804592,0.09724961,1.7157297817109445,1.154477935549222,0.003240573267076788,-1.2024144460182569,0.0020036776303673904,0.0028824999915166706,2.0000000000000018,0.18630904828049016,0.004781414535549322,0.109375,2.0,0.15894327932780805,0.06581538613291475,0.0631303430597862,0.002034359167526774,0.026891634872456643,0.013537233503671395,0.008355407918061103,0.012231587521781108,0.001005112921167247,12.778773873014233,-38.63817526423255,17242.84210105
393,90,354610.0,材料4,三角波,0.061315229,-2.791727032963086,0.03588924084192808,0.031086915396484397,0.035889240841928086,-3.710938207521523e-11,0.061551313,0.122630458,1.715035246108964,1.1544806033083224,-0.003055564959323018,-1.2025668237582194,0.002003703534469123,0.002890684792190869,2.0,0.18589384424360442,0.0047478601573165665,0.1103515625,2.0,0.15840397179567656,0.06612764861538323,0.06295702082936715,0.001807733131740043,0.026951142541582773,0.01336887951180539,0.008483784445096213,0.01213240526618554,0.0008496382075289306,12.778773873014233,-35.674848469416226,21742.99335569
394,90,354610.0,材料4,梯形波,0.122351722,-2.1008554148157117,0.07173771054058789,0.062139323830078204,0.07173771054058782,-4.296872738532038e-11,0.122829792,0.244703444,1.7122067469731297,1.1544655802299484,-0.003128413540765796,-1.202941679239172,0.0020046954057183113,0.0028967798262781947,2.0000000000000004,0.18556451277795488,0.004661494516370213,0.1123046875,2.0,0.15802591621636214,0.06633528890632151,0.06279231043735409,0.0016414698947232512,0.026908413843330502,0.013217426160865662,0.008498436585215766,0.012018915020717074,0.0007862227340751811,12.778773873014233,-26.846356285827493,43387.14413842
395,90,396820.0,材料4,三角波,0.030859275,-3.478317925518166,0.018036632047043814,0.01562188192285155,0.018036632047043824,-4.785156762477337e-11,0.030997022,0.06171855,1.7185593141309539,1.1545748544328702,-0.004026290932630569,-1.2016740218463664,0.0020034608442764256,0.002928746705812104,1.9999999999999996,0.1865211551512721,0.004800794449862579,0.1083984375,2.0,0.15907430039352136,0.06596325192196285,0.0632380784700482,0.0019806735589570964,0.02698158663768998,0.013494729256011504,0.008410602501417284,0.012231665834830612,0.0009562500264888257,12.891238056348461,-44.83982441351882,12245.5775055
396,90,141270.0,材料4,梯形波,0.0342464245,-3.3741731138839364,0.020980066760079016,0.01845936706835937,0.02098006676007903,2.929686271954234e-11,0.034539317,0.068492849,1.6462920444906113,1.1365539610532096,0.01702896058501029,-1.3284438436028945,0.0023244378638270285,0.005992581794925777,2.0,0.3660074804693672,0.0055299953262614105,0.1142578125,2.0,0.3459120752150999,0.1124557495723988,0.021380252104150673,0.0012337085405213048,0.00989584076789228,0.021167441782857052,0.02213582715158389,0.012854144366236933,0.0004086857230511143,11.85842823190571,-40.01238971301847,4837.992389114999
397,90,141270.0,材料4,梯形波,0.0534735075,-2.9285689346415946,0.03278983480387689,0.02885284433007812,0.032789834803876886,-3.9062414395230234e-12,0.053964057,0.106947015,1.645755683820023,1.1364506884922465,0.017609220977888407,-1.3295766353206775,0.0023299363435965864,0.006023693134399305,1.9999999999999984,0.36734965112241724,0.005503392899471848,0.11328125,2.0,0.34687840327459185,0.11350379205745238,0.02242461674025684,0.0018213583520655075,0.010312637019656594,0.021524224937993313,0.02226763904628753,0.012889905383702062,0.0004558254477329773,11.85842823190571,-34.72822453363592,7554.202404525
398,90,158750.0,材料4,梯形波,0.1363861985,-1.9922647227098187,0.08379189557351659,0.07373268401269527,0.08379189557351657,-6.835984970904492e-12,0.137639501,0.272772397,1.6426350073347975,1.1364281213347573,0.016385949160189518,-1.3303161873797629,0.0023227403188896944,0.005973441660227843,2.0000000000000013,0.3637251285278939,0.005292646792925708,0.1162109375,2.0,0.34417267844655897,0.11056543853166514,0.020596716393715686,0.0015066250228524983,0.010856461779005289,0.021608925846557367,0.021644287111113523,0.011660623866484988,0.0008197186025988641,11.975085916754939,-23.85754122337003,21651.309011875
399,90,177900.0,材料4,梯形波,0.13591119499999998,-1.9957535844702086,0.08347612491560771,0.07344750693164062,0.08347612491560773,1.9531952010626297e-12,0.137186106,0.27182238999999997,1.6434172781581768,1.1365412987169323,0.015798845727971647,-1.3285677139173917,0.002325943782063781,0.005999914135108587,2.0000000000000018,0.3660707458877116,0.00518675901665003,0.1162109375,2.0,0.3459971903164059,0.11235745840327994,0.021397163756556658,0.001260417682693912,0.010019027207210549,0.02120823129864964,0.022189676310412118,0.012928735644406648,0.0006368974910367629,12.088976873653927,-24.12661892817228,24178.6015905
400,90,199190.0,材料4,梯形波,0.010847019999999999,-4.52386489109797,0.0066437816309444855,0.005844002321289062,0.006643781630944486,-5.371093865672803e-11,0.010962487,0.021694039999999998,1.650037224122546,1.1368547214195852,0.02004295051813994,-1.326896418620968,0.0023277147438677008,0.006223276070293954,2.000000000000004,0.3676749407185904,0.005629668931928103,0.1123046875,2.0,0.3473366377315729,0.11353599920072731,0.021927591457799815,0.001319485506912788,0.009468066146325185,0.020779717714663266,0.021986220114811834,0.012809527143933193,0.00046892713077354597,12.20201442206932,-55.20026464467048,2160.6179137999998
