时间,处理类型,原GPS车速,处理后GPS车速,说明
2017-11-01 19:14:50,删除长低速记录,0.0,0.0,连续低于10 km/h的记录超过180条
2017-11-01 19:14:51,删除长低速记录,0.0,0.0,连续低于10 km/h的记录超过180条
2017-11-01 19:14:52,删除长低速记录,0.0,0.0,连续低于10 km/h的记录超过180条
2017-11-01 19:14:53,删除长低速记录,0.0,0.0,连续低于10 km/h的记录超过180条
2017-11-01 19:14:54,删除长低速记录,0.0,0.0,连续低于10 km/h的记录超过180条
2017-11-01 19:14:55,删除长低速记录,0.0,0.0,连续低于10 km/h的记录超过180条
2017-11-01 19:14:56,删除长低速记录,0.0,0.0,连续低于10 km/h的记录超过180条
2017-11-01 19:14:57,删除长低速记录,0.0,0.0,连续低于10 km/h的记录超过180条
2017-11-01 19:14:58,删除长低速记录,0.0,0.0,连续低于10 km/h的记录超过180条
2017-11-01 19:14:59,删除长低速记录,0.0,0.0,连续低于10 km/h的记录超过180条
2017-11-01 19:15:00,删除长低速记录,0.0,0.0,连续低于10 km/h的记录超过180条
2017-11-01 19:15:01,删除长低速记录,0.0,0.0,连续低于10 km/h的记录超过180条
2017-11-01 19:15:02,删除长低速记录,0.0,0.0,连续低于10 km/h的记录超过180条
2017-11-01 19:15:03,删除长低速记录,0.0,0.0,连续低于10 km/h的记录超过180条
2017-11-01 19:15:04,删除长低速记录,0.0,0.0,连续低于10 km/h的记录超过180条
2017-11-01 19:15:05,删除长低速记录,3.0,3.0,连续低于10 km/h的记录超过180条
2017-11-01 19:15:06,删除长低速记录,5.0,5.0,连续低于10 km/h的记录超过180条
2017-11-01 19:15:07,删除长低速记录,6.0,6.0,连续低于10 km/h的记录超过180条
2017-11-01 19:15:08,删除长低速记录,9.3,9.3,连续低于10 km/h的记录超过180条
2017-11-02 10:24:40,删除长低速记录,0.0,0.0,连续低于10 km/h的记录超过180条
2017-11-02 10:24:41,删除长低速记录,0.0,0.0,连续低于10 km/h的记录超过180条
2017-11-02 10:24:42,删除长低速记录,0.0,0.0,连续低于10 km/h的记录超过180条
2017-11-02 10:24:43,删除长低速记录,0.0,0.0,连续低于10 km/h的记录超过180条
2017-11-02 10:24:44,删除长低速记录,0.0,0.0,连续低于10 km/h的记录超过180条
2017-11-02 10:24:45,删除长低速记录,0.0,0.0,连续低于10 km/h的记录超过180条
2017-11-02 10:24:46,删除长低速记录,0.0,0.0,连续低于10 km/h的记录超过180条
2017-11-02 10:24:47,删除长低速记录,0.0,0.0,连续低于10 km/h的记录超过180条
2017-11-02 10:24:48,删除长低速记录,0.0,0.0,连续低于10 km/h的记录超过180条
2017-11-02 10:24:49,删除长低速记录,0.0,0.0,连续低于10 km/h的记录超过180条
2017-11-02 10:24:50,删除长低速记录,0.0,0.0,连续低于10 km/h的记录超过180条
2017-11-02 10:24:51,删除长低速记录,0.0,0.0,连续低于10 km/h的记录超过180条
2017-11-02 10:24:52,删除长低速记录,0.0,0.0,连续低于10 km/h的记录超过180条
2017-11-02 10:24:53,删除长低速记录,0.0,0.0,连续低于10 km/h的记录超过180条
2017-11-02 10:24:54,删除长低速记录,0.0,0.0,连续低于10 km/h的记录超过180条
2017-11-02 10:24:55,删除长低速记录,0.0,0.0,连续低于10 km/h的记录超过180条
2017-11-02 10:24:56,删除长低速记录,0.0,0.0,连续低于10 km/h的记录超过180条
2017-11-02 10:24:57,删除长低速记录,0.0,0.0,连续低于10 km/h的记录超过180条
2017-11-02 10:24:58,删除长低速记录,0.0,0.0,连续低于10 km/h的记录超过180条
2017-11-02 10:24:59,删除长低速记录,0.0,0.0,连续低于10 km/h的记录超过180条
2017-11-02 10:25:00,删除长低速记录,0.0,0.0,连续低于10 km/h的记录超过180条
2017-11-02 10:25:01,删除长低速记录,0.0,0.0,连续低于10 km/h的记录超过180条
2017-11-02 10:25:02,删除长低速记录,0.0,0.0,连续低于10 km/h的记录超过180条
2017-11-02 10:25:03,删除长低速记录,0.0,0.0,连续低于10 km/h的记录超过180条
2017-11-02 10:25:04,删除长低速记录,0.0,0.0,连续低于10 km/h的记录超过180条
2017-11-02 10:25:05,删除长低速记录,0.0,0.0,连续低于10 km/h的记录超过180条
2017-11-02 10:25:06,删除长低速记录,0.0,0.0,连续低于10 km/h的记录超过180条
2017-11-02 10:25:07,删除长低速记录,0.0,0.0,连续低于10 km/h的记录超过180条
2017-11-02 10:25:08,删除长低速记录,0.0,0.0,连续低于10 km/h的记录超过180条
2017-11-02 10:25:09,删除长低速记录,0.0,0.0,连续低于10 km/h的记录超过180条
2017-11-02 10:25:10,删除长低速记录,0.0,0.0,连续低于10 km/h的记录超过180条
2017-11-02 10:25:11,删除长低速记录,0.0,0.0,连续低于10 km/h的记录超过180条
2017-11-02 10:25:12,删除长低速记录,0.0,0.0,连续低于10 km/h的记录超过180条
2017-11-02 10:25:13,删除长低速记录,0.0,0.0,连续低于10 km/h的记录超过180条
2017-11-02 10:25:14,删除长低速记录,0.0,0.0,连续低于10 km/h的记录超过180条
2017-11-02 10:25:15,删除长低速记录,0.0,0.0,连续低于10 km/h的记录超过180条
2017-11-02 10:25:16,删除长低速记录,0.0,0.0,连续低于10 km/h的记录超过180条
2017-11-02 10:25:17,删除长低速记录,0.0,0.0,连续低于10 km/h的记录超过180条
2017-11-02 10:25:18,删除长低速记录,0.0,0.0,连续低于10 km/h的记录超过180条
2017-11-02 10:25:19,删除长低速记录,0.0,0.0,连续低于10 km/h的记录超过180条
2017-11-02 10:25:20,删除长低速记录,0.0,0.0,连续低于10 km/h的记录超过180条
2017-11-02 10:25:21,删除长低速记录,0.0,0.0,连续低于10 km/h的记录超过180条
2017-11-02 10:25:22,删除长低速记录,0.0,0.0,连续低于10 km/h的记录超过180条
2017-11-02 10:25:23,删除长低速记录,0.0,0.0,连续低于10 km/h的记录超过180条
2017-11-02 10:25:24,删除长低速记录,0.0,0.0,连续低于10 km/h的记录超过180条
2017-11-02 10:25:25,删除长低速记录,0.0,0.0,连续低于10 km/h的记录超过180条
2017-11-02 10:25:26,删除长低速记录,0.0,0.0,连续低于10 km/h的记录超过180条
2017-11-02 10:25:27,删除长低速记录,0.0,0.0,连续低于10 km/h的记录超过180条
2017-11-02 10:25:28,删除长低速记录,0.0,0.0,连续低于10 km/h的记录超过180条
2017-11-02 10:25:29,删除长低速记录,0.0,0.0,连续低于10 km/h的记录超过180条
2017-11-02 10:25:30,删除长低速记录,0.0,0.0,连续低于10 km/h的记录超过180条
2017-11-02 10:25:31,删除长低速记录,0.0,0.0,连续低于10 km/h的记录超过180条
2017-11-02 10:25:32,删除长低速记录,0.0,0.0,连续低于10 km/h的记录超过180条
2017-11-02 10:25:33,删除长低速记录,0.0,0.0,连续低于10 km/h的记录超过180条
2017-11-02 10:25:34,删除长低速记录,0.0,0.0,连续低于10 km/h的记录超过180条
2017-11-02 10:25:35,删除长低速记录,0.0,0.0,连续低于10 km/h的记录超过180条
2017-11-02 10:25:36,删除长低速记录,0.0,0.0,连续低于10 km/h的记录超过180条
2017-11-02 10:25:37,删除长低速记录,0.0,0.0,连续低于10 km/h的记录超过180条
2017-11-02 10:25:38,删除长低速记录,0.0,0.0,连续低于10 km/h的记录超过180条
2017-11-02 10:25:39,删除长低速记录,0.0,0.0,连续低于10 km/h的记录超过180条
2017-11-02 10:25:40,删除长低速记录,0.0,0.0,连续低于10 km/h的记录超过180条
2017-11-02 10:25:41,删除长低速记录,0.0,0.0,连续低于10 km/h的记录超过180条
2017-11-02 10:25:42,删除长低速记录,0.0,0.0,连续低于10 km/h的记录超过180条
2017-11-02 10:25:43,删除长低速记录,0.0,0.0,连续低于10 km/h的记录超过180条
2017-11-02 10:25:44,删除长低速记录,0.0,0.0,连续低于10 km/h的记录超过180条
2017-11-02 10:25:45,删除长低速记录,0.0,0.0,连续低于10 km/h的记录超过180条
2017-11-02 10:25:46,删除长低速记录,0.0,0.0,连续低于10 km/h的记录超过180条
2017-11-02 10:25:47,删除长低速记录,0.0,0.0,连续低于10 km/h的记录超过180条
2017-11-02 10:25:48,删除长低速记录,0.0,0.0,连续低于10 km/h的记录超过180条
2017-11-02 10:25:49,删除长低速记录,0.0,0.0,连续低于10 km/h的记录超过180条
2017-11-02 10:25:50,删除长低速记录,0.0,0.0,连续低于10 km/h的记录超过180条
2017-11-02 10:25:51,删除长低速记录,0.0,0.0,连续低于10 km/h的记录超过180条
2017-11-02 10:25:52,删除长低速记录,0.0,0.0,连续低于10 km/h的记录超过180条
2017-11-02 10:25:53,删除长低速记录,0.0,0.0,连续低于10 km/h的记录超过180条
2017-11-02 10:25:54,删除长低速记录,0.0,0.0,连续低于10 km/h的记录超过180条
2017-11-02 10:25:55,删除长低速记录,0.0,0.0,连续低于10 km/h的记录超过180条
2017-11-02 10:25:56,删除长低速记录,0.0,0.0,连续低于10 km/h的记录超过180条
2017-11-02 10:25:57,删除长低速记录,0.0,0.0,连续低于10 km/h的记录超过180条
2017-11-02 10:25:58,删除长低速记录,0.0,0.0,连续低于10 km/h的记录超过180条
2017-11-02 10:25:59,删除长低速记录,0.0,0.0,连续低于10 km/h的记录超过180条
2017-11-02 10:26:00,删除长低速记录,0.0,0.0,连续低于10 km/h的记录超过180条
2017-11-02 10:26:01,删除长低速记录,0.0,0.0,连续低于10 km/h的记录超过180条
2017-11-02 10:26:02,删除长低速记录,0.0,0.0,连续低于10 km/h的记录超过180条
2017-11-02 10:26:03,删除长低速记录,0.0,0.0,连续低于10 km/h的记录超过180条
2017-11-02 10:26:04,删除长低速记录,0.0,0.0,连续低于10 km/h的记录超过180条
2017-11-02 10:26:05,删除长低速记录,0.0,0.0,连续低于10 km/h的记录超过180条
2017-11-02 10:26:06,删除长低速记录,0.0,0.0,连续低于10 km/h的记录超过180条
2017-11-02 10:26:07,删除长低速记录,0.0,0.0,连续低于10 km/h的记录超过180条
2017-11-02 10:26:08,删除长低速记录,0.0,0.0,连续低于10 km/h的记录超过180条
2017-11-02 10:26:09,删除长低速记录,0.0,0.0,连续低于10 km/h的记录超过180条
2017-11-02 10:26:10,删除长低速记录,0.0,0.0,连续低于10 km/h的记录超过180条
2017-11-02 10:26:11,删除长低速记录,0.0,0.0,连续低于10 km/h的记录超过180条
2017-11-02 10:26:12,删除长低速记录,0.0,0.0,连续低于10 km/h的记录超过180条
2017-11-02 10:26:13,删除长低速记录,0.0,0.0,连续低于10 km/h的记录超过180条
2017-11-02 10:26:14,删除长低速记录,0.0,0.0,连续低于10 km/h的记录超过180条
2017-11-02 10:26:15,删除长低速记录,0.0,0.0,连续低于10 km/h的记录超过180条
2017-11-02 10:26:16,删除长低速记录,0.0,0.0,连续低于10 km/h的记录超过180条
2017-11-02 10:26:17,删除长低速记录,0.0,0.0,连续低于10 km/h的记录超过180条
2017-11-02 10:26:18,删除长低速记录,0.0,0.0,连续低于10 km/h的记录超过180条
2017-11-02 10:26:19,删除长低速记录,0.0,0.0,连续低于10 km/h的记录超过180条
2017-11-02 10:26:20,删除长低速记录,0.0,0.0,连续低于10 km/h的记录超过180条
2017-11-02 10:26:21,删除长低速记录,0.0,0.0,连续低于10 km/h的记录超过180条
2017-11-02 10:26:22,删除长低速记录,0.0,0.0,连续低于10 km/h的记录超过180条
2017-11-02 10:26:23,删除长低速记录,0.0,0.0,连续低于10 km/h的记录超过180条
2017-11-02 10:26:24,删除长低速记录,0.0,0.0,连续低于10 km/h的记录超过180条
2017-11-02 10:26:25,删除长低速记录,0.0,0.0,连续低于10 km/h的记录超过180条
2017-11-02 10:26:26,删除长低速记录,0.0,0.0,连续低于10 km/h的记录超过180条
2017-11-02 10:26:27,删除长低速记录,0.0,0.0,连续低于10 km/h的记录超过180条
2017-11-02 10:26:28,删除长低速记录,0.0,0.0,连续低于10 km/h的记录超过180条
2017-11-02 10:26:29,删除长低速记录,0.0,0.0,连续低于10 km/h的记录超过180条
2017-11-02 10:26:30,删除长低速记录,0.0,0.0,连续低于10 km/h的记录超过180条
2017-11-02 10:26:31,删除长低速记录,0.0,0.0,连续低于10 km/h的记录超过180条
2017-11-02 10:26:32,删除长低速记录,0.0,0.0,连续低于10 km/h的记录超过180条
2017-11-02 10:26:33,删除长低速记录,0.0,0.0,连续低于10 km/h的记录超过180条
2017-11-02 10:26:34,删除长低速记录,0.0,0.0,连续低于10 km/h的记录超过180条
2017-11-02 10:26:35,删除长低速记录,0.0,0.0,连续低于10 km/h的记录超过180条
2017-11-02 10:26:36,删除长低速记录,0.0,0.0,连续低于10 km/h的记录超过180条
2017-11-02 10:26:37,删除长低速记录,0.0,0.0,连续低于10 km/h的记录超过180条
2017-11-02 10:26:38,删除长低速记录,0.0,0.0,连续低于10 km/h的记录超过180条
2017-11-02 10:26:39,删除长低速记录,0.0,0.0,连续低于10 km/h的记录超过180条
2017-11-02 10:26:40,删除长低速记录,0.0,0.0,连续低于10 km/h的记录超过180条
2017-11-02 10:26:41,删除长低速记录,0.0,0.0,连续低于10 km/h的记录超过180条
2017-11-02 10:26:42,删除长低速记录,0.0,0.0,连续低于10 km/h的记录超过180条
2017-11-02 10:26:43,删除长低速记录,0.0,0.0,连续低于10 km/h的记录超过180条
2017-11-02 10:26:44,删除长低速记录,0.0,0.0,连续低于10 km/h的记录超过180条
2017-11-02 10:26:45,删除长低速记录,0.0,0.0,连续低于10 km/h的记录超过180条
2017-11-02 10:26:46,删除长低速记录,0.0,0.0,连续低于10 km/h的记录超过180条
2017-11-02 10:26:47,删除长低速记录,0.0,0.0,连续低于10 km/h的记录超过180条
2017-11-02 10:26:48,删除长低速记录,0.0,0.0,连续低于10 km/h的记录超过180条
2017-11-02 10:26:49,删除长低速记录,0.0,0.0,连续低于10 km/h的记录超过180条
2017-11-02 10:26:50,删除长低速记录,0.0,0.0,连续低于10 km/h的记录超过180条
2017-11-02 10:26:51,删除长低速记录,0.0,0.0,连续低于10 km/h的记录超过180条
2017-11-02 10:26:52,删除长低速记录,0.0,0.0,连续低于10 km/h的记录超过180条
2017-11-02 10:26:53,删除长低速记录,0.0,0.0,连续低于10 km/h的记录超过180条
2017-11-02 10:26:54,删除长低速记录,0.0,0.0,连续低于10 km/h的记录超过180条
2017-11-02 10:26:55,删除长低速记录,0.0,0.0,连续低于10 km/h的记录超过180条
2017-11-02 10:26:56,删除长低速记录,0.0,0.0,连续低于10 km/h的记录超过180条
2017-11-02 10:26:57,删除长低速记录,0.0,0.0,连续低于10 km/h的记录超过180条
2017-11-02 10:26:58,删除长低速记录,0.0,0.0,连续低于10 km/h的记录超过180条
2017-11-02 10:26:59,删除长低速记录,0.0,0.0,连续低于10 km/h的记录超过180条
2017-11-02 10:27:00,删除长低速记录,0.0,0.0,连续低于10 km/h的记录超过180条
2017-11-02 10:27:01,删除长低速记录,0.0,0.0,连续低于10 km/h的记录超过180条
2017-11-02 10:27:02,删除长低速记录,0.0,0.0,连续低于10 km/h的记录超过180条
2017-11-02 10:27:03,删除长低速记录,0.0,0.0,连续低于10 km/h的记录超过180条
2017-11-02 10:27:04,删除长低速记录,0.0,0.0,连续低于10 km/h的记录超过180条
2017-11-02 10:27:05,删除长低速记录,0.0,0.0,连续低于10 km/h的记录超过180条
2017-11-02 10:27:06,删除长低速记录,0.0,0.0,连续低于10 km/h的记录超过180条
2017-11-02 10:27:07,删除长低速记录,0.0,0.0,连续低于10 km/h的记录超过180条
2017-11-02 10:27:08,删除长低速记录,0.0,0.0,连续低于10 km/h的记录超过180条
2017-11-02 10:27:09,删除长低速记录,0.0,0.0,连续低于10 km/h的记录超过180条
2017-11-02 10:27:10,删除长低速记录,0.0,0.0,连续低于10 km/h的记录超过180条
2017-11-02 10:27:11,删除长低速记录,0.0,0.0,连续低于10 km/h的记录超过180条
2017-11-02 10:27:12,删除长低速记录,0.0,0.0,连续低于10 km/h的记录超过180条
2017-11-02 10:27:13,删除长低速记录,0.0,0.0,连续低于10 km/h的记录超过180条
2017-11-02 10:27:14,删除长低速记录,0.0,0.0,连续低于10 km/h的记录超过180条
2017-11-02 10:27:15,删除长低速记录,0.0,0.0,连续低于10 km/h的记录超过180条
2017-11-02 10:27:16,删除长低速记录,0.0,0.0,连续低于10 km/h的记录超过180条
2017-11-02 10:27:17,删除长低速记录,0.0,0.0,连续低于10 km/h的记录超过180条
2017-11-02 10:27:18,删除长低速记录,0.0,0.0,连续低于10 km/h的记录超过180条
2017-11-02 10:27:19,删除长低速记录,0.0,0.0,连续低于10 km/h的记录超过180条
2017-11-02 10:27:20,删除长低速记录,0.0,0.0,连续低于10 km/h的记录超过180条
2017-11-02 10:27:21,删除长低速记录,0.0,0.0,连续低于10 km/h的记录超过180条
2017-11-02 10:27:22,删除长低速记录,0.0,0.0,连续低于10 km/h的记录超过180条
2017-11-02 10:27:23,删除长低速记录,0.0,0.0,连续低于10 km/h的记录超过180条
2017-11-02 10:27:24,删除长低速记录,0.0,0.0,连续低于10 km/h的记录超过180条
2017-11-02 10:27:25,删除长低速记录,0.0,0.0,连续低于10 km/h的记录超过180条
2017-11-02 10:27:26,删除长低速记录,0.0,0.0,连续低于10 km/h的记录超过180条
2017-11-02 10:27:27,删除长低速记录,0.0,0.0,连续低于10 km/h的记录超过180条
2017-11-02 10:27:28,删除长低速记录,0.0,0.0,连续低于10 km/h的记录超过180条
2017-11-02 10:27:29,删除长低速记录,0.0,0.0,连续低于10 km/h的记录超过180条
2017-11-02 10:27:30,删除长低速记录,0.0,0.0,连续低于10 km/h的记录超过180条
2017-11-02 10:27:31,删除长低速记录,0.0,0.0,连续低于10 km/h的记录超过180条
2017-11-02 10:27:32,删除长低速记录,0.0,0.0,连续低于10 km/h的记录超过180条
2017-11-02 10:27:33,删除长低速记录,0.0,0.0,连续低于10 km/h的记录超过180条
2017-11-02 10:27:34,删除长低速记录,0.0,0.0,连续低于10 km/h的记录超过180条
2017-11-02 10:27:35,删除长低速记录,0.0,0.0,连续低于10 km/h的记录超过180条
2017-11-02 10:27:36,删除长低速记录,0.0,0.0,连续低于10 km/h的记录超过180条
2017-11-02 10:27:37,删除长低速记录,0.0,0.0,连续低于10 km/h的记录超过180条
2017-11-02 10:27:38,删除长低速记录,0.0,0.0,连续低于10 km/h的记录超过180条
2017-11-02 10:27:39,删除长低速记录,0.0,0.0,连续低于10 km/h的记录超过180条
2017-11-02 10:27:40,删除长低速记录,0.0,0.0,连续低于10 km/h的记录超过180条
2017-11-02 10:27:41,删除长低速记录,0.0,0.0,连续低于10 km/h的记录超过180条
2017-11-02 10:27:42,删除长低速记录,0.0,0.0,连续低于10 km/h的记录超过180条
2017-11-02 10:27:43,删除长低速记录,0.0,0.0,连续低于10 km/h的记录超过180条
2017-11-02 10:27:44,删除长低速记录,0.0,0.0,连续低于10 km/h的记录超过180条
2017-11-02 10:27:45,删除长低速记录,0.0,0.0,连续低于10 km/h的记录超过180条
2017-11-02 10:27:46,删除长低速记录,0.0,0.0,连续低于10 km/h的记录超过180条
2017-11-02 10:27:47,删除长低速记录,0.0,0.0,连续低于10 km/h的记录超过180条
2017-11-02 10:27:48,删除长低速记录,0.0,0.0,连续低于10 km/h的记录超过180条
2017-11-02 10:27:49,删除长低速记录,0.0,0.0,连续低于10 km/h的记录超过180条
2017-11-02 10:27:50,删除长低速记录,0.0,0.0,连续低于10 km/h的记录超过180条
2017-11-02 10:27:51,删除长低速记录,0.0,0.0,连续低于10 km/h的记录超过180条
2017-11-02 10:27:52,删除长低速记录,0.0,0.0,连续低于10 km/h的记录超过180条
2017-11-02 10:27:53,删除长低速记录,0.0,0.0,连续低于10 km/h的记录超过180条
2017-11-02 10:27:54,删除长低速记录,0.0,0.0,连续低于10 km/h的记录超过180条
2017-11-02 10:27:55,删除长低速记录,0.0,0.0,连续低于10 km/h的记录超过180条
2017-11-02 10:27:56,删除长低速记录,0.0,0.0,连续低于10 km/h的记录超过180条
2017-11-02 10:27:57,删除长低速记录,0.0,0.0,连续低于10 km/h的记录超过180条
2017-11-02 10:27:58,删除长低速记录,0.0,0.0,连续低于10 km/h的记录超过180条
2017-11-02 10:27:59,删除长低速记录,0.0,0.0,连续低于10 km/h的记录超过180条
2017-11-02 10:28:00,删除长低速记录,0.0,0.0,连续低于10 km/h的记录超过180条
2017-11-02 10:28:01,删除长低速记录,0.0,0.0,连续低于10 km/h的记录超过180条
2017-11-02 10:28:02,删除长低速记录,0.0,0.0,连续低于10 km/h的记录超过180条
2017-11-02 10:28:03,删除长低速记录,0.0,0.0,连续低于10 km/h的记录超过180条
2017-11-02 10:28:04,删除长低速记录,0.0,0.0,连续低于10 km/h的记录超过180条
2017-11-02 10:28:05,删除长低速记录,0.0,0.0,连续低于10 km/h的记录超过180条
2017-11-02 10:28:06,删除长低速记录,0.0,0.0,连续低于10 km/h的记录超过180条
2017-11-02 10:28:07,删除长低速记录,0.0,0.0,连续低于10 km/h的记录超过180条
2017-11-02 10:28:08,删除长低速记录,0.0,0.0,连续低于10 km/h的记录超过180条
2017-11-02 10:28:09,删除长低速记录,0.0,0.0,连续低于10 km/h的记录超过180条
2017-11-02 10:28:10,删除长低速记录,0.0,0.0,连续低于10 km/h的记录超过180条
2017-11-02 10:28:11,删除长低速记录,0.0,0.0,连续低于10 km/h的记录超过180条
2017-11-02 10:28:12,删除长低速记录,0.0,0.0,连续低于10 km/h的记录超过180条
2017-11-02 10:28:13,删除长低速记录,0.0,0.0,连续低于10 km/h的记录超过180条
2017-11-02 10:28:14,删除长低速记录,0.0,0.0,连续低于10 km/h的记录超过180条
2017-11-02 10:28:15,删除长低速记录,0.0,0.0,连续低于10 km/h的记录超过180条
2017-11-02 10:28:16,删除长低速记录,0.0,0.0,连续低于10 km/h的记录超过180条
2017-11-02 10:28:17,删除长低速记录,0.0,0.0,连续低于10 km/h的记录超过180条
2017-11-02 10:28:18,删除长低速记录,0.0,0.0,连续低于10 km/h的记录超过180条
2017-11-02 10:28:19,删除长低速记录,0.0,0.0,连续低于10 km/h的记录超过180条
2017-11-02 10:28:20,删除长低速记录,0.0,0.0,连续低于10 km/h的记录超过180条
2017-11-02 10:28:21,删除长低速记录,0.0,0.0,连续低于10 km/h的记录超过180条
2017-11-02 10:28:22,删除长低速记录,0.0,0.0,连续低于10 km/h的记录超过180条
2017-11-02 10:28:23,删除长低速记录,0.0,0.0,连续低于10 km/h的记录超过180条
2017-11-02 10:28:24,删除长低速记录,0.0,0.0,连续低于10 km/h的记录超过180条
2017-11-02 10:28:25,删除长低速记录,0.0,0.0,连续低于10 km/h的记录超过180条
2017-11-02 10:28:26,删除长低速记录,0.0,0.0,连续低于10 km/h的记录超过180条
2017-11-02 10:28:27,删除长低速记录,0.0,0.0,连续低于10 km/h的记录超过180条
2017-11-02 10:28:28,删除长低速记录,0.0,0.0,连续低于10 km/h的记录超过180条
2017-11-02 10:28:29,删除长低速记录,0.0,0.0,连续低于10 km/h的记录超过180条
2017-11-02 10:28:30,删除长低速记录,0.0,0.0,连续低于10 km/h的记录超过180条
2017-11-02 10:28:31,删除长低速记录,0.0,0.0,连续低于10 km/h的记录超过180条
2017-11-02 10:28:32,删除长低速记录,0.0,0.0,连续低于10 km/h的记录超过180条
2017-11-02 10:28:33,删除长低速记录,0.0,0.0,连续低于10 km/h的记录超过180条
2017-11-02 10:28:34,删除长低速记录,0.0,0.0,连续低于10 km/h的记录超过180条
2017-11-02 10:28:35,删除长低速记录,0.0,0.0,连续低于10 km/h的记录超过180条
2017-11-02 10:28:36,删除长低速记录,0.0,0.0,连续低于10 km/h的记录超过180条
2017-11-02 10:28:37,删除长低速记录,0.0,0.0,连续低于10 km/h的记录超过180条
2017-11-02 10:28:38,删除长低速记录,0.0,0.0,连续低于10 km/h的记录超过180条
2017-11-02 10:28:39,删除长低速记录,0.0,0.0,连续低于10 km/h的记录超过180条
2017-11-02 10:28:40,删除长低速记录,0.0,0.0,连续低于10 km/h的记录超过180条
2017-11-02 10:28:41,删除长低速记录,0.0,0.0,连续低于10 km/h的记录超过180条
2017-11-02 10:28:42,删除长低速记录,0.0,0.0,连续低于10 km/h的记录超过180条
2017-11-02 10:28:43,删除长低速记录,0.0,0.0,连续低于10 km/h的记录超过180条
2017-11-02 10:28:44,删除长低速记录,0.0,0.0,连续低于10 km/h的记录超过180条
2017-11-02 10:28:45,删除长低速记录,0.0,0.0,连续低于10 km/h的记录超过180条
2017-11-02 10:28:46,删除长低速记录,0.0,0.0,连续低于10 km/h的记录超过180条
2017-11-02 10:28:47,删除长低速记录,0.0,0.0,连续低于10 km/h的记录超过180条
2017-11-02 10:28:48,删除长低速记录,0.0,0.0,连续低于10 km/h的记录超过180条
2017-11-02 10:28:49,删除长低速记录,0.0,0.0,连续低于10 km/h的记录超过180条
2017-11-02 10:28:50,删除长低速记录,0.0,0.0,连续低于10 km/h的记录超过180条
2017-11-02 10:28:51,删除长低速记录,0.0,0.0,连续低于10 km/h的记录超过180条
2017-11-02 10:28:52,删除长低速记录,0.0,0.0,连续低于10 km/h的记录超过180条
2017-11-02 10:28:53,删除长低速记录,0.0,0.0,连续低于10 km/h的记录超过180条
2017-11-02 10:28:54,删除长低速记录,0.0,0.0,连续低于10 km/h的记录超过180条
2017-11-02 10:28:55,删除长低速记录,0.0,0.0,连续低于10 km/h的记录超过180条
2017-11-02 10:28:56,删除长低速记录,0.0,0.0,连续低于10 km/h的记录超过180条
2017-11-02 10:28:57,删除长低速记录,0.0,0.0,连续低于10 km/h的记录超过180条
2017-11-02 10:28:58,删除长低速记录,0.0,0.0,连续低于10 km/h的记录超过180条
2017-11-02 10:28:59,删除长低速记录,0.0,0.0,连续低于10 km/h的记录超过180条
2017-11-02 10:29:00,删除长低速记录,0.0,0.0,连续低于10 km/h的记录超过180条
2017-11-02 10:29:01,删除长低速记录,0.0,0.0,连续低于10 km/h的记录超过180条
2017-11-02 10:29:02,删除长低速记录,0.0,0.0,连续低于10 km/h的记录超过180条
2017-11-02 10:29:03,删除长低速记录,0.0,0.0,连续低于10 km/h的记录超过180条
2017-11-02 10:29:04,删除长低速记录,0.0,0.0,连续低于10 km/h的记录超过180条
2017-11-02 10:29:05,删除长低速记录,0.0,0.0,连续低于10 km/h的记录超过180条
2017-11-02 10:29:06,删除长低速记录,0.0,0.0,连续低于10 km/h的记录超过180条
2017-11-02 10:29:07,删除长低速记录,0.0,0.0,连续低于10 km/h的记录超过180条
2017-11-02 10:29:08,删除长低速记录,0.0,0.0,连续低于10 km/h的记录超过180条
2017-11-02 10:29:09,删除长低速记录,0.0,0.0,连续低于10 km/h的记录超过180条
2017-11-02 10:29:10,删除长低速记录,0.0,0.0,连续低于10 km/h的记录超过180条
2017-11-02 10:29:11,删除长低速记录,0.0,0.0,连续低于10 km/h的记录超过180条
2017-11-02 10:29:12,删除长低速记录,0.0,0.0,连续低于10 km/h的记录超过180条
2017-11-02 10:29:13,删除长低速记录,0.0,0.0,连续低于10 km/h的记录超过180条
2017-11-02 10:29:14,删除长低速记录,0.0,0.0,连续低于10 km/h的记录超过180条
2017-11-02 10:29:15,删除长低速记录,0.0,0.0,连续低于10 km/h的记录超过180条
2017-11-02 10:29:16,删除长低速记录,0.0,0.0,连续低于10 km/h的记录超过180条
2017-11-02 10:29:17,删除长低速记录,0.0,0.0,连续低于10 km/h的记录超过180条
2017-11-02 10:29:18,删除长低速记录,0.0,0.0,连续低于10 km/h的记录超过180条
2017-11-02 10:29:19,删除长低速记录,0.0,0.0,连续低于10 km/h的记录超过180条
2017-11-02 10:29:20,删除长低速记录,0.0,0.0,连续低于10 km/h的记录超过180条
2017-11-02 10:29:21,删除长低速记录,0.0,0.0,连续低于10 km/h的记录超过180条
2017-11-02 10:29:22,删除长低速记录,0.0,0.0,连续低于10 km/h的记录超过180条
2017-11-02 10:29:23,删除长低速记录,0.0,0.0,连续低于10 km/h的记录超过180条
2017-11-02 10:29:24,删除长低速记录,0.0,0.0,连续低于10 km/h的记录超过180条
2017-11-02 10:29:25,删除长低速记录,0.0,0.0,连续低于10 km/h的记录超过180条
2017-11-02 10:29:26,删除长低速记录,0.0,0.0,连续低于10 km/h的记录超过180条
2017-11-02 10:29:27,删除长低速记录,0.0,0.0,连续低于10 km/h的记录超过180条
2017-11-02 10:29:28,删除长低速记录,0.0,0.0,连续低于10 km/h的记录超过180条
2017-11-02 10:29:29,删除长低速记录,0.0,0.0,连续低于10 km/h的记录超过180条
2017-11-02 10:29:30,删除长低速记录,0.0,0.0,连续低于10 km/h的记录超过180条
2017-11-02 10:29:31,删除长低速记录,0.0,0.0,连续低于10 km/h的记录超过180条
2017-11-02 10:29:32,删除长低速记录,0.0,0.0,连续低于10 km/h的记录超过180条
2017-11-02 10:29:33,删除长低速记录,0.0,0.0,连续低于10 km/h的记录超过180条
2017-11-02 10:29:34,删除长低速记录,0.0,0.0,连续低于10 km/h的记录超过180条
2017-11-02 10:29:35,删除长低速记录,0.0,0.0,连续低于10 km/h的记录超过180条
2017-11-02 10:29:36,删除长低速记录,0.0,0.0,连续低于10 km/h的记录超过180条
2017-11-02 10:29:37,删除长低速记录,0.0,0.0,连续低于10 km/h的记录超过180条
2017-11-02 10:29:38,删除长低速记录,0.0,0.0,连续低于10 km/h的记录超过180条
2017-11-02 10:29:39,删除长低速记录,0.0,0.0,连续低于10 km/h的记录超过180条
2017-11-02 10:29:40,删除长低速记录,0.0,0.0,连续低于10 km/h的记录超过180条
2017-11-02 10:29:41,删除长低速记录,0.0,0.0,连续低于10 km/h的记录超过180条
2017-11-02 10:29:42,删除长低速记录,0.0,0.0,连续低于10 km/h的记录超过180条
2017-11-02 10:29:43,删除长低速记录,0.0,0.0,连续低于10 km/h的记录超过180条
2017-11-02 10:29:44,删除长低速记录,0.0,0.0,连续低于10 km/h的记录超过180条
2017-11-02 10:29:45,删除长低速记录,0.0,0.0,连续低于10 km/h的记录超过180条
2017-11-02 10:29:46,删除长低速记录,0.0,0.0,连续低于10 km/h的记录超过180条
2017-11-02 10:29:47,删除长低速记录,0.0,0.0,连续低于10 km/h的记录超过180条
2017-11-02 10:29:48,删除长低速记录,0.0,0.0,连续低于10 km/h的记录超过180条
2017-11-02 10:29:49,删除长低速记录,0.0,0.0,连续低于10 km/h的记录超过180条
2017-11-02 10:29:50,删除长低速记录,0.0,0.0,连续低于10 km/h的记录超过180条
2017-11-02 10:29:51,删除长低速记录,0.0,0.0,连续低于10 km/h的记录超过180条
2017-11-02 10:29:52,删除长低速记录,0.0,0.0,连续低于10 km/h的记录超过180条
2017-11-02 10:29:53,删除长低速记录,0.0,0.0,连续低于10 km/h的记录超过180条
2017-11-02 10:29:54,删除长低速记录,0.0,0.0,连续低于10 km/h的记录超过180条
2017-11-02 10:29:55,删除长低速记录,0.0,0.0,连续低于10 km/h的记录超过180条
2017-11-02 10:29:56,删除长低速记录,0.0,0.0,连续低于10 km/h的记录超过180条
2017-11-02 10:29:57,删除长低速记录,0.0,0.0,连续低于10 km/h的记录超过180条
2017-11-02 10:29:58,删除长低速记录,0.0,0.0,连续低于10 km/h的记录超过180条
2017-11-02 10:29:59,删除长低速记录,0.0,0.0,连续低于10 km/h的记录超过180条
2017-11-02 10:30:00,删除长低速记录,0.0,0.0,连续低于10 km/h的记录超过180条
2017-11-02 10:30:01,删除长低速记录,0.0,0.0,连续低于10 km/h的记录超过180条
2017-11-02 10:30:02,删除长低速记录,0.0,0.0,连续低于10 km/h的记录超过180条
2017-11-02 10:30:03,删除长低速记录,0.0,0.0,连续低于10 km/h的记录超过180条
2017-11-02 10:30:04,删除长低速记录,0.0,0.0,连续低于10 km/h的记录超过180条
2017-11-02 10:30:05,删除长低速记录,0.0,0.0,连续低于10 km/h的记录超过180条
2017-11-02 10:30:06,删除长低速记录,0.0,0.0,连续低于10 km/h的记录超过180条
2017-11-02 10:30:07,删除长低速记录,0.0,0.0,连续低于10 km/h的记录超过180条
2017-11-02 10:30:08,删除长低速记录,0.0,0.0,连续低于10 km/h的记录超过180条
2017-11-02 10:30:09,删除长低速记录,0.0,0.0,连续低于10 km/h的记录超过180条
2017-11-02 10:30:10,删除长低速记录,0.0,0.0,连续低于10 km/h的记录超过180条
2017-11-02 10:30:11,删除长低速记录,0.0,0.0,连续低于10 km/h的记录超过180条
2017-11-02 10:30:12,删除长低速记录,0.0,0.0,连续低于10 km/h的记录超过180条
2017-11-02 10:30:13,删除长低速记录,0.0,0.0,连续低于10 km/h的记录超过180条
2017-11-02 10:30:14,删除长低速记录,0.0,0.0,连续低于10 km/h的记录超过180条
2017-11-02 10:30:15,删除长低速记录,0.0,0.0,连续低于10 km/h的记录超过180条
2017-11-02 10:30:16,删除长低速记录,0.0,0.0,连续低于10 km/h的记录超过180条
2017-11-02 10:30:17,删除长低速记录,0.0,0.0,连续低于10 km/h的记录超过180条
2017-11-02 10:30:18,删除长低速记录,0.0,0.0,连续低于10 km/h的记录超过180条
2017-11-02 10:30:19,删除长低速记录,0.0,0.0,连续低于10 km/h的记录超过180条
2017-11-02 10:30:20,删除长低速记录,0.0,0.0,连续低于10 km/h的记录超过180条
2017-11-02 10:30:21,删除长低速记录,0.0,0.0,连续低于10 km/h的记录超过180条
2017-11-02 10:30:22,删除长低速记录,0.0,0.0,连续低于10 km/h的记录超过180条
2017-11-02 10:30:23,删除长低速记录,0.0,0.0,连续低于10 km/h的记录超过180条
2017-11-02 10:30:24,删除长低速记录,0.0,0.0,连续低于10 km/h的记录超过180条
2017-11-02 10:30:25,删除长低速记录,0.0,0.0,连续低于10 km/h的记录超过180条
2017-11-02 10:30:26,删除长低速记录,0.0,0.0,连续低于10 km/h的记录超过180条
2017-11-02 10:30:27,删除长低速记录,0.0,0.0,连续低于10 km/h的记录超过180条
2017-11-02 10:30:28,删除长低速记录,0.0,0.0,连续低于10 km/h的记录超过180条
2017-11-02 10:30:29,删除长低速记录,0.0,0.0,连续低于10 km/h的记录超过180条
2017-11-02 10:30:30,删除长低速记录,0.0,0.0,连续低于10 km/h的记录超过180条
2017-11-02 10:30:31,删除长低速记录,0.0,0.0,连续低于10 km/h的记录超过180条
2017-11-02 10:30:32,删除长低速记录,0.0,0.0,连续低于10 km/h的记录超过180条
2017-11-02 10:30:33,删除长低速记录,0.0,0.0,连续低于10 km/h的记录超过180条
2017-11-02 10:30:34,删除长低速记录,0.0,0.0,连续低于10 km/h的记录超过180条
2017-11-02 10:30:35,删除长低速记录,0.0,0.0,连续低于10 km/h的记录超过180条
2017-11-02 10:30:36,删除长低速记录,0.0,0.0,连续低于10 km/h的记录超过180条
2017-11-02 10:30:37,删除长低速记录,0.0,0.0,连续低于10 km/h的记录超过180条
2017-11-02 10:30:38,删除长低速记录,0.0,0.0,连续低于10 km/h的记录超过180条
2017-11-02 10:30:39,删除长低速记录,0.0,0.0,连续低于10 km/h的记录超过180条
2017-11-02 10:30:40,删除长低速记录,0.0,0.0,连续低于10 km/h的记录超过180条
2017-11-02 10:30:41,删除长低速记录,0.0,0.0,连续低于10 km/h的记录超过180条
2017-11-02 10:30:42,删除长低速记录,0.0,0.0,连续低于10 km/h的记录超过180条
2017-11-02 10:30:43,删除长低速记录,0.0,0.0,连续低于10 km/h的记录超过180条
2017-11-02 10:30:44,删除长低速记录,0.0,0.0,连续低于10 km/h的记录超过180条
2017-11-02 10:30:45,删除长低速记录,0.0,0.0,连续低于10 km/h的记录超过180条
2017-11-02 10:30:46,删除长低速记录,0.0,0.0,连续低于10 km/h的记录超过180条
2017-11-02 10:30:47,删除长低速记录,0.0,0.0,连续低于10 km/h的记录超过180条
2017-11-02 10:30:48,删除长低速记录,0.0,0.0,连续低于10 km/h的记录超过180条
2017-11-02 10:30:49,删除长低速记录,0.0,0.0,连续低于10 km/h的记录超过180条
2017-11-02 10:30:50,删除长低速记录,0.0,0.0,连续低于10 km/h的记录超过180条
2017-11-02 10:30:51,删除长低速记录,0.0,0.0,连续低于10 km/h的记录超过180条
2017-11-02 10:30:52,删除长低速记录,0.0,0.0,连续低于10 km/h的记录超过180条
2017-11-02 10:30:53,删除长低速记录,0.0,0.0,连续低于10 km/h的记录超过180条
2017-11-02 10:30:54,删除长低速记录,0.0,0.0,连续低于10 km/h的记录超过180条
2017-11-02 10:30:55,删除长低速记录,0.0,0.0,连续低于10 km/h的记录超过180条
2017-11-02 10:30:56,删除长低速记录,0.0,0.0,连续低于10 km/h的记录超过180条
2017-11-02 10:30:57,删除长低速记录,0.0,0.0,连续低于10 km/h的记录超过180条
2017-11-02 10:30:58,删除长低速记录,0.0,0.0,连续低于10 km/h的记录超过180条
2017-11-02 10:30:59,删除长低速记录,0.0,0.0,连续低于10 km/h的记录超过180条
2017-11-02 10:31:00,删除长低速记录,0.0,0.0,连续低于10 km/h的记录超过180条
2017-11-02 10:31:01,删除长低速记录,0.0,0.0,连续低于10 km/h的记录超过180条
2017-11-02 10:31:02,删除长低速记录,0.0,0.0,连续低于10 km/h的记录超过180条
2017-11-02 10:31:03,删除长低速记录,0.0,0.0,连续低于10 km/h的记录超过180条
2017-11-02 10:31:04,删除长低速记录,0.0,0.0,连续低于10 km/h的记录超过180条
2017-11-02 10:31:05,删除长低速记录,0.0,0.0,连续低于10 km/h的记录超过180条
2017-11-02 10:31:06,删除长低速记录,0.0,0.0,连续低于10 km/h的记录超过180条
2017-11-02 10:31:07,删除长低速记录,0.0,0.0,连续低于10 km/h的记录超过180条
2017-11-02 10:31:08,删除长低速记录,0.0,0.0,连续低于10 km/h的记录超过180条
2017-11-02 10:31:09,删除长低速记录,0.0,0.0,连续低于10 km/h的记录超过180条
2017-11-02 10:31:10,删除长低速记录,0.0,0.0,连续低于10 km/h的记录超过180条
2017-11-02 10:31:11,删除长低速记录,0.0,0.0,连续低于10 km/h的记录超过180条
2017-11-02 10:31:12,删除长低速记录,0.0,0.0,连续低于10 km/h的记录超过180条
2017-11-02 10:31:13,删除长低速记录,0.0,0.0,连续低于10 km/h的记录超过180条
2017-11-02 10:31:14,删除长低速记录,0.0,0.0,连续低于10 km/h的记录超过180条
2017-11-02 10:31:15,删除长低速记录,0.0,0.0,连续低于10 km/h的记录超过180条
2017-11-02 10:31:16,删除长低速记录,0.0,0.0,连续低于10 km/h的记录超过180条
2017-11-02 10:31:17,删除长低速记录,0.0,0.0,连续低于10 km/h的记录超过180条
2017-11-02 10:31:18,删除长低速记录,0.0,0.0,连续低于10 km/h的记录超过180条
2017-11-02 10:31:19,删除长低速记录,0.0,0.0,连续低于10 km/h的记录超过180条
2017-11-02 10:31:20,删除长低速记录,0.0,0.0,连续低于10 km/h的记录超过180条
2017-11-02 10:31:21,删除长低速记录,0.0,0.0,连续低于10 km/h的记录超过180条
2017-11-02 10:31:22,删除长低速记录,0.0,0.0,连续低于10 km/h的记录超过180条
2017-11-02 10:31:23,删除长低速记录,0.0,0.0,连续低于10 km/h的记录超过180条
2017-11-02 10:31:24,删除长低速记录,0.0,0.0,连续低于10 km/h的记录超过180条
2017-11-02 10:31:25,删除长低速记录,0.0,0.0,连续低于10 km/h的记录超过180条
2017-11-02 10:31:26,删除长低速记录,0.0,0.0,连续低于10 km/h的记录超过180条
2017-11-02 10:31:27,删除长低速记录,0.0,0.0,连续低于10 km/h的记录超过180条
2017-11-02 10:31:28,删除长低速记录,0.0,0.0,连续低于10 km/h的记录超过180条
2017-11-02 10:31:29,删除长低速记录,0.0,0.0,连续低于10 km/h的记录超过180条
2017-11-02 10:31:45,新增插值记录,,12.45,相邻速度 12.9 与 12 km/h 的线性中点
2017-11-02 11:13:48,新增插值记录,,41.85,相邻速度 41.2 与 42.5 km/h 的线性中点
2017-11-02 11:14:04,新增插值记录,,46.5,相邻速度 48.8 与 44.2 km/h 的线性中点
2017-11-02 11:14:27,新增插值记录,,39.8,相邻速度 39.8 与 39.8 km/h 的线性中点
2017-11-02 11:14:30,新增插值记录,,39.8,相邻速度 39.8 与 39.8 km/h 的线性中点
2017-11-02 11:14:46,新增插值记录,,39.8,相邻速度 39.8 与 39.8 km/h 的线性中点
2017-11-02 11:15:00,新增插值记录,,39.8,相邻速度 39.8 与 39.8 km/h 的线性中点
2017-11-02 11:15:03,新增插值记录,,39.8,相邻速度 39.8 与 39.8 km/h 的线性中点
2017-11-02 11:15:19,新增插值记录,,39.8,相邻速度 39.8 与 39.8 km/h 的线性中点
2017-11-02 11:15:33,新增插值记录,,39.8,相邻速度 39.8 与 39.8 km/h 的线性中点
2017-11-02 11:15:36,新增插值记录,,42.9,相邻速度 39.8 与 46 km/h 的线性中点
2017-11-02 11:15:52,新增插值记录,,41.5,相邻速度 39.5 与 43.5 km/h 的线性中点
2017-11-02 11:16:04,新增插值记录,,44.3,相邻速度 43.9 与 44.7 km/h 的线性中点
2017-11-02 11:16:06,新增插值记录,,45.6,相邻速度 44.7 与 46.5 km/h 的线性中点
2017-11-02 11:16:08,新增插值记录,,48.3,相邻速度 46.5 与 50.1 km/h 的线性中点
2017-11-02 11:16:31,新增插值记录,,44.3,相邻速度 43.9 与 44.7 km/h 的线性中点
2017-11-02 11:16:33,新增插值记录,,45.6,相邻速度 44.7 与 46.5 km/h 的线性中点
2017-11-02 11:16:35,新增插值记录,,48.3,相邻速度 46.5 与 50.1 km/h 的线性中点
2017-11-02 11:16:56,车速限幅,45.7,35.756,"连续1秒允许范围 [0.000000, 35.756000] km/h"
2017-11-02 11:16:57,新增插值记录,,45.7,相邻速度 45.7 与 45.7 km/h 的线性中点
2017-11-02 11:17:01,车速限幅,11.7,16.900000000000002,"连续1秒允许范围 [16.900000, 59.956000] km/h"
2017-11-02 11:17:04,车速限幅,45.7,25.256,"连续1秒允许范围 [0.000000, 25.256000] km/h"
2017-11-02 11:17:05,车速限幅,45.7,39.512,"连续1秒允许范围 [0.000000, 39.512000] km/h"
2017-11-02 11:17:07,车速限幅,10.7,16.900000000000002,"连续1秒允许范围 [16.900000, 59.956000] km/h"
2017-11-02 11:17:08,车速限幅,45.7,31.156000000000002,"连续1秒允许范围 [0.000000, 31.156000] km/h"
2017-11-02 11:17:10,车速限幅,45.7,28.556,"连续1秒允许范围 [0.000000, 28.556000] km/h"
2017-11-02 11:17:16,新增插值记录,,28.6,相邻速度 27.1 与 30.1 km/h 的线性中点
2017-11-02 11:17:22,新增插值记录,,25.0,相邻速度 29.7 与 20.3 km/h 的线性中点
2017-11-02 11:17:30,新增插值记录,,27.25,相邻速度 26.7 与 27.8 km/h 的线性中点
2017-11-02 11:17:33,车速限幅,29.9,25.256,"连续1秒允许范围 [0.000000, 25.256000] km/h"
2017-11-02 11:17:35,车速限幅,29.0,24.956,"连续1秒允许范围 [0.000000, 24.956000] km/h"
2017-11-02 11:17:37,车速限幅,30.4,28.556,"连续1秒允许范围 [0.000000, 28.556000] km/h"
2017-11-02 11:17:38,新增插值记录,,30.85,相邻速度 30.4 与 31.3 km/h 的线性中点
2017-11-02 11:17:40,新增插值记录,,31.1,相邻速度 31.3 与 30.9 km/h 的线性中点
2017-11-02 11:17:46,新增插值记录,,31.6,相邻速度 30 与 33.2 km/h 的线性中点
2017-11-02 11:17:49,新增插值记录,,30.799999999999997,相邻速度 29.7 与 31.9 km/h 的线性中点
2017-11-02 11:17:51,车速限幅,50.7,46.156,"连续1秒允许范围 [3.100000, 46.156000] km/h"
2017-11-02 11:17:55,新增插值记录,,45.85,相邻速度 45.1 与 46.6 km/h 的线性中点
2017-11-02 11:18:03,新增插值记录,,48.8,相邻速度 48.9 与 48.7 km/h 的线性中点
2017-11-02 11:18:07,新增插值记录,,48.5,相邻速度 52 与 45 km/h 的线性中点
2017-11-02 11:18:13,新增插值记录,,48.650000000000006,相邻速度 48.7 与 48.6 km/h 的线性中点
2017-11-02 11:18:17,车速限幅,49.0,47.456,"连续1秒允许范围 [4.400000, 47.456000] km/h"
2017-11-02 11:18:23,新增插值记录,,47.5,相邻速度 47.3 与 47.7 km/h 的线性中点
2017-11-02 11:18:27,新增插值记录,,46.25,相邻速度 46.2 与 46.3 km/h 的线性中点
2017-11-02 11:18:31,新增插值记录,,30.450000000000003,相邻速度 31.1 与 29.8 km/h 的线性中点
2017-11-02 11:18:33,车速限幅,52.0,44.056,"连续1秒允许范围 [1.000000, 44.056000] km/h"
2017-11-02 11:18:35,新增插值记录,,36.5,相邻速度 35.6 与 37.4 km/h 的线性中点
2017-11-02 11:18:55,新增插值记录,,45.65,相邻速度 44.5 与 46.8 km/h 的线性中点
2017-11-02 11:19:03,新增插值记录,,46.3,相邻速度 46.7 与 45.9 km/h 的线性中点
2017-11-02 11:19:09,新增插值记录,,38.85,相邻速度 39.6 与 38.1 km/h 的线性中点
2017-11-02 11:19:19,新增插值记录,,43.45,相邻速度 40.3 与 46.6 km/h 的线性中点
2017-11-02 11:19:23,新增插值记录,,43.8,相邻速度 42.2 与 45.4 km/h 的线性中点
2017-11-02 11:19:41,新增插值记录,,24.05,相邻速度 25.1 与 23 km/h 的线性中点
2017-11-02 11:19:45,车速限幅,40.3,30.956,"连续1秒允许范围 [0.000000, 30.956000] km/h"
2017-11-02 11:19:47,新增插值记录,,14.8,相邻速度 15.3 与 14.3 km/h 的线性中点
2017-11-02 11:19:57,新增插值记录,,20.1,相邻速度 18.5 与 21.7 km/h 的线性中点
2017-11-02 11:19:59,新增插值记录,,22.1,相邻速度 21.7 与 22.5 km/h 的线性中点
2017-11-02 11:20:15,新增插值记录,,34.0,相邻速度 33.5 与 34.5 km/h 的线性中点
2017-11-02 11:20:21,新增插值记录,,37.7,相邻速度 37.1 与 38.3 km/h 的线性中点
2017-11-02 11:20:24,车速限幅,41.1,32.756,"连续1秒允许范围 [0.000000, 32.756000] km/h"
2017-11-02 11:20:26,车速限幅,41.7,35.956,"连续1秒允许范围 [0.000000, 35.956000] km/h"
2017-11-02 11:20:33,新增插值记录,,40.650000000000006,相邻速度 40.2 与 41.1 km/h 的线性中点
2017-11-02 11:20:37,新增插值记录,,41.3,相邻速度 41.5 与 41.1 km/h 的线性中点
2017-11-02 11:21:26,新增插值记录,,40.05,相邻速度 40.2 与 39.9 km/h 的线性中点
2017-11-02 11:21:28,新增插值记录,,40.55,相邻速度 39.9 与 41.2 km/h 的线性中点
2017-11-02 11:21:40,新增插值记录,,33.6,相邻速度 33.2 与 34 km/h 的线性中点
2017-11-02 11:21:58,新增插值记录,,34.7,相邻速度 34.7 与 34.7 km/h 的线性中点
2017-11-02 11:22:08,新增插值记录,,38.55,相邻速度 38.8 与 38.3 km/h 的线性中点
2017-11-02 11:22:30,新增插值记录,,41.2,相邻速度 42.7 与 39.7 km/h 的线性中点
2017-11-02 11:22:36,新增插值记录,,34.8,相邻速度 36.1 与 33.5 km/h 的线性中点
2017-11-02 11:22:58,新增插值记录,,41.45,相邻速度 41 与 41.9 km/h 的线性中点
2017-11-02 11:23:18,新增插值记录,,33.5,相邻速度 33.5 与 33.5 km/h 的线性中点
2017-11-02 11:23:30,新增插值记录,,37.85,相邻速度 37.7 与 38 km/h 的线性中点
2017-11-02 11:23:43,新增插值记录,,33.15,相邻速度 32.8 与 33.5 km/h 的线性中点
2017-11-02 11:23:55,新增插值记录,,37.25,相邻速度 36.8 与 37.7 km/h 的线性中点
2017-11-02 11:24:04,新增插值记录,,44.25,相邻速度 44.3 与 44.2 km/h 的线性中点
2017-11-02 11:24:07,车速限幅,53.1,49.256,"连续1秒允许范围 [6.200000, 49.256000] km/h"
2017-11-02 11:24:27,新增插值记录,,48.5,相邻速度 48.5 与 48.5 km/h 的线性中点
2017-11-02 11:24:31,新增插值记录,,47.3,相邻速度 46.8 与 47.8 km/h 的线性中点
2017-11-02 11:24:33,新增插值记录,,49.05,相邻速度 47.8 与 50.3 km/h 的线性中点
2017-11-02 11:24:49,新增插值记录,,52.65,相邻速度 51.9 与 53.4 km/h 的线性中点
2017-11-02 11:25:03,新增插值记录,,50.35,相邻速度 50 与 50.7 km/h 的线性中点
2017-11-02 11:25:05,新增插值记录,,51.8,相邻速度 50.7 与 52.9 km/h 的线性中点
2017-11-02 11:25:23,新增插值记录,,44.7,相邻速度 45.1 与 44.3 km/h 的线性中点
2017-11-02 11:25:59,新增插值记录,,48.25,相邻速度 49.1 与 47.4 km/h 的线性中点
2017-11-02 11:26:09,新增插值记录,,47.8,相邻速度 47.4 与 48.2 km/h 的线性中点
2017-11-02 11:26:11,新增插值记录,,48.0,相邻速度 48.2 与 47.8 km/h 的线性中点
2017-11-02 11:26:15,新增插值记录,,46.8,相邻速度 47.4 与 46.2 km/h 的线性中点
2017-11-02 11:26:23,新增插值记录,,45.25,相邻速度 44.7 与 45.8 km/h 的线性中点
2017-11-02 11:26:29,新增插值记录,,44.9,相邻速度 44.9 与 44.9 km/h 的线性中点
2017-11-02 11:26:31,新增插值记录,,44.95,相邻速度 44.9 与 45 km/h 的线性中点
2017-11-02 11:26:39,新增插值记录,,47.3,相邻速度 47.9 与 46.7 km/h 的线性中点
2017-11-02 11:26:43,新增插值记录,,43.75,相邻速度 45.5 与 42 km/h 的线性中点
2017-11-02 11:26:53,新增插值记录,,24.0,相邻速度 25.3 与 22.7 km/h 的线性中点
2017-11-02 11:26:55,车速限幅,44.9,36.956,"连续1秒允许范围 [0.000000, 36.956000] km/h"
2017-11-02 11:26:57,车速限幅,44.9,32.856,"连续1秒允许范围 [0.000000, 32.856000] km/h"
2017-11-02 11:26:59,新增插值记录,,8.600000000000001,相邻速度 11.8 与 5.4 km/h 的线性中点
2017-11-02 11:27:01,车速限幅,45.3,19.656,"连续1秒允许范围 [0.000000, 19.656000] km/h"
2017-11-02 11:27:03,车速限幅,45.6,20.156,"连续1秒允许范围 [0.000000, 20.156000] km/h"
2017-11-02 11:27:05,车速限幅,47.9,17.756,"连续1秒允许范围 [0.000000, 17.756000] km/h"
2017-11-02 11:27:07,车速限幅,46.7,16.756,"连续1秒允许范围 [0.000000, 16.756000] km/h"
2017-11-02 11:27:09,车速限幅,45.5,14.256,"连续1秒允许范围 [0.000000, 14.256000] km/h"
2017-11-02 11:27:11,新增插值记录,,1.5,相邻速度 0 与 3 km/h 的线性中点
2017-11-02 11:27:15,新增插值记录,,2.95,相邻速度 3 与 2.9 km/h 的线性中点
2017-11-02 11:27:17,新增插值记录,,2.55,相邻速度 2.9 与 2.2 km/h 的线性中点
2017-11-02 11:27:19,车速限幅,25.3,16.456,"连续1秒允许范围 [0.000000, 16.456000] km/h"
2017-11-02 11:27:23,车速限幅,18.6,15.856,"连续1秒允许范围 [0.000000, 15.856000] km/h"
2017-11-02 11:27:54,新增插值记录,,50.0,相邻速度 49.5 与 50.5 km/h 的线性中点
2017-11-02 11:27:56,新增插值记录,,50.1,相邻速度 50.5 与 49.7 km/h 的线性中点
2017-11-02 11:28:04,新增插值记录,,45.3,相邻速度 45.3 与 45.3 km/h 的线性中点
2017-11-02 11:28:06,新增插值记录,,45.9,相邻速度 45.3 与 46.5 km/h 的线性中点
2017-11-02 11:28:21,新增插值记录,,50.0,相邻速度 49.5 与 50.5 km/h 的线性中点
2017-11-02 11:28:31,新增插值记录,,45.3,相邻速度 45.3 与 45.3 km/h 的线性中点
2017-11-02 11:29:16,新增插值记录,,58.650000000000006,相邻速度 60.2 与 57.1 km/h 的线性中点
2017-11-02 11:29:22,新增插值记录,,54.9,相邻速度 55.5 与 54.3 km/h 的线性中点
2017-11-02 11:29:30,新增插值记录,,53.2,相邻速度 51.8 与 54.6 km/h 的线性中点
2017-11-02 11:29:36,新增插值记录,,54.55,相邻速度 55.7 与 53.4 km/h 的线性中点
2017-11-02 11:29:38,新增插值记录,,52.75,相邻速度 53.4 与 52.1 km/h 的线性中点
2017-11-02 11:29:40,新增插值记录,,52.650000000000006,相邻速度 52.1 与 53.2 km/h 的线性中点
2017-11-02 11:29:44,新增插值记录,,51.150000000000006,相邻速度 51.1 与 51.2 km/h 的线性中点
2017-11-02 11:29:46,新增插值记录,,51.2,相邻速度 51.2 与 51.2 km/h 的线性中点
2017-11-02 11:29:52,新增插值记录,,50.75,相邻速度 50.2 与 51.3 km/h 的线性中点
2017-11-02 11:29:54,新增插值记录,,50.8,相邻速度 51.3 与 50.3 km/h 的线性中点
2017-11-02 11:29:58,新增插值记录,,55.7,相邻速度 61.8 与 49.6 km/h 的线性中点
2017-11-02 11:30:14,新增插值记录,,45.5,相邻速度 44.5 与 46.5 km/h 的线性中点
2017-11-02 11:30:24,车速限幅,61.8,61.056,"连续1秒允许范围 [18.000000, 61.056000] km/h"
2017-11-02 11:30:30,新增插值记录,,42.9,相邻速度 42.4 与 43.4 km/h 的线性中点
2017-11-02 11:30:40,车速限幅,44.5,42.756,"连续1秒允许范围 [0.000000, 42.756000] km/h"
2017-11-02 11:30:42,新增插值记录,,23.5,相邻速度 23.7 与 23.3 km/h 的线性中点
2017-11-02 11:30:48,新增插值记录,,27.0,相邻速度 25.4 与 28.6 km/h 的线性中点
2017-11-02 11:30:50,车速限幅,46.8,42.856,"连续1秒允许范围 [0.000000, 42.856000] km/h"
2017-11-02 11:31:02,新增插值记录,,26.1,相邻速度 24.5 与 27.7 km/h 的线性中点
2017-11-02 11:31:15,新增插值记录,,18.55,相邻速度 8.5 与 28.6 km/h 的线性中点
2017-11-02 11:31:17,新增插值记录,,19.75,相邻速度 28.6 与 10.9 km/h 的线性中点
2017-11-02 11:31:20,车速限幅,28.8,26.356,"连续1秒允许范围 [0.000000, 26.356000] km/h"
2017-11-02 11:31:51,新增插值记录,,0.75,相邻速度 1.5 与 0 km/h 的线性中点
2017-11-02 11:32:00,新增插值记录,,6.15,相邻速度 4.3 与 8 km/h 的线性中点
2017-11-02 11:32:08,新增插值记录,,22.85,相邻速度 21.9 与 23.8 km/h 的线性中点
2017-11-02 11:36:38,删除长低速记录,0.0,0.0,连续低于10 km/h的记录超过180条
2017-11-02 11:36:39,删除长低速记录,0.0,0.0,连续低于10 km/h的记录超过180条
2017-11-02 11:36:40,删除长低速记录,0.0,0.0,连续低于10 km/h的记录超过180条
2017-11-02 11:36:41,删除长低速记录,0.0,0.0,连续低于10 km/h的记录超过180条
2017-11-02 11:36:42,删除长低速记录,0.0,0.0,连续低于10 km/h的记录超过180条
2017-11-02 11:36:43,删除长低速记录,0.0,0.0,连续低于10 km/h的记录超过180条
2017-11-02 11:36:44,删除长低速记录,6.7,6.7,连续低于10 km/h的记录超过180条
2017-11-02 11:37:13,车速限幅,14.8,14.456,"连续1秒允许范围 [0.000000, 14.456000] km/h"
2017-11-02 14:19:30,新增插值记录,,71.0,相邻速度 70 与 72 km/h 的线性中点
2017-11-02 15:17:25,新增插值记录,,28.5,相邻速度 27.7 与 29.3 km/h 的线性中点
2017-11-03 06:41:11,新增插值记录,,9.95,相邻速度 10.5 与 9.4 km/h 的线性中点
2017-11-03 06:41:25,新增插值记录,,9.850000000000001,相邻速度 10.3 与 9.4 km/h 的线性中点
2017-11-03 06:41:27,新增插值记录,,9.05,相邻速度 9.4 与 8.7 km/h 的线性中点
2017-11-03 09:04:56,车速限幅,81.6,52.556,"连续1秒允许范围 [9.500000, 52.556000] km/h"
2017-11-03 09:04:57,新增插值记录,,77.5,相邻速度 81.6 与 73.4 km/h 的线性中点
2017-11-03 09:04:57,车速限幅,77.5,66.812,"连续1秒允许范围 [23.756000, 66.812000] km/h"
2017-11-03 09:05:03,新增插值记录,,72.85,相邻速度 73 与 72.7 km/h 的线性中点
2017-11-03 09:05:06,新增插值记录,,74.0,相邻速度 75 与 73 km/h 的线性中点
2017-11-03 09:05:13,新增插值记录,,75.0,相邻速度 75 与 75 km/h 的线性中点
2017-11-03 09:05:22,车速限幅,10.6,46.2,"连续1秒允许范围 [46.200000, 89.256000] km/h"
2017-11-03 09:05:33,新增插值记录,,8.8,相邻速度 8.6 与 9 km/h 的线性中点
2017-11-03 09:05:35,新增插值记录,,9.15,相邻速度 9 与 9.3 km/h 的线性中点
2017-11-03 09:05:41,新增插值记录,,8.95,相邻速度 9 与 8.9 km/h 的线性中点
2017-11-03 09:05:47,新增插值记录,,4.95,相邻速度 5.9 与 4 km/h 的线性中点
2017-11-03 09:05:56,新增插值记录,,3.9,相邻速度 4 与 3.8 km/h 的线性中点
2017-11-03 09:06:27,新增插值记录,,3.0,相邻速度 3.1 与 2.9 km/h 的线性中点
2017-11-03 09:11:06,新增插值记录,,45.8,相邻速度 45.1 与 46.5 km/h 的线性中点
2017-11-03 09:13:31,新增插值记录,,62.7,相邻速度 62.1 与 63.3 km/h 的线性中点
2017-11-03 09:15:33,新增插值记录,,43.849999999999994,相邻速度 44.3 与 43.4 km/h 的线性中点
2017-11-03 09:16:01,新增插值记录,,18.4,相邻速度 23.1 与 13.7 km/h 的线性中点
2017-11-03 09:16:39,新增插值记录,,10.85,相邻速度 12.7 与 9 km/h 的线性中点
2017-11-03 09:16:49,新增插值记录,,18.95,相邻速度 19 与 18.9 km/h 的线性中点
2017-11-03 09:17:02,新增插值记录,,23.55,相邻速度 23.6 与 23.5 km/h 的线性中点
2017-11-03 09:17:09,新增插值记录,,24.9,相邻速度 24.3 与 25.5 km/h 的线性中点
2017-11-03 09:17:15,新增插值记录,,30.25,相邻速度 30.1 与 30.4 km/h 的线性中点
2017-11-03 09:17:21,新增插值记录,,34.85,相邻速度 34.7 与 35 km/h 的线性中点
2017-11-03 09:17:42,车速限幅,30.1,21.356,"连续1秒允许范围 [0.000000, 21.356000] km/h"
2017-11-03 09:17:43,车速限幅,36.9,35.612,"连续1秒允许范围 [0.000000, 35.612000] km/h"
2017-11-03 09:17:54,新增插值记录,,30.6,相邻速度 26 与 35.2 km/h 的线性中点
2017-11-03 09:18:12,新增插值记录,,45.55,相邻速度 45.9 与 45.2 km/h 的线性中点
2017-11-03 09:18:22,新增插值记录,,34.55,相邻速度 37.6 与 31.5 km/h 的线性中点
2017-11-03 09:21:05,新增插值记录,,3.8499999999999996,相邻速度 3.6 与 4.1 km/h 的线性中点
2017-11-03 09:21:28,删除长低速记录,0.0,0.0,连续低于10 km/h的记录超过180条
2017-11-03 09:21:29,删除长低速记录,0.0,0.0,连续低于10 km/h的记录超过180条
2017-11-03 09:21:30,删除长低速记录,0.0,0.0,连续低于10 km/h的记录超过180条
2017-11-03 09:21:31,删除长低速记录,0.0,0.0,连续低于10 km/h的记录超过180条
2017-11-03 09:21:32,删除长低速记录,0.0,0.0,连续低于10 km/h的记录超过180条
2017-11-03 09:21:33,删除长低速记录,0.0,0.0,连续低于10 km/h的记录超过180条
2017-11-03 09:21:34,删除长低速记录,1.8,1.8,连续低于10 km/h的记录超过180条
2017-11-03 09:21:35,删除长低速记录,3.2,3.2,连续低于10 km/h的记录超过180条
2017-11-03 09:21:36,删除长低速记录,2.9,2.9,连续低于10 km/h的记录超过180条
2017-11-03 09:21:37,删除长低速记录,2.1,2.1,连续低于10 km/h的记录超过180条
2017-11-03 09:21:38,删除长低速记录,2.1,2.1,连续低于10 km/h的记录超过180条
2017-11-03 09:21:39,删除长低速记录,0.0,0.0,连续低于10 km/h的记录超过180条
2017-11-03 09:21:40,删除长低速记录,0.0,0.0,连续低于10 km/h的记录超过180条
2017-11-03 09:21:41,删除长低速记录,0.0,0.0,连续低于10 km/h的记录超过180条
2017-11-03 09:21:42,删除长低速记录,0.0,0.0,连续低于10 km/h的记录超过180条
2017-11-03 09:21:43,删除长低速记录,0.0,0.0,连续低于10 km/h的记录超过180条
2017-11-03 09:21:44,删除长低速记录,0.0,0.0,连续低于10 km/h的记录超过180条
2017-11-03 09:21:45,删除长低速记录,2.8,2.8,连续低于10 km/h的记录超过180条
2017-11-03 09:21:46,删除长低速记录,6.9,6.9,连续低于10 km/h的记录超过180条
2017-11-03 09:22:00,新增插值记录,,32.900000000000006,相邻速度 32.1 与 33.7 km/h 的线性中点
2017-11-03 09:22:44,新增插值记录,,42.7,相邻速度 41.9 与 43.5 km/h 的线性中点
2017-11-03 09:22:46,新增插值记录,,44.1,相邻速度 43.5 与 44.7 km/h 的线性中点
2017-11-03 09:22:51,新增插值记录,,41.3,相邻速度 41.4 与 41.2 km/h 的线性中点
2017-11-03 09:30:28,新增插值记录,,29.6,相邻速度 26.7 与 32.5 km/h 的线性中点
2017-11-03 09:30:42,新增插值记录,,26.65,相邻速度 24.3 与 29 km/h 的线性中点
2017-11-03 09:30:52,新增插值记录,,35.3,相邻速度 35 与 35.6 km/h 的线性中点
2017-11-03 09:31:00,新增插值记录,,35.55,相邻速度 37 与 34.1 km/h 的线性中点
2017-11-03 09:31:14,新增插值记录,,31.0,相邻速度 31.6 与 30.4 km/h 的线性中点
2017-11-03 09:31:24,新增插值记录,,23.85,相邻速度 23.9 与 23.8 km/h 的线性中点
2017-11-03 09:31:36,新增插值记录,,31.6,相邻速度 30.7 与 32.5 km/h 的线性中点
2017-11-03 09:31:46,新增插值记录,,46.150000000000006,相邻速度 41.7 与 50.6 km/h 的线性中点
2017-11-03 09:31:54,新增插值记录,,52.0,相邻速度 48.4 与 55.6 km/h 的线性中点
2017-11-03 09:34:07,新增插值记录,,31.05,相邻速度 31.1 与 31 km/h 的线性中点
2017-11-03 09:34:53,新增插值记录,,18.45,相邻速度 18.4 与 18.5 km/h 的线性中点
2017-11-03 09:35:21,新增插值记录,,18.3,相邻速度 17.1 与 19.5 km/h 的线性中点
2017-11-03 09:35:23,新增插值记录,,24.5,相邻速度 19.5 与 29.5 km/h 的线性中点
2017-11-03 09:35:28,新增插值记录,,26.15,相邻速度 25.5 与 26.8 km/h 的线性中点
2017-11-03 09:36:04,新增插值记录,,41.9,相邻速度 43.5 与 40.3 km/h 的线性中点
2017-11-03 09:36:12,新增插值记录,,36.75,相邻速度 38 与 35.5 km/h 的线性中点
2017-11-03 09:36:44,新增插值记录,,49.150000000000006,相邻速度 49.2 与 49.1 km/h 的线性中点
2017-11-03 09:37:36,新增插值记录,,53.95,相邻速度 53.5 与 54.4 km/h 的线性中点
2017-11-03 09:38:00,新增插值记录,,67.35,相邻速度 60.3 与 74.4 km/h 的线性中点
2017-11-03 09:38:02,新增插值记录,,74.15,相邻速度 74.4 与 73.9 km/h 的线性中点
2017-11-03 09:38:39,新增插值记录,,98.25,相邻速度 97.6 与 98.9 km/h 的线性中点
2017-11-03 09:39:17,新增插值记录,,0.0,相邻速度 0 与 0 km/h 的线性中点
2017-11-03 09:39:23,新增插值记录,,0.0,相邻速度 0 与 0 km/h 的线性中点
2017-11-03 09:39:29,新增插值记录,,0.0,相邻速度 0 与 0 km/h 的线性中点
2017-11-03 09:39:39,新增插值记录,,25.400000000000002,相邻速度 5.2 与 45.6 km/h 的线性中点
2017-11-03 09:39:39,车速限幅,25.400000000000002,19.456,"连续1秒允许范围 [0.000000, 19.456000] km/h"
2017-11-03 09:39:40,车速限幅,45.6,33.712,"连续1秒允许范围 [0.000000, 33.712000] km/h"
2017-11-03 09:39:43,车速限幅,5.2,28.599999999999998,"连续1秒允许范围 [28.600000, 71.656000] km/h"
2017-11-03 09:39:44,车速限幅,50.1,42.855999999999995,"连续1秒允许范围 [0.000000, 42.856000] km/h"
2017-11-03 09:39:51,新增插值记录,,43.85,相邻速度 43.1 与 44.6 km/h 的线性中点
2017-11-03 09:39:53,新增插值记录,,44.650000000000006,相邻速度 44.6 与 44.7 km/h 的线性中点
2017-11-03 09:39:58,车速限幅,63.7,58.856,"连续1秒允许范围 [15.800000, 58.856000] km/h"
2017-11-03 09:40:01,新增插值记录,,71.3,相邻速度 71.5 与 71.1 km/h 的线性中点
2017-11-03 09:40:07,新增插值记录,,73.6,相邻速度 75.1 与 72.1 km/h 的线性中点
2017-11-03 09:40:13,新增插值记录,,77.75,相邻速度 75.6 与 79.9 km/h 的线性中点
2017-11-03 09:40:23,新增插值记录,,75.0,相邻速度 74.2 与 75.8 km/h 的线性中点
2017-11-03 09:40:40,新增插值记录,,82.05,相邻速度 83.5 与 80.6 km/h 的线性中点
2017-11-03 09:40:48,新增插值记录,,85.05,相邻速度 83.5 与 86.6 km/h 的线性中点
2017-11-03 09:40:50,新增插值记录,,89.75,相邻速度 86.6 与 92.9 km/h 的线性中点
2017-11-03 09:40:56,新增插值记录,,91.75,相邻速度 91.8 与 91.7 km/h 的线性中点
2017-11-03 09:40:58,新增插值记录,,91.6,相邻速度 91.7 与 91.5 km/h 的线性中点
2017-11-03 09:41:04,新增插值记录,,93.69999999999999,相邻速度 93.8 与 93.6 km/h 的线性中点
2017-11-03 09:41:06,新增插值记录,,93.5,相邻速度 93.6 与 93.4 km/h 的线性中点
2017-11-03 09:41:38,新增插值记录,,90.85,相邻速度 89.4 与 92.3 km/h 的线性中点
2017-11-03 09:41:53,新增插值记录,,80.7,相邻速度 76.4 与 85 km/h 的线性中点
2017-11-03 09:42:08,新增插值记录,,87.45,相邻速度 79 与 95.9 km/h 的线性中点
2017-11-03 09:42:14,新增插值记录,,88.5,相邻速度 87.8 与 89.2 km/h 的线性中点
2017-11-03 09:42:22,新增插值记录,,71.65,相邻速度 72.2 与 71.1 km/h 的线性中点
2017-11-03 09:42:30,新增插值记录,,64.85,相邻速度 59.9 与 69.8 km/h 的线性中点
2017-11-03 09:42:35,车速限幅,75.2,74.156,"连续1秒允许范围 [31.100000, 74.156000] km/h"
2017-11-03 09:42:50,新增插值记录,,62.6,相邻速度 64.4 与 60.8 km/h 的线性中点
2017-11-03 09:42:52,新增插值记录,,60.849999999999994,相邻速度 60.8 与 60.9 km/h 的线性中点
2017-11-03 09:43:10,新增插值记录,,58.150000000000006,相邻速度 58.6 与 57.7 km/h 的线性中点
2017-11-03 09:43:13,新增插值记录,,58.6,相邻速度 55.5 与 61.7 km/h 的线性中点
2017-11-03 09:43:18,新增插值记录,,56.15,相邻速度 55.5 与 56.8 km/h 的线性中点
2017-11-03 09:43:25,新增插值记录,,58.7,相邻速度 60.4 与 57 km/h 的线性中点
2017-11-03 09:43:28,新增插值记录,,56.85,相邻速度 58.5 与 55.2 km/h 的线性中点
2017-11-03 09:43:36,新增插值记录,,48.099999999999994,相邻速度 47.8 与 48.4 km/h 的线性中点
2017-11-03 09:43:38,新增插值记录,,48.65,相邻速度 48.4 与 48.9 km/h 的线性中点
2017-11-03 09:43:53,新增插值记录,,52.7,相邻速度 53.1 与 52.3 km/h 的线性中点
2017-11-03 09:44:08,车速限幅,31.1,30.256,"连续1秒允许范围 [0.000000, 30.256000] km/h"
2017-11-03 09:44:09,新增插值记录,,35.55,相邻速度 31.1 与 40 km/h 的线性中点
2017-11-03 09:44:15,新增插值记录,,43.85,相邻速度 44.5 与 43.2 km/h 的线性中点
2017-11-03 09:44:17,新增插值记录,,43.2,相邻速度 43.2 与 43.2 km/h 的线性中点
2017-11-03 09:44:31,新增插值记录,,17.75,相邻速度 15.6 与 19.9 km/h 的线性中点
2017-11-03 18:41:27,新增插值记录,,3.8,相邻速度 3.8 与 3.8 km/h 的线性中点
2017-11-03 19:40:51,新增插值记录,,6.95,相邻速度 7 与 6.9 km/h 的线性中点
2017-11-03 19:40:53,新增插值记录,,6.050000000000001,相邻速度 6.9 与 5.2 km/h 的线性中点
2017-11-03 19:41:05,新增插值记录,,6.050000000000001,相邻速度 6.9 与 5.2 km/h 的线性中点
2017-11-03 19:41:36,新增插值记录,,0.0,相邻速度 0 与 0 km/h 的线性中点
2017-11-03 19:41:40,新增插值记录,,6.300000000000001,相邻速度 6.9 与 5.7 km/h 的线性中点
2017-11-03 19:42:00,车速限幅,31.3,22.556,"连续1秒允许范围 [0.000000, 22.556000] km/h"
2017-11-03 19:42:02,车速限幅,29.5,22.556,"连续1秒允许范围 [0.000000, 22.556000] km/h"
2017-11-03 19:42:04,新增插值记录,,33.85,相邻速度 29.7 与 38 km/h 的线性中点
2017-11-03 19:42:06,新增插值记录,,38.3,相邻速度 38 与 38.6 km/h 的线性中点
2017-11-03 19:42:20,新增插值记录,,36.900000000000006,相邻速度 36.6 与 37.2 km/h 的线性中点
2017-11-03 19:42:36,新增插值记录,,30.450000000000003,相邻速度 29.3 与 31.6 km/h 的线性中点
2017-11-03 19:42:38,新增插值记录,,31.55,相邻速度 31.6 与 31.5 km/h 的线性中点
2017-11-03 19:42:40,新增插值记录,,35.4,相邻速度 31.5 与 39.3 km/h 的线性中点
2017-11-03 19:42:44,新增插值记录,,34.8,相邻速度 34.3 与 35.3 km/h 的线性中点
2017-11-03 19:42:50,新增插值记录,,33.35,相邻速度 35.2 与 31.5 km/h 的线性中点
2017-11-03 19:42:52,新增插值记录,,31.5,相邻速度 31.5 与 31.5 km/h 的线性中点
2017-11-03 19:42:58,新增插值记录,,32.45,相邻速度 29 与 35.9 km/h 的线性中点
2017-11-03 19:43:00,新增插值记录,,35.55,相邻速度 35.9 与 35.2 km/h 的线性中点
2017-11-03 19:43:02,新增插值记录,,34.0,相邻速度 35.2 与 32.8 km/h 的线性中点
2017-11-03 19:43:10,新增插值记录,,33.3,相邻速度 30.7 与 35.9 km/h 的线性中点
2017-11-03 19:43:20,新增插值记录,,33.85,相邻速度 35.9 与 31.8 km/h 的线性中点
2017-11-03 19:43:26,新增插值记录,,28.5,相邻速度 28.7 与 28.3 km/h 的线性中点
2017-11-03 19:43:28,新增插值记录,,28.3,相邻速度 28.3 与 28.3 km/h 的线性中点
2017-11-03 19:43:32,新增插值记录,,30.05,相邻速度 28.3 与 31.8 km/h 的线性中点
2017-11-03 19:43:40,车速限幅,31.8,21.656,"连续1秒允许范围 [0.000000, 21.656000] km/h"
2017-11-03 19:43:45,车速限幅,31.8,27.556,"连续1秒允许范围 [0.000000, 27.556000] km/h"
2017-11-03 19:43:50,新增插值记录,,19.6,相邻速度 31.8 与 7.4 km/h 的线性中点
2017-11-03 19:43:52,新增插值记录,,5.7,相邻速度 7.4 与 4 km/h 的线性中点
2017-11-03 19:44:13,新增插值记录,,0.3,相邻速度 0 与 0.6 km/h 的线性中点
2017-11-03 19:44:37,新增插值记录,,15.9,相邻速度 23.8 与 8 km/h 的线性中点
2017-11-03 19:44:57,新增插值记录,,0.1,相邻速度 0 与 0.2 km/h 的线性中点
2017-11-03 19:45:09,新增插值记录,,14.100000000000001,相邻速度 13.9 与 14.3 km/h 的线性中点
2017-11-03 19:45:13,新增插值记录,,11.3,相邻速度 11.4 与 11.2 km/h 的线性中点
2017-11-03 19:45:25,新增插值记录,,32.25,相邻速度 34.5 与 30 km/h 的线性中点
2017-11-03 19:45:27,新增插值记录,,29.6,相邻速度 30 与 29.2 km/h 的线性中点
2017-11-03 19:45:31,新增插值记录,,28.9,相邻速度 29.7 与 28.1 km/h 的线性中点
2017-11-03 19:45:43,新增插值记录,,9.399999999999999,相邻速度 11.2 与 7.6 km/h 的线性中点
2017-11-03 19:45:45,新增插值记录,,6.25,相邻速度 7.6 与 4.9 km/h 的线性中点
2017-11-03 19:45:57,新增插值记录,,0.0,相邻速度 0 与 0 km/h 的线性中点
2017-11-03 19:46:07,新增插值记录,,8.15,相邻速度 1.6 与 14.7 km/h 的线性中点
2017-11-03 19:46:15,新增插值记录,,24.299999999999997,相邻速度 22.9 与 25.7 km/h 的线性中点
2017-11-03 19:46:25,新增插值记录,,11.45,相邻速度 0 与 22.9 km/h 的线性中点
2017-11-03 19:46:37,新增插值记录,,0.05,相邻速度 0 与 0.1 km/h 的线性中点
2017-11-03 19:46:53,新增插值记录,,0.0,相邻速度 0 与 0 km/h 的线性中点
2017-11-03 19:47:03,新增插值记录,,0.1,相邻速度 0.2 与 0 km/h 的线性中点
2017-11-03 19:47:05,新增插值记录,,0.0,相邻速度 0 与 0 km/h 的线性中点
2017-11-03 19:48:02,车速限幅,16.5,14.256,"连续1秒允许范围 [0.000000, 14.256000] km/h"
2017-11-03 19:48:28,新增插值记录,,30.1,相邻速度 27.1 与 33.1 km/h 的线性中点
2017-11-03 19:48:48,新增插值记录,,36.65,相邻速度 36.9 与 36.4 km/h 的线性中点
2017-11-03 19:48:50,新增插值记录,,34.75,相邻速度 36.4 与 33.1 km/h 的线性中点
2017-11-03 19:48:56,新增插值记录,,21.15,相邻速度 21.5 与 20.8 km/h 的线性中点
2017-11-03 19:48:58,新增插值记录,,28.85,相邻速度 20.8 与 36.9 km/h 的线性中点
2017-11-03 19:49:12,新增插值记录,,27.4,相邻速度 27.2 与 27.6 km/h 的线性中点
2017-11-03 19:49:20,新增插值记录,,26.2,相邻速度 28 与 24.4 km/h 的线性中点
2017-11-03 19:49:22,新增插值记录,,22.7,相邻速度 24.4 与 21 km/h 的线性中点
2017-11-03 19:49:26,新增插值记录,,18.5,相邻速度 19 与 18 km/h 的线性中点
2017-11-03 19:49:44,新增插值记录,,30.9,相邻速度 30.7 与 31.1 km/h 的线性中点
2017-11-03 20:11:42,车速限幅,17.6,14.256,"连续1秒允许范围 [0.000000, 14.256000] km/h"
2017-11-03 20:59:09,车速限幅,23.5,18.956,"连续1秒允许范围 [0.000000, 18.956000] km/h"
2017-11-03 21:28:16,删除长低速记录,0.0,0.0,连续低于10 km/h的记录超过180条
2017-11-03 21:28:17,删除长低速记录,0.0,0.0,连续低于10 km/h的记录超过180条
2017-11-03 21:28:18,删除长低速记录,0.0,0.0,连续低于10 km/h的记录超过180条
2017-11-03 21:28:19,删除长低速记录,0.0,0.0,连续低于10 km/h的记录超过180条
2017-11-03 21:28:20,删除长低速记录,0.0,0.0,连续低于10 km/h的记录超过180条
2017-11-03 21:28:21,删除长低速记录,0.0,0.0,连续低于10 km/h的记录超过180条
2017-11-03 21:28:22,删除长低速记录,0.0,0.0,连续低于10 km/h的记录超过180条
2017-11-03 21:28:23,删除长低速记录,0.0,0.0,连续低于10 km/h的记录超过180条
2017-11-03 21:28:24,删除长低速记录,0.0,0.0,连续低于10 km/h的记录超过180条
2017-11-03 21:28:25,删除长低速记录,0.0,0.0,连续低于10 km/h的记录超过180条
2017-11-03 21:28:26,删除长低速记录,0.0,0.0,连续低于10 km/h的记录超过180条
2017-11-03 21:28:27,删除长低速记录,0.0,0.0,连续低于10 km/h的记录超过180条
2017-11-03 21:28:28,删除长低速记录,0.0,0.0,连续低于10 km/h的记录超过180条
2017-11-03 21:28:29,删除长低速记录,0.0,0.0,连续低于10 km/h的记录超过180条
2017-11-03 21:28:30,删除长低速记录,0.0,0.0,连续低于10 km/h的记录超过180条
2017-11-03 21:28:31,删除长低速记录,0.0,0.0,连续低于10 km/h的记录超过180条
2017-11-03 21:28:32,删除长低速记录,0.0,0.0,连续低于10 km/h的记录超过180条
2017-11-03 21:28:33,删除长低速记录,0.0,0.0,连续低于10 km/h的记录超过180条
2017-11-03 21:28:34,删除长低速记录,0.0,0.0,连续低于10 km/h的记录超过180条
2017-11-03 21:28:35,删除长低速记录,0.0,0.0,连续低于10 km/h的记录超过180条
2017-11-03 21:28:36,删除长低速记录,0.0,0.0,连续低于10 km/h的记录超过180条
2017-11-03 21:28:37,删除长低速记录,0.0,0.0,连续低于10 km/h的记录超过180条
2017-11-03 21:28:38,删除长低速记录,0.0,0.0,连续低于10 km/h的记录超过180条
2017-11-03 21:28:39,删除长低速记录,0.0,0.0,连续低于10 km/h的记录超过180条
2017-11-03 21:28:40,删除长低速记录,0.0,0.0,连续低于10 km/h的记录超过180条
2017-11-03 21:28:41,删除长低速记录,0.0,0.0,连续低于10 km/h的记录超过180条
2017-11-03 21:28:42,删除长低速记录,0.0,0.0,连续低于10 km/h的记录超过180条
2017-11-03 21:28:43,删除长低速记录,0.0,0.0,连续低于10 km/h的记录超过180条
2017-11-03 21:28:44,删除长低速记录,0.0,0.0,连续低于10 km/h的记录超过180条
2017-11-03 21:28:45,删除长低速记录,0.0,0.0,连续低于10 km/h的记录超过180条
2017-11-03 21:28:46,删除长低速记录,0.0,0.0,连续低于10 km/h的记录超过180条
2017-11-03 21:28:47,删除长低速记录,0.0,0.0,连续低于10 km/h的记录超过180条
2017-11-03 21:28:48,删除长低速记录,0.0,0.0,连续低于10 km/h的记录超过180条
2017-11-03 21:28:49,删除长低速记录,0.0,0.0,连续低于10 km/h的记录超过180条
2017-11-03 21:28:50,删除长低速记录,0.0,0.0,连续低于10 km/h的记录超过180条
2017-11-03 21:28:51,删除长低速记录,0.0,0.0,连续低于10 km/h的记录超过180条
2017-11-03 21:28:52,删除长低速记录,0.0,0.0,连续低于10 km/h的记录超过180条
2017-11-03 21:28:53,删除长低速记录,0.0,0.0,连续低于10 km/h的记录超过180条
2017-11-03 21:28:54,删除长低速记录,0.0,0.0,连续低于10 km/h的记录超过180条
2017-11-03 21:28:55,删除长低速记录,0.0,0.0,连续低于10 km/h的记录超过180条
2017-11-03 21:28:56,删除长低速记录,0.0,0.0,连续低于10 km/h的记录超过180条
2017-11-03 21:28:57,删除长低速记录,0.0,0.0,连续低于10 km/h的记录超过180条
2017-11-03 21:28:58,删除长低速记录,0.0,0.0,连续低于10 km/h的记录超过180条
2017-11-03 21:28:59,删除长低速记录,0.0,0.0,连续低于10 km/h的记录超过180条
2017-11-03 21:29:00,删除长低速记录,0.0,0.0,连续低于10 km/h的记录超过180条
2017-11-03 21:29:01,删除长低速记录,0.0,0.0,连续低于10 km/h的记录超过180条
2017-11-03 21:29:02,删除长低速记录,0.0,0.0,连续低于10 km/h的记录超过180条
2017-11-03 21:29:03,删除长低速记录,0.0,0.0,连续低于10 km/h的记录超过180条
2017-11-03 21:29:04,删除长低速记录,0.0,0.0,连续低于10 km/h的记录超过180条
2017-11-03 21:29:05,删除长低速记录,0.0,0.0,连续低于10 km/h的记录超过180条
2017-11-03 21:29:06,删除长低速记录,0.0,0.0,连续低于10 km/h的记录超过180条
2017-11-03 21:29:07,删除长低速记录,0.0,0.0,连续低于10 km/h的记录超过180条
2017-11-03 21:29:08,删除长低速记录,0.0,0.0,连续低于10 km/h的记录超过180条
2017-11-03 21:29:09,删除长低速记录,0.0,0.0,连续低于10 km/h的记录超过180条
2017-11-03 21:29:10,删除长低速记录,0.0,0.0,连续低于10 km/h的记录超过180条
2017-11-03 21:29:11,删除长低速记录,0.0,0.0,连续低于10 km/h的记录超过180条
2017-11-03 21:29:12,删除长低速记录,0.0,0.0,连续低于10 km/h的记录超过180条
2017-11-03 21:29:13,删除长低速记录,0.0,0.0,连续低于10 km/h的记录超过180条
2017-11-03 21:29:14,删除长低速记录,0.0,0.0,连续低于10 km/h的记录超过180条
2017-11-03 21:29:15,删除长低速记录,0.0,0.0,连续低于10 km/h的记录超过180条
2017-11-03 21:29:16,删除长低速记录,0.0,0.0,连续低于10 km/h的记录超过180条
2017-11-03 21:29:17,删除长低速记录,0.0,0.0,连续低于10 km/h的记录超过180条
2017-11-03 21:29:18,删除长低速记录,0.0,0.0,连续低于10 km/h的记录超过180条
2017-11-03 21:29:19,删除长低速记录,0.0,0.0,连续低于10 km/h的记录超过180条
2017-11-03 21:29:20,删除长低速记录,0.0,0.0,连续低于10 km/h的记录超过180条
2017-11-03 21:29:21,删除长低速记录,0.0,0.0,连续低于10 km/h的记录超过180条
2017-11-03 21:29:22,删除长低速记录,0.0,0.0,连续低于10 km/h的记录超过180条
2017-11-03 21:29:23,删除长低速记录,0.0,0.0,连续低于10 km/h的记录超过180条
2017-11-03 21:29:24,删除长低速记录,0.0,0.0,连续低于10 km/h的记录超过180条
2017-11-03 21:29:25,删除长低速记录,0.0,0.0,连续低于10 km/h的记录超过180条
2017-11-03 21:29:26,删除长低速记录,0.0,0.0,连续低于10 km/h的记录超过180条
2017-11-03 21:29:27,删除长低速记录,0.0,0.0,连续低于10 km/h的记录超过180条
2017-11-03 21:29:28,删除长低速记录,0.0,0.0,连续低于10 km/h的记录超过180条
2017-11-03 21:29:29,删除长低速记录,0.0,0.0,连续低于10 km/h的记录超过180条
2017-11-03 21:29:30,删除长低速记录,0.0,0.0,连续低于10 km/h的记录超过180条
2017-11-03 21:29:31,删除长低速记录,0.0,0.0,连续低于10 km/h的记录超过180条
2017-11-03 21:29:32,删除长低速记录,0.0,0.0,连续低于10 km/h的记录超过180条
2017-11-03 21:29:33,删除长低速记录,0.0,0.0,连续低于10 km/h的记录超过180条
2017-11-03 21:29:34,删除长低速记录,0.0,0.0,连续低于10 km/h的记录超过180条
2017-11-03 21:29:35,删除长低速记录,0.0,0.0,连续低于10 km/h的记录超过180条
2017-11-03 21:29:36,删除长低速记录,0.0,0.0,连续低于10 km/h的记录超过180条
2017-11-03 21:29:37,删除长低速记录,0.0,0.0,连续低于10 km/h的记录超过180条
2017-11-03 21:29:38,删除长低速记录,0.0,0.0,连续低于10 km/h的记录超过180条
2017-11-03 21:29:39,删除长低速记录,0.0,0.0,连续低于10 km/h的记录超过180条
2017-11-03 21:29:40,删除长低速记录,0.0,0.0,连续低于10 km/h的记录超过180条
2017-11-03 21:29:41,删除长低速记录,0.0,0.0,连续低于10 km/h的记录超过180条
2017-11-03 21:29:42,删除长低速记录,0.0,0.0,连续低于10 km/h的记录超过180条
2017-11-03 21:29:43,删除长低速记录,0.0,0.0,连续低于10 km/h的记录超过180条
2017-11-03 21:29:44,删除长低速记录,0.0,0.0,连续低于10 km/h的记录超过180条
2017-11-03 21:29:45,删除长低速记录,0.0,0.0,连续低于10 km/h的记录超过180条
2017-11-03 21:29:46,删除长低速记录,0.0,0.0,连续低于10 km/h的记录超过180条
2017-11-03 21:29:47,删除长低速记录,0.0,0.0,连续低于10 km/h的记录超过180条
2017-11-03 21:29:48,删除长低速记录,0.0,0.0,连续低于10 km/h的记录超过180条
2017-11-03 21:29:49,删除长低速记录,0.0,0.0,连续低于10 km/h的记录超过180条
2017-11-03 21:29:50,删除长低速记录,0.0,0.0,连续低于10 km/h的记录超过180条
2017-11-03 21:29:51,删除长低速记录,0.0,0.0,连续低于10 km/h的记录超过180条
2017-11-03 21:29:52,删除长低速记录,0.0,0.0,连续低于10 km/h的记录超过180条
2017-11-03 21:29:53,删除长低速记录,0.0,0.0,连续低于10 km/h的记录超过180条
2017-11-03 21:29:54,删除长低速记录,0.0,0.0,连续低于10 km/h的记录超过180条
2017-11-03 21:29:55,删除长低速记录,0.0,0.0,连续低于10 km/h的记录超过180条
2017-11-03 21:29:56,删除长低速记录,0.0,0.0,连续低于10 km/h的记录超过180条
2017-11-03 21:29:57,删除长低速记录,0.0,0.0,连续低于10 km/h的记录超过180条
2017-11-03 21:29:58,删除长低速记录,0.0,0.0,连续低于10 km/h的记录超过180条
2017-11-03 21:29:59,删除长低速记录,0.0,0.0,连续低于10 km/h的记录超过180条
2017-11-03 21:30:00,删除长低速记录,0.0,0.0,连续低于10 km/h的记录超过180条
2017-11-03 21:30:01,删除长低速记录,0.0,0.0,连续低于10 km/h的记录超过180条
2017-11-03 21:30:02,删除长低速记录,0.0,0.0,连续低于10 km/h的记录超过180条
2017-11-03 21:30:03,删除长低速记录,0.0,0.0,连续低于10 km/h的记录超过180条
2017-11-03 21:30:04,删除长低速记录,0.0,0.0,连续低于10 km/h的记录超过180条
2017-11-03 21:30:05,删除长低速记录,0.0,0.0,连续低于10 km/h的记录超过180条
2017-11-03 21:30:06,删除长低速记录,0.0,0.0,连续低于10 km/h的记录超过180条
2017-11-03 21:30:07,删除长低速记录,0.0,0.0,连续低于10 km/h的记录超过180条
2017-11-03 21:30:08,删除长低速记录,0.0,0.0,连续低于10 km/h的记录超过180条
2017-11-03 21:30:09,删除长低速记录,1.5,1.5,连续低于10 km/h的记录超过180条
2017-11-03 21:30:10,删除长低速记录,0.0,0.0,连续低于10 km/h的记录超过180条
2017-11-03 21:30:11,删除长低速记录,0.0,0.0,连续低于10 km/h的记录超过180条
2017-11-03 21:30:12,删除长低速记录,0.0,0.0,连续低于10 km/h的记录超过180条
2017-11-03 21:30:13,删除长低速记录,0.0,0.0,连续低于10 km/h的记录超过180条
2017-11-03 21:30:14,删除长低速记录,0.0,0.0,连续低于10 km/h的记录超过180条
2017-11-03 21:30:15,删除长低速记录,0.0,0.0,连续低于10 km/h的记录超过180条
2017-11-03 21:30:16,删除长低速记录,0.0,0.0,连续低于10 km/h的记录超过180条
2017-11-03 21:30:17,删除长低速记录,0.0,0.0,连续低于10 km/h的记录超过180条
2017-11-03 21:30:18,删除长低速记录,0.0,0.0,连续低于10 km/h的记录超过180条
2017-11-03 21:30:19,删除长低速记录,0.0,0.0,连续低于10 km/h的记录超过180条
2017-11-03 21:30:20,删除长低速记录,0.0,0.0,连续低于10 km/h的记录超过180条
2017-11-03 21:30:21,删除长低速记录,0.0,0.0,连续低于10 km/h的记录超过180条
2017-11-03 21:30:22,删除长低速记录,0.0,0.0,连续低于10 km/h的记录超过180条
2017-11-03 21:30:23,删除长低速记录,0.0,0.0,连续低于10 km/h的记录超过180条
2017-11-03 21:30:24,删除长低速记录,0.0,0.0,连续低于10 km/h的记录超过180条
2017-11-03 21:30:25,删除长低速记录,0.0,0.0,连续低于10 km/h的记录超过180条
2017-11-03 21:30:26,删除长低速记录,0.0,0.0,连续低于10 km/h的记录超过180条
2017-11-03 21:30:27,删除长低速记录,0.0,0.0,连续低于10 km/h的记录超过180条
2017-11-03 21:30:28,删除长低速记录,0.0,0.0,连续低于10 km/h的记录超过180条
2017-11-03 21:30:29,删除长低速记录,0.0,0.0,连续低于10 km/h的记录超过180条
2017-11-03 21:30:30,删除长低速记录,0.0,0.0,连续低于10 km/h的记录超过180条
2017-11-03 21:30:31,删除长低速记录,0.0,0.0,连续低于10 km/h的记录超过180条
2017-11-03 21:30:32,删除长低速记录,0.0,0.0,连续低于10 km/h的记录超过180条
2017-11-03 21:30:33,删除长低速记录,0.0,0.0,连续低于10 km/h的记录超过180条
2017-11-03 21:30:34,删除长低速记录,0.0,0.0,连续低于10 km/h的记录超过180条
2017-11-03 21:30:35,删除长低速记录,0.0,0.0,连续低于10 km/h的记录超过180条
2017-11-03 21:30:36,删除长低速记录,0.0,0.0,连续低于10 km/h的记录超过180条
2017-11-03 21:30:37,删除长低速记录,0.0,0.0,连续低于10 km/h的记录超过180条
2017-11-03 21:30:38,删除长低速记录,0.0,0.0,连续低于10 km/h的记录超过180条
2017-11-03 21:30:39,删除长低速记录,0.0,0.0,连续低于10 km/h的记录超过180条
2017-11-03 21:30:40,删除长低速记录,0.0,0.0,连续低于10 km/h的记录超过180条
2017-11-03 21:30:41,删除长低速记录,0.0,0.0,连续低于10 km/h的记录超过180条
2017-11-03 21:30:42,删除长低速记录,0.0,0.0,连续低于10 km/h的记录超过180条
2017-11-03 21:30:43,删除长低速记录,0.0,0.0,连续低于10 km/h的记录超过180条
2017-11-03 21:30:44,删除长低速记录,0.0,0.0,连续低于10 km/h的记录超过180条
2017-11-03 21:30:45,删除长低速记录,0.0,0.0,连续低于10 km/h的记录超过180条
2017-11-03 21:30:46,删除长低速记录,0.0,0.0,连续低于10 km/h的记录超过180条
2017-11-03 21:30:47,删除长低速记录,0.0,0.0,连续低于10 km/h的记录超过180条
2017-11-03 21:30:48,删除长低速记录,0.0,0.0,连续低于10 km/h的记录超过180条
2017-11-03 21:30:49,删除长低速记录,0.0,0.0,连续低于10 km/h的记录超过180条
2017-11-03 21:30:50,删除长低速记录,0.0,0.0,连续低于10 km/h的记录超过180条
2017-11-03 21:30:51,删除长低速记录,0.0,0.0,连续低于10 km/h的记录超过180条
2017-11-03 21:30:52,删除长低速记录,0.0,0.0,连续低于10 km/h的记录超过180条
2017-11-03 21:30:53,删除长低速记录,0.0,0.0,连续低于10 km/h的记录超过180条
2017-11-03 21:30:54,删除长低速记录,0.0,0.0,连续低于10 km/h的记录超过180条
2017-11-03 21:30:55,删除长低速记录,0.0,0.0,连续低于10 km/h的记录超过180条
2017-11-03 21:30:56,删除长低速记录,0.0,0.0,连续低于10 km/h的记录超过180条
2017-11-03 21:30:57,删除长低速记录,0.0,0.0,连续低于10 km/h的记录超过180条
2017-11-03 21:30:58,删除长低速记录,0.0,0.0,连续低于10 km/h的记录超过180条
2017-11-03 21:30:59,删除长低速记录,0.0,0.0,连续低于10 km/h的记录超过180条
2017-11-03 21:31:00,删除长低速记录,0.0,0.0,连续低于10 km/h的记录超过180条
2017-11-03 21:31:01,删除长低速记录,0.0,0.0,连续低于10 km/h的记录超过180条
2017-11-03 21:31:02,删除长低速记录,0.0,0.0,连续低于10 km/h的记录超过180条
2017-11-03 21:31:03,删除长低速记录,0.0,0.0,连续低于10 km/h的记录超过180条
2017-11-03 21:31:04,删除长低速记录,0.0,0.0,连续低于10 km/h的记录超过180条
2017-11-03 21:31:05,删除长低速记录,0.0,0.0,连续低于10 km/h的记录超过180条
2017-11-03 21:31:06,删除长低速记录,0.0,0.0,连续低于10 km/h的记录超过180条
2017-11-03 21:31:07,删除长低速记录,0.0,0.0,连续低于10 km/h的记录超过180条
2017-11-03 21:31:08,删除长低速记录,0.0,0.0,连续低于10 km/h的记录超过180条
2017-11-03 21:31:09,删除长低速记录,0.0,0.0,连续低于10 km/h的记录超过180条
2017-11-03 21:31:10,删除长低速记录,0.0,0.0,连续低于10 km/h的记录超过180条
2017-11-03 21:31:11,删除长低速记录,0.0,0.0,连续低于10 km/h的记录超过180条
2017-11-03 21:31:12,删除长低速记录,0.0,0.0,连续低于10 km/h的记录超过180条
2017-11-03 21:31:13,删除长低速记录,0.0,0.0,连续低于10 km/h的记录超过180条
2017-11-03 21:31:14,删除长低速记录,0.0,0.0,连续低于10 km/h的记录超过180条
2017-11-03 21:31:15,删除长低速记录,0.0,0.0,连续低于10 km/h的记录超过180条
2017-11-03 21:31:16,删除长低速记录,0.0,0.0,连续低于10 km/h的记录超过180条
2017-11-03 21:31:17,删除长低速记录,0.0,0.0,连续低于10 km/h的记录超过180条
2017-11-03 21:31:18,删除长低速记录,0.0,0.0,连续低于10 km/h的记录超过180条
2017-11-03 21:31:19,删除长低速记录,0.0,0.0,连续低于10 km/h的记录超过180条
2017-11-03 21:31:20,删除长低速记录,0.0,0.0,连续低于10 km/h的记录超过180条
2017-11-03 21:31:21,删除长低速记录,0.0,0.0,连续低于10 km/h的记录超过180条
2017-11-03 21:31:22,删除长低速记录,0.0,0.0,连续低于10 km/h的记录超过180条
2017-11-03 21:31:23,删除长低速记录,0.0,0.0,连续低于10 km/h的记录超过180条
2017-11-03 21:31:24,删除长低速记录,0.0,0.0,连续低于10 km/h的记录超过180条
2017-11-03 21:31:25,删除长低速记录,0.0,0.0,连续低于10 km/h的记录超过180条
2017-11-03 21:31:26,删除长低速记录,0.0,0.0,连续低于10 km/h的记录超过180条
2017-11-03 21:31:27,删除长低速记录,0.0,0.0,连续低于10 km/h的记录超过180条
2017-11-03 21:31:28,删除长低速记录,0.0,0.0,连续低于10 km/h的记录超过180条
2017-11-03 21:31:29,删除长低速记录,0.0,0.0,连续低于10 km/h的记录超过180条
2017-11-03 21:31:30,删除长低速记录,0.0,0.0,连续低于10 km/h的记录超过180条
2017-11-03 21:31:31,删除长低速记录,0.0,0.0,连续低于10 km/h的记录超过180条
2017-11-03 21:31:32,删除长低速记录,0.0,0.0,连续低于10 km/h的记录超过180条
2017-11-03 21:31:33,删除长低速记录,0.0,0.0,连续低于10 km/h的记录超过180条
2017-11-03 21:31:34,删除长低速记录,0.0,0.0,连续低于10 km/h的记录超过180条
2017-11-03 21:31:35,删除长低速记录,0.0,0.0,连续低于10 km/h的记录超过180条
2017-11-03 21:31:36,删除长低速记录,0.0,0.0,连续低于10 km/h的记录超过180条
2017-11-03 21:31:37,删除长低速记录,0.0,0.0,连续低于10 km/h的记录超过180条
2017-11-03 21:31:38,删除长低速记录,0.0,0.0,连续低于10 km/h的记录超过180条
2017-11-03 21:31:39,删除长低速记录,0.0,0.0,连续低于10 km/h的记录超过180条
2017-11-03 21:31:40,删除长低速记录,0.0,0.0,连续低于10 km/h的记录超过180条
2017-11-03 21:31:41,删除长低速记录,0.0,0.0,连续低于10 km/h的记录超过180条
2017-11-03 21:31:42,删除长低速记录,0.0,0.0,连续低于10 km/h的记录超过180条
2017-11-03 21:31:43,删除长低速记录,0.0,0.0,连续低于10 km/h的记录超过180条
2017-11-03 21:31:44,删除长低速记录,0.0,0.0,连续低于10 km/h的记录超过180条
2017-11-03 21:31:45,删除长低速记录,0.0,0.0,连续低于10 km/h的记录超过180条
2017-11-03 21:31:46,删除长低速记录,0.0,0.0,连续低于10 km/h的记录超过180条
2017-11-03 21:31:47,删除长低速记录,0.0,0.0,连续低于10 km/h的记录超过180条
2017-11-03 21:31:48,删除长低速记录,0.0,0.0,连续低于10 km/h的记录超过180条
2017-11-03 21:31:49,删除长低速记录,0.0,0.0,连续低于10 km/h的记录超过180条
2017-11-03 21:31:50,删除长低速记录,0.0,0.0,连续低于10 km/h的记录超过180条
2017-11-03 21:31:51,删除长低速记录,0.0,0.0,连续低于10 km/h的记录超过180条
2017-11-03 21:31:52,删除长低速记录,0.0,0.0,连续低于10 km/h的记录超过180条
2017-11-03 21:31:53,删除长低速记录,0.0,0.0,连续低于10 km/h的记录超过180条
2017-11-03 21:31:54,删除长低速记录,0.0,0.0,连续低于10 km/h的记录超过180条
2017-11-03 21:31:55,删除长低速记录,0.0,0.0,连续低于10 km/h的记录超过180条
2017-11-03 21:31:56,删除长低速记录,0.0,0.0,连续低于10 km/h的记录超过180条
2017-11-03 21:31:57,删除长低速记录,0.0,0.0,连续低于10 km/h的记录超过180条
2017-11-03 21:31:58,删除长低速记录,0.0,0.0,连续低于10 km/h的记录超过180条
2017-11-03 21:31:59,删除长低速记录,0.0,0.0,连续低于10 km/h的记录超过180条
2017-11-03 21:32:00,删除长低速记录,0.0,0.0,连续低于10 km/h的记录超过180条
2017-11-03 21:32:01,删除长低速记录,0.0,0.0,连续低于10 km/h的记录超过180条
2017-11-03 21:32:02,删除长低速记录,0.0,0.0,连续低于10 km/h的记录超过180条
2017-11-03 21:32:03,删除长低速记录,0.0,0.0,连续低于10 km/h的记录超过180条
2017-11-03 21:32:04,删除长低速记录,0.0,0.0,连续低于10 km/h的记录超过180条
2017-11-03 21:32:05,删除长低速记录,0.0,0.0,连续低于10 km/h的记录超过180条
2017-11-03 21:32:06,删除长低速记录,0.0,0.0,连续低于10 km/h的记录超过180条
2017-11-03 21:32:07,删除长低速记录,0.0,0.0,连续低于10 km/h的记录超过180条
2017-11-03 21:32:08,删除长低速记录,0.0,0.0,连续低于10 km/h的记录超过180条
2017-11-03 21:32:09,删除长低速记录,0.0,0.0,连续低于10 km/h的记录超过180条
2017-11-03 21:32:10,删除长低速记录,0.0,0.0,连续低于10 km/h的记录超过180条
2017-11-03 21:32:11,删除长低速记录,0.0,0.0,连续低于10 km/h的记录超过180条
2017-11-03 21:32:12,删除长低速记录,0.0,0.0,连续低于10 km/h的记录超过180条
2017-11-03 21:32:13,删除长低速记录,0.0,0.0,连续低于10 km/h的记录超过180条
2017-11-03 21:32:14,删除长低速记录,0.0,0.0,连续低于10 km/h的记录超过180条
2017-11-03 21:32:15,删除长低速记录,0.0,0.0,连续低于10 km/h的记录超过180条
2017-11-03 21:32:16,删除长低速记录,0.0,0.0,连续低于10 km/h的记录超过180条
2017-11-03 21:32:17,删除长低速记录,0.0,0.0,连续低于10 km/h的记录超过180条
2017-11-03 21:32:18,删除长低速记录,0.0,0.0,连续低于10 km/h的记录超过180条
2017-11-03 21:32:19,删除长低速记录,0.0,0.0,连续低于10 km/h的记录超过180条
2017-11-03 21:32:20,删除长低速记录,0.0,0.0,连续低于10 km/h的记录超过180条
2017-11-03 21:32:21,删除长低速记录,0.0,0.0,连续低于10 km/h的记录超过180条
2017-11-03 21:32:22,删除长低速记录,0.0,0.0,连续低于10 km/h的记录超过180条
2017-11-03 21:32:23,删除长低速记录,0.0,0.0,连续低于10 km/h的记录超过180条
2017-11-03 21:32:24,删除长低速记录,0.0,0.0,连续低于10 km/h的记录超过180条
2017-11-03 21:32:25,删除长低速记录,0.0,0.0,连续低于10 km/h的记录超过180条
2017-11-03 21:32:26,删除长低速记录,0.0,0.0,连续低于10 km/h的记录超过180条
2017-11-03 21:32:27,删除长低速记录,2.7,2.7,连续低于10 km/h的记录超过180条
2017-11-03 21:32:28,删除长低速记录,3.3,3.3,连续低于10 km/h的记录超过180条
2017-11-03 21:32:29,删除长低速记录,3.3,3.3,连续低于10 km/h的记录超过180条
2017-11-03 21:32:30,删除长低速记录,3.0,3.0,连续低于10 km/h的记录超过180条
2017-11-03 21:32:31,删除长低速记录,2.2,2.2,连续低于10 km/h的记录超过180条
2017-11-03 21:32:32,删除长低速记录,0.0,0.0,连续低于10 km/h的记录超过180条
2017-11-03 21:32:33,删除长低速记录,0.0,0.0,连续低于10 km/h的记录超过180条
2017-11-03 21:32:34,删除长低速记录,0.0,0.0,连续低于10 km/h的记录超过180条
2017-11-03 21:32:35,删除长低速记录,0.0,0.0,连续低于10 km/h的记录超过180条
2017-11-03 21:32:36,删除长低速记录,0.0,0.0,连续低于10 km/h的记录超过180条
2017-11-03 21:32:37,删除长低速记录,0.0,0.0,连续低于10 km/h的记录超过180条
2017-11-03 21:32:38,删除长低速记录,0.0,0.0,连续低于10 km/h的记录超过180条
2017-11-03 21:32:39,删除长低速记录,0.0,0.0,连续低于10 km/h的记录超过180条
2017-11-03 21:32:40,删除长低速记录,0.0,0.0,连续低于10 km/h的记录超过180条
2017-11-03 21:32:41,删除长低速记录,0.0,0.0,连续低于10 km/h的记录超过180条
2017-11-03 21:32:42,删除长低速记录,0.0,0.0,连续低于10 km/h的记录超过180条
2017-11-03 21:32:43,删除长低速记录,0.0,0.0,连续低于10 km/h的记录超过180条
2017-11-03 21:32:44,删除长低速记录,0.0,0.0,连续低于10 km/h的记录超过180条
2017-11-03 21:32:45,删除长低速记录,0.0,0.0,连续低于10 km/h的记录超过180条
2017-11-03 21:32:46,删除长低速记录,0.0,0.0,连续低于10 km/h的记录超过180条
2017-11-03 21:32:47,删除长低速记录,0.0,0.0,连续低于10 km/h的记录超过180条
2017-11-03 21:32:48,删除长低速记录,0.0,0.0,连续低于10 km/h的记录超过180条
2017-11-03 21:32:49,删除长低速记录,0.0,0.0,连续低于10 km/h的记录超过180条
2017-11-03 21:32:50,删除长低速记录,3.2,3.2,连续低于10 km/h的记录超过180条
2017-11-03 21:32:51,删除长低速记录,3.3,3.3,连续低于10 km/h的记录超过180条
2017-11-03 21:32:52,删除长低速记录,3.4,3.4,连续低于10 km/h的记录超过180条
2017-11-03 21:32:53,删除长低速记录,3.5,3.5,连续低于10 km/h的记录超过180条
2017-11-03 21:32:54,删除长低速记录,4.4,4.4,连续低于10 km/h的记录超过180条
2017-11-03 21:32:55,删除长低速记录,5.0,5.0,连续低于10 km/h的记录超过180条
2017-11-03 21:32:56,删除长低速记录,5.3,5.3,连续低于10 km/h的记录超过180条
2017-11-03 21:32:57,删除长低速记录,6.6,6.6,连续低于10 km/h的记录超过180条
2017-11-03 21:32:58,删除长低速记录,8.9,8.9,连续低于10 km/h的记录超过180条
2017-11-03 22:10:09,新增插值记录,,20.2,相邻速度 19.4 与 21 km/h 的线性中点
2017-11-03 22:40:58,新增插值记录,,25.95,相邻速度 25.2 与 26.7 km/h 的线性中点
2017-11-03 22:41:00,新增插值记录,,27.35,相邻速度 26.7 与 28 km/h 的线性中点
2017-11-03 22:48:08,车速限幅,34.7,18.256,"连续1秒允许范围 [0.000000, 18.256000] km/h"
2017-11-03 22:48:09,车速限幅,34.7,32.512,"连续1秒允许范围 [0.000000, 32.512000] km/h"
2017-11-03 22:48:10,车速限幅,2.5,3.7119999999999997,"连续1秒允许范围 [3.712000, 46.768000] km/h"
2017-11-03 22:50:18,新增插值记录,,0.0,相邻速度 0 与 0 km/h 的线性中点
2017-11-03 22:50:26,新增插值记录,,0.0,相邻速度 0 与 0 km/h 的线性中点
2017-11-03 22:54:13,删除长低速记录,0.0,0.0,连续低于10 km/h的记录超过180条
2017-11-03 22:54:14,删除长低速记录,1.8,1.8,连续低于10 km/h的记录超过180条
2017-11-03 22:54:15,删除长低速记录,1.9,1.9,连续低于10 km/h的记录超过180条
2017-11-03 22:54:16,删除长低速记录,0.0,0.0,连续低于10 km/h的记录超过180条
2017-11-03 22:54:17,删除长低速记录,0.0,0.0,连续低于10 km/h的记录超过180条
2017-11-03 22:54:18,删除长低速记录,0.0,0.0,连续低于10 km/h的记录超过180条
2017-11-03 22:54:19,删除长低速记录,0.0,0.0,连续低于10 km/h的记录超过180条
2017-11-03 22:54:20,删除长低速记录,0.0,0.0,连续低于10 km/h的记录超过180条
2017-11-03 22:54:21,删除长低速记录,1.8,1.8,连续低于10 km/h的记录超过180条
2017-11-03 22:54:22,删除长低速记录,1.8,1.8,连续低于10 km/h的记录超过180条
2017-11-03 22:54:23,删除长低速记录,1.8,1.8,连续低于10 km/h的记录超过180条
2017-11-03 22:54:24,删除长低速记录,1.8,1.8,连续低于10 km/h的记录超过180条
2017-11-03 22:54:25,删除长低速记录,0.0,0.0,连续低于10 km/h的记录超过180条
2017-11-03 22:54:26,删除长低速记录,0.0,0.0,连续低于10 km/h的记录超过180条
2017-11-03 22:54:27,删除长低速记录,0.0,0.0,连续低于10 km/h的记录超过180条
2017-11-03 22:54:28,删除长低速记录,0.0,0.0,连续低于10 km/h的记录超过180条
2017-11-03 22:54:29,删除长低速记录,0.0,0.0,连续低于10 km/h的记录超过180条
2017-11-03 22:54:30,删除长低速记录,0.0,0.0,连续低于10 km/h的记录超过180条
2017-11-03 22:54:31,删除长低速记录,0.0,0.0,连续低于10 km/h的记录超过180条
2017-11-03 22:54:32,删除长低速记录,0.0,0.0,连续低于10 km/h的记录超过180条
2017-11-03 22:54:33,删除长低速记录,0.0,0.0,连续低于10 km/h的记录超过180条
2017-11-03 22:54:34,删除长低速记录,0.0,0.0,连续低于10 km/h的记录超过180条
2017-11-03 22:54:35,删除长低速记录,0.0,0.0,连续低于10 km/h的记录超过180条
2017-11-03 22:54:36,删除长低速记录,0.0,0.0,连续低于10 km/h的记录超过180条
2017-11-03 22:54:37,删除长低速记录,0.0,0.0,连续低于10 km/h的记录超过180条
2017-11-03 22:54:38,删除长低速记录,0.0,0.0,连续低于10 km/h的记录超过180条
2017-11-03 22:54:39,删除长低速记录,0.0,0.0,连续低于10 km/h的记录超过180条
2017-11-03 22:54:40,删除长低速记录,0.0,0.0,连续低于10 km/h的记录超过180条
2017-11-03 22:54:41,删除长低速记录,0.0,0.0,连续低于10 km/h的记录超过180条
2017-11-03 22:54:42,删除长低速记录,0.0,0.0,连续低于10 km/h的记录超过180条
2017-11-03 22:54:43,删除长低速记录,0.0,0.0,连续低于10 km/h的记录超过180条
2017-11-03 22:54:44,删除长低速记录,0.0,0.0,连续低于10 km/h的记录超过180条
2017-11-03 22:54:45,删除长低速记录,0.0,0.0,连续低于10 km/h的记录超过180条
2017-11-03 22:54:46,删除长低速记录,0.0,0.0,连续低于10 km/h的记录超过180条
2017-11-03 22:54:47,删除长低速记录,0.0,0.0,连续低于10 km/h的记录超过180条
2017-11-03 22:54:48,删除长低速记录,0.0,0.0,连续低于10 km/h的记录超过180条
2017-11-03 22:54:49,删除长低速记录,0.0,0.0,连续低于10 km/h的记录超过180条
2017-11-03 22:54:50,删除长低速记录,0.0,0.0,连续低于10 km/h的记录超过180条
2017-11-03 22:54:51,删除长低速记录,0.0,0.0,连续低于10 km/h的记录超过180条
2017-11-03 22:54:52,删除长低速记录,0.0,0.0,连续低于10 km/h的记录超过180条
2017-11-03 22:54:53,删除长低速记录,0.0,0.0,连续低于10 km/h的记录超过180条
2017-11-03 22:54:54,删除长低速记录,0.0,0.0,连续低于10 km/h的记录超过180条
2017-11-03 22:54:55,删除长低速记录,0.0,0.0,连续低于10 km/h的记录超过180条
2017-11-03 22:54:56,删除长低速记录,0.0,0.0,连续低于10 km/h的记录超过180条
2017-11-03 22:54:57,删除长低速记录,0.0,0.0,连续低于10 km/h的记录超过180条
2017-11-03 22:54:58,删除长低速记录,0.0,0.0,连续低于10 km/h的记录超过180条
2017-11-03 22:54:59,删除长低速记录,0.0,0.0,连续低于10 km/h的记录超过180条
2017-11-03 22:55:00,删除长低速记录,0.0,0.0,连续低于10 km/h的记录超过180条
2017-11-03 22:55:01,删除长低速记录,0.0,0.0,连续低于10 km/h的记录超过180条
2017-11-03 22:55:02,删除长低速记录,0.0,0.0,连续低于10 km/h的记录超过180条
2017-11-03 22:55:03,删除长低速记录,2.0,2.0,连续低于10 km/h的记录超过180条
2017-11-03 22:55:04,删除长低速记录,2.1,2.1,连续低于10 km/h的记录超过180条
2017-11-03 22:55:05,删除长低速记录,1.7,1.7,连续低于10 km/h的记录超过180条
2017-11-03 22:55:06,删除长低速记录,1.6,1.6,连续低于10 km/h的记录超过180条
2017-11-03 22:55:07,删除长低速记录,1.6,1.6,连续低于10 km/h的记录超过180条
2017-11-03 22:55:08,删除长低速记录,1.7,1.7,连续低于10 km/h的记录超过180条
2017-11-03 22:55:09,删除长低速记录,1.7,1.7,连续低于10 km/h的记录超过180条
2017-11-03 22:55:10,删除长低速记录,1.7,1.7,连续低于10 km/h的记录超过180条
2017-11-03 22:55:11,删除长低速记录,1.6,1.6,连续低于10 km/h的记录超过180条
2017-11-03 22:55:12,删除长低速记录,0.0,0.0,连续低于10 km/h的记录超过180条
2017-11-03 22:55:13,删除长低速记录,0.0,0.0,连续低于10 km/h的记录超过180条
2017-11-03 22:55:14,删除长低速记录,0.0,0.0,连续低于10 km/h的记录超过180条
2017-11-03 22:55:15,删除长低速记录,0.0,0.0,连续低于10 km/h的记录超过180条
2017-11-03 22:55:16,删除长低速记录,0.0,0.0,连续低于10 km/h的记录超过180条
2017-11-03 22:55:17,删除长低速记录,0.0,0.0,连续低于10 km/h的记录超过180条
2017-11-03 22:55:18,删除长低速记录,0.0,0.0,连续低于10 km/h的记录超过180条
2017-11-03 22:55:19,删除长低速记录,0.0,0.0,连续低于10 km/h的记录超过180条
2017-11-03 22:55:20,删除长低速记录,0.0,0.0,连续低于10 km/h的记录超过180条
2017-11-03 22:55:21,删除长低速记录,0.0,0.0,连续低于10 km/h的记录超过180条
2017-11-03 22:55:22,删除长低速记录,0.0,0.0,连续低于10 km/h的记录超过180条
2017-11-03 22:55:23,删除长低速记录,0.0,0.0,连续低于10 km/h的记录超过180条
2017-11-03 22:55:24,删除长低速记录,0.0,0.0,连续低于10 km/h的记录超过180条
2017-11-03 22:55:25,删除长低速记录,0.0,0.0,连续低于10 km/h的记录超过180条
2017-11-03 22:55:26,删除长低速记录,2.2,2.2,连续低于10 km/h的记录超过180条
2017-11-03 22:55:27,删除长低速记录,3.4,3.4,连续低于10 km/h的记录超过180条
2017-11-03 22:55:28,删除长低速记录,6.2,6.2,连续低于10 km/h的记录超过180条
2017-11-03 22:55:29,删除长低速记录,8.8,8.8,连续低于10 km/h的记录超过180条
2017-11-03 22:55:30,删除长低速记录,9.4,9.4,连续低于10 km/h的记录超过180条
2017-11-03 22:55:31,删除长低速记录,7.9,7.9,连续低于10 km/h的记录超过180条
2017-11-03 22:55:32,删除长低速记录,7.9,7.9,连续低于10 km/h的记录超过180条
2017-11-03 22:55:33,删除长低速记录,7.5,7.5,连续低于10 km/h的记录超过180条
2017-11-03 22:55:34,删除长低速记录,6.8,6.8,连续低于10 km/h的记录超过180条
2017-11-03 22:55:35,删除长低速记录,5.7,5.7,连续低于10 km/h的记录超过180条
2017-11-03 22:55:36,删除长低速记录,5.3,5.3,连续低于10 km/h的记录超过180条
2017-11-03 22:55:37,删除长低速记录,5.2,5.2,连续低于10 km/h的记录超过180条
2017-11-03 22:55:38,删除长低速记录,5.6,5.6,连续低于10 km/h的记录超过180条
2017-11-03 22:55:39,删除长低速记录,6.5,6.5,连续低于10 km/h的记录超过180条
2017-11-03 22:55:40,删除长低速记录,9.0,9.0,连续低于10 km/h的记录超过180条
2017-11-03 22:55:41,删除长低速记录,7.2,7.2,连续低于10 km/h的记录超过180条
2017-11-03 22:55:42,删除长低速记录,8.6,8.6,连续低于10 km/h的记录超过180条
2017-11-03 22:58:44,删除长低速记录,0.0,0.0,连续低于10 km/h的记录超过180条
2017-11-03 22:58:45,删除长低速记录,0.0,0.0,连续低于10 km/h的记录超过180条
2017-11-03 22:58:46,删除长低速记录,0.0,0.0,连续低于10 km/h的记录超过180条
2017-11-03 22:58:47,删除长低速记录,0.0,0.0,连续低于10 km/h的记录超过180条
2017-11-03 22:58:48,删除长低速记录,0.0,0.0,连续低于10 km/h的记录超过180条
2017-11-03 22:58:49,删除长低速记录,0.0,0.0,连续低于10 km/h的记录超过180条
2017-11-03 22:58:50,删除长低速记录,0.0,0.0,连续低于10 km/h的记录超过180条
2017-11-03 22:58:51,删除长低速记录,0.0,0.0,连续低于10 km/h的记录超过180条
2017-11-03 22:58:52,删除长低速记录,0.0,0.0,连续低于10 km/h的记录超过180条
2017-11-03 22:58:53,删除长低速记录,0.0,0.0,连续低于10 km/h的记录超过180条
2017-11-03 22:58:54,删除长低速记录,0.0,0.0,连续低于10 km/h的记录超过180条
2017-11-03 22:58:55,删除长低速记录,0.0,0.0,连续低于10 km/h的记录超过180条
2017-11-03 22:58:56,删除长低速记录,0.0,0.0,连续低于10 km/h的记录超过180条
2017-11-03 22:58:57,删除长低速记录,0.0,0.0,连续低于10 km/h的记录超过180条
2017-11-03 22:58:58,删除长低速记录,0.0,0.0,连续低于10 km/h的记录超过180条
2017-11-03 22:58:59,删除长低速记录,0.0,0.0,连续低于10 km/h的记录超过180条
2017-11-03 22:59:00,删除长低速记录,0.0,0.0,连续低于10 km/h的记录超过180条
2017-11-03 22:59:01,删除长低速记录,0.0,0.0,连续低于10 km/h的记录超过180条
2017-11-03 22:59:02,删除长低速记录,0.0,0.0,连续低于10 km/h的记录超过180条
2017-11-03 22:59:03,删除长低速记录,0.0,0.0,连续低于10 km/h的记录超过180条
2017-11-03 22:59:04,删除长低速记录,0.0,0.0,连续低于10 km/h的记录超过180条
2017-11-03 22:59:05,删除长低速记录,0.0,0.0,连续低于10 km/h的记录超过180条
2017-11-03 22:59:06,删除长低速记录,0.0,0.0,连续低于10 km/h的记录超过180条
2017-11-03 22:59:07,删除长低速记录,0.0,0.0,连续低于10 km/h的记录超过180条
2017-11-03 22:59:22,新增插值记录,,20.299999999999997,相邻速度 20.4 与 20.2 km/h 的线性中点
2017-11-03 23:10:25,新增插值记录,,42.7,相邻速度 43.7 与 41.7 km/h 的线性中点
2017-11-03 23:16:27,新增插值记录,,38.7,相邻速度 37.1 与 40.3 km/h 的线性中点
2017-11-03 23:16:31,新增插值记录,,41.65,相邻速度 43.3 与 40 km/h 的线性中点
2017-11-03 23:16:40,新增插值记录,,44.3,相邻速度 43.8 与 44.8 km/h 的线性中点
2017-11-03 23:17:01,新增插值记录,,44.45,相邻速度 45 与 43.9 km/h 的线性中点
2017-11-03 23:17:11,新增插值记录,,44.2,相邻速度 43.4 与 45 km/h 的线性中点
2017-11-03 23:31:24,新增插值记录,,72.80000000000001,相邻速度 72.7 与 72.9 km/h 的线性中点
2017-11-03 23:31:38,车速限幅,72.7,71.856,"连续1秒允许范围 [28.800000, 71.856000] km/h"
2017-11-03 23:33:08,新增插值记录,,66.80000000000001,相邻速度 66.4 与 67.2 km/h 的线性中点
2017-11-03 23:33:15,新增插值记录,,63.95,相邻速度 62.7 与 65.2 km/h 的线性中点
2017-11-03 23:51:54,新增插值记录,,0.0,相邻速度 0 与 0 km/h 的线性中点
2017-11-04 00:04:51,新增插值记录,,0.0,相邻速度 0 与 0 km/h 的线性中点
2017-11-04 00:04:55,新增插值记录,,0.0,相邻速度 0 与 0 km/h 的线性中点
2017-11-04 00:05:46,新增插值记录,,0.0,相邻速度 0 与 0 km/h 的线性中点
2017-11-04 00:06:08,删除长低速记录,0.0,0.0,连续低于10 km/h的记录超过180条
2017-11-04 00:06:09,删除长低速记录,0.0,0.0,连续低于10 km/h的记录超过180条
2017-11-04 00:06:10,删除长低速记录,0.0,0.0,连续低于10 km/h的记录超过180条
2017-11-04 00:06:11,删除长低速记录,0.0,0.0,连续低于10 km/h的记录超过180条
2017-11-04 00:06:12,删除长低速记录,0.0,0.0,连续低于10 km/h的记录超过180条
2017-11-04 00:06:13,删除长低速记录,0.0,0.0,连续低于10 km/h的记录超过180条
2017-11-04 00:06:14,删除长低速记录,0.0,0.0,连续低于10 km/h的记录超过180条
2017-11-04 00:06:15,删除长低速记录,0.0,0.0,连续低于10 km/h的记录超过180条
2017-11-04 00:06:16,删除长低速记录,0.0,0.0,连续低于10 km/h的记录超过180条
2017-11-04 00:06:17,删除长低速记录,0.0,0.0,连续低于10 km/h的记录超过180条
2017-11-04 00:06:18,删除长低速记录,0.0,0.0,连续低于10 km/h的记录超过180条
2017-11-04 00:06:19,删除长低速记录,0.0,0.0,连续低于10 km/h的记录超过180条
2017-11-04 00:06:20,删除长低速记录,0.0,0.0,连续低于10 km/h的记录超过180条
2017-11-04 00:06:21,删除长低速记录,0.0,0.0,连续低于10 km/h的记录超过180条
2017-11-04 00:06:22,删除长低速记录,0.0,0.0,连续低于10 km/h的记录超过180条
2017-11-04 00:06:23,删除长低速记录,0.0,0.0,连续低于10 km/h的记录超过180条
2017-11-04 00:06:24,删除长低速记录,0.0,0.0,连续低于10 km/h的记录超过180条
2017-11-04 00:06:25,删除长低速记录,0.0,0.0,连续低于10 km/h的记录超过180条
2017-11-04 00:06:26,删除长低速记录,0.0,0.0,连续低于10 km/h的记录超过180条
2017-11-04 00:06:27,删除长低速记录,0.0,0.0,连续低于10 km/h的记录超过180条
2017-11-04 00:06:28,删除长低速记录,0.0,0.0,连续低于10 km/h的记录超过180条
2017-11-04 00:06:29,删除长低速记录,0.0,0.0,连续低于10 km/h的记录超过180条
2017-11-04 00:06:30,删除长低速记录,0.0,0.0,连续低于10 km/h的记录超过180条
2017-11-04 00:06:31,删除长低速记录,0.0,0.0,连续低于10 km/h的记录超过180条
2017-11-04 00:06:32,删除长低速记录,0.0,0.0,连续低于10 km/h的记录超过180条
2017-11-04 00:06:33,删除长低速记录,0.0,0.0,连续低于10 km/h的记录超过180条
2017-11-04 00:06:34,删除长低速记录,0.0,0.0,连续低于10 km/h的记录超过180条
2017-11-04 00:06:35,删除长低速记录,0.0,0.0,连续低于10 km/h的记录超过180条
2017-11-04 00:06:36,删除长低速记录,0.0,0.0,连续低于10 km/h的记录超过180条
2017-11-04 00:06:37,删除长低速记录,0.0,0.0,连续低于10 km/h的记录超过180条
2017-11-04 00:06:38,删除长低速记录,0.0,0.0,连续低于10 km/h的记录超过180条
2017-11-04 00:06:39,删除长低速记录,0.0,0.0,连续低于10 km/h的记录超过180条
2017-11-04 00:06:40,删除长低速记录,0.0,0.0,连续低于10 km/h的记录超过180条
2017-11-04 00:06:41,删除长低速记录,0.0,0.0,连续低于10 km/h的记录超过180条
2017-11-04 00:06:42,删除长低速记录,0.0,0.0,连续低于10 km/h的记录超过180条
2017-11-04 00:06:43,删除长低速记录,0.0,0.0,连续低于10 km/h的记录超过180条
2017-11-04 00:06:44,删除长低速记录,0.0,0.0,连续低于10 km/h的记录超过180条
2017-11-04 00:06:45,删除长低速记录,0.0,0.0,连续低于10 km/h的记录超过180条
2017-11-04 00:06:46,删除长低速记录,0.0,0.0,连续低于10 km/h的记录超过180条
2017-11-04 00:06:47,删除长低速记录,0.0,0.0,连续低于10 km/h的记录超过180条
2017-11-04 00:06:48,删除长低速记录,0.0,0.0,连续低于10 km/h的记录超过180条
2017-11-04 00:06:49,删除长低速记录,0.0,0.0,连续低于10 km/h的记录超过180条
2017-11-04 00:08:01,新增插值记录,,31.700000000000003,相邻速度 30.3 与 33.1 km/h 的线性中点
2017-11-04 00:19:55,新增插值记录,,27.6,相邻速度 26.6 与 28.6 km/h 的线性中点
2017-11-04 00:21:11,新增插值记录,,52.5,相邻速度 52.3 与 52.7 km/h 的线性中点
2017-11-04 00:22:52,新增插值记录,,36.3,相邻速度 35.5 与 37.1 km/h 的线性中点
2017-11-04 00:23:00,新增插值记录,,37.1,相邻速度 38.2 与 36 km/h 的线性中点
2017-11-04 00:23:08,新增插值记录,,40.650000000000006,相邻速度 40.6 与 40.7 km/h 的线性中点
2017-11-04 00:23:10,新增插值记录,,40.900000000000006,相邻速度 40.7 与 41.1 km/h 的线性中点
2017-11-04 00:24:18,新增插值记录,,2.7,相邻速度 2 与 3.4 km/h 的线性中点
2017-11-04 00:47:42,新增插值记录,,70.65,相邻速度 69.5 与 71.8 km/h 的线性中点
2017-11-04 00:55:46,新增插值记录,,49.5,相邻速度 50.5 与 48.5 km/h 的线性中点
2017-11-04 00:57:24,新增插值记录,,29.35,相邻速度 28.8 与 29.9 km/h 的线性中点
2017-11-04 01:00:53,新增插值记录,,30.2,相邻速度 29.5 与 30.9 km/h 的线性中点
2017-11-04 01:15:16,新增插值记录,,46.15,相邻速度 45.9 与 46.4 km/h 的线性中点
2017-11-04 01:52:13,新增插值记录,,7.65,相邻速度 6.9 与 8.4 km/h 的线性中点
2017-11-04 01:55:46,新增插值记录,,0.85,相邻速度 0 与 1.7 km/h 的线性中点
2017-11-04 01:56:06,新增插值记录,,2.95,相邻速度 3 与 2.9 km/h 的线性中点
2017-11-04 10:38:10,新增插值记录,,0.0,相邻速度 0 与 0 km/h 的线性中点
2017-11-04 10:39:16,车速限幅,31.8,19.256,"连续1秒允许范围 [0.000000, 19.256000] km/h"
2017-11-04 10:39:19,车速限幅,29.7,19.256,"连续1秒允许范围 [0.000000, 19.256000] km/h"
2017-11-04 10:39:21,车速限幅,29.2,22.256,"连续1秒允许范围 [0.000000, 22.256000] km/h"
2017-11-04 10:39:25,车速限幅,28.5,22.356,"连续1秒允许范围 [0.000000, 22.356000] km/h"
2017-11-04 10:39:30,新增插值记录,,8.8,相邻速度 9.1 与 8.5 km/h 的线性中点
2017-11-04 10:39:33,新增插值记录,,8.5,相邻速度 8.5 与 8.5 km/h 的线性中点
2017-11-04 10:40:03,新增插值记录,,8.5,相邻速度 8.5 与 8.5 km/h 的线性中点
2017-11-04 10:40:05,新增插值记录,,8.5,相邻速度 8.5 与 8.5 km/h 的线性中点
2017-11-04 10:40:17,新增插值记录,,8.5,相邻速度 8.5 与 8.5 km/h 的线性中点
2017-11-04 10:40:21,新增插值记录,,8.5,相邻速度 8.5 与 8.5 km/h 的线性中点
2017-11-04 10:40:37,新增插值记录,,8.5,相邻速度 8.5 与 8.5 km/h 的线性中点
2017-11-04 10:40:51,新增插值记录,,8.5,相邻速度 8.5 与 8.5 km/h 的线性中点
2017-11-04 10:41:31,新增插值记录,,22.85,相邻速度 23.8 与 21.9 km/h 的线性中点
2017-11-04 10:41:55,新增插值记录,,20.2,相邻速度 20.7 与 19.7 km/h 的线性中点
2017-11-04 10:41:57,新增插值记录,,20.35,相邻速度 19.7 与 21 km/h 的线性中点
2017-11-04 10:43:00,新增插值记录,,29.85,相邻速度 30.8 与 28.9 km/h 的线性中点
2017-11-04 10:43:02,新增插值记录,,28.549999999999997,相邻速度 28.9 与 28.2 km/h 的线性中点
2017-11-04 10:43:04,新增插值记录,,34.6,相邻速度 28.2 与 41 km/h 的线性中点
2017-11-04 10:43:06,新增插值记录,,40.65,相邻速度 41 与 40.3 km/h 的线性中点
2017-11-04 10:43:18,新增插值记录,,39.25,相邻速度 36.7 与 41.8 km/h 的线性中点
2017-11-04 10:43:20,新增插值记录,,41.8,相邻速度 41.8 与 41.8 km/h 的线性中点
2017-11-04 10:43:26,新增插值记录,,40.65,相邻速度 41 与 40.3 km/h 的线性中点
2017-11-04 10:43:28,新增插值记录,,40.0,相邻速度 40.3 与 39.7 km/h 的线性中点
2017-11-04 10:43:44,新增插值记录,,43.8,相邻速度 44.3 与 43.3 km/h 的线性中点
2017-11-04 10:43:49,车速限幅,49.3,49.056,"连续1秒允许范围 [6.000000, 49.056000] km/h"
2017-11-04 10:43:56,新增插值记录,,43.0,相邻速度 44.3 与 41.7 km/h 的线性中点
2017-11-04 10:44:08,新增插值记录,,48.55,相邻速度 47.8 与 49.3 km/h 的线性中点
2017-11-04 10:44:16,新增插值记录,,46.05,相邻速度 44.3 与 47.8 km/h 的线性中点
2017-11-04 10:45:39,新增插值记录,,44.8,相邻速度 44 与 45.6 km/h 的线性中点
2017-11-04 10:47:02,新增插值记录,,20.55,相邻速度 20.5 与 20.6 km/h 的线性中点
2017-11-04 10:47:06,新增插值记录,,19.05,相邻速度 21.5 与 16.6 km/h 的线性中点
2017-11-04 10:47:14,新增插值记录,,21.15,相邻速度 19.5 与 22.8 km/h 的线性中点
2017-11-04 10:47:16,新增插值记录,,25.950000000000003,相邻速度 22.8 与 29.1 km/h 的线性中点
2017-11-04 10:47:18,新增插值记录,,28.5,相邻速度 29.1 与 27.9 km/h 的线性中点
2017-11-04 10:47:20,新增插值记录,,25.95,相邻速度 27.9 与 24 km/h 的线性中点
2017-11-04 10:47:22,新增插值记录,,23.55,相邻速度 24 与 23.1 km/h 的线性中点
2017-11-04 10:47:24,新增插值记录,,21.65,相邻速度 23.1 与 20.2 km/h 的线性中点
2017-11-04 10:47:28,新增插值记录,,15.25,相邻速度 16.6 与 13.9 km/h 的线性中点
2017-11-04 10:47:30,新增插值记录,,15.350000000000001,相邻速度 13.9 与 16.8 km/h 的线性中点
2017-11-04 10:47:36,新增插值记录,,26.450000000000003,相邻速度 23.8 与 29.1 km/h 的线性中点
2017-11-04 10:47:38,新增插值记录,,25.05,相邻速度 29.1 与 21 km/h 的线性中点
2017-11-04 10:48:39,新增插值记录,,15.65,相邻速度 17.8 与 13.5 km/h 的线性中点
2017-11-04 10:48:53,新增插值记录,,12.8,相邻速度 12.5 与 13.1 km/h 的线性中点
2017-11-04 10:48:57,新增插值记录,,15.4,相邻速度 13 与 17.8 km/h 的线性中点
2017-11-04 12:00:26,删除长低速记录,0.0,0.0,连续低于10 km/h的记录超过180条
2017-11-04 12:00:27,删除长低速记录,0.0,0.0,连续低于10 km/h的记录超过180条
2017-11-04 12:00:28,删除长低速记录,0.0,0.0,连续低于10 km/h的记录超过180条
2017-11-04 12:00:29,删除长低速记录,0.0,0.0,连续低于10 km/h的记录超过180条
2017-11-04 12:00:30,删除长低速记录,0.0,0.0,连续低于10 km/h的记录超过180条
2017-11-04 12:00:31,删除长低速记录,0.0,0.0,连续低于10 km/h的记录超过180条
2017-11-04 12:00:32,删除长低速记录,0.0,0.0,连续低于10 km/h的记录超过180条
2017-11-04 12:00:33,删除长低速记录,0.0,0.0,连续低于10 km/h的记录超过180条
2017-11-04 12:00:34,删除长低速记录,0.0,0.0,连续低于10 km/h的记录超过180条
2017-11-04 12:00:35,删除长低速记录,0.0,0.0,连续低于10 km/h的记录超过180条
2017-11-04 12:00:36,删除长低速记录,0.0,0.0,连续低于10 km/h的记录超过180条
2017-11-04 12:00:37,删除长低速记录,0.0,0.0,连续低于10 km/h的记录超过180条
2017-11-04 12:00:38,删除长低速记录,0.0,0.0,连续低于10 km/h的记录超过180条
2017-11-04 12:00:39,删除长低速记录,0.0,0.0,连续低于10 km/h的记录超过180条
2017-11-04 12:00:40,删除长低速记录,0.0,0.0,连续低于10 km/h的记录超过180条
2017-11-04 12:00:41,删除长低速记录,0.0,0.0,连续低于10 km/h的记录超过180条
2017-11-04 12:00:42,删除长低速记录,0.0,0.0,连续低于10 km/h的记录超过180条
2017-11-04 12:00:43,删除长低速记录,0.0,0.0,连续低于10 km/h的记录超过180条
2017-11-04 12:00:44,删除长低速记录,0.0,0.0,连续低于10 km/h的记录超过180条
2017-11-04 12:00:45,删除长低速记录,0.0,0.0,连续低于10 km/h的记录超过180条
2017-11-04 12:00:46,删除长低速记录,0.0,0.0,连续低于10 km/h的记录超过180条
2017-11-04 12:00:47,删除长低速记录,0.0,0.0,连续低于10 km/h的记录超过180条
2017-11-04 12:00:48,删除长低速记录,0.0,0.0,连续低于10 km/h的记录超过180条
2017-11-04 12:00:49,删除长低速记录,0.0,0.0,连续低于10 km/h的记录超过180条
2017-11-04 12:00:50,删除长低速记录,0.0,0.0,连续低于10 km/h的记录超过180条
2017-11-04 12:00:51,删除长低速记录,0.0,0.0,连续低于10 km/h的记录超过180条
2017-11-04 12:00:52,删除长低速记录,0.0,0.0,连续低于10 km/h的记录超过180条
2017-11-04 12:00:53,删除长低速记录,0.0,0.0,连续低于10 km/h的记录超过180条
2017-11-04 12:00:54,删除长低速记录,0.0,0.0,连续低于10 km/h的记录超过180条
2017-11-04 12:00:55,删除长低速记录,0.0,0.0,连续低于10 km/h的记录超过180条
2017-11-04 12:00:56,删除长低速记录,0.0,0.0,连续低于10 km/h的记录超过180条
2017-11-04 12:00:57,删除长低速记录,0.0,0.0,连续低于10 km/h的记录超过180条
2017-11-04 12:00:58,删除长低速记录,0.0,0.0,连续低于10 km/h的记录超过180条
2017-11-04 12:00:59,删除长低速记录,0.0,0.0,连续低于10 km/h的记录超过180条
2017-11-04 12:01:00,删除长低速记录,0.0,0.0,连续低于10 km/h的记录超过180条
2017-11-04 12:01:01,删除长低速记录,0.0,0.0,连续低于10 km/h的记录超过180条
2017-11-04 12:01:02,删除长低速记录,0.0,0.0,连续低于10 km/h的记录超过180条
2017-11-04 12:01:03,删除长低速记录,0.0,0.0,连续低于10 km/h的记录超过180条
2017-11-04 12:01:04,删除长低速记录,0.0,0.0,连续低于10 km/h的记录超过180条
2017-11-04 12:01:05,删除长低速记录,0.0,0.0,连续低于10 km/h的记录超过180条
2017-11-04 12:01:06,删除长低速记录,0.0,0.0,连续低于10 km/h的记录超过180条
2017-11-04 12:01:07,删除长低速记录,0.0,0.0,连续低于10 km/h的记录超过180条
2017-11-04 12:01:08,删除长低速记录,0.0,0.0,连续低于10 km/h的记录超过180条
2017-11-04 12:01:09,删除长低速记录,0.0,0.0,连续低于10 km/h的记录超过180条
2017-11-04 12:01:10,删除长低速记录,0.0,0.0,连续低于10 km/h的记录超过180条
2017-11-04 12:01:11,删除长低速记录,0.0,0.0,连续低于10 km/h的记录超过180条
2017-11-04 12:01:12,删除长低速记录,0.0,0.0,连续低于10 km/h的记录超过180条
2017-11-04 12:01:13,删除长低速记录,0.0,0.0,连续低于10 km/h的记录超过180条
2017-11-04 12:01:14,删除长低速记录,0.0,0.0,连续低于10 km/h的记录超过180条
2017-11-04 12:01:15,删除长低速记录,0.0,0.0,连续低于10 km/h的记录超过180条
2017-11-04 12:01:16,删除长低速记录,0.0,0.0,连续低于10 km/h的记录超过180条
2017-11-04 12:01:17,删除长低速记录,0.0,0.0,连续低于10 km/h的记录超过180条
2017-11-04 12:01:18,删除长低速记录,0.0,0.0,连续低于10 km/h的记录超过180条
2017-11-04 12:01:19,删除长低速记录,0.0,0.0,连续低于10 km/h的记录超过180条
2017-11-04 12:01:20,删除长低速记录,0.0,0.0,连续低于10 km/h的记录超过180条
2017-11-04 12:01:21,删除长低速记录,0.0,0.0,连续低于10 km/h的记录超过180条
2017-11-04 12:01:22,删除长低速记录,0.0,0.0,连续低于10 km/h的记录超过180条
2017-11-04 12:01:23,删除长低速记录,0.0,0.0,连续低于10 km/h的记录超过180条
2017-11-04 12:01:24,删除长低速记录,0.0,0.0,连续低于10 km/h的记录超过180条
2017-11-04 12:01:25,删除长低速记录,0.0,0.0,连续低于10 km/h的记录超过180条
2017-11-04 12:01:26,删除长低速记录,0.0,0.0,连续低于10 km/h的记录超过180条
2017-11-04 12:01:27,删除长低速记录,0.0,0.0,连续低于10 km/h的记录超过180条
2017-11-04 12:01:28,删除长低速记录,0.0,0.0,连续低于10 km/h的记录超过180条
2017-11-04 12:01:29,删除长低速记录,0.0,0.0,连续低于10 km/h的记录超过180条
2017-11-04 12:01:30,删除长低速记录,0.0,0.0,连续低于10 km/h的记录超过180条
2017-11-04 12:01:31,删除长低速记录,0.0,0.0,连续低于10 km/h的记录超过180条
2017-11-04 12:01:32,删除长低速记录,0.0,0.0,连续低于10 km/h的记录超过180条
2017-11-04 12:01:33,删除长低速记录,0.0,0.0,连续低于10 km/h的记录超过180条
2017-11-04 12:01:34,删除长低速记录,0.0,0.0,连续低于10 km/h的记录超过180条
2017-11-04 12:01:35,删除长低速记录,0.0,0.0,连续低于10 km/h的记录超过180条
2017-11-04 12:01:36,删除长低速记录,0.0,0.0,连续低于10 km/h的记录超过180条
2017-11-04 12:01:37,删除长低速记录,0.0,0.0,连续低于10 km/h的记录超过180条
2017-11-04 12:01:38,删除长低速记录,0.0,0.0,连续低于10 km/h的记录超过180条
2017-11-04 12:01:39,删除长低速记录,0.0,0.0,连续低于10 km/h的记录超过180条
2017-11-04 12:01:40,删除长低速记录,0.0,0.0,连续低于10 km/h的记录超过180条
2017-11-04 12:01:41,删除长低速记录,0.0,0.0,连续低于10 km/h的记录超过180条
2017-11-04 12:01:42,删除长低速记录,0.0,0.0,连续低于10 km/h的记录超过180条
2017-11-04 12:01:43,删除长低速记录,0.0,0.0,连续低于10 km/h的记录超过180条
2017-11-04 12:01:44,删除长低速记录,0.0,0.0,连续低于10 km/h的记录超过180条
2017-11-04 12:01:45,删除长低速记录,0.0,0.0,连续低于10 km/h的记录超过180条
2017-11-04 12:01:46,删除长低速记录,0.0,0.0,连续低于10 km/h的记录超过180条
2017-11-04 12:01:47,删除长低速记录,0.0,0.0,连续低于10 km/h的记录超过180条
2017-11-04 12:01:48,删除长低速记录,0.0,0.0,连续低于10 km/h的记录超过180条
2017-11-04 12:01:49,删除长低速记录,0.0,0.0,连续低于10 km/h的记录超过180条
2017-11-04 12:01:50,删除长低速记录,0.0,0.0,连续低于10 km/h的记录超过180条
2017-11-04 12:01:51,删除长低速记录,0.0,0.0,连续低于10 km/h的记录超过180条
2017-11-04 12:01:52,删除长低速记录,0.0,0.0,连续低于10 km/h的记录超过180条
2017-11-04 12:01:53,删除长低速记录,0.0,0.0,连续低于10 km/h的记录超过180条
2017-11-04 12:01:54,删除长低速记录,0.0,0.0,连续低于10 km/h的记录超过180条
2017-11-04 12:01:55,删除长低速记录,0.0,0.0,连续低于10 km/h的记录超过180条
2017-11-04 12:01:56,删除长低速记录,0.0,0.0,连续低于10 km/h的记录超过180条
2017-11-04 12:01:57,删除长低速记录,0.0,0.0,连续低于10 km/h的记录超过180条
2017-11-04 12:01:58,删除长低速记录,0.0,0.0,连续低于10 km/h的记录超过180条
2017-11-04 12:01:59,删除长低速记录,0.0,0.0,连续低于10 km/h的记录超过180条
2017-11-04 12:02:00,删除长低速记录,0.0,0.0,连续低于10 km/h的记录超过180条
2017-11-04 12:02:01,删除长低速记录,0.0,0.0,连续低于10 km/h的记录超过180条
2017-11-04 12:02:02,删除长低速记录,0.0,0.0,连续低于10 km/h的记录超过180条
2017-11-04 12:02:03,删除长低速记录,0.0,0.0,连续低于10 km/h的记录超过180条
2017-11-04 12:02:04,删除长低速记录,0.0,0.0,连续低于10 km/h的记录超过180条
2017-11-04 12:02:05,删除长低速记录,0.0,0.0,连续低于10 km/h的记录超过180条
2017-11-04 12:02:06,删除长低速记录,0.0,0.0,连续低于10 km/h的记录超过180条
2017-11-04 12:02:07,删除长低速记录,0.0,0.0,连续低于10 km/h的记录超过180条
2017-11-04 12:02:08,删除长低速记录,0.0,0.0,连续低于10 km/h的记录超过180条
2017-11-04 12:02:09,删除长低速记录,0.0,0.0,连续低于10 km/h的记录超过180条
2017-11-04 12:02:10,删除长低速记录,0.0,0.0,连续低于10 km/h的记录超过180条
2017-11-04 12:02:11,删除长低速记录,0.0,0.0,连续低于10 km/h的记录超过180条
2017-11-04 12:02:12,删除长低速记录,0.0,0.0,连续低于10 km/h的记录超过180条
2017-11-04 12:02:13,删除长低速记录,0.0,0.0,连续低于10 km/h的记录超过180条
2017-11-04 12:02:14,删除长低速记录,0.0,0.0,连续低于10 km/h的记录超过180条
2017-11-04 12:02:15,删除长低速记录,0.0,0.0,连续低于10 km/h的记录超过180条
2017-11-04 12:02:16,删除长低速记录,0.0,0.0,连续低于10 km/h的记录超过180条
2017-11-04 12:02:17,删除长低速记录,0.0,0.0,连续低于10 km/h的记录超过180条
2017-11-04 12:02:18,删除长低速记录,0.0,0.0,连续低于10 km/h的记录超过180条
2017-11-04 12:02:19,删除长低速记录,0.0,0.0,连续低于10 km/h的记录超过180条
2017-11-04 12:02:20,删除长低速记录,0.0,0.0,连续低于10 km/h的记录超过180条
2017-11-04 12:02:21,删除长低速记录,0.0,0.0,连续低于10 km/h的记录超过180条
2017-11-04 12:02:22,删除长低速记录,0.0,0.0,连续低于10 km/h的记录超过180条
2017-11-04 12:02:23,删除长低速记录,0.0,0.0,连续低于10 km/h的记录超过180条
2017-11-04 12:02:24,删除长低速记录,0.0,0.0,连续低于10 km/h的记录超过180条
2017-11-04 12:02:25,删除长低速记录,0.0,0.0,连续低于10 km/h的记录超过180条
2017-11-04 12:02:26,删除长低速记录,0.0,0.0,连续低于10 km/h的记录超过180条
2017-11-04 12:02:27,删除长低速记录,0.0,0.0,连续低于10 km/h的记录超过180条
2017-11-04 12:02:28,删除长低速记录,0.0,0.0,连续低于10 km/h的记录超过180条
2017-11-04 12:02:29,删除长低速记录,0.0,0.0,连续低于10 km/h的记录超过180条
2017-11-04 12:02:30,删除长低速记录,0.0,0.0,连续低于10 km/h的记录超过180条
2017-11-04 12:02:31,删除长低速记录,0.0,0.0,连续低于10 km/h的记录超过180条
2017-11-04 12:02:32,删除长低速记录,0.0,0.0,连续低于10 km/h的记录超过180条
2017-11-04 12:02:33,删除长低速记录,0.0,0.0,连续低于10 km/h的记录超过180条
2017-11-04 12:02:34,删除长低速记录,0.0,0.0,连续低于10 km/h的记录超过180条
2017-11-04 12:02:35,删除长低速记录,0.0,0.0,连续低于10 km/h的记录超过180条
2017-11-04 12:02:36,删除长低速记录,0.0,0.0,连续低于10 km/h的记录超过180条
2017-11-04 12:02:37,删除长低速记录,0.0,0.0,连续低于10 km/h的记录超过180条
2017-11-04 12:02:38,删除长低速记录,0.0,0.0,连续低于10 km/h的记录超过180条
2017-11-04 12:02:39,删除长低速记录,0.0,0.0,连续低于10 km/h的记录超过180条
2017-11-04 12:02:40,删除长低速记录,0.0,0.0,连续低于10 km/h的记录超过180条
2017-11-04 12:02:41,删除长低速记录,0.0,0.0,连续低于10 km/h的记录超过180条
2017-11-04 12:02:42,删除长低速记录,0.0,0.0,连续低于10 km/h的记录超过180条
2017-11-04 12:02:43,删除长低速记录,0.0,0.0,连续低于10 km/h的记录超过180条
2017-11-04 12:02:44,删除长低速记录,0.0,0.0,连续低于10 km/h的记录超过180条
2017-11-04 12:02:45,删除长低速记录,0.0,0.0,连续低于10 km/h的记录超过180条
2017-11-04 12:02:46,删除长低速记录,0.0,0.0,连续低于10 km/h的记录超过180条
2017-11-04 12:02:47,删除长低速记录,0.0,0.0,连续低于10 km/h的记录超过180条
2017-11-04 12:02:48,删除长低速记录,0.0,0.0,连续低于10 km/h的记录超过180条
2017-11-04 12:02:49,删除长低速记录,0.0,0.0,连续低于10 km/h的记录超过180条
2017-11-04 12:02:50,删除长低速记录,0.0,0.0,连续低于10 km/h的记录超过180条
2017-11-04 12:02:51,删除长低速记录,0.0,0.0,连续低于10 km/h的记录超过180条
2017-11-04 12:02:52,删除长低速记录,0.0,0.0,连续低于10 km/h的记录超过180条
2017-11-04 12:02:53,删除长低速记录,0.0,0.0,连续低于10 km/h的记录超过180条
2017-11-04 12:02:54,删除长低速记录,0.0,0.0,连续低于10 km/h的记录超过180条
2017-11-04 14:45:25,新增插值记录,,51.5,相邻速度 51.5 与 51.5 km/h 的线性中点
2017-11-04 14:45:39,新增插值记录,,51.5,相邻速度 51.5 与 51.5 km/h 的线性中点
2017-11-04 14:45:42,新增插值记录,,51.5,相邻速度 51.5 与 51.5 km/h 的线性中点
2017-11-04 14:45:58,新增插值记录,,51.5,相邻速度 51.5 与 51.5 km/h 的线性中点
2017-11-04 14:46:12,新增插值记录,,51.5,相邻速度 51.5 与 51.5 km/h 的线性中点
2017-11-04 14:46:15,新增插值记录,,51.5,相邻速度 51.5 与 51.5 km/h 的线性中点
2017-11-04 14:46:31,新增插值记录,,51.5,相邻速度 51.5 与 51.5 km/h 的线性中点
2017-11-04 14:46:45,新增插值记录,,51.5,相邻速度 51.5 与 51.5 km/h 的线性中点
2017-11-04 14:46:48,新增插值记录,,51.5,相邻速度 51.5 与 51.5 km/h 的线性中点
2017-11-04 14:47:04,新增插值记录,,51.5,相邻速度 51.5 与 51.5 km/h 的线性中点
2017-11-04 14:47:18,新增插值记录,,51.5,相邻速度 51.5 与 51.5 km/h 的线性中点
2017-11-04 14:47:37,新增插值记录,,51.5,相邻速度 51.5 与 51.5 km/h 的线性中点
2017-11-04 14:47:51,新增插值记录,,51.5,相邻速度 51.5 与 51.5 km/h 的线性中点
2017-11-04 14:48:09,新增插值记录,,51.5,相邻速度 51.5 与 51.5 km/h 的线性中点
2017-11-04 14:48:24,新增插值记录,,51.5,相邻速度 51.5 与 51.5 km/h 的线性中点
2017-11-04 14:48:42,新增插值记录,,51.5,相邻速度 51.5 与 51.5 km/h 的线性中点
2017-11-04 14:48:57,新增插值记录,,51.5,相邻速度 51.5 与 51.5 km/h 的线性中点
2017-11-04 14:49:15,新增插值记录,,51.5,相邻速度 51.5 与 51.5 km/h 的线性中点
2017-11-04 14:49:30,新增插值记录,,51.5,相邻速度 51.5 与 51.5 km/h 的线性中点
2017-11-04 18:58:11,新增插值记录,,0.0,相邻速度 0 与 0 km/h 的线性中点
2017-11-04 18:58:23,新增插值记录,,0.0,相邻速度 0 与 0 km/h 的线性中点
2017-11-04 18:58:25,新增插值记录,,0.0,相邻速度 0 与 0 km/h 的线性中点
2017-11-04 18:59:17,新增插值记录,,0.8,相邻速度 0 与 1.6 km/h 的线性中点
2017-11-04 18:59:54,新增插值记录,,0.0,相邻速度 0 与 0 km/h 的线性中点
2017-11-04 19:00:23,新增插值记录,,26.65,相邻速度 34.6 与 18.7 km/h 的线性中点
2017-11-04 19:00:30,新增插值记录,,24.9,相邻速度 24.9 与 24.9 km/h 的线性中点
2017-11-04 19:00:32,新增插值记录,,24.9,相邻速度 24.9 与 24.9 km/h 的线性中点
2017-11-04 19:00:38,新增插值记录,,40.3,相邻速度 37.8 与 42.8 km/h 的线性中点
2017-11-04 19:00:44,新增插值记录,,45.5,相邻速度 44.2 与 46.8 km/h 的线性中点
2017-11-04 19:00:50,新增插值记录,,52.7,相邻速度 51.4 与 54 km/h 的线性中点
2017-11-04 19:01:28,新增插值记录,,0.0,相邻速度 0 与 0 km/h 的线性中点
2017-11-04 19:01:43,新增插值记录,,0.0,相邻速度 0 与 0 km/h 的线性中点
2017-11-04 19:01:58,新增插值记录,,0.0,相邻速度 0 与 0 km/h 的线性中点
2017-11-04 19:02:06,新增插值记录,,0.0,相邻速度 0 与 0 km/h 的线性中点
2017-11-04 19:02:10,新增插值记录,,2.3,相邻速度 0 与 4.6 km/h 的线性中点
2017-11-04 19:02:27,新增插值记录,,23.65,相邻速度 24.3 与 23 km/h 的线性中点
2017-11-04 19:02:57,新增插值记录,,47.3,相邻速度 43.6 与 51 km/h 的线性中点
2017-11-04 19:03:07,新增插值记录,,60.2,相邻速度 60.2 与 60.2 km/h 的线性中点
2017-11-04 19:03:33,新增插值记录,,61.7,相邻速度 58.9 与 64.5 km/h 的线性中点
2017-11-04 19:03:35,新增插值记录,,63.95,相邻速度 64.5 与 63.4 km/h 的线性中点
2017-11-04 19:03:41,新增插值记录,,65.85,相邻速度 62.9 与 68.8 km/h 的线性中点
2017-11-04 19:03:49,新增插值记录,,66.8,相邻速度 67.3 与 66.3 km/h 的线性中点
2017-11-04 19:03:51,新增插值记录,,64.8,相邻速度 66.3 与 63.3 km/h 的线性中点
2017-11-04 19:04:11,新增插值记录,,65.8,相邻速度 65.8 与 65.8 km/h 的线性中点
2017-11-04 19:04:21,新增插值记录,,61.75,相邻速度 61.8 与 61.7 km/h 的线性中点
2017-11-04 19:04:29,新增插值记录,,69.4,相邻速度 66.2 与 72.6 km/h 的线性中点
2017-11-04 19:04:35,新增插值记录,,66.19999999999999,相邻速度 66.6 与 65.8 km/h 的线性中点
2017-11-04 19:04:37,新增插值记录,,65.8,相邻速度 65.8 与 65.8 km/h 的线性中点
2017-11-04 19:04:43,新增插值记录,,59.85,相邻速度 60.2 与 59.5 km/h 的线性中点
2017-11-04 19:04:57,新增插值记录,,63.65,相邻速度 63.4 与 63.9 km/h 的线性中点
2017-11-04 19:05:10,新增插值记录,,58.9,相邻速度 58.9 与 58.9 km/h 的线性中点
2017-11-04 19:05:22,新增插值记录,,53.5,相邻速度 53.5 与 53.5 km/h 的线性中点
2017-11-04 19:05:26,新增插值记录,,52.35,相邻速度 51.2 与 53.5 km/h 的线性中点
2017-11-04 19:05:32,新增插值记录,,48.05,相邻速度 47.8 与 48.3 km/h 的线性中点
2017-11-04 19:05:42,新增插值记录,,53.0,相邻速度 53 与 53 km/h 的线性中点
2017-11-04 19:05:58,新增插值记录,,36.4,相邻速度 36.4 与 36.4 km/h 的线性中点
2017-11-04 19:06:02,新增插值记录,,23.4,相邻速度 22.6 与 24.2 km/h 的线性中点
2017-11-04 19:06:08,新增插值记录,,28.65,相邻速度 26.9 与 30.4 km/h 的线性中点
2017-11-04 19:06:24,新增插值记录,,33.6,相邻速度 33.6 与 33.6 km/h 的线性中点
2017-11-04 19:06:28,新增插值记录,,39.0,相邻速度 33.6 与 44.4 km/h 的线性中点
2017-11-04 19:06:34,新增插值记录,,44.7,相邻速度 44.7 与 44.7 km/h 的线性中点
2017-11-04 19:06:38,新增插值记录,,46.05,相邻速度 44.8 与 47.3 km/h 的线性中点
2017-11-04 19:06:42,新增插值记录,,45.05,相邻速度 46.9 与 43.2 km/h 的线性中点
2017-11-04 19:07:12,新增插值记录,,30.1,相邻速度 32.7 与 27.5 km/h 的线性中点
2017-11-04 19:07:20,新增插值记录,,7.8,相邻速度 7.8 与 7.8 km/h 的线性中点
2017-11-04 19:07:34,新增插值记录,,0.05,相邻速度 0 与 0.1 km/h 的线性中点
2017-11-04 19:07:48,新增插值记录,,0.1,相邻速度 0.1 与 0.1 km/h 的线性中点
2017-11-04 19:07:50,新增插值记录,,0.05,相邻速度 0.1 与 0 km/h 的线性中点
2017-11-04 19:07:54,新增插值记录,,10.8,相邻速度 10.8 与 10.8 km/h 的线性中点
2017-11-04 19:07:56,新增插值记录,,15.15,相邻速度 10.8 与 19.5 km/h 的线性中点
2017-11-04 19:08:02,新增插值记录,,22.95,相邻速度 22 与 23.9 km/h 的线性中点
2017-11-04 19:08:08,新增插值记录,,32.2,相邻速度 32.2 与 32.2 km/h 的线性中点
2017-11-04 19:08:14,新增插值记录,,31.65,相邻速度 31.6 与 31.7 km/h 的线性中点
2017-11-04 19:08:16,新增插值记录,,30.6,相邻速度 31.7 与 29.5 km/h 的线性中点
2017-11-04 19:08:32,新增插值记录,,17.45,相邻速度 19 与 15.9 km/h 的线性中点
2017-11-04 19:08:34,新增插值记录,,15.75,相邻速度 15.9 与 15.6 km/h 的线性中点
2017-11-04 19:08:51,新增插值记录,,5.2,相邻速度 4.4 与 6 km/h 的线性中点
2017-11-04 19:09:07,新增插值记录,,6.0,相邻速度 6 与 6 km/h 的线性中点
2017-11-04 19:09:17,新增插值记录,,13.45,相邻速度 15.1 与 11.8 km/h 的线性中点
2017-11-04 19:09:19,新增插值记录,,11.8,相邻速度 11.8 与 11.8 km/h 的线性中点
2017-11-04 19:09:27,新增插值记录,,8.2,相邻速度 6.9 与 9.5 km/h 的线性中点
2017-11-04 19:09:43,新增插值记录,,7.1,相邻速度 7.1 与 7.1 km/h 的线性中点
2017-11-04 19:09:47,新增插值记录,,15.65,相邻速度 10.5 与 20.8 km/h 的线性中点
2017-11-04 19:09:57,新增插值记录,,31.3,相邻速度 31.3 与 31.3 km/h 的线性中点
2017-11-04 19:09:59,新增插值记录,,32.3,相邻速度 31.3 与 33.3 km/h 的线性中点
2017-11-04 19:10:01,新增插值记录,,34.3,相邻速度 33.3 与 35.3 km/h 的线性中点
2017-11-04 19:10:05,新增插值记录,,34.3,相邻速度 34.3 与 34.3 km/h 的线性中点
2017-11-04 19:10:17,新增插值记录,,33.5,相邻速度 30.5 与 36.5 km/h 的线性中点
2017-11-04 19:10:19,新增插值记录,,32.35,相邻速度 36.5 与 28.2 km/h 的线性中点
2017-11-04 19:11:53,新增插值记录,,43.75,相邻速度 42.7 与 44.8 km/h 的线性中点
2017-11-04 19:53:46,新增插值记录,,17.7,相邻速度 17.7 与 17.7 km/h 的线性中点
2017-11-04 19:53:48,新增插值记录,,21.049999999999997,相邻速度 17.7 与 24.4 km/h 的线性中点
2017-11-04 19:54:13,新增插值记录,,17.7,相邻速度 17.7 与 17.7 km/h 的线性中点
2017-11-04 19:55:38,新增插值记录,,23.6,相邻速度 20.8 与 26.4 km/h 的线性中点
2017-11-04 19:55:43,新增插值记录,,30.299999999999997,相邻速度 27.2 与 33.4 km/h 的线性中点
2017-11-04 19:56:07,新增插值记录,,36.150000000000006,相邻速度 37.2 与 35.1 km/h 的线性中点
2017-11-04 19:56:31,新增插值记录,,34.0,相邻速度 33.8 与 34.2 km/h 的线性中点
2017-11-04 19:56:48,车速限幅,57.7,49.056,"连续1秒允许范围 [6.000000, 49.056000] km/h"
2017-11-04 19:56:55,新增插值记录,,31.950000000000003,相邻速度 34.2 与 29.7 km/h 的线性中点
2017-11-04 19:57:01,新增插值记录,,27.35,相邻速度 26.2 与 28.5 km/h 的线性中点
2017-11-04 19:57:03,新增插值记录,,29.95,相邻速度 28.5 与 31.4 km/h 的线性中点
2017-11-04 19:57:05,新增插值记录,,33.9,相邻速度 31.4 与 36.4 km/h 的线性中点
2017-11-04 19:57:09,新增插值记录,,35.6,相邻速度 33 与 38.2 km/h 的线性中点
2017-11-04 19:57:19,新增插值记录,,38.55,相邻速度 36.1 与 41 km/h 的线性中点
2017-11-04 19:57:22,车速限幅,50.6,48.456,"连续1秒允许范围 [5.400000, 48.456000] km/h"
2017-11-04 19:57:28,车速限幅,44.8,40.456,"连续1秒允许范围 [0.000000, 40.456000] km/h"
2017-11-04 19:57:30,车速限幅,57.0,42.756,"连续1秒允许范围 [0.000000, 42.756000] km/h"
2017-11-04 19:57:32,车速限幅,47.0,45.656,"连续1秒允许范围 [2.600000, 45.656000] km/h"
2017-11-04 19:57:33,新增插值记录,,47.15,相邻速度 47 与 47.3 km/h 的线性中点
2017-11-04 19:57:37,新增插值记录,,43.95,相邻速度 42.8 与 45.1 km/h 的线性中点
2017-11-04 19:58:28,新增插值记录,,36.75,相邻速度 37.6 与 35.9 km/h 的线性中点
2017-11-04 19:58:42,新增插值记录,,43.6,相邻速度 41.5 与 45.7 km/h 的线性中点
2017-11-04 19:58:48,新增插值记录,,43.8,相邻速度 43.9 与 43.7 km/h 的线性中点
2017-11-04 19:58:50,新增插值记录,,44.400000000000006,相邻速度 43.7 与 45.1 km/h 的线性中点
2017-11-04 19:59:04,新增插值记录,,41.099999999999994,相邻速度 40.4 与 41.8 km/h 的线性中点
2017-11-04 19:59:09,新增插值记录,,39.5,相邻速度 41.5 与 37.5 km/h 的线性中点
2017-11-04 19:59:18,新增插值记录,,31.700000000000003,相邻速度 32.6 与 30.8 km/h 的线性中点
2017-11-04 19:59:29,新增插值记录,,36.65,相邻速度 32.9 与 40.4 km/h 的线性中点
2017-11-04 19:59:34,车速限幅,41.8,41.356,"连续1秒允许范围 [0.000000, 41.356000] km/h"
2017-11-04 19:59:48,新增插值记录,,44.25,相邻速度 44 与 44.5 km/h 的线性中点
2017-11-04 19:59:54,车速限幅,46.0,44.556,"连续1秒允许范围 [1.500000, 44.556000] km/h"
2017-11-04 19:59:57,车速限幅,51.4,47.156,"连续1秒允许范围 [4.100000, 47.156000] km/h"
2017-11-04 20:00:01,车速限幅,52.7,41.356,"连续1秒允许范围 [0.000000, 41.356000] km/h"
2017-11-04 20:00:04,车速限幅,53.0,41.356,"连续1秒允许范围 [0.000000, 41.356000] km/h"
2017-11-04 20:00:08,新增插值记录,,49.75,相邻速度 50.7 与 48.8 km/h 的线性中点
2017-11-04 20:00:55,新增插值记录,,49.15,相邻速度 48.8 与 49.5 km/h 的线性中点
2017-11-04 20:01:25,新增插值记录,,44.150000000000006,相邻速度 44.1 与 44.2 km/h 的线性中点
2017-11-04 20:01:52,新增插值记录,,44.150000000000006,相邻速度 44.1 与 44.2 km/h 的线性中点
2017-11-04 20:01:56,新增插值记录,,49.8,相邻速度 44.2 与 55.4 km/h 的线性中点
2017-11-04 20:01:59,车速限幅,55.4,44.956,"连续1秒允许范围 [1.900000, 44.956000] km/h"
2017-11-04 20:02:24,新增插值记录,,44.8,相邻速度 58.9 与 30.7 km/h 的线性中点
2017-11-04 20:02:26,车速限幅,60.0,44.956,"连续1秒允许范围 [1.900000, 44.956000] km/h"
2017-11-04 20:02:27,车速限幅,63.8,59.212,"连续1秒允许范围 [16.156000, 59.212000] km/h"
2017-11-04 20:02:29,车速限幅,30.7,31.3,"连续1秒允许范围 [31.300000, 74.356000] km/h"
2017-11-04 20:02:30,车速限幅,60.8,45.556,"连续1秒允许范围 [2.500000, 45.556000] km/h"
2017-11-04 20:02:31,车速限幅,61.1,59.812,"连续1秒允许范围 [16.756000, 59.812000] km/h"
2017-11-04 20:02:35,新增插值记录,,53.349999999999994,相邻速度 53.3 与 53.4 km/h 的线性中点
2017-11-04 20:02:44,新增插值记录,,61.0,相邻速度 61 与 61 km/h 的线性中点
2017-11-04 20:03:44,新增插值记录,,38.25,相邻速度 37.9 与 38.6 km/h 的线性中点
2017-11-04 20:04:14,车速限幅,54.2,52.856,"连续1秒允许范围 [9.800000, 52.856000] km/h"
2017-11-04 20:04:18,车速限幅,56.4,52.856,"连续1秒允许范围 [9.800000, 52.856000] km/h"
2017-11-04 20:04:22,新增插值记录,,57.9,相邻速度 56.8 与 59 km/h 的线性中点
2017-11-04 20:04:26,新增插值记录,,56.349999999999994,相邻速度 56.8 与 55.9 km/h 的线性中点
2017-11-04 20:04:34,新增插值记录,,53.1,相邻速度 53.7 与 52.5 km/h 的线性中点
2017-11-04 20:04:38,新增插值记录,,56.05,相邻速度 54.3 与 57.8 km/h 的线性中点
2017-11-04 20:04:40,新增插值记录,,55.45,相邻速度 57.8 与 53.1 km/h 的线性中点
2017-11-04 20:04:46,新增插值记录,,45.05,相邻速度 46.7 与 43.4 km/h 的线性中点
2017-11-04 20:05:04,车速限幅,54.3,48.156,"连续1秒允许范围 [5.100000, 48.156000] km/h"
2017-11-04 20:05:10,新增插值记录,,23.15,相邻速度 23.8 与 22.5 km/h 的线性中点
2017-11-04 20:05:16,新增插值记录,,21.450000000000003,相邻速度 20.6 与 22.3 km/h 的线性中点
2017-11-04 20:05:18,新增插值记录,,26.200000000000003,相邻速度 22.3 与 30.1 km/h 的线性中点
2017-11-04 20:05:35,新增插值记录,,24.0,相邻速度 24.2 与 23.8 km/h 的线性中点
2017-11-04 20:06:02,车速限幅,40.9,38.456,"连续1秒允许范围 [0.000000, 38.456000] km/h"
2017-11-04 20:06:13,新增插值记录,,36.400000000000006,相邻速度 35.2 与 37.6 km/h 的线性中点
2017-11-04 20:07:09,新增插值记录,,0.0,相邻速度 0 与 0 km/h 的线性中点
2017-11-04 20:07:13,新增插值记录,,0.0,相邻速度 0 与 0 km/h 的线性中点
2017-11-04 20:07:41,新增插值记录,,36.15,相邻速度 33.8 与 38.5 km/h 的线性中点
2017-11-04 20:07:57,新增插值记录,,45.7,相邻速度 41.9 与 49.5 km/h 的线性中点
2017-11-04 20:08:09,新增插值记录,,40.75,相邻速度 41 与 40.5 km/h 的线性中点
2017-11-04 20:08:15,新增插值记录,,36.5,相邻速度 37.1 与 35.9 km/h 的线性中点
2017-11-04 20:08:19,新增插值记录,,43.7,相邻速度 40.8 与 46.6 km/h 的线性中点
2017-11-04 20:08:30,新增插值记录,,52.650000000000006,相邻速度 49.7 与 55.6 km/h 的线性中点
2017-11-04 20:08:36,新增插值记录,,50.0,相邻速度 55.1 与 44.9 km/h 的线性中点
2017-11-04 20:08:43,新增插值记录,,48.95,相邻速度 45.4 与 52.5 km/h 的线性中点
2017-11-04 20:09:04,新增插值记录,,0.0,相邻速度 0 与 0 km/h 的线性中点
2017-11-04 20:09:06,车速限幅,15.8,14.256,"连续1秒允许范围 [0.000000, 14.256000] km/h"
2017-11-04 20:09:07,车速限幅,31.5,28.512,"连续1秒允许范围 [0.000000, 28.512000] km/h"
2017-11-04 20:09:12,新增插值记录,,42.85,相邻速度 41.7 与 44 km/h 的线性中点
2017-11-04 20:09:30,车速限幅,0.0,8.400000000000002,"连续1秒允许范围 [8.400000, 51.456000] km/h"
2017-11-04 20:09:31,车速限幅,34.0,22.656000000000002,"连续1秒允许范围 [0.000000, 22.656000] km/h"
2017-11-04 20:09:44,新增插值记录,,17.75,相邻速度 17.4 与 18.1 km/h 的线性中点
2017-11-04 20:10:06,新增插值记录,,0.0,相邻速度 0 与 0 km/h 的线性中点
2017-11-04 20:10:08,新增插值记录,,2.15,相邻速度 0 与 4.3 km/h 的线性中点
2017-11-04 20:10:14,新增插值记录,,21.950000000000003,相邻速度 17.1 与 26.8 km/h 的线性中点
2017-11-04 20:10:22,新增插值记录,,34.85,相邻速度 30.8 与 38.9 km/h 的线性中点
2017-11-04 20:10:26,新增插值记录,,38.8,相邻速度 38.6 与 39 km/h 的线性中点
2017-11-04 20:10:28,新增插值记录,,38.65,相邻速度 39 与 38.3 km/h 的线性中点
2017-11-04 20:10:32,车速限幅,0.0,11.7,"连续1秒允许范围 [11.700000, 54.756000] km/h"
2017-11-04 20:10:33,车速限幅,40.1,25.956,"连续1秒允许范围 [0.000000, 25.956000] km/h"
2017-11-04 20:10:36,新增插值记录,,39.3,相邻速度 40 与 38.6 km/h 的线性中点
2017-11-04 20:10:44,新增插值记录,,23.5,相邻速度 20.5 与 26.5 km/h 的线性中点
2017-11-04 20:10:56,新增插值记录,,45.2,相邻速度 42 与 48.4 km/h 的线性中点
2017-11-04 20:11:33,新增插值记录,,28.65,相邻速度 23.4 与 33.9 km/h 的线性中点
2017-11-04 20:11:37,新增插值记录,,36.2,相邻速度 34.1 与 38.3 km/h 的线性中点
2017-11-04 20:11:43,新增插值记录,,38.9,相邻速度 39.3 与 38.5 km/h 的线性中点
2017-11-04 20:11:53,新增插值记录,,48.1,相邻速度 48.5 与 47.7 km/h 的线性中点
2017-11-04 20:12:00,车速限幅,45.4,37.656,"连续1秒允许范围 [0.000000, 37.656000] km/h"
2017-11-04 20:12:01,新增插值记录,,44.55,相邻速度 45.4 与 43.7 km/h 的线性中点
2017-11-04 20:12:11,新增插值记录,,22.85,相邻速度 25.6 与 20.1 km/h 的线性中点
2017-11-04 20:12:19,车速限幅,48.5,14.456,"连续1秒允许范围 [0.000000, 14.456000] km/h"
2017-11-04 20:12:25,新增插值记录,,4.25,相邻速度 0.5 与 8 km/h 的线性中点
2017-11-04 20:12:31,新增插值记录,,15.05,相邻速度 13.8 与 16.3 km/h 的线性中点
2017-11-04 20:12:35,新增插值记录,,21.9,相邻速度 20.9 与 22.9 km/h 的线性中点
2017-11-04 20:12:43,新增插值记录,,25.549999999999997,相邻速度 24.9 与 26.2 km/h 的线性中点
2017-11-04 20:12:45,新增插值记录,,27.049999999999997,相邻速度 26.2 与 27.9 km/h 的线性中点
2017-11-04 20:12:47,新增插值记录,,27.9,相邻速度 27.9 与 27.9 km/h 的线性中点
2017-11-04 20:13:10,新增插值记录,,25.549999999999997,相邻速度 24.9 与 26.2 km/h 的线性中点
2017-11-04 20:13:12,车速限幅,41.7,40.456,"连续1秒允许范围 [0.000000, 40.456000] km/h"
2017-11-04 20:13:14,车速限幅,42.8,42.156,"连续1秒允许范围 [0.000000, 42.156000] km/h"
2017-11-04 20:13:15,新增插值记录,,45.2,相邻速度 42.8 与 47.6 km/h 的线性中点
2017-11-04 20:13:17,新增插值记录,,47.1,相邻速度 47.6 与 46.6 km/h 的线性中点
2017-11-04 20:13:24,车速限幅,49.7,41.756,"连续1秒允许范围 [0.000000, 41.756000] km/h"
2017-11-04 20:13:25,新增插值记录,,48.05,相邻速度 49.7 与 46.4 km/h 的线性中点
2017-11-04 20:13:27,新增插值记录,,44.25,相邻速度 46.4 与 42.1 km/h 的线性中点
2017-11-04 20:13:33,新增插值记录,,32.6,相邻速度 36.6 与 28.6 km/h 的线性中点
2017-11-04 20:13:36,车速限幅,39.6,38.456,"连续1秒允许范围 [0.000000, 38.456000] km/h"
2017-11-04 20:13:43,车速限幅,47.6,25.856,"连续1秒允许范围 [0.000000, 25.856000] km/h"
2017-11-04 20:13:46,新增插值记录,,4.05,相邻速度 5.1 与 3 km/h 的线性中点
2017-11-04 20:13:50,新增插值记录,,26.700000000000003,相邻速度 3.7 与 49.7 km/h 的线性中点
2017-11-04 20:13:50,车速限幅,26.700000000000003,17.956,"连续1秒允许范围 [0.000000, 17.956000] km/h"
2017-11-04 20:13:51,车速限幅,49.7,32.212,"连续1秒允许范围 [0.000000, 32.212000] km/h"
2017-11-04 20:13:58,新增插值记录,,5.3,相邻速度 0 与 10.6 km/h 的线性中点
2017-11-04 20:14:17,车速限幅,31.7,17.956,"连续1秒允许范围 [0.000000, 17.956000] km/h"
2017-11-04 20:14:54,新增插值记录,,15.4,相邻速度 11.2 与 19.6 km/h 的线性中点
2017-11-04 20:14:58,新增插值记录,,19.25,相邻速度 21.5 与 17 km/h 的线性中点
2017-11-04 20:15:00,新增插值记录,,17.0,相邻速度 17 与 17 km/h 的线性中点
2017-11-04 20:15:02,新增插值记录,,17.25,相邻速度 17 与 17.5 km/h 的线性中点
2017-11-04 20:15:21,车速限幅,37.3,25.456,"连续1秒允许范围 [0.000000, 25.456000] km/h"
2017-11-04 20:15:32,新增插值记录,,24.6,相邻速度 24.9 与 24.3 km/h 的线性中点
2017-11-04 20:15:34,新增插值记录,,23.25,相邻速度 24.3 与 22.2 km/h 的线性中点
2017-11-04 20:15:36,新增插值记录,,22.549999999999997,相邻速度 22.2 与 22.9 km/h 的线性中点
2017-11-04 20:15:44,新增插值记录,,27.6,相邻速度 28.5 与 26.7 km/h 的线性中点
2017-11-04 20:16:03,新增插值记录,,27.85,相邻速度 22.2 与 33.5 km/h 的线性中点
2017-11-04 20:16:27,新增插值记录,,22.2,相邻速度 20.2 与 24.2 km/h 的线性中点
2017-11-04 20:16:35,新增插值记录,,7.4,相邻速度 8.9 与 5.9 km/h 的线性中点
2017-11-04 20:16:37,新增插值记录,,3.85,相邻速度 5.9 与 1.8 km/h 的线性中点
2017-11-04 20:16:54,新增插值记录,,19.549999999999997,相邻速度 20.2 与 18.9 km/h 的线性中点
2017-11-04 20:17:15,新增插值记录,,8.95,相邻速度 9.7 与 8.2 km/h 的线性中点
2017-11-04 20:17:19,新增插值记录,,13.65,相邻速度 6 与 21.3 km/h 的线性中点
2017-11-04 20:17:27,新增插值记录,,30.049999999999997,相邻速度 27.2 与 32.9 km/h 的线性中点
2017-11-04 20:17:31,新增插值记录,,40.4,相邻速度 38.3 与 42.5 km/h 的线性中点
2017-11-04 20:17:37,新增插值记录,,45.7,相邻速度 44.2 与 47.2 km/h 的线性中点
2017-11-04 20:17:39,新增插值记录,,46.6,相邻速度 47.2 与 46 km/h 的线性中点
2017-11-04 20:17:50,车速限幅,39.3,35.556,"连续1秒允许范围 [0.000000, 35.556000] km/h"
2017-11-04 20:17:51,新增插值记录,,38.55,相邻速度 39.3 与 37.8 km/h 的线性中点
2017-11-04 20:17:54,车速限幅,52.3,41.456,"连续1秒允许范围 [0.000000, 41.456000] km/h"
2017-11-04 20:18:15,车速限幅,37.5,14.256,"连续1秒允许范围 [0.000000, 14.256000] km/h"
2017-11-04 20:18:16,新增插值记录,,38.4,相邻速度 37.5 与 39.3 km/h 的线性中点
2017-11-04 20:18:16,车速限幅,38.4,28.512,"连续1秒允许范围 [0.000000, 28.512000] km/h"
2017-11-04 20:18:18,新增插值记录,,38.55,相邻速度 39.3 与 37.8 km/h 的线性中点
2017-11-04 20:18:45,新增插值记录,,2.35,相邻速度 0 与 4.7 km/h 的线性中点
2017-11-04 20:19:40,新增插值记录,,0.0,相邻速度 0 与 0 km/h 的线性中点
2017-11-04 20:19:44,新增插值记录,,0.15,相邻速度 0 与 0.3 km/h 的线性中点
2017-11-04 20:19:47,车速限幅,20.2,14.556000000000001,"连续1秒允许范围 [0.000000, 14.556000] km/h"
2017-11-04 20:19:49,新增插值记录,,5.7,相邻速度 6 与 5.4 km/h 的线性中点
2017-11-04 20:19:52,新增插值记录,,11.55,相邻速度 14 与 9.1 km/h 的线性中点
2017-11-04 20:19:54,新增插值记录,,12.95,相邻速度 9.1 与 16.8 km/h 的线性中点
2017-11-04 20:20:12,新增插值记录,,0.05,相邻速度 0.1 与 0 km/h 的线性中点
2017-11-04 20:20:14,新增插值记录,,0.0,相邻速度 0 与 0 km/h 的线性中点
2017-11-04 20:20:28,新增插值记录,,0.0,相邻速度 0 与 0 km/h 的线性中点
2017-11-04 20:20:32,新增插值记录,,0.0,相邻速度 0 与 0 km/h 的线性中点
2017-11-04 20:20:34,新增插值记录,,0.0,相邻速度 0 与 0 km/h 的线性中点
2017-11-04 20:20:36,新增插值记录,,1.4,相邻速度 0 与 2.8 km/h 的线性中点
2017-11-04 20:20:42,新增插值记录,,1.75,相邻速度 2.1 与 1.4 km/h 的线性中点
2017-11-04 20:20:46,新增插值记录,,3.1,相邻速度 6.2 与 0 km/h 的线性中点
2017-11-04 20:20:48,新增插值记录,,0.0,相邻速度 0 与 0 km/h 的线性中点
2017-11-04 20:20:52,新增插值记录,,1.55,相邻速度 0 与 3.1 km/h 的线性中点
2017-11-04 20:20:55,新增插值记录,,0.0,相邻速度 0 与 0 km/h 的线性中点
2017-11-04 20:20:59,车速限幅,14.6,14.256,"连续1秒允许范围 [0.000000, 14.256000] km/h"
2017-11-04 20:21:01,新增插值记录,,0.0,相邻速度 0 与 0 km/h 的线性中点
2017-11-04 20:21:03,新增插值记录,,1.4,相邻速度 0 与 2.8 km/h 的线性中点
2017-11-04 20:21:05,新增插值记录,,2.45,相邻速度 2.8 与 2.1 km/h 的线性中点
2017-11-04 20:21:07,新增插值记录,,2.1,相邻速度 2.1 与 2.1 km/h 的线性中点
2017-11-04 20:21:13,新增插值记录,,3.1,相邻速度 6.2 与 0 km/h 的线性中点
2017-11-04 20:21:19,新增插值记录,,1.55,相邻速度 0 与 3.1 km/h 的线性中点
2017-11-04 20:21:23,新增插值记录,,5.8999999999999995,相邻速度 3.1 与 8.7 km/h 的线性中点
2017-11-04 20:21:25,新增插值记录,,11.649999999999999,相邻速度 8.7 与 14.6 km/h 的线性中点
2017-11-04 20:21:41,新增插值记录,,14.6,相邻速度 14.6 与 14.6 km/h 的线性中点
2017-11-04 20:22:14,新增插值记录,,14.6,相邻速度 14.6 与 14.6 km/h 的线性中点
2017-11-04 20:23:00,车速限幅,44.8,28.856,"连续1秒允许范围 [0.000000, 28.856000] km/h"
2017-11-04 20:23:02,车速限幅,49.3,28.856,"连续1秒允许范围 [0.000000, 28.856000] km/h"
2017-11-04 20:23:03,车速限幅,50.4,43.112,"连续1秒允许范围 [0.056000, 43.112000] km/h"
2017-11-04 20:23:05,车速限幅,14.6,15.099999999999998,"连续1秒允许范围 [15.100000, 58.156000] km/h"
2017-11-04 20:23:06,车速限幅,43.7,29.355999999999998,"连续1秒允许范围 [0.000000, 29.356000] km/h"
2017-11-04 20:23:08,车速限幅,37.7,28.856,"连续1秒允许范围 [0.000000, 28.856000] km/h"
2017-11-04 20:23:24,车速限幅,14.6,14.256,"连续1秒允许范围 [0.000000, 14.256000] km/h"
2017-11-04 20:23:27,车速限幅,44.8,14.256,"连续1秒允许范围 [0.000000, 14.256000] km/h"
2017-11-04 20:23:31,车速限幅,43.9,14.256,"连续1秒允许范围 [0.000000, 14.256000] km/h"
2017-11-04 20:24:44,新增插值记录,,0.0,相邻速度 0 与 0 km/h 的线性中点
2017-11-04 20:24:48,新增插值记录,,0.0,相邻速度 0 与 0 km/h 的线性中点
2017-11-04 20:25:16,新增插值记录,,0.0,相邻速度 0 与 0 km/h 的线性中点
2017-11-04 20:25:32,新增插值记录,,0.0,相邻速度 0 与 0 km/h 的线性中点
2017-11-04 20:25:36,新增插值记录,,0.0,相邻速度 0 与 0 km/h 的线性中点
2017-11-04 20:25:54,新增插值记录,,3.45,相邻速度 0 与 6.9 km/h 的线性中点
2017-11-04 20:25:59,车速限幅,19.9,14.256,"连续1秒允许范围 [0.000000, 14.256000] km/h"
2017-11-04 20:26:00,新增插值记录,,44.45,相邻速度 19.9 与 69 km/h 的线性中点
2017-11-04 20:26:00,车速限幅,44.45,28.512,"连续1秒允许范围 [0.000000, 28.512000] km/h"
2017-11-04 20:26:01,车速限幅,69.0,42.768,"连续1秒允许范围 [0.000000, 42.768000] km/h"
2017-11-04 20:26:06,新增插值记录,,41.05,相邻速度 35.6 与 46.5 km/h 的线性中点
2017-11-04 20:26:10,新增插值记录,,46.75,相邻速度 48.7 与 44.8 km/h 的线性中点
2017-11-04 20:26:14,新增插值记录,,45.95,相邻速度 46.1 与 45.8 km/h 的线性中点
2017-11-04 20:26:16,新增插值记录,,46.25,相邻速度 45.8 与 46.7 km/h 的线性中点
2017-11-04 20:26:18,新增插值记录,,47.25,相邻速度 46.7 与 47.8 km/h 的线性中点
2017-11-04 20:26:20,车速限幅,0.0,18.999999999999996,"连续1秒允许范围 [19.000000, 62.056000] km/h"
2017-11-04 20:26:25,新增插值记录,,18.45,相邻速度 17 与 19.9 km/h 的线性中点
2017-11-04 20:26:27,新增插值记录,,33.55,相邻速度 19.9 与 47.2 km/h 的线性中点
2017-11-04 20:26:34,新增插值记录,,49.2,相邻速度 49.7 与 48.7 km/h 的线性中点
2017-11-04 20:26:38,新增插值记录,,49.349999999999994,相邻速度 49.3 与 49.4 km/h 的线性中点
2017-11-04 20:26:55,新增插值记录,,56.650000000000006,相邻速度 55.7 与 57.6 km/h 的线性中点
2017-11-04 20:27:05,新增插值记录,,61.5,相邻速度 63.1 与 59.9 km/h 的线性中点
2017-11-04 20:27:07,新增插值记录,,61.15,相邻速度 59.9 与 62.4 km/h 的线性中点
2017-11-04 20:27:35,新增插值记录,,45.8,相邻速度 46.2 与 45.4 km/h 的线性中点
2017-11-04 20:27:49,新增插值记录,,7.6,相邻速度 9.4 与 5.8 km/h 的线性中点
2017-11-04 20:28:33,新增插值记录,,44.75,相邻速度 45.5 与 44 km/h 的线性中点
2017-11-04 20:28:53,新增插值记录,,49.8,相邻速度 49.8 与 49.8 km/h 的线性中点
2017-11-04 20:28:55,新增插值记录,,49.25,相邻速度 49.8 与 48.7 km/h 的线性中点
2017-11-04 20:29:07,新增插值记录,,38.3,相邻速度 39.7 与 36.9 km/h 的线性中点
2017-11-04 20:29:20,新增插值记录,,43.95,相邻速度 42 与 45.9 km/h 的线性中点
2017-11-04 20:29:26,新增插值记录,,49.45,相邻速度 49.7 与 49.2 km/h 的线性中点
2017-11-04 20:29:34,新增插值记录,,46.099999999999994,相邻速度 46.4 与 45.8 km/h 的线性中点
2017-11-04 20:29:45,新增插值记录,,42.05,相邻速度 42.1 与 42 km/h 的线性中点
2017-11-04 20:29:56,新增插值记录,,44.0,相邻速度 42.7 与 45.3 km/h 的线性中点
2017-11-04 20:30:17,车速限幅,42.1,29.656,"连续1秒允许范围 [0.000000, 29.656000] km/h"
2017-11-04 20:30:20,新增插值记录,,13.3,相邻速度 13.3 与 13.3 km/h 的线性中点
2017-11-04 20:30:26,新增插值记录,,28.25,相邻速度 13.4 与 43.1 km/h 的线性中点
2017-11-04 20:30:26,车速限幅,28.25,27.656,"连续1秒允许范围 [0.000000, 27.656000] km/h"
2017-11-04 20:30:27,车速限幅,43.1,41.912,"连续1秒允许范围 [0.000000, 41.912000] km/h"
2017-11-04 20:30:32,新增插值记录,,24.4,相邻速度 23.5 与 25.3 km/h 的线性中点
2017-11-04 20:30:38,新增插值记录,,32.900000000000006,相邻速度 30.1 与 35.7 km/h 的线性中点
2017-11-04 20:30:40,新增插值记录,,33.8,相邻速度 35.7 与 31.9 km/h 的线性中点
2017-11-04 20:30:53,车速限幅,36.7,27.656,"连续1秒允许范围 [0.000000, 27.656000] km/h"
2017-11-04 20:31:34,新增插值记录,,41.2,相邻速度 37 与 45.4 km/h 的线性中点
2017-11-04 20:31:43,新增插值记录,,41.6,相邻速度 40.7 与 42.5 km/h 的线性中点
2017-11-04 20:32:43,新增插值记录,,27.6,相邻速度 25.6 与 29.6 km/h 的线性中点
2017-11-04 20:32:47,新增插值记录,,25.9,相邻速度 27.1 与 24.7 km/h 的线性中点
2017-11-04 20:32:49,新增插值记录,,24.5,相邻速度 24.7 与 24.3 km/h 的线性中点
2017-11-04 20:33:09,车速限幅,25.6,23.456,"连续1秒允许范围 [0.000000, 23.456000] km/h"
2017-11-04 20:33:11,新增插值记录,,9.7,相邻速度 8.5 与 10.9 km/h 的线性中点
2017-11-04 20:33:17,新增插值记录,,10.8,相邻速度 11.8 与 9.8 km/h 的线性中点
2017-11-04 20:33:29,新增插值记录,,17.1,相邻速度 23.5 与 10.7 km/h 的线性中点
2017-11-04 20:33:34,车速限幅,26.5,24.956,"连续1秒允许范围 [0.000000, 24.956000] km/h"
2017-11-04 20:33:36,车速限幅,28.8,23.456,"连续1秒允许范围 [0.000000, 23.456000] km/h"
2017-11-04 20:33:58,新增插值记录,,24.55,相邻速度 23.5 与 25.6 km/h 的线性中点
2017-11-04 20:34:00,新增插值记录,,26.05,相邻速度 25.6 与 26.5 km/h 的线性中点
2017-11-04 20:34:08,新增插值记录,,19.0,相邻速度 20.5 与 17.5 km/h 的线性中点
2017-11-04 20:34:12,新增插值记录,,17.5,相邻速度 17.5 与 17.5 km/h 的线性中点
2017-11-04 20:34:21,车速限幅,64.9,31.756,"连续1秒允许范围 [0.000000, 31.756000] km/h"
2017-11-04 20:34:26,车速限幅,64.4,31.756,"连续1秒允许范围 [0.000000, 31.756000] km/h"
2017-11-04 20:34:27,车速限幅,63.0,46.012,"连续1秒允许范围 [2.956000, 46.012000] km/h"
2017-11-04 20:34:30,车速限幅,17.5,27.2,"连续1秒允许范围 [27.200000, 70.256000] km/h"
2017-11-04 20:34:31,车速限幅,53.8,41.456,"连续1秒允许范围 [0.000000, 41.456000] km/h"
2017-11-04 20:34:33,车速限幅,17.5,26.7,"连续1秒允许范围 [26.700000, 69.756000] km/h"
2017-11-04 20:34:34,车速限幅,48.5,40.956,"连续1秒允许范围 [0.000000, 40.956000] km/h"
2017-11-04 20:34:39,车速限幅,41.8,31.756,"连续1秒允许范围 [0.000000, 31.756000] km/h"
2017-11-04 20:34:58,新增插值记录,,43.25,相邻速度 45.8 与 40.7 km/h 的线性中点
2017-11-04 20:35:16,新增插值记录,,16.7,相邻速度 16.9 与 16.5 km/h 的线性中点
2017-11-04 20:35:18,新增插值记录,,16.0,相邻速度 16.5 与 15.5 km/h 的线性中点
2017-11-04 20:35:24,车速限幅,45.8,35.056,"连续1秒允许范围 [0.000000, 35.056000] km/h"
2017-11-04 20:35:27,车速限幅,45.9,36.656,"连续1秒允许范围 [0.000000, 36.656000] km/h"
2017-11-04 20:35:28,新增插值记录,,43.7,相邻速度 45.9 与 41.5 km/h 的线性中点
2017-11-04 20:35:38,新增插值记录,,43.15,相邻速度 44.3 与 42 km/h 的线性中点
2017-11-04 20:35:40,新增插值记录,,42.65,相邻速度 42 与 43.3 km/h 的线性中点
2017-11-04 20:35:43,车速限幅,43.2,31.156,"连续1秒允许范围 [0.000000, 31.156000] km/h"
2017-11-04 20:35:45,车速限幅,44.0,30.756,"连续1秒允许范围 [0.000000, 30.756000] km/h"
2017-11-04 20:35:46,车速限幅,45.1,45.012,"连续1秒允许范围 [1.956000, 45.012000] km/h"
2017-11-04 20:35:49,新增插值记录,,33.85,相邻速度 46.9 与 20.8 km/h 的线性中点
2017-11-04 20:35:55,新增插值记录,,43.7,相邻速度 45.9 与 41.5 km/h 的线性中点
2017-11-04 20:36:14,新增插值记录,,47.4,相邻速度 46.9 与 47.9 km/h 的线性中点
2017-11-04 20:36:21,新增插值记录,,46.9,相邻速度 46.9 与 46.9 km/h 的线性中点
2017-11-04 20:36:24,新增插值记录,,46.9,相邻速度 46.9 与 46.9 km/h 的线性中点
2017-11-04 20:36:33,新增插值记录,,23.55,相邻速度 46.9 与 0.2 km/h 的线性中点
2017-11-04 20:36:41,新增插值记录,,47.4,相邻速度 46.9 与 47.9 km/h 的线性中点
2017-11-04 20:37:18,新增插值记录,,48.05,相邻速度 48 与 48.1 km/h 的线性中点
2017-11-04 20:37:27,新增插值记录,,42.3,相邻速度 45.4 与 39.2 km/h 的线性中点
2017-11-04 20:37:31,新增插值记录,,41.099999999999994,相邻速度 41.8 与 40.4 km/h 的线性中点
2017-11-04 20:37:37,新增插值记录,,37.5,相邻速度 38.2 与 36.8 km/h 的线性中点
2017-11-04 20:37:47,新增插值记录,,45.05,相邻速度 44.2 与 45.9 km/h 的线性中点
2017-11-04 20:38:07,新增插值记录,,44.7,相邻速度 44.7 与 44.7 km/h 的线性中点
2017-11-04 20:38:17,新增插值记录,,41.2,相邻速度 41.7 与 40.7 km/h 的线性中点
2017-11-04 20:38:25,新增插值记录,,27.2,相邻速度 29.2 与 25.2 km/h 的线性中点
2017-11-04 20:38:27,新增插值记录,,21.65,相邻速度 25.2 与 18.1 km/h 的线性中点
2017-11-04 20:38:33,新增插值记录,,14.0,相邻速度 14.2 与 13.8 km/h 的线性中点
2017-11-04 20:38:37,新增插值记录,,7.95,相邻速度 11.5 与 4.4 km/h 的线性中点
2017-11-04 20:38:41,新增插值记录,,0.0,相邻速度 0 与 0 km/h 的线性中点
2017-11-04 20:38:43,车速限幅,41.7,14.256,"连续1秒允许范围 [0.000000, 14.256000] km/h"
2017-11-04 20:38:49,新增插值记录,,1.75,相邻速度 0.3 与 3.2 km/h 的线性中点
2017-11-04 20:39:05,新增插值记录,,0.15,相邻速度 0.3 与 0 km/h 的线性中点
2017-11-04 20:39:09,新增插值记录,,0.0,相邻速度 0 与 0 km/h 的线性中点
2017-11-04 20:39:13,新增插值记录,,2.6500000000000004,相邻速度 2.1 与 3.2 km/h 的线性中点
2017-11-04 20:39:29,新增插值记录,,3.2,相邻速度 2.7 与 3.7 km/h 的线性中点
2017-11-04 20:39:46,新增插值记录,,0.0,相邻速度 0 与 0 km/h 的线性中点
2017-11-04 20:39:52,新增插值记录,,3.4,相邻速度 2.9 与 3.9 km/h 的线性中点
2017-11-04 20:39:54,新增插值记录,,2.95,相邻速度 3.9 与 2 km/h 的线性中点
2017-11-04 20:40:02,新增插值记录,,4.95,相邻速度 4.7 与 5.2 km/h 的线性中点
2017-11-04 20:40:08,新增插值记录,,2.65,相邻速度 5.3 与 0 km/h 的线性中点
2017-11-04 20:40:24,新增插值记录,,2.9,相邻速度 2.8 与 3 km/h 的线性中点
2017-11-04 20:40:46,新增插值记录,,0.0,相邻速度 0 与 0 km/h 的线性中点
2017-11-04 20:40:52,新增插值记录,,0.0,相邻速度 0 与 0 km/h 的线性中点
2017-11-04 20:40:56,新增插值记录,,0.0,相邻速度 0 与 0 km/h 的线性中点
2017-11-04 20:41:04,新增插值记录,,2.15,相邻速度 2 与 2.3 km/h 的线性中点
2017-11-04 20:41:10,新增插值记录,,0.0,相邻速度 0 与 0 km/h 的线性中点
2017-11-04 20:41:28,新增插值记录,,0.0,相邻速度 0 与 0 km/h 的线性中点
2017-11-04 20:41:38,新增插值记录,,0.0,相邻速度 0 与 0 km/h 的线性中点
2017-11-04 20:41:48,新增插值记录,,2.3,相邻速度 2.2 与 2.4 km/h 的线性中点
2017-11-04 20:42:08,新增插值记录,,0.0,相邻速度 0 与 0 km/h 的线性中点
2017-11-04 20:42:36,新增插值记录,,4.2,相邻速度 4.2 与 4.2 km/h 的线性中点
2017-11-04 20:42:41,新增插值记录,,4.2,相邻速度 4.2 与 4.2 km/h 的线性中点
2017-11-04 20:42:53,新增插值记录,,4.2,相邻速度 4.2 与 4.2 km/h 的线性中点
2017-11-04 20:43:03,车速限幅,18.8,18.456,"连续1秒允许范围 [0.000000, 18.456000] km/h"
2017-11-04 20:43:07,车速限幅,30.6,18.456,"连续1秒允许范围 [0.000000, 18.456000] km/h"
2017-11-04 20:43:09,车速限幅,31.9,18.456,"连续1秒允许范围 [0.000000, 18.456000] km/h"
2017-11-04 20:43:10,车速限幅,34.5,32.712,"连续1秒允许范围 [0.000000, 32.712000] km/h"
2017-11-04 20:43:12,车速限幅,39.9,18.456,"连续1秒允许范围 [0.000000, 18.456000] km/h"
2017-11-04 20:43:14,车速限幅,41.2,18.456,"连续1秒允许范围 [0.000000, 18.456000] km/h"
2017-11-04 20:43:16,车速限幅,43.5,18.456,"连续1秒允许范围 [0.000000, 18.456000] km/h"
2017-11-04 20:43:17,车速限幅,43.8,32.712,"连续1秒允许范围 [0.000000, 32.712000] km/h"
2017-11-04 20:43:19,车速限幅,4.2,16.3,"连续1秒允许范围 [16.300000, 59.356000] km/h"
2017-11-04 20:43:20,车速限幅,45.5,30.556,"连续1秒允许范围 [0.000000, 30.556000] km/h"
2017-11-04 20:43:21,车速限幅,45.8,44.812,"连续1秒允许范围 [1.756000, 44.812000] km/h"
2017-11-04 20:43:24,车速限幅,7.3,17.099999999999998,"连续1秒允许范围 [17.100000, 60.156000] km/h"
2017-11-04 20:43:25,车速限幅,47.3,31.355999999999998,"连续1秒允许范围 [0.000000, 31.356000] km/h"
2017-11-04 20:43:26,车速限幅,46.3,45.611999999999995,"连续1秒允许范围 [2.556000, 45.612000] km/h"
2017-11-04 20:44:19,新增插值记录,,32.900000000000006,相邻速度 33.1 与 32.7 km/h 的线性中点
2017-11-04 20:44:43,新增插值记录,,38.2,相邻速度 38.5 与 37.9 km/h 的线性中点
2017-11-04 20:45:12,新增插值记录,,54.95,相邻速度 54.1 与 55.8 km/h 的线性中点
2017-11-04 20:45:38,新增插值记录,,39.349999999999994,相邻速度 39.4 与 39.3 km/h 的线性中点
2017-11-04 20:45:42,新增插值记录,,38.3,相邻速度 38.3 与 38.3 km/h 的线性中点
2017-11-04 20:46:00,新增插值记录,,30.15,相邻速度 29.1 与 31.2 km/h 的线性中点
2017-11-04 20:46:38,新增插值记录,,5.6,相邻速度 6.2 与 5 km/h 的线性中点
2017-11-04 20:46:50,新增插值记录,,6.1,相邻速度 6 与 6.2 km/h 的线性中点
2017-11-04 20:47:14,车速限幅,35.5,34.956,"连续1秒允许范围 [0.000000, 34.956000] km/h"
2017-11-04 20:47:43,新增插值记录,,4.5,相邻速度 4.3 与 4.7 km/h 的线性中点
2017-11-04 20:47:53,新增插值记录,,0.85,相邻速度 0 与 1.7 km/h 的线性中点
2017-11-04 20:47:57,新增插值记录,,0.0,相邻速度 0 与 0 km/h 的线性中点
2017-11-04 20:48:19,新增插值记录,,2.75,相邻速度 2.7 与 2.8 km/h 的线性中点
2017-11-04 20:48:23,新增插值记录,,3.15,相邻速度 2.8 与 3.5 km/h 的线性中点
2017-11-04 20:48:35,新增插值记录,,4.9,相邻速度 3.3 与 6.5 km/h 的线性中点
2017-11-04 20:48:41,新增插值记录,,14.8,相邻速度 3.8 与 25.8 km/h 的线性中点
2017-11-04 20:48:43,新增插值记录,,18.45,相邻速度 25.8 与 11.1 km/h 的线性中点
2017-11-04 20:48:46,新增插值记录,,4.300000000000001,相邻速度 2.7 与 5.9 km/h 的线性中点
2017-11-04 20:48:53,新增插值记录,,7.25,相邻速度 7.2 与 7.3 km/h 的线性中点
2017-11-04 20:48:56,新增插值记录,,5.4,相邻速度 7.3 与 3.5 km/h 的线性中点
2017-11-04 20:48:58,新增插值记录,,3.5,相邻速度 3.5 与 3.5 km/h 的线性中点
2017-11-04 20:49:03,新增插值记录,,12.05,相邻速度 12.2 与 11.9 km/h 的线性中点
2017-11-04 20:49:06,新增插值记录,,7.75,相邻速度 11.7 与 3.8 km/h 的线性中点
2017-11-04 20:49:11,新增插值记录,,17.35,相邻速度 25.8 与 8.9 km/h 的线性中点
2017-11-04 20:49:27,车速限幅,23.9,14.256,"连续1秒允许范围 [0.000000, 14.256000] km/h"
2017-11-04 20:49:32,新增插值记录,,5.85,相邻速度 0 与 11.7 km/h 的线性中点
2017-11-04 20:49:40,车速限幅,25.8,23.156,"连续1秒允许范围 [0.000000, 23.156000] km/h"
2017-11-04 20:49:42,车速限幅,36.0,23.256,"连续1秒允许范围 [0.000000, 23.256000] km/h"
2017-11-04 20:49:47,新增插值记录,,25.700000000000003,相邻速度 25.6 与 25.8 km/h 的线性中点
2017-11-04 20:49:52,新增插值记录,,8.35,相邻速度 11.5 与 5.2 km/h 的线性中点
2017-11-04 20:49:55,新增插值记录,,5.550000000000001,相邻速度 5.7 与 5.4 km/h 的线性中点
2017-11-04 20:50:14,车速限幅,25.6,16.956,"连续1秒允许范围 [0.000000, 16.956000] km/h"
2017-11-04 20:50:18,新增插值记录,,8.1,相邻速度 4.7 与 11.5 km/h 的线性中点
2017-11-04 20:50:20,新增插值记录,,8.6,相邻速度 11.5 与 5.7 km/h 的线性中点
2017-11-04 20:50:29,新增插值记录,,2.3,相邻速度 2.3 与 2.3 km/h 的线性中点
2017-11-04 20:50:51,车速限幅,26.2,18.956,"连续1秒允许范围 [0.000000, 18.956000] km/h"
2017-11-04 20:51:01,车速限幅,29.7,18.956,"连续1秒允许范围 [0.000000, 18.956000] km/h"
2017-11-04 20:51:05,车速限幅,23.1,18.956,"连续1秒允许范围 [0.000000, 18.956000] km/h"
2017-11-04 20:51:12,新增插值记录,,32.6,相邻速度 22.6 与 42.6 km/h 的线性中点
2017-11-04 20:51:14,新增插值记录,,40.3,相邻速度 42.6 与 38 km/h 的线性中点
2017-11-04 20:51:20,新增插值记录,,37.7,相邻速度 34.2 与 41.2 km/h 的线性中点
2017-11-04 20:51:22,新增插值记录,,39.25,相邻速度 41.2 与 37.3 km/h 的线性中点
2017-11-04 20:51:40,新增插值记录,,31.900000000000002,相邻速度 22.6 与 41.2 km/h 的线性中点
2017-11-04 20:51:52,新增插值记录,,39.55,相邻速度 38.8 与 40.3 km/h 的线性中点
2017-11-04 20:52:02,新增插值记录,,34.55,相邻速度 34.3 与 34.8 km/h 的线性中点
2017-11-04 20:52:04,新增插值记录,,37.25,相邻速度 34.8 与 39.7 km/h 的线性中点
2017-11-04 20:52:08,新增插值记录,,39.85,相邻速度 38.5 与 41.2 km/h 的线性中点
2017-11-04 20:52:28,新增插值记录,,34.95,相邻速度 36.9 与 33 km/h 的线性中点
2017-11-04 20:52:30,新增插值记录,,28.1,相邻速度 33 与 23.2 km/h 的线性中点
2017-11-04 20:52:33,新增插值记录,,30.85,相邻速度 23.2 与 38.5 km/h 的线性中点
2017-11-04 20:52:36,新增插值记录,,23.0,相邻速度 22.2 与 23.8 km/h 的线性中点
2017-11-04 20:52:47,新增插值记录,,36.8,相邻速度 36.2 与 37.4 km/h 的线性中点
2017-11-04 20:52:59,新增插值记录,,40.45,相邻速度 40.6 与 40.3 km/h 的线性中点
2017-11-04 20:53:03,新增插值记录,,41.75,相邻速度 40.8 与 42.7 km/h 的线性中点
2017-11-04 20:53:09,新增插值记录,,12.3,相邻速度 16.3 与 8.3 km/h 的线性中点
2017-11-04 20:53:14,车速限幅,36.2,14.456,"连续1秒允许范围 [0.000000, 14.456000] km/h"
2017-11-04 20:53:15,车速限幅,36.2,28.712,"连续1秒允许范围 [0.000000, 28.712000] km/h"
2017-11-04 20:53:23,车速限幅,39.5,14.256,"连续1秒允许范围 [0.000000, 14.256000] km/h"
2017-11-04 20:53:34,车速限幅,32.1,15.756,"连续1秒允许范围 [0.000000, 15.756000] km/h"
2017-11-04 20:54:35,新增插值记录,,14.850000000000001,相邻速度 5.6 与 24.1 km/h 的线性中点
2017-11-04 20:54:37,新增插值记录,,22.450000000000003,相邻速度 24.1 与 20.8 km/h 的线性中点
2017-11-04 20:54:47,新增插值记录,,29.450000000000003,相邻速度 30.1 与 28.8 km/h 的线性中点
2017-11-04 20:54:59,车速限幅,2.7,5.800000000000001,"连续1秒允许范围 [5.800000, 48.856000] km/h"
2017-11-04 20:55:00,车速限幅,31.7,20.056,"连续1秒允许范围 [0.000000, 20.056000] km/h"
2017-11-04 20:55:13,新增插值记录,,11.0,相邻速度 11.5 与 10.5 km/h 的线性中点
2017-11-04 20:55:20,车速限幅,30.9,26.956,"连续1秒允许范围 [0.000000, 26.956000] km/h"
2017-11-04 20:55:36,新增插值记录,,22.05,相邻速度 19.1 与 25 km/h 的线性中点
2017-11-04 20:55:44,新增插值记录,,37.5,相邻速度 32.5 与 42.5 km/h 的线性中点
2017-11-04 20:55:52,新增插值记录,,40.650000000000006,相邻速度 42.1 与 39.2 km/h 的线性中点
2017-11-04 20:56:04,新增插值记录,,15.950000000000001,相邻速度 19.1 与 12.8 km/h 的线性中点
2017-11-04 20:56:14,新增插值记录,,3.8,相邻速度 3.8 与 3.8 km/h 的线性中点
2017-11-04 20:56:18,新增插值记录,,0.0,相邻速度 0 与 0 km/h 的线性中点
2017-11-04 20:56:24,新增插值记录,,2.5,相邻速度 0.3 与 4.7 km/h 的线性中点
2017-11-04 20:56:38,新增插值记录,,6.85,相邻速度 4.5 与 9.2 km/h 的线性中点
2017-11-04 20:56:50,新增插值记录,,19.85,相邻速度 16 与 23.7 km/h 的线性中点
2017-11-04 20:56:58,新增插值记录,,32.05,相邻速度 31.6 与 32.5 km/h 的线性中点
2017-11-04 20:57:06,车速限幅,19.5,18.756,"连续1秒允许范围 [0.000000, 18.756000] km/h"
2017-11-04 20:57:17,车速限幅,33.8,30.256,"连续1秒允许范围 [0.000000, 30.256000] km/h"
2017-11-04 20:57:18,新增插值记录,,34.2,相邻速度 33.8 与 34.6 km/h 的线性中点
2017-11-04 20:57:28,新增插值记录,,22.05,相邻速度 23.6 与 20.5 km/h 的线性中点
2017-11-04 20:57:36,新增插值记录,,31.9,相邻速度 31 与 32.8 km/h 的线性中点
2017-11-04 20:57:38,新增插值记录,,34.3,相邻速度 32.8 与 35.8 km/h 的线性中点
2017-11-04 20:57:42,新增插值记录,,43.599999999999994,相邻速度 40.9 与 46.3 km/h 的线性中点
2017-11-04 20:57:46,新增插值记录,,46.25,相邻速度 46.3 与 46.2 km/h 的线性中点
2017-11-04 20:57:52,新增插值记录,,47.7,相邻速度 47.2 与 48.2 km/h 的线性中点
2017-11-04 20:57:54,新增插值记录,,35.900000000000006,相邻速度 48.2 与 23.6 km/h 的线性中点
2017-11-04 20:57:56,新增插值记录,,22.05,相邻速度 23.6 与 20.5 km/h 的线性中点
2017-11-04 20:58:03,新增插值记录,,31.9,相邻速度 31 与 32.8 km/h 的线性中点
2017-11-04 20:58:21,车速限幅,48.2,18.456,"连续1秒允许范围 [0.000000, 18.456000] km/h"
2017-11-04 20:58:25,车速限幅,48.2,14.256,"连续1秒允许范围 [0.000000, 14.256000] km/h"
2017-11-04 20:58:26,车速限幅,48.2,28.512,"连续1秒允许范围 [0.000000, 28.512000] km/h"
2017-11-04 20:58:27,车速限幅,48.2,42.768,"连续1秒允许范围 [0.000000, 42.768000] km/h"
2017-11-04 20:58:28,车速限幅,0.0,13.968,"连续1秒允许范围 [13.968000, 57.024000] km/h"
2017-11-04 20:58:29,车速限幅,48.2,28.224,"连续1秒允许范围 [0.000000, 28.224000] km/h"
2017-11-04 20:58:35,新增插值记录,,0.0,相邻速度 0 与 0 km/h 的线性中点
2017-11-04 20:58:37,新增插值记录,,0.0,相邻速度 0 与 0 km/h 的线性中点
2017-11-04 20:58:49,新增插值记录,,0.0,相邻速度 0 与 0 km/h 的线性中点
2017-11-04 20:58:55,新增插值记录,,3.1500000000000004,相邻速度 2.6 与 3.7 km/h 的线性中点
2017-11-04 20:59:11,新增插值记录,,0.0,相邻速度 0 与 0 km/h 的线性中点
2017-11-04 20:59:19,新增插值记录,,0.0,相邻速度 0 与 0 km/h 的线性中点
2017-11-04 20:59:23,新增插值记录,,0.0,相邻速度 0 与 0 km/h 的线性中点
2017-11-04 20:59:39,新增插值记录,,0.0,相邻速度 0 与 0 km/h 的线性中点
2017-11-04 20:59:45,新增插值记录,,4.15,相邻速度 4.1 与 4.2 km/h 的线性中点
2017-11-04 20:59:47,新增插值记录,,4.65,相邻速度 4.2 与 5.1 km/h 的线性中点
2017-11-04 20:59:51,新增插值记录,,5.65,相邻速度 5.4 与 5.9 km/h 的线性中点
2017-11-04 20:59:57,新增插值记录,,21.75,相邻速度 12 与 31.5 km/h 的线性中点
2017-11-04 21:00:07,新增插值记录,,29.950000000000003,相邻速度 22.3 与 37.6 km/h 的线性中点
2017-11-04 21:00:12,车速限幅,26.8,18.356,"连续1秒允许范围 [0.000000, 18.356000] km/h"
2017-11-04 21:00:13,新增插值记录,,26.8,相邻速度 26.8 与 26.8 km/h 的线性中点
2017-11-04 21:00:19,车速限幅,24.4,19.656,"连续1秒允许范围 [0.000000, 19.656000] km/h"
2017-11-04 21:00:27,新增插值记录,,20.3,相邻速度 20.6 与 20 km/h 的线性中点
2017-11-04 21:00:37,新增插值记录,,12.3,相邻速度 12.8 与 11.8 km/h 的线性中点
2017-11-04 21:00:57,新增插值记录,,6.5,相邻速度 6.5 与 6.5 km/h 的线性中点
2017-11-04 21:02:10,新增插值记录,,25.25,相邻速度 26.2 与 24.3 km/h 的线性中点
2017-11-04 21:02:16,新增插值记录,,22.5,相邻速度 21.5 与 23.5 km/h 的线性中点
2017-11-04 21:02:22,新增插值记录,,24.15,相邻速度 21.3 与 27 km/h 的线性中点
2017-11-04 21:02:48,新增插值记录,,27.4,相邻速度 33.5 与 21.3 km/h 的线性中点
2017-11-04 21:02:50,新增插值记录,,27.450000000000003,相邻速度 21.3 与 33.6 km/h 的线性中点
2017-11-04 21:02:54,新增插值记录,,32.5,相邻速度 33.2 与 31.8 km/h 的线性中点
2017-11-04 21:02:56,新增插值记录,,31.4,相邻速度 31.8 与 31 km/h 的线性中点
2017-11-04 21:02:58,新增插值记录,,30.85,相邻速度 31 与 30.7 km/h 的线性中点
2017-11-04 21:03:04,新增插值记录,,27.85,相邻速度 28.9 与 26.8 km/h 的线性中点
2017-11-04 21:03:06,新增插值记录,,25.950000000000003,相邻速度 26.8 与 25.1 km/h 的线性中点
2017-11-04 21:03:08,新增插值记录,,25.1,相邻速度 25.1 与 25.1 km/h 的线性中点
2017-11-04 21:03:12,新增插值记录,,24.5,相邻速度 24.5 与 24.5 km/h 的线性中点
2017-11-04 21:03:18,新增插值记录,,24.1,相邻速度 24.2 与 24 km/h 的线性中点
2017-11-04 21:03:24,新增插值记录,,22.299999999999997,相邻速度 22.7 与 21.9 km/h 的线性中点
2017-11-04 21:03:32,车速限幅,26.8,25.956,"连续1秒允许范围 [0.000000, 25.956000] km/h"
2017-11-04 21:03:52,新增插值记录,,22.299999999999997,相邻速度 22.7 与 21.9 km/h 的线性中点
2017-11-04 21:03:58,新增插值记录,,16.799999999999997,相邻速度 21.9 与 11.7 km/h 的线性中点
2017-11-04 21:04:17,新增插值记录,,23.7,相邻速度 23.7 与 23.7 km/h 的线性中点
2017-11-04 21:04:22,新增插值记录,,23.7,相邻速度 23.7 与 23.7 km/h 的线性中点
2017-11-04 21:04:36,新增插值记录,,23.7,相邻速度 23.7 与 23.7 km/h 的线性中点
2017-11-04 21:04:39,新增插值记录,,23.7,相邻速度 23.7 与 23.7 km/h 的线性中点
2017-11-04 21:04:50,新增插值记录,,23.7,相邻速度 23.7 与 23.7 km/h 的线性中点
2017-11-04 21:04:55,新增插值记录,,23.7,相邻速度 23.7 与 23.7 km/h 的线性中点
2017-11-04 21:05:09,新增插值记录,,23.7,相邻速度 23.7 与 23.7 km/h 的线性中点
2017-11-04 21:05:11,新增插值记录,,23.7,相邻速度 23.7 与 23.7 km/h 的线性中点
2017-11-04 21:05:23,新增插值记录,,23.7,相邻速度 23.7 与 23.7 km/h 的线性中点
2017-11-04 21:05:28,新增插值记录,,23.7,相邻速度 23.7 与 23.7 km/h 的线性中点
2017-11-04 21:05:42,新增插值记录,,23.7,相邻速度 23.7 与 23.7 km/h 的线性中点
2017-11-04 21:05:44,新增插值记录,,23.7,相邻速度 23.7 与 23.7 km/h 的线性中点
2017-11-04 21:06:09,车速限幅,23.7,21.356,"连续1秒允许范围 [0.000000, 21.356000] km/h"
2017-11-04 21:06:12,车速限幅,23.7,22.356,"连续1秒允许范围 [0.000000, 22.356000] km/h"
2017-11-04 21:06:20,新增插值记录,,13.0,相邻速度 13 与 13 km/h 的线性中点
2017-11-04 21:06:30,新增插值记录,,11.1,相邻速度 11.5 与 10.7 km/h 的线性中点
2017-11-04 21:06:54,新增插值记录,,17.25,相邻速度 16.3 与 18.2 km/h 的线性中点
2017-11-04 21:06:58,新增插值记录,,20.05,相邻速度 20 与 20.1 km/h 的线性中点
2017-11-04 21:07:00,新增插值记录,,19.700000000000003,相邻速度 20.1 与 19.3 km/h 的线性中点
2017-11-04 21:07:22,新增插值记录,,29.05,相邻速度 14.6 与 43.5 km/h 的线性中点
2017-11-04 21:07:22,车速限幅,29.05,28.856,"连续1秒允许范围 [0.000000, 28.856000] km/h"
2017-11-04 21:07:23,车速限幅,43.5,43.112,"连续1秒允许范围 [0.056000, 43.112000] km/h"
2017-11-04 21:07:30,新增插值记录,,31.4,相邻速度 20.2 与 42.6 km/h 的线性中点
2017-11-04 21:07:33,车速限幅,47.6,38.556,"连续1秒允许范围 [0.000000, 38.556000] km/h"
2017-11-04 21:07:36,新增插值记录,,34.95,相邻速度 28.1 与 41.8 km/h 的线性中点
2017-11-04 21:07:42,新增插值记录,,37.7,相邻速度 34.3 与 41.1 km/h 的线性中点
2017-11-04 21:07:52,新增插值记录,,37.25,相邻速度 38 与 36.5 km/h 的线性中点
2017-11-04 21:08:08,新增插值记录,,27.75,相邻速度 21.2 与 34.3 km/h 的线性中点
2017-11-04 21:08:12,新增插值记录,,18.9,相邻速度 19.3 与 18.5 km/h 的线性中点
2017-11-04 21:08:28,新增插值记录,,19.9,相邻速度 2.9 与 36.9 km/h 的线性中点
2017-11-04 21:08:28,车速限幅,19.9,17.156,"连续1秒允许范围 [0.000000, 17.156000] km/h"
2017-11-04 21:08:29,车速限幅,36.9,31.412,"连续1秒允许范围 [0.000000, 31.412000] km/h"
2017-11-04 21:08:40,新增插值记录,,26.299999999999997,相邻速度 26.9 与 25.7 km/h 的线性中点
2017-11-04 21:08:50,新增插值记录,,23.25,相邻速度 23.3 与 23.2 km/h 的线性中点
2017-11-04 21:09:43,新增插值记录,,13.899999999999999,相邻速度 14.1 与 13.7 km/h 的线性中点
2017-11-04 21:09:45,新增插值记录,,12.85,相邻速度 13.7 与 12 km/h 的线性中点
2017-11-04 21:10:03,新增插值记录,,3.3,相邻速度 1.8 与 4.8 km/h 的线性中点
2017-11-04 21:10:05,新增插值记录,,2.4,相邻速度 4.8 与 0 km/h 的线性中点
2017-11-04 21:10:33,新增插值记录,,0.0,相邻速度 0 与 0 km/h 的线性中点
2017-11-04 21:10:35,新增插值记录,,0.0,相邻速度 0 与 0 km/h 的线性中点
2017-11-04 21:10:47,新增插值记录,,2.55,相邻速度 2.6 与 2.5 km/h 的线性中点
2017-11-04 21:10:51,新增插值记录,,2.3,相邻速度 2.3 与 2.3 km/h 的线性中点
2017-11-04 21:10:56,新增插值记录,,0.0,相邻速度 0 与 0 km/h 的线性中点
2017-11-04 21:11:01,新增插值记录,,0.0,相邻速度 0 与 0 km/h 的线性中点
2017-11-04 21:11:03,新增插值记录,,0.0,相邻速度 0 与 0 km/h 的线性中点
2017-11-04 21:11:09,新增插值记录,,5.25,相邻速度 0 与 10.5 km/h 的线性中点
2017-11-04 21:11:25,新增插值记录,,7.8,相邻速度 7.8 与 7.8 km/h 的线性中点
2017-11-04 21:11:29,新增插值记录,,8.5,相邻速度 8.8 与 8.2 km/h 的线性中点
2017-11-04 21:12:02,新增插值记录,,1.85,相邻速度 0 与 3.7 km/h 的线性中点
2017-11-04 21:12:18,新增插值记录,,0.0,相邻速度 0 与 0 km/h 的线性中点
2017-11-04 21:12:32,新增插值记录,,0.0,相邻速度 0 与 0 km/h 的线性中点
2017-11-04 21:12:38,新增插值记录,,7.0,相邻速度 4 与 10 km/h 的线性中点
2017-11-04 21:12:46,新增插值记录,,6.449999999999999,相邻速度 7.3 与 5.6 km/h 的线性中点
2017-11-04 21:12:48,新增插值记录,,4.8,相邻速度 5.6 与 4 km/h 的线性中点
2017-11-04 21:13:14,新增插值记录,,2.8,相邻速度 0 与 5.6 km/h 的线性中点
2017-11-04 21:13:20,新增插值记录,,0.0,相邻速度 0 与 0 km/h 的线性中点
2017-11-04 21:13:28,新增插值记录,,3.25,相邻速度 1.9 与 4.6 km/h 的线性中点
2017-11-04 21:13:32,新增插值记录,,3.45,相邻速度 3.5 与 3.4 km/h 的线性中点
2017-11-04 21:13:42,新增插值记录,,3.1500000000000004,相邻速度 3.2 与 3.1 km/h 的线性中点
2017-11-04 21:13:48,新增插值记录,,2.25,相邻速度 2.5 与 2 km/h 的线性中点
2017-11-04 21:14:08,新增插值记录,,1.6,相邻速度 0 与 3.2 km/h 的线性中点
2017-11-04 21:14:10,车速限幅,23.5,17.456,"连续1秒允许范围 [0.000000, 17.456000] km/h"
2017-11-04 21:14:22,新增插值记录,,13.05,相邻速度 12.5 与 13.6 km/h 的线性中点
2017-11-04 21:14:24,新增插值记录,,14.3,相邻速度 13.6 与 15 km/h 的线性中点
2017-11-04 21:14:37,新增插值记录,,29.05,相邻速度 25 与 33.1 km/h 的线性中点
2017-11-04 21:14:57,新增插值记录,,11.55,相邻速度 12.5 与 10.6 km/h 的线性中点
2017-11-04 21:15:11,新增插值记录,,23.549999999999997,相邻速度 20.7 与 26.4 km/h 的线性中点
2017-11-04 21:15:19,新增插值记录,,24.15,相邻速度 23.8 与 24.5 km/h 的线性中点
2017-11-04 21:16:15,新增插值记录,,13.100000000000001,相邻速度 10.4 与 15.8 km/h 的线性中点
2017-11-04 21:16:21,新增插值记录,,13.8,相邻速度 13.8 与 13.8 km/h 的线性中点
2017-11-04 21:16:25,新增插值记录,,21.0,相邻速度 15 与 27 km/h 的线性中点
2017-11-04 21:16:40,新增插值记录,,21.3,相邻速度 21.3 与 21.3 km/h 的线性中点
2017-11-04 21:17:25,新增插值记录,,16.0,相邻速度 16 与 16 km/h 的线性中点
2017-11-04 21:18:00,新增插值记录,,18.15,相邻速度 18.4 与 17.9 km/h 的线性中点
2017-11-04 21:18:27,车速限幅,18.4,14.556000000000001,"连续1秒允许范围 [0.000000, 14.556000] km/h"
2017-11-04 21:18:54,新增插值记录,,11.65,相邻速度 9 与 14.3 km/h 的线性中点
2017-11-04 21:19:00,新增插值记录,,7.75,相邻速度 6.2 与 9.3 km/h 的线性中点
2017-11-04 21:19:26,新增插值记录,,5.1,相邻速度 4 与 6.2 km/h 的线性中点
2017-11-04 21:19:28,新增插值记录,,5.05,相邻速度 6.2 与 3.9 km/h 的线性中点
2017-11-04 21:19:38,新增插值记录,,0.0,相邻速度 0 与 0 km/h 的线性中点
2017-11-04 21:19:44,新增插值记录,,6.8,相邻速度 3 与 10.6 km/h 的线性中点
2017-11-04 21:19:52,新增插值记录,,25.450000000000003,相邻速度 24.1 与 26.8 km/h 的线性中点
2017-11-04 21:19:56,新增插值记录,,34.6,相邻速度 32.5 与 36.7 km/h 的线性中点
2017-11-04 21:19:58,新增插值记录,,38.45,相邻速度 36.7 与 40.2 km/h 的线性中点
2017-11-04 21:20:00,新增插值记录,,41.8,相邻速度 40.2 与 43.4 km/h 的线性中点
2017-11-04 21:20:04,新增插值记录,,52.25,相邻速度 51.6 与 52.9 km/h 的线性中点
2017-11-04 21:20:11,车速限幅,3.0,26.7,"连续1秒允许范围 [26.700000, 69.756000] km/h"
2017-11-04 21:20:12,车速限幅,57.2,40.956,"连续1秒允许范围 [0.000000, 40.956000] km/h"
2017-11-04 21:20:19,车速限幅,24.1,27.499999999999996,"连续1秒允许范围 [27.500000, 70.556000] km/h"
2017-11-04 21:20:20,车速限幅,54.8,41.756,"连续1秒允许范围 [0.000000, 41.756000] km/h"
2017-11-04 21:20:26,车速限幅,56.2,50.956,"连续1秒允许范围 [7.900000, 50.956000] km/h"
2017-11-04 21:21:59,新增插值记录,,46.5,相邻速度 46.1 与 46.9 km/h 的线性中点
2017-11-04 21:22:11,新增插值记录,,41.849999999999994,相邻速度 41.4 与 42.3 km/h 的线性中点
2017-11-04 21:22:35,新增插值记录,,8.95,相邻速度 9.6 与 8.3 km/h 的线性中点
2017-11-04 21:22:41,车速限幅,42.3,27.456,"连续1秒允许范围 [0.000000, 27.456000] km/h"
2017-11-04 21:22:45,车速限幅,42.3,34.856,"连续1秒允许范围 [0.000000, 34.856000] km/h"
2017-11-04 21:22:57,新增插值记录,,36.15,相邻速度 42.3 与 30 km/h 的线性中点
2017-11-04 21:23:01,新增插值记录,,30.9,相邻速度 30.6 与 31.2 km/h 的线性中点
2017-11-04 21:23:05,新增插值记录,,29.35,相邻速度 29.7 与 29 km/h 的线性中点
2017-11-04 21:23:07,新增插值记录,,21.1,相邻速度 29 与 13.2 km/h 的线性中点
2017-11-04 21:23:09,车速限幅,28.9,27.456,"连续1秒允许范围 [0.000000, 27.456000] km/h"
2017-11-04 21:23:11,新增插值记录,,31.450000000000003,相邻速度 32.6 与 30.3 km/h 的线性中点
2017-11-04 21:23:20,新增插值记录,,25.8,相邻速度 19.6 与 32 km/h 的线性中点
2017-11-04 21:23:32,车速限幅,29.7,26.756,"连续1秒允许范围 [0.000000, 26.756000] km/h"
2017-11-04 21:23:35,车速限幅,29.0,28.856,"连续1秒允许范围 [0.000000, 28.856000] km/h"
2017-11-04 21:23:42,新增插值记录,,0.05,相邻速度 0.1 与 0 km/h 的线性中点
2017-11-04 21:23:46,新增插值记录,,9.8,相邻速度 0 与 19.6 km/h 的线性中点
2017-11-04 21:23:55,车速限幅,17.8,14.256,"连续1秒允许范围 [0.000000, 14.256000] km/h"
2017-11-04 21:24:42,新增插值记录,,0.0,相邻速度 0 与 0 km/h 的线性中点
2017-11-04 21:25:08,新增插值记录,,0.0,相邻速度 0 与 0 km/h 的线性中点
2017-11-04 21:25:12,新增插值记录,,0.0,相邻速度 0 与 0 km/h 的线性中点
2017-11-04 21:25:32,新增插值记录,,0.0,相邻速度 0 与 0 km/h 的线性中点
2017-11-04 21:25:34,新增插值记录,,0.0,相邻速度 0 与 0 km/h 的线性中点
2017-11-04 21:25:36,新增插值记录,,0.0,相邻速度 0 与 0 km/h 的线性中点
2017-11-04 21:25:38,新增插值记录,,0.0,相邻速度 0 与 0 km/h 的线性中点
2017-11-04 21:25:40,新增插值记录,,0.0,相邻速度 0 与 0 km/h 的线性中点
2017-11-04 21:25:42,新增插值记录,,0.0,相邻速度 0 与 0 km/h 的线性中点
2017-11-04 21:25:44,新增插值记录,,0.0,相邻速度 0 与 0 km/h 的线性中点
2017-11-04 21:25:46,新增插值记录,,0.0,相邻速度 0 与 0 km/h 的线性中点
2017-11-04 21:25:48,新增插值记录,,0.0,相邻速度 0 与 0 km/h 的线性中点
2017-11-04 21:25:54,新增插值记录,,0.0,相邻速度 0 与 0 km/h 的线性中点
2017-11-04 21:25:56,新增插值记录,,0.0,相邻速度 0 与 0 km/h 的线性中点
2017-11-04 21:26:02,新增插值记录,,0.0,相邻速度 0 与 0 km/h 的线性中点
2017-11-04 21:26:08,新增插值记录,,0.0,相邻速度 0 与 0 km/h 的线性中点
2017-11-04 21:26:10,新增插值记录,,0.0,相邻速度 0 与 0 km/h 的线性中点
2017-11-04 21:26:12,新增插值记录,,0.0,相邻速度 0 与 0 km/h 的线性中点
2017-11-04 21:26:14,新增插值记录,,0.0,相邻速度 0 与 0 km/h 的线性中点
2017-11-04 21:26:31,新增插值记录,,1.9000000000000001,相邻速度 1.6 与 2.2 km/h 的线性中点
2017-11-04 21:26:47,新增插值记录,,2.95,相邻速度 3 与 2.9 km/h 的线性中点
2017-11-04 21:26:56,删除长低速记录,0.0,0.0,连续低于10 km/h的记录超过180条
2017-11-04 21:26:57,删除长低速记录,0.0,0.0,连续低于10 km/h的记录超过180条
2017-11-04 21:26:58,删除长低速记录,0.0,0.0,连续低于10 km/h的记录超过180条
2017-11-04 21:26:59,删除长低速记录,0.0,0.0,连续低于10 km/h的记录超过180条
2017-11-04 21:27:00,删除长低速记录,0.0,0.0,连续低于10 km/h的记录超过180条
2017-11-04 21:27:01,删除长低速记录,1.5,1.5,连续低于10 km/h的记录超过180条
2017-11-04 21:27:02,删除长低速记录,0.0,0.0,连续低于10 km/h的记录超过180条
2017-11-04 21:27:03,删除长低速记录,0.0,0.0,连续低于10 km/h的记录超过180条
2017-11-04 21:27:04,删除长低速记录,0.0,0.0,连续低于10 km/h的记录超过180条
2017-11-04 21:27:05,删除长低速记录,1.6,1.6,连续低于10 km/h的记录超过180条
2017-11-04 21:27:06,删除长低速记录,2.1,2.1,连续低于10 km/h的记录超过180条
2017-11-04 21:27:07,删除长低速记录,,2.05,连续低于10 km/h的记录超过180条
2017-11-04 21:27:07,新增插值记录,,2.05,相邻速度 2.1 与 2 km/h 的线性中点
2017-11-04 21:27:08,删除长低速记录,2.0,2.0,连续低于10 km/h的记录超过180条
2017-11-04 21:27:09,删除长低速记录,2.0,2.0,连续低于10 km/h的记录超过180条
2017-11-04 21:27:10,删除长低速记录,2.4,2.4,连续低于10 km/h的记录超过180条
2017-11-04 21:27:11,删除长低速记录,1.9,1.9,连续低于10 km/h的记录超过180条
2017-11-04 21:27:12,删除长低速记录,1.9,1.9,连续低于10 km/h的记录超过180条
2017-11-04 21:27:13,删除长低速记录,1.8,1.8,连续低于10 km/h的记录超过180条
2017-11-04 21:27:14,删除长低速记录,1.9,1.9,连续低于10 km/h的记录超过180条
2017-11-04 21:27:15,删除长低速记录,1.9,1.9,连续低于10 km/h的记录超过180条
2017-11-04 21:27:16,删除长低速记录,1.9,1.9,连续低于10 km/h的记录超过180条
2017-11-04 21:27:17,删除长低速记录,1.9,1.9,连续低于10 km/h的记录超过180条
2017-11-04 21:27:18,删除长低速记录,2.0,2.0,连续低于10 km/h的记录超过180条
2017-11-04 21:27:19,删除长低速记录,2.0,2.0,连续低于10 km/h的记录超过180条
2017-11-04 21:27:20,删除长低速记录,2.0,2.0,连续低于10 km/h的记录超过180条
2017-11-04 21:27:21,删除长低速记录,2.0,2.0,连续低于10 km/h的记录超过180条
2017-11-04 21:27:22,删除长低速记录,2.0,2.0,连续低于10 km/h的记录超过180条
2017-11-04 21:27:23,删除长低速记录,2.0,2.0,连续低于10 km/h的记录超过180条
2017-11-04 21:27:24,删除长低速记录,2.0,2.0,连续低于10 km/h的记录超过180条
2017-11-04 21:27:25,删除长低速记录,,2.0,连续低于10 km/h的记录超过180条
2017-11-04 21:27:25,新增插值记录,,2.0,相邻速度 2 与 2 km/h 的线性中点
2017-11-04 21:27:26,删除长低速记录,2.0,2.0,连续低于10 km/h的记录超过180条
2017-11-04 21:27:27,删除长低速记录,,2.0,连续低于10 km/h的记录超过180条
2017-11-04 21:27:27,新增插值记录,,2.0,相邻速度 2 与 2 km/h 的线性中点
2017-11-04 21:27:28,删除长低速记录,2.0,2.0,连续低于10 km/h的记录超过180条
2017-11-04 21:27:29,删除长低速记录,2.0,2.0,连续低于10 km/h的记录超过180条
2017-11-04 21:27:30,删除长低速记录,1.9,1.9,连续低于10 km/h的记录超过180条
2017-11-04 21:27:31,删除长低速记录,,1.9,连续低于10 km/h的记录超过180条
2017-11-04 21:27:31,新增插值记录,,1.9,相邻速度 1.9 与 1.9 km/h 的线性中点
2017-11-04 21:27:32,删除长低速记录,1.9,1.9,连续低于10 km/h的记录超过180条
2017-11-04 21:27:33,删除长低速记录,1.5,1.5,连续低于10 km/h的记录超过180条
2017-11-04 21:27:34,删除长低速记录,4.0,4.0,连续低于10 km/h的记录超过180条
2017-11-04 21:27:35,删除长低速记录,,2.0,连续低于10 km/h的记录超过180条
2017-11-04 21:27:35,新增插值记录,,2.0,相邻速度 4 与 0 km/h 的线性中点
2017-11-04 21:27:36,删除长低速记录,0.0,0.0,连续低于10 km/h的记录超过180条
2017-11-04 21:27:37,删除长低速记录,0.0,0.0,连续低于10 km/h的记录超过180条
2017-11-04 21:27:38,删除长低速记录,0.0,0.0,连续低于10 km/h的记录超过180条
2017-11-04 21:27:39,删除长低速记录,0.0,0.0,连续低于10 km/h的记录超过180条
2017-11-04 21:27:40,删除长低速记录,0.0,0.0,连续低于10 km/h的记录超过180条
2017-11-04 21:27:41,删除长低速记录,0.0,0.0,连续低于10 km/h的记录超过180条
2017-11-04 21:27:42,删除长低速记录,0.0,0.0,连续低于10 km/h的记录超过180条
2017-11-04 21:27:43,删除长低速记录,0.0,0.0,连续低于10 km/h的记录超过180条
2017-11-04 21:27:44,删除长低速记录,0.0,0.0,连续低于10 km/h的记录超过180条
2017-11-04 21:27:45,删除长低速记录,0.0,0.0,连续低于10 km/h的记录超过180条
2017-11-04 21:27:46,删除长低速记录,0.0,0.0,连续低于10 km/h的记录超过180条
2017-11-04 21:27:47,删除长低速记录,0.0,0.0,连续低于10 km/h的记录超过180条
2017-11-04 21:27:48,删除长低速记录,0.0,0.0,连续低于10 km/h的记录超过180条
2017-11-04 21:27:49,删除长低速记录,0.0,0.0,连续低于10 km/h的记录超过180条
2017-11-04 21:27:50,删除长低速记录,1.5,1.5,连续低于10 km/h的记录超过180条
2017-11-04 21:27:51,删除长低速记录,0.0,0.0,连续低于10 km/h的记录超过180条
2017-11-04 21:27:52,删除长低速记录,0.0,0.0,连续低于10 km/h的记录超过180条
2017-11-04 21:27:53,删除长低速记录,1.5,1.5,连续低于10 km/h的记录超过180条
2017-11-04 21:27:54,删除长低速记录,1.9,1.9,连续低于10 km/h的记录超过180条
2017-11-04 21:27:55,删除长低速记录,1.9,1.9,连续低于10 km/h的记录超过180条
2017-11-04 21:27:56,删除长低速记录,3.4,3.4,连续低于10 km/h的记录超过180条
2017-11-04 21:27:57,删除长低速记录,4.0,4.0,连续低于10 km/h的记录超过180条
2017-11-04 21:27:58,删除长低速记录,4.3,4.3,连续低于10 km/h的记录超过180条
2017-11-04 21:27:59,删除长低速记录,4.7,4.7,连续低于10 km/h的记录超过180条
2017-11-04 21:28:00,删除长低速记录,6.1,6.1,连续低于10 km/h的记录超过180条
2017-11-04 21:28:01,删除长低速记录,6.6,6.6,连续低于10 km/h的记录超过180条
2017-11-04 21:28:02,删除长低速记录,7.4,7.4,连续低于10 km/h的记录超过180条
2017-11-04 21:28:03,删除长低速记录,8.0,8.0,连续低于10 km/h的记录超过180条
2017-11-04 21:28:04,删除长低速记录,8.1,8.1,连续低于10 km/h的记录超过180条
2017-11-04 21:28:05,删除长低速记录,8.2,8.2,连续低于10 km/h的记录超过180条
2017-11-04 21:28:06,删除长低速记录,8.7,8.7,连续低于10 km/h的记录超过180条
2017-11-04 21:28:07,删除长低速记录,9.3,9.3,连续低于10 km/h的记录超过180条
2017-11-04 21:28:09,新增插值记录,,11.15,相邻速度 10.9 与 11.4 km/h 的线性中点
2017-11-04 21:28:23,新增插值记录,,26.7,相邻速度 25.7 与 27.7 km/h 的线性中点
2017-11-04 21:28:31,新增插值记录,,41.05,相邻速度 31.5 与 50.6 km/h 的线性中点
2017-11-04 21:28:33,新增插值记录,,41.650000000000006,相邻速度 50.6 与 32.7 km/h 的线性中点
2017-11-04 21:28:51,车速限幅,51.8,39.956,"连续1秒允许范围 [0.000000, 39.956000] km/h"
2017-11-04 21:28:59,新增插值记录,,53.650000000000006,相邻速度 53.6 与 53.7 km/h 的线性中点
2017-11-04 21:29:01,新增插值记录,,53.900000000000006,相邻速度 53.7 与 54.1 km/h 的线性中点
2017-11-04 21:29:05,新增插值记录,,54.85,相邻速度 54.7 与 55 km/h 的线性中点
2017-11-04 21:29:07,新增插值记录,,55.0,相邻速度 55 与 55 km/h 的线性中点
2017-11-04 21:29:09,新增插值记录,,55.2,相邻速度 55 与 55.4 km/h 的线性中点
2017-11-04 21:29:13,新增插值记录,,55.45,相邻速度 55.5 与 55.4 km/h 的线性中点
2017-11-04 21:29:17,新增插值记录,,55.349999999999994,相邻速度 55.4 与 55.3 km/h 的线性中点
2017-11-04 21:29:25,新增插值记录,,54.900000000000006,相邻速度 56.2 与 53.6 km/h 的线性中点
2017-11-04 21:29:44,车速限幅,55.4,52.056,"连续1秒允许范围 [9.000000, 52.056000] km/h"
2017-11-04 21:30:23,新增插值记录,,0.0,相邻速度 0 与 0 km/h 的线性中点
2017-11-04 21:31:08,新增插值记录,,28.05,相邻速度 21.4 与 34.7 km/h 的线性中点
2017-11-04 21:31:16,新增插值记录,,30.65,相邻速度 30.5 与 30.8 km/h 的线性中点
2017-11-04 21:31:42,新增插值记录,,27.75,相邻速度 27.5 与 28 km/h 的线性中点
2017-11-04 21:31:46,新增插值记录,,32.849999999999994,相邻速度 33.3 与 32.4 km/h 的线性中点
2017-11-04 21:31:53,新增插值记录,,38.349999999999994,相邻速度 37.4 与 39.3 km/h 的线性中点
2017-11-04 21:31:56,新增插值记录,,38.8,相邻速度 38.8 与 38.8 km/h 的线性中点
2017-11-04 21:32:15,车速限幅,32.4,31.256,"连续1秒允许范围 [0.000000, 31.256000] km/h"
2017-11-04 21:33:17,新增插值记录,,20.0,相邻速度 19.7 与 20.3 km/h 的线性中点
2017-11-04 21:33:35,新增插值记录,,46.150000000000006,相邻速度 48.6 与 43.7 km/h 的线性中点
2017-11-04 21:33:39,新增插值记录,,44.599999999999994,相邻速度 46.3 与 42.9 km/h 的线性中点
2017-11-04 21:33:41,新增插值记录,,42.05,相邻速度 42.9 与 41.2 km/h 的线性中点
2017-11-04 21:33:45,车速限幅,41.1,33.956,"连续1秒允许范围 [0.000000, 33.956000] km/h"
2017-11-04 21:33:49,新增插值记录,,42.85,相邻速度 44 与 41.7 km/h 的线性中点
2017-11-04 21:34:07,新增插值记录,,44.55,相邻速度 46.3 与 42.8 km/h 的线性中点
2017-11-04 21:34:09,新增插值记录,,44.15,相邻速度 42.8 与 45.5 km/h 的线性中点
2017-11-04 21:34:15,新增插值记录,,41.9,相邻速度 39.8 与 44 km/h 的线性中点
2017-11-04 21:34:17,新增插值记录,,41.0,相邻速度 44 与 38 km/h 的线性中点
2017-11-04 21:34:21,新增插值记录,,38.75,相邻速度 37.4 与 40.1 km/h 的线性中点
2017-11-04 21:34:23,新增插值记录,,40.400000000000006,相邻速度 40.1 与 40.7 km/h 的线性中点
2017-11-04 21:34:35,新增插值记录,,42.65,相邻速度 42.5 与 42.8 km/h 的线性中点
2017-11-04 21:34:43,新增插值记录,,39.55,相邻速度 39.8 与 39.3 km/h 的线性中点
2017-11-04 21:34:49,新增插值记录,,49.05,相邻速度 49.7 与 48.4 km/h 的线性中点
2017-11-04 21:35:15,新增插值记录,,46.75,相邻速度 43.8 与 49.7 km/h 的线性中点
2017-11-04 21:35:30,新增插值记录,,40.150000000000006,相邻速度 41.7 与 38.6 km/h 的线性中点
2017-11-04 21:35:37,车速限幅,62.7,52.956,"连续1秒允许范围 [9.900000, 52.956000] km/h"
2017-11-04 21:35:40,车速限幅,58.3,52.956,"连续1秒允许范围 [9.900000, 52.956000] km/h"
2017-11-04 21:36:10,新增插值记录,,45.8,相邻速度 45.7 与 45.9 km/h 的线性中点
2017-11-04 21:36:16,新增插值记录,,40.9,相邻速度 51 与 30.8 km/h 的线性中点
2017-11-04 21:36:42,新增插值记录,,44.599999999999994,相邻速度 44.4 与 44.8 km/h 的线性中点
2017-11-04 21:37:10,新增插值记录,,39.5,相邻速度 40.1 与 38.9 km/h 的线性中点
2017-11-04 21:37:12,新增插值记录,,37.599999999999994,相邻速度 38.9 与 36.3 km/h 的线性中点
2017-11-04 21:37:22,新增插值记录,,6.25,相邻速度 7 与 5.5 km/h 的线性中点
2017-11-04 21:37:26,车速限幅,48.3,17.856,"连续1秒允许范围 [0.000000, 17.856000] km/h"
2017-11-04 21:37:32,新增插值记录,,2.2,相邻速度 2.2 与 2.2 km/h 的线性中点
2017-11-04 21:37:37,车速限幅,40.1,14.256,"连续1秒允许范围 [0.000000, 14.256000] km/h"
2017-11-04 21:37:39,车速限幅,38.9,14.256,"连续1秒允许范围 [0.000000, 14.256000] km/h"
2017-11-04 21:37:52,新增插值记录,,2.55,相邻速度 2.4 与 2.7 km/h 的线性中点
2017-11-04 21:38:06,新增插值记录,,1.1,相邻速度 2.2 与 0 km/h 的线性中点
2017-11-04 21:38:16,新增插值记录,,0.85,相邻速度 0.2 与 1.5 km/h 的线性中点
2017-11-04 21:38:20,新增插值记录,,2.8,相邻速度 1.6 与 4 km/h 的线性中点
2017-11-04 21:38:22,新增插值记录,,4.35,相邻速度 4 与 4.7 km/h 的线性中点
2017-11-04 21:38:30,新增插值记录,,4.0,相邻速度 4 与 4 km/h 的线性中点
2017-11-04 21:38:44,车速限幅,19.0,14.456,"连续1秒允许范围 [0.000000, 14.456000] km/h"
2017-11-04 21:38:57,车速限幅,4.0,8.8,"连续1秒允许范围 [8.800000, 51.856000] km/h"
2017-11-04 21:38:58,新增插值记录,,22.05,相邻速度 4 与 40.1 km/h 的线性中点
2017-11-04 21:38:59,车速限幅,40.1,36.306,"连续1秒允许范围 [0.000000, 36.306000] km/h"
2017-11-04 21:39:26,新增插值记录,,38.85,相邻速度 37.6 与 40.1 km/h 的线性中点
2017-11-04 21:39:32,新增插值记录,,43.35,相邻速度 40.1 与 46.6 km/h 的线性中点
2017-11-04 21:40:31,车速限幅,8.1,16.2,"连续1秒允许范围 [16.200000, 59.256000] km/h"
2017-11-04 21:40:32,车速限幅,51.9,30.456,"连续1秒允许范围 [0.000000, 30.456000] km/h"
2017-11-04 21:40:33,车速限幅,46.4,44.712,"连续1秒允许范围 [1.656000, 44.712000] km/h"
2017-11-04 21:40:34,车速限幅,8.1,15.912000000000003,"连续1秒允许范围 [15.912000, 58.968000] km/h"
2017-11-04 21:40:35,车速限幅,44.8,30.168000000000003,"连续1秒允许范围 [0.000000, 30.168000] km/h"
2017-11-04 21:40:36,车速限幅,44.8,44.42400000000001,"连续1秒允许范围 [1.368000, 44.424000] km/h"
2017-11-04 21:40:41,新增插值记录,,51.9,相邻速度 51 与 52.8 km/h 的线性中点
2017-11-04 21:40:51,新增插值记录,,50.45,相邻速度 49.9 与 51 km/h 的线性中点
2017-11-04 21:50:07,新增插值记录,,17.15,相邻速度 18.2 与 16.1 km/h 的线性中点
2017-11-04 21:50:35,车速限幅,45.1,32.456,"连续1秒允许范围 [0.000000, 32.456000] km/h"
2017-11-04 22:29:00,车速限幅,16.4,14.756,"连续1秒允许范围 [0.000000, 14.756000] km/h"
2017-11-05 09:14:57,新增插值记录,,61.85,相邻速度 61.7 与 62 km/h 的线性中点
2017-11-05 09:15:15,新增插值记录,,59.900000000000006,相邻速度 60.2 与 59.6 km/h 的线性中点
2017-11-05 09:15:20,新增插值记录,,55.85,相邻速度 58 与 53.7 km/h 的线性中点
2017-11-05 09:15:27,新增插值记录,,56.25,相邻速度 56.7 与 55.8 km/h 的线性中点
2017-11-05 09:15:36,车速限幅,4.2,11.599999999999998,"连续1秒允许范围 [11.600000, 54.656000] km/h"
2017-11-05 09:15:40,车速限幅,23.7,18.456,"连续1秒允许范围 [0.000000, 18.456000] km/h"
2017-11-05 09:15:50,新增插值记录,,2.9000000000000004,相邻速度 4.2 与 1.6 km/h 的线性中点
2017-11-05 09:16:04,新增插值记录,,1.6,相邻速度 1.6 与 1.6 km/h 的线性中点
2017-11-05 09:16:09,新增插值记录,,1.6,相邻速度 1.6 与 1.6 km/h 的线性中点
2017-11-05 09:16:19,新增插值记录,,1.6,相邻速度 1.6 与 1.6 km/h 的线性中点
2017-11-05 09:16:23,新增插值记录,,1.6,相邻速度 1.6 与 1.6 km/h 的线性中点
2017-11-05 09:16:35,新增插值记录,,1.6,相邻速度 1.6 与 1.6 km/h 的线性中点
2017-11-05 09:16:37,新增插值记录,,1.6,相邻速度 1.6 与 1.6 km/h 的线性中点
2017-11-05 09:16:42,新增插值记录,,1.6,相邻速度 1.6 与 1.6 km/h 的线性中点
2017-11-05 09:16:51,新增插值记录,,1.6,相邻速度 1.6 与 1.6 km/h 的线性中点
2017-11-05 09:16:56,新增插值记录,,1.6,相邻速度 1.6 与 1.6 km/h 的线性中点
2017-11-05 09:17:08,新增插值记录,,1.6,相邻速度 1.6 与 1.6 km/h 的线性中点
2017-11-05 09:17:10,新增插值记录,,1.6,相邻速度 1.6 与 1.6 km/h 的线性中点
2017-11-05 09:17:24,新增插值记录,,1.6,相邻速度 1.6 与 1.6 km/h 的线性中点
2017-11-05 09:17:29,新增插值记录,,1.6,相邻速度 1.6 与 1.6 km/h 的线性中点
2017-11-05 09:17:40,新增插值记录,,1.6,相邻速度 1.6 与 1.6 km/h 的线性中点
2017-11-05 09:17:43,新增插值记录,,1.6,相邻速度 1.6 与 1.6 km/h 的线性中点
2017-11-05 09:17:57,新增插值记录,,1.6,相邻速度 1.6 与 1.6 km/h 的线性中点
2017-11-05 09:18:02,新增插值记录,,1.6,相邻速度 1.6 与 1.6 km/h 的线性中点
2017-11-05 09:18:13,新增插值记录,,1.6,相邻速度 1.6 与 1.6 km/h 的线性中点
2017-11-05 09:18:16,新增插值记录,,1.6,相邻速度 1.6 与 1.6 km/h 的线性中点
2017-11-05 09:18:29,新增插值记录,,1.6,相邻速度 1.6 与 1.6 km/h 的线性中点
2017-11-05 09:18:35,新增插值记录,,1.6,相邻速度 1.6 与 1.6 km/h 的线性中点
2017-11-05 09:18:46,新增插值记录,,1.6,相邻速度 1.6 与 1.6 km/h 的线性中点
2017-11-05 09:18:47,删除长低速记录,1.6,1.6,连续低于10 km/h的记录超过180条
2017-11-05 09:18:48,删除长低速记录,1.6,1.6,连续低于10 km/h的记录超过180条
2017-11-05 09:18:49,删除长低速记录,,1.6,连续低于10 km/h的记录超过180条
2017-11-05 09:18:49,新增插值记录,,1.6,相邻速度 1.6 与 1.6 km/h 的线性中点
2017-11-05 09:18:50,删除长低速记录,1.6,1.6,连续低于10 km/h的记录超过180条
2017-11-05 09:18:51,删除长低速记录,1.6,1.6,连续低于10 km/h的记录超过180条
2017-11-05 09:18:52,删除长低速记录,1.6,1.6,连续低于10 km/h的记录超过180条
2017-11-05 09:18:53,删除长低速记录,1.6,1.6,连续低于10 km/h的记录超过180条
2017-11-05 09:18:54,删除长低速记录,1.6,1.6,连续低于10 km/h的记录超过180条
2017-11-05 09:18:55,删除长低速记录,1.6,1.6,连续低于10 km/h的记录超过180条
2017-11-05 09:18:56,删除长低速记录,1.6,1.6,连续低于10 km/h的记录超过180条
2017-11-05 09:18:57,删除长低速记录,1.6,1.6,连续低于10 km/h的记录超过180条
2017-11-05 09:18:58,删除长低速记录,1.6,1.6,连续低于10 km/h的记录超过180条
2017-11-05 09:18:59,删除长低速记录,1.6,1.6,连续低于10 km/h的记录超过180条
2017-11-05 09:19:00,删除长低速记录,1.6,1.6,连续低于10 km/h的记录超过180条
2017-11-05 09:19:01,删除长低速记录,1.6,1.6,连续低于10 km/h的记录超过180条
2017-11-05 09:19:02,删除长低速记录,,1.6,连续低于10 km/h的记录超过180条
2017-11-05 09:19:02,新增插值记录,,1.6,相邻速度 1.6 与 1.6 km/h 的线性中点
2017-11-05 09:19:03,删除长低速记录,1.6,1.6,连续低于10 km/h的记录超过180条
2017-11-05 09:19:04,删除长低速记录,1.6,1.6,连续低于10 km/h的记录超过180条
2017-11-05 09:19:05,删除长低速记录,1.6,1.6,连续低于10 km/h的记录超过180条
2017-11-05 09:19:06,删除长低速记录,1.6,1.6,连续低于10 km/h的记录超过180条
2017-11-05 09:19:07,删除长低速记录,1.6,1.6,连续低于10 km/h的记录超过180条
2017-11-05 09:19:08,删除长低速记录,,1.6,连续低于10 km/h的记录超过180条
2017-11-05 09:19:08,新增插值记录,,1.6,相邻速度 1.6 与 1.6 km/h 的线性中点
2017-11-05 09:19:09,删除长低速记录,1.6,1.6,连续低于10 km/h的记录超过180条
2017-11-05 09:19:10,删除长低速记录,1.6,1.6,连续低于10 km/h的记录超过180条
2017-11-05 09:19:11,删除长低速记录,1.6,1.6,连续低于10 km/h的记录超过180条
2017-11-05 09:19:12,删除长低速记录,1.6,1.6,连续低于10 km/h的记录超过180条
2017-11-05 09:19:13,删除长低速记录,1.6,1.6,连续低于10 km/h的记录超过180条
2017-11-05 09:19:14,删除长低速记录,1.6,1.6,连续低于10 km/h的记录超过180条
2017-11-05 09:19:15,删除长低速记录,1.6,1.6,连续低于10 km/h的记录超过180条
2017-11-05 09:19:16,删除长低速记录,1.6,1.6,连续低于10 km/h的记录超过180条
2017-11-05 09:19:17,删除长低速记录,1.6,1.6,连续低于10 km/h的记录超过180条
2017-11-05 09:19:18,删除长低速记录,,1.6,连续低于10 km/h的记录超过180条
2017-11-05 09:19:18,新增插值记录,,1.6,相邻速度 1.6 与 1.6 km/h 的线性中点
2017-11-05 09:19:19,删除长低速记录,1.6,1.6,连续低于10 km/h的记录超过180条
2017-11-05 09:19:20,删除长低速记录,1.6,1.6,连续低于10 km/h的记录超过180条
2017-11-05 09:19:21,删除长低速记录,1.6,1.6,连续低于10 km/h的记录超过180条
2017-11-05 09:19:22,删除长低速记录,,1.6,连续低于10 km/h的记录超过180条
2017-11-05 09:19:22,新增插值记录,,1.6,相邻速度 1.6 与 1.6 km/h 的线性中点
2017-11-05 09:19:23,删除长低速记录,1.6,1.6,连续低于10 km/h的记录超过180条
2017-11-05 09:19:24,删除长低速记录,1.6,1.6,连续低于10 km/h的记录超过180条
2017-11-05 09:39:42,新增插值记录,,0.0,相邻速度 0 与 0 km/h 的线性中点
2017-11-05 09:39:46,新增插值记录,,1.3,相邻速度 0 与 2.6 km/h 的线性中点
2017-11-05 09:39:52,新增插值记录,,2.2,相邻速度 2 与 2.4 km/h 的线性中点
2017-11-05 09:40:04,新增插值记录,,2.6500000000000004,相邻速度 2.7 与 2.6 km/h 的线性中点
2017-11-05 09:40:14,新增插值记录,,2.25,相邻速度 1.6 与 2.9 km/h 的线性中点
2017-11-05 09:40:18,新增插值记录,,3.3,相邻速度 3.1 与 3.5 km/h 的线性中点
2017-11-05 09:40:24,新增插值记录,,2.8499999999999996,相邻速度 2.9 与 2.8 km/h 的线性中点
2017-11-05 09:40:42,新增插值记录,,1.8,相邻速度 1.8 与 1.8 km/h 的线性中点
2017-11-05 09:40:44,新增插值记录,,2.45,相邻速度 1.8 与 3.1 km/h 的线性中点
2017-11-05 09:40:46,新增插值记录,,3.1500000000000004,相邻速度 3.1 与 3.2 km/h 的线性中点
2017-11-05 09:40:48,新增插值记录,,3.35,相邻速度 3.2 与 3.5 km/h 的线性中点
2017-11-05 09:41:22,新增插值记录,,2.8,相邻速度 2.8 与 2.8 km/h 的线性中点
2017-11-05 09:41:36,新增插值记录,,2.8,相邻速度 2.8 与 2.8 km/h 的线性中点
2017-11-05 09:41:54,新增插值记录,,2.8,相邻速度 2.8 与 2.8 km/h 的线性中点
2017-11-05 09:42:27,新增插值记录,,0.0,相邻速度 0 与 0 km/h 的线性中点
2017-11-05 09:42:29,新增插值记录,,7.05,相邻速度 0 与 14.1 km/h 的线性中点
2017-11-05 09:42:31,新增插值记录,,7.05,相邻速度 14.1 与 0 km/h 的线性中点
2017-11-05 09:42:35,新增插值记录,,6.75,相邻速度 0 与 13.5 km/h 的线性中点
2017-11-05 09:42:38,新增插值记录,,10.55,相邻速度 14.1 与 7 km/h 的线性中点
2017-11-05 09:42:54,新增插值记录,,3.1,相邻速度 3.2 与 3 km/h 的线性中点
2017-11-05 09:43:03,新增插值记录,,2.9,相邻速度 3 与 2.8 km/h 的线性中点
2017-11-05 09:43:07,新增插值记录,,2.45,相邻速度 2.7 与 2.2 km/h 的线性中点
2017-11-05 09:43:18,新增插值记录,,3.2,相邻速度 3.3 与 3.1 km/h 的线性中点
2017-11-05 09:43:22,新增插值记录,,3.0,相邻速度 3 与 3 km/h 的线性中点
2017-11-05 09:43:46,新增插值记录,,0.0,相邻速度 0 与 0 km/h 的线性中点
2017-11-05 09:43:48,新增插值记录,,0.0,相邻速度 0 与 0 km/h 的线性中点
2017-11-05 09:43:57,新增插值记录,,1.45,相邻速度 2.9 与 0 km/h 的线性中点
2017-11-05 09:44:02,新增插值记录,,1.45,相邻速度 0 与 2.9 km/h 的线性中点
2017-11-05 09:44:08,新增插值记录,,5.0,相邻速度 5.7 与 4.3 km/h 的线性中点
2017-11-05 09:44:12,新增插值记录,,4.3,相邻速度 4.1 与 4.5 km/h 的线性中点
2017-11-05 09:44:18,新增插值记录,,1.7,相邻速度 1.7 与 1.7 km/h 的线性中点
2017-11-05 09:44:28,新增插值记录,,2.4,相邻速度 2.5 与 2.3 km/h 的线性中点
2017-11-05 09:44:30,新增插值记录,,2.3,相邻速度 2.3 与 2.3 km/h 的线性中点
2017-11-05 09:44:40,新增插值记录,,0.0,相邻速度 0 与 0 km/h 的线性中点
2017-11-05 09:44:42,新增插值记录,,0.0,相邻速度 0 与 0 km/h 的线性中点
2017-11-05 09:44:56,新增插值记录,,2.4,相邻速度 2.5 与 2.3 km/h 的线性中点
2017-11-05 09:45:10,新增插值记录,,2.2,相邻速度 2.2 与 2.2 km/h 的线性中点
2017-11-05 09:45:14,新增插值记录,,2.1,相邻速度 2.2 与 2 km/h 的线性中点
2017-11-05 09:45:16,新增插值记录,,1.0,相邻速度 2 与 0 km/h 的线性中点
2017-11-05 09:45:20,新增插值记录,,0.0,相邻速度 0 与 0 km/h 的线性中点
2017-11-05 09:45:26,新增插值记录,,2.1500000000000004,相邻速度 2.7 与 1.6 km/h 的线性中点
2017-11-05 09:45:44,新增插值记录,,0.0,相邻速度 0 与 0 km/h 的线性中点
2017-11-05 09:45:49,新增插值记录,,2.45,相邻速度 2.6 与 2.3 km/h 的线性中点
2017-11-05 09:46:11,新增插值记录,,0.0,相邻速度 0 与 0 km/h 的线性中点
2017-11-05 09:46:23,新增插值记录,,1.8,相邻速度 1.8 与 1.8 km/h 的线性中点
2017-11-05 09:46:37,新增插值记录,,0.0,相邻速度 0 与 0 km/h 的线性中点
2017-11-05 09:46:41,新增插值记录,,0.0,相邻速度 0 与 0 km/h 的线性中点
2017-11-05 09:46:57,新增插值记录,,2.0,相邻速度 2 与 2 km/h 的线性中点
2017-11-05 09:47:07,新增插值记录,,0.0,相邻速度 0 与 0 km/h 的线性中点
2017-11-05 09:47:09,新增插值记录,,0.0,相邻速度 0 与 0 km/h 的线性中点
2017-11-05 09:47:40,新增插值记录,,0.0,相邻速度 0 与 0 km/h 的线性中点
2017-11-05 09:47:43,新增插值记录,,0.0,相邻速度 0 与 0 km/h 的线性中点
2017-11-05 09:47:49,新增插值记录,,0.0,相邻速度 0 与 0 km/h 的线性中点
2017-11-05 09:48:06,新增插值记录,,2.1,相邻速度 1.7 与 2.5 km/h 的线性中点
2017-11-05 09:48:24,新增插值记录,,0.0,相邻速度 0 与 0 km/h 的线性中点
2017-11-05 09:48:26,新增插值记录,,0.0,相邻速度 0 与 0 km/h 的线性中点
2017-11-05 09:48:46,新增插值记录,,5.4,相邻速度 1.5 与 9.3 km/h 的线性中点
2017-11-05 09:48:58,新增插值记录,,3.4,相邻速度 3.4 与 3.4 km/h 的线性中点
2017-11-05 09:49:00,新增插值记录,,3.9000000000000004,相邻速度 3.4 与 4.4 km/h 的线性中点
2017-11-05 09:49:04,新增插值记录,,2.6,相邻速度 2.7 与 2.5 km/h 的线性中点
2017-11-05 09:49:10,新增插值记录,,1.85,相邻速度 1.9 与 1.8 km/h 的线性中点
2017-11-05 09:49:20,新增插值记录,,1.75,相邻速度 1.8 与 1.7 km/h 的线性中点
2017-11-05 09:49:24,新增插值记录,,0.0,相邻速度 0 与 0 km/h 的线性中点
2017-11-05 09:49:37,新增插值记录,,0.0,相邻速度 0 与 0 km/h 的线性中点
2017-11-05 09:49:52,新增插值记录,,0.0,相邻速度 0 与 0 km/h 的线性中点
2017-11-05 09:50:02,新增插值记录,,0.0,相邻速度 0 与 0 km/h 的线性中点
2017-11-05 09:50:08,新增插值记录,,0.0,相邻速度 0 与 0 km/h 的线性中点
2017-11-05 09:50:12,新增插值记录,,0.0,相邻速度 0 与 0 km/h 的线性中点
2017-11-05 09:50:25,新增插值记录,,8.6,相邻速度 9.2 与 8 km/h 的线性中点
2017-11-05 09:50:43,新增插值记录,,1.35,相邻速度 2.7 与 0 km/h 的线性中点
2017-11-05 09:50:59,新增插值记录,,1.95,相邻速度 2 与 1.9 km/h 的线性中点
2017-11-05 09:51:03,新增插值记录,,3.05,相邻速度 4.6 与 1.5 km/h 的线性中点
2017-11-05 09:51:23,车速限幅,14.9,14.256,"连续1秒允许范围 [0.000000, 14.256000] km/h"
2017-11-05 09:51:29,新增插值记录,,8.4,相邻速度 1.9 与 14.9 km/h 的线性中点
2017-11-05 09:51:31,新增插值记录,,9.1,相邻速度 14.9 与 3.3 km/h 的线性中点
2017-11-05 09:51:41,新增插值记录,,3.0,相邻速度 2.9 与 3.1 km/h 的线性中点
2017-11-05 09:51:43,新增插值记录,,1.55,相邻速度 3.1 与 0 km/h 的线性中点
2017-11-05 09:51:57,新增插值记录,,4.15,相邻速度 5.2 与 3.1 km/h 的线性中点
2017-11-05 09:52:01,新增插值记录,,5.3,相邻速度 2.9 与 7.7 km/h 的线性中点
2017-11-05 09:52:03,新增插值记录,,7.4,相邻速度 7.7 与 7.1 km/h 的线性中点
2017-11-05 09:52:13,新增插值记录,,3.0,相邻速度 3.7 与 2.3 km/h 的线性中点
2017-11-05 09:52:19,车速限幅,24.2,14.256,"连续1秒允许范围 [0.000000, 14.256000] km/h"
2017-11-05 09:52:23,新增插值记录,,1.45,相邻速度 0 与 2.9 km/h 的线性中点
2017-11-05 09:52:26,车速限幅,24.2,21.256,"连续1秒允许范围 [0.000000, 21.256000] km/h"
2017-11-05 09:52:40,新增插值记录,,9.600000000000001,相邻速度 10.3 与 8.9 km/h 的线性中点
2017-11-05 09:53:00,新增插值记录,,3.8,相邻速度 2.1 与 5.5 km/h 的线性中点
2017-11-05 09:53:04,新增插值记录,,5.0,相邻速度 5.5 与 4.5 km/h 的线性中点
2017-11-05 09:53:16,新增插值记录,,1.45,相邻速度 0 与 2.9 km/h 的线性中点
2017-11-05 09:53:18,新增插值记录,,1.45,相邻速度 2.9 与 0 km/h 的线性中点
2017-11-05 09:53:20,新增插值记录,,0.0,相邻速度 0 与 0 km/h 的线性中点
2017-11-05 09:53:30,新增插值记录,,0.0,相邻速度 0 与 0 km/h 的线性中点
2017-11-05 09:53:44,新增插值记录,,5.6000000000000005,相邻速度 2.4 与 8.8 km/h 的线性中点
2017-11-05 09:53:50,新增插值记录,,5.7,相邻速度 5 与 6.4 km/h 的线性中点
2017-11-05 09:54:00,新增插值记录,,2.95,相邻速度 3.7 与 2.2 km/h 的线性中点
2017-11-05 09:54:12,新增插值记录,,10.4,相邻速度 15.4 与 5.4 km/h 的线性中点
2017-11-05 09:54:18,新增插值记录,,6.4,相邻速度 4.5 与 8.3 km/h 的线性中点
2017-11-05 09:54:24,新增插值记录,,1.25,相邻速度 0 与 2.5 km/h 的线性中点
2017-11-05 09:54:33,新增插值记录,,2.6,相邻速度 2.5 与 2.7 km/h 的线性中点
2017-11-05 09:54:46,新增插值记录,,6.6,相邻速度 8 与 5.2 km/h 的线性中点
2017-11-05 09:54:56,新增插值记录,,5.15,相邻速度 10.3 与 0 km/h 的线性中点
2017-11-05 09:54:58,新增插值记录,,0.0,相邻速度 0 与 0 km/h 的线性中点
2017-11-05 09:55:00,新增插值记录,,0.0,相邻速度 0 与 0 km/h 的线性中点
2017-11-05 09:55:14,新增插值记录,,2.25,相邻速度 4.5 与 0 km/h 的线性中点
2017-11-05 09:55:27,新增插值记录,,3.3,相邻速度 2.7 与 3.9 km/h 的线性中点
2017-11-05 09:55:33,新增插值记录,,1.7,相邻速度 3.4 与 0 km/h 的线性中点
2017-11-05 09:55:43,新增插值记录,,0.0,相邻速度 0 与 0 km/h 的线性中点
2017-11-05 09:55:47,新增插值记录,,0.0,相邻速度 0 与 0 km/h 的线性中点
2017-11-05 09:55:49,新增插值记录,,0.0,相邻速度 0 与 0 km/h 的线性中点
2017-11-05 12:39:19,新增插值记录,,47.85,相邻速度 47.6 与 48.1 km/h 的线性中点
2017-11-05 12:39:45,新增插值记录,,42.0,相邻速度 43.2 与 40.8 km/h 的线性中点
2017-11-05 12:40:01,新增插值记录,,21.6,相邻速度 21.6 与 21.6 km/h 的线性中点
2017-11-05 12:40:15,新增插值记录,,21.6,相邻速度 21.6 与 21.6 km/h 的线性中点
2017-11-05 12:40:17,新增插值记录,,21.6,相邻速度 21.6 与 21.6 km/h 的线性中点
2017-11-05 12:40:29,新增插值记录,,21.6,相邻速度 21.6 与 21.6 km/h 的线性中点
2017-11-05 12:40:34,新增插值记录,,21.6,相邻速度 21.6 与 21.6 km/h 的线性中点
2017-11-05 12:40:48,新增插值记录,,21.6,相邻速度 21.6 与 21.6 km/h 的线性中点
2017-11-05 12:40:50,新增插值记录,,21.6,相邻速度 21.6 与 21.6 km/h 的线性中点
2017-11-05 12:41:02,新增插值记录,,21.6,相邻速度 21.6 与 21.6 km/h 的线性中点
2017-11-05 12:41:06,新增插值记录,,21.6,相邻速度 21.6 与 21.6 km/h 的线性中点
2017-11-05 12:41:21,新增插值记录,,21.6,相邻速度 21.6 与 21.6 km/h 的线性中点
2017-11-05 12:41:23,新增插值记录,,21.6,相邻速度 21.6 与 21.6 km/h 的线性中点
2017-11-05 12:41:35,新增插值记录,,21.6,相邻速度 21.6 与 21.6 km/h 的线性中点
2017-11-05 12:41:39,新增插值记录,,21.6,相邻速度 21.6 与 21.6 km/h 的线性中点
2017-11-05 12:56:24,新增插值记录,,48.0,相邻速度 48.3 与 47.7 km/h 的线性中点
2017-11-05 12:56:26,新增插值记录,,56.6,相邻速度 47.7 与 65.5 km/h 的线性中点
2017-11-05 12:56:31,新增插值记录,,46.4,相邻速度 46.5 与 46.3 km/h 的线性中点
2017-11-05 12:56:37,新增插值记录,,48.0,相邻速度 48.3 与 47.7 km/h 的线性中点
2017-11-05 12:56:53,新增插值记录,,51.75,相邻速度 52.6 与 50.9 km/h 的线性中点
2017-11-05 12:56:55,新增插值记录,,50.5,相邻速度 50.9 与 50.1 km/h 的线性中点
2017-11-05 12:57:13,新增插值记录,,48.85,相邻速度 50.5 与 47.2 km/h 的线性中点
2017-11-05 12:57:39,车速限幅,35.9,26.056,"连续1秒允许范围 [0.000000, 26.056000] km/h"
2017-11-05 12:58:18,新增插值记录,,23.200000000000003,相邻速度 24.8 与 21.6 km/h 的线性中点
2017-11-05 12:58:38,新增插值记录,,5.9,相邻速度 0.4 与 11.4 km/h 的线性中点
2017-11-05 12:58:40,新增插值记录,,15.899999999999999,相邻速度 11.4 与 20.4 km/h 的线性中点
2017-11-05 12:58:43,车速限幅,36.7,30.256,"连续1秒允许范围 [0.000000, 30.256000] km/h"
2017-11-05 12:58:58,新增插值记录,,36.05,相邻速度 36.7 与 35.4 km/h 的线性中点
2017-11-05 12:59:14,新增插值记录,,42.2,相邻速度 42.4 与 42 km/h 的线性中点
2017-11-05 12:59:16,新增插值记录,,43.35,相邻速度 42 与 44.7 km/h 的线性中点
2017-11-05 12:59:28,新增插值记录,,42.2,相邻速度 42.4 与 42 km/h 的线性中点
2017-11-05 12:59:32,新增插值记录,,44.8,相邻速度 44.7 与 44.9 km/h 的线性中点
2017-11-05 12:59:50,新增插值记录,,46.4,相邻速度 46.4 与 46.4 km/h 的线性中点
2017-11-05 12:59:52,新增插值记录,,46.849999999999994,相邻速度 46.4 与 47.3 km/h 的线性中点
2017-11-05 12:59:58,新增插值记录,,46.35,相邻速度 46.6 与 46.1 km/h 的线性中点
2017-11-05 13:00:02,新增插值记录,,49.849999999999994,相邻速度 51.4 与 48.3 km/h 的线性中点
2017-11-05 13:00:16,新增插值记录,,50.849999999999994,相邻速度 51.4 与 50.3 km/h 的线性中点
2017-11-05 13:00:26,新增插值记录,,48.9,相邻速度 51 与 46.8 km/h 的线性中点
2017-11-05 13:01:23,新增插值记录,,50.8,相邻速度 50.8 与 50.8 km/h 的线性中点
2017-11-05 13:01:26,车速限幅,51.4,47.056,"连续1秒允许范围 [4.000000, 47.056000] km/h"
2017-11-05 13:01:39,新增插值记录,,33.0,相邻速度 32.8 与 33.2 km/h 的线性中点
2017-11-05 13:01:43,新增插值记录,,34.7,相邻速度 35.2 与 34.2 km/h 的线性中点
2017-11-05 13:02:03,新增插值记录,,24.35,相邻速度 21.1 与 27.6 km/h 的线性中点
2017-11-05 13:02:05,车速限幅,42.6,41.856,"连续1秒允许范围 [0.000000, 41.856000] km/h"
2017-11-05 13:02:07,车速限幅,45.8,38.256,"连续1秒允许范围 [0.000000, 38.256000] km/h"
2017-11-05 13:02:11,新增插值记录,,27.0,相邻速度 18.9 与 35.1 km/h 的线性中点
2017-11-05 13:02:16,车速限幅,66.0,47.756,"连续1秒允许范围 [4.700000, 47.756000] km/h"
2017-11-05 13:02:19,新增插值记录,,44.2,相邻速度 42.6 与 45.8 km/h 的线性中点
2017-11-05 13:02:21,车速限幅,68.0,60.056,"连续1秒允许范围 [17.000000, 60.056000] km/h"
2017-11-05 13:02:31,新增插值记录,,65.95,相邻速度 66 与 65.9 km/h 的线性中点
2017-11-05 13:02:35,新增插值记录,,67.5,相邻速度 68 与 67 km/h 的线性中点
2017-11-05 13:02:51,新增插值记录,,57.5,相邻速度 58.7 与 56.3 km/h 的线性中点
2017-11-05 13:03:16,车速限幅,19.7,14.356,"连续1秒允许范围 [0.000000, 14.356000] km/h"
2017-11-05 13:03:18,车速限幅,45.4,14.256,"连续1秒允许范围 [0.000000, 14.256000] km/h"
2017-11-05 13:03:30,新增插值记录,,32.55,相邻速度 19.7 与 45.4 km/h 的线性中点
2017-11-05 13:03:32,新增插值记录,,43.2,相邻速度 45.4 与 41 km/h 的线性中点
2017-11-05 13:03:34,新增插值记录,,39.95,相邻速度 41 与 38.9 km/h 的线性中点
2017-11-05 13:04:31,新增插值记录,,53.3,相邻速度 54.8 与 51.8 km/h 的线性中点
2017-11-05 13:04:44,新增插值记录,,53.3,相邻速度 54.8 与 51.8 km/h 的线性中点
2017-11-05 13:04:46,新增插值记录,,53.65,相邻速度 51.8 与 55.5 km/h 的线性中点
2017-11-05 13:04:52,新增插值记录,,55.9,相邻速度 56.3 与 55.5 km/h 的线性中点
2017-11-05 13:05:10,新增插值记录,,48.5,相邻速度 47.1 与 49.9 km/h 的线性中点
2017-11-05 13:05:38,新增插值记录,,34.599999999999994,相邻速度 35.4 与 33.8 km/h 的线性中点
2017-11-05 13:05:41,新增插值记录,,34.75,相邻速度 33.2 与 36.3 km/h 的线性中点
2017-11-05 13:05:51,车速限幅,69.9,52.356,"连续1秒允许范围 [9.300000, 52.356000] km/h"
2017-11-05 13:06:10,新增插值记录,,56.25,相邻速度 55.7 与 56.8 km/h 的线性中点
2017-11-05 13:06:13,新增插值记录,,57.9,相邻速度 56.8 与 59 km/h 的线性中点
2017-11-05 13:06:24,车速限幅,89.5,85.756,"连续1秒允许范围 [42.700000, 85.756000] km/h"
2017-11-05 13:06:39,新增插值记录,,76.95,相邻速度 76.7 与 77.2 km/h 的线性中点
2017-11-05 13:06:41,新增插值记录,,77.2,相邻速度 77.2 与 77.2 km/h 的线性中点
2017-11-05 13:06:47,新增插值记录,,81.0,相邻速度 83.2 与 78.8 km/h 的线性中点
2017-11-05 13:06:49,新增插值记录,,80.65,相邻速度 78.8 与 82.5 km/h 的线性中点
2017-11-05 13:06:59,新增插值记录,,70.35,相邻速度 72 与 68.7 km/h 的线性中点
2017-11-05 13:07:07,车速限幅,0.0,7.400000000000002,"连续1秒允许范围 [7.400000, 50.456000] km/h"
2017-11-05 13:07:09,车速限幅,18.0,14.256,"连续1秒允许范围 [0.000000, 14.256000] km/h"
2017-11-05 13:08:36,新增插值记录,,71.80000000000001,相邻速度 70.9 与 72.7 km/h 的线性中点
2017-11-05 13:08:42,新增插值记录,,74.35,相邻速度 70.3 与 78.4 km/h 的线性中点
2017-11-05 13:08:49,新增插值记录,,71.80000000000001,相邻速度 70.9 与 72.7 km/h 的线性中点
2017-11-05 13:08:51,新增插值记录,,71.4,相邻速度 72.7 与 70.1 km/h 的线性中点
2017-11-05 13:08:55,新增插值记录,,70.0,相邻速度 70.3 与 69.7 km/h 的线性中点
2017-11-05 13:09:13,新增插值记录,,57.3,相邻速度 57.3 与 57.3 km/h 的线性中点
2017-11-05 13:09:25,新增插值记录,,67.9,相邻速度 66.5 与 69.3 km/h 的线性中点
2017-11-05 13:10:08,车速限幅,56.7,37.656,"连续1秒允许范围 [0.000000, 37.656000] km/h"
2017-11-05 13:10:10,新增插值记录,,34.65,相邻速度 26.4 与 42.9 km/h 的线性中点
2017-11-05 13:10:13,车速限幅,43.2,41.556,"连续1秒允许范围 [0.000000, 41.556000] km/h"
2017-11-05 13:10:18,车速限幅,64.1,63.056,"连续1秒允许范围 [20.000000, 63.056000] km/h"
2017-11-05 13:10:22,新增插值记录,,58.5,相邻速度 55.6 与 61.4 km/h 的线性中点
2017-11-05 13:10:32,新增插值记录,,61.199999999999996,相邻速度 64.1 与 58.3 km/h 的线性中点
2017-11-05 13:10:36,新增插值记录,,57.05,相邻速度 55.6 与 58.5 km/h 的线性中点
2017-11-05 13:10:42,新增插值记录,,63.099999999999994,相邻速度 61.6 与 64.6 km/h 的线性中点
2017-11-05 13:11:26,新增插值记录,,2.7,相邻速度 0 与 5.4 km/h 的线性中点
2017-11-05 13:11:28,新增插值记录,,2.7,相邻速度 5.4 与 0 km/h 的线性中点
2017-11-05 13:11:38,新增插值记录,,2.45,相邻速度 2.1 与 2.8 km/h 的线性中点
2017-11-05 13:11:42,新增插值记录,,16.85,相邻速度 5.4 与 28.3 km/h 的线性中点
2017-11-05 13:11:48,新增插值记录,,13.5,相邻速度 13.5 与 13.5 km/h 的线性中点
2017-11-05 13:11:50,车速限幅,31.0,27.756,"连续1秒允许范围 [0.000000, 27.756000] km/h"
2017-11-05 13:11:56,车速限幅,33.4,32.256,"连续1秒允许范围 [0.000000, 32.256000] km/h"
2017-11-05 13:12:04,新增插值记录,,37.65,相邻速度 31 与 44.3 km/h 的线性中点
2017-11-05 13:12:10,新增插值记录,,33.45,相邻速度 33.4 与 33.5 km/h 的线性中点
2017-11-05 13:12:26,新增插值记录,,27.95,相邻速度 28 与 27.9 km/h 的线性中点
2017-11-05 13:12:30,新增插值记录,,43.45,相邻速度 42.3 与 44.6 km/h 的线性中点
2017-11-05 13:12:32,新增插值记录,,35.9,相邻速度 44.6 与 27.2 km/h 的线性中点
2017-11-05 13:12:34,新增插值记录,,27.25,相邻速度 27.2 与 27.3 km/h 的线性中点
2017-11-05 13:12:42,新增插值记录,,28.5,相邻速度 28.3 与 28.7 km/h 的线性中点
2017-11-05 13:19:19,车速限幅,20.8,14.256,"连续1秒允许范围 [0.000000, 14.256000] km/h"
2017-11-05 13:20:01,新增插值记录,,23.25,相邻速度 20.8 与 25.7 km/h 的线性中点
2017-11-05 13:20:05,车速限幅,57.1,43.456,"连续1秒允许范围 [0.400000, 43.456000] km/h"
2017-11-05 13:20:11,车速限幅,61.1,51.756,"连续1秒允许范围 [8.700000, 51.756000] km/h"
2017-11-05 13:20:17,新增插值记录,,56.150000000000006,相邻速度 55.2 与 57.1 km/h 的线性中点
2017-11-05 13:20:19,新增插值记录,,57.150000000000006,相邻速度 57.1 与 57.2 km/h 的线性中点
2017-11-05 13:20:53,新增插值记录,,79.80000000000001,相邻速度 80.9 与 78.7 km/h 的线性中点
2017-11-05 13:23:10,新增插值记录,,60.400000000000006,相邻速度 60.2 与 60.6 km/h 的线性中点
2017-11-05 13:23:32,新增插值记录,,64.75,相邻速度 64.3 与 65.2 km/h 的线性中点
2017-11-05 13:23:51,车速限幅,67.0,65.756,"连续1秒允许范围 [22.700000, 65.756000] km/h"
2017-11-05 13:24:04,新增插值记录,,51.2,相邻速度 51.5 与 50.9 km/h 的线性中点
2017-11-05 13:24:26,车速限幅,61.0,40.956,"连续1秒允许范围 [0.000000, 40.956000] km/h"
2017-11-05 13:24:28,车速限幅,77.7,45.456,"连续1秒允许范围 [2.400000, 45.456000] km/h"
2017-11-05 13:24:40,新增插值记录,,69.35,相邻速度 61 与 77.7 km/h 的线性中点
2017-11-05 13:24:42,新增插值记录,,77.0,相邻速度 77.7 与 76.3 km/h 的线性中点
2017-11-05 13:25:02,新增插值记录,,77.55,相邻速度 77.8 与 77.3 km/h 的线性中点
2017-11-05 13:25:06,新增插值记录,,77.0,相邻速度 77.7 与 76.3 km/h 的线性中点
2017-11-05 13:25:47,车速限幅,60.0,58.856,"连续1秒允许范围 [15.800000, 58.856000] km/h"
2017-11-05 13:26:01,新增插值记录,,61.8,相邻速度 60 与 63.6 km/h 的线性中点
2017-11-05 13:26:17,新增插值记录,,73.35,相邻速度 74.9 与 71.8 km/h 的线性中点
2017-11-05 13:26:23,新增插值记录,,73.15,相邻速度 73.9 与 72.4 km/h 的线性中点
2017-11-05 13:26:25,新增插值记录,,72.45,相邻速度 72.4 与 72.5 km/h 的线性中点
2017-11-05 13:26:35,新增插值记录,,75.65,相邻速度 74 与 77.3 km/h 的线性中点
2017-11-05 13:26:53,车速限幅,60.6,56.856,"连续1秒允许范围 [13.800000, 56.856000] km/h"
2017-11-05 13:27:07,新增插值记录,,62.0,相邻速度 60.6 与 63.4 km/h 的线性中点
2017-11-05 13:27:39,新增插值记录,,51.9,相邻速度 48.8 与 55 km/h 的线性中点
2017-11-05 13:27:51,新增插值记录,,62.75,相邻速度 61.2 与 64.3 km/h 的线性中点
2017-11-05 13:28:11,车速限幅,62.2,60.356,"连续1秒允许范围 [17.300000, 60.356000] km/h"
2017-11-05 13:28:15,车速限幅,62.2,61.756,"连续1秒允许范围 [18.700000, 61.756000] km/h"
2017-11-05 13:29:24,新增插值记录,,16.35,相邻速度 13.8 与 18.9 km/h 的线性中点
2017-11-05 13:29:26,车速限幅,45.8,33.156,"连续1秒允许范围 [0.000000, 33.156000] km/h"
2017-11-05 13:29:36,车速限幅,54.5,50.856,"连续1秒允许范围 [7.800000, 50.856000] km/h"
2017-11-05 13:29:40,车速限幅,62.0,60.056,"连续1秒允许范围 [17.000000, 60.056000] km/h"
2017-11-05 13:29:41,新增插值记录,,54.6,相邻速度 62 与 47.2 km/h 的线性中点
2017-11-05 13:29:50,新增插值记录,,58.2,相邻速度 54.5 与 61.9 km/h 的线性中点
2017-11-05 13:29:54,新增插值记录,,63.2,相邻速度 62 与 64.4 km/h 的线性中点
2017-11-05 13:30:21,车速限幅,20.8,14.456,"连续1秒允许范围 [0.000000, 14.456000] km/h"
2017-11-05 13:30:34,新增插值记录,,5.8,相邻速度 0.2 与 11.4 km/h 的线性中点
2017-11-05 13:30:52,新增插值记录,,0.0,相邻速度 0 与 0 km/h 的线性中点
2017-11-05 13:30:56,新增插值记录,,0.0,相邻速度 0 与 0 km/h 的线性中点
2017-11-05 13:31:05,新增插值记录,,0.0,相邻速度 0 与 0 km/h 的线性中点
2017-11-05 13:31:21,新增插值记录,,1.95,相邻速度 0.5 与 3.4 km/h 的线性中点
2017-11-05 13:31:36,新增插值记录,,3.3,相邻速度 3.4 与 3.2 km/h 的线性中点
2017-11-05 13:31:52,新增插值记录,,2.3499999999999996,相邻速度 2.4 与 2.3 km/h 的线性中点
2017-11-05 13:32:49,新增插值记录,,4.9,相邻速度 4.3 与 5.5 km/h 的线性中点
2017-11-05 13:32:55,新增插值记录,,2.1,相邻速度 2.5 与 1.7 km/h 的线性中点
2017-11-05 13:32:57,新增插值记录,,0.85,相邻速度 1.7 与 0 km/h 的线性中点
2017-11-05 13:33:05,新增插值记录,,7.5,相邻速度 9.6 与 5.4 km/h 的线性中点
2017-11-05 13:33:15,新增插值记录,,1.8,相邻速度 0 与 3.6 km/h 的线性中点
2017-11-05 13:33:27,新增插值记录,,5.65,相邻速度 3.4 与 7.9 km/h 的线性中点
2017-11-05 13:33:46,新增插值记录,,5.15,相邻速度 5.2 与 5.1 km/h 的线性中点
2017-11-05 13:33:49,新增插值记录,,8.1,相邻速度 6.2 与 10 km/h 的线性中点
2017-11-05 13:33:53,新增插值记录,,8.7,相邻速度 13.2 与 4.2 km/h 的线性中点
2017-11-05 13:35:17,新增插值记录,,4.6,相邻速度 0 与 9.2 km/h 的线性中点
2017-11-05 14:05:02,车速限幅,60.3,59.356,"连续1秒允许范围 [16.300000, 59.356000] km/h"
2017-11-05 14:05:13,新增插值记录,,60.6,相邻速度 61 与 60.2 km/h 的线性中点
2017-11-05 14:05:16,新增插值记录,,58.75,相邻速度 60.3 与 57.2 km/h 的线性中点
2017-11-05 14:36:23,新增插值记录,,39.65,相邻速度 39.3 与 40 km/h 的线性中点
2017-11-05 14:48:21,新增插值记录,,0.75,相邻速度 1.5 与 0 km/h 的线性中点
2017-11-05 14:49:17,新增插值记录,,0.0,相邻速度 0 与 0 km/h 的线性中点
2017-11-05 14:49:45,新增插值记录,,0.0,相邻速度 0 与 0 km/h 的线性中点
2017-11-05 14:50:12,新增插值记录,,0.0,相邻速度 0 与 0 km/h 的线性中点
2017-11-05 15:37:13,新增插值记录,,37.95,相邻速度 42.3 与 33.6 km/h 的线性中点
2017-11-05 15:37:45,车速限幅,42.3,36.456,"连续1秒允许范围 [0.000000, 36.456000] km/h"
2017-11-05 15:37:54,新增插值记录,,43.15,相邻速度 44.4 与 41.9 km/h 的线性中点
2017-11-05 15:37:57,新增插值记录,,35.05,相邻速度 39.1 与 31 km/h 的线性中点
2017-11-05 16:10:38,新增插值记录,,3.95,相邻速度 4.3 与 3.6 km/h 的线性中点
2017-11-05 16:13:55,删除长低速记录,0.0,0.0,连续低于10 km/h的记录超过180条
2017-11-05 16:13:56,删除长低速记录,0.0,0.0,连续低于10 km/h的记录超过180条
2017-11-05 16:13:57,删除长低速记录,0.0,0.0,连续低于10 km/h的记录超过180条
2017-11-05 16:13:58,删除长低速记录,0.0,0.0,连续低于10 km/h的记录超过180条
2017-11-05 16:13:59,删除长低速记录,0.0,0.0,连续低于10 km/h的记录超过180条
2017-11-05 16:14:00,删除长低速记录,0.0,0.0,连续低于10 km/h的记录超过180条
2017-11-05 16:14:01,删除长低速记录,0.0,0.0,连续低于10 km/h的记录超过180条
2017-11-05 16:14:02,删除长低速记录,0.0,0.0,连续低于10 km/h的记录超过180条
2017-11-05 16:14:03,删除长低速记录,0.0,0.0,连续低于10 km/h的记录超过180条
2017-11-05 16:14:04,删除长低速记录,0.0,0.0,连续低于10 km/h的记录超过180条
2017-11-05 16:14:05,删除长低速记录,0.0,0.0,连续低于10 km/h的记录超过180条
2017-11-05 16:14:06,删除长低速记录,0.0,0.0,连续低于10 km/h的记录超过180条
2017-11-05 16:14:07,删除长低速记录,0.0,0.0,连续低于10 km/h的记录超过180条
2017-11-05 16:14:08,删除长低速记录,0.0,0.0,连续低于10 km/h的记录超过180条
2017-11-05 16:14:09,删除长低速记录,0.0,0.0,连续低于10 km/h的记录超过180条
2017-11-05 16:14:10,删除长低速记录,0.0,0.0,连续低于10 km/h的记录超过180条
2017-11-05 16:14:11,删除长低速记录,0.0,0.0,连续低于10 km/h的记录超过180条
2017-11-05 16:14:12,删除长低速记录,0.0,0.0,连续低于10 km/h的记录超过180条
2017-11-05 16:14:13,删除长低速记录,0.0,0.0,连续低于10 km/h的记录超过180条
2017-11-05 16:14:14,删除长低速记录,0.0,0.0,连续低于10 km/h的记录超过180条
2017-11-05 16:14:15,删除长低速记录,0.0,0.0,连续低于10 km/h的记录超过180条
2017-11-05 16:14:16,删除长低速记录,0.0,0.0,连续低于10 km/h的记录超过180条
2017-11-05 16:14:17,删除长低速记录,0.0,0.0,连续低于10 km/h的记录超过180条
2017-11-05 16:14:18,删除长低速记录,0.0,0.0,连续低于10 km/h的记录超过180条
2017-11-05 16:14:19,删除长低速记录,0.0,0.0,连续低于10 km/h的记录超过180条
2017-11-05 16:14:20,删除长低速记录,0.0,0.0,连续低于10 km/h的记录超过180条
2017-11-05 16:14:21,删除长低速记录,0.0,0.0,连续低于10 km/h的记录超过180条
2017-11-05 16:14:22,删除长低速记录,0.0,0.0,连续低于10 km/h的记录超过180条
2017-11-05 16:14:23,删除长低速记录,0.0,0.0,连续低于10 km/h的记录超过180条
2017-11-05 16:14:24,删除长低速记录,0.0,0.0,连续低于10 km/h的记录超过180条
2017-11-05 16:14:25,删除长低速记录,0.0,0.0,连续低于10 km/h的记录超过180条
2017-11-05 16:14:26,删除长低速记录,0.0,0.0,连续低于10 km/h的记录超过180条
2017-11-05 16:14:27,删除长低速记录,0.0,0.0,连续低于10 km/h的记录超过180条
2017-11-05 16:14:28,删除长低速记录,0.0,0.0,连续低于10 km/h的记录超过180条
2017-11-05 16:14:29,删除长低速记录,0.0,0.0,连续低于10 km/h的记录超过180条
2017-11-05 16:14:30,删除长低速记录,0.0,0.0,连续低于10 km/h的记录超过180条
2017-11-05 16:14:31,删除长低速记录,0.0,0.0,连续低于10 km/h的记录超过180条
2017-11-05 16:14:32,删除长低速记录,0.0,0.0,连续低于10 km/h的记录超过180条
2017-11-05 16:14:33,删除长低速记录,0.0,0.0,连续低于10 km/h的记录超过180条
2017-11-05 16:14:34,删除长低速记录,0.0,0.0,连续低于10 km/h的记录超过180条
2017-11-05 16:14:35,删除长低速记录,0.0,0.0,连续低于10 km/h的记录超过180条
2017-11-05 16:14:36,删除长低速记录,0.0,0.0,连续低于10 km/h的记录超过180条
2017-11-05 16:14:37,删除长低速记录,0.0,0.0,连续低于10 km/h的记录超过180条
2017-11-05 16:14:38,删除长低速记录,0.0,0.0,连续低于10 km/h的记录超过180条
2017-11-05 16:14:39,删除长低速记录,0.0,0.0,连续低于10 km/h的记录超过180条
2017-11-05 16:14:40,删除长低速记录,0.0,0.0,连续低于10 km/h的记录超过180条
2017-11-05 16:14:41,删除长低速记录,0.0,0.0,连续低于10 km/h的记录超过180条
2017-11-05 16:14:42,删除长低速记录,0.0,0.0,连续低于10 km/h的记录超过180条
2017-11-05 16:14:43,删除长低速记录,0.0,0.0,连续低于10 km/h的记录超过180条
2017-11-05 16:14:44,删除长低速记录,0.0,0.0,连续低于10 km/h的记录超过180条
2017-11-05 16:14:45,删除长低速记录,0.0,0.0,连续低于10 km/h的记录超过180条
2017-11-05 16:14:46,删除长低速记录,0.0,0.0,连续低于10 km/h的记录超过180条
2017-11-05 16:14:47,删除长低速记录,0.0,0.0,连续低于10 km/h的记录超过180条
2017-11-05 16:14:48,删除长低速记录,0.0,0.0,连续低于10 km/h的记录超过180条
2017-11-05 16:14:49,删除长低速记录,0.0,0.0,连续低于10 km/h的记录超过180条
2017-11-05 16:14:50,删除长低速记录,0.0,0.0,连续低于10 km/h的记录超过180条
2017-11-05 16:14:51,删除长低速记录,0.0,0.0,连续低于10 km/h的记录超过180条
2017-11-05 16:14:52,删除长低速记录,2.9,2.9,连续低于10 km/h的记录超过180条
2017-11-05 16:14:53,删除长低速记录,3.0,3.0,连续低于10 km/h的记录超过180条
2017-11-05 16:14:54,删除长低速记录,4.4,4.4,连续低于10 km/h的记录超过180条
2017-11-05 16:14:55,删除长低速记录,5.5,5.5,连续低于10 km/h的记录超过180条
2017-11-05 16:14:56,删除长低速记录,8.3,8.3,连续低于10 km/h的记录超过180条
2017-11-05 16:15:58,车速限幅,14.8,14.756,"连续1秒允许范围 [0.000000, 14.756000] km/h"
2017-11-05 16:29:01,新增插值记录,,0.0,相邻速度 0 与 0 km/h 的线性中点
2017-11-05 16:29:09,新增插值记录,,1.5,相邻速度 1.5 与 1.5 km/h 的线性中点
2017-11-05 16:29:23,新增插值记录,,0.0,相邻速度 0 与 0 km/h 的线性中点
2017-11-05 16:29:29,新增插值记录,,1.45,相邻速度 1.4 与 1.5 km/h 的线性中点
2017-11-05 16:29:37,新增插值记录,,0.75,相邻速度 0 与 1.5 km/h 的线性中点
2017-11-05 16:31:17,新增插值记录,,21.35,相邻速度 22.1 与 20.6 km/h 的线性中点
2017-11-05 16:34:38,新增插值记录,,15.45,相邻速度 12.7 与 18.2 km/h 的线性中点
2017-11-05 16:43:11,新增插值记录,,12.399999999999999,相邻速度 10.7 与 14.1 km/h 的线性中点
2017-11-05 16:49:42,新增插值记录,,0.0,相邻速度 0 与 0 km/h 的线性中点
2017-11-05 16:49:58,新增插值记录,,0.0,相邻速度 0 与 0 km/h 的线性中点
2017-11-05 17:13:09,新增插值记录,,60.85,相邻速度 59 与 62.7 km/h 的线性中点
2017-11-05 17:15:52,新增插值记录,,27.5,相邻速度 26.2 与 28.8 km/h 的线性中点
2017-11-05 18:04:47,新增插值记录,,16.55,相邻速度 15.5 与 17.6 km/h 的线性中点
2017-11-05 18:08:14,新增插值记录,,11.75,相邻速度 11 与 12.5 km/h 的线性中点
2017-11-05 18:12:35,删除长低速记录,1.7,1.7,连续低于10 km/h的记录超过180条
2017-11-05 18:12:36,删除长低速记录,1.6,1.6,连续低于10 km/h的记录超过180条
2017-11-05 18:12:37,删除长低速记录,0.0,0.0,连续低于10 km/h的记录超过180条
2017-11-05 18:12:38,删除长低速记录,0.0,0.0,连续低于10 km/h的记录超过180条
2017-11-05 18:12:39,删除长低速记录,1.6,1.6,连续低于10 km/h的记录超过180条
2017-11-05 18:12:40,删除长低速记录,1.9,1.9,连续低于10 km/h的记录超过180条
2017-11-05 18:12:41,删除长低速记录,2.0,2.0,连续低于10 km/h的记录超过180条
2017-11-05 18:12:42,删除长低速记录,2.1,2.1,连续低于10 km/h的记录超过180条
2017-11-05 18:12:43,删除长低速记录,2.4,2.4,连续低于10 km/h的记录超过180条
2017-11-05 18:12:44,删除长低速记录,2.3,2.3,连续低于10 km/h的记录超过180条
2017-11-05 18:12:45,删除长低速记录,2.3,2.3,连续低于10 km/h的记录超过180条
2017-11-05 18:12:46,删除长低速记录,2.3,2.3,连续低于10 km/h的记录超过180条
2017-11-05 18:12:47,删除长低速记录,2.3,2.3,连续低于10 km/h的记录超过180条
2017-11-05 18:12:48,删除长低速记录,2.4,2.4,连续低于10 km/h的记录超过180条
2017-11-05 18:12:49,删除长低速记录,2.4,2.4,连续低于10 km/h的记录超过180条
2017-11-05 18:12:50,删除长低速记录,2.3,2.3,连续低于10 km/h的记录超过180条
2017-11-05 18:12:51,删除长低速记录,1.8,1.8,连续低于10 km/h的记录超过180条
2017-11-05 18:12:52,删除长低速记录,1.8,1.8,连续低于10 km/h的记录超过180条
2017-11-05 18:12:53,删除长低速记录,1.5,1.5,连续低于10 km/h的记录超过180条
2017-11-05 18:12:54,删除长低速记录,0.0,0.0,连续低于10 km/h的记录超过180条
2017-11-05 18:12:55,删除长低速记录,0.0,0.0,连续低于10 km/h的记录超过180条
2017-11-05 18:12:56,删除长低速记录,0.0,0.0,连续低于10 km/h的记录超过180条
2017-11-05 18:12:57,删除长低速记录,0.0,0.0,连续低于10 km/h的记录超过180条
2017-11-05 18:12:58,删除长低速记录,0.0,0.0,连续低于10 km/h的记录超过180条
2017-11-05 18:12:59,删除长低速记录,0.0,0.0,连续低于10 km/h的记录超过180条
2017-11-05 18:13:00,删除长低速记录,0.0,0.0,连续低于10 km/h的记录超过180条
2017-11-05 18:13:01,删除长低速记录,0.0,0.0,连续低于10 km/h的记录超过180条
2017-11-05 18:13:02,删除长低速记录,0.0,0.0,连续低于10 km/h的记录超过180条
2017-11-05 18:13:03,删除长低速记录,0.0,0.0,连续低于10 km/h的记录超过180条
2017-11-05 18:13:04,删除长低速记录,0.0,0.0,连续低于10 km/h的记录超过180条
2017-11-05 18:13:05,删除长低速记录,0.0,0.0,连续低于10 km/h的记录超过180条
2017-11-05 18:13:06,删除长低速记录,0.0,0.0,连续低于10 km/h的记录超过180条
2017-11-05 18:13:07,删除长低速记录,2.0,2.0,连续低于10 km/h的记录超过180条
2017-11-05 18:13:08,删除长低速记录,2.0,2.0,连续低于10 km/h的记录超过180条
2017-11-05 18:13:09,删除长低速记录,1.9,1.9,连续低于10 km/h的记录超过180条
2017-11-05 18:13:10,删除长低速记录,1.8,1.8,连续低于10 km/h的记录超过180条
2017-11-05 18:13:11,删除长低速记录,1.8,1.8,连续低于10 km/h的记录超过180条
2017-11-05 18:13:12,删除长低速记录,1.7,1.7,连续低于10 km/h的记录超过180条
2017-11-05 18:13:13,删除长低速记录,1.7,1.7,连续低于10 km/h的记录超过180条
2017-11-05 18:13:14,删除长低速记录,1.6,1.6,连续低于10 km/h的记录超过180条
2017-11-05 18:13:15,删除长低速记录,1.5,1.5,连续低于10 km/h的记录超过180条
2017-11-05 18:13:16,删除长低速记录,2.0,2.0,连续低于10 km/h的记录超过180条
2017-11-05 18:13:17,删除长低速记录,2.0,2.0,连续低于10 km/h的记录超过180条
2017-11-05 18:13:18,删除长低速记录,2.0,2.0,连续低于10 km/h的记录超过180条
2017-11-05 18:13:19,删除长低速记录,2.2,2.2,连续低于10 km/h的记录超过180条
2017-11-05 18:13:20,删除长低速记录,2.2,2.2,连续低于10 km/h的记录超过180条
2017-11-05 18:13:21,删除长低速记录,2.3,2.3,连续低于10 km/h的记录超过180条
2017-11-05 18:13:22,删除长低速记录,2.2,2.2,连续低于10 km/h的记录超过180条
2017-11-05 18:13:23,删除长低速记录,2.0,2.0,连续低于10 km/h的记录超过180条
2017-11-05 18:13:24,删除长低速记录,1.6,1.6,连续低于10 km/h的记录超过180条
2017-11-05 18:13:25,删除长低速记录,1.6,1.6,连续低于10 km/h的记录超过180条
2017-11-05 18:13:26,删除长低速记录,0.0,0.0,连续低于10 km/h的记录超过180条
2017-11-05 18:13:27,删除长低速记录,0.0,0.0,连续低于10 km/h的记录超过180条
2017-11-05 18:13:28,删除长低速记录,0.0,0.0,连续低于10 km/h的记录超过180条
2017-11-05 18:13:29,删除长低速记录,0.0,0.0,连续低于10 km/h的记录超过180条
2017-11-05 18:13:30,删除长低速记录,0.0,0.0,连续低于10 km/h的记录超过180条
2017-11-05 18:13:31,删除长低速记录,0.0,0.0,连续低于10 km/h的记录超过180条
2017-11-05 18:13:32,删除长低速记录,0.0,0.0,连续低于10 km/h的记录超过180条
2017-11-05 18:13:33,删除长低速记录,0.0,0.0,连续低于10 km/h的记录超过180条
2017-11-05 18:13:34,删除长低速记录,0.0,0.0,连续低于10 km/h的记录超过180条
2017-11-05 18:13:35,删除长低速记录,1.9,1.9,连续低于10 km/h的记录超过180条
2017-11-05 18:13:36,删除长低速记录,2.0,2.0,连续低于10 km/h的记录超过180条
2017-11-05 18:13:37,删除长低速记录,2.0,2.0,连续低于10 km/h的记录超过180条
2017-11-05 18:13:38,删除长低速记录,2.0,2.0,连续低于10 km/h的记录超过180条
2017-11-05 18:13:39,删除长低速记录,2.0,2.0,连续低于10 km/h的记录超过180条
2017-11-05 18:13:40,删除长低速记录,2.0,2.0,连续低于10 km/h的记录超过180条
2017-11-05 18:13:41,删除长低速记录,2.0,2.0,连续低于10 km/h的记录超过180条
2017-11-05 18:13:42,删除长低速记录,2.0,2.0,连续低于10 km/h的记录超过180条
2017-11-05 18:13:43,删除长低速记录,2.0,2.0,连续低于10 km/h的记录超过180条
2017-11-05 18:13:44,删除长低速记录,1.9,1.9,连续低于10 km/h的记录超过180条
2017-11-05 18:13:45,删除长低速记录,2.0,2.0,连续低于10 km/h的记录超过180条
2017-11-05 18:13:46,删除长低速记录,2.4,2.4,连续低于10 km/h的记录超过180条
2017-11-05 18:13:47,删除长低速记录,2.5,2.5,连续低于10 km/h的记录超过180条
2017-11-05 18:13:48,删除长低速记录,2.6,2.6,连续低于10 km/h的记录超过180条
2017-11-05 18:13:49,删除长低速记录,3.3,3.3,连续低于10 km/h的记录超过180条
2017-11-05 18:13:50,删除长低速记录,4.5,4.5,连续低于10 km/h的记录超过180条
2017-11-05 18:13:51,删除长低速记录,5.0,5.0,连续低于10 km/h的记录超过180条
2017-11-05 18:13:52,删除长低速记录,8.1,8.1,连续低于10 km/h的记录超过180条
2017-11-05 18:13:53,删除长低速记录,9.5,9.5,连续低于10 km/h的记录超过180条
2017-11-05 18:19:43,删除长低速记录,1.5,1.5,连续低于10 km/h的记录超过180条
2017-11-05 18:19:44,删除长低速记录,2.3,2.3,连续低于10 km/h的记录超过180条
2017-11-05 18:19:45,删除长低速记录,3.3,3.3,连续低于10 km/h的记录超过180条
2017-11-05 18:19:46,删除长低速记录,2.8,2.8,连续低于10 km/h的记录超过180条
2017-11-05 18:19:47,删除长低速记录,0.0,0.0,连续低于10 km/h的记录超过180条
2017-11-05 18:19:48,删除长低速记录,0.0,0.0,连续低于10 km/h的记录超过180条
2017-11-05 18:19:49,删除长低速记录,0.0,0.0,连续低于10 km/h的记录超过180条
2017-11-05 18:19:50,删除长低速记录,2.8,2.8,连续低于10 km/h的记录超过180条
2017-11-05 18:19:51,删除长低速记录,3.7,3.7,连续低于10 km/h的记录超过180条
2017-11-05 18:19:52,删除长低速记录,5.4,5.4,连续低于10 km/h的记录超过180条
2017-11-05 18:19:53,删除长低速记录,9.5,9.5,连续低于10 km/h的记录超过180条
2017-11-05 18:21:01,车速限幅,15.7,14.256,"连续1秒允许范围 [0.000000, 14.256000] km/h"
2017-11-05 18:27:17,新增插值记录,,29.0,相邻速度 30.4 与 27.6 km/h 的线性中点
2017-11-05 18:27:21,新增插值记录,,30.25,相邻速度 28.7 与 31.8 km/h 的线性中点
2017-11-05 18:27:23,新增插值记录,,33.05,相邻速度 31.8 与 34.3 km/h 的线性中点
2017-11-05 18:27:52,新增插值记录,,56.4,相邻速度 55.9 与 56.9 km/h 的线性中点
2017-11-05 18:27:55,车速限幅,56.9,44.556,"连续1秒允许范围 [1.500000, 44.556000] km/h"
2017-11-05 18:28:06,新增插值记录,,48.8,相邻速度 49.8 与 47.8 km/h 的线性中点
2017-11-05 18:28:24,新增插值记录,,55.099999999999994,相邻速度 53.9 与 56.3 km/h 的线性中点
2017-11-05 18:28:29,新增插值记录,,56.650000000000006,相邻速度 56.2 与 57.1 km/h 的线性中点
2017-11-05 18:43:25,新增插值记录,,0.0,相邻速度 0 与 0 km/h 的线性中点
2017-11-05 19:06:11,车速限幅,16.0,14.256,"连续1秒允许范围 [0.000000, 14.256000] km/h"
2017-11-05 19:08:20,新增插值记录,,41.4,相邻速度 41.4 与 41.4 km/h 的线性中点
2017-11-05 19:08:24,新增插值记录,,41.4,相邻速度 41.4 与 41.4 km/h 的线性中点
2017-11-05 19:08:28,车速限幅,41.4,36.556,"连续1秒允许范围 [0.000000, 36.556000] km/h"
2017-11-05 19:12:01,新增插值记录,,22.1,相邻速度 22.4 与 21.8 km/h 的线性中点
2017-11-05 19:13:00,新增插值记录,,0.7,相邻速度 0 与 1.4 km/h 的线性中点
2017-11-05 19:35:39,删除长低速记录,0.0,0.0,连续低于10 km/h的记录超过180条
2017-11-05 19:35:40,删除长低速记录,0.0,0.0,连续低于10 km/h的记录超过180条
2017-11-05 19:35:41,删除长低速记录,0.0,0.0,连续低于10 km/h的记录超过180条
2017-11-05 19:35:42,删除长低速记录,0.0,0.0,连续低于10 km/h的记录超过180条
2017-11-05 19:35:43,删除长低速记录,0.0,0.0,连续低于10 km/h的记录超过180条
2017-11-05 19:35:44,删除长低速记录,0.0,0.0,连续低于10 km/h的记录超过180条
2017-11-05 19:35:45,删除长低速记录,0.0,0.0,连续低于10 km/h的记录超过180条
2017-11-05 19:35:46,删除长低速记录,0.0,0.0,连续低于10 km/h的记录超过180条
2017-11-05 19:35:47,删除长低速记录,0.0,0.0,连续低于10 km/h的记录超过180条
2017-11-05 19:35:48,删除长低速记录,0.0,0.0,连续低于10 km/h的记录超过180条
2017-11-05 19:35:49,删除长低速记录,0.0,0.0,连续低于10 km/h的记录超过180条
2017-11-05 19:35:50,删除长低速记录,0.0,0.0,连续低于10 km/h的记录超过180条
2017-11-05 19:35:51,删除长低速记录,0.0,0.0,连续低于10 km/h的记录超过180条
2017-11-05 19:35:52,删除长低速记录,0.0,0.0,连续低于10 km/h的记录超过180条
2017-11-05 19:35:53,删除长低速记录,0.0,0.0,连续低于10 km/h的记录超过180条
2017-11-05 19:35:54,删除长低速记录,0.0,0.0,连续低于10 km/h的记录超过180条
2017-11-05 19:35:55,删除长低速记录,0.0,0.0,连续低于10 km/h的记录超过180条
2017-11-05 19:35:56,删除长低速记录,0.0,0.0,连续低于10 km/h的记录超过180条
2017-11-05 19:35:57,删除长低速记录,0.0,0.0,连续低于10 km/h的记录超过180条
2017-11-05 19:35:58,删除长低速记录,0.0,0.0,连续低于10 km/h的记录超过180条
2017-11-05 19:35:59,删除长低速记录,0.0,0.0,连续低于10 km/h的记录超过180条
2017-11-05 19:36:00,删除长低速记录,0.0,0.0,连续低于10 km/h的记录超过180条
2017-11-05 19:36:01,删除长低速记录,0.0,0.0,连续低于10 km/h的记录超过180条
2017-11-05 19:36:02,删除长低速记录,0.0,0.0,连续低于10 km/h的记录超过180条
2017-11-05 19:36:03,删除长低速记录,0.0,0.0,连续低于10 km/h的记录超过180条
2017-11-05 19:36:04,删除长低速记录,0.0,0.0,连续低于10 km/h的记录超过180条
2017-11-05 19:36:05,删除长低速记录,0.0,0.0,连续低于10 km/h的记录超过180条
2017-11-05 19:36:06,删除长低速记录,0.0,0.0,连续低于10 km/h的记录超过180条
2017-11-05 19:36:07,删除长低速记录,0.0,0.0,连续低于10 km/h的记录超过180条
2017-11-05 19:36:08,删除长低速记录,0.0,0.0,连续低于10 km/h的记录超过180条
2017-11-05 19:36:09,删除长低速记录,0.0,0.0,连续低于10 km/h的记录超过180条
2017-11-05 19:36:10,删除长低速记录,0.0,0.0,连续低于10 km/h的记录超过180条
2017-11-05 19:36:11,删除长低速记录,0.0,0.0,连续低于10 km/h的记录超过180条
2017-11-05 19:36:12,删除长低速记录,0.0,0.0,连续低于10 km/h的记录超过180条
2017-11-05 19:36:13,删除长低速记录,0.0,0.0,连续低于10 km/h的记录超过180条
2017-11-05 19:36:14,删除长低速记录,0.0,0.0,连续低于10 km/h的记录超过180条
2017-11-05 19:36:15,删除长低速记录,0.0,0.0,连续低于10 km/h的记录超过180条
2017-11-05 19:36:16,删除长低速记录,0.0,0.0,连续低于10 km/h的记录超过180条
2017-11-05 19:36:17,删除长低速记录,0.0,0.0,连续低于10 km/h的记录超过180条
2017-11-05 19:36:18,删除长低速记录,0.0,0.0,连续低于10 km/h的记录超过180条
2017-11-05 19:36:19,删除长低速记录,0.0,0.0,连续低于10 km/h的记录超过180条
2017-11-05 19:36:20,删除长低速记录,0.0,0.0,连续低于10 km/h的记录超过180条
2017-11-05 19:36:21,删除长低速记录,0.0,0.0,连续低于10 km/h的记录超过180条
2017-11-05 19:36:22,删除长低速记录,0.0,0.0,连续低于10 km/h的记录超过180条
2017-11-05 19:36:23,删除长低速记录,0.0,0.0,连续低于10 km/h的记录超过180条
2017-11-05 19:36:24,删除长低速记录,0.0,0.0,连续低于10 km/h的记录超过180条
2017-11-05 19:36:25,删除长低速记录,0.0,0.0,连续低于10 km/h的记录超过180条
2017-11-05 19:36:26,删除长低速记录,0.0,0.0,连续低于10 km/h的记录超过180条
2017-11-05 19:36:27,删除长低速记录,0.0,0.0,连续低于10 km/h的记录超过180条
2017-11-05 19:36:28,删除长低速记录,0.0,0.0,连续低于10 km/h的记录超过180条
2017-11-05 19:36:29,删除长低速记录,0.0,0.0,连续低于10 km/h的记录超过180条
2017-11-05 19:36:30,删除长低速记录,0.0,0.0,连续低于10 km/h的记录超过180条
2017-11-05 19:36:31,删除长低速记录,0.0,0.0,连续低于10 km/h的记录超过180条
2017-11-05 19:36:32,删除长低速记录,0.0,0.0,连续低于10 km/h的记录超过180条
2017-11-05 19:36:33,删除长低速记录,0.0,0.0,连续低于10 km/h的记录超过180条
2017-11-05 19:36:34,删除长低速记录,0.0,0.0,连续低于10 km/h的记录超过180条
2017-11-05 19:36:35,删除长低速记录,0.0,0.0,连续低于10 km/h的记录超过180条
2017-11-05 19:36:36,删除长低速记录,0.0,0.0,连续低于10 km/h的记录超过180条
2017-11-05 19:36:37,删除长低速记录,0.0,0.0,连续低于10 km/h的记录超过180条
2017-11-05 19:36:38,删除长低速记录,0.0,0.0,连续低于10 km/h的记录超过180条
2017-11-05 19:36:39,删除长低速记录,0.0,0.0,连续低于10 km/h的记录超过180条
2017-11-05 19:36:40,删除长低速记录,0.0,0.0,连续低于10 km/h的记录超过180条
2017-11-05 19:36:41,删除长低速记录,0.0,0.0,连续低于10 km/h的记录超过180条
2017-11-05 19:36:42,删除长低速记录,0.0,0.0,连续低于10 km/h的记录超过180条
2017-11-05 19:36:43,删除长低速记录,0.0,0.0,连续低于10 km/h的记录超过180条
2017-11-05 19:36:44,删除长低速记录,0.0,0.0,连续低于10 km/h的记录超过180条
2017-11-05 19:36:45,删除长低速记录,0.0,0.0,连续低于10 km/h的记录超过180条
2017-11-05 19:36:46,删除长低速记录,0.0,0.0,连续低于10 km/h的记录超过180条
2017-11-05 19:36:47,删除长低速记录,0.0,0.0,连续低于10 km/h的记录超过180条
2017-11-05 19:36:48,删除长低速记录,0.0,0.0,连续低于10 km/h的记录超过180条
2017-11-05 19:36:49,删除长低速记录,0.0,0.0,连续低于10 km/h的记录超过180条
2017-11-05 19:36:50,删除长低速记录,0.0,0.0,连续低于10 km/h的记录超过180条
2017-11-05 19:36:51,删除长低速记录,0.0,0.0,连续低于10 km/h的记录超过180条
2017-11-05 19:36:52,删除长低速记录,0.0,0.0,连续低于10 km/h的记录超过180条
2017-11-05 19:36:53,删除长低速记录,0.0,0.0,连续低于10 km/h的记录超过180条
2017-11-05 19:36:54,删除长低速记录,0.0,0.0,连续低于10 km/h的记录超过180条
2017-11-05 19:36:55,删除长低速记录,0.0,0.0,连续低于10 km/h的记录超过180条
2017-11-05 19:36:56,删除长低速记录,0.0,0.0,连续低于10 km/h的记录超过180条
2017-11-05 19:36:57,删除长低速记录,0.0,0.0,连续低于10 km/h的记录超过180条
2017-11-05 19:36:58,删除长低速记录,0.0,0.0,连续低于10 km/h的记录超过180条
2017-11-05 19:36:59,删除长低速记录,0.0,0.0,连续低于10 km/h的记录超过180条
2017-11-05 19:37:00,删除长低速记录,0.0,0.0,连续低于10 km/h的记录超过180条
2017-11-05 19:37:01,删除长低速记录,0.0,0.0,连续低于10 km/h的记录超过180条
2017-11-05 19:37:02,删除长低速记录,0.0,0.0,连续低于10 km/h的记录超过180条
2017-11-05 19:37:03,删除长低速记录,0.0,0.0,连续低于10 km/h的记录超过180条
2017-11-05 19:37:04,删除长低速记录,0.0,0.0,连续低于10 km/h的记录超过180条
2017-11-05 19:37:05,删除长低速记录,0.0,0.0,连续低于10 km/h的记录超过180条
2017-11-05 19:37:06,删除长低速记录,0.0,0.0,连续低于10 km/h的记录超过180条
2017-11-05 19:37:07,删除长低速记录,0.0,0.0,连续低于10 km/h的记录超过180条
2017-11-05 19:37:08,删除长低速记录,0.0,0.0,连续低于10 km/h的记录超过180条
2017-11-05 19:37:09,删除长低速记录,0.0,0.0,连续低于10 km/h的记录超过180条
2017-11-05 19:37:10,删除长低速记录,0.0,0.0,连续低于10 km/h的记录超过180条
2017-11-05 19:37:11,删除长低速记录,0.0,0.0,连续低于10 km/h的记录超过180条
2017-11-05 19:37:12,删除长低速记录,0.0,0.0,连续低于10 km/h的记录超过180条
2017-11-05 19:37:13,删除长低速记录,0.0,0.0,连续低于10 km/h的记录超过180条
2017-11-05 19:37:14,删除长低速记录,0.0,0.0,连续低于10 km/h的记录超过180条
2017-11-05 19:37:15,删除长低速记录,0.0,0.0,连续低于10 km/h的记录超过180条
2017-11-05 19:37:16,删除长低速记录,0.0,0.0,连续低于10 km/h的记录超过180条
2017-11-05 19:37:17,删除长低速记录,0.0,0.0,连续低于10 km/h的记录超过180条
2017-11-05 19:37:18,删除长低速记录,0.0,0.0,连续低于10 km/h的记录超过180条
2017-11-05 19:37:19,删除长低速记录,0.0,0.0,连续低于10 km/h的记录超过180条
2017-11-05 19:37:20,删除长低速记录,0.0,0.0,连续低于10 km/h的记录超过180条
2017-11-05 19:37:21,删除长低速记录,0.0,0.0,连续低于10 km/h的记录超过180条
2017-11-05 19:37:22,删除长低速记录,0.0,0.0,连续低于10 km/h的记录超过180条
2017-11-05 19:37:23,删除长低速记录,0.0,0.0,连续低于10 km/h的记录超过180条
2017-11-05 19:37:24,删除长低速记录,0.0,0.0,连续低于10 km/h的记录超过180条
2017-11-05 19:37:25,删除长低速记录,0.0,0.0,连续低于10 km/h的记录超过180条
2017-11-05 19:37:26,删除长低速记录,0.0,0.0,连续低于10 km/h的记录超过180条
2017-11-05 19:37:27,删除长低速记录,0.0,0.0,连续低于10 km/h的记录超过180条
2017-11-05 19:37:28,删除长低速记录,0.0,0.0,连续低于10 km/h的记录超过180条
2017-11-05 19:37:29,删除长低速记录,0.0,0.0,连续低于10 km/h的记录超过180条
2017-11-05 19:37:30,删除长低速记录,0.0,0.0,连续低于10 km/h的记录超过180条
2017-11-05 19:37:31,删除长低速记录,0.0,0.0,连续低于10 km/h的记录超过180条
2017-11-05 19:37:32,删除长低速记录,0.0,0.0,连续低于10 km/h的记录超过180条
2017-11-05 19:37:33,删除长低速记录,0.0,0.0,连续低于10 km/h的记录超过180条
2017-11-05 19:37:34,删除长低速记录,0.0,0.0,连续低于10 km/h的记录超过180条
2017-11-05 19:37:35,删除长低速记录,0.0,0.0,连续低于10 km/h的记录超过180条
2017-11-05 19:37:36,删除长低速记录,0.0,0.0,连续低于10 km/h的记录超过180条
2017-11-05 19:37:37,删除长低速记录,0.0,0.0,连续低于10 km/h的记录超过180条
2017-11-05 19:37:38,删除长低速记录,0.0,0.0,连续低于10 km/h的记录超过180条
2017-11-05 19:37:39,删除长低速记录,0.0,0.0,连续低于10 km/h的记录超过180条
2017-11-05 19:37:40,删除长低速记录,0.0,0.0,连续低于10 km/h的记录超过180条
2017-11-05 19:37:41,删除长低速记录,0.0,0.0,连续低于10 km/h的记录超过180条
2017-11-05 19:37:42,删除长低速记录,0.0,0.0,连续低于10 km/h的记录超过180条
2017-11-05 19:37:43,删除长低速记录,0.0,0.0,连续低于10 km/h的记录超过180条
2017-11-05 19:37:44,删除长低速记录,0.0,0.0,连续低于10 km/h的记录超过180条
2017-11-05 19:37:45,删除长低速记录,0.0,0.0,连续低于10 km/h的记录超过180条
2017-11-05 19:37:46,删除长低速记录,0.0,0.0,连续低于10 km/h的记录超过180条
2017-11-05 19:37:47,删除长低速记录,0.0,0.0,连续低于10 km/h的记录超过180条
2017-11-05 19:37:48,删除长低速记录,0.0,0.0,连续低于10 km/h的记录超过180条
2017-11-05 19:37:49,删除长低速记录,0.0,0.0,连续低于10 km/h的记录超过180条
2017-11-05 19:37:50,删除长低速记录,0.0,0.0,连续低于10 km/h的记录超过180条
2017-11-05 19:37:51,删除长低速记录,0.0,0.0,连续低于10 km/h的记录超过180条
2017-11-05 19:37:52,删除长低速记录,0.0,0.0,连续低于10 km/h的记录超过180条
2017-11-05 19:37:53,删除长低速记录,0.0,0.0,连续低于10 km/h的记录超过180条
2017-11-05 19:37:54,删除长低速记录,0.0,0.0,连续低于10 km/h的记录超过180条
2017-11-05 19:37:55,删除长低速记录,0.0,0.0,连续低于10 km/h的记录超过180条
2017-11-05 19:37:56,删除长低速记录,0.0,0.0,连续低于10 km/h的记录超过180条
2017-11-05 19:37:57,删除长低速记录,0.0,0.0,连续低于10 km/h的记录超过180条
2017-11-05 19:37:58,删除长低速记录,0.0,0.0,连续低于10 km/h的记录超过180条
2017-11-05 19:37:59,删除长低速记录,0.0,0.0,连续低于10 km/h的记录超过180条
2017-11-05 19:38:00,删除长低速记录,0.0,0.0,连续低于10 km/h的记录超过180条
2017-11-05 19:38:01,删除长低速记录,0.0,0.0,连续低于10 km/h的记录超过180条
2017-11-05 19:38:02,删除长低速记录,0.0,0.0,连续低于10 km/h的记录超过180条
2017-11-05 19:38:03,删除长低速记录,0.0,0.0,连续低于10 km/h的记录超过180条
2017-11-05 19:38:04,删除长低速记录,0.0,0.0,连续低于10 km/h的记录超过180条
2017-11-05 19:38:05,删除长低速记录,0.0,0.0,连续低于10 km/h的记录超过180条
2017-11-05 19:38:06,删除长低速记录,0.0,0.0,连续低于10 km/h的记录超过180条
2017-11-05 19:38:07,删除长低速记录,0.0,0.0,连续低于10 km/h的记录超过180条
2017-11-05 19:38:08,删除长低速记录,0.0,0.0,连续低于10 km/h的记录超过180条
2017-11-05 19:38:09,删除长低速记录,0.0,0.0,连续低于10 km/h的记录超过180条
2017-11-05 19:38:10,删除长低速记录,0.0,0.0,连续低于10 km/h的记录超过180条
2017-11-05 19:38:11,删除长低速记录,0.0,0.0,连续低于10 km/h的记录超过180条
2017-11-05 19:38:12,删除长低速记录,0.0,0.0,连续低于10 km/h的记录超过180条
2017-11-05 19:38:13,删除长低速记录,0.0,0.0,连续低于10 km/h的记录超过180条
2017-11-05 19:38:14,删除长低速记录,0.0,0.0,连续低于10 km/h的记录超过180条
2017-11-05 19:38:15,删除长低速记录,0.0,0.0,连续低于10 km/h的记录超过180条
2017-11-05 19:38:16,删除长低速记录,0.0,0.0,连续低于10 km/h的记录超过180条
2017-11-05 19:38:17,删除长低速记录,0.0,0.0,连续低于10 km/h的记录超过180条
2017-11-05 19:38:18,删除长低速记录,0.0,0.0,连续低于10 km/h的记录超过180条
2017-11-05 19:38:19,删除长低速记录,0.0,0.0,连续低于10 km/h的记录超过180条
2017-11-05 19:38:20,删除长低速记录,0.0,0.0,连续低于10 km/h的记录超过180条
2017-11-05 19:38:21,删除长低速记录,0.0,0.0,连续低于10 km/h的记录超过180条
2017-11-05 19:38:22,删除长低速记录,0.0,0.0,连续低于10 km/h的记录超过180条
2017-11-05 19:38:23,删除长低速记录,0.0,0.0,连续低于10 km/h的记录超过180条
2017-11-05 19:38:24,删除长低速记录,0.0,0.0,连续低于10 km/h的记录超过180条
2017-11-05 19:38:25,删除长低速记录,0.0,0.0,连续低于10 km/h的记录超过180条
2017-11-05 19:38:26,删除长低速记录,0.0,0.0,连续低于10 km/h的记录超过180条
2017-11-05 19:38:27,删除长低速记录,0.0,0.0,连续低于10 km/h的记录超过180条
2017-11-05 19:38:28,删除长低速记录,0.0,0.0,连续低于10 km/h的记录超过180条
2017-11-05 19:38:29,删除长低速记录,0.0,0.0,连续低于10 km/h的记录超过180条
2017-11-05 19:38:30,删除长低速记录,0.0,0.0,连续低于10 km/h的记录超过180条
2017-11-05 19:38:31,删除长低速记录,0.0,0.0,连续低于10 km/h的记录超过180条
2017-11-05 19:38:32,删除长低速记录,0.0,0.0,连续低于10 km/h的记录超过180条
2017-11-05 19:38:33,删除长低速记录,0.0,0.0,连续低于10 km/h的记录超过180条
2017-11-05 19:38:34,删除长低速记录,0.0,0.0,连续低于10 km/h的记录超过180条
2017-11-05 19:38:35,删除长低速记录,0.0,0.0,连续低于10 km/h的记录超过180条
2017-11-05 19:38:36,删除长低速记录,0.0,0.0,连续低于10 km/h的记录超过180条
2017-11-05 19:38:37,删除长低速记录,0.0,0.0,连续低于10 km/h的记录超过180条
2017-11-05 19:38:38,删除长低速记录,0.0,0.0,连续低于10 km/h的记录超过180条
2017-11-05 19:38:39,删除长低速记录,0.0,0.0,连续低于10 km/h的记录超过180条
2017-11-05 19:38:40,删除长低速记录,0.0,0.0,连续低于10 km/h的记录超过180条
2017-11-05 19:38:41,删除长低速记录,1.8,1.8,连续低于10 km/h的记录超过180条
2017-11-05 19:38:42,删除长低速记录,2.0,2.0,连续低于10 km/h的记录超过180条
2017-11-05 19:38:43,删除长低速记录,2.1,2.1,连续低于10 km/h的记录超过180条
2017-11-05 19:38:44,删除长低速记录,2.0,2.0,连续低于10 km/h的记录超过180条
2017-11-05 19:38:45,删除长低速记录,1.6,1.6,连续低于10 km/h的记录超过180条
2017-11-05 19:38:46,删除长低速记录,0.0,0.0,连续低于10 km/h的记录超过180条
2017-11-05 19:38:47,删除长低速记录,0.0,0.0,连续低于10 km/h的记录超过180条
2017-11-05 19:38:48,删除长低速记录,0.0,0.0,连续低于10 km/h的记录超过180条
2017-11-05 19:38:49,删除长低速记录,1.5,1.5,连续低于10 km/h的记录超过180条
2017-11-05 19:38:50,删除长低速记录,1.5,1.5,连续低于10 km/h的记录超过180条
2017-11-05 19:38:51,删除长低速记录,1.5,1.5,连续低于10 km/h的记录超过180条
2017-11-05 19:38:52,删除长低速记录,0.0,0.0,连续低于10 km/h的记录超过180条
2017-11-05 19:38:53,删除长低速记录,0.0,0.0,连续低于10 km/h的记录超过180条
2017-11-05 19:38:54,删除长低速记录,0.0,0.0,连续低于10 km/h的记录超过180条
2017-11-05 19:38:55,删除长低速记录,0.0,0.0,连续低于10 km/h的记录超过180条
2017-11-05 19:38:56,删除长低速记录,0.0,0.0,连续低于10 km/h的记录超过180条
2017-11-05 19:38:57,删除长低速记录,0.0,0.0,连续低于10 km/h的记录超过180条
2017-11-05 19:38:58,删除长低速记录,0.0,0.0,连续低于10 km/h的记录超过180条
2017-11-05 19:38:59,删除长低速记录,1.5,1.5,连续低于10 km/h的记录超过180条
2017-11-05 19:39:00,删除长低速记录,0.0,0.0,连续低于10 km/h的记录超过180条
2017-11-05 19:39:01,删除长低速记录,0.0,0.0,连续低于10 km/h的记录超过180条
2017-11-05 19:39:02,删除长低速记录,0.0,0.0,连续低于10 km/h的记录超过180条
2017-11-05 19:39:03,删除长低速记录,2.7,2.7,连续低于10 km/h的记录超过180条
2017-11-05 19:39:04,删除长低速记录,3.3,3.3,连续低于10 km/h的记录超过180条
2017-11-05 19:39:05,删除长低速记录,3.4,3.4,连续低于10 km/h的记录超过180条
2017-11-05 19:39:06,删除长低速记录,6.1,6.1,连续低于10 km/h的记录超过180条
2017-11-05 19:39:07,删除长低速记录,8.9,8.9,连续低于10 km/h的记录超过180条
2017-11-05 20:10:08,新增插值记录,,31.799999999999997,相邻速度 31.9 与 31.7 km/h 的线性中点
2017-11-05 20:15:25,删除长低速记录,0.0,0.0,连续低于10 km/h的记录超过180条
2017-11-05 20:15:26,删除长低速记录,0.0,0.0,连续低于10 km/h的记录超过180条
2017-11-05 20:15:27,删除长低速记录,0.0,0.0,连续低于10 km/h的记录超过180条
2017-11-05 20:15:28,删除长低速记录,0.0,0.0,连续低于10 km/h的记录超过180条
2017-11-05 20:15:29,删除长低速记录,0.0,0.0,连续低于10 km/h的记录超过180条
2017-11-05 20:15:30,删除长低速记录,0.0,0.0,连续低于10 km/h的记录超过180条
2017-11-05 20:15:31,删除长低速记录,0.0,0.0,连续低于10 km/h的记录超过180条
2017-11-05 20:15:32,删除长低速记录,0.0,0.0,连续低于10 km/h的记录超过180条
2017-11-05 20:15:33,删除长低速记录,0.0,0.0,连续低于10 km/h的记录超过180条
2017-11-05 20:15:34,删除长低速记录,0.0,0.0,连续低于10 km/h的记录超过180条
2017-11-05 20:15:35,删除长低速记录,0.0,0.0,连续低于10 km/h的记录超过180条
2017-11-05 20:15:36,删除长低速记录,0.0,0.0,连续低于10 km/h的记录超过180条
2017-11-05 20:15:37,删除长低速记录,0.0,0.0,连续低于10 km/h的记录超过180条
2017-11-05 20:15:38,删除长低速记录,0.0,0.0,连续低于10 km/h的记录超过180条
2017-11-05 20:15:39,删除长低速记录,0.0,0.0,连续低于10 km/h的记录超过180条
2017-11-05 20:15:40,删除长低速记录,0.0,0.0,连续低于10 km/h的记录超过180条
2017-11-05 20:15:41,删除长低速记录,0.0,0.0,连续低于10 km/h的记录超过180条
2017-11-05 20:15:42,删除长低速记录,0.0,0.0,连续低于10 km/h的记录超过180条
2017-11-05 20:15:43,删除长低速记录,0.0,0.0,连续低于10 km/h的记录超过180条
2017-11-05 20:15:44,删除长低速记录,0.0,0.0,连续低于10 km/h的记录超过180条
2017-11-05 20:15:45,删除长低速记录,0.0,0.0,连续低于10 km/h的记录超过180条
2017-11-05 20:15:46,删除长低速记录,0.0,0.0,连续低于10 km/h的记录超过180条
2017-11-05 20:15:47,删除长低速记录,0.0,0.0,连续低于10 km/h的记录超过180条
2017-11-05 20:15:48,删除长低速记录,0.0,0.0,连续低于10 km/h的记录超过180条
2017-11-05 20:15:49,删除长低速记录,0.0,0.0,连续低于10 km/h的记录超过180条
2017-11-05 20:15:50,删除长低速记录,0.0,0.0,连续低于10 km/h的记录超过180条
2017-11-05 20:15:51,删除长低速记录,0.0,0.0,连续低于10 km/h的记录超过180条
2017-11-05 20:15:52,删除长低速记录,0.0,0.0,连续低于10 km/h的记录超过180条
2017-11-05 20:15:53,删除长低速记录,0.0,0.0,连续低于10 km/h的记录超过180条
2017-11-05 20:15:54,删除长低速记录,0.0,0.0,连续低于10 km/h的记录超过180条
2017-11-05 20:15:55,删除长低速记录,0.0,0.0,连续低于10 km/h的记录超过180条
2017-11-05 20:15:56,删除长低速记录,0.0,0.0,连续低于10 km/h的记录超过180条
2017-11-05 20:15:57,删除长低速记录,0.0,0.0,连续低于10 km/h的记录超过180条
2017-11-05 20:15:58,删除长低速记录,0.0,0.0,连续低于10 km/h的记录超过180条
2017-11-05 20:15:59,删除长低速记录,0.0,0.0,连续低于10 km/h的记录超过180条
2017-11-05 20:16:00,删除长低速记录,0.0,0.0,连续低于10 km/h的记录超过180条
2017-11-05 20:16:01,删除长低速记录,0.0,0.0,连续低于10 km/h的记录超过180条
2017-11-05 20:16:02,删除长低速记录,0.0,0.0,连续低于10 km/h的记录超过180条
2017-11-05 20:16:03,删除长低速记录,0.0,0.0,连续低于10 km/h的记录超过180条
2017-11-05 20:16:04,删除长低速记录,0.0,0.0,连续低于10 km/h的记录超过180条
2017-11-05 20:16:05,删除长低速记录,0.0,0.0,连续低于10 km/h的记录超过180条
2017-11-05 20:16:06,删除长低速记录,0.0,0.0,连续低于10 km/h的记录超过180条
2017-11-05 20:16:07,删除长低速记录,0.0,0.0,连续低于10 km/h的记录超过180条
2017-11-05 20:16:08,删除长低速记录,0.0,0.0,连续低于10 km/h的记录超过180条
2017-11-05 20:16:09,删除长低速记录,0.0,0.0,连续低于10 km/h的记录超过180条
2017-11-05 20:16:10,删除长低速记录,0.0,0.0,连续低于10 km/h的记录超过180条
2017-11-05 20:16:11,删除长低速记录,0.0,0.0,连续低于10 km/h的记录超过180条
2017-11-05 20:16:12,删除长低速记录,0.0,0.0,连续低于10 km/h的记录超过180条
2017-11-05 20:16:13,删除长低速记录,0.0,0.0,连续低于10 km/h的记录超过180条
2017-11-05 20:16:14,删除长低速记录,0.0,0.0,连续低于10 km/h的记录超过180条
2017-11-05 20:16:15,删除长低速记录,0.0,0.0,连续低于10 km/h的记录超过180条
2017-11-05 20:16:16,删除长低速记录,0.0,0.0,连续低于10 km/h的记录超过180条
2017-11-05 20:19:50,新增插值记录,,52.8,相邻速度 52.8 与 52.8 km/h 的线性中点
2017-11-05 20:20:11,车速限幅,52.8,49.056,"连续1秒允许范围 [6.000000, 49.056000] km/h"
2017-11-05 20:32:08,删除长低速记录,0.0,0.0,连续低于10 km/h的记录超过180条
2017-11-05 20:32:09,删除长低速记录,0.0,0.0,连续低于10 km/h的记录超过180条
2017-11-05 20:32:10,删除长低速记录,0.0,0.0,连续低于10 km/h的记录超过180条
2017-11-05 20:32:11,删除长低速记录,0.0,0.0,连续低于10 km/h的记录超过180条
2017-11-05 20:32:12,删除长低速记录,0.0,0.0,连续低于10 km/h的记录超过180条
2017-11-05 20:32:13,删除长低速记录,0.0,0.0,连续低于10 km/h的记录超过180条
2017-11-05 20:32:14,删除长低速记录,0.0,0.0,连续低于10 km/h的记录超过180条
2017-11-05 20:32:15,删除长低速记录,0.0,0.0,连续低于10 km/h的记录超过180条
2017-11-05 20:32:16,删除长低速记录,0.0,0.0,连续低于10 km/h的记录超过180条
2017-11-05 20:32:17,删除长低速记录,0.0,0.0,连续低于10 km/h的记录超过180条
2017-11-05 20:32:18,删除长低速记录,0.0,0.0,连续低于10 km/h的记录超过180条
2017-11-05 20:32:19,删除长低速记录,0.0,0.0,连续低于10 km/h的记录超过180条
2017-11-05 20:32:20,删除长低速记录,0.0,0.0,连续低于10 km/h的记录超过180条
2017-11-05 20:32:21,删除长低速记录,0.0,0.0,连续低于10 km/h的记录超过180条
2017-11-05 20:32:22,删除长低速记录,0.0,0.0,连续低于10 km/h的记录超过180条
2017-11-05 20:32:23,删除长低速记录,0.0,0.0,连续低于10 km/h的记录超过180条
2017-11-05 20:32:24,删除长低速记录,0.0,0.0,连续低于10 km/h的记录超过180条
2017-11-05 20:32:25,删除长低速记录,0.0,0.0,连续低于10 km/h的记录超过180条
2017-11-05 20:32:26,删除长低速记录,0.0,0.0,连续低于10 km/h的记录超过180条
2017-11-05 20:32:27,删除长低速记录,0.0,0.0,连续低于10 km/h的记录超过180条
2017-11-05 20:32:28,删除长低速记录,0.0,0.0,连续低于10 km/h的记录超过180条
2017-11-05 20:32:29,删除长低速记录,0.0,0.0,连续低于10 km/h的记录超过180条
2017-11-05 20:32:30,删除长低速记录,0.0,0.0,连续低于10 km/h的记录超过180条
2017-11-05 20:32:31,删除长低速记录,0.0,0.0,连续低于10 km/h的记录超过180条
2017-11-05 20:32:32,删除长低速记录,0.0,0.0,连续低于10 km/h的记录超过180条
2017-11-05 20:32:33,删除长低速记录,0.0,0.0,连续低于10 km/h的记录超过180条
2017-11-05 20:32:34,删除长低速记录,0.0,0.0,连续低于10 km/h的记录超过180条
2017-11-05 20:32:35,删除长低速记录,0.0,0.0,连续低于10 km/h的记录超过180条
2017-11-05 20:32:36,删除长低速记录,0.0,0.0,连续低于10 km/h的记录超过180条
2017-11-05 20:32:37,删除长低速记录,0.0,0.0,连续低于10 km/h的记录超过180条
2017-11-05 20:32:38,删除长低速记录,0.0,0.0,连续低于10 km/h的记录超过180条
2017-11-05 20:32:39,删除长低速记录,0.0,0.0,连续低于10 km/h的记录超过180条
2017-11-05 20:32:40,删除长低速记录,0.0,0.0,连续低于10 km/h的记录超过180条
2017-11-05 20:32:41,删除长低速记录,0.0,0.0,连续低于10 km/h的记录超过180条
2017-11-05 20:32:42,删除长低速记录,0.0,0.0,连续低于10 km/h的记录超过180条
2017-11-05 20:32:43,删除长低速记录,0.0,0.0,连续低于10 km/h的记录超过180条
2017-11-05 20:32:44,删除长低速记录,0.0,0.0,连续低于10 km/h的记录超过180条
2017-11-05 20:32:45,删除长低速记录,0.0,0.0,连续低于10 km/h的记录超过180条
2017-11-05 20:32:46,删除长低速记录,0.0,0.0,连续低于10 km/h的记录超过180条
2017-11-05 20:32:47,删除长低速记录,0.0,0.0,连续低于10 km/h的记录超过180条
2017-11-05 20:32:48,删除长低速记录,0.0,0.0,连续低于10 km/h的记录超过180条
2017-11-05 20:32:49,删除长低速记录,0.0,0.0,连续低于10 km/h的记录超过180条
2017-11-05 20:32:50,删除长低速记录,0.0,0.0,连续低于10 km/h的记录超过180条
2017-11-05 20:32:51,删除长低速记录,0.0,0.0,连续低于10 km/h的记录超过180条
2017-11-05 20:32:52,删除长低速记录,0.0,0.0,连续低于10 km/h的记录超过180条
2017-11-05 20:32:53,删除长低速记录,0.0,0.0,连续低于10 km/h的记录超过180条
2017-11-05 20:32:54,删除长低速记录,0.0,0.0,连续低于10 km/h的记录超过180条
2017-11-05 20:32:55,删除长低速记录,0.0,0.0,连续低于10 km/h的记录超过180条
2017-11-05 20:32:56,删除长低速记录,0.0,0.0,连续低于10 km/h的记录超过180条
2017-11-05 20:32:57,删除长低速记录,0.0,0.0,连续低于10 km/h的记录超过180条
2017-11-05 20:32:58,删除长低速记录,0.0,0.0,连续低于10 km/h的记录超过180条
2017-11-05 20:32:59,删除长低速记录,0.0,0.0,连续低于10 km/h的记录超过180条
2017-11-05 20:33:00,删除长低速记录,0.0,0.0,连续低于10 km/h的记录超过180条
2017-11-05 20:33:01,删除长低速记录,0.0,0.0,连续低于10 km/h的记录超过180条
2017-11-05 20:33:02,删除长低速记录,0.0,0.0,连续低于10 km/h的记录超过180条
2017-11-05 20:33:03,删除长低速记录,0.0,0.0,连续低于10 km/h的记录超过180条
2017-11-05 20:33:04,删除长低速记录,0.0,0.0,连续低于10 km/h的记录超过180条
2017-11-05 20:33:05,删除长低速记录,0.0,0.0,连续低于10 km/h的记录超过180条
2017-11-05 20:33:06,删除长低速记录,0.0,0.0,连续低于10 km/h的记录超过180条
2017-11-05 20:33:07,删除长低速记录,0.0,0.0,连续低于10 km/h的记录超过180条
2017-11-05 20:33:08,删除长低速记录,0.0,0.0,连续低于10 km/h的记录超过180条
2017-11-05 20:33:09,删除长低速记录,0.0,0.0,连续低于10 km/h的记录超过180条
2017-11-05 20:33:10,删除长低速记录,0.0,0.0,连续低于10 km/h的记录超过180条
2017-11-05 20:33:11,删除长低速记录,0.0,0.0,连续低于10 km/h的记录超过180条
2017-11-05 20:33:12,删除长低速记录,0.0,0.0,连续低于10 km/h的记录超过180条
2017-11-05 20:33:13,删除长低速记录,0.0,0.0,连续低于10 km/h的记录超过180条
2017-11-05 20:33:14,删除长低速记录,0.0,0.0,连续低于10 km/h的记录超过180条
2017-11-05 20:33:15,删除长低速记录,0.0,0.0,连续低于10 km/h的记录超过180条
2017-11-05 20:33:16,删除长低速记录,0.0,0.0,连续低于10 km/h的记录超过180条
2017-11-05 20:33:17,删除长低速记录,0.0,0.0,连续低于10 km/h的记录超过180条
2017-11-05 20:33:18,删除长低速记录,0.0,0.0,连续低于10 km/h的记录超过180条
2017-11-05 20:33:19,删除长低速记录,0.0,0.0,连续低于10 km/h的记录超过180条
2017-11-05 20:33:20,删除长低速记录,0.0,0.0,连续低于10 km/h的记录超过180条
2017-11-05 20:33:21,删除长低速记录,0.0,0.0,连续低于10 km/h的记录超过180条
2017-11-05 20:33:22,删除长低速记录,0.0,0.0,连续低于10 km/h的记录超过180条
2017-11-05 20:33:23,删除长低速记录,0.0,0.0,连续低于10 km/h的记录超过180条
2017-11-05 20:33:24,删除长低速记录,0.0,0.0,连续低于10 km/h的记录超过180条
2017-11-05 20:33:25,删除长低速记录,0.0,0.0,连续低于10 km/h的记录超过180条
2017-11-05 20:33:26,删除长低速记录,0.0,0.0,连续低于10 km/h的记录超过180条
2017-11-05 20:33:27,删除长低速记录,0.0,0.0,连续低于10 km/h的记录超过180条
2017-11-05 20:33:28,删除长低速记录,0.0,0.0,连续低于10 km/h的记录超过180条
2017-11-05 20:33:29,删除长低速记录,0.0,0.0,连续低于10 km/h的记录超过180条
2017-11-05 20:33:30,删除长低速记录,0.0,0.0,连续低于10 km/h的记录超过180条
2017-11-05 20:33:31,删除长低速记录,0.0,0.0,连续低于10 km/h的记录超过180条
2017-11-05 20:33:32,删除长低速记录,6.8,6.8,连续低于10 km/h的记录超过180条
2017-11-05 20:35:46,新增插值记录,,47.5,相邻速度 47.5 与 47.5 km/h 的线性中点
2017-11-05 20:35:48,车速限幅,15.3,18.7,"连续1秒允许范围 [18.700000, 61.756000] km/h"
2017-11-05 21:04:29,新增插值记录,,17.5,相邻速度 17.7 与 17.3 km/h 的线性中点
2017-11-05 21:09:45,新增插值记录,,46.650000000000006,相邻速度 48.2 与 45.1 km/h 的线性中点
2017-11-05 21:30:20,车速限幅,40.8,40.156,"连续1秒允许范围 [0.000000, 40.156000] km/h"
2017-11-05 23:00:32,新增插值记录,,41.45,相邻速度 40.6 与 42.3 km/h 的线性中点
2017-11-05 23:04:55,新增插值记录,,21.900000000000002,相邻速度 36.2 与 7.6 km/h 的线性中点
2017-11-05 23:04:57,新增插值记录,,5.3,相邻速度 7.6 与 3 km/h 的线性中点
2017-11-05 23:05:06,新增插值记录,,0.0,相邻速度 0 与 0 km/h 的线性中点
2017-11-05 23:05:34,新增插值记录,,7.05,相邻速度 6.5 与 7.6 km/h 的线性中点
2017-11-05 23:05:47,车速限幅,23.9,14.256,"连续1秒允许范围 [0.000000, 14.256000] km/h"
2017-11-05 23:05:50,车速限幅,29.8,14.256,"连续1秒允许范围 [0.000000, 14.256000] km/h"
2017-11-05 23:05:54,车速限幅,38.6,14.256,"连续1秒允许范围 [0.000000, 14.256000] km/h"
2017-11-05 23:05:55,车速限幅,39.6,28.512,"连续1秒允许范围 [0.000000, 28.512000] km/h"
2017-11-05 23:05:59,车速限幅,0.0,11.499999999999996,"连续1秒允许范围 [11.500000, 54.556000] km/h"
2017-11-05 23:06:01,车速限幅,41.7,14.256,"连续1秒允许范围 [0.000000, 14.256000] km/h"
2017-11-05 23:06:03,车速限幅,42.7,14.256,"连续1秒允许范围 [0.000000, 14.256000] km/h"
2017-11-05 23:06:05,车速限幅,42.1,14.256,"连续1秒允许范围 [0.000000, 14.256000] km/h"
2017-11-05 23:06:06,车速限幅,41.7,28.512,"连续1秒允许范围 [0.000000, 28.512000] km/h"
2017-11-05 23:06:08,车速限幅,42.6,14.256,"连续1秒允许范围 [0.000000, 14.256000] km/h"
2017-11-05 23:06:11,车速限幅,43.5,14.256,"连续1秒允许范围 [0.000000, 14.256000] km/h"
2017-11-05 23:06:13,车速限幅,43.7,14.256,"连续1秒允许范围 [0.000000, 14.256000] km/h"
2017-11-05 23:06:14,车速限幅,43.8,28.512,"连续1秒允许范围 [0.000000, 28.512000] km/h"
2017-11-05 23:06:16,车速限幅,43.2,14.256,"连续1秒允许范围 [0.000000, 14.256000] km/h"
2017-11-05 23:06:17,车速限幅,44.2,28.512,"连续1秒允许范围 [0.000000, 28.512000] km/h"
2017-11-05 23:06:18,车速限幅,45.6,42.768,"连续1秒允许范围 [0.000000, 42.768000] km/h"
2017-11-05 23:15:40,新增插值记录,,13.05,相邻速度 12.3 与 13.8 km/h 的线性中点
2017-11-05 23:15:42,新增插值记录,,15.1,相邻速度 13.8 与 16.4 km/h 的线性中点
2017-11-05 23:20:07,新增插值记录,,12.25,相邻速度 11.7 与 12.8 km/h 的线性中点
2017-11-05 23:22:46,新增插值记录,,25.5,相邻速度 25 与 26 km/h 的线性中点
2017-11-05 23:23:24,车速限幅,25.0,18.256,"连续1秒允许范围 [0.000000, 18.256000] km/h"
2017-11-05 23:23:40,新增插值记录,,28.8,相邻速度 29 与 28.6 km/h 的线性中点
2017-11-05 23:23:44,新增插值记录,,29.5,相邻速度 29.1 与 29.9 km/h 的线性中点
2017-11-05 23:23:52,新增插值记录,,28.5,相邻速度 29.1 与 27.9 km/h 的线性中点
2017-11-05 23:33:55,新增插值记录,,55.15,相邻速度 55 与 55.3 km/h 的线性中点
2017-11-05 23:33:57,新增插值记录,,55.7,相邻速度 55.3 与 56.1 km/h 的线性中点
2017-11-05 23:48:34,新增插值记录,,33.15,相邻速度 31.5 与 34.8 km/h 的线性中点
2017-11-05 23:55:33,新增插值记录,,21.450000000000003,相邻速度 20.8 与 22.1 km/h 的线性中点
2017-11-05 23:55:38,新增插值记录,,23.0,相邻速度 23.2 与 22.8 km/h 的线性中点
2017-11-05 23:55:59,新增插值记录,,25.1,相邻速度 25.5 与 24.7 km/h 的线性中点
2017-11-05 23:56:03,新增插值记录,,23.85,相邻速度 23.5 与 24.2 km/h 的线性中点
2017-11-05 23:56:05,新增插值记录,,24.65,相邻速度 24.2 与 25.1 km/h 的线性中点
2017-11-05 23:56:09,新增插值记录,,28.2,相邻速度 27.2 与 29.2 km/h 的线性中点
2017-11-05 23:56:19,新增插值记录,,24.0,相邻速度 24.9 与 23.1 km/h 的线性中点
2017-11-05 23:56:27,新增插值记录,,16.4,相邻速度 15.8 与 17 km/h 的线性中点
2017-11-05 23:56:35,新增插值记录,,18.9,相邻速度 18.8 与 19 km/h 的线性中点
2017-11-05 23:56:45,新增插值记录,,27.9,相邻速度 26.6 与 29.2 km/h 的线性中点
2017-11-05 23:56:47,新增插值记录,,30.299999999999997,相邻速度 29.2 与 31.4 km/h 的线性中点
2017-11-05 23:56:49,新增插值记录,,32.15,相邻速度 31.4 与 32.9 km/h 的线性中点
2017-11-05 23:56:51,新增插值记录,,33.849999999999994,相邻速度 32.9 与 34.8 km/h 的线性中点
2017-11-05 23:56:55,新增插值记录,,38.5,相邻速度 38.3 与 38.7 km/h 的线性中点
2017-11-05 23:57:03,新增插值记录,,40.75,相邻速度 40.7 与 40.8 km/h 的线性中点
2017-11-05 23:57:05,新增插值记录,,41.25,相邻速度 40.8 与 41.7 km/h 的线性中点
2017-11-05 23:57:07,新增插值记录,,41.95,相邻速度 41.7 与 42.2 km/h 的线性中点
2017-11-05 23:57:20,车速限幅,42.4,40.856,"连续1秒允许范围 [0.000000, 40.856000] km/h"
2017-11-05 23:57:31,新增插值记录,,41.1,相邻速度 41.2 与 41 km/h 的线性中点
2017-11-05 23:57:35,新增插值记录,,42.25,相邻速度 41.4 与 43.1 km/h 的线性中点
2017-11-05 23:57:45,新增插值记录,,44.45,相邻速度 44.5 与 44.4 km/h 的线性中点
2017-11-05 23:57:47,新增插值记录,,44.15,相邻速度 44.4 与 43.9 km/h 的线性中点
2017-11-05 23:58:24,新增插值记录,,45.25,相邻速度 45.2 与 45.3 km/h 的线性中点
2017-11-05 23:58:48,新增插值记录,,27.1,相邻速度 29.5 与 24.7 km/h 的线性中点
2017-11-05 23:59:05,车速限幅,42.7,39.656,"连续1秒允许范围 [0.000000, 39.656000] km/h"
2017-11-05 23:59:07,车速限幅,42.7,41.056,"连续1秒允许范围 [0.000000, 41.056000] km/h"
2017-11-05 23:59:59,车速限幅,39.8,33.256,"连续1秒允许范围 [0.000000, 33.256000] km/h"
2017-11-06 00:00:29,车速限幅,45.7,34.756,"连续1秒允许范围 [0.000000, 34.756000] km/h"
2017-11-06 00:00:31,车速限幅,39.2,34.756,"连续1秒允许范围 [0.000000, 34.756000] km/h"
2017-11-06 08:39:29,新增插值记录,,1.75,相邻速度 1.8 与 1.7 km/h 的线性中点
2017-11-06 08:50:00,新增插值记录,,2.6,相邻速度 3 与 2.2 km/h 的线性中点
2017-11-06 08:50:10,新增插值记录,,9.15,相邻速度 10.3 与 8 km/h 的线性中点
2017-11-06 08:50:12,新增插值记录,,10.1,相邻速度 8 与 12.2 km/h 的线性中点
2017-11-06 08:50:17,新增插值记录,,6.5,相邻速度 5 与 8 km/h 的线性中点
2017-11-06 08:50:57,新增插值记录,,9.15,相邻速度 6.3 与 12 km/h 的线性中点
2017-11-06 08:51:01,新增插值记录,,14.5,相邻速度 11.4 与 17.6 km/h 的线性中点
2017-11-06 08:51:09,新增插值记录,,13.05,相邻速度 13 与 13.1 km/h 的线性中点
2017-11-06 08:51:29,新增插值记录,,9.8,相邻速度 6.2 与 13.4 km/h 的线性中点
2017-11-06 08:51:45,新增插值记录,,2.9,相邻速度 2.9 与 2.9 km/h 的线性中点
2017-11-06 08:51:47,车速限幅,33.3,17.156,"连续1秒允许范围 [0.000000, 17.156000] km/h"
2017-11-06 08:52:15,新增插值记录,,0.95,相邻速度 1.9 与 0 km/h 的线性中点
2017-11-06 08:52:18,车速限幅,16.9,14.256,"连续1秒允许范围 [0.000000, 14.256000] km/h"
2017-11-06 08:52:25,新增插值记录,,4.7,相邻速度 6 与 3.4 km/h 的线性中点
2017-11-06 08:52:33,新增插值记录,,0.0,相邻速度 0 与 0 km/h 的线性中点
2017-11-06 08:52:37,新增插值记录,,1.45,相邻速度 2.9 与 0 km/h 的线性中点
2017-11-06 08:52:55,新增插值记录,,7.35,相邻速度 4.6 与 10.1 km/h 的线性中点
2017-11-06 08:53:09,新增插值记录,,3.2,相邻速度 2.7 与 3.7 km/h 的线性中点
2017-11-06 08:53:39,新增插值记录,,13.3,相邻速度 9.5 与 17.1 km/h 的线性中点
2017-11-06 08:53:43,新增插值记录,,11.75,相邻速度 14 与 9.5 km/h 的线性中点
2017-11-06 08:53:55,新增插值记录,,14.5,相邻速度 13.6 与 15.4 km/h 的线性中点
2017-11-06 08:54:00,新增插值记录,,20.65,相邻速度 18.6 与 22.7 km/h 的线性中点
2017-11-06 08:54:27,新增插值记录,,21.299999999999997,相邻速度 20.9 与 21.7 km/h 的线性中点
2017-11-06 08:54:39,新增插值记录,,31.4,相邻速度 30.2 与 32.6 km/h 的线性中点
2017-11-06 08:54:46,新增插值记录,,31.4,相邻速度 30.2 与 32.6 km/h 的线性中点
2017-11-06 08:54:51,新增插值记录,,32.6,相邻速度 32.6 与 32.6 km/h 的线性中点
2017-11-06 08:55:05,新增插值记录,,32.6,相邻速度 32.6 与 32.6 km/h 的线性中点
2017-11-06 08:55:08,新增插值记录,,32.6,相邻速度 32.6 与 32.6 km/h 的线性中点
2017-11-06 08:55:24,新增插值记录,,32.6,相邻速度 32.6 与 32.6 km/h 的线性中点
2017-11-06 08:58:19,新增插值记录,,19.75,相邻速度 13.2 与 26.3 km/h 的线性中点
2017-11-06 08:58:45,新增插值记录,,5.25,相邻速度 5.5 与 5 km/h 的线性中点
2017-11-06 08:59:47,新增插值记录,,8.85,相邻速度 10 与 7.7 km/h 的线性中点
2017-11-06 08:59:56,新增插值记录,,7.2,相邻速度 7.7 与 6.7 km/h 的线性中点
2017-11-06 09:19:52,新增插值记录,,21.1,相邻速度 20.2 与 22 km/h 的线性中点
2017-11-06 09:23:36,删除长低速记录,0.0,0.0,连续低于10 km/h的记录超过180条
2017-11-06 09:23:37,删除长低速记录,1.8,1.8,连续低于10 km/h的记录超过180条
2017-11-06 09:23:38,删除长低速记录,1.8,1.8,连续低于10 km/h的记录超过180条
2017-11-06 09:23:39,删除长低速记录,1.5,1.5,连续低于10 km/h的记录超过180条
2017-11-06 09:23:40,删除长低速记录,1.5,1.5,连续低于10 km/h的记录超过180条
2017-11-06 09:23:41,删除长低速记录,0.0,0.0,连续低于10 km/h的记录超过180条
2017-11-06 09:23:42,删除长低速记录,0.0,0.0,连续低于10 km/h的记录超过180条
2017-11-06 09:23:43,删除长低速记录,0.0,0.0,连续低于10 km/h的记录超过180条
2017-11-06 09:23:44,删除长低速记录,0.0,0.0,连续低于10 km/h的记录超过180条
2017-11-06 09:23:45,删除长低速记录,0.0,0.0,连续低于10 km/h的记录超过180条
2017-11-06 09:23:46,删除长低速记录,0.0,0.0,连续低于10 km/h的记录超过180条
2017-11-06 09:23:47,删除长低速记录,0.0,0.0,连续低于10 km/h的记录超过180条
2017-11-06 09:23:48,删除长低速记录,0.0,0.0,连续低于10 km/h的记录超过180条
2017-11-06 09:23:49,删除长低速记录,0.0,0.0,连续低于10 km/h的记录超过180条
2017-11-06 09:23:50,删除长低速记录,0.0,0.0,连续低于10 km/h的记录超过180条
2017-11-06 09:23:51,删除长低速记录,0.0,0.0,连续低于10 km/h的记录超过180条
2017-11-06 09:23:52,删除长低速记录,0.0,0.0,连续低于10 km/h的记录超过180条
2017-11-06 09:23:53,删除长低速记录,0.0,0.0,连续低于10 km/h的记录超过180条
2017-11-06 09:23:54,删除长低速记录,0.0,0.0,连续低于10 km/h的记录超过180条
2017-11-06 09:23:55,删除长低速记录,0.0,0.0,连续低于10 km/h的记录超过180条
2017-11-06 09:23:56,删除长低速记录,0.0,0.0,连续低于10 km/h的记录超过180条
2017-11-06 09:23:57,删除长低速记录,0.0,0.0,连续低于10 km/h的记录超过180条
2017-11-06 09:23:58,删除长低速记录,2.0,2.0,连续低于10 km/h的记录超过180条
2017-11-06 09:23:59,删除长低速记录,1.5,1.5,连续低于10 km/h的记录超过180条
2017-11-06 09:24:00,删除长低速记录,0.0,0.0,连续低于10 km/h的记录超过180条
2017-11-06 09:24:01,删除长低速记录,0.0,0.0,连续低于10 km/h的记录超过180条
2017-11-06 09:24:02,删除长低速记录,1.5,1.5,连续低于10 km/h的记录超过180条
2017-11-06 09:24:03,删除长低速记录,1.5,1.5,连续低于10 km/h的记录超过180条
2017-11-06 09:24:04,删除长低速记录,2.1,2.1,连续低于10 km/h的记录超过180条
2017-11-06 09:24:05,删除长低速记录,2.8,2.8,连续低于10 km/h的记录超过180条
2017-11-06 09:24:06,删除长低速记录,2.7,2.7,连续低于10 km/h的记录超过180条
2017-11-06 09:24:07,删除长低速记录,2.2,2.2,连续低于10 km/h的记录超过180条
2017-11-06 09:24:08,删除长低速记录,0.0,0.0,连续低于10 km/h的记录超过180条
2017-11-06 09:24:09,删除长低速记录,0.0,0.0,连续低于10 km/h的记录超过180条
2017-11-06 09:24:10,删除长低速记录,0.0,0.0,连续低于10 km/h的记录超过180条
2017-11-06 09:24:11,删除长低速记录,0.0,0.0,连续低于10 km/h的记录超过180条
2017-11-06 09:24:12,删除长低速记录,1.9,1.9,连续低于10 km/h的记录超过180条
2017-11-06 09:24:13,删除长低速记录,1.5,1.5,连续低于10 km/h的记录超过180条
2017-11-06 09:24:14,删除长低速记录,0.0,0.0,连续低于10 km/h的记录超过180条
2017-11-06 09:24:15,删除长低速记录,0.0,0.0,连续低于10 km/h的记录超过180条
2017-11-06 09:24:16,删除长低速记录,0.0,0.0,连续低于10 km/h的记录超过180条
2017-11-06 09:24:17,删除长低速记录,0.0,0.0,连续低于10 km/h的记录超过180条
2017-11-06 09:24:18,删除长低速记录,0.0,0.0,连续低于10 km/h的记录超过180条
2017-11-06 09:24:19,删除长低速记录,0.0,0.0,连续低于10 km/h的记录超过180条
2017-11-06 09:24:20,删除长低速记录,0.0,0.0,连续低于10 km/h的记录超过180条
2017-11-06 09:24:21,删除长低速记录,0.0,0.0,连续低于10 km/h的记录超过180条
2017-11-06 09:24:22,删除长低速记录,0.0,0.0,连续低于10 km/h的记录超过180条
2017-11-06 09:24:23,删除长低速记录,0.0,0.0,连续低于10 km/h的记录超过180条
2017-11-06 09:24:24,删除长低速记录,0.0,0.0,连续低于10 km/h的记录超过180条
2017-11-06 09:24:25,删除长低速记录,1.5,1.5,连续低于10 km/h的记录超过180条
2017-11-06 09:24:26,删除长低速记录,2.0,2.0,连续低于10 km/h的记录超过180条
2017-11-06 09:24:27,删除长低速记录,0.0,0.0,连续低于10 km/h的记录超过180条
2017-11-06 09:24:28,删除长低速记录,0.0,0.0,连续低于10 km/h的记录超过180条
2017-11-06 09:24:29,删除长低速记录,0.0,0.0,连续低于10 km/h的记录超过180条
2017-11-06 09:24:30,删除长低速记录,0.0,0.0,连续低于10 km/h的记录超过180条
2017-11-06 09:24:31,删除长低速记录,0.0,0.0,连续低于10 km/h的记录超过180条
2017-11-06 09:24:32,删除长低速记录,2.0,2.0,连续低于10 km/h的记录超过180条
2017-11-06 09:24:33,删除长低速记录,2.1,2.1,连续低于10 km/h的记录超过180条
2017-11-06 09:24:34,删除长低速记录,2.1,2.1,连续低于10 km/h的记录超过180条
2017-11-06 09:24:35,删除长低速记录,2.1,2.1,连续低于10 km/h的记录超过180条
2017-11-06 09:24:36,删除长低速记录,1.6,1.6,连续低于10 km/h的记录超过180条
2017-11-06 09:24:37,删除长低速记录,0.0,0.0,连续低于10 km/h的记录超过180条
2017-11-06 09:24:38,删除长低速记录,0.0,0.0,连续低于10 km/h的记录超过180条
2017-11-06 09:24:39,删除长低速记录,0.0,0.0,连续低于10 km/h的记录超过180条
2017-11-06 09:24:40,删除长低速记录,1.9,1.9,连续低于10 km/h的记录超过180条
2017-11-06 09:24:41,删除长低速记录,1.5,1.5,连续低于10 km/h的记录超过180条
2017-11-06 09:24:42,删除长低速记录,0.0,0.0,连续低于10 km/h的记录超过180条
2017-11-06 09:24:43,删除长低速记录,0.0,0.0,连续低于10 km/h的记录超过180条
2017-11-06 09:24:44,删除长低速记录,0.0,0.0,连续低于10 km/h的记录超过180条
2017-11-06 09:24:45,删除长低速记录,1.8,1.8,连续低于10 km/h的记录超过180条
2017-11-06 09:24:46,删除长低速记录,1.9,1.9,连续低于10 km/h的记录超过180条
2017-11-06 09:24:47,删除长低速记录,2.0,2.0,连续低于10 km/h的记录超过180条
2017-11-06 09:24:48,删除长低速记录,2.0,2.0,连续低于10 km/h的记录超过180条
2017-11-06 09:24:49,删除长低速记录,2.4,2.4,连续低于10 km/h的记录超过180条
2017-11-06 09:24:50,删除长低速记录,1.8,1.8,连续低于10 km/h的记录超过180条
2017-11-06 09:24:51,删除长低速记录,2.2,2.2,连续低于10 km/h的记录超过180条
2017-11-06 09:24:52,删除长低速记录,1.7,1.7,连续低于10 km/h的记录超过180条
2017-11-06 09:24:53,删除长低速记录,2.3,2.3,连续低于10 km/h的记录超过180条
2017-11-06 09:24:54,删除长低速记录,2.1,2.1,连续低于10 km/h的记录超过180条
2017-11-06 09:24:55,删除长低速记录,2.1,2.1,连续低于10 km/h的记录超过180条
2017-11-06 09:24:56,删除长低速记录,2.0,2.0,连续低于10 km/h的记录超过180条
2017-11-06 09:24:57,删除长低速记录,2.1,2.1,连续低于10 km/h的记录超过180条
2017-11-06 09:24:58,删除长低速记录,2.1,2.1,连续低于10 km/h的记录超过180条
2017-11-06 09:24:59,删除长低速记录,0.0,0.0,连续低于10 km/h的记录超过180条
2017-11-06 09:25:00,删除长低速记录,0.0,0.0,连续低于10 km/h的记录超过180条
2017-11-06 09:25:01,删除长低速记录,2.2,2.2,连续低于10 km/h的记录超过180条
2017-11-06 09:25:02,删除长低速记录,2.2,2.2,连续低于10 km/h的记录超过180条
2017-11-06 09:25:03,删除长低速记录,1.6,1.6,连续低于10 km/h的记录超过180条
2017-11-06 09:25:04,删除长低速记录,2.0,2.0,连续低于10 km/h的记录超过180条
2017-11-06 09:25:05,删除长低速记录,2.8,2.8,连续低于10 km/h的记录超过180条
2017-11-06 09:25:06,删除长低速记录,4.4,4.4,连续低于10 km/h的记录超过180条
2017-11-06 09:25:07,删除长低速记录,4.5,4.5,连续低于10 km/h的记录超过180条
2017-11-06 09:25:08,删除长低速记录,5.1,5.1,连续低于10 km/h的记录超过180条
2017-11-06 09:25:09,删除长低速记录,5.0,5.0,连续低于10 km/h的记录超过180条
2017-11-06 09:25:10,删除长低速记录,5.0,5.0,连续低于10 km/h的记录超过180条
2017-11-06 09:25:11,删除长低速记录,4.9,4.9,连续低于10 km/h的记录超过180条
2017-11-06 09:25:12,删除长低速记录,4.0,4.0,连续低于10 km/h的记录超过180条
2017-11-06 09:25:13,删除长低速记录,3.4,3.4,连续低于10 km/h的记录超过180条
2017-11-06 09:25:14,删除长低速记录,0.0,0.0,连续低于10 km/h的记录超过180条
2017-11-06 09:25:15,删除长低速记录,0.0,0.0,连续低于10 km/h的记录超过180条
2017-11-06 09:25:16,删除长低速记录,0.0,0.0,连续低于10 km/h的记录超过180条
2017-11-06 09:25:17,删除长低速记录,0.0,0.0,连续低于10 km/h的记录超过180条
2017-11-06 09:25:18,删除长低速记录,0.0,0.0,连续低于10 km/h的记录超过180条
2017-11-06 09:25:19,删除长低速记录,0.0,0.0,连续低于10 km/h的记录超过180条
2017-11-06 09:25:20,删除长低速记录,0.0,0.0,连续低于10 km/h的记录超过180条
2017-11-06 09:25:21,删除长低速记录,0.0,0.0,连续低于10 km/h的记录超过180条
2017-11-06 09:25:22,删除长低速记录,0.0,0.0,连续低于10 km/h的记录超过180条
2017-11-06 09:25:23,删除长低速记录,0.0,0.0,连续低于10 km/h的记录超过180条
2017-11-06 09:25:24,删除长低速记录,0.0,0.0,连续低于10 km/h的记录超过180条
2017-11-06 09:25:25,删除长低速记录,2.0,2.0,连续低于10 km/h的记录超过180条
2017-11-06 09:25:26,删除长低速记录,1.6,1.6,连续低于10 km/h的记录超过180条
2017-11-06 09:25:27,删除长低速记录,0.0,0.0,连续低于10 km/h的记录超过180条
2017-11-06 09:25:28,删除长低速记录,0.0,0.0,连续低于10 km/h的记录超过180条
2017-11-06 09:25:29,删除长低速记录,0.0,0.0,连续低于10 km/h的记录超过180条
2017-11-06 09:25:30,删除长低速记录,0.0,0.0,连续低于10 km/h的记录超过180条
2017-11-06 09:25:31,删除长低速记录,0.0,0.0,连续低于10 km/h的记录超过180条
2017-11-06 09:25:32,删除长低速记录,0.0,0.0,连续低于10 km/h的记录超过180条
2017-11-06 09:25:33,删除长低速记录,0.0,0.0,连续低于10 km/h的记录超过180条
2017-11-06 09:25:34,删除长低速记录,0.0,0.0,连续低于10 km/h的记录超过180条
2017-11-06 09:25:35,删除长低速记录,0.0,0.0,连续低于10 km/h的记录超过180条
2017-11-06 09:25:36,删除长低速记录,0.0,0.0,连续低于10 km/h的记录超过180条
2017-11-06 09:25:37,删除长低速记录,0.0,0.0,连续低于10 km/h的记录超过180条
2017-11-06 09:25:38,删除长低速记录,0.0,0.0,连续低于10 km/h的记录超过180条
2017-11-06 09:25:39,删除长低速记录,0.0,0.0,连续低于10 km/h的记录超过180条
2017-11-06 09:25:40,删除长低速记录,0.0,0.0,连续低于10 km/h的记录超过180条
2017-11-06 09:25:41,删除长低速记录,0.0,0.0,连续低于10 km/h的记录超过180条
2017-11-06 09:25:42,删除长低速记录,1.5,1.5,连续低于10 km/h的记录超过180条
2017-11-06 09:25:43,删除长低速记录,0.0,0.0,连续低于10 km/h的记录超过180条
2017-11-06 09:25:44,删除长低速记录,0.0,0.0,连续低于10 km/h的记录超过180条
2017-11-06 09:25:45,删除长低速记录,2.2,2.2,连续低于10 km/h的记录超过180条
2017-11-06 09:25:46,删除长低速记录,2.3,2.3,连续低于10 km/h的记录超过180条
2017-11-06 09:25:47,删除长低速记录,3.4,3.4,连续低于10 km/h的记录超过180条
2017-11-06 09:25:48,删除长低速记录,3.3,3.3,连续低于10 km/h的记录超过180条
2017-11-06 09:25:49,删除长低速记录,3.3,3.3,连续低于10 km/h的记录超过180条
2017-11-06 09:25:50,删除长低速记录,3.2,3.2,连续低于10 km/h的记录超过180条
2017-11-06 09:25:51,删除长低速记录,2.5,2.5,连续低于10 km/h的记录超过180条
2017-11-06 09:25:52,删除长低速记录,2.2,2.2,连续低于10 km/h的记录超过180条
2017-11-06 09:25:53,删除长低速记录,2.0,2.0,连续低于10 km/h的记录超过180条
2017-11-06 09:25:54,删除长低速记录,1.9,1.9,连续低于10 km/h的记录超过180条
2017-11-06 09:25:55,删除长低速记录,1.9,1.9,连续低于10 km/h的记录超过180条
2017-11-06 09:25:56,删除长低速记录,1.9,1.9,连续低于10 km/h的记录超过180条
2017-11-06 09:25:57,删除长低速记录,2.2,2.2,连续低于10 km/h的记录超过180条
2017-11-06 09:25:58,删除长低速记录,2.1,2.1,连续低于10 km/h的记录超过180条
2017-11-06 09:25:59,删除长低速记录,2.0,2.0,连续低于10 km/h的记录超过180条
2017-11-06 09:26:00,删除长低速记录,1.7,1.7,连续低于10 km/h的记录超过180条
2017-11-06 09:26:01,删除长低速记录,1.8,1.8,连续低于10 km/h的记录超过180条
2017-11-06 09:26:02,删除长低速记录,2.1,2.1,连续低于10 km/h的记录超过180条
2017-11-06 09:26:03,删除长低速记录,2.1,2.1,连续低于10 km/h的记录超过180条
2017-11-06 09:26:04,删除长低速记录,2.1,2.1,连续低于10 km/h的记录超过180条
2017-11-06 09:26:05,删除长低速记录,2.1,2.1,连续低于10 km/h的记录超过180条
2017-11-06 09:26:06,删除长低速记录,0.0,0.0,连续低于10 km/h的记录超过180条
2017-11-06 09:26:07,删除长低速记录,0.0,0.0,连续低于10 km/h的记录超过180条
2017-11-06 09:26:08,删除长低速记录,0.0,0.0,连续低于10 km/h的记录超过180条
2017-11-06 09:26:09,删除长低速记录,0.0,0.0,连续低于10 km/h的记录超过180条
2017-11-06 09:26:10,删除长低速记录,0.0,0.0,连续低于10 km/h的记录超过180条
2017-11-06 09:26:11,删除长低速记录,0.0,0.0,连续低于10 km/h的记录超过180条
2017-11-06 09:26:12,删除长低速记录,0.0,0.0,连续低于10 km/h的记录超过180条
2017-11-06 09:26:13,删除长低速记录,0.0,0.0,连续低于10 km/h的记录超过180条
2017-11-06 09:26:14,删除长低速记录,0.0,0.0,连续低于10 km/h的记录超过180条
2017-11-06 09:26:15,删除长低速记录,0.0,0.0,连续低于10 km/h的记录超过180条
2017-11-06 09:26:16,删除长低速记录,0.0,0.0,连续低于10 km/h的记录超过180条
2017-11-06 09:26:17,删除长低速记录,0.0,0.0,连续低于10 km/h的记录超过180条
2017-11-06 09:26:18,删除长低速记录,0.0,0.0,连续低于10 km/h的记录超过180条
2017-11-06 09:26:19,删除长低速记录,0.0,0.0,连续低于10 km/h的记录超过180条
2017-11-06 09:26:20,删除长低速记录,1.5,1.5,连续低于10 km/h的记录超过180条
2017-11-06 09:26:21,删除长低速记录,0.0,0.0,连续低于10 km/h的记录超过180条
2017-11-06 09:26:22,删除长低速记录,0.0,0.0,连续低于10 km/h的记录超过180条
2017-11-06 09:26:23,删除长低速记录,2.4,2.4,连续低于10 km/h的记录超过180条
2017-11-06 09:26:24,删除长低速记录,2.3,2.3,连续低于10 km/h的记录超过180条
2017-11-06 09:26:25,删除长低速记录,3.3,3.3,连续低于10 km/h的记录超过180条
2017-11-06 09:26:26,删除长低速记录,3.8,3.8,连续低于10 km/h的记录超过180条
2017-11-06 09:26:27,删除长低速记录,4.3,4.3,连续低于10 km/h的记录超过180条
2017-11-06 09:26:28,删除长低速记录,5.2,5.2,连续低于10 km/h的记录超过180条
2017-11-06 09:26:29,删除长低速记录,6.7,6.7,连续低于10 km/h的记录超过180条
2017-11-06 09:26:30,删除长低速记录,7.7,7.7,连续低于10 km/h的记录超过180条
2017-11-06 09:26:31,删除长低速记录,9.0,9.0,连续低于10 km/h的记录超过180条
2017-11-06 09:26:32,删除长低速记录,8.3,8.3,连续低于10 km/h的记录超过180条
2017-11-06 09:26:33,删除长低速记录,6.4,6.4,连续低于10 km/h的记录超过180条
2017-11-06 09:26:34,删除长低速记录,5.1,5.1,连续低于10 km/h的记录超过180条
2017-11-06 09:26:35,删除长低速记录,4.3,4.3,连续低于10 km/h的记录超过180条
2017-11-06 09:26:36,删除长低速记录,3.5,3.5,连续低于10 km/h的记录超过180条
2017-11-06 09:26:37,删除长低速记录,4.1,4.1,连续低于10 km/h的记录超过180条
2017-11-06 09:26:38,删除长低速记录,5.1,5.1,连续低于10 km/h的记录超过180条
2017-11-06 09:26:39,删除长低速记录,7.0,7.0,连续低于10 km/h的记录超过180条
2017-11-06 09:26:40,删除长低速记录,8.5,8.5,连续低于10 km/h的记录超过180条
2017-11-06 09:26:41,删除长低速记录,9.6,9.6,连续低于10 km/h的记录超过180条
2017-11-06 09:39:39,新增插值记录,,0.0,相邻速度 0 与 0 km/h 的线性中点
2017-11-06 09:42:52,车速限幅,14.8,14.256,"连续1秒允许范围 [0.000000, 14.256000] km/h"
2017-11-06 09:56:33,新增插值记录,,37.349999999999994,相邻速度 33.8 与 40.9 km/h 的线性中点
2017-11-06 09:56:48,新增插值记录,,61.1,相邻速度 61 与 61.2 km/h 的线性中点
2017-11-06 09:59:02,车速限幅,15.6,14.256,"连续1秒允许范围 [0.000000, 14.256000] km/h"
2017-11-06 10:15:35,新增插值记录,,18.05,相邻速度 18 与 18.1 km/h 的线性中点
2017-11-06 10:19:22,删除长低速记录,0.0,0.0,连续低于10 km/h的记录超过180条
2017-11-06 10:19:23,删除长低速记录,0.0,0.0,连续低于10 km/h的记录超过180条
2017-11-06 10:19:24,删除长低速记录,0.0,0.0,连续低于10 km/h的记录超过180条
2017-11-06 10:19:25,删除长低速记录,0.0,0.0,连续低于10 km/h的记录超过180条
2017-11-06 10:19:26,删除长低速记录,0.0,0.0,连续低于10 km/h的记录超过180条
2017-11-06 10:19:27,删除长低速记录,0.0,0.0,连续低于10 km/h的记录超过180条
2017-11-06 10:19:28,删除长低速记录,0.0,0.0,连续低于10 km/h的记录超过180条
2017-11-06 10:19:29,删除长低速记录,0.0,0.0,连续低于10 km/h的记录超过180条
2017-11-06 10:19:30,删除长低速记录,0.0,0.0,连续低于10 km/h的记录超过180条
2017-11-06 10:19:31,删除长低速记录,0.0,0.0,连续低于10 km/h的记录超过180条
2017-11-06 10:19:32,删除长低速记录,0.0,0.0,连续低于10 km/h的记录超过180条
2017-11-06 10:19:33,删除长低速记录,0.0,0.0,连续低于10 km/h的记录超过180条
2017-11-06 10:19:34,删除长低速记录,0.0,0.0,连续低于10 km/h的记录超过180条
2017-11-06 10:19:35,删除长低速记录,0.0,0.0,连续低于10 km/h的记录超过180条
2017-11-06 10:19:36,删除长低速记录,0.0,0.0,连续低于10 km/h的记录超过180条
2017-11-06 10:19:37,删除长低速记录,0.0,0.0,连续低于10 km/h的记录超过180条
2017-11-06 10:19:38,删除长低速记录,0.0,0.0,连续低于10 km/h的记录超过180条
2017-11-06 10:19:39,删除长低速记录,0.0,0.0,连续低于10 km/h的记录超过180条
2017-11-06 10:19:40,删除长低速记录,0.0,0.0,连续低于10 km/h的记录超过180条
2017-11-06 10:19:41,删除长低速记录,0.0,0.0,连续低于10 km/h的记录超过180条
2017-11-06 10:19:42,删除长低速记录,0.0,0.0,连续低于10 km/h的记录超过180条
2017-11-06 10:19:43,删除长低速记录,0.0,0.0,连续低于10 km/h的记录超过180条
2017-11-06 10:19:44,删除长低速记录,0.0,0.0,连续低于10 km/h的记录超过180条
2017-11-06 10:19:45,删除长低速记录,0.0,0.0,连续低于10 km/h的记录超过180条
2017-11-06 10:19:46,删除长低速记录,0.0,0.0,连续低于10 km/h的记录超过180条
2017-11-06 10:19:47,删除长低速记录,0.0,0.0,连续低于10 km/h的记录超过180条
2017-11-06 10:19:48,删除长低速记录,0.0,0.0,连续低于10 km/h的记录超过180条
2017-11-06 10:19:49,删除长低速记录,0.0,0.0,连续低于10 km/h的记录超过180条
2017-11-06 10:19:50,删除长低速记录,0.0,0.0,连续低于10 km/h的记录超过180条
2017-11-06 10:19:51,删除长低速记录,0.0,0.0,连续低于10 km/h的记录超过180条
2017-11-06 10:19:52,删除长低速记录,0.0,0.0,连续低于10 km/h的记录超过180条
2017-11-06 10:19:53,删除长低速记录,0.0,0.0,连续低于10 km/h的记录超过180条
2017-11-06 10:19:54,删除长低速记录,0.0,0.0,连续低于10 km/h的记录超过180条
2017-11-06 10:19:55,删除长低速记录,0.0,0.0,连续低于10 km/h的记录超过180条
2017-11-06 10:19:56,删除长低速记录,0.0,0.0,连续低于10 km/h的记录超过180条
2017-11-06 10:19:57,删除长低速记录,0.0,0.0,连续低于10 km/h的记录超过180条
2017-11-06 10:19:58,删除长低速记录,0.0,0.0,连续低于10 km/h的记录超过180条
2017-11-06 10:19:59,删除长低速记录,0.0,0.0,连续低于10 km/h的记录超过180条
2017-11-06 10:20:00,删除长低速记录,0.0,0.0,连续低于10 km/h的记录超过180条
2017-11-06 10:20:01,删除长低速记录,0.0,0.0,连续低于10 km/h的记录超过180条
2017-11-06 10:20:02,删除长低速记录,0.0,0.0,连续低于10 km/h的记录超过180条
2017-11-06 10:20:03,删除长低速记录,0.0,0.0,连续低于10 km/h的记录超过180条
2017-11-06 10:20:04,删除长低速记录,0.0,0.0,连续低于10 km/h的记录超过180条
2017-11-06 10:20:05,删除长低速记录,0.0,0.0,连续低于10 km/h的记录超过180条
2017-11-06 10:20:06,删除长低速记录,0.0,0.0,连续低于10 km/h的记录超过180条
2017-11-06 10:20:07,删除长低速记录,0.0,0.0,连续低于10 km/h的记录超过180条
2017-11-06 10:20:08,删除长低速记录,0.0,0.0,连续低于10 km/h的记录超过180条
2017-11-06 10:20:09,删除长低速记录,0.0,0.0,连续低于10 km/h的记录超过180条
2017-11-06 10:20:10,删除长低速记录,0.0,0.0,连续低于10 km/h的记录超过180条
2017-11-06 10:20:11,删除长低速记录,0.0,0.0,连续低于10 km/h的记录超过180条
2017-11-06 10:20:12,删除长低速记录,1.6,1.6,连续低于10 km/h的记录超过180条
2017-11-06 10:20:13,删除长低速记录,1.5,1.5,连续低于10 km/h的记录超过180条
2017-11-06 10:20:14,删除长低速记录,0.0,0.0,连续低于10 km/h的记录超过180条
2017-11-06 10:20:15,删除长低速记录,0.0,0.0,连续低于10 km/h的记录超过180条
2017-11-06 10:20:16,删除长低速记录,0.0,0.0,连续低于10 km/h的记录超过180条
2017-11-06 10:20:17,删除长低速记录,0.0,0.0,连续低于10 km/h的记录超过180条
2017-11-06 10:20:18,删除长低速记录,0.0,0.0,连续低于10 km/h的记录超过180条
2017-11-06 10:20:19,删除长低速记录,0.0,0.0,连续低于10 km/h的记录超过180条
2017-11-06 10:20:20,删除长低速记录,0.0,0.0,连续低于10 km/h的记录超过180条
2017-11-06 10:20:21,删除长低速记录,0.0,0.0,连续低于10 km/h的记录超过180条
2017-11-06 10:20:22,删除长低速记录,0.0,0.0,连续低于10 km/h的记录超过180条
2017-11-06 10:20:23,删除长低速记录,2.0,2.0,连续低于10 km/h的记录超过180条
2017-11-06 10:20:24,删除长低速记录,2.0,2.0,连续低于10 km/h的记录超过180条
2017-11-06 10:20:25,删除长低速记录,1.9,1.9,连续低于10 km/h的记录超过180条
2017-11-06 10:20:26,删除长低速记录,2.5,2.5,连续低于10 km/h的记录超过180条
2017-11-06 10:20:27,删除长低速记录,3.1,3.1,连续低于10 km/h的记录超过180条
2017-11-06 10:20:28,删除长低速记录,5.3,5.3,连续低于10 km/h的记录超过180条
2017-11-06 10:20:29,删除长低速记录,6.5,6.5,连续低于10 km/h的记录超过180条
2017-11-06 11:17:26,新增插值记录,,14.3,相邻速度 13.9 与 14.7 km/h 的线性中点
2017-11-06 11:17:43,新增插值记录,,14.3,相邻速度 13.9 与 14.7 km/h 的线性中点
2017-11-06 11:17:50,车速限幅,29.5,26.356,"连续1秒允许范围 [0.000000, 26.356000] km/h"
2017-11-06 11:32:34,车速限幅,0.0,16.400000000000002,"连续1秒允许范围 [16.400000, 59.456000] km/h"
2017-11-06 11:32:35,车速限幅,39.3,30.656000000000002,"连续1秒允许范围 [0.000000, 30.656000] km/h"
2017-11-06 11:32:52,新增插值记录,,0.0,相邻速度 0 与 0 km/h 的线性中点
2017-11-06 11:33:06,新增插值记录,,0.0,相邻速度 0 与 0 km/h 的线性中点
2017-11-06 11:44:02,车速限幅,23.8,14.456,"连续1秒允许范围 [0.000000, 14.456000] km/h"
2017-11-06 12:13:33,车速限幅,17.3,14.656,"连续1秒允许范围 [0.000000, 14.656000] km/h"
2017-11-06 12:36:16,车速限幅,27.1,14.356,"连续1秒允许范围 [0.000000, 14.356000] km/h"
2017-11-06 12:36:33,新增插值记录,,0.05,相邻速度 0.1 与 0 km/h 的线性中点
2017-11-06 12:46:46,删除长低速记录,0.0,0.0,连续低于10 km/h的记录超过180条
2017-11-06 12:46:47,删除长低速记录,0.0,0.0,连续低于10 km/h的记录超过180条
2017-11-06 12:46:48,删除长低速记录,0.0,0.0,连续低于10 km/h的记录超过180条
2017-11-06 12:46:49,删除长低速记录,0.0,0.0,连续低于10 km/h的记录超过180条
2017-11-06 12:46:50,删除长低速记录,0.0,0.0,连续低于10 km/h的记录超过180条
2017-11-06 12:46:51,删除长低速记录,0.0,0.0,连续低于10 km/h的记录超过180条
2017-11-06 12:46:52,删除长低速记录,0.0,0.0,连续低于10 km/h的记录超过180条
2017-11-06 12:46:53,删除长低速记录,0.0,0.0,连续低于10 km/h的记录超过180条
2017-11-06 12:46:54,删除长低速记录,0.0,0.0,连续低于10 km/h的记录超过180条
2017-11-06 12:46:55,删除长低速记录,0.0,0.0,连续低于10 km/h的记录超过180条
2017-11-06 12:46:56,删除长低速记录,0.0,0.0,连续低于10 km/h的记录超过180条
2017-11-06 12:46:57,删除长低速记录,0.0,0.0,连续低于10 km/h的记录超过180条
2017-11-06 12:46:58,删除长低速记录,0.0,0.0,连续低于10 km/h的记录超过180条
2017-11-06 12:46:59,删除长低速记录,0.0,0.0,连续低于10 km/h的记录超过180条
2017-11-06 12:47:00,删除长低速记录,0.0,0.0,连续低于10 km/h的记录超过180条
2017-11-06 12:47:01,删除长低速记录,0.0,0.0,连续低于10 km/h的记录超过180条
2017-11-06 12:47:02,删除长低速记录,0.0,0.0,连续低于10 km/h的记录超过180条
2017-11-06 12:47:03,删除长低速记录,0.0,0.0,连续低于10 km/h的记录超过180条
2017-11-06 12:47:04,删除长低速记录,0.0,0.0,连续低于10 km/h的记录超过180条
2017-11-06 12:47:05,删除长低速记录,0.0,0.0,连续低于10 km/h的记录超过180条
2017-11-06 12:47:06,删除长低速记录,0.0,0.0,连续低于10 km/h的记录超过180条
2017-11-06 12:47:07,删除长低速记录,0.0,0.0,连续低于10 km/h的记录超过180条
2017-11-06 12:47:08,删除长低速记录,0.0,0.0,连续低于10 km/h的记录超过180条
2017-11-06 12:47:09,删除长低速记录,0.0,0.0,连续低于10 km/h的记录超过180条
2017-11-06 12:47:10,删除长低速记录,0.0,0.0,连续低于10 km/h的记录超过180条
2017-11-06 12:47:11,删除长低速记录,0.0,0.0,连续低于10 km/h的记录超过180条
2017-11-06 12:47:12,删除长低速记录,0.0,0.0,连续低于10 km/h的记录超过180条
2017-11-06 12:47:13,删除长低速记录,0.0,0.0,连续低于10 km/h的记录超过180条
2017-11-06 12:47:14,删除长低速记录,0.0,0.0,连续低于10 km/h的记录超过180条
2017-11-06 12:47:15,删除长低速记录,0.0,0.0,连续低于10 km/h的记录超过180条
2017-11-06 12:47:16,删除长低速记录,0.0,0.0,连续低于10 km/h的记录超过180条
2017-11-06 12:47:17,删除长低速记录,0.0,0.0,连续低于10 km/h的记录超过180条
2017-11-06 12:47:18,删除长低速记录,0.0,0.0,连续低于10 km/h的记录超过180条
2017-11-06 12:47:19,删除长低速记录,0.0,0.0,连续低于10 km/h的记录超过180条
2017-11-06 12:47:20,删除长低速记录,0.0,0.0,连续低于10 km/h的记录超过180条
2017-11-06 12:47:21,删除长低速记录,0.0,0.0,连续低于10 km/h的记录超过180条
2017-11-06 12:47:22,删除长低速记录,0.0,0.0,连续低于10 km/h的记录超过180条
2017-11-06 12:47:23,删除长低速记录,0.0,0.0,连续低于10 km/h的记录超过180条
2017-11-06 12:47:24,删除长低速记录,0.0,0.0,连续低于10 km/h的记录超过180条
2017-11-06 12:47:25,删除长低速记录,0.0,0.0,连续低于10 km/h的记录超过180条
2017-11-06 12:47:26,删除长低速记录,0.0,0.0,连续低于10 km/h的记录超过180条
2017-11-06 12:47:27,删除长低速记录,0.0,0.0,连续低于10 km/h的记录超过180条
2017-11-06 12:47:28,删除长低速记录,0.0,0.0,连续低于10 km/h的记录超过180条
2017-11-06 12:47:29,删除长低速记录,0.0,0.0,连续低于10 km/h的记录超过180条
2017-11-06 12:47:30,删除长低速记录,0.0,0.0,连续低于10 km/h的记录超过180条
2017-11-06 12:47:31,删除长低速记录,0.0,0.0,连续低于10 km/h的记录超过180条
2017-11-06 12:47:32,删除长低速记录,0.0,0.0,连续低于10 km/h的记录超过180条
2017-11-06 12:47:33,删除长低速记录,0.0,0.0,连续低于10 km/h的记录超过180条
2017-11-06 12:47:34,删除长低速记录,0.0,0.0,连续低于10 km/h的记录超过180条
2017-11-06 12:47:35,删除长低速记录,0.0,0.0,连续低于10 km/h的记录超过180条
2017-11-06 12:47:36,删除长低速记录,0.0,0.0,连续低于10 km/h的记录超过180条
2017-11-06 12:47:37,删除长低速记录,0.0,0.0,连续低于10 km/h的记录超过180条
2017-11-06 12:47:38,删除长低速记录,0.0,0.0,连续低于10 km/h的记录超过180条
2017-11-06 12:47:39,删除长低速记录,0.0,0.0,连续低于10 km/h的记录超过180条
2017-11-06 12:47:40,删除长低速记录,0.0,0.0,连续低于10 km/h的记录超过180条
2017-11-06 12:47:41,删除长低速记录,0.0,0.0,连续低于10 km/h的记录超过180条
2017-11-06 12:47:42,删除长低速记录,0.0,0.0,连续低于10 km/h的记录超过180条
2017-11-06 12:47:43,删除长低速记录,0.0,0.0,连续低于10 km/h的记录超过180条
2017-11-06 12:47:44,删除长低速记录,0.0,0.0,连续低于10 km/h的记录超过180条
2017-11-06 12:47:45,删除长低速记录,0.0,0.0,连续低于10 km/h的记录超过180条
2017-11-06 12:47:46,删除长低速记录,0.0,0.0,连续低于10 km/h的记录超过180条
2017-11-06 12:47:47,删除长低速记录,0.0,0.0,连续低于10 km/h的记录超过180条
2017-11-06 12:47:48,删除长低速记录,0.0,0.0,连续低于10 km/h的记录超过180条
2017-11-06 12:47:49,删除长低速记录,0.0,0.0,连续低于10 km/h的记录超过180条
2017-11-06 12:47:50,删除长低速记录,0.0,0.0,连续低于10 km/h的记录超过180条
2017-11-06 12:47:51,删除长低速记录,0.0,0.0,连续低于10 km/h的记录超过180条
2017-11-06 12:47:52,删除长低速记录,0.0,0.0,连续低于10 km/h的记录超过180条
2017-11-06 12:47:53,删除长低速记录,0.0,0.0,连续低于10 km/h的记录超过180条
2017-11-06 12:47:54,删除长低速记录,0.0,0.0,连续低于10 km/h的记录超过180条
2017-11-06 12:47:55,删除长低速记录,0.0,0.0,连续低于10 km/h的记录超过180条
2017-11-06 12:47:56,删除长低速记录,0.0,0.0,连续低于10 km/h的记录超过180条
2017-11-06 12:47:57,删除长低速记录,0.0,0.0,连续低于10 km/h的记录超过180条
2017-11-06 12:47:58,删除长低速记录,0.0,0.0,连续低于10 km/h的记录超过180条
2017-11-06 12:47:59,删除长低速记录,0.0,0.0,连续低于10 km/h的记录超过180条
2017-11-06 12:48:00,删除长低速记录,0.0,0.0,连续低于10 km/h的记录超过180条
2017-11-06 12:48:01,删除长低速记录,0.0,0.0,连续低于10 km/h的记录超过180条
2017-11-06 12:48:02,删除长低速记录,0.0,0.0,连续低于10 km/h的记录超过180条
2017-11-06 12:48:03,删除长低速记录,0.0,0.0,连续低于10 km/h的记录超过180条
2017-11-06 12:48:04,删除长低速记录,0.0,0.0,连续低于10 km/h的记录超过180条
2017-11-06 12:48:05,删除长低速记录,1.4,1.4,连续低于10 km/h的记录超过180条
2017-11-06 12:48:06,删除长低速记录,1.5,1.5,连续低于10 km/h的记录超过180条
2017-11-06 12:48:07,删除长低速记录,0.0,0.0,连续低于10 km/h的记录超过180条
2017-11-06 12:48:08,删除长低速记录,0.0,0.0,连续低于10 km/h的记录超过180条
2017-11-06 12:48:09,删除长低速记录,0.0,0.0,连续低于10 km/h的记录超过180条
2017-11-06 12:48:10,删除长低速记录,0.0,0.0,连续低于10 km/h的记录超过180条
2017-11-06 12:48:11,删除长低速记录,0.0,0.0,连续低于10 km/h的记录超过180条
2017-11-06 12:48:12,删除长低速记录,0.0,0.0,连续低于10 km/h的记录超过180条
2017-11-06 12:48:13,删除长低速记录,0.0,0.0,连续低于10 km/h的记录超过180条
2017-11-06 12:48:14,删除长低速记录,0.0,0.0,连续低于10 km/h的记录超过180条
2017-11-06 12:48:15,删除长低速记录,0.0,0.0,连续低于10 km/h的记录超过180条
2017-11-06 12:48:16,删除长低速记录,0.0,0.0,连续低于10 km/h的记录超过180条
2017-11-06 12:48:17,删除长低速记录,0.0,0.0,连续低于10 km/h的记录超过180条
2017-11-06 12:48:18,删除长低速记录,0.0,0.0,连续低于10 km/h的记录超过180条
2017-11-06 12:48:19,删除长低速记录,0.0,0.0,连续低于10 km/h的记录超过180条
2017-11-06 12:48:20,删除长低速记录,0.0,0.0,连续低于10 km/h的记录超过180条
2017-11-06 13:13:51,新增插值记录,,47.2,相邻速度 47.2 与 47.2 km/h 的线性中点
2017-11-06 13:20:18,删除长低速记录,0.0,0.0,连续低于10 km/h的记录超过180条
2017-11-06 13:20:19,删除长低速记录,0.0,0.0,连续低于10 km/h的记录超过180条
2017-11-06 13:20:20,删除长低速记录,0.0,0.0,连续低于10 km/h的记录超过180条
2017-11-06 13:20:21,删除长低速记录,0.0,0.0,连续低于10 km/h的记录超过180条
2017-11-06 13:20:22,删除长低速记录,0.0,0.0,连续低于10 km/h的记录超过180条
2017-11-06 13:20:23,删除长低速记录,0.0,0.0,连续低于10 km/h的记录超过180条
2017-11-06 13:20:24,删除长低速记录,0.0,0.0,连续低于10 km/h的记录超过180条
2017-11-06 13:20:25,删除长低速记录,0.0,0.0,连续低于10 km/h的记录超过180条
2017-11-06 13:20:26,删除长低速记录,0.0,0.0,连续低于10 km/h的记录超过180条
2017-11-06 13:20:27,删除长低速记录,0.0,0.0,连续低于10 km/h的记录超过180条
2017-11-06 13:20:28,删除长低速记录,0.0,0.0,连续低于10 km/h的记录超过180条
2017-11-06 13:20:29,删除长低速记录,0.0,0.0,连续低于10 km/h的记录超过180条
2017-11-06 13:20:30,删除长低速记录,0.0,0.0,连续低于10 km/h的记录超过180条
2017-11-06 13:20:31,删除长低速记录,0.0,0.0,连续低于10 km/h的记录超过180条
2017-11-06 13:20:32,删除长低速记录,0.0,0.0,连续低于10 km/h的记录超过180条
2017-11-06 13:20:33,删除长低速记录,0.0,0.0,连续低于10 km/h的记录超过180条
2017-11-06 13:20:34,删除长低速记录,0.0,0.0,连续低于10 km/h的记录超过180条
2017-11-06 13:20:35,删除长低速记录,0.0,0.0,连续低于10 km/h的记录超过180条
2017-11-06 13:20:36,删除长低速记录,0.0,0.0,连续低于10 km/h的记录超过180条
2017-11-06 13:20:37,删除长低速记录,0.0,0.0,连续低于10 km/h的记录超过180条
2017-11-06 13:20:38,删除长低速记录,0.0,0.0,连续低于10 km/h的记录超过180条
2017-11-06 13:20:39,删除长低速记录,0.0,0.0,连续低于10 km/h的记录超过180条
2017-11-06 13:20:40,删除长低速记录,0.0,0.0,连续低于10 km/h的记录超过180条
2017-11-06 13:20:41,删除长低速记录,0.0,0.0,连续低于10 km/h的记录超过180条
2017-11-06 13:20:42,删除长低速记录,0.0,0.0,连续低于10 km/h的记录超过180条
2017-11-06 13:20:43,删除长低速记录,0.0,0.0,连续低于10 km/h的记录超过180条
2017-11-06 13:20:44,删除长低速记录,0.0,0.0,连续低于10 km/h的记录超过180条
2017-11-06 13:20:45,删除长低速记录,0.0,0.0,连续低于10 km/h的记录超过180条
2017-11-06 13:20:46,删除长低速记录,0.0,0.0,连续低于10 km/h的记录超过180条
2017-11-06 13:20:47,删除长低速记录,0.0,0.0,连续低于10 km/h的记录超过180条
2017-11-06 13:20:48,删除长低速记录,0.0,0.0,连续低于10 km/h的记录超过180条
2017-11-06 13:20:49,删除长低速记录,0.0,0.0,连续低于10 km/h的记录超过180条
2017-11-06 13:20:50,删除长低速记录,0.0,0.0,连续低于10 km/h的记录超过180条
2017-11-06 13:20:51,删除长低速记录,0.0,0.0,连续低于10 km/h的记录超过180条
2017-11-06 13:20:52,删除长低速记录,0.0,0.0,连续低于10 km/h的记录超过180条
2017-11-06 13:20:53,删除长低速记录,0.0,0.0,连续低于10 km/h的记录超过180条
2017-11-06 13:20:54,删除长低速记录,0.0,0.0,连续低于10 km/h的记录超过180条
2017-11-06 13:20:55,删除长低速记录,0.0,0.0,连续低于10 km/h的记录超过180条
2017-11-06 13:20:56,删除长低速记录,0.0,0.0,连续低于10 km/h的记录超过180条
2017-11-06 13:20:57,删除长低速记录,0.0,0.0,连续低于10 km/h的记录超过180条
2017-11-06 13:20:58,删除长低速记录,0.0,0.0,连续低于10 km/h的记录超过180条
2017-11-06 13:20:59,删除长低速记录,0.0,0.0,连续低于10 km/h的记录超过180条
2017-11-06 13:21:00,删除长低速记录,0.0,0.0,连续低于10 km/h的记录超过180条
2017-11-06 13:21:01,删除长低速记录,0.0,0.0,连续低于10 km/h的记录超过180条
2017-11-06 13:21:02,删除长低速记录,0.0,0.0,连续低于10 km/h的记录超过180条
2017-11-06 13:21:03,删除长低速记录,0.0,0.0,连续低于10 km/h的记录超过180条
2017-11-06 13:21:04,删除长低速记录,0.0,0.0,连续低于10 km/h的记录超过180条
2017-11-06 13:21:05,删除长低速记录,0.0,0.0,连续低于10 km/h的记录超过180条
2017-11-06 13:21:06,删除长低速记录,0.0,0.0,连续低于10 km/h的记录超过180条
2017-11-06 13:21:07,删除长低速记录,0.0,0.0,连续低于10 km/h的记录超过180条
2017-11-06 13:21:08,删除长低速记录,0.0,0.0,连续低于10 km/h的记录超过180条
2017-11-06 13:21:09,删除长低速记录,0.0,0.0,连续低于10 km/h的记录超过180条
2017-11-06 13:21:10,删除长低速记录,0.0,0.0,连续低于10 km/h的记录超过180条
2017-11-06 13:21:11,删除长低速记录,0.0,0.0,连续低于10 km/h的记录超过180条
2017-11-06 13:21:12,删除长低速记录,0.0,0.0,连续低于10 km/h的记录超过180条
2017-11-06 13:21:13,删除长低速记录,0.0,0.0,连续低于10 km/h的记录超过180条
2017-11-06 13:21:14,删除长低速记录,0.0,0.0,连续低于10 km/h的记录超过180条
2017-11-06 13:21:15,删除长低速记录,0.0,0.0,连续低于10 km/h的记录超过180条
2017-11-06 13:21:16,删除长低速记录,0.0,0.0,连续低于10 km/h的记录超过180条
2017-11-06 13:21:17,删除长低速记录,0.0,0.0,连续低于10 km/h的记录超过180条
2017-11-06 13:21:18,删除长低速记录,0.0,0.0,连续低于10 km/h的记录超过180条
2017-11-06 13:21:19,删除长低速记录,0.0,0.0,连续低于10 km/h的记录超过180条
2017-11-06 13:21:20,删除长低速记录,0.0,0.0,连续低于10 km/h的记录超过180条
2017-11-06 13:21:21,删除长低速记录,0.0,0.0,连续低于10 km/h的记录超过180条
2017-11-06 13:21:22,删除长低速记录,0.0,0.0,连续低于10 km/h的记录超过180条
2017-11-06 13:21:23,删除长低速记录,0.0,0.0,连续低于10 km/h的记录超过180条
2017-11-06 13:21:24,删除长低速记录,0.0,0.0,连续低于10 km/h的记录超过180条
2017-11-06 13:21:25,删除长低速记录,0.0,0.0,连续低于10 km/h的记录超过180条
2017-11-06 13:21:26,删除长低速记录,0.0,0.0,连续低于10 km/h的记录超过180条
2017-11-06 13:21:27,删除长低速记录,0.0,0.0,连续低于10 km/h的记录超过180条
2017-11-06 13:21:28,删除长低速记录,0.0,0.0,连续低于10 km/h的记录超过180条
2017-11-06 13:21:29,删除长低速记录,0.0,0.0,连续低于10 km/h的记录超过180条
2017-11-06 13:21:30,删除长低速记录,0.0,0.0,连续低于10 km/h的记录超过180条
2017-11-06 13:21:31,删除长低速记录,0.0,0.0,连续低于10 km/h的记录超过180条
2017-11-06 13:21:32,删除长低速记录,0.0,0.0,连续低于10 km/h的记录超过180条
2017-11-06 13:21:33,删除长低速记录,0.0,0.0,连续低于10 km/h的记录超过180条
2017-11-06 13:21:34,删除长低速记录,0.0,0.0,连续低于10 km/h的记录超过180条
2017-11-06 13:21:35,删除长低速记录,0.0,0.0,连续低于10 km/h的记录超过180条
2017-11-06 13:21:36,删除长低速记录,0.0,0.0,连续低于10 km/h的记录超过180条
2017-11-06 13:21:37,删除长低速记录,0.0,0.0,连续低于10 km/h的记录超过180条
2017-11-06 13:21:38,删除长低速记录,0.0,0.0,连续低于10 km/h的记录超过180条
2017-11-06 13:21:39,删除长低速记录,0.0,0.0,连续低于10 km/h的记录超过180条
2017-11-06 13:21:40,删除长低速记录,0.0,0.0,连续低于10 km/h的记录超过180条
2017-11-06 13:21:41,删除长低速记录,0.0,0.0,连续低于10 km/h的记录超过180条
2017-11-06 13:21:42,删除长低速记录,0.0,0.0,连续低于10 km/h的记录超过180条
2017-11-06 13:21:43,删除长低速记录,0.0,0.0,连续低于10 km/h的记录超过180条
2017-11-06 13:21:44,删除长低速记录,1.4,1.4,连续低于10 km/h的记录超过180条
2017-11-06 13:21:45,删除长低速记录,0.0,0.0,连续低于10 km/h的记录超过180条
2017-11-06 13:21:46,删除长低速记录,0.0,0.0,连续低于10 km/h的记录超过180条
2017-11-06 13:21:47,删除长低速记录,0.0,0.0,连续低于10 km/h的记录超过180条
2017-11-06 13:21:48,删除长低速记录,0.0,0.0,连续低于10 km/h的记录超过180条
2017-11-06 13:21:49,删除长低速记录,0.0,0.0,连续低于10 km/h的记录超过180条
2017-11-06 13:21:50,删除长低速记录,0.0,0.0,连续低于10 km/h的记录超过180条
2017-11-06 13:21:51,删除长低速记录,0.0,0.0,连续低于10 km/h的记录超过180条
2017-11-06 13:21:52,删除长低速记录,0.0,0.0,连续低于10 km/h的记录超过180条
2017-11-06 13:21:53,删除长低速记录,0.0,0.0,连续低于10 km/h的记录超过180条
2017-11-06 13:21:54,删除长低速记录,0.0,0.0,连续低于10 km/h的记录超过180条
2017-11-06 13:21:55,删除长低速记录,0.0,0.0,连续低于10 km/h的记录超过180条
2017-11-06 13:21:56,删除长低速记录,0.0,0.0,连续低于10 km/h的记录超过180条
2017-11-06 13:21:57,删除长低速记录,0.0,0.0,连续低于10 km/h的记录超过180条
2017-11-06 13:21:58,删除长低速记录,0.0,0.0,连续低于10 km/h的记录超过180条
2017-11-06 13:21:59,删除长低速记录,0.0,0.0,连续低于10 km/h的记录超过180条
2017-11-06 13:22:00,删除长低速记录,0.0,0.0,连续低于10 km/h的记录超过180条
2017-11-06 13:22:01,删除长低速记录,0.0,0.0,连续低于10 km/h的记录超过180条
2017-11-06 13:22:02,删除长低速记录,0.0,0.0,连续低于10 km/h的记录超过180条
2017-11-06 13:22:03,删除长低速记录,0.0,0.0,连续低于10 km/h的记录超过180条
2017-11-06 13:22:04,删除长低速记录,0.0,0.0,连续低于10 km/h的记录超过180条
2017-11-06 13:22:05,删除长低速记录,0.0,0.0,连续低于10 km/h的记录超过180条
2017-11-06 13:22:06,删除长低速记录,0.0,0.0,连续低于10 km/h的记录超过180条
2017-11-06 13:22:07,删除长低速记录,0.0,0.0,连续低于10 km/h的记录超过180条
2017-11-06 13:22:08,删除长低速记录,0.0,0.0,连续低于10 km/h的记录超过180条
2017-11-06 13:22:09,删除长低速记录,0.0,0.0,连续低于10 km/h的记录超过180条
2017-11-06 13:22:10,删除长低速记录,0.0,0.0,连续低于10 km/h的记录超过180条
2017-11-06 13:22:11,删除长低速记录,0.0,0.0,连续低于10 km/h的记录超过180条
2017-11-06 13:22:12,删除长低速记录,0.0,0.0,连续低于10 km/h的记录超过180条
2017-11-06 13:22:13,删除长低速记录,0.0,0.0,连续低于10 km/h的记录超过180条
2017-11-06 13:22:14,删除长低速记录,0.0,0.0,连续低于10 km/h的记录超过180条
2017-11-06 13:22:15,删除长低速记录,0.0,0.0,连续低于10 km/h的记录超过180条
2017-11-06 13:22:16,删除长低速记录,0.0,0.0,连续低于10 km/h的记录超过180条
2017-11-06 13:22:17,删除长低速记录,0.0,0.0,连续低于10 km/h的记录超过180条
2017-11-06 13:22:18,删除长低速记录,0.0,0.0,连续低于10 km/h的记录超过180条
2017-11-06 13:22:19,删除长低速记录,0.0,0.0,连续低于10 km/h的记录超过180条
2017-11-06 13:22:20,删除长低速记录,0.0,0.0,连续低于10 km/h的记录超过180条
2017-11-06 13:22:21,删除长低速记录,0.0,0.0,连续低于10 km/h的记录超过180条
2017-11-06 13:22:22,删除长低速记录,0.0,0.0,连续低于10 km/h的记录超过180条
2017-11-06 13:22:23,删除长低速记录,0.0,0.0,连续低于10 km/h的记录超过180条
2017-11-06 13:22:24,删除长低速记录,0.0,0.0,连续低于10 km/h的记录超过180条
2017-11-06 13:22:25,删除长低速记录,0.0,0.0,连续低于10 km/h的记录超过180条
2017-11-06 13:22:26,删除长低速记录,0.0,0.0,连续低于10 km/h的记录超过180条
2017-11-06 13:22:27,删除长低速记录,0.0,0.0,连续低于10 km/h的记录超过180条
2017-11-06 13:22:28,删除长低速记录,0.0,0.0,连续低于10 km/h的记录超过180条
2017-11-06 13:22:29,删除长低速记录,0.0,0.0,连续低于10 km/h的记录超过180条
2017-11-06 13:22:30,删除长低速记录,0.0,0.0,连续低于10 km/h的记录超过180条
2017-11-06 13:22:31,删除长低速记录,0.0,0.0,连续低于10 km/h的记录超过180条
2017-11-06 13:22:32,删除长低速记录,0.0,0.0,连续低于10 km/h的记录超过180条
2017-11-06 13:22:33,删除长低速记录,0.0,0.0,连续低于10 km/h的记录超过180条
2017-11-06 13:22:34,删除长低速记录,0.0,0.0,连续低于10 km/h的记录超过180条
2017-11-06 13:22:35,删除长低速记录,0.0,0.0,连续低于10 km/h的记录超过180条
2017-11-06 13:22:36,删除长低速记录,0.0,0.0,连续低于10 km/h的记录超过180条
2017-11-06 13:22:37,删除长低速记录,0.0,0.0,连续低于10 km/h的记录超过180条
2017-11-06 13:22:38,删除长低速记录,0.0,0.0,连续低于10 km/h的记录超过180条
2017-11-06 13:22:39,删除长低速记录,0.0,0.0,连续低于10 km/h的记录超过180条
2017-11-06 13:22:40,删除长低速记录,0.0,0.0,连续低于10 km/h的记录超过180条
2017-11-06 13:22:41,删除长低速记录,0.0,0.0,连续低于10 km/h的记录超过180条
2017-11-06 13:22:42,删除长低速记录,0.0,0.0,连续低于10 km/h的记录超过180条
2017-11-06 13:22:43,删除长低速记录,0.0,0.0,连续低于10 km/h的记录超过180条
2017-11-06 13:22:44,删除长低速记录,0.0,0.0,连续低于10 km/h的记录超过180条
2017-11-06 13:22:45,删除长低速记录,0.0,0.0,连续低于10 km/h的记录超过180条
2017-11-06 13:22:46,删除长低速记录,0.0,0.0,连续低于10 km/h的记录超过180条
2017-11-06 13:22:47,删除长低速记录,0.0,0.0,连续低于10 km/h的记录超过180条
2017-11-06 13:22:48,删除长低速记录,0.0,0.0,连续低于10 km/h的记录超过180条
2017-11-06 13:22:49,删除长低速记录,0.0,0.0,连续低于10 km/h的记录超过180条
2017-11-06 13:22:50,删除长低速记录,0.0,0.0,连续低于10 km/h的记录超过180条
2017-11-06 13:22:51,删除长低速记录,0.0,0.0,连续低于10 km/h的记录超过180条
2017-11-06 13:22:52,删除长低速记录,0.0,0.0,连续低于10 km/h的记录超过180条
2017-11-06 13:22:53,删除长低速记录,0.0,0.0,连续低于10 km/h的记录超过180条
2017-11-06 13:22:54,删除长低速记录,0.0,0.0,连续低于10 km/h的记录超过180条
2017-11-06 13:22:55,删除长低速记录,0.0,0.0,连续低于10 km/h的记录超过180条
2017-11-06 13:22:56,删除长低速记录,0.0,0.0,连续低于10 km/h的记录超过180条
2017-11-06 13:22:57,删除长低速记录,0.0,0.0,连续低于10 km/h的记录超过180条
2017-11-06 13:22:58,删除长低速记录,0.0,0.0,连续低于10 km/h的记录超过180条
2017-11-06 13:22:59,删除长低速记录,0.0,0.0,连续低于10 km/h的记录超过180条
2017-11-06 13:23:00,删除长低速记录,0.0,0.0,连续低于10 km/h的记录超过180条
2017-11-06 13:23:01,删除长低速记录,0.0,0.0,连续低于10 km/h的记录超过180条
2017-11-06 13:23:02,删除长低速记录,0.0,0.0,连续低于10 km/h的记录超过180条
2017-11-06 13:23:03,删除长低速记录,0.0,0.0,连续低于10 km/h的记录超过180条
2017-11-06 13:23:04,删除长低速记录,0.0,0.0,连续低于10 km/h的记录超过180条
2017-11-06 13:23:05,删除长低速记录,0.0,0.0,连续低于10 km/h的记录超过180条
2017-11-06 13:23:06,删除长低速记录,0.0,0.0,连续低于10 km/h的记录超过180条
2017-11-06 13:23:07,删除长低速记录,0.0,0.0,连续低于10 km/h的记录超过180条
2017-11-06 13:23:08,删除长低速记录,0.0,0.0,连续低于10 km/h的记录超过180条
2017-11-06 13:23:09,删除长低速记录,0.0,0.0,连续低于10 km/h的记录超过180条
2017-11-06 13:23:10,删除长低速记录,0.0,0.0,连续低于10 km/h的记录超过180条
2017-11-06 13:23:11,删除长低速记录,0.0,0.0,连续低于10 km/h的记录超过180条
2017-11-06 13:23:12,删除长低速记录,0.0,0.0,连续低于10 km/h的记录超过180条
2017-11-06 13:23:13,删除长低速记录,0.0,0.0,连续低于10 km/h的记录超过180条
2017-11-06 13:23:14,删除长低速记录,0.0,0.0,连续低于10 km/h的记录超过180条
2017-11-06 13:23:15,删除长低速记录,0.0,0.0,连续低于10 km/h的记录超过180条
2017-11-06 13:23:16,删除长低速记录,0.0,0.0,连续低于10 km/h的记录超过180条
2017-11-06 13:23:17,删除长低速记录,0.0,0.0,连续低于10 km/h的记录超过180条
2017-11-06 13:23:18,删除长低速记录,0.0,0.0,连续低于10 km/h的记录超过180条
2017-11-06 13:23:19,删除长低速记录,0.0,0.0,连续低于10 km/h的记录超过180条
2017-11-06 13:23:20,删除长低速记录,0.0,0.0,连续低于10 km/h的记录超过180条
2017-11-06 13:23:21,删除长低速记录,0.0,0.0,连续低于10 km/h的记录超过180条
2017-11-06 13:23:22,删除长低速记录,0.0,0.0,连续低于10 km/h的记录超过180条
2017-11-06 13:23:23,删除长低速记录,0.0,0.0,连续低于10 km/h的记录超过180条
2017-11-06 13:23:24,删除长低速记录,0.0,0.0,连续低于10 km/h的记录超过180条
2017-11-06 13:23:25,删除长低速记录,0.0,0.0,连续低于10 km/h的记录超过180条
2017-11-06 13:23:26,删除长低速记录,0.0,0.0,连续低于10 km/h的记录超过180条
2017-11-06 13:23:27,删除长低速记录,0.0,0.0,连续低于10 km/h的记录超过180条
2017-11-06 13:23:28,删除长低速记录,0.0,0.0,连续低于10 km/h的记录超过180条
2017-11-06 13:23:29,删除长低速记录,0.0,0.0,连续低于10 km/h的记录超过180条
2017-11-06 13:23:30,删除长低速记录,0.0,0.0,连续低于10 km/h的记录超过180条
2017-11-06 13:23:31,删除长低速记录,0.0,0.0,连续低于10 km/h的记录超过180条
2017-11-06 13:23:32,删除长低速记录,0.0,0.0,连续低于10 km/h的记录超过180条
2017-11-06 13:23:33,删除长低速记录,0.0,0.0,连续低于10 km/h的记录超过180条
2017-11-06 13:23:34,删除长低速记录,0.0,0.0,连续低于10 km/h的记录超过180条
2017-11-06 13:23:35,删除长低速记录,0.0,0.0,连续低于10 km/h的记录超过180条
2017-11-06 13:23:36,删除长低速记录,0.0,0.0,连续低于10 km/h的记录超过180条
2017-11-06 13:23:37,删除长低速记录,0.0,0.0,连续低于10 km/h的记录超过180条
2017-11-06 13:23:38,删除长低速记录,0.0,0.0,连续低于10 km/h的记录超过180条
2017-11-06 13:23:39,删除长低速记录,0.0,0.0,连续低于10 km/h的记录超过180条
2017-11-06 13:23:40,删除长低速记录,0.0,0.0,连续低于10 km/h的记录超过180条
2017-11-06 13:23:41,删除长低速记录,0.0,0.0,连续低于10 km/h的记录超过180条
2017-11-06 13:23:42,删除长低速记录,0.0,0.0,连续低于10 km/h的记录超过180条
2017-11-06 13:23:43,删除长低速记录,0.0,0.0,连续低于10 km/h的记录超过180条
2017-11-06 13:23:44,删除长低速记录,0.0,0.0,连续低于10 km/h的记录超过180条
2017-11-06 13:23:45,删除长低速记录,0.0,0.0,连续低于10 km/h的记录超过180条
2017-11-06 13:23:46,删除长低速记录,0.0,0.0,连续低于10 km/h的记录超过180条
2017-11-06 13:23:47,删除长低速记录,0.0,0.0,连续低于10 km/h的记录超过180条
2017-11-06 13:23:48,删除长低速记录,0.0,0.0,连续低于10 km/h的记录超过180条
2017-11-06 13:23:49,删除长低速记录,0.0,0.0,连续低于10 km/h的记录超过180条
2017-11-06 13:23:50,删除长低速记录,0.0,0.0,连续低于10 km/h的记录超过180条
2017-11-06 13:23:51,删除长低速记录,0.0,0.0,连续低于10 km/h的记录超过180条
2017-11-06 13:23:52,删除长低速记录,0.0,0.0,连续低于10 km/h的记录超过180条
2017-11-06 13:23:53,删除长低速记录,0.0,0.0,连续低于10 km/h的记录超过180条
2017-11-06 13:23:54,删除长低速记录,0.0,0.0,连续低于10 km/h的记录超过180条
2017-11-06 13:23:55,删除长低速记录,0.0,0.0,连续低于10 km/h的记录超过180条
2017-11-06 13:23:56,删除长低速记录,0.0,0.0,连续低于10 km/h的记录超过180条
2017-11-06 13:23:57,删除长低速记录,0.0,0.0,连续低于10 km/h的记录超过180条
2017-11-06 13:23:58,删除长低速记录,0.0,0.0,连续低于10 km/h的记录超过180条
2017-11-06 13:23:59,删除长低速记录,0.0,0.0,连续低于10 km/h的记录超过180条
2017-11-06 13:24:00,删除长低速记录,0.0,0.0,连续低于10 km/h的记录超过180条
2017-11-06 13:24:01,删除长低速记录,0.0,0.0,连续低于10 km/h的记录超过180条
2017-11-06 13:24:02,删除长低速记录,0.0,0.0,连续低于10 km/h的记录超过180条
2017-11-06 13:24:03,删除长低速记录,0.0,0.0,连续低于10 km/h的记录超过180条
2017-11-06 13:24:04,删除长低速记录,0.0,0.0,连续低于10 km/h的记录超过180条
2017-11-06 13:24:05,删除长低速记录,0.0,0.0,连续低于10 km/h的记录超过180条
2017-11-06 13:24:06,删除长低速记录,0.0,0.0,连续低于10 km/h的记录超过180条
2017-11-06 13:24:07,删除长低速记录,0.0,0.0,连续低于10 km/h的记录超过180条
2017-11-06 13:24:08,删除长低速记录,0.0,0.0,连续低于10 km/h的记录超过180条
2017-11-06 13:24:09,删除长低速记录,0.0,0.0,连续低于10 km/h的记录超过180条
2017-11-06 13:24:10,删除长低速记录,0.0,0.0,连续低于10 km/h的记录超过180条
2017-11-06 13:24:11,删除长低速记录,0.0,0.0,连续低于10 km/h的记录超过180条
2017-11-06 13:24:12,删除长低速记录,0.0,0.0,连续低于10 km/h的记录超过180条
2017-11-06 13:24:13,删除长低速记录,0.0,0.0,连续低于10 km/h的记录超过180条
2017-11-06 13:24:14,删除长低速记录,0.0,0.0,连续低于10 km/h的记录超过180条
2017-11-06 13:24:15,删除长低速记录,0.0,0.0,连续低于10 km/h的记录超过180条
2017-11-06 13:24:16,删除长低速记录,0.0,0.0,连续低于10 km/h的记录超过180条
2017-11-06 13:24:17,删除长低速记录,0.0,0.0,连续低于10 km/h的记录超过180条
2017-11-06 13:24:18,删除长低速记录,0.0,0.0,连续低于10 km/h的记录超过180条
2017-11-06 13:24:19,删除长低速记录,0.0,0.0,连续低于10 km/h的记录超过180条
2017-11-06 13:24:20,删除长低速记录,0.0,0.0,连续低于10 km/h的记录超过180条
2017-11-06 13:24:21,删除长低速记录,0.0,0.0,连续低于10 km/h的记录超过180条
2017-11-06 13:24:22,删除长低速记录,0.0,0.0,连续低于10 km/h的记录超过180条
2017-11-06 13:24:23,删除长低速记录,0.0,0.0,连续低于10 km/h的记录超过180条
2017-11-06 13:24:24,删除长低速记录,0.0,0.0,连续低于10 km/h的记录超过180条
2017-11-06 13:24:25,删除长低速记录,0.0,0.0,连续低于10 km/h的记录超过180条
2017-11-06 13:24:26,删除长低速记录,0.0,0.0,连续低于10 km/h的记录超过180条
2017-11-06 13:24:27,删除长低速记录,0.0,0.0,连续低于10 km/h的记录超过180条
2017-11-06 13:24:28,删除长低速记录,0.0,0.0,连续低于10 km/h的记录超过180条
2017-11-06 13:24:29,删除长低速记录,0.0,0.0,连续低于10 km/h的记录超过180条
2017-11-06 13:24:30,删除长低速记录,0.0,0.0,连续低于10 km/h的记录超过180条
2017-11-06 13:24:31,删除长低速记录,0.0,0.0,连续低于10 km/h的记录超过180条
2017-11-06 13:24:32,删除长低速记录,0.0,0.0,连续低于10 km/h的记录超过180条
2017-11-06 13:24:33,删除长低速记录,0.0,0.0,连续低于10 km/h的记录超过180条
2017-11-06 13:24:34,删除长低速记录,0.0,0.0,连续低于10 km/h的记录超过180条
2017-11-06 13:24:35,删除长低速记录,0.0,0.0,连续低于10 km/h的记录超过180条
2017-11-06 13:24:36,删除长低速记录,0.0,0.0,连续低于10 km/h的记录超过180条
2017-11-06 13:24:37,删除长低速记录,0.0,0.0,连续低于10 km/h的记录超过180条
2017-11-06 13:24:38,删除长低速记录,0.0,0.0,连续低于10 km/h的记录超过180条
2017-11-06 13:24:39,删除长低速记录,0.0,0.0,连续低于10 km/h的记录超过180条
2017-11-06 13:24:40,删除长低速记录,0.0,0.0,连续低于10 km/h的记录超过180条
2017-11-06 13:24:41,删除长低速记录,0.0,0.0,连续低于10 km/h的记录超过180条
2017-11-06 13:24:42,删除长低速记录,0.0,0.0,连续低于10 km/h的记录超过180条
2017-11-06 13:24:43,删除长低速记录,0.0,0.0,连续低于10 km/h的记录超过180条
2017-11-06 13:24:44,删除长低速记录,0.0,0.0,连续低于10 km/h的记录超过180条
2017-11-06 13:24:45,删除长低速记录,0.0,0.0,连续低于10 km/h的记录超过180条
2017-11-06 13:24:46,删除长低速记录,0.0,0.0,连续低于10 km/h的记录超过180条
2017-11-06 13:24:47,删除长低速记录,0.0,0.0,连续低于10 km/h的记录超过180条
2017-11-06 13:24:48,删除长低速记录,0.0,0.0,连续低于10 km/h的记录超过180条
2017-11-06 13:24:49,删除长低速记录,0.0,0.0,连续低于10 km/h的记录超过180条
2017-11-06 13:24:50,删除长低速记录,0.0,0.0,连续低于10 km/h的记录超过180条
2017-11-06 13:24:51,删除长低速记录,0.0,0.0,连续低于10 km/h的记录超过180条
2017-11-06 13:24:52,删除长低速记录,0.0,0.0,连续低于10 km/h的记录超过180条
2017-11-06 13:24:53,删除长低速记录,0.0,0.0,连续低于10 km/h的记录超过180条
2017-11-06 13:24:54,删除长低速记录,0.0,0.0,连续低于10 km/h的记录超过180条
2017-11-06 13:24:55,删除长低速记录,0.0,0.0,连续低于10 km/h的记录超过180条
2017-11-06 13:24:56,删除长低速记录,0.0,0.0,连续低于10 km/h的记录超过180条
2017-11-06 13:24:57,删除长低速记录,0.0,0.0,连续低于10 km/h的记录超过180条
2017-11-06 13:24:58,删除长低速记录,0.0,0.0,连续低于10 km/h的记录超过180条
2017-11-06 13:24:59,删除长低速记录,0.0,0.0,连续低于10 km/h的记录超过180条
2017-11-06 13:25:00,删除长低速记录,0.0,0.0,连续低于10 km/h的记录超过180条
2017-11-06 13:25:01,删除长低速记录,0.0,0.0,连续低于10 km/h的记录超过180条
2017-11-06 13:25:02,删除长低速记录,0.0,0.0,连续低于10 km/h的记录超过180条
2017-11-06 13:25:03,删除长低速记录,0.0,0.0,连续低于10 km/h的记录超过180条
2017-11-06 13:25:04,删除长低速记录,0.0,0.0,连续低于10 km/h的记录超过180条
2017-11-06 13:25:05,删除长低速记录,0.0,0.0,连续低于10 km/h的记录超过180条
2017-11-06 13:25:06,删除长低速记录,0.0,0.0,连续低于10 km/h的记录超过180条
2017-11-06 13:25:07,删除长低速记录,0.0,0.0,连续低于10 km/h的记录超过180条
2017-11-06 13:25:08,删除长低速记录,0.0,0.0,连续低于10 km/h的记录超过180条
2017-11-06 13:25:09,删除长低速记录,0.0,0.0,连续低于10 km/h的记录超过180条
2017-11-06 13:25:10,删除长低速记录,0.0,0.0,连续低于10 km/h的记录超过180条
2017-11-06 13:25:11,删除长低速记录,0.0,0.0,连续低于10 km/h的记录超过180条
2017-11-06 13:25:12,删除长低速记录,1.9,1.9,连续低于10 km/h的记录超过180条
2017-11-06 13:25:13,删除长低速记录,3.0,3.0,连续低于10 km/h的记录超过180条
2017-11-06 13:25:14,删除长低速记录,3.0,3.0,连续低于10 km/h的记录超过180条
2017-11-06 13:25:15,删除长低速记录,2.6,2.6,连续低于10 km/h的记录超过180条
2017-11-06 13:25:16,删除长低速记录,2.7,2.7,连续低于10 km/h的记录超过180条
2017-11-06 13:25:17,删除长低速记录,0.0,0.0,连续低于10 km/h的记录超过180条
2017-11-06 13:25:18,删除长低速记录,0.0,0.0,连续低于10 km/h的记录超过180条
2017-11-06 13:25:19,删除长低速记录,0.0,0.0,连续低于10 km/h的记录超过180条
2017-11-06 13:25:20,删除长低速记录,0.0,0.0,连续低于10 km/h的记录超过180条
2017-11-06 13:25:21,删除长低速记录,0.0,0.0,连续低于10 km/h的记录超过180条
2017-11-06 13:25:22,删除长低速记录,1.7,1.7,连续低于10 km/h的记录超过180条
2017-11-06 13:25:23,删除长低速记录,1.6,1.6,连续低于10 km/h的记录超过180条
2017-11-06 13:25:24,删除长低速记录,1.6,1.6,连续低于10 km/h的记录超过180条
2017-11-06 13:25:25,删除长低速记录,2.1,2.1,连续低于10 km/h的记录超过180条
2017-11-06 13:25:26,删除长低速记录,2.1,2.1,连续低于10 km/h的记录超过180条
2017-11-06 13:25:27,删除长低速记录,1.5,1.5,连续低于10 km/h的记录超过180条
2017-11-06 13:25:28,删除长低速记录,1.5,1.5,连续低于10 km/h的记录超过180条
2017-11-06 13:25:29,删除长低速记录,1.5,1.5,连续低于10 km/h的记录超过180条
2017-11-06 13:25:30,删除长低速记录,0.0,0.0,连续低于10 km/h的记录超过180条
2017-11-06 13:25:31,删除长低速记录,0.0,0.0,连续低于10 km/h的记录超过180条
2017-11-06 13:25:32,删除长低速记录,0.0,0.0,连续低于10 km/h的记录超过180条
2017-11-06 13:25:33,删除长低速记录,0.0,0.0,连续低于10 km/h的记录超过180条
2017-11-06 13:25:34,删除长低速记录,1.4,1.4,连续低于10 km/h的记录超过180条
2017-11-06 13:25:35,删除长低速记录,0.0,0.0,连续低于10 km/h的记录超过180条
2017-11-06 13:25:36,删除长低速记录,0.0,0.0,连续低于10 km/h的记录超过180条
2017-11-06 13:25:37,删除长低速记录,0.0,0.0,连续低于10 km/h的记录超过180条
2017-11-06 13:25:38,删除长低速记录,0.0,0.0,连续低于10 km/h的记录超过180条
2017-11-06 13:25:39,删除长低速记录,0.0,0.0,连续低于10 km/h的记录超过180条
2017-11-06 13:25:40,删除长低速记录,0.0,0.0,连续低于10 km/h的记录超过180条
2017-11-06 13:25:41,删除长低速记录,0.0,0.0,连续低于10 km/h的记录超过180条
2017-11-06 13:25:42,删除长低速记录,0.0,0.0,连续低于10 km/h的记录超过180条
2017-11-06 13:25:43,删除长低速记录,0.0,0.0,连续低于10 km/h的记录超过180条
2017-11-06 13:25:44,删除长低速记录,0.0,0.0,连续低于10 km/h的记录超过180条
2017-11-06 13:25:45,删除长低速记录,0.0,0.0,连续低于10 km/h的记录超过180条
2017-11-06 13:25:46,删除长低速记录,0.0,0.0,连续低于10 km/h的记录超过180条
2017-11-06 13:25:47,删除长低速记录,0.0,0.0,连续低于10 km/h的记录超过180条
2017-11-06 13:25:48,删除长低速记录,0.0,0.0,连续低于10 km/h的记录超过180条
2017-11-06 13:25:49,删除长低速记录,0.0,0.0,连续低于10 km/h的记录超过180条
2017-11-06 13:25:50,删除长低速记录,0.0,0.0,连续低于10 km/h的记录超过180条
2017-11-06 13:25:51,删除长低速记录,0.0,0.0,连续低于10 km/h的记录超过180条
2017-11-06 13:25:52,删除长低速记录,1.9,1.9,连续低于10 km/h的记录超过180条
2017-11-06 13:25:53,删除长低速记录,1.8,1.8,连续低于10 km/h的记录超过180条
2017-11-06 13:25:54,删除长低速记录,1.8,1.8,连续低于10 km/h的记录超过180条
2017-11-06 13:25:55,删除长低速记录,0.0,0.0,连续低于10 km/h的记录超过180条
2017-11-06 13:25:56,删除长低速记录,0.0,0.0,连续低于10 km/h的记录超过180条
2017-11-06 13:25:57,删除长低速记录,0.0,0.0,连续低于10 km/h的记录超过180条
2017-11-06 13:25:58,删除长低速记录,0.0,0.0,连续低于10 km/h的记录超过180条
2017-11-06 13:25:59,删除长低速记录,0.0,0.0,连续低于10 km/h的记录超过180条
2017-11-06 13:26:00,删除长低速记录,0.0,0.0,连续低于10 km/h的记录超过180条
2017-11-06 13:26:01,删除长低速记录,0.0,0.0,连续低于10 km/h的记录超过180条
2017-11-06 13:26:02,删除长低速记录,0.0,0.0,连续低于10 km/h的记录超过180条
2017-11-06 13:26:03,删除长低速记录,0.0,0.0,连续低于10 km/h的记录超过180条
2017-11-06 13:26:04,删除长低速记录,0.0,0.0,连续低于10 km/h的记录超过180条
2017-11-06 13:26:05,删除长低速记录,0.0,0.0,连续低于10 km/h的记录超过180条
2017-11-06 13:26:06,删除长低速记录,0.0,0.0,连续低于10 km/h的记录超过180条
2017-11-06 13:26:07,删除长低速记录,0.0,0.0,连续低于10 km/h的记录超过180条
2017-11-06 13:26:08,删除长低速记录,0.0,0.0,连续低于10 km/h的记录超过180条
2017-11-06 13:26:09,删除长低速记录,0.0,0.0,连续低于10 km/h的记录超过180条
2017-11-06 13:26:10,删除长低速记录,0.0,0.0,连续低于10 km/h的记录超过180条
2017-11-06 13:26:11,删除长低速记录,0.0,0.0,连续低于10 km/h的记录超过180条
2017-11-06 13:26:12,删除长低速记录,0.0,0.0,连续低于10 km/h的记录超过180条
2017-11-06 13:26:13,删除长低速记录,0.0,0.0,连续低于10 km/h的记录超过180条
2017-11-06 13:26:14,删除长低速记录,0.0,0.0,连续低于10 km/h的记录超过180条
2017-11-06 13:26:15,删除长低速记录,0.0,0.0,连续低于10 km/h的记录超过180条
2017-11-06 13:26:16,删除长低速记录,0.0,0.0,连续低于10 km/h的记录超过180条
2017-11-06 13:26:17,删除长低速记录,0.0,0.0,连续低于10 km/h的记录超过180条
2017-11-06 13:26:18,删除长低速记录,0.0,0.0,连续低于10 km/h的记录超过180条
2017-11-06 13:26:19,删除长低速记录,0.0,0.0,连续低于10 km/h的记录超过180条
2017-11-06 13:26:20,删除长低速记录,0.0,0.0,连续低于10 km/h的记录超过180条
2017-11-06 13:26:21,删除长低速记录,0.0,0.0,连续低于10 km/h的记录超过180条
2017-11-06 13:26:22,删除长低速记录,0.0,0.0,连续低于10 km/h的记录超过180条
2017-11-06 13:26:23,删除长低速记录,0.0,0.0,连续低于10 km/h的记录超过180条
2017-11-06 13:26:24,删除长低速记录,0.0,0.0,连续低于10 km/h的记录超过180条
2017-11-06 13:26:25,删除长低速记录,0.0,0.0,连续低于10 km/h的记录超过180条
2017-11-06 13:26:26,删除长低速记录,0.0,0.0,连续低于10 km/h的记录超过180条
2017-11-06 13:26:27,删除长低速记录,0.0,0.0,连续低于10 km/h的记录超过180条
2017-11-06 13:26:28,删除长低速记录,0.0,0.0,连续低于10 km/h的记录超过180条
2017-11-06 13:26:29,删除长低速记录,0.0,0.0,连续低于10 km/h的记录超过180条
2017-11-06 13:26:30,删除长低速记录,0.0,0.0,连续低于10 km/h的记录超过180条
2017-11-06 13:26:31,删除长低速记录,0.0,0.0,连续低于10 km/h的记录超过180条
2017-11-06 13:26:32,删除长低速记录,0.0,0.0,连续低于10 km/h的记录超过180条
2017-11-06 13:26:33,删除长低速记录,0.0,0.0,连续低于10 km/h的记录超过180条
2017-11-06 13:26:34,删除长低速记录,0.0,0.0,连续低于10 km/h的记录超过180条
2017-11-06 13:26:35,删除长低速记录,0.0,0.0,连续低于10 km/h的记录超过180条
2017-11-06 13:26:36,删除长低速记录,0.0,0.0,连续低于10 km/h的记录超过180条
2017-11-06 13:26:37,删除长低速记录,0.0,0.0,连续低于10 km/h的记录超过180条
2017-11-06 13:26:38,删除长低速记录,0.0,0.0,连续低于10 km/h的记录超过180条
2017-11-06 13:26:39,删除长低速记录,0.0,0.0,连续低于10 km/h的记录超过180条
2017-11-06 13:26:40,删除长低速记录,0.0,0.0,连续低于10 km/h的记录超过180条
2017-11-06 13:26:41,删除长低速记录,0.0,0.0,连续低于10 km/h的记录超过180条
2017-11-06 13:26:42,删除长低速记录,0.0,0.0,连续低于10 km/h的记录超过180条
2017-11-06 13:26:43,删除长低速记录,0.0,0.0,连续低于10 km/h的记录超过180条
2017-11-06 13:26:44,删除长低速记录,0.0,0.0,连续低于10 km/h的记录超过180条
2017-11-06 13:26:45,删除长低速记录,0.0,0.0,连续低于10 km/h的记录超过180条
2017-11-06 13:26:46,删除长低速记录,0.0,0.0,连续低于10 km/h的记录超过180条
2017-11-06 13:26:47,删除长低速记录,0.0,0.0,连续低于10 km/h的记录超过180条
2017-11-06 13:26:48,删除长低速记录,0.0,0.0,连续低于10 km/h的记录超过180条
2017-11-06 13:26:49,删除长低速记录,0.0,0.0,连续低于10 km/h的记录超过180条
2017-11-06 13:26:50,删除长低速记录,0.0,0.0,连续低于10 km/h的记录超过180条
2017-11-06 13:26:51,删除长低速记录,2.6,2.6,连续低于10 km/h的记录超过180条
2017-11-06 13:26:52,删除长低速记录,2.6,2.6,连续低于10 km/h的记录超过180条
2017-11-06 13:26:53,删除长低速记录,2.5,2.5,连续低于10 km/h的记录超过180条
2017-11-06 13:26:54,删除长低速记录,2.4,2.4,连续低于10 km/h的记录超过180条
2017-11-06 13:26:55,删除长低速记录,4.6,4.6,连续低于10 km/h的记录超过180条
2017-11-06 13:26:56,删除长低速记录,,4.6,连续低于10 km/h的记录超过180条
2017-11-06 13:26:56,新增插值记录,,4.6,相邻速度 4.6 与 4.6 km/h 的线性中点
2017-11-06 13:26:57,删除长低速记录,4.6,4.6,连续低于10 km/h的记录超过180条
2017-11-06 13:26:58,删除长低速记录,0.0,0.0,连续低于10 km/h的记录超过180条
2017-11-06 13:26:59,删除长低速记录,0.0,0.0,连续低于10 km/h的记录超过180条
2017-11-06 13:27:00,删除长低速记录,0.0,0.0,连续低于10 km/h的记录超过180条
2017-11-06 13:27:01,删除长低速记录,0.0,0.0,连续低于10 km/h的记录超过180条
2017-11-06 13:27:02,删除长低速记录,4.0,4.0,连续低于10 km/h的记录超过180条
2017-11-06 13:27:03,删除长低速记录,4.7,4.7,连续低于10 km/h的记录超过180条
2017-11-06 13:27:04,删除长低速记录,3.7,3.7,连续低于10 km/h的记录超过180条
2017-11-06 13:27:05,删除长低速记录,0.0,0.0,连续低于10 km/h的记录超过180条
2017-11-06 13:27:06,删除长低速记录,0.0,0.0,连续低于10 km/h的记录超过180条
2017-11-06 13:27:07,删除长低速记录,0.0,0.0,连续低于10 km/h的记录超过180条
2017-11-06 13:27:08,删除长低速记录,0.0,0.0,连续低于10 km/h的记录超过180条
2017-11-06 13:27:09,删除长低速记录,0.0,0.0,连续低于10 km/h的记录超过180条
2017-11-06 13:27:10,删除长低速记录,0.0,0.0,连续低于10 km/h的记录超过180条
2017-11-06 13:27:11,删除长低速记录,0.0,0.0,连续低于10 km/h的记录超过180条
2017-11-06 13:27:12,删除长低速记录,0.0,0.0,连续低于10 km/h的记录超过180条
2017-11-06 13:27:13,删除长低速记录,0.0,0.0,连续低于10 km/h的记录超过180条
2017-11-06 13:27:14,删除长低速记录,,0.0,连续低于10 km/h的记录超过180条
2017-11-06 13:27:14,新增插值记录,,0.0,相邻速度 0 与 0 km/h 的线性中点
2017-11-06 13:27:15,删除长低速记录,0.0,0.0,连续低于10 km/h的记录超过180条
2017-11-06 13:27:16,删除长低速记录,0.0,0.0,连续低于10 km/h的记录超过180条
2017-11-06 13:27:17,删除长低速记录,0.0,0.0,连续低于10 km/h的记录超过180条
2017-11-06 13:27:18,删除长低速记录,0.0,0.0,连续低于10 km/h的记录超过180条
2017-11-06 13:27:19,删除长低速记录,0.0,0.0,连续低于10 km/h的记录超过180条
2017-11-06 13:27:20,删除长低速记录,0.0,0.0,连续低于10 km/h的记录超过180条
2017-11-06 13:27:21,删除长低速记录,0.0,0.0,连续低于10 km/h的记录超过180条
2017-11-06 13:27:22,删除长低速记录,0.0,0.0,连续低于10 km/h的记录超过180条
2017-11-06 13:27:23,删除长低速记录,0.0,0.0,连续低于10 km/h的记录超过180条
2017-11-06 13:27:24,删除长低速记录,0.0,0.0,连续低于10 km/h的记录超过180条
2017-11-06 13:27:25,删除长低速记录,0.0,0.0,连续低于10 km/h的记录超过180条
2017-11-06 13:27:26,删除长低速记录,0.0,0.0,连续低于10 km/h的记录超过180条
2017-11-06 13:27:27,删除长低速记录,0.0,0.0,连续低于10 km/h的记录超过180条
2017-11-06 13:27:28,删除长低速记录,1.9,1.9,连续低于10 km/h的记录超过180条
2017-11-06 13:27:29,删除长低速记录,2.4,2.4,连续低于10 km/h的记录超过180条
2017-11-06 13:27:30,删除长低速记录,2.4,2.4,连续低于10 km/h的记录超过180条
2017-11-06 13:27:31,删除长低速记录,2.0,2.0,连续低于10 km/h的记录超过180条
2017-11-06 13:27:32,删除长低速记录,1.9,1.9,连续低于10 km/h的记录超过180条
2017-11-06 13:27:33,删除长低速记录,1.4,1.4,连续低于10 km/h的记录超过180条
2017-11-06 13:27:34,删除长低速记录,0.0,0.0,连续低于10 km/h的记录超过180条
2017-11-06 13:27:35,删除长低速记录,0.0,0.0,连续低于10 km/h的记录超过180条
2017-11-06 13:27:36,删除长低速记录,0.0,0.0,连续低于10 km/h的记录超过180条
2017-11-06 13:27:37,删除长低速记录,0.0,0.0,连续低于10 km/h的记录超过180条
2017-11-06 13:27:38,删除长低速记录,0.0,0.0,连续低于10 km/h的记录超过180条
2017-11-06 13:27:39,删除长低速记录,0.0,0.0,连续低于10 km/h的记录超过180条
2017-11-06 13:27:40,删除长低速记录,0.0,0.0,连续低于10 km/h的记录超过180条
2017-11-06 13:27:41,删除长低速记录,0.0,0.0,连续低于10 km/h的记录超过180条
2017-11-06 13:27:42,删除长低速记录,0.0,0.0,连续低于10 km/h的记录超过180条
2017-11-06 13:27:43,删除长低速记录,0.0,0.0,连续低于10 km/h的记录超过180条
2017-11-06 13:27:44,删除长低速记录,0.0,0.0,连续低于10 km/h的记录超过180条
2017-11-06 13:27:45,删除长低速记录,0.0,0.0,连续低于10 km/h的记录超过180条
2017-11-06 13:27:46,删除长低速记录,0.0,0.0,连续低于10 km/h的记录超过180条
2017-11-06 13:27:47,删除长低速记录,0.0,0.0,连续低于10 km/h的记录超过180条
2017-11-06 13:27:48,删除长低速记录,0.0,0.0,连续低于10 km/h的记录超过180条
2017-11-06 13:27:49,删除长低速记录,0.0,0.0,连续低于10 km/h的记录超过180条
2017-11-06 13:27:50,删除长低速记录,0.0,0.0,连续低于10 km/h的记录超过180条
2017-11-06 13:27:51,删除长低速记录,0.0,0.0,连续低于10 km/h的记录超过180条
2017-11-06 13:27:52,删除长低速记录,0.0,0.0,连续低于10 km/h的记录超过180条
2017-11-06 13:27:53,删除长低速记录,0.0,0.0,连续低于10 km/h的记录超过180条
2017-11-06 13:27:54,删除长低速记录,0.0,0.0,连续低于10 km/h的记录超过180条
2017-11-06 13:27:55,删除长低速记录,0.0,0.0,连续低于10 km/h的记录超过180条
2017-11-06 13:27:56,删除长低速记录,0.0,0.0,连续低于10 km/h的记录超过180条
2017-11-06 13:27:57,删除长低速记录,0.0,0.0,连续低于10 km/h的记录超过180条
2017-11-06 13:27:58,删除长低速记录,0.0,0.0,连续低于10 km/h的记录超过180条
2017-11-06 13:27:59,删除长低速记录,0.0,0.0,连续低于10 km/h的记录超过180条
2017-11-06 13:28:00,删除长低速记录,0.0,0.0,连续低于10 km/h的记录超过180条
2017-11-06 13:28:01,删除长低速记录,0.0,0.0,连续低于10 km/h的记录超过180条
2017-11-06 13:28:02,删除长低速记录,0.0,0.0,连续低于10 km/h的记录超过180条
2017-11-06 13:28:03,删除长低速记录,0.0,0.0,连续低于10 km/h的记录超过180条
2017-11-06 13:28:04,删除长低速记录,0.0,0.0,连续低于10 km/h的记录超过180条
2017-11-06 13:28:05,删除长低速记录,0.0,0.0,连续低于10 km/h的记录超过180条
2017-11-06 13:28:06,删除长低速记录,0.0,0.0,连续低于10 km/h的记录超过180条
2017-11-06 13:28:07,删除长低速记录,0.0,0.0,连续低于10 km/h的记录超过180条
2017-11-06 13:28:08,删除长低速记录,0.0,0.0,连续低于10 km/h的记录超过180条
2017-11-06 13:28:09,删除长低速记录,0.0,0.0,连续低于10 km/h的记录超过180条
2017-11-06 13:28:10,删除长低速记录,0.0,0.0,连续低于10 km/h的记录超过180条
2017-11-06 13:28:11,删除长低速记录,0.0,0.0,连续低于10 km/h的记录超过180条
2017-11-06 13:28:12,删除长低速记录,0.0,0.0,连续低于10 km/h的记录超过180条
2017-11-06 13:28:13,删除长低速记录,0.0,0.0,连续低于10 km/h的记录超过180条
2017-11-06 13:28:14,删除长低速记录,0.0,0.0,连续低于10 km/h的记录超过180条
2017-11-06 13:28:15,删除长低速记录,0.0,0.0,连续低于10 km/h的记录超过180条
2017-11-06 13:28:16,删除长低速记录,0.0,0.0,连续低于10 km/h的记录超过180条
2017-11-06 13:28:17,删除长低速记录,0.0,0.0,连续低于10 km/h的记录超过180条
2017-11-06 13:28:18,删除长低速记录,0.0,0.0,连续低于10 km/h的记录超过180条
2017-11-06 13:28:19,删除长低速记录,0.0,0.0,连续低于10 km/h的记录超过180条
2017-11-06 13:28:20,删除长低速记录,0.0,0.0,连续低于10 km/h的记录超过180条
2017-11-06 13:28:21,删除长低速记录,0.0,0.0,连续低于10 km/h的记录超过180条
2017-11-06 13:28:22,删除长低速记录,0.0,0.0,连续低于10 km/h的记录超过180条
2017-11-06 13:28:23,删除长低速记录,0.0,0.0,连续低于10 km/h的记录超过180条
2017-11-06 13:28:24,删除长低速记录,0.0,0.0,连续低于10 km/h的记录超过180条
2017-11-06 13:28:25,删除长低速记录,0.0,0.0,连续低于10 km/h的记录超过180条
2017-11-06 13:28:26,删除长低速记录,0.0,0.0,连续低于10 km/h的记录超过180条
2017-11-06 13:28:27,删除长低速记录,0.0,0.0,连续低于10 km/h的记录超过180条
2017-11-06 13:28:28,删除长低速记录,0.0,0.0,连续低于10 km/h的记录超过180条
2017-11-06 13:28:29,删除长低速记录,0.0,0.0,连续低于10 km/h的记录超过180条
2017-11-06 13:28:30,删除长低速记录,0.0,0.0,连续低于10 km/h的记录超过180条
2017-11-06 13:28:31,删除长低速记录,0.0,0.0,连续低于10 km/h的记录超过180条
2017-11-06 13:28:32,删除长低速记录,0.0,0.0,连续低于10 km/h的记录超过180条
2017-11-06 13:28:33,删除长低速记录,0.0,0.0,连续低于10 km/h的记录超过180条
2017-11-06 13:28:34,删除长低速记录,0.0,0.0,连续低于10 km/h的记录超过180条
2017-11-06 13:28:35,删除长低速记录,0.0,0.0,连续低于10 km/h的记录超过180条
2017-11-06 13:28:36,删除长低速记录,0.0,0.0,连续低于10 km/h的记录超过180条
2017-11-06 13:28:37,删除长低速记录,0.0,0.0,连续低于10 km/h的记录超过180条
2017-11-06 13:28:38,删除长低速记录,0.0,0.0,连续低于10 km/h的记录超过180条
2017-11-06 13:28:39,删除长低速记录,0.0,0.0,连续低于10 km/h的记录超过180条
2017-11-06 13:28:40,删除长低速记录,0.0,0.0,连续低于10 km/h的记录超过180条
2017-11-06 13:28:41,删除长低速记录,0.0,0.0,连续低于10 km/h的记录超过180条
2017-11-06 13:28:42,删除长低速记录,0.0,0.0,连续低于10 km/h的记录超过180条
2017-11-06 13:28:43,删除长低速记录,0.0,0.0,连续低于10 km/h的记录超过180条
2017-11-06 13:28:44,删除长低速记录,0.0,0.0,连续低于10 km/h的记录超过180条
2017-11-06 13:28:45,删除长低速记录,0.0,0.0,连续低于10 km/h的记录超过180条
2017-11-06 13:28:46,删除长低速记录,0.0,0.0,连续低于10 km/h的记录超过180条
2017-11-06 13:28:47,删除长低速记录,0.0,0.0,连续低于10 km/h的记录超过180条
2017-11-06 13:28:48,删除长低速记录,0.0,0.0,连续低于10 km/h的记录超过180条
2017-11-06 13:28:49,删除长低速记录,0.0,0.0,连续低于10 km/h的记录超过180条
2017-11-06 13:28:50,删除长低速记录,0.0,0.0,连续低于10 km/h的记录超过180条
2017-11-06 13:28:51,删除长低速记录,0.0,0.0,连续低于10 km/h的记录超过180条
2017-11-06 13:28:52,删除长低速记录,0.0,0.0,连续低于10 km/h的记录超过180条
2017-11-06 13:28:53,删除长低速记录,0.0,0.0,连续低于10 km/h的记录超过180条
2017-11-06 13:28:54,删除长低速记录,0.0,0.0,连续低于10 km/h的记录超过180条
2017-11-06 13:28:55,删除长低速记录,0.0,0.0,连续低于10 km/h的记录超过180条
2017-11-06 13:28:56,删除长低速记录,0.0,0.0,连续低于10 km/h的记录超过180条
2017-11-06 13:28:57,删除长低速记录,0.0,0.0,连续低于10 km/h的记录超过180条
2017-11-06 13:28:58,删除长低速记录,0.0,0.0,连续低于10 km/h的记录超过180条
2017-11-06 13:28:59,删除长低速记录,0.0,0.0,连续低于10 km/h的记录超过180条
2017-11-06 13:29:00,删除长低速记录,0.0,0.0,连续低于10 km/h的记录超过180条
2017-11-06 13:29:01,删除长低速记录,0.0,0.0,连续低于10 km/h的记录超过180条
2017-11-06 13:29:02,删除长低速记录,0.0,0.0,连续低于10 km/h的记录超过180条
2017-11-06 13:29:03,删除长低速记录,0.0,0.0,连续低于10 km/h的记录超过180条
2017-11-06 13:29:04,删除长低速记录,0.0,0.0,连续低于10 km/h的记录超过180条
2017-11-06 13:29:05,删除长低速记录,0.0,0.0,连续低于10 km/h的记录超过180条
2017-11-06 13:29:06,删除长低速记录,0.0,0.0,连续低于10 km/h的记录超过180条
2017-11-06 13:29:07,删除长低速记录,0.0,0.0,连续低于10 km/h的记录超过180条
2017-11-06 13:29:08,删除长低速记录,0.0,0.0,连续低于10 km/h的记录超过180条
2017-11-06 13:29:09,删除长低速记录,0.0,0.0,连续低于10 km/h的记录超过180条
2017-11-06 13:29:10,删除长低速记录,0.0,0.0,连续低于10 km/h的记录超过180条
2017-11-06 13:29:11,删除长低速记录,0.0,0.0,连续低于10 km/h的记录超过180条
2017-11-06 13:29:12,删除长低速记录,0.0,0.0,连续低于10 km/h的记录超过180条
2017-11-06 13:29:13,删除长低速记录,0.0,0.0,连续低于10 km/h的记录超过180条
2017-11-06 13:29:14,删除长低速记录,0.0,0.0,连续低于10 km/h的记录超过180条
2017-11-06 13:29:15,删除长低速记录,0.0,0.0,连续低于10 km/h的记录超过180条
2017-11-06 13:29:16,删除长低速记录,0.0,0.0,连续低于10 km/h的记录超过180条
2017-11-06 13:29:17,删除长低速记录,0.0,0.0,连续低于10 km/h的记录超过180条
2017-11-06 13:29:18,删除长低速记录,0.0,0.0,连续低于10 km/h的记录超过180条
2017-11-06 13:29:19,删除长低速记录,0.0,0.0,连续低于10 km/h的记录超过180条
2017-11-06 13:29:20,删除长低速记录,0.0,0.0,连续低于10 km/h的记录超过180条
2017-11-06 13:29:21,删除长低速记录,0.0,0.0,连续低于10 km/h的记录超过180条
2017-11-06 13:29:22,删除长低速记录,0.0,0.0,连续低于10 km/h的记录超过180条
2017-11-06 13:29:23,删除长低速记录,0.0,0.0,连续低于10 km/h的记录超过180条
2017-11-06 13:29:24,删除长低速记录,0.0,0.0,连续低于10 km/h的记录超过180条
2017-11-06 13:29:25,删除长低速记录,0.0,0.0,连续低于10 km/h的记录超过180条
2017-11-06 13:29:26,删除长低速记录,0.0,0.0,连续低于10 km/h的记录超过180条
2017-11-06 13:29:27,删除长低速记录,0.0,0.0,连续低于10 km/h的记录超过180条
2017-11-06 13:29:28,删除长低速记录,0.0,0.0,连续低于10 km/h的记录超过180条
2017-11-06 13:29:29,删除长低速记录,0.0,0.0,连续低于10 km/h的记录超过180条
2017-11-06 13:29:30,删除长低速记录,0.0,0.0,连续低于10 km/h的记录超过180条
2017-11-06 13:29:31,删除长低速记录,0.0,0.0,连续低于10 km/h的记录超过180条
2017-11-06 13:29:32,删除长低速记录,0.0,0.0,连续低于10 km/h的记录超过180条
2017-11-06 13:29:33,删除长低速记录,0.0,0.0,连续低于10 km/h的记录超过180条
2017-11-06 13:29:34,删除长低速记录,0.0,0.0,连续低于10 km/h的记录超过180条
2017-11-06 13:29:35,删除长低速记录,0.0,0.0,连续低于10 km/h的记录超过180条
2017-11-06 13:29:36,删除长低速记录,0.0,0.0,连续低于10 km/h的记录超过180条
2017-11-06 13:29:37,删除长低速记录,0.0,0.0,连续低于10 km/h的记录超过180条
2017-11-06 13:29:38,删除长低速记录,0.0,0.0,连续低于10 km/h的记录超过180条
2017-11-06 13:29:39,删除长低速记录,0.0,0.0,连续低于10 km/h的记录超过180条
2017-11-06 13:29:40,删除长低速记录,0.0,0.0,连续低于10 km/h的记录超过180条
2017-11-06 13:29:41,删除长低速记录,0.0,0.0,连续低于10 km/h的记录超过180条
2017-11-06 13:29:42,删除长低速记录,0.0,0.0,连续低于10 km/h的记录超过180条
2017-11-06 13:29:43,删除长低速记录,0.0,0.0,连续低于10 km/h的记录超过180条
2017-11-06 13:29:44,删除长低速记录,0.0,0.0,连续低于10 km/h的记录超过180条
2017-11-06 13:29:45,删除长低速记录,0.0,0.0,连续低于10 km/h的记录超过180条
2017-11-06 13:29:46,删除长低速记录,0.0,0.0,连续低于10 km/h的记录超过180条
2017-11-06 13:29:47,删除长低速记录,0.0,0.0,连续低于10 km/h的记录超过180条
2017-11-06 13:29:48,删除长低速记录,0.0,0.0,连续低于10 km/h的记录超过180条
2017-11-06 13:29:49,删除长低速记录,0.0,0.0,连续低于10 km/h的记录超过180条
2017-11-06 13:29:50,删除长低速记录,0.0,0.0,连续低于10 km/h的记录超过180条
2017-11-06 13:29:51,删除长低速记录,0.0,0.0,连续低于10 km/h的记录超过180条
2017-11-06 13:29:52,删除长低速记录,0.0,0.0,连续低于10 km/h的记录超过180条
2017-11-06 13:29:53,删除长低速记录,0.0,0.0,连续低于10 km/h的记录超过180条
2017-11-06 13:29:54,删除长低速记录,0.0,0.0,连续低于10 km/h的记录超过180条
2017-11-06 13:29:55,删除长低速记录,0.0,0.0,连续低于10 km/h的记录超过180条
2017-11-06 13:29:56,删除长低速记录,0.0,0.0,连续低于10 km/h的记录超过180条
2017-11-06 13:29:57,删除长低速记录,0.0,0.0,连续低于10 km/h的记录超过180条
2017-11-06 13:29:58,删除长低速记录,0.0,0.0,连续低于10 km/h的记录超过180条
2017-11-06 13:29:59,删除长低速记录,0.0,0.0,连续低于10 km/h的记录超过180条
2017-11-06 13:30:00,删除长低速记录,0.0,0.0,连续低于10 km/h的记录超过180条
2017-11-06 13:30:01,删除长低速记录,0.0,0.0,连续低于10 km/h的记录超过180条
2017-11-06 13:30:02,删除长低速记录,0.0,0.0,连续低于10 km/h的记录超过180条
2017-11-06 13:30:03,删除长低速记录,0.0,0.0,连续低于10 km/h的记录超过180条
2017-11-06 13:30:04,删除长低速记录,0.0,0.0,连续低于10 km/h的记录超过180条
2017-11-06 13:30:05,删除长低速记录,0.0,0.0,连续低于10 km/h的记录超过180条
2017-11-06 13:30:06,删除长低速记录,0.0,0.0,连续低于10 km/h的记录超过180条
2017-11-06 13:30:07,删除长低速记录,0.0,0.0,连续低于10 km/h的记录超过180条
2017-11-06 13:30:08,删除长低速记录,0.0,0.0,连续低于10 km/h的记录超过180条
2017-11-06 13:30:09,删除长低速记录,0.0,0.0,连续低于10 km/h的记录超过180条
2017-11-06 13:30:10,删除长低速记录,0.0,0.0,连续低于10 km/h的记录超过180条
2017-11-06 13:30:11,删除长低速记录,0.0,0.0,连续低于10 km/h的记录超过180条
2017-11-06 13:30:12,删除长低速记录,0.0,0.0,连续低于10 km/h的记录超过180条
2017-11-06 13:30:13,删除长低速记录,0.0,0.0,连续低于10 km/h的记录超过180条
2017-11-06 13:30:14,删除长低速记录,0.0,0.0,连续低于10 km/h的记录超过180条
2017-11-06 13:30:15,删除长低速记录,0.0,0.0,连续低于10 km/h的记录超过180条
2017-11-06 13:30:16,删除长低速记录,0.0,0.0,连续低于10 km/h的记录超过180条
2017-11-06 13:30:17,删除长低速记录,0.0,0.0,连续低于10 km/h的记录超过180条
2017-11-06 13:30:18,删除长低速记录,0.0,0.0,连续低于10 km/h的记录超过180条
2017-11-06 13:30:19,删除长低速记录,0.0,0.0,连续低于10 km/h的记录超过180条
2017-11-06 13:30:20,删除长低速记录,0.0,0.0,连续低于10 km/h的记录超过180条
2017-11-06 13:30:21,删除长低速记录,0.0,0.0,连续低于10 km/h的记录超过180条
2017-11-06 13:30:22,删除长低速记录,0.0,0.0,连续低于10 km/h的记录超过180条
2017-11-06 13:30:23,删除长低速记录,0.0,0.0,连续低于10 km/h的记录超过180条
2017-11-06 13:30:24,删除长低速记录,0.0,0.0,连续低于10 km/h的记录超过180条
2017-11-06 13:30:25,删除长低速记录,0.0,0.0,连续低于10 km/h的记录超过180条
2017-11-06 13:30:26,删除长低速记录,0.0,0.0,连续低于10 km/h的记录超过180条
2017-11-06 13:30:27,删除长低速记录,0.0,0.0,连续低于10 km/h的记录超过180条
2017-11-06 13:30:28,删除长低速记录,0.0,0.0,连续低于10 km/h的记录超过180条
2017-11-06 13:30:29,删除长低速记录,0.0,0.0,连续低于10 km/h的记录超过180条
2017-11-06 13:30:30,删除长低速记录,0.0,0.0,连续低于10 km/h的记录超过180条
2017-11-06 13:30:31,删除长低速记录,0.0,0.0,连续低于10 km/h的记录超过180条
2017-11-06 13:30:32,删除长低速记录,0.0,0.0,连续低于10 km/h的记录超过180条
2017-11-06 13:30:33,删除长低速记录,0.0,0.0,连续低于10 km/h的记录超过180条
2017-11-06 13:30:34,删除长低速记录,0.0,0.0,连续低于10 km/h的记录超过180条
2017-11-06 13:30:35,删除长低速记录,0.0,0.0,连续低于10 km/h的记录超过180条
2017-11-06 13:30:36,删除长低速记录,0.0,0.0,连续低于10 km/h的记录超过180条
2017-11-06 13:30:37,删除长低速记录,0.0,0.0,连续低于10 km/h的记录超过180条
2017-11-06 13:30:38,删除长低速记录,0.0,0.0,连续低于10 km/h的记录超过180条
2017-11-06 13:30:39,删除长低速记录,0.0,0.0,连续低于10 km/h的记录超过180条
2017-11-06 13:30:40,删除长低速记录,0.0,0.0,连续低于10 km/h的记录超过180条
2017-11-06 13:30:41,删除长低速记录,0.0,0.0,连续低于10 km/h的记录超过180条
2017-11-06 13:30:42,删除长低速记录,0.0,0.0,连续低于10 km/h的记录超过180条
2017-11-06 13:30:43,删除长低速记录,0.0,0.0,连续低于10 km/h的记录超过180条
2017-11-06 13:30:44,删除长低速记录,0.0,0.0,连续低于10 km/h的记录超过180条
2017-11-06 13:30:45,删除长低速记录,0.0,0.0,连续低于10 km/h的记录超过180条
2017-11-06 13:30:46,删除长低速记录,0.0,0.0,连续低于10 km/h的记录超过180条
2017-11-06 13:30:47,删除长低速记录,0.0,0.0,连续低于10 km/h的记录超过180条
2017-11-06 13:30:48,删除长低速记录,0.0,0.0,连续低于10 km/h的记录超过180条
2017-11-06 13:30:49,删除长低速记录,0.0,0.0,连续低于10 km/h的记录超过180条
2017-11-06 13:30:50,删除长低速记录,0.0,0.0,连续低于10 km/h的记录超过180条
2017-11-06 13:30:51,删除长低速记录,0.0,0.0,连续低于10 km/h的记录超过180条
2017-11-06 13:30:52,删除长低速记录,0.0,0.0,连续低于10 km/h的记录超过180条
2017-11-06 13:30:53,删除长低速记录,0.0,0.0,连续低于10 km/h的记录超过180条
2017-11-06 13:30:54,删除长低速记录,0.0,0.0,连续低于10 km/h的记录超过180条
2017-11-06 13:30:55,删除长低速记录,0.0,0.0,连续低于10 km/h的记录超过180条
2017-11-06 13:30:56,删除长低速记录,0.0,0.0,连续低于10 km/h的记录超过180条
2017-11-06 13:30:57,删除长低速记录,0.0,0.0,连续低于10 km/h的记录超过180条
2017-11-06 13:30:58,删除长低速记录,0.0,0.0,连续低于10 km/h的记录超过180条
2017-11-06 13:30:59,删除长低速记录,0.0,0.0,连续低于10 km/h的记录超过180条
2017-11-06 13:31:00,删除长低速记录,0.0,0.0,连续低于10 km/h的记录超过180条
2017-11-06 13:31:01,删除长低速记录,0.0,0.0,连续低于10 km/h的记录超过180条
2017-11-06 13:31:02,删除长低速记录,0.0,0.0,连续低于10 km/h的记录超过180条
2017-11-06 13:31:03,删除长低速记录,0.0,0.0,连续低于10 km/h的记录超过180条
2017-11-06 13:31:04,删除长低速记录,0.0,0.0,连续低于10 km/h的记录超过180条
2017-11-06 13:31:05,删除长低速记录,1.9,1.9,连续低于10 km/h的记录超过180条
2017-11-06 13:31:06,删除长低速记录,2.0,2.0,连续低于10 km/h的记录超过180条
2017-11-06 13:31:07,删除长低速记录,2.6,2.6,连续低于10 km/h的记录超过180条
2017-11-06 13:31:08,删除长低速记录,3.0,3.0,连续低于10 km/h的记录超过180条
2017-11-06 13:31:09,删除长低速记录,5.4,5.4,连续低于10 km/h的记录超过180条
2017-11-06 13:38:55,删除长低速记录,0.0,0.0,连续低于10 km/h的记录超过180条
2017-11-06 13:38:56,删除长低速记录,0.0,0.0,连续低于10 km/h的记录超过180条
2017-11-06 13:38:57,删除长低速记录,0.0,0.0,连续低于10 km/h的记录超过180条
2017-11-06 13:38:58,删除长低速记录,0.0,0.0,连续低于10 km/h的记录超过180条
2017-11-06 13:38:59,删除长低速记录,0.0,0.0,连续低于10 km/h的记录超过180条
2017-11-06 13:39:00,删除长低速记录,0.0,0.0,连续低于10 km/h的记录超过180条
2017-11-06 13:39:01,删除长低速记录,0.0,0.0,连续低于10 km/h的记录超过180条
2017-11-06 13:39:02,删除长低速记录,0.0,0.0,连续低于10 km/h的记录超过180条
2017-11-06 13:39:03,删除长低速记录,0.0,0.0,连续低于10 km/h的记录超过180条
2017-11-06 13:39:04,删除长低速记录,0.0,0.0,连续低于10 km/h的记录超过180条
2017-11-06 13:39:05,删除长低速记录,0.0,0.0,连续低于10 km/h的记录超过180条
2017-11-06 13:39:06,删除长低速记录,0.0,0.0,连续低于10 km/h的记录超过180条
2017-11-06 13:39:07,删除长低速记录,0.0,0.0,连续低于10 km/h的记录超过180条
2017-11-06 13:39:08,删除长低速记录,0.0,0.0,连续低于10 km/h的记录超过180条
2017-11-06 13:39:09,删除长低速记录,0.0,0.0,连续低于10 km/h的记录超过180条
2017-11-06 13:39:10,删除长低速记录,0.0,0.0,连续低于10 km/h的记录超过180条
2017-11-06 13:39:11,删除长低速记录,0.0,0.0,连续低于10 km/h的记录超过180条
2017-11-06 13:39:12,删除长低速记录,0.0,0.0,连续低于10 km/h的记录超过180条
2017-11-06 13:39:13,删除长低速记录,0.0,0.0,连续低于10 km/h的记录超过180条
2017-11-06 13:39:14,删除长低速记录,0.0,0.0,连续低于10 km/h的记录超过180条
2017-11-06 13:39:15,删除长低速记录,2.5,2.5,连续低于10 km/h的记录超过180条
2017-11-06 13:39:16,删除长低速记录,3.2,3.2,连续低于10 km/h的记录超过180条
2017-11-06 13:39:17,删除长低速记录,3.3,3.3,连续低于10 km/h的记录超过180条
2017-11-06 13:39:18,删除长低速记录,3.7,3.7,连续低于10 km/h的记录超过180条
2017-11-06 13:39:19,删除长低速记录,3.8,3.8,连续低于10 km/h的记录超过180条
2017-11-06 13:39:20,删除长低速记录,3.3,3.3,连续低于10 km/h的记录超过180条
2017-11-06 13:39:21,删除长低速记录,2.6,2.6,连续低于10 km/h的记录超过180条
2017-11-06 13:39:22,删除长低速记录,0.0,0.0,连续低于10 km/h的记录超过180条
2017-11-06 13:39:23,删除长低速记录,0.0,0.0,连续低于10 km/h的记录超过180条
2017-11-06 13:39:24,删除长低速记录,0.0,0.0,连续低于10 km/h的记录超过180条
2017-11-06 13:39:25,删除长低速记录,3.8,3.8,连续低于10 km/h的记录超过180条
2017-11-06 13:39:26,删除长低速记录,4.0,4.0,连续低于10 km/h的记录超过180条
2017-11-06 13:39:27,删除长低速记录,4.4,4.4,连续低于10 km/h的记录超过180条
2017-11-06 13:39:28,删除长低速记录,5.4,5.4,连续低于10 km/h的记录超过180条
2017-11-06 13:42:12,新增插值记录,,16.25,相邻速度 15.3 与 17.2 km/h 的线性中点
2017-11-06 13:47:57,删除长低速记录,0.0,0.0,连续低于10 km/h的记录超过180条
2017-11-06 13:47:58,删除长低速记录,0.0,0.0,连续低于10 km/h的记录超过180条
2017-11-06 13:47:59,删除长低速记录,0.0,0.0,连续低于10 km/h的记录超过180条
2017-11-06 13:48:00,删除长低速记录,0.0,0.0,连续低于10 km/h的记录超过180条
2017-11-06 13:48:01,删除长低速记录,0.0,0.0,连续低于10 km/h的记录超过180条
2017-11-06 13:48:02,删除长低速记录,0.0,0.0,连续低于10 km/h的记录超过180条
2017-11-06 13:48:03,删除长低速记录,0.0,0.0,连续低于10 km/h的记录超过180条
2017-11-06 13:48:04,删除长低速记录,0.0,0.0,连续低于10 km/h的记录超过180条
2017-11-06 13:48:05,删除长低速记录,0.0,0.0,连续低于10 km/h的记录超过180条
2017-11-06 13:48:06,删除长低速记录,0.0,0.0,连续低于10 km/h的记录超过180条
2017-11-06 13:48:07,删除长低速记录,0.0,0.0,连续低于10 km/h的记录超过180条
2017-11-06 13:48:08,删除长低速记录,0.0,0.0,连续低于10 km/h的记录超过180条
2017-11-06 13:48:09,删除长低速记录,0.0,0.0,连续低于10 km/h的记录超过180条
2017-11-06 13:48:10,删除长低速记录,0.0,0.0,连续低于10 km/h的记录超过180条
2017-11-06 13:48:11,删除长低速记录,0.0,0.0,连续低于10 km/h的记录超过180条
2017-11-06 13:48:12,删除长低速记录,0.0,0.0,连续低于10 km/h的记录超过180条
2017-11-06 13:48:13,删除长低速记录,0.0,0.0,连续低于10 km/h的记录超过180条
2017-11-06 13:48:14,删除长低速记录,0.0,0.0,连续低于10 km/h的记录超过180条
2017-11-06 13:48:15,删除长低速记录,0.0,0.0,连续低于10 km/h的记录超过180条
2017-11-06 13:48:16,删除长低速记录,0.0,0.0,连续低于10 km/h的记录超过180条
2017-11-06 13:48:17,删除长低速记录,0.0,0.0,连续低于10 km/h的记录超过180条
2017-11-06 13:48:18,删除长低速记录,0.0,0.0,连续低于10 km/h的记录超过180条
2017-11-06 13:48:19,删除长低速记录,0.0,0.0,连续低于10 km/h的记录超过180条
2017-11-06 13:48:20,删除长低速记录,0.0,0.0,连续低于10 km/h的记录超过180条
2017-11-06 13:48:21,删除长低速记录,0.0,0.0,连续低于10 km/h的记录超过180条
2017-11-06 13:48:22,删除长低速记录,0.0,0.0,连续低于10 km/h的记录超过180条
2017-11-06 13:48:23,删除长低速记录,0.0,0.0,连续低于10 km/h的记录超过180条
2017-11-06 13:48:24,删除长低速记录,0.0,0.0,连续低于10 km/h的记录超过180条
2017-11-06 13:48:25,删除长低速记录,0.0,0.0,连续低于10 km/h的记录超过180条
2017-11-06 13:48:26,删除长低速记录,0.0,0.0,连续低于10 km/h的记录超过180条
2017-11-06 13:48:27,删除长低速记录,0.0,0.0,连续低于10 km/h的记录超过180条
2017-11-06 13:48:28,删除长低速记录,0.0,0.0,连续低于10 km/h的记录超过180条
2017-11-06 13:48:29,删除长低速记录,0.0,0.0,连续低于10 km/h的记录超过180条
2017-11-06 13:48:30,删除长低速记录,0.0,0.0,连续低于10 km/h的记录超过180条
2017-11-06 13:48:31,删除长低速记录,0.0,0.0,连续低于10 km/h的记录超过180条
2017-11-06 13:48:32,删除长低速记录,0.0,0.0,连续低于10 km/h的记录超过180条
2017-11-06 13:48:33,删除长低速记录,0.0,0.0,连续低于10 km/h的记录超过180条
2017-11-06 13:48:34,删除长低速记录,0.0,0.0,连续低于10 km/h的记录超过180条
2017-11-06 13:48:35,删除长低速记录,0.0,0.0,连续低于10 km/h的记录超过180条
2017-11-06 13:48:36,删除长低速记录,0.0,0.0,连续低于10 km/h的记录超过180条
2017-11-06 13:48:37,删除长低速记录,0.0,0.0,连续低于10 km/h的记录超过180条
2017-11-06 13:48:38,删除长低速记录,0.0,0.0,连续低于10 km/h的记录超过180条
2017-11-06 13:48:39,删除长低速记录,0.0,0.0,连续低于10 km/h的记录超过180条
2017-11-06 13:48:40,删除长低速记录,0.0,0.0,连续低于10 km/h的记录超过180条
2017-11-06 13:48:41,删除长低速记录,0.0,0.0,连续低于10 km/h的记录超过180条
2017-11-06 13:48:42,删除长低速记录,0.0,0.0,连续低于10 km/h的记录超过180条
2017-11-06 13:48:43,删除长低速记录,0.0,0.0,连续低于10 km/h的记录超过180条
2017-11-06 13:48:44,删除长低速记录,0.0,0.0,连续低于10 km/h的记录超过180条
2017-11-06 13:48:45,删除长低速记录,0.0,0.0,连续低于10 km/h的记录超过180条
2017-11-06 13:48:46,删除长低速记录,0.0,0.0,连续低于10 km/h的记录超过180条
2017-11-06 13:48:47,删除长低速记录,0.0,0.0,连续低于10 km/h的记录超过180条
2017-11-06 13:48:48,删除长低速记录,0.0,0.0,连续低于10 km/h的记录超过180条
2017-11-06 13:48:49,删除长低速记录,0.0,0.0,连续低于10 km/h的记录超过180条
2017-11-06 13:48:50,删除长低速记录,0.0,0.0,连续低于10 km/h的记录超过180条
2017-11-06 13:48:51,删除长低速记录,0.0,0.0,连续低于10 km/h的记录超过180条
2017-11-06 13:48:52,删除长低速记录,0.0,0.0,连续低于10 km/h的记录超过180条
2017-11-06 13:48:53,删除长低速记录,0.0,0.0,连续低于10 km/h的记录超过180条
2017-11-06 13:48:54,删除长低速记录,0.0,0.0,连续低于10 km/h的记录超过180条
2017-11-06 13:48:55,删除长低速记录,0.0,0.0,连续低于10 km/h的记录超过180条
2017-11-06 13:48:56,删除长低速记录,0.0,0.0,连续低于10 km/h的记录超过180条
2017-11-06 13:48:57,删除长低速记录,0.0,0.0,连续低于10 km/h的记录超过180条
2017-11-06 13:48:58,删除长低速记录,0.0,0.0,连续低于10 km/h的记录超过180条
2017-11-06 13:48:59,删除长低速记录,0.0,0.0,连续低于10 km/h的记录超过180条
2017-11-06 13:49:00,删除长低速记录,0.0,0.0,连续低于10 km/h的记录超过180条
2017-11-06 13:49:01,删除长低速记录,0.0,0.0,连续低于10 km/h的记录超过180条
2017-11-06 13:49:02,删除长低速记录,0.0,0.0,连续低于10 km/h的记录超过180条
2017-11-06 13:49:03,删除长低速记录,0.0,0.0,连续低于10 km/h的记录超过180条
2017-11-06 13:49:04,删除长低速记录,0.0,0.0,连续低于10 km/h的记录超过180条
2017-11-06 13:49:05,删除长低速记录,0.0,0.0,连续低于10 km/h的记录超过180条
2017-11-06 13:49:06,删除长低速记录,0.0,0.0,连续低于10 km/h的记录超过180条
2017-11-06 13:49:07,删除长低速记录,0.0,0.0,连续低于10 km/h的记录超过180条
2017-11-06 13:49:08,删除长低速记录,0.0,0.0,连续低于10 km/h的记录超过180条
2017-11-06 13:49:09,删除长低速记录,0.0,0.0,连续低于10 km/h的记录超过180条
2017-11-06 13:49:10,删除长低速记录,0.0,0.0,连续低于10 km/h的记录超过180条
2017-11-06 13:49:11,删除长低速记录,0.0,0.0,连续低于10 km/h的记录超过180条
2017-11-06 13:49:12,删除长低速记录,0.0,0.0,连续低于10 km/h的记录超过180条
2017-11-06 13:49:13,删除长低速记录,0.0,0.0,连续低于10 km/h的记录超过180条
2017-11-06 13:49:14,删除长低速记录,0.0,0.0,连续低于10 km/h的记录超过180条
2017-11-06 13:49:15,删除长低速记录,0.0,0.0,连续低于10 km/h的记录超过180条
2017-11-06 13:49:16,删除长低速记录,0.0,0.0,连续低于10 km/h的记录超过180条
2017-11-06 13:49:17,删除长低速记录,0.0,0.0,连续低于10 km/h的记录超过180条
2017-11-06 13:49:18,删除长低速记录,0.0,0.0,连续低于10 km/h的记录超过180条
2017-11-06 13:49:19,删除长低速记录,0.0,0.0,连续低于10 km/h的记录超过180条
2017-11-06 13:49:20,删除长低速记录,0.0,0.0,连续低于10 km/h的记录超过180条
2017-11-06 13:49:21,删除长低速记录,0.0,0.0,连续低于10 km/h的记录超过180条
2017-11-06 13:49:22,删除长低速记录,0.0,0.0,连续低于10 km/h的记录超过180条
2017-11-06 13:49:23,删除长低速记录,0.0,0.0,连续低于10 km/h的记录超过180条
2017-11-06 13:49:24,删除长低速记录,0.0,0.0,连续低于10 km/h的记录超过180条
2017-11-06 13:49:25,删除长低速记录,0.0,0.0,连续低于10 km/h的记录超过180条
2017-11-06 13:49:26,删除长低速记录,0.0,0.0,连续低于10 km/h的记录超过180条
2017-11-06 13:49:27,删除长低速记录,1.4,1.4,连续低于10 km/h的记录超过180条
2017-11-06 13:49:28,删除长低速记录,1.4,1.4,连续低于10 km/h的记录超过180条
2017-11-06 13:49:29,删除长低速记录,1.4,1.4,连续低于10 km/h的记录超过180条
2017-11-06 13:49:30,删除长低速记录,0.0,0.0,连续低于10 km/h的记录超过180条
2017-11-06 13:49:31,删除长低速记录,0.0,0.0,连续低于10 km/h的记录超过180条
2017-11-06 13:49:32,删除长低速记录,0.0,0.0,连续低于10 km/h的记录超过180条
2017-11-06 13:49:33,删除长低速记录,0.0,0.0,连续低于10 km/h的记录超过180条
2017-11-06 13:49:34,删除长低速记录,0.0,0.0,连续低于10 km/h的记录超过180条
2017-11-06 13:49:35,删除长低速记录,0.0,0.0,连续低于10 km/h的记录超过180条
2017-11-06 13:49:36,删除长低速记录,0.0,0.0,连续低于10 km/h的记录超过180条
2017-11-06 13:49:37,删除长低速记录,0.0,0.0,连续低于10 km/h的记录超过180条
2017-11-06 13:49:38,删除长低速记录,0.0,0.0,连续低于10 km/h的记录超过180条
2017-11-06 13:49:39,删除长低速记录,0.0,0.0,连续低于10 km/h的记录超过180条
2017-11-06 13:49:40,删除长低速记录,0.0,0.0,连续低于10 km/h的记录超过180条
2017-11-06 13:49:41,删除长低速记录,0.0,0.0,连续低于10 km/h的记录超过180条
2017-11-06 13:49:42,删除长低速记录,0.0,0.0,连续低于10 km/h的记录超过180条
2017-11-06 13:49:43,删除长低速记录,0.0,0.0,连续低于10 km/h的记录超过180条
2017-11-06 13:49:44,删除长低速记录,0.0,0.0,连续低于10 km/h的记录超过180条
2017-11-06 13:49:45,删除长低速记录,0.0,0.0,连续低于10 km/h的记录超过180条
2017-11-06 13:49:46,删除长低速记录,0.0,0.0,连续低于10 km/h的记录超过180条
2017-11-06 13:49:47,删除长低速记录,0.0,0.0,连续低于10 km/h的记录超过180条
2017-11-06 13:49:48,删除长低速记录,0.0,0.0,连续低于10 km/h的记录超过180条
2017-11-06 13:49:49,删除长低速记录,0.0,0.0,连续低于10 km/h的记录超过180条
2017-11-06 13:49:50,删除长低速记录,0.0,0.0,连续低于10 km/h的记录超过180条
2017-11-06 13:49:51,删除长低速记录,0.0,0.0,连续低于10 km/h的记录超过180条
2017-11-06 13:49:52,删除长低速记录,0.0,0.0,连续低于10 km/h的记录超过180条
2017-11-06 13:49:53,删除长低速记录,0.0,0.0,连续低于10 km/h的记录超过180条
2017-11-06 13:49:54,删除长低速记录,0.0,0.0,连续低于10 km/h的记录超过180条
2017-11-06 13:49:55,删除长低速记录,,0.0,连续低于10 km/h的记录超过180条
2017-11-06 13:49:55,新增插值记录,,0.0,相邻速度 0 与 0 km/h 的线性中点
2017-11-06 13:49:56,删除长低速记录,0.0,0.0,连续低于10 km/h的记录超过180条
2017-11-06 13:49:57,删除长低速记录,0.0,0.0,连续低于10 km/h的记录超过180条
2017-11-06 13:49:58,删除长低速记录,0.0,0.0,连续低于10 km/h的记录超过180条
2017-11-06 13:49:59,删除长低速记录,0.0,0.0,连续低于10 km/h的记录超过180条
2017-11-06 13:50:00,删除长低速记录,0.0,0.0,连续低于10 km/h的记录超过180条
2017-11-06 13:50:01,删除长低速记录,0.0,0.0,连续低于10 km/h的记录超过180条
2017-11-06 13:50:02,删除长低速记录,0.0,0.0,连续低于10 km/h的记录超过180条
2017-11-06 13:50:03,删除长低速记录,1.5,1.5,连续低于10 km/h的记录超过180条
2017-11-06 13:50:04,删除长低速记录,1.5,1.5,连续低于10 km/h的记录超过180条
2017-11-06 13:50:05,删除长低速记录,1.5,1.5,连续低于10 km/h的记录超过180条
2017-11-06 13:50:06,删除长低速记录,1.6,1.6,连续低于10 km/h的记录超过180条
2017-11-06 13:50:07,删除长低速记录,2.0,2.0,连续低于10 km/h的记录超过180条
2017-11-06 13:50:08,删除长低速记录,1.7,1.7,连续低于10 km/h的记录超过180条
2017-11-06 13:50:09,删除长低速记录,2.1,2.1,连续低于10 km/h的记录超过180条
2017-11-06 13:50:10,删除长低速记录,2.1,2.1,连续低于10 km/h的记录超过180条
2017-11-06 13:50:11,删除长低速记录,2.0,2.0,连续低于10 km/h的记录超过180条
2017-11-06 13:50:12,删除长低速记录,2.0,2.0,连续低于10 km/h的记录超过180条
2017-11-06 13:50:13,删除长低速记录,2.0,2.0,连续低于10 km/h的记录超过180条
2017-11-06 13:50:14,删除长低速记录,1.7,1.7,连续低于10 km/h的记录超过180条
2017-11-06 13:50:15,删除长低速记录,1.7,1.7,连续低于10 km/h的记录超过180条
2017-11-06 13:50:16,删除长低速记录,0.0,0.0,连续低于10 km/h的记录超过180条
2017-11-06 13:50:17,删除长低速记录,0.0,0.0,连续低于10 km/h的记录超过180条
2017-11-06 13:50:18,删除长低速记录,0.0,0.0,连续低于10 km/h的记录超过180条
2017-11-06 13:50:19,删除长低速记录,0.0,0.0,连续低于10 km/h的记录超过180条
2017-11-06 13:50:20,删除长低速记录,0.0,0.0,连续低于10 km/h的记录超过180条
2017-11-06 13:50:21,删除长低速记录,0.0,0.0,连续低于10 km/h的记录超过180条
2017-11-06 13:50:22,删除长低速记录,0.0,0.0,连续低于10 km/h的记录超过180条
2017-11-06 13:50:23,删除长低速记录,0.0,0.0,连续低于10 km/h的记录超过180条
2017-11-06 13:50:24,删除长低速记录,0.0,0.0,连续低于10 km/h的记录超过180条
2017-11-06 13:50:25,删除长低速记录,0.0,0.0,连续低于10 km/h的记录超过180条
2017-11-06 13:50:26,删除长低速记录,0.0,0.0,连续低于10 km/h的记录超过180条
2017-11-06 13:50:27,删除长低速记录,0.0,0.0,连续低于10 km/h的记录超过180条
2017-11-06 13:50:28,删除长低速记录,0.0,0.0,连续低于10 km/h的记录超过180条
2017-11-06 13:50:29,删除长低速记录,0.0,0.0,连续低于10 km/h的记录超过180条
2017-11-06 13:50:30,删除长低速记录,0.0,0.0,连续低于10 km/h的记录超过180条
2017-11-06 13:50:31,删除长低速记录,0.0,0.0,连续低于10 km/h的记录超过180条
2017-11-06 13:50:32,删除长低速记录,0.0,0.0,连续低于10 km/h的记录超过180条
2017-11-06 13:50:33,删除长低速记录,0.0,0.0,连续低于10 km/h的记录超过180条
2017-11-06 13:50:34,删除长低速记录,0.0,0.0,连续低于10 km/h的记录超过180条
2017-11-06 13:50:35,删除长低速记录,0.0,0.0,连续低于10 km/h的记录超过180条
2017-11-06 13:50:36,删除长低速记录,0.0,0.0,连续低于10 km/h的记录超过180条
2017-11-06 13:50:37,删除长低速记录,0.0,0.0,连续低于10 km/h的记录超过180条
2017-11-06 13:50:38,删除长低速记录,0.0,0.0,连续低于10 km/h的记录超过180条
2017-11-06 13:50:39,删除长低速记录,0.0,0.0,连续低于10 km/h的记录超过180条
2017-11-06 13:50:40,删除长低速记录,0.0,0.0,连续低于10 km/h的记录超过180条
2017-11-06 13:50:41,删除长低速记录,8.2,8.2,连续低于10 km/h的记录超过180条
2017-11-06 13:51:58,新增插值记录,,0.0,相邻速度 0 与 0 km/h 的线性中点
2017-11-06 13:54:14,删除长低速记录,0.0,0.0,连续低于10 km/h的记录超过180条
2017-11-06 13:54:15,删除长低速记录,0.0,0.0,连续低于10 km/h的记录超过180条
2017-11-06 13:54:16,删除长低速记录,0.0,0.0,连续低于10 km/h的记录超过180条
2017-11-06 13:54:17,删除长低速记录,0.0,0.0,连续低于10 km/h的记录超过180条
2017-11-06 13:54:18,删除长低速记录,0.0,0.0,连续低于10 km/h的记录超过180条
2017-11-06 13:54:19,删除长低速记录,0.0,0.0,连续低于10 km/h的记录超过180条
2017-11-06 13:54:20,删除长低速记录,0.0,0.0,连续低于10 km/h的记录超过180条
2017-11-06 13:54:21,删除长低速记录,0.0,0.0,连续低于10 km/h的记录超过180条
2017-11-06 13:54:22,删除长低速记录,0.0,0.0,连续低于10 km/h的记录超过180条
2017-11-06 13:54:23,删除长低速记录,0.0,0.0,连续低于10 km/h的记录超过180条
2017-11-06 13:54:24,删除长低速记录,0.0,0.0,连续低于10 km/h的记录超过180条
2017-11-06 13:54:25,删除长低速记录,0.0,0.0,连续低于10 km/h的记录超过180条
2017-11-06 13:54:26,删除长低速记录,0.0,0.0,连续低于10 km/h的记录超过180条
2017-11-06 13:54:27,删除长低速记录,0.0,0.0,连续低于10 km/h的记录超过180条
2017-11-06 13:54:28,删除长低速记录,0.0,0.0,连续低于10 km/h的记录超过180条
2017-11-06 13:54:29,删除长低速记录,0.0,0.0,连续低于10 km/h的记录超过180条
2017-11-06 13:54:30,删除长低速记录,0.0,0.0,连续低于10 km/h的记录超过180条
2017-11-06 13:54:31,删除长低速记录,0.0,0.0,连续低于10 km/h的记录超过180条
2017-11-06 13:54:32,删除长低速记录,0.0,0.0,连续低于10 km/h的记录超过180条
2017-11-06 13:54:33,删除长低速记录,0.0,0.0,连续低于10 km/h的记录超过180条
2017-11-06 13:54:34,删除长低速记录,0.0,0.0,连续低于10 km/h的记录超过180条
2017-11-06 13:54:35,删除长低速记录,0.0,0.0,连续低于10 km/h的记录超过180条
2017-11-06 13:54:36,删除长低速记录,0.0,0.0,连续低于10 km/h的记录超过180条
2017-11-06 13:54:37,删除长低速记录,0.0,0.0,连续低于10 km/h的记录超过180条
2017-11-06 13:54:38,删除长低速记录,0.0,0.0,连续低于10 km/h的记录超过180条
2017-11-06 13:54:39,删除长低速记录,0.0,0.0,连续低于10 km/h的记录超过180条
2017-11-06 13:54:40,删除长低速记录,0.0,0.0,连续低于10 km/h的记录超过180条
2017-11-06 13:54:41,删除长低速记录,0.0,0.0,连续低于10 km/h的记录超过180条
2017-11-06 13:54:42,删除长低速记录,0.0,0.0,连续低于10 km/h的记录超过180条
2017-11-06 13:54:43,删除长低速记录,0.0,0.0,连续低于10 km/h的记录超过180条
2017-11-06 13:54:44,删除长低速记录,0.0,0.0,连续低于10 km/h的记录超过180条
2017-11-06 13:54:45,删除长低速记录,0.0,0.0,连续低于10 km/h的记录超过180条
2017-11-06 13:54:46,删除长低速记录,0.0,0.0,连续低于10 km/h的记录超过180条
2017-11-06 13:54:47,删除长低速记录,0.0,0.0,连续低于10 km/h的记录超过180条
2017-11-06 13:54:48,删除长低速记录,0.0,0.0,连续低于10 km/h的记录超过180条
2017-11-06 13:54:49,删除长低速记录,0.0,0.0,连续低于10 km/h的记录超过180条
2017-11-06 13:54:50,删除长低速记录,0.0,0.0,连续低于10 km/h的记录超过180条
2017-11-06 13:54:51,删除长低速记录,0.0,0.0,连续低于10 km/h的记录超过180条
2017-11-06 13:54:52,删除长低速记录,0.0,0.0,连续低于10 km/h的记录超过180条
2017-11-06 13:54:53,删除长低速记录,0.0,0.0,连续低于10 km/h的记录超过180条
2017-11-06 13:54:54,删除长低速记录,0.0,0.0,连续低于10 km/h的记录超过180条
2017-11-06 13:54:55,删除长低速记录,0.0,0.0,连续低于10 km/h的记录超过180条
2017-11-06 13:54:56,删除长低速记录,0.0,0.0,连续低于10 km/h的记录超过180条
2017-11-06 13:54:57,删除长低速记录,0.0,0.0,连续低于10 km/h的记录超过180条
2017-11-06 13:54:58,删除长低速记录,0.0,0.0,连续低于10 km/h的记录超过180条
2017-11-06 13:54:59,删除长低速记录,0.0,0.0,连续低于10 km/h的记录超过180条
2017-11-06 13:55:00,删除长低速记录,0.0,0.0,连续低于10 km/h的记录超过180条
2017-11-06 13:55:01,删除长低速记录,0.0,0.0,连续低于10 km/h的记录超过180条
2017-11-06 13:55:02,删除长低速记录,0.0,0.0,连续低于10 km/h的记录超过180条
2017-11-06 13:55:03,删除长低速记录,0.0,0.0,连续低于10 km/h的记录超过180条
2017-11-06 13:55:04,删除长低速记录,0.0,0.0,连续低于10 km/h的记录超过180条
2017-11-06 13:55:05,删除长低速记录,0.0,0.0,连续低于10 km/h的记录超过180条
2017-11-06 13:55:06,删除长低速记录,0.0,0.0,连续低于10 km/h的记录超过180条
2017-11-06 13:55:07,删除长低速记录,0.0,0.0,连续低于10 km/h的记录超过180条
2017-11-06 13:55:08,删除长低速记录,0.0,0.0,连续低于10 km/h的记录超过180条
2017-11-06 13:55:09,删除长低速记录,0.0,0.0,连续低于10 km/h的记录超过180条
2017-11-06 13:55:10,删除长低速记录,0.0,0.0,连续低于10 km/h的记录超过180条
2017-11-06 13:55:11,删除长低速记录,0.0,0.0,连续低于10 km/h的记录超过180条
2017-11-06 13:55:12,删除长低速记录,0.0,0.0,连续低于10 km/h的记录超过180条
2017-11-06 13:55:13,删除长低速记录,0.0,0.0,连续低于10 km/h的记录超过180条
2017-11-06 13:55:14,删除长低速记录,0.0,0.0,连续低于10 km/h的记录超过180条
2017-11-06 13:55:15,删除长低速记录,0.0,0.0,连续低于10 km/h的记录超过180条
2017-11-06 13:55:16,删除长低速记录,0.0,0.0,连续低于10 km/h的记录超过180条
2017-11-06 13:55:17,删除长低速记录,0.0,0.0,连续低于10 km/h的记录超过180条
2017-11-06 13:55:18,删除长低速记录,0.0,0.0,连续低于10 km/h的记录超过180条
2017-11-06 13:55:19,删除长低速记录,0.0,0.0,连续低于10 km/h的记录超过180条
2017-11-06 13:55:20,删除长低速记录,0.0,0.0,连续低于10 km/h的记录超过180条
2017-11-06 13:55:21,删除长低速记录,0.0,0.0,连续低于10 km/h的记录超过180条
2017-11-06 13:55:22,删除长低速记录,0.0,0.0,连续低于10 km/h的记录超过180条
2017-11-06 13:55:23,删除长低速记录,0.0,0.0,连续低于10 km/h的记录超过180条
2017-11-06 13:55:24,删除长低速记录,0.0,0.0,连续低于10 km/h的记录超过180条
2017-11-06 13:55:25,删除长低速记录,0.0,0.0,连续低于10 km/h的记录超过180条
2017-11-06 13:55:26,删除长低速记录,0.0,0.0,连续低于10 km/h的记录超过180条
2017-11-06 13:55:27,删除长低速记录,0.0,0.0,连续低于10 km/h的记录超过180条
2017-11-06 13:55:28,删除长低速记录,0.0,0.0,连续低于10 km/h的记录超过180条
2017-11-06 13:55:29,删除长低速记录,0.0,0.0,连续低于10 km/h的记录超过180条
2017-11-06 13:55:30,删除长低速记录,0.0,0.0,连续低于10 km/h的记录超过180条
2017-11-06 13:55:31,删除长低速记录,0.0,0.0,连续低于10 km/h的记录超过180条
2017-11-06 13:55:32,删除长低速记录,0.0,0.0,连续低于10 km/h的记录超过180条
2017-11-06 13:55:33,删除长低速记录,0.0,0.0,连续低于10 km/h的记录超过180条
2017-11-06 13:55:34,删除长低速记录,0.0,0.0,连续低于10 km/h的记录超过180条
2017-11-06 13:55:35,删除长低速记录,0.0,0.0,连续低于10 km/h的记录超过180条
2017-11-06 13:55:36,删除长低速记录,0.0,0.0,连续低于10 km/h的记录超过180条
2017-11-06 13:55:37,删除长低速记录,0.0,0.0,连续低于10 km/h的记录超过180条
2017-11-06 13:55:38,删除长低速记录,0.0,0.0,连续低于10 km/h的记录超过180条
2017-11-06 13:55:39,删除长低速记录,0.0,0.0,连续低于10 km/h的记录超过180条
2017-11-06 13:55:40,删除长低速记录,0.0,0.0,连续低于10 km/h的记录超过180条
2017-11-06 13:55:41,删除长低速记录,0.0,0.0,连续低于10 km/h的记录超过180条
2017-11-06 13:55:42,删除长低速记录,0.0,0.0,连续低于10 km/h的记录超过180条
2017-11-06 13:55:43,删除长低速记录,0.0,0.0,连续低于10 km/h的记录超过180条
2017-11-06 13:55:44,删除长低速记录,0.0,0.0,连续低于10 km/h的记录超过180条
2017-11-06 13:55:45,删除长低速记录,0.0,0.0,连续低于10 km/h的记录超过180条
2017-11-06 13:55:46,删除长低速记录,0.0,0.0,连续低于10 km/h的记录超过180条
2017-11-06 13:55:47,删除长低速记录,0.0,0.0,连续低于10 km/h的记录超过180条
2017-11-06 13:55:48,删除长低速记录,0.0,0.0,连续低于10 km/h的记录超过180条
2017-11-06 13:55:49,删除长低速记录,0.0,0.0,连续低于10 km/h的记录超过180条
2017-11-06 13:55:50,删除长低速记录,0.0,0.0,连续低于10 km/h的记录超过180条
2017-11-06 13:55:51,删除长低速记录,0.0,0.0,连续低于10 km/h的记录超过180条
2017-11-06 13:55:52,删除长低速记录,0.0,0.0,连续低于10 km/h的记录超过180条
2017-11-06 13:55:53,删除长低速记录,0.0,0.0,连续低于10 km/h的记录超过180条
2017-11-06 13:55:54,删除长低速记录,0.0,0.0,连续低于10 km/h的记录超过180条
2017-11-06 13:55:55,删除长低速记录,0.0,0.0,连续低于10 km/h的记录超过180条
2017-11-06 13:55:56,删除长低速记录,0.0,0.0,连续低于10 km/h的记录超过180条
2017-11-06 13:55:57,删除长低速记录,0.0,0.0,连续低于10 km/h的记录超过180条
2017-11-06 13:55:58,删除长低速记录,0.0,0.0,连续低于10 km/h的记录超过180条
2017-11-06 13:55:59,删除长低速记录,0.0,0.0,连续低于10 km/h的记录超过180条
2017-11-06 13:56:00,删除长低速记录,0.0,0.0,连续低于10 km/h的记录超过180条
2017-11-06 13:56:01,删除长低速记录,1.5,1.5,连续低于10 km/h的记录超过180条
2017-11-06 13:56:02,删除长低速记录,0.0,0.0,连续低于10 km/h的记录超过180条
2017-11-06 13:56:03,删除长低速记录,0.0,0.0,连续低于10 km/h的记录超过180条
2017-11-06 13:56:04,删除长低速记录,0.0,0.0,连续低于10 km/h的记录超过180条
2017-11-06 13:56:05,删除长低速记录,0.0,0.0,连续低于10 km/h的记录超过180条
2017-11-06 13:56:06,删除长低速记录,0.0,0.0,连续低于10 km/h的记录超过180条
2017-11-06 13:56:07,删除长低速记录,1.7,1.7,连续低于10 km/h的记录超过180条
2017-11-06 13:56:08,删除长低速记录,0.0,0.0,连续低于10 km/h的记录超过180条
2017-11-06 13:56:09,删除长低速记录,0.0,0.0,连续低于10 km/h的记录超过180条
2017-11-06 13:56:10,删除长低速记录,0.0,0.0,连续低于10 km/h的记录超过180条
2017-11-06 13:56:11,删除长低速记录,0.0,0.0,连续低于10 km/h的记录超过180条
2017-11-06 13:56:12,删除长低速记录,0.0,0.0,连续低于10 km/h的记录超过180条
2017-11-06 13:56:13,删除长低速记录,1.4,1.4,连续低于10 km/h的记录超过180条
2017-11-06 13:56:14,删除长低速记录,0.0,0.0,连续低于10 km/h的记录超过180条
2017-11-06 13:56:15,删除长低速记录,0.0,0.0,连续低于10 km/h的记录超过180条
2017-11-06 13:56:16,删除长低速记录,0.0,0.0,连续低于10 km/h的记录超过180条
2017-11-06 13:56:17,删除长低速记录,0.0,0.0,连续低于10 km/h的记录超过180条
2017-11-06 13:56:18,删除长低速记录,0.0,0.0,连续低于10 km/h的记录超过180条
2017-11-06 13:56:19,删除长低速记录,0.0,0.0,连续低于10 km/h的记录超过180条
2017-11-06 13:56:20,删除长低速记录,0.0,0.0,连续低于10 km/h的记录超过180条
2017-11-06 13:56:21,删除长低速记录,0.0,0.0,连续低于10 km/h的记录超过180条
2017-11-06 13:56:22,删除长低速记录,0.0,0.0,连续低于10 km/h的记录超过180条
2017-11-06 13:56:23,删除长低速记录,0.0,0.0,连续低于10 km/h的记录超过180条
2017-11-06 13:56:24,删除长低速记录,0.0,0.0,连续低于10 km/h的记录超过180条
2017-11-06 13:56:25,删除长低速记录,0.0,0.0,连续低于10 km/h的记录超过180条
2017-11-06 13:56:26,删除长低速记录,0.0,0.0,连续低于10 km/h的记录超过180条
2017-11-06 13:56:27,删除长低速记录,0.0,0.0,连续低于10 km/h的记录超过180条
2017-11-06 13:56:28,删除长低速记录,0.0,0.0,连续低于10 km/h的记录超过180条
2017-11-06 13:56:29,删除长低速记录,0.0,0.0,连续低于10 km/h的记录超过180条
2017-11-06 13:56:30,删除长低速记录,0.0,0.0,连续低于10 km/h的记录超过180条
2017-11-06 13:56:31,删除长低速记录,0.0,0.0,连续低于10 km/h的记录超过180条
2017-11-06 13:56:32,删除长低速记录,0.0,0.0,连续低于10 km/h的记录超过180条
2017-11-06 13:56:33,删除长低速记录,0.0,0.0,连续低于10 km/h的记录超过180条
2017-11-06 13:56:34,删除长低速记录,0.0,0.0,连续低于10 km/h的记录超过180条
2017-11-06 13:56:35,删除长低速记录,0.0,0.0,连续低于10 km/h的记录超过180条
2017-11-06 13:56:36,删除长低速记录,0.0,0.0,连续低于10 km/h的记录超过180条
2017-11-06 13:56:37,删除长低速记录,0.0,0.0,连续低于10 km/h的记录超过180条
2017-11-06 13:56:38,删除长低速记录,0.0,0.0,连续低于10 km/h的记录超过180条
2017-11-06 13:56:39,删除长低速记录,0.0,0.0,连续低于10 km/h的记录超过180条
2017-11-06 13:56:40,删除长低速记录,0.0,0.0,连续低于10 km/h的记录超过180条
2017-11-06 13:56:41,删除长低速记录,0.0,0.0,连续低于10 km/h的记录超过180条
2017-11-06 13:56:42,删除长低速记录,0.0,0.0,连续低于10 km/h的记录超过180条
2017-11-06 13:56:43,删除长低速记录,0.0,0.0,连续低于10 km/h的记录超过180条
2017-11-06 13:56:44,删除长低速记录,0.0,0.0,连续低于10 km/h的记录超过180条
2017-11-06 13:56:45,删除长低速记录,0.0,0.0,连续低于10 km/h的记录超过180条
2017-11-06 13:56:46,删除长低速记录,0.0,0.0,连续低于10 km/h的记录超过180条
2017-11-06 13:56:47,删除长低速记录,0.0,0.0,连续低于10 km/h的记录超过180条
2017-11-06 13:56:48,删除长低速记录,0.0,0.0,连续低于10 km/h的记录超过180条
2017-11-06 13:56:49,删除长低速记录,0.0,0.0,连续低于10 km/h的记录超过180条
2017-11-06 13:56:50,删除长低速记录,0.0,0.0,连续低于10 km/h的记录超过180条
2017-11-06 13:56:51,删除长低速记录,0.0,0.0,连续低于10 km/h的记录超过180条
2017-11-06 13:56:52,删除长低速记录,0.0,0.0,连续低于10 km/h的记录超过180条
2017-11-06 13:56:53,删除长低速记录,0.0,0.0,连续低于10 km/h的记录超过180条
2017-11-06 13:56:54,删除长低速记录,0.0,0.0,连续低于10 km/h的记录超过180条
2017-11-06 13:56:55,删除长低速记录,0.0,0.0,连续低于10 km/h的记录超过180条
2017-11-06 13:56:56,删除长低速记录,0.0,0.0,连续低于10 km/h的记录超过180条
2017-11-06 13:56:57,删除长低速记录,0.0,0.0,连续低于10 km/h的记录超过180条
2017-11-06 13:56:58,删除长低速记录,0.0,0.0,连续低于10 km/h的记录超过180条
2017-11-06 13:56:59,删除长低速记录,0.0,0.0,连续低于10 km/h的记录超过180条
2017-11-06 13:57:00,删除长低速记录,0.0,0.0,连续低于10 km/h的记录超过180条
2017-11-06 13:57:01,删除长低速记录,0.0,0.0,连续低于10 km/h的记录超过180条
2017-11-06 13:57:02,删除长低速记录,0.0,0.0,连续低于10 km/h的记录超过180条
2017-11-06 13:57:03,删除长低速记录,0.0,0.0,连续低于10 km/h的记录超过180条
2017-11-06 13:57:04,删除长低速记录,0.0,0.0,连续低于10 km/h的记录超过180条
2017-11-06 13:57:05,删除长低速记录,0.0,0.0,连续低于10 km/h的记录超过180条
2017-11-06 13:57:06,删除长低速记录,0.0,0.0,连续低于10 km/h的记录超过180条
2017-11-06 13:57:07,删除长低速记录,0.0,0.0,连续低于10 km/h的记录超过180条
2017-11-06 13:57:08,删除长低速记录,0.0,0.0,连续低于10 km/h的记录超过180条
2017-11-06 13:57:09,删除长低速记录,0.0,0.0,连续低于10 km/h的记录超过180条
2017-11-06 13:57:10,删除长低速记录,0.0,0.0,连续低于10 km/h的记录超过180条
2017-11-06 13:57:11,删除长低速记录,0.0,0.0,连续低于10 km/h的记录超过180条
2017-11-06 13:57:12,删除长低速记录,0.0,0.0,连续低于10 km/h的记录超过180条
2017-11-06 13:57:13,删除长低速记录,0.0,0.0,连续低于10 km/h的记录超过180条
2017-11-06 13:57:14,删除长低速记录,0.0,0.0,连续低于10 km/h的记录超过180条
2017-11-06 13:57:15,删除长低速记录,0.0,0.0,连续低于10 km/h的记录超过180条
2017-11-06 13:57:16,删除长低速记录,0.0,0.0,连续低于10 km/h的记录超过180条
2017-11-06 13:57:17,删除长低速记录,0.0,0.0,连续低于10 km/h的记录超过180条
2017-11-06 13:57:18,删除长低速记录,0.0,0.0,连续低于10 km/h的记录超过180条
2017-11-06 13:57:19,删除长低速记录,0.0,0.0,连续低于10 km/h的记录超过180条
2017-11-06 13:57:20,删除长低速记录,0.0,0.0,连续低于10 km/h的记录超过180条
2017-11-06 13:57:21,删除长低速记录,0.0,0.0,连续低于10 km/h的记录超过180条
2017-11-06 13:57:22,删除长低速记录,0.0,0.0,连续低于10 km/h的记录超过180条
2017-11-06 13:57:23,删除长低速记录,0.0,0.0,连续低于10 km/h的记录超过180条
2017-11-06 13:57:24,删除长低速记录,0.0,0.0,连续低于10 km/h的记录超过180条
2017-11-06 13:57:25,删除长低速记录,0.0,0.0,连续低于10 km/h的记录超过180条
2017-11-06 13:57:26,删除长低速记录,0.0,0.0,连续低于10 km/h的记录超过180条
2017-11-06 13:57:27,删除长低速记录,0.0,0.0,连续低于10 km/h的记录超过180条
2017-11-06 13:57:28,删除长低速记录,0.0,0.0,连续低于10 km/h的记录超过180条
2017-11-06 13:57:29,删除长低速记录,0.0,0.0,连续低于10 km/h的记录超过180条
2017-11-06 13:57:30,删除长低速记录,0.0,0.0,连续低于10 km/h的记录超过180条
2017-11-06 13:57:31,删除长低速记录,0.0,0.0,连续低于10 km/h的记录超过180条
2017-11-06 13:57:32,删除长低速记录,0.0,0.0,连续低于10 km/h的记录超过180条
2017-11-06 13:57:33,删除长低速记录,0.0,0.0,连续低于10 km/h的记录超过180条
2017-11-06 13:57:34,删除长低速记录,0.0,0.0,连续低于10 km/h的记录超过180条
2017-11-06 13:57:35,删除长低速记录,0.0,0.0,连续低于10 km/h的记录超过180条
2017-11-06 13:57:36,删除长低速记录,0.0,0.0,连续低于10 km/h的记录超过180条
2017-11-06 13:57:37,删除长低速记录,0.0,0.0,连续低于10 km/h的记录超过180条
2017-11-06 13:57:38,删除长低速记录,0.0,0.0,连续低于10 km/h的记录超过180条
2017-11-06 13:57:39,删除长低速记录,0.0,0.0,连续低于10 km/h的记录超过180条
2017-11-06 13:57:40,删除长低速记录,0.0,0.0,连续低于10 km/h的记录超过180条
2017-11-06 13:57:41,删除长低速记录,0.0,0.0,连续低于10 km/h的记录超过180条
2017-11-06 13:57:42,删除长低速记录,0.0,0.0,连续低于10 km/h的记录超过180条
2017-11-06 13:57:43,删除长低速记录,0.0,0.0,连续低于10 km/h的记录超过180条
2017-11-06 13:57:44,删除长低速记录,0.0,0.0,连续低于10 km/h的记录超过180条
2017-11-06 13:57:45,删除长低速记录,0.0,0.0,连续低于10 km/h的记录超过180条
2017-11-06 13:57:46,删除长低速记录,0.0,0.0,连续低于10 km/h的记录超过180条
2017-11-06 13:57:47,删除长低速记录,0.0,0.0,连续低于10 km/h的记录超过180条
2017-11-06 13:57:48,删除长低速记录,0.0,0.0,连续低于10 km/h的记录超过180条
2017-11-06 13:57:49,删除长低速记录,0.0,0.0,连续低于10 km/h的记录超过180条
2017-11-06 13:57:50,删除长低速记录,0.0,0.0,连续低于10 km/h的记录超过180条
2017-11-06 13:57:51,删除长低速记录,0.0,0.0,连续低于10 km/h的记录超过180条
2017-11-06 13:57:52,删除长低速记录,0.0,0.0,连续低于10 km/h的记录超过180条
2017-11-06 13:57:53,删除长低速记录,0.0,0.0,连续低于10 km/h的记录超过180条
2017-11-06 13:57:54,删除长低速记录,0.0,0.0,连续低于10 km/h的记录超过180条
2017-11-06 13:57:55,删除长低速记录,0.0,0.0,连续低于10 km/h的记录超过180条
2017-11-06 13:57:56,删除长低速记录,0.0,0.0,连续低于10 km/h的记录超过180条
2017-11-06 13:57:57,删除长低速记录,0.0,0.0,连续低于10 km/h的记录超过180条
2017-11-06 13:57:58,删除长低速记录,0.0,0.0,连续低于10 km/h的记录超过180条
2017-11-06 13:57:59,删除长低速记录,0.0,0.0,连续低于10 km/h的记录超过180条
2017-11-06 13:58:00,删除长低速记录,0.0,0.0,连续低于10 km/h的记录超过180条
2017-11-06 13:58:01,删除长低速记录,0.0,0.0,连续低于10 km/h的记录超过180条
2017-11-06 13:58:02,删除长低速记录,0.0,0.0,连续低于10 km/h的记录超过180条
2017-11-06 13:58:03,删除长低速记录,0.0,0.0,连续低于10 km/h的记录超过180条
2017-11-06 13:58:04,删除长低速记录,0.0,0.0,连续低于10 km/h的记录超过180条
2017-11-06 13:58:05,删除长低速记录,0.0,0.0,连续低于10 km/h的记录超过180条
2017-11-06 13:58:06,删除长低速记录,0.0,0.0,连续低于10 km/h的记录超过180条
2017-11-06 13:58:07,删除长低速记录,0.0,0.0,连续低于10 km/h的记录超过180条
2017-11-06 13:58:08,删除长低速记录,0.0,0.0,连续低于10 km/h的记录超过180条
2017-11-06 13:58:09,删除长低速记录,0.0,0.0,连续低于10 km/h的记录超过180条
2017-11-06 13:58:10,删除长低速记录,0.0,0.0,连续低于10 km/h的记录超过180条
2017-11-06 13:58:11,删除长低速记录,0.0,0.0,连续低于10 km/h的记录超过180条
2017-11-06 13:58:12,删除长低速记录,0.0,0.0,连续低于10 km/h的记录超过180条
2017-11-06 13:58:13,删除长低速记录,2.1,2.1,连续低于10 km/h的记录超过180条
2017-11-06 13:58:14,删除长低速记录,2.4,2.4,连续低于10 km/h的记录超过180条
2017-11-06 13:58:15,删除长低速记录,2.4,2.4,连续低于10 km/h的记录超过180条
2017-11-06 13:58:16,删除长低速记录,2.0,2.0,连续低于10 km/h的记录超过180条
2017-11-06 13:58:17,删除长低速记录,2.0,2.0,连续低于10 km/h的记录超过180条
2017-11-06 13:58:18,删除长低速记录,2.0,2.0,连续低于10 km/h的记录超过180条
2017-11-06 13:58:19,删除长低速记录,3.8,3.8,连续低于10 km/h的记录超过180条
2017-11-06 13:58:20,删除长低速记录,3.8,3.8,连续低于10 km/h的记录超过180条
2017-11-06 13:58:21,删除长低速记录,3.8,3.8,连续低于10 km/h的记录超过180条
2017-11-06 13:58:22,删除长低速记录,3.9,3.9,连续低于10 km/h的记录超过180条
2017-11-06 14:08:26,新增插值记录,,54.45,相邻速度 54.5 与 54.4 km/h 的线性中点
2017-11-06 14:19:43,车速限幅,17.4,14.656,"连续1秒允许范围 [0.000000, 14.656000] km/h"
2017-11-06 14:24:52,新增插值记录,,0.0,相邻速度 0 与 0 km/h 的线性中点
2017-11-06 14:37:25,新增插值记录,,20.65,相邻速度 19.5 与 21.8 km/h 的线性中点
2017-11-06 14:51:52,删除长低速记录,0.0,0.0,连续低于10 km/h的记录超过180条
2017-11-06 14:51:53,删除长低速记录,0.0,0.0,连续低于10 km/h的记录超过180条
2017-11-06 14:51:54,删除长低速记录,0.0,0.0,连续低于10 km/h的记录超过180条
2017-11-06 14:51:55,删除长低速记录,0.0,0.0,连续低于10 km/h的记录超过180条
2017-11-06 14:51:56,删除长低速记录,0.0,0.0,连续低于10 km/h的记录超过180条
2017-11-06 14:51:57,删除长低速记录,0.0,0.0,连续低于10 km/h的记录超过180条
2017-11-06 14:51:58,删除长低速记录,0.0,0.0,连续低于10 km/h的记录超过180条
2017-11-06 14:51:59,删除长低速记录,0.0,0.0,连续低于10 km/h的记录超过180条
2017-11-06 14:52:00,删除长低速记录,0.0,0.0,连续低于10 km/h的记录超过180条
2017-11-06 14:52:01,删除长低速记录,0.0,0.0,连续低于10 km/h的记录超过180条
2017-11-06 14:52:02,删除长低速记录,0.0,0.0,连续低于10 km/h的记录超过180条
2017-11-06 14:52:03,删除长低速记录,0.0,0.0,连续低于10 km/h的记录超过180条
2017-11-06 14:52:04,删除长低速记录,0.0,0.0,连续低于10 km/h的记录超过180条
2017-11-06 14:52:05,删除长低速记录,0.0,0.0,连续低于10 km/h的记录超过180条
2017-11-06 14:52:06,删除长低速记录,0.0,0.0,连续低于10 km/h的记录超过180条
2017-11-06 14:52:07,删除长低速记录,0.0,0.0,连续低于10 km/h的记录超过180条
2017-11-06 14:52:08,删除长低速记录,0.0,0.0,连续低于10 km/h的记录超过180条
2017-11-06 14:52:09,删除长低速记录,0.0,0.0,连续低于10 km/h的记录超过180条
2017-11-06 14:52:10,删除长低速记录,0.0,0.0,连续低于10 km/h的记录超过180条
2017-11-06 14:52:11,删除长低速记录,0.0,0.0,连续低于10 km/h的记录超过180条
2017-11-06 14:52:12,删除长低速记录,0.0,0.0,连续低于10 km/h的记录超过180条
2017-11-06 14:52:13,删除长低速记录,0.0,0.0,连续低于10 km/h的记录超过180条
2017-11-06 14:52:14,删除长低速记录,0.0,0.0,连续低于10 km/h的记录超过180条
2017-11-06 14:52:15,删除长低速记录,0.0,0.0,连续低于10 km/h的记录超过180条
2017-11-06 14:52:16,删除长低速记录,0.0,0.0,连续低于10 km/h的记录超过180条
2017-11-06 14:52:17,删除长低速记录,0.0,0.0,连续低于10 km/h的记录超过180条
2017-11-06 14:52:18,删除长低速记录,0.0,0.0,连续低于10 km/h的记录超过180条
2017-11-06 14:52:19,删除长低速记录,0.0,0.0,连续低于10 km/h的记录超过180条
2017-11-06 14:52:20,删除长低速记录,0.0,0.0,连续低于10 km/h的记录超过180条
2017-11-06 14:52:21,删除长低速记录,0.0,0.0,连续低于10 km/h的记录超过180条
2017-11-06 14:52:22,删除长低速记录,0.0,0.0,连续低于10 km/h的记录超过180条
2017-11-06 14:52:23,删除长低速记录,0.0,0.0,连续低于10 km/h的记录超过180条
2017-11-06 14:52:24,删除长低速记录,0.0,0.0,连续低于10 km/h的记录超过180条
2017-11-06 14:52:25,删除长低速记录,0.0,0.0,连续低于10 km/h的记录超过180条
2017-11-06 14:52:26,删除长低速记录,0.0,0.0,连续低于10 km/h的记录超过180条
2017-11-06 14:52:27,删除长低速记录,0.0,0.0,连续低于10 km/h的记录超过180条
2017-11-06 14:52:28,删除长低速记录,0.0,0.0,连续低于10 km/h的记录超过180条
2017-11-06 14:52:29,删除长低速记录,0.0,0.0,连续低于10 km/h的记录超过180条
2017-11-06 14:52:30,删除长低速记录,0.0,0.0,连续低于10 km/h的记录超过180条
2017-11-06 14:52:31,删除长低速记录,0.0,0.0,连续低于10 km/h的记录超过180条
2017-11-06 14:52:32,删除长低速记录,0.0,0.0,连续低于10 km/h的记录超过180条
2017-11-06 14:52:33,删除长低速记录,0.0,0.0,连续低于10 km/h的记录超过180条
2017-11-06 14:52:34,删除长低速记录,0.0,0.0,连续低于10 km/h的记录超过180条
2017-11-06 14:52:35,删除长低速记录,0.0,0.0,连续低于10 km/h的记录超过180条
2017-11-06 14:52:36,删除长低速记录,0.0,0.0,连续低于10 km/h的记录超过180条
2017-11-06 14:52:37,删除长低速记录,0.0,0.0,连续低于10 km/h的记录超过180条
2017-11-06 14:52:38,删除长低速记录,0.0,0.0,连续低于10 km/h的记录超过180条
2017-11-06 14:52:39,删除长低速记录,0.0,0.0,连续低于10 km/h的记录超过180条
2017-11-06 14:52:40,删除长低速记录,0.0,0.0,连续低于10 km/h的记录超过180条
2017-11-06 14:52:41,删除长低速记录,0.0,0.0,连续低于10 km/h的记录超过180条
2017-11-06 14:52:42,删除长低速记录,0.0,0.0,连续低于10 km/h的记录超过180条
2017-11-06 14:52:43,删除长低速记录,0.0,0.0,连续低于10 km/h的记录超过180条
2017-11-06 14:52:44,删除长低速记录,0.0,0.0,连续低于10 km/h的记录超过180条
2017-11-06 14:52:45,删除长低速记录,0.0,0.0,连续低于10 km/h的记录超过180条
2017-11-06 14:52:46,删除长低速记录,0.0,0.0,连续低于10 km/h的记录超过180条
2017-11-06 14:52:47,删除长低速记录,0.0,0.0,连续低于10 km/h的记录超过180条
2017-11-06 14:52:48,删除长低速记录,0.0,0.0,连续低于10 km/h的记录超过180条
2017-11-06 14:52:49,删除长低速记录,0.0,0.0,连续低于10 km/h的记录超过180条
2017-11-06 14:52:50,删除长低速记录,0.0,0.0,连续低于10 km/h的记录超过180条
2017-11-06 14:52:51,删除长低速记录,0.0,0.0,连续低于10 km/h的记录超过180条
2017-11-06 14:52:52,删除长低速记录,0.0,0.0,连续低于10 km/h的记录超过180条
2017-11-06 14:52:53,删除长低速记录,0.0,0.0,连续低于10 km/h的记录超过180条
2017-11-06 14:52:54,删除长低速记录,0.0,0.0,连续低于10 km/h的记录超过180条
2017-11-06 14:52:55,删除长低速记录,0.0,0.0,连续低于10 km/h的记录超过180条
2017-11-06 14:52:56,删除长低速记录,0.0,0.0,连续低于10 km/h的记录超过180条
2017-11-06 14:52:57,删除长低速记录,3.6,3.6,连续低于10 km/h的记录超过180条
2017-11-06 14:52:58,删除长低速记录,4.5,4.5,连续低于10 km/h的记录超过180条
2017-11-06 14:52:59,删除长低速记录,4.8,4.8,连续低于10 km/h的记录超过180条
2017-11-06 14:53:00,删除长低速记录,5.8,5.8,连续低于10 km/h的记录超过180条
2017-11-06 14:53:01,删除长低速记录,3.0,3.0,连续低于10 km/h的记录超过180条
2017-11-06 14:53:02,删除长低速记录,2.1,2.1,连续低于10 km/h的记录超过180条
2017-11-06 14:53:03,删除长低速记录,2.7,2.7,连续低于10 km/h的记录超过180条
2017-11-06 14:53:04,删除长低速记录,4.4,4.4,连续低于10 km/h的记录超过180条
2017-11-06 14:53:05,删除长低速记录,6.9,6.9,连续低于10 km/h的记录超过180条
2017-11-06 15:13:18,新增插值记录,,30.8,相邻速度 28.1 与 33.5 km/h 的线性中点
2017-11-06 15:15:53,新增插值记录,,0.0,相邻速度 0 与 0 km/h 的线性中点
2017-11-06 15:16:53,车速限幅,15.4,14.856,"连续1秒允许范围 [0.000000, 14.856000] km/h"
2017-11-06 15:25:49,新增插值记录,,27.9,相邻速度 26 与 29.8 km/h 的线性中点
2017-11-06 15:28:07,新增插值记录,,4.65,相邻速度 4.4 与 4.9 km/h 的线性中点
2017-11-06 15:29:07,新增插值记录,,14.1,相邻速度 13.5 与 14.7 km/h 的线性中点
2017-11-06 15:29:19,新增插值记录,,11.45,相邻速度 13.1 与 9.8 km/h 的线性中点
2017-11-06 15:29:49,新增插值记录,,16.95,相邻速度 17.2 与 16.7 km/h 的线性中点
2017-11-06 15:30:07,新增插值记录,,18.700000000000003,相邻速度 16.3 与 21.1 km/h 的线性中点
2017-11-06 15:30:11,新增插值记录,,19.25,相邻速度 19 与 19.5 km/h 的线性中点
2017-11-06 15:30:36,新增插值记录,,31.3,相邻速度 31.8 与 30.8 km/h 的线性中点
2017-11-06 15:30:39,新增插值记录,,31.3,相邻速度 31.8 与 30.8 km/h 的线性中点
2017-11-06 15:30:53,新增插值记录,,22.4,相邻速度 23.7 与 21.1 km/h 的线性中点
2017-11-06 15:31:01,新增插值记录,,25.05,相邻速度 24.5 与 25.6 km/h 的线性中点
2017-11-06 15:32:23,新增插值记录,,15.2,相邻速度 13.5 与 16.9 km/h 的线性中点
2017-11-06 15:32:29,新增插值记录,,21.1,相邻速度 20.2 与 22 km/h 的线性中点
2017-11-06 15:40:56,新增插值记录,,4.95,相邻速度 4.4 与 5.5 km/h 的线性中点
2017-11-06 15:41:18,新增插值记录,,23.450000000000003,相邻速度 22.8 与 24.1 km/h 的线性中点
2017-11-06 15:41:40,新增插值记录,,9.0,相邻速度 9.4 与 8.6 km/h 的线性中点
2017-11-06 15:41:56,新增插值记录,,26.45,相邻速度 26.4 与 26.5 km/h 的线性中点
2017-11-06 15:42:28,新增插值记录,,4.75,相邻速度 6.4 与 3.1 km/h 的线性中点
2017-11-06 15:42:40,新增插值记录,,0.0,相邻速度 0 与 0 km/h 的线性中点
2017-11-06 15:56:57,删除长低速记录,0.0,0.0,连续低于10 km/h的记录超过180条
2017-11-06 15:56:58,删除长低速记录,0.0,0.0,连续低于10 km/h的记录超过180条
2017-11-06 15:56:59,删除长低速记录,0.0,0.0,连续低于10 km/h的记录超过180条
2017-11-06 15:57:00,删除长低速记录,0.0,0.0,连续低于10 km/h的记录超过180条
2017-11-06 15:57:01,删除长低速记录,0.0,0.0,连续低于10 km/h的记录超过180条
2017-11-06 15:57:02,删除长低速记录,0.0,0.0,连续低于10 km/h的记录超过180条
2017-11-06 15:57:03,删除长低速记录,0.0,0.0,连续低于10 km/h的记录超过180条
2017-11-06 15:57:04,删除长低速记录,0.0,0.0,连续低于10 km/h的记录超过180条
2017-11-06 15:57:05,删除长低速记录,0.0,0.0,连续低于10 km/h的记录超过180条
2017-11-06 15:57:06,删除长低速记录,0.0,0.0,连续低于10 km/h的记录超过180条
2017-11-06 15:57:07,删除长低速记录,0.0,0.0,连续低于10 km/h的记录超过180条
2017-11-06 15:57:08,删除长低速记录,0.0,0.0,连续低于10 km/h的记录超过180条
2017-11-06 15:57:09,删除长低速记录,0.0,0.0,连续低于10 km/h的记录超过180条
2017-11-06 15:57:10,删除长低速记录,0.0,0.0,连续低于10 km/h的记录超过180条
2017-11-06 15:57:11,删除长低速记录,0.0,0.0,连续低于10 km/h的记录超过180条
2017-11-06 15:57:12,删除长低速记录,0.0,0.0,连续低于10 km/h的记录超过180条
2017-11-06 15:57:13,删除长低速记录,0.0,0.0,连续低于10 km/h的记录超过180条
2017-11-06 15:57:14,删除长低速记录,0.0,0.0,连续低于10 km/h的记录超过180条
2017-11-06 15:57:15,删除长低速记录,0.0,0.0,连续低于10 km/h的记录超过180条
2017-11-06 15:57:16,删除长低速记录,0.0,0.0,连续低于10 km/h的记录超过180条
2017-11-06 15:57:17,删除长低速记录,0.0,0.0,连续低于10 km/h的记录超过180条
2017-11-06 15:57:18,删除长低速记录,0.0,0.0,连续低于10 km/h的记录超过180条
2017-11-06 15:57:19,删除长低速记录,0.0,0.0,连续低于10 km/h的记录超过180条
2017-11-06 15:57:20,删除长低速记录,0.0,0.0,连续低于10 km/h的记录超过180条
2017-11-06 15:57:21,删除长低速记录,0.0,0.0,连续低于10 km/h的记录超过180条
2017-11-06 15:57:22,删除长低速记录,0.0,0.0,连续低于10 km/h的记录超过180条
2017-11-06 15:57:23,删除长低速记录,0.0,0.0,连续低于10 km/h的记录超过180条
2017-11-06 15:57:24,删除长低速记录,0.0,0.0,连续低于10 km/h的记录超过180条
2017-11-06 15:57:25,删除长低速记录,3.0,3.0,连续低于10 km/h的记录超过180条
2017-11-06 15:57:26,删除长低速记录,4.9,4.9,连续低于10 km/h的记录超过180条
2017-11-06 15:57:27,删除长低速记录,5.9,5.9,连续低于10 km/h的记录超过180条
2017-11-06 16:05:27,新增插值记录,,11.6,相邻速度 11.6 与 11.6 km/h 的线性中点
2017-11-06 16:05:36,新增插值记录,,11.6,相邻速度 11.6 与 11.6 km/h 的线性中点
2017-11-06 16:05:44,新增插值记录,,11.6,相邻速度 11.6 与 11.6 km/h 的线性中点
2017-11-06 16:06:41,新增插值记录,,27.3,相邻速度 27.3 与 27.3 km/h 的线性中点
2017-11-06 16:06:43,新增插值记录,,27.3,相邻速度 27.3 与 27.3 km/h 的线性中点
2017-11-06 16:06:55,新增插值记录,,35.2,相邻速度 35.1 与 35.3 km/h 的线性中点
2017-11-06 16:06:57,新增插值记录,,35.4,相邻速度 35.3 与 35.5 km/h 的线性中点
2017-11-06 16:06:59,新增插值记录,,35.55,相邻速度 35.5 与 35.6 km/h 的线性中点
2017-11-06 16:07:13,新增插值记录,,44.75,相邻速度 44.7 与 44.8 km/h 的线性中点
2017-11-06 16:07:31,新增插值记录,,50.8,相邻速度 51.1 与 50.5 km/h 的线性中点
2017-11-06 16:10:19,新增插值记录,,1.85,相邻速度 2.2 与 1.5 km/h 的线性中点
2017-11-06 16:10:29,新增插值记录,,1.6,相邻速度 1.6 与 1.6 km/h 的线性中点
2017-11-06 16:11:17,新增插值记录,,11.05,相邻速度 11.3 与 10.8 km/h 的线性中点
2017-11-06 16:11:19,新增插值记录,,11.05,相邻速度 10.8 与 11.3 km/h 的线性中点
2017-11-06 16:17:00,新增插值记录,,27.7,相邻速度 28.7 与 26.7 km/h 的线性中点
2017-11-06 16:29:44,删除长低速记录,0.0,0.0,连续低于10 km/h的记录超过180条
2017-11-06 16:29:45,删除长低速记录,0.0,0.0,连续低于10 km/h的记录超过180条
2017-11-06 16:29:46,删除长低速记录,0.0,0.0,连续低于10 km/h的记录超过180条
2017-11-06 16:29:47,删除长低速记录,0.0,0.0,连续低于10 km/h的记录超过180条
2017-11-06 16:29:48,删除长低速记录,2.7,2.7,连续低于10 km/h的记录超过180条
2017-11-06 16:29:49,删除长低速记录,2.9,2.9,连续低于10 km/h的记录超过180条
2017-11-06 16:29:50,删除长低速记录,3.4,3.4,连续低于10 km/h的记录超过180条
2017-11-06 16:29:51,删除长低速记录,5.0,5.0,连续低于10 km/h的记录超过180条
2017-11-06 16:29:52,删除长低速记录,9.4,9.4,连续低于10 km/h的记录超过180条
2017-11-06 16:29:53,删除长低速记录,9.0,9.0,连续低于10 km/h的记录超过180条
2017-11-06 16:29:54,删除长低速记录,8.9,8.9,连续低于10 km/h的记录超过180条
2017-11-06 16:29:55,删除长低速记录,9.0,9.0,连续低于10 km/h的记录超过180条
2017-11-06 16:29:56,删除长低速记录,9.6,9.6,连续低于10 km/h的记录超过180条
2017-11-06 16:30:44,新增插值记录,,23.2,相邻速度 21.5 与 24.9 km/h 的线性中点
2017-11-06 16:32:52,新增插值记录,,1.6,相邻速度 1.6 与 1.6 km/h 的线性中点
2017-11-06 16:33:02,新增插值记录,,4.949999999999999,相邻速度 5.3 与 4.6 km/h 的线性中点
2017-11-06 16:35:02,新增插值记录,,25.6,相邻速度 24.3 与 26.9 km/h 的线性中点
2017-11-06 16:38:34,新增插值记录,,23.7,相邻速度 22.4 与 25 km/h 的线性中点
2017-11-06 16:38:40,新增插值记录,,27.799999999999997,相邻速度 28.2 与 27.4 km/h 的线性中点
2017-11-06 16:46:36,新增插值记录,,18.35,相邻速度 18.5 与 18.2 km/h 的线性中点
2017-11-06 16:53:59,新增插值记录,,0.0,相邻速度 0 与 0 km/h 的线性中点
2017-11-06 16:55:59,新增插值记录,,29.95,相邻速度 29.9 与 30 km/h 的线性中点
2017-11-06 17:12:34,删除长低速记录,0.0,0.0,连续低于10 km/h的记录超过180条
2017-11-06 17:12:35,删除长低速记录,0.0,0.0,连续低于10 km/h的记录超过180条
2017-11-06 17:12:36,删除长低速记录,0.0,0.0,连续低于10 km/h的记录超过180条
2017-11-06 17:12:37,删除长低速记录,0.0,0.0,连续低于10 km/h的记录超过180条
2017-11-06 17:12:38,删除长低速记录,0.0,0.0,连续低于10 km/h的记录超过180条
2017-11-06 17:12:39,删除长低速记录,0.0,0.0,连续低于10 km/h的记录超过180条
2017-11-06 17:12:40,删除长低速记录,0.0,0.0,连续低于10 km/h的记录超过180条
2017-11-06 17:12:41,删除长低速记录,0.0,0.0,连续低于10 km/h的记录超过180条
2017-11-06 17:12:42,删除长低速记录,0.0,0.0,连续低于10 km/h的记录超过180条
2017-11-06 17:12:43,删除长低速记录,0.0,0.0,连续低于10 km/h的记录超过180条
2017-11-06 17:12:44,删除长低速记录,0.0,0.0,连续低于10 km/h的记录超过180条
2017-11-06 17:12:45,删除长低速记录,0.0,0.0,连续低于10 km/h的记录超过180条
2017-11-06 17:12:46,删除长低速记录,0.0,0.0,连续低于10 km/h的记录超过180条
2017-11-06 17:12:47,删除长低速记录,0.0,0.0,连续低于10 km/h的记录超过180条
2017-11-06 17:12:48,删除长低速记录,0.0,0.0,连续低于10 km/h的记录超过180条
2017-11-06 17:12:49,删除长低速记录,0.0,0.0,连续低于10 km/h的记录超过180条
2017-11-06 17:12:50,删除长低速记录,0.0,0.0,连续低于10 km/h的记录超过180条
2017-11-06 17:12:51,删除长低速记录,0.0,0.0,连续低于10 km/h的记录超过180条
2017-11-06 17:12:52,删除长低速记录,0.0,0.0,连续低于10 km/h的记录超过180条
2017-11-06 17:12:53,删除长低速记录,0.0,0.0,连续低于10 km/h的记录超过180条
2017-11-06 17:12:54,删除长低速记录,0.0,0.0,连续低于10 km/h的记录超过180条
2017-11-06 17:12:55,删除长低速记录,0.0,0.0,连续低于10 km/h的记录超过180条
2017-11-06 17:12:56,删除长低速记录,0.0,0.0,连续低于10 km/h的记录超过180条
2017-11-06 17:12:57,删除长低速记录,0.0,0.0,连续低于10 km/h的记录超过180条
2017-11-06 17:12:58,删除长低速记录,0.0,0.0,连续低于10 km/h的记录超过180条
2017-11-06 17:12:59,删除长低速记录,0.0,0.0,连续低于10 km/h的记录超过180条
2017-11-06 17:13:00,删除长低速记录,0.0,0.0,连续低于10 km/h的记录超过180条
2017-11-06 17:13:01,删除长低速记录,0.0,0.0,连续低于10 km/h的记录超过180条
2017-11-06 17:13:02,删除长低速记录,0.0,0.0,连续低于10 km/h的记录超过180条
2017-11-06 17:13:03,删除长低速记录,0.0,0.0,连续低于10 km/h的记录超过180条
2017-11-06 17:13:04,删除长低速记录,0.0,0.0,连续低于10 km/h的记录超过180条
2017-11-06 17:13:05,删除长低速记录,0.0,0.0,连续低于10 km/h的记录超过180条
2017-11-06 17:13:06,删除长低速记录,0.0,0.0,连续低于10 km/h的记录超过180条
2017-11-06 17:13:07,删除长低速记录,0.0,0.0,连续低于10 km/h的记录超过180条
2017-11-06 17:13:08,删除长低速记录,0.0,0.0,连续低于10 km/h的记录超过180条
2017-11-06 17:13:09,删除长低速记录,0.0,0.0,连续低于10 km/h的记录超过180条
2017-11-06 17:13:10,删除长低速记录,0.0,0.0,连续低于10 km/h的记录超过180条
2017-11-06 17:13:11,删除长低速记录,0.0,0.0,连续低于10 km/h的记录超过180条
2017-11-06 17:13:12,删除长低速记录,0.0,0.0,连续低于10 km/h的记录超过180条
2017-11-06 17:13:13,删除长低速记录,0.0,0.0,连续低于10 km/h的记录超过180条
2017-11-06 17:13:14,删除长低速记录,0.0,0.0,连续低于10 km/h的记录超过180条
2017-11-06 17:13:15,删除长低速记录,0.0,0.0,连续低于10 km/h的记录超过180条
2017-11-06 17:13:16,删除长低速记录,0.0,0.0,连续低于10 km/h的记录超过180条
2017-11-06 17:13:17,删除长低速记录,0.0,0.0,连续低于10 km/h的记录超过180条
2017-11-06 17:13:18,删除长低速记录,0.0,0.0,连续低于10 km/h的记录超过180条
2017-11-06 17:13:19,删除长低速记录,0.0,0.0,连续低于10 km/h的记录超过180条
2017-11-06 17:13:20,删除长低速记录,0.0,0.0,连续低于10 km/h的记录超过180条
2017-11-06 17:13:21,删除长低速记录,0.0,0.0,连续低于10 km/h的记录超过180条
2017-11-06 17:13:22,删除长低速记录,0.0,0.0,连续低于10 km/h的记录超过180条
2017-11-06 17:13:23,删除长低速记录,0.0,0.0,连续低于10 km/h的记录超过180条
2017-11-06 17:13:24,删除长低速记录,0.0,0.0,连续低于10 km/h的记录超过180条
2017-11-06 17:13:25,删除长低速记录,0.0,0.0,连续低于10 km/h的记录超过180条
2017-11-06 17:13:26,删除长低速记录,0.0,0.0,连续低于10 km/h的记录超过180条
2017-11-06 17:13:27,删除长低速记录,0.0,0.0,连续低于10 km/h的记录超过180条
2017-11-06 17:13:28,删除长低速记录,0.0,0.0,连续低于10 km/h的记录超过180条
2017-11-06 17:13:29,删除长低速记录,0.0,0.0,连续低于10 km/h的记录超过180条
2017-11-06 17:13:30,删除长低速记录,0.0,0.0,连续低于10 km/h的记录超过180条
2017-11-06 17:13:31,删除长低速记录,0.0,0.0,连续低于10 km/h的记录超过180条
2017-11-06 17:13:32,删除长低速记录,0.0,0.0,连续低于10 km/h的记录超过180条
2017-11-06 17:13:33,删除长低速记录,0.0,0.0,连续低于10 km/h的记录超过180条
2017-11-06 17:13:34,删除长低速记录,0.0,0.0,连续低于10 km/h的记录超过180条
2017-11-06 17:13:35,删除长低速记录,1.5,1.5,连续低于10 km/h的记录超过180条
2017-11-06 17:13:36,删除长低速记录,1.5,1.5,连续低于10 km/h的记录超过180条
2017-11-06 17:13:37,删除长低速记录,0.0,0.0,连续低于10 km/h的记录超过180条
2017-11-06 17:13:38,删除长低速记录,0.0,0.0,连续低于10 km/h的记录超过180条
2017-11-06 17:13:39,删除长低速记录,0.0,0.0,连续低于10 km/h的记录超过180条
2017-11-06 17:13:40,删除长低速记录,0.0,0.0,连续低于10 km/h的记录超过180条
2017-11-06 17:13:41,删除长低速记录,1.4,1.4,连续低于10 km/h的记录超过180条
2017-11-06 17:13:42,删除长低速记录,1.9,1.9,连续低于10 km/h的记录超过180条
2017-11-06 17:13:43,删除长低速记录,1.8,1.8,连续低于10 km/h的记录超过180条
2017-11-06 17:13:44,删除长低速记录,1.5,1.5,连续低于10 km/h的记录超过180条
2017-11-06 17:13:45,删除长低速记录,0.0,0.0,连续低于10 km/h的记录超过180条
2017-11-06 17:13:46,删除长低速记录,0.0,0.0,连续低于10 km/h的记录超过180条
2017-11-06 17:13:47,删除长低速记录,0.0,0.0,连续低于10 km/h的记录超过180条
2017-11-06 17:13:48,删除长低速记录,0.0,0.0,连续低于10 km/h的记录超过180条
2017-11-06 17:13:49,删除长低速记录,0.0,0.0,连续低于10 km/h的记录超过180条
2017-11-06 17:13:50,删除长低速记录,0.0,0.0,连续低于10 km/h的记录超过180条
2017-11-06 17:13:51,删除长低速记录,0.0,0.0,连续低于10 km/h的记录超过180条
2017-11-06 17:13:52,删除长低速记录,1.5,1.5,连续低于10 km/h的记录超过180条
2017-11-06 17:13:53,删除长低速记录,1.5,1.5,连续低于10 km/h的记录超过180条
2017-11-06 17:13:54,删除长低速记录,1.4,1.4,连续低于10 km/h的记录超过180条
2017-11-06 17:13:55,删除长低速记录,0.0,0.0,连续低于10 km/h的记录超过180条
2017-11-06 17:13:56,删除长低速记录,0.0,0.0,连续低于10 km/h的记录超过180条
2017-11-06 17:13:57,删除长低速记录,0.0,0.0,连续低于10 km/h的记录超过180条
2017-11-06 17:13:58,删除长低速记录,0.0,0.0,连续低于10 km/h的记录超过180条
2017-11-06 17:13:59,删除长低速记录,0.0,0.0,连续低于10 km/h的记录超过180条
2017-11-06 17:14:00,删除长低速记录,0.0,0.0,连续低于10 km/h的记录超过180条
2017-11-06 17:14:01,删除长低速记录,0.0,0.0,连续低于10 km/h的记录超过180条
2017-11-06 17:14:02,删除长低速记录,0.0,0.0,连续低于10 km/h的记录超过180条
2017-11-06 17:14:03,删除长低速记录,0.0,0.0,连续低于10 km/h的记录超过180条
2017-11-06 17:14:04,删除长低速记录,0.0,0.0,连续低于10 km/h的记录超过180条
2017-11-06 17:14:05,删除长低速记录,0.0,0.0,连续低于10 km/h的记录超过180条
2017-11-06 17:14:06,删除长低速记录,0.0,0.0,连续低于10 km/h的记录超过180条
2017-11-06 17:14:07,删除长低速记录,0.0,0.0,连续低于10 km/h的记录超过180条
2017-11-06 17:14:08,删除长低速记录,0.0,0.0,连续低于10 km/h的记录超过180条
2017-11-06 17:14:09,删除长低速记录,0.0,0.0,连续低于10 km/h的记录超过180条
2017-11-06 17:14:10,删除长低速记录,0.0,0.0,连续低于10 km/h的记录超过180条
2017-11-06 17:14:11,删除长低速记录,0.0,0.0,连续低于10 km/h的记录超过180条
2017-11-06 17:14:12,删除长低速记录,0.0,0.0,连续低于10 km/h的记录超过180条
2017-11-06 17:14:13,删除长低速记录,0.0,0.0,连续低于10 km/h的记录超过180条
2017-11-06 17:14:14,删除长低速记录,0.0,0.0,连续低于10 km/h的记录超过180条
2017-11-06 17:14:15,删除长低速记录,0.0,0.0,连续低于10 km/h的记录超过180条
2017-11-06 17:14:16,删除长低速记录,0.0,0.0,连续低于10 km/h的记录超过180条
2017-11-06 17:14:17,删除长低速记录,0.0,0.0,连续低于10 km/h的记录超过180条
2017-11-06 17:14:18,删除长低速记录,0.0,0.0,连续低于10 km/h的记录超过180条
2017-11-06 17:14:19,删除长低速记录,3.0,3.0,连续低于10 km/h的记录超过180条
2017-11-06 17:14:20,删除长低速记录,2.7,2.7,连续低于10 km/h的记录超过180条
2017-11-06 17:14:21,删除长低速记录,1.7,1.7,连续低于10 km/h的记录超过180条
2017-11-06 17:14:22,删除长低速记录,0.0,0.0,连续低于10 km/h的记录超过180条
2017-11-06 17:14:23,删除长低速记录,0.0,0.0,连续低于10 km/h的记录超过180条
2017-11-06 17:14:24,删除长低速记录,0.0,0.0,连续低于10 km/h的记录超过180条
2017-11-06 17:14:25,删除长低速记录,0.0,0.0,连续低于10 km/h的记录超过180条
2017-11-06 17:14:26,删除长低速记录,0.0,0.0,连续低于10 km/h的记录超过180条
2017-11-06 17:14:27,删除长低速记录,0.0,0.0,连续低于10 km/h的记录超过180条
2017-11-06 17:14:28,删除长低速记录,2.2,2.2,连续低于10 km/h的记录超过180条
2017-11-06 17:14:29,删除长低速记录,4.5,4.5,连续低于10 km/h的记录超过180条
2017-11-06 17:14:30,删除长低速记录,4.6,4.6,连续低于10 km/h的记录超过180条
2017-11-06 17:14:31,删除长低速记录,5.8,5.8,连续低于10 km/h的记录超过180条
2017-11-06 17:14:32,删除长低速记录,8.4,8.4,连续低于10 km/h的记录超过180条
2017-11-06 17:16:33,新增插值记录,,0.0,相邻速度 0 与 0 km/h 的线性中点
2017-11-06 17:18:31,新增插值记录,,29.549999999999997,相邻速度 27.7 与 31.4 km/h 的线性中点
2017-11-06 17:18:33,新增插值记录,,29.549999999999997,相邻速度 31.4 与 27.7 km/h 的线性中点
2017-11-06 17:18:35,新增插值记录,,32.55,相邻速度 27.7 与 37.4 km/h 的线性中点
2017-11-06 17:21:50,新增插值记录,,18.0,相邻速度 17.1 与 18.9 km/h 的线性中点
2017-11-06 17:26:30,新增插值记录,,35.7,相邻速度 39 与 32.4 km/h 的线性中点
2017-11-06 17:36:42,车速限幅,21.4,17.856,"连续1秒允许范围 [0.000000, 17.856000] km/h"
2017-11-06 17:38:46,车速限幅,18.8,18.356,"连续1秒允许范围 [0.000000, 18.356000] km/h"
2017-11-06 17:46:01,新增插值记录,,29.1,相邻速度 31.4 与 26.8 km/h 的线性中点
2017-11-06 18:04:14,新增插值记录,,10.3,相邻速度 9.5 与 11.1 km/h 的线性中点
2017-11-06 18:11:15,新增插值记录,,14.7,相邻速度 14.9 与 14.5 km/h 的线性中点
2017-11-06 18:17:02,新增插值记录,,0.0,相邻速度 0 与 0 km/h 的线性中点
2017-11-06 18:17:06,新增插值记录,,1.15,相邻速度 0 与 2.3 km/h 的线性中点
2017-11-06 18:22:32,新增插值记录,,2.95,相邻速度 0.4 与 5.5 km/h 的线性中点
2017-11-06 18:22:40,新增插值记录,,7.55,相邻速度 7.1 与 8 km/h 的线性中点
2017-11-06 18:24:05,车速限幅,17.0,14.256,"连续1秒允许范围 [0.000000, 14.256000] km/h"
2017-11-06 18:34:17,新增插值记录,,25.549999999999997,相邻速度 25.4 与 25.7 km/h 的线性中点
2017-11-06 18:34:23,新增插值记录,,26.4,相邻速度 26.3 与 26.5 km/h 的线性中点
2017-11-06 18:35:05,新增插值记录,,9.600000000000001,相邻速度 9.9 与 9.3 km/h 的线性中点
2017-11-06 18:35:07,新增插值记录,,9.100000000000001,相邻速度 9.3 与 8.9 km/h 的线性中点
2017-11-06 18:35:35,新增插值记录,,4.1,相邻速度 4.1 与 4.1 km/h 的线性中点
2017-11-06 18:35:39,新增插值记录,,4.1,相邻速度 4.1 与 4.1 km/h 的线性中点
2017-11-06 18:35:49,新增插值记录,,4.1,相邻速度 4.1 与 4.1 km/h 的线性中点
2017-11-06 18:35:55,新增插值记录,,4.1,相邻速度 4.1 与 4.1 km/h 的线性中点
2017-11-06 18:36:08,新增插值记录,,4.1,相邻速度 4.1 与 4.1 km/h 的线性中点
2017-11-06 18:36:12,新增插值记录,,4.1,相邻速度 4.1 与 4.1 km/h 的线性中点
2017-11-06 18:36:22,新增插值记录,,4.1,相邻速度 4.1 与 4.1 km/h 的线性中点
2017-11-06 18:36:28,新增插值记录,,4.1,相邻速度 4.1 与 4.1 km/h 的线性中点
2017-11-06 18:36:41,新增插值记录,,4.1,相邻速度 4.1 与 4.1 km/h 的线性中点
2017-11-06 18:36:44,新增插值记录,,4.1,相邻速度 4.1 与 4.1 km/h 的线性中点
2017-11-06 18:55:26,删除长低速记录,3.9,3.9,连续低于10 km/h的记录超过180条
2017-11-06 18:55:27,删除长低速记录,4.5,4.5,连续低于10 km/h的记录超过180条
2017-11-06 18:55:28,删除长低速记录,5.2,5.2,连续低于10 km/h的记录超过180条
2017-11-06 18:55:29,删除长低速记录,7.2,7.2,连续低于10 km/h的记录超过180条
2017-11-06 18:55:30,删除长低速记录,9.9,9.9,连续低于10 km/h的记录超过180条
2017-11-06 18:58:44,车速限幅,33.3,32.456,"连续1秒允许范围 [0.000000, 32.456000] km/h"
2017-11-06 19:05:01,新增插值记录,,49.349999999999994,相邻速度 50.9 与 47.8 km/h 的线性中点
2017-11-06 19:06:11,新增插值记录,,38.7,相邻速度 39.1 与 38.3 km/h 的线性中点
2017-11-06 19:07:24,新增插值记录,,22.5,相邻速度 23.5 与 21.5 km/h 的线性中点
2017-11-06 19:24:36,删除长低速记录,0.0,0.0,连续低于10 km/h的记录超过180条
2017-11-06 19:24:37,删除长低速记录,0.0,0.0,连续低于10 km/h的记录超过180条
2017-11-06 19:24:38,删除长低速记录,0.0,0.0,连续低于10 km/h的记录超过180条
2017-11-06 19:24:39,删除长低速记录,0.0,0.0,连续低于10 km/h的记录超过180条
2017-11-06 19:24:40,删除长低速记录,0.0,0.0,连续低于10 km/h的记录超过180条
2017-11-06 19:24:41,删除长低速记录,0.0,0.0,连续低于10 km/h的记录超过180条
2017-11-06 19:24:42,删除长低速记录,0.0,0.0,连续低于10 km/h的记录超过180条
2017-11-06 19:24:43,删除长低速记录,0.0,0.0,连续低于10 km/h的记录超过180条
2017-11-06 19:24:44,删除长低速记录,0.0,0.0,连续低于10 km/h的记录超过180条
2017-11-06 19:24:45,删除长低速记录,0.0,0.0,连续低于10 km/h的记录超过180条
2017-11-06 19:24:46,删除长低速记录,0.0,0.0,连续低于10 km/h的记录超过180条
2017-11-06 19:24:47,删除长低速记录,0.0,0.0,连续低于10 km/h的记录超过180条
2017-11-06 19:24:48,删除长低速记录,0.0,0.0,连续低于10 km/h的记录超过180条
2017-11-06 19:24:49,删除长低速记录,0.0,0.0,连续低于10 km/h的记录超过180条
2017-11-06 19:24:50,删除长低速记录,0.0,0.0,连续低于10 km/h的记录超过180条
2017-11-06 19:24:51,删除长低速记录,0.0,0.0,连续低于10 km/h的记录超过180条
2017-11-06 19:24:52,删除长低速记录,0.0,0.0,连续低于10 km/h的记录超过180条
2017-11-06 19:24:53,删除长低速记录,6.8,6.8,连续低于10 km/h的记录超过180条
2017-11-06 19:24:56,车速限幅,30.3,29.856,"连续1秒允许范围 [0.000000, 29.856000] km/h"
2017-11-06 19:35:35,车速限幅,17.9,14.256,"连续1秒允许范围 [0.000000, 14.256000] km/h"
2017-11-06 19:39:32,新增插值记录,,35.349999999999994,相邻速度 33.9 与 36.8 km/h 的线性中点
2017-11-06 19:44:46,新增插值记录,,16.65,相邻速度 22.8 与 10.5 km/h 的线性中点
2017-11-06 21:42:43,删除长低速记录,0.0,0.0,连续低于10 km/h的记录超过180条
2017-11-06 21:42:44,删除长低速记录,0.0,0.0,连续低于10 km/h的记录超过180条
2017-11-06 21:42:45,删除长低速记录,0.0,0.0,连续低于10 km/h的记录超过180条
2017-11-06 21:42:46,删除长低速记录,0.0,0.0,连续低于10 km/h的记录超过180条
2017-11-06 21:42:47,删除长低速记录,0.0,0.0,连续低于10 km/h的记录超过180条
2017-11-06 21:42:48,删除长低速记录,0.0,0.0,连续低于10 km/h的记录超过180条
2017-11-06 21:42:49,删除长低速记录,0.0,0.0,连续低于10 km/h的记录超过180条
2017-11-06 21:42:50,删除长低速记录,0.0,0.0,连续低于10 km/h的记录超过180条
2017-11-06 21:42:51,删除长低速记录,0.0,0.0,连续低于10 km/h的记录超过180条
2017-11-06 21:42:52,删除长低速记录,0.0,0.0,连续低于10 km/h的记录超过180条
2017-11-06 21:42:53,删除长低速记录,0.0,0.0,连续低于10 km/h的记录超过180条
2017-11-06 21:42:54,删除长低速记录,0.0,0.0,连续低于10 km/h的记录超过180条
2017-11-06 21:42:55,删除长低速记录,0.0,0.0,连续低于10 km/h的记录超过180条
2017-11-06 21:42:56,删除长低速记录,0.0,0.0,连续低于10 km/h的记录超过180条
2017-11-06 21:42:57,删除长低速记录,0.0,0.0,连续低于10 km/h的记录超过180条
2017-11-06 21:42:58,删除长低速记录,0.0,0.0,连续低于10 km/h的记录超过180条
2017-11-06 21:42:59,删除长低速记录,0.0,0.0,连续低于10 km/h的记录超过180条
2017-11-06 21:43:00,删除长低速记录,0.0,0.0,连续低于10 km/h的记录超过180条
2017-11-06 21:43:01,删除长低速记录,0.0,0.0,连续低于10 km/h的记录超过180条
2017-11-06 21:43:02,删除长低速记录,0.0,0.0,连续低于10 km/h的记录超过180条
2017-11-06 21:43:03,删除长低速记录,0.0,0.0,连续低于10 km/h的记录超过180条
2017-11-06 21:43:04,删除长低速记录,4.0,4.0,连续低于10 km/h的记录超过180条
2017-11-06 21:43:05,删除长低速记录,4.5,4.5,连续低于10 km/h的记录超过180条
2017-11-06 21:43:06,删除长低速记录,5.0,5.0,连续低于10 km/h的记录超过180条
2017-11-06 21:43:07,删除长低速记录,5.6,5.6,连续低于10 km/h的记录超过180条
2017-11-06 21:43:08,删除长低速记录,8.0,8.0,连续低于10 km/h的记录超过180条
2017-11-06 21:58:47,删除长低速记录,0.0,0.0,连续低于10 km/h的记录超过180条
2017-11-06 21:58:48,删除长低速记录,0.0,0.0,连续低于10 km/h的记录超过180条
2017-11-06 21:58:49,删除长低速记录,0.0,0.0,连续低于10 km/h的记录超过180条
2017-11-06 21:58:50,删除长低速记录,0.0,0.0,连续低于10 km/h的记录超过180条
2017-11-06 21:58:51,删除长低速记录,0.0,0.0,连续低于10 km/h的记录超过180条
2017-11-06 21:58:52,删除长低速记录,0.0,0.0,连续低于10 km/h的记录超过180条
2017-11-06 21:58:53,删除长低速记录,0.0,0.0,连续低于10 km/h的记录超过180条
2017-11-06 21:58:54,删除长低速记录,0.0,0.0,连续低于10 km/h的记录超过180条
2017-11-06 21:58:55,删除长低速记录,0.0,0.0,连续低于10 km/h的记录超过180条
2017-11-06 21:58:56,删除长低速记录,0.0,0.0,连续低于10 km/h的记录超过180条
2017-11-06 21:58:57,删除长低速记录,0.0,0.0,连续低于10 km/h的记录超过180条
2017-11-06 21:58:58,删除长低速记录,0.0,0.0,连续低于10 km/h的记录超过180条
2017-11-06 21:58:59,删除长低速记录,0.0,0.0,连续低于10 km/h的记录超过180条
2017-11-06 21:59:00,删除长低速记录,0.0,0.0,连续低于10 km/h的记录超过180条
2017-11-06 21:59:01,删除长低速记录,0.0,0.0,连续低于10 km/h的记录超过180条
2017-11-06 21:59:02,删除长低速记录,0.0,0.0,连续低于10 km/h的记录超过180条
2017-11-06 21:59:03,删除长低速记录,0.0,0.0,连续低于10 km/h的记录超过180条
2017-11-06 21:59:04,删除长低速记录,0.0,0.0,连续低于10 km/h的记录超过180条
2017-11-06 21:59:05,删除长低速记录,0.0,0.0,连续低于10 km/h的记录超过180条
2017-11-06 21:59:06,删除长低速记录,0.0,0.0,连续低于10 km/h的记录超过180条
2017-11-06 21:59:07,删除长低速记录,0.0,0.0,连续低于10 km/h的记录超过180条
2017-11-06 21:59:08,删除长低速记录,0.0,0.0,连续低于10 km/h的记录超过180条
2017-11-06 21:59:09,删除长低速记录,0.0,0.0,连续低于10 km/h的记录超过180条
2017-11-06 21:59:10,删除长低速记录,0.0,0.0,连续低于10 km/h的记录超过180条
2017-11-06 21:59:11,删除长低速记录,0.0,0.0,连续低于10 km/h的记录超过180条
2017-11-06 21:59:12,删除长低速记录,0.0,0.0,连续低于10 km/h的记录超过180条
2017-11-06 21:59:13,删除长低速记录,0.0,0.0,连续低于10 km/h的记录超过180条
2017-11-06 21:59:14,删除长低速记录,0.0,0.0,连续低于10 km/h的记录超过180条
2017-11-06 21:59:15,删除长低速记录,0.0,0.0,连续低于10 km/h的记录超过180条
2017-11-06 21:59:16,删除长低速记录,0.0,0.0,连续低于10 km/h的记录超过180条
2017-11-06 21:59:17,删除长低速记录,0.0,0.0,连续低于10 km/h的记录超过180条
2017-11-06 21:59:18,删除长低速记录,0.0,0.0,连续低于10 km/h的记录超过180条
2017-11-06 21:59:19,删除长低速记录,0.0,0.0,连续低于10 km/h的记录超过180条
2017-11-06 21:59:20,删除长低速记录,0.0,0.0,连续低于10 km/h的记录超过180条
2017-11-06 21:59:21,删除长低速记录,0.0,0.0,连续低于10 km/h的记录超过180条
2017-11-06 21:59:22,删除长低速记录,0.0,0.0,连续低于10 km/h的记录超过180条
2017-11-06 21:59:23,删除长低速记录,0.0,0.0,连续低于10 km/h的记录超过180条
2017-11-06 21:59:24,删除长低速记录,0.0,0.0,连续低于10 km/h的记录超过180条
2017-11-06 21:59:25,删除长低速记录,0.0,0.0,连续低于10 km/h的记录超过180条
2017-11-06 21:59:26,删除长低速记录,0.0,0.0,连续低于10 km/h的记录超过180条
2017-11-06 21:59:27,删除长低速记录,0.0,0.0,连续低于10 km/h的记录超过180条
2017-11-06 21:59:28,删除长低速记录,0.0,0.0,连续低于10 km/h的记录超过180条
2017-11-06 21:59:29,删除长低速记录,0.0,0.0,连续低于10 km/h的记录超过180条
2017-11-06 21:59:30,删除长低速记录,0.0,0.0,连续低于10 km/h的记录超过180条
2017-11-06 21:59:31,删除长低速记录,0.0,0.0,连续低于10 km/h的记录超过180条
2017-11-06 21:59:32,删除长低速记录,0.0,0.0,连续低于10 km/h的记录超过180条
2017-11-06 21:59:33,删除长低速记录,0.0,0.0,连续低于10 km/h的记录超过180条
2017-11-06 21:59:34,删除长低速记录,0.0,0.0,连续低于10 km/h的记录超过180条
2017-11-06 21:59:35,删除长低速记录,0.0,0.0,连续低于10 km/h的记录超过180条
2017-11-06 21:59:36,删除长低速记录,0.0,0.0,连续低于10 km/h的记录超过180条
2017-11-06 21:59:37,删除长低速记录,0.0,0.0,连续低于10 km/h的记录超过180条
2017-11-06 21:59:38,删除长低速记录,0.0,0.0,连续低于10 km/h的记录超过180条
2017-11-06 21:59:39,删除长低速记录,0.0,0.0,连续低于10 km/h的记录超过180条
2017-11-06 21:59:40,删除长低速记录,0.0,0.0,连续低于10 km/h的记录超过180条
2017-11-06 21:59:41,删除长低速记录,0.0,0.0,连续低于10 km/h的记录超过180条
2017-11-06 21:59:42,删除长低速记录,0.0,0.0,连续低于10 km/h的记录超过180条
2017-11-06 21:59:43,删除长低速记录,0.0,0.0,连续低于10 km/h的记录超过180条
2017-11-06 21:59:44,删除长低速记录,0.0,0.0,连续低于10 km/h的记录超过180条
2017-11-06 21:59:45,删除长低速记录,0.0,0.0,连续低于10 km/h的记录超过180条
2017-11-06 21:59:46,删除长低速记录,0.0,0.0,连续低于10 km/h的记录超过180条
2017-11-06 21:59:47,删除长低速记录,0.0,0.0,连续低于10 km/h的记录超过180条
2017-11-06 21:59:48,删除长低速记录,0.0,0.0,连续低于10 km/h的记录超过180条
2017-11-06 21:59:49,删除长低速记录,0.0,0.0,连续低于10 km/h的记录超过180条
2017-11-06 21:59:50,删除长低速记录,0.0,0.0,连续低于10 km/h的记录超过180条
2017-11-06 21:59:51,删除长低速记录,0.0,0.0,连续低于10 km/h的记录超过180条
2017-11-06 21:59:52,删除长低速记录,0.0,0.0,连续低于10 km/h的记录超过180条
2017-11-06 21:59:53,删除长低速记录,0.0,0.0,连续低于10 km/h的记录超过180条
2017-11-06 21:59:54,删除长低速记录,0.0,0.0,连续低于10 km/h的记录超过180条
2017-11-06 21:59:55,删除长低速记录,0.0,0.0,连续低于10 km/h的记录超过180条
2017-11-06 21:59:56,删除长低速记录,0.0,0.0,连续低于10 km/h的记录超过180条
2017-11-06 21:59:57,删除长低速记录,0.0,0.0,连续低于10 km/h的记录超过180条
2017-11-06 21:59:58,删除长低速记录,0.0,0.0,连续低于10 km/h的记录超过180条
2017-11-06 21:59:59,删除长低速记录,0.0,0.0,连续低于10 km/h的记录超过180条
2017-11-06 22:00:00,删除长低速记录,0.0,0.0,连续低于10 km/h的记录超过180条
2017-11-06 22:00:01,删除长低速记录,0.0,0.0,连续低于10 km/h的记录超过180条
2017-11-06 22:00:02,删除长低速记录,0.0,0.0,连续低于10 km/h的记录超过180条
2017-11-06 22:00:03,删除长低速记录,0.0,0.0,连续低于10 km/h的记录超过180条
2017-11-06 22:00:04,删除长低速记录,0.0,0.0,连续低于10 km/h的记录超过180条
2017-11-06 22:00:05,删除长低速记录,0.0,0.0,连续低于10 km/h的记录超过180条
2017-11-06 22:00:06,删除长低速记录,0.0,0.0,连续低于10 km/h的记录超过180条
2017-11-06 22:00:07,删除长低速记录,0.0,0.0,连续低于10 km/h的记录超过180条
2017-11-06 22:00:08,删除长低速记录,0.0,0.0,连续低于10 km/h的记录超过180条
2017-11-06 22:00:09,删除长低速记录,0.0,0.0,连续低于10 km/h的记录超过180条
2017-11-06 22:00:10,删除长低速记录,0.0,0.0,连续低于10 km/h的记录超过180条
2017-11-06 22:00:11,删除长低速记录,0.0,0.0,连续低于10 km/h的记录超过180条
2017-11-06 22:00:12,删除长低速记录,0.0,0.0,连续低于10 km/h的记录超过180条
2017-11-06 22:00:13,删除长低速记录,0.0,0.0,连续低于10 km/h的记录超过180条
2017-11-06 22:00:14,删除长低速记录,0.0,0.0,连续低于10 km/h的记录超过180条
2017-11-06 22:00:15,删除长低速记录,0.0,0.0,连续低于10 km/h的记录超过180条
2017-11-06 22:00:16,删除长低速记录,0.0,0.0,连续低于10 km/h的记录超过180条
2017-11-06 22:00:17,删除长低速记录,0.0,0.0,连续低于10 km/h的记录超过180条
2017-11-06 22:00:18,删除长低速记录,0.0,0.0,连续低于10 km/h的记录超过180条
2017-11-06 22:00:19,删除长低速记录,0.0,0.0,连续低于10 km/h的记录超过180条
2017-11-06 22:00:20,删除长低速记录,0.0,0.0,连续低于10 km/h的记录超过180条
2017-11-06 22:00:21,删除长低速记录,0.0,0.0,连续低于10 km/h的记录超过180条
2017-11-06 22:00:22,删除长低速记录,0.0,0.0,连续低于10 km/h的记录超过180条
2017-11-06 22:00:23,删除长低速记录,0.0,0.0,连续低于10 km/h的记录超过180条
2017-11-06 22:00:24,删除长低速记录,0.0,0.0,连续低于10 km/h的记录超过180条
2017-11-06 22:00:25,删除长低速记录,0.0,0.0,连续低于10 km/h的记录超过180条
2017-11-06 22:00:26,删除长低速记录,0.0,0.0,连续低于10 km/h的记录超过180条
2017-11-06 22:00:27,删除长低速记录,0.0,0.0,连续低于10 km/h的记录超过180条
2017-11-06 22:00:28,删除长低速记录,0.0,0.0,连续低于10 km/h的记录超过180条
2017-11-06 22:00:29,删除长低速记录,0.0,0.0,连续低于10 km/h的记录超过180条
2017-11-06 22:00:30,删除长低速记录,0.0,0.0,连续低于10 km/h的记录超过180条
2017-11-06 22:00:31,删除长低速记录,0.0,0.0,连续低于10 km/h的记录超过180条
2017-11-06 22:00:32,删除长低速记录,0.0,0.0,连续低于10 km/h的记录超过180条
2017-11-06 22:00:33,删除长低速记录,0.0,0.0,连续低于10 km/h的记录超过180条
2017-11-06 22:00:34,删除长低速记录,0.0,0.0,连续低于10 km/h的记录超过180条
2017-11-06 22:00:35,删除长低速记录,0.0,0.0,连续低于10 km/h的记录超过180条
2017-11-06 22:00:36,删除长低速记录,0.0,0.0,连续低于10 km/h的记录超过180条
2017-11-06 22:00:37,删除长低速记录,0.0,0.0,连续低于10 km/h的记录超过180条
2017-11-06 22:00:38,删除长低速记录,0.0,0.0,连续低于10 km/h的记录超过180条
2017-11-06 22:00:39,删除长低速记录,0.0,0.0,连续低于10 km/h的记录超过180条
2017-11-06 22:00:40,删除长低速记录,0.0,0.0,连续低于10 km/h的记录超过180条
2017-11-06 22:00:41,删除长低速记录,0.0,0.0,连续低于10 km/h的记录超过180条
2017-11-06 22:00:42,删除长低速记录,0.0,0.0,连续低于10 km/h的记录超过180条
2017-11-06 22:00:43,删除长低速记录,0.0,0.0,连续低于10 km/h的记录超过180条
2017-11-06 22:00:44,删除长低速记录,0.0,0.0,连续低于10 km/h的记录超过180条
2017-11-06 22:00:45,删除长低速记录,0.0,0.0,连续低于10 km/h的记录超过180条
2017-11-06 22:00:46,删除长低速记录,0.0,0.0,连续低于10 km/h的记录超过180条
2017-11-06 22:00:47,删除长低速记录,0.0,0.0,连续低于10 km/h的记录超过180条
2017-11-06 22:00:48,删除长低速记录,0.0,0.0,连续低于10 km/h的记录超过180条
2017-11-06 22:00:49,删除长低速记录,0.0,0.0,连续低于10 km/h的记录超过180条
2017-11-06 22:00:50,删除长低速记录,0.0,0.0,连续低于10 km/h的记录超过180条
2017-11-06 22:00:51,删除长低速记录,0.0,0.0,连续低于10 km/h的记录超过180条
2017-11-06 22:00:52,删除长低速记录,0.0,0.0,连续低于10 km/h的记录超过180条
2017-11-06 22:00:53,删除长低速记录,0.0,0.0,连续低于10 km/h的记录超过180条
2017-11-06 22:00:54,删除长低速记录,0.0,0.0,连续低于10 km/h的记录超过180条
2017-11-06 22:00:55,删除长低速记录,0.0,0.0,连续低于10 km/h的记录超过180条
2017-11-06 22:00:56,删除长低速记录,0.0,0.0,连续低于10 km/h的记录超过180条
2017-11-06 22:00:57,删除长低速记录,0.0,0.0,连续低于10 km/h的记录超过180条
2017-11-06 22:00:58,删除长低速记录,0.0,0.0,连续低于10 km/h的记录超过180条
2017-11-06 22:00:59,删除长低速记录,0.0,0.0,连续低于10 km/h的记录超过180条
2017-11-06 22:01:00,删除长低速记录,0.0,0.0,连续低于10 km/h的记录超过180条
2017-11-06 22:01:01,删除长低速记录,0.0,0.0,连续低于10 km/h的记录超过180条
2017-11-06 22:01:02,删除长低速记录,0.0,0.0,连续低于10 km/h的记录超过180条
2017-11-06 22:01:03,删除长低速记录,0.0,0.0,连续低于10 km/h的记录超过180条
2017-11-06 22:01:04,删除长低速记录,0.0,0.0,连续低于10 km/h的记录超过180条
2017-11-06 22:01:05,删除长低速记录,0.0,0.0,连续低于10 km/h的记录超过180条
2017-11-06 22:01:06,删除长低速记录,0.0,0.0,连续低于10 km/h的记录超过180条
2017-11-06 22:01:07,删除长低速记录,0.0,0.0,连续低于10 km/h的记录超过180条
2017-11-06 22:01:08,删除长低速记录,0.0,0.0,连续低于10 km/h的记录超过180条
2017-11-06 22:01:09,删除长低速记录,0.0,0.0,连续低于10 km/h的记录超过180条
2017-11-06 22:01:10,删除长低速记录,0.0,0.0,连续低于10 km/h的记录超过180条
2017-11-06 22:01:11,删除长低速记录,0.0,0.0,连续低于10 km/h的记录超过180条
2017-11-06 22:01:12,删除长低速记录,0.0,0.0,连续低于10 km/h的记录超过180条
2017-11-06 22:01:13,删除长低速记录,0.0,0.0,连续低于10 km/h的记录超过180条
2017-11-06 22:01:14,删除长低速记录,0.0,0.0,连续低于10 km/h的记录超过180条
2017-11-06 22:01:15,删除长低速记录,0.0,0.0,连续低于10 km/h的记录超过180条
2017-11-06 22:01:16,删除长低速记录,0.0,0.0,连续低于10 km/h的记录超过180条
2017-11-06 22:01:17,删除长低速记录,0.0,0.0,连续低于10 km/h的记录超过180条
2017-11-06 22:01:18,删除长低速记录,1.8,1.8,连续低于10 km/h的记录超过180条
2017-11-06 22:01:19,删除长低速记录,1.8,1.8,连续低于10 km/h的记录超过180条
2017-11-06 22:01:20,删除长低速记录,0.0,0.0,连续低于10 km/h的记录超过180条
2017-11-06 22:01:21,删除长低速记录,0.0,0.0,连续低于10 km/h的记录超过180条
2017-11-06 22:01:22,删除长低速记录,0.0,0.0,连续低于10 km/h的记录超过180条
2017-11-06 22:01:23,删除长低速记录,0.0,0.0,连续低于10 km/h的记录超过180条
2017-11-06 22:01:24,删除长低速记录,0.0,0.0,连续低于10 km/h的记录超过180条
2017-11-06 22:01:25,删除长低速记录,0.0,0.0,连续低于10 km/h的记录超过180条
2017-11-06 22:01:26,删除长低速记录,0.0,0.0,连续低于10 km/h的记录超过180条
2017-11-06 22:01:27,删除长低速记录,0.0,0.0,连续低于10 km/h的记录超过180条
2017-11-06 22:01:28,删除长低速记录,0.0,0.0,连续低于10 km/h的记录超过180条
2017-11-06 22:01:29,删除长低速记录,0.0,0.0,连续低于10 km/h的记录超过180条
2017-11-06 22:01:30,删除长低速记录,0.0,0.0,连续低于10 km/h的记录超过180条
2017-11-06 22:01:31,删除长低速记录,0.0,0.0,连续低于10 km/h的记录超过180条
2017-11-06 22:01:32,删除长低速记录,0.0,0.0,连续低于10 km/h的记录超过180条
2017-11-06 22:01:33,删除长低速记录,0.0,0.0,连续低于10 km/h的记录超过180条
2017-11-06 22:01:34,删除长低速记录,0.0,0.0,连续低于10 km/h的记录超过180条
2017-11-06 22:01:35,删除长低速记录,0.0,0.0,连续低于10 km/h的记录超过180条
2017-11-06 22:01:36,删除长低速记录,0.0,0.0,连续低于10 km/h的记录超过180条
2017-11-06 22:01:37,删除长低速记录,0.0,0.0,连续低于10 km/h的记录超过180条
2017-11-06 22:01:38,删除长低速记录,0.0,0.0,连续低于10 km/h的记录超过180条
2017-11-06 22:01:39,删除长低速记录,0.0,0.0,连续低于10 km/h的记录超过180条
2017-11-06 22:01:40,删除长低速记录,0.0,0.0,连续低于10 km/h的记录超过180条
2017-11-06 22:01:41,删除长低速记录,0.0,0.0,连续低于10 km/h的记录超过180条
2017-11-06 22:01:42,删除长低速记录,0.0,0.0,连续低于10 km/h的记录超过180条
2017-11-06 22:01:43,删除长低速记录,0.0,0.0,连续低于10 km/h的记录超过180条
2017-11-06 22:01:44,删除长低速记录,0.0,0.0,连续低于10 km/h的记录超过180条
2017-11-06 22:01:45,删除长低速记录,0.0,0.0,连续低于10 km/h的记录超过180条
2017-11-06 22:01:46,删除长低速记录,0.0,0.0,连续低于10 km/h的记录超过180条
2017-11-06 22:01:47,删除长低速记录,0.0,0.0,连续低于10 km/h的记录超过180条
2017-11-06 22:01:48,删除长低速记录,0.0,0.0,连续低于10 km/h的记录超过180条
2017-11-06 22:01:49,删除长低速记录,0.0,0.0,连续低于10 km/h的记录超过180条
2017-11-06 22:01:50,删除长低速记录,0.0,0.0,连续低于10 km/h的记录超过180条
2017-11-06 22:01:51,删除长低速记录,0.0,0.0,连续低于10 km/h的记录超过180条
2017-11-06 22:01:52,删除长低速记录,0.0,0.0,连续低于10 km/h的记录超过180条
2017-11-06 22:01:53,删除长低速记录,0.0,0.0,连续低于10 km/h的记录超过180条
2017-11-06 22:01:54,删除长低速记录,0.0,0.0,连续低于10 km/h的记录超过180条
2017-11-06 22:01:55,删除长低速记录,0.0,0.0,连续低于10 km/h的记录超过180条
2017-11-06 22:01:56,删除长低速记录,0.0,0.0,连续低于10 km/h的记录超过180条
2017-11-06 22:01:57,删除长低速记录,0.0,0.0,连续低于10 km/h的记录超过180条
2017-11-06 22:01:58,删除长低速记录,0.0,0.0,连续低于10 km/h的记录超过180条
2017-11-06 22:01:59,删除长低速记录,0.0,0.0,连续低于10 km/h的记录超过180条
2017-11-06 22:02:00,删除长低速记录,0.0,0.0,连续低于10 km/h的记录超过180条
2017-11-06 22:02:01,删除长低速记录,0.0,0.0,连续低于10 km/h的记录超过180条
2017-11-06 22:02:02,删除长低速记录,0.0,0.0,连续低于10 km/h的记录超过180条
2017-11-06 22:02:03,删除长低速记录,0.0,0.0,连续低于10 km/h的记录超过180条
2017-11-06 22:02:04,删除长低速记录,0.0,0.0,连续低于10 km/h的记录超过180条
2017-11-06 22:02:05,删除长低速记录,0.0,0.0,连续低于10 km/h的记录超过180条
2017-11-06 22:02:06,删除长低速记录,0.0,0.0,连续低于10 km/h的记录超过180条
2017-11-06 22:02:07,删除长低速记录,0.0,0.0,连续低于10 km/h的记录超过180条
2017-11-06 22:02:08,删除长低速记录,0.0,0.0,连续低于10 km/h的记录超过180条
2017-11-06 22:02:09,删除长低速记录,0.0,0.0,连续低于10 km/h的记录超过180条
2017-11-06 22:02:10,删除长低速记录,0.0,0.0,连续低于10 km/h的记录超过180条
2017-11-06 22:02:11,删除长低速记录,0.0,0.0,连续低于10 km/h的记录超过180条
2017-11-06 22:02:12,删除长低速记录,0.0,0.0,连续低于10 km/h的记录超过180条
2017-11-06 22:02:13,删除长低速记录,1.7,1.7,连续低于10 km/h的记录超过180条
2017-11-06 22:02:14,删除长低速记录,1.8,1.8,连续低于10 km/h的记录超过180条
2017-11-06 22:02:15,删除长低速记录,1.9,1.9,连续低于10 km/h的记录超过180条
2017-11-06 22:02:16,删除长低速记录,2.0,2.0,连续低于10 km/h的记录超过180条
2017-11-06 22:02:17,删除长低速记录,2.1,2.1,连续低于10 km/h的记录超过180条
2017-11-06 22:02:18,删除长低速记录,2.0,2.0,连续低于10 km/h的记录超过180条
2017-11-06 22:02:19,删除长低速记录,1.7,1.7,连续低于10 km/h的记录超过180条
2017-11-06 22:02:20,删除长低速记录,1.6,1.6,连续低于10 km/h的记录超过180条
2017-11-06 22:02:21,删除长低速记录,1.6,1.6,连续低于10 km/h的记录超过180条
2017-11-06 22:02:22,删除长低速记录,1.6,1.6,连续低于10 km/h的记录超过180条
2017-11-06 22:02:23,删除长低速记录,1.6,1.6,连续低于10 km/h的记录超过180条
2017-11-06 22:02:24,删除长低速记录,0.0,0.0,连续低于10 km/h的记录超过180条
2017-11-06 22:02:25,删除长低速记录,0.0,0.0,连续低于10 km/h的记录超过180条
2017-11-06 22:02:26,删除长低速记录,0.0,0.0,连续低于10 km/h的记录超过180条
2017-11-06 22:02:27,删除长低速记录,0.0,0.0,连续低于10 km/h的记录超过180条
2017-11-06 22:02:28,删除长低速记录,0.0,0.0,连续低于10 km/h的记录超过180条
2017-11-06 22:02:29,删除长低速记录,0.0,0.0,连续低于10 km/h的记录超过180条
2017-11-06 22:02:30,删除长低速记录,0.0,0.0,连续低于10 km/h的记录超过180条
2017-11-06 22:02:31,删除长低速记录,0.0,0.0,连续低于10 km/h的记录超过180条
2017-11-06 22:02:32,删除长低速记录,0.0,0.0,连续低于10 km/h的记录超过180条
2017-11-06 22:02:33,删除长低速记录,0.0,0.0,连续低于10 km/h的记录超过180条
2017-11-06 22:02:34,删除长低速记录,0.0,0.0,连续低于10 km/h的记录超过180条
2017-11-06 22:02:35,删除长低速记录,0.0,0.0,连续低于10 km/h的记录超过180条
2017-11-06 22:02:36,删除长低速记录,0.0,0.0,连续低于10 km/h的记录超过180条
2017-11-06 22:02:37,删除长低速记录,0.0,0.0,连续低于10 km/h的记录超过180条
2017-11-06 22:02:38,删除长低速记录,0.0,0.0,连续低于10 km/h的记录超过180条
2017-11-06 22:02:39,删除长低速记录,0.0,0.0,连续低于10 km/h的记录超过180条
2017-11-06 22:02:40,删除长低速记录,0.0,0.0,连续低于10 km/h的记录超过180条
2017-11-06 22:02:41,删除长低速记录,0.0,0.0,连续低于10 km/h的记录超过180条
2017-11-06 22:02:42,删除长低速记录,0.0,0.0,连续低于10 km/h的记录超过180条
2017-11-06 22:02:43,删除长低速记录,0.0,0.0,连续低于10 km/h的记录超过180条
2017-11-06 22:02:44,删除长低速记录,0.0,0.0,连续低于10 km/h的记录超过180条
2017-11-06 22:02:45,删除长低速记录,0.0,0.0,连续低于10 km/h的记录超过180条
2017-11-06 22:02:46,删除长低速记录,0.0,0.0,连续低于10 km/h的记录超过180条
2017-11-06 22:02:47,删除长低速记录,0.0,0.0,连续低于10 km/h的记录超过180条
2017-11-06 22:02:48,删除长低速记录,0.0,0.0,连续低于10 km/h的记录超过180条
2017-11-06 22:02:49,删除长低速记录,0.0,0.0,连续低于10 km/h的记录超过180条
2017-11-06 22:02:50,删除长低速记录,0.0,0.0,连续低于10 km/h的记录超过180条
2017-11-06 22:02:51,删除长低速记录,0.0,0.0,连续低于10 km/h的记录超过180条
2017-11-06 22:02:52,删除长低速记录,0.0,0.0,连续低于10 km/h的记录超过180条
2017-11-06 22:02:53,删除长低速记录,0.0,0.0,连续低于10 km/h的记录超过180条
2017-11-06 22:02:54,删除长低速记录,0.0,0.0,连续低于10 km/h的记录超过180条
2017-11-06 22:02:55,删除长低速记录,0.0,0.0,连续低于10 km/h的记录超过180条
2017-11-06 22:02:56,删除长低速记录,0.0,0.0,连续低于10 km/h的记录超过180条
2017-11-06 22:02:57,删除长低速记录,0.0,0.0,连续低于10 km/h的记录超过180条
2017-11-06 22:02:58,删除长低速记录,0.0,0.0,连续低于10 km/h的记录超过180条
2017-11-06 22:02:59,删除长低速记录,0.0,0.0,连续低于10 km/h的记录超过180条
2017-11-06 22:03:00,删除长低速记录,0.0,0.0,连续低于10 km/h的记录超过180条
2017-11-06 22:03:01,删除长低速记录,0.0,0.0,连续低于10 km/h的记录超过180条
2017-11-06 22:03:02,删除长低速记录,0.0,0.0,连续低于10 km/h的记录超过180条
2017-11-06 22:03:03,删除长低速记录,0.0,0.0,连续低于10 km/h的记录超过180条
2017-11-06 22:03:04,删除长低速记录,0.0,0.0,连续低于10 km/h的记录超过180条
2017-11-06 22:03:05,删除长低速记录,0.0,0.0,连续低于10 km/h的记录超过180条
2017-11-06 22:03:06,删除长低速记录,0.0,0.0,连续低于10 km/h的记录超过180条
2017-11-06 22:03:07,删除长低速记录,0.0,0.0,连续低于10 km/h的记录超过180条
2017-11-06 22:03:08,删除长低速记录,0.0,0.0,连续低于10 km/h的记录超过180条
2017-11-06 22:03:09,删除长低速记录,0.0,0.0,连续低于10 km/h的记录超过180条
2017-11-06 22:03:10,删除长低速记录,0.0,0.0,连续低于10 km/h的记录超过180条
2017-11-06 22:03:11,删除长低速记录,0.0,0.0,连续低于10 km/h的记录超过180条
2017-11-06 22:03:12,删除长低速记录,0.0,0.0,连续低于10 km/h的记录超过180条
2017-11-06 22:03:13,删除长低速记录,0.0,0.0,连续低于10 km/h的记录超过180条
2017-11-06 22:03:14,删除长低速记录,0.0,0.0,连续低于10 km/h的记录超过180条
2017-11-06 22:03:15,删除长低速记录,0.0,0.0,连续低于10 km/h的记录超过180条
2017-11-06 22:03:16,删除长低速记录,0.0,0.0,连续低于10 km/h的记录超过180条
2017-11-06 22:03:17,删除长低速记录,0.0,0.0,连续低于10 km/h的记录超过180条
2017-11-06 22:03:18,删除长低速记录,0.0,0.0,连续低于10 km/h的记录超过180条
2017-11-06 22:03:19,删除长低速记录,0.0,0.0,连续低于10 km/h的记录超过180条
2017-11-06 22:03:20,删除长低速记录,0.0,0.0,连续低于10 km/h的记录超过180条
2017-11-06 22:03:21,删除长低速记录,0.0,0.0,连续低于10 km/h的记录超过180条
2017-11-06 22:03:22,删除长低速记录,0.0,0.0,连续低于10 km/h的记录超过180条
2017-11-06 22:03:23,删除长低速记录,0.0,0.0,连续低于10 km/h的记录超过180条
2017-11-06 22:03:24,删除长低速记录,0.0,0.0,连续低于10 km/h的记录超过180条
2017-11-06 22:03:25,删除长低速记录,0.0,0.0,连续低于10 km/h的记录超过180条
2017-11-06 22:03:26,删除长低速记录,0.0,0.0,连续低于10 km/h的记录超过180条
2017-11-06 22:03:27,删除长低速记录,1.5,1.5,连续低于10 km/h的记录超过180条
2017-11-06 22:03:28,删除长低速记录,1.5,1.5,连续低于10 km/h的记录超过180条
2017-11-06 22:03:29,删除长低速记录,1.6,1.6,连续低于10 km/h的记录超过180条
2017-11-06 22:03:30,删除长低速记录,1.7,1.7,连续低于10 km/h的记录超过180条
2017-11-06 22:03:31,删除长低速记录,1.7,1.7,连续低于10 km/h的记录超过180条
2017-11-06 22:03:32,删除长低速记录,1.7,1.7,连续低于10 km/h的记录超过180条
2017-11-06 22:03:33,删除长低速记录,1.7,1.7,连续低于10 km/h的记录超过180条
2017-11-06 22:03:34,删除长低速记录,1.7,1.7,连续低于10 km/h的记录超过180条
2017-11-06 22:03:35,删除长低速记录,1.7,1.7,连续低于10 km/h的记录超过180条
2017-11-06 22:03:36,删除长低速记录,0.0,0.0,连续低于10 km/h的记录超过180条
2017-11-06 22:03:37,删除长低速记录,0.0,0.0,连续低于10 km/h的记录超过180条
2017-11-06 22:03:38,删除长低速记录,0.0,0.0,连续低于10 km/h的记录超过180条
2017-11-06 22:03:39,删除长低速记录,0.0,0.0,连续低于10 km/h的记录超过180条
2017-11-06 22:03:40,删除长低速记录,0.0,0.0,连续低于10 km/h的记录超过180条
2017-11-06 22:03:41,删除长低速记录,0.0,0.0,连续低于10 km/h的记录超过180条
2017-11-06 22:03:42,删除长低速记录,0.0,0.0,连续低于10 km/h的记录超过180条
2017-11-06 22:03:43,删除长低速记录,0.0,0.0,连续低于10 km/h的记录超过180条
2017-11-06 22:03:44,删除长低速记录,0.0,0.0,连续低于10 km/h的记录超过180条
2017-11-06 22:03:45,删除长低速记录,0.0,0.0,连续低于10 km/h的记录超过180条
2017-11-06 22:03:46,删除长低速记录,0.0,0.0,连续低于10 km/h的记录超过180条
2017-11-06 22:03:47,删除长低速记录,0.0,0.0,连续低于10 km/h的记录超过180条
2017-11-06 22:03:48,删除长低速记录,0.0,0.0,连续低于10 km/h的记录超过180条
2017-11-06 22:03:49,删除长低速记录,0.0,0.0,连续低于10 km/h的记录超过180条
2017-11-06 22:03:50,删除长低速记录,0.0,0.0,连续低于10 km/h的记录超过180条
2017-11-06 22:03:51,删除长低速记录,0.0,0.0,连续低于10 km/h的记录超过180条
2017-11-06 22:03:52,删除长低速记录,0.0,0.0,连续低于10 km/h的记录超过180条
2017-11-06 22:03:53,删除长低速记录,0.0,0.0,连续低于10 km/h的记录超过180条
2017-11-06 22:03:54,删除长低速记录,0.0,0.0,连续低于10 km/h的记录超过180条
2017-11-06 22:03:55,删除长低速记录,0.0,0.0,连续低于10 km/h的记录超过180条
2017-11-06 22:03:56,删除长低速记录,0.0,0.0,连续低于10 km/h的记录超过180条
2017-11-06 22:03:57,删除长低速记录,0.0,0.0,连续低于10 km/h的记录超过180条
2017-11-06 22:03:58,删除长低速记录,0.0,0.0,连续低于10 km/h的记录超过180条
2017-11-06 22:03:59,删除长低速记录,0.0,0.0,连续低于10 km/h的记录超过180条
2017-11-06 22:04:00,删除长低速记录,0.0,0.0,连续低于10 km/h的记录超过180条
2017-11-06 22:04:01,删除长低速记录,0.0,0.0,连续低于10 km/h的记录超过180条
2017-11-06 22:04:02,删除长低速记录,0.0,0.0,连续低于10 km/h的记录超过180条
2017-11-06 22:04:03,删除长低速记录,0.0,0.0,连续低于10 km/h的记录超过180条
2017-11-06 22:04:04,删除长低速记录,0.0,0.0,连续低于10 km/h的记录超过180条
2017-11-06 22:04:05,删除长低速记录,0.0,0.0,连续低于10 km/h的记录超过180条
2017-11-06 22:04:06,删除长低速记录,0.0,0.0,连续低于10 km/h的记录超过180条
2017-11-06 22:04:07,删除长低速记录,0.0,0.0,连续低于10 km/h的记录超过180条
2017-11-06 22:04:08,删除长低速记录,0.0,0.0,连续低于10 km/h的记录超过180条
2017-11-06 22:04:09,删除长低速记录,0.0,0.0,连续低于10 km/h的记录超过180条
2017-11-06 22:04:10,删除长低速记录,0.0,0.0,连续低于10 km/h的记录超过180条
2017-11-06 22:04:11,删除长低速记录,0.0,0.0,连续低于10 km/h的记录超过180条
2017-11-06 22:04:12,删除长低速记录,0.0,0.0,连续低于10 km/h的记录超过180条
2017-11-06 22:04:13,删除长低速记录,0.0,0.0,连续低于10 km/h的记录超过180条
2017-11-06 22:04:14,删除长低速记录,0.0,0.0,连续低于10 km/h的记录超过180条
2017-11-06 22:04:15,删除长低速记录,0.0,0.0,连续低于10 km/h的记录超过180条
2017-11-06 22:04:16,删除长低速记录,0.0,0.0,连续低于10 km/h的记录超过180条
2017-11-06 22:04:17,删除长低速记录,0.0,0.0,连续低于10 km/h的记录超过180条
2017-11-06 22:04:18,删除长低速记录,0.0,0.0,连续低于10 km/h的记录超过180条
2017-11-06 22:04:19,删除长低速记录,0.0,0.0,连续低于10 km/h的记录超过180条
2017-11-06 22:04:20,删除长低速记录,0.0,0.0,连续低于10 km/h的记录超过180条
2017-11-06 22:04:21,删除长低速记录,0.0,0.0,连续低于10 km/h的记录超过180条
2017-11-06 22:04:22,删除长低速记录,0.0,0.0,连续低于10 km/h的记录超过180条
2017-11-06 22:04:23,删除长低速记录,0.0,0.0,连续低于10 km/h的记录超过180条
2017-11-06 22:04:24,删除长低速记录,0.0,0.0,连续低于10 km/h的记录超过180条
2017-11-06 22:04:25,删除长低速记录,0.0,0.0,连续低于10 km/h的记录超过180条
2017-11-06 22:04:26,删除长低速记录,0.0,0.0,连续低于10 km/h的记录超过180条
2017-11-06 22:04:27,删除长低速记录,0.0,0.0,连续低于10 km/h的记录超过180条
2017-11-06 22:04:28,删除长低速记录,0.0,0.0,连续低于10 km/h的记录超过180条
2017-11-06 22:04:29,删除长低速记录,0.0,0.0,连续低于10 km/h的记录超过180条
2017-11-06 22:04:30,删除长低速记录,0.0,0.0,连续低于10 km/h的记录超过180条
2017-11-06 22:04:31,删除长低速记录,0.0,0.0,连续低于10 km/h的记录超过180条
2017-11-06 22:04:32,删除长低速记录,0.0,0.0,连续低于10 km/h的记录超过180条
2017-11-06 22:04:33,删除长低速记录,0.0,0.0,连续低于10 km/h的记录超过180条
2017-11-06 22:04:34,删除长低速记录,1.5,1.5,连续低于10 km/h的记录超过180条
2017-11-06 22:04:35,删除长低速记录,0.0,0.0,连续低于10 km/h的记录超过180条
2017-11-06 22:04:36,删除长低速记录,0.0,0.0,连续低于10 km/h的记录超过180条
2017-11-06 22:04:37,删除长低速记录,0.0,0.0,连续低于10 km/h的记录超过180条
2017-11-06 22:04:38,删除长低速记录,0.0,0.0,连续低于10 km/h的记录超过180条
2017-11-06 22:04:39,删除长低速记录,0.0,0.0,连续低于10 km/h的记录超过180条
2017-11-06 22:04:40,删除长低速记录,0.0,0.0,连续低于10 km/h的记录超过180条
2017-11-06 22:04:41,删除长低速记录,0.0,0.0,连续低于10 km/h的记录超过180条
2017-11-06 22:04:42,删除长低速记录,0.0,0.0,连续低于10 km/h的记录超过180条
2017-11-06 22:04:43,删除长低速记录,0.0,0.0,连续低于10 km/h的记录超过180条
2017-11-06 22:04:44,删除长低速记录,0.0,0.0,连续低于10 km/h的记录超过180条
2017-11-06 22:04:45,删除长低速记录,0.0,0.0,连续低于10 km/h的记录超过180条
2017-11-06 22:04:46,删除长低速记录,0.0,0.0,连续低于10 km/h的记录超过180条
2017-11-06 22:04:47,删除长低速记录,0.0,0.0,连续低于10 km/h的记录超过180条
2017-11-06 22:04:48,删除长低速记录,0.0,0.0,连续低于10 km/h的记录超过180条
2017-11-06 22:04:49,删除长低速记录,0.0,0.0,连续低于10 km/h的记录超过180条
2017-11-06 22:04:50,删除长低速记录,0.0,0.0,连续低于10 km/h的记录超过180条
2017-11-06 22:04:51,删除长低速记录,0.0,0.0,连续低于10 km/h的记录超过180条
2017-11-06 22:04:52,删除长低速记录,0.0,0.0,连续低于10 km/h的记录超过180条
2017-11-06 22:04:53,删除长低速记录,0.0,0.0,连续低于10 km/h的记录超过180条
2017-11-06 22:04:54,删除长低速记录,0.0,0.0,连续低于10 km/h的记录超过180条
2017-11-06 22:04:55,删除长低速记录,0.0,0.0,连续低于10 km/h的记录超过180条
2017-11-06 22:04:56,删除长低速记录,0.0,0.0,连续低于10 km/h的记录超过180条
2017-11-06 22:04:57,删除长低速记录,0.0,0.0,连续低于10 km/h的记录超过180条
2017-11-06 22:04:58,删除长低速记录,0.0,0.0,连续低于10 km/h的记录超过180条
2017-11-06 22:04:59,删除长低速记录,0.0,0.0,连续低于10 km/h的记录超过180条
2017-11-06 22:05:00,删除长低速记录,0.0,0.0,连续低于10 km/h的记录超过180条
2017-11-06 22:05:01,删除长低速记录,0.0,0.0,连续低于10 km/h的记录超过180条
2017-11-06 22:05:02,删除长低速记录,0.0,0.0,连续低于10 km/h的记录超过180条
2017-11-06 22:05:03,删除长低速记录,0.0,0.0,连续低于10 km/h的记录超过180条
2017-11-06 22:05:04,删除长低速记录,0.0,0.0,连续低于10 km/h的记录超过180条
2017-11-06 22:05:05,删除长低速记录,0.0,0.0,连续低于10 km/h的记录超过180条
2017-11-06 22:05:06,删除长低速记录,0.0,0.0,连续低于10 km/h的记录超过180条
2017-11-06 22:05:07,删除长低速记录,0.0,0.0,连续低于10 km/h的记录超过180条
2017-11-06 22:05:08,删除长低速记录,0.0,0.0,连续低于10 km/h的记录超过180条
2017-11-06 22:05:09,删除长低速记录,0.0,0.0,连续低于10 km/h的记录超过180条
2017-11-06 22:05:10,删除长低速记录,0.0,0.0,连续低于10 km/h的记录超过180条
2017-11-06 22:05:11,删除长低速记录,0.0,0.0,连续低于10 km/h的记录超过180条
2017-11-06 22:05:12,删除长低速记录,0.0,0.0,连续低于10 km/h的记录超过180条
2017-11-06 22:05:13,删除长低速记录,0.0,0.0,连续低于10 km/h的记录超过180条
2017-11-06 22:05:14,删除长低速记录,0.0,0.0,连续低于10 km/h的记录超过180条
2017-11-06 22:05:15,删除长低速记录,0.0,0.0,连续低于10 km/h的记录超过180条
2017-11-06 22:05:16,删除长低速记录,1.4,1.4,连续低于10 km/h的记录超过180条
2017-11-06 22:05:17,删除长低速记录,0.0,0.0,连续低于10 km/h的记录超过180条
2017-11-06 22:05:18,删除长低速记录,0.0,0.0,连续低于10 km/h的记录超过180条
2017-11-06 22:05:19,删除长低速记录,0.0,0.0,连续低于10 km/h的记录超过180条
2017-11-06 22:05:20,删除长低速记录,0.0,0.0,连续低于10 km/h的记录超过180条
2017-11-06 22:05:21,删除长低速记录,0.0,0.0,连续低于10 km/h的记录超过180条
2017-11-06 22:05:22,删除长低速记录,0.0,0.0,连续低于10 km/h的记录超过180条
2017-11-06 22:05:23,删除长低速记录,0.0,0.0,连续低于10 km/h的记录超过180条
2017-11-06 22:05:24,删除长低速记录,0.0,0.0,连续低于10 km/h的记录超过180条
2017-11-06 22:05:25,删除长低速记录,0.0,0.0,连续低于10 km/h的记录超过180条
2017-11-06 22:05:26,删除长低速记录,0.0,0.0,连续低于10 km/h的记录超过180条
2017-11-06 22:05:27,删除长低速记录,0.0,0.0,连续低于10 km/h的记录超过180条
2017-11-06 22:05:28,删除长低速记录,0.0,0.0,连续低于10 km/h的记录超过180条
2017-11-06 22:05:29,删除长低速记录,0.0,0.0,连续低于10 km/h的记录超过180条
2017-11-06 22:05:30,删除长低速记录,1.5,1.5,连续低于10 km/h的记录超过180条
2017-11-06 22:05:31,删除长低速记录,0.0,0.0,连续低于10 km/h的记录超过180条
2017-11-06 22:05:32,删除长低速记录,0.0,0.0,连续低于10 km/h的记录超过180条
2017-11-06 22:05:33,删除长低速记录,0.0,0.0,连续低于10 km/h的记录超过180条
2017-11-06 22:05:34,删除长低速记录,0.0,0.0,连续低于10 km/h的记录超过180条
2017-11-06 22:05:35,删除长低速记录,0.0,0.0,连续低于10 km/h的记录超过180条
2017-11-06 22:05:36,删除长低速记录,0.0,0.0,连续低于10 km/h的记录超过180条
2017-11-06 22:05:37,删除长低速记录,0.0,0.0,连续低于10 km/h的记录超过180条
2017-11-06 22:05:38,删除长低速记录,0.0,0.0,连续低于10 km/h的记录超过180条
2017-11-06 22:05:39,删除长低速记录,0.0,0.0,连续低于10 km/h的记录超过180条
2017-11-06 22:05:40,删除长低速记录,0.0,0.0,连续低于10 km/h的记录超过180条
2017-11-06 22:05:41,删除长低速记录,0.0,0.0,连续低于10 km/h的记录超过180条
2017-11-06 22:05:42,删除长低速记录,0.0,0.0,连续低于10 km/h的记录超过180条
2017-11-06 22:05:43,删除长低速记录,0.0,0.0,连续低于10 km/h的记录超过180条
2017-11-06 22:05:44,删除长低速记录,0.0,0.0,连续低于10 km/h的记录超过180条
2017-11-06 22:05:45,删除长低速记录,0.0,0.0,连续低于10 km/h的记录超过180条
2017-11-06 22:05:46,删除长低速记录,0.0,0.0,连续低于10 km/h的记录超过180条
2017-11-06 22:05:47,删除长低速记录,0.0,0.0,连续低于10 km/h的记录超过180条
2017-11-06 22:05:48,删除长低速记录,0.0,0.0,连续低于10 km/h的记录超过180条
2017-11-06 22:05:49,删除长低速记录,0.0,0.0,连续低于10 km/h的记录超过180条
2017-11-06 22:05:50,删除长低速记录,0.0,0.0,连续低于10 km/h的记录超过180条
2017-11-06 22:05:51,删除长低速记录,0.0,0.0,连续低于10 km/h的记录超过180条
2017-11-06 22:05:52,删除长低速记录,0.0,0.0,连续低于10 km/h的记录超过180条
2017-11-06 22:05:53,删除长低速记录,0.0,0.0,连续低于10 km/h的记录超过180条
2017-11-06 22:05:54,删除长低速记录,0.0,0.0,连续低于10 km/h的记录超过180条
2017-11-06 22:05:55,删除长低速记录,0.0,0.0,连续低于10 km/h的记录超过180条
2017-11-06 22:05:56,删除长低速记录,0.0,0.0,连续低于10 km/h的记录超过180条
2017-11-06 22:05:57,删除长低速记录,0.0,0.0,连续低于10 km/h的记录超过180条
2017-11-06 22:05:58,删除长低速记录,0.0,0.0,连续低于10 km/h的记录超过180条
2017-11-06 22:05:59,删除长低速记录,0.0,0.0,连续低于10 km/h的记录超过180条
2017-11-06 22:06:00,删除长低速记录,0.0,0.0,连续低于10 km/h的记录超过180条
2017-11-06 22:06:01,删除长低速记录,0.0,0.0,连续低于10 km/h的记录超过180条
2017-11-06 22:06:02,删除长低速记录,0.0,0.0,连续低于10 km/h的记录超过180条
2017-11-06 22:06:03,删除长低速记录,0.0,0.0,连续低于10 km/h的记录超过180条
2017-11-06 22:06:04,删除长低速记录,0.0,0.0,连续低于10 km/h的记录超过180条
2017-11-06 22:06:05,删除长低速记录,0.0,0.0,连续低于10 km/h的记录超过180条
2017-11-06 22:06:06,删除长低速记录,0.0,0.0,连续低于10 km/h的记录超过180条
2017-11-06 22:06:07,删除长低速记录,0.0,0.0,连续低于10 km/h的记录超过180条
2017-11-06 22:06:08,删除长低速记录,0.0,0.0,连续低于10 km/h的记录超过180条
2017-11-06 22:06:09,删除长低速记录,0.0,0.0,连续低于10 km/h的记录超过180条
2017-11-06 22:06:10,删除长低速记录,0.0,0.0,连续低于10 km/h的记录超过180条
2017-11-06 22:06:11,删除长低速记录,0.0,0.0,连续低于10 km/h的记录超过180条
2017-11-06 22:06:12,删除长低速记录,0.0,0.0,连续低于10 km/h的记录超过180条
2017-11-06 22:06:13,删除长低速记录,0.0,0.0,连续低于10 km/h的记录超过180条
2017-11-06 22:06:14,删除长低速记录,0.0,0.0,连续低于10 km/h的记录超过180条
2017-11-06 22:06:15,删除长低速记录,0.0,0.0,连续低于10 km/h的记录超过180条
2017-11-06 22:06:16,删除长低速记录,0.0,0.0,连续低于10 km/h的记录超过180条
2017-11-06 22:06:17,删除长低速记录,0.0,0.0,连续低于10 km/h的记录超过180条
2017-11-06 22:06:18,删除长低速记录,0.0,0.0,连续低于10 km/h的记录超过180条
2017-11-06 22:06:19,删除长低速记录,0.0,0.0,连续低于10 km/h的记录超过180条
2017-11-06 22:06:20,删除长低速记录,1.4,1.4,连续低于10 km/h的记录超过180条
2017-11-06 22:06:21,删除长低速记录,1.4,1.4,连续低于10 km/h的记录超过180条
2017-11-06 22:06:22,删除长低速记录,0.0,0.0,连续低于10 km/h的记录超过180条
2017-11-06 22:06:23,删除长低速记录,0.0,0.0,连续低于10 km/h的记录超过180条
2017-11-06 22:06:24,删除长低速记录,1.5,1.5,连续低于10 km/h的记录超过180条
2017-11-06 22:06:25,删除长低速记录,1.5,1.5,连续低于10 km/h的记录超过180条
2017-11-06 22:06:26,删除长低速记录,1.6,1.6,连续低于10 km/h的记录超过180条
2017-11-06 22:06:27,删除长低速记录,1.7,1.7,连续低于10 km/h的记录超过180条
2017-11-06 22:06:28,删除长低速记录,1.8,1.8,连续低于10 km/h的记录超过180条
2017-11-06 22:06:29,删除长低速记录,1.9,1.9,连续低于10 km/h的记录超过180条
2017-11-06 22:06:30,删除长低速记录,1.9,1.9,连续低于10 km/h的记录超过180条
2017-11-06 22:06:31,删除长低速记录,1.9,1.9,连续低于10 km/h的记录超过180条
2017-11-06 22:06:32,删除长低速记录,1.9,1.9,连续低于10 km/h的记录超过180条
2017-11-06 22:06:33,删除长低速记录,1.8,1.8,连续低于10 km/h的记录超过180条
2017-11-06 22:06:34,删除长低速记录,1.8,1.8,连续低于10 km/h的记录超过180条
2017-11-06 22:06:35,删除长低速记录,1.7,1.7,连续低于10 km/h的记录超过180条
2017-11-06 22:06:36,删除长低速记录,1.6,1.6,连续低于10 km/h的记录超过180条
2017-11-06 22:06:37,删除长低速记录,1.6,1.6,连续低于10 km/h的记录超过180条
2017-11-06 22:06:38,删除长低速记录,1.5,1.5,连续低于10 km/h的记录超过180条
2017-11-06 22:06:39,删除长低速记录,1.5,1.5,连续低于10 km/h的记录超过180条
2017-11-06 22:06:40,删除长低速记录,1.5,1.5,连续低于10 km/h的记录超过180条
2017-11-06 22:06:41,删除长低速记录,0.0,0.0,连续低于10 km/h的记录超过180条
2017-11-06 22:06:42,删除长低速记录,0.0,0.0,连续低于10 km/h的记录超过180条
2017-11-06 22:06:43,删除长低速记录,0.0,0.0,连续低于10 km/h的记录超过180条
2017-11-06 22:06:44,删除长低速记录,1.7,1.7,连续低于10 km/h的记录超过180条
2017-11-06 22:06:45,删除长低速记录,1.7,1.7,连续低于10 km/h的记录超过180条
2017-11-06 22:06:46,删除长低速记录,1.7,1.7,连续低于10 km/h的记录超过180条
2017-11-06 22:06:47,删除长低速记录,1.7,1.7,连续低于10 km/h的记录超过180条
2017-11-06 22:06:48,删除长低速记录,1.6,1.6,连续低于10 km/h的记录超过180条
2017-11-06 22:06:49,删除长低速记录,0.0,0.0,连续低于10 km/h的记录超过180条
2017-11-06 22:06:50,删除长低速记录,0.0,0.0,连续低于10 km/h的记录超过180条
2017-11-06 22:06:51,删除长低速记录,0.0,0.0,连续低于10 km/h的记录超过180条
2017-11-06 22:06:52,删除长低速记录,0.0,0.0,连续低于10 km/h的记录超过180条
2017-11-06 22:06:53,删除长低速记录,0.0,0.0,连续低于10 km/h的记录超过180条
2017-11-06 22:06:54,删除长低速记录,0.0,0.0,连续低于10 km/h的记录超过180条
2017-11-06 22:06:55,删除长低速记录,0.0,0.0,连续低于10 km/h的记录超过180条
2017-11-06 22:06:56,删除长低速记录,0.0,0.0,连续低于10 km/h的记录超过180条
2017-11-06 22:06:57,删除长低速记录,0.0,0.0,连续低于10 km/h的记录超过180条
2017-11-06 22:06:58,删除长低速记录,0.0,0.0,连续低于10 km/h的记录超过180条
2017-11-06 22:06:59,删除长低速记录,0.0,0.0,连续低于10 km/h的记录超过180条
2017-11-06 22:07:00,删除长低速记录,1.7,1.7,连续低于10 km/h的记录超过180条
2017-11-06 22:07:01,删除长低速记录,1.8,1.8,连续低于10 km/h的记录超过180条
2017-11-06 22:07:02,删除长低速记录,1.9,1.9,连续低于10 km/h的记录超过180条
2017-11-06 22:07:03,删除长低速记录,1.9,1.9,连续低于10 km/h的记录超过180条
2017-11-06 22:07:04,删除长低速记录,2.0,2.0,连续低于10 km/h的记录超过180条
2017-11-06 22:07:05,删除长低速记录,2.0,2.0,连续低于10 km/h的记录超过180条
2017-11-06 22:07:06,删除长低速记录,1.5,1.5,连续低于10 km/h的记录超过180条
2017-11-06 22:07:07,删除长低速记录,1.5,1.5,连续低于10 km/h的记录超过180条
2017-11-06 22:07:08,删除长低速记录,0.0,0.0,连续低于10 km/h的记录超过180条
2017-11-06 22:07:09,删除长低速记录,0.0,0.0,连续低于10 km/h的记录超过180条
2017-11-06 22:07:10,删除长低速记录,0.0,0.0,连续低于10 km/h的记录超过180条
2017-11-06 22:07:11,删除长低速记录,0.0,0.0,连续低于10 km/h的记录超过180条
2017-11-06 22:07:12,删除长低速记录,0.0,0.0,连续低于10 km/h的记录超过180条
2017-11-06 22:07:13,删除长低速记录,0.0,0.0,连续低于10 km/h的记录超过180条
2017-11-06 22:07:14,删除长低速记录,0.0,0.0,连续低于10 km/h的记录超过180条
2017-11-06 22:07:15,删除长低速记录,0.0,0.0,连续低于10 km/h的记录超过180条
2017-11-06 22:07:16,删除长低速记录,0.0,0.0,连续低于10 km/h的记录超过180条
2017-11-06 22:07:17,删除长低速记录,0.0,0.0,连续低于10 km/h的记录超过180条
2017-11-06 22:07:18,删除长低速记录,0.0,0.0,连续低于10 km/h的记录超过180条
2017-11-06 22:07:19,删除长低速记录,0.0,0.0,连续低于10 km/h的记录超过180条
2017-11-06 22:07:20,删除长低速记录,0.0,0.0,连续低于10 km/h的记录超过180条
2017-11-06 22:07:21,删除长低速记录,0.0,0.0,连续低于10 km/h的记录超过180条
2017-11-06 22:07:22,删除长低速记录,0.0,0.0,连续低于10 km/h的记录超过180条
2017-11-06 22:07:23,删除长低速记录,0.0,0.0,连续低于10 km/h的记录超过180条
2017-11-06 22:07:24,删除长低速记录,0.0,0.0,连续低于10 km/h的记录超过180条
2017-11-06 22:07:25,删除长低速记录,1.8,1.8,连续低于10 km/h的记录超过180条
2017-11-06 22:07:26,删除长低速记录,1.9,1.9,连续低于10 km/h的记录超过180条
2017-11-06 22:07:27,删除长低速记录,2.2,2.2,连续低于10 km/h的记录超过180条
2017-11-06 22:07:28,删除长低速记录,2.1,2.1,连续低于10 km/h的记录超过180条
2017-11-06 22:07:29,删除长低速记录,2.1,2.1,连续低于10 km/h的记录超过180条
2017-11-06 22:07:30,删除长低速记录,2.1,2.1,连续低于10 km/h的记录超过180条
2017-11-06 22:07:31,删除长低速记录,2.2,2.2,连续低于10 km/h的记录超过180条
2017-11-06 22:07:32,删除长低速记录,2.2,2.2,连续低于10 km/h的记录超过180条
2017-11-06 22:07:33,删除长低速记录,2.1,2.1,连续低于10 km/h的记录超过180条
2017-11-06 22:07:34,删除长低速记录,2.1,2.1,连续低于10 km/h的记录超过180条
2017-11-06 22:07:35,删除长低速记录,2.1,2.1,连续低于10 km/h的记录超过180条
2017-11-06 22:07:36,删除长低速记录,2.1,2.1,连续低于10 km/h的记录超过180条
2017-11-06 22:07:37,删除长低速记录,2.1,2.1,连续低于10 km/h的记录超过180条
2017-11-06 22:07:38,删除长低速记录,2.1,2.1,连续低于10 km/h的记录超过180条
2017-11-06 22:07:39,删除长低速记录,2.0,2.0,连续低于10 km/h的记录超过180条
2017-11-06 22:07:40,删除长低速记录,2.0,2.0,连续低于10 km/h的记录超过180条
2017-11-06 22:07:41,删除长低速记录,2.0,2.0,连续低于10 km/h的记录超过180条
2017-11-06 22:07:42,删除长低速记录,1.9,1.9,连续低于10 km/h的记录超过180条
2017-11-06 22:07:43,删除长低速记录,1.6,1.6,连续低于10 km/h的记录超过180条
2017-11-06 22:07:44,删除长低速记录,1.6,1.6,连续低于10 km/h的记录超过180条
2017-11-06 22:07:45,删除长低速记录,1.5,1.5,连续低于10 km/h的记录超过180条
2017-11-06 22:07:46,删除长低速记录,1.7,1.7,连续低于10 km/h的记录超过180条
2017-11-06 22:07:47,删除长低速记录,1.7,1.7,连续低于10 km/h的记录超过180条
2017-11-06 22:07:48,删除长低速记录,1.6,1.6,连续低于10 km/h的记录超过180条
2017-11-06 22:07:49,删除长低速记录,1.6,1.6,连续低于10 km/h的记录超过180条
2017-11-06 22:07:50,删除长低速记录,0.0,0.0,连续低于10 km/h的记录超过180条
2017-11-06 22:07:51,删除长低速记录,0.0,0.0,连续低于10 km/h的记录超过180条
2017-11-06 22:07:52,删除长低速记录,0.0,0.0,连续低于10 km/h的记录超过180条
2017-11-06 22:07:53,删除长低速记录,0.0,0.0,连续低于10 km/h的记录超过180条
2017-11-06 22:07:54,删除长低速记录,0.0,0.0,连续低于10 km/h的记录超过180条
2017-11-06 22:07:55,删除长低速记录,0.0,0.0,连续低于10 km/h的记录超过180条
2017-11-06 22:07:56,删除长低速记录,0.0,0.0,连续低于10 km/h的记录超过180条
2017-11-06 22:07:57,删除长低速记录,0.0,0.0,连续低于10 km/h的记录超过180条
2017-11-06 22:07:58,删除长低速记录,0.0,0.0,连续低于10 km/h的记录超过180条
2017-11-06 22:07:59,删除长低速记录,0.0,0.0,连续低于10 km/h的记录超过180条
2017-11-06 22:08:00,删除长低速记录,0.0,0.0,连续低于10 km/h的记录超过180条
2017-11-06 22:08:01,删除长低速记录,0.0,0.0,连续低于10 km/h的记录超过180条
2017-11-06 22:08:02,删除长低速记录,0.0,0.0,连续低于10 km/h的记录超过180条
2017-11-06 22:08:03,删除长低速记录,0.0,0.0,连续低于10 km/h的记录超过180条
2017-11-06 22:08:04,删除长低速记录,0.0,0.0,连续低于10 km/h的记录超过180条
2017-11-06 22:08:05,删除长低速记录,0.0,0.0,连续低于10 km/h的记录超过180条
2017-11-06 22:08:06,删除长低速记录,0.0,0.0,连续低于10 km/h的记录超过180条
2017-11-06 22:08:07,删除长低速记录,0.0,0.0,连续低于10 km/h的记录超过180条
2017-11-06 22:08:08,删除长低速记录,0.0,0.0,连续低于10 km/h的记录超过180条
2017-11-06 22:08:09,删除长低速记录,0.0,0.0,连续低于10 km/h的记录超过180条
2017-11-06 22:08:10,删除长低速记录,0.0,0.0,连续低于10 km/h的记录超过180条
2017-11-06 22:08:11,删除长低速记录,0.0,0.0,连续低于10 km/h的记录超过180条
2017-11-06 22:08:12,删除长低速记录,0.0,0.0,连续低于10 km/h的记录超过180条
2017-11-06 22:08:13,删除长低速记录,0.0,0.0,连续低于10 km/h的记录超过180条
2017-11-06 22:08:14,删除长低速记录,0.0,0.0,连续低于10 km/h的记录超过180条
2017-11-06 22:08:15,删除长低速记录,0.0,0.0,连续低于10 km/h的记录超过180条
2017-11-06 22:08:16,删除长低速记录,0.0,0.0,连续低于10 km/h的记录超过180条
2017-11-06 22:08:17,删除长低速记录,0.0,0.0,连续低于10 km/h的记录超过180条
2017-11-06 22:08:18,删除长低速记录,0.0,0.0,连续低于10 km/h的记录超过180条
2017-11-06 22:08:19,删除长低速记录,0.0,0.0,连续低于10 km/h的记录超过180条
2017-11-06 22:08:20,删除长低速记录,0.0,0.0,连续低于10 km/h的记录超过180条
2017-11-06 22:08:21,删除长低速记录,0.0,0.0,连续低于10 km/h的记录超过180条
2017-11-06 22:08:22,删除长低速记录,0.0,0.0,连续低于10 km/h的记录超过180条
2017-11-06 22:08:23,删除长低速记录,0.0,0.0,连续低于10 km/h的记录超过180条
2017-11-06 22:08:24,删除长低速记录,0.0,0.0,连续低于10 km/h的记录超过180条
2017-11-06 22:08:25,删除长低速记录,0.0,0.0,连续低于10 km/h的记录超过180条
2017-11-06 22:08:26,删除长低速记录,0.0,0.0,连续低于10 km/h的记录超过180条
2017-11-06 22:08:27,删除长低速记录,0.0,0.0,连续低于10 km/h的记录超过180条
2017-11-06 22:08:28,删除长低速记录,0.0,0.0,连续低于10 km/h的记录超过180条
2017-11-06 22:08:29,删除长低速记录,0.0,0.0,连续低于10 km/h的记录超过180条
2017-11-06 22:08:30,删除长低速记录,0.0,0.0,连续低于10 km/h的记录超过180条
2017-11-06 22:08:31,删除长低速记录,0.0,0.0,连续低于10 km/h的记录超过180条
2017-11-06 22:08:32,删除长低速记录,0.0,0.0,连续低于10 km/h的记录超过180条
2017-11-06 22:08:33,删除长低速记录,0.0,0.0,连续低于10 km/h的记录超过180条
2017-11-06 22:08:34,删除长低速记录,0.0,0.0,连续低于10 km/h的记录超过180条
2017-11-06 22:08:35,删除长低速记录,0.0,0.0,连续低于10 km/h的记录超过180条
2017-11-06 22:08:36,删除长低速记录,0.0,0.0,连续低于10 km/h的记录超过180条
2017-11-06 22:08:37,删除长低速记录,0.0,0.0,连续低于10 km/h的记录超过180条
2017-11-06 22:08:38,删除长低速记录,0.0,0.0,连续低于10 km/h的记录超过180条
2017-11-06 22:08:39,删除长低速记录,0.0,0.0,连续低于10 km/h的记录超过180条
2017-11-06 22:08:40,删除长低速记录,0.0,0.0,连续低于10 km/h的记录超过180条
2017-11-06 22:08:41,删除长低速记录,0.0,0.0,连续低于10 km/h的记录超过180条
2017-11-06 22:08:42,删除长低速记录,0.0,0.0,连续低于10 km/h的记录超过180条
2017-11-06 22:08:43,删除长低速记录,0.0,0.0,连续低于10 km/h的记录超过180条
2017-11-06 22:08:44,删除长低速记录,0.0,0.0,连续低于10 km/h的记录超过180条
2017-11-06 22:08:45,删除长低速记录,0.0,0.0,连续低于10 km/h的记录超过180条
2017-11-06 22:08:46,删除长低速记录,0.0,0.0,连续低于10 km/h的记录超过180条
2017-11-06 22:08:47,删除长低速记录,0.0,0.0,连续低于10 km/h的记录超过180条
2017-11-06 22:08:48,删除长低速记录,0.0,0.0,连续低于10 km/h的记录超过180条
2017-11-06 22:08:49,删除长低速记录,1.5,1.5,连续低于10 km/h的记录超过180条
2017-11-06 22:08:50,删除长低速记录,0.0,0.0,连续低于10 km/h的记录超过180条
2017-11-06 22:08:51,删除长低速记录,0.0,0.0,连续低于10 km/h的记录超过180条
2017-11-06 22:08:52,删除长低速记录,0.0,0.0,连续低于10 km/h的记录超过180条
2017-11-06 22:08:53,删除长低速记录,0.0,0.0,连续低于10 km/h的记录超过180条
2017-11-06 22:08:54,删除长低速记录,0.0,0.0,连续低于10 km/h的记录超过180条
2017-11-06 22:08:55,删除长低速记录,0.0,0.0,连续低于10 km/h的记录超过180条
2017-11-06 22:08:56,删除长低速记录,0.0,0.0,连续低于10 km/h的记录超过180条
2017-11-06 22:08:57,删除长低速记录,0.0,0.0,连续低于10 km/h的记录超过180条
2017-11-06 22:08:58,删除长低速记录,0.0,0.0,连续低于10 km/h的记录超过180条
2017-11-06 22:08:59,删除长低速记录,0.0,0.0,连续低于10 km/h的记录超过180条
2017-11-06 22:09:00,删除长低速记录,0.0,0.0,连续低于10 km/h的记录超过180条
2017-11-06 22:09:01,删除长低速记录,0.0,0.0,连续低于10 km/h的记录超过180条
2017-11-06 22:09:02,删除长低速记录,0.0,0.0,连续低于10 km/h的记录超过180条
2017-11-06 22:09:03,删除长低速记录,0.0,0.0,连续低于10 km/h的记录超过180条
2017-11-06 22:09:04,删除长低速记录,0.0,0.0,连续低于10 km/h的记录超过180条
2017-11-06 22:09:05,删除长低速记录,0.0,0.0,连续低于10 km/h的记录超过180条
2017-11-06 22:09:06,删除长低速记录,0.0,0.0,连续低于10 km/h的记录超过180条
2017-11-06 22:09:07,删除长低速记录,0.0,0.0,连续低于10 km/h的记录超过180条
2017-11-06 22:09:08,删除长低速记录,0.0,0.0,连续低于10 km/h的记录超过180条
2017-11-06 22:09:09,删除长低速记录,0.0,0.0,连续低于10 km/h的记录超过180条
2017-11-06 22:09:10,删除长低速记录,0.0,0.0,连续低于10 km/h的记录超过180条
2017-11-06 22:09:11,删除长低速记录,0.0,0.0,连续低于10 km/h的记录超过180条
2017-11-06 22:09:12,删除长低速记录,0.0,0.0,连续低于10 km/h的记录超过180条
2017-11-06 22:09:13,删除长低速记录,0.0,0.0,连续低于10 km/h的记录超过180条
2017-11-06 22:09:14,删除长低速记录,0.0,0.0,连续低于10 km/h的记录超过180条
2017-11-06 22:09:15,删除长低速记录,0.0,0.0,连续低于10 km/h的记录超过180条
2017-11-06 22:09:16,删除长低速记录,0.0,0.0,连续低于10 km/h的记录超过180条
2017-11-06 22:09:17,删除长低速记录,0.0,0.0,连续低于10 km/h的记录超过180条
2017-11-06 22:09:18,删除长低速记录,0.0,0.0,连续低于10 km/h的记录超过180条
2017-11-06 22:09:19,删除长低速记录,1.7,1.7,连续低于10 km/h的记录超过180条
2017-11-06 22:09:20,删除长低速记录,1.4,1.4,连续低于10 km/h的记录超过180条
2017-11-06 22:09:21,删除长低速记录,1.5,1.5,连续低于10 km/h的记录超过180条
2017-11-06 22:09:22,删除长低速记录,1.9,1.9,连续低于10 km/h的记录超过180条
2017-11-06 22:09:23,删除长低速记录,1.9,1.9,连续低于10 km/h的记录超过180条
2017-11-06 22:09:24,删除长低速记录,1.8,1.8,连续低于10 km/h的记录超过180条
2017-11-06 22:09:25,删除长低速记录,1.8,1.8,连续低于10 km/h的记录超过180条
2017-11-06 22:09:26,删除长低速记录,1.7,1.7,连续低于10 km/h的记录超过180条
2017-11-06 22:09:27,删除长低速记录,1.7,1.7,连续低于10 km/h的记录超过180条
2017-11-06 22:09:28,删除长低速记录,1.7,1.7,连续低于10 km/h的记录超过180条
2017-11-06 22:09:29,删除长低速记录,1.7,1.7,连续低于10 km/h的记录超过180条
2017-11-06 22:09:30,删除长低速记录,1.7,1.7,连续低于10 km/h的记录超过180条
2017-11-06 22:09:31,删除长低速记录,1.7,1.7,连续低于10 km/h的记录超过180条
2017-11-06 22:09:32,删除长低速记录,1.8,1.8,连续低于10 km/h的记录超过180条
2017-11-06 22:09:33,删除长低速记录,1.9,1.9,连续低于10 km/h的记录超过180条
2017-11-06 22:09:34,删除长低速记录,1.9,1.9,连续低于10 km/h的记录超过180条
2017-11-06 22:09:35,删除长低速记录,1.9,1.9,连续低于10 km/h的记录超过180条
2017-11-06 22:09:36,删除长低速记录,1.8,1.8,连续低于10 km/h的记录超过180条
2017-11-06 22:09:37,删除长低速记录,1.7,1.7,连续低于10 km/h的记录超过180条
2017-11-06 22:09:38,删除长低速记录,1.7,1.7,连续低于10 km/h的记录超过180条
2017-11-06 22:09:39,删除长低速记录,1.7,1.7,连续低于10 km/h的记录超过180条
2017-11-06 22:09:40,删除长低速记录,1.7,1.7,连续低于10 km/h的记录超过180条
2017-11-06 22:09:41,删除长低速记录,0.0,0.0,连续低于10 km/h的记录超过180条
2017-11-06 22:09:42,删除长低速记录,0.0,0.0,连续低于10 km/h的记录超过180条
2017-11-06 22:09:43,删除长低速记录,0.0,0.0,连续低于10 km/h的记录超过180条
2017-11-06 22:09:44,删除长低速记录,0.0,0.0,连续低于10 km/h的记录超过180条
2017-11-06 22:09:45,删除长低速记录,0.0,0.0,连续低于10 km/h的记录超过180条
2017-11-06 22:09:46,删除长低速记录,0.0,0.0,连续低于10 km/h的记录超过180条
2017-11-06 22:09:47,删除长低速记录,0.0,0.0,连续低于10 km/h的记录超过180条
2017-11-06 22:09:48,删除长低速记录,0.0,0.0,连续低于10 km/h的记录超过180条
2017-11-06 22:09:49,删除长低速记录,0.0,0.0,连续低于10 km/h的记录超过180条
2017-11-06 22:09:50,删除长低速记录,0.0,0.0,连续低于10 km/h的记录超过180条
2017-11-06 22:09:51,删除长低速记录,0.0,0.0,连续低于10 km/h的记录超过180条
2017-11-06 22:09:52,删除长低速记录,0.0,0.0,连续低于10 km/h的记录超过180条
2017-11-06 22:09:53,删除长低速记录,0.0,0.0,连续低于10 km/h的记录超过180条
2017-11-06 22:09:54,删除长低速记录,0.0,0.0,连续低于10 km/h的记录超过180条
2017-11-06 22:09:55,删除长低速记录,0.0,0.0,连续低于10 km/h的记录超过180条
2017-11-06 22:09:56,删除长低速记录,0.0,0.0,连续低于10 km/h的记录超过180条
2017-11-06 22:09:57,删除长低速记录,0.0,0.0,连续低于10 km/h的记录超过180条
2017-11-06 22:09:58,删除长低速记录,0.0,0.0,连续低于10 km/h的记录超过180条
2017-11-06 22:09:59,删除长低速记录,0.0,0.0,连续低于10 km/h的记录超过180条
2017-11-06 22:10:00,删除长低速记录,0.0,0.0,连续低于10 km/h的记录超过180条
2017-11-06 22:10:01,删除长低速记录,0.0,0.0,连续低于10 km/h的记录超过180条
2017-11-06 22:10:02,删除长低速记录,0.0,0.0,连续低于10 km/h的记录超过180条
2017-11-06 22:10:03,删除长低速记录,0.0,0.0,连续低于10 km/h的记录超过180条
2017-11-06 22:10:04,删除长低速记录,0.0,0.0,连续低于10 km/h的记录超过180条
2017-11-06 22:10:05,删除长低速记录,0.0,0.0,连续低于10 km/h的记录超过180条
2017-11-06 22:10:06,删除长低速记录,0.0,0.0,连续低于10 km/h的记录超过180条
2017-11-06 22:10:07,删除长低速记录,0.0,0.0,连续低于10 km/h的记录超过180条
2017-11-06 22:10:08,删除长低速记录,0.0,0.0,连续低于10 km/h的记录超过180条
2017-11-06 22:10:09,删除长低速记录,0.0,0.0,连续低于10 km/h的记录超过180条
2017-11-06 22:10:10,删除长低速记录,0.0,0.0,连续低于10 km/h的记录超过180条
2017-11-06 22:10:11,删除长低速记录,0.0,0.0,连续低于10 km/h的记录超过180条
2017-11-06 22:10:12,删除长低速记录,0.0,0.0,连续低于10 km/h的记录超过180条
2017-11-06 22:10:13,删除长低速记录,0.0,0.0,连续低于10 km/h的记录超过180条
2017-11-06 22:10:14,删除长低速记录,0.0,0.0,连续低于10 km/h的记录超过180条
2017-11-06 22:10:15,删除长低速记录,0.0,0.0,连续低于10 km/h的记录超过180条
2017-11-06 22:10:16,删除长低速记录,0.0,0.0,连续低于10 km/h的记录超过180条
2017-11-06 22:10:17,删除长低速记录,0.0,0.0,连续低于10 km/h的记录超过180条
2017-11-06 22:10:18,删除长低速记录,0.0,0.0,连续低于10 km/h的记录超过180条
2017-11-06 22:10:19,删除长低速记录,0.0,0.0,连续低于10 km/h的记录超过180条
2017-11-06 22:10:20,删除长低速记录,0.0,0.0,连续低于10 km/h的记录超过180条
2017-11-06 22:10:21,删除长低速记录,0.0,0.0,连续低于10 km/h的记录超过180条
2017-11-06 22:10:22,删除长低速记录,0.0,0.0,连续低于10 km/h的记录超过180条
2017-11-06 22:10:23,删除长低速记录,0.0,0.0,连续低于10 km/h的记录超过180条
2017-11-06 22:10:24,删除长低速记录,0.0,0.0,连续低于10 km/h的记录超过180条
2017-11-06 22:10:25,删除长低速记录,0.0,0.0,连续低于10 km/h的记录超过180条
2017-11-06 22:10:26,删除长低速记录,0.0,0.0,连续低于10 km/h的记录超过180条
2017-11-06 22:10:27,删除长低速记录,0.0,0.0,连续低于10 km/h的记录超过180条
2017-11-06 22:10:28,删除长低速记录,0.0,0.0,连续低于10 km/h的记录超过180条
2017-11-06 22:10:29,删除长低速记录,0.0,0.0,连续低于10 km/h的记录超过180条
2017-11-06 22:10:30,删除长低速记录,0.0,0.0,连续低于10 km/h的记录超过180条
2017-11-06 22:10:31,删除长低速记录,0.0,0.0,连续低于10 km/h的记录超过180条
2017-11-06 22:10:32,删除长低速记录,0.0,0.0,连续低于10 km/h的记录超过180条
2017-11-06 22:10:33,删除长低速记录,0.0,0.0,连续低于10 km/h的记录超过180条
2017-11-06 22:10:34,删除长低速记录,0.0,0.0,连续低于10 km/h的记录超过180条
2017-11-06 22:10:35,删除长低速记录,0.0,0.0,连续低于10 km/h的记录超过180条
2017-11-06 22:10:36,删除长低速记录,0.0,0.0,连续低于10 km/h的记录超过180条
2017-11-06 22:10:37,删除长低速记录,0.0,0.0,连续低于10 km/h的记录超过180条
2017-11-06 22:10:38,删除长低速记录,0.0,0.0,连续低于10 km/h的记录超过180条
2017-11-06 22:10:39,删除长低速记录,0.0,0.0,连续低于10 km/h的记录超过180条
2017-11-06 22:10:40,删除长低速记录,0.0,0.0,连续低于10 km/h的记录超过180条
2017-11-06 22:10:41,删除长低速记录,0.0,0.0,连续低于10 km/h的记录超过180条
2017-11-06 22:10:42,删除长低速记录,0.0,0.0,连续低于10 km/h的记录超过180条
2017-11-06 22:10:43,删除长低速记录,1.3,1.3,连续低于10 km/h的记录超过180条
2017-11-06 22:10:44,删除长低速记录,1.4,1.4,连续低于10 km/h的记录超过180条
2017-11-06 22:10:45,删除长低速记录,1.5,1.5,连续低于10 km/h的记录超过180条
2017-11-06 22:10:46,删除长低速记录,1.5,1.5,连续低于10 km/h的记录超过180条
2017-11-06 22:10:47,删除长低速记录,1.5,1.5,连续低于10 km/h的记录超过180条
2017-11-06 22:10:48,删除长低速记录,1.5,1.5,连续低于10 km/h的记录超过180条
2017-11-06 22:10:49,删除长低速记录,1.6,1.6,连续低于10 km/h的记录超过180条
2017-11-06 22:10:50,删除长低速记录,0.0,0.0,连续低于10 km/h的记录超过180条
2017-11-06 22:10:51,删除长低速记录,0.0,0.0,连续低于10 km/h的记录超过180条
2017-11-06 22:10:52,删除长低速记录,0.0,0.0,连续低于10 km/h的记录超过180条
2017-11-06 22:10:53,删除长低速记录,0.0,0.0,连续低于10 km/h的记录超过180条
2017-11-06 22:10:54,删除长低速记录,0.0,0.0,连续低于10 km/h的记录超过180条
2017-11-06 22:10:55,删除长低速记录,0.0,0.0,连续低于10 km/h的记录超过180条
2017-11-06 22:12:10,新增插值记录,,0.0,相邻速度 0 与 0 km/h 的线性中点
2017-11-06 22:12:12,新增插值记录,,0.0,相邻速度 0 与 0 km/h 的线性中点
2017-11-06 22:14:00,删除长低速记录,0.0,0.0,连续低于10 km/h的记录超过180条
2017-11-06 22:14:01,删除长低速记录,0.0,0.0,连续低于10 km/h的记录超过180条
2017-11-06 22:14:02,删除长低速记录,1.6,1.6,连续低于10 km/h的记录超过180条
2017-11-06 22:14:03,删除长低速记录,0.0,0.0,连续低于10 km/h的记录超过180条
2017-11-06 22:14:04,删除长低速记录,0.0,0.0,连续低于10 km/h的记录超过180条
2017-11-06 22:14:05,删除长低速记录,0.0,0.0,连续低于10 km/h的记录超过180条
2017-11-06 22:14:06,删除长低速记录,0.0,0.0,连续低于10 km/h的记录超过180条
2017-11-06 22:14:07,删除长低速记录,0.0,0.0,连续低于10 km/h的记录超过180条
2017-11-06 22:14:08,删除长低速记录,0.0,0.0,连续低于10 km/h的记录超过180条
2017-11-06 22:14:09,删除长低速记录,0.0,0.0,连续低于10 km/h的记录超过180条
2017-11-06 22:14:10,删除长低速记录,0.0,0.0,连续低于10 km/h的记录超过180条
2017-11-06 22:14:11,删除长低速记录,0.0,0.0,连续低于10 km/h的记录超过180条
2017-11-06 22:14:12,删除长低速记录,0.0,0.0,连续低于10 km/h的记录超过180条
2017-11-06 22:14:13,删除长低速记录,0.0,0.0,连续低于10 km/h的记录超过180条
2017-11-06 22:14:14,删除长低速记录,0.0,0.0,连续低于10 km/h的记录超过180条
2017-11-06 22:14:15,删除长低速记录,0.0,0.0,连续低于10 km/h的记录超过180条
2017-11-06 22:14:16,删除长低速记录,0.0,0.0,连续低于10 km/h的记录超过180条
2017-11-06 22:14:17,删除长低速记录,0.0,0.0,连续低于10 km/h的记录超过180条
2017-11-06 22:14:18,删除长低速记录,0.0,0.0,连续低于10 km/h的记录超过180条
2017-11-06 22:14:19,删除长低速记录,0.0,0.0,连续低于10 km/h的记录超过180条
2017-11-06 22:14:20,删除长低速记录,0.0,0.0,连续低于10 km/h的记录超过180条
2017-11-06 22:14:21,删除长低速记录,0.0,0.0,连续低于10 km/h的记录超过180条
2017-11-06 22:14:22,删除长低速记录,0.0,0.0,连续低于10 km/h的记录超过180条
2017-11-06 22:14:23,删除长低速记录,0.0,0.0,连续低于10 km/h的记录超过180条
2017-11-06 22:14:24,删除长低速记录,0.0,0.0,连续低于10 km/h的记录超过180条
2017-11-06 22:14:25,删除长低速记录,0.0,0.0,连续低于10 km/h的记录超过180条
2017-11-06 22:14:26,删除长低速记录,0.0,0.0,连续低于10 km/h的记录超过180条
2017-11-06 22:14:27,删除长低速记录,0.0,0.0,连续低于10 km/h的记录超过180条
2017-11-06 22:14:28,删除长低速记录,0.0,0.0,连续低于10 km/h的记录超过180条
2017-11-06 22:14:29,删除长低速记录,0.0,0.0,连续低于10 km/h的记录超过180条
2017-11-06 22:14:30,删除长低速记录,0.0,0.0,连续低于10 km/h的记录超过180条
2017-11-06 22:14:31,删除长低速记录,0.0,0.0,连续低于10 km/h的记录超过180条
2017-11-06 22:14:32,删除长低速记录,0.0,0.0,连续低于10 km/h的记录超过180条
2017-11-06 22:14:33,删除长低速记录,0.0,0.0,连续低于10 km/h的记录超过180条
2017-11-06 22:14:34,删除长低速记录,0.0,0.0,连续低于10 km/h的记录超过180条
2017-11-06 22:14:35,删除长低速记录,0.0,0.0,连续低于10 km/h的记录超过180条
2017-11-06 22:14:36,删除长低速记录,0.0,0.0,连续低于10 km/h的记录超过180条
2017-11-06 22:14:37,删除长低速记录,0.0,0.0,连续低于10 km/h的记录超过180条
2017-11-06 22:14:38,删除长低速记录,0.0,0.0,连续低于10 km/h的记录超过180条
2017-11-06 22:14:39,删除长低速记录,0.0,0.0,连续低于10 km/h的记录超过180条
2017-11-06 22:14:40,删除长低速记录,0.0,0.0,连续低于10 km/h的记录超过180条
2017-11-06 22:14:41,删除长低速记录,0.0,0.0,连续低于10 km/h的记录超过180条
2017-11-06 22:14:42,删除长低速记录,0.0,0.0,连续低于10 km/h的记录超过180条
2017-11-06 22:14:43,删除长低速记录,0.0,0.0,连续低于10 km/h的记录超过180条
2017-11-06 22:14:44,删除长低速记录,0.0,0.0,连续低于10 km/h的记录超过180条
2017-11-06 22:14:45,删除长低速记录,0.0,0.0,连续低于10 km/h的记录超过180条
2017-11-06 22:14:46,删除长低速记录,0.0,0.0,连续低于10 km/h的记录超过180条
2017-11-06 22:14:47,删除长低速记录,0.0,0.0,连续低于10 km/h的记录超过180条
2017-11-06 22:14:48,删除长低速记录,0.0,0.0,连续低于10 km/h的记录超过180条
2017-11-06 22:14:49,删除长低速记录,0.0,0.0,连续低于10 km/h的记录超过180条
2017-11-06 22:14:50,删除长低速记录,0.0,0.0,连续低于10 km/h的记录超过180条
2017-11-06 22:14:51,删除长低速记录,6.3,6.3,连续低于10 km/h的记录超过180条
2017-11-06 22:25:12,新增插值记录,,2.7,相邻速度 2.6 与 2.8 km/h 的线性中点
2017-11-06 22:25:22,新增插值记录,,2.95,相邻速度 3 与 2.9 km/h 的线性中点
2017-11-06 22:25:24,新增插值记录,,2.9,相邻速度 2.9 与 2.9 km/h 的线性中点
2017-11-06 22:25:56,新增插值记录,,2.2,相邻速度 2.2 与 2.2 km/h 的线性中点
2017-11-06 22:26:00,新增插值记录,,1.7000000000000002,相邻速度 1.8 与 1.6 km/h 的线性中点
2017-11-06 22:26:06,新增插值记录,,0.0,相邻速度 0 与 0 km/h 的线性中点
2017-11-06 22:29:34,删除长低速记录,0.0,0.0,连续低于10 km/h的记录超过180条
2017-11-06 22:29:35,删除长低速记录,0.0,0.0,连续低于10 km/h的记录超过180条
2017-11-06 22:29:36,删除长低速记录,0.0,0.0,连续低于10 km/h的记录超过180条
2017-11-06 22:29:37,删除长低速记录,0.0,0.0,连续低于10 km/h的记录超过180条
2017-11-06 22:29:38,删除长低速记录,0.0,0.0,连续低于10 km/h的记录超过180条
2017-11-06 22:29:39,删除长低速记录,0.0,0.0,连续低于10 km/h的记录超过180条
2017-11-06 22:29:40,删除长低速记录,0.0,0.0,连续低于10 km/h的记录超过180条
2017-11-06 22:29:41,删除长低速记录,0.0,0.0,连续低于10 km/h的记录超过180条
2017-11-06 22:29:42,删除长低速记录,0.0,0.0,连续低于10 km/h的记录超过180条
2017-11-06 22:29:43,删除长低速记录,0.0,0.0,连续低于10 km/h的记录超过180条
2017-11-06 22:29:44,删除长低速记录,0.0,0.0,连续低于10 km/h的记录超过180条
2017-11-06 22:29:45,删除长低速记录,0.0,0.0,连续低于10 km/h的记录超过180条
2017-11-06 22:29:46,删除长低速记录,0.0,0.0,连续低于10 km/h的记录超过180条
2017-11-06 22:29:47,删除长低速记录,0.0,0.0,连续低于10 km/h的记录超过180条
2017-11-06 22:29:48,删除长低速记录,0.0,0.0,连续低于10 km/h的记录超过180条
2017-11-06 22:29:49,删除长低速记录,0.0,0.0,连续低于10 km/h的记录超过180条
2017-11-06 22:29:50,删除长低速记录,0.0,0.0,连续低于10 km/h的记录超过180条
2017-11-06 22:29:51,删除长低速记录,0.0,0.0,连续低于10 km/h的记录超过180条
2017-11-06 22:29:52,删除长低速记录,0.0,0.0,连续低于10 km/h的记录超过180条
2017-11-06 22:29:53,删除长低速记录,0.0,0.0,连续低于10 km/h的记录超过180条
2017-11-06 22:29:54,删除长低速记录,0.0,0.0,连续低于10 km/h的记录超过180条
2017-11-06 22:29:55,删除长低速记录,0.0,0.0,连续低于10 km/h的记录超过180条
2017-11-06 22:29:56,删除长低速记录,0.0,0.0,连续低于10 km/h的记录超过180条
2017-11-06 22:29:57,删除长低速记录,0.0,0.0,连续低于10 km/h的记录超过180条
2017-11-06 22:29:58,删除长低速记录,0.0,0.0,连续低于10 km/h的记录超过180条
2017-11-06 22:29:59,删除长低速记录,0.0,0.0,连续低于10 km/h的记录超过180条
2017-11-06 22:30:00,删除长低速记录,0.0,0.0,连续低于10 km/h的记录超过180条
2017-11-06 22:30:01,删除长低速记录,0.0,0.0,连续低于10 km/h的记录超过180条
2017-11-06 22:30:02,删除长低速记录,0.0,0.0,连续低于10 km/h的记录超过180条
2017-11-06 22:30:03,删除长低速记录,0.0,0.0,连续低于10 km/h的记录超过180条
2017-11-06 22:30:04,删除长低速记录,0.0,0.0,连续低于10 km/h的记录超过180条
2017-11-06 22:30:05,删除长低速记录,0.0,0.0,连续低于10 km/h的记录超过180条
2017-11-06 22:30:06,删除长低速记录,0.0,0.0,连续低于10 km/h的记录超过180条
2017-11-06 22:30:07,删除长低速记录,0.0,0.0,连续低于10 km/h的记录超过180条
2017-11-06 22:30:08,删除长低速记录,0.0,0.0,连续低于10 km/h的记录超过180条
2017-11-06 22:30:09,删除长低速记录,0.0,0.0,连续低于10 km/h的记录超过180条
2017-11-06 22:30:10,删除长低速记录,0.0,0.0,连续低于10 km/h的记录超过180条
2017-11-06 22:30:11,删除长低速记录,0.0,0.0,连续低于10 km/h的记录超过180条
2017-11-06 22:30:12,删除长低速记录,0.0,0.0,连续低于10 km/h的记录超过180条
2017-11-06 22:30:13,删除长低速记录,1.6,1.6,连续低于10 km/h的记录超过180条
2017-11-06 22:30:14,删除长低速记录,1.7,1.7,连续低于10 km/h的记录超过180条
2017-11-06 22:30:15,删除长低速记录,2.1,2.1,连续低于10 km/h的记录超过180条
2017-11-06 22:30:16,删除长低速记录,2.1,2.1,连续低于10 km/h的记录超过180条
2017-11-06 22:30:17,删除长低速记录,2.1,2.1,连续低于10 km/h的记录超过180条
2017-11-06 22:30:18,删除长低速记录,2.0,2.0,连续低于10 km/h的记录超过180条
2017-11-06 22:30:19,删除长低速记录,1.6,1.6,连续低于10 km/h的记录超过180条
2017-11-06 22:30:20,删除长低速记录,1.6,1.6,连续低于10 km/h的记录超过180条
2017-11-06 22:30:21,删除长低速记录,1.7,1.7,连续低于10 km/h的记录超过180条
2017-11-06 22:30:22,删除长低速记录,1.6,1.6,连续低于10 km/h的记录超过180条
2017-11-06 22:30:23,删除长低速记录,1.6,1.6,连续低于10 km/h的记录超过180条
2017-11-06 22:30:24,删除长低速记录,1.7,1.7,连续低于10 km/h的记录超过180条
2017-11-06 22:30:25,删除长低速记录,0.0,0.0,连续低于10 km/h的记录超过180条
2017-11-06 22:30:26,删除长低速记录,0.0,0.0,连续低于10 km/h的记录超过180条
2017-11-06 22:30:27,删除长低速记录,0.0,0.0,连续低于10 km/h的记录超过180条
2017-11-06 22:30:28,删除长低速记录,0.0,0.0,连续低于10 km/h的记录超过180条
2017-11-06 22:30:29,删除长低速记录,0.0,0.0,连续低于10 km/h的记录超过180条
2017-11-06 22:30:30,删除长低速记录,1.6,1.6,连续低于10 km/h的记录超过180条
2017-11-06 22:30:31,删除长低速记录,1.7,1.7,连续低于10 km/h的记录超过180条
2017-11-06 22:30:32,删除长低速记录,1.7,1.7,连续低于10 km/h的记录超过180条
2017-11-06 22:30:33,删除长低速记录,1.6,1.6,连续低于10 km/h的记录超过180条
2017-11-06 22:30:34,删除长低速记录,1.6,1.6,连续低于10 km/h的记录超过180条
2017-11-06 22:30:35,删除长低速记录,1.7,1.7,连续低于10 km/h的记录超过180条
2017-11-06 22:30:36,删除长低速记录,1.7,1.7,连续低于10 km/h的记录超过180条
2017-11-06 22:30:37,删除长低速记录,0.0,0.0,连续低于10 km/h的记录超过180条
2017-11-06 22:30:38,删除长低速记录,0.0,0.0,连续低于10 km/h的记录超过180条
2017-11-06 22:30:39,删除长低速记录,0.0,0.0,连续低于10 km/h的记录超过180条
2017-11-06 22:30:40,删除长低速记录,0.0,0.0,连续低于10 km/h的记录超过180条
2017-11-06 22:30:41,删除长低速记录,0.0,0.0,连续低于10 km/h的记录超过180条
2017-11-06 22:30:42,删除长低速记录,0.0,0.0,连续低于10 km/h的记录超过180条
2017-11-06 22:30:43,删除长低速记录,0.0,0.0,连续低于10 km/h的记录超过180条
2017-11-06 22:30:44,删除长低速记录,0.0,0.0,连续低于10 km/h的记录超过180条
2017-11-06 22:30:45,删除长低速记录,0.0,0.0,连续低于10 km/h的记录超过180条
2017-11-06 22:30:46,删除长低速记录,0.0,0.0,连续低于10 km/h的记录超过180条
2017-11-06 22:30:47,删除长低速记录,0.0,0.0,连续低于10 km/h的记录超过180条
2017-11-06 22:30:48,删除长低速记录,0.0,0.0,连续低于10 km/h的记录超过180条
2017-11-06 22:30:49,删除长低速记录,0.0,0.0,连续低于10 km/h的记录超过180条
2017-11-06 22:30:50,删除长低速记录,0.0,0.0,连续低于10 km/h的记录超过180条
2017-11-06 22:30:51,删除长低速记录,0.0,0.0,连续低于10 km/h的记录超过180条
2017-11-06 22:30:52,删除长低速记录,0.0,0.0,连续低于10 km/h的记录超过180条
2017-11-06 22:30:53,删除长低速记录,0.0,0.0,连续低于10 km/h的记录超过180条
2017-11-06 22:30:54,删除长低速记录,0.0,0.0,连续低于10 km/h的记录超过180条
2017-11-06 22:30:55,删除长低速记录,0.0,0.0,连续低于10 km/h的记录超过180条
2017-11-06 22:30:56,删除长低速记录,0.0,0.0,连续低于10 km/h的记录超过180条
2017-11-06 22:30:57,删除长低速记录,0.0,0.0,连续低于10 km/h的记录超过180条
2017-11-06 22:30:58,删除长低速记录,0.0,0.0,连续低于10 km/h的记录超过180条
2017-11-06 22:30:59,删除长低速记录,0.0,0.0,连续低于10 km/h的记录超过180条
2017-11-06 22:31:00,删除长低速记录,0.0,0.0,连续低于10 km/h的记录超过180条
2017-11-06 22:31:01,删除长低速记录,0.0,0.0,连续低于10 km/h的记录超过180条
2017-11-06 22:31:02,删除长低速记录,0.0,0.0,连续低于10 km/h的记录超过180条
2017-11-06 22:31:03,删除长低速记录,0.0,0.0,连续低于10 km/h的记录超过180条
2017-11-06 22:31:04,删除长低速记录,0.0,0.0,连续低于10 km/h的记录超过180条
2017-11-06 22:31:05,删除长低速记录,0.0,0.0,连续低于10 km/h的记录超过180条
2017-11-06 22:31:06,删除长低速记录,0.0,0.0,连续低于10 km/h的记录超过180条
2017-11-06 22:31:07,删除长低速记录,0.0,0.0,连续低于10 km/h的记录超过180条
2017-11-06 22:31:08,删除长低速记录,0.0,0.0,连续低于10 km/h的记录超过180条
2017-11-06 22:31:09,删除长低速记录,0.0,0.0,连续低于10 km/h的记录超过180条
2017-11-06 22:31:10,删除长低速记录,0.0,0.0,连续低于10 km/h的记录超过180条
2017-11-06 22:31:11,删除长低速记录,0.0,0.0,连续低于10 km/h的记录超过180条
2017-11-06 22:31:12,删除长低速记录,0.0,0.0,连续低于10 km/h的记录超过180条
2017-11-06 22:31:13,删除长低速记录,0.0,0.0,连续低于10 km/h的记录超过180条
2017-11-06 22:31:14,删除长低速记录,0.0,0.0,连续低于10 km/h的记录超过180条
2017-11-06 22:31:15,删除长低速记录,0.0,0.0,连续低于10 km/h的记录超过180条
2017-11-06 22:31:16,删除长低速记录,0.0,0.0,连续低于10 km/h的记录超过180条
2017-11-06 22:31:17,删除长低速记录,0.0,0.0,连续低于10 km/h的记录超过180条
2017-11-06 22:31:18,删除长低速记录,0.0,0.0,连续低于10 km/h的记录超过180条
2017-11-06 22:31:19,删除长低速记录,0.0,0.0,连续低于10 km/h的记录超过180条
2017-11-06 22:31:20,删除长低速记录,0.0,0.0,连续低于10 km/h的记录超过180条
2017-11-06 22:31:21,删除长低速记录,0.0,0.0,连续低于10 km/h的记录超过180条
2017-11-06 22:31:22,删除长低速记录,0.0,0.0,连续低于10 km/h的记录超过180条
2017-11-06 22:31:23,删除长低速记录,0.0,0.0,连续低于10 km/h的记录超过180条
2017-11-06 22:31:24,删除长低速记录,0.0,0.0,连续低于10 km/h的记录超过180条
2017-11-06 22:31:25,删除长低速记录,0.0,0.0,连续低于10 km/h的记录超过180条
2017-11-06 22:31:26,删除长低速记录,0.0,0.0,连续低于10 km/h的记录超过180条
2017-11-06 22:31:27,删除长低速记录,0.0,0.0,连续低于10 km/h的记录超过180条
2017-11-06 22:31:28,删除长低速记录,0.0,0.0,连续低于10 km/h的记录超过180条
2017-11-06 22:31:29,删除长低速记录,0.0,0.0,连续低于10 km/h的记录超过180条
2017-11-06 22:31:30,删除长低速记录,0.0,0.0,连续低于10 km/h的记录超过180条
2017-11-06 22:31:31,删除长低速记录,0.0,0.0,连续低于10 km/h的记录超过180条
2017-11-06 22:31:32,删除长低速记录,0.0,0.0,连续低于10 km/h的记录超过180条
2017-11-06 22:31:33,删除长低速记录,0.0,0.0,连续低于10 km/h的记录超过180条
2017-11-06 22:31:34,删除长低速记录,0.0,0.0,连续低于10 km/h的记录超过180条
2017-11-06 22:31:35,删除长低速记录,1.4,1.4,连续低于10 km/h的记录超过180条
2017-11-06 22:31:36,删除长低速记录,1.5,1.5,连续低于10 km/h的记录超过180条
2017-11-06 22:31:37,删除长低速记录,1.6,1.6,连续低于10 km/h的记录超过180条
2017-11-06 22:31:38,删除长低速记录,1.6,1.6,连续低于10 km/h的记录超过180条
2017-11-06 22:31:39,删除长低速记录,1.6,1.6,连续低于10 km/h的记录超过180条
2017-11-06 22:31:40,删除长低速记录,1.6,1.6,连续低于10 km/h的记录超过180条
2017-11-06 22:31:41,删除长低速记录,0.0,0.0,连续低于10 km/h的记录超过180条
2017-11-06 22:31:42,删除长低速记录,0.0,0.0,连续低于10 km/h的记录超过180条
2017-11-06 22:31:43,删除长低速记录,0.0,0.0,连续低于10 km/h的记录超过180条
2017-11-06 22:31:44,删除长低速记录,0.0,0.0,连续低于10 km/h的记录超过180条
2017-11-06 22:31:45,删除长低速记录,0.0,0.0,连续低于10 km/h的记录超过180条
2017-11-06 22:31:46,删除长低速记录,0.0,0.0,连续低于10 km/h的记录超过180条
2017-11-06 22:31:47,删除长低速记录,0.0,0.0,连续低于10 km/h的记录超过180条
2017-11-06 22:31:48,删除长低速记录,0.0,0.0,连续低于10 km/h的记录超过180条
2017-11-06 22:31:49,删除长低速记录,1.7,1.7,连续低于10 km/h的记录超过180条
2017-11-06 22:31:50,删除长低速记录,1.7,1.7,连续低于10 km/h的记录超过180条
2017-11-06 22:31:51,删除长低速记录,1.6,1.6,连续低于10 km/h的记录超过180条
2017-11-06 22:31:52,删除长低速记录,1.6,1.6,连续低于10 km/h的记录超过180条
2017-11-06 22:31:53,删除长低速记录,1.6,1.6,连续低于10 km/h的记录超过180条
2017-11-06 22:31:54,删除长低速记录,1.5,1.5,连续低于10 km/h的记录超过180条
2017-11-06 22:31:55,删除长低速记录,1.5,1.5,连续低于10 km/h的记录超过180条
2017-11-06 22:31:56,删除长低速记录,1.6,1.6,连续低于10 km/h的记录超过180条
2017-11-06 22:31:57,删除长低速记录,1.6,1.6,连续低于10 km/h的记录超过180条
2017-11-06 22:31:58,删除长低速记录,1.7,1.7,连续低于10 km/h的记录超过180条
2017-11-06 22:31:59,删除长低速记录,1.7,1.7,连续低于10 km/h的记录超过180条
2017-11-06 22:32:00,删除长低速记录,2.3,2.3,连续低于10 km/h的记录超过180条
2017-11-06 22:32:01,删除长低速记录,2.4,2.4,连续低于10 km/h的记录超过180条
2017-11-06 22:32:02,删除长低速记录,2.5,2.5,连续低于10 km/h的记录超过180条
2017-11-06 22:32:03,删除长低速记录,2.5,2.5,连续低于10 km/h的记录超过180条
2017-11-06 22:32:04,删除长低速记录,2.5,2.5,连续低于10 km/h的记录超过180条
2017-11-06 22:32:05,删除长低速记录,2.9,2.9,连续低于10 km/h的记录超过180条
2017-11-06 22:32:06,删除长低速记录,2.9,2.9,连续低于10 km/h的记录超过180条
2017-11-06 22:32:07,删除长低速记录,2.8,2.8,连续低于10 km/h的记录超过180条
2017-11-06 22:32:08,删除长低速记录,2.7,2.7,连续低于10 km/h的记录超过180条
2017-11-06 22:32:09,删除长低速记录,2.3,2.3,连续低于10 km/h的记录超过180条
2017-11-06 22:32:10,删除长低速记录,2.2,2.2,连续低于10 km/h的记录超过180条
2017-11-06 22:32:11,删除长低速记录,2.1,2.1,连续低于10 km/h的记录超过180条
2017-11-06 22:32:12,删除长低速记录,2.1,2.1,连续低于10 km/h的记录超过180条
2017-11-06 22:32:13,删除长低速记录,2.2,2.2,连续低于10 km/h的记录超过180条
2017-11-06 22:32:14,删除长低速记录,2.3,2.3,连续低于10 km/h的记录超过180条
2017-11-06 22:32:15,删除长低速记录,2.4,2.4,连续低于10 km/h的记录超过180条
2017-11-06 22:32:16,删除长低速记录,2.5,2.5,连续低于10 km/h的记录超过180条
2017-11-06 22:32:17,删除长低速记录,2.6,2.6,连续低于10 km/h的记录超过180条
2017-11-06 22:32:18,删除长低速记录,2.7,2.7,连续低于10 km/h的记录超过180条
2017-11-06 22:32:19,删除长低速记录,2.7,2.7,连续低于10 km/h的记录超过180条
2017-11-06 22:32:20,删除长低速记录,2.6,2.6,连续低于10 km/h的记录超过180条
2017-11-06 22:32:21,删除长低速记录,2.6,2.6,连续低于10 km/h的记录超过180条
2017-11-06 22:32:22,删除长低速记录,2.5,2.5,连续低于10 km/h的记录超过180条
2017-11-06 22:32:23,删除长低速记录,2.9,2.9,连续低于10 km/h的记录超过180条
2017-11-06 22:32:24,删除长低速记录,3.0,3.0,连续低于10 km/h的记录超过180条
2017-11-06 22:32:25,删除长低速记录,3.1,3.1,连续低于10 km/h的记录超过180条
2017-11-06 22:32:26,删除长低速记录,3.5,3.5,连续低于10 km/h的记录超过180条
2017-11-06 22:32:27,删除长低速记录,3.7,3.7,连续低于10 km/h的记录超过180条
2017-11-06 22:32:28,删除长低速记录,4.0,4.0,连续低于10 km/h的记录超过180条
2017-11-06 22:32:29,删除长低速记录,4.6,4.6,连续低于10 km/h的记录超过180条
2017-11-06 22:32:30,删除长低速记录,4.7,4.7,连续低于10 km/h的记录超过180条
2017-11-06 22:32:31,删除长低速记录,5.0,5.0,连续低于10 km/h的记录超过180条
2017-11-06 22:32:32,删除长低速记录,5.1,5.1,连续低于10 km/h的记录超过180条
2017-11-06 22:32:33,删除长低速记录,5.4,5.4,连续低于10 km/h的记录超过180条
2017-11-06 22:32:34,删除长低速记录,5.5,5.5,连续低于10 km/h的记录超过180条
2017-11-06 22:32:35,删除长低速记录,5.5,5.5,连续低于10 km/h的记录超过180条
2017-11-06 22:32:36,删除长低速记录,5.7,5.7,连续低于10 km/h的记录超过180条
2017-11-06 22:32:37,删除长低速记录,6.3,6.3,连续低于10 km/h的记录超过180条
2017-11-06 22:32:38,删除长低速记录,6.3,6.3,连续低于10 km/h的记录超过180条
2017-11-06 22:32:39,删除长低速记录,6.3,6.3,连续低于10 km/h的记录超过180条
2017-11-07 08:04:01,新增插值记录,,6.65,相邻速度 7.2 与 6.1 km/h 的线性中点
2017-11-07 08:58:17,新增插值记录,,0.0,相邻速度 0 与 0 km/h 的线性中点
2017-11-07 09:33:53,车速限幅,17.4,16.256,"连续1秒允许范围 [0.000000, 16.256000] km/h"
2017-11-07 10:00:20,新增插值记录,,8.75,相邻速度 9 与 8.5 km/h 的线性中点
2017-11-07 10:00:25,新增插值记录,,27.5,相邻速度 27.8 与 27.2 km/h 的线性中点
2017-11-07 10:00:38,新增插值记录,,8.75,相邻速度 9 与 8.5 km/h 的线性中点
2017-11-07 10:00:40,新增插值记录,,8.2,相邻速度 8.5 与 7.9 km/h 的线性中点
2017-11-07 10:01:59,新增插值记录,,42.7,相邻速度 44.3 与 41.1 km/h 的线性中点
2017-11-07 10:02:03,新增插值记录,,45.05,相邻速度 42.1 与 48 km/h 的线性中点
2017-11-07 10:02:41,车速限幅,54.1,40.756,"连续1秒允许范围 [0.000000, 40.756000] km/h"
2017-11-07 10:02:46,新增插值记录,,42.7,相邻速度 54.4 与 31 km/h 的线性中点
2017-11-07 10:02:59,新增插值记录,,26.6,相邻速度 26.5 与 26.7 km/h 的线性中点
2017-11-07 10:03:06,新增插值记录,,30.5,相邻速度 31 与 30 km/h 的线性中点
2017-11-07 10:03:57,车速限幅,17.4,17.056,"连续1秒允许范围 [0.000000, 17.056000] km/h"
2017-11-07 10:04:16,新增插值记录,,19.5,相邻速度 17.4 与 21.6 km/h 的线性中点
2017-11-07 10:05:24,新增插值记录,,23.9,相邻速度 25.2 与 22.6 km/h 的线性中点
2017-11-07 10:06:31,车速限幅,37.7,35.956,"连续1秒允许范围 [0.000000, 35.956000] km/h"
2017-11-07 10:06:33,新增插值记录,,36.650000000000006,相邻速度 36.7 与 36.6 km/h 的线性中点
2017-11-07 10:06:49,新增插值记录,,20.299999999999997,相邻速度 21.7 与 18.9 km/h 的线性中点
2017-11-07 10:07:15,新增插值记录,,0.0,相邻速度 0 与 0 km/h 的线性中点
2017-11-07 10:07:21,新增插值记录,,0.0,相邻速度 0 与 0 km/h 的线性中点
2017-11-07 10:07:31,新增插值记录,,0.0,相邻速度 0 与 0 km/h 的线性中点
2017-11-07 10:07:33,新增插值记录,,0.0,相邻速度 0 与 0 km/h 的线性中点
2017-11-07 10:07:47,新增插值记录,,0.0,相邻速度 0 与 0 km/h 的线性中点
2017-11-07 10:07:49,新增插值记录,,0.0,相邻速度 0 与 0 km/h 的线性中点
2017-11-07 10:07:55,新增插值记录,,7.45,相邻速度 0 与 14.9 km/h 的线性中点
2017-11-07 10:08:02,车速限幅,21.5,14.256,"连续1秒允许范围 [0.000000, 14.256000] km/h"
2017-11-07 10:08:05,车速限幅,24.4,20.456,"连续1秒允许范围 [0.000000, 20.456000] km/h"
2017-11-07 10:08:12,车速限幅,33.0,26.356,"连续1秒允许范围 [0.000000, 26.356000] km/h"
2017-11-07 10:08:15,新增插值记录,,16.25,相邻速度 14.9 与 17.6 km/h 的线性中点
2017-11-07 10:08:21,新增插值记录,,22.45,相邻速度 21.2 与 23.7 km/h 的线性中点
2017-11-07 10:08:24,新增插值记录,,26.35,相邻速度 24.4 与 28.3 km/h 的线性中点
2017-11-07 10:08:30,新增插值记录,,34.45,相邻速度 33 与 35.9 km/h 的线性中点
2017-11-07 10:09:08,新增插值记录,,31.549999999999997,相邻速度 31.4 与 31.7 km/h 的线性中点
2017-11-07 10:09:23,车速限幅,0.0,7.099999999999998,"连续1秒允许范围 [7.100000, 50.156000] km/h"
2017-11-07 10:09:24,车速限幅,30.3,21.355999999999998,"连续1秒允许范围 [0.000000, 21.356000] km/h"
2017-11-07 10:09:29,车速限幅,21.0,14.256,"连续1秒允许范围 [0.000000, 14.256000] km/h"
2017-11-07 10:09:42,新增插值记录,,0.0,相邻速度 0 与 0 km/h 的线性中点
2017-11-07 10:09:48,新增插值记录,,9.25,相邻速度 0 与 18.5 km/h 的线性中点
2017-11-07 10:09:51,车速限幅,20.9,14.356,"连续1秒允许范围 [0.000000, 14.356000] km/h"
2017-11-07 10:09:56,车速限幅,29.4,14.256,"连续1秒允许范围 [0.000000, 14.256000] km/h"
2017-11-07 10:09:57,车速限幅,29.4,28.512,"连续1秒允许范围 [0.000000, 28.512000] km/h"
2017-11-07 10:10:05,车速限幅,29.8,28.356,"连续1秒允许范围 [0.000000, 28.356000] km/h"
2017-11-07 10:10:22,新增插值记录,,29.450000000000003,相邻速度 29.1 与 29.8 km/h 的线性中点
2017-11-07 10:10:42,车速限幅,21.0,19.756,"连续1秒允许范围 [0.000000, 19.756000] km/h"
2017-11-07 10:10:48,新增插值记录,,14.25,相邻速度 21 与 7.5 km/h 的线性中点
2017-11-07 10:10:50,车速限幅,24.9,21.756,"连续1秒允许范围 [0.000000, 21.756000] km/h"
2017-11-07 10:10:53,车速限幅,27.5,24.356,"连续1秒允许范围 [0.000000, 24.356000] km/h"
2017-11-07 10:10:56,新增插值记录,,32.1,相邻速度 27.5 与 36.7 km/h 的线性中点
2017-11-07 10:11:05,新增插值记录,,34.7,相邻速度 36.7 与 32.7 km/h 的线性中点
2017-11-07 10:11:12,新增插值记录,,29.950000000000003,相邻速度 32.7 与 27.2 km/h 的线性中点
2017-11-07 10:11:27,新增插值记录,,26.45,相邻速度 27.2 与 25.7 km/h 的线性中点
2017-11-07 10:11:59,新增插值记录,,9.35,相邻速度 13.1 与 5.6 km/h 的线性中点
2017-11-07 10:12:01,新增插值记录,,5.65,相邻速度 5.6 与 5.7 km/h 的线性中点
2017-11-07 10:12:09,车速限幅,20.7,19.956,"连续1秒允许范围 [0.000000, 19.956000] km/h"
2017-11-07 10:12:38,新增插值记录,,4.199999999999999,相邻速度 3.8 与 4.6 km/h 的线性中点
2017-11-07 10:12:41,车速限幅,23.5,19.556,"连续1秒允许范围 [0.000000, 19.556000] km/h"
2017-11-07 10:12:47,车速限幅,39.3,28.356,"连续1秒允许范围 [0.000000, 28.356000] km/h"
2017-11-07 10:12:52,新增插值记录,,35.85,相邻速度 19.1 与 52.6 km/h 的线性中点
2017-11-07 10:12:52,车速限幅,35.85,33.356,"连续1秒允许范围 [0.000000, 33.356000] km/h"
2017-11-07 10:12:53,车速限幅,52.6,47.612,"连续1秒允许范围 [4.556000, 47.612000] km/h"
2017-11-07 10:12:54,新增插值记录,,49.400000000000006,相邻速度 52.6 与 46.2 km/h 的线性中点
2017-11-07 10:12:59,车速限幅,48.3,37.856,"连续1秒允许范围 [0.000000, 37.856000] km/h"
2017-11-07 10:13:05,车速限幅,55.3,48.756,"连续1秒允许范围 [5.700000, 48.756000] km/h"
2017-11-07 10:13:06,新增插值记录,,56.2,相邻速度 55.3 与 57.1 km/h 的线性中点
2017-11-07 10:13:10,新增插值记录,,51.55,相邻速度 50.5 与 52.6 km/h 的线性中点
2017-11-07 10:13:12,新增插值记录,,57.900000000000006,相邻速度 52.6 与 63.2 km/h 的线性中点
2017-11-07 10:13:14,新增插值记录,,54.650000000000006,相邻速度 63.2 与 46.1 km/h 的线性中点
2017-11-07 10:13:24,新增插值记录,,55.85,相邻速度 54.6 与 57.1 km/h 的线性中点
2017-11-07 10:13:26,新增插值记录,,52.5,相邻速度 57.1 与 47.9 km/h 的线性中点
2017-11-07 10:13:30,车速限幅,63.1,61.256,"连续1秒允许范围 [18.200000, 61.256000] km/h"
2017-11-07 10:13:32,新增插值记录,,62.35,相邻速度 63.2 与 61.5 km/h 的线性中点
2017-11-07 10:13:42,新增插值记录,,48.3,相邻速度 45.5 与 51.1 km/h 的线性中点
2017-11-07 10:13:46,新增插值记录,,48.5,相邻速度 47.9 与 49.1 km/h 的线性中点
2017-11-07 10:13:48,新增插值记录,,47.400000000000006,相邻速度 49.1 与 45.7 km/h 的线性中点
2017-11-07 10:13:56,新增插值记录,,50.0,相邻速度 52.1 与 47.9 km/h 的线性中点
2017-11-07 10:14:32,车速限幅,38.0,36.256,"连续1秒允许范围 [0.000000, 36.256000] km/h"
2017-11-07 10:14:50,车速限幅,42.3,36.256,"连续1秒允许范围 [0.000000, 36.256000] km/h"
2017-11-07 10:14:52,车速限幅,38.8,35.256,"连续1秒允许范围 [0.000000, 35.256000] km/h"
2017-11-07 10:14:55,新增插值记录,,25.3,相邻速度 18.1 与 32.5 km/h 的线性中点
2017-11-07 10:14:59,新增插值记录,,25.2,相邻速度 19.4 与 31 km/h 的线性中点
2017-11-07 10:15:03,新增插值记录,,39.2,相邻速度 40.2 与 38.2 km/h 的线性中点
2017-11-07 10:15:09,新增插值记录,,28.0,相邻速度 42.3 与 13.7 km/h 的线性中点
2017-11-07 10:15:11,新增插值记录,,23.700000000000003,相邻速度 13.7 与 33.7 km/h 的线性中点
2017-11-07 10:15:15,新增插值记录,,32.0,相邻速度 32.5 与 31.5 km/h 的线性中点
2017-11-07 10:15:19,新增插值记录,,28.1,相邻速度 31 与 25.2 km/h 的线性中点
2017-11-07 10:15:29,新增插值记录,,17.0,相邻速度 13.7 与 20.3 km/h 的线性中点
2017-11-07 10:15:39,新增插值记录,,23.299999999999997,相邻速度 25.2 与 21.4 km/h 的线性中点
2017-11-07 10:15:49,新增插值记录,,20.700000000000003,相邻速度 20.3 与 21.1 km/h 的线性中点
2017-11-07 10:17:02,新增插值记录,,32.3,相邻速度 33.5 与 31.1 km/h 的线性中点
2017-11-07 10:17:08,新增插值记录,,29.5,相邻速度 29.5 与 29.5 km/h 的线性中点
2017-11-07 10:17:10,新增插值记录,,31.15,相邻速度 29.5 与 32.8 km/h 的线性中点
2017-11-07 10:17:32,新增插值记录,,28.9,相邻速度 36.8 与 21 km/h 的线性中点
2017-11-07 10:17:52,新增插值记录,,20.8,相邻速度 21 与 20.6 km/h 的线性中点
2017-11-07 10:18:51,新增插值记录,,5.7,相邻速度 10.9 与 0.5 km/h 的线性中点
2017-11-07 10:20:21,新增插值记录,,13.5,相邻速度 13.3 与 13.7 km/h 的线性中点
2017-11-07 10:20:27,新增插值记录,,16.25,相邻速度 15.2 与 17.3 km/h 的线性中点
2017-11-07 10:20:29,新增插值记录,,17.25,相邻速度 17.3 与 17.2 km/h 的线性中点
2017-11-07 10:20:33,车速限幅,31.8,30.956,"连续1秒允许范围 [0.000000, 30.956000] km/h"
2017-11-07 10:20:35,新增插值记录,,16.9,相邻速度 18 与 15.8 km/h 的线性中点
2017-11-07 10:20:39,新增插值记录,,13.100000000000001,相邻速度 13.3 与 12.9 km/h 的线性中点
2017-11-07 10:20:42,车速限幅,33.5,29.956,"连续1秒允许范围 [0.000000, 29.956000] km/h"
2017-11-07 10:20:45,新增插值记录,,16.25,相邻速度 15.2 与 17.3 km/h 的线性中点
2017-11-07 10:20:47,新增插值记录,,17.25,相邻速度 17.3 与 17.2 km/h 的线性中点
2017-11-07 10:21:34,新增插值记录,,0.0,相邻速度 0 与 0 km/h 的线性中点
2017-11-07 10:21:36,新增插值记录,,0.0,相邻速度 0 与 0 km/h 的线性中点
2017-11-07 10:22:00,新增插值记录,,0.0,相邻速度 0 与 0 km/h 的线性中点
2017-11-07 10:22:28,新增插值记录,,3.35,相邻速度 6.7 与 0 km/h 的线性中点
2017-11-07 10:22:30,新增插值记录,,0.0,相邻速度 0 与 0 km/h 的线性中点
2017-11-07 10:22:32,新增插值记录,,0.0,相邻速度 0 与 0 km/h 的线性中点
2017-11-07 10:23:07,新增插值记录,,7.6,相邻速度 10.1 与 5.1 km/h 的线性中点
2017-11-07 10:23:13,新增插值记录,,20.25,相邻速度 35.5 与 5 km/h 的线性中点
2017-11-07 10:23:15,新增插值记录,,5.05,相邻速度 5 与 5.1 km/h 的线性中点
2017-11-07 10:23:17,新增插值记录,,5.449999999999999,相邻速度 5.1 与 5.8 km/h 的线性中点
2017-11-07 10:23:19,新增插值记录,,17.75,相邻速度 5.8 与 29.7 km/h 的线性中点
2017-11-07 10:23:25,新增插值记录,,14.95,相邻速度 24.8 与 5.1 km/h 的线性中点
2017-11-07 10:23:27,新增插值记录,,18.6,相邻速度 5.1 与 32.1 km/h 的线性中点
2017-11-07 10:23:31,新增插值记录,,20.25,相邻速度 35.5 与 5 km/h 的线性中点
2017-11-07 10:23:33,新增插值记录,,5.05,相邻速度 5 与 5.1 km/h 的线性中点
2017-11-07 10:23:35,新增插值记录,,14.8,相邻速度 5.1 与 24.5 km/h 的线性中点
2017-11-07 10:23:37,新增插值记录,,27.1,相邻速度 24.5 与 29.7 km/h 的线性中点
2017-11-07 10:23:39,新增插值记录,,41.75,相邻速度 29.7 与 53.8 km/h 的线性中点
2017-11-07 10:23:42,车速限幅,62.6,39.656,"连续1秒允许范围 [0.000000, 39.656000] km/h"
2017-11-07 10:23:43,车速限幅,62.6,53.912,"连续1秒允许范围 [10.856000, 53.912000] km/h"
2017-11-07 10:23:46,车速限幅,23.2,33.8,"连续1秒允许范围 [33.800000, 76.856000] km/h"
2017-11-07 10:24:00,车速限幅,62.6,44.556,"连续1秒允许范围 [1.500000, 44.556000] km/h"
2017-11-07 10:25:22,新增插值记录,,29.45,相邻速度 31.5 与 27.4 km/h 的线性中点
2017-11-07 10:25:30,新增插值记录,,44.6,相邻速度 62.7 与 26.5 km/h 的线性中点
2017-11-07 10:25:34,新增插值记录,,37.7,相邻速度 38.4 与 37 km/h 的线性中点
2017-11-07 10:25:40,新增插值记录,,34.45,相邻速度 33 与 35.9 km/h 的线性中点
2017-11-07 10:25:42,新增插值记录,,30.15,相邻速度 35.9 与 24.4 km/h 的线性中点
2017-11-07 10:25:46,新增插值记录,,26.15,相邻速度 28.2 与 24.1 km/h 的线性中点
2017-11-07 10:25:50,新增插值记录,,31.8,相邻速度 34.7 与 28.9 km/h 的线性中点
2017-11-07 10:26:00,新增插值记录,,40.05,相邻速度 35.9 与 44.2 km/h 的线性中点
2017-11-07 10:26:04,新增插值记录,,35.849999999999994,相邻速度 35.9 与 35.8 km/h 的线性中点
2017-11-07 10:26:10,车速限幅,32.6,30.456,"连续1秒允许范围 [0.000000, 30.456000] km/h"
2017-11-07 10:26:28,新增插值记录,,32.4,相邻速度 28 与 36.8 km/h 的线性中点
2017-11-07 10:26:32,车速限幅,36.8,33.956,"连续1秒允许范围 [0.000000, 33.956000] km/h"
2017-11-07 10:26:38,新增插值记录,,30.75,相邻速度 32.2 与 29.3 km/h 的线性中点
2017-11-07 10:26:56,新增插值记录,,21.6,相邻速度 13.9 与 29.3 km/h 的线性中点
2017-11-07 10:27:06,新增插值记录,,20.6,相邻速度 20.8 与 20.4 km/h 的线性中点
2017-11-07 10:27:30,新增插值记录,,18.95,相邻速度 15.1 与 22.8 km/h 的线性中点
2017-11-07 10:27:33,新增插值记录,,17.6,相邻速度 22.8 与 12.4 km/h 的线性中点
2017-11-07 10:27:43,新增插值记录,,8.45,相邻速度 8.1 与 8.8 km/h 的线性中点
2017-11-07 10:27:45,新增插值记录,,8.4,相邻速度 8.8 与 8 km/h 的线性中点
2017-11-07 10:27:47,新增插值记录,,7.3,相邻速度 8 与 6.6 km/h 的线性中点
2017-11-07 10:27:49,车速限幅,22.8,20.856,"连续1秒允许范围 [0.000000, 20.856000] km/h"
2017-11-07 10:27:50,新增插值记录,,14.75,相邻速度 22.8 与 6.7 km/h 的线性中点
2017-11-07 11:04:45,新增插值记录,,20.6,相邻速度 18.7 与 22.5 km/h 的线性中点
2017-11-07 11:04:55,新增插值记录,,24.0,相邻速度 24.9 与 23.1 km/h 的线性中点
2017-11-07 11:08:28,删除长低速记录,0.0,0.0,连续低于10 km/h的记录超过180条
2017-11-07 11:08:29,删除长低速记录,0.0,0.0,连续低于10 km/h的记录超过180条
2017-11-07 11:08:30,删除长低速记录,0.0,0.0,连续低于10 km/h的记录超过180条
2017-11-07 11:08:31,删除长低速记录,0.0,0.0,连续低于10 km/h的记录超过180条
2017-11-07 11:08:32,删除长低速记录,0.0,0.0,连续低于10 km/h的记录超过180条
2017-11-07 11:08:33,删除长低速记录,0.0,0.0,连续低于10 km/h的记录超过180条
2017-11-07 11:08:34,删除长低速记录,0.0,0.0,连续低于10 km/h的记录超过180条
2017-11-07 11:08:35,删除长低速记录,0.0,0.0,连续低于10 km/h的记录超过180条
2017-11-07 11:08:36,删除长低速记录,0.0,0.0,连续低于10 km/h的记录超过180条
2017-11-07 11:08:37,删除长低速记录,0.0,0.0,连续低于10 km/h的记录超过180条
2017-11-07 11:08:38,删除长低速记录,0.0,0.0,连续低于10 km/h的记录超过180条
2017-11-07 11:08:39,删除长低速记录,0.0,0.0,连续低于10 km/h的记录超过180条
2017-11-07 11:08:40,删除长低速记录,0.0,0.0,连续低于10 km/h的记录超过180条
2017-11-07 11:08:41,删除长低速记录,0.0,0.0,连续低于10 km/h的记录超过180条
2017-11-07 11:08:42,删除长低速记录,0.0,0.0,连续低于10 km/h的记录超过180条
2017-11-07 11:08:43,删除长低速记录,0.0,0.0,连续低于10 km/h的记录超过180条
2017-11-07 11:08:44,删除长低速记录,0.0,0.0,连续低于10 km/h的记录超过180条
2017-11-07 11:08:45,删除长低速记录,0.0,0.0,连续低于10 km/h的记录超过180条
2017-11-07 11:08:46,删除长低速记录,0.0,0.0,连续低于10 km/h的记录超过180条
2017-11-07 11:08:47,删除长低速记录,0.0,0.0,连续低于10 km/h的记录超过180条
2017-11-07 11:08:48,删除长低速记录,0.0,0.0,连续低于10 km/h的记录超过180条
2017-11-07 11:08:49,删除长低速记录,0.0,0.0,连续低于10 km/h的记录超过180条
2017-11-07 11:08:50,删除长低速记录,0.0,0.0,连续低于10 km/h的记录超过180条
2017-11-07 11:08:51,删除长低速记录,0.0,0.0,连续低于10 km/h的记录超过180条
2017-11-07 11:08:52,删除长低速记录,0.0,0.0,连续低于10 km/h的记录超过180条
2017-11-07 11:08:53,删除长低速记录,0.0,0.0,连续低于10 km/h的记录超过180条
2017-11-07 11:08:54,删除长低速记录,0.0,0.0,连续低于10 km/h的记录超过180条
2017-11-07 11:08:55,删除长低速记录,0.0,0.0,连续低于10 km/h的记录超过180条
2017-11-07 11:08:56,删除长低速记录,0.0,0.0,连续低于10 km/h的记录超过180条
2017-11-07 11:08:57,删除长低速记录,0.0,0.0,连续低于10 km/h的记录超过180条
2017-11-07 11:08:58,删除长低速记录,0.0,0.0,连续低于10 km/h的记录超过180条
2017-11-07 11:08:59,删除长低速记录,0.0,0.0,连续低于10 km/h的记录超过180条
2017-11-07 11:09:00,删除长低速记录,0.0,0.0,连续低于10 km/h的记录超过180条
2017-11-07 11:09:01,删除长低速记录,0.0,0.0,连续低于10 km/h的记录超过180条
2017-11-07 11:09:02,删除长低速记录,0.0,0.0,连续低于10 km/h的记录超过180条
2017-11-07 11:09:03,删除长低速记录,0.0,0.0,连续低于10 km/h的记录超过180条
2017-11-07 11:09:04,删除长低速记录,0.0,0.0,连续低于10 km/h的记录超过180条
2017-11-07 11:09:05,删除长低速记录,0.0,0.0,连续低于10 km/h的记录超过180条
2017-11-07 11:09:06,删除长低速记录,0.0,0.0,连续低于10 km/h的记录超过180条
2017-11-07 11:09:07,删除长低速记录,0.0,0.0,连续低于10 km/h的记录超过180条
2017-11-07 11:09:08,删除长低速记录,0.0,0.0,连续低于10 km/h的记录超过180条
2017-11-07 11:09:09,删除长低速记录,0.0,0.0,连续低于10 km/h的记录超过180条
2017-11-07 11:09:10,删除长低速记录,0.0,0.0,连续低于10 km/h的记录超过180条
2017-11-07 11:09:11,删除长低速记录,0.0,0.0,连续低于10 km/h的记录超过180条
2017-11-07 11:09:12,删除长低速记录,0.0,0.0,连续低于10 km/h的记录超过180条
2017-11-07 11:09:13,删除长低速记录,0.0,0.0,连续低于10 km/h的记录超过180条
2017-11-07 11:09:14,删除长低速记录,0.0,0.0,连续低于10 km/h的记录超过180条
2017-11-07 11:09:15,删除长低速记录,0.0,0.0,连续低于10 km/h的记录超过180条
2017-11-07 11:09:16,删除长低速记录,0.0,0.0,连续低于10 km/h的记录超过180条
2017-11-07 11:09:17,删除长低速记录,0.0,0.0,连续低于10 km/h的记录超过180条
2017-11-07 11:09:18,删除长低速记录,0.0,0.0,连续低于10 km/h的记录超过180条
2017-11-07 11:09:19,删除长低速记录,0.0,0.0,连续低于10 km/h的记录超过180条
2017-11-07 11:09:20,删除长低速记录,0.0,0.0,连续低于10 km/h的记录超过180条
2017-11-07 11:09:21,删除长低速记录,0.0,0.0,连续低于10 km/h的记录超过180条
2017-11-07 11:09:22,删除长低速记录,0.0,0.0,连续低于10 km/h的记录超过180条
2017-11-07 11:09:23,删除长低速记录,0.0,0.0,连续低于10 km/h的记录超过180条
2017-11-07 11:09:24,删除长低速记录,0.0,0.0,连续低于10 km/h的记录超过180条
2017-11-07 11:09:25,删除长低速记录,0.0,0.0,连续低于10 km/h的记录超过180条
2017-11-07 11:09:26,删除长低速记录,0.0,0.0,连续低于10 km/h的记录超过180条
2017-11-07 11:09:27,删除长低速记录,0.0,0.0,连续低于10 km/h的记录超过180条
2017-11-07 11:09:28,删除长低速记录,0.0,0.0,连续低于10 km/h的记录超过180条
2017-11-07 11:09:29,删除长低速记录,0.0,0.0,连续低于10 km/h的记录超过180条
2017-11-07 11:09:30,删除长低速记录,0.0,0.0,连续低于10 km/h的记录超过180条
2017-11-07 11:09:31,删除长低速记录,0.0,0.0,连续低于10 km/h的记录超过180条
2017-11-07 11:09:32,删除长低速记录,0.0,0.0,连续低于10 km/h的记录超过180条
2017-11-07 11:09:33,删除长低速记录,0.0,0.0,连续低于10 km/h的记录超过180条
2017-11-07 11:09:34,删除长低速记录,0.0,0.0,连续低于10 km/h的记录超过180条
2017-11-07 11:09:35,删除长低速记录,0.0,0.0,连续低于10 km/h的记录超过180条
2017-11-07 11:09:36,删除长低速记录,0.0,0.0,连续低于10 km/h的记录超过180条
2017-11-07 11:09:37,删除长低速记录,0.0,0.0,连续低于10 km/h的记录超过180条
2017-11-07 11:09:38,删除长低速记录,0.0,0.0,连续低于10 km/h的记录超过180条
2017-11-07 11:09:39,删除长低速记录,0.0,0.0,连续低于10 km/h的记录超过180条
2017-11-07 11:09:40,删除长低速记录,0.0,0.0,连续低于10 km/h的记录超过180条
2017-11-07 11:09:41,删除长低速记录,0.0,0.0,连续低于10 km/h的记录超过180条
2017-11-07 11:09:42,删除长低速记录,0.0,0.0,连续低于10 km/h的记录超过180条
2017-11-07 11:09:43,删除长低速记录,0.0,0.0,连续低于10 km/h的记录超过180条
2017-11-07 11:09:44,删除长低速记录,0.0,0.0,连续低于10 km/h的记录超过180条
2017-11-07 11:09:45,删除长低速记录,0.0,0.0,连续低于10 km/h的记录超过180条
2017-11-07 11:09:46,删除长低速记录,0.0,0.0,连续低于10 km/h的记录超过180条
2017-11-07 11:09:47,删除长低速记录,0.0,0.0,连续低于10 km/h的记录超过180条
2017-11-07 11:09:48,删除长低速记录,0.0,0.0,连续低于10 km/h的记录超过180条
2017-11-07 11:09:49,删除长低速记录,0.0,0.0,连续低于10 km/h的记录超过180条
2017-11-07 11:09:50,删除长低速记录,0.0,0.0,连续低于10 km/h的记录超过180条
2017-11-07 11:09:51,删除长低速记录,0.0,0.0,连续低于10 km/h的记录超过180条
2017-11-07 11:09:52,删除长低速记录,0.0,0.0,连续低于10 km/h的记录超过180条
2017-11-07 11:09:53,删除长低速记录,0.0,0.0,连续低于10 km/h的记录超过180条
2017-11-07 11:09:54,删除长低速记录,0.0,0.0,连续低于10 km/h的记录超过180条
2017-11-07 11:09:55,删除长低速记录,0.0,0.0,连续低于10 km/h的记录超过180条
2017-11-07 11:09:56,删除长低速记录,0.0,0.0,连续低于10 km/h的记录超过180条
2017-11-07 11:09:57,删除长低速记录,0.0,0.0,连续低于10 km/h的记录超过180条
2017-11-07 11:09:58,删除长低速记录,0.0,0.0,连续低于10 km/h的记录超过180条
2017-11-07 11:09:59,删除长低速记录,0.0,0.0,连续低于10 km/h的记录超过180条
2017-11-07 11:10:00,删除长低速记录,0.0,0.0,连续低于10 km/h的记录超过180条
2017-11-07 11:10:01,删除长低速记录,0.0,0.0,连续低于10 km/h的记录超过180条
2017-11-07 11:10:02,删除长低速记录,0.0,0.0,连续低于10 km/h的记录超过180条
2017-11-07 11:10:03,删除长低速记录,0.0,0.0,连续低于10 km/h的记录超过180条
2017-11-07 11:10:04,删除长低速记录,0.0,0.0,连续低于10 km/h的记录超过180条
2017-11-07 11:10:05,删除长低速记录,0.0,0.0,连续低于10 km/h的记录超过180条
2017-11-07 11:10:06,删除长低速记录,0.0,0.0,连续低于10 km/h的记录超过180条
2017-11-07 11:10:07,删除长低速记录,0.0,0.0,连续低于10 km/h的记录超过180条
2017-11-07 11:10:08,删除长低速记录,0.0,0.0,连续低于10 km/h的记录超过180条
2017-11-07 11:10:09,删除长低速记录,0.0,0.0,连续低于10 km/h的记录超过180条
2017-11-07 11:10:10,删除长低速记录,0.0,0.0,连续低于10 km/h的记录超过180条
2017-11-07 11:10:11,删除长低速记录,0.0,0.0,连续低于10 km/h的记录超过180条
2017-11-07 11:10:12,删除长低速记录,0.0,0.0,连续低于10 km/h的记录超过180条
2017-11-07 11:10:13,删除长低速记录,0.0,0.0,连续低于10 km/h的记录超过180条
2017-11-07 11:10:14,删除长低速记录,0.0,0.0,连续低于10 km/h的记录超过180条
2017-11-07 11:10:15,删除长低速记录,0.0,0.0,连续低于10 km/h的记录超过180条
2017-11-07 11:10:16,删除长低速记录,0.0,0.0,连续低于10 km/h的记录超过180条
2017-11-07 11:10:17,删除长低速记录,0.0,0.0,连续低于10 km/h的记录超过180条
2017-11-07 11:10:18,删除长低速记录,0.0,0.0,连续低于10 km/h的记录超过180条
2017-11-07 11:10:19,删除长低速记录,2.5,2.5,连续低于10 km/h的记录超过180条
2017-11-07 11:10:20,删除长低速记录,4.1,4.1,连续低于10 km/h的记录超过180条
2017-11-07 11:10:21,删除长低速记录,5.4,5.4,连续低于10 km/h的记录超过180条
2017-11-07 11:25:10,新增插值记录,,31.95,相邻速度 31.1 与 32.8 km/h 的线性中点
2017-11-07 11:36:53,车速限幅,14.6,14.556000000000001,"连续1秒允许范围 [0.000000, 14.556000] km/h"
2017-11-07 11:43:57,新增插值记录,,4.25,相邻速度 3.9 与 4.6 km/h 的线性中点
2017-11-07 11:44:52,删除长低速记录,7.9,7.9,连续低于10 km/h的记录超过180条
2017-11-07 11:44:53,删除长低速记录,8.7,8.7,连续低于10 km/h的记录超过180条
2017-11-07 11:49:31,车速限幅,15.3,14.856,"连续1秒允许范围 [0.000000, 14.856000] km/h"
2017-11-07 12:09:58,删除长低速记录,0.0,0.0,连续低于10 km/h的记录超过180条
2017-11-07 12:09:59,删除长低速记录,0.0,0.0,连续低于10 km/h的记录超过180条
2017-11-07 12:10:00,删除长低速记录,0.0,0.0,连续低于10 km/h的记录超过180条
2017-11-07 12:10:01,删除长低速记录,0.0,0.0,连续低于10 km/h的记录超过180条
2017-11-07 12:10:02,删除长低速记录,0.0,0.0,连续低于10 km/h的记录超过180条
2017-11-07 12:10:03,删除长低速记录,0.0,0.0,连续低于10 km/h的记录超过180条
2017-11-07 12:10:04,删除长低速记录,0.0,0.0,连续低于10 km/h的记录超过180条
2017-11-07 12:10:05,删除长低速记录,0.0,0.0,连续低于10 km/h的记录超过180条
2017-11-07 12:10:06,删除长低速记录,0.0,0.0,连续低于10 km/h的记录超过180条
2017-11-07 12:10:07,删除长低速记录,1.8,1.8,连续低于10 km/h的记录超过180条
2017-11-07 12:10:08,删除长低速记录,2.9,2.9,连续低于10 km/h的记录超过180条
2017-11-07 12:10:09,删除长低速记录,3.6,3.6,连续低于10 km/h的记录超过180条
2017-11-07 12:10:10,删除长低速记录,5.0,5.0,连续低于10 km/h的记录超过180条
2017-11-07 12:10:11,删除长低速记录,5.7,5.7,连续低于10 km/h的记录超过180条
2017-11-07 12:10:12,删除长低速记录,6.3,6.3,连续低于10 km/h的记录超过180条
2017-11-07 12:10:13,删除长低速记录,6.6,6.6,连续低于10 km/h的记录超过180条
2017-11-07 12:10:14,删除长低速记录,6.7,6.7,连续低于10 km/h的记录超过180条
2017-11-07 12:10:15,删除长低速记录,6.8,6.8,连续低于10 km/h的记录超过180条
2017-11-07 12:10:16,删除长低速记录,6.7,6.7,连续低于10 km/h的记录超过180条
2017-11-07 12:10:17,删除长低速记录,6.8,6.8,连续低于10 km/h的记录超过180条
2017-11-07 12:10:18,删除长低速记录,6.7,6.7,连续低于10 km/h的记录超过180条
2017-11-07 12:10:19,删除长低速记录,6.7,6.7,连续低于10 km/h的记录超过180条
2017-11-07 12:10:20,删除长低速记录,6.3,6.3,连续低于10 km/h的记录超过180条
2017-11-07 12:10:21,删除长低速记录,6.3,6.3,连续低于10 km/h的记录超过180条
2017-11-07 12:10:22,删除长低速记录,5.9,5.9,连续低于10 km/h的记录超过180条
2017-11-07 12:10:23,删除长低速记录,5.1,5.1,连续低于10 km/h的记录超过180条
2017-11-07 12:10:24,删除长低速记录,4.1,4.1,连续低于10 km/h的记录超过180条
2017-11-07 12:10:25,删除长低速记录,2.9,2.9,连续低于10 km/h的记录超过180条
2017-11-07 12:10:26,删除长低速记录,2.3,2.3,连续低于10 km/h的记录超过180条
2017-11-07 12:10:27,删除长低速记录,0.0,0.0,连续低于10 km/h的记录超过180条
2017-11-07 12:10:28,删除长低速记录,0.0,0.0,连续低于10 km/h的记录超过180条
2017-11-07 12:10:29,删除长低速记录,0.0,0.0,连续低于10 km/h的记录超过180条
2017-11-07 12:10:30,删除长低速记录,0.0,0.0,连续低于10 km/h的记录超过180条
2017-11-07 12:10:31,删除长低速记录,0.0,0.0,连续低于10 km/h的记录超过180条
2017-11-07 12:10:32,删除长低速记录,0.0,0.0,连续低于10 km/h的记录超过180条
2017-11-07 12:10:33,删除长低速记录,0.0,0.0,连续低于10 km/h的记录超过180条
2017-11-07 12:10:34,删除长低速记录,0.0,0.0,连续低于10 km/h的记录超过180条
2017-11-07 12:10:35,删除长低速记录,0.0,0.0,连续低于10 km/h的记录超过180条
2017-11-07 12:10:36,删除长低速记录,0.0,0.0,连续低于10 km/h的记录超过180条
2017-11-07 12:10:37,删除长低速记录,0.0,0.0,连续低于10 km/h的记录超过180条
2017-11-07 12:10:38,删除长低速记录,2.0,2.0,连续低于10 km/h的记录超过180条
2017-11-07 12:10:39,删除长低速记录,2.5,2.5,连续低于10 km/h的记录超过180条
2017-11-07 12:10:40,删除长低速记录,4.5,4.5,连续低于10 km/h的记录超过180条
2017-11-07 12:10:41,删除长低速记录,9.1,9.1,连续低于10 km/h的记录超过180条
2017-11-07 12:11:36,新增插值记录,,2.25,相邻速度 0 与 4.5 km/h 的线性中点
2017-11-07 12:17:08,车速限幅,15.7,14.256,"连续1秒允许范围 [0.000000, 14.256000] km/h"
2017-11-07 12:18:00,新增插值记录,,44.9,相邻速度 46.3 与 43.5 km/h 的线性中点
2017-11-07 12:31:56,新增插值记录,,36.55,相邻速度 37.1 与 36 km/h 的线性中点
2017-11-07 12:35:46,删除长低速记录,0.0,0.0,连续低于10 km/h的记录超过180条
2017-11-07 12:35:47,删除长低速记录,0.0,0.0,连续低于10 km/h的记录超过180条
2017-11-07 12:35:48,删除长低速记录,0.0,0.0,连续低于10 km/h的记录超过180条
2017-11-07 12:35:49,删除长低速记录,0.0,0.0,连续低于10 km/h的记录超过180条
2017-11-07 12:35:50,删除长低速记录,0.0,0.0,连续低于10 km/h的记录超过180条
2017-11-07 12:35:51,删除长低速记录,0.0,0.0,连续低于10 km/h的记录超过180条
2017-11-07 12:35:52,删除长低速记录,0.0,0.0,连续低于10 km/h的记录超过180条
2017-11-07 12:35:53,删除长低速记录,0.0,0.0,连续低于10 km/h的记录超过180条
2017-11-07 12:35:54,删除长低速记录,0.0,0.0,连续低于10 km/h的记录超过180条
2017-11-07 12:35:55,删除长低速记录,0.0,0.0,连续低于10 km/h的记录超过180条
2017-11-07 12:35:56,删除长低速记录,0.0,0.0,连续低于10 km/h的记录超过180条
2017-11-07 12:35:57,删除长低速记录,0.0,0.0,连续低于10 km/h的记录超过180条
2017-11-07 12:35:58,删除长低速记录,0.0,0.0,连续低于10 km/h的记录超过180条
2017-11-07 12:35:59,删除长低速记录,0.0,0.0,连续低于10 km/h的记录超过180条
2017-11-07 12:36:00,删除长低速记录,0.0,0.0,连续低于10 km/h的记录超过180条
2017-11-07 12:36:01,删除长低速记录,0.0,0.0,连续低于10 km/h的记录超过180条
2017-11-07 12:36:02,删除长低速记录,0.0,0.0,连续低于10 km/h的记录超过180条
2017-11-07 12:36:03,删除长低速记录,0.0,0.0,连续低于10 km/h的记录超过180条
2017-11-07 12:36:04,删除长低速记录,0.0,0.0,连续低于10 km/h的记录超过180条
2017-11-07 12:36:05,删除长低速记录,0.0,0.0,连续低于10 km/h的记录超过180条
2017-11-07 12:36:06,删除长低速记录,0.0,0.0,连续低于10 km/h的记录超过180条
2017-11-07 12:36:07,删除长低速记录,0.0,0.0,连续低于10 km/h的记录超过180条
2017-11-07 12:36:08,删除长低速记录,0.0,0.0,连续低于10 km/h的记录超过180条
2017-11-07 12:36:09,删除长低速记录,0.0,0.0,连续低于10 km/h的记录超过180条
2017-11-07 12:36:10,删除长低速记录,0.0,0.0,连续低于10 km/h的记录超过180条
2017-11-07 12:36:11,删除长低速记录,0.0,0.0,连续低于10 km/h的记录超过180条
2017-11-07 12:36:12,删除长低速记录,0.0,0.0,连续低于10 km/h的记录超过180条
2017-11-07 12:36:13,删除长低速记录,0.0,0.0,连续低于10 km/h的记录超过180条
2017-11-07 12:36:14,删除长低速记录,0.0,0.0,连续低于10 km/h的记录超过180条
2017-11-07 12:36:15,删除长低速记录,0.0,0.0,连续低于10 km/h的记录超过180条
2017-11-07 12:36:16,删除长低速记录,0.0,0.0,连续低于10 km/h的记录超过180条
2017-11-07 12:36:17,删除长低速记录,1.7,1.7,连续低于10 km/h的记录超过180条
2017-11-07 12:36:18,删除长低速记录,0.0,0.0,连续低于10 km/h的记录超过180条
2017-11-07 12:36:19,删除长低速记录,0.0,0.0,连续低于10 km/h的记录超过180条
2017-11-07 12:36:20,删除长低速记录,0.0,0.0,连续低于10 km/h的记录超过180条
2017-11-07 12:36:21,删除长低速记录,1.9,1.9,连续低于10 km/h的记录超过180条
2017-11-07 12:36:22,删除长低速记录,1.9,1.9,连续低于10 km/h的记录超过180条
2017-11-07 12:36:23,删除长低速记录,2.0,2.0,连续低于10 km/h的记录超过180条
2017-11-07 12:36:24,删除长低速记录,0.0,0.0,连续低于10 km/h的记录超过180条
2017-11-07 12:36:25,删除长低速记录,0.0,0.0,连续低于10 km/h的记录超过180条
2017-11-07 12:36:26,删除长低速记录,0.0,0.0,连续低于10 km/h的记录超过180条
2017-11-07 12:36:27,删除长低速记录,0.0,0.0,连续低于10 km/h的记录超过180条
2017-11-07 12:36:28,删除长低速记录,0.0,0.0,连续低于10 km/h的记录超过180条
2017-11-07 12:36:29,删除长低速记录,0.0,0.0,连续低于10 km/h的记录超过180条
2017-11-07 12:36:30,删除长低速记录,0.0,0.0,连续低于10 km/h的记录超过180条
2017-11-07 12:36:31,删除长低速记录,0.0,0.0,连续低于10 km/h的记录超过180条
2017-11-07 12:36:32,删除长低速记录,0.0,0.0,连续低于10 km/h的记录超过180条
2017-11-07 12:36:33,删除长低速记录,0.0,0.0,连续低于10 km/h的记录超过180条
2017-11-07 12:36:34,删除长低速记录,0.0,0.0,连续低于10 km/h的记录超过180条
2017-11-07 12:36:35,删除长低速记录,0.0,0.0,连续低于10 km/h的记录超过180条
2017-11-07 12:36:36,删除长低速记录,0.0,0.0,连续低于10 km/h的记录超过180条
2017-11-07 12:36:37,删除长低速记录,0.0,0.0,连续低于10 km/h的记录超过180条
2017-11-07 12:36:38,删除长低速记录,0.0,0.0,连续低于10 km/h的记录超过180条
2017-11-07 12:36:39,删除长低速记录,0.0,0.0,连续低于10 km/h的记录超过180条
2017-11-07 12:36:40,删除长低速记录,0.0,0.0,连续低于10 km/h的记录超过180条
2017-11-07 12:36:41,删除长低速记录,0.0,0.0,连续低于10 km/h的记录超过180条
2017-11-07 12:36:42,删除长低速记录,0.0,0.0,连续低于10 km/h的记录超过180条
2017-11-07 12:36:43,删除长低速记录,0.0,0.0,连续低于10 km/h的记录超过180条
2017-11-07 12:36:44,删除长低速记录,0.0,0.0,连续低于10 km/h的记录超过180条
2017-11-07 12:36:45,删除长低速记录,0.0,0.0,连续低于10 km/h的记录超过180条
2017-11-07 12:36:46,删除长低速记录,0.0,0.0,连续低于10 km/h的记录超过180条
2017-11-07 12:36:47,删除长低速记录,0.0,0.0,连续低于10 km/h的记录超过180条
2017-11-07 12:36:48,删除长低速记录,0.0,0.0,连续低于10 km/h的记录超过180条
2017-11-07 12:36:49,删除长低速记录,0.0,0.0,连续低于10 km/h的记录超过180条
2017-11-07 12:36:50,删除长低速记录,0.0,0.0,连续低于10 km/h的记录超过180条
2017-11-07 12:36:51,删除长低速记录,0.0,0.0,连续低于10 km/h的记录超过180条
2017-11-07 12:36:52,删除长低速记录,0.0,0.0,连续低于10 km/h的记录超过180条
2017-11-07 12:36:53,删除长低速记录,0.0,0.0,连续低于10 km/h的记录超过180条
2017-11-07 12:36:54,删除长低速记录,0.0,0.0,连续低于10 km/h的记录超过180条
2017-11-07 12:36:55,删除长低速记录,0.0,0.0,连续低于10 km/h的记录超过180条
2017-11-07 12:36:56,删除长低速记录,0.0,0.0,连续低于10 km/h的记录超过180条
2017-11-07 12:36:57,删除长低速记录,0.0,0.0,连续低于10 km/h的记录超过180条
2017-11-07 12:36:58,删除长低速记录,0.0,0.0,连续低于10 km/h的记录超过180条
2017-11-07 12:36:59,删除长低速记录,0.0,0.0,连续低于10 km/h的记录超过180条
2017-11-07 12:37:00,删除长低速记录,0.0,0.0,连续低于10 km/h的记录超过180条
2017-11-07 12:37:01,删除长低速记录,0.0,0.0,连续低于10 km/h的记录超过180条
2017-11-07 12:37:02,删除长低速记录,0.0,0.0,连续低于10 km/h的记录超过180条
2017-11-07 12:37:03,删除长低速记录,0.0,0.0,连续低于10 km/h的记录超过180条
2017-11-07 12:37:04,删除长低速记录,0.0,0.0,连续低于10 km/h的记录超过180条
2017-11-07 12:37:05,删除长低速记录,0.0,0.0,连续低于10 km/h的记录超过180条
2017-11-07 12:37:06,删除长低速记录,0.0,0.0,连续低于10 km/h的记录超过180条
2017-11-07 12:37:07,删除长低速记录,0.0,0.0,连续低于10 km/h的记录超过180条
2017-11-07 12:37:08,删除长低速记录,1.5,1.5,连续低于10 km/h的记录超过180条
2017-11-07 12:37:09,删除长低速记录,1.8,1.8,连续低于10 km/h的记录超过180条
2017-11-07 12:37:10,删除长低速记录,1.8,1.8,连续低于10 km/h的记录超过180条
2017-11-07 12:37:11,删除长低速记录,1.9,1.9,连续低于10 km/h的记录超过180条
2017-11-07 12:37:12,删除长低速记录,1.9,1.9,连续低于10 km/h的记录超过180条
2017-11-07 12:37:13,删除长低速记录,1.9,1.9,连续低于10 km/h的记录超过180条
2017-11-07 12:37:14,删除长低速记录,1.6,1.6,连续低于10 km/h的记录超过180条
2017-11-07 12:37:15,删除长低速记录,1.5,1.5,连续低于10 km/h的记录超过180条
2017-11-07 12:37:16,删除长低速记录,1.5,1.5,连续低于10 km/h的记录超过180条
2017-11-07 12:37:17,删除长低速记录,0.0,0.0,连续低于10 km/h的记录超过180条
2017-11-07 12:37:18,删除长低速记录,0.0,0.0,连续低于10 km/h的记录超过180条
2017-11-07 12:37:19,删除长低速记录,0.0,0.0,连续低于10 km/h的记录超过180条
2017-11-07 12:37:20,删除长低速记录,0.0,0.0,连续低于10 km/h的记录超过180条
2017-11-07 12:37:21,删除长低速记录,0.0,0.0,连续低于10 km/h的记录超过180条
2017-11-07 12:37:22,删除长低速记录,0.0,0.0,连续低于10 km/h的记录超过180条
2017-11-07 12:37:23,删除长低速记录,0.0,0.0,连续低于10 km/h的记录超过180条
2017-11-07 12:37:24,删除长低速记录,0.0,0.0,连续低于10 km/h的记录超过180条
2017-11-07 12:37:25,删除长低速记录,0.0,0.0,连续低于10 km/h的记录超过180条
2017-11-07 12:37:26,删除长低速记录,0.0,0.0,连续低于10 km/h的记录超过180条
2017-11-07 12:37:27,删除长低速记录,0.0,0.0,连续低于10 km/h的记录超过180条
2017-11-07 12:37:28,删除长低速记录,0.0,0.0,连续低于10 km/h的记录超过180条
2017-11-07 12:37:29,删除长低速记录,0.0,0.0,连续低于10 km/h的记录超过180条
2017-11-07 12:37:30,删除长低速记录,0.0,0.0,连续低于10 km/h的记录超过180条
2017-11-07 12:37:31,删除长低速记录,1.7,1.7,连续低于10 km/h的记录超过180条
2017-11-07 12:37:32,删除长低速记录,1.7,1.7,连续低于10 km/h的记录超过180条
2017-11-07 12:37:33,删除长低速记录,1.7,1.7,连续低于10 km/h的记录超过180条
2017-11-07 12:37:34,删除长低速记录,1.7,1.7,连续低于10 km/h的记录超过180条
2017-11-07 12:37:35,删除长低速记录,1.6,1.6,连续低于10 km/h的记录超过180条
2017-11-07 12:37:36,删除长低速记录,0.0,0.0,连续低于10 km/h的记录超过180条
2017-11-07 12:37:37,删除长低速记录,0.0,0.0,连续低于10 km/h的记录超过180条
2017-11-07 12:37:38,删除长低速记录,0.0,0.0,连续低于10 km/h的记录超过180条
2017-11-07 12:37:39,删除长低速记录,0.0,0.0,连续低于10 km/h的记录超过180条
2017-11-07 12:37:40,删除长低速记录,0.0,0.0,连续低于10 km/h的记录超过180条
2017-11-07 12:37:41,删除长低速记录,0.0,0.0,连续低于10 km/h的记录超过180条
2017-11-07 12:37:42,删除长低速记录,0.0,0.0,连续低于10 km/h的记录超过180条
2017-11-07 12:37:43,删除长低速记录,0.0,0.0,连续低于10 km/h的记录超过180条
2017-11-07 12:37:44,删除长低速记录,0.0,0.0,连续低于10 km/h的记录超过180条
2017-11-07 12:37:45,删除长低速记录,0.0,0.0,连续低于10 km/h的记录超过180条
2017-11-07 12:37:46,删除长低速记录,0.0,0.0,连续低于10 km/h的记录超过180条
2017-11-07 12:37:47,删除长低速记录,0.0,0.0,连续低于10 km/h的记录超过180条
2017-11-07 12:37:48,删除长低速记录,0.0,0.0,连续低于10 km/h的记录超过180条
2017-11-07 12:37:49,删除长低速记录,0.0,0.0,连续低于10 km/h的记录超过180条
2017-11-07 12:37:50,删除长低速记录,0.0,0.0,连续低于10 km/h的记录超过180条
2017-11-07 12:37:51,删除长低速记录,0.0,0.0,连续低于10 km/h的记录超过180条
2017-11-07 12:37:52,删除长低速记录,0.0,0.0,连续低于10 km/h的记录超过180条
2017-11-07 12:37:53,删除长低速记录,0.0,0.0,连续低于10 km/h的记录超过180条
2017-11-07 12:37:54,删除长低速记录,0.0,0.0,连续低于10 km/h的记录超过180条
2017-11-07 12:37:55,删除长低速记录,0.0,0.0,连续低于10 km/h的记录超过180条
2017-11-07 12:37:56,删除长低速记录,0.0,0.0,连续低于10 km/h的记录超过180条
2017-11-07 12:37:57,删除长低速记录,0.0,0.0,连续低于10 km/h的记录超过180条
2017-11-07 12:37:58,删除长低速记录,0.0,0.0,连续低于10 km/h的记录超过180条
2017-11-07 12:37:59,删除长低速记录,0.0,0.0,连续低于10 km/h的记录超过180条
2017-11-07 12:38:00,删除长低速记录,0.0,0.0,连续低于10 km/h的记录超过180条
2017-11-07 12:38:01,删除长低速记录,0.0,0.0,连续低于10 km/h的记录超过180条
2017-11-07 12:38:02,删除长低速记录,0.0,0.0,连续低于10 km/h的记录超过180条
2017-11-07 12:38:03,删除长低速记录,0.0,0.0,连续低于10 km/h的记录超过180条
2017-11-07 12:38:04,删除长低速记录,0.0,0.0,连续低于10 km/h的记录超过180条
2017-11-07 12:38:05,删除长低速记录,0.0,0.0,连续低于10 km/h的记录超过180条
2017-11-07 12:38:06,删除长低速记录,0.0,0.0,连续低于10 km/h的记录超过180条
2017-11-07 12:38:07,删除长低速记录,0.0,0.0,连续低于10 km/h的记录超过180条
2017-11-07 12:38:08,删除长低速记录,0.0,0.0,连续低于10 km/h的记录超过180条
2017-11-07 12:38:09,删除长低速记录,0.0,0.0,连续低于10 km/h的记录超过180条
2017-11-07 12:38:10,删除长低速记录,0.0,0.0,连续低于10 km/h的记录超过180条
2017-11-07 12:38:11,删除长低速记录,0.0,0.0,连续低于10 km/h的记录超过180条
2017-11-07 12:38:12,删除长低速记录,0.0,0.0,连续低于10 km/h的记录超过180条
2017-11-07 12:38:13,删除长低速记录,0.0,0.0,连续低于10 km/h的记录超过180条
2017-11-07 12:38:14,删除长低速记录,0.0,0.0,连续低于10 km/h的记录超过180条
2017-11-07 12:38:15,删除长低速记录,0.0,0.0,连续低于10 km/h的记录超过180条
2017-11-07 12:38:16,删除长低速记录,0.0,0.0,连续低于10 km/h的记录超过180条
2017-11-07 12:38:17,删除长低速记录,0.0,0.0,连续低于10 km/h的记录超过180条
2017-11-07 12:38:18,删除长低速记录,0.0,0.0,连续低于10 km/h的记录超过180条
2017-11-07 12:38:19,删除长低速记录,0.0,0.0,连续低于10 km/h的记录超过180条
2017-11-07 12:38:20,删除长低速记录,0.0,0.0,连续低于10 km/h的记录超过180条
2017-11-07 12:38:21,删除长低速记录,0.0,0.0,连续低于10 km/h的记录超过180条
2017-11-07 12:38:22,删除长低速记录,0.0,0.0,连续低于10 km/h的记录超过180条
2017-11-07 12:38:23,删除长低速记录,0.0,0.0,连续低于10 km/h的记录超过180条
2017-11-07 12:38:24,删除长低速记录,1.7,1.7,连续低于10 km/h的记录超过180条
2017-11-07 12:38:25,删除长低速记录,1.8,1.8,连续低于10 km/h的记录超过180条
2017-11-07 12:38:26,删除长低速记录,1.8,1.8,连续低于10 km/h的记录超过180条
2017-11-07 12:38:27,删除长低速记录,1.7,1.7,连续低于10 km/h的记录超过180条
2017-11-07 12:38:28,删除长低速记录,1.7,1.7,连续低于10 km/h的记录超过180条
2017-11-07 12:38:29,删除长低速记录,0.0,0.0,连续低于10 km/h的记录超过180条
2017-11-07 12:38:30,删除长低速记录,0.0,0.0,连续低于10 km/h的记录超过180条
2017-11-07 12:38:31,删除长低速记录,0.0,0.0,连续低于10 km/h的记录超过180条
2017-11-07 12:38:32,删除长低速记录,0.0,0.0,连续低于10 km/h的记录超过180条
2017-11-07 12:38:33,删除长低速记录,0.0,0.0,连续低于10 km/h的记录超过180条
2017-11-07 12:38:34,删除长低速记录,1.5,1.5,连续低于10 km/h的记录超过180条
2017-11-07 12:38:35,删除长低速记录,0.0,0.0,连续低于10 km/h的记录超过180条
2017-11-07 12:38:36,删除长低速记录,0.0,0.0,连续低于10 km/h的记录超过180条
2017-11-07 12:38:37,删除长低速记录,0.0,0.0,连续低于10 km/h的记录超过180条
2017-11-07 12:38:38,删除长低速记录,0.0,0.0,连续低于10 km/h的记录超过180条
2017-11-07 12:38:39,删除长低速记录,0.0,0.0,连续低于10 km/h的记录超过180条
2017-11-07 12:38:40,删除长低速记录,0.0,0.0,连续低于10 km/h的记录超过180条
2017-11-07 12:38:41,删除长低速记录,0.0,0.0,连续低于10 km/h的记录超过180条
2017-11-07 12:38:42,删除长低速记录,0.0,0.0,连续低于10 km/h的记录超过180条
2017-11-07 12:38:43,删除长低速记录,0.0,0.0,连续低于10 km/h的记录超过180条
2017-11-07 12:38:44,删除长低速记录,0.0,0.0,连续低于10 km/h的记录超过180条
2017-11-07 12:38:45,删除长低速记录,0.0,0.0,连续低于10 km/h的记录超过180条
2017-11-07 12:38:46,删除长低速记录,0.0,0.0,连续低于10 km/h的记录超过180条
2017-11-07 12:38:47,删除长低速记录,0.0,0.0,连续低于10 km/h的记录超过180条
2017-11-07 12:38:48,删除长低速记录,0.0,0.0,连续低于10 km/h的记录超过180条
2017-11-07 12:38:49,删除长低速记录,0.0,0.0,连续低于10 km/h的记录超过180条
2017-11-07 12:38:50,删除长低速记录,0.0,0.0,连续低于10 km/h的记录超过180条
2017-11-07 12:38:51,删除长低速记录,0.0,0.0,连续低于10 km/h的记录超过180条
2017-11-07 12:38:52,删除长低速记录,0.0,0.0,连续低于10 km/h的记录超过180条
2017-11-07 12:38:53,删除长低速记录,0.0,0.0,连续低于10 km/h的记录超过180条
2017-11-07 12:38:54,删除长低速记录,0.0,0.0,连续低于10 km/h的记录超过180条
2017-11-07 12:38:55,删除长低速记录,0.0,0.0,连续低于10 km/h的记录超过180条
2017-11-07 12:38:56,删除长低速记录,0.0,0.0,连续低于10 km/h的记录超过180条
2017-11-07 12:38:57,删除长低速记录,0.0,0.0,连续低于10 km/h的记录超过180条
2017-11-07 12:38:58,删除长低速记录,0.0,0.0,连续低于10 km/h的记录超过180条
2017-11-07 12:38:59,删除长低速记录,0.0,0.0,连续低于10 km/h的记录超过180条
2017-11-07 12:39:00,删除长低速记录,0.0,0.0,连续低于10 km/h的记录超过180条
2017-11-07 12:39:01,删除长低速记录,0.0,0.0,连续低于10 km/h的记录超过180条
2017-11-07 12:39:02,删除长低速记录,0.0,0.0,连续低于10 km/h的记录超过180条
2017-11-07 12:39:03,删除长低速记录,0.0,0.0,连续低于10 km/h的记录超过180条
2017-11-07 12:39:04,删除长低速记录,0.0,0.0,连续低于10 km/h的记录超过180条
2017-11-07 12:39:05,删除长低速记录,0.0,0.0,连续低于10 km/h的记录超过180条
2017-11-07 12:39:06,删除长低速记录,0.0,0.0,连续低于10 km/h的记录超过180条
2017-11-07 12:39:07,删除长低速记录,1.4,1.4,连续低于10 km/h的记录超过180条
2017-11-07 12:39:08,删除长低速记录,0.0,0.0,连续低于10 km/h的记录超过180条
2017-11-07 12:39:09,删除长低速记录,0.0,0.0,连续低于10 km/h的记录超过180条
2017-11-07 12:39:10,删除长低速记录,0.0,0.0,连续低于10 km/h的记录超过180条
2017-11-07 12:39:11,删除长低速记录,0.0,0.0,连续低于10 km/h的记录超过180条
2017-11-07 12:39:12,删除长低速记录,0.0,0.0,连续低于10 km/h的记录超过180条
2017-11-07 12:39:13,删除长低速记录,0.0,0.0,连续低于10 km/h的记录超过180条
2017-11-07 12:39:14,删除长低速记录,0.0,0.0,连续低于10 km/h的记录超过180条
2017-11-07 12:39:15,删除长低速记录,0.0,0.0,连续低于10 km/h的记录超过180条
2017-11-07 12:39:16,删除长低速记录,0.0,0.0,连续低于10 km/h的记录超过180条
2017-11-07 12:39:17,删除长低速记录,0.0,0.0,连续低于10 km/h的记录超过180条
2017-11-07 12:39:18,删除长低速记录,0.0,0.0,连续低于10 km/h的记录超过180条
2017-11-07 12:39:19,删除长低速记录,0.0,0.0,连续低于10 km/h的记录超过180条
2017-11-07 12:39:20,删除长低速记录,0.0,0.0,连续低于10 km/h的记录超过180条
2017-11-07 12:39:21,删除长低速记录,0.0,0.0,连续低于10 km/h的记录超过180条
2017-11-07 12:39:22,删除长低速记录,0.0,0.0,连续低于10 km/h的记录超过180条
2017-11-07 12:39:23,删除长低速记录,0.0,0.0,连续低于10 km/h的记录超过180条
2017-11-07 12:39:24,删除长低速记录,0.0,0.0,连续低于10 km/h的记录超过180条
2017-11-07 12:39:25,删除长低速记录,0.0,0.0,连续低于10 km/h的记录超过180条
2017-11-07 12:39:26,删除长低速记录,0.0,0.0,连续低于10 km/h的记录超过180条
2017-11-07 12:39:27,删除长低速记录,0.0,0.0,连续低于10 km/h的记录超过180条
2017-11-07 12:39:28,删除长低速记录,0.0,0.0,连续低于10 km/h的记录超过180条
2017-11-07 12:39:29,删除长低速记录,0.0,0.0,连续低于10 km/h的记录超过180条
2017-11-07 12:39:30,删除长低速记录,0.0,0.0,连续低于10 km/h的记录超过180条
2017-11-07 12:39:31,删除长低速记录,0.0,0.0,连续低于10 km/h的记录超过180条
2017-11-07 12:39:32,删除长低速记录,0.0,0.0,连续低于10 km/h的记录超过180条
2017-11-07 12:39:33,删除长低速记录,0.0,0.0,连续低于10 km/h的记录超过180条
2017-11-07 12:39:34,删除长低速记录,0.0,0.0,连续低于10 km/h的记录超过180条
2017-11-07 12:39:35,删除长低速记录,0.0,0.0,连续低于10 km/h的记录超过180条
2017-11-07 12:39:36,删除长低速记录,0.0,0.0,连续低于10 km/h的记录超过180条
2017-11-07 12:39:37,删除长低速记录,0.0,0.0,连续低于10 km/h的记录超过180条
2017-11-07 12:39:38,删除长低速记录,0.0,0.0,连续低于10 km/h的记录超过180条
2017-11-07 12:39:39,删除长低速记录,0.0,0.0,连续低于10 km/h的记录超过180条
2017-11-07 12:39:40,删除长低速记录,0.0,0.0,连续低于10 km/h的记录超过180条
2017-11-07 12:39:41,删除长低速记录,0.0,0.0,连续低于10 km/h的记录超过180条
2017-11-07 12:39:42,删除长低速记录,0.0,0.0,连续低于10 km/h的记录超过180条
2017-11-07 12:39:43,删除长低速记录,0.0,0.0,连续低于10 km/h的记录超过180条
2017-11-07 12:39:44,删除长低速记录,0.0,0.0,连续低于10 km/h的记录超过180条
2017-11-07 12:39:45,删除长低速记录,0.0,0.0,连续低于10 km/h的记录超过180条
2017-11-07 12:39:46,删除长低速记录,0.0,0.0,连续低于10 km/h的记录超过180条
2017-11-07 12:39:47,删除长低速记录,0.0,0.0,连续低于10 km/h的记录超过180条
2017-11-07 12:39:48,删除长低速记录,0.0,0.0,连续低于10 km/h的记录超过180条
2017-11-07 12:39:49,删除长低速记录,0.0,0.0,连续低于10 km/h的记录超过180条
2017-11-07 12:39:50,删除长低速记录,0.0,0.0,连续低于10 km/h的记录超过180条
2017-11-07 12:39:51,删除长低速记录,0.0,0.0,连续低于10 km/h的记录超过180条
2017-11-07 12:39:52,删除长低速记录,0.0,0.0,连续低于10 km/h的记录超过180条
2017-11-07 12:39:53,删除长低速记录,0.0,0.0,连续低于10 km/h的记录超过180条
2017-11-07 12:39:54,删除长低速记录,0.0,0.0,连续低于10 km/h的记录超过180条
2017-11-07 12:39:55,删除长低速记录,0.0,0.0,连续低于10 km/h的记录超过180条
2017-11-07 12:39:56,删除长低速记录,0.0,0.0,连续低于10 km/h的记录超过180条
2017-11-07 12:39:57,删除长低速记录,0.0,0.0,连续低于10 km/h的记录超过180条
2017-11-07 12:39:58,删除长低速记录,0.0,0.0,连续低于10 km/h的记录超过180条
2017-11-07 12:39:59,删除长低速记录,1.7,1.7,连续低于10 km/h的记录超过180条
2017-11-07 12:40:00,删除长低速记录,0.0,0.0,连续低于10 km/h的记录超过180条
2017-11-07 12:40:01,删除长低速记录,0.0,0.0,连续低于10 km/h的记录超过180条
2017-11-07 12:40:02,删除长低速记录,0.0,0.0,连续低于10 km/h的记录超过180条
2017-11-07 12:40:03,删除长低速记录,0.0,0.0,连续低于10 km/h的记录超过180条
2017-11-07 12:40:04,删除长低速记录,0.0,0.0,连续低于10 km/h的记录超过180条
2017-11-07 12:40:05,删除长低速记录,0.0,0.0,连续低于10 km/h的记录超过180条
2017-11-07 12:40:06,删除长低速记录,0.0,0.0,连续低于10 km/h的记录超过180条
2017-11-07 12:40:07,删除长低速记录,0.0,0.0,连续低于10 km/h的记录超过180条
2017-11-07 12:40:08,删除长低速记录,0.0,0.0,连续低于10 km/h的记录超过180条
2017-11-07 12:40:09,删除长低速记录,0.0,0.0,连续低于10 km/h的记录超过180条
2017-11-07 12:40:10,删除长低速记录,0.0,0.0,连续低于10 km/h的记录超过180条
2017-11-07 12:40:11,删除长低速记录,0.0,0.0,连续低于10 km/h的记录超过180条
2017-11-07 12:40:12,删除长低速记录,0.0,0.0,连续低于10 km/h的记录超过180条
2017-11-07 12:40:13,删除长低速记录,0.0,0.0,连续低于10 km/h的记录超过180条
2017-11-07 12:40:14,删除长低速记录,0.0,0.0,连续低于10 km/h的记录超过180条
2017-11-07 12:40:15,删除长低速记录,1.8,1.8,连续低于10 km/h的记录超过180条
2017-11-07 12:40:16,删除长低速记录,1.7,1.7,连续低于10 km/h的记录超过180条
2017-11-07 12:40:17,删除长低速记录,0.0,0.0,连续低于10 km/h的记录超过180条
2017-11-07 12:40:18,删除长低速记录,0.0,0.0,连续低于10 km/h的记录超过180条
2017-11-07 12:40:19,删除长低速记录,0.0,0.0,连续低于10 km/h的记录超过180条
2017-11-07 12:40:20,删除长低速记录,0.0,0.0,连续低于10 km/h的记录超过180条
2017-11-07 12:40:21,删除长低速记录,0.0,0.0,连续低于10 km/h的记录超过180条
2017-11-07 12:40:22,删除长低速记录,0.0,0.0,连续低于10 km/h的记录超过180条
2017-11-07 12:40:23,删除长低速记录,0.0,0.0,连续低于10 km/h的记录超过180条
2017-11-07 12:40:24,删除长低速记录,0.0,0.0,连续低于10 km/h的记录超过180条
2017-11-07 12:40:25,删除长低速记录,0.0,0.0,连续低于10 km/h的记录超过180条
2017-11-07 12:40:26,删除长低速记录,0.0,0.0,连续低于10 km/h的记录超过180条
2017-11-07 12:40:27,删除长低速记录,0.0,0.0,连续低于10 km/h的记录超过180条
2017-11-07 12:40:28,删除长低速记录,0.0,0.0,连续低于10 km/h的记录超过180条
2017-11-07 12:40:29,删除长低速记录,0.0,0.0,连续低于10 km/h的记录超过180条
2017-11-07 12:40:30,删除长低速记录,0.0,0.0,连续低于10 km/h的记录超过180条
2017-11-07 12:40:31,删除长低速记录,0.0,0.0,连续低于10 km/h的记录超过180条
2017-11-07 12:40:32,删除长低速记录,0.0,0.0,连续低于10 km/h的记录超过180条
2017-11-07 12:40:33,删除长低速记录,0.0,0.0,连续低于10 km/h的记录超过180条
2017-11-07 12:40:34,删除长低速记录,0.0,0.0,连续低于10 km/h的记录超过180条
2017-11-07 12:40:35,删除长低速记录,0.0,0.0,连续低于10 km/h的记录超过180条
2017-11-07 12:40:36,删除长低速记录,0.0,0.0,连续低于10 km/h的记录超过180条
2017-11-07 12:40:37,删除长低速记录,0.0,0.0,连续低于10 km/h的记录超过180条
2017-11-07 12:40:38,删除长低速记录,0.0,0.0,连续低于10 km/h的记录超过180条
2017-11-07 12:40:39,删除长低速记录,0.0,0.0,连续低于10 km/h的记录超过180条
2017-11-07 12:40:40,删除长低速记录,0.0,0.0,连续低于10 km/h的记录超过180条
2017-11-07 12:40:41,删除长低速记录,0.0,0.0,连续低于10 km/h的记录超过180条
2017-11-07 12:40:42,删除长低速记录,0.0,0.0,连续低于10 km/h的记录超过180条
2017-11-07 12:40:43,删除长低速记录,0.0,0.0,连续低于10 km/h的记录超过180条
2017-11-07 12:40:44,删除长低速记录,0.0,0.0,连续低于10 km/h的记录超过180条
2017-11-07 12:40:45,删除长低速记录,0.0,0.0,连续低于10 km/h的记录超过180条
2017-11-07 12:40:46,删除长低速记录,0.0,0.0,连续低于10 km/h的记录超过180条
2017-11-07 12:40:47,删除长低速记录,0.0,0.0,连续低于10 km/h的记录超过180条
2017-11-07 12:40:48,删除长低速记录,0.0,0.0,连续低于10 km/h的记录超过180条
2017-11-07 12:40:49,删除长低速记录,0.0,0.0,连续低于10 km/h的记录超过180条
2017-11-07 12:40:50,删除长低速记录,0.0,0.0,连续低于10 km/h的记录超过180条
2017-11-07 12:40:51,删除长低速记录,0.0,0.0,连续低于10 km/h的记录超过180条
2017-11-07 12:40:52,删除长低速记录,0.0,0.0,连续低于10 km/h的记录超过180条
2017-11-07 12:40:53,删除长低速记录,0.0,0.0,连续低于10 km/h的记录超过180条
2017-11-07 12:40:54,删除长低速记录,0.0,0.0,连续低于10 km/h的记录超过180条
2017-11-07 12:40:55,删除长低速记录,0.0,0.0,连续低于10 km/h的记录超过180条
2017-11-07 12:40:56,删除长低速记录,0.0,0.0,连续低于10 km/h的记录超过180条
2017-11-07 12:40:57,删除长低速记录,0.0,0.0,连续低于10 km/h的记录超过180条
2017-11-07 12:40:58,删除长低速记录,0.0,0.0,连续低于10 km/h的记录超过180条
2017-11-07 12:40:59,删除长低速记录,0.0,0.0,连续低于10 km/h的记录超过180条
2017-11-07 12:41:00,删除长低速记录,0.0,0.0,连续低于10 km/h的记录超过180条
2017-11-07 12:41:01,删除长低速记录,0.0,0.0,连续低于10 km/h的记录超过180条
2017-11-07 12:41:02,删除长低速记录,0.0,0.0,连续低于10 km/h的记录超过180条
2017-11-07 12:41:03,删除长低速记录,0.0,0.0,连续低于10 km/h的记录超过180条
2017-11-07 12:41:04,删除长低速记录,0.0,0.0,连续低于10 km/h的记录超过180条
2017-11-07 12:41:05,删除长低速记录,0.0,0.0,连续低于10 km/h的记录超过180条
2017-11-07 12:41:06,删除长低速记录,0.0,0.0,连续低于10 km/h的记录超过180条
2017-11-07 12:41:07,删除长低速记录,0.0,0.0,连续低于10 km/h的记录超过180条
2017-11-07 12:41:08,删除长低速记录,0.0,0.0,连续低于10 km/h的记录超过180条
2017-11-07 12:41:09,删除长低速记录,0.0,0.0,连续低于10 km/h的记录超过180条
2017-11-07 12:41:10,删除长低速记录,0.0,0.0,连续低于10 km/h的记录超过180条
2017-11-07 12:41:11,删除长低速记录,0.0,0.0,连续低于10 km/h的记录超过180条
2017-11-07 12:41:12,删除长低速记录,0.0,0.0,连续低于10 km/h的记录超过180条
2017-11-07 12:41:13,删除长低速记录,0.0,0.0,连续低于10 km/h的记录超过180条
2017-11-07 12:41:14,删除长低速记录,0.0,0.0,连续低于10 km/h的记录超过180条
2017-11-07 12:41:15,删除长低速记录,0.0,0.0,连续低于10 km/h的记录超过180条
2017-11-07 12:41:16,删除长低速记录,0.0,0.0,连续低于10 km/h的记录超过180条
2017-11-07 12:41:17,删除长低速记录,0.0,0.0,连续低于10 km/h的记录超过180条
2017-11-07 12:41:18,删除长低速记录,0.0,0.0,连续低于10 km/h的记录超过180条
2017-11-07 12:41:19,删除长低速记录,0.0,0.0,连续低于10 km/h的记录超过180条
2017-11-07 12:41:20,删除长低速记录,0.0,0.0,连续低于10 km/h的记录超过180条
2017-11-07 12:41:21,删除长低速记录,0.0,0.0,连续低于10 km/h的记录超过180条
2017-11-07 12:41:22,删除长低速记录,0.0,0.0,连续低于10 km/h的记录超过180条
2017-11-07 12:41:23,删除长低速记录,0.0,0.0,连续低于10 km/h的记录超过180条
2017-11-07 12:41:24,删除长低速记录,0.0,0.0,连续低于10 km/h的记录超过180条
2017-11-07 12:41:25,删除长低速记录,0.0,0.0,连续低于10 km/h的记录超过180条
2017-11-07 12:41:26,删除长低速记录,0.0,0.0,连续低于10 km/h的记录超过180条
2017-11-07 12:41:27,删除长低速记录,0.0,0.0,连续低于10 km/h的记录超过180条
2017-11-07 12:41:28,删除长低速记录,0.0,0.0,连续低于10 km/h的记录超过180条
2017-11-07 12:41:29,删除长低速记录,0.0,0.0,连续低于10 km/h的记录超过180条
2017-11-07 12:41:30,删除长低速记录,0.0,0.0,连续低于10 km/h的记录超过180条
2017-11-07 12:41:31,删除长低速记录,0.0,0.0,连续低于10 km/h的记录超过180条
2017-11-07 12:41:32,删除长低速记录,0.0,0.0,连续低于10 km/h的记录超过180条
2017-11-07 12:41:33,删除长低速记录,0.0,0.0,连续低于10 km/h的记录超过180条
2017-11-07 12:41:34,删除长低速记录,0.0,0.0,连续低于10 km/h的记录超过180条
2017-11-07 12:41:35,删除长低速记录,0.0,0.0,连续低于10 km/h的记录超过180条
2017-11-07 12:41:36,删除长低速记录,0.0,0.0,连续低于10 km/h的记录超过180条
2017-11-07 12:41:37,删除长低速记录,1.7,1.7,连续低于10 km/h的记录超过180条
2017-11-07 12:41:38,删除长低速记录,1.7,1.7,连续低于10 km/h的记录超过180条
2017-11-07 12:41:39,删除长低速记录,1.7,1.7,连续低于10 km/h的记录超过180条
2017-11-07 12:41:40,删除长低速记录,1.6,1.6,连续低于10 km/h的记录超过180条
2017-11-07 12:41:41,删除长低速记录,1.7,1.7,连续低于10 km/h的记录超过180条
2017-11-07 12:41:42,删除长低速记录,1.7,1.7,连续低于10 km/h的记录超过180条
2017-11-07 12:41:43,删除长低速记录,2.2,2.2,连续低于10 km/h的记录超过180条
2017-11-07 12:41:44,删除长低速记录,2.2,2.2,连续低于10 km/h的记录超过180条
2017-11-07 12:41:45,删除长低速记录,2.7,2.7,连续低于10 km/h的记录超过180条
2017-11-07 12:41:46,删除长低速记录,2.7,2.7,连续低于10 km/h的记录超过180条
2017-11-07 12:41:47,删除长低速记录,2.8,2.8,连续低于10 km/h的记录超过180条
2017-11-07 12:41:48,删除长低速记录,2.9,2.9,连续低于10 km/h的记录超过180条
2017-11-07 12:41:49,删除长低速记录,2.9,2.9,连续低于10 km/h的记录超过180条
2017-11-07 12:41:50,删除长低速记录,2.9,2.9,连续低于10 km/h的记录超过180条
2017-11-07 12:41:51,删除长低速记录,3.3,3.3,连续低于10 km/h的记录超过180条
2017-11-07 12:41:52,删除长低速记录,3.2,3.2,连续低于10 km/h的记录超过180条
2017-11-07 12:41:53,删除长低速记录,3.0,3.0,连续低于10 km/h的记录超过180条
2017-11-07 12:41:54,删除长低速记录,2.9,2.9,连续低于10 km/h的记录超过180条
2017-11-07 12:41:55,删除长低速记录,2.9,2.9,连续低于10 km/h的记录超过180条
2017-11-07 12:41:56,删除长低速记录,2.8,2.8,连续低于10 km/h的记录超过180条
2017-11-07 12:41:57,删除长低速记录,2.7,2.7,连续低于10 km/h的记录超过180条
2017-11-07 12:41:58,删除长低速记录,2.6,2.6,连续低于10 km/h的记录超过180条
2017-11-07 12:41:59,删除长低速记录,2.2,2.2,连续低于10 km/h的记录超过180条
2017-11-07 12:42:00,删除长低速记录,1.9,1.9,连续低于10 km/h的记录超过180条
2017-11-07 12:42:01,删除长低速记录,1.8,1.8,连续低于10 km/h的记录超过180条
2017-11-07 12:42:02,删除长低速记录,1.5,1.5,连续低于10 km/h的记录超过180条
2017-11-07 12:42:03,删除长低速记录,0.0,0.0,连续低于10 km/h的记录超过180条
2017-11-07 12:42:04,删除长低速记录,0.0,0.0,连续低于10 km/h的记录超过180条
2017-11-07 12:42:05,删除长低速记录,0.0,0.0,连续低于10 km/h的记录超过180条
2017-11-07 12:42:06,删除长低速记录,0.0,0.0,连续低于10 km/h的记录超过180条
2017-11-07 12:42:07,删除长低速记录,0.0,0.0,连续低于10 km/h的记录超过180条
2017-11-07 12:42:08,删除长低速记录,0.0,0.0,连续低于10 km/h的记录超过180条
2017-11-07 12:42:09,删除长低速记录,0.0,0.0,连续低于10 km/h的记录超过180条
2017-11-07 12:42:10,删除长低速记录,0.0,0.0,连续低于10 km/h的记录超过180条
2017-11-07 12:42:11,删除长低速记录,0.0,0.0,连续低于10 km/h的记录超过180条
2017-11-07 12:42:12,删除长低速记录,0.0,0.0,连续低于10 km/h的记录超过180条
2017-11-07 12:42:13,删除长低速记录,0.0,0.0,连续低于10 km/h的记录超过180条
2017-11-07 12:42:14,删除长低速记录,0.0,0.0,连续低于10 km/h的记录超过180条
2017-11-07 12:42:15,删除长低速记录,0.0,0.0,连续低于10 km/h的记录超过180条
2017-11-07 12:42:16,删除长低速记录,0.0,0.0,连续低于10 km/h的记录超过180条
2017-11-07 12:42:17,删除长低速记录,0.0,0.0,连续低于10 km/h的记录超过180条
2017-11-07 12:42:18,删除长低速记录,0.0,0.0,连续低于10 km/h的记录超过180条
2017-11-07 12:42:19,删除长低速记录,0.0,0.0,连续低于10 km/h的记录超过180条
2017-11-07 12:42:20,删除长低速记录,0.0,0.0,连续低于10 km/h的记录超过180条
2017-11-07 12:42:21,删除长低速记录,0.0,0.0,连续低于10 km/h的记录超过180条
2017-11-07 12:42:22,删除长低速记录,0.0,0.0,连续低于10 km/h的记录超过180条
2017-11-07 12:42:23,删除长低速记录,0.0,0.0,连续低于10 km/h的记录超过180条
2017-11-07 12:42:24,删除长低速记录,0.0,0.0,连续低于10 km/h的记录超过180条
2017-11-07 12:42:25,删除长低速记录,0.0,0.0,连续低于10 km/h的记录超过180条
2017-11-07 12:42:26,删除长低速记录,1.5,1.5,连续低于10 km/h的记录超过180条
2017-11-07 12:42:27,删除长低速记录,1.9,1.9,连续低于10 km/h的记录超过180条
2017-11-07 12:42:28,删除长低速记录,2.0,2.0,连续低于10 km/h的记录超过180条
2017-11-07 12:42:29,删除长低速记录,2.4,2.4,连续低于10 km/h的记录超过180条
2017-11-07 12:42:30,删除长低速记录,2.4,2.4,连续低于10 km/h的记录超过180条
2017-11-07 12:42:31,删除长低速记录,2.0,2.0,连续低于10 km/h的记录超过180条
2017-11-07 12:42:32,删除长低速记录,2.0,2.0,连续低于10 km/h的记录超过180条
2017-11-07 12:42:33,删除长低速记录,2.2,2.2,连续低于10 km/h的记录超过180条
2017-11-07 12:42:34,删除长低速记录,2.5,2.5,连续低于10 km/h的记录超过180条
2017-11-07 12:42:35,删除长低速记录,0.0,0.0,连续低于10 km/h的记录超过180条
2017-11-07 12:42:36,删除长低速记录,0.0,0.0,连续低于10 km/h的记录超过180条
2017-11-07 12:42:37,删除长低速记录,0.0,0.0,连续低于10 km/h的记录超过180条
2017-11-07 12:42:38,删除长低速记录,0.0,0.0,连续低于10 km/h的记录超过180条
2017-11-07 12:42:39,删除长低速记录,0.0,0.0,连续低于10 km/h的记录超过180条
2017-11-07 12:42:40,删除长低速记录,0.0,0.0,连续低于10 km/h的记录超过180条
2017-11-07 12:42:41,删除长低速记录,0.0,0.0,连续低于10 km/h的记录超过180条
2017-11-07 12:42:42,删除长低速记录,0.0,0.0,连续低于10 km/h的记录超过180条
2017-11-07 12:42:43,删除长低速记录,0.0,0.0,连续低于10 km/h的记录超过180条
2017-11-07 12:42:44,删除长低速记录,0.0,0.0,连续低于10 km/h的记录超过180条
2017-11-07 12:42:45,删除长低速记录,0.0,0.0,连续低于10 km/h的记录超过180条
2017-11-07 12:42:46,删除长低速记录,0.0,0.0,连续低于10 km/h的记录超过180条
2017-11-07 12:42:47,删除长低速记录,0.0,0.0,连续低于10 km/h的记录超过180条
2017-11-07 12:42:48,删除长低速记录,0.0,0.0,连续低于10 km/h的记录超过180条
2017-11-07 12:42:49,删除长低速记录,0.0,0.0,连续低于10 km/h的记录超过180条
2017-11-07 12:42:50,删除长低速记录,0.0,0.0,连续低于10 km/h的记录超过180条
2017-11-07 12:42:51,删除长低速记录,0.0,0.0,连续低于10 km/h的记录超过180条
2017-11-07 12:42:52,删除长低速记录,0.0,0.0,连续低于10 km/h的记录超过180条
2017-11-07 12:42:53,删除长低速记录,0.0,0.0,连续低于10 km/h的记录超过180条
2017-11-07 12:42:54,删除长低速记录,0.0,0.0,连续低于10 km/h的记录超过180条
2017-11-07 12:42:55,删除长低速记录,0.0,0.0,连续低于10 km/h的记录超过180条
2017-11-07 12:42:56,删除长低速记录,0.0,0.0,连续低于10 km/h的记录超过180条
2017-11-07 12:42:57,删除长低速记录,0.0,0.0,连续低于10 km/h的记录超过180条
2017-11-07 12:42:58,删除长低速记录,0.0,0.0,连续低于10 km/h的记录超过180条
2017-11-07 12:42:59,删除长低速记录,0.0,0.0,连续低于10 km/h的记录超过180条
2017-11-07 12:43:00,删除长低速记录,0.0,0.0,连续低于10 km/h的记录超过180条
2017-11-07 12:43:01,删除长低速记录,0.0,0.0,连续低于10 km/h的记录超过180条
2017-11-07 12:43:02,删除长低速记录,0.0,0.0,连续低于10 km/h的记录超过180条
2017-11-07 12:43:03,删除长低速记录,0.0,0.0,连续低于10 km/h的记录超过180条
2017-11-07 12:43:04,删除长低速记录,1.7,1.7,连续低于10 km/h的记录超过180条
2017-11-07 12:43:05,删除长低速记录,2.5,2.5,连续低于10 km/h的记录超过180条
2017-11-07 12:43:06,删除长低速记录,3.3,3.3,连续低于10 km/h的记录超过180条
2017-11-07 12:43:07,删除长低速记录,7.1,7.1,连续低于10 km/h的记录超过180条
2017-11-07 12:44:49,新增插值记录,,25.35,相邻速度 26.7 与 24 km/h 的线性中点
2017-11-07 12:44:53,新增插值记录,,20.0,相邻速度 20 与 20 km/h 的线性中点
2017-11-07 12:45:48,新增插值记录,,50.75,相邻速度 49.9 与 51.6 km/h 的线性中点
2017-11-07 13:02:27,新增插值记录,,5.6,相邻速度 5 与 6.2 km/h 的线性中点
2017-11-07 13:02:30,车速限幅,27.2,25.156,"连续1秒允许范围 [0.000000, 25.156000] km/h"
2017-11-07 13:30:24,车速限幅,20.6,19.556,"连续1秒允许范围 [0.000000, 19.556000] km/h"
2017-11-07 14:55:39,新增插值记录,,72.15,相邻速度 71.9 与 72.4 km/h 的线性中点
2017-11-07 14:57:09,新增插值记录,,65.05,相邻速度 65 与 65.1 km/h 的线性中点
2017-11-07 15:02:13,新增插值记录,,66.85,相邻速度 66.5 与 67.2 km/h 的线性中点
2017-11-07 15:22:54,新增插值记录,,24.5,相邻速度 22.1 与 26.9 km/h 的线性中点
2017-11-07 15:23:08,新增插值记录,,15.05,相邻速度 17.8 与 12.3 km/h 的线性中点
2017-11-07 15:24:41,新增插值记录,,39.55,相邻速度 39.4 与 39.7 km/h 的线性中点
2017-11-07 16:10:30,删除长低速记录,3.8,3.8,连续低于10 km/h的记录超过180条
2017-11-07 16:10:31,删除长低速记录,4.1,4.1,连续低于10 km/h的记录超过180条
2017-11-07 16:10:32,删除长低速记录,4.2,4.2,连续低于10 km/h的记录超过180条
2017-11-07 16:10:33,删除长低速记录,5.2,5.2,连续低于10 km/h的记录超过180条
2017-11-07 16:10:34,删除长低速记录,5.9,5.9,连续低于10 km/h的记录超过180条
2017-11-07 16:10:35,删除长低速记录,6.0,6.0,连续低于10 km/h的记录超过180条
2017-11-07 16:10:36,删除长低速记录,6.2,6.2,连续低于10 km/h的记录超过180条
2017-11-07 16:10:37,删除长低速记录,7.1,7.1,连续低于10 km/h的记录超过180条
2017-11-07 16:10:38,删除长低速记录,8.0,8.0,连续低于10 km/h的记录超过180条
2017-11-07 16:10:39,删除长低速记录,9.0,9.0,连续低于10 km/h的记录超过180条
2017-11-07 16:10:40,删除长低速记录,9.8,9.8,连续低于10 km/h的记录超过180条
2017-11-07 16:10:41,删除长低速记录,9.9,9.9,连续低于10 km/h的记录超过180条
2017-11-07 16:15:04,新增插值记录,,23.6,相邻速度 23.2 与 24 km/h 的线性中点
2017-11-07 16:16:36,新增插值记录,,40.55,相邻速度 40.2 与 40.9 km/h 的线性中点
2017-11-07 16:17:23,新增插值记录,,45.75,相邻速度 45.7 与 45.8 km/h 的线性中点
2017-11-07 16:17:46,新增插值记录,,39.65,相邻速度 39.9 与 39.4 km/h 的线性中点
2017-11-07 16:46:51,删除长低速记录,0.0,0.0,连续低于10 km/h的记录超过180条
2017-11-07 16:46:52,删除长低速记录,0.0,0.0,连续低于10 km/h的记录超过180条
2017-11-07 16:46:53,删除长低速记录,0.0,0.0,连续低于10 km/h的记录超过180条
2017-11-07 16:46:54,删除长低速记录,0.0,0.0,连续低于10 km/h的记录超过180条
2017-11-07 16:46:55,删除长低速记录,0.0,0.0,连续低于10 km/h的记录超过180条
2017-11-07 16:46:56,删除长低速记录,0.0,0.0,连续低于10 km/h的记录超过180条
2017-11-07 16:46:57,删除长低速记录,0.0,0.0,连续低于10 km/h的记录超过180条
2017-11-07 16:46:58,删除长低速记录,0.0,0.0,连续低于10 km/h的记录超过180条
2017-11-07 16:46:59,删除长低速记录,5.8,5.8,连续低于10 km/h的记录超过180条
2017-11-07 16:47:00,删除长低速记录,9.6,9.6,连续低于10 km/h的记录超过180条
2017-11-07 16:57:21,新增插值记录,,14.65,相邻速度 16.5 与 12.8 km/h 的线性中点
2017-11-07 17:19:32,车速限幅,17.6,53.7,"连续1秒允许范围 [53.700000, 96.756000] km/h"
2017-11-07 17:19:33,车速限幅,82.6,67.956,"连续1秒允许范围 [24.900000, 67.956000] km/h"
2017-11-07 17:19:34,车速限幅,82.5,82.212,"连续1秒允许范围 [39.156000, 82.212000] km/h"
2017-11-07 17:19:42,车速限幅,98.0,96.756,"连续1秒允许范围 [53.700000, 96.756000] km/h"
2017-11-07 17:32:17,新增插值记录,,13.4,相邻速度 3.5 与 23.3 km/h 的线性中点
2017-11-07 17:32:21,新增插值记录,,18.55,相邻速度 6.6 与 30.5 km/h 的线性中点
2017-11-07 17:32:23,新增插值记录,,20.05,相邻速度 30.5 与 9.6 km/h 的线性中点
2017-11-07 17:32:25,新增插值记录,,20.05,相邻速度 9.6 与 30.5 km/h 的线性中点
2017-11-07 17:32:28,车速限幅,33.1,26.256,"连续1秒允许范围 [0.000000, 26.256000] km/h"
2017-11-07 17:32:32,车速限幅,19.1,14.256,"连续1秒允许范围 [0.000000, 14.256000] km/h"
2017-11-07 17:32:38,车速限幅,21.2,16.056,"连续1秒允许范围 [0.000000, 16.056000] km/h"
2017-11-07 17:32:41,新增插值记录,,21.6,相邻速度 21.3 与 21.9 km/h 的线性中点
2017-11-07 17:33:11,新增插值记录,,36.400000000000006,相邻速度 36.7 与 36.1 km/h 的线性中点
2017-11-07 17:34:38,新增插值记录,,4.45,相邻速度 4 与 4.9 km/h 的线性中点
2017-11-07 17:34:42,新增插值记录,,8.7,相邻速度 4.5 与 12.9 km/h 的线性中点
2017-11-07 17:34:54,新增插值记录,,10.9,相邻速度 10.3 与 11.5 km/h 的线性中点
2017-11-07 17:35:15,新增插值记录,,25.049999999999997,相邻速度 24.4 与 25.7 km/h 的线性中点
2017-11-07 17:35:31,新增插值记录,,12.55,相邻速度 11.3 与 13.8 km/h 的线性中点
2017-11-07 17:35:33,新增插值记录,,18.9,相邻速度 13.8 与 24 km/h 的线性中点
2017-11-07 17:35:39,新增插值记录,,29.65,相邻速度 26.5 与 32.8 km/h 的线性中点
2017-11-07 17:35:43,新增插值记录,,30.85,相邻速度 31.4 与 30.3 km/h 的线性中点
2017-11-07 17:35:47,新增插值记录,,30.15,相邻速度 30.2 与 30.1 km/h 的线性中点
2017-11-07 17:35:51,新增插值记录,,35.599999999999994,相邻速度 32.4 与 38.8 km/h 的线性中点
2017-11-07 17:35:53,新增插值记录,,35.9,相邻速度 38.8 与 33 km/h 的线性中点
2017-11-07 17:36:01,新增插值记录,,38.099999999999994,相邻速度 37.8 与 38.4 km/h 的线性中点
2017-11-07 17:36:23,新增插值记录,,29.0,相邻速度 29.8 与 28.2 km/h 的线性中点
2017-11-07 17:36:25,新增插值记录,,27.9,相邻速度 28.2 与 27.6 km/h 的线性中点
2017-11-07 17:36:27,新增插值记录,,27.65,相邻速度 27.6 与 27.7 km/h 的线性中点
2017-11-07 17:37:00,新增插值记录,,43.650000000000006,相邻速度 43.6 与 43.7 km/h 的线性中点
2017-11-07 17:37:02,新增插值记录,,43.7,相邻速度 43.7 与 43.7 km/h 的线性中点
2017-11-07 17:37:28,新增插值记录,,37.1,相邻速度 37.2 与 37 km/h 的线性中点
2017-11-07 17:37:50,新增插值记录,,45.15,相邻速度 44.9 与 45.4 km/h 的线性中点
2017-11-07 17:41:37,新增插值记录,,25.25,相邻速度 22.4 与 28.1 km/h 的线性中点
2017-11-07 17:42:19,新增插值记录,,48.4,相邻速度 48.4 与 48.4 km/h 的线性中点
2017-11-07 17:42:37,新增插值记录,,46.2,相邻速度 46.6 与 45.8 km/h 的线性中点
2017-11-07 17:42:56,新增插值记录,,27.75,相邻速度 23.8 与 31.7 km/h 的线性中点
2017-11-07 17:43:18,新增插值记录,,53.55,相邻速度 53.1 与 54 km/h 的线性中点
2017-11-07 17:43:32,新增插值记录,,56.35,相邻速度 55.5 与 57.2 km/h 的线性中点
2017-11-07 17:43:48,新增插值记录,,56.400000000000006,相邻速度 57.6 与 55.2 km/h 的线性中点
2017-11-07 17:43:54,新增插值记录,,54.05,相邻速度 54.1 与 54 km/h 的线性中点
2017-11-07 17:43:56,新增插值记录,,54.75,相邻速度 54 与 55.5 km/h 的线性中点
2017-11-07 17:44:02,新增插值记录,,62.2,相邻速度 55.9 与 68.5 km/h 的线性中点
2017-11-07 17:44:20,新增插值记录,,54.05,相邻速度 54.1 与 54 km/h 的线性中点
2017-11-07 17:50:32,车速限幅,23.7,23.356,"连续1秒允许范围 [0.000000, 23.356000] km/h"
2017-11-07 17:51:29,新增插值记录,,0.0,相邻速度 0 与 0 km/h 的线性中点
2017-11-07 17:51:31,新增插值记录,,0.0,相邻速度 0 与 0 km/h 的线性中点
2017-11-07 17:51:33,新增插值记录,,0.0,相邻速度 0 与 0 km/h 的线性中点
2017-11-07 17:51:39,新增插值记录,,6.25,相邻速度 5.6 与 6.9 km/h 的线性中点
2017-11-07 17:51:52,新增插值记录,,25.55,相邻速度 17.5 与 33.6 km/h 的线性中点
2017-11-07 17:51:54,车速限幅,0.0,4.800000000000001,"连续1秒允许范围 [4.800000, 47.856000] km/h"
2017-11-07 17:51:55,车速限幅,35.5,19.056,"连续1秒允许范围 [0.000000, 19.056000] km/h"
2017-11-07 17:51:57,车速限幅,36.9,14.256,"连续1秒允许范围 [0.000000, 14.256000] km/h"
2017-11-07 17:51:59,车速限幅,27.6,14.256,"连续1秒允许范围 [0.000000, 14.256000] km/h"
2017-11-07 17:52:00,新增插值记录,,31.5,相邻速度 27.6 与 35.4 km/h 的线性中点
2017-11-07 17:52:00,车速限幅,31.5,28.512,"连续1秒允许范围 [0.000000, 28.512000] km/h"
2017-11-07 17:52:16,新增插值记录,,23.1,相邻速度 28.7 与 17.5 km/h 的线性中点
2017-11-07 17:52:18,新增插值记录,,27.25,相邻速度 17.5 与 37 km/h 的线性中点
2017-11-07 17:52:34,新增插值记录,,32.5,相邻速度 32.3 与 32.7 km/h 的线性中点
2017-11-07 17:52:42,新增插值记录,,28.5,相邻速度 28.3 与 28.7 km/h 的线性中点
2017-11-07 17:53:00,新增插值记录,,24.0,相邻速度 23.4 与 24.6 km/h 的线性中点
2017-11-07 17:53:02,新增插值记录,,26.4,相邻速度 24.6 与 28.2 km/h 的线性中点
2017-11-07 17:53:04,新增插值记录,,28.799999999999997,相邻速度 28.2 与 29.4 km/h 的线性中点
2017-11-07 17:53:21,新增插值记录,,38.05,相邻速度 38 与 38.1 km/h 的线性中点
2017-11-07 17:53:25,新增插值记录,,31.45,相邻速度 39.5 与 23.4 km/h 的线性中点
2017-11-07 17:53:28,车速限幅,40.2,38.856,"连续1秒允许范围 [0.000000, 38.856000] km/h"
2017-11-07 17:53:55,新增插值记录,,22.7,相邻速度 22.5 与 22.9 km/h 的线性中点
2017-11-07 17:53:57,新增插值记录,,24.35,相邻速度 22.9 与 25.8 km/h 的线性中点
2017-11-07 17:53:59,新增插值记录,,28.25,相邻速度 25.8 与 30.7 km/h 的线性中点
2017-11-07 17:54:03,新增插值记录,,35.8,相邻速度 35.5 与 36.1 km/h 的线性中点
2017-11-07 17:54:07,新增插值记录,,42.45,相邻速度 42.7 与 42.2 km/h 的线性中点
2017-11-07 17:54:21,新增插值记录,,22.7,相邻速度 22.5 与 22.9 km/h 的线性中点
2017-11-07 17:54:23,新增插值记录,,24.35,相邻速度 22.9 与 25.8 km/h 的线性中点
2017-11-07 17:55:46,新增插值记录,,69.25,相邻速度 69.1 与 69.4 km/h 的线性中点
2017-11-07 17:55:48,新增插值记录,,70.6,相邻速度 69.4 与 71.8 km/h 的线性中点
2017-11-07 17:55:50,新增插值记录,,70.8,相邻速度 71.8 与 69.8 km/h 的线性中点
2017-11-07 17:55:54,新增插值记录,,71.6,相邻速度 71.8 与 71.4 km/h 的线性中点
2017-11-07 17:56:31,新增插值记录,,76.15,相邻速度 73.3 与 79 km/h 的线性中点
2017-11-07 17:56:41,新增插值记录,,77.2,相邻速度 74.9 与 79.5 km/h 的线性中点
2017-11-07 17:56:43,新增插值记录,,78.85,相邻速度 79.5 与 78.2 km/h 的线性中点
2017-11-07 17:56:45,新增插值记录,,77.6,相邻速度 78.2 与 77 km/h 的线性中点
2017-11-07 17:56:49,新增插值记录,,77.9,相邻速度 79.5 与 76.3 km/h 的线性中点
2017-11-07 17:56:55,新增插值记录,,72.95,相邻速度 72.4 与 73.5 km/h 的线性中点
2017-11-07 17:56:59,新增插值记录,,73.30000000000001,相邻速度 72.2 与 74.4 km/h 的线性中点
2017-11-07 17:57:01,新增插值记录,,75.75,相邻速度 74.4 与 77.1 km/h 的线性中点
2017-11-07 17:57:03,新增插值记录,,77.15,相邻速度 77.1 与 77.2 km/h 的线性中点
2017-11-07 17:57:11,新增插值记录,,80.05,相邻速度 79.5 与 80.6 km/h 的线性中点
2017-11-07 17:57:15,新增插值记录,,81.35,相邻速度 82.9 与 79.8 km/h 的线性中点
2017-11-07 17:57:17,新增插值记录,,78.69999999999999,相邻速度 79.8 与 77.6 km/h 的线性中点
2017-11-07 17:57:36,车速限幅,79.5,78.656,"连续1秒允许范围 [35.600000, 78.656000] km/h"
2017-11-07 17:57:48,新增插值记录,,71.95,相邻速度 69 与 74.9 km/h 的线性中点
2017-11-07 17:57:52,新增插值记录,,71.85,相邻速度 70.9 与 72.8 km/h 的线性中点
2017-11-07 17:59:45,新增插值记录,,33.0,相邻速度 33.3 与 32.7 km/h 的线性中点
2017-11-07 18:00:15,新增插值记录,,9.75,相邻速度 10.8 与 8.7 km/h 的线性中点
2017-11-07 18:00:19,新增插值记录,,5.05,相邻速度 5.6 与 4.5 km/h 的线性中点
2017-11-07 18:00:21,新增插值记录,,4.05,相邻速度 4.5 与 3.6 km/h 的线性中点
2017-11-07 18:00:42,新增插值记录,,2.7,相邻速度 3.2 与 2.2 km/h 的线性中点
2017-11-07 18:00:53,车速限幅,25.0,15.656,"连续1秒允许范围 [0.000000, 15.656000] km/h"
2017-11-07 18:00:55,车速限幅,28.7,15.656,"连续1秒允许范围 [0.000000, 15.656000] km/h"
2017-11-07 18:00:58,新增插值记录,,33.55,相邻速度 32 与 35.1 km/h 的线性中点
2017-11-07 18:01:10,新增插值记录,,8.2,相邻速度 8.9 与 7.5 km/h 的线性中点
2017-11-07 18:01:12,新增插值记录,,7.95,相邻速度 7.5 与 8.4 km/h 的线性中点
2017-11-07 18:01:24,新增插值记录,,2.85,相邻速度 3.1 与 2.6 km/h 的线性中点
2017-11-07 18:01:52,新增插值记录,,2.9,相邻速度 2.9 与 2.9 km/h 的线性中点
2017-11-07 18:01:54,新增插值记录,,2.9,相邻速度 2.9 与 2.9 km/h 的线性中点
2017-11-07 18:02:18,新增插值记录,,2.9,相邻速度 2.9 与 2.9 km/h 的线性中点
2017-11-07 18:02:37,新增插值记录,,2.9,相邻速度 2.9 与 2.9 km/h 的线性中点
2017-11-07 18:02:45,新增插值记录,,2.9,相邻速度 2.9 与 2.9 km/h 的线性中点
2017-11-07 18:02:53,新增插值记录,,2.9,相邻速度 2.9 与 2.9 km/h 的线性中点
2017-11-07 18:02:59,新增插值记录,,2.9,相邻速度 2.9 与 2.9 km/h 的线性中点
2017-11-07 18:03:10,新增插值记录,,2.9,相邻速度 2.9 与 2.9 km/h 的线性中点
2017-11-07 18:03:18,新增插值记录,,4.55,相邻速度 2.9 与 6.2 km/h 的线性中点
2017-11-07 18:03:23,车速限幅,18.1,17.156,"连续1秒允许范围 [0.000000, 17.156000] km/h"
2017-11-07 18:03:26,车速限幅,23.2,17.156,"连续1秒允许范围 [0.000000, 17.156000] km/h"
2017-11-07 18:03:34,车速限幅,2.9,13.999999999999996,"连续1秒允许范围 [14.000000, 57.056000] km/h"
2017-11-07 18:03:36,车速限幅,47.1,17.156,"连续1秒允许范围 [0.000000, 17.156000] km/h"
2017-11-07 18:03:38,车速限幅,48.6,17.156,"连续1秒允许范围 [0.000000, 17.156000] km/h"
2017-11-07 18:03:39,车速限幅,48.9,31.412,"连续1秒允许范围 [0.000000, 31.412000] km/h"
2017-11-07 18:03:42,车速限幅,49.8,17.156,"连续1秒允许范围 [0.000000, 17.156000] km/h"
2017-11-07 18:03:45,车速限幅,54.0,17.156,"连续1秒允许范围 [0.000000, 17.156000] km/h"
2017-11-07 18:03:46,车速限幅,53.8,31.412,"连续1秒允许范围 [0.000000, 31.412000] km/h"
2017-11-07 18:03:47,车速限幅,51.1,45.668,"连续1秒允许范围 [2.612000, 45.668000] km/h"
2017-11-07 18:08:51,新增插值记录,,38.25,相邻速度 39.2 与 37.3 km/h 的线性中点
2017-11-07 18:13:59,新增插值记录,,36.3,相邻速度 36.3 与 36.3 km/h 的线性中点
2017-11-07 18:14:03,新增插值记录,,36.3,相邻速度 36.3 与 36.3 km/h 的线性中点
2017-11-07 18:14:13,新增插值记录,,36.3,相邻速度 36.3 与 36.3 km/h 的线性中点
2017-11-07 18:14:19,新增插值记录,,36.3,相邻速度 36.3 与 36.3 km/h 的线性中点
2017-11-07 18:14:32,新增插值记录,,36.3,相邻速度 36.3 与 36.3 km/h 的线性中点
2017-11-07 18:14:36,新增插值记录,,36.3,相邻速度 36.3 与 36.3 km/h 的线性中点
2017-11-07 18:15:07,车速限幅,59.1,50.556,"连续1秒允许范围 [7.500000, 50.556000] km/h"
2017-11-07 18:15:45,新增插值记录,,60.8,相邻速度 62.4 与 59.2 km/h 的线性中点
2017-11-07 18:15:47,新增插值记录,,58.85,相邻速度 59.2 与 58.5 km/h 的线性中点
2017-11-07 18:15:49,新增插值记录,,58.0,相邻速度 58.5 与 57.5 km/h 的线性中点
2017-11-07 18:15:55,新增插值记录,,54.849999999999994,相邻速度 54.8 与 54.9 km/h 的线性中点
2017-11-07 18:15:59,新增插值记录,,54.9,相邻速度 54.9 与 54.9 km/h 的线性中点
2017-11-07 18:16:01,新增插值记录,,54.15,相邻速度 54.9 与 53.4 km/h 的线性中点
2017-11-07 18:16:07,新增插值记录,,51.25,相邻速度 50.9 与 51.6 km/h 的线性中点
2017-11-07 18:16:40,新增插值记录,,19.5,相邻速度 22 与 17 km/h 的线性中点
2017-11-07 18:17:04,新增插值记录,,0.0,相邻速度 0 与 0 km/h 的线性中点
2017-11-07 18:17:06,车速限幅,22.0,14.256,"连续1秒允许范围 [0.000000, 14.256000] km/h"
2017-11-07 18:17:18,新增插值记录,,0.0,相邻速度 0 与 0 km/h 的线性中点
2017-11-07 18:17:20,新增插值记录,,0.75,相邻速度 0 与 1.5 km/h 的线性中点
2017-11-07 18:17:24,新增插值记录,,2.55,相邻速度 1.6 与 3.5 km/h 的线性中点
2017-11-07 18:17:34,新增插值记录,,8.5,相邻速度 6.1 与 10.9 km/h 的线性中点
2017-11-07 18:17:38,新增插值记录,,22.0,相邻速度 18.9 与 25.1 km/h 的线性中点
2017-11-07 18:18:04,新增插值记录,,49.05,相邻速度 48.8 与 49.3 km/h 的线性中点
2017-11-07 18:18:06,新增插值记录,,50.05,相邻速度 49.3 与 50.8 km/h 的线性中点
2017-11-07 18:18:14,新增插值记录,,50.25,相邻速度 50.8 与 49.7 km/h 的线性中点
2017-11-07 18:18:31,新增插值记录,,51.05,相邻速度 48.8 与 53.3 km/h 的线性中点
2017-11-07 18:18:59,新增插值记录,,31.65,相邻速度 33.6 与 29.7 km/h 的线性中点
2017-11-07 18:19:01,新增插值记录,,33.25,相邻速度 29.7 与 36.8 km/h 的线性中点
2017-11-07 18:19:19,新增插值记录,,44.75,相邻速度 43.5 与 46 km/h 的线性中点
2017-11-07 18:19:23,新增插值记录,,50.95,相邻速度 54 与 47.9 km/h 的线性中点
2017-11-07 18:19:27,车速限幅,48.1,43.956,"连续1秒允许范围 [0.900000, 43.956000] km/h"
2017-11-07 18:19:34,新增插值记录,,50.849999999999994,相邻速度 50.4 与 51.3 km/h 的线性中点
2017-11-07 18:19:37,新增插值记录,,51.65,相邻速度 52.4 与 50.9 km/h 的线性中点
2017-11-07 18:19:43,新增插值记录,,46.7,相邻速度 49.9 与 43.5 km/h 的线性中点
2017-11-07 18:19:45,新增插值记录,,45.15,相邻速度 43.5 与 46.8 km/h 的线性中点
2017-11-07 18:19:55,新增插值记录,,44.150000000000006,相邻速度 44.1 与 44.2 km/h 的线性中点
2017-11-07 18:20:01,新增插值记录,,48.35,相邻速度 49.1 与 47.6 km/h 的线性中点
2017-11-07 18:20:29,车速限幅,47.6,44.056,"连续1秒允许范围 [1.000000, 44.056000] km/h"
2017-11-07 18:20:58,新增插值记录,,24.6,相邻速度 26.3 与 22.9 km/h 的线性中点
2017-11-07 18:21:16,新增插值记录,,5.35,相邻速度 5.1 与 5.6 km/h 的线性中点
2017-11-07 18:21:22,新增插值记录,,5.85,相邻速度 4.6 与 7.1 km/h 的线性中点
2017-11-07 18:21:24,新增插值记录,,7.05,相邻速度 7.1 与 7 km/h 的线性中点
2017-11-07 18:21:26,新增插值记录,,9.1,相邻速度 7 与 11.2 km/h 的线性中点
2017-11-07 18:21:28,新增插值记录,,13.399999999999999,相邻速度 11.2 与 15.6 km/h 的线性中点
2017-11-07 18:21:30,车速限幅,30.4,29.856,"连续1秒允许范围 [0.000000, 29.856000] km/h"
2017-11-07 18:21:34,新增插值记录,,27.1,相邻速度 24.9 与 29.3 km/h 的线性中点
2017-11-07 18:21:36,车速限幅,47.4,43.556,"连续1秒允许范围 [0.500000, 43.556000] km/h"
2017-11-07 18:21:38,新增插值记录,,41.25,相邻速度 35.6 与 46.9 km/h 的线性中点
2017-11-07 18:21:42,车速限幅,5.1,15.599999999999998,"连续1秒允许范围 [15.600000, 58.656000] km/h"
2017-11-07 18:21:43,车速限幅,43.5,29.855999999999998,"连续1秒允许范围 [0.000000, 29.856000] km/h"
2017-11-07 18:21:44,新增插值记录,,42.7,相邻速度 43.5 与 41.9 km/h 的线性中点
2017-11-07 18:21:46,新增插值记录,,41.599999999999994,相邻速度 41.9 与 41.3 km/h 的线性中点
2017-11-07 18:21:50,车速限幅,7.1,10.2,"连续1秒允许范围 [10.200000, 53.256000] km/h"
2017-11-07 18:21:51,车速限幅,34.5,24.456,"连续1秒允许范围 [0.000000, 24.456000] km/h"
2017-11-07 18:21:53,车速限幅,31.7,21.256,"连续1秒允许范围 [0.000000, 21.256000] km/h"
2017-11-07 18:21:54,新增插值记录,,30.65,相邻速度 31.7 与 29.6 km/h 的线性中点
2017-11-07 18:21:56,新增插值记录,,28.85,相邻速度 29.6 与 28.1 km/h 的线性中点
2017-11-07 18:22:04,车速限幅,35.6,31.656,"连续1秒允许范围 [0.000000, 31.656000] km/h"
2017-11-07 18:22:21,新增插值记录,,36.45,相邻速度 32.4 与 40.5 km/h 的线性中点
2017-11-07 18:22:27,新增插值记录,,46.05,相邻速度 40.6 与 51.5 km/h 的线性中点
2017-11-07 18:22:29,新增插值记录,,47.7,相邻速度 51.5 与 43.9 km/h 的线性中点
2017-11-07 18:22:48,新增插值记录,,36.45,相邻速度 32.4 与 40.5 km/h 的线性中点
2017-11-07 18:22:52,新增插值记录,,40.55,相邻速度 40.5 与 40.6 km/h 的线性中点
2017-11-07 18:22:54,新增插值记录,,46.05,相邻速度 40.6 与 51.5 km/h 的线性中点
2017-11-07 18:23:19,新增插值记录,,45.599999999999994,相邻速度 45.3 与 45.9 km/h 的线性中点
2017-11-07 18:23:21,新增插值记录,,44.349999999999994,相邻速度 45.9 与 42.8 km/h 的线性中点
2017-11-07 18:23:23,新增插值记录,,43.3,相邻速度 42.8 与 43.8 km/h 的线性中点
2017-11-07 18:23:35,新增插值记录,,39.05,相邻速度 39.5 与 38.6 km/h 的线性中点
2017-11-07 18:23:37,新增插值记录,,38.55,相邻速度 38.6 与 38.5 km/h 的线性中点
2017-11-07 18:23:39,新增插值记录,,38.6,相邻速度 38.5 与 38.7 km/h 的线性中点
2017-11-07 18:23:41,新增插值记录,,38.35,相邻速度 38.7 与 38 km/h 的线性中点
2017-11-07 18:23:45,新增插值记录,,37.1,相邻速度 36.2 与 38 km/h 的线性中点
2017-11-07 18:23:51,新增插值记录,,36.45,相邻速度 36 与 36.9 km/h 的线性中点
2017-11-07 18:25:28,新增插值记录,,1.0,相邻速度 2 与 0 km/h 的线性中点
2017-11-07 18:25:30,新增插值记录,,0.0,相邻速度 0 与 0 km/h 的线性中点
2017-11-07 18:25:42,新增插值记录,,24.7,相邻速度 20.9 与 28.5 km/h 的线性中点
2017-11-07 18:26:57,新增插值记录,,12.799999999999999,相邻速度 9.2 与 16.4 km/h 的线性中点
2017-11-07 18:27:08,新增插值记录,,10.55,相邻速度 7.7 与 13.4 km/h 的线性中点
2017-11-07 18:27:15,新增插值记录,,23.05,相邻速度 21.5 与 24.6 km/h 的线性中点
2017-11-07 18:27:29,新增插值记录,,43.6,相邻速度 43.5 与 43.7 km/h 的线性中点
2017-11-07 18:27:39,新增插值记录,,42.5,相邻速度 43.3 与 41.7 km/h 的线性中点
2017-11-07 18:27:43,新增插值记录,,38.55,相邻速度 39.2 与 37.9 km/h 的线性中点
2017-11-07 18:27:47,新增插值记录,,31.1,相邻速度 31.7 与 30.5 km/h 的线性中点
2017-11-07 18:27:55,车速限幅,43.5,30.956,"连续1秒允许范围 [0.000000, 30.956000] km/h"
2017-11-07 18:29:26,新增插值记录,,3.7,相邻速度 3.6 与 3.8 km/h 的线性中点
2017-11-07 18:29:51,新增插值记录,,4.1,相邻速度 4.6 与 3.6 km/h 的线性中点
2017-11-07 18:30:20,新增插值记录,,13.8,相邻速度 13.8 与 13.8 km/h 的线性中点
2017-11-07 18:30:59,新增插值记录,,34.45,相邻速度 32.5 与 36.4 km/h 的线性中点
2017-11-07 18:31:05,新增插值记录,,31.799999999999997,相邻速度 32.8 与 30.8 km/h 的线性中点
2017-11-07 18:31:57,新增插值记录,,8.9,相邻速度 8.3 与 9.5 km/h 的线性中点
2017-11-07 18:31:59,新增插值记录,,10.45,相邻速度 9.5 与 11.4 km/h 的线性中点
2017-11-07 18:32:03,新增插值记录,,13.35,相邻速度 12.2 与 14.5 km/h 的线性中点
2017-11-07 18:32:07,新增插值记录,,20.7,相邻速度 19 与 22.4 km/h 的线性中点
2017-11-07 18:32:09,车速限幅,47.8,36.656,"连续1秒允许范围 [0.000000, 36.656000] km/h"
2017-11-07 18:32:14,新增插值记录,,48.349999999999994,相邻速度 48.4 与 48.3 km/h 的线性中点
2017-11-07 18:32:18,新增插值记录,,48.75,相邻速度 48.3 与 49.2 km/h 的线性中点
2017-11-07 18:32:20,新增插值记录,,48.900000000000006,相邻速度 49.2 与 48.6 km/h 的线性中点
2017-11-07 18:32:36,新增插值记录,,50.85,相邻速度 50 与 51.7 km/h 的线性中点
2017-11-07 18:32:50,新增插值记录,,31.1,相邻速度 29.6 与 32.6 km/h 的线性中点
2017-11-07 18:32:58,新增插值记录,,35.9,相邻速度 36.5 与 35.3 km/h 的线性中点
2017-11-07 18:33:28,新增插值记录,,28.85,相邻速度 29.8 与 27.9 km/h 的线性中点
2017-11-07 18:33:36,新增插值记录,,29.75,相邻速度 29.3 与 30.2 km/h 的线性中点
2017-11-07 18:33:38,新增插值记录,,31.200000000000003,相邻速度 30.2 与 32.2 km/h 的线性中点
2017-11-07 18:33:48,新增插值记录,,43.150000000000006,相邻速度 43.1 与 43.2 km/h 的线性中点
2017-11-07 18:33:56,新增插值记录,,43.15,相邻速度 43.3 与 43 km/h 的线性中点
2017-11-07 18:34:08,新增插值记录,,34.0,相邻速度 34 与 34 km/h 的线性中点
2017-11-07 18:34:25,新增插值记录,,22.7,相邻速度 17.2 与 28.2 km/h 的线性中点
2017-11-07 18:34:27,新增插值记录,,25.1,相邻速度 28.2 与 22 km/h 的线性中点
2017-11-07 18:34:29,新增插值记录,,22.8,相邻速度 22 与 23.6 km/h 的线性中点
2017-11-07 18:34:31,新增插值记录,,36.05,相邻速度 23.6 与 48.5 km/h 的线性中点
2017-11-07 18:34:41,新增插值记录,,50.650000000000006,相邻速度 50.2 与 51.1 km/h 的线性中点
2017-11-07 18:34:44,车速限幅,47.8,37.556,"连续1秒允许范围 [0.000000, 37.556000] km/h"
2017-11-07 18:35:01,新增插值记录,,38.2,相邻速度 34.8 与 41.6 km/h 的线性中点
2017-11-07 18:35:07,车速限幅,50.2,46.256,"连续1秒允许范围 [3.200000, 46.256000] km/h"
2017-11-07 18:35:09,新增插值记录,,24.299999999999997,相邻速度 25.7 与 22.9 km/h 的线性中点
2017-11-07 18:35:15,新增插值记录,,13.0,相邻速度 14.3 与 11.7 km/h 的线性中点
2017-11-07 18:35:17,新增插值记录,,11.55,相邻速度 11.7 与 11.4 km/h 的线性中点
2017-11-07 18:35:42,新增插值记录,,13.0,相邻速度 14.3 与 11.7 km/h 的线性中点
2017-11-07 18:38:12,新增插值记录,,38.7,相邻速度 38.4 与 39 km/h 的线性中点
2017-11-07 18:42:30,新增插值记录,,0.0,相邻速度 0 与 0 km/h 的线性中点
2017-11-07 18:42:49,新增插值记录,,4.9,相邻速度 5.1 与 4.7 km/h 的线性中点
2017-11-07 19:00:47,新增插值记录,,17.05,相邻速度 14.8 与 19.3 km/h 的线性中点
2017-11-07 19:01:14,新增插值记录,,27.0,相邻速度 39.2 与 14.8 km/h 的线性中点
2017-11-07 19:01:16,车速限幅,39.1,29.056,"连续1秒允许范围 [0.000000, 29.056000] km/h"
2017-11-07 19:01:17,新增插值记录,,37.5,相邻速度 39.1 与 35.9 km/h 的线性中点
2017-11-07 19:01:33,新增插值记录,,29.9,相邻速度 28.5 与 31.3 km/h 的线性中点
2017-11-07 19:01:47,新增插值记录,,33.65,相邻速度 32.3 与 35 km/h 的线性中点
2017-11-07 19:01:51,新增插值记录,,36.85,相邻速度 36.7 与 37 km/h 的线性中点
2017-11-07 19:02:17,新增插值记录,,31.200000000000003,相邻速度 30.6 与 31.8 km/h 的线性中点
2017-11-07 19:02:21,新增插值记录,,30.75,相邻速度 31.8 与 29.7 km/h 的线性中点
2017-11-07 19:03:53,车速限幅,24.4,23.156,"连续1秒允许范围 [0.000000, 23.156000] km/h"
2017-11-07 19:03:56,车速限幅,24.4,22.056,"连续1秒允许范围 [0.000000, 22.056000] km/h"
2017-11-07 19:05:03,新增插值记录,,0.0,相邻速度 0 与 0 km/h 的线性中点
2017-11-07 19:05:08,新增插值记录,,0.0,相邻速度 0 与 0 km/h 的线性中点
2017-11-07 19:06:32,新增插值记录,,4.55,相邻速度 4.1 与 5 km/h 的线性中点
2017-11-07 19:06:34,新增插值记录,,4.5,相邻速度 5 与 4 km/h 的线性中点
2017-11-07 19:07:15,删除长低速记录,1.9,1.9,连续低于10 km/h的记录超过180条
2017-11-07 19:07:16,删除长低速记录,1.9,1.9,连续低于10 km/h的记录超过180条
2017-11-07 19:07:17,删除长低速记录,1.4,1.4,连续低于10 km/h的记录超过180条
2017-11-07 19:07:18,删除长低速记录,0.0,0.0,连续低于10 km/h的记录超过180条
2017-11-07 19:07:19,删除长低速记录,0.0,0.0,连续低于10 km/h的记录超过180条
2017-11-07 19:07:20,删除长低速记录,0.0,0.0,连续低于10 km/h的记录超过180条
2017-11-07 19:07:21,删除长低速记录,1.6,1.6,连续低于10 km/h的记录超过180条
2017-11-07 19:07:22,删除长低速记录,2.0,2.0,连续低于10 km/h的记录超过180条
2017-11-07 19:07:23,删除长低速记录,2.3,2.3,连续低于10 km/h的记录超过180条
2017-11-07 19:07:24,删除长低速记录,5.3,5.3,连续低于10 km/h的记录超过180条
2017-11-07 19:07:25,删除长低速记录,5.3,5.3,连续低于10 km/h的记录超过180条
2017-11-07 19:07:26,删除长低速记录,0.0,0.0,连续低于10 km/h的记录超过180条
2017-11-07 19:07:27,删除长低速记录,0.0,0.0,连续低于10 km/h的记录超过180条
2017-11-07 19:07:28,删除长低速记录,6.0,6.0,连续低于10 km/h的记录超过180条
2017-11-07 19:07:29,删除长低速记录,7.5,7.5,连续低于10 km/h的记录超过180条
2017-11-07 19:07:30,删除长低速记录,2.7,2.7,连续低于10 km/h的记录超过180条
2017-11-07 19:07:31,删除长低速记录,3.0,3.0,连续低于10 km/h的记录超过180条
2017-11-07 19:07:32,删除长低速记录,0.0,0.0,连续低于10 km/h的记录超过180条
2017-11-07 19:07:33,删除长低速记录,0.0,0.0,连续低于10 km/h的记录超过180条
2017-11-07 19:07:34,删除长低速记录,0.0,0.0,连续低于10 km/h的记录超过180条
2017-11-07 19:07:35,删除长低速记录,0.0,0.0,连续低于10 km/h的记录超过180条
2017-11-07 19:07:36,删除长低速记录,0.0,0.0,连续低于10 km/h的记录超过180条
2017-11-07 19:07:37,删除长低速记录,2.4,2.4,连续低于10 km/h的记录超过180条
2017-11-07 19:07:38,删除长低速记录,2.0,2.0,连续低于10 km/h的记录超过180条
2017-11-07 19:07:39,删除长低速记录,1.9,1.9,连续低于10 km/h的记录超过180条
2017-11-07 19:07:40,删除长低速记录,4.0,4.0,连续低于10 km/h的记录超过180条
2017-11-07 19:07:41,删除长低速记录,3.9,3.9,连续低于10 km/h的记录超过180条
2017-11-07 19:07:42,删除长低速记录,2.3,2.3,连续低于10 km/h的记录超过180条
2017-11-07 19:07:43,删除长低速记录,1.8,1.8,连续低于10 km/h的记录超过180条
2017-11-07 19:07:44,删除长低速记录,1.9,1.9,连续低于10 km/h的记录超过180条
2017-11-07 19:07:45,删除长低速记录,2.0,2.0,连续低于10 km/h的记录超过180条
2017-11-07 19:07:46,删除长低速记录,2.0,2.0,连续低于10 km/h的记录超过180条
2017-11-07 19:07:47,删除长低速记录,2.1,2.1,连续低于10 km/h的记录超过180条
2017-11-07 19:07:48,删除长低速记录,2.1,2.1,连续低于10 km/h的记录超过180条
2017-11-07 19:07:49,删除长低速记录,2.1,2.1,连续低于10 km/h的记录超过180条
2017-11-07 19:07:50,删除长低速记录,2.7,2.7,连续低于10 km/h的记录超过180条
2017-11-07 19:07:51,删除长低速记录,2.7,2.7,连续低于10 km/h的记录超过180条
2017-11-07 19:07:52,删除长低速记录,2.8,2.8,连续低于10 km/h的记录超过180条
2017-11-07 19:07:53,删除长低速记录,2.7,2.7,连续低于10 km/h的记录超过180条
2017-11-07 19:07:54,删除长低速记录,0.0,0.0,连续低于10 km/h的记录超过180条
2017-11-07 19:07:55,删除长低速记录,0.0,0.0,连续低于10 km/h的记录超过180条
2017-11-07 19:07:56,删除长低速记录,0.0,0.0,连续低于10 km/h的记录超过180条
2017-11-07 19:07:57,删除长低速记录,0.0,0.0,连续低于10 km/h的记录超过180条
2017-11-07 19:07:58,删除长低速记录,0.0,0.0,连续低于10 km/h的记录超过180条
2017-11-07 19:07:59,删除长低速记录,0.0,0.0,连续低于10 km/h的记录超过180条
2017-11-07 19:08:00,删除长低速记录,0.0,0.0,连续低于10 km/h的记录超过180条
2017-11-07 19:08:01,删除长低速记录,0.0,0.0,连续低于10 km/h的记录超过180条
2017-11-07 19:08:02,删除长低速记录,0.0,0.0,连续低于10 km/h的记录超过180条
2017-11-07 19:08:03,删除长低速记录,1.5,1.5,连续低于10 km/h的记录超过180条
2017-11-07 19:08:04,删除长低速记录,0.0,0.0,连续低于10 km/h的记录超过180条
2017-11-07 19:08:05,删除长低速记录,0.0,0.0,连续低于10 km/h的记录超过180条
2017-11-07 19:08:06,删除长低速记录,0.0,0.0,连续低于10 km/h的记录超过180条
2017-11-07 19:08:07,删除长低速记录,0.0,0.0,连续低于10 km/h的记录超过180条
2017-11-07 19:08:08,删除长低速记录,0.0,0.0,连续低于10 km/h的记录超过180条
2017-11-07 19:08:09,删除长低速记录,1.6,1.6,连续低于10 km/h的记录超过180条
2017-11-07 19:08:10,删除长低速记录,0.0,0.0,连续低于10 km/h的记录超过180条
2017-11-07 19:08:11,删除长低速记录,0.0,0.0,连续低于10 km/h的记录超过180条
2017-11-07 19:08:12,删除长低速记录,0.0,0.0,连续低于10 km/h的记录超过180条
2017-11-07 19:08:13,删除长低速记录,0.0,0.0,连续低于10 km/h的记录超过180条
2017-11-07 19:08:14,删除长低速记录,0.0,0.0,连续低于10 km/h的记录超过180条
2017-11-07 19:08:15,删除长低速记录,0.0,0.0,连续低于10 km/h的记录超过180条
2017-11-07 19:08:16,删除长低速记录,0.0,0.0,连续低于10 km/h的记录超过180条
2017-11-07 19:08:17,删除长低速记录,0.0,0.0,连续低于10 km/h的记录超过180条
2017-11-07 19:08:18,删除长低速记录,0.0,0.0,连续低于10 km/h的记录超过180条
2017-11-07 19:08:19,删除长低速记录,0.0,0.0,连续低于10 km/h的记录超过180条
2017-11-07 19:08:20,删除长低速记录,0.0,0.0,连续低于10 km/h的记录超过180条
2017-11-07 19:08:21,删除长低速记录,0.0,0.0,连续低于10 km/h的记录超过180条
2017-11-07 19:08:22,删除长低速记录,0.0,0.0,连续低于10 km/h的记录超过180条
2017-11-07 19:08:23,删除长低速记录,0.0,0.0,连续低于10 km/h的记录超过180条
2017-11-07 19:08:24,删除长低速记录,0.0,0.0,连续低于10 km/h的记录超过180条
2017-11-07 19:08:25,删除长低速记录,0.0,0.0,连续低于10 km/h的记录超过180条
2017-11-07 19:08:26,删除长低速记录,0.0,0.0,连续低于10 km/h的记录超过180条
2017-11-07 19:08:27,删除长低速记录,1.6,1.6,连续低于10 km/h的记录超过180条
2017-11-07 19:08:28,删除长低速记录,0.0,0.0,连续低于10 km/h的记录超过180条
2017-11-07 19:08:29,删除长低速记录,0.0,0.0,连续低于10 km/h的记录超过180条
2017-11-07 19:08:30,删除长低速记录,0.0,0.0,连续低于10 km/h的记录超过180条
2017-11-07 19:08:31,删除长低速记录,0.0,0.0,连续低于10 km/h的记录超过180条
2017-11-07 19:08:32,删除长低速记录,0.0,0.0,连续低于10 km/h的记录超过180条
2017-11-07 19:08:33,删除长低速记录,0.0,0.0,连续低于10 km/h的记录超过180条
2017-11-07 19:08:34,删除长低速记录,0.0,0.0,连续低于10 km/h的记录超过180条
2017-11-07 19:08:35,删除长低速记录,0.0,0.0,连续低于10 km/h的记录超过180条
2017-11-07 19:08:36,删除长低速记录,0.0,0.0,连续低于10 km/h的记录超过180条
2017-11-07 19:08:37,删除长低速记录,0.0,0.0,连续低于10 km/h的记录超过180条
2017-11-07 19:08:38,删除长低速记录,0.0,0.0,连续低于10 km/h的记录超过180条
2017-11-07 19:08:39,删除长低速记录,0.0,0.0,连续低于10 km/h的记录超过180条
2017-11-07 19:08:40,删除长低速记录,0.0,0.0,连续低于10 km/h的记录超过180条
2017-11-07 19:08:41,删除长低速记录,0.0,0.0,连续低于10 km/h的记录超过180条
2017-11-07 19:08:42,删除长低速记录,0.0,0.0,连续低于10 km/h的记录超过180条
2017-11-07 19:08:43,删除长低速记录,0.0,0.0,连续低于10 km/h的记录超过180条
2017-11-07 19:08:44,删除长低速记录,0.0,0.0,连续低于10 km/h的记录超过180条
2017-11-07 19:08:45,删除长低速记录,0.0,0.0,连续低于10 km/h的记录超过180条
2017-11-07 19:08:46,删除长低速记录,0.0,0.0,连续低于10 km/h的记录超过180条
2017-11-07 19:08:47,删除长低速记录,0.0,0.0,连续低于10 km/h的记录超过180条
2017-11-07 19:08:48,删除长低速记录,0.0,0.0,连续低于10 km/h的记录超过180条
2017-11-07 19:08:49,删除长低速记录,0.0,0.0,连续低于10 km/h的记录超过180条
2017-11-07 19:08:50,删除长低速记录,0.0,0.0,连续低于10 km/h的记录超过180条
2017-11-07 19:08:51,删除长低速记录,0.0,0.0,连续低于10 km/h的记录超过180条
2017-11-07 19:08:52,删除长低速记录,1.6,1.6,连续低于10 km/h的记录超过180条
2017-11-07 19:08:53,删除长低速记录,0.0,0.0,连续低于10 km/h的记录超过180条
2017-11-07 19:08:54,删除长低速记录,0.0,0.0,连续低于10 km/h的记录超过180条
2017-11-07 19:08:55,删除长低速记录,0.0,0.0,连续低于10 km/h的记录超过180条
2017-11-07 19:08:56,删除长低速记录,0.0,0.0,连续低于10 km/h的记录超过180条
2017-11-07 19:08:57,删除长低速记录,0.0,0.0,连续低于10 km/h的记录超过180条
2017-11-07 19:08:58,删除长低速记录,0.0,0.0,连续低于10 km/h的记录超过180条
2017-11-07 19:08:59,删除长低速记录,0.0,0.0,连续低于10 km/h的记录超过180条
2017-11-07 19:09:00,删除长低速记录,5.4,5.4,连续低于10 km/h的记录超过180条
2017-11-07 19:09:01,删除长低速记录,8.5,8.5,连续低于10 km/h的记录超过180条
2017-11-07 19:09:02,删除长低速记录,8.6,8.6,连续低于10 km/h的记录超过180条
2017-11-07 19:09:03,删除长低速记录,7.5,7.5,连续低于10 km/h的记录超过180条
2017-11-07 19:09:04,删除长低速记录,6.0,6.0,连续低于10 km/h的记录超过180条
2017-11-07 19:09:05,删除长低速记录,5.9,5.9,连续低于10 km/h的记录超过180条
2017-11-07 19:09:06,删除长低速记录,5.9,5.9,连续低于10 km/h的记录超过180条
2017-11-07 19:09:07,删除长低速记录,5.8,5.8,连续低于10 km/h的记录超过180条
2017-11-07 19:09:08,删除长低速记录,6.3,6.3,连续低于10 km/h的记录超过180条
2017-11-07 19:09:09,删除长低速记录,6.4,6.4,连续低于10 km/h的记录超过180条
2017-11-07 19:09:10,删除长低速记录,7.2,7.2,连续低于10 km/h的记录超过180条
2017-11-07 19:09:11,删除长低速记录,7.7,7.7,连续低于10 km/h的记录超过180条
2017-11-07 19:09:12,删除长低速记录,7.0,7.0,连续低于10 km/h的记录超过180条
2017-11-07 19:09:13,删除长低速记录,7.1,7.1,连续低于10 km/h的记录超过180条
2017-11-07 19:09:14,删除长低速记录,8.0,8.0,连续低于10 km/h的记录超过180条
2017-11-07 19:09:15,删除长低速记录,8.0,8.0,连续低于10 km/h的记录超过180条
2017-11-07 19:09:16,删除长低速记录,6.7,6.7,连续低于10 km/h的记录超过180条
2017-11-07 19:09:17,删除长低速记录,6.8,6.8,连续低于10 km/h的记录超过180条
2017-11-07 19:09:18,删除长低速记录,5.9,5.9,连续低于10 km/h的记录超过180条
2017-11-07 19:09:19,删除长低速记录,4.5,4.5,连续低于10 km/h的记录超过180条
2017-11-07 19:09:20,删除长低速记录,2.3,2.3,连续低于10 km/h的记录超过180条
2017-11-07 19:09:21,删除长低速记录,0.0,0.0,连续低于10 km/h的记录超过180条
2017-11-07 19:09:22,删除长低速记录,0.0,0.0,连续低于10 km/h的记录超过180条
2017-11-07 19:09:23,删除长低速记录,0.0,0.0,连续低于10 km/h的记录超过180条
2017-11-07 19:09:24,删除长低速记录,0.0,0.0,连续低于10 km/h的记录超过180条
2017-11-07 19:09:25,删除长低速记录,0.0,0.0,连续低于10 km/h的记录超过180条
2017-11-07 19:09:26,删除长低速记录,0.0,0.0,连续低于10 km/h的记录超过180条
2017-11-07 19:09:27,删除长低速记录,0.0,0.0,连续低于10 km/h的记录超过180条
2017-11-07 19:09:28,删除长低速记录,0.0,0.0,连续低于10 km/h的记录超过180条
2017-11-07 19:09:29,删除长低速记录,0.0,0.0,连续低于10 km/h的记录超过180条
2017-11-07 19:09:30,删除长低速记录,0.0,0.0,连续低于10 km/h的记录超过180条
2017-11-07 19:09:31,删除长低速记录,0.0,0.0,连续低于10 km/h的记录超过180条
2017-11-07 19:09:32,删除长低速记录,0.0,0.0,连续低于10 km/h的记录超过180条
2017-11-07 19:09:33,删除长低速记录,0.0,0.0,连续低于10 km/h的记录超过180条
2017-11-07 19:09:34,删除长低速记录,0.0,0.0,连续低于10 km/h的记录超过180条
2017-11-07 19:09:35,删除长低速记录,0.0,0.0,连续低于10 km/h的记录超过180条
2017-11-07 19:09:36,删除长低速记录,0.0,0.0,连续低于10 km/h的记录超过180条
2017-11-07 19:09:37,删除长低速记录,0.0,0.0,连续低于10 km/h的记录超过180条
2017-11-07 19:09:38,删除长低速记录,0.0,0.0,连续低于10 km/h的记录超过180条
2017-11-07 19:09:39,删除长低速记录,0.0,0.0,连续低于10 km/h的记录超过180条
2017-11-07 19:09:40,删除长低速记录,0.0,0.0,连续低于10 km/h的记录超过180条
2017-11-07 19:09:41,删除长低速记录,0.0,0.0,连续低于10 km/h的记录超过180条
2017-11-07 19:09:42,删除长低速记录,0.0,0.0,连续低于10 km/h的记录超过180条
2017-11-07 19:09:43,删除长低速记录,0.0,0.0,连续低于10 km/h的记录超过180条
2017-11-07 19:09:44,删除长低速记录,0.0,0.0,连续低于10 km/h的记录超过180条
2017-11-07 19:09:45,删除长低速记录,0.0,0.0,连续低于10 km/h的记录超过180条
2017-11-07 19:09:46,删除长低速记录,0.0,0.0,连续低于10 km/h的记录超过180条
2017-11-07 19:09:47,删除长低速记录,0.0,0.0,连续低于10 km/h的记录超过180条
2017-11-07 19:09:48,删除长低速记录,0.0,0.0,连续低于10 km/h的记录超过180条
