时间,处理类型,原GPS车速,处理后GPS车速,说明
2017-12-18 14:10:39,车速限幅,15.2,14.256,"连续1秒允许范围 [0.000000, 14.256000] km/h"
2017-12-18 14:17:18,新增插值记录,,37.849999999999994,相邻速度 34.8 与 40.9 km/h 的线性中点
2017-12-18 14:26:22,新增插值记录,,39.5,相邻速度 40.4 与 38.6 km/h 的线性中点
2017-12-18 15:43:03,新增插值记录,,20.299999999999997,相邻速度 20.2 与 20.4 km/h 的线性中点
2017-12-18 15:44:34,新增插值记录,,21.1,相邻速度 21.3 与 20.9 km/h 的线性中点
2017-12-18 15:52:32,新增插值记录,,17.0,相邻速度 17.2 与 16.8 km/h 的线性中点
2017-12-18 18:04:42,新增插值记录,,33.85,相邻速度 31.3 与 36.4 km/h 的线性中点
2017-12-18 18:04:44,新增插值记录,,37.95,相邻速度 36.4 与 39.5 km/h 的线性中点
2017-12-18 18:05:11,车速限幅,51.7,48.256,"连续1秒允许范围 [5.200000, 48.256000] km/h"
2017-12-18 21:33:34,新增插值记录,,5.45,相邻速度 5 与 5.9 km/h 的线性中点
2017-12-19 00:01:44,新增插值记录,,87.6,相邻速度 87.6 与 87.6 km/h 的线性中点
2017-12-19 00:01:48,新增插值记录,,87.6,相邻速度 87.6 与 87.6 km/h 的线性中点
2017-12-19 00:01:58,新增插值记录,,87.6,相邻速度 87.6 与 87.6 km/h 的线性中点
2017-12-19 00:02:04,新增插值记录,,87.6,相邻速度 87.6 与 87.6 km/h 的线性中点
2017-12-19 00:02:17,新增插值记录,,87.6,相邻速度 87.6 与 87.6 km/h 的线性中点
2017-12-19 00:02:20,新增插值记录,,87.6,相邻速度 87.6 与 87.6 km/h 的线性中点
2017-12-19 00:05:41,新增插值记录,,86.3,相邻速度 86.3 与 86.3 km/h 的线性中点
2017-12-19 00:11:13,新增插值记录,,66.9,相邻速度 66.5 与 67.3 km/h 的线性中点
2017-12-19 00:29:58,新增插值记录,,0.8500000000000001,相邻速度 1.3 与 0.4 km/h 的线性中点
2017-12-19 03:08:00,新增插值记录,,29.65,相邻速度 28.3 与 31 km/h 的线性中点
2017-12-19 07:24:27,删除长低速记录,0.0,0.0,连续低于10 km/h的记录超过180条
2017-12-19 07:24:28,删除长低速记录,0.0,0.0,连续低于10 km/h的记录超过180条
2017-12-19 07:24:29,删除长低速记录,0.0,0.0,连续低于10 km/h的记录超过180条
2017-12-19 07:24:30,删除长低速记录,0.0,0.0,连续低于10 km/h的记录超过180条
2017-12-19 07:24:31,删除长低速记录,0.0,0.0,连续低于10 km/h的记录超过180条
2017-12-19 07:24:32,删除长低速记录,0.0,0.0,连续低于10 km/h的记录超过180条
2017-12-19 07:24:33,删除长低速记录,0.0,0.0,连续低于10 km/h的记录超过180条
2017-12-19 07:24:34,删除长低速记录,0.0,0.0,连续低于10 km/h的记录超过180条
2017-12-19 07:24:35,删除长低速记录,0.0,0.0,连续低于10 km/h的记录超过180条
2017-12-19 07:24:36,删除长低速记录,0.0,0.0,连续低于10 km/h的记录超过180条
2017-12-19 07:24:37,删除长低速记录,0.0,0.0,连续低于10 km/h的记录超过180条
2017-12-19 07:24:38,删除长低速记录,0.0,0.0,连续低于10 km/h的记录超过180条
2017-12-19 07:24:39,删除长低速记录,0.0,0.0,连续低于10 km/h的记录超过180条
2017-12-19 07:24:40,删除长低速记录,0.0,0.0,连续低于10 km/h的记录超过180条
2017-12-19 07:24:41,删除长低速记录,0.0,0.0,连续低于10 km/h的记录超过180条
2017-12-19 07:24:42,删除长低速记录,0.0,0.0,连续低于10 km/h的记录超过180条
2017-12-19 07:24:43,删除长低速记录,0.0,0.0,连续低于10 km/h的记录超过180条
2017-12-19 07:24:44,删除长低速记录,0.0,0.0,连续低于10 km/h的记录超过180条
2017-12-19 07:24:45,删除长低速记录,0.0,0.0,连续低于10 km/h的记录超过180条
2017-12-19 07:24:46,删除长低速记录,2.0,2.0,连续低于10 km/h的记录超过180条
2017-12-19 07:24:47,删除长低速记录,2.8,2.8,连续低于10 km/h的记录超过180条
2017-12-19 07:24:48,删除长低速记录,4.0,4.0,连续低于10 km/h的记录超过180条
2017-12-19 07:24:49,删除长低速记录,5.5,5.5,连续低于10 km/h的记录超过180条
2017-12-19 07:24:50,删除长低速记录,7.2,7.2,连续低于10 km/h的记录超过180条
2017-12-19 07:24:51,删除长低速记录,6.3,6.3,连续低于10 km/h的记录超过180条
2017-12-19 07:24:52,删除长低速记录,6.9,6.9,连续低于10 km/h的记录超过180条
2017-12-19 07:24:53,删除长低速记录,5.4,5.4,连续低于10 km/h的记录超过180条
2017-12-19 07:24:54,删除长低速记录,4.7,4.7,连续低于10 km/h的记录超过180条
2017-12-19 07:24:55,删除长低速记录,3.3,3.3,连续低于10 km/h的记录超过180条
2017-12-19 07:24:56,删除长低速记录,2.8,2.8,连续低于10 km/h的记录超过180条
2017-12-19 07:24:57,删除长低速记录,3.5,3.5,连续低于10 km/h的记录超过180条
2017-12-19 07:24:58,删除长低速记录,4.6,4.6,连续低于10 km/h的记录超过180条
2017-12-19 07:24:59,删除长低速记录,5.2,5.2,连续低于10 km/h的记录超过180条
2017-12-19 07:25:00,删除长低速记录,6.4,6.4,连续低于10 km/h的记录超过180条
2017-12-19 07:25:01,删除长低速记录,7.5,7.5,连续低于10 km/h的记录超过180条
2017-12-19 07:25:02,删除长低速记录,6.0,6.0,连续低于10 km/h的记录超过180条
2017-12-19 07:25:03,删除长低速记录,3.2,3.2,连续低于10 km/h的记录超过180条
2017-12-19 07:25:04,删除长低速记录,0.0,0.0,连续低于10 km/h的记录超过180条
2017-12-19 07:25:05,删除长低速记录,0.0,0.0,连续低于10 km/h的记录超过180条
2017-12-19 07:25:06,删除长低速记录,0.0,0.0,连续低于10 km/h的记录超过180条
2017-12-19 07:25:07,删除长低速记录,0.0,0.0,连续低于10 km/h的记录超过180条
2017-12-19 07:25:08,删除长低速记录,3.2,3.2,连续低于10 km/h的记录超过180条
2017-12-19 07:25:09,删除长低速记录,2.5,2.5,连续低于10 km/h的记录超过180条
2017-12-19 07:25:10,删除长低速记录,1.4,1.4,连续低于10 km/h的记录超过180条
2017-12-19 07:25:11,删除长低速记录,0.0,0.0,连续低于10 km/h的记录超过180条
2017-12-19 07:25:12,删除长低速记录,0.0,0.0,连续低于10 km/h的记录超过180条
2017-12-19 07:25:13,删除长低速记录,0.0,0.0,连续低于10 km/h的记录超过180条
2017-12-19 07:25:14,删除长低速记录,0.0,0.0,连续低于10 km/h的记录超过180条
2017-12-19 07:25:15,删除长低速记录,0.0,0.0,连续低于10 km/h的记录超过180条
2017-12-19 07:25:16,删除长低速记录,0.0,0.0,连续低于10 km/h的记录超过180条
2017-12-19 07:25:17,删除长低速记录,0.0,0.0,连续低于10 km/h的记录超过180条
2017-12-19 07:25:18,删除长低速记录,0.0,0.0,连续低于10 km/h的记录超过180条
2017-12-19 07:25:19,删除长低速记录,0.0,0.0,连续低于10 km/h的记录超过180条
2017-12-19 07:25:20,删除长低速记录,0.0,0.0,连续低于10 km/h的记录超过180条
2017-12-19 07:25:21,删除长低速记录,0.0,0.0,连续低于10 km/h的记录超过180条
2017-12-19 07:25:22,删除长低速记录,0.0,0.0,连续低于10 km/h的记录超过180条
2017-12-19 07:25:23,删除长低速记录,0.0,0.0,连续低于10 km/h的记录超过180条
2017-12-19 07:25:24,删除长低速记录,0.0,0.0,连续低于10 km/h的记录超过180条
2017-12-19 07:25:25,删除长低速记录,0.0,0.0,连续低于10 km/h的记录超过180条
2017-12-19 07:25:26,删除长低速记录,5.2,5.2,连续低于10 km/h的记录超过180条
2017-12-19 07:25:27,删除长低速记录,9.5,9.5,连续低于10 km/h的记录超过180条
2017-12-19 07:25:28,删除长低速记录,8.0,8.0,连续低于10 km/h的记录超过180条
2017-12-19 07:25:29,删除长低速记录,8.4,8.4,连续低于10 km/h的记录超过180条
2017-12-19 07:52:21,删除长低速记录,0.0,0.0,连续低于10 km/h的记录超过180条
2017-12-19 07:52:22,删除长低速记录,0.0,0.0,连续低于10 km/h的记录超过180条
2017-12-19 07:52:23,删除长低速记录,0.0,0.0,连续低于10 km/h的记录超过180条
2017-12-19 07:52:24,删除长低速记录,0.0,0.0,连续低于10 km/h的记录超过180条
2017-12-19 07:52:25,删除长低速记录,0.0,0.0,连续低于10 km/h的记录超过180条
2017-12-19 07:52:26,删除长低速记录,0.0,0.0,连续低于10 km/h的记录超过180条
2017-12-19 07:52:27,删除长低速记录,0.0,0.0,连续低于10 km/h的记录超过180条
2017-12-19 07:52:28,删除长低速记录,0.0,0.0,连续低于10 km/h的记录超过180条
2017-12-19 07:52:29,删除长低速记录,0.0,0.0,连续低于10 km/h的记录超过180条
2017-12-19 07:52:30,删除长低速记录,0.0,0.0,连续低于10 km/h的记录超过180条
2017-12-19 07:52:31,删除长低速记录,0.0,0.0,连续低于10 km/h的记录超过180条
2017-12-19 07:52:32,删除长低速记录,0.0,0.0,连续低于10 km/h的记录超过180条
2017-12-19 07:52:33,删除长低速记录,0.0,0.0,连续低于10 km/h的记录超过180条
2017-12-19 07:52:34,删除长低速记录,0.0,0.0,连续低于10 km/h的记录超过180条
2017-12-19 07:52:35,删除长低速记录,0.0,0.0,连续低于10 km/h的记录超过180条
2017-12-19 07:52:36,删除长低速记录,0.0,0.0,连续低于10 km/h的记录超过180条
2017-12-19 07:52:37,删除长低速记录,0.0,0.0,连续低于10 km/h的记录超过180条
2017-12-19 07:52:38,删除长低速记录,0.0,0.0,连续低于10 km/h的记录超过180条
2017-12-19 07:52:39,删除长低速记录,0.0,0.0,连续低于10 km/h的记录超过180条
2017-12-19 07:52:40,删除长低速记录,0.0,0.0,连续低于10 km/h的记录超过180条
2017-12-19 07:52:41,删除长低速记录,0.0,0.0,连续低于10 km/h的记录超过180条
2017-12-19 07:52:42,删除长低速记录,0.0,0.0,连续低于10 km/h的记录超过180条
2017-12-19 07:52:43,删除长低速记录,0.0,0.0,连续低于10 km/h的记录超过180条
2017-12-19 07:52:44,删除长低速记录,0.0,0.0,连续低于10 km/h的记录超过180条
2017-12-19 07:52:45,删除长低速记录,0.0,0.0,连续低于10 km/h的记录超过180条
2017-12-19 07:52:46,删除长低速记录,0.0,0.0,连续低于10 km/h的记录超过180条
2017-12-19 07:52:47,删除长低速记录,0.0,0.0,连续低于10 km/h的记录超过180条
2017-12-19 07:52:48,删除长低速记录,0.0,0.0,连续低于10 km/h的记录超过180条
2017-12-19 07:52:49,删除长低速记录,0.0,0.0,连续低于10 km/h的记录超过180条
2017-12-19 07:52:50,删除长低速记录,0.0,0.0,连续低于10 km/h的记录超过180条
2017-12-19 07:52:51,删除长低速记录,0.0,0.0,连续低于10 km/h的记录超过180条
2017-12-19 07:52:52,删除长低速记录,0.0,0.0,连续低于10 km/h的记录超过180条
2017-12-19 07:52:53,删除长低速记录,0.0,0.0,连续低于10 km/h的记录超过180条
2017-12-19 07:52:54,删除长低速记录,0.0,0.0,连续低于10 km/h的记录超过180条
2017-12-19 07:52:55,删除长低速记录,0.0,0.0,连续低于10 km/h的记录超过180条
2017-12-19 07:52:56,删除长低速记录,0.0,0.0,连续低于10 km/h的记录超过180条
2017-12-19 07:52:57,删除长低速记录,0.0,0.0,连续低于10 km/h的记录超过180条
2017-12-19 07:52:58,删除长低速记录,0.0,0.0,连续低于10 km/h的记录超过180条
2017-12-19 07:52:59,删除长低速记录,0.0,0.0,连续低于10 km/h的记录超过180条
2017-12-19 07:53:00,删除长低速记录,0.0,0.0,连续低于10 km/h的记录超过180条
2017-12-19 07:53:01,删除长低速记录,0.0,0.0,连续低于10 km/h的记录超过180条
2017-12-19 07:53:02,删除长低速记录,0.0,0.0,连续低于10 km/h的记录超过180条
2017-12-19 07:53:03,删除长低速记录,0.0,0.0,连续低于10 km/h的记录超过180条
2017-12-19 07:53:04,删除长低速记录,0.0,0.0,连续低于10 km/h的记录超过180条
2017-12-19 07:53:05,删除长低速记录,0.0,0.0,连续低于10 km/h的记录超过180条
2017-12-19 07:53:06,删除长低速记录,0.0,0.0,连续低于10 km/h的记录超过180条
2017-12-19 07:53:07,删除长低速记录,0.0,0.0,连续低于10 km/h的记录超过180条
2017-12-19 07:53:08,删除长低速记录,0.0,0.0,连续低于10 km/h的记录超过180条
2017-12-19 07:53:09,删除长低速记录,0.0,0.0,连续低于10 km/h的记录超过180条
2017-12-19 07:53:10,删除长低速记录,0.0,0.0,连续低于10 km/h的记录超过180条
2017-12-19 07:53:11,删除长低速记录,0.0,0.0,连续低于10 km/h的记录超过180条
2017-12-19 07:53:12,删除长低速记录,0.0,0.0,连续低于10 km/h的记录超过180条
2017-12-19 07:53:13,删除长低速记录,0.0,0.0,连续低于10 km/h的记录超过180条
2017-12-19 07:53:14,删除长低速记录,0.0,0.0,连续低于10 km/h的记录超过180条
2017-12-19 07:53:15,删除长低速记录,0.0,0.0,连续低于10 km/h的记录超过180条
2017-12-19 07:53:16,删除长低速记录,0.0,0.0,连续低于10 km/h的记录超过180条
2017-12-19 07:53:17,删除长低速记录,0.0,0.0,连续低于10 km/h的记录超过180条
2017-12-19 07:53:18,删除长低速记录,0.0,0.0,连续低于10 km/h的记录超过180条
2017-12-19 07:53:19,删除长低速记录,0.0,0.0,连续低于10 km/h的记录超过180条
2017-12-19 07:53:20,删除长低速记录,0.0,0.0,连续低于10 km/h的记录超过180条
2017-12-19 07:53:21,删除长低速记录,0.0,0.0,连续低于10 km/h的记录超过180条
2017-12-19 07:53:22,删除长低速记录,0.0,0.0,连续低于10 km/h的记录超过180条
2017-12-19 07:53:23,删除长低速记录,0.0,0.0,连续低于10 km/h的记录超过180条
2017-12-19 07:53:24,删除长低速记录,0.0,0.0,连续低于10 km/h的记录超过180条
2017-12-19 07:53:25,删除长低速记录,5.7,5.7,连续低于10 km/h的记录超过180条
2017-12-19 07:53:26,删除长低速记录,8.7,8.7,连续低于10 km/h的记录超过180条
2017-12-19 11:17:01,新增插值记录,,70.7,相邻速度 70.7 与 70.7 km/h 的线性中点
2017-12-19 12:37:44,车速限幅,35.7,35.556,"连续1秒允许范围 [0.000000, 35.556000] km/h"
2017-12-19 12:37:58,新增插值记录,,35.95,相邻速度 36.2 与 35.7 km/h 的线性中点
2017-12-19 12:39:58,车速限幅,45.7,40.656,"连续1秒允许范围 [0.000000, 40.656000] km/h"
2017-12-19 13:37:23,新增插值记录,,23.6,相邻速度 23.3 与 23.9 km/h 的线性中点
2017-12-19 13:39:22,新增插值记录,,24.15,相邻速度 24.7 与 23.6 km/h 的线性中点
2017-12-19 13:40:41,新增插值记录,,21.3,相邻速度 19.5 与 23.1 km/h 的线性中点
2017-12-19 13:41:03,新增插值记录,,27.6,相邻速度 27.1 与 28.1 km/h 的线性中点
2017-12-19 14:18:27,新增插值记录,,82.0,相邻速度 82.1 与 81.9 km/h 的线性中点
2017-12-19 16:29:56,新增插值记录,,82.1,相邻速度 82.5 与 81.7 km/h 的线性中点
2017-12-19 19:18:03,新增插值记录,,7.1000000000000005,相邻速度 5.9 与 8.3 km/h 的线性中点
2017-12-20 06:58:32,新增插值记录,,35.7,相邻速度 36.8 与 34.6 km/h 的线性中点
2017-12-20 07:16:11,新增插值记录,,35.6,相邻速度 34.6 与 36.6 km/h 的线性中点
2017-12-20 07:18:06,新增插值记录,,37.6,相邻速度 38.2 与 37 km/h 的线性中点
2017-12-20 07:18:29,新增插值记录,,50.65,相邻速度 50.5 与 50.8 km/h 的线性中点
2017-12-20 07:18:37,新增插值记录,,51.35,相邻速度 51.5 与 51.2 km/h 的线性中点
2017-12-20 07:18:45,新增插值记录,,44.1,相邻速度 45.1 与 43.1 km/h 的线性中点
2017-12-20 08:01:38,新增插值记录,,41.9,相邻速度 41.3 与 42.5 km/h 的线性中点
2017-12-20 08:01:43,新增插值记录,,44.4,相邻速度 44 与 44.8 km/h 的线性中点
2017-12-20 08:02:02,车速限幅,41.8,40.656,"连续1秒允许范围 [0.000000, 40.656000] km/h"
2017-12-20 08:05:57,新增插值记录,,42.05,相邻速度 41.5 与 42.6 km/h 的线性中点
2017-12-20 08:06:03,新增插值记录,,33.55,相邻速度 41.2 与 25.9 km/h 的线性中点
2017-12-20 08:07:32,新增插值记录,,16.75,相邻速度 15.7 与 17.8 km/h 的线性中点
2017-12-20 08:07:56,车速限幅,33.1,30.656,"连续1秒允许范围 [0.000000, 30.656000] km/h"
2017-12-20 08:08:21,新增插值记录,,44.2,相邻速度 44.2 与 44.2 km/h 的线性中点
2017-12-20 09:19:41,新增插值记录,,26.75,相邻速度 25.1 与 28.4 km/h 的线性中点
2017-12-20 09:20:07,新增插值记录,,28.35,相邻速度 30 与 26.7 km/h 的线性中点
2017-12-20 11:04:26,新增插值记录,,33.0,相邻速度 33.5 与 32.5 km/h 的线性中点
2017-12-20 12:10:55,车速限幅,30.4,21.956,"连续1秒允许范围 [0.000000, 21.956000] km/h"
2017-12-20 12:11:03,新增插值记录,,30.65,相邻速度 29.2 与 32.1 km/h 的线性中点
2017-12-20 12:53:53,新增插值记录,,14.65,相邻速度 12.5 与 16.8 km/h 的线性中点
2017-12-20 12:57:01,新增插值记录,,20.1,相邻速度 19.6 与 20.6 km/h 的线性中点
2017-12-20 13:27:45,新增插值记录,,25.35,相邻速度 24.2 与 26.5 km/h 的线性中点
2017-12-20 13:27:57,新增插值记录,,30.2,相邻速度 30.4 与 30 km/h 的线性中点
2017-12-20 13:28:01,新增插值记录,,29.75,相邻速度 31.7 与 27.8 km/h 的线性中点
2017-12-20 13:28:16,车速限幅,29.9,18.756,"连续1秒允许范围 [0.000000, 18.756000] km/h"
2017-12-20 13:54:46,删除长低速记录,0.0,0.0,连续低于10 km/h的记录超过180条
2017-12-20 13:54:47,删除长低速记录,0.0,0.0,连续低于10 km/h的记录超过180条
2017-12-20 13:54:48,删除长低速记录,0.0,0.0,连续低于10 km/h的记录超过180条
2017-12-20 13:54:49,删除长低速记录,0.0,0.0,连续低于10 km/h的记录超过180条
2017-12-20 13:54:50,删除长低速记录,0.0,0.0,连续低于10 km/h的记录超过180条
2017-12-20 13:54:51,删除长低速记录,0.0,0.0,连续低于10 km/h的记录超过180条
2017-12-20 13:54:52,删除长低速记录,0.0,0.0,连续低于10 km/h的记录超过180条
2017-12-20 13:54:53,删除长低速记录,0.0,0.0,连续低于10 km/h的记录超过180条
2017-12-20 13:54:54,删除长低速记录,0.0,0.0,连续低于10 km/h的记录超过180条
2017-12-20 13:54:55,删除长低速记录,0.0,0.0,连续低于10 km/h的记录超过180条
2017-12-20 13:54:56,删除长低速记录,0.0,0.0,连续低于10 km/h的记录超过180条
2017-12-20 13:54:57,删除长低速记录,2.2,2.2,连续低于10 km/h的记录超过180条
2017-12-20 13:54:58,删除长低速记录,3.3,3.3,连续低于10 km/h的记录超过180条
2017-12-20 13:54:59,删除长低速记录,4.3,4.3,连续低于10 km/h的记录超过180条
2017-12-20 13:55:00,删除长低速记录,5.2,5.2,连续低于10 km/h的记录超过180条
2017-12-20 13:55:01,删除长低速记录,6.3,6.3,连续低于10 km/h的记录超过180条
2017-12-20 13:55:02,删除长低速记录,9.4,9.4,连续低于10 km/h的记录超过180条
2017-12-20 15:41:08,新增插值记录,,36.05,相邻速度 35.6 与 36.5 km/h 的线性中点
2017-12-20 15:41:55,新增插值记录,,36.85,相邻速度 39.7 与 34 km/h 的线性中点
2017-12-20 15:42:02,车速限幅,37.5,30.956,"连续1秒允许范围 [0.000000, 30.956000] km/h"
2017-12-20 22:51:35,新增插值记录,,37.099999999999994,相邻速度 36.9 与 37.3 km/h 的线性中点
2017-12-21 01:59:26,删除长低速记录,0.0,0.0,连续低于10 km/h的记录超过180条
2017-12-21 01:59:27,删除长低速记录,0.0,0.0,连续低于10 km/h的记录超过180条
2017-12-21 01:59:28,删除长低速记录,0.0,0.0,连续低于10 km/h的记录超过180条
2017-12-21 01:59:29,删除长低速记录,0.0,0.0,连续低于10 km/h的记录超过180条
2017-12-21 01:59:30,删除长低速记录,0.0,0.0,连续低于10 km/h的记录超过180条
2017-12-21 01:59:31,删除长低速记录,0.0,0.0,连续低于10 km/h的记录超过180条
2017-12-21 01:59:32,删除长低速记录,0.0,0.0,连续低于10 km/h的记录超过180条
2017-12-21 01:59:33,删除长低速记录,0.0,0.0,连续低于10 km/h的记录超过180条
2017-12-21 01:59:34,删除长低速记录,0.0,0.0,连续低于10 km/h的记录超过180条
2017-12-21 01:59:35,删除长低速记录,0.0,0.0,连续低于10 km/h的记录超过180条
2017-12-21 01:59:36,删除长低速记录,0.0,0.0,连续低于10 km/h的记录超过180条
2017-12-21 01:59:37,删除长低速记录,0.0,0.0,连续低于10 km/h的记录超过180条
2017-12-21 01:59:38,删除长低速记录,0.0,0.0,连续低于10 km/h的记录超过180条
2017-12-21 01:59:39,删除长低速记录,0.0,0.0,连续低于10 km/h的记录超过180条
2017-12-21 01:59:40,删除长低速记录,0.0,0.0,连续低于10 km/h的记录超过180条
2017-12-21 01:59:41,删除长低速记录,0.0,0.0,连续低于10 km/h的记录超过180条
2017-12-21 01:59:42,删除长低速记录,0.0,0.0,连续低于10 km/h的记录超过180条
2017-12-21 01:59:43,删除长低速记录,0.0,0.0,连续低于10 km/h的记录超过180条
2017-12-21 01:59:44,删除长低速记录,0.0,0.0,连续低于10 km/h的记录超过180条
2017-12-21 01:59:45,删除长低速记录,0.0,0.0,连续低于10 km/h的记录超过180条
2017-12-21 01:59:46,删除长低速记录,0.0,0.0,连续低于10 km/h的记录超过180条
2017-12-21 01:59:47,删除长低速记录,0.0,0.0,连续低于10 km/h的记录超过180条
2017-12-21 01:59:48,删除长低速记录,0.0,0.0,连续低于10 km/h的记录超过180条
2017-12-21 01:59:49,删除长低速记录,0.0,0.0,连续低于10 km/h的记录超过180条
2017-12-21 01:59:50,删除长低速记录,0.0,0.0,连续低于10 km/h的记录超过180条
2017-12-21 01:59:51,删除长低速记录,0.0,0.0,连续低于10 km/h的记录超过180条
2017-12-21 01:59:52,删除长低速记录,0.0,0.0,连续低于10 km/h的记录超过180条
2017-12-21 01:59:53,删除长低速记录,0.0,0.0,连续低于10 km/h的记录超过180条
2017-12-21 01:59:54,删除长低速记录,0.0,0.0,连续低于10 km/h的记录超过180条
2017-12-21 01:59:55,删除长低速记录,0.0,0.0,连续低于10 km/h的记录超过180条
2017-12-21 01:59:56,删除长低速记录,0.0,0.0,连续低于10 km/h的记录超过180条
2017-12-21 01:59:57,删除长低速记录,0.0,0.0,连续低于10 km/h的记录超过180条
2017-12-21 01:59:58,删除长低速记录,0.0,0.0,连续低于10 km/h的记录超过180条
2017-12-21 01:59:59,删除长低速记录,0.0,0.0,连续低于10 km/h的记录超过180条
2017-12-21 02:00:00,删除长低速记录,0.0,0.0,连续低于10 km/h的记录超过180条
2017-12-21 02:00:01,删除长低速记录,0.0,0.0,连续低于10 km/h的记录超过180条
2017-12-21 02:00:02,删除长低速记录,0.0,0.0,连续低于10 km/h的记录超过180条
2017-12-21 02:00:03,删除长低速记录,0.0,0.0,连续低于10 km/h的记录超过180条
2017-12-21 02:00:04,删除长低速记录,0.0,0.0,连续低于10 km/h的记录超过180条
2017-12-21 02:00:05,删除长低速记录,0.0,0.0,连续低于10 km/h的记录超过180条
2017-12-21 02:00:06,删除长低速记录,0.0,0.0,连续低于10 km/h的记录超过180条
2017-12-21 02:00:07,删除长低速记录,0.0,0.0,连续低于10 km/h的记录超过180条
2017-12-21 02:00:08,删除长低速记录,0.0,0.0,连续低于10 km/h的记录超过180条
2017-12-21 02:00:09,删除长低速记录,0.0,0.0,连续低于10 km/h的记录超过180条
2017-12-21 02:00:10,删除长低速记录,0.0,0.0,连续低于10 km/h的记录超过180条
2017-12-21 02:00:11,删除长低速记录,0.0,0.0,连续低于10 km/h的记录超过180条
2017-12-21 02:00:12,删除长低速记录,0.0,0.0,连续低于10 km/h的记录超过180条
2017-12-21 02:00:13,删除长低速记录,0.0,0.0,连续低于10 km/h的记录超过180条
2017-12-21 02:00:14,删除长低速记录,0.0,0.0,连续低于10 km/h的记录超过180条
2017-12-21 02:00:15,删除长低速记录,0.0,0.0,连续低于10 km/h的记录超过180条
2017-12-21 02:00:16,删除长低速记录,0.0,0.0,连续低于10 km/h的记录超过180条
2017-12-21 02:00:17,删除长低速记录,0.0,0.0,连续低于10 km/h的记录超过180条
2017-12-21 02:00:18,删除长低速记录,0.0,0.0,连续低于10 km/h的记录超过180条
2017-12-21 02:00:19,删除长低速记录,0.0,0.0,连续低于10 km/h的记录超过180条
2017-12-21 02:00:20,删除长低速记录,0.0,0.0,连续低于10 km/h的记录超过180条
2017-12-21 02:00:21,删除长低速记录,0.0,0.0,连续低于10 km/h的记录超过180条
2017-12-21 02:00:22,删除长低速记录,0.0,0.0,连续低于10 km/h的记录超过180条
2017-12-21 02:00:23,删除长低速记录,0.0,0.0,连续低于10 km/h的记录超过180条
2017-12-21 02:00:24,删除长低速记录,0.0,0.0,连续低于10 km/h的记录超过180条
2017-12-21 02:00:25,删除长低速记录,0.0,0.0,连续低于10 km/h的记录超过180条
2017-12-21 02:00:26,删除长低速记录,0.0,0.0,连续低于10 km/h的记录超过180条
2017-12-21 02:00:27,删除长低速记录,0.0,0.0,连续低于10 km/h的记录超过180条
2017-12-21 02:00:28,删除长低速记录,0.0,0.0,连续低于10 km/h的记录超过180条
2017-12-21 02:00:29,删除长低速记录,0.0,0.0,连续低于10 km/h的记录超过180条
2017-12-21 02:00:30,删除长低速记录,0.0,0.0,连续低于10 km/h的记录超过180条
2017-12-21 02:00:31,删除长低速记录,0.0,0.0,连续低于10 km/h的记录超过180条
2017-12-21 02:00:32,删除长低速记录,0.0,0.0,连续低于10 km/h的记录超过180条
2017-12-21 02:00:33,删除长低速记录,0.0,0.0,连续低于10 km/h的记录超过180条
2017-12-21 02:00:34,删除长低速记录,0.0,0.0,连续低于10 km/h的记录超过180条
2017-12-21 02:00:35,删除长低速记录,0.0,0.0,连续低于10 km/h的记录超过180条
2017-12-21 02:00:36,删除长低速记录,0.0,0.0,连续低于10 km/h的记录超过180条
2017-12-21 02:00:37,删除长低速记录,0.0,0.0,连续低于10 km/h的记录超过180条
2017-12-21 02:00:38,删除长低速记录,0.0,0.0,连续低于10 km/h的记录超过180条
2017-12-21 02:00:39,删除长低速记录,0.0,0.0,连续低于10 km/h的记录超过180条
2017-12-21 02:00:40,删除长低速记录,0.0,0.0,连续低于10 km/h的记录超过180条
2017-12-21 02:00:41,删除长低速记录,0.0,0.0,连续低于10 km/h的记录超过180条
2017-12-21 02:00:42,删除长低速记录,0.0,0.0,连续低于10 km/h的记录超过180条
2017-12-21 02:00:43,删除长低速记录,0.0,0.0,连续低于10 km/h的记录超过180条
2017-12-21 02:00:44,删除长低速记录,0.0,0.0,连续低于10 km/h的记录超过180条
2017-12-21 02:00:45,删除长低速记录,0.0,0.0,连续低于10 km/h的记录超过180条
2017-12-21 02:00:46,删除长低速记录,0.0,0.0,连续低于10 km/h的记录超过180条
2017-12-21 02:00:47,删除长低速记录,0.0,0.0,连续低于10 km/h的记录超过180条
2017-12-21 02:00:48,删除长低速记录,0.0,0.0,连续低于10 km/h的记录超过180条
2017-12-21 02:00:49,删除长低速记录,0.0,0.0,连续低于10 km/h的记录超过180条
2017-12-21 02:00:50,删除长低速记录,0.0,0.0,连续低于10 km/h的记录超过180条
2017-12-21 02:00:51,删除长低速记录,0.0,0.0,连续低于10 km/h的记录超过180条
2017-12-21 02:00:52,删除长低速记录,0.0,0.0,连续低于10 km/h的记录超过180条
2017-12-21 02:00:53,删除长低速记录,0.0,0.0,连续低于10 km/h的记录超过180条
2017-12-21 02:00:54,删除长低速记录,0.0,0.0,连续低于10 km/h的记录超过180条
2017-12-21 02:00:55,删除长低速记录,0.0,0.0,连续低于10 km/h的记录超过180条
2017-12-21 02:00:56,删除长低速记录,0.0,0.0,连续低于10 km/h的记录超过180条
2017-12-21 02:00:57,删除长低速记录,0.0,0.0,连续低于10 km/h的记录超过180条
2017-12-21 02:00:58,删除长低速记录,0.0,0.0,连续低于10 km/h的记录超过180条
2017-12-21 02:00:59,删除长低速记录,0.0,0.0,连续低于10 km/h的记录超过180条
2017-12-21 02:01:00,删除长低速记录,0.0,0.0,连续低于10 km/h的记录超过180条
2017-12-21 02:01:01,删除长低速记录,0.0,0.0,连续低于10 km/h的记录超过180条
2017-12-21 02:01:02,删除长低速记录,0.0,0.0,连续低于10 km/h的记录超过180条
2017-12-21 02:01:03,删除长低速记录,0.0,0.0,连续低于10 km/h的记录超过180条
2017-12-21 02:01:04,删除长低速记录,0.0,0.0,连续低于10 km/h的记录超过180条
2017-12-21 02:01:05,删除长低速记录,0.0,0.0,连续低于10 km/h的记录超过180条
2017-12-21 02:01:06,删除长低速记录,0.0,0.0,连续低于10 km/h的记录超过180条
2017-12-21 02:01:07,删除长低速记录,0.0,0.0,连续低于10 km/h的记录超过180条
2017-12-21 02:01:08,删除长低速记录,0.0,0.0,连续低于10 km/h的记录超过180条
2017-12-21 02:01:09,删除长低速记录,0.0,0.0,连续低于10 km/h的记录超过180条
2017-12-21 02:01:10,删除长低速记录,0.0,0.0,连续低于10 km/h的记录超过180条
2017-12-21 02:01:11,删除长低速记录,0.0,0.0,连续低于10 km/h的记录超过180条
2017-12-21 02:01:12,删除长低速记录,0.0,0.0,连续低于10 km/h的记录超过180条
2017-12-21 02:01:13,删除长低速记录,0.0,0.0,连续低于10 km/h的记录超过180条
2017-12-21 02:01:14,删除长低速记录,0.0,0.0,连续低于10 km/h的记录超过180条
2017-12-21 02:01:15,删除长低速记录,0.0,0.0,连续低于10 km/h的记录超过180条
2017-12-21 02:01:16,删除长低速记录,0.0,0.0,连续低于10 km/h的记录超过180条
2017-12-21 02:01:17,删除长低速记录,0.0,0.0,连续低于10 km/h的记录超过180条
2017-12-21 02:01:18,删除长低速记录,0.0,0.0,连续低于10 km/h的记录超过180条
2017-12-21 02:01:19,删除长低速记录,0.0,0.0,连续低于10 km/h的记录超过180条
2017-12-21 02:01:20,删除长低速记录,0.0,0.0,连续低于10 km/h的记录超过180条
2017-12-21 02:01:21,删除长低速记录,0.0,0.0,连续低于10 km/h的记录超过180条
2017-12-21 02:01:22,删除长低速记录,0.0,0.0,连续低于10 km/h的记录超过180条
2017-12-21 02:01:23,删除长低速记录,0.0,0.0,连续低于10 km/h的记录超过180条
2017-12-21 02:01:24,删除长低速记录,0.0,0.0,连续低于10 km/h的记录超过180条
2017-12-21 02:01:25,删除长低速记录,0.0,0.0,连续低于10 km/h的记录超过180条
2017-12-21 02:01:26,删除长低速记录,0.0,0.0,连续低于10 km/h的记录超过180条
2017-12-21 02:01:27,删除长低速记录,0.0,0.0,连续低于10 km/h的记录超过180条
2017-12-21 02:01:28,删除长低速记录,0.0,0.0,连续低于10 km/h的记录超过180条
2017-12-21 02:01:29,删除长低速记录,0.0,0.0,连续低于10 km/h的记录超过180条
2017-12-21 02:01:30,删除长低速记录,0.0,0.0,连续低于10 km/h的记录超过180条
2017-12-21 02:01:31,删除长低速记录,0.0,0.0,连续低于10 km/h的记录超过180条
2017-12-21 02:01:32,删除长低速记录,0.0,0.0,连续低于10 km/h的记录超过180条
2017-12-21 02:01:33,删除长低速记录,0.0,0.0,连续低于10 km/h的记录超过180条
2017-12-21 02:01:34,删除长低速记录,0.0,0.0,连续低于10 km/h的记录超过180条
2017-12-21 02:01:35,删除长低速记录,0.0,0.0,连续低于10 km/h的记录超过180条
2017-12-21 02:01:36,删除长低速记录,0.0,0.0,连续低于10 km/h的记录超过180条
2017-12-21 02:01:37,删除长低速记录,0.0,0.0,连续低于10 km/h的记录超过180条
2017-12-21 02:01:38,删除长低速记录,0.0,0.0,连续低于10 km/h的记录超过180条
2017-12-21 02:01:39,删除长低速记录,0.0,0.0,连续低于10 km/h的记录超过180条
2017-12-21 02:01:40,删除长低速记录,0.0,0.0,连续低于10 km/h的记录超过180条
2017-12-21 02:01:41,删除长低速记录,0.0,0.0,连续低于10 km/h的记录超过180条
2017-12-21 02:01:42,删除长低速记录,0.0,0.0,连续低于10 km/h的记录超过180条
2017-12-21 02:01:43,删除长低速记录,0.0,0.0,连续低于10 km/h的记录超过180条
2017-12-21 02:01:44,删除长低速记录,0.0,0.0,连续低于10 km/h的记录超过180条
2017-12-21 02:01:45,删除长低速记录,0.0,0.0,连续低于10 km/h的记录超过180条
2017-12-21 02:01:46,删除长低速记录,0.0,0.0,连续低于10 km/h的记录超过180条
2017-12-21 02:01:47,删除长低速记录,0.0,0.0,连续低于10 km/h的记录超过180条
2017-12-21 02:01:48,删除长低速记录,0.0,0.0,连续低于10 km/h的记录超过180条
2017-12-21 02:01:49,删除长低速记录,0.0,0.0,连续低于10 km/h的记录超过180条
2017-12-21 02:01:50,删除长低速记录,0.0,0.0,连续低于10 km/h的记录超过180条
2017-12-21 02:01:51,删除长低速记录,0.0,0.0,连续低于10 km/h的记录超过180条
2017-12-21 02:01:52,删除长低速记录,0.0,0.0,连续低于10 km/h的记录超过180条
2017-12-21 02:01:53,删除长低速记录,0.0,0.0,连续低于10 km/h的记录超过180条
2017-12-21 02:01:54,删除长低速记录,0.0,0.0,连续低于10 km/h的记录超过180条
2017-12-21 02:01:55,删除长低速记录,0.0,0.0,连续低于10 km/h的记录超过180条
2017-12-21 02:01:56,删除长低速记录,0.0,0.0,连续低于10 km/h的记录超过180条
2017-12-21 02:01:57,删除长低速记录,0.0,0.0,连续低于10 km/h的记录超过180条
2017-12-21 02:01:58,删除长低速记录,0.0,0.0,连续低于10 km/h的记录超过180条
2017-12-21 02:01:59,删除长低速记录,0.0,0.0,连续低于10 km/h的记录超过180条
2017-12-21 02:02:00,删除长低速记录,0.0,0.0,连续低于10 km/h的记录超过180条
2017-12-21 02:02:01,删除长低速记录,0.0,0.0,连续低于10 km/h的记录超过180条
2017-12-21 02:02:02,删除长低速记录,0.0,0.0,连续低于10 km/h的记录超过180条
2017-12-21 02:02:03,删除长低速记录,0.0,0.0,连续低于10 km/h的记录超过180条
2017-12-21 02:02:04,删除长低速记录,0.0,0.0,连续低于10 km/h的记录超过180条
2017-12-21 02:02:05,删除长低速记录,0.0,0.0,连续低于10 km/h的记录超过180条
2017-12-21 02:02:06,删除长低速记录,0.0,0.0,连续低于10 km/h的记录超过180条
2017-12-21 02:02:07,删除长低速记录,0.0,0.0,连续低于10 km/h的记录超过180条
2017-12-21 02:02:08,删除长低速记录,0.0,0.0,连续低于10 km/h的记录超过180条
2017-12-21 02:02:09,删除长低速记录,0.0,0.0,连续低于10 km/h的记录超过180条
2017-12-21 02:02:10,删除长低速记录,0.0,0.0,连续低于10 km/h的记录超过180条
2017-12-21 02:02:11,删除长低速记录,0.0,0.0,连续低于10 km/h的记录超过180条
2017-12-21 02:02:12,删除长低速记录,0.0,0.0,连续低于10 km/h的记录超过180条
2017-12-21 02:02:13,删除长低速记录,0.0,0.0,连续低于10 km/h的记录超过180条
2017-12-21 02:02:14,删除长低速记录,0.0,0.0,连续低于10 km/h的记录超过180条
2017-12-21 02:02:15,删除长低速记录,0.0,0.0,连续低于10 km/h的记录超过180条
2017-12-21 02:02:16,删除长低速记录,0.0,0.0,连续低于10 km/h的记录超过180条
2017-12-21 02:02:17,删除长低速记录,0.0,0.0,连续低于10 km/h的记录超过180条
2017-12-21 02:02:18,删除长低速记录,0.0,0.0,连续低于10 km/h的记录超过180条
2017-12-21 02:02:19,删除长低速记录,0.0,0.0,连续低于10 km/h的记录超过180条
2017-12-21 02:02:20,删除长低速记录,0.0,0.0,连续低于10 km/h的记录超过180条
2017-12-21 02:02:21,删除长低速记录,0.0,0.0,连续低于10 km/h的记录超过180条
2017-12-21 02:02:22,删除长低速记录,0.0,0.0,连续低于10 km/h的记录超过180条
2017-12-21 02:02:23,删除长低速记录,0.0,0.0,连续低于10 km/h的记录超过180条
2017-12-21 02:02:24,删除长低速记录,0.0,0.0,连续低于10 km/h的记录超过180条
2017-12-21 02:02:25,删除长低速记录,0.0,0.0,连续低于10 km/h的记录超过180条
2017-12-21 02:02:26,删除长低速记录,0.0,0.0,连续低于10 km/h的记录超过180条
2017-12-21 02:02:27,删除长低速记录,0.0,0.0,连续低于10 km/h的记录超过180条
2017-12-21 02:02:28,删除长低速记录,0.0,0.0,连续低于10 km/h的记录超过180条
2017-12-21 02:02:29,删除长低速记录,0.0,0.0,连续低于10 km/h的记录超过180条
2017-12-21 02:02:30,删除长低速记录,0.0,0.0,连续低于10 km/h的记录超过180条
2017-12-21 02:02:31,删除长低速记录,0.0,0.0,连续低于10 km/h的记录超过180条
2017-12-21 02:02:32,删除长低速记录,0.0,0.0,连续低于10 km/h的记录超过180条
2017-12-21 02:02:33,删除长低速记录,0.0,0.0,连续低于10 km/h的记录超过180条
2017-12-21 02:02:34,删除长低速记录,0.0,0.0,连续低于10 km/h的记录超过180条
2017-12-21 02:02:35,删除长低速记录,0.0,0.0,连续低于10 km/h的记录超过180条
2017-12-21 02:02:36,删除长低速记录,0.0,0.0,连续低于10 km/h的记录超过180条
2017-12-21 02:02:37,删除长低速记录,0.0,0.0,连续低于10 km/h的记录超过180条
2017-12-21 02:02:38,删除长低速记录,0.0,0.0,连续低于10 km/h的记录超过180条
2017-12-21 02:02:39,删除长低速记录,0.0,0.0,连续低于10 km/h的记录超过180条
2017-12-21 02:02:40,删除长低速记录,0.0,0.0,连续低于10 km/h的记录超过180条
2017-12-21 02:02:41,删除长低速记录,0.0,0.0,连续低于10 km/h的记录超过180条
2017-12-21 02:02:42,删除长低速记录,0.0,0.0,连续低于10 km/h的记录超过180条
2017-12-21 02:02:43,删除长低速记录,0.0,0.0,连续低于10 km/h的记录超过180条
2017-12-21 02:02:44,删除长低速记录,0.0,0.0,连续低于10 km/h的记录超过180条
2017-12-21 02:02:45,删除长低速记录,0.0,0.0,连续低于10 km/h的记录超过180条
2017-12-21 02:02:46,删除长低速记录,0.0,0.0,连续低于10 km/h的记录超过180条
2017-12-21 02:02:47,删除长低速记录,0.0,0.0,连续低于10 km/h的记录超过180条
2017-12-21 02:02:48,删除长低速记录,0.0,0.0,连续低于10 km/h的记录超过180条
2017-12-21 02:02:49,删除长低速记录,0.0,0.0,连续低于10 km/h的记录超过180条
2017-12-21 02:02:50,删除长低速记录,0.0,0.0,连续低于10 km/h的记录超过180条
2017-12-21 02:02:51,删除长低速记录,0.0,0.0,连续低于10 km/h的记录超过180条
2017-12-21 02:02:52,删除长低速记录,0.0,0.0,连续低于10 km/h的记录超过180条
2017-12-21 02:02:53,删除长低速记录,0.0,0.0,连续低于10 km/h的记录超过180条
2017-12-21 02:02:54,删除长低速记录,0.0,0.0,连续低于10 km/h的记录超过180条
2017-12-21 02:02:55,删除长低速记录,0.0,0.0,连续低于10 km/h的记录超过180条
2017-12-21 02:02:56,删除长低速记录,0.0,0.0,连续低于10 km/h的记录超过180条
2017-12-21 02:02:57,删除长低速记录,0.0,0.0,连续低于10 km/h的记录超过180条
2017-12-21 02:02:58,删除长低速记录,0.0,0.0,连续低于10 km/h的记录超过180条
2017-12-21 02:02:59,删除长低速记录,0.0,0.0,连续低于10 km/h的记录超过180条
2017-12-21 02:03:00,删除长低速记录,0.0,0.0,连续低于10 km/h的记录超过180条
2017-12-21 02:03:01,删除长低速记录,0.0,0.0,连续低于10 km/h的记录超过180条
2017-12-21 02:03:02,删除长低速记录,0.0,0.0,连续低于10 km/h的记录超过180条
2017-12-21 02:03:03,删除长低速记录,0.0,0.0,连续低于10 km/h的记录超过180条
2017-12-21 02:03:04,删除长低速记录,0.0,0.0,连续低于10 km/h的记录超过180条
2017-12-21 02:03:05,删除长低速记录,0.0,0.0,连续低于10 km/h的记录超过180条
2017-12-21 02:03:06,删除长低速记录,0.0,0.0,连续低于10 km/h的记录超过180条
2017-12-21 02:03:07,删除长低速记录,0.0,0.0,连续低于10 km/h的记录超过180条
2017-12-21 02:03:08,删除长低速记录,0.0,0.0,连续低于10 km/h的记录超过180条
2017-12-21 02:03:09,删除长低速记录,0.0,0.0,连续低于10 km/h的记录超过180条
2017-12-21 02:03:10,删除长低速记录,0.0,0.0,连续低于10 km/h的记录超过180条
2017-12-21 02:03:11,删除长低速记录,0.0,0.0,连续低于10 km/h的记录超过180条
2017-12-21 02:03:12,删除长低速记录,0.0,0.0,连续低于10 km/h的记录超过180条
2017-12-21 02:03:13,删除长低速记录,0.0,0.0,连续低于10 km/h的记录超过180条
2017-12-21 02:03:14,删除长低速记录,0.0,0.0,连续低于10 km/h的记录超过180条
2017-12-21 02:03:15,删除长低速记录,0.0,0.0,连续低于10 km/h的记录超过180条
2017-12-21 02:03:16,删除长低速记录,0.0,0.0,连续低于10 km/h的记录超过180条
2017-12-21 02:03:17,删除长低速记录,0.0,0.0,连续低于10 km/h的记录超过180条
2017-12-21 02:03:18,删除长低速记录,0.0,0.0,连续低于10 km/h的记录超过180条
2017-12-21 02:03:19,删除长低速记录,0.0,0.0,连续低于10 km/h的记录超过180条
2017-12-21 02:03:20,删除长低速记录,0.0,0.0,连续低于10 km/h的记录超过180条
2017-12-21 02:03:21,删除长低速记录,0.0,0.0,连续低于10 km/h的记录超过180条
2017-12-21 02:03:22,删除长低速记录,0.0,0.0,连续低于10 km/h的记录超过180条
2017-12-21 02:03:23,删除长低速记录,0.0,0.0,连续低于10 km/h的记录超过180条
2017-12-21 02:03:24,删除长低速记录,0.0,0.0,连续低于10 km/h的记录超过180条
2017-12-21 02:03:25,删除长低速记录,0.0,0.0,连续低于10 km/h的记录超过180条
2017-12-21 02:03:26,删除长低速记录,0.0,0.0,连续低于10 km/h的记录超过180条
2017-12-21 02:03:27,删除长低速记录,0.0,0.0,连续低于10 km/h的记录超过180条
2017-12-21 02:03:28,删除长低速记录,0.0,0.0,连续低于10 km/h的记录超过180条
2017-12-21 02:03:29,删除长低速记录,0.0,0.0,连续低于10 km/h的记录超过180条
2017-12-21 02:03:30,删除长低速记录,0.0,0.0,连续低于10 km/h的记录超过180条
2017-12-21 02:03:31,删除长低速记录,0.0,0.0,连续低于10 km/h的记录超过180条
2017-12-21 02:03:32,删除长低速记录,0.0,0.0,连续低于10 km/h的记录超过180条
2017-12-21 02:03:33,删除长低速记录,0.0,0.0,连续低于10 km/h的记录超过180条
2017-12-21 02:03:34,删除长低速记录,0.0,0.0,连续低于10 km/h的记录超过180条
2017-12-21 02:03:35,删除长低速记录,0.0,0.0,连续低于10 km/h的记录超过180条
2017-12-21 02:03:36,删除长低速记录,0.0,0.0,连续低于10 km/h的记录超过180条
2017-12-21 02:03:37,删除长低速记录,0.0,0.0,连续低于10 km/h的记录超过180条
2017-12-21 02:03:38,删除长低速记录,0.0,0.0,连续低于10 km/h的记录超过180条
2017-12-21 02:03:39,删除长低速记录,0.0,0.0,连续低于10 km/h的记录超过180条
2017-12-21 02:03:40,删除长低速记录,0.0,0.0,连续低于10 km/h的记录超过180条
2017-12-21 02:03:41,删除长低速记录,0.0,0.0,连续低于10 km/h的记录超过180条
2017-12-21 02:03:42,删除长低速记录,0.0,0.0,连续低于10 km/h的记录超过180条
2017-12-21 02:03:43,删除长低速记录,0.0,0.0,连续低于10 km/h的记录超过180条
2017-12-21 02:03:44,删除长低速记录,0.0,0.0,连续低于10 km/h的记录超过180条
2017-12-21 02:03:45,删除长低速记录,0.0,0.0,连续低于10 km/h的记录超过180条
2017-12-21 02:03:46,删除长低速记录,0.0,0.0,连续低于10 km/h的记录超过180条
2017-12-21 02:03:47,删除长低速记录,0.0,0.0,连续低于10 km/h的记录超过180条
2017-12-21 02:03:48,删除长低速记录,0.0,0.0,连续低于10 km/h的记录超过180条
2017-12-21 02:03:49,删除长低速记录,0.0,0.0,连续低于10 km/h的记录超过180条
2017-12-21 02:03:50,删除长低速记录,0.0,0.0,连续低于10 km/h的记录超过180条
2017-12-21 02:03:51,删除长低速记录,0.0,0.0,连续低于10 km/h的记录超过180条
2017-12-21 02:03:52,删除长低速记录,0.0,0.0,连续低于10 km/h的记录超过180条
2017-12-21 02:03:53,删除长低速记录,0.0,0.0,连续低于10 km/h的记录超过180条
2017-12-21 02:03:54,删除长低速记录,0.0,0.0,连续低于10 km/h的记录超过180条
2017-12-21 02:03:55,删除长低速记录,0.0,0.0,连续低于10 km/h的记录超过180条
2017-12-21 02:03:56,删除长低速记录,0.0,0.0,连续低于10 km/h的记录超过180条
2017-12-21 02:03:57,删除长低速记录,0.0,0.0,连续低于10 km/h的记录超过180条
2017-12-21 02:03:58,删除长低速记录,0.0,0.0,连续低于10 km/h的记录超过180条
2017-12-21 02:03:59,删除长低速记录,0.0,0.0,连续低于10 km/h的记录超过180条
2017-12-21 02:04:00,删除长低速记录,0.0,0.0,连续低于10 km/h的记录超过180条
2017-12-21 02:04:01,删除长低速记录,0.0,0.0,连续低于10 km/h的记录超过180条
2017-12-21 02:04:02,删除长低速记录,0.0,0.0,连续低于10 km/h的记录超过180条
2017-12-21 02:04:03,删除长低速记录,0.0,0.0,连续低于10 km/h的记录超过180条
2017-12-21 02:04:04,删除长低速记录,0.0,0.0,连续低于10 km/h的记录超过180条
2017-12-21 02:04:05,删除长低速记录,0.0,0.0,连续低于10 km/h的记录超过180条
2017-12-21 02:04:06,删除长低速记录,0.0,0.0,连续低于10 km/h的记录超过180条
2017-12-21 02:04:07,删除长低速记录,0.0,0.0,连续低于10 km/h的记录超过180条
2017-12-21 02:04:08,删除长低速记录,0.0,0.0,连续低于10 km/h的记录超过180条
2017-12-21 02:04:09,删除长低速记录,0.0,0.0,连续低于10 km/h的记录超过180条
2017-12-21 02:04:10,删除长低速记录,0.0,0.0,连续低于10 km/h的记录超过180条
2017-12-21 02:04:11,删除长低速记录,0.0,0.0,连续低于10 km/h的记录超过180条
2017-12-21 02:04:12,删除长低速记录,0.0,0.0,连续低于10 km/h的记录超过180条
2017-12-21 02:04:13,删除长低速记录,0.0,0.0,连续低于10 km/h的记录超过180条
2017-12-21 02:04:14,删除长低速记录,0.0,0.0,连续低于10 km/h的记录超过180条
2017-12-21 02:04:15,删除长低速记录,0.0,0.0,连续低于10 km/h的记录超过180条
2017-12-21 02:04:16,删除长低速记录,0.0,0.0,连续低于10 km/h的记录超过180条
2017-12-21 02:04:17,删除长低速记录,0.0,0.0,连续低于10 km/h的记录超过180条
2017-12-21 02:04:18,删除长低速记录,0.0,0.0,连续低于10 km/h的记录超过180条
2017-12-21 02:04:19,删除长低速记录,0.0,0.0,连续低于10 km/h的记录超过180条
2017-12-21 02:04:20,删除长低速记录,0.0,0.0,连续低于10 km/h的记录超过180条
2017-12-21 02:04:21,删除长低速记录,0.0,0.0,连续低于10 km/h的记录超过180条
2017-12-21 02:04:22,删除长低速记录,0.0,0.0,连续低于10 km/h的记录超过180条
2017-12-21 02:04:23,删除长低速记录,0.0,0.0,连续低于10 km/h的记录超过180条
2017-12-21 02:04:24,删除长低速记录,0.0,0.0,连续低于10 km/h的记录超过180条
2017-12-21 02:04:25,删除长低速记录,0.0,0.0,连续低于10 km/h的记录超过180条
2017-12-21 02:04:26,删除长低速记录,0.0,0.0,连续低于10 km/h的记录超过180条
2017-12-21 02:04:27,删除长低速记录,0.0,0.0,连续低于10 km/h的记录超过180条
2017-12-21 02:04:28,删除长低速记录,0.0,0.0,连续低于10 km/h的记录超过180条
2017-12-21 02:04:29,删除长低速记录,0.0,0.0,连续低于10 km/h的记录超过180条
2017-12-21 02:04:30,删除长低速记录,0.0,0.0,连续低于10 km/h的记录超过180条
2017-12-21 02:04:31,删除长低速记录,0.0,0.0,连续低于10 km/h的记录超过180条
2017-12-21 02:04:32,删除长低速记录,0.0,0.0,连续低于10 km/h的记录超过180条
2017-12-21 02:04:33,删除长低速记录,0.0,0.0,连续低于10 km/h的记录超过180条
2017-12-21 02:04:34,删除长低速记录,0.0,0.0,连续低于10 km/h的记录超过180条
2017-12-21 02:04:35,删除长低速记录,0.0,0.0,连续低于10 km/h的记录超过180条
2017-12-21 02:04:36,删除长低速记录,0.0,0.0,连续低于10 km/h的记录超过180条
2017-12-21 02:04:37,删除长低速记录,0.0,0.0,连续低于10 km/h的记录超过180条
2017-12-21 02:04:38,删除长低速记录,0.0,0.0,连续低于10 km/h的记录超过180条
2017-12-21 02:04:39,删除长低速记录,0.0,0.0,连续低于10 km/h的记录超过180条
2017-12-21 02:04:40,删除长低速记录,0.0,0.0,连续低于10 km/h的记录超过180条
2017-12-21 02:04:41,删除长低速记录,0.0,0.0,连续低于10 km/h的记录超过180条
2017-12-21 02:04:42,删除长低速记录,0.0,0.0,连续低于10 km/h的记录超过180条
2017-12-21 02:04:43,删除长低速记录,0.0,0.0,连续低于10 km/h的记录超过180条
2017-12-21 02:04:44,删除长低速记录,0.0,0.0,连续低于10 km/h的记录超过180条
2017-12-21 02:04:45,删除长低速记录,0.0,0.0,连续低于10 km/h的记录超过180条
2017-12-21 02:04:46,删除长低速记录,0.0,0.0,连续低于10 km/h的记录超过180条
2017-12-21 02:04:47,删除长低速记录,0.0,0.0,连续低于10 km/h的记录超过180条
2017-12-21 02:04:48,删除长低速记录,0.0,0.0,连续低于10 km/h的记录超过180条
2017-12-21 02:04:49,删除长低速记录,0.0,0.0,连续低于10 km/h的记录超过180条
2017-12-21 02:04:50,删除长低速记录,0.0,0.0,连续低于10 km/h的记录超过180条
2017-12-21 02:04:51,删除长低速记录,0.0,0.0,连续低于10 km/h的记录超过180条
2017-12-21 02:04:52,删除长低速记录,0.0,0.0,连续低于10 km/h的记录超过180条
2017-12-21 02:04:53,删除长低速记录,0.0,0.0,连续低于10 km/h的记录超过180条
2017-12-21 02:04:54,删除长低速记录,0.0,0.0,连续低于10 km/h的记录超过180条
2017-12-21 02:04:55,删除长低速记录,0.0,0.0,连续低于10 km/h的记录超过180条
2017-12-21 02:04:56,删除长低速记录,0.0,0.0,连续低于10 km/h的记录超过180条
2017-12-21 02:04:57,删除长低速记录,0.0,0.0,连续低于10 km/h的记录超过180条
2017-12-21 02:04:58,删除长低速记录,0.0,0.0,连续低于10 km/h的记录超过180条
2017-12-21 02:04:59,删除长低速记录,0.0,0.0,连续低于10 km/h的记录超过180条
2017-12-21 02:05:00,删除长低速记录,0.0,0.0,连续低于10 km/h的记录超过180条
2017-12-21 02:05:01,删除长低速记录,0.0,0.0,连续低于10 km/h的记录超过180条
2017-12-21 02:05:02,删除长低速记录,0.0,0.0,连续低于10 km/h的记录超过180条
2017-12-21 02:05:03,删除长低速记录,0.0,0.0,连续低于10 km/h的记录超过180条
2017-12-21 02:05:04,删除长低速记录,0.0,0.0,连续低于10 km/h的记录超过180条
2017-12-21 02:05:05,删除长低速记录,0.0,0.0,连续低于10 km/h的记录超过180条
2017-12-21 02:05:06,删除长低速记录,0.0,0.0,连续低于10 km/h的记录超过180条
2017-12-21 02:05:07,删除长低速记录,0.0,0.0,连续低于10 km/h的记录超过180条
2017-12-21 02:05:08,删除长低速记录,0.0,0.0,连续低于10 km/h的记录超过180条
2017-12-21 02:05:09,删除长低速记录,0.0,0.0,连续低于10 km/h的记录超过180条
2017-12-21 02:05:10,删除长低速记录,0.0,0.0,连续低于10 km/h的记录超过180条
2017-12-21 02:05:11,删除长低速记录,0.0,0.0,连续低于10 km/h的记录超过180条
2017-12-21 02:05:12,删除长低速记录,0.0,0.0,连续低于10 km/h的记录超过180条
2017-12-21 02:05:13,删除长低速记录,0.0,0.0,连续低于10 km/h的记录超过180条
2017-12-21 02:05:14,删除长低速记录,0.0,0.0,连续低于10 km/h的记录超过180条
2017-12-21 02:05:15,删除长低速记录,0.0,0.0,连续低于10 km/h的记录超过180条
2017-12-21 02:05:16,删除长低速记录,0.0,0.0,连续低于10 km/h的记录超过180条
2017-12-21 02:05:17,删除长低速记录,0.0,0.0,连续低于10 km/h的记录超过180条
2017-12-21 02:05:18,删除长低速记录,0.0,0.0,连续低于10 km/h的记录超过180条
2017-12-21 02:05:19,删除长低速记录,0.0,0.0,连续低于10 km/h的记录超过180条
2017-12-21 02:05:20,删除长低速记录,0.0,0.0,连续低于10 km/h的记录超过180条
2017-12-21 02:05:21,删除长低速记录,0.0,0.0,连续低于10 km/h的记录超过180条
2017-12-21 02:05:22,删除长低速记录,0.0,0.0,连续低于10 km/h的记录超过180条
2017-12-21 02:05:23,删除长低速记录,0.0,0.0,连续低于10 km/h的记录超过180条
2017-12-21 02:05:24,删除长低速记录,0.0,0.0,连续低于10 km/h的记录超过180条
2017-12-21 02:05:25,删除长低速记录,0.0,0.0,连续低于10 km/h的记录超过180条
2017-12-21 02:05:26,删除长低速记录,0.0,0.0,连续低于10 km/h的记录超过180条
2017-12-21 02:05:27,删除长低速记录,0.0,0.0,连续低于10 km/h的记录超过180条
2017-12-21 02:05:28,删除长低速记录,0.0,0.0,连续低于10 km/h的记录超过180条
2017-12-21 02:05:29,删除长低速记录,0.0,0.0,连续低于10 km/h的记录超过180条
2017-12-21 02:05:30,删除长低速记录,0.0,0.0,连续低于10 km/h的记录超过180条
2017-12-21 02:05:31,删除长低速记录,0.0,0.0,连续低于10 km/h的记录超过180条
2017-12-21 02:05:32,删除长低速记录,0.0,0.0,连续低于10 km/h的记录超过180条
2017-12-21 02:05:33,删除长低速记录,0.0,0.0,连续低于10 km/h的记录超过180条
2017-12-21 02:05:34,删除长低速记录,0.0,0.0,连续低于10 km/h的记录超过180条
2017-12-21 02:05:35,删除长低速记录,0.0,0.0,连续低于10 km/h的记录超过180条
2017-12-21 02:05:36,删除长低速记录,0.0,0.0,连续低于10 km/h的记录超过180条
2017-12-21 02:05:37,删除长低速记录,0.0,0.0,连续低于10 km/h的记录超过180条
2017-12-21 02:05:38,删除长低速记录,0.0,0.0,连续低于10 km/h的记录超过180条
2017-12-21 02:05:39,删除长低速记录,0.0,0.0,连续低于10 km/h的记录超过180条
2017-12-21 02:05:40,删除长低速记录,0.0,0.0,连续低于10 km/h的记录超过180条
2017-12-21 02:05:41,删除长低速记录,0.0,0.0,连续低于10 km/h的记录超过180条
2017-12-21 02:05:42,删除长低速记录,0.0,0.0,连续低于10 km/h的记录超过180条
2017-12-21 02:05:43,删除长低速记录,0.0,0.0,连续低于10 km/h的记录超过180条
2017-12-21 02:05:44,删除长低速记录,0.0,0.0,连续低于10 km/h的记录超过180条
2017-12-21 02:05:45,删除长低速记录,0.0,0.0,连续低于10 km/h的记录超过180条
2017-12-21 02:05:46,删除长低速记录,0.0,0.0,连续低于10 km/h的记录超过180条
2017-12-21 02:05:47,删除长低速记录,0.0,0.0,连续低于10 km/h的记录超过180条
2017-12-21 02:05:48,删除长低速记录,0.0,0.0,连续低于10 km/h的记录超过180条
2017-12-21 02:05:49,删除长低速记录,0.0,0.0,连续低于10 km/h的记录超过180条
2017-12-21 02:05:50,删除长低速记录,0.0,0.0,连续低于10 km/h的记录超过180条
2017-12-21 02:05:51,删除长低速记录,0.0,0.0,连续低于10 km/h的记录超过180条
2017-12-21 02:05:52,删除长低速记录,0.0,0.0,连续低于10 km/h的记录超过180条
2017-12-21 02:05:53,删除长低速记录,0.0,0.0,连续低于10 km/h的记录超过180条
2017-12-21 02:05:54,删除长低速记录,0.0,0.0,连续低于10 km/h的记录超过180条
2017-12-21 02:05:55,删除长低速记录,0.0,0.0,连续低于10 km/h的记录超过180条
2017-12-21 02:05:56,删除长低速记录,0.0,0.0,连续低于10 km/h的记录超过180条
2017-12-21 02:05:57,删除长低速记录,0.0,0.0,连续低于10 km/h的记录超过180条
2017-12-21 02:05:58,删除长低速记录,0.0,0.0,连续低于10 km/h的记录超过180条
2017-12-21 02:05:59,删除长低速记录,0.0,0.0,连续低于10 km/h的记录超过180条
2017-12-21 02:06:00,删除长低速记录,0.0,0.0,连续低于10 km/h的记录超过180条
2017-12-21 02:06:01,删除长低速记录,0.0,0.0,连续低于10 km/h的记录超过180条
2017-12-21 02:06:02,删除长低速记录,0.0,0.0,连续低于10 km/h的记录超过180条
2017-12-21 02:06:03,删除长低速记录,0.0,0.0,连续低于10 km/h的记录超过180条
2017-12-21 02:06:04,删除长低速记录,0.0,0.0,连续低于10 km/h的记录超过180条
2017-12-21 02:06:05,删除长低速记录,0.0,0.0,连续低于10 km/h的记录超过180条
2017-12-21 02:06:06,删除长低速记录,0.0,0.0,连续低于10 km/h的记录超过180条
2017-12-21 02:06:07,删除长低速记录,0.0,0.0,连续低于10 km/h的记录超过180条
2017-12-21 02:06:08,删除长低速记录,0.0,0.0,连续低于10 km/h的记录超过180条
2017-12-21 02:06:09,删除长低速记录,0.0,0.0,连续低于10 km/h的记录超过180条
2017-12-21 02:06:10,删除长低速记录,0.0,0.0,连续低于10 km/h的记录超过180条
2017-12-21 02:06:11,删除长低速记录,0.0,0.0,连续低于10 km/h的记录超过180条
2017-12-21 02:06:12,删除长低速记录,0.0,0.0,连续低于10 km/h的记录超过180条
2017-12-21 02:06:13,删除长低速记录,0.0,0.0,连续低于10 km/h的记录超过180条
2017-12-21 02:06:14,删除长低速记录,0.0,0.0,连续低于10 km/h的记录超过180条
2017-12-21 02:06:15,删除长低速记录,0.0,0.0,连续低于10 km/h的记录超过180条
2017-12-21 02:06:16,删除长低速记录,0.0,0.0,连续低于10 km/h的记录超过180条
2017-12-21 02:06:17,删除长低速记录,0.0,0.0,连续低于10 km/h的记录超过180条
2017-12-21 02:06:18,删除长低速记录,0.0,0.0,连续低于10 km/h的记录超过180条
2017-12-21 02:06:19,删除长低速记录,0.0,0.0,连续低于10 km/h的记录超过180条
2017-12-21 02:06:20,删除长低速记录,0.0,0.0,连续低于10 km/h的记录超过180条
2017-12-21 02:06:21,删除长低速记录,0.0,0.0,连续低于10 km/h的记录超过180条
2017-12-21 02:06:22,删除长低速记录,0.0,0.0,连续低于10 km/h的记录超过180条
2017-12-21 02:06:23,删除长低速记录,0.0,0.0,连续低于10 km/h的记录超过180条
2017-12-21 02:06:24,删除长低速记录,0.0,0.0,连续低于10 km/h的记录超过180条
2017-12-21 02:06:25,删除长低速记录,0.0,0.0,连续低于10 km/h的记录超过180条
2017-12-21 02:06:26,删除长低速记录,0.0,0.0,连续低于10 km/h的记录超过180条
2017-12-21 02:06:27,删除长低速记录,0.0,0.0,连续低于10 km/h的记录超过180条
2017-12-21 02:06:28,删除长低速记录,0.0,0.0,连续低于10 km/h的记录超过180条
2017-12-21 02:06:29,删除长低速记录,0.0,0.0,连续低于10 km/h的记录超过180条
2017-12-21 02:06:30,删除长低速记录,0.0,0.0,连续低于10 km/h的记录超过180条
2017-12-21 02:06:31,删除长低速记录,0.0,0.0,连续低于10 km/h的记录超过180条
2017-12-21 02:06:32,删除长低速记录,0.0,0.0,连续低于10 km/h的记录超过180条
2017-12-21 02:06:33,删除长低速记录,0.0,0.0,连续低于10 km/h的记录超过180条
2017-12-21 02:06:34,删除长低速记录,0.0,0.0,连续低于10 km/h的记录超过180条
2017-12-21 02:06:35,删除长低速记录,0.0,0.0,连续低于10 km/h的记录超过180条
2017-12-21 02:06:36,删除长低速记录,0.0,0.0,连续低于10 km/h的记录超过180条
2017-12-21 02:06:37,删除长低速记录,0.0,0.0,连续低于10 km/h的记录超过180条
2017-12-21 02:06:38,删除长低速记录,0.0,0.0,连续低于10 km/h的记录超过180条
2017-12-21 02:06:39,删除长低速记录,0.0,0.0,连续低于10 km/h的记录超过180条
2017-12-21 02:06:40,删除长低速记录,0.0,0.0,连续低于10 km/h的记录超过180条
2017-12-21 02:06:41,删除长低速记录,0.0,0.0,连续低于10 km/h的记录超过180条
2017-12-21 02:06:42,删除长低速记录,0.0,0.0,连续低于10 km/h的记录超过180条
2017-12-21 02:06:43,删除长低速记录,0.0,0.0,连续低于10 km/h的记录超过180条
2017-12-21 02:06:44,删除长低速记录,0.0,0.0,连续低于10 km/h的记录超过180条
2017-12-21 02:06:45,删除长低速记录,0.0,0.0,连续低于10 km/h的记录超过180条
2017-12-21 02:06:46,删除长低速记录,0.0,0.0,连续低于10 km/h的记录超过180条
2017-12-21 02:06:47,删除长低速记录,0.0,0.0,连续低于10 km/h的记录超过180条
2017-12-21 02:06:48,删除长低速记录,0.0,0.0,连续低于10 km/h的记录超过180条
2017-12-21 02:06:49,删除长低速记录,0.0,0.0,连续低于10 km/h的记录超过180条
2017-12-21 02:06:50,删除长低速记录,0.0,0.0,连续低于10 km/h的记录超过180条
2017-12-21 02:06:51,删除长低速记录,0.0,0.0,连续低于10 km/h的记录超过180条
2017-12-21 02:06:52,删除长低速记录,0.0,0.0,连续低于10 km/h的记录超过180条
2017-12-21 02:06:53,删除长低速记录,0.0,0.0,连续低于10 km/h的记录超过180条
2017-12-21 02:06:54,删除长低速记录,0.0,0.0,连续低于10 km/h的记录超过180条
2017-12-21 02:06:55,删除长低速记录,0.0,0.0,连续低于10 km/h的记录超过180条
2017-12-21 02:06:56,删除长低速记录,0.0,0.0,连续低于10 km/h的记录超过180条
2017-12-21 02:06:57,删除长低速记录,0.0,0.0,连续低于10 km/h的记录超过180条
2017-12-21 02:06:58,删除长低速记录,0.0,0.0,连续低于10 km/h的记录超过180条
2017-12-21 02:06:59,删除长低速记录,0.0,0.0,连续低于10 km/h的记录超过180条
2017-12-21 02:07:00,删除长低速记录,0.0,0.0,连续低于10 km/h的记录超过180条
2017-12-21 02:07:01,删除长低速记录,0.0,0.0,连续低于10 km/h的记录超过180条
2017-12-21 02:07:02,删除长低速记录,0.0,0.0,连续低于10 km/h的记录超过180条
2017-12-21 02:07:03,删除长低速记录,0.0,0.0,连续低于10 km/h的记录超过180条
2017-12-21 02:07:04,删除长低速记录,0.0,0.0,连续低于10 km/h的记录超过180条
2017-12-21 02:07:05,删除长低速记录,0.0,0.0,连续低于10 km/h的记录超过180条
2017-12-21 02:07:06,删除长低速记录,0.0,0.0,连续低于10 km/h的记录超过180条
2017-12-21 02:07:07,删除长低速记录,0.0,0.0,连续低于10 km/h的记录超过180条
2017-12-21 02:07:08,删除长低速记录,0.0,0.0,连续低于10 km/h的记录超过180条
2017-12-21 02:07:09,删除长低速记录,0.0,0.0,连续低于10 km/h的记录超过180条
2017-12-21 02:07:10,删除长低速记录,0.0,0.0,连续低于10 km/h的记录超过180条
2017-12-21 02:07:11,删除长低速记录,0.0,0.0,连续低于10 km/h的记录超过180条
2017-12-21 02:07:12,删除长低速记录,0.0,0.0,连续低于10 km/h的记录超过180条
2017-12-21 02:07:13,删除长低速记录,0.0,0.0,连续低于10 km/h的记录超过180条
2017-12-21 02:07:14,删除长低速记录,0.0,0.0,连续低于10 km/h的记录超过180条
2017-12-21 02:07:15,删除长低速记录,0.0,0.0,连续低于10 km/h的记录超过180条
2017-12-21 02:07:16,删除长低速记录,0.0,0.0,连续低于10 km/h的记录超过180条
2017-12-21 02:07:17,删除长低速记录,0.0,0.0,连续低于10 km/h的记录超过180条
2017-12-21 02:07:18,删除长低速记录,0.0,0.0,连续低于10 km/h的记录超过180条
2017-12-21 02:07:19,删除长低速记录,0.0,0.0,连续低于10 km/h的记录超过180条
2017-12-21 02:07:20,删除长低速记录,0.0,0.0,连续低于10 km/h的记录超过180条
2017-12-21 02:07:21,删除长低速记录,0.0,0.0,连续低于10 km/h的记录超过180条
2017-12-21 02:07:22,删除长低速记录,0.0,0.0,连续低于10 km/h的记录超过180条
2017-12-21 02:07:23,删除长低速记录,0.0,0.0,连续低于10 km/h的记录超过180条
2017-12-21 02:07:24,删除长低速记录,0.0,0.0,连续低于10 km/h的记录超过180条
2017-12-21 02:07:25,删除长低速记录,0.0,0.0,连续低于10 km/h的记录超过180条
2017-12-21 02:07:26,删除长低速记录,0.0,0.0,连续低于10 km/h的记录超过180条
2017-12-21 02:07:27,删除长低速记录,0.0,0.0,连续低于10 km/h的记录超过180条
2017-12-21 02:07:28,删除长低速记录,0.0,0.0,连续低于10 km/h的记录超过180条
2017-12-21 02:07:29,删除长低速记录,0.0,0.0,连续低于10 km/h的记录超过180条
2017-12-21 02:07:30,删除长低速记录,0.0,0.0,连续低于10 km/h的记录超过180条
2017-12-21 02:07:31,删除长低速记录,0.0,0.0,连续低于10 km/h的记录超过180条
2017-12-21 02:07:32,删除长低速记录,0.0,0.0,连续低于10 km/h的记录超过180条
2017-12-21 02:07:33,删除长低速记录,0.0,0.0,连续低于10 km/h的记录超过180条
2017-12-21 02:07:34,删除长低速记录,0.0,0.0,连续低于10 km/h的记录超过180条
2017-12-21 02:07:35,删除长低速记录,0.0,0.0,连续低于10 km/h的记录超过180条
2017-12-21 02:07:36,删除长低速记录,0.0,0.0,连续低于10 km/h的记录超过180条
2017-12-21 02:07:37,删除长低速记录,0.0,0.0,连续低于10 km/h的记录超过180条
2017-12-21 02:07:38,删除长低速记录,0.0,0.0,连续低于10 km/h的记录超过180条
2017-12-21 02:07:39,删除长低速记录,0.0,0.0,连续低于10 km/h的记录超过180条
2017-12-21 02:07:40,删除长低速记录,0.0,0.0,连续低于10 km/h的记录超过180条
2017-12-21 02:07:41,删除长低速记录,0.0,0.0,连续低于10 km/h的记录超过180条
2017-12-21 02:07:42,删除长低速记录,0.0,0.0,连续低于10 km/h的记录超过180条
2017-12-21 02:07:43,删除长低速记录,0.0,0.0,连续低于10 km/h的记录超过180条
2017-12-21 02:07:44,删除长低速记录,0.0,0.0,连续低于10 km/h的记录超过180条
2017-12-21 02:07:45,删除长低速记录,0.0,0.0,连续低于10 km/h的记录超过180条
2017-12-21 02:07:46,删除长低速记录,0.0,0.0,连续低于10 km/h的记录超过180条
2017-12-21 02:07:47,删除长低速记录,0.0,0.0,连续低于10 km/h的记录超过180条
2017-12-21 02:07:48,删除长低速记录,0.0,0.0,连续低于10 km/h的记录超过180条
2017-12-21 02:07:49,删除长低速记录,0.0,0.0,连续低于10 km/h的记录超过180条
2017-12-21 02:07:50,删除长低速记录,0.0,0.0,连续低于10 km/h的记录超过180条
2017-12-21 02:07:51,删除长低速记录,0.0,0.0,连续低于10 km/h的记录超过180条
2017-12-21 02:07:52,删除长低速记录,0.0,0.0,连续低于10 km/h的记录超过180条
2017-12-21 02:07:53,删除长低速记录,0.0,0.0,连续低于10 km/h的记录超过180条
2017-12-21 02:07:54,删除长低速记录,0.0,0.0,连续低于10 km/h的记录超过180条
2017-12-21 02:07:55,删除长低速记录,0.0,0.0,连续低于10 km/h的记录超过180条
2017-12-21 02:07:56,删除长低速记录,0.0,0.0,连续低于10 km/h的记录超过180条
2017-12-21 02:07:57,删除长低速记录,0.0,0.0,连续低于10 km/h的记录超过180条
2017-12-21 02:07:58,删除长低速记录,0.0,0.0,连续低于10 km/h的记录超过180条
2017-12-21 02:07:59,删除长低速记录,0.0,0.0,连续低于10 km/h的记录超过180条
2017-12-21 02:08:00,删除长低速记录,0.0,0.0,连续低于10 km/h的记录超过180条
2017-12-21 02:08:01,删除长低速记录,0.0,0.0,连续低于10 km/h的记录超过180条
2017-12-21 02:08:02,删除长低速记录,0.0,0.0,连续低于10 km/h的记录超过180条
2017-12-21 02:08:03,删除长低速记录,0.0,0.0,连续低于10 km/h的记录超过180条
2017-12-21 02:08:04,删除长低速记录,0.0,0.0,连续低于10 km/h的记录超过180条
2017-12-21 02:08:05,删除长低速记录,0.0,0.0,连续低于10 km/h的记录超过180条
2017-12-21 02:08:06,删除长低速记录,0.0,0.0,连续低于10 km/h的记录超过180条
2017-12-21 02:08:07,删除长低速记录,0.0,0.0,连续低于10 km/h的记录超过180条
2017-12-21 02:08:08,删除长低速记录,0.0,0.0,连续低于10 km/h的记录超过180条
2017-12-21 02:08:09,删除长低速记录,0.0,0.0,连续低于10 km/h的记录超过180条
2017-12-21 02:08:10,删除长低速记录,0.0,0.0,连续低于10 km/h的记录超过180条
2017-12-21 02:08:11,删除长低速记录,0.0,0.0,连续低于10 km/h的记录超过180条
2017-12-21 02:08:12,删除长低速记录,0.0,0.0,连续低于10 km/h的记录超过180条
2017-12-21 02:08:13,删除长低速记录,0.0,0.0,连续低于10 km/h的记录超过180条
2017-12-21 02:08:14,删除长低速记录,0.0,0.0,连续低于10 km/h的记录超过180条
2017-12-21 02:08:15,删除长低速记录,0.0,0.0,连续低于10 km/h的记录超过180条
2017-12-21 02:08:16,删除长低速记录,0.0,0.0,连续低于10 km/h的记录超过180条
2017-12-21 02:08:17,删除长低速记录,0.0,0.0,连续低于10 km/h的记录超过180条
2017-12-21 02:08:18,删除长低速记录,0.0,0.0,连续低于10 km/h的记录超过180条
2017-12-21 02:08:19,删除长低速记录,0.0,0.0,连续低于10 km/h的记录超过180条
2017-12-21 02:08:20,删除长低速记录,0.0,0.0,连续低于10 km/h的记录超过180条
2017-12-21 02:08:21,删除长低速记录,0.0,0.0,连续低于10 km/h的记录超过180条
2017-12-21 02:08:22,删除长低速记录,0.0,0.0,连续低于10 km/h的记录超过180条
2017-12-21 02:08:23,删除长低速记录,0.0,0.0,连续低于10 km/h的记录超过180条
2017-12-21 02:08:24,删除长低速记录,0.0,0.0,连续低于10 km/h的记录超过180条
2017-12-21 02:08:25,删除长低速记录,0.0,0.0,连续低于10 km/h的记录超过180条
2017-12-21 02:08:26,删除长低速记录,0.0,0.0,连续低于10 km/h的记录超过180条
2017-12-21 02:08:27,删除长低速记录,0.0,0.0,连续低于10 km/h的记录超过180条
2017-12-21 02:08:28,删除长低速记录,0.0,0.0,连续低于10 km/h的记录超过180条
2017-12-21 02:08:29,删除长低速记录,0.0,0.0,连续低于10 km/h的记录超过180条
2017-12-21 02:08:30,删除长低速记录,0.0,0.0,连续低于10 km/h的记录超过180条
2017-12-21 02:08:31,删除长低速记录,0.0,0.0,连续低于10 km/h的记录超过180条
2017-12-21 02:08:32,删除长低速记录,0.0,0.0,连续低于10 km/h的记录超过180条
2017-12-21 02:08:33,删除长低速记录,0.0,0.0,连续低于10 km/h的记录超过180条
2017-12-21 02:08:34,删除长低速记录,0.0,0.0,连续低于10 km/h的记录超过180条
2017-12-21 02:08:35,删除长低速记录,0.0,0.0,连续低于10 km/h的记录超过180条
2017-12-21 02:08:36,删除长低速记录,0.0,0.0,连续低于10 km/h的记录超过180条
2017-12-21 02:08:37,删除长低速记录,0.0,0.0,连续低于10 km/h的记录超过180条
2017-12-21 02:08:38,删除长低速记录,0.0,0.0,连续低于10 km/h的记录超过180条
2017-12-21 02:08:39,删除长低速记录,0.0,0.0,连续低于10 km/h的记录超过180条
2017-12-21 02:08:40,删除长低速记录,0.0,0.0,连续低于10 km/h的记录超过180条
2017-12-21 02:08:41,删除长低速记录,0.0,0.0,连续低于10 km/h的记录超过180条
2017-12-21 02:08:42,删除长低速记录,0.0,0.0,连续低于10 km/h的记录超过180条
2017-12-21 02:08:43,删除长低速记录,0.0,0.0,连续低于10 km/h的记录超过180条
2017-12-21 02:08:44,删除长低速记录,0.0,0.0,连续低于10 km/h的记录超过180条
2017-12-21 02:08:45,删除长低速记录,0.0,0.0,连续低于10 km/h的记录超过180条
2017-12-21 02:08:46,删除长低速记录,0.0,0.0,连续低于10 km/h的记录超过180条
2017-12-21 02:08:47,删除长低速记录,0.0,0.0,连续低于10 km/h的记录超过180条
2017-12-21 02:08:48,删除长低速记录,0.0,0.0,连续低于10 km/h的记录超过180条
2017-12-21 02:08:49,删除长低速记录,0.0,0.0,连续低于10 km/h的记录超过180条
2017-12-21 02:08:50,删除长低速记录,0.0,0.0,连续低于10 km/h的记录超过180条
2017-12-21 02:08:51,删除长低速记录,0.0,0.0,连续低于10 km/h的记录超过180条
2017-12-21 02:08:52,删除长低速记录,0.0,0.0,连续低于10 km/h的记录超过180条
2017-12-21 02:08:53,删除长低速记录,0.0,0.0,连续低于10 km/h的记录超过180条
2017-12-21 02:08:54,删除长低速记录,0.0,0.0,连续低于10 km/h的记录超过180条
2017-12-21 02:08:55,删除长低速记录,0.0,0.0,连续低于10 km/h的记录超过180条
2017-12-21 02:08:56,删除长低速记录,0.0,0.0,连续低于10 km/h的记录超过180条
2017-12-21 02:08:57,删除长低速记录,0.0,0.0,连续低于10 km/h的记录超过180条
2017-12-21 02:08:58,删除长低速记录,0.0,0.0,连续低于10 km/h的记录超过180条
2017-12-21 02:08:59,删除长低速记录,0.0,0.0,连续低于10 km/h的记录超过180条
2017-12-21 02:09:00,删除长低速记录,0.0,0.0,连续低于10 km/h的记录超过180条
2017-12-21 02:09:01,删除长低速记录,0.0,0.0,连续低于10 km/h的记录超过180条
2017-12-21 02:09:02,删除长低速记录,0.0,0.0,连续低于10 km/h的记录超过180条
2017-12-21 02:09:03,删除长低速记录,0.0,0.0,连续低于10 km/h的记录超过180条
2017-12-21 02:09:04,删除长低速记录,0.0,0.0,连续低于10 km/h的记录超过180条
2017-12-21 02:09:05,删除长低速记录,0.0,0.0,连续低于10 km/h的记录超过180条
2017-12-21 02:09:06,删除长低速记录,0.0,0.0,连续低于10 km/h的记录超过180条
2017-12-21 02:09:07,删除长低速记录,0.0,0.0,连续低于10 km/h的记录超过180条
2017-12-21 02:09:08,删除长低速记录,0.0,0.0,连续低于10 km/h的记录超过180条
2017-12-21 02:09:09,删除长低速记录,0.0,0.0,连续低于10 km/h的记录超过180条
2017-12-21 02:09:10,删除长低速记录,0.0,0.0,连续低于10 km/h的记录超过180条
2017-12-21 02:09:11,删除长低速记录,0.0,0.0,连续低于10 km/h的记录超过180条
2017-12-21 02:09:12,删除长低速记录,0.0,0.0,连续低于10 km/h的记录超过180条
2017-12-21 02:09:13,删除长低速记录,0.0,0.0,连续低于10 km/h的记录超过180条
2017-12-21 02:09:14,删除长低速记录,0.0,0.0,连续低于10 km/h的记录超过180条
2017-12-21 02:09:15,删除长低速记录,0.0,0.0,连续低于10 km/h的记录超过180条
2017-12-21 02:09:16,删除长低速记录,0.0,0.0,连续低于10 km/h的记录超过180条
2017-12-21 02:09:17,删除长低速记录,0.0,0.0,连续低于10 km/h的记录超过180条
2017-12-21 02:09:18,删除长低速记录,0.0,0.0,连续低于10 km/h的记录超过180条
2017-12-21 02:09:19,删除长低速记录,0.0,0.0,连续低于10 km/h的记录超过180条
2017-12-21 02:09:20,删除长低速记录,0.0,0.0,连续低于10 km/h的记录超过180条
2017-12-21 02:09:21,删除长低速记录,0.0,0.0,连续低于10 km/h的记录超过180条
2017-12-21 02:09:22,删除长低速记录,0.0,0.0,连续低于10 km/h的记录超过180条
2017-12-21 02:09:23,删除长低速记录,0.0,0.0,连续低于10 km/h的记录超过180条
2017-12-21 02:09:24,删除长低速记录,0.0,0.0,连续低于10 km/h的记录超过180条
2017-12-21 02:09:25,删除长低速记录,0.0,0.0,连续低于10 km/h的记录超过180条
2017-12-21 02:09:26,删除长低速记录,0.0,0.0,连续低于10 km/h的记录超过180条
2017-12-21 02:09:27,删除长低速记录,0.0,0.0,连续低于10 km/h的记录超过180条
2017-12-21 02:09:28,删除长低速记录,0.0,0.0,连续低于10 km/h的记录超过180条
2017-12-21 02:09:29,删除长低速记录,0.0,0.0,连续低于10 km/h的记录超过180条
2017-12-21 02:09:30,删除长低速记录,0.0,0.0,连续低于10 km/h的记录超过180条
2017-12-21 02:09:31,删除长低速记录,0.0,0.0,连续低于10 km/h的记录超过180条
2017-12-21 02:09:32,删除长低速记录,0.0,0.0,连续低于10 km/h的记录超过180条
2017-12-21 02:09:33,删除长低速记录,0.0,0.0,连续低于10 km/h的记录超过180条
2017-12-21 02:09:34,删除长低速记录,0.0,0.0,连续低于10 km/h的记录超过180条
2017-12-21 02:09:35,删除长低速记录,0.0,0.0,连续低于10 km/h的记录超过180条
2017-12-21 02:09:36,删除长低速记录,0.0,0.0,连续低于10 km/h的记录超过180条
2017-12-21 02:09:37,删除长低速记录,0.0,0.0,连续低于10 km/h的记录超过180条
2017-12-21 02:09:38,删除长低速记录,0.0,0.0,连续低于10 km/h的记录超过180条
2017-12-21 02:09:39,删除长低速记录,0.0,0.0,连续低于10 km/h的记录超过180条
2017-12-21 02:09:40,删除长低速记录,0.0,0.0,连续低于10 km/h的记录超过180条
2017-12-21 02:09:41,删除长低速记录,0.0,0.0,连续低于10 km/h的记录超过180条
2017-12-21 02:09:42,删除长低速记录,0.0,0.0,连续低于10 km/h的记录超过180条
2017-12-21 02:09:43,删除长低速记录,0.0,0.0,连续低于10 km/h的记录超过180条
2017-12-21 02:09:44,删除长低速记录,0.0,0.0,连续低于10 km/h的记录超过180条
2017-12-21 02:09:45,删除长低速记录,0.0,0.0,连续低于10 km/h的记录超过180条
2017-12-21 02:09:46,删除长低速记录,0.0,0.0,连续低于10 km/h的记录超过180条
2017-12-21 02:09:47,删除长低速记录,0.0,0.0,连续低于10 km/h的记录超过180条
2017-12-21 02:09:48,删除长低速记录,0.0,0.0,连续低于10 km/h的记录超过180条
2017-12-21 02:09:49,删除长低速记录,0.0,0.0,连续低于10 km/h的记录超过180条
2017-12-21 02:09:50,删除长低速记录,0.0,0.0,连续低于10 km/h的记录超过180条
2017-12-21 02:09:51,删除长低速记录,0.0,0.0,连续低于10 km/h的记录超过180条
2017-12-21 02:09:52,删除长低速记录,0.0,0.0,连续低于10 km/h的记录超过180条
2017-12-21 02:09:53,删除长低速记录,0.0,0.0,连续低于10 km/h的记录超过180条
2017-12-21 02:09:54,删除长低速记录,0.0,0.0,连续低于10 km/h的记录超过180条
2017-12-21 02:09:55,删除长低速记录,0.0,0.0,连续低于10 km/h的记录超过180条
2017-12-21 02:09:56,删除长低速记录,0.0,0.0,连续低于10 km/h的记录超过180条
2017-12-21 02:09:57,删除长低速记录,0.0,0.0,连续低于10 km/h的记录超过180条
2017-12-21 02:09:58,删除长低速记录,0.0,0.0,连续低于10 km/h的记录超过180条
2017-12-21 02:09:59,删除长低速记录,0.0,0.0,连续低于10 km/h的记录超过180条
2017-12-21 02:10:00,删除长低速记录,0.0,0.0,连续低于10 km/h的记录超过180条
2017-12-21 02:10:01,删除长低速记录,0.0,0.0,连续低于10 km/h的记录超过180条
2017-12-21 02:10:02,删除长低速记录,0.0,0.0,连续低于10 km/h的记录超过180条
2017-12-21 02:10:03,删除长低速记录,0.0,0.0,连续低于10 km/h的记录超过180条
2017-12-21 02:10:04,删除长低速记录,0.0,0.0,连续低于10 km/h的记录超过180条
2017-12-21 02:10:05,删除长低速记录,0.0,0.0,连续低于10 km/h的记录超过180条
2017-12-21 02:10:06,删除长低速记录,0.0,0.0,连续低于10 km/h的记录超过180条
2017-12-21 02:10:07,删除长低速记录,0.0,0.0,连续低于10 km/h的记录超过180条
2017-12-21 02:10:08,删除长低速记录,0.0,0.0,连续低于10 km/h的记录超过180条
2017-12-21 02:10:09,删除长低速记录,0.0,0.0,连续低于10 km/h的记录超过180条
2017-12-21 02:10:10,删除长低速记录,0.0,0.0,连续低于10 km/h的记录超过180条
2017-12-21 02:10:11,删除长低速记录,0.0,0.0,连续低于10 km/h的记录超过180条
2017-12-21 02:10:12,删除长低速记录,0.0,0.0,连续低于10 km/h的记录超过180条
2017-12-21 02:10:13,删除长低速记录,0.0,0.0,连续低于10 km/h的记录超过180条
2017-12-21 02:10:14,删除长低速记录,0.0,0.0,连续低于10 km/h的记录超过180条
2017-12-21 02:10:15,删除长低速记录,0.0,0.0,连续低于10 km/h的记录超过180条
2017-12-21 02:10:16,删除长低速记录,0.0,0.0,连续低于10 km/h的记录超过180条
2017-12-21 02:10:17,删除长低速记录,0.0,0.0,连续低于10 km/h的记录超过180条
2017-12-21 02:10:18,删除长低速记录,0.0,0.0,连续低于10 km/h的记录超过180条
2017-12-21 02:10:19,删除长低速记录,0.0,0.0,连续低于10 km/h的记录超过180条
2017-12-21 02:10:20,删除长低速记录,0.0,0.0,连续低于10 km/h的记录超过180条
2017-12-21 02:10:21,删除长低速记录,0.0,0.0,连续低于10 km/h的记录超过180条
2017-12-21 02:10:22,删除长低速记录,0.0,0.0,连续低于10 km/h的记录超过180条
2017-12-21 02:10:23,删除长低速记录,0.0,0.0,连续低于10 km/h的记录超过180条
2017-12-21 02:10:24,删除长低速记录,0.0,0.0,连续低于10 km/h的记录超过180条
2017-12-21 02:10:25,删除长低速记录,0.0,0.0,连续低于10 km/h的记录超过180条
2017-12-21 02:10:26,删除长低速记录,0.0,0.0,连续低于10 km/h的记录超过180条
2017-12-21 02:10:27,删除长低速记录,0.0,0.0,连续低于10 km/h的记录超过180条
2017-12-21 02:10:28,删除长低速记录,0.0,0.0,连续低于10 km/h的记录超过180条
2017-12-21 02:10:29,删除长低速记录,0.0,0.0,连续低于10 km/h的记录超过180条
2017-12-21 02:10:30,删除长低速记录,0.0,0.0,连续低于10 km/h的记录超过180条
2017-12-21 02:10:31,删除长低速记录,0.0,0.0,连续低于10 km/h的记录超过180条
2017-12-21 02:10:32,删除长低速记录,0.0,0.0,连续低于10 km/h的记录超过180条
2017-12-21 02:10:33,删除长低速记录,0.0,0.0,连续低于10 km/h的记录超过180条
2017-12-21 02:10:34,删除长低速记录,0.0,0.0,连续低于10 km/h的记录超过180条
2017-12-21 02:10:35,删除长低速记录,0.0,0.0,连续低于10 km/h的记录超过180条
2017-12-21 02:10:36,删除长低速记录,0.0,0.0,连续低于10 km/h的记录超过180条
2017-12-21 02:10:37,删除长低速记录,0.0,0.0,连续低于10 km/h的记录超过180条
2017-12-21 02:10:38,删除长低速记录,0.0,0.0,连续低于10 km/h的记录超过180条
2017-12-21 02:10:39,删除长低速记录,0.0,0.0,连续低于10 km/h的记录超过180条
2017-12-21 02:10:40,删除长低速记录,0.0,0.0,连续低于10 km/h的记录超过180条
2017-12-21 02:10:41,删除长低速记录,0.0,0.0,连续低于10 km/h的记录超过180条
2017-12-21 02:10:42,删除长低速记录,0.0,0.0,连续低于10 km/h的记录超过180条
2017-12-21 02:10:43,删除长低速记录,0.0,0.0,连续低于10 km/h的记录超过180条
2017-12-21 02:10:44,删除长低速记录,0.0,0.0,连续低于10 km/h的记录超过180条
2017-12-21 02:10:45,删除长低速记录,0.0,0.0,连续低于10 km/h的记录超过180条
2017-12-21 02:10:46,删除长低速记录,0.0,0.0,连续低于10 km/h的记录超过180条
2017-12-21 02:10:47,删除长低速记录,0.0,0.0,连续低于10 km/h的记录超过180条
2017-12-21 02:10:48,删除长低速记录,0.0,0.0,连续低于10 km/h的记录超过180条
2017-12-21 02:10:49,删除长低速记录,0.0,0.0,连续低于10 km/h的记录超过180条
2017-12-21 02:10:50,删除长低速记录,0.0,0.0,连续低于10 km/h的记录超过180条
2017-12-21 02:10:51,删除长低速记录,0.0,0.0,连续低于10 km/h的记录超过180条
2017-12-21 02:10:52,删除长低速记录,0.0,0.0,连续低于10 km/h的记录超过180条
2017-12-21 02:10:53,删除长低速记录,0.0,0.0,连续低于10 km/h的记录超过180条
2017-12-21 02:10:54,删除长低速记录,0.0,0.0,连续低于10 km/h的记录超过180条
2017-12-21 02:10:55,删除长低速记录,0.0,0.0,连续低于10 km/h的记录超过180条
2017-12-21 02:10:56,删除长低速记录,0.0,0.0,连续低于10 km/h的记录超过180条
2017-12-21 02:10:57,删除长低速记录,0.0,0.0,连续低于10 km/h的记录超过180条
2017-12-21 02:10:58,删除长低速记录,0.0,0.0,连续低于10 km/h的记录超过180条
2017-12-21 02:10:59,删除长低速记录,0.0,0.0,连续低于10 km/h的记录超过180条
2017-12-21 02:11:00,删除长低速记录,0.0,0.0,连续低于10 km/h的记录超过180条
2017-12-21 02:11:01,删除长低速记录,0.0,0.0,连续低于10 km/h的记录超过180条
2017-12-21 02:11:02,删除长低速记录,0.0,0.0,连续低于10 km/h的记录超过180条
2017-12-21 02:11:03,删除长低速记录,0.0,0.0,连续低于10 km/h的记录超过180条
2017-12-21 02:11:04,删除长低速记录,0.0,0.0,连续低于10 km/h的记录超过180条
2017-12-21 02:11:05,删除长低速记录,0.0,0.0,连续低于10 km/h的记录超过180条
2017-12-21 02:11:06,删除长低速记录,0.0,0.0,连续低于10 km/h的记录超过180条
2017-12-21 02:11:07,删除长低速记录,0.0,0.0,连续低于10 km/h的记录超过180条
2017-12-21 02:11:08,删除长低速记录,0.0,0.0,连续低于10 km/h的记录超过180条
2017-12-21 02:11:09,删除长低速记录,0.0,0.0,连续低于10 km/h的记录超过180条
2017-12-21 02:11:10,删除长低速记录,0.0,0.0,连续低于10 km/h的记录超过180条
2017-12-21 02:11:11,删除长低速记录,0.0,0.0,连续低于10 km/h的记录超过180条
2017-12-21 02:11:12,删除长低速记录,0.0,0.0,连续低于10 km/h的记录超过180条
2017-12-21 02:11:13,删除长低速记录,0.0,0.0,连续低于10 km/h的记录超过180条
2017-12-21 02:11:14,删除长低速记录,0.0,0.0,连续低于10 km/h的记录超过180条
2017-12-21 02:11:15,删除长低速记录,0.0,0.0,连续低于10 km/h的记录超过180条
2017-12-21 02:11:16,删除长低速记录,0.0,0.0,连续低于10 km/h的记录超过180条
2017-12-21 02:11:17,删除长低速记录,0.0,0.0,连续低于10 km/h的记录超过180条
2017-12-21 02:11:18,删除长低速记录,0.0,0.0,连续低于10 km/h的记录超过180条
2017-12-21 02:11:19,删除长低速记录,0.0,0.0,连续低于10 km/h的记录超过180条
2017-12-21 02:11:20,删除长低速记录,0.0,0.0,连续低于10 km/h的记录超过180条
2017-12-21 02:11:21,删除长低速记录,0.0,0.0,连续低于10 km/h的记录超过180条
2017-12-21 02:11:22,删除长低速记录,0.0,0.0,连续低于10 km/h的记录超过180条
2017-12-21 02:11:23,删除长低速记录,0.0,0.0,连续低于10 km/h的记录超过180条
2017-12-21 02:11:24,删除长低速记录,0.0,0.0,连续低于10 km/h的记录超过180条
2017-12-21 02:11:25,删除长低速记录,0.0,0.0,连续低于10 km/h的记录超过180条
2017-12-21 02:11:26,删除长低速记录,0.0,0.0,连续低于10 km/h的记录超过180条
2017-12-21 02:11:27,删除长低速记录,0.0,0.0,连续低于10 km/h的记录超过180条
2017-12-21 02:11:28,删除长低速记录,0.0,0.0,连续低于10 km/h的记录超过180条
2017-12-21 02:11:29,删除长低速记录,0.0,0.0,连续低于10 km/h的记录超过180条
2017-12-21 02:11:30,删除长低速记录,0.0,0.0,连续低于10 km/h的记录超过180条
2017-12-21 02:11:31,删除长低速记录,0.0,0.0,连续低于10 km/h的记录超过180条
2017-12-21 02:11:32,删除长低速记录,0.0,0.0,连续低于10 km/h的记录超过180条
2017-12-21 02:11:33,删除长低速记录,0.0,0.0,连续低于10 km/h的记录超过180条
2017-12-21 02:11:34,删除长低速记录,0.0,0.0,连续低于10 km/h的记录超过180条
2017-12-21 02:11:35,删除长低速记录,0.0,0.0,连续低于10 km/h的记录超过180条
2017-12-21 02:11:36,删除长低速记录,0.0,0.0,连续低于10 km/h的记录超过180条
2017-12-21 02:11:37,删除长低速记录,0.0,0.0,连续低于10 km/h的记录超过180条
2017-12-21 02:11:38,删除长低速记录,0.0,0.0,连续低于10 km/h的记录超过180条
2017-12-21 02:11:39,删除长低速记录,0.0,0.0,连续低于10 km/h的记录超过180条
2017-12-21 02:11:40,删除长低速记录,0.0,0.0,连续低于10 km/h的记录超过180条
2017-12-21 02:11:41,删除长低速记录,0.0,0.0,连续低于10 km/h的记录超过180条
2017-12-21 02:11:42,删除长低速记录,0.0,0.0,连续低于10 km/h的记录超过180条
2017-12-21 02:11:43,删除长低速记录,0.0,0.0,连续低于10 km/h的记录超过180条
2017-12-21 02:11:44,删除长低速记录,0.0,0.0,连续低于10 km/h的记录超过180条
2017-12-21 02:11:45,删除长低速记录,0.0,0.0,连续低于10 km/h的记录超过180条
2017-12-21 02:11:46,删除长低速记录,0.0,0.0,连续低于10 km/h的记录超过180条
2017-12-21 02:11:47,删除长低速记录,0.0,0.0,连续低于10 km/h的记录超过180条
2017-12-21 02:11:48,删除长低速记录,0.0,0.0,连续低于10 km/h的记录超过180条
2017-12-21 02:11:49,删除长低速记录,0.0,0.0,连续低于10 km/h的记录超过180条
2017-12-21 02:11:50,删除长低速记录,0.0,0.0,连续低于10 km/h的记录超过180条
2017-12-21 02:11:51,删除长低速记录,0.0,0.0,连续低于10 km/h的记录超过180条
2017-12-21 02:11:52,删除长低速记录,0.0,0.0,连续低于10 km/h的记录超过180条
2017-12-21 02:11:53,删除长低速记录,0.0,0.0,连续低于10 km/h的记录超过180条
2017-12-21 02:11:54,删除长低速记录,0.0,0.0,连续低于10 km/h的记录超过180条
2017-12-21 02:11:55,删除长低速记录,0.0,0.0,连续低于10 km/h的记录超过180条
2017-12-21 02:11:56,删除长低速记录,0.0,0.0,连续低于10 km/h的记录超过180条
2017-12-21 02:11:57,删除长低速记录,0.0,0.0,连续低于10 km/h的记录超过180条
2017-12-21 02:11:58,删除长低速记录,0.0,0.0,连续低于10 km/h的记录超过180条
2017-12-21 02:11:59,删除长低速记录,0.0,0.0,连续低于10 km/h的记录超过180条
2017-12-21 02:12:00,删除长低速记录,0.0,0.0,连续低于10 km/h的记录超过180条
2017-12-21 02:12:01,删除长低速记录,0.0,0.0,连续低于10 km/h的记录超过180条
2017-12-21 02:12:02,删除长低速记录,0.0,0.0,连续低于10 km/h的记录超过180条
2017-12-21 02:12:03,删除长低速记录,0.0,0.0,连续低于10 km/h的记录超过180条
2017-12-21 02:12:04,删除长低速记录,0.0,0.0,连续低于10 km/h的记录超过180条
2017-12-21 02:12:05,删除长低速记录,0.0,0.0,连续低于10 km/h的记录超过180条
2017-12-21 02:12:06,删除长低速记录,0.0,0.0,连续低于10 km/h的记录超过180条
2017-12-21 02:12:07,删除长低速记录,0.0,0.0,连续低于10 km/h的记录超过180条
2017-12-21 02:12:08,删除长低速记录,0.0,0.0,连续低于10 km/h的记录超过180条
2017-12-21 02:12:09,删除长低速记录,0.0,0.0,连续低于10 km/h的记录超过180条
2017-12-21 02:12:10,删除长低速记录,0.0,0.0,连续低于10 km/h的记录超过180条
2017-12-21 02:12:11,删除长低速记录,0.0,0.0,连续低于10 km/h的记录超过180条
2017-12-21 02:12:12,删除长低速记录,0.0,0.0,连续低于10 km/h的记录超过180条
2017-12-21 02:12:13,删除长低速记录,0.0,0.0,连续低于10 km/h的记录超过180条
2017-12-21 02:12:14,删除长低速记录,0.0,0.0,连续低于10 km/h的记录超过180条
2017-12-21 02:12:15,删除长低速记录,0.0,0.0,连续低于10 km/h的记录超过180条
2017-12-21 02:12:16,删除长低速记录,0.0,0.0,连续低于10 km/h的记录超过180条
2017-12-21 02:12:17,删除长低速记录,0.0,0.0,连续低于10 km/h的记录超过180条
2017-12-21 02:12:18,删除长低速记录,0.0,0.0,连续低于10 km/h的记录超过180条
2017-12-21 02:12:19,删除长低速记录,0.0,0.0,连续低于10 km/h的记录超过180条
2017-12-21 02:12:20,删除长低速记录,0.0,0.0,连续低于10 km/h的记录超过180条
2017-12-21 02:12:21,删除长低速记录,0.0,0.0,连续低于10 km/h的记录超过180条
2017-12-21 02:12:22,删除长低速记录,0.0,0.0,连续低于10 km/h的记录超过180条
2017-12-21 02:12:23,删除长低速记录,0.0,0.0,连续低于10 km/h的记录超过180条
2017-12-21 02:12:24,删除长低速记录,0.0,0.0,连续低于10 km/h的记录超过180条
2017-12-21 02:12:25,删除长低速记录,0.0,0.0,连续低于10 km/h的记录超过180条
2017-12-21 02:12:26,删除长低速记录,0.0,0.0,连续低于10 km/h的记录超过180条
2017-12-21 02:12:27,删除长低速记录,0.0,0.0,连续低于10 km/h的记录超过180条
2017-12-21 02:12:28,删除长低速记录,0.0,0.0,连续低于10 km/h的记录超过180条
2017-12-21 02:12:29,删除长低速记录,0.0,0.0,连续低于10 km/h的记录超过180条
2017-12-21 02:12:30,删除长低速记录,0.0,0.0,连续低于10 km/h的记录超过180条
2017-12-21 02:12:31,删除长低速记录,0.0,0.0,连续低于10 km/h的记录超过180条
2017-12-21 02:12:32,删除长低速记录,0.0,0.0,连续低于10 km/h的记录超过180条
2017-12-21 02:12:33,删除长低速记录,0.0,0.0,连续低于10 km/h的记录超过180条
2017-12-21 02:12:34,删除长低速记录,0.0,0.0,连续低于10 km/h的记录超过180条
2017-12-21 02:12:35,删除长低速记录,0.0,0.0,连续低于10 km/h的记录超过180条
2017-12-21 02:12:36,删除长低速记录,0.0,0.0,连续低于10 km/h的记录超过180条
2017-12-21 02:12:37,删除长低速记录,0.0,0.0,连续低于10 km/h的记录超过180条
2017-12-21 02:12:38,删除长低速记录,0.0,0.0,连续低于10 km/h的记录超过180条
2017-12-21 02:12:39,删除长低速记录,0.0,0.0,连续低于10 km/h的记录超过180条
2017-12-21 02:12:40,删除长低速记录,0.0,0.0,连续低于10 km/h的记录超过180条
2017-12-21 02:12:41,删除长低速记录,0.0,0.0,连续低于10 km/h的记录超过180条
2017-12-21 02:12:42,删除长低速记录,0.0,0.0,连续低于10 km/h的记录超过180条
2017-12-21 02:12:43,删除长低速记录,0.0,0.0,连续低于10 km/h的记录超过180条
2017-12-21 02:12:44,删除长低速记录,0.0,0.0,连续低于10 km/h的记录超过180条
2017-12-21 02:12:45,删除长低速记录,0.0,0.0,连续低于10 km/h的记录超过180条
2017-12-21 02:12:46,删除长低速记录,0.0,0.0,连续低于10 km/h的记录超过180条
2017-12-21 02:12:47,删除长低速记录,0.0,0.0,连续低于10 km/h的记录超过180条
2017-12-21 02:12:48,删除长低速记录,0.0,0.0,连续低于10 km/h的记录超过180条
2017-12-21 02:12:49,删除长低速记录,0.0,0.0,连续低于10 km/h的记录超过180条
2017-12-21 02:12:50,删除长低速记录,0.0,0.0,连续低于10 km/h的记录超过180条
2017-12-21 02:12:51,删除长低速记录,0.0,0.0,连续低于10 km/h的记录超过180条
2017-12-21 02:12:52,删除长低速记录,0.0,0.0,连续低于10 km/h的记录超过180条
2017-12-21 02:12:53,删除长低速记录,0.0,0.0,连续低于10 km/h的记录超过180条
2017-12-21 02:12:54,删除长低速记录,0.0,0.0,连续低于10 km/h的记录超过180条
2017-12-21 02:12:55,删除长低速记录,0.0,0.0,连续低于10 km/h的记录超过180条
2017-12-21 02:12:56,删除长低速记录,0.0,0.0,连续低于10 km/h的记录超过180条
2017-12-21 02:12:57,删除长低速记录,0.0,0.0,连续低于10 km/h的记录超过180条
2017-12-21 02:12:58,删除长低速记录,0.0,0.0,连续低于10 km/h的记录超过180条
2017-12-21 02:12:59,删除长低速记录,0.0,0.0,连续低于10 km/h的记录超过180条
2017-12-21 02:13:00,删除长低速记录,0.0,0.0,连续低于10 km/h的记录超过180条
2017-12-21 02:13:01,删除长低速记录,0.0,0.0,连续低于10 km/h的记录超过180条
2017-12-21 02:13:02,删除长低速记录,0.0,0.0,连续低于10 km/h的记录超过180条
2017-12-21 02:13:03,删除长低速记录,0.0,0.0,连续低于10 km/h的记录超过180条
2017-12-21 02:13:04,删除长低速记录,0.0,0.0,连续低于10 km/h的记录超过180条
2017-12-21 02:13:05,删除长低速记录,0.0,0.0,连续低于10 km/h的记录超过180条
2017-12-21 02:13:06,删除长低速记录,0.0,0.0,连续低于10 km/h的记录超过180条
2017-12-21 02:13:07,删除长低速记录,0.0,0.0,连续低于10 km/h的记录超过180条
2017-12-21 02:13:08,删除长低速记录,0.0,0.0,连续低于10 km/h的记录超过180条
2017-12-21 02:13:09,删除长低速记录,0.0,0.0,连续低于10 km/h的记录超过180条
2017-12-21 02:13:10,删除长低速记录,0.0,0.0,连续低于10 km/h的记录超过180条
2017-12-21 02:13:11,删除长低速记录,0.0,0.0,连续低于10 km/h的记录超过180条
2017-12-21 02:13:12,删除长低速记录,0.0,0.0,连续低于10 km/h的记录超过180条
2017-12-21 02:13:13,删除长低速记录,0.0,0.0,连续低于10 km/h的记录超过180条
2017-12-21 02:13:14,删除长低速记录,0.0,0.0,连续低于10 km/h的记录超过180条
2017-12-21 02:13:15,删除长低速记录,0.0,0.0,连续低于10 km/h的记录超过180条
2017-12-21 02:13:16,删除长低速记录,0.0,0.0,连续低于10 km/h的记录超过180条
2017-12-21 02:13:17,删除长低速记录,0.0,0.0,连续低于10 km/h的记录超过180条
2017-12-21 02:13:18,删除长低速记录,0.0,0.0,连续低于10 km/h的记录超过180条
2017-12-21 02:13:19,删除长低速记录,0.0,0.0,连续低于10 km/h的记录超过180条
2017-12-21 02:13:20,删除长低速记录,0.0,0.0,连续低于10 km/h的记录超过180条
2017-12-21 02:13:21,删除长低速记录,0.0,0.0,连续低于10 km/h的记录超过180条
2017-12-21 02:13:22,删除长低速记录,0.0,0.0,连续低于10 km/h的记录超过180条
2017-12-21 02:13:23,删除长低速记录,0.0,0.0,连续低于10 km/h的记录超过180条
2017-12-21 02:13:24,删除长低速记录,0.0,0.0,连续低于10 km/h的记录超过180条
2017-12-21 02:13:25,删除长低速记录,0.0,0.0,连续低于10 km/h的记录超过180条
2017-12-21 02:13:26,删除长低速记录,0.0,0.0,连续低于10 km/h的记录超过180条
2017-12-21 02:13:27,删除长低速记录,0.0,0.0,连续低于10 km/h的记录超过180条
2017-12-21 02:13:28,删除长低速记录,0.0,0.0,连续低于10 km/h的记录超过180条
2017-12-21 02:13:29,删除长低速记录,0.0,0.0,连续低于10 km/h的记录超过180条
2017-12-21 02:13:30,删除长低速记录,0.0,0.0,连续低于10 km/h的记录超过180条
2017-12-21 02:13:31,删除长低速记录,0.0,0.0,连续低于10 km/h的记录超过180条
2017-12-21 02:13:32,删除长低速记录,0.0,0.0,连续低于10 km/h的记录超过180条
2017-12-21 02:13:33,删除长低速记录,0.0,0.0,连续低于10 km/h的记录超过180条
2017-12-21 02:13:34,删除长低速记录,0.0,0.0,连续低于10 km/h的记录超过180条
2017-12-21 02:13:35,删除长低速记录,0.0,0.0,连续低于10 km/h的记录超过180条
2017-12-21 02:13:36,删除长低速记录,0.0,0.0,连续低于10 km/h的记录超过180条
2017-12-21 02:13:37,删除长低速记录,0.0,0.0,连续低于10 km/h的记录超过180条
2017-12-21 02:13:38,删除长低速记录,0.0,0.0,连续低于10 km/h的记录超过180条
2017-12-21 02:13:39,删除长低速记录,0.0,0.0,连续低于10 km/h的记录超过180条
2017-12-21 02:13:40,删除长低速记录,0.0,0.0,连续低于10 km/h的记录超过180条
2017-12-21 02:13:41,删除长低速记录,0.0,0.0,连续低于10 km/h的记录超过180条
2017-12-21 02:13:42,删除长低速记录,0.0,0.0,连续低于10 km/h的记录超过180条
2017-12-21 02:13:43,删除长低速记录,0.0,0.0,连续低于10 km/h的记录超过180条
2017-12-21 02:13:44,删除长低速记录,0.0,0.0,连续低于10 km/h的记录超过180条
2017-12-21 02:13:45,删除长低速记录,0.0,0.0,连续低于10 km/h的记录超过180条
2017-12-21 02:13:46,删除长低速记录,0.0,0.0,连续低于10 km/h的记录超过180条
2017-12-21 02:13:47,删除长低速记录,0.0,0.0,连续低于10 km/h的记录超过180条
2017-12-21 02:13:48,删除长低速记录,0.0,0.0,连续低于10 km/h的记录超过180条
2017-12-21 02:13:49,删除长低速记录,0.0,0.0,连续低于10 km/h的记录超过180条
2017-12-21 02:13:50,删除长低速记录,0.0,0.0,连续低于10 km/h的记录超过180条
2017-12-21 02:13:51,删除长低速记录,0.0,0.0,连续低于10 km/h的记录超过180条
2017-12-21 02:13:52,删除长低速记录,0.0,0.0,连续低于10 km/h的记录超过180条
2017-12-21 02:13:53,删除长低速记录,0.0,0.0,连续低于10 km/h的记录超过180条
2017-12-21 02:13:54,删除长低速记录,0.0,0.0,连续低于10 km/h的记录超过180条
2017-12-21 02:13:55,删除长低速记录,0.0,0.0,连续低于10 km/h的记录超过180条
2017-12-21 02:13:56,删除长低速记录,0.0,0.0,连续低于10 km/h的记录超过180条
2017-12-21 02:13:57,删除长低速记录,0.0,0.0,连续低于10 km/h的记录超过180条
2017-12-21 02:13:58,删除长低速记录,0.0,0.0,连续低于10 km/h的记录超过180条
2017-12-21 02:13:59,删除长低速记录,0.0,0.0,连续低于10 km/h的记录超过180条
2017-12-21 02:14:00,删除长低速记录,0.0,0.0,连续低于10 km/h的记录超过180条
2017-12-21 02:14:01,删除长低速记录,0.0,0.0,连续低于10 km/h的记录超过180条
2017-12-21 02:14:02,删除长低速记录,0.0,0.0,连续低于10 km/h的记录超过180条
2017-12-21 02:14:03,删除长低速记录,0.0,0.0,连续低于10 km/h的记录超过180条
2017-12-21 02:14:04,删除长低速记录,0.0,0.0,连续低于10 km/h的记录超过180条
2017-12-21 02:14:05,删除长低速记录,0.0,0.0,连续低于10 km/h的记录超过180条
2017-12-21 02:14:06,删除长低速记录,0.0,0.0,连续低于10 km/h的记录超过180条
2017-12-21 02:14:07,删除长低速记录,0.0,0.0,连续低于10 km/h的记录超过180条
2017-12-21 02:14:08,删除长低速记录,0.0,0.0,连续低于10 km/h的记录超过180条
2017-12-21 02:14:09,删除长低速记录,0.0,0.0,连续低于10 km/h的记录超过180条
2017-12-21 02:14:10,删除长低速记录,0.0,0.0,连续低于10 km/h的记录超过180条
2017-12-21 02:14:11,删除长低速记录,0.0,0.0,连续低于10 km/h的记录超过180条
2017-12-21 02:14:12,删除长低速记录,0.0,0.0,连续低于10 km/h的记录超过180条
2017-12-21 02:14:13,删除长低速记录,0.0,0.0,连续低于10 km/h的记录超过180条
2017-12-21 02:14:14,删除长低速记录,0.0,0.0,连续低于10 km/h的记录超过180条
2017-12-21 02:14:15,删除长低速记录,0.0,0.0,连续低于10 km/h的记录超过180条
2017-12-21 02:14:16,删除长低速记录,0.0,0.0,连续低于10 km/h的记录超过180条
2017-12-21 02:14:17,删除长低速记录,0.0,0.0,连续低于10 km/h的记录超过180条
2017-12-21 02:14:18,删除长低速记录,0.0,0.0,连续低于10 km/h的记录超过180条
2017-12-21 02:14:19,删除长低速记录,0.0,0.0,连续低于10 km/h的记录超过180条
2017-12-21 02:14:20,删除长低速记录,0.0,0.0,连续低于10 km/h的记录超过180条
2017-12-21 02:14:21,删除长低速记录,0.0,0.0,连续低于10 km/h的记录超过180条
2017-12-21 02:14:22,删除长低速记录,0.0,0.0,连续低于10 km/h的记录超过180条
2017-12-21 02:14:23,删除长低速记录,0.0,0.0,连续低于10 km/h的记录超过180条
2017-12-21 02:14:24,删除长低速记录,0.0,0.0,连续低于10 km/h的记录超过180条
2017-12-21 02:14:25,删除长低速记录,0.0,0.0,连续低于10 km/h的记录超过180条
2017-12-21 02:14:26,删除长低速记录,0.0,0.0,连续低于10 km/h的记录超过180条
2017-12-21 02:14:27,删除长低速记录,0.0,0.0,连续低于10 km/h的记录超过180条
2017-12-21 02:14:28,删除长低速记录,0.0,0.0,连续低于10 km/h的记录超过180条
2017-12-21 02:14:29,删除长低速记录,0.0,0.0,连续低于10 km/h的记录超过180条
2017-12-21 02:14:30,删除长低速记录,0.0,0.0,连续低于10 km/h的记录超过180条
2017-12-21 02:14:31,删除长低速记录,0.0,0.0,连续低于10 km/h的记录超过180条
2017-12-21 02:14:32,删除长低速记录,0.0,0.0,连续低于10 km/h的记录超过180条
2017-12-21 02:14:33,删除长低速记录,0.0,0.0,连续低于10 km/h的记录超过180条
2017-12-21 02:14:34,删除长低速记录,0.0,0.0,连续低于10 km/h的记录超过180条
2017-12-21 02:14:35,删除长低速记录,0.0,0.0,连续低于10 km/h的记录超过180条
2017-12-21 02:14:36,删除长低速记录,0.0,0.0,连续低于10 km/h的记录超过180条
2017-12-21 02:14:37,删除长低速记录,0.0,0.0,连续低于10 km/h的记录超过180条
2017-12-21 02:14:38,删除长低速记录,0.0,0.0,连续低于10 km/h的记录超过180条
2017-12-21 02:14:39,删除长低速记录,0.0,0.0,连续低于10 km/h的记录超过180条
2017-12-21 02:14:40,删除长低速记录,0.0,0.0,连续低于10 km/h的记录超过180条
2017-12-21 02:14:41,删除长低速记录,0.0,0.0,连续低于10 km/h的记录超过180条
2017-12-21 02:14:42,删除长低速记录,0.0,0.0,连续低于10 km/h的记录超过180条
2017-12-21 02:14:43,删除长低速记录,0.0,0.0,连续低于10 km/h的记录超过180条
2017-12-21 02:14:44,删除长低速记录,0.0,0.0,连续低于10 km/h的记录超过180条
2017-12-21 02:14:45,删除长低速记录,0.0,0.0,连续低于10 km/h的记录超过180条
2017-12-21 02:14:46,删除长低速记录,0.0,0.0,连续低于10 km/h的记录超过180条
2017-12-21 02:14:47,删除长低速记录,0.0,0.0,连续低于10 km/h的记录超过180条
2017-12-21 02:14:48,删除长低速记录,0.0,0.0,连续低于10 km/h的记录超过180条
2017-12-21 02:14:49,删除长低速记录,0.0,0.0,连续低于10 km/h的记录超过180条
2017-12-21 02:14:50,删除长低速记录,0.0,0.0,连续低于10 km/h的记录超过180条
2017-12-21 02:14:51,删除长低速记录,0.0,0.0,连续低于10 km/h的记录超过180条
2017-12-21 02:14:52,删除长低速记录,0.0,0.0,连续低于10 km/h的记录超过180条
2017-12-21 02:14:53,删除长低速记录,0.0,0.0,连续低于10 km/h的记录超过180条
2017-12-21 02:14:54,删除长低速记录,0.0,0.0,连续低于10 km/h的记录超过180条
2017-12-21 02:14:55,删除长低速记录,0.0,0.0,连续低于10 km/h的记录超过180条
2017-12-21 02:14:56,删除长低速记录,0.0,0.0,连续低于10 km/h的记录超过180条
2017-12-21 02:14:57,删除长低速记录,0.0,0.0,连续低于10 km/h的记录超过180条
2017-12-21 02:14:58,删除长低速记录,0.0,0.0,连续低于10 km/h的记录超过180条
2017-12-21 02:14:59,删除长低速记录,0.0,0.0,连续低于10 km/h的记录超过180条
2017-12-21 02:15:00,删除长低速记录,0.0,0.0,连续低于10 km/h的记录超过180条
2017-12-21 02:15:01,删除长低速记录,0.0,0.0,连续低于10 km/h的记录超过180条
2017-12-21 02:15:02,删除长低速记录,0.0,0.0,连续低于10 km/h的记录超过180条
2017-12-21 02:15:03,删除长低速记录,0.0,0.0,连续低于10 km/h的记录超过180条
2017-12-21 02:15:04,删除长低速记录,0.0,0.0,连续低于10 km/h的记录超过180条
2017-12-21 02:15:05,删除长低速记录,0.0,0.0,连续低于10 km/h的记录超过180条
2017-12-21 02:15:06,删除长低速记录,0.0,0.0,连续低于10 km/h的记录超过180条
2017-12-21 02:15:07,删除长低速记录,0.0,0.0,连续低于10 km/h的记录超过180条
2017-12-21 02:15:08,删除长低速记录,0.0,0.0,连续低于10 km/h的记录超过180条
2017-12-21 02:15:09,删除长低速记录,0.0,0.0,连续低于10 km/h的记录超过180条
2017-12-21 02:15:10,删除长低速记录,0.0,0.0,连续低于10 km/h的记录超过180条
2017-12-21 02:15:11,删除长低速记录,0.0,0.0,连续低于10 km/h的记录超过180条
2017-12-21 02:15:12,删除长低速记录,0.0,0.0,连续低于10 km/h的记录超过180条
2017-12-21 02:15:13,删除长低速记录,0.0,0.0,连续低于10 km/h的记录超过180条
2017-12-21 02:15:14,删除长低速记录,0.0,0.0,连续低于10 km/h的记录超过180条
2017-12-21 02:15:15,删除长低速记录,0.0,0.0,连续低于10 km/h的记录超过180条
2017-12-21 02:15:16,删除长低速记录,0.0,0.0,连续低于10 km/h的记录超过180条
2017-12-21 02:15:17,删除长低速记录,0.0,0.0,连续低于10 km/h的记录超过180条
2017-12-21 02:15:18,删除长低速记录,0.0,0.0,连续低于10 km/h的记录超过180条
2017-12-21 02:15:19,删除长低速记录,0.0,0.0,连续低于10 km/h的记录超过180条
2017-12-21 02:15:20,删除长低速记录,0.0,0.0,连续低于10 km/h的记录超过180条
2017-12-21 02:15:21,删除长低速记录,0.0,0.0,连续低于10 km/h的记录超过180条
2017-12-21 02:15:22,删除长低速记录,0.0,0.0,连续低于10 km/h的记录超过180条
2017-12-21 02:15:23,删除长低速记录,0.0,0.0,连续低于10 km/h的记录超过180条
2017-12-21 02:15:24,删除长低速记录,0.0,0.0,连续低于10 km/h的记录超过180条
2017-12-21 02:15:25,删除长低速记录,0.0,0.0,连续低于10 km/h的记录超过180条
2017-12-21 02:15:26,删除长低速记录,0.0,0.0,连续低于10 km/h的记录超过180条
2017-12-21 02:15:27,删除长低速记录,0.0,0.0,连续低于10 km/h的记录超过180条
2017-12-21 02:15:28,删除长低速记录,0.0,0.0,连续低于10 km/h的记录超过180条
2017-12-21 02:15:29,删除长低速记录,0.0,0.0,连续低于10 km/h的记录超过180条
2017-12-21 02:15:30,删除长低速记录,0.0,0.0,连续低于10 km/h的记录超过180条
2017-12-21 02:15:31,删除长低速记录,0.0,0.0,连续低于10 km/h的记录超过180条
2017-12-21 02:15:32,删除长低速记录,0.0,0.0,连续低于10 km/h的记录超过180条
2017-12-21 02:15:33,删除长低速记录,0.0,0.0,连续低于10 km/h的记录超过180条
2017-12-21 02:15:34,删除长低速记录,0.0,0.0,连续低于10 km/h的记录超过180条
2017-12-21 02:15:35,删除长低速记录,0.0,0.0,连续低于10 km/h的记录超过180条
2017-12-21 02:15:36,删除长低速记录,0.0,0.0,连续低于10 km/h的记录超过180条
2017-12-21 02:15:37,删除长低速记录,0.0,0.0,连续低于10 km/h的记录超过180条
2017-12-21 02:15:38,删除长低速记录,0.0,0.0,连续低于10 km/h的记录超过180条
2017-12-21 02:15:39,删除长低速记录,0.0,0.0,连续低于10 km/h的记录超过180条
2017-12-21 02:15:40,删除长低速记录,0.0,0.0,连续低于10 km/h的记录超过180条
2017-12-21 02:15:41,删除长低速记录,0.0,0.0,连续低于10 km/h的记录超过180条
2017-12-21 02:15:42,删除长低速记录,0.0,0.0,连续低于10 km/h的记录超过180条
2017-12-21 02:15:43,删除长低速记录,0.0,0.0,连续低于10 km/h的记录超过180条
2017-12-21 02:15:44,删除长低速记录,0.0,0.0,连续低于10 km/h的记录超过180条
2017-12-21 02:15:45,删除长低速记录,0.0,0.0,连续低于10 km/h的记录超过180条
2017-12-21 02:15:46,删除长低速记录,0.0,0.0,连续低于10 km/h的记录超过180条
2017-12-21 02:15:47,删除长低速记录,0.0,0.0,连续低于10 km/h的记录超过180条
2017-12-21 02:15:48,删除长低速记录,0.0,0.0,连续低于10 km/h的记录超过180条
2017-12-21 02:15:49,删除长低速记录,0.0,0.0,连续低于10 km/h的记录超过180条
2017-12-21 02:15:50,删除长低速记录,0.0,0.0,连续低于10 km/h的记录超过180条
2017-12-21 02:15:51,删除长低速记录,0.0,0.0,连续低于10 km/h的记录超过180条
2017-12-21 02:15:52,删除长低速记录,0.0,0.0,连续低于10 km/h的记录超过180条
2017-12-21 02:15:53,删除长低速记录,0.0,0.0,连续低于10 km/h的记录超过180条
2017-12-21 02:15:54,删除长低速记录,0.0,0.0,连续低于10 km/h的记录超过180条
2017-12-21 02:15:55,删除长低速记录,0.0,0.0,连续低于10 km/h的记录超过180条
2017-12-21 02:15:56,删除长低速记录,0.0,0.0,连续低于10 km/h的记录超过180条
2017-12-21 02:15:57,删除长低速记录,0.0,0.0,连续低于10 km/h的记录超过180条
2017-12-21 02:15:58,删除长低速记录,0.0,0.0,连续低于10 km/h的记录超过180条
2017-12-21 02:15:59,删除长低速记录,0.0,0.0,连续低于10 km/h的记录超过180条
2017-12-21 02:16:00,删除长低速记录,0.0,0.0,连续低于10 km/h的记录超过180条
2017-12-21 02:16:01,删除长低速记录,0.0,0.0,连续低于10 km/h的记录超过180条
2017-12-21 02:16:02,删除长低速记录,0.0,0.0,连续低于10 km/h的记录超过180条
2017-12-21 02:16:03,删除长低速记录,0.0,0.0,连续低于10 km/h的记录超过180条
2017-12-21 02:16:04,删除长低速记录,0.0,0.0,连续低于10 km/h的记录超过180条
2017-12-21 02:16:05,删除长低速记录,0.0,0.0,连续低于10 km/h的记录超过180条
2017-12-21 02:16:06,删除长低速记录,0.0,0.0,连续低于10 km/h的记录超过180条
2017-12-21 02:16:07,删除长低速记录,0.0,0.0,连续低于10 km/h的记录超过180条
2017-12-21 02:16:08,删除长低速记录,0.0,0.0,连续低于10 km/h的记录超过180条
2017-12-21 02:16:09,删除长低速记录,0.0,0.0,连续低于10 km/h的记录超过180条
2017-12-21 02:16:10,删除长低速记录,0.0,0.0,连续低于10 km/h的记录超过180条
2017-12-21 02:16:11,删除长低速记录,0.0,0.0,连续低于10 km/h的记录超过180条
2017-12-21 02:16:12,删除长低速记录,0.0,0.0,连续低于10 km/h的记录超过180条
2017-12-21 02:16:13,删除长低速记录,0.0,0.0,连续低于10 km/h的记录超过180条
2017-12-21 02:16:14,删除长低速记录,0.0,0.0,连续低于10 km/h的记录超过180条
2017-12-21 02:16:15,删除长低速记录,0.0,0.0,连续低于10 km/h的记录超过180条
2017-12-21 02:16:16,删除长低速记录,0.0,0.0,连续低于10 km/h的记录超过180条
2017-12-21 02:16:17,删除长低速记录,0.0,0.0,连续低于10 km/h的记录超过180条
2017-12-21 02:16:18,删除长低速记录,0.0,0.0,连续低于10 km/h的记录超过180条
2017-12-21 02:16:19,删除长低速记录,0.0,0.0,连续低于10 km/h的记录超过180条
2017-12-21 02:16:20,删除长低速记录,0.0,0.0,连续低于10 km/h的记录超过180条
2017-12-21 02:16:21,删除长低速记录,0.0,0.0,连续低于10 km/h的记录超过180条
2017-12-21 02:16:22,删除长低速记录,0.0,0.0,连续低于10 km/h的记录超过180条
2017-12-21 02:16:23,删除长低速记录,0.0,0.0,连续低于10 km/h的记录超过180条
2017-12-21 02:16:24,删除长低速记录,0.0,0.0,连续低于10 km/h的记录超过180条
2017-12-21 02:16:25,删除长低速记录,0.0,0.0,连续低于10 km/h的记录超过180条
2017-12-21 02:16:26,删除长低速记录,0.0,0.0,连续低于10 km/h的记录超过180条
2017-12-21 02:16:27,删除长低速记录,0.0,0.0,连续低于10 km/h的记录超过180条
2017-12-21 02:16:28,删除长低速记录,0.0,0.0,连续低于10 km/h的记录超过180条
2017-12-21 02:16:29,删除长低速记录,0.0,0.0,连续低于10 km/h的记录超过180条
2017-12-21 02:16:30,删除长低速记录,0.0,0.0,连续低于10 km/h的记录超过180条
2017-12-21 02:16:31,删除长低速记录,0.0,0.0,连续低于10 km/h的记录超过180条
2017-12-21 02:16:32,删除长低速记录,0.0,0.0,连续低于10 km/h的记录超过180条
2017-12-21 02:16:33,删除长低速记录,0.0,0.0,连续低于10 km/h的记录超过180条
2017-12-21 02:16:34,删除长低速记录,0.0,0.0,连续低于10 km/h的记录超过180条
2017-12-21 02:16:35,删除长低速记录,0.0,0.0,连续低于10 km/h的记录超过180条
2017-12-21 02:16:36,删除长低速记录,0.0,0.0,连续低于10 km/h的记录超过180条
2017-12-21 02:16:37,删除长低速记录,0.0,0.0,连续低于10 km/h的记录超过180条
2017-12-21 02:16:38,删除长低速记录,0.0,0.0,连续低于10 km/h的记录超过180条
2017-12-21 02:16:39,删除长低速记录,0.0,0.0,连续低于10 km/h的记录超过180条
2017-12-21 02:16:40,删除长低速记录,0.0,0.0,连续低于10 km/h的记录超过180条
2017-12-21 02:16:41,删除长低速记录,0.0,0.0,连续低于10 km/h的记录超过180条
2017-12-21 02:16:42,删除长低速记录,0.0,0.0,连续低于10 km/h的记录超过180条
2017-12-21 02:16:43,删除长低速记录,0.0,0.0,连续低于10 km/h的记录超过180条
2017-12-21 02:16:44,删除长低速记录,0.0,0.0,连续低于10 km/h的记录超过180条
2017-12-21 02:16:45,删除长低速记录,0.0,0.0,连续低于10 km/h的记录超过180条
2017-12-21 02:16:46,删除长低速记录,0.0,0.0,连续低于10 km/h的记录超过180条
2017-12-21 02:16:47,删除长低速记录,0.0,0.0,连续低于10 km/h的记录超过180条
2017-12-21 02:16:48,删除长低速记录,0.0,0.0,连续低于10 km/h的记录超过180条
2017-12-21 02:16:49,删除长低速记录,0.0,0.0,连续低于10 km/h的记录超过180条
2017-12-21 02:16:50,删除长低速记录,0.0,0.0,连续低于10 km/h的记录超过180条
2017-12-21 02:16:51,删除长低速记录,0.0,0.0,连续低于10 km/h的记录超过180条
2017-12-21 02:16:52,删除长低速记录,0.0,0.0,连续低于10 km/h的记录超过180条
2017-12-21 02:16:53,删除长低速记录,0.0,0.0,连续低于10 km/h的记录超过180条
2017-12-21 02:16:54,删除长低速记录,0.0,0.0,连续低于10 km/h的记录超过180条
2017-12-21 02:16:55,删除长低速记录,0.0,0.0,连续低于10 km/h的记录超过180条
2017-12-21 02:16:56,删除长低速记录,0.0,0.0,连续低于10 km/h的记录超过180条
2017-12-21 02:16:57,删除长低速记录,0.0,0.0,连续低于10 km/h的记录超过180条
2017-12-21 02:16:58,删除长低速记录,0.0,0.0,连续低于10 km/h的记录超过180条
2017-12-21 02:16:59,删除长低速记录,0.0,0.0,连续低于10 km/h的记录超过180条
2017-12-21 02:17:00,删除长低速记录,0.0,0.0,连续低于10 km/h的记录超过180条
2017-12-21 02:17:01,删除长低速记录,0.0,0.0,连续低于10 km/h的记录超过180条
2017-12-21 02:17:02,删除长低速记录,0.0,0.0,连续低于10 km/h的记录超过180条
2017-12-21 02:17:03,删除长低速记录,0.0,0.0,连续低于10 km/h的记录超过180条
2017-12-21 02:17:04,删除长低速记录,0.0,0.0,连续低于10 km/h的记录超过180条
2017-12-21 02:17:05,删除长低速记录,0.0,0.0,连续低于10 km/h的记录超过180条
2017-12-21 02:17:06,删除长低速记录,0.0,0.0,连续低于10 km/h的记录超过180条
2017-12-21 02:17:07,删除长低速记录,0.0,0.0,连续低于10 km/h的记录超过180条
2017-12-21 02:17:08,删除长低速记录,0.0,0.0,连续低于10 km/h的记录超过180条
2017-12-21 02:17:09,删除长低速记录,0.0,0.0,连续低于10 km/h的记录超过180条
2017-12-21 02:17:10,删除长低速记录,0.0,0.0,连续低于10 km/h的记录超过180条
2017-12-21 02:17:11,删除长低速记录,0.0,0.0,连续低于10 km/h的记录超过180条
2017-12-21 02:17:12,删除长低速记录,0.0,0.0,连续低于10 km/h的记录超过180条
2017-12-21 02:17:13,删除长低速记录,0.0,0.0,连续低于10 km/h的记录超过180条
2017-12-21 02:17:14,删除长低速记录,0.0,0.0,连续低于10 km/h的记录超过180条
2017-12-21 02:17:15,删除长低速记录,0.0,0.0,连续低于10 km/h的记录超过180条
2017-12-21 02:17:16,删除长低速记录,0.0,0.0,连续低于10 km/h的记录超过180条
2017-12-21 02:17:17,删除长低速记录,0.0,0.0,连续低于10 km/h的记录超过180条
2017-12-21 02:17:18,删除长低速记录,0.0,0.0,连续低于10 km/h的记录超过180条
2017-12-21 02:17:19,删除长低速记录,0.0,0.0,连续低于10 km/h的记录超过180条
2017-12-21 02:17:20,删除长低速记录,0.0,0.0,连续低于10 km/h的记录超过180条
2017-12-21 02:17:21,删除长低速记录,0.0,0.0,连续低于10 km/h的记录超过180条
2017-12-21 02:17:22,删除长低速记录,0.0,0.0,连续低于10 km/h的记录超过180条
2017-12-21 02:17:23,删除长低速记录,0.0,0.0,连续低于10 km/h的记录超过180条
2017-12-21 02:17:24,删除长低速记录,0.0,0.0,连续低于10 km/h的记录超过180条
2017-12-21 02:17:25,删除长低速记录,0.0,0.0,连续低于10 km/h的记录超过180条
2017-12-21 02:17:26,删除长低速记录,0.0,0.0,连续低于10 km/h的记录超过180条
2017-12-21 02:17:27,删除长低速记录,0.0,0.0,连续低于10 km/h的记录超过180条
2017-12-21 02:17:28,删除长低速记录,0.0,0.0,连续低于10 km/h的记录超过180条
2017-12-21 02:17:29,删除长低速记录,0.0,0.0,连续低于10 km/h的记录超过180条
2017-12-21 02:17:30,删除长低速记录,0.0,0.0,连续低于10 km/h的记录超过180条
2017-12-21 02:17:31,删除长低速记录,0.0,0.0,连续低于10 km/h的记录超过180条
2017-12-21 02:17:32,删除长低速记录,0.0,0.0,连续低于10 km/h的记录超过180条
2017-12-21 02:17:33,删除长低速记录,0.0,0.0,连续低于10 km/h的记录超过180条
2017-12-21 02:17:34,删除长低速记录,0.0,0.0,连续低于10 km/h的记录超过180条
2017-12-21 02:17:35,删除长低速记录,0.0,0.0,连续低于10 km/h的记录超过180条
2017-12-21 02:17:36,删除长低速记录,0.0,0.0,连续低于10 km/h的记录超过180条
2017-12-21 02:17:37,删除长低速记录,0.0,0.0,连续低于10 km/h的记录超过180条
2017-12-21 02:17:38,删除长低速记录,0.0,0.0,连续低于10 km/h的记录超过180条
2017-12-21 02:17:39,删除长低速记录,0.0,0.0,连续低于10 km/h的记录超过180条
2017-12-21 02:17:40,删除长低速记录,0.0,0.0,连续低于10 km/h的记录超过180条
2017-12-21 02:17:41,删除长低速记录,0.0,0.0,连续低于10 km/h的记录超过180条
2017-12-21 02:17:42,删除长低速记录,0.0,0.0,连续低于10 km/h的记录超过180条
2017-12-21 02:17:43,删除长低速记录,0.0,0.0,连续低于10 km/h的记录超过180条
2017-12-21 02:17:44,删除长低速记录,0.0,0.0,连续低于10 km/h的记录超过180条
2017-12-21 02:17:45,删除长低速记录,0.0,0.0,连续低于10 km/h的记录超过180条
2017-12-21 02:17:46,删除长低速记录,0.0,0.0,连续低于10 km/h的记录超过180条
2017-12-21 02:17:47,删除长低速记录,0.0,0.0,连续低于10 km/h的记录超过180条
2017-12-21 02:17:48,删除长低速记录,0.0,0.0,连续低于10 km/h的记录超过180条
2017-12-21 02:17:49,删除长低速记录,0.0,0.0,连续低于10 km/h的记录超过180条
2017-12-21 02:17:50,删除长低速记录,0.0,0.0,连续低于10 km/h的记录超过180条
2017-12-21 02:17:51,删除长低速记录,0.0,0.0,连续低于10 km/h的记录超过180条
2017-12-21 02:17:52,删除长低速记录,0.0,0.0,连续低于10 km/h的记录超过180条
2017-12-21 02:17:53,删除长低速记录,0.0,0.0,连续低于10 km/h的记录超过180条
2017-12-21 02:17:54,删除长低速记录,0.0,0.0,连续低于10 km/h的记录超过180条
2017-12-21 02:17:55,删除长低速记录,0.0,0.0,连续低于10 km/h的记录超过180条
2017-12-21 02:17:56,删除长低速记录,0.0,0.0,连续低于10 km/h的记录超过180条
2017-12-21 02:17:57,删除长低速记录,0.0,0.0,连续低于10 km/h的记录超过180条
2017-12-21 02:17:58,删除长低速记录,0.0,0.0,连续低于10 km/h的记录超过180条
2017-12-21 02:17:59,删除长低速记录,0.0,0.0,连续低于10 km/h的记录超过180条
2017-12-21 02:18:00,删除长低速记录,0.0,0.0,连续低于10 km/h的记录超过180条
2017-12-21 02:18:01,删除长低速记录,0.0,0.0,连续低于10 km/h的记录超过180条
2017-12-21 02:18:02,删除长低速记录,0.0,0.0,连续低于10 km/h的记录超过180条
2017-12-21 02:18:03,删除长低速记录,0.0,0.0,连续低于10 km/h的记录超过180条
2017-12-21 02:18:04,删除长低速记录,0.0,0.0,连续低于10 km/h的记录超过180条
2017-12-21 02:18:05,删除长低速记录,0.0,0.0,连续低于10 km/h的记录超过180条
2017-12-21 02:18:06,删除长低速记录,0.0,0.0,连续低于10 km/h的记录超过180条
2017-12-21 02:18:07,删除长低速记录,0.0,0.0,连续低于10 km/h的记录超过180条
2017-12-21 02:18:08,删除长低速记录,0.0,0.0,连续低于10 km/h的记录超过180条
2017-12-21 02:18:09,删除长低速记录,0.0,0.0,连续低于10 km/h的记录超过180条
2017-12-21 02:18:10,删除长低速记录,0.0,0.0,连续低于10 km/h的记录超过180条
2017-12-21 02:18:11,删除长低速记录,0.0,0.0,连续低于10 km/h的记录超过180条
2017-12-21 02:18:12,删除长低速记录,0.0,0.0,连续低于10 km/h的记录超过180条
2017-12-21 02:18:13,删除长低速记录,0.0,0.0,连续低于10 km/h的记录超过180条
2017-12-21 02:18:14,删除长低速记录,0.0,0.0,连续低于10 km/h的记录超过180条
2017-12-21 02:18:15,删除长低速记录,0.0,0.0,连续低于10 km/h的记录超过180条
2017-12-21 02:18:16,删除长低速记录,0.0,0.0,连续低于10 km/h的记录超过180条
2017-12-21 02:18:17,删除长低速记录,0.0,0.0,连续低于10 km/h的记录超过180条
2017-12-21 02:18:18,删除长低速记录,0.0,0.0,连续低于10 km/h的记录超过180条
2017-12-21 02:18:19,删除长低速记录,0.0,0.0,连续低于10 km/h的记录超过180条
2017-12-21 02:18:20,删除长低速记录,0.0,0.0,连续低于10 km/h的记录超过180条
2017-12-21 02:18:21,删除长低速记录,0.0,0.0,连续低于10 km/h的记录超过180条
2017-12-21 02:18:22,删除长低速记录,0.0,0.0,连续低于10 km/h的记录超过180条
2017-12-21 02:18:23,删除长低速记录,0.0,0.0,连续低于10 km/h的记录超过180条
2017-12-21 02:18:24,删除长低速记录,0.0,0.0,连续低于10 km/h的记录超过180条
2017-12-21 02:18:25,删除长低速记录,0.0,0.0,连续低于10 km/h的记录超过180条
2017-12-21 02:18:26,删除长低速记录,0.0,0.0,连续低于10 km/h的记录超过180条
2017-12-21 02:18:27,删除长低速记录,0.0,0.0,连续低于10 km/h的记录超过180条
2017-12-21 02:18:28,删除长低速记录,0.0,0.0,连续低于10 km/h的记录超过180条
2017-12-21 02:18:29,删除长低速记录,0.0,0.0,连续低于10 km/h的记录超过180条
2017-12-21 02:18:30,删除长低速记录,0.0,0.0,连续低于10 km/h的记录超过180条
2017-12-21 02:18:31,删除长低速记录,0.0,0.0,连续低于10 km/h的记录超过180条
2017-12-21 02:18:32,删除长低速记录,0.0,0.0,连续低于10 km/h的记录超过180条
2017-12-21 02:18:33,删除长低速记录,0.0,0.0,连续低于10 km/h的记录超过180条
2017-12-21 02:18:34,删除长低速记录,0.0,0.0,连续低于10 km/h的记录超过180条
2017-12-21 02:18:35,删除长低速记录,0.0,0.0,连续低于10 km/h的记录超过180条
2017-12-21 02:18:36,删除长低速记录,0.0,0.0,连续低于10 km/h的记录超过180条
2017-12-21 02:18:37,删除长低速记录,0.0,0.0,连续低于10 km/h的记录超过180条
2017-12-21 02:18:38,删除长低速记录,0.0,0.0,连续低于10 km/h的记录超过180条
2017-12-21 02:18:39,删除长低速记录,0.0,0.0,连续低于10 km/h的记录超过180条
2017-12-21 02:18:40,删除长低速记录,0.0,0.0,连续低于10 km/h的记录超过180条
2017-12-21 02:18:41,删除长低速记录,0.0,0.0,连续低于10 km/h的记录超过180条
2017-12-21 02:18:42,删除长低速记录,0.0,0.0,连续低于10 km/h的记录超过180条
2017-12-21 02:18:43,删除长低速记录,0.0,0.0,连续低于10 km/h的记录超过180条
2017-12-21 02:18:44,删除长低速记录,0.0,0.0,连续低于10 km/h的记录超过180条
2017-12-21 02:18:45,删除长低速记录,0.0,0.0,连续低于10 km/h的记录超过180条
2017-12-21 02:18:46,删除长低速记录,0.0,0.0,连续低于10 km/h的记录超过180条
2017-12-21 02:18:47,删除长低速记录,0.0,0.0,连续低于10 km/h的记录超过180条
2017-12-21 02:18:48,删除长低速记录,0.0,0.0,连续低于10 km/h的记录超过180条
2017-12-21 02:18:49,删除长低速记录,0.0,0.0,连续低于10 km/h的记录超过180条
2017-12-21 02:18:50,删除长低速记录,0.0,0.0,连续低于10 km/h的记录超过180条
2017-12-21 02:18:51,删除长低速记录,0.0,0.0,连续低于10 km/h的记录超过180条
2017-12-21 02:18:52,删除长低速记录,0.0,0.0,连续低于10 km/h的记录超过180条
2017-12-21 02:18:53,删除长低速记录,0.0,0.0,连续低于10 km/h的记录超过180条
2017-12-21 02:18:54,删除长低速记录,0.0,0.0,连续低于10 km/h的记录超过180条
2017-12-21 02:18:55,删除长低速记录,0.0,0.0,连续低于10 km/h的记录超过180条
2017-12-21 02:18:56,删除长低速记录,0.0,0.0,连续低于10 km/h的记录超过180条
2017-12-21 02:18:57,删除长低速记录,0.0,0.0,连续低于10 km/h的记录超过180条
2017-12-21 02:18:58,删除长低速记录,0.0,0.0,连续低于10 km/h的记录超过180条
2017-12-21 02:18:59,删除长低速记录,0.0,0.0,连续低于10 km/h的记录超过180条
2017-12-21 02:19:00,删除长低速记录,0.0,0.0,连续低于10 km/h的记录超过180条
2017-12-21 02:19:01,删除长低速记录,0.0,0.0,连续低于10 km/h的记录超过180条
2017-12-21 02:19:02,删除长低速记录,0.0,0.0,连续低于10 km/h的记录超过180条
2017-12-21 02:19:03,删除长低速记录,0.0,0.0,连续低于10 km/h的记录超过180条
2017-12-21 02:19:04,删除长低速记录,0.0,0.0,连续低于10 km/h的记录超过180条
2017-12-21 02:19:05,删除长低速记录,0.0,0.0,连续低于10 km/h的记录超过180条
2017-12-21 02:19:06,删除长低速记录,0.0,0.0,连续低于10 km/h的记录超过180条
2017-12-21 02:19:07,删除长低速记录,0.0,0.0,连续低于10 km/h的记录超过180条
2017-12-21 02:19:08,删除长低速记录,0.0,0.0,连续低于10 km/h的记录超过180条
2017-12-21 02:19:09,删除长低速记录,0.0,0.0,连续低于10 km/h的记录超过180条
2017-12-21 02:19:10,删除长低速记录,0.0,0.0,连续低于10 km/h的记录超过180条
2017-12-21 02:19:11,删除长低速记录,0.0,0.0,连续低于10 km/h的记录超过180条
2017-12-21 02:19:12,删除长低速记录,0.0,0.0,连续低于10 km/h的记录超过180条
2017-12-21 02:19:13,删除长低速记录,0.0,0.0,连续低于10 km/h的记录超过180条
2017-12-21 02:19:14,删除长低速记录,0.0,0.0,连续低于10 km/h的记录超过180条
2017-12-21 02:19:15,删除长低速记录,0.0,0.0,连续低于10 km/h的记录超过180条
2017-12-21 02:19:16,删除长低速记录,0.0,0.0,连续低于10 km/h的记录超过180条
2017-12-21 02:19:17,删除长低速记录,0.0,0.0,连续低于10 km/h的记录超过180条
2017-12-21 02:19:18,删除长低速记录,0.0,0.0,连续低于10 km/h的记录超过180条
2017-12-21 02:19:19,删除长低速记录,0.0,0.0,连续低于10 km/h的记录超过180条
2017-12-21 02:19:20,删除长低速记录,0.0,0.0,连续低于10 km/h的记录超过180条
2017-12-21 02:19:21,删除长低速记录,0.0,0.0,连续低于10 km/h的记录超过180条
2017-12-21 02:19:22,删除长低速记录,0.0,0.0,连续低于10 km/h的记录超过180条
2017-12-21 02:19:23,删除长低速记录,0.0,0.0,连续低于10 km/h的记录超过180条
2017-12-21 02:19:24,删除长低速记录,0.0,0.0,连续低于10 km/h的记录超过180条
2017-12-21 02:19:25,删除长低速记录,0.0,0.0,连续低于10 km/h的记录超过180条
2017-12-21 02:19:26,删除长低速记录,0.0,0.0,连续低于10 km/h的记录超过180条
2017-12-21 02:19:27,删除长低速记录,0.0,0.0,连续低于10 km/h的记录超过180条
2017-12-21 02:19:28,删除长低速记录,0.0,0.0,连续低于10 km/h的记录超过180条
2017-12-21 02:19:29,删除长低速记录,0.0,0.0,连续低于10 km/h的记录超过180条
2017-12-21 02:19:30,删除长低速记录,0.0,0.0,连续低于10 km/h的记录超过180条
2017-12-21 02:19:31,删除长低速记录,0.0,0.0,连续低于10 km/h的记录超过180条
2017-12-21 02:19:32,删除长低速记录,0.0,0.0,连续低于10 km/h的记录超过180条
2017-12-21 02:19:33,删除长低速记录,0.0,0.0,连续低于10 km/h的记录超过180条
2017-12-21 02:19:34,删除长低速记录,0.0,0.0,连续低于10 km/h的记录超过180条
2017-12-21 02:19:35,删除长低速记录,0.0,0.0,连续低于10 km/h的记录超过180条
2017-12-21 02:19:36,删除长低速记录,0.0,0.0,连续低于10 km/h的记录超过180条
2017-12-21 02:19:37,删除长低速记录,0.0,0.0,连续低于10 km/h的记录超过180条
2017-12-21 02:19:38,删除长低速记录,0.0,0.0,连续低于10 km/h的记录超过180条
2017-12-21 02:19:39,删除长低速记录,0.0,0.0,连续低于10 km/h的记录超过180条
2017-12-21 02:19:40,删除长低速记录,0.0,0.0,连续低于10 km/h的记录超过180条
2017-12-21 02:19:41,删除长低速记录,0.0,0.0,连续低于10 km/h的记录超过180条
2017-12-21 02:19:42,删除长低速记录,0.0,0.0,连续低于10 km/h的记录超过180条
2017-12-21 02:19:43,删除长低速记录,0.0,0.0,连续低于10 km/h的记录超过180条
2017-12-21 02:19:44,删除长低速记录,0.0,0.0,连续低于10 km/h的记录超过180条
2017-12-21 02:19:45,删除长低速记录,0.0,0.0,连续低于10 km/h的记录超过180条
2017-12-21 02:19:46,删除长低速记录,0.0,0.0,连续低于10 km/h的记录超过180条
2017-12-21 02:19:47,删除长低速记录,0.0,0.0,连续低于10 km/h的记录超过180条
2017-12-21 02:19:48,删除长低速记录,0.0,0.0,连续低于10 km/h的记录超过180条
2017-12-21 02:19:49,删除长低速记录,0.0,0.0,连续低于10 km/h的记录超过180条
2017-12-21 02:19:50,删除长低速记录,0.0,0.0,连续低于10 km/h的记录超过180条
2017-12-21 02:19:51,删除长低速记录,0.0,0.0,连续低于10 km/h的记录超过180条
2017-12-21 02:19:52,删除长低速记录,0.0,0.0,连续低于10 km/h的记录超过180条
2017-12-21 02:19:53,删除长低速记录,0.0,0.0,连续低于10 km/h的记录超过180条
2017-12-21 02:19:54,删除长低速记录,0.0,0.0,连续低于10 km/h的记录超过180条
2017-12-21 02:19:55,删除长低速记录,0.0,0.0,连续低于10 km/h的记录超过180条
2017-12-21 02:19:56,删除长低速记录,0.0,0.0,连续低于10 km/h的记录超过180条
2017-12-21 02:19:57,删除长低速记录,0.0,0.0,连续低于10 km/h的记录超过180条
2017-12-21 02:19:58,删除长低速记录,0.0,0.0,连续低于10 km/h的记录超过180条
2017-12-21 02:19:59,删除长低速记录,0.0,0.0,连续低于10 km/h的记录超过180条
2017-12-21 02:20:00,删除长低速记录,0.0,0.0,连续低于10 km/h的记录超过180条
2017-12-21 02:20:01,删除长低速记录,0.0,0.0,连续低于10 km/h的记录超过180条
2017-12-21 02:20:02,删除长低速记录,0.0,0.0,连续低于10 km/h的记录超过180条
2017-12-21 02:20:03,删除长低速记录,0.0,0.0,连续低于10 km/h的记录超过180条
2017-12-21 02:20:04,删除长低速记录,0.0,0.0,连续低于10 km/h的记录超过180条
2017-12-21 02:20:05,删除长低速记录,0.0,0.0,连续低于10 km/h的记录超过180条
2017-12-21 02:20:06,删除长低速记录,0.0,0.0,连续低于10 km/h的记录超过180条
2017-12-21 02:20:07,删除长低速记录,0.0,0.0,连续低于10 km/h的记录超过180条
2017-12-21 02:20:08,删除长低速记录,0.0,0.0,连续低于10 km/h的记录超过180条
2017-12-21 02:20:09,删除长低速记录,0.0,0.0,连续低于10 km/h的记录超过180条
2017-12-21 02:20:10,删除长低速记录,0.0,0.0,连续低于10 km/h的记录超过180条
2017-12-21 02:20:11,删除长低速记录,0.0,0.0,连续低于10 km/h的记录超过180条
2017-12-21 02:20:12,删除长低速记录,0.0,0.0,连续低于10 km/h的记录超过180条
2017-12-21 02:20:13,删除长低速记录,0.0,0.0,连续低于10 km/h的记录超过180条
2017-12-21 02:20:14,删除长低速记录,0.0,0.0,连续低于10 km/h的记录超过180条
2017-12-21 02:20:15,删除长低速记录,0.0,0.0,连续低于10 km/h的记录超过180条
2017-12-21 02:20:16,删除长低速记录,0.0,0.0,连续低于10 km/h的记录超过180条
2017-12-21 02:20:17,删除长低速记录,0.0,0.0,连续低于10 km/h的记录超过180条
2017-12-21 02:20:18,删除长低速记录,0.0,0.0,连续低于10 km/h的记录超过180条
2017-12-21 02:20:19,删除长低速记录,0.0,0.0,连续低于10 km/h的记录超过180条
2017-12-21 02:20:20,删除长低速记录,0.0,0.0,连续低于10 km/h的记录超过180条
2017-12-21 02:20:21,删除长低速记录,0.0,0.0,连续低于10 km/h的记录超过180条
2017-12-21 02:20:22,删除长低速记录,0.0,0.0,连续低于10 km/h的记录超过180条
2017-12-21 02:20:23,删除长低速记录,0.0,0.0,连续低于10 km/h的记录超过180条
2017-12-21 02:20:24,删除长低速记录,0.0,0.0,连续低于10 km/h的记录超过180条
2017-12-21 02:20:25,删除长低速记录,0.0,0.0,连续低于10 km/h的记录超过180条
2017-12-21 02:20:26,删除长低速记录,0.0,0.0,连续低于10 km/h的记录超过180条
2017-12-21 02:20:27,删除长低速记录,0.0,0.0,连续低于10 km/h的记录超过180条
2017-12-21 02:20:28,删除长低速记录,0.0,0.0,连续低于10 km/h的记录超过180条
2017-12-21 02:20:29,删除长低速记录,0.0,0.0,连续低于10 km/h的记录超过180条
2017-12-21 02:20:30,删除长低速记录,0.0,0.0,连续低于10 km/h的记录超过180条
2017-12-21 02:20:31,删除长低速记录,0.0,0.0,连续低于10 km/h的记录超过180条
2017-12-21 02:20:32,删除长低速记录,0.0,0.0,连续低于10 km/h的记录超过180条
2017-12-21 02:20:33,删除长低速记录,0.0,0.0,连续低于10 km/h的记录超过180条
2017-12-21 02:20:34,删除长低速记录,0.0,0.0,连续低于10 km/h的记录超过180条
2017-12-21 02:20:35,删除长低速记录,0.0,0.0,连续低于10 km/h的记录超过180条
2017-12-21 02:20:36,删除长低速记录,0.0,0.0,连续低于10 km/h的记录超过180条
2017-12-21 02:20:37,删除长低速记录,0.0,0.0,连续低于10 km/h的记录超过180条
2017-12-21 02:20:38,删除长低速记录,0.0,0.0,连续低于10 km/h的记录超过180条
2017-12-21 02:20:39,删除长低速记录,0.0,0.0,连续低于10 km/h的记录超过180条
2017-12-21 02:20:40,删除长低速记录,0.0,0.0,连续低于10 km/h的记录超过180条
2017-12-21 02:20:41,删除长低速记录,0.0,0.0,连续低于10 km/h的记录超过180条
2017-12-21 02:20:42,删除长低速记录,0.0,0.0,连续低于10 km/h的记录超过180条
2017-12-21 02:20:43,删除长低速记录,0.0,0.0,连续低于10 km/h的记录超过180条
2017-12-21 02:20:44,删除长低速记录,0.0,0.0,连续低于10 km/h的记录超过180条
2017-12-21 02:20:45,删除长低速记录,0.0,0.0,连续低于10 km/h的记录超过180条
2017-12-21 02:20:46,删除长低速记录,0.0,0.0,连续低于10 km/h的记录超过180条
2017-12-21 02:20:47,删除长低速记录,0.0,0.0,连续低于10 km/h的记录超过180条
2017-12-21 02:20:48,删除长低速记录,0.0,0.0,连续低于10 km/h的记录超过180条
2017-12-21 02:20:49,删除长低速记录,0.0,0.0,连续低于10 km/h的记录超过180条
2017-12-21 02:20:50,删除长低速记录,0.0,0.0,连续低于10 km/h的记录超过180条
2017-12-21 02:20:51,删除长低速记录,0.0,0.0,连续低于10 km/h的记录超过180条
2017-12-21 02:20:52,删除长低速记录,0.0,0.0,连续低于10 km/h的记录超过180条
2017-12-21 02:20:53,删除长低速记录,0.0,0.0,连续低于10 km/h的记录超过180条
2017-12-21 02:20:54,删除长低速记录,0.0,0.0,连续低于10 km/h的记录超过180条
2017-12-21 02:20:55,删除长低速记录,0.0,0.0,连续低于10 km/h的记录超过180条
2017-12-21 02:20:56,删除长低速记录,0.0,0.0,连续低于10 km/h的记录超过180条
2017-12-21 02:20:57,删除长低速记录,0.0,0.0,连续低于10 km/h的记录超过180条
2017-12-21 02:20:58,删除长低速记录,0.0,0.0,连续低于10 km/h的记录超过180条
2017-12-21 02:20:59,删除长低速记录,0.0,0.0,连续低于10 km/h的记录超过180条
2017-12-21 02:21:00,删除长低速记录,0.0,0.0,连续低于10 km/h的记录超过180条
2017-12-21 02:21:01,删除长低速记录,0.0,0.0,连续低于10 km/h的记录超过180条
2017-12-21 02:21:02,删除长低速记录,0.0,0.0,连续低于10 km/h的记录超过180条
2017-12-21 02:21:03,删除长低速记录,0.0,0.0,连续低于10 km/h的记录超过180条
2017-12-21 02:21:04,删除长低速记录,0.0,0.0,连续低于10 km/h的记录超过180条
2017-12-21 02:21:05,删除长低速记录,0.0,0.0,连续低于10 km/h的记录超过180条
2017-12-21 02:21:06,删除长低速记录,0.0,0.0,连续低于10 km/h的记录超过180条
2017-12-21 02:21:07,删除长低速记录,0.0,0.0,连续低于10 km/h的记录超过180条
2017-12-21 02:21:08,删除长低速记录,0.0,0.0,连续低于10 km/h的记录超过180条
2017-12-21 02:21:09,删除长低速记录,0.0,0.0,连续低于10 km/h的记录超过180条
2017-12-21 02:21:10,删除长低速记录,0.0,0.0,连续低于10 km/h的记录超过180条
2017-12-21 02:21:11,删除长低速记录,0.0,0.0,连续低于10 km/h的记录超过180条
2017-12-21 02:21:12,删除长低速记录,0.0,0.0,连续低于10 km/h的记录超过180条
2017-12-21 02:21:13,删除长低速记录,0.0,0.0,连续低于10 km/h的记录超过180条
2017-12-21 02:21:14,删除长低速记录,0.0,0.0,连续低于10 km/h的记录超过180条
2017-12-21 02:21:15,删除长低速记录,0.0,0.0,连续低于10 km/h的记录超过180条
2017-12-21 02:21:16,删除长低速记录,0.0,0.0,连续低于10 km/h的记录超过180条
2017-12-21 02:21:17,删除长低速记录,0.0,0.0,连续低于10 km/h的记录超过180条
2017-12-21 02:21:18,删除长低速记录,0.0,0.0,连续低于10 km/h的记录超过180条
2017-12-21 02:21:19,删除长低速记录,0.0,0.0,连续低于10 km/h的记录超过180条
2017-12-21 02:21:20,删除长低速记录,0.0,0.0,连续低于10 km/h的记录超过180条
2017-12-21 02:21:21,删除长低速记录,0.0,0.0,连续低于10 km/h的记录超过180条
2017-12-21 02:21:22,删除长低速记录,0.0,0.0,连续低于10 km/h的记录超过180条
2017-12-21 02:21:23,删除长低速记录,0.0,0.0,连续低于10 km/h的记录超过180条
2017-12-21 02:21:24,删除长低速记录,0.0,0.0,连续低于10 km/h的记录超过180条
2017-12-21 02:21:25,删除长低速记录,0.0,0.0,连续低于10 km/h的记录超过180条
2017-12-21 02:21:26,删除长低速记录,0.0,0.0,连续低于10 km/h的记录超过180条
2017-12-21 02:21:27,删除长低速记录,0.0,0.0,连续低于10 km/h的记录超过180条
2017-12-21 02:21:28,删除长低速记录,0.0,0.0,连续低于10 km/h的记录超过180条
2017-12-21 02:21:29,删除长低速记录,0.0,0.0,连续低于10 km/h的记录超过180条
2017-12-21 02:21:30,删除长低速记录,0.0,0.0,连续低于10 km/h的记录超过180条
2017-12-21 02:21:31,删除长低速记录,0.0,0.0,连续低于10 km/h的记录超过180条
2017-12-21 02:21:32,删除长低速记录,0.0,0.0,连续低于10 km/h的记录超过180条
2017-12-21 02:21:33,删除长低速记录,0.0,0.0,连续低于10 km/h的记录超过180条
2017-12-21 02:21:34,删除长低速记录,0.0,0.0,连续低于10 km/h的记录超过180条
2017-12-21 02:21:35,删除长低速记录,0.0,0.0,连续低于10 km/h的记录超过180条
2017-12-21 02:21:36,删除长低速记录,0.0,0.0,连续低于10 km/h的记录超过180条
2017-12-21 02:21:37,删除长低速记录,0.0,0.0,连续低于10 km/h的记录超过180条
2017-12-21 02:21:38,删除长低速记录,0.0,0.0,连续低于10 km/h的记录超过180条
2017-12-21 02:21:39,删除长低速记录,0.0,0.0,连续低于10 km/h的记录超过180条
2017-12-21 02:21:40,删除长低速记录,0.0,0.0,连续低于10 km/h的记录超过180条
2017-12-21 02:21:41,删除长低速记录,0.0,0.0,连续低于10 km/h的记录超过180条
2017-12-21 02:21:42,删除长低速记录,0.0,0.0,连续低于10 km/h的记录超过180条
2017-12-21 02:21:43,删除长低速记录,0.0,0.0,连续低于10 km/h的记录超过180条
2017-12-21 02:21:44,删除长低速记录,0.0,0.0,连续低于10 km/h的记录超过180条
2017-12-21 02:21:45,删除长低速记录,0.0,0.0,连续低于10 km/h的记录超过180条
2017-12-21 02:21:46,删除长低速记录,0.0,0.0,连续低于10 km/h的记录超过180条
2017-12-21 02:21:47,删除长低速记录,0.0,0.0,连续低于10 km/h的记录超过180条
2017-12-21 02:21:48,删除长低速记录,0.0,0.0,连续低于10 km/h的记录超过180条
2017-12-21 02:21:49,删除长低速记录,0.0,0.0,连续低于10 km/h的记录超过180条
2017-12-21 02:21:50,删除长低速记录,0.0,0.0,连续低于10 km/h的记录超过180条
2017-12-21 02:21:51,删除长低速记录,0.0,0.0,连续低于10 km/h的记录超过180条
2017-12-21 02:21:52,删除长低速记录,0.0,0.0,连续低于10 km/h的记录超过180条
2017-12-21 02:21:53,删除长低速记录,0.0,0.0,连续低于10 km/h的记录超过180条
2017-12-21 02:21:54,删除长低速记录,0.0,0.0,连续低于10 km/h的记录超过180条
2017-12-21 02:21:55,删除长低速记录,0.0,0.0,连续低于10 km/h的记录超过180条
2017-12-21 02:21:56,删除长低速记录,0.0,0.0,连续低于10 km/h的记录超过180条
2017-12-21 02:21:57,删除长低速记录,0.0,0.0,连续低于10 km/h的记录超过180条
2017-12-21 02:21:58,删除长低速记录,0.0,0.0,连续低于10 km/h的记录超过180条
2017-12-21 02:21:59,删除长低速记录,0.0,0.0,连续低于10 km/h的记录超过180条
2017-12-21 02:22:00,删除长低速记录,0.0,0.0,连续低于10 km/h的记录超过180条
2017-12-21 02:22:01,删除长低速记录,0.0,0.0,连续低于10 km/h的记录超过180条
2017-12-21 02:22:02,删除长低速记录,0.0,0.0,连续低于10 km/h的记录超过180条
2017-12-21 02:22:03,删除长低速记录,0.0,0.0,连续低于10 km/h的记录超过180条
2017-12-21 02:22:04,删除长低速记录,0.0,0.0,连续低于10 km/h的记录超过180条
2017-12-21 02:22:05,删除长低速记录,0.0,0.0,连续低于10 km/h的记录超过180条
2017-12-21 02:22:06,删除长低速记录,0.0,0.0,连续低于10 km/h的记录超过180条
2017-12-21 02:22:07,删除长低速记录,0.0,0.0,连续低于10 km/h的记录超过180条
2017-12-21 02:22:08,删除长低速记录,0.0,0.0,连续低于10 km/h的记录超过180条
2017-12-21 02:22:09,删除长低速记录,0.0,0.0,连续低于10 km/h的记录超过180条
2017-12-21 02:22:10,删除长低速记录,0.0,0.0,连续低于10 km/h的记录超过180条
2017-12-21 02:22:11,删除长低速记录,0.0,0.0,连续低于10 km/h的记录超过180条
2017-12-21 02:22:12,删除长低速记录,0.0,0.0,连续低于10 km/h的记录超过180条
2017-12-21 02:22:13,删除长低速记录,0.0,0.0,连续低于10 km/h的记录超过180条
2017-12-21 02:22:14,删除长低速记录,0.0,0.0,连续低于10 km/h的记录超过180条
2017-12-21 02:22:15,删除长低速记录,0.0,0.0,连续低于10 km/h的记录超过180条
2017-12-21 02:22:16,删除长低速记录,0.0,0.0,连续低于10 km/h的记录超过180条
2017-12-21 02:22:17,删除长低速记录,0.0,0.0,连续低于10 km/h的记录超过180条
2017-12-21 02:22:18,删除长低速记录,0.0,0.0,连续低于10 km/h的记录超过180条
2017-12-21 02:22:19,删除长低速记录,0.0,0.0,连续低于10 km/h的记录超过180条
2017-12-21 02:22:20,删除长低速记录,0.0,0.0,连续低于10 km/h的记录超过180条
2017-12-21 02:22:21,删除长低速记录,0.0,0.0,连续低于10 km/h的记录超过180条
2017-12-21 02:22:22,删除长低速记录,0.0,0.0,连续低于10 km/h的记录超过180条
2017-12-21 02:22:23,删除长低速记录,0.0,0.0,连续低于10 km/h的记录超过180条
2017-12-21 02:22:24,删除长低速记录,0.0,0.0,连续低于10 km/h的记录超过180条
2017-12-21 02:22:25,删除长低速记录,0.0,0.0,连续低于10 km/h的记录超过180条
2017-12-21 02:22:26,删除长低速记录,0.0,0.0,连续低于10 km/h的记录超过180条
2017-12-21 02:22:27,删除长低速记录,0.0,0.0,连续低于10 km/h的记录超过180条
2017-12-21 02:22:28,删除长低速记录,0.0,0.0,连续低于10 km/h的记录超过180条
2017-12-21 02:22:29,删除长低速记录,0.0,0.0,连续低于10 km/h的记录超过180条
2017-12-21 02:22:30,删除长低速记录,0.0,0.0,连续低于10 km/h的记录超过180条
2017-12-21 02:22:31,删除长低速记录,0.0,0.0,连续低于10 km/h的记录超过180条
2017-12-21 02:22:32,删除长低速记录,0.0,0.0,连续低于10 km/h的记录超过180条
2017-12-21 02:22:33,删除长低速记录,0.0,0.0,连续低于10 km/h的记录超过180条
2017-12-21 02:22:34,删除长低速记录,0.0,0.0,连续低于10 km/h的记录超过180条
2017-12-21 02:22:35,删除长低速记录,0.0,0.0,连续低于10 km/h的记录超过180条
2017-12-21 02:22:36,删除长低速记录,0.0,0.0,连续低于10 km/h的记录超过180条
2017-12-21 02:22:37,删除长低速记录,0.0,0.0,连续低于10 km/h的记录超过180条
2017-12-21 02:22:38,删除长低速记录,0.0,0.0,连续低于10 km/h的记录超过180条
2017-12-21 02:22:39,删除长低速记录,0.0,0.0,连续低于10 km/h的记录超过180条
2017-12-21 02:22:40,删除长低速记录,0.0,0.0,连续低于10 km/h的记录超过180条
2017-12-21 02:22:41,删除长低速记录,0.0,0.0,连续低于10 km/h的记录超过180条
2017-12-21 02:22:42,删除长低速记录,0.0,0.0,连续低于10 km/h的记录超过180条
2017-12-21 02:22:43,删除长低速记录,0.0,0.0,连续低于10 km/h的记录超过180条
2017-12-21 02:22:44,删除长低速记录,0.0,0.0,连续低于10 km/h的记录超过180条
2017-12-21 02:22:45,删除长低速记录,0.0,0.0,连续低于10 km/h的记录超过180条
2017-12-21 02:22:46,删除长低速记录,0.0,0.0,连续低于10 km/h的记录超过180条
2017-12-21 02:22:47,删除长低速记录,0.0,0.0,连续低于10 km/h的记录超过180条
2017-12-21 02:22:48,删除长低速记录,0.0,0.0,连续低于10 km/h的记录超过180条
2017-12-21 02:22:49,删除长低速记录,0.0,0.0,连续低于10 km/h的记录超过180条
2017-12-21 02:22:50,删除长低速记录,0.0,0.0,连续低于10 km/h的记录超过180条
2017-12-21 02:22:51,删除长低速记录,0.0,0.0,连续低于10 km/h的记录超过180条
2017-12-21 02:22:52,删除长低速记录,0.0,0.0,连续低于10 km/h的记录超过180条
2017-12-21 02:22:53,删除长低速记录,0.0,0.0,连续低于10 km/h的记录超过180条
2017-12-21 02:22:54,删除长低速记录,0.0,0.0,连续低于10 km/h的记录超过180条
2017-12-21 02:22:55,删除长低速记录,0.0,0.0,连续低于10 km/h的记录超过180条
2017-12-21 02:22:56,删除长低速记录,0.0,0.0,连续低于10 km/h的记录超过180条
2017-12-21 02:22:57,删除长低速记录,0.0,0.0,连续低于10 km/h的记录超过180条
2017-12-21 02:22:58,删除长低速记录,0.0,0.0,连续低于10 km/h的记录超过180条
2017-12-21 02:22:59,删除长低速记录,0.0,0.0,连续低于10 km/h的记录超过180条
2017-12-21 02:23:00,删除长低速记录,0.0,0.0,连续低于10 km/h的记录超过180条
2017-12-21 02:23:01,删除长低速记录,0.0,0.0,连续低于10 km/h的记录超过180条
2017-12-21 02:23:02,删除长低速记录,0.0,0.0,连续低于10 km/h的记录超过180条
2017-12-21 02:23:03,删除长低速记录,0.0,0.0,连续低于10 km/h的记录超过180条
2017-12-21 02:23:04,删除长低速记录,0.0,0.0,连续低于10 km/h的记录超过180条
2017-12-21 02:23:05,删除长低速记录,0.0,0.0,连续低于10 km/h的记录超过180条
2017-12-21 02:23:06,删除长低速记录,0.0,0.0,连续低于10 km/h的记录超过180条
2017-12-21 02:23:07,删除长低速记录,0.0,0.0,连续低于10 km/h的记录超过180条
2017-12-21 02:23:08,删除长低速记录,0.0,0.0,连续低于10 km/h的记录超过180条
2017-12-21 02:23:09,删除长低速记录,0.0,0.0,连续低于10 km/h的记录超过180条
2017-12-21 02:23:10,删除长低速记录,0.0,0.0,连续低于10 km/h的记录超过180条
2017-12-21 02:23:11,删除长低速记录,0.0,0.0,连续低于10 km/h的记录超过180条
2017-12-21 02:23:12,删除长低速记录,0.0,0.0,连续低于10 km/h的记录超过180条
2017-12-21 02:23:13,删除长低速记录,0.0,0.0,连续低于10 km/h的记录超过180条
2017-12-21 02:23:14,删除长低速记录,0.0,0.0,连续低于10 km/h的记录超过180条
2017-12-21 02:23:15,删除长低速记录,0.0,0.0,连续低于10 km/h的记录超过180条
2017-12-21 02:23:16,删除长低速记录,0.0,0.0,连续低于10 km/h的记录超过180条
2017-12-21 02:23:17,删除长低速记录,0.0,0.0,连续低于10 km/h的记录超过180条
2017-12-21 02:23:18,删除长低速记录,0.0,0.0,连续低于10 km/h的记录超过180条
2017-12-21 02:23:19,删除长低速记录,0.0,0.0,连续低于10 km/h的记录超过180条
2017-12-21 02:23:20,删除长低速记录,0.0,0.0,连续低于10 km/h的记录超过180条
2017-12-21 02:23:21,删除长低速记录,0.0,0.0,连续低于10 km/h的记录超过180条
2017-12-21 02:23:22,删除长低速记录,0.0,0.0,连续低于10 km/h的记录超过180条
2017-12-21 02:23:23,删除长低速记录,0.0,0.0,连续低于10 km/h的记录超过180条
2017-12-21 02:23:24,删除长低速记录,0.0,0.0,连续低于10 km/h的记录超过180条
2017-12-21 02:23:25,删除长低速记录,0.0,0.0,连续低于10 km/h的记录超过180条
2017-12-21 02:23:26,删除长低速记录,0.0,0.0,连续低于10 km/h的记录超过180条
2017-12-21 02:23:27,删除长低速记录,0.0,0.0,连续低于10 km/h的记录超过180条
2017-12-21 02:23:28,删除长低速记录,0.0,0.0,连续低于10 km/h的记录超过180条
2017-12-21 02:23:29,删除长低速记录,0.0,0.0,连续低于10 km/h的记录超过180条
2017-12-21 02:23:30,删除长低速记录,0.0,0.0,连续低于10 km/h的记录超过180条
2017-12-21 02:23:31,删除长低速记录,0.0,0.0,连续低于10 km/h的记录超过180条
2017-12-21 02:23:32,删除长低速记录,0.0,0.0,连续低于10 km/h的记录超过180条
2017-12-21 02:23:33,删除长低速记录,0.0,0.0,连续低于10 km/h的记录超过180条
2017-12-21 02:23:34,删除长低速记录,0.0,0.0,连续低于10 km/h的记录超过180条
2017-12-21 02:23:35,删除长低速记录,0.0,0.0,连续低于10 km/h的记录超过180条
2017-12-21 02:23:36,删除长低速记录,0.0,0.0,连续低于10 km/h的记录超过180条
2017-12-21 02:23:37,删除长低速记录,0.0,0.0,连续低于10 km/h的记录超过180条
2017-12-21 02:23:38,删除长低速记录,0.0,0.0,连续低于10 km/h的记录超过180条
2017-12-21 02:23:39,删除长低速记录,0.0,0.0,连续低于10 km/h的记录超过180条
2017-12-21 02:23:40,删除长低速记录,0.0,0.0,连续低于10 km/h的记录超过180条
2017-12-21 02:23:41,删除长低速记录,0.0,0.0,连续低于10 km/h的记录超过180条
2017-12-21 02:23:42,删除长低速记录,0.0,0.0,连续低于10 km/h的记录超过180条
2017-12-21 02:23:43,删除长低速记录,0.0,0.0,连续低于10 km/h的记录超过180条
2017-12-21 02:23:44,删除长低速记录,0.0,0.0,连续低于10 km/h的记录超过180条
2017-12-21 02:23:45,删除长低速记录,0.0,0.0,连续低于10 km/h的记录超过180条
2017-12-21 02:23:46,删除长低速记录,0.0,0.0,连续低于10 km/h的记录超过180条
2017-12-21 02:23:47,删除长低速记录,0.0,0.0,连续低于10 km/h的记录超过180条
2017-12-21 02:23:48,删除长低速记录,0.0,0.0,连续低于10 km/h的记录超过180条
2017-12-21 02:23:49,删除长低速记录,0.0,0.0,连续低于10 km/h的记录超过180条
2017-12-21 02:23:50,删除长低速记录,0.0,0.0,连续低于10 km/h的记录超过180条
2017-12-21 02:23:51,删除长低速记录,0.0,0.0,连续低于10 km/h的记录超过180条
2017-12-21 02:23:52,删除长低速记录,0.0,0.0,连续低于10 km/h的记录超过180条
2017-12-21 02:23:53,删除长低速记录,0.0,0.0,连续低于10 km/h的记录超过180条
2017-12-21 02:23:54,删除长低速记录,0.0,0.0,连续低于10 km/h的记录超过180条
2017-12-21 02:23:55,删除长低速记录,0.0,0.0,连续低于10 km/h的记录超过180条
2017-12-21 02:23:56,删除长低速记录,0.0,0.0,连续低于10 km/h的记录超过180条
2017-12-21 02:23:57,删除长低速记录,0.0,0.0,连续低于10 km/h的记录超过180条
2017-12-21 02:23:58,删除长低速记录,0.0,0.0,连续低于10 km/h的记录超过180条
2017-12-21 02:23:59,删除长低速记录,0.0,0.0,连续低于10 km/h的记录超过180条
2017-12-21 02:24:00,删除长低速记录,0.0,0.0,连续低于10 km/h的记录超过180条
2017-12-21 02:24:01,删除长低速记录,0.0,0.0,连续低于10 km/h的记录超过180条
2017-12-21 02:24:02,删除长低速记录,0.0,0.0,连续低于10 km/h的记录超过180条
2017-12-21 02:24:03,删除长低速记录,0.0,0.0,连续低于10 km/h的记录超过180条
2017-12-21 02:24:04,删除长低速记录,0.0,0.0,连续低于10 km/h的记录超过180条
2017-12-21 02:24:05,删除长低速记录,0.0,0.0,连续低于10 km/h的记录超过180条
2017-12-21 02:24:06,删除长低速记录,0.0,0.0,连续低于10 km/h的记录超过180条
2017-12-21 02:24:07,删除长低速记录,0.0,0.0,连续低于10 km/h的记录超过180条
2017-12-21 02:24:08,删除长低速记录,0.0,0.0,连续低于10 km/h的记录超过180条
2017-12-21 02:24:09,删除长低速记录,0.0,0.0,连续低于10 km/h的记录超过180条
2017-12-21 02:24:10,删除长低速记录,0.0,0.0,连续低于10 km/h的记录超过180条
2017-12-21 02:24:11,删除长低速记录,0.0,0.0,连续低于10 km/h的记录超过180条
2017-12-21 02:24:12,删除长低速记录,0.0,0.0,连续低于10 km/h的记录超过180条
2017-12-21 02:24:13,删除长低速记录,0.0,0.0,连续低于10 km/h的记录超过180条
2017-12-21 02:24:14,删除长低速记录,0.0,0.0,连续低于10 km/h的记录超过180条
2017-12-21 02:24:15,删除长低速记录,0.0,0.0,连续低于10 km/h的记录超过180条
2017-12-21 02:24:16,删除长低速记录,0.0,0.0,连续低于10 km/h的记录超过180条
2017-12-21 02:24:17,删除长低速记录,0.0,0.0,连续低于10 km/h的记录超过180条
2017-12-21 02:24:18,删除长低速记录,0.0,0.0,连续低于10 km/h的记录超过180条
2017-12-21 02:24:19,删除长低速记录,0.0,0.0,连续低于10 km/h的记录超过180条
2017-12-21 02:24:20,删除长低速记录,0.0,0.0,连续低于10 km/h的记录超过180条
2017-12-21 02:24:21,删除长低速记录,0.0,0.0,连续低于10 km/h的记录超过180条
2017-12-21 02:24:22,删除长低速记录,0.0,0.0,连续低于10 km/h的记录超过180条
2017-12-21 02:24:23,删除长低速记录,0.0,0.0,连续低于10 km/h的记录超过180条
2017-12-21 02:24:24,删除长低速记录,0.0,0.0,连续低于10 km/h的记录超过180条
2017-12-21 02:24:25,删除长低速记录,0.0,0.0,连续低于10 km/h的记录超过180条
2017-12-21 02:24:26,删除长低速记录,0.0,0.0,连续低于10 km/h的记录超过180条
2017-12-21 02:24:27,删除长低速记录,0.0,0.0,连续低于10 km/h的记录超过180条
2017-12-21 02:24:28,删除长低速记录,0.0,0.0,连续低于10 km/h的记录超过180条
2017-12-21 02:24:29,删除长低速记录,0.0,0.0,连续低于10 km/h的记录超过180条
2017-12-21 02:24:30,删除长低速记录,0.0,0.0,连续低于10 km/h的记录超过180条
2017-12-21 02:24:31,删除长低速记录,0.0,0.0,连续低于10 km/h的记录超过180条
2017-12-21 02:24:32,删除长低速记录,0.0,0.0,连续低于10 km/h的记录超过180条
2017-12-21 02:24:33,删除长低速记录,0.0,0.0,连续低于10 km/h的记录超过180条
2017-12-21 02:24:34,删除长低速记录,0.0,0.0,连续低于10 km/h的记录超过180条
2017-12-21 02:24:35,删除长低速记录,0.0,0.0,连续低于10 km/h的记录超过180条
2017-12-21 02:24:36,删除长低速记录,0.0,0.0,连续低于10 km/h的记录超过180条
2017-12-21 02:24:37,删除长低速记录,0.0,0.0,连续低于10 km/h的记录超过180条
2017-12-21 02:24:38,删除长低速记录,0.0,0.0,连续低于10 km/h的记录超过180条
2017-12-21 02:24:39,删除长低速记录,0.0,0.0,连续低于10 km/h的记录超过180条
2017-12-21 02:24:40,删除长低速记录,0.0,0.0,连续低于10 km/h的记录超过180条
2017-12-21 02:24:41,删除长低速记录,0.0,0.0,连续低于10 km/h的记录超过180条
2017-12-21 02:24:42,删除长低速记录,0.0,0.0,连续低于10 km/h的记录超过180条
2017-12-21 02:24:43,删除长低速记录,0.0,0.0,连续低于10 km/h的记录超过180条
2017-12-21 02:24:44,删除长低速记录,0.0,0.0,连续低于10 km/h的记录超过180条
2017-12-21 02:24:45,删除长低速记录,0.0,0.0,连续低于10 km/h的记录超过180条
2017-12-21 02:24:46,删除长低速记录,0.0,0.0,连续低于10 km/h的记录超过180条
2017-12-21 02:24:47,删除长低速记录,0.0,0.0,连续低于10 km/h的记录超过180条
2017-12-21 02:24:48,删除长低速记录,0.0,0.0,连续低于10 km/h的记录超过180条
2017-12-21 02:24:49,删除长低速记录,0.0,0.0,连续低于10 km/h的记录超过180条
2017-12-21 02:24:50,删除长低速记录,0.0,0.0,连续低于10 km/h的记录超过180条
2017-12-21 02:24:51,删除长低速记录,0.0,0.0,连续低于10 km/h的记录超过180条
2017-12-21 02:24:52,删除长低速记录,0.0,0.0,连续低于10 km/h的记录超过180条
2017-12-21 02:24:53,删除长低速记录,0.0,0.0,连续低于10 km/h的记录超过180条
2017-12-21 02:24:54,删除长低速记录,0.0,0.0,连续低于10 km/h的记录超过180条
2017-12-21 02:24:55,删除长低速记录,0.0,0.0,连续低于10 km/h的记录超过180条
2017-12-21 02:24:56,删除长低速记录,0.0,0.0,连续低于10 km/h的记录超过180条
2017-12-21 02:24:57,删除长低速记录,0.0,0.0,连续低于10 km/h的记录超过180条
2017-12-21 02:24:58,删除长低速记录,0.0,0.0,连续低于10 km/h的记录超过180条
2017-12-21 02:24:59,删除长低速记录,0.0,0.0,连续低于10 km/h的记录超过180条
2017-12-21 02:25:00,删除长低速记录,0.0,0.0,连续低于10 km/h的记录超过180条
2017-12-21 02:25:01,删除长低速记录,0.0,0.0,连续低于10 km/h的记录超过180条
2017-12-21 02:25:02,删除长低速记录,0.0,0.0,连续低于10 km/h的记录超过180条
2017-12-21 02:25:03,删除长低速记录,0.0,0.0,连续低于10 km/h的记录超过180条
2017-12-21 02:25:04,删除长低速记录,0.0,0.0,连续低于10 km/h的记录超过180条
2017-12-21 02:25:05,删除长低速记录,0.0,0.0,连续低于10 km/h的记录超过180条
2017-12-21 02:25:06,删除长低速记录,0.0,0.0,连续低于10 km/h的记录超过180条
2017-12-21 02:25:07,删除长低速记录,0.0,0.0,连续低于10 km/h的记录超过180条
2017-12-21 02:25:08,删除长低速记录,0.0,0.0,连续低于10 km/h的记录超过180条
2017-12-21 02:25:09,删除长低速记录,0.0,0.0,连续低于10 km/h的记录超过180条
2017-12-21 02:25:10,删除长低速记录,0.0,0.0,连续低于10 km/h的记录超过180条
2017-12-21 02:25:11,删除长低速记录,0.0,0.0,连续低于10 km/h的记录超过180条
2017-12-21 02:25:12,删除长低速记录,0.0,0.0,连续低于10 km/h的记录超过180条
2017-12-21 02:25:13,删除长低速记录,0.0,0.0,连续低于10 km/h的记录超过180条
2017-12-21 02:25:14,删除长低速记录,0.0,0.0,连续低于10 km/h的记录超过180条
2017-12-21 02:25:15,删除长低速记录,0.0,0.0,连续低于10 km/h的记录超过180条
2017-12-21 02:25:16,删除长低速记录,0.0,0.0,连续低于10 km/h的记录超过180条
2017-12-21 02:25:17,删除长低速记录,0.0,0.0,连续低于10 km/h的记录超过180条
2017-12-21 02:25:18,删除长低速记录,0.0,0.0,连续低于10 km/h的记录超过180条
2017-12-21 02:25:19,删除长低速记录,0.0,0.0,连续低于10 km/h的记录超过180条
2017-12-21 02:25:20,删除长低速记录,0.0,0.0,连续低于10 km/h的记录超过180条
2017-12-21 02:25:21,删除长低速记录,0.0,0.0,连续低于10 km/h的记录超过180条
2017-12-21 02:25:22,删除长低速记录,0.0,0.0,连续低于10 km/h的记录超过180条
2017-12-21 02:25:23,删除长低速记录,0.0,0.0,连续低于10 km/h的记录超过180条
2017-12-21 02:25:24,删除长低速记录,0.0,0.0,连续低于10 km/h的记录超过180条
2017-12-21 02:25:25,删除长低速记录,0.0,0.0,连续低于10 km/h的记录超过180条
2017-12-21 02:25:26,删除长低速记录,0.0,0.0,连续低于10 km/h的记录超过180条
2017-12-21 02:25:27,删除长低速记录,0.0,0.0,连续低于10 km/h的记录超过180条
2017-12-21 02:25:28,删除长低速记录,0.0,0.0,连续低于10 km/h的记录超过180条
2017-12-21 02:25:29,删除长低速记录,0.0,0.0,连续低于10 km/h的记录超过180条
2017-12-21 02:25:30,删除长低速记录,0.0,0.0,连续低于10 km/h的记录超过180条
2017-12-21 02:25:31,删除长低速记录,0.0,0.0,连续低于10 km/h的记录超过180条
2017-12-21 02:25:32,删除长低速记录,0.0,0.0,连续低于10 km/h的记录超过180条
2017-12-21 02:25:33,删除长低速记录,0.0,0.0,连续低于10 km/h的记录超过180条
2017-12-21 02:25:34,删除长低速记录,0.0,0.0,连续低于10 km/h的记录超过180条
2017-12-21 02:25:35,删除长低速记录,0.0,0.0,连续低于10 km/h的记录超过180条
2017-12-21 02:25:36,删除长低速记录,0.0,0.0,连续低于10 km/h的记录超过180条
2017-12-21 02:25:37,删除长低速记录,0.0,0.0,连续低于10 km/h的记录超过180条
2017-12-21 02:25:38,删除长低速记录,0.0,0.0,连续低于10 km/h的记录超过180条
2017-12-21 02:25:39,删除长低速记录,0.0,0.0,连续低于10 km/h的记录超过180条
2017-12-21 02:25:40,删除长低速记录,0.0,0.0,连续低于10 km/h的记录超过180条
2017-12-21 02:25:41,删除长低速记录,0.0,0.0,连续低于10 km/h的记录超过180条
2017-12-21 02:25:42,删除长低速记录,0.0,0.0,连续低于10 km/h的记录超过180条
2017-12-21 02:25:43,删除长低速记录,0.0,0.0,连续低于10 km/h的记录超过180条
2017-12-21 02:25:44,删除长低速记录,0.0,0.0,连续低于10 km/h的记录超过180条
2017-12-21 02:25:45,删除长低速记录,0.0,0.0,连续低于10 km/h的记录超过180条
2017-12-21 02:25:46,删除长低速记录,0.0,0.0,连续低于10 km/h的记录超过180条
2017-12-21 02:25:47,删除长低速记录,0.0,0.0,连续低于10 km/h的记录超过180条
2017-12-21 02:25:48,删除长低速记录,0.0,0.0,连续低于10 km/h的记录超过180条
2017-12-21 02:25:49,删除长低速记录,0.0,0.0,连续低于10 km/h的记录超过180条
2017-12-21 02:25:50,删除长低速记录,0.0,0.0,连续低于10 km/h的记录超过180条
2017-12-21 02:25:51,删除长低速记录,0.0,0.0,连续低于10 km/h的记录超过180条
2017-12-21 02:25:52,删除长低速记录,0.0,0.0,连续低于10 km/h的记录超过180条
2017-12-21 02:25:53,删除长低速记录,0.0,0.0,连续低于10 km/h的记录超过180条
2017-12-21 02:25:54,删除长低速记录,0.0,0.0,连续低于10 km/h的记录超过180条
2017-12-21 02:25:55,删除长低速记录,0.0,0.0,连续低于10 km/h的记录超过180条
2017-12-21 02:25:56,删除长低速记录,0.0,0.0,连续低于10 km/h的记录超过180条
2017-12-21 02:25:57,删除长低速记录,0.0,0.0,连续低于10 km/h的记录超过180条
2017-12-21 02:25:58,删除长低速记录,0.0,0.0,连续低于10 km/h的记录超过180条
2017-12-21 02:25:59,删除长低速记录,0.0,0.0,连续低于10 km/h的记录超过180条
2017-12-21 02:26:00,删除长低速记录,0.0,0.0,连续低于10 km/h的记录超过180条
2017-12-21 02:26:01,删除长低速记录,0.0,0.0,连续低于10 km/h的记录超过180条
2017-12-21 02:26:02,删除长低速记录,0.0,0.0,连续低于10 km/h的记录超过180条
2017-12-21 02:26:03,删除长低速记录,0.0,0.0,连续低于10 km/h的记录超过180条
2017-12-21 02:26:04,删除长低速记录,0.0,0.0,连续低于10 km/h的记录超过180条
2017-12-21 02:26:05,删除长低速记录,0.0,0.0,连续低于10 km/h的记录超过180条
2017-12-21 02:26:06,删除长低速记录,0.0,0.0,连续低于10 km/h的记录超过180条
2017-12-21 02:26:07,删除长低速记录,0.0,0.0,连续低于10 km/h的记录超过180条
2017-12-21 02:26:08,删除长低速记录,0.0,0.0,连续低于10 km/h的记录超过180条
2017-12-21 02:26:09,删除长低速记录,0.0,0.0,连续低于10 km/h的记录超过180条
2017-12-21 02:26:10,删除长低速记录,0.0,0.0,连续低于10 km/h的记录超过180条
2017-12-21 02:26:11,删除长低速记录,0.0,0.0,连续低于10 km/h的记录超过180条
2017-12-21 02:26:12,删除长低速记录,0.0,0.0,连续低于10 km/h的记录超过180条
2017-12-21 02:26:13,删除长低速记录,0.0,0.0,连续低于10 km/h的记录超过180条
2017-12-21 02:26:14,删除长低速记录,0.0,0.0,连续低于10 km/h的记录超过180条
2017-12-21 02:26:15,删除长低速记录,0.0,0.0,连续低于10 km/h的记录超过180条
2017-12-21 02:26:16,删除长低速记录,0.0,0.0,连续低于10 km/h的记录超过180条
2017-12-21 02:26:17,删除长低速记录,0.0,0.0,连续低于10 km/h的记录超过180条
2017-12-21 02:26:18,删除长低速记录,0.0,0.0,连续低于10 km/h的记录超过180条
2017-12-21 02:26:19,删除长低速记录,0.0,0.0,连续低于10 km/h的记录超过180条
2017-12-21 02:26:20,删除长低速记录,0.0,0.0,连续低于10 km/h的记录超过180条
2017-12-21 02:26:21,删除长低速记录,0.0,0.0,连续低于10 km/h的记录超过180条
2017-12-21 02:26:22,删除长低速记录,0.0,0.0,连续低于10 km/h的记录超过180条
2017-12-21 02:26:23,删除长低速记录,0.0,0.0,连续低于10 km/h的记录超过180条
2017-12-21 02:26:24,删除长低速记录,0.0,0.0,连续低于10 km/h的记录超过180条
2017-12-21 02:26:25,删除长低速记录,0.0,0.0,连续低于10 km/h的记录超过180条
2017-12-21 02:26:26,删除长低速记录,0.0,0.0,连续低于10 km/h的记录超过180条
2017-12-21 02:26:27,删除长低速记录,0.0,0.0,连续低于10 km/h的记录超过180条
2017-12-21 02:26:28,删除长低速记录,0.0,0.0,连续低于10 km/h的记录超过180条
2017-12-21 02:26:29,删除长低速记录,0.0,0.0,连续低于10 km/h的记录超过180条
2017-12-21 02:26:30,删除长低速记录,0.0,0.0,连续低于10 km/h的记录超过180条
2017-12-21 02:26:31,删除长低速记录,0.0,0.0,连续低于10 km/h的记录超过180条
2017-12-21 02:26:32,删除长低速记录,0.0,0.0,连续低于10 km/h的记录超过180条
2017-12-21 02:26:33,删除长低速记录,0.0,0.0,连续低于10 km/h的记录超过180条
2017-12-21 02:26:34,删除长低速记录,0.0,0.0,连续低于10 km/h的记录超过180条
2017-12-21 02:26:35,删除长低速记录,0.0,0.0,连续低于10 km/h的记录超过180条
2017-12-21 02:26:36,删除长低速记录,0.0,0.0,连续低于10 km/h的记录超过180条
2017-12-21 02:26:37,删除长低速记录,0.0,0.0,连续低于10 km/h的记录超过180条
2017-12-21 02:26:38,删除长低速记录,0.0,0.0,连续低于10 km/h的记录超过180条
2017-12-21 02:26:39,删除长低速记录,0.0,0.0,连续低于10 km/h的记录超过180条
2017-12-21 02:26:40,删除长低速记录,0.0,0.0,连续低于10 km/h的记录超过180条
2017-12-21 02:26:41,删除长低速记录,0.0,0.0,连续低于10 km/h的记录超过180条
2017-12-21 02:26:42,删除长低速记录,0.0,0.0,连续低于10 km/h的记录超过180条
2017-12-21 02:26:43,删除长低速记录,0.0,0.0,连续低于10 km/h的记录超过180条
2017-12-21 02:26:44,删除长低速记录,0.0,0.0,连续低于10 km/h的记录超过180条
2017-12-21 02:26:45,删除长低速记录,0.0,0.0,连续低于10 km/h的记录超过180条
2017-12-21 02:26:46,删除长低速记录,0.0,0.0,连续低于10 km/h的记录超过180条
2017-12-21 02:26:47,删除长低速记录,0.0,0.0,连续低于10 km/h的记录超过180条
2017-12-21 02:26:48,删除长低速记录,0.0,0.0,连续低于10 km/h的记录超过180条
2017-12-21 02:26:49,删除长低速记录,0.0,0.0,连续低于10 km/h的记录超过180条
2017-12-21 02:26:50,删除长低速记录,0.0,0.0,连续低于10 km/h的记录超过180条
2017-12-21 02:26:51,删除长低速记录,0.0,0.0,连续低于10 km/h的记录超过180条
2017-12-21 02:26:52,删除长低速记录,0.0,0.0,连续低于10 km/h的记录超过180条
2017-12-21 02:26:53,删除长低速记录,0.0,0.0,连续低于10 km/h的记录超过180条
2017-12-21 02:26:54,删除长低速记录,0.0,0.0,连续低于10 km/h的记录超过180条
2017-12-21 02:26:55,删除长低速记录,0.0,0.0,连续低于10 km/h的记录超过180条
2017-12-21 02:26:56,删除长低速记录,0.0,0.0,连续低于10 km/h的记录超过180条
2017-12-21 02:26:57,删除长低速记录,0.0,0.0,连续低于10 km/h的记录超过180条
2017-12-21 02:26:58,删除长低速记录,0.0,0.0,连续低于10 km/h的记录超过180条
2017-12-21 02:26:59,删除长低速记录,0.0,0.0,连续低于10 km/h的记录超过180条
2017-12-21 02:27:00,删除长低速记录,0.0,0.0,连续低于10 km/h的记录超过180条
2017-12-21 02:27:01,删除长低速记录,0.0,0.0,连续低于10 km/h的记录超过180条
2017-12-21 02:27:02,删除长低速记录,0.0,0.0,连续低于10 km/h的记录超过180条
2017-12-21 02:27:03,删除长低速记录,0.0,0.0,连续低于10 km/h的记录超过180条
2017-12-21 02:27:04,删除长低速记录,0.0,0.0,连续低于10 km/h的记录超过180条
2017-12-21 02:27:05,删除长低速记录,0.0,0.0,连续低于10 km/h的记录超过180条
2017-12-21 02:27:06,删除长低速记录,0.0,0.0,连续低于10 km/h的记录超过180条
2017-12-21 02:27:07,删除长低速记录,0.0,0.0,连续低于10 km/h的记录超过180条
2017-12-21 02:27:08,删除长低速记录,0.0,0.0,连续低于10 km/h的记录超过180条
2017-12-21 02:27:09,删除长低速记录,0.0,0.0,连续低于10 km/h的记录超过180条
2017-12-21 02:27:10,删除长低速记录,0.0,0.0,连续低于10 km/h的记录超过180条
2017-12-21 02:27:11,删除长低速记录,0.0,0.0,连续低于10 km/h的记录超过180条
2017-12-21 02:27:12,删除长低速记录,0.0,0.0,连续低于10 km/h的记录超过180条
2017-12-21 02:27:13,删除长低速记录,0.0,0.0,连续低于10 km/h的记录超过180条
2017-12-21 02:27:14,删除长低速记录,0.0,0.0,连续低于10 km/h的记录超过180条
2017-12-21 02:27:15,删除长低速记录,0.0,0.0,连续低于10 km/h的记录超过180条
2017-12-21 02:27:16,删除长低速记录,0.0,0.0,连续低于10 km/h的记录超过180条
2017-12-21 02:27:17,删除长低速记录,0.0,0.0,连续低于10 km/h的记录超过180条
2017-12-21 02:27:18,删除长低速记录,0.0,0.0,连续低于10 km/h的记录超过180条
2017-12-21 02:27:19,删除长低速记录,0.0,0.0,连续低于10 km/h的记录超过180条
2017-12-21 02:27:20,删除长低速记录,0.0,0.0,连续低于10 km/h的记录超过180条
2017-12-21 02:27:21,删除长低速记录,0.0,0.0,连续低于10 km/h的记录超过180条
2017-12-21 02:27:22,删除长低速记录,0.0,0.0,连续低于10 km/h的记录超过180条
2017-12-21 02:27:23,删除长低速记录,0.0,0.0,连续低于10 km/h的记录超过180条
2017-12-21 02:27:24,删除长低速记录,0.0,0.0,连续低于10 km/h的记录超过180条
2017-12-21 02:27:25,删除长低速记录,0.0,0.0,连续低于10 km/h的记录超过180条
2017-12-21 02:27:26,删除长低速记录,0.0,0.0,连续低于10 km/h的记录超过180条
2017-12-21 02:27:27,删除长低速记录,0.0,0.0,连续低于10 km/h的记录超过180条
2017-12-21 02:27:28,删除长低速记录,0.0,0.0,连续低于10 km/h的记录超过180条
2017-12-21 02:27:29,删除长低速记录,0.0,0.0,连续低于10 km/h的记录超过180条
2017-12-21 02:27:30,删除长低速记录,0.0,0.0,连续低于10 km/h的记录超过180条
2017-12-21 02:27:31,删除长低速记录,0.0,0.0,连续低于10 km/h的记录超过180条
2017-12-21 02:27:32,删除长低速记录,0.0,0.0,连续低于10 km/h的记录超过180条
2017-12-21 02:27:33,删除长低速记录,0.0,0.0,连续低于10 km/h的记录超过180条
2017-12-21 02:27:34,删除长低速记录,0.0,0.0,连续低于10 km/h的记录超过180条
2017-12-21 02:27:35,删除长低速记录,0.0,0.0,连续低于10 km/h的记录超过180条
2017-12-21 02:27:36,删除长低速记录,0.0,0.0,连续低于10 km/h的记录超过180条
2017-12-21 02:27:37,删除长低速记录,0.0,0.0,连续低于10 km/h的记录超过180条
2017-12-21 02:27:38,删除长低速记录,0.0,0.0,连续低于10 km/h的记录超过180条
2017-12-21 02:27:39,删除长低速记录,0.0,0.0,连续低于10 km/h的记录超过180条
2017-12-21 02:27:40,删除长低速记录,0.0,0.0,连续低于10 km/h的记录超过180条
2017-12-21 02:27:41,删除长低速记录,0.0,0.0,连续低于10 km/h的记录超过180条
2017-12-21 02:27:42,删除长低速记录,0.0,0.0,连续低于10 km/h的记录超过180条
2017-12-21 02:27:43,删除长低速记录,0.0,0.0,连续低于10 km/h的记录超过180条
2017-12-21 02:27:44,删除长低速记录,0.0,0.0,连续低于10 km/h的记录超过180条
2017-12-21 02:27:45,删除长低速记录,0.0,0.0,连续低于10 km/h的记录超过180条
2017-12-21 02:27:46,删除长低速记录,0.0,0.0,连续低于10 km/h的记录超过180条
2017-12-21 02:27:47,删除长低速记录,0.0,0.0,连续低于10 km/h的记录超过180条
2017-12-21 02:27:48,删除长低速记录,0.0,0.0,连续低于10 km/h的记录超过180条
2017-12-21 02:27:49,删除长低速记录,0.0,0.0,连续低于10 km/h的记录超过180条
2017-12-21 02:27:50,删除长低速记录,0.0,0.0,连续低于10 km/h的记录超过180条
2017-12-21 02:27:51,删除长低速记录,0.0,0.0,连续低于10 km/h的记录超过180条
2017-12-21 02:27:52,删除长低速记录,0.0,0.0,连续低于10 km/h的记录超过180条
2017-12-21 02:27:53,删除长低速记录,0.0,0.0,连续低于10 km/h的记录超过180条
2017-12-21 02:27:54,删除长低速记录,0.0,0.0,连续低于10 km/h的记录超过180条
2017-12-21 02:27:55,删除长低速记录,0.0,0.0,连续低于10 km/h的记录超过180条
2017-12-21 02:27:56,删除长低速记录,0.0,0.0,连续低于10 km/h的记录超过180条
2017-12-21 02:27:57,删除长低速记录,0.0,0.0,连续低于10 km/h的记录超过180条
2017-12-21 02:27:58,删除长低速记录,0.0,0.0,连续低于10 km/h的记录超过180条
2017-12-21 02:27:59,删除长低速记录,0.0,0.0,连续低于10 km/h的记录超过180条
2017-12-21 02:28:00,删除长低速记录,0.0,0.0,连续低于10 km/h的记录超过180条
2017-12-21 02:28:01,删除长低速记录,0.0,0.0,连续低于10 km/h的记录超过180条
2017-12-21 02:28:02,删除长低速记录,0.0,0.0,连续低于10 km/h的记录超过180条
2017-12-21 02:28:03,删除长低速记录,0.0,0.0,连续低于10 km/h的记录超过180条
2017-12-21 02:28:04,删除长低速记录,0.0,0.0,连续低于10 km/h的记录超过180条
2017-12-21 02:28:05,删除长低速记录,0.0,0.0,连续低于10 km/h的记录超过180条
2017-12-21 02:28:06,删除长低速记录,0.0,0.0,连续低于10 km/h的记录超过180条
2017-12-21 02:28:07,删除长低速记录,0.0,0.0,连续低于10 km/h的记录超过180条
2017-12-21 02:28:08,删除长低速记录,0.0,0.0,连续低于10 km/h的记录超过180条
2017-12-21 02:28:09,删除长低速记录,0.0,0.0,连续低于10 km/h的记录超过180条
2017-12-21 02:28:10,删除长低速记录,0.0,0.0,连续低于10 km/h的记录超过180条
2017-12-21 02:28:11,删除长低速记录,0.0,0.0,连续低于10 km/h的记录超过180条
2017-12-21 02:28:12,删除长低速记录,0.0,0.0,连续低于10 km/h的记录超过180条
2017-12-21 02:28:13,删除长低速记录,0.0,0.0,连续低于10 km/h的记录超过180条
2017-12-21 02:28:14,删除长低速记录,0.0,0.0,连续低于10 km/h的记录超过180条
2017-12-21 02:28:15,删除长低速记录,0.0,0.0,连续低于10 km/h的记录超过180条
2017-12-21 02:28:16,删除长低速记录,0.0,0.0,连续低于10 km/h的记录超过180条
2017-12-21 02:28:17,删除长低速记录,0.0,0.0,连续低于10 km/h的记录超过180条
2017-12-21 02:28:18,删除长低速记录,0.0,0.0,连续低于10 km/h的记录超过180条
2017-12-21 02:28:19,删除长低速记录,0.0,0.0,连续低于10 km/h的记录超过180条
2017-12-21 02:28:20,删除长低速记录,0.0,0.0,连续低于10 km/h的记录超过180条
2017-12-21 02:28:21,删除长低速记录,0.0,0.0,连续低于10 km/h的记录超过180条
2017-12-21 02:28:22,删除长低速记录,0.0,0.0,连续低于10 km/h的记录超过180条
2017-12-21 02:28:23,删除长低速记录,0.0,0.0,连续低于10 km/h的记录超过180条
2017-12-21 02:28:24,删除长低速记录,0.0,0.0,连续低于10 km/h的记录超过180条
2017-12-21 02:28:25,删除长低速记录,0.0,0.0,连续低于10 km/h的记录超过180条
2017-12-21 02:28:26,删除长低速记录,0.0,0.0,连续低于10 km/h的记录超过180条
2017-12-21 02:28:27,删除长低速记录,0.0,0.0,连续低于10 km/h的记录超过180条
2017-12-21 02:28:28,删除长低速记录,0.0,0.0,连续低于10 km/h的记录超过180条
2017-12-21 02:28:29,删除长低速记录,0.0,0.0,连续低于10 km/h的记录超过180条
2017-12-21 02:28:30,删除长低速记录,0.0,0.0,连续低于10 km/h的记录超过180条
2017-12-21 02:28:31,删除长低速记录,0.0,0.0,连续低于10 km/h的记录超过180条
2017-12-21 02:28:32,删除长低速记录,0.0,0.0,连续低于10 km/h的记录超过180条
2017-12-21 02:28:33,删除长低速记录,0.0,0.0,连续低于10 km/h的记录超过180条
2017-12-21 02:28:34,删除长低速记录,0.0,0.0,连续低于10 km/h的记录超过180条
2017-12-21 02:28:35,删除长低速记录,0.0,0.0,连续低于10 km/h的记录超过180条
2017-12-21 02:28:36,删除长低速记录,0.0,0.0,连续低于10 km/h的记录超过180条
2017-12-21 02:28:37,删除长低速记录,0.0,0.0,连续低于10 km/h的记录超过180条
2017-12-21 02:28:38,删除长低速记录,0.0,0.0,连续低于10 km/h的记录超过180条
2017-12-21 02:28:39,删除长低速记录,0.0,0.0,连续低于10 km/h的记录超过180条
2017-12-21 02:28:40,删除长低速记录,0.0,0.0,连续低于10 km/h的记录超过180条
2017-12-21 02:28:41,删除长低速记录,0.0,0.0,连续低于10 km/h的记录超过180条
2017-12-21 02:28:42,删除长低速记录,0.0,0.0,连续低于10 km/h的记录超过180条
2017-12-21 02:28:43,删除长低速记录,0.0,0.0,连续低于10 km/h的记录超过180条
2017-12-21 02:28:44,删除长低速记录,0.0,0.0,连续低于10 km/h的记录超过180条
2017-12-21 02:28:45,删除长低速记录,0.0,0.0,连续低于10 km/h的记录超过180条
2017-12-21 02:28:46,删除长低速记录,0.0,0.0,连续低于10 km/h的记录超过180条
2017-12-21 02:28:47,删除长低速记录,0.0,0.0,连续低于10 km/h的记录超过180条
2017-12-21 02:28:48,删除长低速记录,0.0,0.0,连续低于10 km/h的记录超过180条
2017-12-21 02:28:49,删除长低速记录,0.0,0.0,连续低于10 km/h的记录超过180条
2017-12-21 02:28:50,删除长低速记录,0.0,0.0,连续低于10 km/h的记录超过180条
2017-12-21 02:28:51,删除长低速记录,0.0,0.0,连续低于10 km/h的记录超过180条
2017-12-21 02:28:52,删除长低速记录,0.0,0.0,连续低于10 km/h的记录超过180条
2017-12-21 02:28:53,删除长低速记录,0.0,0.0,连续低于10 km/h的记录超过180条
2017-12-21 02:28:54,删除长低速记录,0.0,0.0,连续低于10 km/h的记录超过180条
2017-12-21 02:28:55,删除长低速记录,0.0,0.0,连续低于10 km/h的记录超过180条
2017-12-21 02:28:56,删除长低速记录,0.0,0.0,连续低于10 km/h的记录超过180条
2017-12-21 02:28:57,删除长低速记录,0.0,0.0,连续低于10 km/h的记录超过180条
2017-12-21 02:28:58,删除长低速记录,0.0,0.0,连续低于10 km/h的记录超过180条
2017-12-21 02:28:59,删除长低速记录,0.0,0.0,连续低于10 km/h的记录超过180条
2017-12-21 02:29:00,删除长低速记录,0.0,0.0,连续低于10 km/h的记录超过180条
2017-12-21 02:29:01,删除长低速记录,0.0,0.0,连续低于10 km/h的记录超过180条
2017-12-21 02:29:02,删除长低速记录,0.0,0.0,连续低于10 km/h的记录超过180条
2017-12-21 02:29:03,删除长低速记录,0.0,0.0,连续低于10 km/h的记录超过180条
2017-12-21 02:29:04,删除长低速记录,0.0,0.0,连续低于10 km/h的记录超过180条
2017-12-21 02:29:05,删除长低速记录,0.0,0.0,连续低于10 km/h的记录超过180条
2017-12-21 02:29:06,删除长低速记录,0.0,0.0,连续低于10 km/h的记录超过180条
2017-12-21 02:29:07,删除长低速记录,0.0,0.0,连续低于10 km/h的记录超过180条
2017-12-21 02:29:08,删除长低速记录,0.0,0.0,连续低于10 km/h的记录超过180条
2017-12-21 02:29:09,删除长低速记录,0.0,0.0,连续低于10 km/h的记录超过180条
2017-12-21 02:29:10,删除长低速记录,0.0,0.0,连续低于10 km/h的记录超过180条
2017-12-21 02:29:11,删除长低速记录,0.0,0.0,连续低于10 km/h的记录超过180条
2017-12-21 02:29:12,删除长低速记录,0.0,0.0,连续低于10 km/h的记录超过180条
2017-12-21 02:29:13,删除长低速记录,0.0,0.0,连续低于10 km/h的记录超过180条
2017-12-21 02:29:14,删除长低速记录,0.0,0.0,连续低于10 km/h的记录超过180条
2017-12-21 02:29:15,删除长低速记录,0.0,0.0,连续低于10 km/h的记录超过180条
2017-12-21 02:29:16,删除长低速记录,0.0,0.0,连续低于10 km/h的记录超过180条
2017-12-21 02:29:17,删除长低速记录,0.0,0.0,连续低于10 km/h的记录超过180条
2017-12-21 02:29:18,删除长低速记录,0.0,0.0,连续低于10 km/h的记录超过180条
2017-12-21 02:29:19,删除长低速记录,0.0,0.0,连续低于10 km/h的记录超过180条
2017-12-21 02:29:20,删除长低速记录,0.0,0.0,连续低于10 km/h的记录超过180条
2017-12-21 02:29:21,删除长低速记录,0.0,0.0,连续低于10 km/h的记录超过180条
2017-12-21 02:29:22,删除长低速记录,0.0,0.0,连续低于10 km/h的记录超过180条
2017-12-21 02:29:23,删除长低速记录,0.0,0.0,连续低于10 km/h的记录超过180条
2017-12-21 02:29:24,删除长低速记录,0.0,0.0,连续低于10 km/h的记录超过180条
2017-12-21 02:29:25,删除长低速记录,0.0,0.0,连续低于10 km/h的记录超过180条
2017-12-21 02:29:26,删除长低速记录,0.0,0.0,连续低于10 km/h的记录超过180条
2017-12-21 02:29:27,删除长低速记录,0.0,0.0,连续低于10 km/h的记录超过180条
2017-12-21 02:29:28,删除长低速记录,0.0,0.0,连续低于10 km/h的记录超过180条
2017-12-21 02:29:29,删除长低速记录,0.0,0.0,连续低于10 km/h的记录超过180条
2017-12-21 02:29:30,删除长低速记录,0.0,0.0,连续低于10 km/h的记录超过180条
2017-12-21 02:29:31,删除长低速记录,0.0,0.0,连续低于10 km/h的记录超过180条
2017-12-21 02:29:32,删除长低速记录,0.0,0.0,连续低于10 km/h的记录超过180条
2017-12-21 02:29:33,删除长低速记录,0.0,0.0,连续低于10 km/h的记录超过180条
2017-12-21 02:29:34,删除长低速记录,0.0,0.0,连续低于10 km/h的记录超过180条
2017-12-21 02:29:35,删除长低速记录,0.0,0.0,连续低于10 km/h的记录超过180条
2017-12-21 02:29:36,删除长低速记录,0.0,0.0,连续低于10 km/h的记录超过180条
2017-12-21 02:29:37,删除长低速记录,0.0,0.0,连续低于10 km/h的记录超过180条
2017-12-21 02:29:38,删除长低速记录,0.0,0.0,连续低于10 km/h的记录超过180条
2017-12-21 02:29:39,删除长低速记录,0.0,0.0,连续低于10 km/h的记录超过180条
2017-12-21 02:29:40,删除长低速记录,0.0,0.0,连续低于10 km/h的记录超过180条
2017-12-21 02:29:41,删除长低速记录,0.0,0.0,连续低于10 km/h的记录超过180条
2017-12-21 02:29:42,删除长低速记录,0.0,0.0,连续低于10 km/h的记录超过180条
2017-12-21 02:29:43,删除长低速记录,0.0,0.0,连续低于10 km/h的记录超过180条
2017-12-21 02:29:44,删除长低速记录,0.0,0.0,连续低于10 km/h的记录超过180条
2017-12-21 02:29:45,删除长低速记录,0.0,0.0,连续低于10 km/h的记录超过180条
2017-12-21 02:29:46,删除长低速记录,0.0,0.0,连续低于10 km/h的记录超过180条
2017-12-21 02:29:47,删除长低速记录,0.0,0.0,连续低于10 km/h的记录超过180条
2017-12-21 02:29:48,删除长低速记录,0.0,0.0,连续低于10 km/h的记录超过180条
2017-12-21 02:29:49,删除长低速记录,0.0,0.0,连续低于10 km/h的记录超过180条
2017-12-21 02:29:50,删除长低速记录,0.0,0.0,连续低于10 km/h的记录超过180条
2017-12-21 02:29:51,删除长低速记录,0.0,0.0,连续低于10 km/h的记录超过180条
2017-12-21 02:29:52,删除长低速记录,0.0,0.0,连续低于10 km/h的记录超过180条
2017-12-21 02:29:53,删除长低速记录,0.0,0.0,连续低于10 km/h的记录超过180条
2017-12-21 02:29:54,删除长低速记录,0.0,0.0,连续低于10 km/h的记录超过180条
2017-12-21 02:29:55,删除长低速记录,0.0,0.0,连续低于10 km/h的记录超过180条
2017-12-21 02:29:56,删除长低速记录,0.0,0.0,连续低于10 km/h的记录超过180条
2017-12-21 02:29:57,删除长低速记录,0.0,0.0,连续低于10 km/h的记录超过180条
2017-12-21 02:29:58,删除长低速记录,0.0,0.0,连续低于10 km/h的记录超过180条
2017-12-21 02:29:59,删除长低速记录,0.0,0.0,连续低于10 km/h的记录超过180条
2017-12-21 02:30:00,删除长低速记录,0.0,0.0,连续低于10 km/h的记录超过180条
2017-12-21 02:30:01,删除长低速记录,0.0,0.0,连续低于10 km/h的记录超过180条
2017-12-21 02:30:02,删除长低速记录,0.0,0.0,连续低于10 km/h的记录超过180条
2017-12-21 02:30:03,删除长低速记录,0.0,0.0,连续低于10 km/h的记录超过180条
2017-12-21 02:30:04,删除长低速记录,0.0,0.0,连续低于10 km/h的记录超过180条
2017-12-21 02:30:05,删除长低速记录,0.0,0.0,连续低于10 km/h的记录超过180条
2017-12-21 02:30:06,删除长低速记录,0.0,0.0,连续低于10 km/h的记录超过180条
2017-12-21 02:30:07,删除长低速记录,0.0,0.0,连续低于10 km/h的记录超过180条
2017-12-21 02:30:08,删除长低速记录,0.0,0.0,连续低于10 km/h的记录超过180条
2017-12-21 02:30:09,删除长低速记录,0.0,0.0,连续低于10 km/h的记录超过180条
2017-12-21 02:30:10,删除长低速记录,0.0,0.0,连续低于10 km/h的记录超过180条
2017-12-21 02:30:11,删除长低速记录,0.0,0.0,连续低于10 km/h的记录超过180条
2017-12-21 02:30:12,删除长低速记录,0.0,0.0,连续低于10 km/h的记录超过180条
2017-12-21 02:30:13,删除长低速记录,0.0,0.0,连续低于10 km/h的记录超过180条
2017-12-21 02:30:14,删除长低速记录,0.0,0.0,连续低于10 km/h的记录超过180条
2017-12-21 02:30:15,删除长低速记录,0.0,0.0,连续低于10 km/h的记录超过180条
2017-12-21 02:30:16,删除长低速记录,0.0,0.0,连续低于10 km/h的记录超过180条
2017-12-21 02:30:17,删除长低速记录,0.0,0.0,连续低于10 km/h的记录超过180条
2017-12-21 02:30:18,删除长低速记录,0.0,0.0,连续低于10 km/h的记录超过180条
2017-12-21 02:30:19,删除长低速记录,0.0,0.0,连续低于10 km/h的记录超过180条
2017-12-21 02:30:20,删除长低速记录,0.0,0.0,连续低于10 km/h的记录超过180条
2017-12-21 02:30:21,删除长低速记录,0.0,0.0,连续低于10 km/h的记录超过180条
2017-12-21 02:30:22,删除长低速记录,0.0,0.0,连续低于10 km/h的记录超过180条
2017-12-21 02:30:23,删除长低速记录,0.0,0.0,连续低于10 km/h的记录超过180条
2017-12-21 02:30:24,删除长低速记录,0.0,0.0,连续低于10 km/h的记录超过180条
2017-12-21 02:30:25,删除长低速记录,0.0,0.0,连续低于10 km/h的记录超过180条
2017-12-21 02:30:26,删除长低速记录,0.0,0.0,连续低于10 km/h的记录超过180条
2017-12-21 02:30:27,删除长低速记录,0.0,0.0,连续低于10 km/h的记录超过180条
2017-12-21 02:30:28,删除长低速记录,0.0,0.0,连续低于10 km/h的记录超过180条
2017-12-21 02:30:29,删除长低速记录,0.0,0.0,连续低于10 km/h的记录超过180条
2017-12-21 02:30:30,删除长低速记录,0.0,0.0,连续低于10 km/h的记录超过180条
2017-12-21 02:30:31,删除长低速记录,0.0,0.0,连续低于10 km/h的记录超过180条
2017-12-21 02:30:32,删除长低速记录,0.0,0.0,连续低于10 km/h的记录超过180条
2017-12-21 02:30:33,删除长低速记录,0.0,0.0,连续低于10 km/h的记录超过180条
2017-12-21 02:30:34,删除长低速记录,0.0,0.0,连续低于10 km/h的记录超过180条
2017-12-21 02:30:35,删除长低速记录,0.0,0.0,连续低于10 km/h的记录超过180条
2017-12-21 02:30:36,删除长低速记录,0.0,0.0,连续低于10 km/h的记录超过180条
2017-12-21 02:30:37,删除长低速记录,0.0,0.0,连续低于10 km/h的记录超过180条
2017-12-21 02:30:38,删除长低速记录,0.0,0.0,连续低于10 km/h的记录超过180条
2017-12-21 02:30:39,删除长低速记录,0.0,0.0,连续低于10 km/h的记录超过180条
2017-12-21 02:30:40,删除长低速记录,0.0,0.0,连续低于10 km/h的记录超过180条
2017-12-21 02:30:41,删除长低速记录,0.0,0.0,连续低于10 km/h的记录超过180条
2017-12-21 02:30:42,删除长低速记录,0.0,0.0,连续低于10 km/h的记录超过180条
2017-12-21 02:30:43,删除长低速记录,0.0,0.0,连续低于10 km/h的记录超过180条
2017-12-21 02:30:44,删除长低速记录,0.0,0.0,连续低于10 km/h的记录超过180条
2017-12-21 02:30:45,删除长低速记录,0.0,0.0,连续低于10 km/h的记录超过180条
2017-12-21 02:30:46,删除长低速记录,0.0,0.0,连续低于10 km/h的记录超过180条
2017-12-21 02:30:47,删除长低速记录,0.0,0.0,连续低于10 km/h的记录超过180条
2017-12-21 02:30:48,删除长低速记录,0.0,0.0,连续低于10 km/h的记录超过180条
2017-12-21 02:30:49,删除长低速记录,0.0,0.0,连续低于10 km/h的记录超过180条
2017-12-21 02:30:50,删除长低速记录,0.0,0.0,连续低于10 km/h的记录超过180条
2017-12-21 02:30:51,删除长低速记录,0.0,0.0,连续低于10 km/h的记录超过180条
2017-12-21 02:30:52,删除长低速记录,0.0,0.0,连续低于10 km/h的记录超过180条
2017-12-21 02:30:53,删除长低速记录,0.0,0.0,连续低于10 km/h的记录超过180条
2017-12-21 02:30:54,删除长低速记录,0.0,0.0,连续低于10 km/h的记录超过180条
2017-12-21 02:30:55,删除长低速记录,0.0,0.0,连续低于10 km/h的记录超过180条
2017-12-21 02:30:56,删除长低速记录,0.0,0.0,连续低于10 km/h的记录超过180条
2017-12-21 02:30:57,删除长低速记录,0.0,0.0,连续低于10 km/h的记录超过180条
2017-12-21 02:30:58,删除长低速记录,0.0,0.0,连续低于10 km/h的记录超过180条
2017-12-21 02:30:59,删除长低速记录,0.0,0.0,连续低于10 km/h的记录超过180条
2017-12-21 02:31:00,删除长低速记录,0.0,0.0,连续低于10 km/h的记录超过180条
2017-12-21 02:31:01,删除长低速记录,0.0,0.0,连续低于10 km/h的记录超过180条
2017-12-21 02:31:02,删除长低速记录,0.0,0.0,连续低于10 km/h的记录超过180条
2017-12-21 02:31:03,删除长低速记录,0.0,0.0,连续低于10 km/h的记录超过180条
2017-12-21 02:31:04,删除长低速记录,0.0,0.0,连续低于10 km/h的记录超过180条
2017-12-21 02:31:05,删除长低速记录,0.0,0.0,连续低于10 km/h的记录超过180条
2017-12-21 02:31:06,删除长低速记录,0.0,0.0,连续低于10 km/h的记录超过180条
2017-12-21 02:31:07,删除长低速记录,0.0,0.0,连续低于10 km/h的记录超过180条
2017-12-21 02:31:08,删除长低速记录,0.0,0.0,连续低于10 km/h的记录超过180条
2017-12-21 02:31:09,删除长低速记录,0.0,0.0,连续低于10 km/h的记录超过180条
2017-12-21 02:31:10,删除长低速记录,0.0,0.0,连续低于10 km/h的记录超过180条
2017-12-21 02:31:11,删除长低速记录,0.0,0.0,连续低于10 km/h的记录超过180条
2017-12-21 02:31:12,删除长低速记录,0.0,0.0,连续低于10 km/h的记录超过180条
2017-12-21 02:31:13,删除长低速记录,0.0,0.0,连续低于10 km/h的记录超过180条
2017-12-21 02:31:14,删除长低速记录,0.0,0.0,连续低于10 km/h的记录超过180条
2017-12-21 02:31:15,删除长低速记录,0.0,0.0,连续低于10 km/h的记录超过180条
2017-12-21 02:31:16,删除长低速记录,0.0,0.0,连续低于10 km/h的记录超过180条
2017-12-21 02:31:17,删除长低速记录,0.0,0.0,连续低于10 km/h的记录超过180条
2017-12-21 02:31:18,删除长低速记录,0.0,0.0,连续低于10 km/h的记录超过180条
2017-12-21 02:31:19,删除长低速记录,0.0,0.0,连续低于10 km/h的记录超过180条
2017-12-21 02:31:20,删除长低速记录,0.0,0.0,连续低于10 km/h的记录超过180条
2017-12-21 02:31:21,删除长低速记录,0.0,0.0,连续低于10 km/h的记录超过180条
2017-12-21 02:31:22,删除长低速记录,0.0,0.0,连续低于10 km/h的记录超过180条
2017-12-21 02:31:23,删除长低速记录,0.0,0.0,连续低于10 km/h的记录超过180条
2017-12-21 02:31:24,删除长低速记录,0.0,0.0,连续低于10 km/h的记录超过180条
2017-12-21 02:31:25,删除长低速记录,0.0,0.0,连续低于10 km/h的记录超过180条
2017-12-21 02:31:26,删除长低速记录,0.0,0.0,连续低于10 km/h的记录超过180条
2017-12-21 02:31:27,删除长低速记录,0.0,0.0,连续低于10 km/h的记录超过180条
2017-12-21 02:31:28,删除长低速记录,0.0,0.0,连续低于10 km/h的记录超过180条
2017-12-21 02:31:29,删除长低速记录,0.0,0.0,连续低于10 km/h的记录超过180条
2017-12-21 02:31:30,删除长低速记录,0.0,0.0,连续低于10 km/h的记录超过180条
2017-12-21 02:31:31,删除长低速记录,0.0,0.0,连续低于10 km/h的记录超过180条
2017-12-21 02:31:32,删除长低速记录,0.0,0.0,连续低于10 km/h的记录超过180条
2017-12-21 02:31:33,删除长低速记录,0.0,0.0,连续低于10 km/h的记录超过180条
2017-12-21 02:31:34,删除长低速记录,0.0,0.0,连续低于10 km/h的记录超过180条
2017-12-21 02:31:35,删除长低速记录,0.0,0.0,连续低于10 km/h的记录超过180条
2017-12-21 02:31:36,删除长低速记录,0.0,0.0,连续低于10 km/h的记录超过180条
2017-12-21 02:31:37,删除长低速记录,0.0,0.0,连续低于10 km/h的记录超过180条
2017-12-21 02:31:38,删除长低速记录,0.0,0.0,连续低于10 km/h的记录超过180条
2017-12-21 02:31:39,删除长低速记录,0.0,0.0,连续低于10 km/h的记录超过180条
2017-12-21 02:31:40,删除长低速记录,0.0,0.0,连续低于10 km/h的记录超过180条
2017-12-21 02:31:41,删除长低速记录,0.0,0.0,连续低于10 km/h的记录超过180条
2017-12-21 02:31:42,删除长低速记录,0.0,0.0,连续低于10 km/h的记录超过180条
2017-12-21 02:31:43,删除长低速记录,0.0,0.0,连续低于10 km/h的记录超过180条
2017-12-21 02:31:44,删除长低速记录,0.0,0.0,连续低于10 km/h的记录超过180条
2017-12-21 02:31:45,删除长低速记录,0.0,0.0,连续低于10 km/h的记录超过180条
2017-12-21 02:31:46,删除长低速记录,0.0,0.0,连续低于10 km/h的记录超过180条
2017-12-21 02:31:47,删除长低速记录,0.0,0.0,连续低于10 km/h的记录超过180条
2017-12-21 02:31:48,删除长低速记录,0.0,0.0,连续低于10 km/h的记录超过180条
2017-12-21 02:31:49,删除长低速记录,0.0,0.0,连续低于10 km/h的记录超过180条
2017-12-21 02:31:50,删除长低速记录,0.0,0.0,连续低于10 km/h的记录超过180条
2017-12-21 02:31:51,删除长低速记录,0.0,0.0,连续低于10 km/h的记录超过180条
2017-12-21 02:31:52,删除长低速记录,0.0,0.0,连续低于10 km/h的记录超过180条
2017-12-21 02:31:53,删除长低速记录,0.0,0.0,连续低于10 km/h的记录超过180条
2017-12-21 02:31:54,删除长低速记录,0.0,0.0,连续低于10 km/h的记录超过180条
2017-12-21 02:31:55,删除长低速记录,0.0,0.0,连续低于10 km/h的记录超过180条
2017-12-21 02:31:56,删除长低速记录,0.0,0.0,连续低于10 km/h的记录超过180条
2017-12-21 02:31:57,删除长低速记录,0.0,0.0,连续低于10 km/h的记录超过180条
2017-12-21 02:31:58,删除长低速记录,0.0,0.0,连续低于10 km/h的记录超过180条
2017-12-21 02:31:59,删除长低速记录,0.0,0.0,连续低于10 km/h的记录超过180条
2017-12-21 02:32:00,删除长低速记录,0.0,0.0,连续低于10 km/h的记录超过180条
2017-12-21 02:32:01,删除长低速记录,0.0,0.0,连续低于10 km/h的记录超过180条
2017-12-21 02:32:02,删除长低速记录,0.0,0.0,连续低于10 km/h的记录超过180条
2017-12-21 02:32:03,删除长低速记录,0.0,0.0,连续低于10 km/h的记录超过180条
2017-12-21 02:32:04,删除长低速记录,0.0,0.0,连续低于10 km/h的记录超过180条
2017-12-21 02:32:05,删除长低速记录,0.0,0.0,连续低于10 km/h的记录超过180条
2017-12-21 02:32:06,删除长低速记录,0.0,0.0,连续低于10 km/h的记录超过180条
2017-12-21 02:32:07,删除长低速记录,0.0,0.0,连续低于10 km/h的记录超过180条
2017-12-21 02:32:08,删除长低速记录,0.0,0.0,连续低于10 km/h的记录超过180条
2017-12-21 02:32:09,删除长低速记录,0.0,0.0,连续低于10 km/h的记录超过180条
2017-12-21 02:32:10,删除长低速记录,0.0,0.0,连续低于10 km/h的记录超过180条
2017-12-21 02:32:11,删除长低速记录,0.0,0.0,连续低于10 km/h的记录超过180条
2017-12-21 02:32:12,删除长低速记录,0.0,0.0,连续低于10 km/h的记录超过180条
2017-12-21 02:32:13,删除长低速记录,0.0,0.0,连续低于10 km/h的记录超过180条
2017-12-21 02:32:14,删除长低速记录,0.0,0.0,连续低于10 km/h的记录超过180条
2017-12-21 02:32:15,删除长低速记录,0.0,0.0,连续低于10 km/h的记录超过180条
2017-12-21 02:32:16,删除长低速记录,0.0,0.0,连续低于10 km/h的记录超过180条
2017-12-21 02:32:17,删除长低速记录,0.0,0.0,连续低于10 km/h的记录超过180条
2017-12-21 02:32:18,删除长低速记录,0.0,0.0,连续低于10 km/h的记录超过180条
2017-12-21 02:32:19,删除长低速记录,0.0,0.0,连续低于10 km/h的记录超过180条
2017-12-21 02:32:20,删除长低速记录,0.0,0.0,连续低于10 km/h的记录超过180条
2017-12-21 02:32:21,删除长低速记录,0.0,0.0,连续低于10 km/h的记录超过180条
2017-12-21 02:32:22,删除长低速记录,0.0,0.0,连续低于10 km/h的记录超过180条
2017-12-21 02:32:23,删除长低速记录,0.0,0.0,连续低于10 km/h的记录超过180条
2017-12-21 02:32:24,删除长低速记录,0.0,0.0,连续低于10 km/h的记录超过180条
2017-12-21 02:32:25,删除长低速记录,0.0,0.0,连续低于10 km/h的记录超过180条
2017-12-21 02:32:26,删除长低速记录,0.0,0.0,连续低于10 km/h的记录超过180条
2017-12-21 02:32:27,删除长低速记录,0.0,0.0,连续低于10 km/h的记录超过180条
2017-12-21 02:32:28,删除长低速记录,0.0,0.0,连续低于10 km/h的记录超过180条
2017-12-21 02:32:29,删除长低速记录,0.0,0.0,连续低于10 km/h的记录超过180条
2017-12-21 02:32:30,删除长低速记录,0.0,0.0,连续低于10 km/h的记录超过180条
2017-12-21 02:32:31,删除长低速记录,0.0,0.0,连续低于10 km/h的记录超过180条
2017-12-21 02:32:32,删除长低速记录,0.0,0.0,连续低于10 km/h的记录超过180条
2017-12-21 02:32:33,删除长低速记录,0.0,0.0,连续低于10 km/h的记录超过180条
2017-12-21 02:32:34,删除长低速记录,0.0,0.0,连续低于10 km/h的记录超过180条
2017-12-21 02:32:35,删除长低速记录,0.0,0.0,连续低于10 km/h的记录超过180条
2017-12-21 02:32:36,删除长低速记录,0.0,0.0,连续低于10 km/h的记录超过180条
2017-12-21 02:32:37,删除长低速记录,0.0,0.0,连续低于10 km/h的记录超过180条
2017-12-21 02:32:38,删除长低速记录,0.0,0.0,连续低于10 km/h的记录超过180条
2017-12-21 02:32:39,删除长低速记录,0.0,0.0,连续低于10 km/h的记录超过180条
2017-12-21 02:32:40,删除长低速记录,0.0,0.0,连续低于10 km/h的记录超过180条
2017-12-21 02:32:41,删除长低速记录,0.0,0.0,连续低于10 km/h的记录超过180条
2017-12-21 02:32:42,删除长低速记录,0.0,0.0,连续低于10 km/h的记录超过180条
2017-12-21 02:32:43,删除长低速记录,0.0,0.0,连续低于10 km/h的记录超过180条
2017-12-21 02:32:44,删除长低速记录,0.0,0.0,连续低于10 km/h的记录超过180条
2017-12-21 02:32:45,删除长低速记录,0.0,0.0,连续低于10 km/h的记录超过180条
2017-12-21 02:32:46,删除长低速记录,0.0,0.0,连续低于10 km/h的记录超过180条
2017-12-21 02:32:47,删除长低速记录,0.0,0.0,连续低于10 km/h的记录超过180条
2017-12-21 02:32:48,删除长低速记录,0.0,0.0,连续低于10 km/h的记录超过180条
2017-12-21 02:32:49,删除长低速记录,0.0,0.0,连续低于10 km/h的记录超过180条
2017-12-21 02:32:50,删除长低速记录,0.0,0.0,连续低于10 km/h的记录超过180条
2017-12-21 02:32:51,删除长低速记录,0.0,0.0,连续低于10 km/h的记录超过180条
2017-12-21 02:32:52,删除长低速记录,0.0,0.0,连续低于10 km/h的记录超过180条
2017-12-21 02:32:53,删除长低速记录,0.0,0.0,连续低于10 km/h的记录超过180条
2017-12-21 02:32:54,删除长低速记录,0.0,0.0,连续低于10 km/h的记录超过180条
2017-12-21 02:32:55,删除长低速记录,0.0,0.0,连续低于10 km/h的记录超过180条
2017-12-21 02:32:56,删除长低速记录,0.0,0.0,连续低于10 km/h的记录超过180条
2017-12-21 02:32:57,删除长低速记录,0.0,0.0,连续低于10 km/h的记录超过180条
2017-12-21 02:32:58,删除长低速记录,0.0,0.0,连续低于10 km/h的记录超过180条
2017-12-21 02:32:59,删除长低速记录,0.0,0.0,连续低于10 km/h的记录超过180条
2017-12-21 02:33:00,删除长低速记录,0.0,0.0,连续低于10 km/h的记录超过180条
2017-12-21 02:33:01,删除长低速记录,0.0,0.0,连续低于10 km/h的记录超过180条
2017-12-21 02:33:02,删除长低速记录,0.0,0.0,连续低于10 km/h的记录超过180条
2017-12-21 02:33:03,删除长低速记录,0.0,0.0,连续低于10 km/h的记录超过180条
2017-12-21 02:33:04,删除长低速记录,0.0,0.0,连续低于10 km/h的记录超过180条
2017-12-21 02:33:05,删除长低速记录,0.0,0.0,连续低于10 km/h的记录超过180条
2017-12-21 02:33:06,删除长低速记录,0.0,0.0,连续低于10 km/h的记录超过180条
2017-12-21 02:33:07,删除长低速记录,0.0,0.0,连续低于10 km/h的记录超过180条
2017-12-21 02:33:08,删除长低速记录,0.0,0.0,连续低于10 km/h的记录超过180条
2017-12-21 02:33:09,删除长低速记录,0.0,0.0,连续低于10 km/h的记录超过180条
2017-12-21 02:33:10,删除长低速记录,0.0,0.0,连续低于10 km/h的记录超过180条
2017-12-21 02:33:11,删除长低速记录,0.0,0.0,连续低于10 km/h的记录超过180条
2017-12-21 02:33:12,删除长低速记录,0.0,0.0,连续低于10 km/h的记录超过180条
2017-12-21 02:33:13,删除长低速记录,0.0,0.0,连续低于10 km/h的记录超过180条
2017-12-21 02:33:14,删除长低速记录,0.0,0.0,连续低于10 km/h的记录超过180条
2017-12-21 02:33:15,删除长低速记录,0.0,0.0,连续低于10 km/h的记录超过180条
2017-12-21 02:33:16,删除长低速记录,0.0,0.0,连续低于10 km/h的记录超过180条
2017-12-21 02:33:17,删除长低速记录,0.0,0.0,连续低于10 km/h的记录超过180条
2017-12-21 02:33:18,删除长低速记录,0.0,0.0,连续低于10 km/h的记录超过180条
2017-12-21 02:33:19,删除长低速记录,0.0,0.0,连续低于10 km/h的记录超过180条
2017-12-21 02:33:20,删除长低速记录,0.0,0.0,连续低于10 km/h的记录超过180条
2017-12-21 02:33:21,删除长低速记录,0.0,0.0,连续低于10 km/h的记录超过180条
2017-12-21 02:33:22,删除长低速记录,0.0,0.0,连续低于10 km/h的记录超过180条
2017-12-21 02:33:23,删除长低速记录,0.0,0.0,连续低于10 km/h的记录超过180条
2017-12-21 02:33:24,删除长低速记录,0.0,0.0,连续低于10 km/h的记录超过180条
2017-12-21 02:33:25,删除长低速记录,0.0,0.0,连续低于10 km/h的记录超过180条
2017-12-21 02:33:26,删除长低速记录,0.0,0.0,连续低于10 km/h的记录超过180条
2017-12-21 02:33:27,删除长低速记录,0.0,0.0,连续低于10 km/h的记录超过180条
2017-12-21 02:33:28,删除长低速记录,0.0,0.0,连续低于10 km/h的记录超过180条
2017-12-21 02:33:29,删除长低速记录,0.0,0.0,连续低于10 km/h的记录超过180条
2017-12-21 02:33:30,删除长低速记录,0.0,0.0,连续低于10 km/h的记录超过180条
2017-12-21 02:33:31,删除长低速记录,0.0,0.0,连续低于10 km/h的记录超过180条
2017-12-21 02:33:32,删除长低速记录,0.0,0.0,连续低于10 km/h的记录超过180条
2017-12-21 02:33:33,删除长低速记录,0.0,0.0,连续低于10 km/h的记录超过180条
2017-12-21 02:33:34,删除长低速记录,0.0,0.0,连续低于10 km/h的记录超过180条
2017-12-21 02:33:35,删除长低速记录,0.0,0.0,连续低于10 km/h的记录超过180条
2017-12-21 02:33:36,删除长低速记录,0.0,0.0,连续低于10 km/h的记录超过180条
2017-12-21 02:33:37,删除长低速记录,0.0,0.0,连续低于10 km/h的记录超过180条
2017-12-21 02:33:38,删除长低速记录,0.0,0.0,连续低于10 km/h的记录超过180条
2017-12-21 02:33:39,删除长低速记录,0.0,0.0,连续低于10 km/h的记录超过180条
2017-12-21 02:33:40,删除长低速记录,0.0,0.0,连续低于10 km/h的记录超过180条
2017-12-21 02:33:41,删除长低速记录,0.0,0.0,连续低于10 km/h的记录超过180条
2017-12-21 02:33:42,删除长低速记录,0.0,0.0,连续低于10 km/h的记录超过180条
2017-12-21 02:33:43,删除长低速记录,0.0,0.0,连续低于10 km/h的记录超过180条
2017-12-21 02:33:44,删除长低速记录,0.0,0.0,连续低于10 km/h的记录超过180条
2017-12-21 02:33:45,删除长低速记录,0.0,0.0,连续低于10 km/h的记录超过180条
2017-12-21 02:33:46,删除长低速记录,0.0,0.0,连续低于10 km/h的记录超过180条
2017-12-21 02:33:47,删除长低速记录,0.0,0.0,连续低于10 km/h的记录超过180条
2017-12-21 02:33:48,删除长低速记录,0.0,0.0,连续低于10 km/h的记录超过180条
2017-12-21 02:33:49,删除长低速记录,0.0,0.0,连续低于10 km/h的记录超过180条
2017-12-21 02:33:50,删除长低速记录,0.0,0.0,连续低于10 km/h的记录超过180条
2017-12-21 02:33:51,删除长低速记录,0.0,0.0,连续低于10 km/h的记录超过180条
2017-12-21 02:33:52,删除长低速记录,0.0,0.0,连续低于10 km/h的记录超过180条
2017-12-21 02:33:53,删除长低速记录,0.0,0.0,连续低于10 km/h的记录超过180条
2017-12-21 02:33:54,删除长低速记录,0.0,0.0,连续低于10 km/h的记录超过180条
2017-12-21 02:33:55,删除长低速记录,0.0,0.0,连续低于10 km/h的记录超过180条
2017-12-21 02:33:56,删除长低速记录,0.0,0.0,连续低于10 km/h的记录超过180条
2017-12-21 02:33:57,删除长低速记录,0.0,0.0,连续低于10 km/h的记录超过180条
2017-12-21 02:33:58,删除长低速记录,0.0,0.0,连续低于10 km/h的记录超过180条
2017-12-21 02:33:59,删除长低速记录,0.0,0.0,连续低于10 km/h的记录超过180条
2017-12-21 02:34:00,删除长低速记录,0.0,0.0,连续低于10 km/h的记录超过180条
2017-12-21 02:34:01,删除长低速记录,0.0,0.0,连续低于10 km/h的记录超过180条
2017-12-21 02:34:02,删除长低速记录,0.0,0.0,连续低于10 km/h的记录超过180条
2017-12-21 02:34:03,删除长低速记录,0.0,0.0,连续低于10 km/h的记录超过180条
2017-12-21 02:34:04,删除长低速记录,0.0,0.0,连续低于10 km/h的记录超过180条
2017-12-21 02:34:05,删除长低速记录,0.0,0.0,连续低于10 km/h的记录超过180条
2017-12-21 02:34:06,删除长低速记录,0.0,0.0,连续低于10 km/h的记录超过180条
2017-12-21 02:34:07,删除长低速记录,0.0,0.0,连续低于10 km/h的记录超过180条
2017-12-21 02:34:08,删除长低速记录,0.0,0.0,连续低于10 km/h的记录超过180条
2017-12-21 02:34:09,删除长低速记录,0.0,0.0,连续低于10 km/h的记录超过180条
2017-12-21 02:34:10,删除长低速记录,0.0,0.0,连续低于10 km/h的记录超过180条
2017-12-21 02:34:11,删除长低速记录,0.0,0.0,连续低于10 km/h的记录超过180条
2017-12-21 02:34:12,删除长低速记录,0.0,0.0,连续低于10 km/h的记录超过180条
2017-12-21 02:34:13,删除长低速记录,0.0,0.0,连续低于10 km/h的记录超过180条
2017-12-21 02:34:14,删除长低速记录,0.0,0.0,连续低于10 km/h的记录超过180条
2017-12-21 02:34:15,删除长低速记录,0.0,0.0,连续低于10 km/h的记录超过180条
2017-12-21 02:34:16,删除长低速记录,0.0,0.0,连续低于10 km/h的记录超过180条
2017-12-21 02:34:17,删除长低速记录,0.0,0.0,连续低于10 km/h的记录超过180条
2017-12-21 02:34:18,删除长低速记录,0.0,0.0,连续低于10 km/h的记录超过180条
2017-12-21 02:34:19,删除长低速记录,0.0,0.0,连续低于10 km/h的记录超过180条
2017-12-21 02:34:20,删除长低速记录,0.0,0.0,连续低于10 km/h的记录超过180条
2017-12-21 02:34:21,删除长低速记录,0.0,0.0,连续低于10 km/h的记录超过180条
2017-12-21 02:34:22,删除长低速记录,0.0,0.0,连续低于10 km/h的记录超过180条
2017-12-21 02:34:23,删除长低速记录,0.0,0.0,连续低于10 km/h的记录超过180条
2017-12-21 02:34:24,删除长低速记录,0.0,0.0,连续低于10 km/h的记录超过180条
2017-12-21 02:34:25,删除长低速记录,0.0,0.0,连续低于10 km/h的记录超过180条
2017-12-21 02:34:26,删除长低速记录,0.0,0.0,连续低于10 km/h的记录超过180条
2017-12-21 02:34:27,删除长低速记录,0.0,0.0,连续低于10 km/h的记录超过180条
2017-12-21 02:34:28,删除长低速记录,0.0,0.0,连续低于10 km/h的记录超过180条
2017-12-21 02:34:29,删除长低速记录,0.0,0.0,连续低于10 km/h的记录超过180条
2017-12-21 02:34:30,删除长低速记录,0.0,0.0,连续低于10 km/h的记录超过180条
2017-12-21 02:34:31,删除长低速记录,0.0,0.0,连续低于10 km/h的记录超过180条
2017-12-21 02:34:32,删除长低速记录,0.0,0.0,连续低于10 km/h的记录超过180条
2017-12-21 02:34:33,删除长低速记录,0.0,0.0,连续低于10 km/h的记录超过180条
2017-12-21 02:34:34,删除长低速记录,0.0,0.0,连续低于10 km/h的记录超过180条
2017-12-21 02:34:35,删除长低速记录,0.0,0.0,连续低于10 km/h的记录超过180条
2017-12-21 02:34:36,删除长低速记录,0.0,0.0,连续低于10 km/h的记录超过180条
2017-12-21 02:34:37,删除长低速记录,0.0,0.0,连续低于10 km/h的记录超过180条
2017-12-21 02:34:38,删除长低速记录,0.0,0.0,连续低于10 km/h的记录超过180条
2017-12-21 02:34:39,删除长低速记录,0.0,0.0,连续低于10 km/h的记录超过180条
2017-12-21 02:34:40,删除长低速记录,0.0,0.0,连续低于10 km/h的记录超过180条
2017-12-21 02:34:41,删除长低速记录,0.0,0.0,连续低于10 km/h的记录超过180条
2017-12-21 02:34:42,删除长低速记录,0.0,0.0,连续低于10 km/h的记录超过180条
2017-12-21 02:34:43,删除长低速记录,0.0,0.0,连续低于10 km/h的记录超过180条
2017-12-21 02:34:44,删除长低速记录,0.0,0.0,连续低于10 km/h的记录超过180条
2017-12-21 02:34:45,删除长低速记录,0.0,0.0,连续低于10 km/h的记录超过180条
2017-12-21 02:34:46,删除长低速记录,0.0,0.0,连续低于10 km/h的记录超过180条
2017-12-21 02:34:47,删除长低速记录,0.0,0.0,连续低于10 km/h的记录超过180条
2017-12-21 02:34:48,删除长低速记录,0.0,0.0,连续低于10 km/h的记录超过180条
2017-12-21 02:34:49,删除长低速记录,0.0,0.0,连续低于10 km/h的记录超过180条
2017-12-21 02:34:50,删除长低速记录,0.0,0.0,连续低于10 km/h的记录超过180条
2017-12-21 02:34:51,删除长低速记录,0.0,0.0,连续低于10 km/h的记录超过180条
2017-12-21 02:34:52,删除长低速记录,0.0,0.0,连续低于10 km/h的记录超过180条
2017-12-21 02:34:53,删除长低速记录,0.0,0.0,连续低于10 km/h的记录超过180条
2017-12-21 02:34:54,删除长低速记录,0.0,0.0,连续低于10 km/h的记录超过180条
2017-12-21 02:34:55,删除长低速记录,0.0,0.0,连续低于10 km/h的记录超过180条
2017-12-21 02:34:56,删除长低速记录,0.0,0.0,连续低于10 km/h的记录超过180条
2017-12-21 02:34:57,删除长低速记录,0.0,0.0,连续低于10 km/h的记录超过180条
2017-12-21 02:34:58,删除长低速记录,0.0,0.0,连续低于10 km/h的记录超过180条
2017-12-21 02:34:59,删除长低速记录,0.0,0.0,连续低于10 km/h的记录超过180条
2017-12-21 02:35:00,删除长低速记录,0.0,0.0,连续低于10 km/h的记录超过180条
2017-12-21 02:35:01,删除长低速记录,0.0,0.0,连续低于10 km/h的记录超过180条
2017-12-21 02:35:02,删除长低速记录,0.0,0.0,连续低于10 km/h的记录超过180条
2017-12-21 02:35:03,删除长低速记录,0.0,0.0,连续低于10 km/h的记录超过180条
2017-12-21 02:35:04,删除长低速记录,0.0,0.0,连续低于10 km/h的记录超过180条
2017-12-21 02:35:05,删除长低速记录,0.0,0.0,连续低于10 km/h的记录超过180条
2017-12-21 02:35:06,删除长低速记录,0.0,0.0,连续低于10 km/h的记录超过180条
2017-12-21 02:35:07,删除长低速记录,0.0,0.0,连续低于10 km/h的记录超过180条
2017-12-21 02:35:08,删除长低速记录,0.0,0.0,连续低于10 km/h的记录超过180条
2017-12-21 02:35:09,删除长低速记录,0.0,0.0,连续低于10 km/h的记录超过180条
2017-12-21 02:35:10,删除长低速记录,0.0,0.0,连续低于10 km/h的记录超过180条
2017-12-21 02:35:11,删除长低速记录,0.0,0.0,连续低于10 km/h的记录超过180条
2017-12-21 02:35:12,删除长低速记录,0.0,0.0,连续低于10 km/h的记录超过180条
2017-12-21 02:35:13,删除长低速记录,0.0,0.0,连续低于10 km/h的记录超过180条
2017-12-21 02:35:14,删除长低速记录,0.0,0.0,连续低于10 km/h的记录超过180条
2017-12-21 02:35:15,删除长低速记录,0.0,0.0,连续低于10 km/h的记录超过180条
2017-12-21 02:35:16,删除长低速记录,0.0,0.0,连续低于10 km/h的记录超过180条
2017-12-21 02:35:17,删除长低速记录,0.0,0.0,连续低于10 km/h的记录超过180条
2017-12-21 02:35:18,删除长低速记录,0.0,0.0,连续低于10 km/h的记录超过180条
2017-12-21 02:35:19,删除长低速记录,0.0,0.0,连续低于10 km/h的记录超过180条
2017-12-21 02:35:20,删除长低速记录,0.0,0.0,连续低于10 km/h的记录超过180条
2017-12-21 02:35:21,删除长低速记录,0.0,0.0,连续低于10 km/h的记录超过180条
2017-12-21 02:35:22,删除长低速记录,0.0,0.0,连续低于10 km/h的记录超过180条
2017-12-21 02:35:23,删除长低速记录,0.0,0.0,连续低于10 km/h的记录超过180条
2017-12-21 02:35:24,删除长低速记录,0.0,0.0,连续低于10 km/h的记录超过180条
2017-12-21 02:35:25,删除长低速记录,0.0,0.0,连续低于10 km/h的记录超过180条
2017-12-21 02:35:26,删除长低速记录,0.0,0.0,连续低于10 km/h的记录超过180条
2017-12-21 02:35:27,删除长低速记录,0.0,0.0,连续低于10 km/h的记录超过180条
2017-12-21 02:35:28,删除长低速记录,0.0,0.0,连续低于10 km/h的记录超过180条
2017-12-21 02:35:29,删除长低速记录,0.0,0.0,连续低于10 km/h的记录超过180条
2017-12-21 02:35:30,删除长低速记录,0.0,0.0,连续低于10 km/h的记录超过180条
2017-12-21 02:35:31,删除长低速记录,0.0,0.0,连续低于10 km/h的记录超过180条
2017-12-21 02:35:32,删除长低速记录,0.0,0.0,连续低于10 km/h的记录超过180条
2017-12-21 02:35:33,删除长低速记录,0.0,0.0,连续低于10 km/h的记录超过180条
2017-12-21 02:35:34,删除长低速记录,0.0,0.0,连续低于10 km/h的记录超过180条
2017-12-21 02:35:35,删除长低速记录,0.0,0.0,连续低于10 km/h的记录超过180条
2017-12-21 02:35:36,删除长低速记录,0.0,0.0,连续低于10 km/h的记录超过180条
2017-12-21 02:35:37,删除长低速记录,0.0,0.0,连续低于10 km/h的记录超过180条
2017-12-21 02:35:38,删除长低速记录,0.0,0.0,连续低于10 km/h的记录超过180条
2017-12-21 02:35:39,删除长低速记录,0.0,0.0,连续低于10 km/h的记录超过180条
2017-12-21 02:35:40,删除长低速记录,0.0,0.0,连续低于10 km/h的记录超过180条
2017-12-21 02:35:41,删除长低速记录,0.0,0.0,连续低于10 km/h的记录超过180条
2017-12-21 02:35:42,删除长低速记录,0.0,0.0,连续低于10 km/h的记录超过180条
2017-12-21 02:35:43,删除长低速记录,0.0,0.0,连续低于10 km/h的记录超过180条
2017-12-21 02:35:44,删除长低速记录,0.0,0.0,连续低于10 km/h的记录超过180条
2017-12-21 02:35:45,删除长低速记录,0.0,0.0,连续低于10 km/h的记录超过180条
2017-12-21 02:35:46,删除长低速记录,0.0,0.0,连续低于10 km/h的记录超过180条
2017-12-21 02:35:47,删除长低速记录,0.0,0.0,连续低于10 km/h的记录超过180条
2017-12-21 02:35:48,删除长低速记录,0.0,0.0,连续低于10 km/h的记录超过180条
2017-12-21 02:35:49,删除长低速记录,0.0,0.0,连续低于10 km/h的记录超过180条
2017-12-21 02:35:50,删除长低速记录,0.0,0.0,连续低于10 km/h的记录超过180条
2017-12-21 02:35:51,删除长低速记录,0.0,0.0,连续低于10 km/h的记录超过180条
2017-12-21 02:35:52,删除长低速记录,0.0,0.0,连续低于10 km/h的记录超过180条
2017-12-21 02:35:53,删除长低速记录,0.0,0.0,连续低于10 km/h的记录超过180条
2017-12-21 02:35:54,删除长低速记录,0.0,0.0,连续低于10 km/h的记录超过180条
2017-12-21 02:35:55,删除长低速记录,0.0,0.0,连续低于10 km/h的记录超过180条
2017-12-21 02:35:56,删除长低速记录,0.0,0.0,连续低于10 km/h的记录超过180条
2017-12-21 02:35:57,删除长低速记录,0.0,0.0,连续低于10 km/h的记录超过180条
2017-12-21 02:35:58,删除长低速记录,0.0,0.0,连续低于10 km/h的记录超过180条
2017-12-21 02:35:59,删除长低速记录,0.0,0.0,连续低于10 km/h的记录超过180条
2017-12-21 02:36:00,删除长低速记录,0.0,0.0,连续低于10 km/h的记录超过180条
2017-12-21 02:36:01,删除长低速记录,0.0,0.0,连续低于10 km/h的记录超过180条
2017-12-21 02:36:02,删除长低速记录,0.0,0.0,连续低于10 km/h的记录超过180条
2017-12-21 02:36:03,删除长低速记录,0.0,0.0,连续低于10 km/h的记录超过180条
2017-12-21 02:36:04,删除长低速记录,0.0,0.0,连续低于10 km/h的记录超过180条
2017-12-21 02:36:05,删除长低速记录,0.0,0.0,连续低于10 km/h的记录超过180条
2017-12-21 02:36:06,删除长低速记录,0.0,0.0,连续低于10 km/h的记录超过180条
2017-12-21 02:36:07,删除长低速记录,0.0,0.0,连续低于10 km/h的记录超过180条
2017-12-21 02:36:08,删除长低速记录,0.0,0.0,连续低于10 km/h的记录超过180条
2017-12-21 02:36:09,删除长低速记录,0.0,0.0,连续低于10 km/h的记录超过180条
2017-12-21 02:36:10,删除长低速记录,0.0,0.0,连续低于10 km/h的记录超过180条
2017-12-21 02:36:11,删除长低速记录,0.0,0.0,连续低于10 km/h的记录超过180条
2017-12-21 02:36:12,删除长低速记录,0.0,0.0,连续低于10 km/h的记录超过180条
2017-12-21 02:36:13,删除长低速记录,0.0,0.0,连续低于10 km/h的记录超过180条
2017-12-21 02:36:14,删除长低速记录,0.0,0.0,连续低于10 km/h的记录超过180条
2017-12-21 02:36:15,删除长低速记录,0.0,0.0,连续低于10 km/h的记录超过180条
2017-12-21 02:36:16,删除长低速记录,0.0,0.0,连续低于10 km/h的记录超过180条
2017-12-21 02:36:17,删除长低速记录,0.0,0.0,连续低于10 km/h的记录超过180条
2017-12-21 02:36:18,删除长低速记录,0.0,0.0,连续低于10 km/h的记录超过180条
2017-12-21 02:36:19,删除长低速记录,0.0,0.0,连续低于10 km/h的记录超过180条
2017-12-21 02:36:20,删除长低速记录,0.0,0.0,连续低于10 km/h的记录超过180条
2017-12-21 02:36:21,删除长低速记录,0.0,0.0,连续低于10 km/h的记录超过180条
2017-12-21 02:36:22,删除长低速记录,0.0,0.0,连续低于10 km/h的记录超过180条
2017-12-21 02:36:23,删除长低速记录,0.0,0.0,连续低于10 km/h的记录超过180条
2017-12-21 02:36:24,删除长低速记录,0.0,0.0,连续低于10 km/h的记录超过180条
2017-12-21 02:36:25,删除长低速记录,0.0,0.0,连续低于10 km/h的记录超过180条
2017-12-21 02:36:26,删除长低速记录,0.0,0.0,连续低于10 km/h的记录超过180条
2017-12-21 02:36:27,删除长低速记录,0.0,0.0,连续低于10 km/h的记录超过180条
2017-12-21 02:36:28,删除长低速记录,0.0,0.0,连续低于10 km/h的记录超过180条
2017-12-21 02:36:29,删除长低速记录,0.0,0.0,连续低于10 km/h的记录超过180条
2017-12-21 02:36:30,删除长低速记录,0.0,0.0,连续低于10 km/h的记录超过180条
2017-12-21 02:36:31,删除长低速记录,0.0,0.0,连续低于10 km/h的记录超过180条
2017-12-21 02:36:32,删除长低速记录,0.0,0.0,连续低于10 km/h的记录超过180条
2017-12-21 02:36:33,删除长低速记录,0.0,0.0,连续低于10 km/h的记录超过180条
2017-12-21 02:36:34,删除长低速记录,0.0,0.0,连续低于10 km/h的记录超过180条
2017-12-21 02:36:35,删除长低速记录,0.0,0.0,连续低于10 km/h的记录超过180条
2017-12-21 02:36:36,删除长低速记录,0.0,0.0,连续低于10 km/h的记录超过180条
2017-12-21 02:36:37,删除长低速记录,0.0,0.0,连续低于10 km/h的记录超过180条
2017-12-21 02:36:38,删除长低速记录,0.0,0.0,连续低于10 km/h的记录超过180条
2017-12-21 02:36:39,删除长低速记录,0.0,0.0,连续低于10 km/h的记录超过180条
2017-12-21 02:36:40,删除长低速记录,0.0,0.0,连续低于10 km/h的记录超过180条
2017-12-21 02:36:41,删除长低速记录,0.0,0.0,连续低于10 km/h的记录超过180条
2017-12-21 02:36:42,删除长低速记录,0.0,0.0,连续低于10 km/h的记录超过180条
2017-12-21 02:36:43,删除长低速记录,0.0,0.0,连续低于10 km/h的记录超过180条
2017-12-21 02:36:44,删除长低速记录,0.0,0.0,连续低于10 km/h的记录超过180条
2017-12-21 02:36:45,删除长低速记录,0.0,0.0,连续低于10 km/h的记录超过180条
2017-12-21 02:36:46,删除长低速记录,0.0,0.0,连续低于10 km/h的记录超过180条
2017-12-21 02:36:47,删除长低速记录,0.0,0.0,连续低于10 km/h的记录超过180条
2017-12-21 02:36:48,删除长低速记录,0.0,0.0,连续低于10 km/h的记录超过180条
2017-12-21 02:36:49,删除长低速记录,0.0,0.0,连续低于10 km/h的记录超过180条
2017-12-21 02:36:50,删除长低速记录,0.0,0.0,连续低于10 km/h的记录超过180条
2017-12-21 02:36:51,删除长低速记录,0.0,0.0,连续低于10 km/h的记录超过180条
2017-12-21 02:36:52,删除长低速记录,0.0,0.0,连续低于10 km/h的记录超过180条
2017-12-21 02:36:53,删除长低速记录,0.0,0.0,连续低于10 km/h的记录超过180条
2017-12-21 02:36:54,删除长低速记录,0.0,0.0,连续低于10 km/h的记录超过180条
2017-12-21 02:36:55,删除长低速记录,0.0,0.0,连续低于10 km/h的记录超过180条
2017-12-21 02:36:56,删除长低速记录,0.0,0.0,连续低于10 km/h的记录超过180条
2017-12-21 02:36:57,删除长低速记录,0.0,0.0,连续低于10 km/h的记录超过180条
2017-12-21 02:36:58,删除长低速记录,0.0,0.0,连续低于10 km/h的记录超过180条
2017-12-21 02:36:59,删除长低速记录,0.0,0.0,连续低于10 km/h的记录超过180条
2017-12-21 02:37:00,删除长低速记录,0.0,0.0,连续低于10 km/h的记录超过180条
2017-12-21 02:37:01,删除长低速记录,0.0,0.0,连续低于10 km/h的记录超过180条
2017-12-21 02:37:02,删除长低速记录,0.0,0.0,连续低于10 km/h的记录超过180条
2017-12-21 02:37:03,删除长低速记录,0.0,0.0,连续低于10 km/h的记录超过180条
2017-12-21 02:37:04,删除长低速记录,0.0,0.0,连续低于10 km/h的记录超过180条
2017-12-21 02:37:05,删除长低速记录,0.0,0.0,连续低于10 km/h的记录超过180条
2017-12-21 02:37:06,删除长低速记录,0.0,0.0,连续低于10 km/h的记录超过180条
2017-12-21 02:37:07,删除长低速记录,0.0,0.0,连续低于10 km/h的记录超过180条
2017-12-21 02:37:08,删除长低速记录,0.0,0.0,连续低于10 km/h的记录超过180条
2017-12-21 02:37:09,删除长低速记录,0.0,0.0,连续低于10 km/h的记录超过180条
2017-12-21 02:37:10,删除长低速记录,0.0,0.0,连续低于10 km/h的记录超过180条
2017-12-21 02:37:11,删除长低速记录,0.0,0.0,连续低于10 km/h的记录超过180条
2017-12-21 02:37:12,删除长低速记录,0.0,0.0,连续低于10 km/h的记录超过180条
2017-12-21 02:37:13,删除长低速记录,0.0,0.0,连续低于10 km/h的记录超过180条
2017-12-21 02:37:14,删除长低速记录,0.0,0.0,连续低于10 km/h的记录超过180条
2017-12-21 02:37:15,删除长低速记录,0.0,0.0,连续低于10 km/h的记录超过180条
2017-12-21 02:37:16,删除长低速记录,0.0,0.0,连续低于10 km/h的记录超过180条
2017-12-21 02:37:17,删除长低速记录,0.0,0.0,连续低于10 km/h的记录超过180条
2017-12-21 02:37:18,删除长低速记录,0.0,0.0,连续低于10 km/h的记录超过180条
2017-12-21 02:37:19,删除长低速记录,0.0,0.0,连续低于10 km/h的记录超过180条
2017-12-21 02:37:20,删除长低速记录,0.0,0.0,连续低于10 km/h的记录超过180条
2017-12-21 02:37:21,删除长低速记录,0.0,0.0,连续低于10 km/h的记录超过180条
2017-12-21 02:37:22,删除长低速记录,0.0,0.0,连续低于10 km/h的记录超过180条
2017-12-21 02:37:23,删除长低速记录,0.0,0.0,连续低于10 km/h的记录超过180条
2017-12-21 02:37:24,删除长低速记录,0.0,0.0,连续低于10 km/h的记录超过180条
2017-12-21 02:37:25,删除长低速记录,0.0,0.0,连续低于10 km/h的记录超过180条
2017-12-21 02:37:26,删除长低速记录,0.0,0.0,连续低于10 km/h的记录超过180条
2017-12-21 02:37:27,删除长低速记录,0.0,0.0,连续低于10 km/h的记录超过180条
2017-12-21 02:37:28,删除长低速记录,0.0,0.0,连续低于10 km/h的记录超过180条
2017-12-21 02:37:29,删除长低速记录,0.0,0.0,连续低于10 km/h的记录超过180条
2017-12-21 02:37:30,删除长低速记录,0.0,0.0,连续低于10 km/h的记录超过180条
2017-12-21 02:37:31,删除长低速记录,0.0,0.0,连续低于10 km/h的记录超过180条
2017-12-21 02:37:32,删除长低速记录,0.0,0.0,连续低于10 km/h的记录超过180条
2017-12-21 02:37:33,删除长低速记录,0.0,0.0,连续低于10 km/h的记录超过180条
2017-12-21 02:37:34,删除长低速记录,0.0,0.0,连续低于10 km/h的记录超过180条
2017-12-21 02:37:35,删除长低速记录,0.0,0.0,连续低于10 km/h的记录超过180条
2017-12-21 02:37:36,删除长低速记录,0.0,0.0,连续低于10 km/h的记录超过180条
2017-12-21 02:37:37,删除长低速记录,0.0,0.0,连续低于10 km/h的记录超过180条
2017-12-21 02:37:38,删除长低速记录,0.0,0.0,连续低于10 km/h的记录超过180条
2017-12-21 02:37:39,删除长低速记录,0.0,0.0,连续低于10 km/h的记录超过180条
2017-12-21 02:37:40,删除长低速记录,0.0,0.0,连续低于10 km/h的记录超过180条
2017-12-21 02:37:41,删除长低速记录,0.0,0.0,连续低于10 km/h的记录超过180条
2017-12-21 02:37:42,删除长低速记录,0.0,0.0,连续低于10 km/h的记录超过180条
2017-12-21 02:37:43,删除长低速记录,0.0,0.0,连续低于10 km/h的记录超过180条
2017-12-21 02:37:44,删除长低速记录,0.0,0.0,连续低于10 km/h的记录超过180条
2017-12-21 02:37:45,删除长低速记录,0.0,0.0,连续低于10 km/h的记录超过180条
2017-12-21 02:37:46,删除长低速记录,0.0,0.0,连续低于10 km/h的记录超过180条
2017-12-21 02:37:47,删除长低速记录,0.0,0.0,连续低于10 km/h的记录超过180条
2017-12-21 02:37:48,删除长低速记录,0.0,0.0,连续低于10 km/h的记录超过180条
2017-12-21 02:37:49,删除长低速记录,0.0,0.0,连续低于10 km/h的记录超过180条
2017-12-21 02:37:50,删除长低速记录,0.0,0.0,连续低于10 km/h的记录超过180条
2017-12-21 02:37:51,删除长低速记录,0.0,0.0,连续低于10 km/h的记录超过180条
2017-12-21 02:37:52,删除长低速记录,0.0,0.0,连续低于10 km/h的记录超过180条
2017-12-21 02:37:53,删除长低速记录,0.0,0.0,连续低于10 km/h的记录超过180条
2017-12-21 02:37:54,删除长低速记录,0.0,0.0,连续低于10 km/h的记录超过180条
2017-12-21 02:37:55,删除长低速记录,0.0,0.0,连续低于10 km/h的记录超过180条
2017-12-21 02:37:56,删除长低速记录,0.0,0.0,连续低于10 km/h的记录超过180条
2017-12-21 02:37:57,删除长低速记录,0.0,0.0,连续低于10 km/h的记录超过180条
2017-12-21 02:37:58,删除长低速记录,0.0,0.0,连续低于10 km/h的记录超过180条
2017-12-21 02:37:59,删除长低速记录,0.0,0.0,连续低于10 km/h的记录超过180条
2017-12-21 02:38:00,删除长低速记录,0.0,0.0,连续低于10 km/h的记录超过180条
2017-12-21 02:38:01,删除长低速记录,0.0,0.0,连续低于10 km/h的记录超过180条
2017-12-21 02:38:02,删除长低速记录,0.0,0.0,连续低于10 km/h的记录超过180条
2017-12-21 02:38:03,删除长低速记录,0.0,0.0,连续低于10 km/h的记录超过180条
2017-12-21 02:38:04,删除长低速记录,0.0,0.0,连续低于10 km/h的记录超过180条
2017-12-21 02:38:05,删除长低速记录,0.0,0.0,连续低于10 km/h的记录超过180条
2017-12-21 02:38:06,删除长低速记录,0.0,0.0,连续低于10 km/h的记录超过180条
2017-12-21 02:38:07,删除长低速记录,0.0,0.0,连续低于10 km/h的记录超过180条
2017-12-21 02:38:08,删除长低速记录,0.0,0.0,连续低于10 km/h的记录超过180条
2017-12-21 02:38:09,删除长低速记录,0.0,0.0,连续低于10 km/h的记录超过180条
2017-12-21 02:38:10,删除长低速记录,0.0,0.0,连续低于10 km/h的记录超过180条
2017-12-21 02:38:11,删除长低速记录,0.0,0.0,连续低于10 km/h的记录超过180条
2017-12-21 02:38:12,删除长低速记录,0.0,0.0,连续低于10 km/h的记录超过180条
2017-12-21 02:38:13,删除长低速记录,0.0,0.0,连续低于10 km/h的记录超过180条
2017-12-21 02:38:14,删除长低速记录,0.0,0.0,连续低于10 km/h的记录超过180条
2017-12-21 02:38:15,删除长低速记录,0.0,0.0,连续低于10 km/h的记录超过180条
2017-12-21 02:38:16,删除长低速记录,0.0,0.0,连续低于10 km/h的记录超过180条
2017-12-21 02:38:17,删除长低速记录,0.0,0.0,连续低于10 km/h的记录超过180条
2017-12-21 02:38:18,删除长低速记录,0.0,0.0,连续低于10 km/h的记录超过180条
2017-12-21 02:38:19,删除长低速记录,0.0,0.0,连续低于10 km/h的记录超过180条
2017-12-21 02:38:20,删除长低速记录,0.0,0.0,连续低于10 km/h的记录超过180条
2017-12-21 02:38:21,删除长低速记录,0.0,0.0,连续低于10 km/h的记录超过180条
2017-12-21 02:38:22,删除长低速记录,0.0,0.0,连续低于10 km/h的记录超过180条
2017-12-21 02:38:23,删除长低速记录,0.0,0.0,连续低于10 km/h的记录超过180条
2017-12-21 02:38:24,删除长低速记录,0.0,0.0,连续低于10 km/h的记录超过180条
2017-12-21 02:38:25,删除长低速记录,0.0,0.0,连续低于10 km/h的记录超过180条
2017-12-21 02:38:26,删除长低速记录,0.0,0.0,连续低于10 km/h的记录超过180条
2017-12-21 02:38:27,删除长低速记录,0.0,0.0,连续低于10 km/h的记录超过180条
2017-12-21 02:38:28,删除长低速记录,0.0,0.0,连续低于10 km/h的记录超过180条
2017-12-21 02:38:29,删除长低速记录,0.0,0.0,连续低于10 km/h的记录超过180条
2017-12-21 02:38:30,删除长低速记录,0.0,0.0,连续低于10 km/h的记录超过180条
2017-12-21 02:38:31,删除长低速记录,0.0,0.0,连续低于10 km/h的记录超过180条
2017-12-21 02:38:32,删除长低速记录,0.0,0.0,连续低于10 km/h的记录超过180条
2017-12-21 02:38:33,删除长低速记录,0.0,0.0,连续低于10 km/h的记录超过180条
2017-12-21 02:38:34,删除长低速记录,0.0,0.0,连续低于10 km/h的记录超过180条
2017-12-21 02:38:35,删除长低速记录,0.0,0.0,连续低于10 km/h的记录超过180条
2017-12-21 02:38:36,删除长低速记录,0.0,0.0,连续低于10 km/h的记录超过180条
2017-12-21 02:38:37,删除长低速记录,0.0,0.0,连续低于10 km/h的记录超过180条
2017-12-21 02:38:38,删除长低速记录,0.0,0.0,连续低于10 km/h的记录超过180条
2017-12-21 02:38:39,删除长低速记录,0.0,0.0,连续低于10 km/h的记录超过180条
2017-12-21 02:38:40,删除长低速记录,0.0,0.0,连续低于10 km/h的记录超过180条
2017-12-21 02:38:41,删除长低速记录,0.0,0.0,连续低于10 km/h的记录超过180条
2017-12-21 02:38:42,删除长低速记录,0.0,0.0,连续低于10 km/h的记录超过180条
2017-12-21 02:38:43,删除长低速记录,0.0,0.0,连续低于10 km/h的记录超过180条
2017-12-21 02:38:44,删除长低速记录,0.0,0.0,连续低于10 km/h的记录超过180条
2017-12-21 02:38:45,删除长低速记录,0.0,0.0,连续低于10 km/h的记录超过180条
2017-12-21 02:38:46,删除长低速记录,0.0,0.0,连续低于10 km/h的记录超过180条
2017-12-21 02:38:47,删除长低速记录,0.0,0.0,连续低于10 km/h的记录超过180条
2017-12-21 02:38:48,删除长低速记录,0.0,0.0,连续低于10 km/h的记录超过180条
2017-12-21 02:38:49,删除长低速记录,0.0,0.0,连续低于10 km/h的记录超过180条
2017-12-21 02:38:50,删除长低速记录,0.0,0.0,连续低于10 km/h的记录超过180条
2017-12-21 02:38:51,删除长低速记录,0.0,0.0,连续低于10 km/h的记录超过180条
2017-12-21 02:38:52,删除长低速记录,0.0,0.0,连续低于10 km/h的记录超过180条
2017-12-21 02:38:53,删除长低速记录,0.0,0.0,连续低于10 km/h的记录超过180条
2017-12-21 02:38:54,删除长低速记录,0.0,0.0,连续低于10 km/h的记录超过180条
2017-12-21 02:38:55,删除长低速记录,0.0,0.0,连续低于10 km/h的记录超过180条
2017-12-21 02:38:56,删除长低速记录,0.0,0.0,连续低于10 km/h的记录超过180条
2017-12-21 02:38:57,删除长低速记录,0.0,0.0,连续低于10 km/h的记录超过180条
2017-12-21 02:38:58,删除长低速记录,0.0,0.0,连续低于10 km/h的记录超过180条
2017-12-21 02:38:59,删除长低速记录,0.0,0.0,连续低于10 km/h的记录超过180条
2017-12-21 02:39:00,删除长低速记录,0.0,0.0,连续低于10 km/h的记录超过180条
2017-12-21 02:39:01,删除长低速记录,0.0,0.0,连续低于10 km/h的记录超过180条
2017-12-21 02:39:02,删除长低速记录,0.0,0.0,连续低于10 km/h的记录超过180条
2017-12-21 02:39:03,删除长低速记录,0.0,0.0,连续低于10 km/h的记录超过180条
2017-12-21 02:39:04,删除长低速记录,0.0,0.0,连续低于10 km/h的记录超过180条
2017-12-21 02:39:05,删除长低速记录,0.0,0.0,连续低于10 km/h的记录超过180条
2017-12-21 02:39:06,删除长低速记录,0.0,0.0,连续低于10 km/h的记录超过180条
2017-12-21 02:39:07,删除长低速记录,0.0,0.0,连续低于10 km/h的记录超过180条
2017-12-21 02:39:08,删除长低速记录,0.0,0.0,连续低于10 km/h的记录超过180条
2017-12-21 02:39:09,删除长低速记录,0.0,0.0,连续低于10 km/h的记录超过180条
2017-12-21 02:39:10,删除长低速记录,0.0,0.0,连续低于10 km/h的记录超过180条
2017-12-21 02:39:11,删除长低速记录,0.0,0.0,连续低于10 km/h的记录超过180条
2017-12-21 02:39:12,删除长低速记录,0.0,0.0,连续低于10 km/h的记录超过180条
2017-12-21 02:39:13,删除长低速记录,0.0,0.0,连续低于10 km/h的记录超过180条
2017-12-21 02:39:14,删除长低速记录,0.0,0.0,连续低于10 km/h的记录超过180条
2017-12-21 02:39:15,删除长低速记录,0.0,0.0,连续低于10 km/h的记录超过180条
2017-12-21 02:39:16,删除长低速记录,0.0,0.0,连续低于10 km/h的记录超过180条
2017-12-21 02:39:17,删除长低速记录,0.0,0.0,连续低于10 km/h的记录超过180条
2017-12-21 02:39:18,删除长低速记录,0.0,0.0,连续低于10 km/h的记录超过180条
2017-12-21 02:39:19,删除长低速记录,0.0,0.0,连续低于10 km/h的记录超过180条
2017-12-21 02:39:20,删除长低速记录,0.0,0.0,连续低于10 km/h的记录超过180条
2017-12-21 02:39:21,删除长低速记录,0.0,0.0,连续低于10 km/h的记录超过180条
2017-12-21 02:39:22,删除长低速记录,0.0,0.0,连续低于10 km/h的记录超过180条
2017-12-21 02:39:23,删除长低速记录,0.0,0.0,连续低于10 km/h的记录超过180条
2017-12-21 02:39:24,删除长低速记录,0.0,0.0,连续低于10 km/h的记录超过180条
2017-12-21 02:39:25,删除长低速记录,0.0,0.0,连续低于10 km/h的记录超过180条
2017-12-21 02:39:26,删除长低速记录,0.0,0.0,连续低于10 km/h的记录超过180条
2017-12-21 02:39:27,删除长低速记录,0.0,0.0,连续低于10 km/h的记录超过180条
2017-12-21 02:39:28,删除长低速记录,0.0,0.0,连续低于10 km/h的记录超过180条
2017-12-21 02:39:29,删除长低速记录,0.0,0.0,连续低于10 km/h的记录超过180条
2017-12-21 02:39:30,删除长低速记录,0.0,0.0,连续低于10 km/h的记录超过180条
2017-12-21 02:39:31,删除长低速记录,0.0,0.0,连续低于10 km/h的记录超过180条
2017-12-21 02:39:32,删除长低速记录,0.0,0.0,连续低于10 km/h的记录超过180条
2017-12-21 02:39:33,删除长低速记录,0.0,0.0,连续低于10 km/h的记录超过180条
2017-12-21 02:39:34,删除长低速记录,0.0,0.0,连续低于10 km/h的记录超过180条
2017-12-21 02:39:35,删除长低速记录,0.0,0.0,连续低于10 km/h的记录超过180条
2017-12-21 02:39:36,删除长低速记录,0.0,0.0,连续低于10 km/h的记录超过180条
2017-12-21 02:39:37,删除长低速记录,0.0,0.0,连续低于10 km/h的记录超过180条
2017-12-21 02:39:38,删除长低速记录,0.0,0.0,连续低于10 km/h的记录超过180条
2017-12-21 02:39:39,删除长低速记录,0.0,0.0,连续低于10 km/h的记录超过180条
2017-12-21 02:39:40,删除长低速记录,0.0,0.0,连续低于10 km/h的记录超过180条
2017-12-21 02:39:41,删除长低速记录,0.0,0.0,连续低于10 km/h的记录超过180条
2017-12-21 02:39:42,删除长低速记录,0.0,0.0,连续低于10 km/h的记录超过180条
2017-12-21 02:39:43,删除长低速记录,0.0,0.0,连续低于10 km/h的记录超过180条
2017-12-21 02:39:44,删除长低速记录,0.0,0.0,连续低于10 km/h的记录超过180条
2017-12-21 02:39:45,删除长低速记录,0.0,0.0,连续低于10 km/h的记录超过180条
2017-12-21 02:39:46,删除长低速记录,0.0,0.0,连续低于10 km/h的记录超过180条
2017-12-21 02:39:47,删除长低速记录,0.0,0.0,连续低于10 km/h的记录超过180条
2017-12-21 02:39:48,删除长低速记录,0.0,0.0,连续低于10 km/h的记录超过180条
2017-12-21 02:39:49,删除长低速记录,0.0,0.0,连续低于10 km/h的记录超过180条
2017-12-21 02:39:50,删除长低速记录,0.0,0.0,连续低于10 km/h的记录超过180条
2017-12-21 02:39:51,删除长低速记录,0.0,0.0,连续低于10 km/h的记录超过180条
2017-12-21 02:39:52,删除长低速记录,0.0,0.0,连续低于10 km/h的记录超过180条
2017-12-21 02:39:53,删除长低速记录,0.0,0.0,连续低于10 km/h的记录超过180条
2017-12-21 02:39:54,删除长低速记录,0.0,0.0,连续低于10 km/h的记录超过180条
2017-12-21 02:39:55,删除长低速记录,0.0,0.0,连续低于10 km/h的记录超过180条
2017-12-21 02:39:56,删除长低速记录,0.0,0.0,连续低于10 km/h的记录超过180条
2017-12-21 02:39:57,删除长低速记录,0.0,0.0,连续低于10 km/h的记录超过180条
2017-12-21 02:39:58,删除长低速记录,0.0,0.0,连续低于10 km/h的记录超过180条
2017-12-21 02:39:59,删除长低速记录,0.0,0.0,连续低于10 km/h的记录超过180条
2017-12-21 02:40:00,删除长低速记录,0.0,0.0,连续低于10 km/h的记录超过180条
2017-12-21 02:40:01,删除长低速记录,0.0,0.0,连续低于10 km/h的记录超过180条
2017-12-21 02:40:02,删除长低速记录,0.0,0.0,连续低于10 km/h的记录超过180条
2017-12-21 02:40:03,删除长低速记录,0.0,0.0,连续低于10 km/h的记录超过180条
2017-12-21 02:40:04,删除长低速记录,0.0,0.0,连续低于10 km/h的记录超过180条
2017-12-21 02:40:05,删除长低速记录,0.0,0.0,连续低于10 km/h的记录超过180条
2017-12-21 02:40:06,删除长低速记录,0.0,0.0,连续低于10 km/h的记录超过180条
2017-12-21 02:40:07,删除长低速记录,0.0,0.0,连续低于10 km/h的记录超过180条
2017-12-21 02:40:08,删除长低速记录,0.0,0.0,连续低于10 km/h的记录超过180条
2017-12-21 02:40:09,删除长低速记录,0.0,0.0,连续低于10 km/h的记录超过180条
2017-12-21 02:40:10,删除长低速记录,0.0,0.0,连续低于10 km/h的记录超过180条
2017-12-21 02:40:11,删除长低速记录,0.0,0.0,连续低于10 km/h的记录超过180条
2017-12-21 02:40:12,删除长低速记录,0.0,0.0,连续低于10 km/h的记录超过180条
2017-12-21 02:40:13,删除长低速记录,0.0,0.0,连续低于10 km/h的记录超过180条
2017-12-21 02:40:14,删除长低速记录,0.0,0.0,连续低于10 km/h的记录超过180条
2017-12-21 02:40:15,删除长低速记录,0.0,0.0,连续低于10 km/h的记录超过180条
2017-12-21 02:40:16,删除长低速记录,0.0,0.0,连续低于10 km/h的记录超过180条
2017-12-21 02:40:17,删除长低速记录,0.0,0.0,连续低于10 km/h的记录超过180条
2017-12-21 02:40:18,删除长低速记录,0.0,0.0,连续低于10 km/h的记录超过180条
2017-12-21 02:40:19,删除长低速记录,0.0,0.0,连续低于10 km/h的记录超过180条
2017-12-21 02:40:20,删除长低速记录,0.0,0.0,连续低于10 km/h的记录超过180条
2017-12-21 02:40:21,删除长低速记录,0.0,0.0,连续低于10 km/h的记录超过180条
2017-12-21 02:40:22,删除长低速记录,0.0,0.0,连续低于10 km/h的记录超过180条
2017-12-21 02:40:23,删除长低速记录,0.0,0.0,连续低于10 km/h的记录超过180条
2017-12-21 02:40:24,删除长低速记录,0.0,0.0,连续低于10 km/h的记录超过180条
2017-12-21 02:40:25,删除长低速记录,0.0,0.0,连续低于10 km/h的记录超过180条
2017-12-21 02:40:26,删除长低速记录,0.0,0.0,连续低于10 km/h的记录超过180条
2017-12-21 02:40:27,删除长低速记录,0.0,0.0,连续低于10 km/h的记录超过180条
2017-12-21 02:40:28,删除长低速记录,0.0,0.0,连续低于10 km/h的记录超过180条
2017-12-21 02:40:29,删除长低速记录,0.0,0.0,连续低于10 km/h的记录超过180条
2017-12-21 02:40:30,删除长低速记录,0.0,0.0,连续低于10 km/h的记录超过180条
2017-12-21 02:40:31,删除长低速记录,0.0,0.0,连续低于10 km/h的记录超过180条
2017-12-21 02:40:32,删除长低速记录,0.0,0.0,连续低于10 km/h的记录超过180条
2017-12-21 02:40:33,删除长低速记录,0.0,0.0,连续低于10 km/h的记录超过180条
2017-12-21 02:40:34,删除长低速记录,0.0,0.0,连续低于10 km/h的记录超过180条
2017-12-21 02:40:35,删除长低速记录,0.0,0.0,连续低于10 km/h的记录超过180条
2017-12-21 02:40:36,删除长低速记录,0.0,0.0,连续低于10 km/h的记录超过180条
2017-12-21 02:40:37,删除长低速记录,0.0,0.0,连续低于10 km/h的记录超过180条
2017-12-21 02:40:38,删除长低速记录,0.0,0.0,连续低于10 km/h的记录超过180条
2017-12-21 02:40:39,删除长低速记录,0.0,0.0,连续低于10 km/h的记录超过180条
2017-12-21 02:40:40,删除长低速记录,0.0,0.0,连续低于10 km/h的记录超过180条
2017-12-21 02:40:41,删除长低速记录,0.0,0.0,连续低于10 km/h的记录超过180条
2017-12-21 02:40:42,删除长低速记录,0.0,0.0,连续低于10 km/h的记录超过180条
2017-12-21 02:40:43,删除长低速记录,0.0,0.0,连续低于10 km/h的记录超过180条
2017-12-21 02:40:44,删除长低速记录,0.0,0.0,连续低于10 km/h的记录超过180条
2017-12-21 02:40:45,删除长低速记录,0.0,0.0,连续低于10 km/h的记录超过180条
2017-12-21 02:40:46,删除长低速记录,0.0,0.0,连续低于10 km/h的记录超过180条
2017-12-21 02:40:47,删除长低速记录,0.0,0.0,连续低于10 km/h的记录超过180条
2017-12-21 02:40:48,删除长低速记录,0.0,0.0,连续低于10 km/h的记录超过180条
2017-12-21 02:40:49,删除长低速记录,0.0,0.0,连续低于10 km/h的记录超过180条
2017-12-21 02:40:50,删除长低速记录,0.0,0.0,连续低于10 km/h的记录超过180条
2017-12-21 02:40:51,删除长低速记录,0.0,0.0,连续低于10 km/h的记录超过180条
2017-12-21 02:40:52,删除长低速记录,0.0,0.0,连续低于10 km/h的记录超过180条
2017-12-21 02:40:53,删除长低速记录,0.0,0.0,连续低于10 km/h的记录超过180条
2017-12-21 02:40:54,删除长低速记录,0.0,0.0,连续低于10 km/h的记录超过180条
2017-12-21 02:40:55,删除长低速记录,0.0,0.0,连续低于10 km/h的记录超过180条
2017-12-21 02:40:56,删除长低速记录,0.0,0.0,连续低于10 km/h的记录超过180条
2017-12-21 02:40:57,删除长低速记录,0.0,0.0,连续低于10 km/h的记录超过180条
2017-12-21 02:40:58,删除长低速记录,0.0,0.0,连续低于10 km/h的记录超过180条
2017-12-21 02:40:59,删除长低速记录,0.0,0.0,连续低于10 km/h的记录超过180条
2017-12-21 02:41:00,删除长低速记录,0.0,0.0,连续低于10 km/h的记录超过180条
2017-12-21 02:41:01,删除长低速记录,0.0,0.0,连续低于10 km/h的记录超过180条
2017-12-21 02:41:02,删除长低速记录,0.0,0.0,连续低于10 km/h的记录超过180条
2017-12-21 02:41:03,删除长低速记录,0.0,0.0,连续低于10 km/h的记录超过180条
2017-12-21 02:41:04,删除长低速记录,0.0,0.0,连续低于10 km/h的记录超过180条
2017-12-21 02:41:05,删除长低速记录,0.0,0.0,连续低于10 km/h的记录超过180条
2017-12-21 02:41:06,删除长低速记录,0.0,0.0,连续低于10 km/h的记录超过180条
2017-12-21 02:41:07,删除长低速记录,0.0,0.0,连续低于10 km/h的记录超过180条
2017-12-21 02:41:08,删除长低速记录,0.0,0.0,连续低于10 km/h的记录超过180条
2017-12-21 02:41:09,删除长低速记录,0.0,0.0,连续低于10 km/h的记录超过180条
2017-12-21 02:41:10,删除长低速记录,0.0,0.0,连续低于10 km/h的记录超过180条
2017-12-21 02:41:11,删除长低速记录,0.0,0.0,连续低于10 km/h的记录超过180条
2017-12-21 02:41:12,删除长低速记录,0.0,0.0,连续低于10 km/h的记录超过180条
2017-12-21 02:41:13,删除长低速记录,0.0,0.0,连续低于10 km/h的记录超过180条
2017-12-21 02:41:14,删除长低速记录,0.0,0.0,连续低于10 km/h的记录超过180条
2017-12-21 02:41:15,删除长低速记录,0.0,0.0,连续低于10 km/h的记录超过180条
2017-12-21 02:41:16,删除长低速记录,0.0,0.0,连续低于10 km/h的记录超过180条
2017-12-21 02:41:17,删除长低速记录,0.0,0.0,连续低于10 km/h的记录超过180条
2017-12-21 02:41:18,删除长低速记录,0.0,0.0,连续低于10 km/h的记录超过180条
2017-12-21 02:41:19,删除长低速记录,0.0,0.0,连续低于10 km/h的记录超过180条
2017-12-21 02:41:20,删除长低速记录,0.0,0.0,连续低于10 km/h的记录超过180条
2017-12-21 02:41:21,删除长低速记录,0.0,0.0,连续低于10 km/h的记录超过180条
2017-12-21 02:41:22,删除长低速记录,0.0,0.0,连续低于10 km/h的记录超过180条
2017-12-21 02:41:23,删除长低速记录,0.0,0.0,连续低于10 km/h的记录超过180条
2017-12-21 02:41:24,删除长低速记录,0.0,0.0,连续低于10 km/h的记录超过180条
2017-12-21 02:41:25,删除长低速记录,0.0,0.0,连续低于10 km/h的记录超过180条
2017-12-21 02:41:26,删除长低速记录,0.0,0.0,连续低于10 km/h的记录超过180条
2017-12-21 02:41:27,删除长低速记录,0.0,0.0,连续低于10 km/h的记录超过180条
2017-12-21 02:41:28,删除长低速记录,0.0,0.0,连续低于10 km/h的记录超过180条
2017-12-21 02:41:29,删除长低速记录,0.0,0.0,连续低于10 km/h的记录超过180条
2017-12-21 02:41:30,删除长低速记录,0.0,0.0,连续低于10 km/h的记录超过180条
2017-12-21 02:41:31,删除长低速记录,0.0,0.0,连续低于10 km/h的记录超过180条
2017-12-21 02:41:32,删除长低速记录,0.0,0.0,连续低于10 km/h的记录超过180条
2017-12-21 02:41:33,删除长低速记录,0.0,0.0,连续低于10 km/h的记录超过180条
2017-12-21 02:41:34,删除长低速记录,0.0,0.0,连续低于10 km/h的记录超过180条
2017-12-21 02:41:35,删除长低速记录,0.0,0.0,连续低于10 km/h的记录超过180条
2017-12-21 02:41:36,删除长低速记录,0.0,0.0,连续低于10 km/h的记录超过180条
2017-12-21 02:41:37,删除长低速记录,0.0,0.0,连续低于10 km/h的记录超过180条
2017-12-21 02:41:38,删除长低速记录,0.0,0.0,连续低于10 km/h的记录超过180条
2017-12-21 02:41:39,删除长低速记录,0.0,0.0,连续低于10 km/h的记录超过180条
2017-12-21 02:41:40,删除长低速记录,0.0,0.0,连续低于10 km/h的记录超过180条
2017-12-21 02:41:41,删除长低速记录,0.0,0.0,连续低于10 km/h的记录超过180条
2017-12-21 02:41:42,删除长低速记录,0.0,0.0,连续低于10 km/h的记录超过180条
2017-12-21 02:41:43,删除长低速记录,0.0,0.0,连续低于10 km/h的记录超过180条
2017-12-21 02:41:44,删除长低速记录,0.0,0.0,连续低于10 km/h的记录超过180条
2017-12-21 02:41:45,删除长低速记录,0.0,0.0,连续低于10 km/h的记录超过180条
2017-12-21 02:41:46,删除长低速记录,0.0,0.0,连续低于10 km/h的记录超过180条
2017-12-21 02:41:47,删除长低速记录,0.0,0.0,连续低于10 km/h的记录超过180条
2017-12-21 02:41:48,删除长低速记录,0.0,0.0,连续低于10 km/h的记录超过180条
2017-12-21 02:41:49,删除长低速记录,0.0,0.0,连续低于10 km/h的记录超过180条
2017-12-21 02:41:50,删除长低速记录,0.0,0.0,连续低于10 km/h的记录超过180条
2017-12-21 02:41:51,删除长低速记录,0.0,0.0,连续低于10 km/h的记录超过180条
2017-12-21 02:41:52,删除长低速记录,0.0,0.0,连续低于10 km/h的记录超过180条
2017-12-21 02:41:53,删除长低速记录,0.0,0.0,连续低于10 km/h的记录超过180条
2017-12-21 02:41:54,删除长低速记录,0.0,0.0,连续低于10 km/h的记录超过180条
2017-12-21 02:41:55,删除长低速记录,0.0,0.0,连续低于10 km/h的记录超过180条
2017-12-21 02:41:56,删除长低速记录,0.0,0.0,连续低于10 km/h的记录超过180条
2017-12-21 02:41:57,删除长低速记录,0.0,0.0,连续低于10 km/h的记录超过180条
2017-12-21 02:41:58,删除长低速记录,0.0,0.0,连续低于10 km/h的记录超过180条
2017-12-21 02:41:59,删除长低速记录,0.0,0.0,连续低于10 km/h的记录超过180条
2017-12-21 02:42:00,删除长低速记录,0.0,0.0,连续低于10 km/h的记录超过180条
2017-12-21 02:42:01,删除长低速记录,0.0,0.0,连续低于10 km/h的记录超过180条
2017-12-21 02:42:02,删除长低速记录,0.0,0.0,连续低于10 km/h的记录超过180条
2017-12-21 02:42:03,删除长低速记录,0.0,0.0,连续低于10 km/h的记录超过180条
2017-12-21 02:42:04,删除长低速记录,0.0,0.0,连续低于10 km/h的记录超过180条
2017-12-21 02:42:05,删除长低速记录,0.0,0.0,连续低于10 km/h的记录超过180条
2017-12-21 02:42:06,删除长低速记录,0.0,0.0,连续低于10 km/h的记录超过180条
2017-12-21 02:42:07,删除长低速记录,0.0,0.0,连续低于10 km/h的记录超过180条
2017-12-21 02:42:08,删除长低速记录,0.0,0.0,连续低于10 km/h的记录超过180条
2017-12-21 02:42:09,删除长低速记录,0.0,0.0,连续低于10 km/h的记录超过180条
2017-12-21 02:42:10,删除长低速记录,0.0,0.0,连续低于10 km/h的记录超过180条
2017-12-21 02:42:11,删除长低速记录,0.0,0.0,连续低于10 km/h的记录超过180条
2017-12-21 02:42:12,删除长低速记录,0.0,0.0,连续低于10 km/h的记录超过180条
2017-12-21 02:42:13,删除长低速记录,0.0,0.0,连续低于10 km/h的记录超过180条
2017-12-21 02:42:14,删除长低速记录,0.0,0.0,连续低于10 km/h的记录超过180条
2017-12-21 02:42:15,删除长低速记录,0.0,0.0,连续低于10 km/h的记录超过180条
2017-12-21 02:42:16,删除长低速记录,0.0,0.0,连续低于10 km/h的记录超过180条
2017-12-21 02:42:17,删除长低速记录,0.0,0.0,连续低于10 km/h的记录超过180条
2017-12-21 02:42:18,删除长低速记录,0.0,0.0,连续低于10 km/h的记录超过180条
2017-12-21 02:42:19,删除长低速记录,0.0,0.0,连续低于10 km/h的记录超过180条
2017-12-21 02:42:20,删除长低速记录,0.0,0.0,连续低于10 km/h的记录超过180条
2017-12-21 02:42:21,删除长低速记录,0.0,0.0,连续低于10 km/h的记录超过180条
2017-12-21 02:42:22,删除长低速记录,0.0,0.0,连续低于10 km/h的记录超过180条
2017-12-21 02:42:23,删除长低速记录,0.0,0.0,连续低于10 km/h的记录超过180条
2017-12-21 02:42:24,删除长低速记录,0.0,0.0,连续低于10 km/h的记录超过180条
2017-12-21 02:42:25,删除长低速记录,0.0,0.0,连续低于10 km/h的记录超过180条
2017-12-21 02:42:26,删除长低速记录,0.0,0.0,连续低于10 km/h的记录超过180条
2017-12-21 02:42:27,删除长低速记录,0.0,0.0,连续低于10 km/h的记录超过180条
2017-12-21 02:42:28,删除长低速记录,0.0,0.0,连续低于10 km/h的记录超过180条
2017-12-21 02:42:29,删除长低速记录,0.0,0.0,连续低于10 km/h的记录超过180条
2017-12-21 02:42:30,删除长低速记录,0.0,0.0,连续低于10 km/h的记录超过180条
2017-12-21 02:42:31,删除长低速记录,0.0,0.0,连续低于10 km/h的记录超过180条
2017-12-21 02:42:32,删除长低速记录,0.0,0.0,连续低于10 km/h的记录超过180条
2017-12-21 02:42:33,删除长低速记录,0.0,0.0,连续低于10 km/h的记录超过180条
2017-12-21 02:42:34,删除长低速记录,0.0,0.0,连续低于10 km/h的记录超过180条
2017-12-21 02:42:35,删除长低速记录,0.0,0.0,连续低于10 km/h的记录超过180条
2017-12-21 02:42:36,删除长低速记录,0.0,0.0,连续低于10 km/h的记录超过180条
2017-12-21 02:42:37,删除长低速记录,0.0,0.0,连续低于10 km/h的记录超过180条
2017-12-21 02:42:38,删除长低速记录,0.0,0.0,连续低于10 km/h的记录超过180条
2017-12-21 02:42:39,删除长低速记录,0.0,0.0,连续低于10 km/h的记录超过180条
2017-12-21 02:42:40,删除长低速记录,0.0,0.0,连续低于10 km/h的记录超过180条
2017-12-21 02:42:41,删除长低速记录,0.0,0.0,连续低于10 km/h的记录超过180条
2017-12-21 02:42:42,删除长低速记录,0.0,0.0,连续低于10 km/h的记录超过180条
2017-12-21 02:42:43,删除长低速记录,0.0,0.0,连续低于10 km/h的记录超过180条
2017-12-21 02:42:44,删除长低速记录,0.0,0.0,连续低于10 km/h的记录超过180条
2017-12-21 02:42:45,删除长低速记录,0.0,0.0,连续低于10 km/h的记录超过180条
2017-12-21 02:42:46,删除长低速记录,0.0,0.0,连续低于10 km/h的记录超过180条
2017-12-21 02:42:47,删除长低速记录,0.0,0.0,连续低于10 km/h的记录超过180条
2017-12-21 02:42:48,删除长低速记录,0.0,0.0,连续低于10 km/h的记录超过180条
2017-12-21 02:42:49,删除长低速记录,0.0,0.0,连续低于10 km/h的记录超过180条
2017-12-21 02:42:50,删除长低速记录,0.0,0.0,连续低于10 km/h的记录超过180条
2017-12-21 02:42:51,删除长低速记录,0.0,0.0,连续低于10 km/h的记录超过180条
2017-12-21 02:42:52,删除长低速记录,0.0,0.0,连续低于10 km/h的记录超过180条
2017-12-21 02:42:53,删除长低速记录,0.0,0.0,连续低于10 km/h的记录超过180条
2017-12-21 02:42:54,删除长低速记录,0.0,0.0,连续低于10 km/h的记录超过180条
2017-12-21 02:42:55,删除长低速记录,0.0,0.0,连续低于10 km/h的记录超过180条
2017-12-21 02:42:56,删除长低速记录,0.0,0.0,连续低于10 km/h的记录超过180条
2017-12-21 02:42:57,删除长低速记录,0.0,0.0,连续低于10 km/h的记录超过180条
2017-12-21 02:42:58,删除长低速记录,0.0,0.0,连续低于10 km/h的记录超过180条
2017-12-21 02:42:59,删除长低速记录,0.0,0.0,连续低于10 km/h的记录超过180条
2017-12-21 02:43:00,删除长低速记录,0.0,0.0,连续低于10 km/h的记录超过180条
2017-12-21 02:43:01,删除长低速记录,0.0,0.0,连续低于10 km/h的记录超过180条
2017-12-21 02:43:02,删除长低速记录,0.0,0.0,连续低于10 km/h的记录超过180条
2017-12-21 02:43:03,删除长低速记录,0.0,0.0,连续低于10 km/h的记录超过180条
2017-12-21 02:43:04,删除长低速记录,0.0,0.0,连续低于10 km/h的记录超过180条
2017-12-21 02:43:05,删除长低速记录,0.0,0.0,连续低于10 km/h的记录超过180条
2017-12-21 02:43:06,删除长低速记录,0.0,0.0,连续低于10 km/h的记录超过180条
2017-12-21 02:43:07,删除长低速记录,0.0,0.0,连续低于10 km/h的记录超过180条
2017-12-21 02:43:08,删除长低速记录,0.0,0.0,连续低于10 km/h的记录超过180条
2017-12-21 02:43:09,删除长低速记录,0.0,0.0,连续低于10 km/h的记录超过180条
2017-12-21 02:43:10,删除长低速记录,0.0,0.0,连续低于10 km/h的记录超过180条
2017-12-21 02:43:11,删除长低速记录,0.0,0.0,连续低于10 km/h的记录超过180条
2017-12-21 02:43:12,删除长低速记录,0.0,0.0,连续低于10 km/h的记录超过180条
2017-12-21 02:43:13,删除长低速记录,0.0,0.0,连续低于10 km/h的记录超过180条
2017-12-21 02:43:14,删除长低速记录,0.0,0.0,连续低于10 km/h的记录超过180条
2017-12-21 02:43:15,删除长低速记录,0.0,0.0,连续低于10 km/h的记录超过180条
2017-12-21 02:43:16,删除长低速记录,0.0,0.0,连续低于10 km/h的记录超过180条
2017-12-21 02:43:17,删除长低速记录,0.0,0.0,连续低于10 km/h的记录超过180条
2017-12-21 02:43:18,删除长低速记录,0.0,0.0,连续低于10 km/h的记录超过180条
2017-12-21 02:43:19,删除长低速记录,0.0,0.0,连续低于10 km/h的记录超过180条
2017-12-21 02:43:20,删除长低速记录,0.0,0.0,连续低于10 km/h的记录超过180条
2017-12-21 02:43:21,删除长低速记录,0.0,0.0,连续低于10 km/h的记录超过180条
2017-12-21 02:43:22,删除长低速记录,0.0,0.0,连续低于10 km/h的记录超过180条
2017-12-21 02:43:23,删除长低速记录,0.0,0.0,连续低于10 km/h的记录超过180条
2017-12-21 02:43:24,删除长低速记录,0.0,0.0,连续低于10 km/h的记录超过180条
2017-12-21 02:43:25,删除长低速记录,0.0,0.0,连续低于10 km/h的记录超过180条
2017-12-21 02:43:26,删除长低速记录,0.0,0.0,连续低于10 km/h的记录超过180条
2017-12-21 02:43:27,删除长低速记录,0.0,0.0,连续低于10 km/h的记录超过180条
2017-12-21 02:43:28,删除长低速记录,0.0,0.0,连续低于10 km/h的记录超过180条
2017-12-21 02:43:29,删除长低速记录,0.0,0.0,连续低于10 km/h的记录超过180条
2017-12-21 02:43:30,删除长低速记录,0.0,0.0,连续低于10 km/h的记录超过180条
2017-12-21 02:43:31,删除长低速记录,0.0,0.0,连续低于10 km/h的记录超过180条
2017-12-21 02:43:32,删除长低速记录,0.0,0.0,连续低于10 km/h的记录超过180条
2017-12-21 02:43:33,删除长低速记录,0.0,0.0,连续低于10 km/h的记录超过180条
2017-12-21 02:43:34,删除长低速记录,0.0,0.0,连续低于10 km/h的记录超过180条
2017-12-21 02:43:35,删除长低速记录,0.0,0.0,连续低于10 km/h的记录超过180条
2017-12-21 02:43:36,删除长低速记录,0.0,0.0,连续低于10 km/h的记录超过180条
2017-12-21 02:43:37,删除长低速记录,0.0,0.0,连续低于10 km/h的记录超过180条
2017-12-21 02:43:38,删除长低速记录,0.0,0.0,连续低于10 km/h的记录超过180条
2017-12-21 02:43:39,删除长低速记录,0.0,0.0,连续低于10 km/h的记录超过180条
2017-12-21 02:43:40,删除长低速记录,0.0,0.0,连续低于10 km/h的记录超过180条
2017-12-21 02:43:41,删除长低速记录,0.0,0.0,连续低于10 km/h的记录超过180条
2017-12-21 02:43:42,删除长低速记录,0.0,0.0,连续低于10 km/h的记录超过180条
2017-12-21 02:43:43,删除长低速记录,0.0,0.0,连续低于10 km/h的记录超过180条
2017-12-21 02:43:44,删除长低速记录,0.0,0.0,连续低于10 km/h的记录超过180条
2017-12-21 02:43:45,删除长低速记录,0.0,0.0,连续低于10 km/h的记录超过180条
2017-12-21 02:43:46,删除长低速记录,0.0,0.0,连续低于10 km/h的记录超过180条
2017-12-21 02:43:47,删除长低速记录,0.0,0.0,连续低于10 km/h的记录超过180条
2017-12-21 02:43:48,删除长低速记录,0.0,0.0,连续低于10 km/h的记录超过180条
2017-12-21 02:43:49,删除长低速记录,0.0,0.0,连续低于10 km/h的记录超过180条
2017-12-21 02:43:50,删除长低速记录,0.0,0.0,连续低于10 km/h的记录超过180条
2017-12-21 02:43:51,删除长低速记录,0.0,0.0,连续低于10 km/h的记录超过180条
2017-12-21 02:43:52,删除长低速记录,0.0,0.0,连续低于10 km/h的记录超过180条
2017-12-21 02:43:53,删除长低速记录,0.0,0.0,连续低于10 km/h的记录超过180条
2017-12-21 02:43:54,删除长低速记录,0.0,0.0,连续低于10 km/h的记录超过180条
2017-12-21 02:43:55,删除长低速记录,0.0,0.0,连续低于10 km/h的记录超过180条
2017-12-21 02:43:56,删除长低速记录,0.0,0.0,连续低于10 km/h的记录超过180条
2017-12-21 02:43:57,删除长低速记录,0.0,0.0,连续低于10 km/h的记录超过180条
2017-12-21 02:43:58,删除长低速记录,0.0,0.0,连续低于10 km/h的记录超过180条
2017-12-21 02:43:59,删除长低速记录,0.0,0.0,连续低于10 km/h的记录超过180条
2017-12-21 02:44:00,删除长低速记录,0.0,0.0,连续低于10 km/h的记录超过180条
2017-12-21 02:44:01,删除长低速记录,0.0,0.0,连续低于10 km/h的记录超过180条
2017-12-21 02:44:02,删除长低速记录,0.0,0.0,连续低于10 km/h的记录超过180条
2017-12-21 02:44:03,删除长低速记录,0.0,0.0,连续低于10 km/h的记录超过180条
2017-12-21 02:44:04,删除长低速记录,0.0,0.0,连续低于10 km/h的记录超过180条
2017-12-21 02:44:05,删除长低速记录,0.0,0.0,连续低于10 km/h的记录超过180条
2017-12-21 02:44:06,删除长低速记录,0.0,0.0,连续低于10 km/h的记录超过180条
2017-12-21 02:44:07,删除长低速记录,0.0,0.0,连续低于10 km/h的记录超过180条
2017-12-21 02:44:08,删除长低速记录,0.0,0.0,连续低于10 km/h的记录超过180条
2017-12-21 02:44:09,删除长低速记录,0.0,0.0,连续低于10 km/h的记录超过180条
2017-12-21 02:44:10,删除长低速记录,0.0,0.0,连续低于10 km/h的记录超过180条
2017-12-21 02:44:11,删除长低速记录,0.0,0.0,连续低于10 km/h的记录超过180条
2017-12-21 02:44:12,删除长低速记录,0.0,0.0,连续低于10 km/h的记录超过180条
2017-12-21 02:44:13,删除长低速记录,0.0,0.0,连续低于10 km/h的记录超过180条
2017-12-21 02:44:14,删除长低速记录,0.0,0.0,连续低于10 km/h的记录超过180条
2017-12-21 02:44:15,删除长低速记录,0.0,0.0,连续低于10 km/h的记录超过180条
2017-12-21 02:44:16,删除长低速记录,0.0,0.0,连续低于10 km/h的记录超过180条
2017-12-21 02:44:17,删除长低速记录,0.0,0.0,连续低于10 km/h的记录超过180条
2017-12-21 02:44:18,删除长低速记录,0.0,0.0,连续低于10 km/h的记录超过180条
2017-12-21 02:44:19,删除长低速记录,0.0,0.0,连续低于10 km/h的记录超过180条
2017-12-21 02:44:20,删除长低速记录,0.0,0.0,连续低于10 km/h的记录超过180条
2017-12-21 02:44:21,删除长低速记录,0.0,0.0,连续低于10 km/h的记录超过180条
2017-12-21 02:44:22,删除长低速记录,0.0,0.0,连续低于10 km/h的记录超过180条
2017-12-21 02:44:23,删除长低速记录,0.0,0.0,连续低于10 km/h的记录超过180条
2017-12-21 02:44:24,删除长低速记录,0.0,0.0,连续低于10 km/h的记录超过180条
2017-12-21 02:44:25,删除长低速记录,0.0,0.0,连续低于10 km/h的记录超过180条
2017-12-21 02:44:26,删除长低速记录,0.0,0.0,连续低于10 km/h的记录超过180条
2017-12-21 02:44:27,删除长低速记录,0.0,0.0,连续低于10 km/h的记录超过180条
2017-12-21 02:44:28,删除长低速记录,0.0,0.0,连续低于10 km/h的记录超过180条
2017-12-21 02:44:29,删除长低速记录,0.0,0.0,连续低于10 km/h的记录超过180条
2017-12-21 02:44:30,删除长低速记录,0.0,0.0,连续低于10 km/h的记录超过180条
2017-12-21 02:44:31,删除长低速记录,0.0,0.0,连续低于10 km/h的记录超过180条
2017-12-21 02:44:32,删除长低速记录,0.0,0.0,连续低于10 km/h的记录超过180条
2017-12-21 02:44:33,删除长低速记录,0.0,0.0,连续低于10 km/h的记录超过180条
2017-12-21 02:44:34,删除长低速记录,0.0,0.0,连续低于10 km/h的记录超过180条
2017-12-21 02:44:35,删除长低速记录,0.0,0.0,连续低于10 km/h的记录超过180条
2017-12-21 02:44:36,删除长低速记录,0.0,0.0,连续低于10 km/h的记录超过180条
2017-12-21 02:44:37,删除长低速记录,0.0,0.0,连续低于10 km/h的记录超过180条
2017-12-21 02:44:38,删除长低速记录,0.0,0.0,连续低于10 km/h的记录超过180条
2017-12-21 02:44:39,删除长低速记录,0.0,0.0,连续低于10 km/h的记录超过180条
2017-12-21 02:44:40,删除长低速记录,0.0,0.0,连续低于10 km/h的记录超过180条
2017-12-21 02:44:41,删除长低速记录,0.0,0.0,连续低于10 km/h的记录超过180条
2017-12-21 02:44:42,删除长低速记录,0.0,0.0,连续低于10 km/h的记录超过180条
2017-12-21 02:44:43,删除长低速记录,0.0,0.0,连续低于10 km/h的记录超过180条
2017-12-21 02:44:44,删除长低速记录,0.0,0.0,连续低于10 km/h的记录超过180条
2017-12-21 02:44:45,删除长低速记录,0.0,0.0,连续低于10 km/h的记录超过180条
2017-12-21 02:44:46,删除长低速记录,0.0,0.0,连续低于10 km/h的记录超过180条
2017-12-21 02:44:47,删除长低速记录,0.0,0.0,连续低于10 km/h的记录超过180条
2017-12-21 02:44:48,删除长低速记录,0.0,0.0,连续低于10 km/h的记录超过180条
2017-12-21 02:44:49,删除长低速记录,0.0,0.0,连续低于10 km/h的记录超过180条
2017-12-21 02:44:50,删除长低速记录,0.0,0.0,连续低于10 km/h的记录超过180条
2017-12-21 02:44:51,删除长低速记录,0.0,0.0,连续低于10 km/h的记录超过180条
2017-12-21 02:44:52,删除长低速记录,0.0,0.0,连续低于10 km/h的记录超过180条
2017-12-21 02:44:53,删除长低速记录,0.0,0.0,连续低于10 km/h的记录超过180条
2017-12-21 02:44:54,删除长低速记录,0.0,0.0,连续低于10 km/h的记录超过180条
2017-12-21 02:44:55,删除长低速记录,0.0,0.0,连续低于10 km/h的记录超过180条
2017-12-21 02:44:56,删除长低速记录,0.0,0.0,连续低于10 km/h的记录超过180条
2017-12-21 02:44:57,删除长低速记录,0.0,0.0,连续低于10 km/h的记录超过180条
2017-12-21 02:44:58,删除长低速记录,0.0,0.0,连续低于10 km/h的记录超过180条
2017-12-21 02:44:59,删除长低速记录,0.0,0.0,连续低于10 km/h的记录超过180条
2017-12-21 02:45:00,删除长低速记录,0.0,0.0,连续低于10 km/h的记录超过180条
2017-12-21 02:45:01,删除长低速记录,0.0,0.0,连续低于10 km/h的记录超过180条
2017-12-21 02:45:02,删除长低速记录,0.0,0.0,连续低于10 km/h的记录超过180条
2017-12-21 02:45:03,删除长低速记录,0.0,0.0,连续低于10 km/h的记录超过180条
2017-12-21 02:45:04,删除长低速记录,0.0,0.0,连续低于10 km/h的记录超过180条
2017-12-21 02:45:05,删除长低速记录,0.0,0.0,连续低于10 km/h的记录超过180条
2017-12-21 02:45:06,删除长低速记录,0.0,0.0,连续低于10 km/h的记录超过180条
2017-12-21 02:45:07,删除长低速记录,0.0,0.0,连续低于10 km/h的记录超过180条
2017-12-21 02:45:08,删除长低速记录,0.0,0.0,连续低于10 km/h的记录超过180条
2017-12-21 02:45:09,删除长低速记录,0.0,0.0,连续低于10 km/h的记录超过180条
2017-12-21 02:45:10,删除长低速记录,0.0,0.0,连续低于10 km/h的记录超过180条
2017-12-21 02:45:11,删除长低速记录,0.0,0.0,连续低于10 km/h的记录超过180条
2017-12-21 02:45:12,删除长低速记录,0.0,0.0,连续低于10 km/h的记录超过180条
2017-12-21 02:45:13,删除长低速记录,0.0,0.0,连续低于10 km/h的记录超过180条
2017-12-21 02:45:14,删除长低速记录,0.0,0.0,连续低于10 km/h的记录超过180条
2017-12-21 02:45:15,删除长低速记录,0.0,0.0,连续低于10 km/h的记录超过180条
2017-12-21 02:45:16,删除长低速记录,0.0,0.0,连续低于10 km/h的记录超过180条
2017-12-21 02:45:17,删除长低速记录,0.0,0.0,连续低于10 km/h的记录超过180条
2017-12-21 02:45:18,删除长低速记录,0.0,0.0,连续低于10 km/h的记录超过180条
2017-12-21 02:45:19,删除长低速记录,0.0,0.0,连续低于10 km/h的记录超过180条
2017-12-21 02:45:20,删除长低速记录,0.0,0.0,连续低于10 km/h的记录超过180条
2017-12-21 02:45:21,删除长低速记录,0.0,0.0,连续低于10 km/h的记录超过180条
2017-12-21 02:45:22,删除长低速记录,0.0,0.0,连续低于10 km/h的记录超过180条
2017-12-21 02:45:23,删除长低速记录,0.0,0.0,连续低于10 km/h的记录超过180条
2017-12-21 02:45:24,删除长低速记录,0.0,0.0,连续低于10 km/h的记录超过180条
2017-12-21 02:45:25,删除长低速记录,0.0,0.0,连续低于10 km/h的记录超过180条
2017-12-21 02:45:26,删除长低速记录,0.0,0.0,连续低于10 km/h的记录超过180条
2017-12-21 02:45:27,删除长低速记录,0.0,0.0,连续低于10 km/h的记录超过180条
2017-12-21 02:45:28,删除长低速记录,0.0,0.0,连续低于10 km/h的记录超过180条
2017-12-21 02:45:29,删除长低速记录,0.0,0.0,连续低于10 km/h的记录超过180条
2017-12-21 02:45:30,删除长低速记录,0.0,0.0,连续低于10 km/h的记录超过180条
2017-12-21 02:45:31,删除长低速记录,0.0,0.0,连续低于10 km/h的记录超过180条
2017-12-21 02:45:32,删除长低速记录,0.0,0.0,连续低于10 km/h的记录超过180条
2017-12-21 02:45:33,删除长低速记录,0.0,0.0,连续低于10 km/h的记录超过180条
2017-12-21 02:45:34,删除长低速记录,0.0,0.0,连续低于10 km/h的记录超过180条
2017-12-21 02:45:35,删除长低速记录,0.0,0.0,连续低于10 km/h的记录超过180条
2017-12-21 02:45:36,删除长低速记录,0.0,0.0,连续低于10 km/h的记录超过180条
2017-12-21 02:45:37,删除长低速记录,0.0,0.0,连续低于10 km/h的记录超过180条
2017-12-21 02:45:38,删除长低速记录,0.0,0.0,连续低于10 km/h的记录超过180条
2017-12-21 02:45:39,删除长低速记录,0.0,0.0,连续低于10 km/h的记录超过180条
2017-12-21 02:45:40,删除长低速记录,0.0,0.0,连续低于10 km/h的记录超过180条
2017-12-21 02:45:41,删除长低速记录,0.0,0.0,连续低于10 km/h的记录超过180条
2017-12-21 02:45:42,删除长低速记录,0.0,0.0,连续低于10 km/h的记录超过180条
2017-12-21 02:45:43,删除长低速记录,0.0,0.0,连续低于10 km/h的记录超过180条
2017-12-21 02:45:44,删除长低速记录,0.0,0.0,连续低于10 km/h的记录超过180条
2017-12-21 02:45:45,删除长低速记录,0.0,0.0,连续低于10 km/h的记录超过180条
2017-12-21 02:45:46,删除长低速记录,0.0,0.0,连续低于10 km/h的记录超过180条
2017-12-21 02:45:47,删除长低速记录,0.0,0.0,连续低于10 km/h的记录超过180条
2017-12-21 02:45:48,删除长低速记录,0.0,0.0,连续低于10 km/h的记录超过180条
2017-12-21 02:45:49,删除长低速记录,0.0,0.0,连续低于10 km/h的记录超过180条
2017-12-21 02:45:50,删除长低速记录,0.0,0.0,连续低于10 km/h的记录超过180条
2017-12-21 02:45:51,删除长低速记录,0.0,0.0,连续低于10 km/h的记录超过180条
2017-12-21 02:45:52,删除长低速记录,0.0,0.0,连续低于10 km/h的记录超过180条
2017-12-21 02:45:53,删除长低速记录,0.0,0.0,连续低于10 km/h的记录超过180条
2017-12-21 02:45:54,删除长低速记录,0.0,0.0,连续低于10 km/h的记录超过180条
2017-12-21 02:45:55,删除长低速记录,0.0,0.0,连续低于10 km/h的记录超过180条
2017-12-21 02:45:56,删除长低速记录,0.0,0.0,连续低于10 km/h的记录超过180条
2017-12-21 02:45:57,删除长低速记录,0.0,0.0,连续低于10 km/h的记录超过180条
2017-12-21 02:45:58,删除长低速记录,0.0,0.0,连续低于10 km/h的记录超过180条
2017-12-21 02:45:59,删除长低速记录,0.0,0.0,连续低于10 km/h的记录超过180条
2017-12-21 02:46:00,删除长低速记录,0.0,0.0,连续低于10 km/h的记录超过180条
2017-12-21 02:46:01,删除长低速记录,0.0,0.0,连续低于10 km/h的记录超过180条
2017-12-21 02:46:02,删除长低速记录,0.0,0.0,连续低于10 km/h的记录超过180条
2017-12-21 02:46:03,删除长低速记录,0.0,0.0,连续低于10 km/h的记录超过180条
2017-12-21 02:46:04,删除长低速记录,0.0,0.0,连续低于10 km/h的记录超过180条
2017-12-21 02:46:05,删除长低速记录,0.0,0.0,连续低于10 km/h的记录超过180条
2017-12-21 02:46:06,删除长低速记录,0.0,0.0,连续低于10 km/h的记录超过180条
2017-12-21 02:46:07,删除长低速记录,0.0,0.0,连续低于10 km/h的记录超过180条
2017-12-21 02:46:08,删除长低速记录,0.0,0.0,连续低于10 km/h的记录超过180条
2017-12-21 02:46:09,删除长低速记录,0.0,0.0,连续低于10 km/h的记录超过180条
2017-12-21 02:46:10,删除长低速记录,0.0,0.0,连续低于10 km/h的记录超过180条
2017-12-21 02:46:11,删除长低速记录,0.0,0.0,连续低于10 km/h的记录超过180条
2017-12-21 02:46:12,删除长低速记录,0.0,0.0,连续低于10 km/h的记录超过180条
2017-12-21 02:46:13,删除长低速记录,0.0,0.0,连续低于10 km/h的记录超过180条
2017-12-21 02:46:14,删除长低速记录,0.0,0.0,连续低于10 km/h的记录超过180条
2017-12-21 02:46:15,删除长低速记录,0.0,0.0,连续低于10 km/h的记录超过180条
2017-12-21 02:46:16,删除长低速记录,0.0,0.0,连续低于10 km/h的记录超过180条
2017-12-21 02:46:17,删除长低速记录,0.0,0.0,连续低于10 km/h的记录超过180条
2017-12-21 02:46:18,删除长低速记录,0.0,0.0,连续低于10 km/h的记录超过180条
2017-12-21 02:46:19,删除长低速记录,0.0,0.0,连续低于10 km/h的记录超过180条
2017-12-21 02:46:20,删除长低速记录,0.0,0.0,连续低于10 km/h的记录超过180条
2017-12-21 02:46:21,删除长低速记录,0.0,0.0,连续低于10 km/h的记录超过180条
2017-12-21 02:46:22,删除长低速记录,0.0,0.0,连续低于10 km/h的记录超过180条
2017-12-21 02:46:23,删除长低速记录,0.0,0.0,连续低于10 km/h的记录超过180条
2017-12-21 02:46:24,删除长低速记录,0.0,0.0,连续低于10 km/h的记录超过180条
2017-12-21 02:46:25,删除长低速记录,0.0,0.0,连续低于10 km/h的记录超过180条
2017-12-21 02:46:26,删除长低速记录,0.0,0.0,连续低于10 km/h的记录超过180条
2017-12-21 02:46:27,删除长低速记录,0.0,0.0,连续低于10 km/h的记录超过180条
2017-12-21 02:46:28,删除长低速记录,0.0,0.0,连续低于10 km/h的记录超过180条
2017-12-21 02:46:29,删除长低速记录,0.0,0.0,连续低于10 km/h的记录超过180条
2017-12-21 02:46:30,删除长低速记录,0.0,0.0,连续低于10 km/h的记录超过180条
2017-12-21 02:46:31,删除长低速记录,0.0,0.0,连续低于10 km/h的记录超过180条
2017-12-21 02:46:32,删除长低速记录,0.0,0.0,连续低于10 km/h的记录超过180条
2017-12-21 02:46:33,删除长低速记录,0.0,0.0,连续低于10 km/h的记录超过180条
2017-12-21 02:46:34,删除长低速记录,0.0,0.0,连续低于10 km/h的记录超过180条
2017-12-21 02:46:35,删除长低速记录,0.0,0.0,连续低于10 km/h的记录超过180条
2017-12-21 02:46:36,删除长低速记录,0.0,0.0,连续低于10 km/h的记录超过180条
2017-12-21 02:46:37,删除长低速记录,0.0,0.0,连续低于10 km/h的记录超过180条
2017-12-21 02:46:38,删除长低速记录,0.0,0.0,连续低于10 km/h的记录超过180条
2017-12-21 02:46:39,删除长低速记录,0.0,0.0,连续低于10 km/h的记录超过180条
2017-12-21 02:46:40,删除长低速记录,0.0,0.0,连续低于10 km/h的记录超过180条
2017-12-21 02:46:41,删除长低速记录,0.0,0.0,连续低于10 km/h的记录超过180条
2017-12-21 02:46:42,删除长低速记录,0.0,0.0,连续低于10 km/h的记录超过180条
2017-12-21 02:46:43,删除长低速记录,0.0,0.0,连续低于10 km/h的记录超过180条
2017-12-21 02:46:44,删除长低速记录,0.0,0.0,连续低于10 km/h的记录超过180条
2017-12-21 02:46:45,删除长低速记录,0.0,0.0,连续低于10 km/h的记录超过180条
2017-12-21 02:46:46,删除长低速记录,0.0,0.0,连续低于10 km/h的记录超过180条
2017-12-21 02:46:47,删除长低速记录,0.0,0.0,连续低于10 km/h的记录超过180条
2017-12-21 02:46:48,删除长低速记录,0.0,0.0,连续低于10 km/h的记录超过180条
2017-12-21 02:46:49,删除长低速记录,0.0,0.0,连续低于10 km/h的记录超过180条
2017-12-21 02:46:50,删除长低速记录,0.0,0.0,连续低于10 km/h的记录超过180条
2017-12-21 02:46:51,删除长低速记录,0.0,0.0,连续低于10 km/h的记录超过180条
2017-12-21 02:46:52,删除长低速记录,0.0,0.0,连续低于10 km/h的记录超过180条
2017-12-21 02:46:53,删除长低速记录,0.0,0.0,连续低于10 km/h的记录超过180条
2017-12-21 02:46:54,删除长低速记录,0.0,0.0,连续低于10 km/h的记录超过180条
2017-12-21 02:46:55,删除长低速记录,0.0,0.0,连续低于10 km/h的记录超过180条
2017-12-21 02:46:56,删除长低速记录,0.0,0.0,连续低于10 km/h的记录超过180条
2017-12-21 02:46:57,删除长低速记录,0.0,0.0,连续低于10 km/h的记录超过180条
2017-12-21 02:46:58,删除长低速记录,0.0,0.0,连续低于10 km/h的记录超过180条
2017-12-21 02:46:59,删除长低速记录,0.0,0.0,连续低于10 km/h的记录超过180条
2017-12-21 02:47:00,删除长低速记录,0.0,0.0,连续低于10 km/h的记录超过180条
2017-12-21 02:47:01,删除长低速记录,0.0,0.0,连续低于10 km/h的记录超过180条
2017-12-21 02:47:02,删除长低速记录,0.0,0.0,连续低于10 km/h的记录超过180条
2017-12-21 02:47:03,删除长低速记录,0.0,0.0,连续低于10 km/h的记录超过180条
2017-12-21 02:47:04,删除长低速记录,0.0,0.0,连续低于10 km/h的记录超过180条
2017-12-21 02:47:05,删除长低速记录,0.0,0.0,连续低于10 km/h的记录超过180条
2017-12-21 02:47:06,删除长低速记录,0.0,0.0,连续低于10 km/h的记录超过180条
2017-12-21 02:47:07,删除长低速记录,0.0,0.0,连续低于10 km/h的记录超过180条
2017-12-21 02:47:08,删除长低速记录,0.0,0.0,连续低于10 km/h的记录超过180条
2017-12-21 02:47:09,删除长低速记录,0.0,0.0,连续低于10 km/h的记录超过180条
2017-12-21 02:47:10,删除长低速记录,0.0,0.0,连续低于10 km/h的记录超过180条
2017-12-21 02:47:11,删除长低速记录,0.0,0.0,连续低于10 km/h的记录超过180条
2017-12-21 02:47:12,删除长低速记录,0.0,0.0,连续低于10 km/h的记录超过180条
2017-12-21 02:47:13,删除长低速记录,0.0,0.0,连续低于10 km/h的记录超过180条
2017-12-21 02:47:14,删除长低速记录,0.0,0.0,连续低于10 km/h的记录超过180条
2017-12-21 02:47:15,删除长低速记录,0.0,0.0,连续低于10 km/h的记录超过180条
2017-12-21 02:47:16,删除长低速记录,0.0,0.0,连续低于10 km/h的记录超过180条
2017-12-21 02:47:17,删除长低速记录,0.0,0.0,连续低于10 km/h的记录超过180条
2017-12-21 02:47:18,删除长低速记录,0.0,0.0,连续低于10 km/h的记录超过180条
2017-12-21 02:47:19,删除长低速记录,0.0,0.0,连续低于10 km/h的记录超过180条
2017-12-21 02:47:20,删除长低速记录,0.0,0.0,连续低于10 km/h的记录超过180条
2017-12-21 02:47:21,删除长低速记录,0.0,0.0,连续低于10 km/h的记录超过180条
2017-12-21 02:47:22,删除长低速记录,0.0,0.0,连续低于10 km/h的记录超过180条
2017-12-21 02:47:23,删除长低速记录,0.0,0.0,连续低于10 km/h的记录超过180条
2017-12-21 02:47:24,删除长低速记录,0.0,0.0,连续低于10 km/h的记录超过180条
2017-12-21 02:47:25,删除长低速记录,0.0,0.0,连续低于10 km/h的记录超过180条
2017-12-21 02:47:26,删除长低速记录,0.0,0.0,连续低于10 km/h的记录超过180条
2017-12-21 02:47:27,删除长低速记录,0.0,0.0,连续低于10 km/h的记录超过180条
2017-12-21 02:47:28,删除长低速记录,0.0,0.0,连续低于10 km/h的记录超过180条
2017-12-21 02:47:29,删除长低速记录,0.0,0.0,连续低于10 km/h的记录超过180条
2017-12-21 02:47:30,删除长低速记录,0.0,0.0,连续低于10 km/h的记录超过180条
2017-12-21 02:47:31,删除长低速记录,0.0,0.0,连续低于10 km/h的记录超过180条
2017-12-21 02:47:32,删除长低速记录,0.0,0.0,连续低于10 km/h的记录超过180条
2017-12-21 02:47:33,删除长低速记录,0.0,0.0,连续低于10 km/h的记录超过180条
2017-12-21 02:47:34,删除长低速记录,0.0,0.0,连续低于10 km/h的记录超过180条
2017-12-21 02:47:35,删除长低速记录,0.0,0.0,连续低于10 km/h的记录超过180条
2017-12-21 02:47:36,删除长低速记录,0.0,0.0,连续低于10 km/h的记录超过180条
2017-12-21 02:47:37,删除长低速记录,0.0,0.0,连续低于10 km/h的记录超过180条
2017-12-21 02:47:38,删除长低速记录,0.0,0.0,连续低于10 km/h的记录超过180条
2017-12-21 02:47:39,删除长低速记录,0.0,0.0,连续低于10 km/h的记录超过180条
2017-12-21 02:47:40,删除长低速记录,0.0,0.0,连续低于10 km/h的记录超过180条
2017-12-21 02:47:41,删除长低速记录,0.0,0.0,连续低于10 km/h的记录超过180条
2017-12-21 02:47:42,删除长低速记录,0.0,0.0,连续低于10 km/h的记录超过180条
2017-12-21 02:47:43,删除长低速记录,0.0,0.0,连续低于10 km/h的记录超过180条
2017-12-21 02:47:44,删除长低速记录,0.0,0.0,连续低于10 km/h的记录超过180条
2017-12-21 02:47:45,删除长低速记录,0.0,0.0,连续低于10 km/h的记录超过180条
2017-12-21 02:47:46,删除长低速记录,0.0,0.0,连续低于10 km/h的记录超过180条
2017-12-21 02:47:47,删除长低速记录,0.0,0.0,连续低于10 km/h的记录超过180条
2017-12-21 02:47:48,删除长低速记录,0.0,0.0,连续低于10 km/h的记录超过180条
2017-12-21 02:47:49,删除长低速记录,0.0,0.0,连续低于10 km/h的记录超过180条
2017-12-21 02:47:50,删除长低速记录,0.0,0.0,连续低于10 km/h的记录超过180条
2017-12-21 02:47:51,删除长低速记录,0.0,0.0,连续低于10 km/h的记录超过180条
2017-12-21 02:47:52,删除长低速记录,0.0,0.0,连续低于10 km/h的记录超过180条
2017-12-21 02:47:53,删除长低速记录,0.0,0.0,连续低于10 km/h的记录超过180条
2017-12-21 02:47:54,删除长低速记录,0.0,0.0,连续低于10 km/h的记录超过180条
2017-12-21 02:47:55,删除长低速记录,0.0,0.0,连续低于10 km/h的记录超过180条
2017-12-21 02:47:56,删除长低速记录,0.0,0.0,连续低于10 km/h的记录超过180条
2017-12-21 02:47:57,删除长低速记录,0.0,0.0,连续低于10 km/h的记录超过180条
2017-12-21 02:47:58,删除长低速记录,0.0,0.0,连续低于10 km/h的记录超过180条
2017-12-21 02:47:59,删除长低速记录,0.0,0.0,连续低于10 km/h的记录超过180条
2017-12-21 02:48:00,删除长低速记录,0.0,0.0,连续低于10 km/h的记录超过180条
2017-12-21 02:48:01,删除长低速记录,0.0,0.0,连续低于10 km/h的记录超过180条
2017-12-21 02:48:02,删除长低速记录,0.0,0.0,连续低于10 km/h的记录超过180条
2017-12-21 02:48:03,删除长低速记录,0.0,0.0,连续低于10 km/h的记录超过180条
2017-12-21 02:48:04,删除长低速记录,0.0,0.0,连续低于10 km/h的记录超过180条
2017-12-21 02:48:05,删除长低速记录,0.0,0.0,连续低于10 km/h的记录超过180条
2017-12-21 02:48:06,删除长低速记录,0.0,0.0,连续低于10 km/h的记录超过180条
2017-12-21 02:48:07,删除长低速记录,0.0,0.0,连续低于10 km/h的记录超过180条
2017-12-21 02:48:08,删除长低速记录,0.0,0.0,连续低于10 km/h的记录超过180条
2017-12-21 02:48:09,删除长低速记录,0.0,0.0,连续低于10 km/h的记录超过180条
2017-12-21 02:48:10,删除长低速记录,0.0,0.0,连续低于10 km/h的记录超过180条
2017-12-21 02:48:11,删除长低速记录,0.0,0.0,连续低于10 km/h的记录超过180条
2017-12-21 02:48:12,删除长低速记录,0.0,0.0,连续低于10 km/h的记录超过180条
2017-12-21 02:48:13,删除长低速记录,0.0,0.0,连续低于10 km/h的记录超过180条
2017-12-21 02:48:14,删除长低速记录,0.0,0.0,连续低于10 km/h的记录超过180条
2017-12-21 02:48:15,删除长低速记录,0.0,0.0,连续低于10 km/h的记录超过180条
2017-12-21 02:48:16,删除长低速记录,0.0,0.0,连续低于10 km/h的记录超过180条
2017-12-21 02:48:17,删除长低速记录,0.0,0.0,连续低于10 km/h的记录超过180条
2017-12-21 02:48:18,删除长低速记录,0.0,0.0,连续低于10 km/h的记录超过180条
2017-12-21 02:48:19,删除长低速记录,0.0,0.0,连续低于10 km/h的记录超过180条
2017-12-21 02:48:20,删除长低速记录,0.0,0.0,连续低于10 km/h的记录超过180条
2017-12-21 02:48:21,删除长低速记录,0.0,0.0,连续低于10 km/h的记录超过180条
2017-12-21 02:48:22,删除长低速记录,0.0,0.0,连续低于10 km/h的记录超过180条
2017-12-21 02:48:23,删除长低速记录,0.0,0.0,连续低于10 km/h的记录超过180条
2017-12-21 02:48:24,删除长低速记录,0.0,0.0,连续低于10 km/h的记录超过180条
2017-12-21 02:48:25,删除长低速记录,0.0,0.0,连续低于10 km/h的记录超过180条
2017-12-21 02:48:26,删除长低速记录,0.0,0.0,连续低于10 km/h的记录超过180条
2017-12-21 02:48:27,删除长低速记录,0.0,0.0,连续低于10 km/h的记录超过180条
2017-12-21 02:48:28,删除长低速记录,0.0,0.0,连续低于10 km/h的记录超过180条
2017-12-21 02:48:29,删除长低速记录,0.0,0.0,连续低于10 km/h的记录超过180条
2017-12-21 02:48:30,删除长低速记录,0.0,0.0,连续低于10 km/h的记录超过180条
2017-12-21 02:48:31,删除长低速记录,0.0,0.0,连续低于10 km/h的记录超过180条
2017-12-21 02:48:32,删除长低速记录,0.0,0.0,连续低于10 km/h的记录超过180条
2017-12-21 02:48:33,删除长低速记录,0.0,0.0,连续低于10 km/h的记录超过180条
2017-12-21 02:48:34,删除长低速记录,0.0,0.0,连续低于10 km/h的记录超过180条
2017-12-21 02:48:35,删除长低速记录,0.0,0.0,连续低于10 km/h的记录超过180条
2017-12-21 02:48:36,删除长低速记录,0.0,0.0,连续低于10 km/h的记录超过180条
2017-12-21 02:48:37,删除长低速记录,0.0,0.0,连续低于10 km/h的记录超过180条
2017-12-21 02:48:38,删除长低速记录,0.0,0.0,连续低于10 km/h的记录超过180条
2017-12-21 02:48:39,删除长低速记录,0.0,0.0,连续低于10 km/h的记录超过180条
2017-12-21 02:48:40,删除长低速记录,0.0,0.0,连续低于10 km/h的记录超过180条
2017-12-21 02:48:41,删除长低速记录,0.0,0.0,连续低于10 km/h的记录超过180条
2017-12-21 02:48:42,删除长低速记录,0.0,0.0,连续低于10 km/h的记录超过180条
2017-12-21 02:48:43,删除长低速记录,0.0,0.0,连续低于10 km/h的记录超过180条
2017-12-21 02:48:44,删除长低速记录,0.0,0.0,连续低于10 km/h的记录超过180条
2017-12-21 02:48:45,删除长低速记录,0.0,0.0,连续低于10 km/h的记录超过180条
2017-12-21 02:48:46,删除长低速记录,0.0,0.0,连续低于10 km/h的记录超过180条
2017-12-21 02:48:47,删除长低速记录,0.0,0.0,连续低于10 km/h的记录超过180条
2017-12-21 02:48:48,删除长低速记录,0.0,0.0,连续低于10 km/h的记录超过180条
2017-12-21 02:48:49,删除长低速记录,0.0,0.0,连续低于10 km/h的记录超过180条
2017-12-21 02:48:50,删除长低速记录,0.0,0.0,连续低于10 km/h的记录超过180条
2017-12-21 02:48:51,删除长低速记录,0.0,0.0,连续低于10 km/h的记录超过180条
2017-12-21 02:48:52,删除长低速记录,0.0,0.0,连续低于10 km/h的记录超过180条
2017-12-21 02:48:53,删除长低速记录,0.0,0.0,连续低于10 km/h的记录超过180条
2017-12-21 02:48:54,删除长低速记录,0.0,0.0,连续低于10 km/h的记录超过180条
2017-12-21 02:48:55,删除长低速记录,0.0,0.0,连续低于10 km/h的记录超过180条
2017-12-21 02:48:56,删除长低速记录,0.0,0.0,连续低于10 km/h的记录超过180条
2017-12-21 02:48:57,删除长低速记录,0.0,0.0,连续低于10 km/h的记录超过180条
2017-12-21 02:48:58,删除长低速记录,0.0,0.0,连续低于10 km/h的记录超过180条
2017-12-21 02:48:59,删除长低速记录,0.0,0.0,连续低于10 km/h的记录超过180条
2017-12-21 02:49:00,删除长低速记录,0.0,0.0,连续低于10 km/h的记录超过180条
2017-12-21 02:49:01,删除长低速记录,0.0,0.0,连续低于10 km/h的记录超过180条
2017-12-21 02:49:02,删除长低速记录,0.0,0.0,连续低于10 km/h的记录超过180条
2017-12-21 02:49:03,删除长低速记录,0.0,0.0,连续低于10 km/h的记录超过180条
2017-12-21 02:49:04,删除长低速记录,0.0,0.0,连续低于10 km/h的记录超过180条
2017-12-21 02:49:05,删除长低速记录,0.0,0.0,连续低于10 km/h的记录超过180条
2017-12-21 02:49:06,删除长低速记录,0.0,0.0,连续低于10 km/h的记录超过180条
2017-12-21 02:49:07,删除长低速记录,0.0,0.0,连续低于10 km/h的记录超过180条
2017-12-21 02:49:08,删除长低速记录,0.0,0.0,连续低于10 km/h的记录超过180条
2017-12-21 02:49:09,删除长低速记录,0.0,0.0,连续低于10 km/h的记录超过180条
2017-12-21 02:49:10,删除长低速记录,0.0,0.0,连续低于10 km/h的记录超过180条
2017-12-21 02:49:11,删除长低速记录,0.0,0.0,连续低于10 km/h的记录超过180条
2017-12-21 02:49:12,删除长低速记录,0.0,0.0,连续低于10 km/h的记录超过180条
2017-12-21 02:49:13,删除长低速记录,0.0,0.0,连续低于10 km/h的记录超过180条
2017-12-21 02:49:14,删除长低速记录,0.0,0.0,连续低于10 km/h的记录超过180条
2017-12-21 02:49:15,删除长低速记录,0.0,0.0,连续低于10 km/h的记录超过180条
2017-12-21 02:49:16,删除长低速记录,0.0,0.0,连续低于10 km/h的记录超过180条
2017-12-21 02:49:17,删除长低速记录,0.0,0.0,连续低于10 km/h的记录超过180条
2017-12-21 02:49:18,删除长低速记录,0.0,0.0,连续低于10 km/h的记录超过180条
2017-12-21 02:49:19,删除长低速记录,0.0,0.0,连续低于10 km/h的记录超过180条
2017-12-21 02:49:20,删除长低速记录,0.0,0.0,连续低于10 km/h的记录超过180条
2017-12-21 02:49:21,删除长低速记录,0.0,0.0,连续低于10 km/h的记录超过180条
2017-12-21 02:49:22,删除长低速记录,0.0,0.0,连续低于10 km/h的记录超过180条
2017-12-21 02:49:23,删除长低速记录,0.0,0.0,连续低于10 km/h的记录超过180条
2017-12-21 02:49:24,删除长低速记录,0.0,0.0,连续低于10 km/h的记录超过180条
2017-12-21 02:49:25,删除长低速记录,0.0,0.0,连续低于10 km/h的记录超过180条
2017-12-21 02:49:26,删除长低速记录,0.0,0.0,连续低于10 km/h的记录超过180条
2017-12-21 02:49:27,删除长低速记录,0.0,0.0,连续低于10 km/h的记录超过180条
2017-12-21 02:49:28,删除长低速记录,0.0,0.0,连续低于10 km/h的记录超过180条
2017-12-21 02:49:29,删除长低速记录,0.0,0.0,连续低于10 km/h的记录超过180条
2017-12-21 02:49:30,删除长低速记录,0.0,0.0,连续低于10 km/h的记录超过180条
2017-12-21 02:49:31,删除长低速记录,0.0,0.0,连续低于10 km/h的记录超过180条
2017-12-21 02:49:32,删除长低速记录,0.0,0.0,连续低于10 km/h的记录超过180条
2017-12-21 02:49:33,删除长低速记录,0.0,0.0,连续低于10 km/h的记录超过180条
2017-12-21 02:49:34,删除长低速记录,0.0,0.0,连续低于10 km/h的记录超过180条
2017-12-21 02:49:35,删除长低速记录,0.0,0.0,连续低于10 km/h的记录超过180条
2017-12-21 02:49:36,删除长低速记录,0.0,0.0,连续低于10 km/h的记录超过180条
2017-12-21 02:49:37,删除长低速记录,0.0,0.0,连续低于10 km/h的记录超过180条
2017-12-21 02:49:38,删除长低速记录,0.0,0.0,连续低于10 km/h的记录超过180条
2017-12-21 02:49:39,删除长低速记录,0.0,0.0,连续低于10 km/h的记录超过180条
2017-12-21 02:49:40,删除长低速记录,0.0,0.0,连续低于10 km/h的记录超过180条
2017-12-21 02:49:41,删除长低速记录,0.0,0.0,连续低于10 km/h的记录超过180条
2017-12-21 02:49:42,删除长低速记录,0.0,0.0,连续低于10 km/h的记录超过180条
2017-12-21 02:49:43,删除长低速记录,0.0,0.0,连续低于10 km/h的记录超过180条
2017-12-21 02:49:44,删除长低速记录,0.0,0.0,连续低于10 km/h的记录超过180条
2017-12-21 02:49:45,删除长低速记录,0.0,0.0,连续低于10 km/h的记录超过180条
2017-12-21 02:49:46,删除长低速记录,0.0,0.0,连续低于10 km/h的记录超过180条
2017-12-21 02:49:47,删除长低速记录,0.0,0.0,连续低于10 km/h的记录超过180条
2017-12-21 02:49:48,删除长低速记录,0.0,0.0,连续低于10 km/h的记录超过180条
2017-12-21 02:49:49,删除长低速记录,0.0,0.0,连续低于10 km/h的记录超过180条
2017-12-21 02:49:50,删除长低速记录,0.0,0.0,连续低于10 km/h的记录超过180条
2017-12-21 02:49:51,删除长低速记录,0.0,0.0,连续低于10 km/h的记录超过180条
2017-12-21 02:49:52,删除长低速记录,0.0,0.0,连续低于10 km/h的记录超过180条
2017-12-21 02:49:53,删除长低速记录,0.0,0.0,连续低于10 km/h的记录超过180条
2017-12-21 02:49:54,删除长低速记录,0.0,0.0,连续低于10 km/h的记录超过180条
2017-12-21 02:49:55,删除长低速记录,0.0,0.0,连续低于10 km/h的记录超过180条
2017-12-21 02:49:56,删除长低速记录,0.0,0.0,连续低于10 km/h的记录超过180条
2017-12-21 02:49:57,删除长低速记录,0.0,0.0,连续低于10 km/h的记录超过180条
2017-12-21 02:49:58,删除长低速记录,0.0,0.0,连续低于10 km/h的记录超过180条
2017-12-21 02:49:59,删除长低速记录,0.0,0.0,连续低于10 km/h的记录超过180条
2017-12-21 02:50:00,删除长低速记录,0.0,0.0,连续低于10 km/h的记录超过180条
2017-12-21 02:50:01,删除长低速记录,0.0,0.0,连续低于10 km/h的记录超过180条
2017-12-21 02:50:02,删除长低速记录,0.0,0.0,连续低于10 km/h的记录超过180条
2017-12-21 02:50:03,删除长低速记录,0.0,0.0,连续低于10 km/h的记录超过180条
2017-12-21 02:50:04,删除长低速记录,0.0,0.0,连续低于10 km/h的记录超过180条
2017-12-21 02:50:05,删除长低速记录,0.0,0.0,连续低于10 km/h的记录超过180条
2017-12-21 02:50:06,删除长低速记录,0.0,0.0,连续低于10 km/h的记录超过180条
2017-12-21 02:50:07,删除长低速记录,0.0,0.0,连续低于10 km/h的记录超过180条
2017-12-21 02:50:08,删除长低速记录,0.0,0.0,连续低于10 km/h的记录超过180条
2017-12-21 02:50:09,删除长低速记录,0.0,0.0,连续低于10 km/h的记录超过180条
2017-12-21 02:50:10,删除长低速记录,0.0,0.0,连续低于10 km/h的记录超过180条
2017-12-21 02:50:11,删除长低速记录,0.0,0.0,连续低于10 km/h的记录超过180条
2017-12-21 02:50:12,删除长低速记录,0.0,0.0,连续低于10 km/h的记录超过180条
2017-12-21 02:50:13,删除长低速记录,0.0,0.0,连续低于10 km/h的记录超过180条
2017-12-21 02:50:14,删除长低速记录,0.0,0.0,连续低于10 km/h的记录超过180条
2017-12-21 02:50:15,删除长低速记录,0.0,0.0,连续低于10 km/h的记录超过180条
2017-12-21 02:50:16,删除长低速记录,0.0,0.0,连续低于10 km/h的记录超过180条
2017-12-21 02:50:17,删除长低速记录,0.0,0.0,连续低于10 km/h的记录超过180条
2017-12-21 02:50:18,删除长低速记录,0.0,0.0,连续低于10 km/h的记录超过180条
2017-12-21 02:50:19,删除长低速记录,0.0,0.0,连续低于10 km/h的记录超过180条
2017-12-21 02:50:20,删除长低速记录,0.0,0.0,连续低于10 km/h的记录超过180条
2017-12-21 02:50:21,删除长低速记录,0.0,0.0,连续低于10 km/h的记录超过180条
2017-12-21 02:50:22,删除长低速记录,0.0,0.0,连续低于10 km/h的记录超过180条
2017-12-21 02:50:23,删除长低速记录,0.0,0.0,连续低于10 km/h的记录超过180条
2017-12-21 02:50:24,删除长低速记录,0.0,0.0,连续低于10 km/h的记录超过180条
2017-12-21 02:50:25,删除长低速记录,0.0,0.0,连续低于10 km/h的记录超过180条
2017-12-21 02:50:26,删除长低速记录,0.0,0.0,连续低于10 km/h的记录超过180条
2017-12-21 02:50:27,删除长低速记录,0.0,0.0,连续低于10 km/h的记录超过180条
2017-12-21 02:50:28,删除长低速记录,0.0,0.0,连续低于10 km/h的记录超过180条
2017-12-21 02:50:29,删除长低速记录,0.0,0.0,连续低于10 km/h的记录超过180条
2017-12-21 02:50:30,删除长低速记录,0.0,0.0,连续低于10 km/h的记录超过180条
2017-12-21 02:50:31,删除长低速记录,0.0,0.0,连续低于10 km/h的记录超过180条
2017-12-21 02:50:32,删除长低速记录,0.0,0.0,连续低于10 km/h的记录超过180条
2017-12-21 02:50:33,删除长低速记录,0.0,0.0,连续低于10 km/h的记录超过180条
2017-12-21 02:50:34,删除长低速记录,0.0,0.0,连续低于10 km/h的记录超过180条
2017-12-21 02:50:35,删除长低速记录,0.0,0.0,连续低于10 km/h的记录超过180条
2017-12-21 02:50:36,删除长低速记录,0.0,0.0,连续低于10 km/h的记录超过180条
2017-12-21 02:50:37,删除长低速记录,0.0,0.0,连续低于10 km/h的记录超过180条
2017-12-21 02:50:38,删除长低速记录,0.0,0.0,连续低于10 km/h的记录超过180条
2017-12-21 02:50:39,删除长低速记录,0.0,0.0,连续低于10 km/h的记录超过180条
2017-12-21 02:50:40,删除长低速记录,0.0,0.0,连续低于10 km/h的记录超过180条
2017-12-21 02:50:41,删除长低速记录,0.0,0.0,连续低于10 km/h的记录超过180条
2017-12-21 02:50:42,删除长低速记录,0.0,0.0,连续低于10 km/h的记录超过180条
2017-12-21 02:50:43,删除长低速记录,0.0,0.0,连续低于10 km/h的记录超过180条
2017-12-21 02:50:44,删除长低速记录,0.0,0.0,连续低于10 km/h的记录超过180条
2017-12-21 02:50:45,删除长低速记录,0.0,0.0,连续低于10 km/h的记录超过180条
2017-12-21 02:50:46,删除长低速记录,0.0,0.0,连续低于10 km/h的记录超过180条
2017-12-21 02:50:47,删除长低速记录,0.0,0.0,连续低于10 km/h的记录超过180条
2017-12-21 02:50:48,删除长低速记录,0.0,0.0,连续低于10 km/h的记录超过180条
2017-12-21 02:50:49,删除长低速记录,0.0,0.0,连续低于10 km/h的记录超过180条
2017-12-21 02:50:50,删除长低速记录,0.0,0.0,连续低于10 km/h的记录超过180条
2017-12-21 02:50:51,删除长低速记录,0.0,0.0,连续低于10 km/h的记录超过180条
2017-12-21 02:50:52,删除长低速记录,0.0,0.0,连续低于10 km/h的记录超过180条
2017-12-21 02:50:53,删除长低速记录,0.0,0.0,连续低于10 km/h的记录超过180条
2017-12-21 02:50:54,删除长低速记录,0.0,0.0,连续低于10 km/h的记录超过180条
2017-12-21 02:50:55,删除长低速记录,0.0,0.0,连续低于10 km/h的记录超过180条
2017-12-21 02:50:56,删除长低速记录,0.0,0.0,连续低于10 km/h的记录超过180条
2017-12-21 02:50:57,删除长低速记录,0.0,0.0,连续低于10 km/h的记录超过180条
2017-12-21 02:50:58,删除长低速记录,0.0,0.0,连续低于10 km/h的记录超过180条
2017-12-21 02:50:59,删除长低速记录,0.0,0.0,连续低于10 km/h的记录超过180条
2017-12-21 02:51:00,删除长低速记录,0.0,0.0,连续低于10 km/h的记录超过180条
2017-12-21 02:51:01,删除长低速记录,0.0,0.0,连续低于10 km/h的记录超过180条
2017-12-21 02:51:02,删除长低速记录,0.0,0.0,连续低于10 km/h的记录超过180条
2017-12-21 02:51:03,删除长低速记录,0.0,0.0,连续低于10 km/h的记录超过180条
2017-12-21 02:51:04,删除长低速记录,0.0,0.0,连续低于10 km/h的记录超过180条
2017-12-21 02:51:05,删除长低速记录,0.0,0.0,连续低于10 km/h的记录超过180条
2017-12-21 02:51:06,删除长低速记录,0.0,0.0,连续低于10 km/h的记录超过180条
2017-12-21 02:51:07,删除长低速记录,0.0,0.0,连续低于10 km/h的记录超过180条
2017-12-21 02:51:08,删除长低速记录,0.0,0.0,连续低于10 km/h的记录超过180条
2017-12-21 02:51:09,删除长低速记录,0.0,0.0,连续低于10 km/h的记录超过180条
2017-12-21 02:51:10,删除长低速记录,0.0,0.0,连续低于10 km/h的记录超过180条
2017-12-21 02:51:11,删除长低速记录,0.0,0.0,连续低于10 km/h的记录超过180条
2017-12-21 02:51:12,删除长低速记录,0.0,0.0,连续低于10 km/h的记录超过180条
2017-12-21 02:51:13,删除长低速记录,0.0,0.0,连续低于10 km/h的记录超过180条
2017-12-21 02:51:14,删除长低速记录,0.0,0.0,连续低于10 km/h的记录超过180条
2017-12-21 02:51:15,删除长低速记录,0.0,0.0,连续低于10 km/h的记录超过180条
2017-12-21 02:51:16,删除长低速记录,0.0,0.0,连续低于10 km/h的记录超过180条
2017-12-21 02:51:17,删除长低速记录,0.0,0.0,连续低于10 km/h的记录超过180条
2017-12-21 02:51:18,删除长低速记录,0.0,0.0,连续低于10 km/h的记录超过180条
2017-12-21 02:51:19,删除长低速记录,0.0,0.0,连续低于10 km/h的记录超过180条
2017-12-21 02:51:20,删除长低速记录,0.0,0.0,连续低于10 km/h的记录超过180条
2017-12-21 02:51:21,删除长低速记录,0.0,0.0,连续低于10 km/h的记录超过180条
2017-12-21 02:51:22,删除长低速记录,0.0,0.0,连续低于10 km/h的记录超过180条
2017-12-21 02:51:23,删除长低速记录,0.0,0.0,连续低于10 km/h的记录超过180条
2017-12-21 02:51:24,删除长低速记录,0.0,0.0,连续低于10 km/h的记录超过180条
2017-12-21 02:51:25,删除长低速记录,0.0,0.0,连续低于10 km/h的记录超过180条
2017-12-21 02:51:26,删除长低速记录,0.0,0.0,连续低于10 km/h的记录超过180条
2017-12-21 02:51:27,删除长低速记录,0.0,0.0,连续低于10 km/h的记录超过180条
2017-12-21 02:51:28,删除长低速记录,0.0,0.0,连续低于10 km/h的记录超过180条
2017-12-21 02:51:29,删除长低速记录,0.0,0.0,连续低于10 km/h的记录超过180条
2017-12-21 02:51:30,删除长低速记录,0.0,0.0,连续低于10 km/h的记录超过180条
2017-12-21 02:51:31,删除长低速记录,0.0,0.0,连续低于10 km/h的记录超过180条
2017-12-21 02:51:32,删除长低速记录,0.0,0.0,连续低于10 km/h的记录超过180条
2017-12-21 02:51:33,删除长低速记录,0.0,0.0,连续低于10 km/h的记录超过180条
2017-12-21 02:51:34,删除长低速记录,0.0,0.0,连续低于10 km/h的记录超过180条
2017-12-21 02:51:35,删除长低速记录,0.0,0.0,连续低于10 km/h的记录超过180条
2017-12-21 02:51:36,删除长低速记录,0.0,0.0,连续低于10 km/h的记录超过180条
2017-12-21 02:51:37,删除长低速记录,0.0,0.0,连续低于10 km/h的记录超过180条
2017-12-21 02:51:38,删除长低速记录,0.0,0.0,连续低于10 km/h的记录超过180条
2017-12-21 02:51:39,删除长低速记录,0.0,0.0,连续低于10 km/h的记录超过180条
2017-12-21 02:51:40,删除长低速记录,0.0,0.0,连续低于10 km/h的记录超过180条
2017-12-21 02:51:41,删除长低速记录,0.0,0.0,连续低于10 km/h的记录超过180条
2017-12-21 02:51:42,删除长低速记录,0.0,0.0,连续低于10 km/h的记录超过180条
2017-12-21 02:51:43,删除长低速记录,0.0,0.0,连续低于10 km/h的记录超过180条
2017-12-21 02:51:44,删除长低速记录,0.0,0.0,连续低于10 km/h的记录超过180条
2017-12-21 02:51:45,删除长低速记录,0.0,0.0,连续低于10 km/h的记录超过180条
2017-12-21 02:51:46,删除长低速记录,0.0,0.0,连续低于10 km/h的记录超过180条
2017-12-21 02:51:47,删除长低速记录,0.0,0.0,连续低于10 km/h的记录超过180条
2017-12-21 02:51:48,删除长低速记录,0.0,0.0,连续低于10 km/h的记录超过180条
2017-12-21 02:51:49,删除长低速记录,0.0,0.0,连续低于10 km/h的记录超过180条
2017-12-21 02:51:50,删除长低速记录,0.0,0.0,连续低于10 km/h的记录超过180条
2017-12-21 02:51:51,删除长低速记录,0.0,0.0,连续低于10 km/h的记录超过180条
2017-12-21 02:51:52,删除长低速记录,0.0,0.0,连续低于10 km/h的记录超过180条
2017-12-21 02:51:53,删除长低速记录,0.0,0.0,连续低于10 km/h的记录超过180条
2017-12-21 02:51:54,删除长低速记录,0.0,0.0,连续低于10 km/h的记录超过180条
2017-12-21 02:51:55,删除长低速记录,0.0,0.0,连续低于10 km/h的记录超过180条
2017-12-21 02:51:56,删除长低速记录,0.0,0.0,连续低于10 km/h的记录超过180条
2017-12-21 02:51:57,删除长低速记录,0.0,0.0,连续低于10 km/h的记录超过180条
2017-12-21 02:51:58,删除长低速记录,0.0,0.0,连续低于10 km/h的记录超过180条
2017-12-21 02:51:59,删除长低速记录,0.0,0.0,连续低于10 km/h的记录超过180条
2017-12-21 02:52:00,删除长低速记录,0.0,0.0,连续低于10 km/h的记录超过180条
2017-12-21 02:52:01,删除长低速记录,0.0,0.0,连续低于10 km/h的记录超过180条
2017-12-21 02:52:02,删除长低速记录,0.0,0.0,连续低于10 km/h的记录超过180条
2017-12-21 02:52:03,删除长低速记录,0.0,0.0,连续低于10 km/h的记录超过180条
2017-12-21 02:52:04,删除长低速记录,0.0,0.0,连续低于10 km/h的记录超过180条
2017-12-21 02:52:05,删除长低速记录,0.0,0.0,连续低于10 km/h的记录超过180条
2017-12-21 02:52:06,删除长低速记录,0.0,0.0,连续低于10 km/h的记录超过180条
2017-12-21 02:52:07,删除长低速记录,0.0,0.0,连续低于10 km/h的记录超过180条
2017-12-21 02:52:08,删除长低速记录,0.0,0.0,连续低于10 km/h的记录超过180条
2017-12-21 02:52:09,删除长低速记录,0.0,0.0,连续低于10 km/h的记录超过180条
2017-12-21 02:52:10,删除长低速记录,0.0,0.0,连续低于10 km/h的记录超过180条
2017-12-21 02:52:11,删除长低速记录,0.0,0.0,连续低于10 km/h的记录超过180条
2017-12-21 02:52:12,删除长低速记录,0.0,0.0,连续低于10 km/h的记录超过180条
2017-12-21 02:52:13,删除长低速记录,0.0,0.0,连续低于10 km/h的记录超过180条
2017-12-21 02:52:14,删除长低速记录,0.0,0.0,连续低于10 km/h的记录超过180条
2017-12-21 02:52:15,删除长低速记录,0.0,0.0,连续低于10 km/h的记录超过180条
2017-12-21 02:52:16,删除长低速记录,0.0,0.0,连续低于10 km/h的记录超过180条
2017-12-21 02:52:17,删除长低速记录,0.0,0.0,连续低于10 km/h的记录超过180条
2017-12-21 02:52:18,删除长低速记录,0.0,0.0,连续低于10 km/h的记录超过180条
2017-12-21 02:52:19,删除长低速记录,0.0,0.0,连续低于10 km/h的记录超过180条
2017-12-21 02:52:20,删除长低速记录,0.0,0.0,连续低于10 km/h的记录超过180条
2017-12-21 02:52:21,删除长低速记录,0.0,0.0,连续低于10 km/h的记录超过180条
2017-12-21 02:52:22,删除长低速记录,0.0,0.0,连续低于10 km/h的记录超过180条
2017-12-21 02:52:23,删除长低速记录,0.0,0.0,连续低于10 km/h的记录超过180条
2017-12-21 02:52:24,删除长低速记录,0.0,0.0,连续低于10 km/h的记录超过180条
2017-12-21 02:52:25,删除长低速记录,0.0,0.0,连续低于10 km/h的记录超过180条
2017-12-21 02:52:26,删除长低速记录,0.0,0.0,连续低于10 km/h的记录超过180条
2017-12-21 02:52:27,删除长低速记录,0.0,0.0,连续低于10 km/h的记录超过180条
2017-12-21 02:52:28,删除长低速记录,0.0,0.0,连续低于10 km/h的记录超过180条
2017-12-21 02:52:29,删除长低速记录,0.0,0.0,连续低于10 km/h的记录超过180条
2017-12-21 02:52:30,删除长低速记录,0.0,0.0,连续低于10 km/h的记录超过180条
2017-12-21 02:52:31,删除长低速记录,0.0,0.0,连续低于10 km/h的记录超过180条
2017-12-21 02:52:32,删除长低速记录,0.0,0.0,连续低于10 km/h的记录超过180条
2017-12-21 02:52:33,删除长低速记录,0.0,0.0,连续低于10 km/h的记录超过180条
2017-12-21 02:52:34,删除长低速记录,0.0,0.0,连续低于10 km/h的记录超过180条
2017-12-21 02:52:35,删除长低速记录,0.0,0.0,连续低于10 km/h的记录超过180条
2017-12-21 02:52:36,删除长低速记录,0.0,0.0,连续低于10 km/h的记录超过180条
2017-12-21 02:52:37,删除长低速记录,0.0,0.0,连续低于10 km/h的记录超过180条
2017-12-21 02:52:38,删除长低速记录,0.0,0.0,连续低于10 km/h的记录超过180条
2017-12-21 02:52:39,删除长低速记录,0.0,0.0,连续低于10 km/h的记录超过180条
2017-12-21 02:52:40,删除长低速记录,0.0,0.0,连续低于10 km/h的记录超过180条
2017-12-21 02:52:41,删除长低速记录,0.0,0.0,连续低于10 km/h的记录超过180条
2017-12-21 02:52:42,删除长低速记录,0.0,0.0,连续低于10 km/h的记录超过180条
2017-12-21 02:52:43,删除长低速记录,0.0,0.0,连续低于10 km/h的记录超过180条
2017-12-21 02:52:44,删除长低速记录,0.0,0.0,连续低于10 km/h的记录超过180条
2017-12-21 02:52:45,删除长低速记录,0.0,0.0,连续低于10 km/h的记录超过180条
2017-12-21 02:52:46,删除长低速记录,0.0,0.0,连续低于10 km/h的记录超过180条
2017-12-21 02:52:47,删除长低速记录,0.0,0.0,连续低于10 km/h的记录超过180条
2017-12-21 02:52:48,删除长低速记录,0.0,0.0,连续低于10 km/h的记录超过180条
2017-12-21 02:52:49,删除长低速记录,0.0,0.0,连续低于10 km/h的记录超过180条
2017-12-21 02:52:50,删除长低速记录,0.0,0.0,连续低于10 km/h的记录超过180条
2017-12-21 02:52:51,删除长低速记录,0.0,0.0,连续低于10 km/h的记录超过180条
2017-12-21 02:52:52,删除长低速记录,0.0,0.0,连续低于10 km/h的记录超过180条
2017-12-21 02:52:53,删除长低速记录,0.0,0.0,连续低于10 km/h的记录超过180条
2017-12-21 02:52:54,删除长低速记录,0.0,0.0,连续低于10 km/h的记录超过180条
2017-12-21 02:52:55,删除长低速记录,0.0,0.0,连续低于10 km/h的记录超过180条
2017-12-21 02:52:56,删除长低速记录,0.0,0.0,连续低于10 km/h的记录超过180条
2017-12-21 02:52:57,删除长低速记录,0.0,0.0,连续低于10 km/h的记录超过180条
2017-12-21 02:52:58,删除长低速记录,0.0,0.0,连续低于10 km/h的记录超过180条
2017-12-21 02:52:59,删除长低速记录,0.0,0.0,连续低于10 km/h的记录超过180条
2017-12-21 02:53:00,删除长低速记录,0.0,0.0,连续低于10 km/h的记录超过180条
2017-12-21 02:53:01,删除长低速记录,0.0,0.0,连续低于10 km/h的记录超过180条
2017-12-21 02:53:02,删除长低速记录,0.0,0.0,连续低于10 km/h的记录超过180条
2017-12-21 02:53:03,删除长低速记录,0.0,0.0,连续低于10 km/h的记录超过180条
2017-12-21 02:53:04,删除长低速记录,0.0,0.0,连续低于10 km/h的记录超过180条
2017-12-21 02:53:05,删除长低速记录,0.0,0.0,连续低于10 km/h的记录超过180条
2017-12-21 02:53:06,删除长低速记录,0.0,0.0,连续低于10 km/h的记录超过180条
2017-12-21 02:53:07,删除长低速记录,0.0,0.0,连续低于10 km/h的记录超过180条
2017-12-21 02:53:08,删除长低速记录,0.0,0.0,连续低于10 km/h的记录超过180条
2017-12-21 02:53:09,删除长低速记录,0.0,0.0,连续低于10 km/h的记录超过180条
2017-12-21 02:53:10,删除长低速记录,0.0,0.0,连续低于10 km/h的记录超过180条
2017-12-21 02:53:11,删除长低速记录,0.0,0.0,连续低于10 km/h的记录超过180条
2017-12-21 02:53:12,删除长低速记录,0.0,0.0,连续低于10 km/h的记录超过180条
2017-12-21 02:53:13,删除长低速记录,0.0,0.0,连续低于10 km/h的记录超过180条
2017-12-21 02:53:14,删除长低速记录,0.0,0.0,连续低于10 km/h的记录超过180条
2017-12-21 02:53:15,删除长低速记录,0.0,0.0,连续低于10 km/h的记录超过180条
2017-12-21 02:53:16,删除长低速记录,0.0,0.0,连续低于10 km/h的记录超过180条
2017-12-21 02:53:17,删除长低速记录,0.0,0.0,连续低于10 km/h的记录超过180条
2017-12-21 02:53:18,删除长低速记录,0.0,0.0,连续低于10 km/h的记录超过180条
2017-12-21 02:53:19,删除长低速记录,0.0,0.0,连续低于10 km/h的记录超过180条
2017-12-21 02:53:20,删除长低速记录,0.0,0.0,连续低于10 km/h的记录超过180条
2017-12-21 02:53:21,删除长低速记录,0.0,0.0,连续低于10 km/h的记录超过180条
2017-12-21 02:53:22,删除长低速记录,0.0,0.0,连续低于10 km/h的记录超过180条
2017-12-21 02:53:23,删除长低速记录,0.0,0.0,连续低于10 km/h的记录超过180条
2017-12-21 02:53:24,删除长低速记录,0.0,0.0,连续低于10 km/h的记录超过180条
2017-12-21 02:53:25,删除长低速记录,0.0,0.0,连续低于10 km/h的记录超过180条
2017-12-21 02:53:26,删除长低速记录,0.0,0.0,连续低于10 km/h的记录超过180条
2017-12-21 02:53:27,删除长低速记录,0.0,0.0,连续低于10 km/h的记录超过180条
2017-12-21 02:53:28,删除长低速记录,0.0,0.0,连续低于10 km/h的记录超过180条
2017-12-21 02:53:29,删除长低速记录,0.0,0.0,连续低于10 km/h的记录超过180条
2017-12-21 02:53:30,删除长低速记录,0.0,0.0,连续低于10 km/h的记录超过180条
2017-12-21 02:53:31,删除长低速记录,0.0,0.0,连续低于10 km/h的记录超过180条
2017-12-21 02:53:32,删除长低速记录,0.0,0.0,连续低于10 km/h的记录超过180条
2017-12-21 02:53:33,删除长低速记录,0.0,0.0,连续低于10 km/h的记录超过180条
2017-12-21 02:53:34,删除长低速记录,0.0,0.0,连续低于10 km/h的记录超过180条
2017-12-21 02:53:35,删除长低速记录,0.0,0.0,连续低于10 km/h的记录超过180条
2017-12-21 02:53:36,删除长低速记录,0.0,0.0,连续低于10 km/h的记录超过180条
2017-12-21 02:53:37,删除长低速记录,0.0,0.0,连续低于10 km/h的记录超过180条
2017-12-21 02:53:38,删除长低速记录,0.0,0.0,连续低于10 km/h的记录超过180条
2017-12-21 02:53:39,删除长低速记录,0.0,0.0,连续低于10 km/h的记录超过180条
2017-12-21 02:53:40,删除长低速记录,0.0,0.0,连续低于10 km/h的记录超过180条
2017-12-21 02:53:41,删除长低速记录,0.0,0.0,连续低于10 km/h的记录超过180条
2017-12-21 02:53:42,删除长低速记录,0.0,0.0,连续低于10 km/h的记录超过180条
2017-12-21 02:53:43,删除长低速记录,0.0,0.0,连续低于10 km/h的记录超过180条
2017-12-21 02:53:44,删除长低速记录,0.0,0.0,连续低于10 km/h的记录超过180条
2017-12-21 02:53:45,删除长低速记录,0.0,0.0,连续低于10 km/h的记录超过180条
2017-12-21 02:53:46,删除长低速记录,0.0,0.0,连续低于10 km/h的记录超过180条
2017-12-21 02:53:47,删除长低速记录,0.0,0.0,连续低于10 km/h的记录超过180条
2017-12-21 02:53:48,删除长低速记录,0.0,0.0,连续低于10 km/h的记录超过180条
2017-12-21 02:53:49,删除长低速记录,0.0,0.0,连续低于10 km/h的记录超过180条
2017-12-21 02:53:50,删除长低速记录,0.0,0.0,连续低于10 km/h的记录超过180条
2017-12-21 02:53:51,删除长低速记录,0.0,0.0,连续低于10 km/h的记录超过180条
2017-12-21 02:53:52,删除长低速记录,0.0,0.0,连续低于10 km/h的记录超过180条
2017-12-21 02:53:53,删除长低速记录,0.0,0.0,连续低于10 km/h的记录超过180条
2017-12-21 02:53:54,删除长低速记录,0.0,0.0,连续低于10 km/h的记录超过180条
2017-12-21 02:53:55,删除长低速记录,0.0,0.0,连续低于10 km/h的记录超过180条
2017-12-21 02:53:56,删除长低速记录,0.0,0.0,连续低于10 km/h的记录超过180条
2017-12-21 02:53:57,删除长低速记录,0.0,0.0,连续低于10 km/h的记录超过180条
2017-12-21 02:53:58,删除长低速记录,0.0,0.0,连续低于10 km/h的记录超过180条
2017-12-21 02:53:59,删除长低速记录,0.0,0.0,连续低于10 km/h的记录超过180条
2017-12-21 02:54:00,删除长低速记录,0.0,0.0,连续低于10 km/h的记录超过180条
2017-12-21 02:54:01,删除长低速记录,0.0,0.0,连续低于10 km/h的记录超过180条
2017-12-21 02:54:02,删除长低速记录,0.0,0.0,连续低于10 km/h的记录超过180条
2017-12-21 02:54:03,删除长低速记录,0.0,0.0,连续低于10 km/h的记录超过180条
2017-12-21 02:54:04,删除长低速记录,0.0,0.0,连续低于10 km/h的记录超过180条
2017-12-21 02:54:05,删除长低速记录,0.0,0.0,连续低于10 km/h的记录超过180条
2017-12-21 02:54:06,删除长低速记录,0.0,0.0,连续低于10 km/h的记录超过180条
2017-12-21 02:54:07,删除长低速记录,0.0,0.0,连续低于10 km/h的记录超过180条
2017-12-21 02:54:08,删除长低速记录,0.0,0.0,连续低于10 km/h的记录超过180条
2017-12-21 02:54:09,删除长低速记录,0.0,0.0,连续低于10 km/h的记录超过180条
2017-12-21 02:54:10,删除长低速记录,0.0,0.0,连续低于10 km/h的记录超过180条
2017-12-21 02:54:11,删除长低速记录,0.0,0.0,连续低于10 km/h的记录超过180条
2017-12-21 02:54:12,删除长低速记录,0.0,0.0,连续低于10 km/h的记录超过180条
2017-12-21 02:54:13,删除长低速记录,0.0,0.0,连续低于10 km/h的记录超过180条
2017-12-21 02:54:14,删除长低速记录,0.0,0.0,连续低于10 km/h的记录超过180条
2017-12-21 02:54:15,删除长低速记录,0.0,0.0,连续低于10 km/h的记录超过180条
2017-12-21 02:54:16,删除长低速记录,0.0,0.0,连续低于10 km/h的记录超过180条
2017-12-21 02:54:17,删除长低速记录,0.0,0.0,连续低于10 km/h的记录超过180条
2017-12-21 02:54:18,删除长低速记录,0.0,0.0,连续低于10 km/h的记录超过180条
2017-12-21 02:54:19,删除长低速记录,0.0,0.0,连续低于10 km/h的记录超过180条
2017-12-21 02:54:20,删除长低速记录,0.0,0.0,连续低于10 km/h的记录超过180条
2017-12-21 02:54:21,删除长低速记录,0.0,0.0,连续低于10 km/h的记录超过180条
2017-12-21 02:54:22,删除长低速记录,0.0,0.0,连续低于10 km/h的记录超过180条
2017-12-21 02:54:23,删除长低速记录,0.0,0.0,连续低于10 km/h的记录超过180条
2017-12-21 02:54:24,删除长低速记录,0.0,0.0,连续低于10 km/h的记录超过180条
2017-12-21 02:54:25,删除长低速记录,0.0,0.0,连续低于10 km/h的记录超过180条
2017-12-21 02:54:26,删除长低速记录,0.0,0.0,连续低于10 km/h的记录超过180条
2017-12-21 02:54:27,删除长低速记录,0.0,0.0,连续低于10 km/h的记录超过180条
2017-12-21 02:54:28,删除长低速记录,0.0,0.0,连续低于10 km/h的记录超过180条
2017-12-21 02:54:29,删除长低速记录,0.0,0.0,连续低于10 km/h的记录超过180条
2017-12-21 02:54:30,删除长低速记录,0.0,0.0,连续低于10 km/h的记录超过180条
2017-12-21 02:54:31,删除长低速记录,0.0,0.0,连续低于10 km/h的记录超过180条
2017-12-21 02:54:32,删除长低速记录,0.0,0.0,连续低于10 km/h的记录超过180条
2017-12-21 02:54:33,删除长低速记录,0.0,0.0,连续低于10 km/h的记录超过180条
2017-12-21 02:54:34,删除长低速记录,0.0,0.0,连续低于10 km/h的记录超过180条
2017-12-21 02:54:35,删除长低速记录,0.0,0.0,连续低于10 km/h的记录超过180条
2017-12-21 02:54:36,删除长低速记录,0.0,0.0,连续低于10 km/h的记录超过180条
2017-12-21 02:54:37,删除长低速记录,0.0,0.0,连续低于10 km/h的记录超过180条
2017-12-21 02:54:38,删除长低速记录,0.0,0.0,连续低于10 km/h的记录超过180条
2017-12-21 02:54:39,删除长低速记录,0.0,0.0,连续低于10 km/h的记录超过180条
2017-12-21 02:54:40,删除长低速记录,0.0,0.0,连续低于10 km/h的记录超过180条
2017-12-21 02:54:41,删除长低速记录,0.0,0.0,连续低于10 km/h的记录超过180条
2017-12-21 02:54:42,删除长低速记录,0.0,0.0,连续低于10 km/h的记录超过180条
2017-12-21 02:54:43,删除长低速记录,0.0,0.0,连续低于10 km/h的记录超过180条
2017-12-21 02:54:44,删除长低速记录,0.0,0.0,连续低于10 km/h的记录超过180条
2017-12-21 02:54:45,删除长低速记录,0.0,0.0,连续低于10 km/h的记录超过180条
2017-12-21 02:54:46,删除长低速记录,0.0,0.0,连续低于10 km/h的记录超过180条
2017-12-21 02:54:47,删除长低速记录,0.0,0.0,连续低于10 km/h的记录超过180条
2017-12-21 02:54:48,删除长低速记录,0.0,0.0,连续低于10 km/h的记录超过180条
2017-12-21 02:54:49,删除长低速记录,0.0,0.0,连续低于10 km/h的记录超过180条
2017-12-21 02:54:50,删除长低速记录,0.0,0.0,连续低于10 km/h的记录超过180条
2017-12-21 02:54:51,删除长低速记录,0.0,0.0,连续低于10 km/h的记录超过180条
2017-12-21 02:54:52,删除长低速记录,0.0,0.0,连续低于10 km/h的记录超过180条
2017-12-21 02:54:53,删除长低速记录,0.0,0.0,连续低于10 km/h的记录超过180条
2017-12-21 02:54:54,删除长低速记录,0.0,0.0,连续低于10 km/h的记录超过180条
2017-12-21 02:54:55,删除长低速记录,0.0,0.0,连续低于10 km/h的记录超过180条
2017-12-21 02:54:56,删除长低速记录,0.0,0.0,连续低于10 km/h的记录超过180条
2017-12-21 02:54:57,删除长低速记录,0.0,0.0,连续低于10 km/h的记录超过180条
2017-12-21 02:54:58,删除长低速记录,0.0,0.0,连续低于10 km/h的记录超过180条
2017-12-21 02:54:59,删除长低速记录,0.0,0.0,连续低于10 km/h的记录超过180条
2017-12-21 02:55:00,删除长低速记录,0.0,0.0,连续低于10 km/h的记录超过180条
2017-12-21 02:55:01,删除长低速记录,0.0,0.0,连续低于10 km/h的记录超过180条
2017-12-21 02:55:02,删除长低速记录,0.0,0.0,连续低于10 km/h的记录超过180条
2017-12-21 02:55:03,删除长低速记录,0.0,0.0,连续低于10 km/h的记录超过180条
2017-12-21 02:55:04,删除长低速记录,0.0,0.0,连续低于10 km/h的记录超过180条
2017-12-21 02:55:05,删除长低速记录,0.0,0.0,连续低于10 km/h的记录超过180条
2017-12-21 02:55:06,删除长低速记录,0.0,0.0,连续低于10 km/h的记录超过180条
2017-12-21 02:55:07,删除长低速记录,0.0,0.0,连续低于10 km/h的记录超过180条
2017-12-21 02:55:08,删除长低速记录,0.0,0.0,连续低于10 km/h的记录超过180条
2017-12-21 02:55:09,删除长低速记录,0.0,0.0,连续低于10 km/h的记录超过180条
2017-12-21 02:55:10,删除长低速记录,0.0,0.0,连续低于10 km/h的记录超过180条
2017-12-21 02:55:11,删除长低速记录,0.0,0.0,连续低于10 km/h的记录超过180条
2017-12-21 02:55:12,删除长低速记录,0.0,0.0,连续低于10 km/h的记录超过180条
2017-12-21 02:55:13,删除长低速记录,0.0,0.0,连续低于10 km/h的记录超过180条
2017-12-21 02:55:14,删除长低速记录,0.0,0.0,连续低于10 km/h的记录超过180条
2017-12-21 02:55:15,删除长低速记录,0.0,0.0,连续低于10 km/h的记录超过180条
2017-12-21 02:55:16,删除长低速记录,0.0,0.0,连续低于10 km/h的记录超过180条
2017-12-21 02:55:17,删除长低速记录,0.0,0.0,连续低于10 km/h的记录超过180条
2017-12-21 02:55:18,删除长低速记录,0.0,0.0,连续低于10 km/h的记录超过180条
2017-12-21 02:55:19,删除长低速记录,0.0,0.0,连续低于10 km/h的记录超过180条
2017-12-21 02:55:20,删除长低速记录,0.0,0.0,连续低于10 km/h的记录超过180条
2017-12-21 02:55:21,删除长低速记录,0.0,0.0,连续低于10 km/h的记录超过180条
2017-12-21 02:55:22,删除长低速记录,0.0,0.0,连续低于10 km/h的记录超过180条
2017-12-21 02:55:23,删除长低速记录,0.0,0.0,连续低于10 km/h的记录超过180条
2017-12-21 02:55:24,删除长低速记录,0.0,0.0,连续低于10 km/h的记录超过180条
2017-12-21 02:55:25,删除长低速记录,0.0,0.0,连续低于10 km/h的记录超过180条
2017-12-21 02:55:26,删除长低速记录,0.0,0.0,连续低于10 km/h的记录超过180条
2017-12-21 02:55:27,删除长低速记录,0.0,0.0,连续低于10 km/h的记录超过180条
2017-12-21 02:55:28,删除长低速记录,0.0,0.0,连续低于10 km/h的记录超过180条
2017-12-21 02:55:29,删除长低速记录,0.0,0.0,连续低于10 km/h的记录超过180条
2017-12-21 02:55:30,删除长低速记录,0.0,0.0,连续低于10 km/h的记录超过180条
2017-12-21 02:55:31,删除长低速记录,0.0,0.0,连续低于10 km/h的记录超过180条
2017-12-21 02:55:32,删除长低速记录,0.0,0.0,连续低于10 km/h的记录超过180条
2017-12-21 02:55:33,删除长低速记录,0.0,0.0,连续低于10 km/h的记录超过180条
2017-12-21 02:55:34,删除长低速记录,0.0,0.0,连续低于10 km/h的记录超过180条
2017-12-21 02:55:35,删除长低速记录,0.0,0.0,连续低于10 km/h的记录超过180条
2017-12-21 02:55:36,删除长低速记录,0.0,0.0,连续低于10 km/h的记录超过180条
2017-12-21 02:55:37,删除长低速记录,0.0,0.0,连续低于10 km/h的记录超过180条
2017-12-21 02:55:38,删除长低速记录,0.0,0.0,连续低于10 km/h的记录超过180条
2017-12-21 02:55:39,删除长低速记录,0.0,0.0,连续低于10 km/h的记录超过180条
2017-12-21 02:55:40,删除长低速记录,0.0,0.0,连续低于10 km/h的记录超过180条
2017-12-21 02:55:41,删除长低速记录,0.0,0.0,连续低于10 km/h的记录超过180条
2017-12-21 02:55:42,删除长低速记录,0.0,0.0,连续低于10 km/h的记录超过180条
2017-12-21 02:55:43,删除长低速记录,0.0,0.0,连续低于10 km/h的记录超过180条
2017-12-21 02:55:44,删除长低速记录,0.0,0.0,连续低于10 km/h的记录超过180条
2017-12-21 02:55:45,删除长低速记录,0.0,0.0,连续低于10 km/h的记录超过180条
2017-12-21 02:55:46,删除长低速记录,0.0,0.0,连续低于10 km/h的记录超过180条
2017-12-21 02:55:47,删除长低速记录,0.0,0.0,连续低于10 km/h的记录超过180条
2017-12-21 02:55:48,删除长低速记录,0.0,0.0,连续低于10 km/h的记录超过180条
2017-12-21 02:55:49,删除长低速记录,0.0,0.0,连续低于10 km/h的记录超过180条
2017-12-21 02:55:50,删除长低速记录,0.0,0.0,连续低于10 km/h的记录超过180条
2017-12-21 02:55:51,删除长低速记录,0.0,0.0,连续低于10 km/h的记录超过180条
2017-12-21 02:55:52,删除长低速记录,0.0,0.0,连续低于10 km/h的记录超过180条
2017-12-21 02:55:53,删除长低速记录,0.0,0.0,连续低于10 km/h的记录超过180条
2017-12-21 02:55:54,删除长低速记录,0.0,0.0,连续低于10 km/h的记录超过180条
2017-12-21 02:55:55,删除长低速记录,0.0,0.0,连续低于10 km/h的记录超过180条
2017-12-21 02:55:56,删除长低速记录,0.0,0.0,连续低于10 km/h的记录超过180条
2017-12-21 02:55:57,删除长低速记录,0.0,0.0,连续低于10 km/h的记录超过180条
2017-12-21 02:55:58,删除长低速记录,0.0,0.0,连续低于10 km/h的记录超过180条
2017-12-21 02:55:59,删除长低速记录,0.0,0.0,连续低于10 km/h的记录超过180条
2017-12-21 02:56:00,删除长低速记录,0.0,0.0,连续低于10 km/h的记录超过180条
2017-12-21 02:56:01,删除长低速记录,0.0,0.0,连续低于10 km/h的记录超过180条
2017-12-21 02:56:02,删除长低速记录,0.0,0.0,连续低于10 km/h的记录超过180条
2017-12-21 02:56:03,删除长低速记录,0.0,0.0,连续低于10 km/h的记录超过180条
2017-12-21 02:56:04,删除长低速记录,0.0,0.0,连续低于10 km/h的记录超过180条
2017-12-21 02:56:05,删除长低速记录,0.0,0.0,连续低于10 km/h的记录超过180条
2017-12-21 02:56:06,删除长低速记录,0.0,0.0,连续低于10 km/h的记录超过180条
2017-12-21 02:56:07,删除长低速记录,0.0,0.0,连续低于10 km/h的记录超过180条
2017-12-21 02:56:08,删除长低速记录,0.0,0.0,连续低于10 km/h的记录超过180条
2017-12-21 02:56:09,删除长低速记录,0.0,0.0,连续低于10 km/h的记录超过180条
2017-12-21 02:56:10,删除长低速记录,0.0,0.0,连续低于10 km/h的记录超过180条
2017-12-21 02:56:11,删除长低速记录,0.0,0.0,连续低于10 km/h的记录超过180条
2017-12-21 02:56:12,删除长低速记录,0.0,0.0,连续低于10 km/h的记录超过180条
2017-12-21 02:56:13,删除长低速记录,0.0,0.0,连续低于10 km/h的记录超过180条
2017-12-21 02:56:14,删除长低速记录,0.0,0.0,连续低于10 km/h的记录超过180条
2017-12-21 02:56:15,删除长低速记录,0.0,0.0,连续低于10 km/h的记录超过180条
2017-12-21 02:56:16,删除长低速记录,0.0,0.0,连续低于10 km/h的记录超过180条
2017-12-21 02:56:17,删除长低速记录,0.0,0.0,连续低于10 km/h的记录超过180条
2017-12-21 02:56:18,删除长低速记录,0.0,0.0,连续低于10 km/h的记录超过180条
2017-12-21 02:56:19,删除长低速记录,0.0,0.0,连续低于10 km/h的记录超过180条
2017-12-21 02:56:20,删除长低速记录,0.0,0.0,连续低于10 km/h的记录超过180条
2017-12-21 02:56:21,删除长低速记录,0.0,0.0,连续低于10 km/h的记录超过180条
2017-12-21 02:56:22,删除长低速记录,0.0,0.0,连续低于10 km/h的记录超过180条
2017-12-21 02:56:23,删除长低速记录,0.0,0.0,连续低于10 km/h的记录超过180条
2017-12-21 02:56:24,删除长低速记录,0.0,0.0,连续低于10 km/h的记录超过180条
2017-12-21 02:56:25,删除长低速记录,0.0,0.0,连续低于10 km/h的记录超过180条
2017-12-21 02:56:26,删除长低速记录,0.0,0.0,连续低于10 km/h的记录超过180条
2017-12-21 02:56:27,删除长低速记录,0.0,0.0,连续低于10 km/h的记录超过180条
2017-12-21 02:56:28,删除长低速记录,0.0,0.0,连续低于10 km/h的记录超过180条
2017-12-21 02:56:29,删除长低速记录,0.0,0.0,连续低于10 km/h的记录超过180条
2017-12-21 02:56:30,删除长低速记录,0.0,0.0,连续低于10 km/h的记录超过180条
2017-12-21 02:56:31,删除长低速记录,0.0,0.0,连续低于10 km/h的记录超过180条
2017-12-21 02:56:32,删除长低速记录,0.0,0.0,连续低于10 km/h的记录超过180条
2017-12-21 02:56:33,删除长低速记录,0.0,0.0,连续低于10 km/h的记录超过180条
2017-12-21 02:56:34,删除长低速记录,0.0,0.0,连续低于10 km/h的记录超过180条
2017-12-21 02:56:35,删除长低速记录,0.0,0.0,连续低于10 km/h的记录超过180条
2017-12-21 02:56:36,删除长低速记录,0.0,0.0,连续低于10 km/h的记录超过180条
2017-12-21 02:56:37,删除长低速记录,0.0,0.0,连续低于10 km/h的记录超过180条
2017-12-21 02:56:38,删除长低速记录,0.0,0.0,连续低于10 km/h的记录超过180条
2017-12-21 02:56:39,删除长低速记录,0.0,0.0,连续低于10 km/h的记录超过180条
2017-12-21 02:56:40,删除长低速记录,0.0,0.0,连续低于10 km/h的记录超过180条
2017-12-21 02:56:41,删除长低速记录,0.0,0.0,连续低于10 km/h的记录超过180条
2017-12-21 02:56:42,删除长低速记录,0.0,0.0,连续低于10 km/h的记录超过180条
2017-12-21 02:56:43,删除长低速记录,0.0,0.0,连续低于10 km/h的记录超过180条
2017-12-21 02:56:44,删除长低速记录,0.0,0.0,连续低于10 km/h的记录超过180条
2017-12-21 02:56:45,删除长低速记录,0.0,0.0,连续低于10 km/h的记录超过180条
2017-12-21 02:56:46,删除长低速记录,0.0,0.0,连续低于10 km/h的记录超过180条
2017-12-21 02:56:47,删除长低速记录,0.0,0.0,连续低于10 km/h的记录超过180条
2017-12-21 02:56:48,删除长低速记录,0.0,0.0,连续低于10 km/h的记录超过180条
2017-12-21 02:56:49,删除长低速记录,0.0,0.0,连续低于10 km/h的记录超过180条
2017-12-21 02:56:50,删除长低速记录,0.0,0.0,连续低于10 km/h的记录超过180条
2017-12-21 02:56:51,删除长低速记录,0.0,0.0,连续低于10 km/h的记录超过180条
2017-12-21 02:56:52,删除长低速记录,0.0,0.0,连续低于10 km/h的记录超过180条
2017-12-21 02:56:53,删除长低速记录,0.0,0.0,连续低于10 km/h的记录超过180条
2017-12-21 02:56:54,删除长低速记录,0.0,0.0,连续低于10 km/h的记录超过180条
2017-12-21 02:56:55,删除长低速记录,0.0,0.0,连续低于10 km/h的记录超过180条
2017-12-21 02:56:56,删除长低速记录,0.0,0.0,连续低于10 km/h的记录超过180条
2017-12-21 02:56:57,删除长低速记录,0.0,0.0,连续低于10 km/h的记录超过180条
2017-12-21 02:56:58,删除长低速记录,0.0,0.0,连续低于10 km/h的记录超过180条
2017-12-21 02:56:59,删除长低速记录,0.0,0.0,连续低于10 km/h的记录超过180条
2017-12-21 02:57:00,删除长低速记录,0.0,0.0,连续低于10 km/h的记录超过180条
2017-12-21 02:57:01,删除长低速记录,0.0,0.0,连续低于10 km/h的记录超过180条
2017-12-21 02:57:02,删除长低速记录,0.0,0.0,连续低于10 km/h的记录超过180条
2017-12-21 02:57:03,删除长低速记录,0.0,0.0,连续低于10 km/h的记录超过180条
2017-12-21 02:57:04,删除长低速记录,0.0,0.0,连续低于10 km/h的记录超过180条
2017-12-21 02:57:05,删除长低速记录,0.0,0.0,连续低于10 km/h的记录超过180条
2017-12-21 02:57:06,删除长低速记录,0.0,0.0,连续低于10 km/h的记录超过180条
2017-12-21 02:57:07,删除长低速记录,0.0,0.0,连续低于10 km/h的记录超过180条
2017-12-21 02:57:08,删除长低速记录,0.0,0.0,连续低于10 km/h的记录超过180条
2017-12-21 02:57:09,删除长低速记录,0.0,0.0,连续低于10 km/h的记录超过180条
2017-12-21 02:57:10,删除长低速记录,0.0,0.0,连续低于10 km/h的记录超过180条
2017-12-21 02:57:11,删除长低速记录,0.0,0.0,连续低于10 km/h的记录超过180条
2017-12-21 02:57:12,删除长低速记录,0.0,0.0,连续低于10 km/h的记录超过180条
2017-12-21 02:57:13,删除长低速记录,0.0,0.0,连续低于10 km/h的记录超过180条
2017-12-21 02:57:14,删除长低速记录,0.0,0.0,连续低于10 km/h的记录超过180条
2017-12-21 02:57:15,删除长低速记录,0.0,0.0,连续低于10 km/h的记录超过180条
2017-12-21 02:57:16,删除长低速记录,0.0,0.0,连续低于10 km/h的记录超过180条
2017-12-21 02:57:17,删除长低速记录,0.0,0.0,连续低于10 km/h的记录超过180条
2017-12-21 02:57:18,删除长低速记录,0.0,0.0,连续低于10 km/h的记录超过180条
2017-12-21 02:57:19,删除长低速记录,0.0,0.0,连续低于10 km/h的记录超过180条
2017-12-21 02:57:20,删除长低速记录,0.0,0.0,连续低于10 km/h的记录超过180条
2017-12-21 02:57:21,删除长低速记录,0.0,0.0,连续低于10 km/h的记录超过180条
2017-12-21 02:57:22,删除长低速记录,0.0,0.0,连续低于10 km/h的记录超过180条
2017-12-21 02:57:23,删除长低速记录,0.0,0.0,连续低于10 km/h的记录超过180条
2017-12-21 02:57:24,删除长低速记录,0.0,0.0,连续低于10 km/h的记录超过180条
2017-12-21 02:57:25,删除长低速记录,0.0,0.0,连续低于10 km/h的记录超过180条
2017-12-21 02:57:26,删除长低速记录,0.0,0.0,连续低于10 km/h的记录超过180条
2017-12-21 02:57:27,删除长低速记录,0.0,0.0,连续低于10 km/h的记录超过180条
2017-12-21 02:57:28,删除长低速记录,0.0,0.0,连续低于10 km/h的记录超过180条
2017-12-21 02:57:29,删除长低速记录,0.0,0.0,连续低于10 km/h的记录超过180条
2017-12-21 02:57:30,删除长低速记录,0.0,0.0,连续低于10 km/h的记录超过180条
2017-12-21 02:57:31,删除长低速记录,0.0,0.0,连续低于10 km/h的记录超过180条
2017-12-21 02:57:32,删除长低速记录,0.0,0.0,连续低于10 km/h的记录超过180条
2017-12-21 02:57:33,删除长低速记录,0.0,0.0,连续低于10 km/h的记录超过180条
2017-12-21 02:57:34,删除长低速记录,0.0,0.0,连续低于10 km/h的记录超过180条
2017-12-21 02:57:35,删除长低速记录,0.0,0.0,连续低于10 km/h的记录超过180条
2017-12-21 02:57:36,删除长低速记录,0.0,0.0,连续低于10 km/h的记录超过180条
2017-12-21 02:57:37,删除长低速记录,0.0,0.0,连续低于10 km/h的记录超过180条
2017-12-21 02:57:38,删除长低速记录,0.0,0.0,连续低于10 km/h的记录超过180条
2017-12-21 02:57:39,删除长低速记录,0.0,0.0,连续低于10 km/h的记录超过180条
2017-12-21 02:57:40,删除长低速记录,0.0,0.0,连续低于10 km/h的记录超过180条
2017-12-21 02:57:41,删除长低速记录,0.0,0.0,连续低于10 km/h的记录超过180条
2017-12-21 02:57:42,删除长低速记录,0.0,0.0,连续低于10 km/h的记录超过180条
2017-12-21 02:57:43,删除长低速记录,0.0,0.0,连续低于10 km/h的记录超过180条
2017-12-21 02:57:44,删除长低速记录,0.0,0.0,连续低于10 km/h的记录超过180条
2017-12-21 02:57:45,删除长低速记录,0.0,0.0,连续低于10 km/h的记录超过180条
2017-12-21 02:57:46,删除长低速记录,0.0,0.0,连续低于10 km/h的记录超过180条
2017-12-21 02:57:47,删除长低速记录,0.0,0.0,连续低于10 km/h的记录超过180条
2017-12-21 02:57:48,删除长低速记录,0.0,0.0,连续低于10 km/h的记录超过180条
2017-12-21 02:57:49,删除长低速记录,0.0,0.0,连续低于10 km/h的记录超过180条
2017-12-21 02:57:50,删除长低速记录,0.0,0.0,连续低于10 km/h的记录超过180条
2017-12-21 02:57:51,删除长低速记录,0.0,0.0,连续低于10 km/h的记录超过180条
2017-12-21 02:57:52,删除长低速记录,0.0,0.0,连续低于10 km/h的记录超过180条
2017-12-21 02:57:53,删除长低速记录,0.0,0.0,连续低于10 km/h的记录超过180条
2017-12-21 02:57:54,删除长低速记录,0.0,0.0,连续低于10 km/h的记录超过180条
2017-12-21 02:57:55,删除长低速记录,0.0,0.0,连续低于10 km/h的记录超过180条
2017-12-21 02:57:56,删除长低速记录,0.0,0.0,连续低于10 km/h的记录超过180条
2017-12-21 02:57:57,删除长低速记录,0.0,0.0,连续低于10 km/h的记录超过180条
2017-12-21 02:57:58,删除长低速记录,0.0,0.0,连续低于10 km/h的记录超过180条
2017-12-21 02:57:59,删除长低速记录,0.0,0.0,连续低于10 km/h的记录超过180条
2017-12-21 02:58:00,删除长低速记录,0.0,0.0,连续低于10 km/h的记录超过180条
2017-12-21 02:58:01,删除长低速记录,0.0,0.0,连续低于10 km/h的记录超过180条
2017-12-21 02:58:02,删除长低速记录,0.0,0.0,连续低于10 km/h的记录超过180条
2017-12-21 02:58:03,删除长低速记录,0.0,0.0,连续低于10 km/h的记录超过180条
2017-12-21 02:58:04,删除长低速记录,0.0,0.0,连续低于10 km/h的记录超过180条
2017-12-21 02:58:05,删除长低速记录,0.0,0.0,连续低于10 km/h的记录超过180条
2017-12-21 02:58:06,删除长低速记录,0.0,0.0,连续低于10 km/h的记录超过180条
2017-12-21 02:58:07,删除长低速记录,0.0,0.0,连续低于10 km/h的记录超过180条
2017-12-21 02:58:08,删除长低速记录,0.0,0.0,连续低于10 km/h的记录超过180条
2017-12-21 02:58:09,删除长低速记录,0.0,0.0,连续低于10 km/h的记录超过180条
2017-12-21 02:58:10,删除长低速记录,0.0,0.0,连续低于10 km/h的记录超过180条
2017-12-21 02:58:11,删除长低速记录,0.0,0.0,连续低于10 km/h的记录超过180条
2017-12-21 02:58:12,删除长低速记录,0.0,0.0,连续低于10 km/h的记录超过180条
2017-12-21 02:58:13,删除长低速记录,0.0,0.0,连续低于10 km/h的记录超过180条
2017-12-21 02:58:14,删除长低速记录,0.0,0.0,连续低于10 km/h的记录超过180条
2017-12-21 02:58:15,删除长低速记录,0.0,0.0,连续低于10 km/h的记录超过180条
2017-12-21 02:58:16,删除长低速记录,0.0,0.0,连续低于10 km/h的记录超过180条
2017-12-21 02:58:17,删除长低速记录,0.0,0.0,连续低于10 km/h的记录超过180条
2017-12-21 02:58:18,删除长低速记录,0.0,0.0,连续低于10 km/h的记录超过180条
2017-12-21 02:58:19,删除长低速记录,0.0,0.0,连续低于10 km/h的记录超过180条
2017-12-21 02:58:20,删除长低速记录,0.0,0.0,连续低于10 km/h的记录超过180条
2017-12-21 02:58:21,删除长低速记录,0.0,0.0,连续低于10 km/h的记录超过180条
2017-12-21 02:58:22,删除长低速记录,0.0,0.0,连续低于10 km/h的记录超过180条
2017-12-21 02:58:23,删除长低速记录,0.0,0.0,连续低于10 km/h的记录超过180条
2017-12-21 02:58:24,删除长低速记录,0.0,0.0,连续低于10 km/h的记录超过180条
2017-12-21 02:58:25,删除长低速记录,0.0,0.0,连续低于10 km/h的记录超过180条
2017-12-21 02:58:26,删除长低速记录,0.0,0.0,连续低于10 km/h的记录超过180条
2017-12-21 02:58:27,删除长低速记录,0.0,0.0,连续低于10 km/h的记录超过180条
2017-12-21 02:58:28,删除长低速记录,0.0,0.0,连续低于10 km/h的记录超过180条
2017-12-21 02:58:29,删除长低速记录,0.0,0.0,连续低于10 km/h的记录超过180条
2017-12-21 02:58:30,删除长低速记录,0.0,0.0,连续低于10 km/h的记录超过180条
2017-12-21 02:58:31,删除长低速记录,0.0,0.0,连续低于10 km/h的记录超过180条
2017-12-21 02:58:32,删除长低速记录,0.0,0.0,连续低于10 km/h的记录超过180条
2017-12-21 02:58:33,删除长低速记录,0.0,0.0,连续低于10 km/h的记录超过180条
2017-12-21 02:58:34,删除长低速记录,0.0,0.0,连续低于10 km/h的记录超过180条
2017-12-21 02:58:35,删除长低速记录,0.0,0.0,连续低于10 km/h的记录超过180条
2017-12-21 02:58:36,删除长低速记录,0.0,0.0,连续低于10 km/h的记录超过180条
2017-12-21 02:58:37,删除长低速记录,0.0,0.0,连续低于10 km/h的记录超过180条
2017-12-21 02:58:38,删除长低速记录,0.0,0.0,连续低于10 km/h的记录超过180条
2017-12-21 02:58:39,删除长低速记录,0.0,0.0,连续低于10 km/h的记录超过180条
2017-12-21 02:58:40,删除长低速记录,0.0,0.0,连续低于10 km/h的记录超过180条
2017-12-21 02:58:41,删除长低速记录,0.0,0.0,连续低于10 km/h的记录超过180条
2017-12-21 02:58:42,删除长低速记录,0.0,0.0,连续低于10 km/h的记录超过180条
2017-12-21 02:58:43,删除长低速记录,0.0,0.0,连续低于10 km/h的记录超过180条
2017-12-21 02:58:44,删除长低速记录,0.0,0.0,连续低于10 km/h的记录超过180条
2017-12-21 02:58:45,删除长低速记录,0.0,0.0,连续低于10 km/h的记录超过180条
2017-12-21 02:58:46,删除长低速记录,0.0,0.0,连续低于10 km/h的记录超过180条
2017-12-21 02:58:47,删除长低速记录,0.0,0.0,连续低于10 km/h的记录超过180条
2017-12-21 02:58:48,删除长低速记录,0.0,0.0,连续低于10 km/h的记录超过180条
2017-12-21 02:58:49,删除长低速记录,0.0,0.0,连续低于10 km/h的记录超过180条
2017-12-21 02:58:50,删除长低速记录,0.0,0.0,连续低于10 km/h的记录超过180条
2017-12-21 02:58:51,删除长低速记录,0.0,0.0,连续低于10 km/h的记录超过180条
2017-12-21 02:58:52,删除长低速记录,0.0,0.0,连续低于10 km/h的记录超过180条
2017-12-21 02:58:53,删除长低速记录,0.0,0.0,连续低于10 km/h的记录超过180条
2017-12-21 02:58:54,删除长低速记录,0.0,0.0,连续低于10 km/h的记录超过180条
2017-12-21 02:58:55,删除长低速记录,0.0,0.0,连续低于10 km/h的记录超过180条
2017-12-21 02:58:56,删除长低速记录,0.0,0.0,连续低于10 km/h的记录超过180条
2017-12-21 02:58:57,删除长低速记录,0.0,0.0,连续低于10 km/h的记录超过180条
2017-12-21 02:58:58,删除长低速记录,0.0,0.0,连续低于10 km/h的记录超过180条
2017-12-21 02:58:59,删除长低速记录,0.0,0.0,连续低于10 km/h的记录超过180条
2017-12-21 02:59:00,删除长低速记录,0.0,0.0,连续低于10 km/h的记录超过180条
2017-12-21 02:59:01,删除长低速记录,0.0,0.0,连续低于10 km/h的记录超过180条
2017-12-21 02:59:02,删除长低速记录,0.0,0.0,连续低于10 km/h的记录超过180条
2017-12-21 02:59:03,删除长低速记录,0.0,0.0,连续低于10 km/h的记录超过180条
2017-12-21 02:59:04,删除长低速记录,0.0,0.0,连续低于10 km/h的记录超过180条
2017-12-21 02:59:05,删除长低速记录,0.0,0.0,连续低于10 km/h的记录超过180条
2017-12-21 02:59:06,删除长低速记录,0.0,0.0,连续低于10 km/h的记录超过180条
2017-12-21 02:59:07,删除长低速记录,0.0,0.0,连续低于10 km/h的记录超过180条
2017-12-21 02:59:08,删除长低速记录,0.0,0.0,连续低于10 km/h的记录超过180条
2017-12-21 02:59:09,删除长低速记录,0.0,0.0,连续低于10 km/h的记录超过180条
2017-12-21 02:59:10,删除长低速记录,0.0,0.0,连续低于10 km/h的记录超过180条
2017-12-21 02:59:11,删除长低速记录,0.0,0.0,连续低于10 km/h的记录超过180条
2017-12-21 02:59:12,删除长低速记录,0.0,0.0,连续低于10 km/h的记录超过180条
2017-12-21 02:59:13,删除长低速记录,0.0,0.0,连续低于10 km/h的记录超过180条
2017-12-21 02:59:14,删除长低速记录,0.0,0.0,连续低于10 km/h的记录超过180条
2017-12-21 02:59:15,删除长低速记录,0.0,0.0,连续低于10 km/h的记录超过180条
2017-12-21 02:59:16,删除长低速记录,0.0,0.0,连续低于10 km/h的记录超过180条
2017-12-21 02:59:17,删除长低速记录,0.0,0.0,连续低于10 km/h的记录超过180条
2017-12-21 02:59:18,删除长低速记录,0.0,0.0,连续低于10 km/h的记录超过180条
2017-12-21 02:59:19,删除长低速记录,0.0,0.0,连续低于10 km/h的记录超过180条
2017-12-21 02:59:20,删除长低速记录,0.0,0.0,连续低于10 km/h的记录超过180条
2017-12-21 02:59:21,删除长低速记录,0.0,0.0,连续低于10 km/h的记录超过180条
2017-12-21 02:59:22,删除长低速记录,0.0,0.0,连续低于10 km/h的记录超过180条
2017-12-21 02:59:23,删除长低速记录,0.0,0.0,连续低于10 km/h的记录超过180条
2017-12-21 02:59:24,删除长低速记录,0.0,0.0,连续低于10 km/h的记录超过180条
2017-12-21 02:59:25,删除长低速记录,0.0,0.0,连续低于10 km/h的记录超过180条
2017-12-21 02:59:26,删除长低速记录,0.0,0.0,连续低于10 km/h的记录超过180条
2017-12-21 02:59:27,删除长低速记录,0.0,0.0,连续低于10 km/h的记录超过180条
2017-12-21 02:59:28,删除长低速记录,0.0,0.0,连续低于10 km/h的记录超过180条
2017-12-21 02:59:29,删除长低速记录,0.0,0.0,连续低于10 km/h的记录超过180条
2017-12-21 02:59:30,删除长低速记录,0.0,0.0,连续低于10 km/h的记录超过180条
2017-12-21 02:59:31,删除长低速记录,0.0,0.0,连续低于10 km/h的记录超过180条
2017-12-21 02:59:32,删除长低速记录,0.0,0.0,连续低于10 km/h的记录超过180条
2017-12-21 02:59:33,删除长低速记录,0.0,0.0,连续低于10 km/h的记录超过180条
2017-12-21 02:59:34,删除长低速记录,0.0,0.0,连续低于10 km/h的记录超过180条
2017-12-21 02:59:35,删除长低速记录,0.0,0.0,连续低于10 km/h的记录超过180条
2017-12-21 02:59:36,删除长低速记录,0.0,0.0,连续低于10 km/h的记录超过180条
2017-12-21 02:59:37,删除长低速记录,0.0,0.0,连续低于10 km/h的记录超过180条
2017-12-21 02:59:38,删除长低速记录,0.0,0.0,连续低于10 km/h的记录超过180条
2017-12-21 02:59:39,删除长低速记录,0.0,0.0,连续低于10 km/h的记录超过180条
2017-12-21 02:59:40,删除长低速记录,0.0,0.0,连续低于10 km/h的记录超过180条
2017-12-21 02:59:41,删除长低速记录,0.0,0.0,连续低于10 km/h的记录超过180条
2017-12-21 02:59:42,删除长低速记录,0.0,0.0,连续低于10 km/h的记录超过180条
2017-12-21 02:59:43,删除长低速记录,0.0,0.0,连续低于10 km/h的记录超过180条
2017-12-21 02:59:44,删除长低速记录,0.0,0.0,连续低于10 km/h的记录超过180条
2017-12-21 02:59:45,删除长低速记录,0.0,0.0,连续低于10 km/h的记录超过180条
2017-12-21 02:59:46,删除长低速记录,0.0,0.0,连续低于10 km/h的记录超过180条
2017-12-21 02:59:47,删除长低速记录,0.0,0.0,连续低于10 km/h的记录超过180条
2017-12-21 02:59:48,删除长低速记录,0.0,0.0,连续低于10 km/h的记录超过180条
2017-12-21 02:59:49,删除长低速记录,0.0,0.0,连续低于10 km/h的记录超过180条
2017-12-21 02:59:50,删除长低速记录,0.0,0.0,连续低于10 km/h的记录超过180条
2017-12-21 02:59:51,删除长低速记录,0.0,0.0,连续低于10 km/h的记录超过180条
2017-12-21 02:59:52,删除长低速记录,0.0,0.0,连续低于10 km/h的记录超过180条
2017-12-21 02:59:53,删除长低速记录,0.0,0.0,连续低于10 km/h的记录超过180条
2017-12-21 02:59:54,删除长低速记录,0.0,0.0,连续低于10 km/h的记录超过180条
2017-12-21 02:59:55,删除长低速记录,0.0,0.0,连续低于10 km/h的记录超过180条
2017-12-21 02:59:56,删除长低速记录,0.0,0.0,连续低于10 km/h的记录超过180条
2017-12-21 02:59:57,删除长低速记录,0.0,0.0,连续低于10 km/h的记录超过180条
2017-12-21 02:59:58,删除长低速记录,0.0,0.0,连续低于10 km/h的记录超过180条
2017-12-21 02:59:59,删除长低速记录,0.0,0.0,连续低于10 km/h的记录超过180条
2017-12-21 03:00:00,删除长低速记录,0.0,0.0,连续低于10 km/h的记录超过180条
2017-12-21 03:00:01,删除长低速记录,0.0,0.0,连续低于10 km/h的记录超过180条
2017-12-21 03:00:02,删除长低速记录,0.0,0.0,连续低于10 km/h的记录超过180条
2017-12-21 03:00:03,删除长低速记录,0.0,0.0,连续低于10 km/h的记录超过180条
2017-12-21 03:00:04,删除长低速记录,0.0,0.0,连续低于10 km/h的记录超过180条
2017-12-21 03:00:05,删除长低速记录,0.0,0.0,连续低于10 km/h的记录超过180条
2017-12-21 03:00:06,删除长低速记录,0.0,0.0,连续低于10 km/h的记录超过180条
2017-12-21 03:00:07,删除长低速记录,0.0,0.0,连续低于10 km/h的记录超过180条
2017-12-21 03:00:08,删除长低速记录,0.0,0.0,连续低于10 km/h的记录超过180条
2017-12-21 03:00:09,删除长低速记录,0.0,0.0,连续低于10 km/h的记录超过180条
2017-12-21 03:00:10,删除长低速记录,0.0,0.0,连续低于10 km/h的记录超过180条
2017-12-21 03:00:11,删除长低速记录,0.0,0.0,连续低于10 km/h的记录超过180条
2017-12-21 03:00:12,删除长低速记录,0.0,0.0,连续低于10 km/h的记录超过180条
2017-12-21 03:00:13,删除长低速记录,0.0,0.0,连续低于10 km/h的记录超过180条
2017-12-21 03:00:14,删除长低速记录,0.0,0.0,连续低于10 km/h的记录超过180条
2017-12-21 03:00:15,删除长低速记录,0.0,0.0,连续低于10 km/h的记录超过180条
2017-12-21 03:00:16,删除长低速记录,0.0,0.0,连续低于10 km/h的记录超过180条
2017-12-21 03:00:17,删除长低速记录,0.0,0.0,连续低于10 km/h的记录超过180条
2017-12-21 03:00:18,删除长低速记录,0.0,0.0,连续低于10 km/h的记录超过180条
2017-12-21 03:00:19,删除长低速记录,0.0,0.0,连续低于10 km/h的记录超过180条
2017-12-21 03:00:20,删除长低速记录,0.0,0.0,连续低于10 km/h的记录超过180条
2017-12-21 03:00:21,删除长低速记录,0.0,0.0,连续低于10 km/h的记录超过180条
2017-12-21 03:00:22,删除长低速记录,0.0,0.0,连续低于10 km/h的记录超过180条
2017-12-21 03:00:23,删除长低速记录,0.0,0.0,连续低于10 km/h的记录超过180条
2017-12-21 03:00:24,删除长低速记录,0.0,0.0,连续低于10 km/h的记录超过180条
2017-12-21 03:00:25,删除长低速记录,0.0,0.0,连续低于10 km/h的记录超过180条
2017-12-21 03:00:26,删除长低速记录,0.0,0.0,连续低于10 km/h的记录超过180条
2017-12-21 03:00:27,删除长低速记录,0.0,0.0,连续低于10 km/h的记录超过180条
2017-12-21 03:00:28,删除长低速记录,0.0,0.0,连续低于10 km/h的记录超过180条
2017-12-21 03:00:29,删除长低速记录,0.0,0.0,连续低于10 km/h的记录超过180条
2017-12-21 03:00:30,删除长低速记录,0.0,0.0,连续低于10 km/h的记录超过180条
2017-12-21 03:00:31,删除长低速记录,0.0,0.0,连续低于10 km/h的记录超过180条
2017-12-21 03:00:32,删除长低速记录,0.0,0.0,连续低于10 km/h的记录超过180条
2017-12-21 03:00:33,删除长低速记录,0.0,0.0,连续低于10 km/h的记录超过180条
2017-12-21 03:00:34,删除长低速记录,0.0,0.0,连续低于10 km/h的记录超过180条
2017-12-21 03:00:35,删除长低速记录,0.0,0.0,连续低于10 km/h的记录超过180条
2017-12-21 03:00:36,删除长低速记录,0.0,0.0,连续低于10 km/h的记录超过180条
2017-12-21 03:00:37,删除长低速记录,0.0,0.0,连续低于10 km/h的记录超过180条
2017-12-21 03:00:38,删除长低速记录,0.0,0.0,连续低于10 km/h的记录超过180条
2017-12-21 03:00:39,删除长低速记录,0.0,0.0,连续低于10 km/h的记录超过180条
2017-12-21 03:00:40,删除长低速记录,0.0,0.0,连续低于10 km/h的记录超过180条
2017-12-21 03:00:41,删除长低速记录,0.0,0.0,连续低于10 km/h的记录超过180条
2017-12-21 03:00:42,删除长低速记录,0.0,0.0,连续低于10 km/h的记录超过180条
2017-12-21 03:00:43,删除长低速记录,0.0,0.0,连续低于10 km/h的记录超过180条
2017-12-21 03:00:44,删除长低速记录,0.0,0.0,连续低于10 km/h的记录超过180条
2017-12-21 03:00:45,删除长低速记录,0.0,0.0,连续低于10 km/h的记录超过180条
2017-12-21 03:00:46,删除长低速记录,0.0,0.0,连续低于10 km/h的记录超过180条
2017-12-21 03:00:47,删除长低速记录,0.0,0.0,连续低于10 km/h的记录超过180条
2017-12-21 03:00:48,删除长低速记录,0.0,0.0,连续低于10 km/h的记录超过180条
2017-12-21 03:00:49,删除长低速记录,0.0,0.0,连续低于10 km/h的记录超过180条
2017-12-21 03:00:50,删除长低速记录,0.0,0.0,连续低于10 km/h的记录超过180条
2017-12-21 03:00:51,删除长低速记录,0.0,0.0,连续低于10 km/h的记录超过180条
2017-12-21 03:00:52,删除长低速记录,0.0,0.0,连续低于10 km/h的记录超过180条
2017-12-21 03:00:53,删除长低速记录,0.0,0.0,连续低于10 km/h的记录超过180条
2017-12-21 03:00:54,删除长低速记录,0.0,0.0,连续低于10 km/h的记录超过180条
2017-12-21 03:00:55,删除长低速记录,0.0,0.0,连续低于10 km/h的记录超过180条
2017-12-21 03:00:56,删除长低速记录,0.0,0.0,连续低于10 km/h的记录超过180条
2017-12-21 03:00:57,删除长低速记录,0.0,0.0,连续低于10 km/h的记录超过180条
2017-12-21 03:00:58,删除长低速记录,0.0,0.0,连续低于10 km/h的记录超过180条
2017-12-21 03:00:59,删除长低速记录,0.0,0.0,连续低于10 km/h的记录超过180条
2017-12-21 03:01:00,删除长低速记录,0.0,0.0,连续低于10 km/h的记录超过180条
2017-12-21 03:01:01,删除长低速记录,0.0,0.0,连续低于10 km/h的记录超过180条
2017-12-21 03:01:02,删除长低速记录,0.0,0.0,连续低于10 km/h的记录超过180条
2017-12-21 03:01:03,删除长低速记录,0.0,0.0,连续低于10 km/h的记录超过180条
2017-12-21 03:01:04,删除长低速记录,0.0,0.0,连续低于10 km/h的记录超过180条
2017-12-21 03:01:05,删除长低速记录,0.0,0.0,连续低于10 km/h的记录超过180条
2017-12-21 03:01:06,删除长低速记录,0.0,0.0,连续低于10 km/h的记录超过180条
2017-12-21 03:01:07,删除长低速记录,0.0,0.0,连续低于10 km/h的记录超过180条
2017-12-21 03:01:08,删除长低速记录,0.0,0.0,连续低于10 km/h的记录超过180条
2017-12-21 03:01:09,删除长低速记录,0.0,0.0,连续低于10 km/h的记录超过180条
2017-12-21 03:01:10,删除长低速记录,0.0,0.0,连续低于10 km/h的记录超过180条
2017-12-21 03:01:11,删除长低速记录,0.0,0.0,连续低于10 km/h的记录超过180条
2017-12-21 03:01:12,删除长低速记录,0.0,0.0,连续低于10 km/h的记录超过180条
2017-12-21 03:01:13,删除长低速记录,0.0,0.0,连续低于10 km/h的记录超过180条
2017-12-21 03:01:14,删除长低速记录,0.0,0.0,连续低于10 km/h的记录超过180条
2017-12-21 03:01:15,删除长低速记录,0.0,0.0,连续低于10 km/h的记录超过180条
2017-12-21 03:01:16,删除长低速记录,0.0,0.0,连续低于10 km/h的记录超过180条
2017-12-21 03:01:17,删除长低速记录,0.0,0.0,连续低于10 km/h的记录超过180条
2017-12-21 03:01:18,删除长低速记录,0.0,0.0,连续低于10 km/h的记录超过180条
2017-12-21 03:01:19,删除长低速记录,0.0,0.0,连续低于10 km/h的记录超过180条
2017-12-21 03:01:20,删除长低速记录,0.0,0.0,连续低于10 km/h的记录超过180条
2017-12-21 03:01:21,删除长低速记录,0.0,0.0,连续低于10 km/h的记录超过180条
2017-12-21 03:01:22,删除长低速记录,0.0,0.0,连续低于10 km/h的记录超过180条
2017-12-21 03:01:23,删除长低速记录,0.0,0.0,连续低于10 km/h的记录超过180条
2017-12-21 03:01:24,删除长低速记录,0.0,0.0,连续低于10 km/h的记录超过180条
2017-12-21 03:01:25,删除长低速记录,0.0,0.0,连续低于10 km/h的记录超过180条
2017-12-21 03:01:26,删除长低速记录,0.0,0.0,连续低于10 km/h的记录超过180条
2017-12-21 03:01:27,删除长低速记录,0.0,0.0,连续低于10 km/h的记录超过180条
2017-12-21 03:01:28,删除长低速记录,0.0,0.0,连续低于10 km/h的记录超过180条
2017-12-21 03:01:29,删除长低速记录,0.0,0.0,连续低于10 km/h的记录超过180条
2017-12-21 03:01:30,删除长低速记录,0.0,0.0,连续低于10 km/h的记录超过180条
2017-12-21 03:01:31,删除长低速记录,0.0,0.0,连续低于10 km/h的记录超过180条
2017-12-21 03:01:32,删除长低速记录,0.0,0.0,连续低于10 km/h的记录超过180条
2017-12-21 03:01:33,删除长低速记录,0.0,0.0,连续低于10 km/h的记录超过180条
2017-12-21 03:01:34,删除长低速记录,0.0,0.0,连续低于10 km/h的记录超过180条
2017-12-21 03:01:35,删除长低速记录,0.0,0.0,连续低于10 km/h的记录超过180条
2017-12-21 03:01:36,删除长低速记录,0.0,0.0,连续低于10 km/h的记录超过180条
2017-12-21 03:01:37,删除长低速记录,0.0,0.0,连续低于10 km/h的记录超过180条
2017-12-21 03:01:38,删除长低速记录,0.0,0.0,连续低于10 km/h的记录超过180条
2017-12-21 03:01:39,删除长低速记录,0.0,0.0,连续低于10 km/h的记录超过180条
2017-12-21 03:01:40,删除长低速记录,0.0,0.0,连续低于10 km/h的记录超过180条
2017-12-21 03:01:41,删除长低速记录,0.0,0.0,连续低于10 km/h的记录超过180条
2017-12-21 03:01:42,删除长低速记录,0.0,0.0,连续低于10 km/h的记录超过180条
2017-12-21 03:01:43,删除长低速记录,0.0,0.0,连续低于10 km/h的记录超过180条
2017-12-21 03:01:44,删除长低速记录,0.0,0.0,连续低于10 km/h的记录超过180条
2017-12-21 03:01:45,删除长低速记录,0.0,0.0,连续低于10 km/h的记录超过180条
2017-12-21 03:01:46,删除长低速记录,0.0,0.0,连续低于10 km/h的记录超过180条
2017-12-21 03:01:47,删除长低速记录,0.0,0.0,连续低于10 km/h的记录超过180条
2017-12-21 03:01:48,删除长低速记录,0.0,0.0,连续低于10 km/h的记录超过180条
2017-12-21 03:01:49,删除长低速记录,0.0,0.0,连续低于10 km/h的记录超过180条
2017-12-21 03:01:50,删除长低速记录,0.0,0.0,连续低于10 km/h的记录超过180条
2017-12-21 03:01:51,删除长低速记录,0.0,0.0,连续低于10 km/h的记录超过180条
2017-12-21 03:01:52,删除长低速记录,0.0,0.0,连续低于10 km/h的记录超过180条
2017-12-21 03:01:53,删除长低速记录,0.0,0.0,连续低于10 km/h的记录超过180条
2017-12-21 03:01:54,删除长低速记录,0.0,0.0,连续低于10 km/h的记录超过180条
2017-12-21 03:01:55,删除长低速记录,0.0,0.0,连续低于10 km/h的记录超过180条
2017-12-21 03:01:56,删除长低速记录,0.0,0.0,连续低于10 km/h的记录超过180条
2017-12-21 03:01:57,删除长低速记录,0.0,0.0,连续低于10 km/h的记录超过180条
2017-12-21 03:01:58,删除长低速记录,0.0,0.0,连续低于10 km/h的记录超过180条
2017-12-21 03:01:59,删除长低速记录,0.0,0.0,连续低于10 km/h的记录超过180条
2017-12-21 03:02:00,删除长低速记录,0.0,0.0,连续低于10 km/h的记录超过180条
2017-12-21 03:02:01,删除长低速记录,0.0,0.0,连续低于10 km/h的记录超过180条
2017-12-21 03:02:02,删除长低速记录,0.0,0.0,连续低于10 km/h的记录超过180条
2017-12-21 03:02:03,删除长低速记录,0.0,0.0,连续低于10 km/h的记录超过180条
2017-12-21 03:02:04,删除长低速记录,0.0,0.0,连续低于10 km/h的记录超过180条
2017-12-21 03:02:05,删除长低速记录,0.0,0.0,连续低于10 km/h的记录超过180条
2017-12-21 03:02:06,删除长低速记录,0.0,0.0,连续低于10 km/h的记录超过180条
2017-12-21 03:02:07,删除长低速记录,0.0,0.0,连续低于10 km/h的记录超过180条
2017-12-21 03:02:08,删除长低速记录,0.0,0.0,连续低于10 km/h的记录超过180条
2017-12-21 03:02:09,删除长低速记录,0.0,0.0,连续低于10 km/h的记录超过180条
2017-12-21 03:02:10,删除长低速记录,0.0,0.0,连续低于10 km/h的记录超过180条
2017-12-21 03:02:11,删除长低速记录,0.0,0.0,连续低于10 km/h的记录超过180条
2017-12-21 03:02:12,删除长低速记录,0.0,0.0,连续低于10 km/h的记录超过180条
2017-12-21 03:02:13,删除长低速记录,0.0,0.0,连续低于10 km/h的记录超过180条
2017-12-21 03:02:14,删除长低速记录,0.0,0.0,连续低于10 km/h的记录超过180条
2017-12-21 03:02:15,删除长低速记录,0.0,0.0,连续低于10 km/h的记录超过180条
2017-12-21 03:02:16,删除长低速记录,0.0,0.0,连续低于10 km/h的记录超过180条
2017-12-21 03:02:17,删除长低速记录,0.0,0.0,连续低于10 km/h的记录超过180条
2017-12-21 03:02:18,删除长低速记录,0.0,0.0,连续低于10 km/h的记录超过180条
2017-12-21 03:02:19,删除长低速记录,0.0,0.0,连续低于10 km/h的记录超过180条
2017-12-21 03:02:20,删除长低速记录,0.0,0.0,连续低于10 km/h的记录超过180条
2017-12-21 03:02:21,删除长低速记录,0.0,0.0,连续低于10 km/h的记录超过180条
2017-12-21 03:02:22,删除长低速记录,0.0,0.0,连续低于10 km/h的记录超过180条
2017-12-21 03:02:23,删除长低速记录,0.0,0.0,连续低于10 km/h的记录超过180条
2017-12-21 03:02:24,删除长低速记录,0.0,0.0,连续低于10 km/h的记录超过180条
2017-12-21 03:02:25,删除长低速记录,0.0,0.0,连续低于10 km/h的记录超过180条
2017-12-21 03:02:26,删除长低速记录,0.0,0.0,连续低于10 km/h的记录超过180条
2017-12-21 03:02:27,删除长低速记录,0.0,0.0,连续低于10 km/h的记录超过180条
2017-12-21 03:02:28,删除长低速记录,0.0,0.0,连续低于10 km/h的记录超过180条
2017-12-21 03:02:29,删除长低速记录,0.0,0.0,连续低于10 km/h的记录超过180条
2017-12-21 03:02:30,删除长低速记录,0.0,0.0,连续低于10 km/h的记录超过180条
2017-12-21 03:02:31,删除长低速记录,0.0,0.0,连续低于10 km/h的记录超过180条
2017-12-21 03:02:32,删除长低速记录,0.0,0.0,连续低于10 km/h的记录超过180条
2017-12-21 03:02:33,删除长低速记录,0.0,0.0,连续低于10 km/h的记录超过180条
2017-12-21 03:02:34,删除长低速记录,0.0,0.0,连续低于10 km/h的记录超过180条
2017-12-21 03:02:35,删除长低速记录,0.0,0.0,连续低于10 km/h的记录超过180条
2017-12-21 03:02:36,删除长低速记录,0.0,0.0,连续低于10 km/h的记录超过180条
2017-12-21 03:02:37,删除长低速记录,0.0,0.0,连续低于10 km/h的记录超过180条
2017-12-21 03:02:38,删除长低速记录,0.0,0.0,连续低于10 km/h的记录超过180条
2017-12-21 03:02:39,删除长低速记录,0.0,0.0,连续低于10 km/h的记录超过180条
2017-12-21 03:02:40,删除长低速记录,0.0,0.0,连续低于10 km/h的记录超过180条
2017-12-21 03:02:41,删除长低速记录,0.0,0.0,连续低于10 km/h的记录超过180条
2017-12-21 03:02:42,删除长低速记录,0.0,0.0,连续低于10 km/h的记录超过180条
2017-12-21 03:02:43,删除长低速记录,0.0,0.0,连续低于10 km/h的记录超过180条
2017-12-21 03:02:44,删除长低速记录,0.0,0.0,连续低于10 km/h的记录超过180条
2017-12-21 03:02:45,删除长低速记录,0.0,0.0,连续低于10 km/h的记录超过180条
2017-12-21 03:02:46,删除长低速记录,0.0,0.0,连续低于10 km/h的记录超过180条
2017-12-21 03:02:47,删除长低速记录,0.0,0.0,连续低于10 km/h的记录超过180条
2017-12-21 03:02:48,删除长低速记录,0.0,0.0,连续低于10 km/h的记录超过180条
2017-12-21 03:02:49,删除长低速记录,0.0,0.0,连续低于10 km/h的记录超过180条
2017-12-21 03:02:50,删除长低速记录,0.0,0.0,连续低于10 km/h的记录超过180条
2017-12-21 03:02:51,删除长低速记录,0.0,0.0,连续低于10 km/h的记录超过180条
2017-12-21 03:02:52,删除长低速记录,0.0,0.0,连续低于10 km/h的记录超过180条
2017-12-21 03:02:53,删除长低速记录,0.0,0.0,连续低于10 km/h的记录超过180条
2017-12-21 03:02:54,删除长低速记录,0.0,0.0,连续低于10 km/h的记录超过180条
2017-12-21 03:02:55,删除长低速记录,0.0,0.0,连续低于10 km/h的记录超过180条
2017-12-21 03:02:56,删除长低速记录,0.0,0.0,连续低于10 km/h的记录超过180条
2017-12-21 03:02:57,删除长低速记录,0.0,0.0,连续低于10 km/h的记录超过180条
2017-12-21 03:02:58,删除长低速记录,0.0,0.0,连续低于10 km/h的记录超过180条
2017-12-21 03:02:59,删除长低速记录,0.0,0.0,连续低于10 km/h的记录超过180条
2017-12-21 03:03:00,删除长低速记录,0.0,0.0,连续低于10 km/h的记录超过180条
2017-12-21 03:03:01,删除长低速记录,0.0,0.0,连续低于10 km/h的记录超过180条
2017-12-21 03:03:02,删除长低速记录,0.0,0.0,连续低于10 km/h的记录超过180条
2017-12-21 03:03:03,删除长低速记录,0.0,0.0,连续低于10 km/h的记录超过180条
2017-12-21 03:03:04,删除长低速记录,0.0,0.0,连续低于10 km/h的记录超过180条
2017-12-21 03:03:05,删除长低速记录,0.0,0.0,连续低于10 km/h的记录超过180条
2017-12-21 03:03:06,删除长低速记录,0.0,0.0,连续低于10 km/h的记录超过180条
2017-12-21 03:03:07,删除长低速记录,0.0,0.0,连续低于10 km/h的记录超过180条
2017-12-21 03:03:08,删除长低速记录,0.0,0.0,连续低于10 km/h的记录超过180条
2017-12-21 03:03:09,删除长低速记录,0.0,0.0,连续低于10 km/h的记录超过180条
2017-12-21 03:03:10,删除长低速记录,0.0,0.0,连续低于10 km/h的记录超过180条
2017-12-21 03:03:11,删除长低速记录,0.0,0.0,连续低于10 km/h的记录超过180条
2017-12-21 03:03:12,删除长低速记录,0.0,0.0,连续低于10 km/h的记录超过180条
2017-12-21 03:03:13,删除长低速记录,0.0,0.0,连续低于10 km/h的记录超过180条
2017-12-21 03:03:14,删除长低速记录,0.0,0.0,连续低于10 km/h的记录超过180条
2017-12-21 03:03:15,删除长低速记录,0.0,0.0,连续低于10 km/h的记录超过180条
2017-12-21 03:03:16,删除长低速记录,0.0,0.0,连续低于10 km/h的记录超过180条
2017-12-21 03:03:17,删除长低速记录,0.0,0.0,连续低于10 km/h的记录超过180条
2017-12-21 03:03:18,删除长低速记录,0.0,0.0,连续低于10 km/h的记录超过180条
2017-12-21 03:03:19,删除长低速记录,0.0,0.0,连续低于10 km/h的记录超过180条
2017-12-21 03:03:20,删除长低速记录,0.0,0.0,连续低于10 km/h的记录超过180条
2017-12-21 03:03:21,删除长低速记录,0.0,0.0,连续低于10 km/h的记录超过180条
2017-12-21 03:03:22,删除长低速记录,0.0,0.0,连续低于10 km/h的记录超过180条
2017-12-21 03:03:23,删除长低速记录,0.0,0.0,连续低于10 km/h的记录超过180条
2017-12-21 03:03:24,删除长低速记录,0.0,0.0,连续低于10 km/h的记录超过180条
2017-12-21 03:03:25,删除长低速记录,0.0,0.0,连续低于10 km/h的记录超过180条
2017-12-21 03:03:26,删除长低速记录,0.0,0.0,连续低于10 km/h的记录超过180条
2017-12-21 03:03:27,删除长低速记录,0.0,0.0,连续低于10 km/h的记录超过180条
2017-12-21 03:03:28,删除长低速记录,0.0,0.0,连续低于10 km/h的记录超过180条
2017-12-21 03:03:29,删除长低速记录,0.0,0.0,连续低于10 km/h的记录超过180条
2017-12-21 03:03:30,删除长低速记录,0.0,0.0,连续低于10 km/h的记录超过180条
2017-12-21 03:03:31,删除长低速记录,0.0,0.0,连续低于10 km/h的记录超过180条
2017-12-21 03:03:32,删除长低速记录,0.0,0.0,连续低于10 km/h的记录超过180条
2017-12-21 03:03:33,删除长低速记录,0.0,0.0,连续低于10 km/h的记录超过180条
2017-12-21 03:03:34,删除长低速记录,0.0,0.0,连续低于10 km/h的记录超过180条
2017-12-21 03:03:35,删除长低速记录,0.0,0.0,连续低于10 km/h的记录超过180条
2017-12-21 03:03:36,删除长低速记录,0.0,0.0,连续低于10 km/h的记录超过180条
2017-12-21 03:03:37,删除长低速记录,0.0,0.0,连续低于10 km/h的记录超过180条
2017-12-21 03:03:38,删除长低速记录,0.0,0.0,连续低于10 km/h的记录超过180条
2017-12-21 03:03:39,删除长低速记录,0.0,0.0,连续低于10 km/h的记录超过180条
2017-12-21 03:03:40,删除长低速记录,0.0,0.0,连续低于10 km/h的记录超过180条
2017-12-21 03:03:41,删除长低速记录,0.0,0.0,连续低于10 km/h的记录超过180条
2017-12-21 03:03:42,删除长低速记录,0.0,0.0,连续低于10 km/h的记录超过180条
2017-12-21 03:03:43,删除长低速记录,0.0,0.0,连续低于10 km/h的记录超过180条
2017-12-21 03:03:44,删除长低速记录,0.0,0.0,连续低于10 km/h的记录超过180条
2017-12-21 03:03:45,删除长低速记录,0.0,0.0,连续低于10 km/h的记录超过180条
2017-12-21 03:03:46,删除长低速记录,0.0,0.0,连续低于10 km/h的记录超过180条
2017-12-21 03:03:47,删除长低速记录,0.0,0.0,连续低于10 km/h的记录超过180条
2017-12-21 03:03:48,删除长低速记录,0.0,0.0,连续低于10 km/h的记录超过180条
2017-12-21 03:03:49,删除长低速记录,0.0,0.0,连续低于10 km/h的记录超过180条
2017-12-21 03:03:50,删除长低速记录,0.0,0.0,连续低于10 km/h的记录超过180条
2017-12-21 03:03:51,删除长低速记录,0.0,0.0,连续低于10 km/h的记录超过180条
2017-12-21 03:03:52,删除长低速记录,0.0,0.0,连续低于10 km/h的记录超过180条
2017-12-21 03:03:53,删除长低速记录,0.0,0.0,连续低于10 km/h的记录超过180条
2017-12-21 03:03:54,删除长低速记录,0.0,0.0,连续低于10 km/h的记录超过180条
2017-12-21 03:03:55,删除长低速记录,0.0,0.0,连续低于10 km/h的记录超过180条
2017-12-21 03:03:56,删除长低速记录,0.0,0.0,连续低于10 km/h的记录超过180条
2017-12-21 03:03:57,删除长低速记录,0.0,0.0,连续低于10 km/h的记录超过180条
2017-12-21 03:03:58,删除长低速记录,0.0,0.0,连续低于10 km/h的记录超过180条
2017-12-21 03:03:59,删除长低速记录,0.0,0.0,连续低于10 km/h的记录超过180条
2017-12-21 03:04:00,删除长低速记录,0.0,0.0,连续低于10 km/h的记录超过180条
2017-12-21 03:04:01,删除长低速记录,0.0,0.0,连续低于10 km/h的记录超过180条
2017-12-21 03:04:02,删除长低速记录,0.0,0.0,连续低于10 km/h的记录超过180条
2017-12-21 03:04:03,删除长低速记录,0.0,0.0,连续低于10 km/h的记录超过180条
2017-12-21 03:04:04,删除长低速记录,0.0,0.0,连续低于10 km/h的记录超过180条
2017-12-21 03:04:05,删除长低速记录,0.0,0.0,连续低于10 km/h的记录超过180条
2017-12-21 03:04:06,删除长低速记录,0.0,0.0,连续低于10 km/h的记录超过180条
2017-12-21 03:04:07,删除长低速记录,0.0,0.0,连续低于10 km/h的记录超过180条
2017-12-21 03:04:08,删除长低速记录,0.0,0.0,连续低于10 km/h的记录超过180条
2017-12-21 03:04:09,删除长低速记录,0.0,0.0,连续低于10 km/h的记录超过180条
2017-12-21 03:04:10,删除长低速记录,0.0,0.0,连续低于10 km/h的记录超过180条
2017-12-21 03:04:11,删除长低速记录,0.0,0.0,连续低于10 km/h的记录超过180条
2017-12-21 03:04:12,删除长低速记录,0.0,0.0,连续低于10 km/h的记录超过180条
2017-12-21 03:04:13,删除长低速记录,0.0,0.0,连续低于10 km/h的记录超过180条
2017-12-21 03:04:14,删除长低速记录,0.0,0.0,连续低于10 km/h的记录超过180条
2017-12-21 03:04:15,删除长低速记录,0.0,0.0,连续低于10 km/h的记录超过180条
2017-12-21 03:04:16,删除长低速记录,0.0,0.0,连续低于10 km/h的记录超过180条
2017-12-21 03:04:17,删除长低速记录,0.0,0.0,连续低于10 km/h的记录超过180条
2017-12-21 03:04:18,删除长低速记录,0.0,0.0,连续低于10 km/h的记录超过180条
2017-12-21 03:04:19,删除长低速记录,0.0,0.0,连续低于10 km/h的记录超过180条
2017-12-21 03:04:20,删除长低速记录,0.0,0.0,连续低于10 km/h的记录超过180条
2017-12-21 03:04:21,删除长低速记录,0.0,0.0,连续低于10 km/h的记录超过180条
2017-12-21 03:04:22,删除长低速记录,0.0,0.0,连续低于10 km/h的记录超过180条
2017-12-21 03:04:23,删除长低速记录,0.0,0.0,连续低于10 km/h的记录超过180条
2017-12-21 03:04:24,删除长低速记录,0.0,0.0,连续低于10 km/h的记录超过180条
2017-12-21 03:04:25,删除长低速记录,0.0,0.0,连续低于10 km/h的记录超过180条
2017-12-21 03:04:26,删除长低速记录,0.0,0.0,连续低于10 km/h的记录超过180条
2017-12-21 03:04:27,删除长低速记录,0.0,0.0,连续低于10 km/h的记录超过180条
2017-12-21 03:04:28,删除长低速记录,0.0,0.0,连续低于10 km/h的记录超过180条
2017-12-21 03:04:29,删除长低速记录,0.0,0.0,连续低于10 km/h的记录超过180条
2017-12-21 03:04:30,删除长低速记录,0.0,0.0,连续低于10 km/h的记录超过180条
2017-12-21 03:04:31,删除长低速记录,0.0,0.0,连续低于10 km/h的记录超过180条
2017-12-21 03:04:32,删除长低速记录,0.0,0.0,连续低于10 km/h的记录超过180条
2017-12-21 03:04:33,删除长低速记录,0.0,0.0,连续低于10 km/h的记录超过180条
2017-12-21 03:04:34,删除长低速记录,0.0,0.0,连续低于10 km/h的记录超过180条
2017-12-21 03:04:35,删除长低速记录,0.0,0.0,连续低于10 km/h的记录超过180条
2017-12-21 03:04:36,删除长低速记录,0.0,0.0,连续低于10 km/h的记录超过180条
2017-12-21 03:04:37,删除长低速记录,0.0,0.0,连续低于10 km/h的记录超过180条
2017-12-21 03:04:38,删除长低速记录,0.0,0.0,连续低于10 km/h的记录超过180条
2017-12-21 03:04:39,删除长低速记录,0.0,0.0,连续低于10 km/h的记录超过180条
2017-12-21 03:04:40,删除长低速记录,0.0,0.0,连续低于10 km/h的记录超过180条
2017-12-21 03:04:41,删除长低速记录,0.0,0.0,连续低于10 km/h的记录超过180条
2017-12-21 03:04:42,删除长低速记录,0.0,0.0,连续低于10 km/h的记录超过180条
2017-12-21 03:04:43,删除长低速记录,0.0,0.0,连续低于10 km/h的记录超过180条
2017-12-21 03:04:44,删除长低速记录,0.0,0.0,连续低于10 km/h的记录超过180条
2017-12-21 03:04:45,删除长低速记录,0.0,0.0,连续低于10 km/h的记录超过180条
2017-12-21 03:04:46,删除长低速记录,0.0,0.0,连续低于10 km/h的记录超过180条
2017-12-21 03:04:47,删除长低速记录,0.0,0.0,连续低于10 km/h的记录超过180条
2017-12-21 03:04:48,删除长低速记录,0.0,0.0,连续低于10 km/h的记录超过180条
2017-12-21 03:04:49,删除长低速记录,0.0,0.0,连续低于10 km/h的记录超过180条
2017-12-21 03:04:50,删除长低速记录,0.0,0.0,连续低于10 km/h的记录超过180条
2017-12-21 03:04:51,删除长低速记录,0.0,0.0,连续低于10 km/h的记录超过180条
2017-12-21 03:04:52,删除长低速记录,0.0,0.0,连续低于10 km/h的记录超过180条
2017-12-21 03:04:53,删除长低速记录,0.0,0.0,连续低于10 km/h的记录超过180条
2017-12-21 03:04:54,删除长低速记录,0.0,0.0,连续低于10 km/h的记录超过180条
2017-12-21 03:04:55,删除长低速记录,0.0,0.0,连续低于10 km/h的记录超过180条
2017-12-21 03:04:56,删除长低速记录,0.0,0.0,连续低于10 km/h的记录超过180条
2017-12-21 03:04:57,删除长低速记录,0.0,0.0,连续低于10 km/h的记录超过180条
2017-12-21 03:04:58,删除长低速记录,0.0,0.0,连续低于10 km/h的记录超过180条
2017-12-21 03:04:59,删除长低速记录,0.0,0.0,连续低于10 km/h的记录超过180条
2017-12-21 03:05:00,删除长低速记录,0.0,0.0,连续低于10 km/h的记录超过180条
2017-12-21 03:05:01,删除长低速记录,0.0,0.0,连续低于10 km/h的记录超过180条
2017-12-21 03:05:02,删除长低速记录,0.0,0.0,连续低于10 km/h的记录超过180条
2017-12-21 03:05:03,删除长低速记录,0.0,0.0,连续低于10 km/h的记录超过180条
2017-12-21 03:05:04,删除长低速记录,0.0,0.0,连续低于10 km/h的记录超过180条
2017-12-21 03:05:05,删除长低速记录,0.0,0.0,连续低于10 km/h的记录超过180条
2017-12-21 03:05:06,删除长低速记录,0.0,0.0,连续低于10 km/h的记录超过180条
2017-12-21 03:05:07,删除长低速记录,0.0,0.0,连续低于10 km/h的记录超过180条
2017-12-21 03:05:08,删除长低速记录,0.0,0.0,连续低于10 km/h的记录超过180条
2017-12-21 03:05:09,删除长低速记录,0.0,0.0,连续低于10 km/h的记录超过180条
2017-12-21 03:05:10,删除长低速记录,0.0,0.0,连续低于10 km/h的记录超过180条
2017-12-21 03:05:11,删除长低速记录,0.0,0.0,连续低于10 km/h的记录超过180条
2017-12-21 03:05:12,删除长低速记录,0.0,0.0,连续低于10 km/h的记录超过180条
2017-12-21 03:05:13,删除长低速记录,0.0,0.0,连续低于10 km/h的记录超过180条
2017-12-21 03:05:14,删除长低速记录,0.0,0.0,连续低于10 km/h的记录超过180条
2017-12-21 03:05:15,删除长低速记录,0.0,0.0,连续低于10 km/h的记录超过180条
2017-12-21 03:05:16,删除长低速记录,0.0,0.0,连续低于10 km/h的记录超过180条
2017-12-21 03:05:17,删除长低速记录,0.0,0.0,连续低于10 km/h的记录超过180条
2017-12-21 03:05:18,删除长低速记录,0.0,0.0,连续低于10 km/h的记录超过180条
2017-12-21 03:05:19,删除长低速记录,0.0,0.0,连续低于10 km/h的记录超过180条
2017-12-21 03:05:20,删除长低速记录,0.0,0.0,连续低于10 km/h的记录超过180条
2017-12-21 03:05:21,删除长低速记录,0.0,0.0,连续低于10 km/h的记录超过180条
2017-12-21 03:05:22,删除长低速记录,0.0,0.0,连续低于10 km/h的记录超过180条
2017-12-21 03:05:23,删除长低速记录,0.0,0.0,连续低于10 km/h的记录超过180条
2017-12-21 03:05:24,删除长低速记录,0.0,0.0,连续低于10 km/h的记录超过180条
2017-12-21 03:05:25,删除长低速记录,0.0,0.0,连续低于10 km/h的记录超过180条
2017-12-21 03:05:26,删除长低速记录,0.0,0.0,连续低于10 km/h的记录超过180条
2017-12-21 03:05:27,删除长低速记录,0.0,0.0,连续低于10 km/h的记录超过180条
2017-12-21 03:05:28,删除长低速记录,0.0,0.0,连续低于10 km/h的记录超过180条
2017-12-21 03:05:29,删除长低速记录,0.0,0.0,连续低于10 km/h的记录超过180条
2017-12-21 03:05:30,删除长低速记录,0.0,0.0,连续低于10 km/h的记录超过180条
2017-12-21 03:05:31,删除长低速记录,0.0,0.0,连续低于10 km/h的记录超过180条
2017-12-21 03:05:32,删除长低速记录,0.0,0.0,连续低于10 km/h的记录超过180条
2017-12-21 03:05:33,删除长低速记录,0.0,0.0,连续低于10 km/h的记录超过180条
2017-12-21 03:05:34,删除长低速记录,0.0,0.0,连续低于10 km/h的记录超过180条
2017-12-21 03:05:35,删除长低速记录,0.0,0.0,连续低于10 km/h的记录超过180条
2017-12-21 03:05:36,删除长低速记录,0.0,0.0,连续低于10 km/h的记录超过180条
2017-12-21 03:05:37,删除长低速记录,0.0,0.0,连续低于10 km/h的记录超过180条
2017-12-21 03:05:38,删除长低速记录,0.0,0.0,连续低于10 km/h的记录超过180条
2017-12-21 03:05:39,删除长低速记录,0.0,0.0,连续低于10 km/h的记录超过180条
2017-12-21 03:05:40,删除长低速记录,0.0,0.0,连续低于10 km/h的记录超过180条
2017-12-21 03:05:41,删除长低速记录,0.0,0.0,连续低于10 km/h的记录超过180条
2017-12-21 03:05:42,删除长低速记录,0.0,0.0,连续低于10 km/h的记录超过180条
2017-12-21 03:05:43,删除长低速记录,0.0,0.0,连续低于10 km/h的记录超过180条
2017-12-21 03:05:44,删除长低速记录,0.0,0.0,连续低于10 km/h的记录超过180条
2017-12-21 03:05:45,删除长低速记录,0.0,0.0,连续低于10 km/h的记录超过180条
2017-12-21 03:05:46,删除长低速记录,0.0,0.0,连续低于10 km/h的记录超过180条
2017-12-21 03:05:47,删除长低速记录,0.0,0.0,连续低于10 km/h的记录超过180条
2017-12-21 03:05:48,删除长低速记录,0.0,0.0,连续低于10 km/h的记录超过180条
2017-12-21 03:05:49,删除长低速记录,0.0,0.0,连续低于10 km/h的记录超过180条
2017-12-21 03:05:50,删除长低速记录,0.0,0.0,连续低于10 km/h的记录超过180条
2017-12-21 03:05:51,删除长低速记录,0.0,0.0,连续低于10 km/h的记录超过180条
2017-12-21 03:05:52,删除长低速记录,0.0,0.0,连续低于10 km/h的记录超过180条
2017-12-21 03:05:53,删除长低速记录,0.0,0.0,连续低于10 km/h的记录超过180条
2017-12-21 03:05:54,删除长低速记录,0.0,0.0,连续低于10 km/h的记录超过180条
2017-12-21 03:05:55,删除长低速记录,0.0,0.0,连续低于10 km/h的记录超过180条
2017-12-21 03:05:56,删除长低速记录,0.0,0.0,连续低于10 km/h的记录超过180条
2017-12-21 03:05:57,删除长低速记录,0.0,0.0,连续低于10 km/h的记录超过180条
2017-12-21 03:05:58,删除长低速记录,0.0,0.0,连续低于10 km/h的记录超过180条
2017-12-21 03:05:59,删除长低速记录,0.0,0.0,连续低于10 km/h的记录超过180条
2017-12-21 03:06:00,删除长低速记录,0.0,0.0,连续低于10 km/h的记录超过180条
2017-12-21 03:06:01,删除长低速记录,0.0,0.0,连续低于10 km/h的记录超过180条
2017-12-21 03:06:02,删除长低速记录,0.0,0.0,连续低于10 km/h的记录超过180条
2017-12-21 03:06:03,删除长低速记录,0.0,0.0,连续低于10 km/h的记录超过180条
2017-12-21 03:06:04,删除长低速记录,0.0,0.0,连续低于10 km/h的记录超过180条
2017-12-21 03:06:05,删除长低速记录,0.0,0.0,连续低于10 km/h的记录超过180条
2017-12-21 03:06:06,删除长低速记录,0.0,0.0,连续低于10 km/h的记录超过180条
2017-12-21 03:06:07,删除长低速记录,0.0,0.0,连续低于10 km/h的记录超过180条
2017-12-21 03:06:08,删除长低速记录,0.0,0.0,连续低于10 km/h的记录超过180条
2017-12-21 03:06:09,删除长低速记录,0.0,0.0,连续低于10 km/h的记录超过180条
2017-12-21 03:06:10,删除长低速记录,0.0,0.0,连续低于10 km/h的记录超过180条
2017-12-21 03:06:11,删除长低速记录,0.0,0.0,连续低于10 km/h的记录超过180条
2017-12-21 03:06:12,删除长低速记录,0.0,0.0,连续低于10 km/h的记录超过180条
2017-12-21 03:06:13,删除长低速记录,0.0,0.0,连续低于10 km/h的记录超过180条
2017-12-21 03:06:14,删除长低速记录,0.0,0.0,连续低于10 km/h的记录超过180条
2017-12-21 03:06:15,删除长低速记录,0.0,0.0,连续低于10 km/h的记录超过180条
2017-12-21 03:06:16,删除长低速记录,0.0,0.0,连续低于10 km/h的记录超过180条
2017-12-21 03:06:17,删除长低速记录,0.0,0.0,连续低于10 km/h的记录超过180条
2017-12-21 03:06:18,删除长低速记录,0.0,0.0,连续低于10 km/h的记录超过180条
2017-12-21 03:06:19,删除长低速记录,0.0,0.0,连续低于10 km/h的记录超过180条
2017-12-21 03:06:20,删除长低速记录,0.0,0.0,连续低于10 km/h的记录超过180条
2017-12-21 03:06:21,删除长低速记录,0.0,0.0,连续低于10 km/h的记录超过180条
2017-12-21 03:06:22,删除长低速记录,0.0,0.0,连续低于10 km/h的记录超过180条
2017-12-21 03:06:23,删除长低速记录,0.0,0.0,连续低于10 km/h的记录超过180条
2017-12-21 03:06:24,删除长低速记录,0.0,0.0,连续低于10 km/h的记录超过180条
2017-12-21 03:06:25,删除长低速记录,0.0,0.0,连续低于10 km/h的记录超过180条
2017-12-21 03:06:26,删除长低速记录,0.0,0.0,连续低于10 km/h的记录超过180条
2017-12-21 03:06:27,删除长低速记录,0.0,0.0,连续低于10 km/h的记录超过180条
2017-12-21 03:06:28,删除长低速记录,0.0,0.0,连续低于10 km/h的记录超过180条
2017-12-21 03:06:29,删除长低速记录,0.0,0.0,连续低于10 km/h的记录超过180条
2017-12-21 03:06:30,删除长低速记录,0.0,0.0,连续低于10 km/h的记录超过180条
2017-12-21 03:06:31,删除长低速记录,0.0,0.0,连续低于10 km/h的记录超过180条
2017-12-21 03:06:32,删除长低速记录,0.0,0.0,连续低于10 km/h的记录超过180条
2017-12-21 03:06:33,删除长低速记录,0.0,0.0,连续低于10 km/h的记录超过180条
2017-12-21 03:06:34,删除长低速记录,0.0,0.0,连续低于10 km/h的记录超过180条
2017-12-21 03:06:35,删除长低速记录,0.0,0.0,连续低于10 km/h的记录超过180条
2017-12-21 03:06:36,删除长低速记录,0.0,0.0,连续低于10 km/h的记录超过180条
2017-12-21 03:06:37,删除长低速记录,0.0,0.0,连续低于10 km/h的记录超过180条
2017-12-21 03:06:38,删除长低速记录,0.0,0.0,连续低于10 km/h的记录超过180条
2017-12-21 03:06:39,删除长低速记录,0.0,0.0,连续低于10 km/h的记录超过180条
2017-12-21 03:06:40,删除长低速记录,0.0,0.0,连续低于10 km/h的记录超过180条
2017-12-21 03:06:41,删除长低速记录,0.0,0.0,连续低于10 km/h的记录超过180条
2017-12-21 03:06:42,删除长低速记录,0.0,0.0,连续低于10 km/h的记录超过180条
2017-12-21 03:06:43,删除长低速记录,0.0,0.0,连续低于10 km/h的记录超过180条
2017-12-21 03:06:44,删除长低速记录,0.0,0.0,连续低于10 km/h的记录超过180条
2017-12-21 03:06:45,删除长低速记录,0.0,0.0,连续低于10 km/h的记录超过180条
2017-12-21 03:06:46,删除长低速记录,0.0,0.0,连续低于10 km/h的记录超过180条
2017-12-21 03:06:47,删除长低速记录,0.0,0.0,连续低于10 km/h的记录超过180条
2017-12-21 03:06:48,删除长低速记录,0.0,0.0,连续低于10 km/h的记录超过180条
2017-12-21 03:06:49,删除长低速记录,0.0,0.0,连续低于10 km/h的记录超过180条
2017-12-21 03:06:50,删除长低速记录,0.0,0.0,连续低于10 km/h的记录超过180条
2017-12-21 03:06:51,删除长低速记录,0.0,0.0,连续低于10 km/h的记录超过180条
2017-12-21 03:06:52,删除长低速记录,0.0,0.0,连续低于10 km/h的记录超过180条
2017-12-21 03:06:53,删除长低速记录,0.0,0.0,连续低于10 km/h的记录超过180条
2017-12-21 03:06:54,删除长低速记录,0.0,0.0,连续低于10 km/h的记录超过180条
2017-12-21 03:06:55,删除长低速记录,0.0,0.0,连续低于10 km/h的记录超过180条
2017-12-21 03:06:56,删除长低速记录,0.0,0.0,连续低于10 km/h的记录超过180条
2017-12-21 03:06:57,删除长低速记录,0.0,0.0,连续低于10 km/h的记录超过180条
2017-12-21 03:06:58,删除长低速记录,0.0,0.0,连续低于10 km/h的记录超过180条
2017-12-21 03:06:59,删除长低速记录,0.0,0.0,连续低于10 km/h的记录超过180条
2017-12-21 03:07:00,删除长低速记录,0.0,0.0,连续低于10 km/h的记录超过180条
2017-12-21 03:07:01,删除长低速记录,0.0,0.0,连续低于10 km/h的记录超过180条
2017-12-21 03:07:02,删除长低速记录,0.0,0.0,连续低于10 km/h的记录超过180条
2017-12-21 03:07:03,删除长低速记录,0.0,0.0,连续低于10 km/h的记录超过180条
2017-12-21 03:07:04,删除长低速记录,0.0,0.0,连续低于10 km/h的记录超过180条
2017-12-21 03:07:05,删除长低速记录,0.0,0.0,连续低于10 km/h的记录超过180条
2017-12-21 03:07:06,删除长低速记录,0.0,0.0,连续低于10 km/h的记录超过180条
2017-12-21 03:07:07,删除长低速记录,0.0,0.0,连续低于10 km/h的记录超过180条
2017-12-21 03:07:08,删除长低速记录,0.0,0.0,连续低于10 km/h的记录超过180条
2017-12-21 03:07:09,删除长低速记录,0.0,0.0,连续低于10 km/h的记录超过180条
2017-12-21 03:07:10,删除长低速记录,0.0,0.0,连续低于10 km/h的记录超过180条
2017-12-21 03:07:11,删除长低速记录,0.0,0.0,连续低于10 km/h的记录超过180条
2017-12-21 03:07:12,删除长低速记录,0.0,0.0,连续低于10 km/h的记录超过180条
2017-12-21 03:07:13,删除长低速记录,0.0,0.0,连续低于10 km/h的记录超过180条
2017-12-21 03:07:14,删除长低速记录,0.0,0.0,连续低于10 km/h的记录超过180条
2017-12-21 03:07:15,删除长低速记录,0.0,0.0,连续低于10 km/h的记录超过180条
2017-12-21 03:07:16,删除长低速记录,0.0,0.0,连续低于10 km/h的记录超过180条
2017-12-21 03:07:17,删除长低速记录,0.0,0.0,连续低于10 km/h的记录超过180条
2017-12-21 03:07:18,删除长低速记录,0.0,0.0,连续低于10 km/h的记录超过180条
2017-12-21 03:07:19,删除长低速记录,0.0,0.0,连续低于10 km/h的记录超过180条
2017-12-21 03:07:20,删除长低速记录,0.0,0.0,连续低于10 km/h的记录超过180条
2017-12-21 03:07:21,删除长低速记录,0.0,0.0,连续低于10 km/h的记录超过180条
2017-12-21 03:07:22,删除长低速记录,0.0,0.0,连续低于10 km/h的记录超过180条
2017-12-21 03:07:23,删除长低速记录,0.0,0.0,连续低于10 km/h的记录超过180条
2017-12-21 03:07:24,删除长低速记录,0.0,0.0,连续低于10 km/h的记录超过180条
2017-12-21 03:07:25,删除长低速记录,0.0,0.0,连续低于10 km/h的记录超过180条
2017-12-21 03:07:26,删除长低速记录,0.0,0.0,连续低于10 km/h的记录超过180条
2017-12-21 03:07:27,删除长低速记录,0.0,0.0,连续低于10 km/h的记录超过180条
2017-12-21 03:07:28,删除长低速记录,0.0,0.0,连续低于10 km/h的记录超过180条
2017-12-21 03:07:29,删除长低速记录,0.0,0.0,连续低于10 km/h的记录超过180条
2017-12-21 03:07:30,删除长低速记录,0.0,0.0,连续低于10 km/h的记录超过180条
2017-12-21 03:07:31,删除长低速记录,0.0,0.0,连续低于10 km/h的记录超过180条
2017-12-21 03:07:32,删除长低速记录,0.0,0.0,连续低于10 km/h的记录超过180条
2017-12-21 03:07:33,删除长低速记录,0.0,0.0,连续低于10 km/h的记录超过180条
2017-12-21 03:07:34,删除长低速记录,0.0,0.0,连续低于10 km/h的记录超过180条
2017-12-21 03:07:35,删除长低速记录,0.0,0.0,连续低于10 km/h的记录超过180条
2017-12-21 03:07:36,删除长低速记录,0.0,0.0,连续低于10 km/h的记录超过180条
2017-12-21 03:07:37,删除长低速记录,0.0,0.0,连续低于10 km/h的记录超过180条
2017-12-21 03:07:38,删除长低速记录,0.0,0.0,连续低于10 km/h的记录超过180条
2017-12-21 03:07:39,删除长低速记录,0.0,0.0,连续低于10 km/h的记录超过180条
2017-12-21 03:07:40,删除长低速记录,0.0,0.0,连续低于10 km/h的记录超过180条
2017-12-21 03:07:41,删除长低速记录,0.0,0.0,连续低于10 km/h的记录超过180条
2017-12-21 03:07:42,删除长低速记录,0.0,0.0,连续低于10 km/h的记录超过180条
2017-12-21 03:07:43,删除长低速记录,0.0,0.0,连续低于10 km/h的记录超过180条
2017-12-21 03:07:44,删除长低速记录,0.0,0.0,连续低于10 km/h的记录超过180条
2017-12-21 03:07:45,删除长低速记录,0.0,0.0,连续低于10 km/h的记录超过180条
2017-12-21 03:07:46,删除长低速记录,0.0,0.0,连续低于10 km/h的记录超过180条
2017-12-21 03:07:47,删除长低速记录,0.0,0.0,连续低于10 km/h的记录超过180条
2017-12-21 03:07:48,删除长低速记录,0.0,0.0,连续低于10 km/h的记录超过180条
2017-12-21 03:07:49,删除长低速记录,0.0,0.0,连续低于10 km/h的记录超过180条
2017-12-21 03:07:50,删除长低速记录,0.0,0.0,连续低于10 km/h的记录超过180条
2017-12-21 03:07:51,删除长低速记录,0.0,0.0,连续低于10 km/h的记录超过180条
2017-12-21 03:07:52,删除长低速记录,0.0,0.0,连续低于10 km/h的记录超过180条
2017-12-21 03:07:53,删除长低速记录,0.0,0.0,连续低于10 km/h的记录超过180条
2017-12-21 03:07:54,删除长低速记录,0.0,0.0,连续低于10 km/h的记录超过180条
2017-12-21 03:07:55,删除长低速记录,0.0,0.0,连续低于10 km/h的记录超过180条
2017-12-21 03:07:56,删除长低速记录,0.0,0.0,连续低于10 km/h的记录超过180条
2017-12-21 03:07:57,删除长低速记录,0.0,0.0,连续低于10 km/h的记录超过180条
2017-12-21 03:07:58,删除长低速记录,0.0,0.0,连续低于10 km/h的记录超过180条
2017-12-21 03:07:59,删除长低速记录,0.0,0.0,连续低于10 km/h的记录超过180条
2017-12-21 03:08:00,删除长低速记录,0.0,0.0,连续低于10 km/h的记录超过180条
2017-12-21 03:08:01,删除长低速记录,0.0,0.0,连续低于10 km/h的记录超过180条
2017-12-21 03:08:02,删除长低速记录,0.0,0.0,连续低于10 km/h的记录超过180条
2017-12-21 03:08:03,删除长低速记录,0.0,0.0,连续低于10 km/h的记录超过180条
2017-12-21 03:08:04,删除长低速记录,0.0,0.0,连续低于10 km/h的记录超过180条
2017-12-21 03:08:05,删除长低速记录,0.0,0.0,连续低于10 km/h的记录超过180条
2017-12-21 03:08:06,删除长低速记录,0.0,0.0,连续低于10 km/h的记录超过180条
2017-12-21 03:08:07,删除长低速记录,0.0,0.0,连续低于10 km/h的记录超过180条
2017-12-21 03:08:08,删除长低速记录,0.0,0.0,连续低于10 km/h的记录超过180条
2017-12-21 03:08:09,删除长低速记录,0.0,0.0,连续低于10 km/h的记录超过180条
2017-12-21 03:08:10,删除长低速记录,0.0,0.0,连续低于10 km/h的记录超过180条
2017-12-21 03:08:11,删除长低速记录,0.0,0.0,连续低于10 km/h的记录超过180条
2017-12-21 03:08:12,删除长低速记录,0.0,0.0,连续低于10 km/h的记录超过180条
2017-12-21 03:08:13,删除长低速记录,0.0,0.0,连续低于10 km/h的记录超过180条
2017-12-21 03:08:14,删除长低速记录,0.0,0.0,连续低于10 km/h的记录超过180条
2017-12-21 03:08:15,删除长低速记录,0.0,0.0,连续低于10 km/h的记录超过180条
2017-12-21 03:08:16,删除长低速记录,0.0,0.0,连续低于10 km/h的记录超过180条
2017-12-21 03:08:17,删除长低速记录,0.0,0.0,连续低于10 km/h的记录超过180条
2017-12-21 03:08:18,删除长低速记录,0.0,0.0,连续低于10 km/h的记录超过180条
2017-12-21 03:08:19,删除长低速记录,0.0,0.0,连续低于10 km/h的记录超过180条
2017-12-21 03:08:20,删除长低速记录,0.0,0.0,连续低于10 km/h的记录超过180条
2017-12-21 03:08:21,删除长低速记录,0.0,0.0,连续低于10 km/h的记录超过180条
2017-12-21 03:08:22,删除长低速记录,0.0,0.0,连续低于10 km/h的记录超过180条
2017-12-21 03:08:23,删除长低速记录,0.0,0.0,连续低于10 km/h的记录超过180条
2017-12-21 03:08:24,删除长低速记录,0.0,0.0,连续低于10 km/h的记录超过180条
2017-12-21 03:08:25,删除长低速记录,0.0,0.0,连续低于10 km/h的记录超过180条
2017-12-21 03:08:26,删除长低速记录,0.0,0.0,连续低于10 km/h的记录超过180条
2017-12-21 03:08:27,删除长低速记录,0.0,0.0,连续低于10 km/h的记录超过180条
2017-12-21 03:08:28,删除长低速记录,0.0,0.0,连续低于10 km/h的记录超过180条
2017-12-21 03:08:29,删除长低速记录,0.0,0.0,连续低于10 km/h的记录超过180条
2017-12-21 03:08:30,删除长低速记录,0.0,0.0,连续低于10 km/h的记录超过180条
2017-12-21 03:08:31,删除长低速记录,0.0,0.0,连续低于10 km/h的记录超过180条
2017-12-21 03:08:32,删除长低速记录,0.0,0.0,连续低于10 km/h的记录超过180条
2017-12-21 03:08:33,删除长低速记录,0.0,0.0,连续低于10 km/h的记录超过180条
2017-12-21 03:08:34,删除长低速记录,0.0,0.0,连续低于10 km/h的记录超过180条
2017-12-21 03:08:35,删除长低速记录,0.0,0.0,连续低于10 km/h的记录超过180条
2017-12-21 03:08:36,删除长低速记录,0.0,0.0,连续低于10 km/h的记录超过180条
2017-12-21 03:08:37,删除长低速记录,0.0,0.0,连续低于10 km/h的记录超过180条
2017-12-21 03:08:38,删除长低速记录,0.0,0.0,连续低于10 km/h的记录超过180条
2017-12-21 03:08:39,删除长低速记录,0.0,0.0,连续低于10 km/h的记录超过180条
2017-12-21 03:08:40,删除长低速记录,0.0,0.0,连续低于10 km/h的记录超过180条
2017-12-21 03:08:41,删除长低速记录,0.0,0.0,连续低于10 km/h的记录超过180条
2017-12-21 03:08:42,删除长低速记录,0.0,0.0,连续低于10 km/h的记录超过180条
2017-12-21 03:08:43,删除长低速记录,0.0,0.0,连续低于10 km/h的记录超过180条
2017-12-21 03:08:44,删除长低速记录,0.0,0.0,连续低于10 km/h的记录超过180条
2017-12-21 03:08:45,删除长低速记录,0.0,0.0,连续低于10 km/h的记录超过180条
2017-12-21 03:08:46,删除长低速记录,0.0,0.0,连续低于10 km/h的记录超过180条
2017-12-21 03:08:47,删除长低速记录,0.0,0.0,连续低于10 km/h的记录超过180条
2017-12-21 03:08:48,删除长低速记录,0.0,0.0,连续低于10 km/h的记录超过180条
2017-12-21 03:08:49,删除长低速记录,0.0,0.0,连续低于10 km/h的记录超过180条
2017-12-21 03:08:50,删除长低速记录,0.0,0.0,连续低于10 km/h的记录超过180条
2017-12-21 03:08:51,删除长低速记录,0.0,0.0,连续低于10 km/h的记录超过180条
2017-12-21 03:08:52,删除长低速记录,0.0,0.0,连续低于10 km/h的记录超过180条
2017-12-21 03:08:53,删除长低速记录,0.0,0.0,连续低于10 km/h的记录超过180条
2017-12-21 03:08:54,删除长低速记录,0.0,0.0,连续低于10 km/h的记录超过180条
2017-12-21 03:08:55,删除长低速记录,0.0,0.0,连续低于10 km/h的记录超过180条
2017-12-21 03:08:56,删除长低速记录,0.0,0.0,连续低于10 km/h的记录超过180条
2017-12-21 03:08:57,删除长低速记录,0.0,0.0,连续低于10 km/h的记录超过180条
2017-12-21 03:08:58,删除长低速记录,0.0,0.0,连续低于10 km/h的记录超过180条
2017-12-21 03:08:59,删除长低速记录,0.0,0.0,连续低于10 km/h的记录超过180条
2017-12-21 03:09:00,删除长低速记录,0.0,0.0,连续低于10 km/h的记录超过180条
2017-12-21 03:09:01,删除长低速记录,0.0,0.0,连续低于10 km/h的记录超过180条
2017-12-21 03:09:02,删除长低速记录,0.0,0.0,连续低于10 km/h的记录超过180条
2017-12-21 03:09:03,删除长低速记录,0.0,0.0,连续低于10 km/h的记录超过180条
2017-12-21 03:09:04,删除长低速记录,0.0,0.0,连续低于10 km/h的记录超过180条
2017-12-21 03:09:05,删除长低速记录,0.0,0.0,连续低于10 km/h的记录超过180条
2017-12-21 03:09:06,删除长低速记录,0.0,0.0,连续低于10 km/h的记录超过180条
2017-12-21 03:09:07,删除长低速记录,0.0,0.0,连续低于10 km/h的记录超过180条
2017-12-21 03:09:08,删除长低速记录,0.0,0.0,连续低于10 km/h的记录超过180条
2017-12-21 03:09:09,删除长低速记录,0.0,0.0,连续低于10 km/h的记录超过180条
2017-12-21 03:09:10,删除长低速记录,0.0,0.0,连续低于10 km/h的记录超过180条
2017-12-21 03:09:11,删除长低速记录,0.0,0.0,连续低于10 km/h的记录超过180条
2017-12-21 03:09:12,删除长低速记录,0.0,0.0,连续低于10 km/h的记录超过180条
2017-12-21 03:09:13,删除长低速记录,0.0,0.0,连续低于10 km/h的记录超过180条
2017-12-21 03:09:14,删除长低速记录,0.0,0.0,连续低于10 km/h的记录超过180条
2017-12-21 03:09:15,删除长低速记录,0.0,0.0,连续低于10 km/h的记录超过180条
2017-12-21 03:09:16,删除长低速记录,0.0,0.0,连续低于10 km/h的记录超过180条
2017-12-21 03:09:17,删除长低速记录,0.0,0.0,连续低于10 km/h的记录超过180条
2017-12-21 03:09:18,删除长低速记录,0.0,0.0,连续低于10 km/h的记录超过180条
2017-12-21 03:09:19,删除长低速记录,0.0,0.0,连续低于10 km/h的记录超过180条
2017-12-21 03:09:20,删除长低速记录,0.0,0.0,连续低于10 km/h的记录超过180条
2017-12-21 03:09:21,删除长低速记录,0.0,0.0,连续低于10 km/h的记录超过180条
2017-12-21 03:09:22,删除长低速记录,0.0,0.0,连续低于10 km/h的记录超过180条
2017-12-21 03:09:23,删除长低速记录,0.0,0.0,连续低于10 km/h的记录超过180条
2017-12-21 03:09:24,删除长低速记录,0.0,0.0,连续低于10 km/h的记录超过180条
2017-12-21 03:09:25,删除长低速记录,0.0,0.0,连续低于10 km/h的记录超过180条
2017-12-21 03:09:26,删除长低速记录,0.0,0.0,连续低于10 km/h的记录超过180条
2017-12-21 03:09:27,删除长低速记录,0.0,0.0,连续低于10 km/h的记录超过180条
2017-12-21 03:09:28,删除长低速记录,0.0,0.0,连续低于10 km/h的记录超过180条
2017-12-21 03:09:29,删除长低速记录,0.0,0.0,连续低于10 km/h的记录超过180条
2017-12-21 03:09:30,删除长低速记录,0.0,0.0,连续低于10 km/h的记录超过180条
2017-12-21 03:09:31,删除长低速记录,0.0,0.0,连续低于10 km/h的记录超过180条
2017-12-21 03:09:32,删除长低速记录,0.0,0.0,连续低于10 km/h的记录超过180条
2017-12-21 03:09:33,删除长低速记录,0.0,0.0,连续低于10 km/h的记录超过180条
2017-12-21 03:09:34,删除长低速记录,0.0,0.0,连续低于10 km/h的记录超过180条
2017-12-21 03:09:35,删除长低速记录,0.0,0.0,连续低于10 km/h的记录超过180条
2017-12-21 03:09:36,删除长低速记录,0.0,0.0,连续低于10 km/h的记录超过180条
2017-12-21 03:09:37,删除长低速记录,0.0,0.0,连续低于10 km/h的记录超过180条
2017-12-21 03:09:38,删除长低速记录,0.0,0.0,连续低于10 km/h的记录超过180条
2017-12-21 03:09:39,删除长低速记录,0.0,0.0,连续低于10 km/h的记录超过180条
2017-12-21 03:09:40,删除长低速记录,0.0,0.0,连续低于10 km/h的记录超过180条
2017-12-21 03:09:41,删除长低速记录,0.0,0.0,连续低于10 km/h的记录超过180条
2017-12-21 03:09:42,删除长低速记录,0.0,0.0,连续低于10 km/h的记录超过180条
2017-12-21 03:09:43,删除长低速记录,0.0,0.0,连续低于10 km/h的记录超过180条
2017-12-21 03:09:44,删除长低速记录,0.0,0.0,连续低于10 km/h的记录超过180条
2017-12-21 03:09:45,删除长低速记录,0.0,0.0,连续低于10 km/h的记录超过180条
2017-12-21 03:09:46,删除长低速记录,0.0,0.0,连续低于10 km/h的记录超过180条
2017-12-21 03:09:47,删除长低速记录,0.0,0.0,连续低于10 km/h的记录超过180条
2017-12-21 03:09:48,删除长低速记录,0.0,0.0,连续低于10 km/h的记录超过180条
2017-12-21 03:09:49,删除长低速记录,0.0,0.0,连续低于10 km/h的记录超过180条
2017-12-21 03:09:50,删除长低速记录,0.0,0.0,连续低于10 km/h的记录超过180条
2017-12-21 03:09:51,删除长低速记录,0.0,0.0,连续低于10 km/h的记录超过180条
2017-12-21 03:09:52,删除长低速记录,0.0,0.0,连续低于10 km/h的记录超过180条
2017-12-21 03:09:53,删除长低速记录,0.0,0.0,连续低于10 km/h的记录超过180条
2017-12-21 03:09:54,删除长低速记录,0.0,0.0,连续低于10 km/h的记录超过180条
2017-12-21 03:09:55,删除长低速记录,0.0,0.0,连续低于10 km/h的记录超过180条
2017-12-21 03:09:56,删除长低速记录,0.0,0.0,连续低于10 km/h的记录超过180条
2017-12-21 03:09:57,删除长低速记录,0.0,0.0,连续低于10 km/h的记录超过180条
2017-12-21 03:09:58,删除长低速记录,0.0,0.0,连续低于10 km/h的记录超过180条
2017-12-21 03:09:59,删除长低速记录,0.0,0.0,连续低于10 km/h的记录超过180条
2017-12-21 03:10:00,删除长低速记录,0.0,0.0,连续低于10 km/h的记录超过180条
2017-12-21 03:10:01,删除长低速记录,0.0,0.0,连续低于10 km/h的记录超过180条
2017-12-21 03:10:02,删除长低速记录,0.0,0.0,连续低于10 km/h的记录超过180条
2017-12-21 03:10:03,删除长低速记录,0.0,0.0,连续低于10 km/h的记录超过180条
2017-12-21 03:10:04,删除长低速记录,0.0,0.0,连续低于10 km/h的记录超过180条
2017-12-21 03:10:05,删除长低速记录,0.0,0.0,连续低于10 km/h的记录超过180条
2017-12-21 03:10:06,删除长低速记录,0.0,0.0,连续低于10 km/h的记录超过180条
2017-12-21 03:10:07,删除长低速记录,0.0,0.0,连续低于10 km/h的记录超过180条
2017-12-21 03:10:08,删除长低速记录,0.0,0.0,连续低于10 km/h的记录超过180条
2017-12-21 03:10:09,删除长低速记录,0.0,0.0,连续低于10 km/h的记录超过180条
2017-12-21 03:10:10,删除长低速记录,0.0,0.0,连续低于10 km/h的记录超过180条
2017-12-21 03:10:11,删除长低速记录,0.0,0.0,连续低于10 km/h的记录超过180条
2017-12-21 03:10:12,删除长低速记录,0.0,0.0,连续低于10 km/h的记录超过180条
2017-12-21 03:10:13,删除长低速记录,0.0,0.0,连续低于10 km/h的记录超过180条
2017-12-21 03:10:14,删除长低速记录,0.0,0.0,连续低于10 km/h的记录超过180条
2017-12-21 03:10:15,删除长低速记录,0.0,0.0,连续低于10 km/h的记录超过180条
2017-12-21 03:10:16,删除长低速记录,0.0,0.0,连续低于10 km/h的记录超过180条
2017-12-21 03:10:17,删除长低速记录,0.0,0.0,连续低于10 km/h的记录超过180条
2017-12-21 03:10:18,删除长低速记录,0.0,0.0,连续低于10 km/h的记录超过180条
2017-12-21 03:10:19,删除长低速记录,0.0,0.0,连续低于10 km/h的记录超过180条
2017-12-21 03:10:20,删除长低速记录,0.0,0.0,连续低于10 km/h的记录超过180条
2017-12-21 03:10:21,删除长低速记录,0.0,0.0,连续低于10 km/h的记录超过180条
2017-12-21 03:10:22,删除长低速记录,0.0,0.0,连续低于10 km/h的记录超过180条
2017-12-21 03:10:23,删除长低速记录,0.0,0.0,连续低于10 km/h的记录超过180条
2017-12-21 03:10:24,删除长低速记录,0.0,0.0,连续低于10 km/h的记录超过180条
2017-12-21 03:10:25,删除长低速记录,0.0,0.0,连续低于10 km/h的记录超过180条
2017-12-21 03:10:26,删除长低速记录,0.0,0.0,连续低于10 km/h的记录超过180条
2017-12-21 03:10:27,删除长低速记录,0.0,0.0,连续低于10 km/h的记录超过180条
2017-12-21 03:10:28,删除长低速记录,0.0,0.0,连续低于10 km/h的记录超过180条
2017-12-21 03:10:29,删除长低速记录,0.0,0.0,连续低于10 km/h的记录超过180条
2017-12-21 03:10:30,删除长低速记录,0.0,0.0,连续低于10 km/h的记录超过180条
2017-12-21 03:10:31,删除长低速记录,0.0,0.0,连续低于10 km/h的记录超过180条
2017-12-21 03:10:32,删除长低速记录,0.0,0.0,连续低于10 km/h的记录超过180条
2017-12-21 03:10:33,删除长低速记录,0.0,0.0,连续低于10 km/h的记录超过180条
2017-12-21 03:10:34,删除长低速记录,0.0,0.0,连续低于10 km/h的记录超过180条
2017-12-21 03:10:35,删除长低速记录,0.0,0.0,连续低于10 km/h的记录超过180条
2017-12-21 03:10:36,删除长低速记录,0.0,0.0,连续低于10 km/h的记录超过180条
2017-12-21 03:10:37,删除长低速记录,0.0,0.0,连续低于10 km/h的记录超过180条
2017-12-21 03:10:38,删除长低速记录,0.0,0.0,连续低于10 km/h的记录超过180条
2017-12-21 03:10:39,删除长低速记录,0.0,0.0,连续低于10 km/h的记录超过180条
2017-12-21 03:10:40,删除长低速记录,0.0,0.0,连续低于10 km/h的记录超过180条
2017-12-21 03:10:41,删除长低速记录,0.0,0.0,连续低于10 km/h的记录超过180条
2017-12-21 03:10:42,删除长低速记录,0.0,0.0,连续低于10 km/h的记录超过180条
2017-12-21 03:10:43,删除长低速记录,0.0,0.0,连续低于10 km/h的记录超过180条
2017-12-21 03:10:44,删除长低速记录,0.0,0.0,连续低于10 km/h的记录超过180条
2017-12-21 03:10:45,删除长低速记录,0.0,0.0,连续低于10 km/h的记录超过180条
2017-12-21 03:10:46,删除长低速记录,0.0,0.0,连续低于10 km/h的记录超过180条
2017-12-21 03:10:47,删除长低速记录,0.0,0.0,连续低于10 km/h的记录超过180条
2017-12-21 03:10:48,删除长低速记录,0.0,0.0,连续低于10 km/h的记录超过180条
2017-12-21 03:10:49,删除长低速记录,0.0,0.0,连续低于10 km/h的记录超过180条
2017-12-21 03:10:50,删除长低速记录,0.0,0.0,连续低于10 km/h的记录超过180条
2017-12-21 03:10:51,删除长低速记录,0.0,0.0,连续低于10 km/h的记录超过180条
2017-12-21 03:10:52,删除长低速记录,0.0,0.0,连续低于10 km/h的记录超过180条
2017-12-21 03:10:53,删除长低速记录,0.0,0.0,连续低于10 km/h的记录超过180条
2017-12-21 03:10:54,删除长低速记录,0.0,0.0,连续低于10 km/h的记录超过180条
2017-12-21 03:10:55,删除长低速记录,0.0,0.0,连续低于10 km/h的记录超过180条
2017-12-21 03:10:56,删除长低速记录,0.0,0.0,连续低于10 km/h的记录超过180条
2017-12-21 03:10:57,删除长低速记录,0.0,0.0,连续低于10 km/h的记录超过180条
2017-12-21 03:10:58,删除长低速记录,0.0,0.0,连续低于10 km/h的记录超过180条
2017-12-21 03:10:59,删除长低速记录,0.0,0.0,连续低于10 km/h的记录超过180条
2017-12-21 03:11:00,删除长低速记录,0.0,0.0,连续低于10 km/h的记录超过180条
2017-12-21 03:11:01,删除长低速记录,0.0,0.0,连续低于10 km/h的记录超过180条
2017-12-21 03:11:02,删除长低速记录,0.0,0.0,连续低于10 km/h的记录超过180条
2017-12-21 03:11:03,删除长低速记录,0.0,0.0,连续低于10 km/h的记录超过180条
2017-12-21 03:11:04,删除长低速记录,0.0,0.0,连续低于10 km/h的记录超过180条
2017-12-21 03:11:05,删除长低速记录,0.0,0.0,连续低于10 km/h的记录超过180条
2017-12-21 03:11:06,删除长低速记录,0.0,0.0,连续低于10 km/h的记录超过180条
2017-12-21 03:11:07,删除长低速记录,0.0,0.0,连续低于10 km/h的记录超过180条
2017-12-21 03:11:08,删除长低速记录,0.0,0.0,连续低于10 km/h的记录超过180条
2017-12-21 03:11:09,删除长低速记录,0.0,0.0,连续低于10 km/h的记录超过180条
2017-12-21 03:11:10,删除长低速记录,0.0,0.0,连续低于10 km/h的记录超过180条
2017-12-21 03:11:11,删除长低速记录,0.0,0.0,连续低于10 km/h的记录超过180条
2017-12-21 03:11:12,删除长低速记录,0.0,0.0,连续低于10 km/h的记录超过180条
2017-12-21 03:11:13,删除长低速记录,0.0,0.0,连续低于10 km/h的记录超过180条
2017-12-21 03:11:14,删除长低速记录,0.0,0.0,连续低于10 km/h的记录超过180条
2017-12-21 03:11:15,删除长低速记录,0.0,0.0,连续低于10 km/h的记录超过180条
2017-12-21 03:11:16,删除长低速记录,0.0,0.0,连续低于10 km/h的记录超过180条
2017-12-21 03:11:17,删除长低速记录,0.0,0.0,连续低于10 km/h的记录超过180条
2017-12-21 03:11:18,删除长低速记录,0.0,0.0,连续低于10 km/h的记录超过180条
2017-12-21 03:11:19,删除长低速记录,0.0,0.0,连续低于10 km/h的记录超过180条
2017-12-21 03:11:20,删除长低速记录,0.0,0.0,连续低于10 km/h的记录超过180条
2017-12-21 03:11:21,删除长低速记录,0.0,0.0,连续低于10 km/h的记录超过180条
2017-12-21 03:11:22,删除长低速记录,0.0,0.0,连续低于10 km/h的记录超过180条
2017-12-21 03:11:23,删除长低速记录,0.0,0.0,连续低于10 km/h的记录超过180条
2017-12-21 03:11:24,删除长低速记录,0.0,0.0,连续低于10 km/h的记录超过180条
2017-12-21 03:11:25,删除长低速记录,0.0,0.0,连续低于10 km/h的记录超过180条
2017-12-21 03:11:26,删除长低速记录,0.0,0.0,连续低于10 km/h的记录超过180条
2017-12-21 03:11:27,删除长低速记录,0.0,0.0,连续低于10 km/h的记录超过180条
2017-12-21 03:11:28,删除长低速记录,0.0,0.0,连续低于10 km/h的记录超过180条
2017-12-21 03:11:29,删除长低速记录,0.0,0.0,连续低于10 km/h的记录超过180条
2017-12-21 03:11:30,删除长低速记录,0.0,0.0,连续低于10 km/h的记录超过180条
2017-12-21 03:11:31,删除长低速记录,0.0,0.0,连续低于10 km/h的记录超过180条
2017-12-21 03:11:32,删除长低速记录,0.0,0.0,连续低于10 km/h的记录超过180条
2017-12-21 03:11:33,删除长低速记录,0.0,0.0,连续低于10 km/h的记录超过180条
2017-12-21 03:11:34,删除长低速记录,0.0,0.0,连续低于10 km/h的记录超过180条
2017-12-21 03:11:35,删除长低速记录,0.0,0.0,连续低于10 km/h的记录超过180条
2017-12-21 03:11:36,删除长低速记录,0.0,0.0,连续低于10 km/h的记录超过180条
2017-12-21 03:11:37,删除长低速记录,0.0,0.0,连续低于10 km/h的记录超过180条
2017-12-21 03:11:38,删除长低速记录,0.0,0.0,连续低于10 km/h的记录超过180条
2017-12-21 03:11:39,删除长低速记录,0.0,0.0,连续低于10 km/h的记录超过180条
2017-12-21 03:11:40,删除长低速记录,0.0,0.0,连续低于10 km/h的记录超过180条
2017-12-21 03:11:41,删除长低速记录,0.0,0.0,连续低于10 km/h的记录超过180条
2017-12-21 03:11:42,删除长低速记录,0.0,0.0,连续低于10 km/h的记录超过180条
2017-12-21 03:11:43,删除长低速记录,0.0,0.0,连续低于10 km/h的记录超过180条
2017-12-21 03:11:44,删除长低速记录,0.0,0.0,连续低于10 km/h的记录超过180条
2017-12-21 03:11:45,删除长低速记录,0.0,0.0,连续低于10 km/h的记录超过180条
2017-12-21 03:11:46,删除长低速记录,0.0,0.0,连续低于10 km/h的记录超过180条
2017-12-21 03:11:47,删除长低速记录,0.0,0.0,连续低于10 km/h的记录超过180条
2017-12-21 03:11:48,删除长低速记录,0.0,0.0,连续低于10 km/h的记录超过180条
2017-12-21 03:11:49,删除长低速记录,0.0,0.0,连续低于10 km/h的记录超过180条
2017-12-21 03:11:50,删除长低速记录,0.0,0.0,连续低于10 km/h的记录超过180条
2017-12-21 03:11:51,删除长低速记录,0.0,0.0,连续低于10 km/h的记录超过180条
2017-12-21 03:11:52,删除长低速记录,0.0,0.0,连续低于10 km/h的记录超过180条
2017-12-21 03:11:53,删除长低速记录,0.0,0.0,连续低于10 km/h的记录超过180条
2017-12-21 03:11:54,删除长低速记录,0.0,0.0,连续低于10 km/h的记录超过180条
2017-12-21 03:11:55,删除长低速记录,0.0,0.0,连续低于10 km/h的记录超过180条
2017-12-21 03:11:56,删除长低速记录,0.0,0.0,连续低于10 km/h的记录超过180条
2017-12-21 03:11:57,删除长低速记录,0.0,0.0,连续低于10 km/h的记录超过180条
2017-12-21 03:11:58,删除长低速记录,0.0,0.0,连续低于10 km/h的记录超过180条
2017-12-21 03:11:59,删除长低速记录,0.0,0.0,连续低于10 km/h的记录超过180条
2017-12-21 03:12:00,删除长低速记录,0.0,0.0,连续低于10 km/h的记录超过180条
2017-12-21 03:12:01,删除长低速记录,0.0,0.0,连续低于10 km/h的记录超过180条
2017-12-21 03:12:02,删除长低速记录,0.0,0.0,连续低于10 km/h的记录超过180条
2017-12-21 03:12:03,删除长低速记录,0.0,0.0,连续低于10 km/h的记录超过180条
2017-12-21 03:12:04,删除长低速记录,0.0,0.0,连续低于10 km/h的记录超过180条
2017-12-21 03:12:05,删除长低速记录,0.0,0.0,连续低于10 km/h的记录超过180条
2017-12-21 03:12:06,删除长低速记录,0.0,0.0,连续低于10 km/h的记录超过180条
2017-12-21 03:12:07,删除长低速记录,0.0,0.0,连续低于10 km/h的记录超过180条
2017-12-21 03:12:08,删除长低速记录,0.0,0.0,连续低于10 km/h的记录超过180条
2017-12-21 03:12:09,删除长低速记录,0.0,0.0,连续低于10 km/h的记录超过180条
2017-12-21 03:12:10,删除长低速记录,0.0,0.0,连续低于10 km/h的记录超过180条
2017-12-21 03:12:11,删除长低速记录,0.0,0.0,连续低于10 km/h的记录超过180条
2017-12-21 03:12:12,删除长低速记录,0.0,0.0,连续低于10 km/h的记录超过180条
2017-12-21 03:12:13,删除长低速记录,0.0,0.0,连续低于10 km/h的记录超过180条
2017-12-21 03:12:14,删除长低速记录,0.0,0.0,连续低于10 km/h的记录超过180条
2017-12-21 03:12:15,删除长低速记录,0.0,0.0,连续低于10 km/h的记录超过180条
2017-12-21 03:12:16,删除长低速记录,0.0,0.0,连续低于10 km/h的记录超过180条
2017-12-21 03:12:17,删除长低速记录,0.0,0.0,连续低于10 km/h的记录超过180条
2017-12-21 03:12:18,删除长低速记录,0.0,0.0,连续低于10 km/h的记录超过180条
2017-12-21 03:12:19,删除长低速记录,0.0,0.0,连续低于10 km/h的记录超过180条
2017-12-21 03:12:20,删除长低速记录,0.0,0.0,连续低于10 km/h的记录超过180条
2017-12-21 03:12:21,删除长低速记录,0.0,0.0,连续低于10 km/h的记录超过180条
2017-12-21 03:12:22,删除长低速记录,0.0,0.0,连续低于10 km/h的记录超过180条
2017-12-21 03:12:23,删除长低速记录,0.0,0.0,连续低于10 km/h的记录超过180条
2017-12-21 03:12:24,删除长低速记录,0.0,0.0,连续低于10 km/h的记录超过180条
2017-12-21 03:12:25,删除长低速记录,0.0,0.0,连续低于10 km/h的记录超过180条
2017-12-21 03:12:26,删除长低速记录,0.0,0.0,连续低于10 km/h的记录超过180条
2017-12-21 03:12:27,删除长低速记录,0.0,0.0,连续低于10 km/h的记录超过180条
2017-12-21 03:12:28,删除长低速记录,0.0,0.0,连续低于10 km/h的记录超过180条
2017-12-21 03:12:29,删除长低速记录,0.0,0.0,连续低于10 km/h的记录超过180条
2017-12-21 03:12:30,删除长低速记录,0.0,0.0,连续低于10 km/h的记录超过180条
2017-12-21 03:12:31,删除长低速记录,0.0,0.0,连续低于10 km/h的记录超过180条
2017-12-21 03:12:32,删除长低速记录,0.0,0.0,连续低于10 km/h的记录超过180条
2017-12-21 03:12:33,删除长低速记录,0.0,0.0,连续低于10 km/h的记录超过180条
2017-12-21 03:12:34,删除长低速记录,0.0,0.0,连续低于10 km/h的记录超过180条
2017-12-21 03:12:35,删除长低速记录,0.0,0.0,连续低于10 km/h的记录超过180条
2017-12-21 03:12:36,删除长低速记录,0.0,0.0,连续低于10 km/h的记录超过180条
2017-12-21 03:12:37,删除长低速记录,0.0,0.0,连续低于10 km/h的记录超过180条
2017-12-21 03:12:38,删除长低速记录,0.0,0.0,连续低于10 km/h的记录超过180条
2017-12-21 03:12:39,删除长低速记录,0.0,0.0,连续低于10 km/h的记录超过180条
2017-12-21 03:12:40,删除长低速记录,0.0,0.0,连续低于10 km/h的记录超过180条
2017-12-21 03:12:41,删除长低速记录,0.0,0.0,连续低于10 km/h的记录超过180条
2017-12-21 03:12:42,删除长低速记录,0.0,0.0,连续低于10 km/h的记录超过180条
2017-12-21 03:12:43,删除长低速记录,0.0,0.0,连续低于10 km/h的记录超过180条
2017-12-21 03:12:44,删除长低速记录,0.0,0.0,连续低于10 km/h的记录超过180条
2017-12-21 03:12:45,删除长低速记录,0.0,0.0,连续低于10 km/h的记录超过180条
2017-12-21 03:12:46,删除长低速记录,0.0,0.0,连续低于10 km/h的记录超过180条
2017-12-21 03:12:47,删除长低速记录,0.0,0.0,连续低于10 km/h的记录超过180条
2017-12-21 03:12:48,删除长低速记录,0.0,0.0,连续低于10 km/h的记录超过180条
2017-12-21 03:12:49,删除长低速记录,0.0,0.0,连续低于10 km/h的记录超过180条
2017-12-21 03:12:50,删除长低速记录,0.0,0.0,连续低于10 km/h的记录超过180条
2017-12-21 03:12:51,删除长低速记录,0.0,0.0,连续低于10 km/h的记录超过180条
2017-12-21 03:12:52,删除长低速记录,0.0,0.0,连续低于10 km/h的记录超过180条
2017-12-21 03:12:53,删除长低速记录,0.0,0.0,连续低于10 km/h的记录超过180条
2017-12-21 03:12:54,删除长低速记录,0.0,0.0,连续低于10 km/h的记录超过180条
2017-12-21 03:12:55,删除长低速记录,0.0,0.0,连续低于10 km/h的记录超过180条
2017-12-21 03:12:56,删除长低速记录,0.0,0.0,连续低于10 km/h的记录超过180条
2017-12-21 03:12:57,删除长低速记录,0.0,0.0,连续低于10 km/h的记录超过180条
2017-12-21 03:12:58,删除长低速记录,0.0,0.0,连续低于10 km/h的记录超过180条
2017-12-21 03:12:59,删除长低速记录,0.0,0.0,连续低于10 km/h的记录超过180条
2017-12-21 03:13:00,删除长低速记录,0.0,0.0,连续低于10 km/h的记录超过180条
2017-12-21 03:13:01,删除长低速记录,0.0,0.0,连续低于10 km/h的记录超过180条
2017-12-21 03:13:02,删除长低速记录,0.0,0.0,连续低于10 km/h的记录超过180条
2017-12-21 03:13:03,删除长低速记录,0.0,0.0,连续低于10 km/h的记录超过180条
2017-12-21 03:13:04,删除长低速记录,0.0,0.0,连续低于10 km/h的记录超过180条
2017-12-21 03:13:05,删除长低速记录,0.0,0.0,连续低于10 km/h的记录超过180条
2017-12-21 03:13:06,删除长低速记录,0.0,0.0,连续低于10 km/h的记录超过180条
2017-12-21 03:13:07,删除长低速记录,0.0,0.0,连续低于10 km/h的记录超过180条
2017-12-21 03:13:08,删除长低速记录,0.0,0.0,连续低于10 km/h的记录超过180条
2017-12-21 03:13:09,删除长低速记录,0.0,0.0,连续低于10 km/h的记录超过180条
2017-12-21 03:13:10,删除长低速记录,0.0,0.0,连续低于10 km/h的记录超过180条
2017-12-21 03:13:11,删除长低速记录,0.0,0.0,连续低于10 km/h的记录超过180条
2017-12-21 03:13:12,删除长低速记录,0.0,0.0,连续低于10 km/h的记录超过180条
2017-12-21 03:13:13,删除长低速记录,0.0,0.0,连续低于10 km/h的记录超过180条
2017-12-21 03:13:14,删除长低速记录,0.0,0.0,连续低于10 km/h的记录超过180条
2017-12-21 03:13:15,删除长低速记录,0.0,0.0,连续低于10 km/h的记录超过180条
2017-12-21 03:13:16,删除长低速记录,0.0,0.0,连续低于10 km/h的记录超过180条
2017-12-21 03:13:17,删除长低速记录,0.0,0.0,连续低于10 km/h的记录超过180条
2017-12-21 03:13:18,删除长低速记录,0.0,0.0,连续低于10 km/h的记录超过180条
2017-12-21 03:13:19,删除长低速记录,0.0,0.0,连续低于10 km/h的记录超过180条
2017-12-21 03:13:20,删除长低速记录,0.0,0.0,连续低于10 km/h的记录超过180条
2017-12-21 03:13:21,删除长低速记录,0.0,0.0,连续低于10 km/h的记录超过180条
2017-12-21 03:13:22,删除长低速记录,0.0,0.0,连续低于10 km/h的记录超过180条
2017-12-21 03:13:23,删除长低速记录,0.0,0.0,连续低于10 km/h的记录超过180条
2017-12-21 03:13:24,删除长低速记录,0.0,0.0,连续低于10 km/h的记录超过180条
2017-12-21 03:13:25,删除长低速记录,0.0,0.0,连续低于10 km/h的记录超过180条
2017-12-21 03:13:26,删除长低速记录,0.0,0.0,连续低于10 km/h的记录超过180条
2017-12-21 03:13:27,删除长低速记录,0.0,0.0,连续低于10 km/h的记录超过180条
2017-12-21 03:13:28,删除长低速记录,0.0,0.0,连续低于10 km/h的记录超过180条
2017-12-21 03:13:29,删除长低速记录,0.0,0.0,连续低于10 km/h的记录超过180条
2017-12-21 03:13:30,删除长低速记录,0.0,0.0,连续低于10 km/h的记录超过180条
2017-12-21 03:13:31,删除长低速记录,0.0,0.0,连续低于10 km/h的记录超过180条
2017-12-21 03:13:32,删除长低速记录,0.0,0.0,连续低于10 km/h的记录超过180条
2017-12-21 03:13:33,删除长低速记录,0.0,0.0,连续低于10 km/h的记录超过180条
2017-12-21 03:13:34,删除长低速记录,0.0,0.0,连续低于10 km/h的记录超过180条
2017-12-21 03:13:35,删除长低速记录,0.0,0.0,连续低于10 km/h的记录超过180条
2017-12-21 03:13:36,删除长低速记录,0.0,0.0,连续低于10 km/h的记录超过180条
2017-12-21 03:13:37,删除长低速记录,0.0,0.0,连续低于10 km/h的记录超过180条
2017-12-21 03:13:38,删除长低速记录,0.0,0.0,连续低于10 km/h的记录超过180条
2017-12-21 03:13:39,删除长低速记录,0.0,0.0,连续低于10 km/h的记录超过180条
2017-12-21 03:13:40,删除长低速记录,0.0,0.0,连续低于10 km/h的记录超过180条
2017-12-21 03:13:41,删除长低速记录,0.0,0.0,连续低于10 km/h的记录超过180条
2017-12-21 03:13:42,删除长低速记录,0.0,0.0,连续低于10 km/h的记录超过180条
2017-12-21 03:13:43,删除长低速记录,0.0,0.0,连续低于10 km/h的记录超过180条
2017-12-21 03:13:44,删除长低速记录,0.0,0.0,连续低于10 km/h的记录超过180条
2017-12-21 03:13:45,删除长低速记录,0.0,0.0,连续低于10 km/h的记录超过180条
2017-12-21 03:13:46,删除长低速记录,0.0,0.0,连续低于10 km/h的记录超过180条
2017-12-21 03:13:47,删除长低速记录,0.0,0.0,连续低于10 km/h的记录超过180条
2017-12-21 03:13:48,删除长低速记录,0.0,0.0,连续低于10 km/h的记录超过180条
2017-12-21 03:13:49,删除长低速记录,0.0,0.0,连续低于10 km/h的记录超过180条
2017-12-21 03:13:50,删除长低速记录,0.0,0.0,连续低于10 km/h的记录超过180条
2017-12-21 03:13:51,删除长低速记录,0.0,0.0,连续低于10 km/h的记录超过180条
2017-12-21 03:13:52,删除长低速记录,0.0,0.0,连续低于10 km/h的记录超过180条
2017-12-21 03:13:53,删除长低速记录,0.0,0.0,连续低于10 km/h的记录超过180条
2017-12-21 03:13:54,删除长低速记录,0.0,0.0,连续低于10 km/h的记录超过180条
2017-12-21 03:13:55,删除长低速记录,0.0,0.0,连续低于10 km/h的记录超过180条
2017-12-21 03:13:56,删除长低速记录,0.0,0.0,连续低于10 km/h的记录超过180条
2017-12-21 03:13:57,删除长低速记录,0.0,0.0,连续低于10 km/h的记录超过180条
2017-12-21 03:13:58,删除长低速记录,0.0,0.0,连续低于10 km/h的记录超过180条
2017-12-21 03:13:59,删除长低速记录,0.0,0.0,连续低于10 km/h的记录超过180条
2017-12-21 03:14:00,删除长低速记录,0.0,0.0,连续低于10 km/h的记录超过180条
2017-12-21 03:14:01,删除长低速记录,0.0,0.0,连续低于10 km/h的记录超过180条
2017-12-21 03:14:02,删除长低速记录,0.0,0.0,连续低于10 km/h的记录超过180条
2017-12-21 03:14:03,删除长低速记录,0.0,0.0,连续低于10 km/h的记录超过180条
2017-12-21 03:14:04,删除长低速记录,0.0,0.0,连续低于10 km/h的记录超过180条
2017-12-21 03:14:05,删除长低速记录,0.0,0.0,连续低于10 km/h的记录超过180条
2017-12-21 03:14:06,删除长低速记录,0.0,0.0,连续低于10 km/h的记录超过180条
2017-12-21 03:14:07,删除长低速记录,0.0,0.0,连续低于10 km/h的记录超过180条
2017-12-21 03:14:08,删除长低速记录,0.0,0.0,连续低于10 km/h的记录超过180条
2017-12-21 03:14:09,删除长低速记录,0.0,0.0,连续低于10 km/h的记录超过180条
2017-12-21 03:14:10,删除长低速记录,0.0,0.0,连续低于10 km/h的记录超过180条
2017-12-21 03:14:11,删除长低速记录,0.0,0.0,连续低于10 km/h的记录超过180条
2017-12-21 03:14:12,删除长低速记录,0.0,0.0,连续低于10 km/h的记录超过180条
2017-12-21 03:14:13,删除长低速记录,0.0,0.0,连续低于10 km/h的记录超过180条
2017-12-21 03:14:14,删除长低速记录,0.0,0.0,连续低于10 km/h的记录超过180条
2017-12-21 03:14:15,删除长低速记录,0.0,0.0,连续低于10 km/h的记录超过180条
2017-12-21 03:14:16,删除长低速记录,0.0,0.0,连续低于10 km/h的记录超过180条
2017-12-21 03:14:17,删除长低速记录,0.0,0.0,连续低于10 km/h的记录超过180条
2017-12-21 03:14:18,删除长低速记录,0.0,0.0,连续低于10 km/h的记录超过180条
2017-12-21 03:14:19,删除长低速记录,0.0,0.0,连续低于10 km/h的记录超过180条
2017-12-21 03:14:20,删除长低速记录,0.0,0.0,连续低于10 km/h的记录超过180条
2017-12-21 03:14:21,删除长低速记录,0.0,0.0,连续低于10 km/h的记录超过180条
2017-12-21 03:14:22,删除长低速记录,0.0,0.0,连续低于10 km/h的记录超过180条
2017-12-21 03:14:23,删除长低速记录,0.0,0.0,连续低于10 km/h的记录超过180条
2017-12-21 03:14:24,删除长低速记录,0.0,0.0,连续低于10 km/h的记录超过180条
2017-12-21 03:14:25,删除长低速记录,0.0,0.0,连续低于10 km/h的记录超过180条
2017-12-21 03:14:26,删除长低速记录,0.0,0.0,连续低于10 km/h的记录超过180条
2017-12-21 03:14:27,删除长低速记录,0.0,0.0,连续低于10 km/h的记录超过180条
2017-12-21 03:14:28,删除长低速记录,0.0,0.0,连续低于10 km/h的记录超过180条
2017-12-21 03:14:29,删除长低速记录,0.0,0.0,连续低于10 km/h的记录超过180条
2017-12-21 03:14:30,删除长低速记录,0.0,0.0,连续低于10 km/h的记录超过180条
2017-12-21 03:14:31,删除长低速记录,0.0,0.0,连续低于10 km/h的记录超过180条
2017-12-21 03:14:32,删除长低速记录,0.0,0.0,连续低于10 km/h的记录超过180条
2017-12-21 03:14:33,删除长低速记录,0.0,0.0,连续低于10 km/h的记录超过180条
2017-12-21 03:14:34,删除长低速记录,0.0,0.0,连续低于10 km/h的记录超过180条
2017-12-21 03:14:35,删除长低速记录,0.0,0.0,连续低于10 km/h的记录超过180条
2017-12-21 03:14:36,删除长低速记录,0.0,0.0,连续低于10 km/h的记录超过180条
2017-12-21 03:14:37,删除长低速记录,0.0,0.0,连续低于10 km/h的记录超过180条
2017-12-21 03:14:38,删除长低速记录,0.0,0.0,连续低于10 km/h的记录超过180条
2017-12-21 03:14:39,删除长低速记录,0.0,0.0,连续低于10 km/h的记录超过180条
2017-12-21 03:14:40,删除长低速记录,0.0,0.0,连续低于10 km/h的记录超过180条
2017-12-21 03:14:41,删除长低速记录,0.0,0.0,连续低于10 km/h的记录超过180条
2017-12-21 03:14:42,删除长低速记录,0.0,0.0,连续低于10 km/h的记录超过180条
2017-12-21 03:14:43,删除长低速记录,0.0,0.0,连续低于10 km/h的记录超过180条
2017-12-21 03:14:44,删除长低速记录,0.0,0.0,连续低于10 km/h的记录超过180条
2017-12-21 03:14:45,删除长低速记录,0.0,0.0,连续低于10 km/h的记录超过180条
2017-12-21 03:14:46,删除长低速记录,0.0,0.0,连续低于10 km/h的记录超过180条
2017-12-21 03:14:47,删除长低速记录,0.0,0.0,连续低于10 km/h的记录超过180条
2017-12-21 03:14:48,删除长低速记录,0.0,0.0,连续低于10 km/h的记录超过180条
2017-12-21 03:14:49,删除长低速记录,0.0,0.0,连续低于10 km/h的记录超过180条
2017-12-21 03:14:50,删除长低速记录,0.0,0.0,连续低于10 km/h的记录超过180条
2017-12-21 03:14:51,删除长低速记录,0.0,0.0,连续低于10 km/h的记录超过180条
2017-12-21 03:14:52,删除长低速记录,0.0,0.0,连续低于10 km/h的记录超过180条
2017-12-21 03:14:53,删除长低速记录,0.0,0.0,连续低于10 km/h的记录超过180条
2017-12-21 03:14:54,删除长低速记录,0.0,0.0,连续低于10 km/h的记录超过180条
2017-12-21 03:14:55,删除长低速记录,0.0,0.0,连续低于10 km/h的记录超过180条
2017-12-21 03:14:56,删除长低速记录,0.0,0.0,连续低于10 km/h的记录超过180条
2017-12-21 03:14:57,删除长低速记录,0.0,0.0,连续低于10 km/h的记录超过180条
2017-12-21 03:14:58,删除长低速记录,0.0,0.0,连续低于10 km/h的记录超过180条
2017-12-21 03:14:59,删除长低速记录,0.0,0.0,连续低于10 km/h的记录超过180条
2017-12-21 03:15:00,删除长低速记录,0.0,0.0,连续低于10 km/h的记录超过180条
2017-12-21 03:15:01,删除长低速记录,0.0,0.0,连续低于10 km/h的记录超过180条
2017-12-21 03:15:02,删除长低速记录,0.0,0.0,连续低于10 km/h的记录超过180条
2017-12-21 03:15:03,删除长低速记录,0.0,0.0,连续低于10 km/h的记录超过180条
2017-12-21 03:15:04,删除长低速记录,0.0,0.0,连续低于10 km/h的记录超过180条
2017-12-21 03:15:05,删除长低速记录,0.0,0.0,连续低于10 km/h的记录超过180条
2017-12-21 03:15:06,删除长低速记录,0.0,0.0,连续低于10 km/h的记录超过180条
2017-12-21 03:15:07,删除长低速记录,0.0,0.0,连续低于10 km/h的记录超过180条
2017-12-21 03:15:08,删除长低速记录,0.0,0.0,连续低于10 km/h的记录超过180条
2017-12-21 03:15:09,删除长低速记录,0.0,0.0,连续低于10 km/h的记录超过180条
2017-12-21 03:15:10,删除长低速记录,0.0,0.0,连续低于10 km/h的记录超过180条
2017-12-21 03:15:11,删除长低速记录,0.0,0.0,连续低于10 km/h的记录超过180条
2017-12-21 03:15:12,删除长低速记录,0.0,0.0,连续低于10 km/h的记录超过180条
2017-12-21 03:15:13,删除长低速记录,0.0,0.0,连续低于10 km/h的记录超过180条
2017-12-21 03:15:14,删除长低速记录,0.0,0.0,连续低于10 km/h的记录超过180条
2017-12-21 03:15:15,删除长低速记录,0.0,0.0,连续低于10 km/h的记录超过180条
2017-12-21 03:15:16,删除长低速记录,0.0,0.0,连续低于10 km/h的记录超过180条
2017-12-21 03:15:17,删除长低速记录,0.0,0.0,连续低于10 km/h的记录超过180条
2017-12-21 03:15:18,删除长低速记录,0.0,0.0,连续低于10 km/h的记录超过180条
2017-12-21 03:15:19,删除长低速记录,0.0,0.0,连续低于10 km/h的记录超过180条
2017-12-21 03:15:20,删除长低速记录,0.0,0.0,连续低于10 km/h的记录超过180条
2017-12-21 03:15:21,删除长低速记录,0.0,0.0,连续低于10 km/h的记录超过180条
2017-12-21 03:15:22,删除长低速记录,0.0,0.0,连续低于10 km/h的记录超过180条
2017-12-21 03:15:23,删除长低速记录,0.0,0.0,连续低于10 km/h的记录超过180条
2017-12-21 03:15:24,删除长低速记录,0.0,0.0,连续低于10 km/h的记录超过180条
2017-12-21 03:15:25,删除长低速记录,0.0,0.0,连续低于10 km/h的记录超过180条
2017-12-21 03:15:26,删除长低速记录,0.0,0.0,连续低于10 km/h的记录超过180条
2017-12-21 03:15:27,删除长低速记录,0.0,0.0,连续低于10 km/h的记录超过180条
2017-12-21 03:15:28,删除长低速记录,0.0,0.0,连续低于10 km/h的记录超过180条
2017-12-21 03:15:29,删除长低速记录,0.0,0.0,连续低于10 km/h的记录超过180条
2017-12-21 03:15:30,删除长低速记录,0.0,0.0,连续低于10 km/h的记录超过180条
2017-12-21 03:15:31,删除长低速记录,0.0,0.0,连续低于10 km/h的记录超过180条
2017-12-21 03:15:32,删除长低速记录,0.0,0.0,连续低于10 km/h的记录超过180条
2017-12-21 03:15:33,删除长低速记录,0.0,0.0,连续低于10 km/h的记录超过180条
2017-12-21 03:15:34,删除长低速记录,0.0,0.0,连续低于10 km/h的记录超过180条
2017-12-21 03:15:35,删除长低速记录,0.0,0.0,连续低于10 km/h的记录超过180条
2017-12-21 03:15:36,删除长低速记录,0.0,0.0,连续低于10 km/h的记录超过180条
2017-12-21 03:15:37,删除长低速记录,0.0,0.0,连续低于10 km/h的记录超过180条
2017-12-21 03:15:38,删除长低速记录,0.0,0.0,连续低于10 km/h的记录超过180条
2017-12-21 03:15:39,删除长低速记录,0.0,0.0,连续低于10 km/h的记录超过180条
2017-12-21 03:15:40,删除长低速记录,0.0,0.0,连续低于10 km/h的记录超过180条
2017-12-21 03:15:41,删除长低速记录,0.0,0.0,连续低于10 km/h的记录超过180条
2017-12-21 03:15:42,删除长低速记录,0.0,0.0,连续低于10 km/h的记录超过180条
2017-12-21 03:15:43,删除长低速记录,0.0,0.0,连续低于10 km/h的记录超过180条
2017-12-21 03:15:44,删除长低速记录,0.0,0.0,连续低于10 km/h的记录超过180条
2017-12-21 03:15:45,删除长低速记录,0.0,0.0,连续低于10 km/h的记录超过180条
2017-12-21 03:15:46,删除长低速记录,0.0,0.0,连续低于10 km/h的记录超过180条
2017-12-21 03:15:47,删除长低速记录,0.0,0.0,连续低于10 km/h的记录超过180条
2017-12-21 03:15:48,删除长低速记录,0.0,0.0,连续低于10 km/h的记录超过180条
2017-12-21 03:15:49,删除长低速记录,0.0,0.0,连续低于10 km/h的记录超过180条
2017-12-21 03:15:50,删除长低速记录,0.0,0.0,连续低于10 km/h的记录超过180条
2017-12-21 03:15:51,删除长低速记录,0.0,0.0,连续低于10 km/h的记录超过180条
2017-12-21 03:15:52,删除长低速记录,0.0,0.0,连续低于10 km/h的记录超过180条
2017-12-21 03:15:53,删除长低速记录,0.0,0.0,连续低于10 km/h的记录超过180条
2017-12-21 03:15:54,删除长低速记录,0.0,0.0,连续低于10 km/h的记录超过180条
2017-12-21 03:15:55,删除长低速记录,0.0,0.0,连续低于10 km/h的记录超过180条
2017-12-21 03:15:56,删除长低速记录,0.0,0.0,连续低于10 km/h的记录超过180条
2017-12-21 03:15:57,删除长低速记录,0.0,0.0,连续低于10 km/h的记录超过180条
2017-12-21 03:15:58,删除长低速记录,0.0,0.0,连续低于10 km/h的记录超过180条
2017-12-21 03:15:59,删除长低速记录,0.0,0.0,连续低于10 km/h的记录超过180条
2017-12-21 03:16:00,删除长低速记录,0.0,0.0,连续低于10 km/h的记录超过180条
2017-12-21 03:16:01,删除长低速记录,0.0,0.0,连续低于10 km/h的记录超过180条
2017-12-21 03:16:02,删除长低速记录,0.0,0.0,连续低于10 km/h的记录超过180条
2017-12-21 03:16:03,删除长低速记录,0.0,0.0,连续低于10 km/h的记录超过180条
2017-12-21 03:16:04,删除长低速记录,0.0,0.0,连续低于10 km/h的记录超过180条
2017-12-21 03:16:05,删除长低速记录,0.0,0.0,连续低于10 km/h的记录超过180条
2017-12-21 03:16:06,删除长低速记录,0.0,0.0,连续低于10 km/h的记录超过180条
2017-12-21 03:16:07,删除长低速记录,0.0,0.0,连续低于10 km/h的记录超过180条
2017-12-21 03:16:08,删除长低速记录,0.0,0.0,连续低于10 km/h的记录超过180条
2017-12-21 03:16:09,删除长低速记录,0.0,0.0,连续低于10 km/h的记录超过180条
2017-12-21 03:16:10,删除长低速记录,0.0,0.0,连续低于10 km/h的记录超过180条
2017-12-21 03:16:11,删除长低速记录,0.0,0.0,连续低于10 km/h的记录超过180条
2017-12-21 03:16:12,删除长低速记录,0.0,0.0,连续低于10 km/h的记录超过180条
2017-12-21 03:16:13,删除长低速记录,0.0,0.0,连续低于10 km/h的记录超过180条
2017-12-21 03:16:14,删除长低速记录,0.0,0.0,连续低于10 km/h的记录超过180条
2017-12-21 03:16:15,删除长低速记录,0.0,0.0,连续低于10 km/h的记录超过180条
2017-12-21 03:16:16,删除长低速记录,0.0,0.0,连续低于10 km/h的记录超过180条
2017-12-21 03:16:17,删除长低速记录,0.0,0.0,连续低于10 km/h的记录超过180条
2017-12-21 03:16:18,删除长低速记录,0.0,0.0,连续低于10 km/h的记录超过180条
2017-12-21 03:16:19,删除长低速记录,0.0,0.0,连续低于10 km/h的记录超过180条
2017-12-21 03:16:20,删除长低速记录,0.0,0.0,连续低于10 km/h的记录超过180条
2017-12-21 03:16:21,删除长低速记录,0.0,0.0,连续低于10 km/h的记录超过180条
2017-12-21 03:16:22,删除长低速记录,0.0,0.0,连续低于10 km/h的记录超过180条
2017-12-21 03:16:23,删除长低速记录,0.0,0.0,连续低于10 km/h的记录超过180条
2017-12-21 03:16:24,删除长低速记录,0.0,0.0,连续低于10 km/h的记录超过180条
2017-12-21 03:16:25,删除长低速记录,0.0,0.0,连续低于10 km/h的记录超过180条
2017-12-21 03:16:26,删除长低速记录,0.0,0.0,连续低于10 km/h的记录超过180条
2017-12-21 03:16:27,删除长低速记录,0.0,0.0,连续低于10 km/h的记录超过180条
2017-12-21 03:16:28,删除长低速记录,0.0,0.0,连续低于10 km/h的记录超过180条
2017-12-21 03:16:29,删除长低速记录,0.0,0.0,连续低于10 km/h的记录超过180条
2017-12-21 03:16:30,删除长低速记录,0.0,0.0,连续低于10 km/h的记录超过180条
2017-12-21 03:16:31,删除长低速记录,0.0,0.0,连续低于10 km/h的记录超过180条
2017-12-21 03:16:32,删除长低速记录,0.0,0.0,连续低于10 km/h的记录超过180条
2017-12-21 03:16:33,删除长低速记录,0.0,0.0,连续低于10 km/h的记录超过180条
2017-12-21 03:16:34,删除长低速记录,0.0,0.0,连续低于10 km/h的记录超过180条
2017-12-21 03:16:35,删除长低速记录,0.0,0.0,连续低于10 km/h的记录超过180条
2017-12-21 03:16:36,删除长低速记录,0.0,0.0,连续低于10 km/h的记录超过180条
2017-12-21 03:16:37,删除长低速记录,0.0,0.0,连续低于10 km/h的记录超过180条
2017-12-21 03:16:38,删除长低速记录,0.0,0.0,连续低于10 km/h的记录超过180条
2017-12-21 03:16:39,删除长低速记录,0.0,0.0,连续低于10 km/h的记录超过180条
2017-12-21 03:16:40,删除长低速记录,0.0,0.0,连续低于10 km/h的记录超过180条
2017-12-21 03:16:41,删除长低速记录,0.0,0.0,连续低于10 km/h的记录超过180条
2017-12-21 03:16:42,删除长低速记录,0.0,0.0,连续低于10 km/h的记录超过180条
2017-12-21 03:16:43,删除长低速记录,0.0,0.0,连续低于10 km/h的记录超过180条
2017-12-21 03:16:44,删除长低速记录,0.0,0.0,连续低于10 km/h的记录超过180条
2017-12-21 03:16:45,删除长低速记录,0.0,0.0,连续低于10 km/h的记录超过180条
2017-12-21 03:16:46,删除长低速记录,0.0,0.0,连续低于10 km/h的记录超过180条
2017-12-21 03:16:47,删除长低速记录,0.0,0.0,连续低于10 km/h的记录超过180条
2017-12-21 03:16:48,删除长低速记录,0.0,0.0,连续低于10 km/h的记录超过180条
2017-12-21 03:16:49,删除长低速记录,0.0,0.0,连续低于10 km/h的记录超过180条
2017-12-21 03:16:50,删除长低速记录,0.0,0.0,连续低于10 km/h的记录超过180条
2017-12-21 03:16:51,删除长低速记录,0.0,0.0,连续低于10 km/h的记录超过180条
2017-12-21 03:16:52,删除长低速记录,0.0,0.0,连续低于10 km/h的记录超过180条
2017-12-21 03:16:53,删除长低速记录,0.0,0.0,连续低于10 km/h的记录超过180条
2017-12-21 03:16:54,删除长低速记录,0.0,0.0,连续低于10 km/h的记录超过180条
2017-12-21 03:16:55,删除长低速记录,0.0,0.0,连续低于10 km/h的记录超过180条
2017-12-21 03:16:56,删除长低速记录,0.0,0.0,连续低于10 km/h的记录超过180条
2017-12-21 03:16:57,删除长低速记录,0.0,0.0,连续低于10 km/h的记录超过180条
2017-12-21 03:16:58,删除长低速记录,0.0,0.0,连续低于10 km/h的记录超过180条
2017-12-21 03:16:59,删除长低速记录,0.0,0.0,连续低于10 km/h的记录超过180条
2017-12-21 03:17:00,删除长低速记录,0.0,0.0,连续低于10 km/h的记录超过180条
2017-12-21 03:17:01,删除长低速记录,0.0,0.0,连续低于10 km/h的记录超过180条
2017-12-21 03:17:02,删除长低速记录,0.0,0.0,连续低于10 km/h的记录超过180条
2017-12-21 03:17:03,删除长低速记录,0.0,0.0,连续低于10 km/h的记录超过180条
2017-12-21 03:17:04,删除长低速记录,0.0,0.0,连续低于10 km/h的记录超过180条
2017-12-21 03:17:05,删除长低速记录,0.0,0.0,连续低于10 km/h的记录超过180条
2017-12-21 03:17:06,删除长低速记录,0.0,0.0,连续低于10 km/h的记录超过180条
2017-12-21 03:17:07,删除长低速记录,0.0,0.0,连续低于10 km/h的记录超过180条
2017-12-21 03:17:08,删除长低速记录,0.0,0.0,连续低于10 km/h的记录超过180条
2017-12-21 03:17:09,删除长低速记录,0.0,0.0,连续低于10 km/h的记录超过180条
2017-12-21 03:17:10,删除长低速记录,0.0,0.0,连续低于10 km/h的记录超过180条
2017-12-21 03:17:11,删除长低速记录,0.0,0.0,连续低于10 km/h的记录超过180条
2017-12-21 03:17:12,删除长低速记录,0.0,0.0,连续低于10 km/h的记录超过180条
2017-12-21 03:17:13,删除长低速记录,0.0,0.0,连续低于10 km/h的记录超过180条
2017-12-21 03:17:14,删除长低速记录,0.0,0.0,连续低于10 km/h的记录超过180条
2017-12-21 03:17:15,删除长低速记录,0.0,0.0,连续低于10 km/h的记录超过180条
2017-12-21 03:17:16,删除长低速记录,0.0,0.0,连续低于10 km/h的记录超过180条
2017-12-21 03:17:17,删除长低速记录,0.0,0.0,连续低于10 km/h的记录超过180条
2017-12-21 03:17:18,删除长低速记录,0.0,0.0,连续低于10 km/h的记录超过180条
2017-12-21 03:17:19,删除长低速记录,0.0,0.0,连续低于10 km/h的记录超过180条
2017-12-21 03:17:20,删除长低速记录,0.0,0.0,连续低于10 km/h的记录超过180条
2017-12-21 03:17:21,删除长低速记录,0.0,0.0,连续低于10 km/h的记录超过180条
2017-12-21 03:17:22,删除长低速记录,0.0,0.0,连续低于10 km/h的记录超过180条
2017-12-21 03:17:23,删除长低速记录,0.0,0.0,连续低于10 km/h的记录超过180条
2017-12-21 03:17:24,删除长低速记录,0.0,0.0,连续低于10 km/h的记录超过180条
2017-12-21 03:17:25,删除长低速记录,0.0,0.0,连续低于10 km/h的记录超过180条
2017-12-21 03:17:26,删除长低速记录,0.0,0.0,连续低于10 km/h的记录超过180条
2017-12-21 03:17:27,删除长低速记录,0.0,0.0,连续低于10 km/h的记录超过180条
2017-12-21 03:17:28,删除长低速记录,0.0,0.0,连续低于10 km/h的记录超过180条
2017-12-21 03:17:29,删除长低速记录,0.0,0.0,连续低于10 km/h的记录超过180条
2017-12-21 03:17:30,删除长低速记录,0.0,0.0,连续低于10 km/h的记录超过180条
2017-12-21 03:17:31,删除长低速记录,0.0,0.0,连续低于10 km/h的记录超过180条
2017-12-21 03:17:32,删除长低速记录,0.0,0.0,连续低于10 km/h的记录超过180条
2017-12-21 03:17:33,删除长低速记录,0.0,0.0,连续低于10 km/h的记录超过180条
2017-12-21 03:17:34,删除长低速记录,0.0,0.0,连续低于10 km/h的记录超过180条
2017-12-21 03:17:35,删除长低速记录,0.0,0.0,连续低于10 km/h的记录超过180条
2017-12-21 03:17:36,删除长低速记录,0.0,0.0,连续低于10 km/h的记录超过180条
2017-12-21 03:17:37,删除长低速记录,0.0,0.0,连续低于10 km/h的记录超过180条
2017-12-21 03:17:38,删除长低速记录,0.0,0.0,连续低于10 km/h的记录超过180条
2017-12-21 03:17:39,删除长低速记录,0.0,0.0,连续低于10 km/h的记录超过180条
2017-12-21 03:17:40,删除长低速记录,0.0,0.0,连续低于10 km/h的记录超过180条
2017-12-21 03:17:41,删除长低速记录,0.0,0.0,连续低于10 km/h的记录超过180条
2017-12-21 03:17:42,删除长低速记录,0.0,0.0,连续低于10 km/h的记录超过180条
2017-12-21 03:17:43,删除长低速记录,0.0,0.0,连续低于10 km/h的记录超过180条
2017-12-21 03:17:44,删除长低速记录,0.0,0.0,连续低于10 km/h的记录超过180条
2017-12-21 03:17:45,删除长低速记录,0.0,0.0,连续低于10 km/h的记录超过180条
2017-12-21 03:17:46,删除长低速记录,0.0,0.0,连续低于10 km/h的记录超过180条
2017-12-21 03:17:47,删除长低速记录,0.0,0.0,连续低于10 km/h的记录超过180条
2017-12-21 03:17:48,删除长低速记录,0.0,0.0,连续低于10 km/h的记录超过180条
2017-12-21 03:17:49,删除长低速记录,0.0,0.0,连续低于10 km/h的记录超过180条
2017-12-21 03:17:50,删除长低速记录,0.0,0.0,连续低于10 km/h的记录超过180条
2017-12-21 03:17:51,删除长低速记录,0.0,0.0,连续低于10 km/h的记录超过180条
2017-12-21 03:17:52,删除长低速记录,0.0,0.0,连续低于10 km/h的记录超过180条
2017-12-21 03:17:53,删除长低速记录,0.0,0.0,连续低于10 km/h的记录超过180条
2017-12-21 03:17:54,删除长低速记录,0.0,0.0,连续低于10 km/h的记录超过180条
2017-12-21 03:17:55,删除长低速记录,0.0,0.0,连续低于10 km/h的记录超过180条
2017-12-21 03:17:56,删除长低速记录,0.0,0.0,连续低于10 km/h的记录超过180条
2017-12-21 03:17:57,删除长低速记录,0.0,0.0,连续低于10 km/h的记录超过180条
2017-12-21 03:17:58,删除长低速记录,0.0,0.0,连续低于10 km/h的记录超过180条
2017-12-21 03:17:59,删除长低速记录,0.0,0.0,连续低于10 km/h的记录超过180条
2017-12-21 03:18:00,删除长低速记录,0.0,0.0,连续低于10 km/h的记录超过180条
2017-12-21 03:18:01,删除长低速记录,0.0,0.0,连续低于10 km/h的记录超过180条
2017-12-21 03:18:02,删除长低速记录,0.0,0.0,连续低于10 km/h的记录超过180条
2017-12-21 03:18:03,删除长低速记录,0.0,0.0,连续低于10 km/h的记录超过180条
2017-12-21 03:18:04,删除长低速记录,0.0,0.0,连续低于10 km/h的记录超过180条
2017-12-21 03:18:05,删除长低速记录,0.0,0.0,连续低于10 km/h的记录超过180条
2017-12-21 03:18:06,删除长低速记录,0.0,0.0,连续低于10 km/h的记录超过180条
2017-12-21 03:18:07,删除长低速记录,0.0,0.0,连续低于10 km/h的记录超过180条
2017-12-21 03:18:08,删除长低速记录,0.0,0.0,连续低于10 km/h的记录超过180条
2017-12-21 03:18:09,删除长低速记录,0.0,0.0,连续低于10 km/h的记录超过180条
2017-12-21 03:18:10,删除长低速记录,0.0,0.0,连续低于10 km/h的记录超过180条
2017-12-21 03:18:11,删除长低速记录,0.0,0.0,连续低于10 km/h的记录超过180条
2017-12-21 03:18:12,删除长低速记录,0.0,0.0,连续低于10 km/h的记录超过180条
2017-12-21 03:18:13,删除长低速记录,0.0,0.0,连续低于10 km/h的记录超过180条
2017-12-21 03:18:14,删除长低速记录,0.0,0.0,连续低于10 km/h的记录超过180条
2017-12-21 03:18:15,删除长低速记录,0.0,0.0,连续低于10 km/h的记录超过180条
2017-12-21 03:18:16,删除长低速记录,0.0,0.0,连续低于10 km/h的记录超过180条
2017-12-21 03:18:17,删除长低速记录,0.0,0.0,连续低于10 km/h的记录超过180条
2017-12-21 03:18:18,删除长低速记录,0.0,0.0,连续低于10 km/h的记录超过180条
2017-12-21 03:18:19,删除长低速记录,0.0,0.0,连续低于10 km/h的记录超过180条
2017-12-21 03:18:20,删除长低速记录,0.0,0.0,连续低于10 km/h的记录超过180条
2017-12-21 03:18:21,删除长低速记录,0.0,0.0,连续低于10 km/h的记录超过180条
2017-12-21 03:18:22,删除长低速记录,0.0,0.0,连续低于10 km/h的记录超过180条
2017-12-21 03:18:23,删除长低速记录,0.0,0.0,连续低于10 km/h的记录超过180条
2017-12-21 03:18:24,删除长低速记录,0.0,0.0,连续低于10 km/h的记录超过180条
2017-12-21 03:18:25,删除长低速记录,0.0,0.0,连续低于10 km/h的记录超过180条
2017-12-21 03:18:26,删除长低速记录,0.0,0.0,连续低于10 km/h的记录超过180条
2017-12-21 03:18:27,删除长低速记录,0.0,0.0,连续低于10 km/h的记录超过180条
2017-12-21 03:18:28,删除长低速记录,0.0,0.0,连续低于10 km/h的记录超过180条
2017-12-21 03:18:29,删除长低速记录,0.0,0.0,连续低于10 km/h的记录超过180条
2017-12-21 03:18:30,删除长低速记录,0.0,0.0,连续低于10 km/h的记录超过180条
2017-12-21 03:18:31,删除长低速记录,0.0,0.0,连续低于10 km/h的记录超过180条
2017-12-21 03:18:32,删除长低速记录,0.0,0.0,连续低于10 km/h的记录超过180条
2017-12-21 03:18:33,删除长低速记录,0.0,0.0,连续低于10 km/h的记录超过180条
2017-12-21 03:18:34,删除长低速记录,0.0,0.0,连续低于10 km/h的记录超过180条
2017-12-21 03:18:35,删除长低速记录,0.0,0.0,连续低于10 km/h的记录超过180条
2017-12-21 03:18:36,删除长低速记录,0.0,0.0,连续低于10 km/h的记录超过180条
2017-12-21 03:18:37,删除长低速记录,0.0,0.0,连续低于10 km/h的记录超过180条
2017-12-21 03:18:38,删除长低速记录,0.0,0.0,连续低于10 km/h的记录超过180条
2017-12-21 03:18:39,删除长低速记录,0.0,0.0,连续低于10 km/h的记录超过180条
2017-12-21 03:18:40,删除长低速记录,0.0,0.0,连续低于10 km/h的记录超过180条
2017-12-21 03:18:41,删除长低速记录,0.0,0.0,连续低于10 km/h的记录超过180条
2017-12-21 03:18:42,删除长低速记录,0.0,0.0,连续低于10 km/h的记录超过180条
2017-12-21 03:18:43,删除长低速记录,0.0,0.0,连续低于10 km/h的记录超过180条
2017-12-21 03:18:44,删除长低速记录,0.0,0.0,连续低于10 km/h的记录超过180条
2017-12-21 03:18:45,删除长低速记录,0.0,0.0,连续低于10 km/h的记录超过180条
2017-12-21 03:18:46,删除长低速记录,0.0,0.0,连续低于10 km/h的记录超过180条
2017-12-21 03:18:47,删除长低速记录,0.0,0.0,连续低于10 km/h的记录超过180条
2017-12-21 03:18:48,删除长低速记录,0.0,0.0,连续低于10 km/h的记录超过180条
2017-12-21 03:18:49,删除长低速记录,0.0,0.0,连续低于10 km/h的记录超过180条
2017-12-21 03:18:50,删除长低速记录,0.0,0.0,连续低于10 km/h的记录超过180条
2017-12-21 03:18:51,删除长低速记录,0.0,0.0,连续低于10 km/h的记录超过180条
2017-12-21 03:18:52,删除长低速记录,0.0,0.0,连续低于10 km/h的记录超过180条
2017-12-21 03:18:53,删除长低速记录,0.0,0.0,连续低于10 km/h的记录超过180条
2017-12-21 03:18:54,删除长低速记录,0.0,0.0,连续低于10 km/h的记录超过180条
2017-12-21 03:18:55,删除长低速记录,0.0,0.0,连续低于10 km/h的记录超过180条
2017-12-21 03:18:56,删除长低速记录,0.0,0.0,连续低于10 km/h的记录超过180条
2017-12-21 03:18:57,删除长低速记录,0.0,0.0,连续低于10 km/h的记录超过180条
2017-12-21 03:18:58,删除长低速记录,0.0,0.0,连续低于10 km/h的记录超过180条
2017-12-21 03:18:59,删除长低速记录,0.0,0.0,连续低于10 km/h的记录超过180条
2017-12-21 03:19:00,删除长低速记录,0.0,0.0,连续低于10 km/h的记录超过180条
2017-12-21 03:19:01,删除长低速记录,0.0,0.0,连续低于10 km/h的记录超过180条
2017-12-21 03:19:02,删除长低速记录,0.0,0.0,连续低于10 km/h的记录超过180条
2017-12-21 03:19:03,删除长低速记录,0.0,0.0,连续低于10 km/h的记录超过180条
2017-12-21 03:19:04,删除长低速记录,0.0,0.0,连续低于10 km/h的记录超过180条
2017-12-21 03:19:05,删除长低速记录,0.0,0.0,连续低于10 km/h的记录超过180条
2017-12-21 03:19:06,删除长低速记录,0.0,0.0,连续低于10 km/h的记录超过180条
2017-12-21 03:19:07,删除长低速记录,0.0,0.0,连续低于10 km/h的记录超过180条
2017-12-21 03:19:08,删除长低速记录,0.0,0.0,连续低于10 km/h的记录超过180条
2017-12-21 03:19:09,删除长低速记录,0.0,0.0,连续低于10 km/h的记录超过180条
2017-12-21 03:19:10,删除长低速记录,0.0,0.0,连续低于10 km/h的记录超过180条
2017-12-21 03:19:11,删除长低速记录,0.0,0.0,连续低于10 km/h的记录超过180条
2017-12-21 03:19:12,删除长低速记录,0.0,0.0,连续低于10 km/h的记录超过180条
2017-12-21 03:19:13,删除长低速记录,0.0,0.0,连续低于10 km/h的记录超过180条
2017-12-21 03:19:14,删除长低速记录,0.0,0.0,连续低于10 km/h的记录超过180条
2017-12-21 03:19:15,删除长低速记录,0.0,0.0,连续低于10 km/h的记录超过180条
2017-12-21 03:19:16,删除长低速记录,0.0,0.0,连续低于10 km/h的记录超过180条
2017-12-21 03:19:17,删除长低速记录,0.0,0.0,连续低于10 km/h的记录超过180条
2017-12-21 03:19:18,删除长低速记录,0.0,0.0,连续低于10 km/h的记录超过180条
2017-12-21 03:19:19,删除长低速记录,0.0,0.0,连续低于10 km/h的记录超过180条
2017-12-21 03:19:20,删除长低速记录,0.0,0.0,连续低于10 km/h的记录超过180条
2017-12-21 03:19:21,删除长低速记录,0.0,0.0,连续低于10 km/h的记录超过180条
2017-12-21 03:19:22,删除长低速记录,0.0,0.0,连续低于10 km/h的记录超过180条
2017-12-21 03:19:23,删除长低速记录,0.0,0.0,连续低于10 km/h的记录超过180条
2017-12-21 03:19:24,删除长低速记录,0.0,0.0,连续低于10 km/h的记录超过180条
2017-12-21 03:19:25,删除长低速记录,0.0,0.0,连续低于10 km/h的记录超过180条
2017-12-21 03:19:26,删除长低速记录,0.0,0.0,连续低于10 km/h的记录超过180条
2017-12-21 03:19:27,删除长低速记录,0.0,0.0,连续低于10 km/h的记录超过180条
2017-12-21 03:19:28,删除长低速记录,0.0,0.0,连续低于10 km/h的记录超过180条
2017-12-21 03:19:29,删除长低速记录,0.0,0.0,连续低于10 km/h的记录超过180条
2017-12-21 03:19:30,删除长低速记录,0.0,0.0,连续低于10 km/h的记录超过180条
2017-12-21 03:19:31,删除长低速记录,0.0,0.0,连续低于10 km/h的记录超过180条
2017-12-21 03:19:32,删除长低速记录,0.0,0.0,连续低于10 km/h的记录超过180条
2017-12-21 03:19:33,删除长低速记录,0.0,0.0,连续低于10 km/h的记录超过180条
2017-12-21 03:19:34,删除长低速记录,0.0,0.0,连续低于10 km/h的记录超过180条
2017-12-21 03:19:35,删除长低速记录,0.0,0.0,连续低于10 km/h的记录超过180条
2017-12-21 03:19:36,删除长低速记录,0.0,0.0,连续低于10 km/h的记录超过180条
2017-12-21 03:19:37,删除长低速记录,0.0,0.0,连续低于10 km/h的记录超过180条
2017-12-21 03:19:38,删除长低速记录,0.0,0.0,连续低于10 km/h的记录超过180条
2017-12-21 03:19:39,删除长低速记录,0.0,0.0,连续低于10 km/h的记录超过180条
2017-12-21 03:19:40,删除长低速记录,0.0,0.0,连续低于10 km/h的记录超过180条
2017-12-21 03:19:41,删除长低速记录,0.0,0.0,连续低于10 km/h的记录超过180条
2017-12-21 03:19:42,删除长低速记录,0.0,0.0,连续低于10 km/h的记录超过180条
2017-12-21 03:19:43,删除长低速记录,0.0,0.0,连续低于10 km/h的记录超过180条
2017-12-21 03:19:44,删除长低速记录,0.0,0.0,连续低于10 km/h的记录超过180条
2017-12-21 03:19:45,删除长低速记录,0.0,0.0,连续低于10 km/h的记录超过180条
2017-12-21 03:19:46,删除长低速记录,0.0,0.0,连续低于10 km/h的记录超过180条
2017-12-21 03:19:47,删除长低速记录,0.0,0.0,连续低于10 km/h的记录超过180条
2017-12-21 03:19:48,删除长低速记录,0.0,0.0,连续低于10 km/h的记录超过180条
2017-12-21 03:19:49,删除长低速记录,0.0,0.0,连续低于10 km/h的记录超过180条
2017-12-21 03:19:50,删除长低速记录,0.0,0.0,连续低于10 km/h的记录超过180条
2017-12-21 03:19:51,删除长低速记录,0.0,0.0,连续低于10 km/h的记录超过180条
2017-12-21 03:19:52,删除长低速记录,0.0,0.0,连续低于10 km/h的记录超过180条
2017-12-21 03:19:53,删除长低速记录,0.0,0.0,连续低于10 km/h的记录超过180条
2017-12-21 03:19:54,删除长低速记录,0.0,0.0,连续低于10 km/h的记录超过180条
2017-12-21 03:19:55,删除长低速记录,0.0,0.0,连续低于10 km/h的记录超过180条
2017-12-21 03:19:56,删除长低速记录,0.0,0.0,连续低于10 km/h的记录超过180条
2017-12-21 03:19:57,删除长低速记录,0.0,0.0,连续低于10 km/h的记录超过180条
2017-12-21 03:19:58,删除长低速记录,0.0,0.0,连续低于10 km/h的记录超过180条
2017-12-21 03:19:59,删除长低速记录,0.0,0.0,连续低于10 km/h的记录超过180条
2017-12-21 03:20:00,删除长低速记录,0.0,0.0,连续低于10 km/h的记录超过180条
2017-12-21 03:20:01,删除长低速记录,0.0,0.0,连续低于10 km/h的记录超过180条
2017-12-21 03:20:02,删除长低速记录,0.0,0.0,连续低于10 km/h的记录超过180条
2017-12-21 03:20:03,删除长低速记录,0.0,0.0,连续低于10 km/h的记录超过180条
2017-12-21 03:20:04,删除长低速记录,0.0,0.0,连续低于10 km/h的记录超过180条
2017-12-21 03:20:05,删除长低速记录,0.0,0.0,连续低于10 km/h的记录超过180条
2017-12-21 03:20:06,删除长低速记录,0.0,0.0,连续低于10 km/h的记录超过180条
2017-12-21 03:20:07,删除长低速记录,0.0,0.0,连续低于10 km/h的记录超过180条
2017-12-21 03:20:08,删除长低速记录,0.0,0.0,连续低于10 km/h的记录超过180条
2017-12-21 03:20:09,删除长低速记录,0.0,0.0,连续低于10 km/h的记录超过180条
2017-12-21 03:20:10,删除长低速记录,0.0,0.0,连续低于10 km/h的记录超过180条
2017-12-21 03:20:11,删除长低速记录,0.0,0.0,连续低于10 km/h的记录超过180条
2017-12-21 03:20:12,删除长低速记录,0.0,0.0,连续低于10 km/h的记录超过180条
2017-12-21 03:20:13,删除长低速记录,0.0,0.0,连续低于10 km/h的记录超过180条
2017-12-21 03:20:14,删除长低速记录,0.0,0.0,连续低于10 km/h的记录超过180条
2017-12-21 03:20:15,删除长低速记录,0.0,0.0,连续低于10 km/h的记录超过180条
2017-12-21 03:20:16,删除长低速记录,0.0,0.0,连续低于10 km/h的记录超过180条
2017-12-21 03:20:17,删除长低速记录,0.0,0.0,连续低于10 km/h的记录超过180条
2017-12-21 03:20:18,删除长低速记录,0.0,0.0,连续低于10 km/h的记录超过180条
2017-12-21 03:20:19,删除长低速记录,0.0,0.0,连续低于10 km/h的记录超过180条
2017-12-21 03:20:20,删除长低速记录,0.0,0.0,连续低于10 km/h的记录超过180条
2017-12-21 03:20:21,删除长低速记录,0.0,0.0,连续低于10 km/h的记录超过180条
2017-12-21 03:20:22,删除长低速记录,0.0,0.0,连续低于10 km/h的记录超过180条
2017-12-21 03:20:23,删除长低速记录,0.0,0.0,连续低于10 km/h的记录超过180条
2017-12-21 03:20:24,删除长低速记录,0.0,0.0,连续低于10 km/h的记录超过180条
2017-12-21 03:20:25,删除长低速记录,0.0,0.0,连续低于10 km/h的记录超过180条
2017-12-21 03:20:26,删除长低速记录,0.0,0.0,连续低于10 km/h的记录超过180条
2017-12-21 03:20:27,删除长低速记录,0.0,0.0,连续低于10 km/h的记录超过180条
2017-12-21 03:20:28,删除长低速记录,0.0,0.0,连续低于10 km/h的记录超过180条
2017-12-21 03:20:29,删除长低速记录,0.0,0.0,连续低于10 km/h的记录超过180条
2017-12-21 03:20:30,删除长低速记录,0.0,0.0,连续低于10 km/h的记录超过180条
2017-12-21 03:20:31,删除长低速记录,0.0,0.0,连续低于10 km/h的记录超过180条
2017-12-21 03:20:32,删除长低速记录,0.0,0.0,连续低于10 km/h的记录超过180条
2017-12-21 03:20:33,删除长低速记录,0.0,0.0,连续低于10 km/h的记录超过180条
2017-12-21 03:20:34,删除长低速记录,0.0,0.0,连续低于10 km/h的记录超过180条
2017-12-21 03:20:35,删除长低速记录,0.0,0.0,连续低于10 km/h的记录超过180条
2017-12-21 03:20:36,删除长低速记录,0.0,0.0,连续低于10 km/h的记录超过180条
2017-12-21 03:20:37,删除长低速记录,0.0,0.0,连续低于10 km/h的记录超过180条
2017-12-21 03:20:38,删除长低速记录,0.0,0.0,连续低于10 km/h的记录超过180条
2017-12-21 03:20:39,删除长低速记录,0.0,0.0,连续低于10 km/h的记录超过180条
2017-12-21 03:20:40,删除长低速记录,0.0,0.0,连续低于10 km/h的记录超过180条
2017-12-21 03:20:41,删除长低速记录,0.0,0.0,连续低于10 km/h的记录超过180条
2017-12-21 03:20:42,删除长低速记录,0.0,0.0,连续低于10 km/h的记录超过180条
2017-12-21 03:20:43,删除长低速记录,0.0,0.0,连续低于10 km/h的记录超过180条
2017-12-21 03:20:44,删除长低速记录,0.0,0.0,连续低于10 km/h的记录超过180条
2017-12-21 03:20:45,删除长低速记录,0.0,0.0,连续低于10 km/h的记录超过180条
2017-12-21 03:20:46,删除长低速记录,0.0,0.0,连续低于10 km/h的记录超过180条
2017-12-21 03:20:47,删除长低速记录,0.0,0.0,连续低于10 km/h的记录超过180条
2017-12-21 03:20:48,删除长低速记录,0.0,0.0,连续低于10 km/h的记录超过180条
2017-12-21 03:20:49,删除长低速记录,0.0,0.0,连续低于10 km/h的记录超过180条
2017-12-21 03:20:50,删除长低速记录,0.0,0.0,连续低于10 km/h的记录超过180条
2017-12-21 03:20:51,删除长低速记录,0.0,0.0,连续低于10 km/h的记录超过180条
2017-12-21 03:20:52,删除长低速记录,0.0,0.0,连续低于10 km/h的记录超过180条
2017-12-21 03:20:53,删除长低速记录,0.0,0.0,连续低于10 km/h的记录超过180条
2017-12-21 03:20:54,删除长低速记录,0.0,0.0,连续低于10 km/h的记录超过180条
2017-12-21 03:20:55,删除长低速记录,0.0,0.0,连续低于10 km/h的记录超过180条
2017-12-21 03:20:56,删除长低速记录,0.0,0.0,连续低于10 km/h的记录超过180条
2017-12-21 03:20:57,删除长低速记录,0.0,0.0,连续低于10 km/h的记录超过180条
2017-12-21 03:20:58,删除长低速记录,0.0,0.0,连续低于10 km/h的记录超过180条
2017-12-21 03:20:59,删除长低速记录,0.0,0.0,连续低于10 km/h的记录超过180条
2017-12-21 03:21:00,删除长低速记录,0.0,0.0,连续低于10 km/h的记录超过180条
2017-12-21 03:21:01,删除长低速记录,0.0,0.0,连续低于10 km/h的记录超过180条
2017-12-21 03:21:02,删除长低速记录,0.0,0.0,连续低于10 km/h的记录超过180条
2017-12-21 03:21:03,删除长低速记录,0.0,0.0,连续低于10 km/h的记录超过180条
2017-12-21 03:21:04,删除长低速记录,0.0,0.0,连续低于10 km/h的记录超过180条
2017-12-21 03:21:05,删除长低速记录,0.0,0.0,连续低于10 km/h的记录超过180条
2017-12-21 03:21:06,删除长低速记录,0.0,0.0,连续低于10 km/h的记录超过180条
2017-12-21 03:21:07,删除长低速记录,0.0,0.0,连续低于10 km/h的记录超过180条
2017-12-21 03:21:08,删除长低速记录,0.0,0.0,连续低于10 km/h的记录超过180条
2017-12-21 03:21:09,删除长低速记录,0.0,0.0,连续低于10 km/h的记录超过180条
2017-12-21 03:21:10,删除长低速记录,0.0,0.0,连续低于10 km/h的记录超过180条
2017-12-21 03:21:11,删除长低速记录,0.0,0.0,连续低于10 km/h的记录超过180条
2017-12-21 03:21:12,删除长低速记录,0.0,0.0,连续低于10 km/h的记录超过180条
2017-12-21 03:21:13,删除长低速记录,0.0,0.0,连续低于10 km/h的记录超过180条
2017-12-21 03:21:14,删除长低速记录,0.0,0.0,连续低于10 km/h的记录超过180条
2017-12-21 03:21:15,删除长低速记录,0.0,0.0,连续低于10 km/h的记录超过180条
2017-12-21 03:21:16,删除长低速记录,0.0,0.0,连续低于10 km/h的记录超过180条
2017-12-21 03:21:17,删除长低速记录,0.0,0.0,连续低于10 km/h的记录超过180条
2017-12-21 03:21:18,删除长低速记录,0.0,0.0,连续低于10 km/h的记录超过180条
2017-12-21 03:21:19,删除长低速记录,0.0,0.0,连续低于10 km/h的记录超过180条
2017-12-21 03:21:20,删除长低速记录,0.0,0.0,连续低于10 km/h的记录超过180条
2017-12-21 03:21:21,删除长低速记录,0.0,0.0,连续低于10 km/h的记录超过180条
2017-12-21 03:21:22,删除长低速记录,0.0,0.0,连续低于10 km/h的记录超过180条
2017-12-21 03:21:23,删除长低速记录,0.0,0.0,连续低于10 km/h的记录超过180条
2017-12-21 03:21:24,删除长低速记录,0.0,0.0,连续低于10 km/h的记录超过180条
2017-12-21 03:21:25,删除长低速记录,0.0,0.0,连续低于10 km/h的记录超过180条
2017-12-21 03:21:26,删除长低速记录,0.0,0.0,连续低于10 km/h的记录超过180条
2017-12-21 03:21:27,删除长低速记录,0.0,0.0,连续低于10 km/h的记录超过180条
2017-12-21 03:21:28,删除长低速记录,0.0,0.0,连续低于10 km/h的记录超过180条
2017-12-21 03:21:29,删除长低速记录,0.0,0.0,连续低于10 km/h的记录超过180条
2017-12-21 03:21:30,删除长低速记录,0.0,0.0,连续低于10 km/h的记录超过180条
2017-12-21 03:21:31,删除长低速记录,0.0,0.0,连续低于10 km/h的记录超过180条
2017-12-21 03:21:32,删除长低速记录,0.0,0.0,连续低于10 km/h的记录超过180条
2017-12-21 03:21:33,删除长低速记录,0.0,0.0,连续低于10 km/h的记录超过180条
2017-12-21 03:21:34,删除长低速记录,0.0,0.0,连续低于10 km/h的记录超过180条
2017-12-21 03:21:35,删除长低速记录,0.0,0.0,连续低于10 km/h的记录超过180条
2017-12-21 03:21:36,删除长低速记录,0.0,0.0,连续低于10 km/h的记录超过180条
2017-12-21 03:21:37,删除长低速记录,0.0,0.0,连续低于10 km/h的记录超过180条
2017-12-21 03:21:38,删除长低速记录,0.0,0.0,连续低于10 km/h的记录超过180条
2017-12-21 03:21:39,删除长低速记录,0.0,0.0,连续低于10 km/h的记录超过180条
2017-12-21 03:21:40,删除长低速记录,0.0,0.0,连续低于10 km/h的记录超过180条
2017-12-21 03:21:41,删除长低速记录,0.0,0.0,连续低于10 km/h的记录超过180条
2017-12-21 03:21:42,删除长低速记录,0.0,0.0,连续低于10 km/h的记录超过180条
2017-12-21 03:21:43,删除长低速记录,0.0,0.0,连续低于10 km/h的记录超过180条
2017-12-21 03:21:44,删除长低速记录,0.0,0.0,连续低于10 km/h的记录超过180条
2017-12-21 03:21:45,删除长低速记录,0.0,0.0,连续低于10 km/h的记录超过180条
2017-12-21 03:21:46,删除长低速记录,0.0,0.0,连续低于10 km/h的记录超过180条
2017-12-21 03:21:47,删除长低速记录,0.0,0.0,连续低于10 km/h的记录超过180条
2017-12-21 03:21:48,删除长低速记录,0.0,0.0,连续低于10 km/h的记录超过180条
2017-12-21 03:21:49,删除长低速记录,0.0,0.0,连续低于10 km/h的记录超过180条
2017-12-21 03:21:50,删除长低速记录,0.0,0.0,连续低于10 km/h的记录超过180条
2017-12-21 03:21:51,删除长低速记录,0.0,0.0,连续低于10 km/h的记录超过180条
2017-12-21 03:21:52,删除长低速记录,0.0,0.0,连续低于10 km/h的记录超过180条
2017-12-21 03:21:53,删除长低速记录,0.0,0.0,连续低于10 km/h的记录超过180条
2017-12-21 03:21:54,删除长低速记录,0.0,0.0,连续低于10 km/h的记录超过180条
2017-12-21 03:21:55,删除长低速记录,0.0,0.0,连续低于10 km/h的记录超过180条
2017-12-21 03:21:56,删除长低速记录,0.0,0.0,连续低于10 km/h的记录超过180条
2017-12-21 03:21:57,删除长低速记录,0.0,0.0,连续低于10 km/h的记录超过180条
2017-12-21 03:21:58,删除长低速记录,0.0,0.0,连续低于10 km/h的记录超过180条
2017-12-21 03:21:59,删除长低速记录,0.0,0.0,连续低于10 km/h的记录超过180条
2017-12-21 03:22:00,删除长低速记录,0.0,0.0,连续低于10 km/h的记录超过180条
2017-12-21 03:22:01,删除长低速记录,0.0,0.0,连续低于10 km/h的记录超过180条
2017-12-21 03:22:02,删除长低速记录,0.0,0.0,连续低于10 km/h的记录超过180条
2017-12-21 03:22:03,删除长低速记录,0.0,0.0,连续低于10 km/h的记录超过180条
2017-12-21 03:22:04,删除长低速记录,0.0,0.0,连续低于10 km/h的记录超过180条
2017-12-21 03:22:05,删除长低速记录,0.0,0.0,连续低于10 km/h的记录超过180条
2017-12-21 03:22:06,删除长低速记录,0.0,0.0,连续低于10 km/h的记录超过180条
2017-12-21 03:22:07,删除长低速记录,0.0,0.0,连续低于10 km/h的记录超过180条
2017-12-21 03:22:08,删除长低速记录,0.0,0.0,连续低于10 km/h的记录超过180条
2017-12-21 03:22:09,删除长低速记录,0.0,0.0,连续低于10 km/h的记录超过180条
2017-12-21 03:22:10,删除长低速记录,0.0,0.0,连续低于10 km/h的记录超过180条
2017-12-21 03:22:11,删除长低速记录,0.0,0.0,连续低于10 km/h的记录超过180条
2017-12-21 03:22:12,删除长低速记录,0.0,0.0,连续低于10 km/h的记录超过180条
2017-12-21 03:22:13,删除长低速记录,0.0,0.0,连续低于10 km/h的记录超过180条
2017-12-21 03:22:14,删除长低速记录,0.0,0.0,连续低于10 km/h的记录超过180条
2017-12-21 03:22:15,删除长低速记录,0.0,0.0,连续低于10 km/h的记录超过180条
2017-12-21 03:22:16,删除长低速记录,0.0,0.0,连续低于10 km/h的记录超过180条
2017-12-21 03:22:17,删除长低速记录,0.0,0.0,连续低于10 km/h的记录超过180条
2017-12-21 03:22:18,删除长低速记录,0.0,0.0,连续低于10 km/h的记录超过180条
2017-12-21 03:22:19,删除长低速记录,0.0,0.0,连续低于10 km/h的记录超过180条
2017-12-21 03:22:20,删除长低速记录,0.0,0.0,连续低于10 km/h的记录超过180条
2017-12-21 03:22:21,删除长低速记录,0.0,0.0,连续低于10 km/h的记录超过180条
2017-12-21 03:22:22,删除长低速记录,0.0,0.0,连续低于10 km/h的记录超过180条
2017-12-21 03:22:23,删除长低速记录,0.0,0.0,连续低于10 km/h的记录超过180条
2017-12-21 03:22:24,删除长低速记录,0.0,0.0,连续低于10 km/h的记录超过180条
2017-12-21 03:22:25,删除长低速记录,0.0,0.0,连续低于10 km/h的记录超过180条
2017-12-21 03:22:26,删除长低速记录,0.0,0.0,连续低于10 km/h的记录超过180条
2017-12-21 03:22:27,删除长低速记录,0.0,0.0,连续低于10 km/h的记录超过180条
2017-12-21 03:22:28,删除长低速记录,0.0,0.0,连续低于10 km/h的记录超过180条
2017-12-21 03:22:29,删除长低速记录,0.0,0.0,连续低于10 km/h的记录超过180条
2017-12-21 03:22:30,删除长低速记录,0.0,0.0,连续低于10 km/h的记录超过180条
2017-12-21 03:22:31,删除长低速记录,0.0,0.0,连续低于10 km/h的记录超过180条
2017-12-21 03:22:32,删除长低速记录,0.0,0.0,连续低于10 km/h的记录超过180条
2017-12-21 03:22:33,删除长低速记录,0.0,0.0,连续低于10 km/h的记录超过180条
2017-12-21 03:22:34,删除长低速记录,0.0,0.0,连续低于10 km/h的记录超过180条
2017-12-21 03:22:35,删除长低速记录,0.0,0.0,连续低于10 km/h的记录超过180条
2017-12-21 03:22:36,删除长低速记录,0.0,0.0,连续低于10 km/h的记录超过180条
2017-12-21 03:22:37,删除长低速记录,0.0,0.0,连续低于10 km/h的记录超过180条
2017-12-21 03:22:38,删除长低速记录,0.0,0.0,连续低于10 km/h的记录超过180条
2017-12-21 03:22:39,删除长低速记录,0.0,0.0,连续低于10 km/h的记录超过180条
2017-12-21 03:22:40,删除长低速记录,0.0,0.0,连续低于10 km/h的记录超过180条
2017-12-21 03:22:41,删除长低速记录,0.0,0.0,连续低于10 km/h的记录超过180条
2017-12-21 03:22:42,删除长低速记录,0.0,0.0,连续低于10 km/h的记录超过180条
2017-12-21 03:22:43,删除长低速记录,0.0,0.0,连续低于10 km/h的记录超过180条
2017-12-21 03:22:44,删除长低速记录,0.0,0.0,连续低于10 km/h的记录超过180条
2017-12-21 03:22:45,删除长低速记录,0.0,0.0,连续低于10 km/h的记录超过180条
2017-12-21 03:22:46,删除长低速记录,0.0,0.0,连续低于10 km/h的记录超过180条
2017-12-21 03:22:47,删除长低速记录,0.0,0.0,连续低于10 km/h的记录超过180条
2017-12-21 03:22:48,删除长低速记录,0.0,0.0,连续低于10 km/h的记录超过180条
2017-12-21 03:22:49,删除长低速记录,0.0,0.0,连续低于10 km/h的记录超过180条
2017-12-21 03:22:50,删除长低速记录,0.0,0.0,连续低于10 km/h的记录超过180条
2017-12-21 03:22:51,删除长低速记录,0.0,0.0,连续低于10 km/h的记录超过180条
2017-12-21 03:22:52,删除长低速记录,0.0,0.0,连续低于10 km/h的记录超过180条
2017-12-21 03:22:53,删除长低速记录,0.0,0.0,连续低于10 km/h的记录超过180条
2017-12-21 03:22:54,删除长低速记录,0.0,0.0,连续低于10 km/h的记录超过180条
2017-12-21 03:22:55,删除长低速记录,0.0,0.0,连续低于10 km/h的记录超过180条
2017-12-21 03:22:56,删除长低速记录,0.0,0.0,连续低于10 km/h的记录超过180条
2017-12-21 03:22:57,删除长低速记录,0.0,0.0,连续低于10 km/h的记录超过180条
2017-12-21 03:22:58,删除长低速记录,0.0,0.0,连续低于10 km/h的记录超过180条
2017-12-21 03:22:59,删除长低速记录,0.0,0.0,连续低于10 km/h的记录超过180条
2017-12-21 03:23:00,删除长低速记录,0.0,0.0,连续低于10 km/h的记录超过180条
2017-12-21 03:23:01,删除长低速记录,0.0,0.0,连续低于10 km/h的记录超过180条
2017-12-21 03:23:02,删除长低速记录,0.0,0.0,连续低于10 km/h的记录超过180条
2017-12-21 03:23:03,删除长低速记录,0.0,0.0,连续低于10 km/h的记录超过180条
2017-12-21 03:23:04,删除长低速记录,0.0,0.0,连续低于10 km/h的记录超过180条
2017-12-21 03:23:05,删除长低速记录,0.0,0.0,连续低于10 km/h的记录超过180条
2017-12-21 03:23:06,删除长低速记录,0.0,0.0,连续低于10 km/h的记录超过180条
2017-12-21 03:23:07,删除长低速记录,0.0,0.0,连续低于10 km/h的记录超过180条
2017-12-21 03:23:08,删除长低速记录,0.0,0.0,连续低于10 km/h的记录超过180条
2017-12-21 03:23:09,删除长低速记录,0.0,0.0,连续低于10 km/h的记录超过180条
2017-12-21 03:23:10,删除长低速记录,0.0,0.0,连续低于10 km/h的记录超过180条
2017-12-21 03:23:11,删除长低速记录,0.0,0.0,连续低于10 km/h的记录超过180条
2017-12-21 03:23:12,删除长低速记录,0.0,0.0,连续低于10 km/h的记录超过180条
2017-12-21 03:23:13,删除长低速记录,0.0,0.0,连续低于10 km/h的记录超过180条
2017-12-21 03:23:14,删除长低速记录,0.0,0.0,连续低于10 km/h的记录超过180条
2017-12-21 03:23:15,删除长低速记录,0.0,0.0,连续低于10 km/h的记录超过180条
2017-12-21 03:23:16,删除长低速记录,0.0,0.0,连续低于10 km/h的记录超过180条
2017-12-21 03:23:17,删除长低速记录,0.0,0.0,连续低于10 km/h的记录超过180条
2017-12-21 03:23:18,删除长低速记录,0.0,0.0,连续低于10 km/h的记录超过180条
2017-12-21 03:23:19,删除长低速记录,0.0,0.0,连续低于10 km/h的记录超过180条
2017-12-21 03:23:20,删除长低速记录,0.0,0.0,连续低于10 km/h的记录超过180条
2017-12-21 03:23:21,删除长低速记录,0.0,0.0,连续低于10 km/h的记录超过180条
2017-12-21 03:23:22,删除长低速记录,0.0,0.0,连续低于10 km/h的记录超过180条
2017-12-21 03:23:23,删除长低速记录,0.0,0.0,连续低于10 km/h的记录超过180条
2017-12-21 03:23:24,删除长低速记录,0.0,0.0,连续低于10 km/h的记录超过180条
2017-12-21 03:23:25,删除长低速记录,0.0,0.0,连续低于10 km/h的记录超过180条
2017-12-21 03:23:26,删除长低速记录,0.0,0.0,连续低于10 km/h的记录超过180条
2017-12-21 03:23:27,删除长低速记录,0.0,0.0,连续低于10 km/h的记录超过180条
2017-12-21 03:23:28,删除长低速记录,0.0,0.0,连续低于10 km/h的记录超过180条
2017-12-21 03:23:29,删除长低速记录,0.0,0.0,连续低于10 km/h的记录超过180条
2017-12-21 03:23:30,删除长低速记录,0.0,0.0,连续低于10 km/h的记录超过180条
2017-12-21 03:23:31,删除长低速记录,0.0,0.0,连续低于10 km/h的记录超过180条
2017-12-21 03:23:32,删除长低速记录,0.0,0.0,连续低于10 km/h的记录超过180条
2017-12-21 03:23:33,删除长低速记录,0.0,0.0,连续低于10 km/h的记录超过180条
2017-12-21 03:23:34,删除长低速记录,0.0,0.0,连续低于10 km/h的记录超过180条
2017-12-21 03:23:35,删除长低速记录,0.0,0.0,连续低于10 km/h的记录超过180条
2017-12-21 03:23:36,删除长低速记录,0.0,0.0,连续低于10 km/h的记录超过180条
2017-12-21 03:23:37,删除长低速记录,0.0,0.0,连续低于10 km/h的记录超过180条
2017-12-21 03:23:38,删除长低速记录,0.0,0.0,连续低于10 km/h的记录超过180条
2017-12-21 03:23:39,删除长低速记录,0.0,0.0,连续低于10 km/h的记录超过180条
2017-12-21 03:23:40,删除长低速记录,0.0,0.0,连续低于10 km/h的记录超过180条
2017-12-21 03:23:41,删除长低速记录,0.0,0.0,连续低于10 km/h的记录超过180条
2017-12-21 03:23:42,删除长低速记录,0.0,0.0,连续低于10 km/h的记录超过180条
2017-12-21 03:23:43,删除长低速记录,0.0,0.0,连续低于10 km/h的记录超过180条
2017-12-21 03:23:44,删除长低速记录,0.0,0.0,连续低于10 km/h的记录超过180条
2017-12-21 03:23:45,删除长低速记录,0.0,0.0,连续低于10 km/h的记录超过180条
2017-12-21 03:23:46,删除长低速记录,0.0,0.0,连续低于10 km/h的记录超过180条
2017-12-21 03:23:47,删除长低速记录,0.0,0.0,连续低于10 km/h的记录超过180条
2017-12-21 03:23:48,删除长低速记录,0.0,0.0,连续低于10 km/h的记录超过180条
2017-12-21 03:23:49,删除长低速记录,0.0,0.0,连续低于10 km/h的记录超过180条
2017-12-21 03:23:50,删除长低速记录,0.0,0.0,连续低于10 km/h的记录超过180条
2017-12-21 03:23:51,删除长低速记录,0.0,0.0,连续低于10 km/h的记录超过180条
2017-12-21 03:23:52,删除长低速记录,0.0,0.0,连续低于10 km/h的记录超过180条
2017-12-21 03:23:53,删除长低速记录,0.0,0.0,连续低于10 km/h的记录超过180条
2017-12-21 03:23:54,删除长低速记录,0.0,0.0,连续低于10 km/h的记录超过180条
2017-12-21 03:23:55,删除长低速记录,0.0,0.0,连续低于10 km/h的记录超过180条
2017-12-21 03:23:56,删除长低速记录,0.0,0.0,连续低于10 km/h的记录超过180条
2017-12-21 03:23:57,删除长低速记录,0.0,0.0,连续低于10 km/h的记录超过180条
2017-12-21 03:23:58,删除长低速记录,0.0,0.0,连续低于10 km/h的记录超过180条
2017-12-21 03:23:59,删除长低速记录,0.0,0.0,连续低于10 km/h的记录超过180条
2017-12-21 03:24:00,删除长低速记录,0.0,0.0,连续低于10 km/h的记录超过180条
2017-12-21 03:24:01,删除长低速记录,0.0,0.0,连续低于10 km/h的记录超过180条
2017-12-21 03:24:02,删除长低速记录,0.0,0.0,连续低于10 km/h的记录超过180条
2017-12-21 03:24:03,删除长低速记录,0.0,0.0,连续低于10 km/h的记录超过180条
2017-12-21 03:24:04,删除长低速记录,0.0,0.0,连续低于10 km/h的记录超过180条
2017-12-21 03:24:05,删除长低速记录,0.0,0.0,连续低于10 km/h的记录超过180条
2017-12-21 03:24:06,删除长低速记录,0.0,0.0,连续低于10 km/h的记录超过180条
2017-12-21 03:24:07,删除长低速记录,0.0,0.0,连续低于10 km/h的记录超过180条
2017-12-21 03:24:08,删除长低速记录,0.0,0.0,连续低于10 km/h的记录超过180条
2017-12-21 03:24:09,删除长低速记录,0.0,0.0,连续低于10 km/h的记录超过180条
2017-12-21 03:24:10,删除长低速记录,0.0,0.0,连续低于10 km/h的记录超过180条
2017-12-21 03:24:11,删除长低速记录,0.0,0.0,连续低于10 km/h的记录超过180条
2017-12-21 03:24:12,删除长低速记录,0.0,0.0,连续低于10 km/h的记录超过180条
2017-12-21 03:24:13,删除长低速记录,0.0,0.0,连续低于10 km/h的记录超过180条
2017-12-21 03:24:14,删除长低速记录,0.0,0.0,连续低于10 km/h的记录超过180条
2017-12-21 03:24:15,删除长低速记录,0.0,0.0,连续低于10 km/h的记录超过180条
2017-12-21 03:24:16,删除长低速记录,0.0,0.0,连续低于10 km/h的记录超过180条
2017-12-21 03:24:17,删除长低速记录,0.0,0.0,连续低于10 km/h的记录超过180条
2017-12-21 03:24:18,删除长低速记录,0.0,0.0,连续低于10 km/h的记录超过180条
2017-12-21 03:24:19,删除长低速记录,0.0,0.0,连续低于10 km/h的记录超过180条
2017-12-21 03:24:20,删除长低速记录,0.0,0.0,连续低于10 km/h的记录超过180条
2017-12-21 03:24:21,删除长低速记录,0.0,0.0,连续低于10 km/h的记录超过180条
2017-12-21 03:24:22,删除长低速记录,0.0,0.0,连续低于10 km/h的记录超过180条
2017-12-21 03:24:23,删除长低速记录,0.0,0.0,连续低于10 km/h的记录超过180条
2017-12-21 03:24:24,删除长低速记录,0.0,0.0,连续低于10 km/h的记录超过180条
2017-12-21 03:24:25,删除长低速记录,0.0,0.0,连续低于10 km/h的记录超过180条
2017-12-21 03:24:26,删除长低速记录,0.0,0.0,连续低于10 km/h的记录超过180条
2017-12-21 03:24:27,删除长低速记录,0.0,0.0,连续低于10 km/h的记录超过180条
2017-12-21 03:24:28,删除长低速记录,0.0,0.0,连续低于10 km/h的记录超过180条
2017-12-21 03:24:29,删除长低速记录,0.0,0.0,连续低于10 km/h的记录超过180条
2017-12-21 03:24:30,删除长低速记录,0.0,0.0,连续低于10 km/h的记录超过180条
2017-12-21 03:24:31,删除长低速记录,0.0,0.0,连续低于10 km/h的记录超过180条
2017-12-21 03:24:32,删除长低速记录,0.0,0.0,连续低于10 km/h的记录超过180条
2017-12-21 03:24:33,删除长低速记录,0.0,0.0,连续低于10 km/h的记录超过180条
2017-12-21 03:24:34,删除长低速记录,0.0,0.0,连续低于10 km/h的记录超过180条
2017-12-21 03:24:35,删除长低速记录,0.0,0.0,连续低于10 km/h的记录超过180条
2017-12-21 03:24:36,删除长低速记录,0.0,0.0,连续低于10 km/h的记录超过180条
2017-12-21 03:24:37,删除长低速记录,0.0,0.0,连续低于10 km/h的记录超过180条
2017-12-21 03:24:38,删除长低速记录,0.0,0.0,连续低于10 km/h的记录超过180条
2017-12-21 03:24:39,删除长低速记录,0.0,0.0,连续低于10 km/h的记录超过180条
2017-12-21 03:24:40,删除长低速记录,0.0,0.0,连续低于10 km/h的记录超过180条
2017-12-21 03:24:41,删除长低速记录,0.0,0.0,连续低于10 km/h的记录超过180条
2017-12-21 03:24:42,删除长低速记录,0.0,0.0,连续低于10 km/h的记录超过180条
2017-12-21 03:24:43,删除长低速记录,0.0,0.0,连续低于10 km/h的记录超过180条
2017-12-21 03:24:44,删除长低速记录,0.0,0.0,连续低于10 km/h的记录超过180条
2017-12-21 03:24:45,删除长低速记录,0.0,0.0,连续低于10 km/h的记录超过180条
2017-12-21 03:24:46,删除长低速记录,0.0,0.0,连续低于10 km/h的记录超过180条
2017-12-21 03:24:47,删除长低速记录,0.0,0.0,连续低于10 km/h的记录超过180条
2017-12-21 03:24:48,删除长低速记录,0.0,0.0,连续低于10 km/h的记录超过180条
2017-12-21 03:24:49,删除长低速记录,0.0,0.0,连续低于10 km/h的记录超过180条
2017-12-21 03:24:50,删除长低速记录,0.0,0.0,连续低于10 km/h的记录超过180条
2017-12-21 03:24:51,删除长低速记录,0.0,0.0,连续低于10 km/h的记录超过180条
2017-12-21 03:24:52,删除长低速记录,0.0,0.0,连续低于10 km/h的记录超过180条
2017-12-21 03:24:53,删除长低速记录,0.0,0.0,连续低于10 km/h的记录超过180条
2017-12-21 03:24:54,删除长低速记录,0.0,0.0,连续低于10 km/h的记录超过180条
2017-12-21 03:24:55,删除长低速记录,0.0,0.0,连续低于10 km/h的记录超过180条
2017-12-21 03:24:56,删除长低速记录,0.0,0.0,连续低于10 km/h的记录超过180条
2017-12-21 03:24:57,删除长低速记录,0.0,0.0,连续低于10 km/h的记录超过180条
2017-12-21 03:24:58,删除长低速记录,0.0,0.0,连续低于10 km/h的记录超过180条
2017-12-21 03:24:59,删除长低速记录,0.0,0.0,连续低于10 km/h的记录超过180条
2017-12-21 03:25:00,删除长低速记录,0.0,0.0,连续低于10 km/h的记录超过180条
2017-12-21 03:25:01,删除长低速记录,0.0,0.0,连续低于10 km/h的记录超过180条
2017-12-21 03:25:02,删除长低速记录,0.0,0.0,连续低于10 km/h的记录超过180条
2017-12-21 03:25:03,删除长低速记录,0.0,0.0,连续低于10 km/h的记录超过180条
2017-12-21 03:25:04,删除长低速记录,0.0,0.0,连续低于10 km/h的记录超过180条
2017-12-21 03:25:05,删除长低速记录,0.0,0.0,连续低于10 km/h的记录超过180条
2017-12-21 03:25:06,删除长低速记录,0.0,0.0,连续低于10 km/h的记录超过180条
2017-12-21 03:25:07,删除长低速记录,0.0,0.0,连续低于10 km/h的记录超过180条
2017-12-21 03:25:08,删除长低速记录,0.0,0.0,连续低于10 km/h的记录超过180条
2017-12-21 03:25:09,删除长低速记录,0.0,0.0,连续低于10 km/h的记录超过180条
2017-12-21 03:25:10,删除长低速记录,0.0,0.0,连续低于10 km/h的记录超过180条
2017-12-21 03:25:11,删除长低速记录,0.0,0.0,连续低于10 km/h的记录超过180条
2017-12-21 03:25:12,删除长低速记录,0.0,0.0,连续低于10 km/h的记录超过180条
2017-12-21 03:25:13,删除长低速记录,0.0,0.0,连续低于10 km/h的记录超过180条
2017-12-21 03:25:14,删除长低速记录,0.0,0.0,连续低于10 km/h的记录超过180条
2017-12-21 03:25:15,删除长低速记录,0.0,0.0,连续低于10 km/h的记录超过180条
2017-12-21 03:25:16,删除长低速记录,0.0,0.0,连续低于10 km/h的记录超过180条
2017-12-21 03:25:17,删除长低速记录,0.0,0.0,连续低于10 km/h的记录超过180条
2017-12-21 03:25:18,删除长低速记录,0.0,0.0,连续低于10 km/h的记录超过180条
2017-12-21 03:25:19,删除长低速记录,0.0,0.0,连续低于10 km/h的记录超过180条
2017-12-21 03:25:20,删除长低速记录,0.0,0.0,连续低于10 km/h的记录超过180条
2017-12-21 03:25:21,删除长低速记录,0.0,0.0,连续低于10 km/h的记录超过180条
2017-12-21 03:25:22,删除长低速记录,0.0,0.0,连续低于10 km/h的记录超过180条
2017-12-21 03:25:23,删除长低速记录,0.0,0.0,连续低于10 km/h的记录超过180条
2017-12-21 03:25:24,删除长低速记录,0.0,0.0,连续低于10 km/h的记录超过180条
2017-12-21 03:25:25,删除长低速记录,0.0,0.0,连续低于10 km/h的记录超过180条
2017-12-21 03:25:26,删除长低速记录,0.0,0.0,连续低于10 km/h的记录超过180条
2017-12-21 03:25:27,删除长低速记录,0.0,0.0,连续低于10 km/h的记录超过180条
2017-12-21 03:25:28,删除长低速记录,0.0,0.0,连续低于10 km/h的记录超过180条
2017-12-21 03:25:29,删除长低速记录,0.0,0.0,连续低于10 km/h的记录超过180条
2017-12-21 03:25:30,删除长低速记录,0.0,0.0,连续低于10 km/h的记录超过180条
2017-12-21 03:25:31,删除长低速记录,0.0,0.0,连续低于10 km/h的记录超过180条
2017-12-21 03:25:32,删除长低速记录,0.0,0.0,连续低于10 km/h的记录超过180条
2017-12-21 03:25:33,删除长低速记录,0.0,0.0,连续低于10 km/h的记录超过180条
2017-12-21 03:25:34,删除长低速记录,0.0,0.0,连续低于10 km/h的记录超过180条
2017-12-21 03:25:35,删除长低速记录,0.0,0.0,连续低于10 km/h的记录超过180条
2017-12-21 03:25:36,删除长低速记录,0.0,0.0,连续低于10 km/h的记录超过180条
2017-12-21 03:25:37,删除长低速记录,0.0,0.0,连续低于10 km/h的记录超过180条
2017-12-21 03:25:38,删除长低速记录,0.0,0.0,连续低于10 km/h的记录超过180条
2017-12-21 03:25:39,删除长低速记录,0.0,0.0,连续低于10 km/h的记录超过180条
2017-12-21 03:25:40,删除长低速记录,0.0,0.0,连续低于10 km/h的记录超过180条
2017-12-21 03:25:41,删除长低速记录,0.0,0.0,连续低于10 km/h的记录超过180条
2017-12-21 03:25:42,删除长低速记录,0.0,0.0,连续低于10 km/h的记录超过180条
2017-12-21 03:25:43,删除长低速记录,0.0,0.0,连续低于10 km/h的记录超过180条
2017-12-21 03:25:44,删除长低速记录,0.0,0.0,连续低于10 km/h的记录超过180条
2017-12-21 03:25:45,删除长低速记录,0.0,0.0,连续低于10 km/h的记录超过180条
2017-12-21 03:25:46,删除长低速记录,0.0,0.0,连续低于10 km/h的记录超过180条
2017-12-21 03:25:47,删除长低速记录,0.0,0.0,连续低于10 km/h的记录超过180条
2017-12-21 03:25:48,删除长低速记录,0.0,0.0,连续低于10 km/h的记录超过180条
2017-12-21 03:25:49,删除长低速记录,0.0,0.0,连续低于10 km/h的记录超过180条
2017-12-21 03:25:50,删除长低速记录,0.0,0.0,连续低于10 km/h的记录超过180条
2017-12-21 03:25:51,删除长低速记录,0.0,0.0,连续低于10 km/h的记录超过180条
2017-12-21 03:25:52,删除长低速记录,0.0,0.0,连续低于10 km/h的记录超过180条
2017-12-21 03:25:53,删除长低速记录,0.0,0.0,连续低于10 km/h的记录超过180条
2017-12-21 03:25:54,删除长低速记录,0.0,0.0,连续低于10 km/h的记录超过180条
2017-12-21 03:25:55,删除长低速记录,0.0,0.0,连续低于10 km/h的记录超过180条
2017-12-21 03:25:56,删除长低速记录,0.0,0.0,连续低于10 km/h的记录超过180条
2017-12-21 03:25:57,删除长低速记录,0.0,0.0,连续低于10 km/h的记录超过180条
2017-12-21 03:25:58,删除长低速记录,0.0,0.0,连续低于10 km/h的记录超过180条
2017-12-21 03:25:59,删除长低速记录,0.0,0.0,连续低于10 km/h的记录超过180条
2017-12-21 03:26:00,删除长低速记录,0.0,0.0,连续低于10 km/h的记录超过180条
2017-12-21 03:26:01,删除长低速记录,0.0,0.0,连续低于10 km/h的记录超过180条
2017-12-21 03:26:02,删除长低速记录,0.0,0.0,连续低于10 km/h的记录超过180条
2017-12-21 03:26:03,删除长低速记录,0.0,0.0,连续低于10 km/h的记录超过180条
2017-12-21 03:26:04,删除长低速记录,0.0,0.0,连续低于10 km/h的记录超过180条
2017-12-21 03:26:05,删除长低速记录,0.0,0.0,连续低于10 km/h的记录超过180条
2017-12-21 03:26:06,删除长低速记录,0.0,0.0,连续低于10 km/h的记录超过180条
2017-12-21 03:26:07,删除长低速记录,0.0,0.0,连续低于10 km/h的记录超过180条
2017-12-21 03:26:08,删除长低速记录,0.0,0.0,连续低于10 km/h的记录超过180条
2017-12-21 03:26:09,删除长低速记录,0.0,0.0,连续低于10 km/h的记录超过180条
2017-12-21 03:26:10,删除长低速记录,0.0,0.0,连续低于10 km/h的记录超过180条
2017-12-21 03:26:11,删除长低速记录,0.0,0.0,连续低于10 km/h的记录超过180条
2017-12-21 03:26:12,删除长低速记录,0.0,0.0,连续低于10 km/h的记录超过180条
2017-12-21 03:26:13,删除长低速记录,0.0,0.0,连续低于10 km/h的记录超过180条
2017-12-21 03:26:14,删除长低速记录,0.0,0.0,连续低于10 km/h的记录超过180条
2017-12-21 03:26:15,删除长低速记录,0.0,0.0,连续低于10 km/h的记录超过180条
2017-12-21 03:26:16,删除长低速记录,0.0,0.0,连续低于10 km/h的记录超过180条
2017-12-21 03:26:17,删除长低速记录,0.0,0.0,连续低于10 km/h的记录超过180条
2017-12-21 03:26:18,删除长低速记录,0.0,0.0,连续低于10 km/h的记录超过180条
2017-12-21 03:26:19,删除长低速记录,0.0,0.0,连续低于10 km/h的记录超过180条
2017-12-21 03:26:20,删除长低速记录,0.0,0.0,连续低于10 km/h的记录超过180条
2017-12-21 03:26:21,删除长低速记录,0.0,0.0,连续低于10 km/h的记录超过180条
2017-12-21 03:26:22,删除长低速记录,0.0,0.0,连续低于10 km/h的记录超过180条
2017-12-21 03:26:23,删除长低速记录,0.0,0.0,连续低于10 km/h的记录超过180条
2017-12-21 03:26:24,删除长低速记录,0.0,0.0,连续低于10 km/h的记录超过180条
2017-12-21 03:26:25,删除长低速记录,0.0,0.0,连续低于10 km/h的记录超过180条
2017-12-21 03:26:26,删除长低速记录,0.0,0.0,连续低于10 km/h的记录超过180条
2017-12-21 03:26:27,删除长低速记录,0.0,0.0,连续低于10 km/h的记录超过180条
2017-12-21 03:26:28,删除长低速记录,0.0,0.0,连续低于10 km/h的记录超过180条
2017-12-21 03:26:29,删除长低速记录,0.0,0.0,连续低于10 km/h的记录超过180条
2017-12-21 03:26:30,删除长低速记录,0.0,0.0,连续低于10 km/h的记录超过180条
2017-12-21 03:26:31,删除长低速记录,0.0,0.0,连续低于10 km/h的记录超过180条
2017-12-21 03:26:32,删除长低速记录,0.0,0.0,连续低于10 km/h的记录超过180条
2017-12-21 03:26:33,删除长低速记录,0.0,0.0,连续低于10 km/h的记录超过180条
2017-12-21 03:26:34,删除长低速记录,0.0,0.0,连续低于10 km/h的记录超过180条
2017-12-21 03:26:35,删除长低速记录,0.0,0.0,连续低于10 km/h的记录超过180条
2017-12-21 03:26:36,删除长低速记录,0.0,0.0,连续低于10 km/h的记录超过180条
2017-12-21 03:26:37,删除长低速记录,0.0,0.0,连续低于10 km/h的记录超过180条
2017-12-21 03:26:38,删除长低速记录,0.0,0.0,连续低于10 km/h的记录超过180条
2017-12-21 03:26:39,删除长低速记录,0.0,0.0,连续低于10 km/h的记录超过180条
2017-12-21 03:26:40,删除长低速记录,0.0,0.0,连续低于10 km/h的记录超过180条
2017-12-21 03:26:41,删除长低速记录,0.0,0.0,连续低于10 km/h的记录超过180条
2017-12-21 03:26:42,删除长低速记录,0.0,0.0,连续低于10 km/h的记录超过180条
2017-12-21 03:26:43,删除长低速记录,0.0,0.0,连续低于10 km/h的记录超过180条
2017-12-21 03:26:44,删除长低速记录,0.0,0.0,连续低于10 km/h的记录超过180条
2017-12-21 03:26:45,删除长低速记录,0.0,0.0,连续低于10 km/h的记录超过180条
2017-12-21 03:26:46,删除长低速记录,0.0,0.0,连续低于10 km/h的记录超过180条
2017-12-21 03:26:47,删除长低速记录,0.0,0.0,连续低于10 km/h的记录超过180条
2017-12-21 03:26:48,删除长低速记录,0.0,0.0,连续低于10 km/h的记录超过180条
2017-12-21 03:26:49,删除长低速记录,0.0,0.0,连续低于10 km/h的记录超过180条
2017-12-21 03:26:50,删除长低速记录,0.0,0.0,连续低于10 km/h的记录超过180条
2017-12-21 03:26:51,删除长低速记录,0.0,0.0,连续低于10 km/h的记录超过180条
2017-12-21 03:26:52,删除长低速记录,0.0,0.0,连续低于10 km/h的记录超过180条
2017-12-21 03:26:53,删除长低速记录,0.0,0.0,连续低于10 km/h的记录超过180条
2017-12-21 03:26:54,删除长低速记录,0.0,0.0,连续低于10 km/h的记录超过180条
2017-12-21 03:26:55,删除长低速记录,0.0,0.0,连续低于10 km/h的记录超过180条
2017-12-21 03:26:56,删除长低速记录,0.0,0.0,连续低于10 km/h的记录超过180条
2017-12-21 03:26:57,删除长低速记录,0.0,0.0,连续低于10 km/h的记录超过180条
2017-12-21 03:26:58,删除长低速记录,0.0,0.0,连续低于10 km/h的记录超过180条
2017-12-21 03:26:59,删除长低速记录,0.0,0.0,连续低于10 km/h的记录超过180条
2017-12-21 03:27:00,删除长低速记录,0.0,0.0,连续低于10 km/h的记录超过180条
2017-12-21 03:27:01,删除长低速记录,0.0,0.0,连续低于10 km/h的记录超过180条
2017-12-21 03:27:02,删除长低速记录,0.0,0.0,连续低于10 km/h的记录超过180条
2017-12-21 03:27:03,删除长低速记录,0.0,0.0,连续低于10 km/h的记录超过180条
2017-12-21 03:27:04,删除长低速记录,0.0,0.0,连续低于10 km/h的记录超过180条
2017-12-21 03:27:05,删除长低速记录,0.0,0.0,连续低于10 km/h的记录超过180条
2017-12-21 03:27:06,删除长低速记录,0.0,0.0,连续低于10 km/h的记录超过180条
2017-12-21 03:27:07,删除长低速记录,0.0,0.0,连续低于10 km/h的记录超过180条
2017-12-21 03:27:08,删除长低速记录,0.0,0.0,连续低于10 km/h的记录超过180条
2017-12-21 03:27:09,删除长低速记录,0.0,0.0,连续低于10 km/h的记录超过180条
2017-12-21 03:27:10,删除长低速记录,0.0,0.0,连续低于10 km/h的记录超过180条
2017-12-21 03:27:11,删除长低速记录,0.0,0.0,连续低于10 km/h的记录超过180条
2017-12-21 03:27:12,删除长低速记录,0.0,0.0,连续低于10 km/h的记录超过180条
2017-12-21 03:27:13,删除长低速记录,0.0,0.0,连续低于10 km/h的记录超过180条
2017-12-21 03:27:14,删除长低速记录,0.0,0.0,连续低于10 km/h的记录超过180条
2017-12-21 03:27:15,删除长低速记录,0.0,0.0,连续低于10 km/h的记录超过180条
2017-12-21 03:27:16,删除长低速记录,0.0,0.0,连续低于10 km/h的记录超过180条
2017-12-21 03:27:17,删除长低速记录,0.0,0.0,连续低于10 km/h的记录超过180条
2017-12-21 03:27:18,删除长低速记录,0.0,0.0,连续低于10 km/h的记录超过180条
2017-12-21 03:27:19,删除长低速记录,0.0,0.0,连续低于10 km/h的记录超过180条
2017-12-21 03:27:20,删除长低速记录,0.0,0.0,连续低于10 km/h的记录超过180条
2017-12-21 03:27:21,删除长低速记录,0.0,0.0,连续低于10 km/h的记录超过180条
2017-12-21 03:27:22,删除长低速记录,0.0,0.0,连续低于10 km/h的记录超过180条
2017-12-21 03:27:23,删除长低速记录,0.0,0.0,连续低于10 km/h的记录超过180条
2017-12-21 03:27:24,删除长低速记录,0.0,0.0,连续低于10 km/h的记录超过180条
2017-12-21 03:27:25,删除长低速记录,0.0,0.0,连续低于10 km/h的记录超过180条
2017-12-21 03:27:26,删除长低速记录,0.0,0.0,连续低于10 km/h的记录超过180条
2017-12-21 03:27:27,删除长低速记录,0.0,0.0,连续低于10 km/h的记录超过180条
2017-12-21 03:27:28,删除长低速记录,0.0,0.0,连续低于10 km/h的记录超过180条
2017-12-21 03:27:29,删除长低速记录,0.0,0.0,连续低于10 km/h的记录超过180条
2017-12-21 03:27:30,删除长低速记录,0.0,0.0,连续低于10 km/h的记录超过180条
2017-12-21 03:27:31,删除长低速记录,0.0,0.0,连续低于10 km/h的记录超过180条
2017-12-21 03:27:32,删除长低速记录,0.0,0.0,连续低于10 km/h的记录超过180条
2017-12-21 03:27:33,删除长低速记录,0.0,0.0,连续低于10 km/h的记录超过180条
2017-12-21 03:27:34,删除长低速记录,0.0,0.0,连续低于10 km/h的记录超过180条
2017-12-21 03:27:35,删除长低速记录,0.0,0.0,连续低于10 km/h的记录超过180条
2017-12-21 03:27:36,删除长低速记录,0.0,0.0,连续低于10 km/h的记录超过180条
2017-12-21 03:27:37,删除长低速记录,0.0,0.0,连续低于10 km/h的记录超过180条
2017-12-21 03:27:38,删除长低速记录,0.0,0.0,连续低于10 km/h的记录超过180条
2017-12-21 03:27:39,删除长低速记录,0.0,0.0,连续低于10 km/h的记录超过180条
2017-12-21 03:27:40,删除长低速记录,0.0,0.0,连续低于10 km/h的记录超过180条
2017-12-21 03:27:41,删除长低速记录,0.0,0.0,连续低于10 km/h的记录超过180条
2017-12-21 03:27:42,删除长低速记录,0.0,0.0,连续低于10 km/h的记录超过180条
2017-12-21 03:27:43,删除长低速记录,0.0,0.0,连续低于10 km/h的记录超过180条
2017-12-21 03:27:44,删除长低速记录,0.0,0.0,连续低于10 km/h的记录超过180条
2017-12-21 03:27:45,删除长低速记录,0.0,0.0,连续低于10 km/h的记录超过180条
2017-12-21 03:27:46,删除长低速记录,0.0,0.0,连续低于10 km/h的记录超过180条
2017-12-21 03:27:47,删除长低速记录,0.0,0.0,连续低于10 km/h的记录超过180条
2017-12-21 03:27:48,删除长低速记录,0.0,0.0,连续低于10 km/h的记录超过180条
2017-12-21 03:27:49,删除长低速记录,0.0,0.0,连续低于10 km/h的记录超过180条
2017-12-21 03:27:50,删除长低速记录,0.0,0.0,连续低于10 km/h的记录超过180条
2017-12-21 03:27:51,删除长低速记录,0.0,0.0,连续低于10 km/h的记录超过180条
2017-12-21 03:27:52,删除长低速记录,0.0,0.0,连续低于10 km/h的记录超过180条
2017-12-21 03:27:53,删除长低速记录,0.0,0.0,连续低于10 km/h的记录超过180条
2017-12-21 03:27:54,删除长低速记录,0.0,0.0,连续低于10 km/h的记录超过180条
2017-12-21 03:27:55,删除长低速记录,0.0,0.0,连续低于10 km/h的记录超过180条
2017-12-21 03:27:56,删除长低速记录,0.0,0.0,连续低于10 km/h的记录超过180条
2017-12-21 03:27:57,删除长低速记录,0.0,0.0,连续低于10 km/h的记录超过180条
2017-12-21 03:27:58,删除长低速记录,0.0,0.0,连续低于10 km/h的记录超过180条
2017-12-21 03:27:59,删除长低速记录,0.0,0.0,连续低于10 km/h的记录超过180条
2017-12-21 03:28:00,删除长低速记录,0.0,0.0,连续低于10 km/h的记录超过180条
2017-12-21 03:28:01,删除长低速记录,0.0,0.0,连续低于10 km/h的记录超过180条
2017-12-21 03:28:02,删除长低速记录,0.0,0.0,连续低于10 km/h的记录超过180条
2017-12-21 03:28:03,删除长低速记录,0.0,0.0,连续低于10 km/h的记录超过180条
2017-12-21 03:28:04,删除长低速记录,0.0,0.0,连续低于10 km/h的记录超过180条
2017-12-21 03:28:05,删除长低速记录,0.0,0.0,连续低于10 km/h的记录超过180条
2017-12-21 03:28:06,删除长低速记录,0.0,0.0,连续低于10 km/h的记录超过180条
2017-12-21 03:28:07,删除长低速记录,0.0,0.0,连续低于10 km/h的记录超过180条
2017-12-21 03:28:08,删除长低速记录,0.0,0.0,连续低于10 km/h的记录超过180条
2017-12-21 03:28:09,删除长低速记录,0.0,0.0,连续低于10 km/h的记录超过180条
2017-12-21 03:28:10,删除长低速记录,0.0,0.0,连续低于10 km/h的记录超过180条
2017-12-21 03:28:11,删除长低速记录,0.0,0.0,连续低于10 km/h的记录超过180条
2017-12-21 03:28:12,删除长低速记录,0.0,0.0,连续低于10 km/h的记录超过180条
2017-12-21 03:28:13,删除长低速记录,0.0,0.0,连续低于10 km/h的记录超过180条
2017-12-21 03:28:14,删除长低速记录,0.0,0.0,连续低于10 km/h的记录超过180条
2017-12-21 03:28:15,删除长低速记录,0.0,0.0,连续低于10 km/h的记录超过180条
2017-12-21 03:28:16,删除长低速记录,0.0,0.0,连续低于10 km/h的记录超过180条
2017-12-21 03:28:17,删除长低速记录,0.0,0.0,连续低于10 km/h的记录超过180条
2017-12-21 03:28:18,删除长低速记录,0.0,0.0,连续低于10 km/h的记录超过180条
2017-12-21 03:28:19,删除长低速记录,0.0,0.0,连续低于10 km/h的记录超过180条
2017-12-21 03:28:20,删除长低速记录,0.0,0.0,连续低于10 km/h的记录超过180条
2017-12-21 03:28:21,删除长低速记录,0.0,0.0,连续低于10 km/h的记录超过180条
2017-12-21 03:28:22,删除长低速记录,0.0,0.0,连续低于10 km/h的记录超过180条
2017-12-21 03:28:23,删除长低速记录,0.0,0.0,连续低于10 km/h的记录超过180条
2017-12-21 03:28:24,删除长低速记录,0.0,0.0,连续低于10 km/h的记录超过180条
2017-12-21 03:28:25,删除长低速记录,0.0,0.0,连续低于10 km/h的记录超过180条
2017-12-21 03:28:26,删除长低速记录,0.0,0.0,连续低于10 km/h的记录超过180条
2017-12-21 03:28:27,删除长低速记录,0.0,0.0,连续低于10 km/h的记录超过180条
2017-12-21 03:28:28,删除长低速记录,0.0,0.0,连续低于10 km/h的记录超过180条
2017-12-21 03:28:29,删除长低速记录,0.0,0.0,连续低于10 km/h的记录超过180条
2017-12-21 03:28:30,删除长低速记录,0.0,0.0,连续低于10 km/h的记录超过180条
2017-12-21 03:28:31,删除长低速记录,0.0,0.0,连续低于10 km/h的记录超过180条
2017-12-21 03:28:32,删除长低速记录,0.0,0.0,连续低于10 km/h的记录超过180条
2017-12-21 03:28:33,删除长低速记录,0.0,0.0,连续低于10 km/h的记录超过180条
2017-12-21 03:28:34,删除长低速记录,0.0,0.0,连续低于10 km/h的记录超过180条
2017-12-21 03:28:35,删除长低速记录,0.0,0.0,连续低于10 km/h的记录超过180条
2017-12-21 03:28:36,删除长低速记录,0.0,0.0,连续低于10 km/h的记录超过180条
2017-12-21 03:28:37,删除长低速记录,0.0,0.0,连续低于10 km/h的记录超过180条
2017-12-21 03:28:38,删除长低速记录,0.0,0.0,连续低于10 km/h的记录超过180条
2017-12-21 03:28:39,删除长低速记录,0.0,0.0,连续低于10 km/h的记录超过180条
2017-12-21 03:28:40,删除长低速记录,0.0,0.0,连续低于10 km/h的记录超过180条
2017-12-21 03:28:41,删除长低速记录,0.0,0.0,连续低于10 km/h的记录超过180条
2017-12-21 03:28:42,删除长低速记录,0.0,0.0,连续低于10 km/h的记录超过180条
2017-12-21 03:28:43,删除长低速记录,0.0,0.0,连续低于10 km/h的记录超过180条
2017-12-21 03:28:44,删除长低速记录,0.0,0.0,连续低于10 km/h的记录超过180条
2017-12-21 03:28:45,删除长低速记录,0.0,0.0,连续低于10 km/h的记录超过180条
2017-12-21 03:28:46,删除长低速记录,0.0,0.0,连续低于10 km/h的记录超过180条
2017-12-21 03:28:47,删除长低速记录,0.0,0.0,连续低于10 km/h的记录超过180条
2017-12-21 03:28:48,删除长低速记录,0.0,0.0,连续低于10 km/h的记录超过180条
2017-12-21 03:28:49,删除长低速记录,0.0,0.0,连续低于10 km/h的记录超过180条
2017-12-21 03:28:50,删除长低速记录,0.0,0.0,连续低于10 km/h的记录超过180条
2017-12-21 03:28:51,删除长低速记录,0.0,0.0,连续低于10 km/h的记录超过180条
2017-12-21 03:28:52,删除长低速记录,0.0,0.0,连续低于10 km/h的记录超过180条
2017-12-21 03:28:53,删除长低速记录,0.0,0.0,连续低于10 km/h的记录超过180条
2017-12-21 03:28:54,删除长低速记录,0.0,0.0,连续低于10 km/h的记录超过180条
2017-12-21 03:28:55,删除长低速记录,0.0,0.0,连续低于10 km/h的记录超过180条
2017-12-21 03:28:56,删除长低速记录,0.0,0.0,连续低于10 km/h的记录超过180条
2017-12-21 03:28:57,删除长低速记录,0.0,0.0,连续低于10 km/h的记录超过180条
2017-12-21 03:28:58,删除长低速记录,0.0,0.0,连续低于10 km/h的记录超过180条
2017-12-21 03:28:59,删除长低速记录,0.0,0.0,连续低于10 km/h的记录超过180条
2017-12-21 03:29:00,删除长低速记录,0.0,0.0,连续低于10 km/h的记录超过180条
2017-12-21 03:29:01,删除长低速记录,0.0,0.0,连续低于10 km/h的记录超过180条
2017-12-21 03:29:02,删除长低速记录,0.0,0.0,连续低于10 km/h的记录超过180条
2017-12-21 03:29:03,删除长低速记录,0.0,0.0,连续低于10 km/h的记录超过180条
2017-12-21 03:29:04,删除长低速记录,0.0,0.0,连续低于10 km/h的记录超过180条
2017-12-21 03:29:05,删除长低速记录,0.0,0.0,连续低于10 km/h的记录超过180条
2017-12-21 03:29:06,删除长低速记录,0.0,0.0,连续低于10 km/h的记录超过180条
2017-12-21 03:29:07,删除长低速记录,0.0,0.0,连续低于10 km/h的记录超过180条
2017-12-21 03:29:08,删除长低速记录,0.0,0.0,连续低于10 km/h的记录超过180条
2017-12-21 03:29:09,删除长低速记录,0.0,0.0,连续低于10 km/h的记录超过180条
2017-12-21 03:29:10,删除长低速记录,0.0,0.0,连续低于10 km/h的记录超过180条
2017-12-21 03:29:11,删除长低速记录,0.0,0.0,连续低于10 km/h的记录超过180条
2017-12-21 03:29:12,删除长低速记录,0.0,0.0,连续低于10 km/h的记录超过180条
2017-12-21 03:29:13,删除长低速记录,0.0,0.0,连续低于10 km/h的记录超过180条
2017-12-21 03:29:14,删除长低速记录,0.0,0.0,连续低于10 km/h的记录超过180条
2017-12-21 03:29:15,删除长低速记录,0.0,0.0,连续低于10 km/h的记录超过180条
2017-12-21 03:29:16,删除长低速记录,0.0,0.0,连续低于10 km/h的记录超过180条
2017-12-21 03:29:17,删除长低速记录,0.0,0.0,连续低于10 km/h的记录超过180条
2017-12-21 03:29:18,删除长低速记录,0.0,0.0,连续低于10 km/h的记录超过180条
2017-12-21 03:29:19,删除长低速记录,0.0,0.0,连续低于10 km/h的记录超过180条
2017-12-21 03:29:20,删除长低速记录,0.0,0.0,连续低于10 km/h的记录超过180条
2017-12-21 03:29:21,删除长低速记录,0.0,0.0,连续低于10 km/h的记录超过180条
2017-12-21 03:29:22,删除长低速记录,0.0,0.0,连续低于10 km/h的记录超过180条
2017-12-21 03:29:23,删除长低速记录,0.0,0.0,连续低于10 km/h的记录超过180条
2017-12-21 03:29:24,删除长低速记录,0.0,0.0,连续低于10 km/h的记录超过180条
2017-12-21 03:29:25,删除长低速记录,0.0,0.0,连续低于10 km/h的记录超过180条
2017-12-21 03:29:26,删除长低速记录,0.0,0.0,连续低于10 km/h的记录超过180条
2017-12-21 03:29:27,删除长低速记录,0.0,0.0,连续低于10 km/h的记录超过180条
2017-12-21 03:29:28,删除长低速记录,0.0,0.0,连续低于10 km/h的记录超过180条
2017-12-21 03:29:29,删除长低速记录,0.0,0.0,连续低于10 km/h的记录超过180条
2017-12-21 03:29:30,删除长低速记录,0.0,0.0,连续低于10 km/h的记录超过180条
2017-12-21 03:29:31,删除长低速记录,0.0,0.0,连续低于10 km/h的记录超过180条
2017-12-21 03:29:32,删除长低速记录,0.0,0.0,连续低于10 km/h的记录超过180条
2017-12-21 03:29:33,删除长低速记录,0.0,0.0,连续低于10 km/h的记录超过180条
2017-12-21 03:29:34,删除长低速记录,0.0,0.0,连续低于10 km/h的记录超过180条
2017-12-21 03:29:35,删除长低速记录,0.0,0.0,连续低于10 km/h的记录超过180条
2017-12-21 03:29:36,删除长低速记录,0.0,0.0,连续低于10 km/h的记录超过180条
2017-12-21 03:29:37,删除长低速记录,0.0,0.0,连续低于10 km/h的记录超过180条
2017-12-21 03:29:38,删除长低速记录,0.0,0.0,连续低于10 km/h的记录超过180条
2017-12-21 03:29:39,删除长低速记录,0.0,0.0,连续低于10 km/h的记录超过180条
2017-12-21 03:29:40,删除长低速记录,0.0,0.0,连续低于10 km/h的记录超过180条
2017-12-21 03:29:41,删除长低速记录,0.0,0.0,连续低于10 km/h的记录超过180条
2017-12-21 03:29:42,删除长低速记录,0.0,0.0,连续低于10 km/h的记录超过180条
2017-12-21 03:29:43,删除长低速记录,0.0,0.0,连续低于10 km/h的记录超过180条
2017-12-21 03:29:44,删除长低速记录,0.0,0.0,连续低于10 km/h的记录超过180条
2017-12-21 03:29:45,删除长低速记录,0.0,0.0,连续低于10 km/h的记录超过180条
2017-12-21 03:29:46,删除长低速记录,0.0,0.0,连续低于10 km/h的记录超过180条
2017-12-21 03:29:47,删除长低速记录,0.0,0.0,连续低于10 km/h的记录超过180条
2017-12-21 03:29:48,删除长低速记录,0.0,0.0,连续低于10 km/h的记录超过180条
2017-12-21 03:29:49,删除长低速记录,0.0,0.0,连续低于10 km/h的记录超过180条
2017-12-21 03:29:50,删除长低速记录,0.0,0.0,连续低于10 km/h的记录超过180条
2017-12-21 03:29:51,删除长低速记录,0.0,0.0,连续低于10 km/h的记录超过180条
2017-12-21 03:29:52,删除长低速记录,0.0,0.0,连续低于10 km/h的记录超过180条
2017-12-21 03:29:53,删除长低速记录,0.0,0.0,连续低于10 km/h的记录超过180条
2017-12-21 03:29:54,删除长低速记录,0.0,0.0,连续低于10 km/h的记录超过180条
2017-12-21 03:29:55,删除长低速记录,0.0,0.0,连续低于10 km/h的记录超过180条
2017-12-21 03:29:56,删除长低速记录,0.0,0.0,连续低于10 km/h的记录超过180条
2017-12-21 03:29:57,删除长低速记录,0.0,0.0,连续低于10 km/h的记录超过180条
2017-12-21 03:29:58,删除长低速记录,0.0,0.0,连续低于10 km/h的记录超过180条
2017-12-21 03:29:59,删除长低速记录,0.0,0.0,连续低于10 km/h的记录超过180条
2017-12-21 03:30:00,删除长低速记录,0.0,0.0,连续低于10 km/h的记录超过180条
2017-12-21 03:30:01,删除长低速记录,0.0,0.0,连续低于10 km/h的记录超过180条
2017-12-21 03:30:02,删除长低速记录,0.0,0.0,连续低于10 km/h的记录超过180条
2017-12-21 03:30:03,删除长低速记录,0.0,0.0,连续低于10 km/h的记录超过180条
2017-12-21 03:30:04,删除长低速记录,0.0,0.0,连续低于10 km/h的记录超过180条
2017-12-21 03:30:05,删除长低速记录,0.0,0.0,连续低于10 km/h的记录超过180条
2017-12-21 03:30:06,删除长低速记录,0.0,0.0,连续低于10 km/h的记录超过180条
2017-12-21 03:30:07,删除长低速记录,0.0,0.0,连续低于10 km/h的记录超过180条
2017-12-21 03:30:08,删除长低速记录,0.0,0.0,连续低于10 km/h的记录超过180条
2017-12-21 03:30:09,删除长低速记录,0.0,0.0,连续低于10 km/h的记录超过180条
2017-12-21 03:30:10,删除长低速记录,0.0,0.0,连续低于10 km/h的记录超过180条
2017-12-21 03:30:11,删除长低速记录,0.0,0.0,连续低于10 km/h的记录超过180条
2017-12-21 03:30:12,删除长低速记录,0.0,0.0,连续低于10 km/h的记录超过180条
2017-12-21 03:30:13,删除长低速记录,0.0,0.0,连续低于10 km/h的记录超过180条
2017-12-21 03:30:14,删除长低速记录,0.0,0.0,连续低于10 km/h的记录超过180条
2017-12-21 03:30:15,删除长低速记录,0.0,0.0,连续低于10 km/h的记录超过180条
2017-12-21 03:30:16,删除长低速记录,0.0,0.0,连续低于10 km/h的记录超过180条
2017-12-21 03:30:17,删除长低速记录,0.0,0.0,连续低于10 km/h的记录超过180条
2017-12-21 03:30:18,删除长低速记录,0.0,0.0,连续低于10 km/h的记录超过180条
2017-12-21 03:30:19,删除长低速记录,0.0,0.0,连续低于10 km/h的记录超过180条
2017-12-21 03:30:20,删除长低速记录,0.0,0.0,连续低于10 km/h的记录超过180条
2017-12-21 03:30:21,删除长低速记录,0.0,0.0,连续低于10 km/h的记录超过180条
2017-12-21 03:30:22,删除长低速记录,0.0,0.0,连续低于10 km/h的记录超过180条
2017-12-21 03:30:23,删除长低速记录,0.0,0.0,连续低于10 km/h的记录超过180条
2017-12-21 03:30:24,删除长低速记录,0.0,0.0,连续低于10 km/h的记录超过180条
2017-12-21 03:30:25,删除长低速记录,0.0,0.0,连续低于10 km/h的记录超过180条
2017-12-21 03:30:26,删除长低速记录,0.0,0.0,连续低于10 km/h的记录超过180条
2017-12-21 03:30:27,删除长低速记录,0.0,0.0,连续低于10 km/h的记录超过180条
2017-12-21 03:30:28,删除长低速记录,0.0,0.0,连续低于10 km/h的记录超过180条
2017-12-21 03:30:29,删除长低速记录,0.0,0.0,连续低于10 km/h的记录超过180条
2017-12-21 03:30:30,删除长低速记录,0.0,0.0,连续低于10 km/h的记录超过180条
2017-12-21 03:30:31,删除长低速记录,0.0,0.0,连续低于10 km/h的记录超过180条
2017-12-21 03:30:32,删除长低速记录,0.0,0.0,连续低于10 km/h的记录超过180条
2017-12-21 03:30:33,删除长低速记录,0.0,0.0,连续低于10 km/h的记录超过180条
2017-12-21 03:30:34,删除长低速记录,0.0,0.0,连续低于10 km/h的记录超过180条
2017-12-21 03:30:35,删除长低速记录,0.0,0.0,连续低于10 km/h的记录超过180条
2017-12-21 03:30:36,删除长低速记录,0.0,0.0,连续低于10 km/h的记录超过180条
2017-12-21 03:30:37,删除长低速记录,0.0,0.0,连续低于10 km/h的记录超过180条
2017-12-21 03:30:38,删除长低速记录,0.0,0.0,连续低于10 km/h的记录超过180条
2017-12-21 03:30:39,删除长低速记录,0.0,0.0,连续低于10 km/h的记录超过180条
2017-12-21 03:30:40,删除长低速记录,0.0,0.0,连续低于10 km/h的记录超过180条
2017-12-21 03:30:41,删除长低速记录,0.0,0.0,连续低于10 km/h的记录超过180条
2017-12-21 03:30:42,删除长低速记录,0.0,0.0,连续低于10 km/h的记录超过180条
2017-12-21 03:30:43,删除长低速记录,0.0,0.0,连续低于10 km/h的记录超过180条
2017-12-21 03:30:44,删除长低速记录,0.0,0.0,连续低于10 km/h的记录超过180条
2017-12-21 03:30:45,删除长低速记录,0.0,0.0,连续低于10 km/h的记录超过180条
2017-12-21 03:30:46,删除长低速记录,0.0,0.0,连续低于10 km/h的记录超过180条
2017-12-21 03:30:47,删除长低速记录,0.0,0.0,连续低于10 km/h的记录超过180条
2017-12-21 03:30:48,删除长低速记录,0.0,0.0,连续低于10 km/h的记录超过180条
2017-12-21 03:30:49,删除长低速记录,0.0,0.0,连续低于10 km/h的记录超过180条
2017-12-21 03:30:50,删除长低速记录,0.0,0.0,连续低于10 km/h的记录超过180条
2017-12-21 03:30:51,删除长低速记录,0.0,0.0,连续低于10 km/h的记录超过180条
2017-12-21 03:30:52,删除长低速记录,0.0,0.0,连续低于10 km/h的记录超过180条
2017-12-21 03:30:53,删除长低速记录,0.0,0.0,连续低于10 km/h的记录超过180条
2017-12-21 03:30:54,删除长低速记录,0.0,0.0,连续低于10 km/h的记录超过180条
2017-12-21 03:30:55,删除长低速记录,0.0,0.0,连续低于10 km/h的记录超过180条
2017-12-21 03:30:56,删除长低速记录,0.0,0.0,连续低于10 km/h的记录超过180条
2017-12-21 03:30:57,删除长低速记录,0.0,0.0,连续低于10 km/h的记录超过180条
2017-12-21 03:30:58,删除长低速记录,0.0,0.0,连续低于10 km/h的记录超过180条
2017-12-21 03:30:59,删除长低速记录,0.0,0.0,连续低于10 km/h的记录超过180条
2017-12-21 03:31:00,删除长低速记录,0.0,0.0,连续低于10 km/h的记录超过180条
2017-12-21 03:31:01,删除长低速记录,0.0,0.0,连续低于10 km/h的记录超过180条
2017-12-21 03:31:02,删除长低速记录,0.0,0.0,连续低于10 km/h的记录超过180条
2017-12-21 03:31:03,删除长低速记录,0.0,0.0,连续低于10 km/h的记录超过180条
2017-12-21 03:31:04,删除长低速记录,0.0,0.0,连续低于10 km/h的记录超过180条
2017-12-21 03:31:05,删除长低速记录,0.0,0.0,连续低于10 km/h的记录超过180条
2017-12-21 03:31:06,删除长低速记录,0.0,0.0,连续低于10 km/h的记录超过180条
2017-12-21 03:31:07,删除长低速记录,0.0,0.0,连续低于10 km/h的记录超过180条
2017-12-21 03:31:08,删除长低速记录,0.0,0.0,连续低于10 km/h的记录超过180条
2017-12-21 03:31:09,删除长低速记录,0.0,0.0,连续低于10 km/h的记录超过180条
2017-12-21 03:31:10,删除长低速记录,0.0,0.0,连续低于10 km/h的记录超过180条
2017-12-21 03:31:11,删除长低速记录,0.0,0.0,连续低于10 km/h的记录超过180条
2017-12-21 03:31:12,删除长低速记录,0.0,0.0,连续低于10 km/h的记录超过180条
2017-12-21 03:31:13,删除长低速记录,0.0,0.0,连续低于10 km/h的记录超过180条
2017-12-21 03:31:14,删除长低速记录,0.0,0.0,连续低于10 km/h的记录超过180条
2017-12-21 03:31:15,删除长低速记录,0.0,0.0,连续低于10 km/h的记录超过180条
2017-12-21 03:31:16,删除长低速记录,0.0,0.0,连续低于10 km/h的记录超过180条
2017-12-21 03:31:17,删除长低速记录,0.0,0.0,连续低于10 km/h的记录超过180条
2017-12-21 03:31:18,删除长低速记录,0.0,0.0,连续低于10 km/h的记录超过180条
2017-12-21 03:31:19,删除长低速记录,0.0,0.0,连续低于10 km/h的记录超过180条
2017-12-21 03:31:20,删除长低速记录,0.0,0.0,连续低于10 km/h的记录超过180条
2017-12-21 03:31:21,删除长低速记录,0.0,0.0,连续低于10 km/h的记录超过180条
2017-12-21 03:31:22,删除长低速记录,0.0,0.0,连续低于10 km/h的记录超过180条
2017-12-21 03:31:23,删除长低速记录,0.0,0.0,连续低于10 km/h的记录超过180条
2017-12-21 03:31:24,删除长低速记录,0.0,0.0,连续低于10 km/h的记录超过180条
2017-12-21 03:31:25,删除长低速记录,0.0,0.0,连续低于10 km/h的记录超过180条
2017-12-21 03:31:26,删除长低速记录,0.0,0.0,连续低于10 km/h的记录超过180条
2017-12-21 03:31:27,删除长低速记录,0.0,0.0,连续低于10 km/h的记录超过180条
2017-12-21 03:31:28,删除长低速记录,0.0,0.0,连续低于10 km/h的记录超过180条
2017-12-21 03:31:29,删除长低速记录,0.0,0.0,连续低于10 km/h的记录超过180条
2017-12-21 03:31:30,删除长低速记录,0.0,0.0,连续低于10 km/h的记录超过180条
2017-12-21 03:31:31,删除长低速记录,0.0,0.0,连续低于10 km/h的记录超过180条
2017-12-21 03:31:32,删除长低速记录,0.0,0.0,连续低于10 km/h的记录超过180条
2017-12-21 03:31:33,删除长低速记录,0.0,0.0,连续低于10 km/h的记录超过180条
2017-12-21 03:31:34,删除长低速记录,0.0,0.0,连续低于10 km/h的记录超过180条
2017-12-21 03:31:35,删除长低速记录,0.0,0.0,连续低于10 km/h的记录超过180条
2017-12-21 03:31:36,删除长低速记录,0.0,0.0,连续低于10 km/h的记录超过180条
2017-12-21 03:31:37,删除长低速记录,0.0,0.0,连续低于10 km/h的记录超过180条
2017-12-21 03:31:38,删除长低速记录,0.0,0.0,连续低于10 km/h的记录超过180条
2017-12-21 03:31:39,删除长低速记录,0.0,0.0,连续低于10 km/h的记录超过180条
2017-12-21 03:31:40,删除长低速记录,0.0,0.0,连续低于10 km/h的记录超过180条
2017-12-21 03:31:41,删除长低速记录,0.0,0.0,连续低于10 km/h的记录超过180条
2017-12-21 03:31:42,删除长低速记录,0.0,0.0,连续低于10 km/h的记录超过180条
2017-12-21 03:31:43,删除长低速记录,0.0,0.0,连续低于10 km/h的记录超过180条
2017-12-21 03:31:44,删除长低速记录,0.0,0.0,连续低于10 km/h的记录超过180条
2017-12-21 03:31:45,删除长低速记录,0.0,0.0,连续低于10 km/h的记录超过180条
2017-12-21 03:31:46,删除长低速记录,0.0,0.0,连续低于10 km/h的记录超过180条
2017-12-21 03:31:47,删除长低速记录,0.0,0.0,连续低于10 km/h的记录超过180条
2017-12-21 03:31:48,删除长低速记录,0.0,0.0,连续低于10 km/h的记录超过180条
2017-12-21 03:31:49,删除长低速记录,0.0,0.0,连续低于10 km/h的记录超过180条
2017-12-21 03:31:50,删除长低速记录,0.0,0.0,连续低于10 km/h的记录超过180条
2017-12-21 03:31:51,删除长低速记录,0.0,0.0,连续低于10 km/h的记录超过180条
2017-12-21 03:31:52,删除长低速记录,0.0,0.0,连续低于10 km/h的记录超过180条
2017-12-21 03:31:53,删除长低速记录,0.0,0.0,连续低于10 km/h的记录超过180条
2017-12-21 03:31:54,删除长低速记录,0.0,0.0,连续低于10 km/h的记录超过180条
2017-12-21 03:31:55,删除长低速记录,0.0,0.0,连续低于10 km/h的记录超过180条
2017-12-21 03:31:56,删除长低速记录,0.0,0.0,连续低于10 km/h的记录超过180条
2017-12-21 03:31:57,删除长低速记录,0.0,0.0,连续低于10 km/h的记录超过180条
2017-12-21 03:31:58,删除长低速记录,0.0,0.0,连续低于10 km/h的记录超过180条
2017-12-21 03:31:59,删除长低速记录,0.0,0.0,连续低于10 km/h的记录超过180条
2017-12-21 03:32:00,删除长低速记录,0.0,0.0,连续低于10 km/h的记录超过180条
2017-12-21 03:32:01,删除长低速记录,0.0,0.0,连续低于10 km/h的记录超过180条
2017-12-21 03:32:02,删除长低速记录,0.0,0.0,连续低于10 km/h的记录超过180条
2017-12-21 03:32:03,删除长低速记录,0.0,0.0,连续低于10 km/h的记录超过180条
2017-12-21 03:32:04,删除长低速记录,0.0,0.0,连续低于10 km/h的记录超过180条
2017-12-21 03:32:05,删除长低速记录,0.0,0.0,连续低于10 km/h的记录超过180条
2017-12-21 03:32:06,删除长低速记录,0.0,0.0,连续低于10 km/h的记录超过180条
2017-12-21 03:32:07,删除长低速记录,0.0,0.0,连续低于10 km/h的记录超过180条
2017-12-21 03:32:08,删除长低速记录,0.0,0.0,连续低于10 km/h的记录超过180条
2017-12-21 03:32:09,删除长低速记录,0.0,0.0,连续低于10 km/h的记录超过180条
2017-12-21 03:32:10,删除长低速记录,0.0,0.0,连续低于10 km/h的记录超过180条
2017-12-21 03:32:11,删除长低速记录,0.0,0.0,连续低于10 km/h的记录超过180条
2017-12-21 03:32:12,删除长低速记录,0.0,0.0,连续低于10 km/h的记录超过180条
2017-12-21 03:32:13,删除长低速记录,0.0,0.0,连续低于10 km/h的记录超过180条
2017-12-21 03:32:14,删除长低速记录,0.0,0.0,连续低于10 km/h的记录超过180条
2017-12-21 03:32:15,删除长低速记录,0.0,0.0,连续低于10 km/h的记录超过180条
2017-12-21 03:32:16,删除长低速记录,0.0,0.0,连续低于10 km/h的记录超过180条
2017-12-21 03:32:17,删除长低速记录,0.0,0.0,连续低于10 km/h的记录超过180条
2017-12-21 03:32:18,删除长低速记录,0.0,0.0,连续低于10 km/h的记录超过180条
2017-12-21 03:32:19,删除长低速记录,0.0,0.0,连续低于10 km/h的记录超过180条
2017-12-21 03:32:20,删除长低速记录,0.0,0.0,连续低于10 km/h的记录超过180条
2017-12-21 03:32:21,删除长低速记录,0.0,0.0,连续低于10 km/h的记录超过180条
2017-12-21 03:32:22,删除长低速记录,0.0,0.0,连续低于10 km/h的记录超过180条
2017-12-21 03:32:23,删除长低速记录,0.0,0.0,连续低于10 km/h的记录超过180条
2017-12-21 03:32:24,删除长低速记录,0.0,0.0,连续低于10 km/h的记录超过180条
2017-12-21 03:32:25,删除长低速记录,0.0,0.0,连续低于10 km/h的记录超过180条
2017-12-21 03:32:26,删除长低速记录,0.0,0.0,连续低于10 km/h的记录超过180条
2017-12-21 03:32:27,删除长低速记录,0.0,0.0,连续低于10 km/h的记录超过180条
2017-12-21 03:32:28,删除长低速记录,0.0,0.0,连续低于10 km/h的记录超过180条
2017-12-21 03:32:29,删除长低速记录,0.0,0.0,连续低于10 km/h的记录超过180条
2017-12-21 03:32:30,删除长低速记录,0.0,0.0,连续低于10 km/h的记录超过180条
2017-12-21 03:32:31,删除长低速记录,0.0,0.0,连续低于10 km/h的记录超过180条
2017-12-21 03:32:32,删除长低速记录,0.0,0.0,连续低于10 km/h的记录超过180条
2017-12-21 03:32:33,删除长低速记录,0.0,0.0,连续低于10 km/h的记录超过180条
2017-12-21 03:32:34,删除长低速记录,0.0,0.0,连续低于10 km/h的记录超过180条
2017-12-21 03:32:35,删除长低速记录,0.0,0.0,连续低于10 km/h的记录超过180条
2017-12-21 03:32:36,删除长低速记录,0.0,0.0,连续低于10 km/h的记录超过180条
2017-12-21 03:32:37,删除长低速记录,0.0,0.0,连续低于10 km/h的记录超过180条
2017-12-21 03:32:38,删除长低速记录,0.0,0.0,连续低于10 km/h的记录超过180条
2017-12-21 03:32:39,删除长低速记录,0.0,0.0,连续低于10 km/h的记录超过180条
2017-12-21 03:32:40,删除长低速记录,0.0,0.0,连续低于10 km/h的记录超过180条
2017-12-21 03:32:41,删除长低速记录,0.0,0.0,连续低于10 km/h的记录超过180条
2017-12-21 03:32:42,删除长低速记录,0.0,0.0,连续低于10 km/h的记录超过180条
2017-12-21 03:32:43,删除长低速记录,0.0,0.0,连续低于10 km/h的记录超过180条
2017-12-21 03:32:44,删除长低速记录,0.0,0.0,连续低于10 km/h的记录超过180条
2017-12-21 03:32:45,删除长低速记录,0.0,0.0,连续低于10 km/h的记录超过180条
2017-12-21 03:32:46,删除长低速记录,0.0,0.0,连续低于10 km/h的记录超过180条
2017-12-21 03:32:47,删除长低速记录,0.0,0.0,连续低于10 km/h的记录超过180条
2017-12-21 03:32:48,删除长低速记录,0.0,0.0,连续低于10 km/h的记录超过180条
2017-12-21 03:32:49,删除长低速记录,0.0,0.0,连续低于10 km/h的记录超过180条
2017-12-21 03:32:50,删除长低速记录,0.0,0.0,连续低于10 km/h的记录超过180条
2017-12-21 03:32:51,删除长低速记录,0.0,0.0,连续低于10 km/h的记录超过180条
2017-12-21 03:32:52,删除长低速记录,0.0,0.0,连续低于10 km/h的记录超过180条
2017-12-21 03:32:53,删除长低速记录,0.0,0.0,连续低于10 km/h的记录超过180条
2017-12-21 03:32:54,删除长低速记录,0.0,0.0,连续低于10 km/h的记录超过180条
2017-12-21 03:32:55,删除长低速记录,0.0,0.0,连续低于10 km/h的记录超过180条
2017-12-21 03:32:56,删除长低速记录,0.0,0.0,连续低于10 km/h的记录超过180条
2017-12-21 03:32:57,删除长低速记录,0.0,0.0,连续低于10 km/h的记录超过180条
2017-12-21 03:32:58,删除长低速记录,0.0,0.0,连续低于10 km/h的记录超过180条
2017-12-21 03:32:59,删除长低速记录,0.0,0.0,连续低于10 km/h的记录超过180条
2017-12-21 03:33:00,删除长低速记录,0.0,0.0,连续低于10 km/h的记录超过180条
2017-12-21 03:33:01,删除长低速记录,0.0,0.0,连续低于10 km/h的记录超过180条
2017-12-21 03:33:02,删除长低速记录,0.0,0.0,连续低于10 km/h的记录超过180条
2017-12-21 03:33:03,删除长低速记录,0.0,0.0,连续低于10 km/h的记录超过180条
2017-12-21 03:33:04,删除长低速记录,0.0,0.0,连续低于10 km/h的记录超过180条
2017-12-21 03:33:05,删除长低速记录,0.0,0.0,连续低于10 km/h的记录超过180条
2017-12-21 03:33:06,删除长低速记录,0.0,0.0,连续低于10 km/h的记录超过180条
2017-12-21 03:33:07,删除长低速记录,0.0,0.0,连续低于10 km/h的记录超过180条
2017-12-21 03:33:08,删除长低速记录,0.0,0.0,连续低于10 km/h的记录超过180条
2017-12-21 03:33:09,删除长低速记录,0.0,0.0,连续低于10 km/h的记录超过180条
2017-12-21 03:33:10,删除长低速记录,0.0,0.0,连续低于10 km/h的记录超过180条
2017-12-21 03:33:11,删除长低速记录,0.0,0.0,连续低于10 km/h的记录超过180条
2017-12-21 03:33:12,删除长低速记录,0.0,0.0,连续低于10 km/h的记录超过180条
2017-12-21 03:33:13,删除长低速记录,0.0,0.0,连续低于10 km/h的记录超过180条
2017-12-21 03:33:14,删除长低速记录,0.0,0.0,连续低于10 km/h的记录超过180条
2017-12-21 03:33:15,删除长低速记录,0.0,0.0,连续低于10 km/h的记录超过180条
2017-12-21 03:33:16,删除长低速记录,0.0,0.0,连续低于10 km/h的记录超过180条
2017-12-21 03:33:17,删除长低速记录,0.0,0.0,连续低于10 km/h的记录超过180条
2017-12-21 03:33:18,删除长低速记录,0.0,0.0,连续低于10 km/h的记录超过180条
2017-12-21 03:33:19,删除长低速记录,0.0,0.0,连续低于10 km/h的记录超过180条
2017-12-21 03:33:20,删除长低速记录,0.0,0.0,连续低于10 km/h的记录超过180条
2017-12-21 03:33:21,删除长低速记录,0.0,0.0,连续低于10 km/h的记录超过180条
2017-12-21 03:33:22,删除长低速记录,0.0,0.0,连续低于10 km/h的记录超过180条
2017-12-21 03:33:23,删除长低速记录,0.0,0.0,连续低于10 km/h的记录超过180条
2017-12-21 03:33:24,删除长低速记录,0.0,0.0,连续低于10 km/h的记录超过180条
2017-12-21 03:33:25,删除长低速记录,0.0,0.0,连续低于10 km/h的记录超过180条
2017-12-21 03:33:26,删除长低速记录,0.0,0.0,连续低于10 km/h的记录超过180条
2017-12-21 03:33:27,删除长低速记录,0.0,0.0,连续低于10 km/h的记录超过180条
2017-12-21 03:33:28,删除长低速记录,0.0,0.0,连续低于10 km/h的记录超过180条
2017-12-21 03:33:29,删除长低速记录,0.0,0.0,连续低于10 km/h的记录超过180条
2017-12-21 03:33:30,删除长低速记录,0.0,0.0,连续低于10 km/h的记录超过180条
2017-12-21 03:33:31,删除长低速记录,0.0,0.0,连续低于10 km/h的记录超过180条
2017-12-21 03:33:32,删除长低速记录,0.0,0.0,连续低于10 km/h的记录超过180条
2017-12-21 03:33:33,删除长低速记录,0.0,0.0,连续低于10 km/h的记录超过180条
2017-12-21 03:33:34,删除长低速记录,0.0,0.0,连续低于10 km/h的记录超过180条
2017-12-21 03:33:35,删除长低速记录,0.0,0.0,连续低于10 km/h的记录超过180条
2017-12-21 03:33:36,删除长低速记录,0.0,0.0,连续低于10 km/h的记录超过180条
2017-12-21 03:33:37,删除长低速记录,0.0,0.0,连续低于10 km/h的记录超过180条
2017-12-21 03:33:38,删除长低速记录,0.0,0.0,连续低于10 km/h的记录超过180条
2017-12-21 03:33:39,删除长低速记录,0.0,0.0,连续低于10 km/h的记录超过180条
2017-12-21 03:33:40,删除长低速记录,0.0,0.0,连续低于10 km/h的记录超过180条
2017-12-21 03:33:41,删除长低速记录,0.0,0.0,连续低于10 km/h的记录超过180条
2017-12-21 03:33:42,删除长低速记录,0.0,0.0,连续低于10 km/h的记录超过180条
2017-12-21 03:33:43,删除长低速记录,0.0,0.0,连续低于10 km/h的记录超过180条
2017-12-21 03:33:44,删除长低速记录,0.0,0.0,连续低于10 km/h的记录超过180条
2017-12-21 03:33:45,删除长低速记录,0.0,0.0,连续低于10 km/h的记录超过180条
2017-12-21 03:33:46,删除长低速记录,0.0,0.0,连续低于10 km/h的记录超过180条
2017-12-21 03:33:47,删除长低速记录,0.0,0.0,连续低于10 km/h的记录超过180条
2017-12-21 03:33:48,删除长低速记录,0.0,0.0,连续低于10 km/h的记录超过180条
2017-12-21 03:33:49,删除长低速记录,0.0,0.0,连续低于10 km/h的记录超过180条
2017-12-21 03:33:50,删除长低速记录,0.0,0.0,连续低于10 km/h的记录超过180条
2017-12-21 03:33:51,删除长低速记录,0.0,0.0,连续低于10 km/h的记录超过180条
2017-12-21 03:33:52,删除长低速记录,0.0,0.0,连续低于10 km/h的记录超过180条
2017-12-21 03:33:53,删除长低速记录,0.0,0.0,连续低于10 km/h的记录超过180条
2017-12-21 03:33:54,删除长低速记录,0.0,0.0,连续低于10 km/h的记录超过180条
2017-12-21 03:33:55,删除长低速记录,0.0,0.0,连续低于10 km/h的记录超过180条
2017-12-21 03:33:56,删除长低速记录,0.0,0.0,连续低于10 km/h的记录超过180条
2017-12-21 03:33:57,删除长低速记录,0.0,0.0,连续低于10 km/h的记录超过180条
2017-12-21 03:33:58,删除长低速记录,0.0,0.0,连续低于10 km/h的记录超过180条
2017-12-21 03:33:59,删除长低速记录,0.0,0.0,连续低于10 km/h的记录超过180条
2017-12-21 03:34:00,删除长低速记录,0.0,0.0,连续低于10 km/h的记录超过180条
2017-12-21 03:34:01,删除长低速记录,0.0,0.0,连续低于10 km/h的记录超过180条
2017-12-21 03:34:02,删除长低速记录,0.0,0.0,连续低于10 km/h的记录超过180条
2017-12-21 03:34:03,删除长低速记录,0.0,0.0,连续低于10 km/h的记录超过180条
2017-12-21 03:34:04,删除长低速记录,0.0,0.0,连续低于10 km/h的记录超过180条
2017-12-21 03:34:05,删除长低速记录,0.0,0.0,连续低于10 km/h的记录超过180条
2017-12-21 03:34:06,删除长低速记录,0.0,0.0,连续低于10 km/h的记录超过180条
2017-12-21 03:34:07,删除长低速记录,0.0,0.0,连续低于10 km/h的记录超过180条
2017-12-21 03:34:08,删除长低速记录,0.0,0.0,连续低于10 km/h的记录超过180条
2017-12-21 03:34:09,删除长低速记录,0.0,0.0,连续低于10 km/h的记录超过180条
2017-12-21 03:34:10,删除长低速记录,0.0,0.0,连续低于10 km/h的记录超过180条
2017-12-21 03:34:11,删除长低速记录,0.0,0.0,连续低于10 km/h的记录超过180条
2017-12-21 03:34:12,删除长低速记录,0.0,0.0,连续低于10 km/h的记录超过180条
2017-12-21 03:34:13,删除长低速记录,0.0,0.0,连续低于10 km/h的记录超过180条
2017-12-21 03:34:14,删除长低速记录,0.0,0.0,连续低于10 km/h的记录超过180条
2017-12-21 03:34:15,删除长低速记录,0.0,0.0,连续低于10 km/h的记录超过180条
2017-12-21 03:34:16,删除长低速记录,0.0,0.0,连续低于10 km/h的记录超过180条
2017-12-21 03:34:17,删除长低速记录,0.0,0.0,连续低于10 km/h的记录超过180条
2017-12-21 03:34:18,删除长低速记录,0.0,0.0,连续低于10 km/h的记录超过180条
2017-12-21 03:34:19,删除长低速记录,0.0,0.0,连续低于10 km/h的记录超过180条
2017-12-21 03:34:20,删除长低速记录,0.0,0.0,连续低于10 km/h的记录超过180条
2017-12-21 03:34:21,删除长低速记录,0.0,0.0,连续低于10 km/h的记录超过180条
2017-12-21 03:34:22,删除长低速记录,0.0,0.0,连续低于10 km/h的记录超过180条
2017-12-21 03:34:23,删除长低速记录,0.0,0.0,连续低于10 km/h的记录超过180条
2017-12-21 03:34:24,删除长低速记录,0.0,0.0,连续低于10 km/h的记录超过180条
2017-12-21 03:34:25,删除长低速记录,0.0,0.0,连续低于10 km/h的记录超过180条
2017-12-21 03:34:26,删除长低速记录,0.0,0.0,连续低于10 km/h的记录超过180条
2017-12-21 03:34:27,删除长低速记录,0.0,0.0,连续低于10 km/h的记录超过180条
2017-12-21 03:34:28,删除长低速记录,0.0,0.0,连续低于10 km/h的记录超过180条
2017-12-21 03:34:29,删除长低速记录,0.0,0.0,连续低于10 km/h的记录超过180条
2017-12-21 03:34:30,删除长低速记录,0.0,0.0,连续低于10 km/h的记录超过180条
2017-12-21 03:34:31,删除长低速记录,0.0,0.0,连续低于10 km/h的记录超过180条
2017-12-21 03:34:32,删除长低速记录,0.0,0.0,连续低于10 km/h的记录超过180条
2017-12-21 03:34:33,删除长低速记录,0.0,0.0,连续低于10 km/h的记录超过180条
2017-12-21 03:34:34,删除长低速记录,0.0,0.0,连续低于10 km/h的记录超过180条
2017-12-21 03:34:35,删除长低速记录,0.0,0.0,连续低于10 km/h的记录超过180条
2017-12-21 03:34:36,删除长低速记录,0.0,0.0,连续低于10 km/h的记录超过180条
2017-12-21 03:34:37,删除长低速记录,0.0,0.0,连续低于10 km/h的记录超过180条
2017-12-21 03:34:38,删除长低速记录,0.0,0.0,连续低于10 km/h的记录超过180条
2017-12-21 03:34:39,删除长低速记录,0.0,0.0,连续低于10 km/h的记录超过180条
2017-12-21 03:34:40,删除长低速记录,0.0,0.0,连续低于10 km/h的记录超过180条
2017-12-21 03:34:41,删除长低速记录,0.0,0.0,连续低于10 km/h的记录超过180条
2017-12-21 03:34:42,删除长低速记录,0.0,0.0,连续低于10 km/h的记录超过180条
2017-12-21 03:34:43,删除长低速记录,0.0,0.0,连续低于10 km/h的记录超过180条
2017-12-21 03:34:44,删除长低速记录,0.0,0.0,连续低于10 km/h的记录超过180条
2017-12-21 03:34:45,删除长低速记录,0.0,0.0,连续低于10 km/h的记录超过180条
2017-12-21 03:34:46,删除长低速记录,0.0,0.0,连续低于10 km/h的记录超过180条
2017-12-21 03:34:47,删除长低速记录,0.0,0.0,连续低于10 km/h的记录超过180条
2017-12-21 03:34:48,删除长低速记录,0.0,0.0,连续低于10 km/h的记录超过180条
2017-12-21 03:34:49,删除长低速记录,0.0,0.0,连续低于10 km/h的记录超过180条
2017-12-21 03:34:50,删除长低速记录,0.0,0.0,连续低于10 km/h的记录超过180条
2017-12-21 03:34:51,删除长低速记录,0.0,0.0,连续低于10 km/h的记录超过180条
2017-12-21 03:34:52,删除长低速记录,0.0,0.0,连续低于10 km/h的记录超过180条
2017-12-21 03:34:53,删除长低速记录,0.0,0.0,连续低于10 km/h的记录超过180条
2017-12-21 03:34:54,删除长低速记录,0.0,0.0,连续低于10 km/h的记录超过180条
2017-12-21 03:34:55,删除长低速记录,0.0,0.0,连续低于10 km/h的记录超过180条
2017-12-21 03:34:56,删除长低速记录,0.0,0.0,连续低于10 km/h的记录超过180条
2017-12-21 03:34:57,删除长低速记录,0.0,0.0,连续低于10 km/h的记录超过180条
2017-12-21 03:34:58,删除长低速记录,0.0,0.0,连续低于10 km/h的记录超过180条
2017-12-21 03:34:59,删除长低速记录,0.0,0.0,连续低于10 km/h的记录超过180条
2017-12-21 03:35:00,删除长低速记录,0.0,0.0,连续低于10 km/h的记录超过180条
2017-12-21 03:35:01,删除长低速记录,0.0,0.0,连续低于10 km/h的记录超过180条
2017-12-21 03:35:02,删除长低速记录,0.0,0.0,连续低于10 km/h的记录超过180条
2017-12-21 03:35:03,删除长低速记录,0.0,0.0,连续低于10 km/h的记录超过180条
2017-12-21 03:35:04,删除长低速记录,0.0,0.0,连续低于10 km/h的记录超过180条
2017-12-21 03:35:05,删除长低速记录,0.0,0.0,连续低于10 km/h的记录超过180条
2017-12-21 03:35:06,删除长低速记录,0.0,0.0,连续低于10 km/h的记录超过180条
2017-12-21 03:35:07,删除长低速记录,0.0,0.0,连续低于10 km/h的记录超过180条
2017-12-21 03:35:08,删除长低速记录,0.0,0.0,连续低于10 km/h的记录超过180条
2017-12-21 03:35:09,删除长低速记录,0.0,0.0,连续低于10 km/h的记录超过180条
2017-12-21 03:35:10,删除长低速记录,0.0,0.0,连续低于10 km/h的记录超过180条
2017-12-21 03:35:11,删除长低速记录,0.0,0.0,连续低于10 km/h的记录超过180条
2017-12-21 03:35:12,删除长低速记录,0.0,0.0,连续低于10 km/h的记录超过180条
2017-12-21 03:35:13,删除长低速记录,0.0,0.0,连续低于10 km/h的记录超过180条
2017-12-21 03:35:14,删除长低速记录,0.0,0.0,连续低于10 km/h的记录超过180条
2017-12-21 03:35:15,删除长低速记录,0.0,0.0,连续低于10 km/h的记录超过180条
2017-12-21 03:35:16,删除长低速记录,0.0,0.0,连续低于10 km/h的记录超过180条
2017-12-21 03:35:17,删除长低速记录,0.0,0.0,连续低于10 km/h的记录超过180条
2017-12-21 03:35:18,删除长低速记录,0.0,0.0,连续低于10 km/h的记录超过180条
2017-12-21 03:35:19,删除长低速记录,0.0,0.0,连续低于10 km/h的记录超过180条
2017-12-21 03:35:20,删除长低速记录,0.0,0.0,连续低于10 km/h的记录超过180条
2017-12-21 03:35:21,删除长低速记录,0.0,0.0,连续低于10 km/h的记录超过180条
2017-12-21 03:35:22,删除长低速记录,0.0,0.0,连续低于10 km/h的记录超过180条
2017-12-21 03:35:23,删除长低速记录,0.0,0.0,连续低于10 km/h的记录超过180条
2017-12-21 03:35:24,删除长低速记录,0.0,0.0,连续低于10 km/h的记录超过180条
2017-12-21 03:35:25,删除长低速记录,0.0,0.0,连续低于10 km/h的记录超过180条
2017-12-21 03:35:26,删除长低速记录,0.0,0.0,连续低于10 km/h的记录超过180条
2017-12-21 03:35:27,删除长低速记录,0.0,0.0,连续低于10 km/h的记录超过180条
2017-12-21 03:35:28,删除长低速记录,0.0,0.0,连续低于10 km/h的记录超过180条
2017-12-21 03:35:29,删除长低速记录,0.0,0.0,连续低于10 km/h的记录超过180条
2017-12-21 03:35:30,删除长低速记录,0.0,0.0,连续低于10 km/h的记录超过180条
2017-12-21 03:35:31,删除长低速记录,0.0,0.0,连续低于10 km/h的记录超过180条
2017-12-21 03:35:32,删除长低速记录,0.0,0.0,连续低于10 km/h的记录超过180条
2017-12-21 03:35:33,删除长低速记录,0.0,0.0,连续低于10 km/h的记录超过180条
2017-12-21 03:35:34,删除长低速记录,0.0,0.0,连续低于10 km/h的记录超过180条
2017-12-21 03:35:35,删除长低速记录,0.0,0.0,连续低于10 km/h的记录超过180条
2017-12-21 03:35:36,删除长低速记录,0.0,0.0,连续低于10 km/h的记录超过180条
2017-12-21 03:35:37,删除长低速记录,0.0,0.0,连续低于10 km/h的记录超过180条
2017-12-21 03:35:38,删除长低速记录,0.0,0.0,连续低于10 km/h的记录超过180条
2017-12-21 03:35:39,删除长低速记录,0.0,0.0,连续低于10 km/h的记录超过180条
2017-12-21 03:35:40,删除长低速记录,0.0,0.0,连续低于10 km/h的记录超过180条
2017-12-21 03:35:41,删除长低速记录,0.0,0.0,连续低于10 km/h的记录超过180条
2017-12-21 03:35:42,删除长低速记录,0.0,0.0,连续低于10 km/h的记录超过180条
2017-12-21 03:35:43,删除长低速记录,0.0,0.0,连续低于10 km/h的记录超过180条
2017-12-21 03:35:44,删除长低速记录,0.0,0.0,连续低于10 km/h的记录超过180条
2017-12-21 03:35:45,删除长低速记录,0.0,0.0,连续低于10 km/h的记录超过180条
2017-12-21 03:35:46,删除长低速记录,0.0,0.0,连续低于10 km/h的记录超过180条
2017-12-21 03:35:47,删除长低速记录,0.0,0.0,连续低于10 km/h的记录超过180条
2017-12-21 03:35:48,删除长低速记录,0.0,0.0,连续低于10 km/h的记录超过180条
2017-12-21 03:35:49,删除长低速记录,0.0,0.0,连续低于10 km/h的记录超过180条
2017-12-21 03:35:50,删除长低速记录,0.0,0.0,连续低于10 km/h的记录超过180条
2017-12-21 03:35:51,删除长低速记录,0.0,0.0,连续低于10 km/h的记录超过180条
2017-12-21 03:35:52,删除长低速记录,0.0,0.0,连续低于10 km/h的记录超过180条
2017-12-21 03:35:53,删除长低速记录,0.0,0.0,连续低于10 km/h的记录超过180条
2017-12-21 03:35:54,删除长低速记录,0.0,0.0,连续低于10 km/h的记录超过180条
2017-12-21 03:35:55,删除长低速记录,0.0,0.0,连续低于10 km/h的记录超过180条
2017-12-21 03:35:56,删除长低速记录,0.0,0.0,连续低于10 km/h的记录超过180条
2017-12-21 03:35:57,删除长低速记录,0.0,0.0,连续低于10 km/h的记录超过180条
2017-12-21 03:35:58,删除长低速记录,0.0,0.0,连续低于10 km/h的记录超过180条
2017-12-21 03:35:59,删除长低速记录,0.0,0.0,连续低于10 km/h的记录超过180条
2017-12-21 03:36:00,删除长低速记录,0.0,0.0,连续低于10 km/h的记录超过180条
2017-12-21 03:36:01,删除长低速记录,0.0,0.0,连续低于10 km/h的记录超过180条
2017-12-21 03:36:02,删除长低速记录,0.0,0.0,连续低于10 km/h的记录超过180条
2017-12-21 03:36:03,删除长低速记录,0.0,0.0,连续低于10 km/h的记录超过180条
2017-12-21 03:36:04,删除长低速记录,0.0,0.0,连续低于10 km/h的记录超过180条
2017-12-21 03:36:05,删除长低速记录,0.0,0.0,连续低于10 km/h的记录超过180条
2017-12-21 03:36:06,删除长低速记录,0.0,0.0,连续低于10 km/h的记录超过180条
2017-12-21 03:36:07,删除长低速记录,0.0,0.0,连续低于10 km/h的记录超过180条
2017-12-21 03:36:08,删除长低速记录,0.0,0.0,连续低于10 km/h的记录超过180条
2017-12-21 03:36:09,删除长低速记录,0.0,0.0,连续低于10 km/h的记录超过180条
2017-12-21 03:36:10,删除长低速记录,0.0,0.0,连续低于10 km/h的记录超过180条
2017-12-21 03:36:11,删除长低速记录,0.0,0.0,连续低于10 km/h的记录超过180条
2017-12-21 03:36:12,删除长低速记录,0.0,0.0,连续低于10 km/h的记录超过180条
2017-12-21 03:36:13,删除长低速记录,0.0,0.0,连续低于10 km/h的记录超过180条
2017-12-21 03:36:14,删除长低速记录,0.0,0.0,连续低于10 km/h的记录超过180条
2017-12-21 03:36:15,删除长低速记录,0.0,0.0,连续低于10 km/h的记录超过180条
2017-12-21 03:36:16,删除长低速记录,0.0,0.0,连续低于10 km/h的记录超过180条
2017-12-21 03:36:17,删除长低速记录,0.0,0.0,连续低于10 km/h的记录超过180条
2017-12-21 03:36:18,删除长低速记录,0.0,0.0,连续低于10 km/h的记录超过180条
2017-12-21 03:36:19,删除长低速记录,0.0,0.0,连续低于10 km/h的记录超过180条
2017-12-21 03:36:20,删除长低速记录,0.0,0.0,连续低于10 km/h的记录超过180条
2017-12-21 03:36:21,删除长低速记录,0.0,0.0,连续低于10 km/h的记录超过180条
2017-12-21 03:36:22,删除长低速记录,0.0,0.0,连续低于10 km/h的记录超过180条
2017-12-21 03:36:23,删除长低速记录,0.0,0.0,连续低于10 km/h的记录超过180条
2017-12-21 03:36:24,删除长低速记录,0.0,0.0,连续低于10 km/h的记录超过180条
2017-12-21 03:36:25,删除长低速记录,0.0,0.0,连续低于10 km/h的记录超过180条
2017-12-21 03:36:26,删除长低速记录,0.0,0.0,连续低于10 km/h的记录超过180条
2017-12-21 03:36:27,删除长低速记录,0.0,0.0,连续低于10 km/h的记录超过180条
2017-12-21 03:36:28,删除长低速记录,0.0,0.0,连续低于10 km/h的记录超过180条
2017-12-21 03:36:29,删除长低速记录,0.0,0.0,连续低于10 km/h的记录超过180条
2017-12-21 03:36:30,删除长低速记录,0.0,0.0,连续低于10 km/h的记录超过180条
2017-12-21 03:36:31,删除长低速记录,0.0,0.0,连续低于10 km/h的记录超过180条
2017-12-21 03:36:32,删除长低速记录,0.0,0.0,连续低于10 km/h的记录超过180条
2017-12-21 03:36:33,删除长低速记录,0.0,0.0,连续低于10 km/h的记录超过180条
2017-12-21 03:36:34,删除长低速记录,0.0,0.0,连续低于10 km/h的记录超过180条
2017-12-21 03:36:35,删除长低速记录,0.0,0.0,连续低于10 km/h的记录超过180条
2017-12-21 03:36:36,删除长低速记录,0.0,0.0,连续低于10 km/h的记录超过180条
2017-12-21 03:36:37,删除长低速记录,0.0,0.0,连续低于10 km/h的记录超过180条
2017-12-21 03:36:38,删除长低速记录,0.0,0.0,连续低于10 km/h的记录超过180条
2017-12-21 03:36:39,删除长低速记录,0.0,0.0,连续低于10 km/h的记录超过180条
2017-12-21 03:36:40,删除长低速记录,0.0,0.0,连续低于10 km/h的记录超过180条
2017-12-21 03:36:41,删除长低速记录,0.0,0.0,连续低于10 km/h的记录超过180条
2017-12-21 03:36:42,删除长低速记录,0.0,0.0,连续低于10 km/h的记录超过180条
2017-12-21 03:36:43,删除长低速记录,0.0,0.0,连续低于10 km/h的记录超过180条
2017-12-21 03:36:44,删除长低速记录,0.0,0.0,连续低于10 km/h的记录超过180条
2017-12-21 03:36:45,删除长低速记录,0.0,0.0,连续低于10 km/h的记录超过180条
2017-12-21 03:36:46,删除长低速记录,0.0,0.0,连续低于10 km/h的记录超过180条
2017-12-21 03:36:47,删除长低速记录,0.0,0.0,连续低于10 km/h的记录超过180条
2017-12-21 03:36:48,删除长低速记录,0.0,0.0,连续低于10 km/h的记录超过180条
2017-12-21 03:36:49,删除长低速记录,0.0,0.0,连续低于10 km/h的记录超过180条
2017-12-21 03:36:50,删除长低速记录,0.0,0.0,连续低于10 km/h的记录超过180条
2017-12-21 03:36:51,删除长低速记录,0.0,0.0,连续低于10 km/h的记录超过180条
2017-12-21 03:36:52,删除长低速记录,0.0,0.0,连续低于10 km/h的记录超过180条
2017-12-21 03:36:53,删除长低速记录,0.0,0.0,连续低于10 km/h的记录超过180条
2017-12-21 03:36:54,删除长低速记录,0.0,0.0,连续低于10 km/h的记录超过180条
2017-12-21 03:36:55,删除长低速记录,0.0,0.0,连续低于10 km/h的记录超过180条
2017-12-21 03:36:56,删除长低速记录,0.0,0.0,连续低于10 km/h的记录超过180条
2017-12-21 03:36:57,删除长低速记录,0.0,0.0,连续低于10 km/h的记录超过180条
2017-12-21 03:36:58,删除长低速记录,0.0,0.0,连续低于10 km/h的记录超过180条
2017-12-21 03:36:59,删除长低速记录,0.0,0.0,连续低于10 km/h的记录超过180条
2017-12-21 03:37:00,删除长低速记录,0.0,0.0,连续低于10 km/h的记录超过180条
2017-12-21 03:37:01,删除长低速记录,0.0,0.0,连续低于10 km/h的记录超过180条
2017-12-21 03:37:02,删除长低速记录,0.0,0.0,连续低于10 km/h的记录超过180条
2017-12-21 03:37:03,删除长低速记录,0.0,0.0,连续低于10 km/h的记录超过180条
2017-12-21 03:37:04,删除长低速记录,0.0,0.0,连续低于10 km/h的记录超过180条
2017-12-21 03:37:05,删除长低速记录,0.0,0.0,连续低于10 km/h的记录超过180条
2017-12-21 03:37:06,删除长低速记录,0.0,0.0,连续低于10 km/h的记录超过180条
2017-12-21 03:37:07,删除长低速记录,0.0,0.0,连续低于10 km/h的记录超过180条
2017-12-21 03:37:08,删除长低速记录,0.0,0.0,连续低于10 km/h的记录超过180条
2017-12-21 03:37:09,删除长低速记录,0.0,0.0,连续低于10 km/h的记录超过180条
2017-12-21 03:37:10,删除长低速记录,0.0,0.0,连续低于10 km/h的记录超过180条
2017-12-21 03:37:11,删除长低速记录,0.0,0.0,连续低于10 km/h的记录超过180条
2017-12-21 03:37:12,删除长低速记录,0.0,0.0,连续低于10 km/h的记录超过180条
2017-12-21 03:37:13,删除长低速记录,0.0,0.0,连续低于10 km/h的记录超过180条
2017-12-21 03:37:14,删除长低速记录,0.0,0.0,连续低于10 km/h的记录超过180条
2017-12-21 03:37:15,删除长低速记录,0.0,0.0,连续低于10 km/h的记录超过180条
2017-12-21 03:37:16,删除长低速记录,0.0,0.0,连续低于10 km/h的记录超过180条
2017-12-21 03:37:17,删除长低速记录,0.0,0.0,连续低于10 km/h的记录超过180条
2017-12-21 03:37:18,删除长低速记录,0.0,0.0,连续低于10 km/h的记录超过180条
2017-12-21 03:37:19,删除长低速记录,0.0,0.0,连续低于10 km/h的记录超过180条
2017-12-21 03:37:20,删除长低速记录,0.0,0.0,连续低于10 km/h的记录超过180条
2017-12-21 03:37:21,删除长低速记录,0.0,0.0,连续低于10 km/h的记录超过180条
2017-12-21 03:37:22,删除长低速记录,0.0,0.0,连续低于10 km/h的记录超过180条
2017-12-21 03:37:23,删除长低速记录,0.0,0.0,连续低于10 km/h的记录超过180条
2017-12-21 03:37:24,删除长低速记录,0.0,0.0,连续低于10 km/h的记录超过180条
2017-12-21 03:37:25,删除长低速记录,0.0,0.0,连续低于10 km/h的记录超过180条
2017-12-21 03:37:26,删除长低速记录,0.0,0.0,连续低于10 km/h的记录超过180条
2017-12-21 03:37:27,删除长低速记录,0.0,0.0,连续低于10 km/h的记录超过180条
2017-12-21 03:37:28,删除长低速记录,0.0,0.0,连续低于10 km/h的记录超过180条
2017-12-21 03:37:29,删除长低速记录,0.0,0.0,连续低于10 km/h的记录超过180条
2017-12-21 03:37:30,删除长低速记录,0.0,0.0,连续低于10 km/h的记录超过180条
2017-12-21 03:37:31,删除长低速记录,0.0,0.0,连续低于10 km/h的记录超过180条
2017-12-21 03:37:32,删除长低速记录,0.0,0.0,连续低于10 km/h的记录超过180条
2017-12-21 03:37:33,删除长低速记录,0.0,0.0,连续低于10 km/h的记录超过180条
2017-12-21 03:37:34,删除长低速记录,0.0,0.0,连续低于10 km/h的记录超过180条
2017-12-21 03:37:35,删除长低速记录,0.0,0.0,连续低于10 km/h的记录超过180条
2017-12-21 03:37:36,删除长低速记录,0.0,0.0,连续低于10 km/h的记录超过180条
2017-12-21 03:37:37,删除长低速记录,0.0,0.0,连续低于10 km/h的记录超过180条
2017-12-21 03:37:38,删除长低速记录,0.0,0.0,连续低于10 km/h的记录超过180条
2017-12-21 03:37:39,删除长低速记录,0.0,0.0,连续低于10 km/h的记录超过180条
2017-12-21 03:37:40,删除长低速记录,0.0,0.0,连续低于10 km/h的记录超过180条
2017-12-21 03:37:41,删除长低速记录,0.0,0.0,连续低于10 km/h的记录超过180条
2017-12-21 03:37:42,删除长低速记录,0.0,0.0,连续低于10 km/h的记录超过180条
2017-12-21 03:37:43,删除长低速记录,0.0,0.0,连续低于10 km/h的记录超过180条
2017-12-21 03:37:44,删除长低速记录,0.0,0.0,连续低于10 km/h的记录超过180条
2017-12-21 03:37:45,删除长低速记录,0.0,0.0,连续低于10 km/h的记录超过180条
2017-12-21 03:37:46,删除长低速记录,0.0,0.0,连续低于10 km/h的记录超过180条
2017-12-21 03:37:47,删除长低速记录,0.0,0.0,连续低于10 km/h的记录超过180条
2017-12-21 03:37:48,删除长低速记录,0.0,0.0,连续低于10 km/h的记录超过180条
2017-12-21 03:37:49,删除长低速记录,0.0,0.0,连续低于10 km/h的记录超过180条
2017-12-21 03:37:50,删除长低速记录,0.0,0.0,连续低于10 km/h的记录超过180条
2017-12-21 03:37:51,删除长低速记录,0.0,0.0,连续低于10 km/h的记录超过180条
2017-12-21 03:37:52,删除长低速记录,0.0,0.0,连续低于10 km/h的记录超过180条
2017-12-21 03:37:53,删除长低速记录,0.0,0.0,连续低于10 km/h的记录超过180条
2017-12-21 03:37:54,删除长低速记录,0.0,0.0,连续低于10 km/h的记录超过180条
2017-12-21 03:37:55,删除长低速记录,0.0,0.0,连续低于10 km/h的记录超过180条
2017-12-21 03:37:56,删除长低速记录,0.0,0.0,连续低于10 km/h的记录超过180条
2017-12-21 03:37:57,删除长低速记录,0.0,0.0,连续低于10 km/h的记录超过180条
2017-12-21 03:37:58,删除长低速记录,0.0,0.0,连续低于10 km/h的记录超过180条
2017-12-21 03:37:59,删除长低速记录,0.0,0.0,连续低于10 km/h的记录超过180条
2017-12-21 03:38:00,删除长低速记录,0.0,0.0,连续低于10 km/h的记录超过180条
2017-12-21 03:38:01,删除长低速记录,0.0,0.0,连续低于10 km/h的记录超过180条
2017-12-21 03:38:02,删除长低速记录,0.0,0.0,连续低于10 km/h的记录超过180条
2017-12-21 03:38:03,删除长低速记录,0.0,0.0,连续低于10 km/h的记录超过180条
2017-12-21 03:38:04,删除长低速记录,0.0,0.0,连续低于10 km/h的记录超过180条
2017-12-21 03:38:05,删除长低速记录,0.0,0.0,连续低于10 km/h的记录超过180条
2017-12-21 03:38:06,删除长低速记录,0.0,0.0,连续低于10 km/h的记录超过180条
2017-12-21 03:38:07,删除长低速记录,0.0,0.0,连续低于10 km/h的记录超过180条
2017-12-21 03:38:08,删除长低速记录,0.0,0.0,连续低于10 km/h的记录超过180条
2017-12-21 03:38:09,删除长低速记录,0.0,0.0,连续低于10 km/h的记录超过180条
2017-12-21 03:38:10,删除长低速记录,0.0,0.0,连续低于10 km/h的记录超过180条
2017-12-21 03:38:11,删除长低速记录,0.0,0.0,连续低于10 km/h的记录超过180条
2017-12-21 03:38:12,删除长低速记录,0.0,0.0,连续低于10 km/h的记录超过180条
2017-12-21 03:38:13,删除长低速记录,0.0,0.0,连续低于10 km/h的记录超过180条
2017-12-21 03:38:14,删除长低速记录,0.0,0.0,连续低于10 km/h的记录超过180条
2017-12-21 03:38:15,删除长低速记录,0.0,0.0,连续低于10 km/h的记录超过180条
2017-12-21 03:38:16,删除长低速记录,0.0,0.0,连续低于10 km/h的记录超过180条
2017-12-21 03:38:17,删除长低速记录,0.0,0.0,连续低于10 km/h的记录超过180条
2017-12-21 03:38:18,删除长低速记录,0.0,0.0,连续低于10 km/h的记录超过180条
2017-12-21 03:38:19,删除长低速记录,0.0,0.0,连续低于10 km/h的记录超过180条
2017-12-21 03:38:20,删除长低速记录,0.0,0.0,连续低于10 km/h的记录超过180条
2017-12-21 03:38:21,删除长低速记录,0.0,0.0,连续低于10 km/h的记录超过180条
2017-12-21 03:38:22,删除长低速记录,0.0,0.0,连续低于10 km/h的记录超过180条
2017-12-21 03:38:23,删除长低速记录,0.0,0.0,连续低于10 km/h的记录超过180条
2017-12-21 03:38:24,删除长低速记录,0.0,0.0,连续低于10 km/h的记录超过180条
2017-12-21 03:38:25,删除长低速记录,0.0,0.0,连续低于10 km/h的记录超过180条
2017-12-21 03:38:26,删除长低速记录,0.0,0.0,连续低于10 km/h的记录超过180条
2017-12-21 03:38:27,删除长低速记录,0.0,0.0,连续低于10 km/h的记录超过180条
2017-12-21 03:38:28,删除长低速记录,0.0,0.0,连续低于10 km/h的记录超过180条
2017-12-21 03:38:29,删除长低速记录,0.0,0.0,连续低于10 km/h的记录超过180条
2017-12-21 03:38:30,删除长低速记录,0.0,0.0,连续低于10 km/h的记录超过180条
2017-12-21 03:38:31,删除长低速记录,0.0,0.0,连续低于10 km/h的记录超过180条
2017-12-21 03:38:32,删除长低速记录,0.0,0.0,连续低于10 km/h的记录超过180条
2017-12-21 03:38:33,删除长低速记录,0.0,0.0,连续低于10 km/h的记录超过180条
2017-12-21 03:38:34,删除长低速记录,0.0,0.0,连续低于10 km/h的记录超过180条
2017-12-21 03:38:35,删除长低速记录,0.0,0.0,连续低于10 km/h的记录超过180条
2017-12-21 03:38:36,删除长低速记录,0.0,0.0,连续低于10 km/h的记录超过180条
2017-12-21 03:38:37,删除长低速记录,0.0,0.0,连续低于10 km/h的记录超过180条
2017-12-21 03:38:38,删除长低速记录,0.0,0.0,连续低于10 km/h的记录超过180条
2017-12-21 03:38:39,删除长低速记录,0.0,0.0,连续低于10 km/h的记录超过180条
2017-12-21 03:38:40,删除长低速记录,0.0,0.0,连续低于10 km/h的记录超过180条
2017-12-21 03:38:41,删除长低速记录,0.0,0.0,连续低于10 km/h的记录超过180条
2017-12-21 03:38:42,删除长低速记录,0.0,0.0,连续低于10 km/h的记录超过180条
2017-12-21 03:38:43,删除长低速记录,0.0,0.0,连续低于10 km/h的记录超过180条
2017-12-21 03:38:44,删除长低速记录,0.0,0.0,连续低于10 km/h的记录超过180条
2017-12-21 03:38:45,删除长低速记录,0.0,0.0,连续低于10 km/h的记录超过180条
2017-12-21 03:38:46,删除长低速记录,0.0,0.0,连续低于10 km/h的记录超过180条
2017-12-21 03:38:47,删除长低速记录,0.0,0.0,连续低于10 km/h的记录超过180条
2017-12-21 03:38:48,删除长低速记录,0.0,0.0,连续低于10 km/h的记录超过180条
2017-12-21 03:38:49,删除长低速记录,0.0,0.0,连续低于10 km/h的记录超过180条
2017-12-21 03:38:50,删除长低速记录,0.0,0.0,连续低于10 km/h的记录超过180条
2017-12-21 03:38:51,删除长低速记录,0.0,0.0,连续低于10 km/h的记录超过180条
2017-12-21 03:38:52,删除长低速记录,0.0,0.0,连续低于10 km/h的记录超过180条
2017-12-21 03:38:53,删除长低速记录,0.0,0.0,连续低于10 km/h的记录超过180条
2017-12-21 03:38:54,删除长低速记录,0.0,0.0,连续低于10 km/h的记录超过180条
2017-12-21 03:38:55,删除长低速记录,0.0,0.0,连续低于10 km/h的记录超过180条
2017-12-21 03:38:56,删除长低速记录,0.0,0.0,连续低于10 km/h的记录超过180条
2017-12-21 03:38:57,删除长低速记录,0.0,0.0,连续低于10 km/h的记录超过180条
2017-12-21 03:38:58,删除长低速记录,0.0,0.0,连续低于10 km/h的记录超过180条
2017-12-21 03:38:59,删除长低速记录,0.0,0.0,连续低于10 km/h的记录超过180条
2017-12-21 03:39:00,删除长低速记录,0.0,0.0,连续低于10 km/h的记录超过180条
2017-12-21 03:39:01,删除长低速记录,0.0,0.0,连续低于10 km/h的记录超过180条
2017-12-21 03:39:02,删除长低速记录,0.0,0.0,连续低于10 km/h的记录超过180条
2017-12-21 03:39:03,删除长低速记录,0.0,0.0,连续低于10 km/h的记录超过180条
2017-12-21 03:39:04,删除长低速记录,0.0,0.0,连续低于10 km/h的记录超过180条
2017-12-21 03:39:05,删除长低速记录,0.0,0.0,连续低于10 km/h的记录超过180条
2017-12-21 03:39:06,删除长低速记录,0.0,0.0,连续低于10 km/h的记录超过180条
2017-12-21 03:39:07,删除长低速记录,0.0,0.0,连续低于10 km/h的记录超过180条
2017-12-21 03:39:08,删除长低速记录,0.0,0.0,连续低于10 km/h的记录超过180条
2017-12-21 03:39:09,删除长低速记录,0.0,0.0,连续低于10 km/h的记录超过180条
2017-12-21 03:39:10,删除长低速记录,0.0,0.0,连续低于10 km/h的记录超过180条
2017-12-21 03:39:11,删除长低速记录,0.0,0.0,连续低于10 km/h的记录超过180条
2017-12-21 03:39:12,删除长低速记录,0.0,0.0,连续低于10 km/h的记录超过180条
2017-12-21 03:39:13,删除长低速记录,0.0,0.0,连续低于10 km/h的记录超过180条
2017-12-21 03:39:14,删除长低速记录,0.0,0.0,连续低于10 km/h的记录超过180条
2017-12-21 03:39:15,删除长低速记录,0.0,0.0,连续低于10 km/h的记录超过180条
2017-12-21 03:39:16,删除长低速记录,0.0,0.0,连续低于10 km/h的记录超过180条
2017-12-21 03:39:17,删除长低速记录,0.0,0.0,连续低于10 km/h的记录超过180条
2017-12-21 03:39:18,删除长低速记录,0.0,0.0,连续低于10 km/h的记录超过180条
2017-12-21 03:39:19,删除长低速记录,0.0,0.0,连续低于10 km/h的记录超过180条
2017-12-21 03:39:20,删除长低速记录,0.0,0.0,连续低于10 km/h的记录超过180条
2017-12-21 03:39:21,删除长低速记录,0.0,0.0,连续低于10 km/h的记录超过180条
2017-12-21 03:39:22,删除长低速记录,0.0,0.0,连续低于10 km/h的记录超过180条
2017-12-21 03:39:23,删除长低速记录,0.0,0.0,连续低于10 km/h的记录超过180条
2017-12-21 03:39:24,删除长低速记录,0.0,0.0,连续低于10 km/h的记录超过180条
2017-12-21 03:39:25,删除长低速记录,0.0,0.0,连续低于10 km/h的记录超过180条
2017-12-21 03:39:26,删除长低速记录,0.0,0.0,连续低于10 km/h的记录超过180条
2017-12-21 03:39:27,删除长低速记录,0.0,0.0,连续低于10 km/h的记录超过180条
2017-12-21 03:39:28,删除长低速记录,0.0,0.0,连续低于10 km/h的记录超过180条
2017-12-21 03:39:29,删除长低速记录,0.0,0.0,连续低于10 km/h的记录超过180条
2017-12-21 03:39:30,删除长低速记录,0.0,0.0,连续低于10 km/h的记录超过180条
2017-12-21 03:39:31,删除长低速记录,0.0,0.0,连续低于10 km/h的记录超过180条
2017-12-21 03:39:32,删除长低速记录,0.0,0.0,连续低于10 km/h的记录超过180条
2017-12-21 03:39:33,删除长低速记录,0.0,0.0,连续低于10 km/h的记录超过180条
2017-12-21 03:39:34,删除长低速记录,0.0,0.0,连续低于10 km/h的记录超过180条
2017-12-21 03:39:35,删除长低速记录,0.0,0.0,连续低于10 km/h的记录超过180条
2017-12-21 03:39:36,删除长低速记录,0.0,0.0,连续低于10 km/h的记录超过180条
2017-12-21 03:39:37,删除长低速记录,0.0,0.0,连续低于10 km/h的记录超过180条
2017-12-21 03:39:38,删除长低速记录,0.0,0.0,连续低于10 km/h的记录超过180条
2017-12-21 03:39:39,删除长低速记录,0.0,0.0,连续低于10 km/h的记录超过180条
2017-12-21 03:39:40,删除长低速记录,0.0,0.0,连续低于10 km/h的记录超过180条
2017-12-21 03:39:41,删除长低速记录,0.0,0.0,连续低于10 km/h的记录超过180条
2017-12-21 03:39:42,删除长低速记录,0.0,0.0,连续低于10 km/h的记录超过180条
2017-12-21 03:39:43,删除长低速记录,0.0,0.0,连续低于10 km/h的记录超过180条
2017-12-21 03:39:44,删除长低速记录,0.0,0.0,连续低于10 km/h的记录超过180条
2017-12-21 03:39:45,删除长低速记录,0.0,0.0,连续低于10 km/h的记录超过180条
2017-12-21 03:39:46,删除长低速记录,0.0,0.0,连续低于10 km/h的记录超过180条
2017-12-21 03:39:47,删除长低速记录,0.0,0.0,连续低于10 km/h的记录超过180条
2017-12-21 03:39:48,删除长低速记录,0.0,0.0,连续低于10 km/h的记录超过180条
2017-12-21 03:39:49,删除长低速记录,0.0,0.0,连续低于10 km/h的记录超过180条
2017-12-21 03:39:50,删除长低速记录,0.0,0.0,连续低于10 km/h的记录超过180条
2017-12-21 03:39:51,删除长低速记录,0.0,0.0,连续低于10 km/h的记录超过180条
2017-12-21 03:39:52,删除长低速记录,0.0,0.0,连续低于10 km/h的记录超过180条
2017-12-21 03:39:53,删除长低速记录,0.0,0.0,连续低于10 km/h的记录超过180条
2017-12-21 03:39:54,删除长低速记录,0.0,0.0,连续低于10 km/h的记录超过180条
2017-12-21 03:39:55,删除长低速记录,0.0,0.0,连续低于10 km/h的记录超过180条
2017-12-21 03:39:56,删除长低速记录,0.0,0.0,连续低于10 km/h的记录超过180条
2017-12-21 03:39:57,删除长低速记录,0.0,0.0,连续低于10 km/h的记录超过180条
2017-12-21 03:39:58,删除长低速记录,0.0,0.0,连续低于10 km/h的记录超过180条
2017-12-21 03:39:59,删除长低速记录,0.0,0.0,连续低于10 km/h的记录超过180条
2017-12-21 03:40:00,删除长低速记录,0.0,0.0,连续低于10 km/h的记录超过180条
2017-12-21 03:40:01,删除长低速记录,0.0,0.0,连续低于10 km/h的记录超过180条
2017-12-21 03:40:02,删除长低速记录,0.0,0.0,连续低于10 km/h的记录超过180条
2017-12-21 03:40:03,删除长低速记录,0.0,0.0,连续低于10 km/h的记录超过180条
2017-12-21 03:40:04,删除长低速记录,0.0,0.0,连续低于10 km/h的记录超过180条
2017-12-21 03:40:05,删除长低速记录,0.0,0.0,连续低于10 km/h的记录超过180条
2017-12-21 03:40:06,删除长低速记录,0.0,0.0,连续低于10 km/h的记录超过180条
2017-12-21 03:40:07,删除长低速记录,0.0,0.0,连续低于10 km/h的记录超过180条
2017-12-21 03:40:08,删除长低速记录,0.0,0.0,连续低于10 km/h的记录超过180条
2017-12-21 03:40:09,删除长低速记录,0.0,0.0,连续低于10 km/h的记录超过180条
2017-12-21 03:40:10,删除长低速记录,0.0,0.0,连续低于10 km/h的记录超过180条
2017-12-21 03:40:11,删除长低速记录,0.0,0.0,连续低于10 km/h的记录超过180条
2017-12-21 03:40:12,删除长低速记录,0.0,0.0,连续低于10 km/h的记录超过180条
2017-12-21 03:40:13,删除长低速记录,0.0,0.0,连续低于10 km/h的记录超过180条
2017-12-21 03:40:14,删除长低速记录,0.0,0.0,连续低于10 km/h的记录超过180条
2017-12-21 03:40:15,删除长低速记录,0.0,0.0,连续低于10 km/h的记录超过180条
2017-12-21 03:40:16,删除长低速记录,0.0,0.0,连续低于10 km/h的记录超过180条
2017-12-21 03:40:17,删除长低速记录,0.0,0.0,连续低于10 km/h的记录超过180条
2017-12-21 03:40:18,删除长低速记录,0.0,0.0,连续低于10 km/h的记录超过180条
2017-12-21 03:40:19,删除长低速记录,0.0,0.0,连续低于10 km/h的记录超过180条
2017-12-21 03:40:20,删除长低速记录,0.0,0.0,连续低于10 km/h的记录超过180条
2017-12-21 03:40:21,删除长低速记录,0.0,0.0,连续低于10 km/h的记录超过180条
2017-12-21 03:40:22,删除长低速记录,0.0,0.0,连续低于10 km/h的记录超过180条
2017-12-21 03:40:23,删除长低速记录,0.0,0.0,连续低于10 km/h的记录超过180条
2017-12-21 03:40:24,删除长低速记录,0.0,0.0,连续低于10 km/h的记录超过180条
2017-12-21 03:40:25,删除长低速记录,0.0,0.0,连续低于10 km/h的记录超过180条
2017-12-21 03:40:26,删除长低速记录,0.0,0.0,连续低于10 km/h的记录超过180条
2017-12-21 03:40:27,删除长低速记录,0.0,0.0,连续低于10 km/h的记录超过180条
2017-12-21 03:40:28,删除长低速记录,0.0,0.0,连续低于10 km/h的记录超过180条
2017-12-21 03:40:29,删除长低速记录,0.0,0.0,连续低于10 km/h的记录超过180条
2017-12-21 03:40:30,删除长低速记录,0.0,0.0,连续低于10 km/h的记录超过180条
2017-12-21 03:40:31,删除长低速记录,0.0,0.0,连续低于10 km/h的记录超过180条
2017-12-21 03:40:32,删除长低速记录,0.0,0.0,连续低于10 km/h的记录超过180条
2017-12-21 03:40:33,删除长低速记录,0.0,0.0,连续低于10 km/h的记录超过180条
2017-12-21 03:40:34,删除长低速记录,0.0,0.0,连续低于10 km/h的记录超过180条
2017-12-21 03:40:35,删除长低速记录,0.0,0.0,连续低于10 km/h的记录超过180条
2017-12-21 03:40:36,删除长低速记录,0.0,0.0,连续低于10 km/h的记录超过180条
2017-12-21 03:40:37,删除长低速记录,0.0,0.0,连续低于10 km/h的记录超过180条
2017-12-21 03:40:38,删除长低速记录,0.0,0.0,连续低于10 km/h的记录超过180条
2017-12-21 03:40:39,删除长低速记录,0.0,0.0,连续低于10 km/h的记录超过180条
2017-12-21 03:40:40,删除长低速记录,0.0,0.0,连续低于10 km/h的记录超过180条
2017-12-21 03:40:41,删除长低速记录,0.0,0.0,连续低于10 km/h的记录超过180条
2017-12-21 03:40:42,删除长低速记录,0.0,0.0,连续低于10 km/h的记录超过180条
2017-12-21 03:40:43,删除长低速记录,0.0,0.0,连续低于10 km/h的记录超过180条
2017-12-21 03:40:44,删除长低速记录,0.0,0.0,连续低于10 km/h的记录超过180条
2017-12-21 03:40:45,删除长低速记录,0.0,0.0,连续低于10 km/h的记录超过180条
2017-12-21 03:40:46,删除长低速记录,0.0,0.0,连续低于10 km/h的记录超过180条
2017-12-21 03:40:47,删除长低速记录,0.0,0.0,连续低于10 km/h的记录超过180条
2017-12-21 03:40:48,删除长低速记录,0.0,0.0,连续低于10 km/h的记录超过180条
2017-12-21 03:40:49,删除长低速记录,0.0,0.0,连续低于10 km/h的记录超过180条
2017-12-21 03:40:50,删除长低速记录,0.0,0.0,连续低于10 km/h的记录超过180条
2017-12-21 03:40:51,删除长低速记录,0.0,0.0,连续低于10 km/h的记录超过180条
2017-12-21 03:40:52,删除长低速记录,0.0,0.0,连续低于10 km/h的记录超过180条
2017-12-21 03:40:53,删除长低速记录,0.0,0.0,连续低于10 km/h的记录超过180条
2017-12-21 03:40:54,删除长低速记录,0.0,0.0,连续低于10 km/h的记录超过180条
2017-12-21 03:40:55,删除长低速记录,0.0,0.0,连续低于10 km/h的记录超过180条
2017-12-21 03:40:56,删除长低速记录,0.0,0.0,连续低于10 km/h的记录超过180条
2017-12-21 03:40:57,删除长低速记录,0.0,0.0,连续低于10 km/h的记录超过180条
2017-12-21 03:40:58,删除长低速记录,0.0,0.0,连续低于10 km/h的记录超过180条
2017-12-21 03:40:59,删除长低速记录,0.0,0.0,连续低于10 km/h的记录超过180条
2017-12-21 03:41:00,删除长低速记录,0.0,0.0,连续低于10 km/h的记录超过180条
2017-12-21 03:41:01,删除长低速记录,0.0,0.0,连续低于10 km/h的记录超过180条
2017-12-21 03:41:02,删除长低速记录,0.0,0.0,连续低于10 km/h的记录超过180条
2017-12-21 03:41:03,删除长低速记录,0.0,0.0,连续低于10 km/h的记录超过180条
2017-12-21 03:41:04,删除长低速记录,0.0,0.0,连续低于10 km/h的记录超过180条
2017-12-21 03:41:05,删除长低速记录,0.0,0.0,连续低于10 km/h的记录超过180条
2017-12-21 03:41:06,删除长低速记录,0.0,0.0,连续低于10 km/h的记录超过180条
2017-12-21 03:41:07,删除长低速记录,0.0,0.0,连续低于10 km/h的记录超过180条
2017-12-21 03:41:08,删除长低速记录,0.0,0.0,连续低于10 km/h的记录超过180条
2017-12-21 03:41:09,删除长低速记录,0.0,0.0,连续低于10 km/h的记录超过180条
2017-12-21 03:41:10,删除长低速记录,0.0,0.0,连续低于10 km/h的记录超过180条
2017-12-21 03:41:11,删除长低速记录,0.0,0.0,连续低于10 km/h的记录超过180条
2017-12-21 03:41:12,删除长低速记录,0.0,0.0,连续低于10 km/h的记录超过180条
2017-12-21 03:41:13,删除长低速记录,0.0,0.0,连续低于10 km/h的记录超过180条
2017-12-21 03:41:14,删除长低速记录,0.0,0.0,连续低于10 km/h的记录超过180条
2017-12-21 03:41:15,删除长低速记录,0.0,0.0,连续低于10 km/h的记录超过180条
2017-12-21 03:41:16,删除长低速记录,0.0,0.0,连续低于10 km/h的记录超过180条
2017-12-21 03:41:17,删除长低速记录,0.0,0.0,连续低于10 km/h的记录超过180条
2017-12-21 03:41:18,删除长低速记录,0.0,0.0,连续低于10 km/h的记录超过180条
2017-12-21 03:41:19,删除长低速记录,0.0,0.0,连续低于10 km/h的记录超过180条
2017-12-21 03:41:20,删除长低速记录,0.0,0.0,连续低于10 km/h的记录超过180条
2017-12-21 03:41:21,删除长低速记录,0.0,0.0,连续低于10 km/h的记录超过180条
2017-12-21 03:41:22,删除长低速记录,0.0,0.0,连续低于10 km/h的记录超过180条
2017-12-21 03:41:23,删除长低速记录,0.0,0.0,连续低于10 km/h的记录超过180条
2017-12-21 03:41:24,删除长低速记录,0.0,0.0,连续低于10 km/h的记录超过180条
2017-12-21 03:41:25,删除长低速记录,0.0,0.0,连续低于10 km/h的记录超过180条
2017-12-21 03:41:26,删除长低速记录,0.0,0.0,连续低于10 km/h的记录超过180条
2017-12-21 03:41:27,删除长低速记录,0.0,0.0,连续低于10 km/h的记录超过180条
2017-12-21 03:41:28,删除长低速记录,0.0,0.0,连续低于10 km/h的记录超过180条
2017-12-21 03:41:29,删除长低速记录,0.0,0.0,连续低于10 km/h的记录超过180条
2017-12-21 03:41:30,删除长低速记录,0.0,0.0,连续低于10 km/h的记录超过180条
2017-12-21 03:41:31,删除长低速记录,0.0,0.0,连续低于10 km/h的记录超过180条
2017-12-21 03:41:32,删除长低速记录,0.0,0.0,连续低于10 km/h的记录超过180条
2017-12-21 03:41:33,删除长低速记录,0.0,0.0,连续低于10 km/h的记录超过180条
2017-12-21 03:41:34,删除长低速记录,0.0,0.0,连续低于10 km/h的记录超过180条
2017-12-21 03:41:35,删除长低速记录,0.0,0.0,连续低于10 km/h的记录超过180条
2017-12-21 03:41:36,删除长低速记录,0.0,0.0,连续低于10 km/h的记录超过180条
2017-12-21 03:41:37,删除长低速记录,0.0,0.0,连续低于10 km/h的记录超过180条
2017-12-21 03:41:38,删除长低速记录,0.0,0.0,连续低于10 km/h的记录超过180条
2017-12-21 03:41:39,删除长低速记录,0.0,0.0,连续低于10 km/h的记录超过180条
2017-12-21 03:41:40,删除长低速记录,0.0,0.0,连续低于10 km/h的记录超过180条
2017-12-21 03:41:41,删除长低速记录,0.0,0.0,连续低于10 km/h的记录超过180条
2017-12-21 03:41:42,删除长低速记录,0.0,0.0,连续低于10 km/h的记录超过180条
2017-12-21 03:41:43,删除长低速记录,0.0,0.0,连续低于10 km/h的记录超过180条
2017-12-21 03:41:44,删除长低速记录,0.0,0.0,连续低于10 km/h的记录超过180条
2017-12-21 03:41:45,删除长低速记录,0.0,0.0,连续低于10 km/h的记录超过180条
2017-12-21 03:41:46,删除长低速记录,0.0,0.0,连续低于10 km/h的记录超过180条
2017-12-21 03:41:47,删除长低速记录,0.0,0.0,连续低于10 km/h的记录超过180条
2017-12-21 03:41:48,删除长低速记录,0.0,0.0,连续低于10 km/h的记录超过180条
2017-12-21 03:41:49,删除长低速记录,0.0,0.0,连续低于10 km/h的记录超过180条
2017-12-21 03:41:50,删除长低速记录,0.0,0.0,连续低于10 km/h的记录超过180条
2017-12-21 03:41:51,删除长低速记录,0.0,0.0,连续低于10 km/h的记录超过180条
2017-12-21 03:41:52,删除长低速记录,0.0,0.0,连续低于10 km/h的记录超过180条
2017-12-21 03:41:53,删除长低速记录,0.0,0.0,连续低于10 km/h的记录超过180条
2017-12-21 03:41:54,删除长低速记录,0.0,0.0,连续低于10 km/h的记录超过180条
2017-12-21 03:41:55,删除长低速记录,0.0,0.0,连续低于10 km/h的记录超过180条
2017-12-21 03:41:56,删除长低速记录,0.0,0.0,连续低于10 km/h的记录超过180条
2017-12-21 03:41:57,删除长低速记录,0.0,0.0,连续低于10 km/h的记录超过180条
2017-12-21 03:41:58,删除长低速记录,0.0,0.0,连续低于10 km/h的记录超过180条
2017-12-21 03:41:59,删除长低速记录,0.0,0.0,连续低于10 km/h的记录超过180条
2017-12-21 03:42:00,删除长低速记录,0.0,0.0,连续低于10 km/h的记录超过180条
2017-12-21 03:42:01,删除长低速记录,0.0,0.0,连续低于10 km/h的记录超过180条
2017-12-21 03:42:02,删除长低速记录,0.0,0.0,连续低于10 km/h的记录超过180条
2017-12-21 03:42:03,删除长低速记录,0.0,0.0,连续低于10 km/h的记录超过180条
2017-12-21 03:42:04,删除长低速记录,0.0,0.0,连续低于10 km/h的记录超过180条
2017-12-21 03:42:05,删除长低速记录,0.0,0.0,连续低于10 km/h的记录超过180条
2017-12-21 03:42:06,删除长低速记录,0.0,0.0,连续低于10 km/h的记录超过180条
2017-12-21 03:42:07,删除长低速记录,0.0,0.0,连续低于10 km/h的记录超过180条
2017-12-21 03:42:08,删除长低速记录,0.0,0.0,连续低于10 km/h的记录超过180条
2017-12-21 03:42:09,删除长低速记录,0.0,0.0,连续低于10 km/h的记录超过180条
2017-12-21 03:42:10,删除长低速记录,0.0,0.0,连续低于10 km/h的记录超过180条
2017-12-21 03:42:11,删除长低速记录,0.0,0.0,连续低于10 km/h的记录超过180条
2017-12-21 03:42:12,删除长低速记录,0.0,0.0,连续低于10 km/h的记录超过180条
2017-12-21 03:42:13,删除长低速记录,0.0,0.0,连续低于10 km/h的记录超过180条
2017-12-21 03:42:14,删除长低速记录,0.0,0.0,连续低于10 km/h的记录超过180条
2017-12-21 03:42:15,删除长低速记录,0.0,0.0,连续低于10 km/h的记录超过180条
2017-12-21 03:42:16,删除长低速记录,0.0,0.0,连续低于10 km/h的记录超过180条
2017-12-21 03:42:17,删除长低速记录,0.0,0.0,连续低于10 km/h的记录超过180条
2017-12-21 03:42:18,删除长低速记录,0.0,0.0,连续低于10 km/h的记录超过180条
2017-12-21 03:42:19,删除长低速记录,0.0,0.0,连续低于10 km/h的记录超过180条
2017-12-21 03:42:20,删除长低速记录,0.0,0.0,连续低于10 km/h的记录超过180条
2017-12-21 03:42:21,删除长低速记录,0.0,0.0,连续低于10 km/h的记录超过180条
2017-12-21 03:42:22,删除长低速记录,0.0,0.0,连续低于10 km/h的记录超过180条
2017-12-21 03:42:23,删除长低速记录,0.0,0.0,连续低于10 km/h的记录超过180条
2017-12-21 03:42:24,删除长低速记录,0.0,0.0,连续低于10 km/h的记录超过180条
2017-12-21 03:42:25,删除长低速记录,0.0,0.0,连续低于10 km/h的记录超过180条
2017-12-21 03:42:26,删除长低速记录,0.0,0.0,连续低于10 km/h的记录超过180条
2017-12-21 03:42:27,删除长低速记录,0.0,0.0,连续低于10 km/h的记录超过180条
2017-12-21 03:42:28,删除长低速记录,0.0,0.0,连续低于10 km/h的记录超过180条
2017-12-21 03:42:29,删除长低速记录,0.0,0.0,连续低于10 km/h的记录超过180条
2017-12-21 03:42:30,删除长低速记录,0.0,0.0,连续低于10 km/h的记录超过180条
2017-12-21 03:42:31,删除长低速记录,0.0,0.0,连续低于10 km/h的记录超过180条
2017-12-21 03:42:32,删除长低速记录,0.0,0.0,连续低于10 km/h的记录超过180条
2017-12-21 03:42:33,删除长低速记录,0.0,0.0,连续低于10 km/h的记录超过180条
2017-12-21 03:42:34,删除长低速记录,0.0,0.0,连续低于10 km/h的记录超过180条
2017-12-21 03:42:35,删除长低速记录,0.0,0.0,连续低于10 km/h的记录超过180条
2017-12-21 03:42:36,删除长低速记录,0.0,0.0,连续低于10 km/h的记录超过180条
2017-12-21 03:42:37,删除长低速记录,0.0,0.0,连续低于10 km/h的记录超过180条
2017-12-21 03:42:38,删除长低速记录,0.0,0.0,连续低于10 km/h的记录超过180条
2017-12-21 03:42:39,删除长低速记录,0.0,0.0,连续低于10 km/h的记录超过180条
2017-12-21 03:42:40,删除长低速记录,0.0,0.0,连续低于10 km/h的记录超过180条
2017-12-21 03:42:41,删除长低速记录,0.0,0.0,连续低于10 km/h的记录超过180条
2017-12-21 03:42:42,删除长低速记录,0.0,0.0,连续低于10 km/h的记录超过180条
2017-12-21 03:42:43,删除长低速记录,0.0,0.0,连续低于10 km/h的记录超过180条
2017-12-21 03:42:44,删除长低速记录,0.0,0.0,连续低于10 km/h的记录超过180条
2017-12-21 03:42:45,删除长低速记录,0.0,0.0,连续低于10 km/h的记录超过180条
2017-12-21 03:42:46,删除长低速记录,0.0,0.0,连续低于10 km/h的记录超过180条
2017-12-21 03:42:47,删除长低速记录,0.0,0.0,连续低于10 km/h的记录超过180条
2017-12-21 03:42:48,删除长低速记录,0.0,0.0,连续低于10 km/h的记录超过180条
2017-12-21 03:42:49,删除长低速记录,0.0,0.0,连续低于10 km/h的记录超过180条
2017-12-21 03:42:50,删除长低速记录,0.0,0.0,连续低于10 km/h的记录超过180条
2017-12-21 03:42:51,删除长低速记录,0.0,0.0,连续低于10 km/h的记录超过180条
2017-12-21 03:42:52,删除长低速记录,0.0,0.0,连续低于10 km/h的记录超过180条
2017-12-21 03:42:53,删除长低速记录,0.0,0.0,连续低于10 km/h的记录超过180条
2017-12-21 03:42:54,删除长低速记录,0.0,0.0,连续低于10 km/h的记录超过180条
2017-12-21 03:42:55,删除长低速记录,0.0,0.0,连续低于10 km/h的记录超过180条
2017-12-21 10:39:21,新增插值记录,,6.25,相邻速度 4.3 与 8.2 km/h 的线性中点
2017-12-21 10:42:38,删除长低速记录,8.0,8.0,连续低于10 km/h的记录超过180条
2017-12-21 10:42:39,删除长低速记录,8.5,8.5,连续低于10 km/h的记录超过180条
2017-12-21 10:42:40,删除长低速记录,6.6,6.6,连续低于10 km/h的记录超过180条
2017-12-21 10:42:41,删除长低速记录,5.9,5.9,连续低于10 km/h的记录超过180条
2017-12-21 10:42:42,删除长低速记录,7.0,7.0,连续低于10 km/h的记录超过180条
2017-12-21 10:46:55,新增插值记录,,39.75,相邻速度 38.6 与 40.9 km/h 的线性中点
2017-12-21 11:50:42,车速限幅,77.5,69.456,"连续1秒允许范围 [26.400000, 69.456000] km/h"
2017-12-21 11:54:43,新增插值记录,,67.9,相邻速度 67.9 与 67.9 km/h 的线性中点
2017-12-21 11:54:49,新增插值记录,,65.3,相邻速度 65.5 与 65.1 km/h 的线性中点
2017-12-21 11:55:03,新增插值记录,,61.0,相邻速度 61.5 与 60.5 km/h 的线性中点
2017-12-21 13:59:56,新增插值记录,,23.799999999999997,相邻速度 22.7 与 24.9 km/h 的线性中点
2017-12-21 14:01:07,新增插值记录,,28.3,相邻速度 28.6 与 28 km/h 的线性中点
2017-12-21 14:01:12,新增插值记录,,26.1,相邻速度 27.3 与 24.9 km/h 的线性中点
2017-12-21 15:35:07,车速限幅,15.2,14.556000000000001,"连续1秒允许范围 [0.000000, 14.556000] km/h"
2017-12-21 16:29:08,删除长低速记录,0.0,0.0,连续低于10 km/h的记录超过180条
2017-12-21 16:29:09,删除长低速记录,0.0,0.0,连续低于10 km/h的记录超过180条
2017-12-21 16:29:10,删除长低速记录,0.0,0.0,连续低于10 km/h的记录超过180条
2017-12-21 16:29:11,删除长低速记录,0.0,0.0,连续低于10 km/h的记录超过180条
2017-12-21 16:29:12,删除长低速记录,0.0,0.0,连续低于10 km/h的记录超过180条
2017-12-21 16:29:13,删除长低速记录,0.0,0.0,连续低于10 km/h的记录超过180条
2017-12-21 16:29:14,删除长低速记录,0.0,0.0,连续低于10 km/h的记录超过180条
2017-12-21 16:29:15,删除长低速记录,0.0,0.0,连续低于10 km/h的记录超过180条
2017-12-21 16:29:16,删除长低速记录,0.0,0.0,连续低于10 km/h的记录超过180条
2017-12-21 16:29:17,删除长低速记录,3.9,3.9,连续低于10 km/h的记录超过180条
2017-12-21 16:29:18,删除长低速记录,4.6,4.6,连续低于10 km/h的记录超过180条
2017-12-21 16:29:19,删除长低速记录,5.9,5.9,连续低于10 km/h的记录超过180条
2017-12-21 16:29:20,删除长低速记录,7.4,7.4,连续低于10 km/h的记录超过180条
2017-12-21 16:29:21,删除长低速记录,9.2,9.2,连续低于10 km/h的记录超过180条
2017-12-21 16:48:39,新增插值记录,,53.45,相邻速度 53.5 与 53.4 km/h 的线性中点
2017-12-21 17:40:06,新增插值记录,,6.35,相邻速度 7 与 5.7 km/h 的线性中点
2017-12-21 17:43:05,新增插值记录,,30.45,相邻速度 30.4 与 30.5 km/h 的线性中点
2017-12-21 17:43:09,新增插值记录,,31.75,相邻速度 31.6 与 31.9 km/h 的线性中点
2017-12-21 17:43:33,车速限幅,30.5,30.256,"连续1秒允许范围 [0.000000, 30.256000] km/h"
2017-12-21 17:43:37,车速限幅,31.9,27.056,"连续1秒允许范围 [0.000000, 27.056000] km/h"
2017-12-21 17:56:07,新增插值记录,,29.3,相邻速度 29.6 与 29 km/h 的线性中点
2017-12-21 17:57:03,新增插值记录,,17.3,相邻速度 23.7 与 10.9 km/h 的线性中点
2017-12-21 17:57:42,新增插值记录,,25.15,相邻速度 25.6 与 24.7 km/h 的线性中点
2017-12-21 17:57:47,新增插值记录,,22.15,相邻速度 22.3 与 22 km/h 的线性中点
2017-12-21 17:58:51,新增插值记录,,31.400000000000002,相邻速度 30.6 与 32.2 km/h 的线性中点
2017-12-21 18:26:54,新增插值记录,,38.2,相邻速度 38 与 38.4 km/h 的线性中点
2017-12-21 18:30:25,新增插值记录,,50.9,相邻速度 50.9 与 50.9 km/h 的线性中点
2017-12-21 19:09:56,新增插值记录,,26.950000000000003,相邻速度 25.8 与 28.1 km/h 的线性中点
2017-12-21 19:13:20,车速限幅,27.1,16.256,"连续1秒允许范围 [0.000000, 16.256000] km/h"
2017-12-21 19:13:38,新增插值记录,,27.05,相邻速度 26.6 与 27.5 km/h 的线性中点
2017-12-21 20:14:48,新增插值记录,,26.200000000000003,相邻速度 27.1 与 25.3 km/h 的线性中点
2017-12-22 01:28:13,删除长低速记录,0.0,0.0,连续低于10 km/h的记录超过180条
2017-12-22 01:28:14,删除长低速记录,0.0,0.0,连续低于10 km/h的记录超过180条
2017-12-22 01:28:15,删除长低速记录,0.0,0.0,连续低于10 km/h的记录超过180条
2017-12-22 01:28:16,删除长低速记录,0.0,0.0,连续低于10 km/h的记录超过180条
2017-12-22 01:28:17,删除长低速记录,0.0,0.0,连续低于10 km/h的记录超过180条
2017-12-22 01:28:18,删除长低速记录,0.0,0.0,连续低于10 km/h的记录超过180条
2017-12-22 01:28:19,删除长低速记录,0.0,0.0,连续低于10 km/h的记录超过180条
2017-12-22 01:28:20,删除长低速记录,0.0,0.0,连续低于10 km/h的记录超过180条
2017-12-22 01:28:21,删除长低速记录,0.0,0.0,连续低于10 km/h的记录超过180条
2017-12-22 01:28:22,删除长低速记录,0.0,0.0,连续低于10 km/h的记录超过180条
2017-12-22 01:28:23,删除长低速记录,0.0,0.0,连续低于10 km/h的记录超过180条
2017-12-22 01:28:24,删除长低速记录,0.0,0.0,连续低于10 km/h的记录超过180条
2017-12-22 01:28:25,删除长低速记录,0.0,0.0,连续低于10 km/h的记录超过180条
2017-12-22 01:28:26,删除长低速记录,0.0,0.0,连续低于10 km/h的记录超过180条
2017-12-22 01:28:27,删除长低速记录,0.0,0.0,连续低于10 km/h的记录超过180条
2017-12-22 01:28:28,删除长低速记录,0.0,0.0,连续低于10 km/h的记录超过180条
2017-12-22 01:28:29,删除长低速记录,0.0,0.0,连续低于10 km/h的记录超过180条
2017-12-22 01:28:30,删除长低速记录,0.0,0.0,连续低于10 km/h的记录超过180条
2017-12-22 01:28:31,删除长低速记录,0.0,0.0,连续低于10 km/h的记录超过180条
2017-12-22 01:28:32,删除长低速记录,0.0,0.0,连续低于10 km/h的记录超过180条
2017-12-22 01:28:33,删除长低速记录,0.0,0.0,连续低于10 km/h的记录超过180条
2017-12-22 01:28:34,删除长低速记录,0.0,0.0,连续低于10 km/h的记录超过180条
2017-12-22 01:28:35,删除长低速记录,0.0,0.0,连续低于10 km/h的记录超过180条
2017-12-22 01:28:36,删除长低速记录,0.0,0.0,连续低于10 km/h的记录超过180条
2017-12-22 01:28:37,删除长低速记录,0.0,0.0,连续低于10 km/h的记录超过180条
2017-12-22 01:28:38,删除长低速记录,0.0,0.0,连续低于10 km/h的记录超过180条
2017-12-22 01:28:39,删除长低速记录,0.0,0.0,连续低于10 km/h的记录超过180条
2017-12-22 01:28:40,删除长低速记录,0.0,0.0,连续低于10 km/h的记录超过180条
2017-12-22 01:28:41,删除长低速记录,0.0,0.0,连续低于10 km/h的记录超过180条
2017-12-22 01:28:42,删除长低速记录,0.0,0.0,连续低于10 km/h的记录超过180条
2017-12-22 01:28:43,删除长低速记录,0.0,0.0,连续低于10 km/h的记录超过180条
2017-12-22 01:28:44,删除长低速记录,0.0,0.0,连续低于10 km/h的记录超过180条
2017-12-22 01:28:45,删除长低速记录,0.0,0.0,连续低于10 km/h的记录超过180条
2017-12-22 01:28:46,删除长低速记录,0.0,0.0,连续低于10 km/h的记录超过180条
2017-12-22 01:28:47,删除长低速记录,0.0,0.0,连续低于10 km/h的记录超过180条
2017-12-22 01:28:48,删除长低速记录,0.0,0.0,连续低于10 km/h的记录超过180条
2017-12-22 01:28:49,删除长低速记录,0.0,0.0,连续低于10 km/h的记录超过180条
2017-12-22 01:28:50,删除长低速记录,0.0,0.0,连续低于10 km/h的记录超过180条
2017-12-22 01:28:51,删除长低速记录,0.0,0.0,连续低于10 km/h的记录超过180条
2017-12-22 01:28:52,删除长低速记录,0.0,0.0,连续低于10 km/h的记录超过180条
2017-12-22 01:28:53,删除长低速记录,0.0,0.0,连续低于10 km/h的记录超过180条
2017-12-22 01:28:54,删除长低速记录,0.0,0.0,连续低于10 km/h的记录超过180条
2017-12-22 01:28:55,删除长低速记录,0.0,0.0,连续低于10 km/h的记录超过180条
2017-12-22 01:28:56,删除长低速记录,0.0,0.0,连续低于10 km/h的记录超过180条
2017-12-22 01:28:57,删除长低速记录,0.0,0.0,连续低于10 km/h的记录超过180条
2017-12-22 01:28:58,删除长低速记录,0.0,0.0,连续低于10 km/h的记录超过180条
2017-12-22 01:28:59,删除长低速记录,0.0,0.0,连续低于10 km/h的记录超过180条
2017-12-22 01:29:00,删除长低速记录,0.0,0.0,连续低于10 km/h的记录超过180条
2017-12-22 01:29:01,删除长低速记录,0.0,0.0,连续低于10 km/h的记录超过180条
2017-12-22 01:29:02,删除长低速记录,0.0,0.0,连续低于10 km/h的记录超过180条
2017-12-22 01:29:03,删除长低速记录,0.0,0.0,连续低于10 km/h的记录超过180条
2017-12-22 01:29:04,删除长低速记录,0.0,0.0,连续低于10 km/h的记录超过180条
2017-12-22 01:29:05,删除长低速记录,0.0,0.0,连续低于10 km/h的记录超过180条
2017-12-22 01:29:06,删除长低速记录,0.0,0.0,连续低于10 km/h的记录超过180条
2017-12-22 01:29:07,删除长低速记录,0.0,0.0,连续低于10 km/h的记录超过180条
2017-12-22 01:29:08,删除长低速记录,0.0,0.0,连续低于10 km/h的记录超过180条
2017-12-22 01:29:09,删除长低速记录,0.0,0.0,连续低于10 km/h的记录超过180条
2017-12-22 01:29:10,删除长低速记录,0.0,0.0,连续低于10 km/h的记录超过180条
2017-12-22 01:29:11,删除长低速记录,0.0,0.0,连续低于10 km/h的记录超过180条
2017-12-22 01:29:12,删除长低速记录,0.0,0.0,连续低于10 km/h的记录超过180条
2017-12-22 01:29:13,删除长低速记录,0.0,0.0,连续低于10 km/h的记录超过180条
2017-12-22 01:29:14,删除长低速记录,0.0,0.0,连续低于10 km/h的记录超过180条
2017-12-22 01:29:15,删除长低速记录,0.0,0.0,连续低于10 km/h的记录超过180条
2017-12-22 01:29:16,删除长低速记录,0.0,0.0,连续低于10 km/h的记录超过180条
2017-12-22 01:29:17,删除长低速记录,0.0,0.0,连续低于10 km/h的记录超过180条
2017-12-22 01:29:18,删除长低速记录,0.0,0.0,连续低于10 km/h的记录超过180条
2017-12-22 01:29:19,删除长低速记录,0.0,0.0,连续低于10 km/h的记录超过180条
2017-12-22 01:29:20,删除长低速记录,0.0,0.0,连续低于10 km/h的记录超过180条
2017-12-22 01:29:21,删除长低速记录,0.0,0.0,连续低于10 km/h的记录超过180条
2017-12-22 01:29:22,删除长低速记录,0.0,0.0,连续低于10 km/h的记录超过180条
2017-12-22 01:29:23,删除长低速记录,0.0,0.0,连续低于10 km/h的记录超过180条
2017-12-22 01:29:24,删除长低速记录,0.0,0.0,连续低于10 km/h的记录超过180条
2017-12-22 01:29:25,删除长低速记录,0.0,0.0,连续低于10 km/h的记录超过180条
2017-12-22 01:29:26,删除长低速记录,0.0,0.0,连续低于10 km/h的记录超过180条
2017-12-22 01:29:27,删除长低速记录,0.0,0.0,连续低于10 km/h的记录超过180条
2017-12-22 01:29:28,删除长低速记录,0.0,0.0,连续低于10 km/h的记录超过180条
2017-12-22 01:29:29,删除长低速记录,0.0,0.0,连续低于10 km/h的记录超过180条
2017-12-22 01:29:30,删除长低速记录,0.0,0.0,连续低于10 km/h的记录超过180条
2017-12-22 01:29:31,删除长低速记录,0.0,0.0,连续低于10 km/h的记录超过180条
2017-12-22 01:29:32,删除长低速记录,0.0,0.0,连续低于10 km/h的记录超过180条
2017-12-22 01:29:33,删除长低速记录,0.0,0.0,连续低于10 km/h的记录超过180条
2017-12-22 01:29:34,删除长低速记录,0.0,0.0,连续低于10 km/h的记录超过180条
2017-12-22 01:29:35,删除长低速记录,0.0,0.0,连续低于10 km/h的记录超过180条
2017-12-22 01:29:36,删除长低速记录,0.0,0.0,连续低于10 km/h的记录超过180条
2017-12-22 01:29:37,删除长低速记录,0.0,0.0,连续低于10 km/h的记录超过180条
2017-12-22 01:29:38,删除长低速记录,0.0,0.0,连续低于10 km/h的记录超过180条
2017-12-22 01:29:39,删除长低速记录,0.0,0.0,连续低于10 km/h的记录超过180条
2017-12-22 01:29:40,删除长低速记录,0.0,0.0,连续低于10 km/h的记录超过180条
2017-12-22 01:29:41,删除长低速记录,0.0,0.0,连续低于10 km/h的记录超过180条
2017-12-22 01:29:42,删除长低速记录,0.0,0.0,连续低于10 km/h的记录超过180条
2017-12-22 01:29:43,删除长低速记录,0.0,0.0,连续低于10 km/h的记录超过180条
2017-12-22 01:29:44,删除长低速记录,0.0,0.0,连续低于10 km/h的记录超过180条
2017-12-22 01:29:45,删除长低速记录,0.0,0.0,连续低于10 km/h的记录超过180条
2017-12-22 01:29:46,删除长低速记录,0.0,0.0,连续低于10 km/h的记录超过180条
2017-12-22 01:29:47,删除长低速记录,0.0,0.0,连续低于10 km/h的记录超过180条
2017-12-22 01:29:48,删除长低速记录,0.0,0.0,连续低于10 km/h的记录超过180条
2017-12-22 01:29:49,删除长低速记录,0.0,0.0,连续低于10 km/h的记录超过180条
2017-12-22 01:29:50,删除长低速记录,0.0,0.0,连续低于10 km/h的记录超过180条
2017-12-22 01:29:51,删除长低速记录,0.0,0.0,连续低于10 km/h的记录超过180条
2017-12-22 01:29:52,删除长低速记录,0.0,0.0,连续低于10 km/h的记录超过180条
2017-12-22 01:29:53,删除长低速记录,0.0,0.0,连续低于10 km/h的记录超过180条
2017-12-22 01:29:54,删除长低速记录,0.0,0.0,连续低于10 km/h的记录超过180条
2017-12-22 01:29:55,删除长低速记录,0.0,0.0,连续低于10 km/h的记录超过180条
2017-12-22 01:29:56,删除长低速记录,0.0,0.0,连续低于10 km/h的记录超过180条
2017-12-22 01:29:57,删除长低速记录,0.0,0.0,连续低于10 km/h的记录超过180条
2017-12-22 01:29:58,删除长低速记录,0.0,0.0,连续低于10 km/h的记录超过180条
2017-12-22 01:29:59,删除长低速记录,0.0,0.0,连续低于10 km/h的记录超过180条
2017-12-22 01:30:00,删除长低速记录,0.0,0.0,连续低于10 km/h的记录超过180条
2017-12-22 01:30:01,删除长低速记录,0.0,0.0,连续低于10 km/h的记录超过180条
2017-12-22 01:30:02,删除长低速记录,0.0,0.0,连续低于10 km/h的记录超过180条
2017-12-22 01:30:03,删除长低速记录,0.0,0.0,连续低于10 km/h的记录超过180条
2017-12-22 01:30:04,删除长低速记录,0.0,0.0,连续低于10 km/h的记录超过180条
2017-12-22 01:30:05,删除长低速记录,0.0,0.0,连续低于10 km/h的记录超过180条
2017-12-22 01:30:06,删除长低速记录,0.0,0.0,连续低于10 km/h的记录超过180条
2017-12-22 01:30:07,删除长低速记录,0.0,0.0,连续低于10 km/h的记录超过180条
2017-12-22 01:30:08,删除长低速记录,0.0,0.0,连续低于10 km/h的记录超过180条
2017-12-22 01:30:09,删除长低速记录,0.0,0.0,连续低于10 km/h的记录超过180条
2017-12-22 01:30:10,删除长低速记录,0.0,0.0,连续低于10 km/h的记录超过180条
2017-12-22 01:30:11,删除长低速记录,0.0,0.0,连续低于10 km/h的记录超过180条
2017-12-22 01:30:12,删除长低速记录,0.0,0.0,连续低于10 km/h的记录超过180条
2017-12-22 01:30:13,删除长低速记录,0.0,0.0,连续低于10 km/h的记录超过180条
2017-12-22 01:30:14,删除长低速记录,0.0,0.0,连续低于10 km/h的记录超过180条
2017-12-22 01:30:15,删除长低速记录,0.0,0.0,连续低于10 km/h的记录超过180条
2017-12-22 01:30:16,删除长低速记录,0.0,0.0,连续低于10 km/h的记录超过180条
2017-12-22 01:30:17,删除长低速记录,0.0,0.0,连续低于10 km/h的记录超过180条
2017-12-22 01:30:18,删除长低速记录,0.0,0.0,连续低于10 km/h的记录超过180条
2017-12-22 01:30:19,删除长低速记录,0.0,0.0,连续低于10 km/h的记录超过180条
2017-12-22 01:30:20,删除长低速记录,0.0,0.0,连续低于10 km/h的记录超过180条
2017-12-22 01:30:21,删除长低速记录,0.0,0.0,连续低于10 km/h的记录超过180条
2017-12-22 01:30:22,删除长低速记录,0.0,0.0,连续低于10 km/h的记录超过180条
2017-12-22 01:30:23,删除长低速记录,0.0,0.0,连续低于10 km/h的记录超过180条
2017-12-22 01:30:24,删除长低速记录,0.0,0.0,连续低于10 km/h的记录超过180条
2017-12-22 01:30:25,删除长低速记录,0.0,0.0,连续低于10 km/h的记录超过180条
2017-12-22 01:30:26,删除长低速记录,0.0,0.0,连续低于10 km/h的记录超过180条
2017-12-22 01:30:27,删除长低速记录,0.0,0.0,连续低于10 km/h的记录超过180条
2017-12-22 01:30:28,删除长低速记录,0.0,0.0,连续低于10 km/h的记录超过180条
2017-12-22 01:30:29,删除长低速记录,0.0,0.0,连续低于10 km/h的记录超过180条
2017-12-22 01:30:30,删除长低速记录,0.0,0.0,连续低于10 km/h的记录超过180条
2017-12-22 01:30:31,删除长低速记录,0.0,0.0,连续低于10 km/h的记录超过180条
2017-12-22 01:30:32,删除长低速记录,0.0,0.0,连续低于10 km/h的记录超过180条
2017-12-22 01:30:33,删除长低速记录,0.0,0.0,连续低于10 km/h的记录超过180条
2017-12-22 01:30:34,删除长低速记录,0.0,0.0,连续低于10 km/h的记录超过180条
2017-12-22 01:30:35,删除长低速记录,0.0,0.0,连续低于10 km/h的记录超过180条
2017-12-22 01:30:36,删除长低速记录,0.0,0.0,连续低于10 km/h的记录超过180条
2017-12-22 01:30:37,删除长低速记录,0.0,0.0,连续低于10 km/h的记录超过180条
2017-12-22 01:30:38,删除长低速记录,0.0,0.0,连续低于10 km/h的记录超过180条
2017-12-22 01:30:39,删除长低速记录,0.0,0.0,连续低于10 km/h的记录超过180条
2017-12-22 01:30:40,删除长低速记录,0.0,0.0,连续低于10 km/h的记录超过180条
2017-12-22 01:30:41,删除长低速记录,0.0,0.0,连续低于10 km/h的记录超过180条
2017-12-22 01:30:42,删除长低速记录,0.0,0.0,连续低于10 km/h的记录超过180条
2017-12-22 01:30:43,删除长低速记录,0.0,0.0,连续低于10 km/h的记录超过180条
2017-12-22 01:30:44,删除长低速记录,0.0,0.0,连续低于10 km/h的记录超过180条
2017-12-22 01:30:45,删除长低速记录,0.0,0.0,连续低于10 km/h的记录超过180条
2017-12-22 01:30:46,删除长低速记录,0.0,0.0,连续低于10 km/h的记录超过180条
2017-12-22 01:30:47,删除长低速记录,0.0,0.0,连续低于10 km/h的记录超过180条
2017-12-22 01:30:48,删除长低速记录,0.0,0.0,连续低于10 km/h的记录超过180条
2017-12-22 01:30:49,删除长低速记录,0.0,0.0,连续低于10 km/h的记录超过180条
2017-12-22 01:30:50,删除长低速记录,0.0,0.0,连续低于10 km/h的记录超过180条
2017-12-22 01:30:51,删除长低速记录,0.0,0.0,连续低于10 km/h的记录超过180条
2017-12-22 01:30:52,删除长低速记录,0.0,0.0,连续低于10 km/h的记录超过180条
2017-12-22 01:30:53,删除长低速记录,0.0,0.0,连续低于10 km/h的记录超过180条
2017-12-22 01:30:54,删除长低速记录,0.0,0.0,连续低于10 km/h的记录超过180条
2017-12-22 01:30:55,删除长低速记录,0.0,0.0,连续低于10 km/h的记录超过180条
2017-12-22 01:30:56,删除长低速记录,0.0,0.0,连续低于10 km/h的记录超过180条
2017-12-22 01:30:57,删除长低速记录,0.0,0.0,连续低于10 km/h的记录超过180条
2017-12-22 01:30:58,删除长低速记录,0.0,0.0,连续低于10 km/h的记录超过180条
2017-12-22 01:30:59,删除长低速记录,0.0,0.0,连续低于10 km/h的记录超过180条
2017-12-22 01:31:00,删除长低速记录,0.0,0.0,连续低于10 km/h的记录超过180条
2017-12-22 01:31:01,删除长低速记录,0.0,0.0,连续低于10 km/h的记录超过180条
2017-12-22 01:31:02,删除长低速记录,0.0,0.0,连续低于10 km/h的记录超过180条
2017-12-22 01:31:03,删除长低速记录,0.0,0.0,连续低于10 km/h的记录超过180条
2017-12-22 01:31:04,删除长低速记录,0.0,0.0,连续低于10 km/h的记录超过180条
2017-12-22 01:31:05,删除长低速记录,0.0,0.0,连续低于10 km/h的记录超过180条
2017-12-22 01:31:06,删除长低速记录,0.0,0.0,连续低于10 km/h的记录超过180条
2017-12-22 01:31:07,删除长低速记录,0.0,0.0,连续低于10 km/h的记录超过180条
2017-12-22 01:31:08,删除长低速记录,0.0,0.0,连续低于10 km/h的记录超过180条
2017-12-22 01:31:09,删除长低速记录,0.0,0.0,连续低于10 km/h的记录超过180条
2017-12-22 01:31:10,删除长低速记录,0.0,0.0,连续低于10 km/h的记录超过180条
2017-12-22 01:31:11,删除长低速记录,0.0,0.0,连续低于10 km/h的记录超过180条
2017-12-22 01:31:12,删除长低速记录,0.0,0.0,连续低于10 km/h的记录超过180条
2017-12-22 01:31:13,删除长低速记录,0.0,0.0,连续低于10 km/h的记录超过180条
2017-12-22 01:31:14,删除长低速记录,0.0,0.0,连续低于10 km/h的记录超过180条
2017-12-22 01:31:15,删除长低速记录,0.0,0.0,连续低于10 km/h的记录超过180条
2017-12-22 01:31:16,删除长低速记录,0.0,0.0,连续低于10 km/h的记录超过180条
2017-12-22 01:31:17,删除长低速记录,0.0,0.0,连续低于10 km/h的记录超过180条
2017-12-22 01:31:18,删除长低速记录,0.0,0.0,连续低于10 km/h的记录超过180条
2017-12-22 01:31:19,删除长低速记录,0.0,0.0,连续低于10 km/h的记录超过180条
2017-12-22 01:31:20,删除长低速记录,0.0,0.0,连续低于10 km/h的记录超过180条
2017-12-22 01:31:21,删除长低速记录,0.0,0.0,连续低于10 km/h的记录超过180条
2017-12-22 01:31:22,删除长低速记录,0.0,0.0,连续低于10 km/h的记录超过180条
2017-12-22 01:31:23,删除长低速记录,0.0,0.0,连续低于10 km/h的记录超过180条
2017-12-22 01:31:24,删除长低速记录,0.0,0.0,连续低于10 km/h的记录超过180条
2017-12-22 01:31:25,删除长低速记录,0.0,0.0,连续低于10 km/h的记录超过180条
2017-12-22 01:31:26,删除长低速记录,0.0,0.0,连续低于10 km/h的记录超过180条
2017-12-22 01:31:27,删除长低速记录,0.0,0.0,连续低于10 km/h的记录超过180条
2017-12-22 01:31:28,删除长低速记录,0.0,0.0,连续低于10 km/h的记录超过180条
2017-12-22 01:31:29,删除长低速记录,0.0,0.0,连续低于10 km/h的记录超过180条
2017-12-22 01:31:30,删除长低速记录,0.0,0.0,连续低于10 km/h的记录超过180条
2017-12-22 01:31:31,删除长低速记录,0.0,0.0,连续低于10 km/h的记录超过180条
2017-12-22 01:31:32,删除长低速记录,0.0,0.0,连续低于10 km/h的记录超过180条
2017-12-22 01:31:33,删除长低速记录,0.0,0.0,连续低于10 km/h的记录超过180条
2017-12-22 01:31:34,删除长低速记录,0.0,0.0,连续低于10 km/h的记录超过180条
2017-12-22 01:31:35,删除长低速记录,0.0,0.0,连续低于10 km/h的记录超过180条
2017-12-22 01:31:36,删除长低速记录,0.0,0.0,连续低于10 km/h的记录超过180条
2017-12-22 01:31:37,删除长低速记录,0.0,0.0,连续低于10 km/h的记录超过180条
2017-12-22 01:31:38,删除长低速记录,0.0,0.0,连续低于10 km/h的记录超过180条
2017-12-22 01:31:39,删除长低速记录,0.0,0.0,连续低于10 km/h的记录超过180条
2017-12-22 01:31:40,删除长低速记录,0.0,0.0,连续低于10 km/h的记录超过180条
2017-12-22 01:31:41,删除长低速记录,0.0,0.0,连续低于10 km/h的记录超过180条
2017-12-22 01:31:42,删除长低速记录,0.0,0.0,连续低于10 km/h的记录超过180条
2017-12-22 01:31:43,删除长低速记录,0.0,0.0,连续低于10 km/h的记录超过180条
2017-12-22 01:31:44,删除长低速记录,0.0,0.0,连续低于10 km/h的记录超过180条
2017-12-22 01:31:45,删除长低速记录,0.0,0.0,连续低于10 km/h的记录超过180条
2017-12-22 01:31:46,删除长低速记录,0.0,0.0,连续低于10 km/h的记录超过180条
2017-12-22 01:31:47,删除长低速记录,0.0,0.0,连续低于10 km/h的记录超过180条
2017-12-22 01:31:48,删除长低速记录,0.0,0.0,连续低于10 km/h的记录超过180条
2017-12-22 01:31:49,删除长低速记录,0.0,0.0,连续低于10 km/h的记录超过180条
2017-12-22 01:31:50,删除长低速记录,0.0,0.0,连续低于10 km/h的记录超过180条
2017-12-22 01:31:51,删除长低速记录,0.0,0.0,连续低于10 km/h的记录超过180条
2017-12-22 01:31:52,删除长低速记录,0.0,0.0,连续低于10 km/h的记录超过180条
2017-12-22 01:31:53,删除长低速记录,0.0,0.0,连续低于10 km/h的记录超过180条
2017-12-22 01:31:54,删除长低速记录,0.0,0.0,连续低于10 km/h的记录超过180条
2017-12-22 01:31:55,删除长低速记录,0.0,0.0,连续低于10 km/h的记录超过180条
2017-12-22 01:31:56,删除长低速记录,0.0,0.0,连续低于10 km/h的记录超过180条
2017-12-22 01:31:57,删除长低速记录,0.0,0.0,连续低于10 km/h的记录超过180条
2017-12-22 01:31:58,删除长低速记录,0.0,0.0,连续低于10 km/h的记录超过180条
2017-12-22 01:31:59,删除长低速记录,0.0,0.0,连续低于10 km/h的记录超过180条
2017-12-22 01:32:00,删除长低速记录,0.0,0.0,连续低于10 km/h的记录超过180条
2017-12-22 01:32:01,删除长低速记录,0.0,0.0,连续低于10 km/h的记录超过180条
2017-12-22 01:32:02,删除长低速记录,0.0,0.0,连续低于10 km/h的记录超过180条
2017-12-22 01:32:03,删除长低速记录,0.0,0.0,连续低于10 km/h的记录超过180条
2017-12-22 01:32:04,删除长低速记录,0.0,0.0,连续低于10 km/h的记录超过180条
2017-12-22 01:32:05,删除长低速记录,0.0,0.0,连续低于10 km/h的记录超过180条
2017-12-22 01:32:06,删除长低速记录,0.0,0.0,连续低于10 km/h的记录超过180条
2017-12-22 01:32:07,删除长低速记录,0.0,0.0,连续低于10 km/h的记录超过180条
2017-12-22 01:32:08,删除长低速记录,0.0,0.0,连续低于10 km/h的记录超过180条
2017-12-22 01:32:09,删除长低速记录,0.0,0.0,连续低于10 km/h的记录超过180条
2017-12-22 01:32:10,删除长低速记录,0.0,0.0,连续低于10 km/h的记录超过180条
2017-12-22 01:32:11,删除长低速记录,0.0,0.0,连续低于10 km/h的记录超过180条
2017-12-22 01:32:12,删除长低速记录,0.0,0.0,连续低于10 km/h的记录超过180条
2017-12-22 01:32:13,删除长低速记录,0.0,0.0,连续低于10 km/h的记录超过180条
2017-12-22 01:35:59,删除长低速记录,0.0,0.0,连续低于10 km/h的记录超过180条
2017-12-22 01:36:00,删除长低速记录,0.0,0.0,连续低于10 km/h的记录超过180条
2017-12-22 01:36:01,删除长低速记录,0.0,0.0,连续低于10 km/h的记录超过180条
2017-12-22 01:36:02,删除长低速记录,0.0,0.0,连续低于10 km/h的记录超过180条
2017-12-22 01:36:03,删除长低速记录,0.0,0.0,连续低于10 km/h的记录超过180条
2017-12-22 01:36:04,删除长低速记录,0.0,0.0,连续低于10 km/h的记录超过180条
2017-12-22 01:36:05,删除长低速记录,0.0,0.0,连续低于10 km/h的记录超过180条
2017-12-22 01:36:06,删除长低速记录,0.0,0.0,连续低于10 km/h的记录超过180条
2017-12-22 01:36:07,删除长低速记录,0.0,0.0,连续低于10 km/h的记录超过180条
2017-12-22 01:36:08,删除长低速记录,0.0,0.0,连续低于10 km/h的记录超过180条
2017-12-22 01:36:09,删除长低速记录,0.0,0.0,连续低于10 km/h的记录超过180条
2017-12-22 01:36:10,删除长低速记录,0.0,0.0,连续低于10 km/h的记录超过180条
2017-12-22 01:36:11,删除长低速记录,0.0,0.0,连续低于10 km/h的记录超过180条
2017-12-22 01:36:12,删除长低速记录,0.0,0.0,连续低于10 km/h的记录超过180条
2017-12-22 01:36:13,删除长低速记录,0.0,0.0,连续低于10 km/h的记录超过180条
2017-12-22 01:36:14,删除长低速记录,0.0,0.0,连续低于10 km/h的记录超过180条
2017-12-22 01:36:15,删除长低速记录,0.0,0.0,连续低于10 km/h的记录超过180条
2017-12-22 01:36:16,删除长低速记录,0.0,0.0,连续低于10 km/h的记录超过180条
2017-12-22 01:36:17,删除长低速记录,0.0,0.0,连续低于10 km/h的记录超过180条
2017-12-22 01:36:18,删除长低速记录,0.0,0.0,连续低于10 km/h的记录超过180条
2017-12-22 01:36:19,删除长低速记录,0.0,0.0,连续低于10 km/h的记录超过180条
2017-12-22 01:36:20,删除长低速记录,0.0,0.0,连续低于10 km/h的记录超过180条
2017-12-22 01:36:21,删除长低速记录,0.0,0.0,连续低于10 km/h的记录超过180条
2017-12-22 01:36:22,删除长低速记录,0.0,0.0,连续低于10 km/h的记录超过180条
2017-12-22 01:36:23,删除长低速记录,0.0,0.0,连续低于10 km/h的记录超过180条
2017-12-22 01:36:24,删除长低速记录,0.0,0.0,连续低于10 km/h的记录超过180条
2017-12-22 01:36:25,删除长低速记录,0.0,0.0,连续低于10 km/h的记录超过180条
2017-12-22 01:36:26,删除长低速记录,0.0,0.0,连续低于10 km/h的记录超过180条
2017-12-22 01:36:27,删除长低速记录,0.0,0.0,连续低于10 km/h的记录超过180条
2017-12-22 01:36:28,删除长低速记录,0.0,0.0,连续低于10 km/h的记录超过180条
2017-12-22 01:36:29,删除长低速记录,0.0,0.0,连续低于10 km/h的记录超过180条
2017-12-22 01:36:30,删除长低速记录,0.0,0.0,连续低于10 km/h的记录超过180条
2017-12-22 01:36:31,删除长低速记录,0.0,0.0,连续低于10 km/h的记录超过180条
2017-12-22 01:36:32,删除长低速记录,0.0,0.0,连续低于10 km/h的记录超过180条
2017-12-22 01:36:33,删除长低速记录,0.0,0.0,连续低于10 km/h的记录超过180条
2017-12-22 01:36:34,删除长低速记录,0.0,0.0,连续低于10 km/h的记录超过180条
2017-12-22 01:36:35,删除长低速记录,0.0,0.0,连续低于10 km/h的记录超过180条
2017-12-22 01:36:36,删除长低速记录,0.0,0.0,连续低于10 km/h的记录超过180条
2017-12-22 01:36:37,删除长低速记录,0.0,0.0,连续低于10 km/h的记录超过180条
2017-12-22 01:36:38,删除长低速记录,0.0,0.0,连续低于10 km/h的记录超过180条
2017-12-22 01:36:39,删除长低速记录,0.0,0.0,连续低于10 km/h的记录超过180条
2017-12-22 01:36:40,删除长低速记录,0.0,0.0,连续低于10 km/h的记录超过180条
2017-12-22 01:36:41,删除长低速记录,0.0,0.0,连续低于10 km/h的记录超过180条
2017-12-22 01:36:42,删除长低速记录,0.0,0.0,连续低于10 km/h的记录超过180条
2017-12-22 01:36:43,删除长低速记录,0.0,0.0,连续低于10 km/h的记录超过180条
2017-12-22 01:36:44,删除长低速记录,0.0,0.0,连续低于10 km/h的记录超过180条
2017-12-22 01:36:45,删除长低速记录,0.0,0.0,连续低于10 km/h的记录超过180条
2017-12-22 01:36:46,删除长低速记录,0.0,0.0,连续低于10 km/h的记录超过180条
2017-12-22 01:36:47,删除长低速记录,0.0,0.0,连续低于10 km/h的记录超过180条
2017-12-22 01:36:48,删除长低速记录,0.0,0.0,连续低于10 km/h的记录超过180条
2017-12-22 01:36:49,删除长低速记录,0.0,0.0,连续低于10 km/h的记录超过180条
2017-12-22 01:36:50,删除长低速记录,0.0,0.0,连续低于10 km/h的记录超过180条
2017-12-22 01:36:51,删除长低速记录,0.0,0.0,连续低于10 km/h的记录超过180条
2017-12-22 01:36:52,删除长低速记录,0.0,0.0,连续低于10 km/h的记录超过180条
2017-12-22 01:36:53,删除长低速记录,0.0,0.0,连续低于10 km/h的记录超过180条
2017-12-22 01:36:54,删除长低速记录,0.0,0.0,连续低于10 km/h的记录超过180条
2017-12-22 01:36:55,删除长低速记录,0.0,0.0,连续低于10 km/h的记录超过180条
2017-12-22 01:36:56,删除长低速记录,0.0,0.0,连续低于10 km/h的记录超过180条
2017-12-22 01:36:57,删除长低速记录,0.0,0.0,连续低于10 km/h的记录超过180条
2017-12-22 01:36:58,删除长低速记录,0.0,0.0,连续低于10 km/h的记录超过180条
2017-12-22 01:36:59,删除长低速记录,0.0,0.0,连续低于10 km/h的记录超过180条
2017-12-22 01:37:00,删除长低速记录,0.0,0.0,连续低于10 km/h的记录超过180条
2017-12-22 01:37:01,删除长低速记录,0.0,0.0,连续低于10 km/h的记录超过180条
2017-12-22 01:37:02,删除长低速记录,0.0,0.0,连续低于10 km/h的记录超过180条
2017-12-22 01:37:03,删除长低速记录,0.0,0.0,连续低于10 km/h的记录超过180条
2017-12-22 01:37:04,删除长低速记录,0.0,0.0,连续低于10 km/h的记录超过180条
2017-12-22 01:37:05,删除长低速记录,0.0,0.0,连续低于10 km/h的记录超过180条
2017-12-22 01:37:06,删除长低速记录,0.0,0.0,连续低于10 km/h的记录超过180条
2017-12-22 01:37:07,删除长低速记录,0.0,0.0,连续低于10 km/h的记录超过180条
2017-12-22 01:37:08,删除长低速记录,0.0,0.0,连续低于10 km/h的记录超过180条
2017-12-22 01:37:09,删除长低速记录,0.0,0.0,连续低于10 km/h的记录超过180条
2017-12-22 01:37:10,删除长低速记录,0.0,0.0,连续低于10 km/h的记录超过180条
2017-12-22 01:37:11,删除长低速记录,0.0,0.0,连续低于10 km/h的记录超过180条
2017-12-22 01:37:12,删除长低速记录,0.0,0.0,连续低于10 km/h的记录超过180条
2017-12-22 01:37:13,删除长低速记录,0.0,0.0,连续低于10 km/h的记录超过180条
2017-12-22 01:37:14,删除长低速记录,0.0,0.0,连续低于10 km/h的记录超过180条
2017-12-22 01:37:15,删除长低速记录,0.0,0.0,连续低于10 km/h的记录超过180条
2017-12-22 01:37:16,删除长低速记录,0.0,0.0,连续低于10 km/h的记录超过180条
2017-12-22 01:37:17,删除长低速记录,0.0,0.0,连续低于10 km/h的记录超过180条
2017-12-22 01:37:18,删除长低速记录,0.0,0.0,连续低于10 km/h的记录超过180条
2017-12-22 01:37:19,删除长低速记录,0.0,0.0,连续低于10 km/h的记录超过180条
2017-12-22 01:37:20,删除长低速记录,0.0,0.0,连续低于10 km/h的记录超过180条
2017-12-22 01:37:21,删除长低速记录,0.0,0.0,连续低于10 km/h的记录超过180条
2017-12-22 01:37:22,删除长低速记录,0.0,0.0,连续低于10 km/h的记录超过180条
2017-12-22 01:37:23,删除长低速记录,0.0,0.0,连续低于10 km/h的记录超过180条
2017-12-22 01:37:24,删除长低速记录,0.0,0.0,连续低于10 km/h的记录超过180条
2017-12-22 01:37:25,删除长低速记录,0.0,0.0,连续低于10 km/h的记录超过180条
2017-12-22 01:37:26,删除长低速记录,0.0,0.0,连续低于10 km/h的记录超过180条
2017-12-22 01:37:27,删除长低速记录,0.0,0.0,连续低于10 km/h的记录超过180条
2017-12-22 01:37:28,删除长低速记录,0.0,0.0,连续低于10 km/h的记录超过180条
2017-12-22 01:37:29,删除长低速记录,0.0,0.0,连续低于10 km/h的记录超过180条
2017-12-22 01:37:30,删除长低速记录,0.0,0.0,连续低于10 km/h的记录超过180条
2017-12-22 01:37:31,删除长低速记录,0.0,0.0,连续低于10 km/h的记录超过180条
2017-12-22 01:37:32,删除长低速记录,0.0,0.0,连续低于10 km/h的记录超过180条
2017-12-22 01:37:33,删除长低速记录,0.0,0.0,连续低于10 km/h的记录超过180条
2017-12-22 01:37:34,删除长低速记录,0.0,0.0,连续低于10 km/h的记录超过180条
2017-12-22 01:37:35,删除长低速记录,0.0,0.0,连续低于10 km/h的记录超过180条
2017-12-22 01:37:36,删除长低速记录,0.0,0.0,连续低于10 km/h的记录超过180条
2017-12-22 01:37:37,删除长低速记录,0.0,0.0,连续低于10 km/h的记录超过180条
2017-12-22 01:37:38,删除长低速记录,0.0,0.0,连续低于10 km/h的记录超过180条
2017-12-22 01:37:39,删除长低速记录,0.0,0.0,连续低于10 km/h的记录超过180条
2017-12-22 01:37:40,删除长低速记录,0.0,0.0,连续低于10 km/h的记录超过180条
2017-12-22 01:37:41,删除长低速记录,0.0,0.0,连续低于10 km/h的记录超过180条
2017-12-22 01:37:42,删除长低速记录,0.0,0.0,连续低于10 km/h的记录超过180条
2017-12-22 01:37:43,删除长低速记录,0.0,0.0,连续低于10 km/h的记录超过180条
2017-12-22 01:37:44,删除长低速记录,0.0,0.0,连续低于10 km/h的记录超过180条
2017-12-22 01:37:45,删除长低速记录,0.0,0.0,连续低于10 km/h的记录超过180条
2017-12-22 01:37:46,删除长低速记录,0.0,0.0,连续低于10 km/h的记录超过180条
2017-12-22 12:18:05,新增插值记录,,32.4,相邻速度 32.5 与 32.3 km/h 的线性中点
2017-12-22 12:23:14,新增插值记录,,37.7,相邻速度 37.1 与 38.3 km/h 的线性中点
2017-12-22 12:24:44,新增插值记录,,39.400000000000006,相邻速度 38.2 与 40.6 km/h 的线性中点
2017-12-22 12:25:12,新增插值记录,,47.1,相邻速度 47 与 47.2 km/h 的线性中点
2017-12-22 14:02:57,新增插值记录,,17.85,相邻速度 16.2 与 19.5 km/h 的线性中点
2017-12-22 14:20:00,新增插值记录,,22.25,相邻速度 22 与 22.5 km/h 的线性中点
2017-12-22 14:20:31,车速限幅,21.5,14.256,"连续1秒允许范围 [0.000000, 14.256000] km/h"
2017-12-22 15:06:02,新增插值记录,,14.35,相邻速度 14 与 14.7 km/h 的线性中点
2017-12-22 15:06:07,新增插值记录,,20.1,相邻速度 14.7 与 25.5 km/h 的线性中点
2017-12-22 15:06:32,新增插值记录,,23.950000000000003,相邻速度 21.1 与 26.8 km/h 的线性中点
2017-12-22 15:59:26,新增插值记录,,35.75,相邻速度 35.7 与 35.8 km/h 的线性中点
2017-12-22 16:12:34,新增插值记录,,29.5,相邻速度 27.8 与 31.2 km/h 的线性中点
2017-12-22 17:08:54,新增插值记录,,23.35,相邻速度 24.6 与 22.1 km/h 的线性中点
2017-12-22 17:09:17,车速限幅,23.6,18.956,"连续1秒允许范围 [0.000000, 18.956000] km/h"
2017-12-22 18:12:51,新增插值记录,,32.85,相邻速度 32.7 与 33 km/h 的线性中点
2017-12-22 18:13:04,新增插值记录,,35.55,相邻速度 33.2 与 37.9 km/h 的线性中点
2017-12-22 18:13:37,新增插值记录,,33.05,相邻速度 33.2 与 32.9 km/h 的线性中点
2017-12-22 18:14:01,车速限幅,31.6,16.556,"连续1秒允许范围 [0.000000, 16.556000] km/h"
2017-12-22 19:54:44,新增插值记录,,28.05,相邻速度 27 与 29.1 km/h 的线性中点
2017-12-22 21:38:35,新增插值记录,,50.7,相邻速度 52.4 与 49 km/h 的线性中点
2017-12-22 21:52:01,车速限幅,15.0,14.256,"连续1秒允许范围 [0.000000, 14.256000] km/h"
2017-12-22 21:58:26,新增插值记录,,31.95,相邻速度 35.5 与 28.4 km/h 的线性中点
2017-12-22 22:00:32,新增插值记录,,31.1,相邻速度 33.1 与 29.1 km/h 的线性中点
2017-12-22 22:52:19,车速限幅,15.7,14.756,"连续1秒允许范围 [0.000000, 14.756000] km/h"
2017-12-23 00:00:14,车速限幅,55.7,14.256,"连续1秒允许范围 [0.000000, 14.256000] km/h"
2017-12-23 00:00:15,车速限幅,55.9,28.512,"连续1秒允许范围 [0.000000, 28.512000] km/h"
2017-12-23 00:00:16,车速限幅,58.7,42.768,"连续1秒允许范围 [0.000000, 42.768000] km/h"
2017-12-23 00:00:17,车速限幅,58.6,57.024,"连续1秒允许范围 [13.968000, 57.024000] km/h"
2017-12-23 00:48:14,新增插值记录,,88.5,相邻速度 88.5 与 88.5 km/h 的线性中点
2017-12-23 00:56:48,新增插值记录,,84.6,相邻速度 84.6 与 84.6 km/h 的线性中点
2017-12-23 01:02:20,新增插值记录,,91.0,相邻速度 91 与 91 km/h 的线性中点
2017-12-23 01:43:23,删除长低速记录,0.0,0.0,连续低于10 km/h的记录超过180条
2017-12-23 01:43:24,删除长低速记录,0.0,0.0,连续低于10 km/h的记录超过180条
2017-12-23 01:43:25,删除长低速记录,0.0,0.0,连续低于10 km/h的记录超过180条
2017-12-23 01:43:26,删除长低速记录,0.0,0.0,连续低于10 km/h的记录超过180条
2017-12-23 01:43:27,删除长低速记录,0.0,0.0,连续低于10 km/h的记录超过180条
2017-12-23 01:43:28,删除长低速记录,0.0,0.0,连续低于10 km/h的记录超过180条
2017-12-23 01:43:29,删除长低速记录,0.0,0.0,连续低于10 km/h的记录超过180条
2017-12-23 01:43:30,删除长低速记录,0.0,0.0,连续低于10 km/h的记录超过180条
2017-12-23 01:43:31,删除长低速记录,0.0,0.0,连续低于10 km/h的记录超过180条
2017-12-23 01:43:32,删除长低速记录,0.0,0.0,连续低于10 km/h的记录超过180条
2017-12-23 01:43:33,删除长低速记录,0.0,0.0,连续低于10 km/h的记录超过180条
2017-12-23 01:43:34,删除长低速记录,0.0,0.0,连续低于10 km/h的记录超过180条
2017-12-23 01:43:35,删除长低速记录,0.0,0.0,连续低于10 km/h的记录超过180条
2017-12-23 01:43:36,删除长低速记录,0.0,0.0,连续低于10 km/h的记录超过180条
2017-12-23 01:43:37,删除长低速记录,0.0,0.0,连续低于10 km/h的记录超过180条
2017-12-23 01:43:38,删除长低速记录,0.0,0.0,连续低于10 km/h的记录超过180条
2017-12-23 01:43:39,删除长低速记录,0.0,0.0,连续低于10 km/h的记录超过180条
2017-12-23 01:43:40,删除长低速记录,0.0,0.0,连续低于10 km/h的记录超过180条
2017-12-23 01:43:41,删除长低速记录,0.0,0.0,连续低于10 km/h的记录超过180条
2017-12-23 01:43:42,删除长低速记录,0.0,0.0,连续低于10 km/h的记录超过180条
2017-12-23 01:43:43,删除长低速记录,0.0,0.0,连续低于10 km/h的记录超过180条
2017-12-23 01:43:44,删除长低速记录,0.0,0.0,连续低于10 km/h的记录超过180条
2017-12-23 01:43:45,删除长低速记录,0.0,0.0,连续低于10 km/h的记录超过180条
2017-12-23 01:43:46,删除长低速记录,0.0,0.0,连续低于10 km/h的记录超过180条
2017-12-23 01:43:47,删除长低速记录,0.0,0.0,连续低于10 km/h的记录超过180条
2017-12-23 01:43:48,删除长低速记录,0.0,0.0,连续低于10 km/h的记录超过180条
2017-12-23 01:43:49,删除长低速记录,0.0,0.0,连续低于10 km/h的记录超过180条
2017-12-23 01:43:50,删除长低速记录,0.0,0.0,连续低于10 km/h的记录超过180条
2017-12-23 01:43:51,删除长低速记录,0.0,0.0,连续低于10 km/h的记录超过180条
2017-12-23 01:43:52,删除长低速记录,0.0,0.0,连续低于10 km/h的记录超过180条
2017-12-23 01:43:53,删除长低速记录,0.0,0.0,连续低于10 km/h的记录超过180条
2017-12-23 01:43:54,删除长低速记录,0.0,0.0,连续低于10 km/h的记录超过180条
2017-12-23 01:43:55,删除长低速记录,0.0,0.0,连续低于10 km/h的记录超过180条
2017-12-23 01:43:56,删除长低速记录,0.0,0.0,连续低于10 km/h的记录超过180条
2017-12-23 01:43:57,删除长低速记录,0.0,0.0,连续低于10 km/h的记录超过180条
2017-12-23 01:43:58,删除长低速记录,0.0,0.0,连续低于10 km/h的记录超过180条
2017-12-23 01:43:59,删除长低速记录,0.0,0.0,连续低于10 km/h的记录超过180条
2017-12-23 01:44:00,删除长低速记录,0.0,0.0,连续低于10 km/h的记录超过180条
2017-12-23 01:44:01,删除长低速记录,0.0,0.0,连续低于10 km/h的记录超过180条
2017-12-23 01:44:02,删除长低速记录,0.0,0.0,连续低于10 km/h的记录超过180条
2017-12-23 01:44:03,删除长低速记录,0.0,0.0,连续低于10 km/h的记录超过180条
2017-12-23 01:44:04,删除长低速记录,0.0,0.0,连续低于10 km/h的记录超过180条
2017-12-23 01:44:05,删除长低速记录,0.0,0.0,连续低于10 km/h的记录超过180条
2017-12-23 01:44:06,删除长低速记录,0.0,0.0,连续低于10 km/h的记录超过180条
2017-12-23 01:44:07,删除长低速记录,0.0,0.0,连续低于10 km/h的记录超过180条
2017-12-23 01:44:08,删除长低速记录,0.0,0.0,连续低于10 km/h的记录超过180条
2017-12-23 01:44:09,删除长低速记录,0.0,0.0,连续低于10 km/h的记录超过180条
2017-12-23 01:44:10,删除长低速记录,0.0,0.0,连续低于10 km/h的记录超过180条
2017-12-23 01:44:11,删除长低速记录,0.0,0.0,连续低于10 km/h的记录超过180条
2017-12-23 01:44:12,删除长低速记录,0.0,0.0,连续低于10 km/h的记录超过180条
2017-12-23 01:44:13,删除长低速记录,0.0,0.0,连续低于10 km/h的记录超过180条
2017-12-23 01:44:14,删除长低速记录,0.0,0.0,连续低于10 km/h的记录超过180条
2017-12-23 01:44:15,删除长低速记录,0.0,0.0,连续低于10 km/h的记录超过180条
2017-12-23 01:44:16,删除长低速记录,0.0,0.0,连续低于10 km/h的记录超过180条
2017-12-23 01:44:17,删除长低速记录,0.0,0.0,连续低于10 km/h的记录超过180条
2017-12-23 01:44:18,删除长低速记录,0.0,0.0,连续低于10 km/h的记录超过180条
2017-12-23 01:44:19,删除长低速记录,0.0,0.0,连续低于10 km/h的记录超过180条
2017-12-23 01:44:20,删除长低速记录,0.0,0.0,连续低于10 km/h的记录超过180条
2017-12-23 01:44:21,删除长低速记录,0.0,0.0,连续低于10 km/h的记录超过180条
2017-12-23 01:44:22,删除长低速记录,0.0,0.0,连续低于10 km/h的记录超过180条
2017-12-23 01:44:23,删除长低速记录,0.0,0.0,连续低于10 km/h的记录超过180条
2017-12-23 01:44:24,删除长低速记录,0.0,0.0,连续低于10 km/h的记录超过180条
2017-12-23 01:44:25,删除长低速记录,0.0,0.0,连续低于10 km/h的记录超过180条
2017-12-23 01:44:26,删除长低速记录,0.0,0.0,连续低于10 km/h的记录超过180条
2017-12-23 01:44:27,删除长低速记录,0.0,0.0,连续低于10 km/h的记录超过180条
2017-12-23 01:44:28,删除长低速记录,0.0,0.0,连续低于10 km/h的记录超过180条
2017-12-23 01:44:29,删除长低速记录,0.0,0.0,连续低于10 km/h的记录超过180条
2017-12-23 01:44:30,删除长低速记录,0.0,0.0,连续低于10 km/h的记录超过180条
2017-12-23 01:44:31,删除长低速记录,0.0,0.0,连续低于10 km/h的记录超过180条
2017-12-23 01:44:32,删除长低速记录,0.0,0.0,连续低于10 km/h的记录超过180条
2017-12-23 01:44:33,删除长低速记录,3.1,3.1,连续低于10 km/h的记录超过180条
2017-12-23 01:44:34,删除长低速记录,3.2,3.2,连续低于10 km/h的记录超过180条
2017-12-23 01:44:35,删除长低速记录,2.9,2.9,连续低于10 km/h的记录超过180条
2017-12-23 01:44:36,删除长低速记录,2.9,2.9,连续低于10 km/h的记录超过180条
2017-12-23 01:44:37,删除长低速记录,2.8,2.8,连续低于10 km/h的记录超过180条
2017-12-23 01:44:38,删除长低速记录,2.2,2.2,连续低于10 km/h的记录超过180条
2017-12-23 01:44:39,删除长低速记录,1.7,1.7,连续低于10 km/h的记录超过180条
2017-12-23 01:44:40,删除长低速记录,0.0,0.0,连续低于10 km/h的记录超过180条
2017-12-23 01:44:41,删除长低速记录,0.0,0.0,连续低于10 km/h的记录超过180条
2017-12-23 01:44:42,删除长低速记录,2.3,2.3,连续低于10 km/h的记录超过180条
2017-12-23 01:44:43,删除长低速记录,2.2,2.2,连续低于10 km/h的记录超过180条
2017-12-23 01:44:44,删除长低速记录,2.2,2.2,连续低于10 km/h的记录超过180条
2017-12-23 01:44:45,删除长低速记录,2.2,2.2,连续低于10 km/h的记录超过180条
2017-12-23 01:44:46,删除长低速记录,2.2,2.2,连续低于10 km/h的记录超过180条
2017-12-23 01:44:47,删除长低速记录,1.8,1.8,连续低于10 km/h的记录超过180条
2017-12-23 01:44:48,删除长低速记录,1.7,1.7,连续低于10 km/h的记录超过180条
2017-12-23 01:44:49,删除长低速记录,0.0,0.0,连续低于10 km/h的记录超过180条
2017-12-23 01:44:50,删除长低速记录,0.0,0.0,连续低于10 km/h的记录超过180条
2017-12-23 01:44:51,删除长低速记录,0.0,0.0,连续低于10 km/h的记录超过180条
2017-12-23 01:44:52,删除长低速记录,0.0,0.0,连续低于10 km/h的记录超过180条
2017-12-23 01:44:53,删除长低速记录,2.6,2.6,连续低于10 km/h的记录超过180条
2017-12-23 01:44:54,删除长低速记录,3.9,3.9,连续低于10 km/h的记录超过180条
2017-12-23 01:44:55,删除长低速记录,5.3,5.3,连续低于10 km/h的记录超过180条
2017-12-23 01:44:56,删除长低速记录,6.7,6.7,连续低于10 km/h的记录超过180条
2017-12-23 01:44:57,删除长低速记录,8.0,8.0,连续低于10 km/h的记录超过180条
2017-12-23 07:37:11,新增插值记录,,22.3,相邻速度 22.5 与 22.1 km/h 的线性中点
2017-12-23 08:23:49,新增插值记录,,34.15,相邻速度 35.4 与 32.9 km/h 的线性中点
2017-12-23 09:01:31,删除长低速记录,0.0,0.0,连续低于10 km/h的记录超过180条
2017-12-23 09:01:32,删除长低速记录,0.0,0.0,连续低于10 km/h的记录超过180条
2017-12-23 09:01:33,删除长低速记录,0.0,0.0,连续低于10 km/h的记录超过180条
2017-12-23 09:01:34,删除长低速记录,0.0,0.0,连续低于10 km/h的记录超过180条
2017-12-23 09:01:35,删除长低速记录,0.0,0.0,连续低于10 km/h的记录超过180条
2017-12-23 09:01:36,删除长低速记录,0.0,0.0,连续低于10 km/h的记录超过180条
2017-12-23 09:01:37,删除长低速记录,0.0,0.0,连续低于10 km/h的记录超过180条
2017-12-23 09:01:38,删除长低速记录,0.0,0.0,连续低于10 km/h的记录超过180条
2017-12-23 09:01:39,删除长低速记录,0.0,0.0,连续低于10 km/h的记录超过180条
2017-12-23 09:01:40,删除长低速记录,0.0,0.0,连续低于10 km/h的记录超过180条
2017-12-23 09:01:41,删除长低速记录,0.0,0.0,连续低于10 km/h的记录超过180条
2017-12-23 09:01:42,删除长低速记录,0.0,0.0,连续低于10 km/h的记录超过180条
2017-12-23 09:01:43,删除长低速记录,0.0,0.0,连续低于10 km/h的记录超过180条
2017-12-23 09:01:44,删除长低速记录,0.0,0.0,连续低于10 km/h的记录超过180条
2017-12-23 09:01:45,删除长低速记录,0.0,0.0,连续低于10 km/h的记录超过180条
2017-12-23 09:01:46,删除长低速记录,0.0,0.0,连续低于10 km/h的记录超过180条
2017-12-23 09:01:47,删除长低速记录,0.0,0.0,连续低于10 km/h的记录超过180条
2017-12-23 09:01:48,删除长低速记录,0.0,0.0,连续低于10 km/h的记录超过180条
2017-12-23 09:01:49,删除长低速记录,0.0,0.0,连续低于10 km/h的记录超过180条
2017-12-23 09:01:50,删除长低速记录,0.0,0.0,连续低于10 km/h的记录超过180条
2017-12-23 09:01:51,删除长低速记录,0.0,0.0,连续低于10 km/h的记录超过180条
2017-12-23 09:01:52,删除长低速记录,0.0,0.0,连续低于10 km/h的记录超过180条
2017-12-23 09:01:53,删除长低速记录,0.0,0.0,连续低于10 km/h的记录超过180条
2017-12-23 09:01:54,删除长低速记录,0.0,0.0,连续低于10 km/h的记录超过180条
2017-12-23 09:01:55,删除长低速记录,0.0,0.0,连续低于10 km/h的记录超过180条
2017-12-23 09:01:56,删除长低速记录,0.0,0.0,连续低于10 km/h的记录超过180条
2017-12-23 09:01:57,删除长低速记录,0.0,0.0,连续低于10 km/h的记录超过180条
2017-12-23 09:01:58,删除长低速记录,0.0,0.0,连续低于10 km/h的记录超过180条
2017-12-23 09:01:59,删除长低速记录,0.0,0.0,连续低于10 km/h的记录超过180条
2017-12-23 09:02:00,删除长低速记录,0.0,0.0,连续低于10 km/h的记录超过180条
2017-12-23 09:02:01,删除长低速记录,0.0,0.0,连续低于10 km/h的记录超过180条
2017-12-23 09:02:02,删除长低速记录,0.0,0.0,连续低于10 km/h的记录超过180条
2017-12-23 09:02:03,删除长低速记录,0.0,0.0,连续低于10 km/h的记录超过180条
2017-12-23 09:02:04,删除长低速记录,0.0,0.0,连续低于10 km/h的记录超过180条
2017-12-23 09:02:05,删除长低速记录,0.0,0.0,连续低于10 km/h的记录超过180条
2017-12-23 09:02:06,删除长低速记录,0.0,0.0,连续低于10 km/h的记录超过180条
2017-12-23 09:02:07,删除长低速记录,0.0,0.0,连续低于10 km/h的记录超过180条
2017-12-23 09:02:08,删除长低速记录,0.0,0.0,连续低于10 km/h的记录超过180条
2017-12-23 09:02:09,删除长低速记录,0.0,0.0,连续低于10 km/h的记录超过180条
2017-12-23 09:02:10,删除长低速记录,0.0,0.0,连续低于10 km/h的记录超过180条
2017-12-23 09:02:11,删除长低速记录,0.0,0.0,连续低于10 km/h的记录超过180条
2017-12-23 09:02:12,删除长低速记录,0.0,0.0,连续低于10 km/h的记录超过180条
2017-12-23 09:02:13,删除长低速记录,0.0,0.0,连续低于10 km/h的记录超过180条
2017-12-23 09:02:14,删除长低速记录,0.0,0.0,连续低于10 km/h的记录超过180条
2017-12-23 09:02:15,删除长低速记录,0.0,0.0,连续低于10 km/h的记录超过180条
2017-12-23 09:02:16,删除长低速记录,0.0,0.0,连续低于10 km/h的记录超过180条
2017-12-23 09:02:17,删除长低速记录,0.0,0.0,连续低于10 km/h的记录超过180条
2017-12-23 09:02:18,删除长低速记录,0.0,0.0,连续低于10 km/h的记录超过180条
2017-12-23 09:02:19,删除长低速记录,0.0,0.0,连续低于10 km/h的记录超过180条
2017-12-23 09:02:20,删除长低速记录,0.0,0.0,连续低于10 km/h的记录超过180条
2017-12-23 09:02:21,删除长低速记录,0.0,0.0,连续低于10 km/h的记录超过180条
2017-12-23 09:02:22,删除长低速记录,0.0,0.0,连续低于10 km/h的记录超过180条
2017-12-23 09:02:23,删除长低速记录,0.0,0.0,连续低于10 km/h的记录超过180条
2017-12-23 09:02:24,删除长低速记录,0.0,0.0,连续低于10 km/h的记录超过180条
2017-12-23 09:02:25,删除长低速记录,0.0,0.0,连续低于10 km/h的记录超过180条
2017-12-23 09:02:26,删除长低速记录,0.0,0.0,连续低于10 km/h的记录超过180条
2017-12-23 09:02:27,删除长低速记录,0.0,0.0,连续低于10 km/h的记录超过180条
2017-12-23 09:02:28,删除长低速记录,0.0,0.0,连续低于10 km/h的记录超过180条
2017-12-23 09:02:29,删除长低速记录,0.0,0.0,连续低于10 km/h的记录超过180条
2017-12-23 09:02:30,删除长低速记录,0.0,0.0,连续低于10 km/h的记录超过180条
2017-12-23 09:02:31,删除长低速记录,0.0,0.0,连续低于10 km/h的记录超过180条
2017-12-23 09:02:32,删除长低速记录,0.0,0.0,连续低于10 km/h的记录超过180条
2017-12-23 09:02:33,删除长低速记录,0.0,0.0,连续低于10 km/h的记录超过180条
2017-12-23 09:02:34,删除长低速记录,0.0,0.0,连续低于10 km/h的记录超过180条
2017-12-23 09:02:35,删除长低速记录,0.0,0.0,连续低于10 km/h的记录超过180条
2017-12-23 09:02:36,删除长低速记录,0.0,0.0,连续低于10 km/h的记录超过180条
2017-12-23 09:02:37,删除长低速记录,0.0,0.0,连续低于10 km/h的记录超过180条
2017-12-23 09:02:38,删除长低速记录,0.0,0.0,连续低于10 km/h的记录超过180条
2017-12-23 09:02:39,删除长低速记录,0.0,0.0,连续低于10 km/h的记录超过180条
2017-12-23 09:02:40,删除长低速记录,0.0,0.0,连续低于10 km/h的记录超过180条
2017-12-23 09:02:41,删除长低速记录,0.0,0.0,连续低于10 km/h的记录超过180条
2017-12-23 09:02:42,删除长低速记录,0.0,0.0,连续低于10 km/h的记录超过180条
2017-12-23 09:02:43,删除长低速记录,0.0,0.0,连续低于10 km/h的记录超过180条
2017-12-23 09:02:44,删除长低速记录,0.0,0.0,连续低于10 km/h的记录超过180条
2017-12-23 09:02:45,删除长低速记录,0.0,0.0,连续低于10 km/h的记录超过180条
2017-12-23 09:02:46,删除长低速记录,0.0,0.0,连续低于10 km/h的记录超过180条
2017-12-23 09:02:47,删除长低速记录,0.0,0.0,连续低于10 km/h的记录超过180条
2017-12-23 09:02:48,删除长低速记录,0.0,0.0,连续低于10 km/h的记录超过180条
2017-12-23 09:02:49,删除长低速记录,0.0,0.0,连续低于10 km/h的记录超过180条
2017-12-23 09:02:50,删除长低速记录,0.0,0.0,连续低于10 km/h的记录超过180条
2017-12-23 09:02:51,删除长低速记录,0.0,0.0,连续低于10 km/h的记录超过180条
2017-12-23 09:02:52,删除长低速记录,0.0,0.0,连续低于10 km/h的记录超过180条
2017-12-23 09:02:53,删除长低速记录,0.0,0.0,连续低于10 km/h的记录超过180条
2017-12-23 09:02:54,删除长低速记录,0.0,0.0,连续低于10 km/h的记录超过180条
2017-12-23 09:02:55,删除长低速记录,0.0,0.0,连续低于10 km/h的记录超过180条
2017-12-23 09:02:56,删除长低速记录,0.0,0.0,连续低于10 km/h的记录超过180条
2017-12-23 09:02:57,删除长低速记录,0.0,0.0,连续低于10 km/h的记录超过180条
2017-12-23 09:02:58,删除长低速记录,0.0,0.0,连续低于10 km/h的记录超过180条
2017-12-23 09:02:59,删除长低速记录,0.0,0.0,连续低于10 km/h的记录超过180条
2017-12-23 09:03:00,删除长低速记录,0.0,0.0,连续低于10 km/h的记录超过180条
2017-12-23 09:03:01,删除长低速记录,0.0,0.0,连续低于10 km/h的记录超过180条
2017-12-23 09:03:02,删除长低速记录,0.0,0.0,连续低于10 km/h的记录超过180条
2017-12-23 09:03:03,删除长低速记录,0.0,0.0,连续低于10 km/h的记录超过180条
2017-12-23 09:03:04,删除长低速记录,0.0,0.0,连续低于10 km/h的记录超过180条
2017-12-23 09:03:05,删除长低速记录,0.0,0.0,连续低于10 km/h的记录超过180条
2017-12-23 09:03:06,删除长低速记录,0.0,0.0,连续低于10 km/h的记录超过180条
2017-12-23 09:03:07,删除长低速记录,0.0,0.0,连续低于10 km/h的记录超过180条
2017-12-23 09:03:08,删除长低速记录,0.0,0.0,连续低于10 km/h的记录超过180条
2017-12-23 09:03:09,删除长低速记录,0.0,0.0,连续低于10 km/h的记录超过180条
2017-12-23 09:03:10,删除长低速记录,0.0,0.0,连续低于10 km/h的记录超过180条
2017-12-23 09:03:11,删除长低速记录,0.0,0.0,连续低于10 km/h的记录超过180条
2017-12-23 09:03:12,删除长低速记录,0.0,0.0,连续低于10 km/h的记录超过180条
2017-12-23 09:03:13,删除长低速记录,0.0,0.0,连续低于10 km/h的记录超过180条
2017-12-23 09:03:14,删除长低速记录,0.0,0.0,连续低于10 km/h的记录超过180条
2017-12-23 09:03:15,删除长低速记录,0.0,0.0,连续低于10 km/h的记录超过180条
2017-12-23 09:03:16,删除长低速记录,0.0,0.0,连续低于10 km/h的记录超过180条
2017-12-23 09:03:17,删除长低速记录,0.0,0.0,连续低于10 km/h的记录超过180条
2017-12-23 09:03:18,删除长低速记录,0.0,0.0,连续低于10 km/h的记录超过180条
2017-12-23 09:03:19,删除长低速记录,0.0,0.0,连续低于10 km/h的记录超过180条
2017-12-23 09:03:20,删除长低速记录,0.0,0.0,连续低于10 km/h的记录超过180条
2017-12-23 09:03:21,删除长低速记录,0.0,0.0,连续低于10 km/h的记录超过180条
2017-12-23 09:03:22,删除长低速记录,0.0,0.0,连续低于10 km/h的记录超过180条
2017-12-23 09:03:23,删除长低速记录,0.0,0.0,连续低于10 km/h的记录超过180条
2017-12-23 09:03:24,删除长低速记录,0.0,0.0,连续低于10 km/h的记录超过180条
2017-12-23 09:03:25,删除长低速记录,0.0,0.0,连续低于10 km/h的记录超过180条
2017-12-23 09:03:26,删除长低速记录,0.0,0.0,连续低于10 km/h的记录超过180条
2017-12-23 09:03:27,删除长低速记录,0.0,0.0,连续低于10 km/h的记录超过180条
2017-12-23 09:03:28,删除长低速记录,0.0,0.0,连续低于10 km/h的记录超过180条
2017-12-23 09:03:29,删除长低速记录,0.0,0.0,连续低于10 km/h的记录超过180条
2017-12-23 09:03:30,删除长低速记录,0.0,0.0,连续低于10 km/h的记录超过180条
2017-12-23 09:03:31,删除长低速记录,0.0,0.0,连续低于10 km/h的记录超过180条
2017-12-23 09:03:32,删除长低速记录,0.0,0.0,连续低于10 km/h的记录超过180条
2017-12-23 09:03:33,删除长低速记录,0.0,0.0,连续低于10 km/h的记录超过180条
2017-12-23 09:03:34,删除长低速记录,0.0,0.0,连续低于10 km/h的记录超过180条
2017-12-23 09:03:35,删除长低速记录,0.0,0.0,连续低于10 km/h的记录超过180条
2017-12-23 09:03:36,删除长低速记录,0.0,0.0,连续低于10 km/h的记录超过180条
2017-12-23 09:03:37,删除长低速记录,0.0,0.0,连续低于10 km/h的记录超过180条
2017-12-23 09:03:38,删除长低速记录,0.0,0.0,连续低于10 km/h的记录超过180条
2017-12-23 09:03:39,删除长低速记录,0.0,0.0,连续低于10 km/h的记录超过180条
2017-12-23 09:03:40,删除长低速记录,0.0,0.0,连续低于10 km/h的记录超过180条
2017-12-23 09:03:41,删除长低速记录,0.0,0.0,连续低于10 km/h的记录超过180条
2017-12-23 09:03:42,删除长低速记录,0.0,0.0,连续低于10 km/h的记录超过180条
2017-12-23 09:03:43,删除长低速记录,0.0,0.0,连续低于10 km/h的记录超过180条
2017-12-23 09:03:44,删除长低速记录,0.0,0.0,连续低于10 km/h的记录超过180条
2017-12-23 09:03:45,删除长低速记录,0.0,0.0,连续低于10 km/h的记录超过180条
2017-12-23 09:03:46,删除长低速记录,0.0,0.0,连续低于10 km/h的记录超过180条
2017-12-23 09:03:47,删除长低速记录,0.0,0.0,连续低于10 km/h的记录超过180条
2017-12-23 09:03:48,删除长低速记录,0.0,0.0,连续低于10 km/h的记录超过180条
2017-12-23 09:03:49,删除长低速记录,0.0,0.0,连续低于10 km/h的记录超过180条
2017-12-23 09:03:50,删除长低速记录,0.0,0.0,连续低于10 km/h的记录超过180条
2017-12-23 09:03:51,删除长低速记录,3.3,3.3,连续低于10 km/h的记录超过180条
2017-12-23 09:03:52,删除长低速记录,6.1,6.1,连续低于10 km/h的记录超过180条
2017-12-23 09:12:02,车速限幅,14.6,14.256,"连续1秒允许范围 [0.000000, 14.256000] km/h"
2017-12-23 09:27:01,新增插值记录,,21.75,相邻速度 21 与 22.5 km/h 的线性中点
2017-12-23 09:27:12,新增插值记录,,18.25,相邻速度 17.2 与 19.3 km/h 的线性中点
2017-12-23 09:27:42,车速限幅,36.0,31.856,"连续1秒允许范围 [0.000000, 31.856000] km/h"
2017-12-23 09:44:02,车速限幅,76.4,17.256,"连续1秒允许范围 [0.000000, 17.256000] km/h"
2017-12-23 09:44:03,车速限幅,77.1,31.512,"连续1秒允许范围 [0.000000, 31.512000] km/h"
2017-12-23 09:44:04,车速限幅,77.1,45.768,"连续1秒允许范围 [2.712000, 45.768000] km/h"
2017-12-23 09:44:05,车速限幅,3.0,16.968,"连续1秒允许范围 [16.968000, 60.024000] km/h"
2017-12-23 09:49:02,车速限幅,78.7,75.256,"连续1秒允许范围 [32.200000, 75.256000] km/h"
2017-12-23 10:34:17,新增插值记录,,27.65,相邻速度 26.5 与 28.8 km/h 的线性中点
2017-12-23 18:21:43,删除长低速记录,0.0,0.0,连续低于10 km/h的记录超过180条
2017-12-23 18:21:44,删除长低速记录,0.0,0.0,连续低于10 km/h的记录超过180条
2017-12-23 18:21:45,删除长低速记录,0.0,0.0,连续低于10 km/h的记录超过180条
2017-12-23 18:21:46,删除长低速记录,0.0,0.0,连续低于10 km/h的记录超过180条
2017-12-23 18:21:47,删除长低速记录,0.0,0.0,连续低于10 km/h的记录超过180条
2017-12-23 18:21:48,删除长低速记录,0.0,0.0,连续低于10 km/h的记录超过180条
2017-12-23 18:21:49,删除长低速记录,0.0,0.0,连续低于10 km/h的记录超过180条
2017-12-23 18:21:50,删除长低速记录,0.0,0.0,连续低于10 km/h的记录超过180条
2017-12-23 18:21:51,删除长低速记录,0.0,0.0,连续低于10 km/h的记录超过180条
2017-12-23 18:21:52,删除长低速记录,0.0,0.0,连续低于10 km/h的记录超过180条
2017-12-23 18:21:53,删除长低速记录,0.0,0.0,连续低于10 km/h的记录超过180条
2017-12-23 18:21:54,删除长低速记录,0.0,0.0,连续低于10 km/h的记录超过180条
2017-12-23 18:21:55,删除长低速记录,0.0,0.0,连续低于10 km/h的记录超过180条
2017-12-23 18:21:56,删除长低速记录,0.0,0.0,连续低于10 km/h的记录超过180条
2017-12-23 18:21:57,删除长低速记录,0.0,0.0,连续低于10 km/h的记录超过180条
2017-12-23 18:21:58,删除长低速记录,0.0,0.0,连续低于10 km/h的记录超过180条
2017-12-23 18:21:59,删除长低速记录,0.0,0.0,连续低于10 km/h的记录超过180条
2017-12-23 18:22:00,删除长低速记录,0.0,0.0,连续低于10 km/h的记录超过180条
2017-12-23 18:22:01,删除长低速记录,0.0,0.0,连续低于10 km/h的记录超过180条
2017-12-23 18:22:02,删除长低速记录,0.0,0.0,连续低于10 km/h的记录超过180条
2017-12-23 18:22:03,删除长低速记录,0.0,0.0,连续低于10 km/h的记录超过180条
2017-12-23 18:22:04,删除长低速记录,0.0,0.0,连续低于10 km/h的记录超过180条
2017-12-23 18:22:05,删除长低速记录,0.0,0.0,连续低于10 km/h的记录超过180条
2017-12-23 18:22:06,删除长低速记录,0.0,0.0,连续低于10 km/h的记录超过180条
2017-12-23 18:22:07,删除长低速记录,0.0,0.0,连续低于10 km/h的记录超过180条
2017-12-23 18:22:08,删除长低速记录,0.0,0.0,连续低于10 km/h的记录超过180条
2017-12-23 18:22:09,删除长低速记录,0.0,0.0,连续低于10 km/h的记录超过180条
2017-12-23 18:22:10,删除长低速记录,0.0,0.0,连续低于10 km/h的记录超过180条
2017-12-23 18:22:11,删除长低速记录,0.0,0.0,连续低于10 km/h的记录超过180条
2017-12-23 18:22:12,删除长低速记录,0.0,0.0,连续低于10 km/h的记录超过180条
2017-12-23 18:22:13,删除长低速记录,0.0,0.0,连续低于10 km/h的记录超过180条
2017-12-23 18:22:14,删除长低速记录,0.0,0.0,连续低于10 km/h的记录超过180条
2017-12-23 18:22:15,删除长低速记录,0.0,0.0,连续低于10 km/h的记录超过180条
2017-12-23 18:22:16,删除长低速记录,0.0,0.0,连续低于10 km/h的记录超过180条
2017-12-23 18:22:17,删除长低速记录,0.0,0.0,连续低于10 km/h的记录超过180条
2017-12-23 18:22:18,删除长低速记录,0.0,0.0,连续低于10 km/h的记录超过180条
2017-12-23 18:22:19,删除长低速记录,0.0,0.0,连续低于10 km/h的记录超过180条
2017-12-23 18:22:20,删除长低速记录,0.0,0.0,连续低于10 km/h的记录超过180条
2017-12-23 18:22:21,删除长低速记录,0.0,0.0,连续低于10 km/h的记录超过180条
2017-12-23 18:22:22,删除长低速记录,0.0,0.0,连续低于10 km/h的记录超过180条
2017-12-23 18:22:23,删除长低速记录,0.0,0.0,连续低于10 km/h的记录超过180条
2017-12-23 18:22:24,删除长低速记录,0.0,0.0,连续低于10 km/h的记录超过180条
2017-12-23 18:22:25,删除长低速记录,0.0,0.0,连续低于10 km/h的记录超过180条
2017-12-23 18:22:26,删除长低速记录,0.0,0.0,连续低于10 km/h的记录超过180条
2017-12-23 18:22:27,删除长低速记录,0.0,0.0,连续低于10 km/h的记录超过180条
2017-12-23 18:22:28,删除长低速记录,0.0,0.0,连续低于10 km/h的记录超过180条
2017-12-23 18:22:29,删除长低速记录,0.0,0.0,连续低于10 km/h的记录超过180条
2017-12-23 18:22:30,删除长低速记录,0.0,0.0,连续低于10 km/h的记录超过180条
2017-12-23 18:22:31,删除长低速记录,0.0,0.0,连续低于10 km/h的记录超过180条
2017-12-23 18:22:32,删除长低速记录,0.0,0.0,连续低于10 km/h的记录超过180条
2017-12-23 18:22:33,删除长低速记录,0.0,0.0,连续低于10 km/h的记录超过180条
2017-12-23 18:22:34,删除长低速记录,0.0,0.0,连续低于10 km/h的记录超过180条
2017-12-23 18:22:35,删除长低速记录,0.0,0.0,连续低于10 km/h的记录超过180条
2017-12-23 18:22:36,删除长低速记录,0.0,0.0,连续低于10 km/h的记录超过180条
2017-12-23 18:22:37,删除长低速记录,0.0,0.0,连续低于10 km/h的记录超过180条
2017-12-23 18:22:38,删除长低速记录,0.0,0.0,连续低于10 km/h的记录超过180条
2017-12-23 18:22:39,删除长低速记录,0.0,0.0,连续低于10 km/h的记录超过180条
2017-12-23 18:22:40,删除长低速记录,0.0,0.0,连续低于10 km/h的记录超过180条
2017-12-23 18:22:41,删除长低速记录,0.0,0.0,连续低于10 km/h的记录超过180条
2017-12-23 18:22:42,删除长低速记录,0.0,0.0,连续低于10 km/h的记录超过180条
2017-12-23 18:22:43,删除长低速记录,0.0,0.0,连续低于10 km/h的记录超过180条
2017-12-23 18:22:44,删除长低速记录,0.0,0.0,连续低于10 km/h的记录超过180条
2017-12-23 18:22:45,删除长低速记录,0.0,0.0,连续低于10 km/h的记录超过180条
2017-12-23 18:22:46,删除长低速记录,0.0,0.0,连续低于10 km/h的记录超过180条
2017-12-23 18:22:47,删除长低速记录,0.0,0.0,连续低于10 km/h的记录超过180条
2017-12-23 18:22:48,删除长低速记录,0.0,0.0,连续低于10 km/h的记录超过180条
2017-12-23 18:22:49,删除长低速记录,0.0,0.0,连续低于10 km/h的记录超过180条
2017-12-23 18:22:50,删除长低速记录,0.0,0.0,连续低于10 km/h的记录超过180条
2017-12-23 18:22:51,删除长低速记录,0.0,0.0,连续低于10 km/h的记录超过180条
2017-12-23 18:22:52,删除长低速记录,0.0,0.0,连续低于10 km/h的记录超过180条
2017-12-23 18:22:53,删除长低速记录,0.0,0.0,连续低于10 km/h的记录超过180条
2017-12-23 18:22:54,删除长低速记录,0.0,0.0,连续低于10 km/h的记录超过180条
2017-12-23 18:22:55,删除长低速记录,0.0,0.0,连续低于10 km/h的记录超过180条
2017-12-23 18:22:56,删除长低速记录,0.0,0.0,连续低于10 km/h的记录超过180条
2017-12-23 18:22:57,删除长低速记录,0.0,0.0,连续低于10 km/h的记录超过180条
2017-12-23 18:22:58,删除长低速记录,0.0,0.0,连续低于10 km/h的记录超过180条
2017-12-23 18:22:59,删除长低速记录,0.0,0.0,连续低于10 km/h的记录超过180条
2017-12-23 18:23:00,删除长低速记录,0.0,0.0,连续低于10 km/h的记录超过180条
2017-12-23 18:23:01,删除长低速记录,0.0,0.0,连续低于10 km/h的记录超过180条
2017-12-23 18:23:02,删除长低速记录,0.0,0.0,连续低于10 km/h的记录超过180条
2017-12-23 18:23:03,删除长低速记录,0.0,0.0,连续低于10 km/h的记录超过180条
2017-12-23 18:23:04,删除长低速记录,0.0,0.0,连续低于10 km/h的记录超过180条
2017-12-23 18:23:05,删除长低速记录,0.0,0.0,连续低于10 km/h的记录超过180条
2017-12-23 18:23:06,删除长低速记录,0.0,0.0,连续低于10 km/h的记录超过180条
2017-12-23 18:23:07,删除长低速记录,0.0,0.0,连续低于10 km/h的记录超过180条
2017-12-23 18:23:08,删除长低速记录,0.0,0.0,连续低于10 km/h的记录超过180条
2017-12-23 18:23:09,删除长低速记录,0.0,0.0,连续低于10 km/h的记录超过180条
2017-12-23 18:23:10,删除长低速记录,0.0,0.0,连续低于10 km/h的记录超过180条
2017-12-23 18:23:11,删除长低速记录,0.0,0.0,连续低于10 km/h的记录超过180条
2017-12-23 18:23:12,删除长低速记录,0.0,0.0,连续低于10 km/h的记录超过180条
2017-12-23 18:23:13,删除长低速记录,0.0,0.0,连续低于10 km/h的记录超过180条
2017-12-23 18:23:14,删除长低速记录,0.0,0.0,连续低于10 km/h的记录超过180条
2017-12-23 18:23:15,删除长低速记录,0.0,0.0,连续低于10 km/h的记录超过180条
2017-12-23 18:23:16,删除长低速记录,0.0,0.0,连续低于10 km/h的记录超过180条
2017-12-23 18:23:17,删除长低速记录,0.0,0.0,连续低于10 km/h的记录超过180条
2017-12-23 18:23:18,删除长低速记录,0.0,0.0,连续低于10 km/h的记录超过180条
2017-12-23 18:23:19,删除长低速记录,0.0,0.0,连续低于10 km/h的记录超过180条
2017-12-23 18:23:20,删除长低速记录,0.0,0.0,连续低于10 km/h的记录超过180条
2017-12-23 18:23:21,删除长低速记录,0.0,0.0,连续低于10 km/h的记录超过180条
2017-12-23 18:23:22,删除长低速记录,0.0,0.0,连续低于10 km/h的记录超过180条
2017-12-23 18:23:23,删除长低速记录,0.0,0.0,连续低于10 km/h的记录超过180条
2017-12-23 18:23:24,删除长低速记录,0.0,0.0,连续低于10 km/h的记录超过180条
2017-12-23 18:23:25,删除长低速记录,0.0,0.0,连续低于10 km/h的记录超过180条
2017-12-23 18:23:26,删除长低速记录,0.0,0.0,连续低于10 km/h的记录超过180条
2017-12-23 18:23:27,删除长低速记录,0.0,0.0,连续低于10 km/h的记录超过180条
2017-12-23 18:23:28,删除长低速记录,0.0,0.0,连续低于10 km/h的记录超过180条
2017-12-23 18:23:29,删除长低速记录,0.0,0.0,连续低于10 km/h的记录超过180条
2017-12-23 18:23:30,删除长低速记录,0.0,0.0,连续低于10 km/h的记录超过180条
2017-12-23 18:23:31,删除长低速记录,0.0,0.0,连续低于10 km/h的记录超过180条
2017-12-23 18:23:32,删除长低速记录,0.0,0.0,连续低于10 km/h的记录超过180条
2017-12-23 18:23:33,删除长低速记录,0.0,0.0,连续低于10 km/h的记录超过180条
2017-12-23 18:23:34,删除长低速记录,0.0,0.0,连续低于10 km/h的记录超过180条
2017-12-23 18:23:35,删除长低速记录,0.0,0.0,连续低于10 km/h的记录超过180条
2017-12-23 18:23:36,删除长低速记录,0.0,0.0,连续低于10 km/h的记录超过180条
2017-12-23 18:23:37,删除长低速记录,0.0,0.0,连续低于10 km/h的记录超过180条
2017-12-23 18:23:38,删除长低速记录,0.0,0.0,连续低于10 km/h的记录超过180条
2017-12-23 18:23:39,删除长低速记录,0.0,0.0,连续低于10 km/h的记录超过180条
2017-12-23 18:23:40,删除长低速记录,0.0,0.0,连续低于10 km/h的记录超过180条
2017-12-23 18:23:41,删除长低速记录,0.0,0.0,连续低于10 km/h的记录超过180条
2017-12-23 18:23:42,删除长低速记录,0.0,0.0,连续低于10 km/h的记录超过180条
2017-12-23 18:23:43,删除长低速记录,0.0,0.0,连续低于10 km/h的记录超过180条
2017-12-23 18:23:44,删除长低速记录,0.0,0.0,连续低于10 km/h的记录超过180条
2017-12-23 18:23:45,删除长低速记录,0.0,0.0,连续低于10 km/h的记录超过180条
2017-12-23 18:23:46,删除长低速记录,0.0,0.0,连续低于10 km/h的记录超过180条
2017-12-23 18:23:47,删除长低速记录,0.0,0.0,连续低于10 km/h的记录超过180条
2017-12-23 18:23:48,删除长低速记录,0.0,0.0,连续低于10 km/h的记录超过180条
2017-12-23 18:23:49,删除长低速记录,0.0,0.0,连续低于10 km/h的记录超过180条
2017-12-23 18:23:50,删除长低速记录,0.0,0.0,连续低于10 km/h的记录超过180条
2017-12-23 18:23:51,删除长低速记录,0.0,0.0,连续低于10 km/h的记录超过180条
2017-12-23 18:23:52,删除长低速记录,0.0,0.0,连续低于10 km/h的记录超过180条
2017-12-23 18:23:53,删除长低速记录,0.0,0.0,连续低于10 km/h的记录超过180条
2017-12-23 18:23:54,删除长低速记录,0.0,0.0,连续低于10 km/h的记录超过180条
2017-12-23 18:23:55,删除长低速记录,0.0,0.0,连续低于10 km/h的记录超过180条
2017-12-23 18:23:56,删除长低速记录,0.0,0.0,连续低于10 km/h的记录超过180条
2017-12-23 18:23:57,删除长低速记录,0.0,0.0,连续低于10 km/h的记录超过180条
2017-12-23 18:23:58,删除长低速记录,0.0,0.0,连续低于10 km/h的记录超过180条
2017-12-23 18:23:59,删除长低速记录,0.0,0.0,连续低于10 km/h的记录超过180条
2017-12-23 18:24:00,删除长低速记录,0.0,0.0,连续低于10 km/h的记录超过180条
2017-12-23 18:24:01,删除长低速记录,0.0,0.0,连续低于10 km/h的记录超过180条
2017-12-23 18:24:02,删除长低速记录,0.0,0.0,连续低于10 km/h的记录超过180条
2017-12-23 18:24:03,删除长低速记录,0.0,0.0,连续低于10 km/h的记录超过180条
2017-12-23 18:24:04,删除长低速记录,0.0,0.0,连续低于10 km/h的记录超过180条
2017-12-23 18:24:05,删除长低速记录,0.0,0.0,连续低于10 km/h的记录超过180条
2017-12-23 18:24:06,删除长低速记录,0.0,0.0,连续低于10 km/h的记录超过180条
2017-12-23 18:24:07,删除长低速记录,0.0,0.0,连续低于10 km/h的记录超过180条
2017-12-23 18:24:08,删除长低速记录,0.0,0.0,连续低于10 km/h的记录超过180条
2017-12-23 18:24:09,删除长低速记录,0.0,0.0,连续低于10 km/h的记录超过180条
2017-12-23 18:24:10,删除长低速记录,0.0,0.0,连续低于10 km/h的记录超过180条
2017-12-23 18:24:11,删除长低速记录,0.0,0.0,连续低于10 km/h的记录超过180条
2017-12-23 18:24:12,删除长低速记录,0.0,0.0,连续低于10 km/h的记录超过180条
2017-12-23 18:24:13,删除长低速记录,0.0,0.0,连续低于10 km/h的记录超过180条
2017-12-23 18:24:14,删除长低速记录,0.0,0.0,连续低于10 km/h的记录超过180条
2017-12-23 18:24:15,删除长低速记录,0.0,0.0,连续低于10 km/h的记录超过180条
2017-12-23 18:24:16,删除长低速记录,0.0,0.0,连续低于10 km/h的记录超过180条
2017-12-23 18:24:17,删除长低速记录,0.0,0.0,连续低于10 km/h的记录超过180条
2017-12-23 18:24:18,删除长低速记录,0.0,0.0,连续低于10 km/h的记录超过180条
2017-12-23 18:24:19,删除长低速记录,0.0,0.0,连续低于10 km/h的记录超过180条
2017-12-23 18:24:20,删除长低速记录,0.0,0.0,连续低于10 km/h的记录超过180条
2017-12-23 18:24:21,删除长低速记录,0.0,0.0,连续低于10 km/h的记录超过180条
2017-12-23 18:24:22,删除长低速记录,0.0,0.0,连续低于10 km/h的记录超过180条
2017-12-23 18:24:23,删除长低速记录,0.0,0.0,连续低于10 km/h的记录超过180条
2017-12-23 18:24:24,删除长低速记录,0.0,0.0,连续低于10 km/h的记录超过180条
2017-12-23 18:24:25,删除长低速记录,0.0,0.0,连续低于10 km/h的记录超过180条
2017-12-23 18:24:26,删除长低速记录,0.0,0.0,连续低于10 km/h的记录超过180条
2017-12-23 18:24:27,删除长低速记录,0.0,0.0,连续低于10 km/h的记录超过180条
2017-12-23 18:24:28,删除长低速记录,0.0,0.0,连续低于10 km/h的记录超过180条
2017-12-23 18:24:29,删除长低速记录,0.0,0.0,连续低于10 km/h的记录超过180条
2017-12-23 18:24:30,删除长低速记录,0.0,0.0,连续低于10 km/h的记录超过180条
2017-12-23 18:24:31,删除长低速记录,0.0,0.0,连续低于10 km/h的记录超过180条
2017-12-23 18:24:32,删除长低速记录,0.0,0.0,连续低于10 km/h的记录超过180条
2017-12-23 18:24:33,删除长低速记录,0.0,0.0,连续低于10 km/h的记录超过180条
2017-12-23 18:24:34,删除长低速记录,0.0,0.0,连续低于10 km/h的记录超过180条
2017-12-23 18:24:35,删除长低速记录,0.0,0.0,连续低于10 km/h的记录超过180条
2017-12-23 18:24:36,删除长低速记录,0.0,0.0,连续低于10 km/h的记录超过180条
2017-12-23 18:24:37,删除长低速记录,0.0,0.0,连续低于10 km/h的记录超过180条
2017-12-23 18:24:38,删除长低速记录,0.0,0.0,连续低于10 km/h的记录超过180条
2017-12-23 18:24:39,删除长低速记录,0.0,0.0,连续低于10 km/h的记录超过180条
2017-12-23 18:24:40,删除长低速记录,0.0,0.0,连续低于10 km/h的记录超过180条
2017-12-23 18:24:41,删除长低速记录,0.0,0.0,连续低于10 km/h的记录超过180条
2017-12-23 18:24:42,删除长低速记录,0.0,0.0,连续低于10 km/h的记录超过180条
2017-12-23 18:24:43,删除长低速记录,0.0,0.0,连续低于10 km/h的记录超过180条
2017-12-23 18:24:44,删除长低速记录,0.0,0.0,连续低于10 km/h的记录超过180条
2017-12-23 18:24:45,删除长低速记录,0.0,0.0,连续低于10 km/h的记录超过180条
2017-12-23 18:24:46,删除长低速记录,0.0,0.0,连续低于10 km/h的记录超过180条
2017-12-23 18:24:47,删除长低速记录,0.0,0.0,连续低于10 km/h的记录超过180条
2017-12-23 18:24:48,删除长低速记录,0.0,0.0,连续低于10 km/h的记录超过180条
2017-12-23 18:24:49,删除长低速记录,0.0,0.0,连续低于10 km/h的记录超过180条
2017-12-23 18:24:50,删除长低速记录,0.0,0.0,连续低于10 km/h的记录超过180条
2017-12-23 18:24:51,删除长低速记录,0.0,0.0,连续低于10 km/h的记录超过180条
2017-12-23 18:24:52,删除长低速记录,0.0,0.0,连续低于10 km/h的记录超过180条
2017-12-23 18:24:53,删除长低速记录,0.0,0.0,连续低于10 km/h的记录超过180条
2017-12-23 18:24:54,删除长低速记录,0.0,0.0,连续低于10 km/h的记录超过180条
2017-12-23 18:24:55,删除长低速记录,0.0,0.0,连续低于10 km/h的记录超过180条
2017-12-23 18:24:56,删除长低速记录,0.0,0.0,连续低于10 km/h的记录超过180条
2017-12-23 18:24:57,删除长低速记录,0.0,0.0,连续低于10 km/h的记录超过180条
2017-12-23 18:24:58,删除长低速记录,0.0,0.0,连续低于10 km/h的记录超过180条
2017-12-23 18:24:59,删除长低速记录,0.0,0.0,连续低于10 km/h的记录超过180条
2017-12-23 18:25:00,删除长低速记录,0.0,0.0,连续低于10 km/h的记录超过180条
2017-12-23 18:25:01,删除长低速记录,0.0,0.0,连续低于10 km/h的记录超过180条
2017-12-23 18:25:02,删除长低速记录,0.0,0.0,连续低于10 km/h的记录超过180条
2017-12-23 18:25:03,删除长低速记录,0.0,0.0,连续低于10 km/h的记录超过180条
2017-12-23 18:25:04,删除长低速记录,0.0,0.0,连续低于10 km/h的记录超过180条
2017-12-23 18:25:05,删除长低速记录,0.0,0.0,连续低于10 km/h的记录超过180条
2017-12-23 18:25:06,删除长低速记录,0.0,0.0,连续低于10 km/h的记录超过180条
2017-12-23 18:25:07,删除长低速记录,0.0,0.0,连续低于10 km/h的记录超过180条
2017-12-23 18:25:08,删除长低速记录,0.0,0.0,连续低于10 km/h的记录超过180条
2017-12-23 18:25:09,删除长低速记录,0.0,0.0,连续低于10 km/h的记录超过180条
2017-12-23 18:25:10,删除长低速记录,0.0,0.0,连续低于10 km/h的记录超过180条
2017-12-23 18:25:11,删除长低速记录,0.0,0.0,连续低于10 km/h的记录超过180条
2017-12-23 18:25:12,删除长低速记录,0.0,0.0,连续低于10 km/h的记录超过180条
2017-12-23 18:25:13,删除长低速记录,0.0,0.0,连续低于10 km/h的记录超过180条
2017-12-23 18:25:14,删除长低速记录,0.0,0.0,连续低于10 km/h的记录超过180条
2017-12-23 18:25:15,删除长低速记录,0.0,0.0,连续低于10 km/h的记录超过180条
2017-12-23 18:25:16,删除长低速记录,0.0,0.0,连续低于10 km/h的记录超过180条
2017-12-23 18:25:17,删除长低速记录,0.0,0.0,连续低于10 km/h的记录超过180条
2017-12-23 18:25:18,删除长低速记录,0.0,0.0,连续低于10 km/h的记录超过180条
2017-12-23 18:25:19,删除长低速记录,0.0,0.0,连续低于10 km/h的记录超过180条
2017-12-23 18:25:20,删除长低速记录,0.0,0.0,连续低于10 km/h的记录超过180条
2017-12-23 18:25:21,删除长低速记录,0.0,0.0,连续低于10 km/h的记录超过180条
2017-12-23 18:25:22,删除长低速记录,0.0,0.0,连续低于10 km/h的记录超过180条
2017-12-23 18:25:23,删除长低速记录,0.0,0.0,连续低于10 km/h的记录超过180条
2017-12-23 18:25:24,删除长低速记录,0.0,0.0,连续低于10 km/h的记录超过180条
2017-12-23 18:25:25,删除长低速记录,0.0,0.0,连续低于10 km/h的记录超过180条
2017-12-23 18:25:26,删除长低速记录,0.0,0.0,连续低于10 km/h的记录超过180条
2017-12-23 18:25:27,删除长低速记录,0.0,0.0,连续低于10 km/h的记录超过180条
2017-12-23 18:25:28,删除长低速记录,0.0,0.0,连续低于10 km/h的记录超过180条
2017-12-23 18:25:29,删除长低速记录,0.0,0.0,连续低于10 km/h的记录超过180条
2017-12-23 18:25:30,删除长低速记录,0.0,0.0,连续低于10 km/h的记录超过180条
2017-12-23 18:25:31,删除长低速记录,0.0,0.0,连续低于10 km/h的记录超过180条
2017-12-23 18:25:32,删除长低速记录,0.0,0.0,连续低于10 km/h的记录超过180条
2017-12-23 18:25:33,删除长低速记录,0.0,0.0,连续低于10 km/h的记录超过180条
2017-12-23 18:25:34,删除长低速记录,0.0,0.0,连续低于10 km/h的记录超过180条
2017-12-23 18:25:35,删除长低速记录,0.0,0.0,连续低于10 km/h的记录超过180条
2017-12-23 18:25:36,删除长低速记录,0.0,0.0,连续低于10 km/h的记录超过180条
2017-12-23 18:25:37,删除长低速记录,0.0,0.0,连续低于10 km/h的记录超过180条
2017-12-23 18:25:38,删除长低速记录,9.0,9.0,连续低于10 km/h的记录超过180条
2017-12-23 22:19:04,新增插值记录,,83.7,相邻速度 83.7 与 83.7 km/h 的线性中点
2017-12-23 22:19:13,新增插值记录,,83.7,相邻速度 83.7 与 83.7 km/h 的线性中点
2017-12-23 22:19:20,新增插值记录,,83.7,相邻速度 83.7 与 83.7 km/h 的线性中点
2017-12-23 22:19:32,新增插值记录,,83.7,相邻速度 83.7 与 83.7 km/h 的线性中点
2017-12-23 22:23:00,新增插值记录,,80.8,相邻速度 80.8 与 80.8 km/h 的线性中点
2017-12-23 23:06:01,新增插值记录,,11.149999999999999,相邻速度 13.7 与 8.6 km/h 的线性中点
2017-12-24 08:24:42,车速限幅,15.1,14.256,"连续1秒允许范围 [0.000000, 14.256000] km/h"
2017-12-24 08:38:09,车速限幅,14.5,14.256,"连续1秒允许范围 [0.000000, 14.256000] km/h"
2017-12-24 09:00:33,新增插值记录,,53.099999999999994,相邻速度 52.8 与 53.4 km/h 的线性中点
2017-12-24 09:00:41,新增插值记录,,56.5,相邻速度 56.2 与 56.8 km/h 的线性中点
2017-12-24 09:00:49,新增插值记录,,59.05,相邻速度 59.7 与 58.4 km/h 的线性中点
2017-12-24 09:00:51,新增插值记录,,58.55,相邻速度 58.4 与 58.7 km/h 的线性中点
2017-12-24 09:00:56,新增插值记录,,58.75,相邻速度 59 与 58.5 km/h 的线性中点
2017-12-24 09:02:06,车速限幅,81.4,80.756,"连续1秒允许范围 [37.700000, 80.756000] km/h"
