时间,处理类型,原GPS车速,处理后GPS车速,说明
2017-12-01 20:08:41,新增插值记录,,0.0,相邻速度 0 与 0 km/h 的线性中点
2017-12-01 20:39:23,新增插值记录,,0.0,相邻速度 0 与 0 km/h 的线性中点
2017-12-01 20:39:56,新增插值记录,,1.9,相邻速度 1.9 与 1.9 km/h 的线性中点
2017-12-01 20:40:11,新增插值记录,,1.9,相邻速度 1.9 与 1.9 km/h 的线性中点
2017-12-01 20:46:45,新增插值记录,,12.7,相邻速度 18.5 与 6.9 km/h 的线性中点
2017-12-01 20:47:18,新增插值记录,,17.8,相邻速度 17.8 与 17.8 km/h 的线性中点
2017-12-01 20:48:24,新增插值记录,,0.0,相邻速度 0 与 0 km/h 的线性中点
2017-12-01 20:48:40,新增插值记录,,0.0,相邻速度 0 与 0 km/h 的线性中点
2017-12-01 20:48:55,新增插值记录,,0.0,相邻速度 0 与 0 km/h 的线性中点
2017-12-01 20:48:57,新增插值记录,,0.0,相邻速度 0 与 0 km/h 的线性中点
2017-12-01 20:49:12,新增插值记录,,0.0,相邻速度 0 与 0 km/h 的线性中点
2017-12-01 20:49:16,新增插值记录,,0.0,相邻速度 0 与 0 km/h 的线性中点
2017-12-01 20:49:28,新增插值记录,,0.0,相邻速度 0 与 0 km/h 的线性中点
2017-12-01 20:49:30,新增插值记录,,0.0,相邻速度 0 与 0 km/h 的线性中点
2017-12-01 20:49:44,新增插值记录,,0.0,相邻速度 0 与 0 km/h 的线性中点
2017-12-01 20:49:49,新增插值记录,,0.0,相邻速度 0 与 0 km/h 的线性中点
2017-12-01 20:54:13,新增插值记录,,0.0,相邻速度 0 与 0 km/h 的线性中点
2017-12-01 20:58:00,新增插值记录,,0.0,相邻速度 0 与 0 km/h 的线性中点
2017-12-01 22:11:08,新增插值记录,,4.0,相邻速度 0 与 8 km/h 的线性中点
2017-12-01 23:23:36,车速限幅,88.9,75.656,"连续1秒允许范围 [32.600000, 75.656000] km/h"
2017-12-01 23:32:14,新增插值记录,,30.3,相邻速度 30.5 与 30.1 km/h 的线性中点
2017-12-01 23:33:54,车速限幅,86.4,33.656,"连续1秒允许范围 [0.000000, 33.656000] km/h"
2017-12-01 23:33:55,车速限幅,76.4,47.912,"连续1秒允许范围 [4.856000, 47.912000] km/h"
2017-12-01 23:33:57,车速限幅,55.2,33.656,"连续1秒允许范围 [0.000000, 33.656000] km/h"
2017-12-01 23:33:59,车速限幅,49.2,33.656,"连续1秒允许范围 [0.000000, 33.656000] km/h"
2017-12-01 23:34:02,车速限幅,45.2,33.656,"连续1秒允许范围 [0.000000, 33.656000] km/h"
2017-12-01 23:34:18,新增插值记录,,14.0,相邻速度 19.4 与 8.6 km/h 的线性中点
2017-12-01 23:34:43,新增插值记录,,12.05,相邻速度 10.3 与 13.8 km/h 的线性中点
2017-12-01 23:36:30,新增插值记录,,0.0,相邻速度 0 与 0 km/h 的线性中点
2017-12-01 23:36:44,新增插值记录,,0.0,相邻速度 0 与 0 km/h 的线性中点
2017-12-01 23:37:03,新增插值记录,,0.0,相邻速度 0 与 0 km/h 的线性中点
2017-12-01 23:37:17,新增插值记录,,0.0,相邻速度 0 与 0 km/h 的线性中点
2017-12-01 23:37:35,新增插值记录,,0.0,相邻速度 0 与 0 km/h 的线性中点
2017-12-01 23:37:50,新增插值记录,,0.0,相邻速度 0 与 0 km/h 的线性中点
2017-12-01 23:38:08,新增插值记录,,0.0,相邻速度 0 与 0 km/h 的线性中点
2017-12-01 23:38:23,新增插值记录,,0.0,相邻速度 0 与 0 km/h 的线性中点
2017-12-01 23:38:41,新增插值记录,,0.0,相邻速度 0 与 0 km/h 的线性中点
2017-12-01 23:38:56,新增插值记录,,0.0,相邻速度 0 与 0 km/h 的线性中点
2017-12-01 23:39:29,新增插值记录,,0.0,相邻速度 0 与 0 km/h 的线性中点
2017-12-01 23:40:01,删除长低速记录,0.0,0.0,连续低于10 km/h的记录超过180条
2017-12-01 23:40:02,删除长低速记录,0.0,0.0,连续低于10 km/h的记录超过180条
2017-12-01 23:40:03,删除长低速记录,0.0,0.0,连续低于10 km/h的记录超过180条
2017-12-01 23:40:04,删除长低速记录,0.0,0.0,连续低于10 km/h的记录超过180条
2017-12-01 23:40:05,删除长低速记录,0.0,0.0,连续低于10 km/h的记录超过180条
2017-12-01 23:40:06,删除长低速记录,0.0,0.0,连续低于10 km/h的记录超过180条
2017-12-01 23:40:07,删除长低速记录,0.0,0.0,连续低于10 km/h的记录超过180条
2017-12-01 23:40:08,删除长低速记录,0.0,0.0,连续低于10 km/h的记录超过180条
2017-12-01 23:40:09,删除长低速记录,0.0,0.0,连续低于10 km/h的记录超过180条
2017-12-01 23:40:10,删除长低速记录,0.0,0.0,连续低于10 km/h的记录超过180条
2017-12-01 23:40:11,删除长低速记录,0.0,0.0,连续低于10 km/h的记录超过180条
2017-12-01 23:40:12,删除长低速记录,0.0,0.0,连续低于10 km/h的记录超过180条
2017-12-01 23:40:13,删除长低速记录,0.0,0.0,连续低于10 km/h的记录超过180条
2017-12-01 23:40:14,删除长低速记录,0.0,0.0,连续低于10 km/h的记录超过180条
2017-12-01 23:40:15,删除长低速记录,0.0,0.0,连续低于10 km/h的记录超过180条
2017-12-01 23:40:16,删除长低速记录,0.0,0.0,连续低于10 km/h的记录超过180条
2017-12-01 23:40:17,删除长低速记录,0.0,0.0,连续低于10 km/h的记录超过180条
2017-12-01 23:40:18,删除长低速记录,0.0,0.0,连续低于10 km/h的记录超过180条
2017-12-01 23:40:19,删除长低速记录,0.0,0.0,连续低于10 km/h的记录超过180条
2017-12-01 23:40:20,删除长低速记录,0.0,0.0,连续低于10 km/h的记录超过180条
2017-12-01 23:40:21,删除长低速记录,0.0,0.0,连续低于10 km/h的记录超过180条
2017-12-01 23:40:22,删除长低速记录,0.0,0.0,连续低于10 km/h的记录超过180条
2017-12-01 23:40:23,删除长低速记录,0.0,0.0,连续低于10 km/h的记录超过180条
2017-12-01 23:40:24,删除长低速记录,0.0,0.0,连续低于10 km/h的记录超过180条
2017-12-01 23:40:25,删除长低速记录,0.0,0.0,连续低于10 km/h的记录超过180条
2017-12-01 23:40:26,删除长低速记录,0.0,0.0,连续低于10 km/h的记录超过180条
2017-12-01 23:40:27,删除长低速记录,0.0,0.0,连续低于10 km/h的记录超过180条
2017-12-01 23:40:28,删除长低速记录,0.0,0.0,连续低于10 km/h的记录超过180条
2017-12-01 23:40:29,删除长低速记录,0.0,0.0,连续低于10 km/h的记录超过180条
2017-12-01 23:40:30,删除长低速记录,0.0,0.0,连续低于10 km/h的记录超过180条
2017-12-01 23:40:31,删除长低速记录,0.0,0.0,连续低于10 km/h的记录超过180条
2017-12-01 23:40:32,删除长低速记录,,0.0,连续低于10 km/h的记录超过180条
2017-12-01 23:40:32,新增插值记录,,0.0,相邻速度 0 与 0 km/h 的线性中点
2017-12-01 23:40:33,删除长低速记录,0.0,0.0,连续低于10 km/h的记录超过180条
2017-12-01 23:40:34,删除长低速记录,0.0,0.0,连续低于10 km/h的记录超过180条
2017-12-01 23:40:35,删除长低速记录,0.0,0.0,连续低于10 km/h的记录超过180条
2017-12-01 23:40:44,新增插值记录,,0.85,相邻速度 0 与 1.7 km/h 的线性中点
2017-12-01 23:41:18,新增插值记录,,0.0,相邻速度 0 与 0 km/h 的线性中点
2017-12-01 23:45:29,删除长低速记录,0.0,0.0,连续低于10 km/h的记录超过180条
2017-12-01 23:45:30,删除长低速记录,0.0,0.0,连续低于10 km/h的记录超过180条
2017-12-01 23:45:31,删除长低速记录,0.0,0.0,连续低于10 km/h的记录超过180条
2017-12-01 23:45:32,删除长低速记录,0.0,0.0,连续低于10 km/h的记录超过180条
2017-12-01 23:45:33,删除长低速记录,0.0,0.0,连续低于10 km/h的记录超过180条
2017-12-01 23:45:34,删除长低速记录,0.0,0.0,连续低于10 km/h的记录超过180条
2017-12-01 23:45:35,删除长低速记录,0.0,0.0,连续低于10 km/h的记录超过180条
2017-12-01 23:45:36,删除长低速记录,0.0,0.0,连续低于10 km/h的记录超过180条
2017-12-01 23:45:37,删除长低速记录,0.0,0.0,连续低于10 km/h的记录超过180条
2017-12-01 23:45:38,删除长低速记录,0.0,0.0,连续低于10 km/h的记录超过180条
2017-12-01 23:45:39,删除长低速记录,0.0,0.0,连续低于10 km/h的记录超过180条
2017-12-01 23:45:40,删除长低速记录,0.0,0.0,连续低于10 km/h的记录超过180条
2017-12-01 23:45:41,删除长低速记录,0.0,0.0,连续低于10 km/h的记录超过180条
2017-12-01 23:45:42,删除长低速记录,0.0,0.0,连续低于10 km/h的记录超过180条
2017-12-01 23:45:43,删除长低速记录,0.0,0.0,连续低于10 km/h的记录超过180条
2017-12-01 23:45:44,删除长低速记录,0.0,0.0,连续低于10 km/h的记录超过180条
2017-12-01 23:45:45,删除长低速记录,0.0,0.0,连续低于10 km/h的记录超过180条
2017-12-01 23:45:46,删除长低速记录,0.0,0.0,连续低于10 km/h的记录超过180条
2017-12-01 23:45:47,删除长低速记录,0.0,0.0,连续低于10 km/h的记录超过180条
2017-12-01 23:45:48,删除长低速记录,0.0,0.0,连续低于10 km/h的记录超过180条
2017-12-01 23:45:49,删除长低速记录,0.0,0.0,连续低于10 km/h的记录超过180条
2017-12-01 23:45:50,删除长低速记录,0.0,0.0,连续低于10 km/h的记录超过180条
2017-12-01 23:45:51,删除长低速记录,0.0,0.0,连续低于10 km/h的记录超过180条
2017-12-01 23:45:52,删除长低速记录,0.0,0.0,连续低于10 km/h的记录超过180条
2017-12-01 23:45:53,删除长低速记录,0.0,0.0,连续低于10 km/h的记录超过180条
2017-12-01 23:45:54,删除长低速记录,0.0,0.0,连续低于10 km/h的记录超过180条
2017-12-01 23:45:55,删除长低速记录,0.0,0.0,连续低于10 km/h的记录超过180条
2017-12-01 23:45:56,删除长低速记录,0.0,0.0,连续低于10 km/h的记录超过180条
2017-12-01 23:45:57,删除长低速记录,0.0,0.0,连续低于10 km/h的记录超过180条
2017-12-01 23:45:58,删除长低速记录,0.0,0.0,连续低于10 km/h的记录超过180条
2017-12-01 23:45:59,删除长低速记录,0.0,0.0,连续低于10 km/h的记录超过180条
2017-12-01 23:46:00,删除长低速记录,0.0,0.0,连续低于10 km/h的记录超过180条
2017-12-01 23:46:01,删除长低速记录,0.0,0.0,连续低于10 km/h的记录超过180条
2017-12-01 23:46:02,删除长低速记录,0.0,0.0,连续低于10 km/h的记录超过180条
2017-12-01 23:46:03,删除长低速记录,0.0,0.0,连续低于10 km/h的记录超过180条
2017-12-01 23:46:04,删除长低速记录,0.0,0.0,连续低于10 km/h的记录超过180条
2017-12-01 23:46:05,删除长低速记录,0.0,0.0,连续低于10 km/h的记录超过180条
2017-12-01 23:46:06,删除长低速记录,0.0,0.0,连续低于10 km/h的记录超过180条
2017-12-01 23:46:07,删除长低速记录,0.0,0.0,连续低于10 km/h的记录超过180条
2017-12-01 23:46:08,删除长低速记录,0.0,0.0,连续低于10 km/h的记录超过180条
2017-12-01 23:46:09,删除长低速记录,0.0,0.0,连续低于10 km/h的记录超过180条
2017-12-01 23:46:10,删除长低速记录,0.0,0.0,连续低于10 km/h的记录超过180条
2017-12-01 23:46:11,删除长低速记录,0.0,0.0,连续低于10 km/h的记录超过180条
2017-12-01 23:46:12,删除长低速记录,0.0,0.0,连续低于10 km/h的记录超过180条
2017-12-01 23:46:13,删除长低速记录,0.0,0.0,连续低于10 km/h的记录超过180条
2017-12-01 23:46:14,删除长低速记录,0.0,0.0,连续低于10 km/h的记录超过180条
2017-12-01 23:46:15,删除长低速记录,0.0,0.0,连续低于10 km/h的记录超过180条
2017-12-01 23:46:16,删除长低速记录,0.0,0.0,连续低于10 km/h的记录超过180条
2017-12-01 23:46:17,删除长低速记录,0.0,0.0,连续低于10 km/h的记录超过180条
2017-12-01 23:46:18,删除长低速记录,0.0,0.0,连续低于10 km/h的记录超过180条
2017-12-01 23:46:19,删除长低速记录,0.0,0.0,连续低于10 km/h的记录超过180条
2017-12-01 23:46:20,删除长低速记录,0.0,0.0,连续低于10 km/h的记录超过180条
2017-12-01 23:46:21,删除长低速记录,0.0,0.0,连续低于10 km/h的记录超过180条
2017-12-01 23:46:22,删除长低速记录,0.0,0.0,连续低于10 km/h的记录超过180条
2017-12-01 23:46:23,删除长低速记录,0.0,0.0,连续低于10 km/h的记录超过180条
2017-12-01 23:46:24,删除长低速记录,0.0,0.0,连续低于10 km/h的记录超过180条
2017-12-01 23:46:25,删除长低速记录,0.0,0.0,连续低于10 km/h的记录超过180条
2017-12-01 23:46:26,删除长低速记录,0.0,0.0,连续低于10 km/h的记录超过180条
2017-12-01 23:46:27,删除长低速记录,0.0,0.0,连续低于10 km/h的记录超过180条
2017-12-01 23:46:28,删除长低速记录,0.0,0.0,连续低于10 km/h的记录超过180条
2017-12-01 23:46:29,删除长低速记录,0.0,0.0,连续低于10 km/h的记录超过180条
2017-12-01 23:46:30,删除长低速记录,0.0,0.0,连续低于10 km/h的记录超过180条
2017-12-01 23:46:31,删除长低速记录,0.0,0.0,连续低于10 km/h的记录超过180条
2017-12-01 23:46:32,删除长低速记录,0.0,0.0,连续低于10 km/h的记录超过180条
2017-12-01 23:46:33,删除长低速记录,0.0,0.0,连续低于10 km/h的记录超过180条
2017-12-01 23:46:34,删除长低速记录,0.0,0.0,连续低于10 km/h的记录超过180条
2017-12-01 23:46:35,删除长低速记录,0.0,0.0,连续低于10 km/h的记录超过180条
2017-12-01 23:46:36,删除长低速记录,0.0,0.0,连续低于10 km/h的记录超过180条
2017-12-01 23:46:37,删除长低速记录,0.0,0.0,连续低于10 km/h的记录超过180条
2017-12-01 23:46:38,删除长低速记录,0.0,0.0,连续低于10 km/h的记录超过180条
2017-12-01 23:46:39,删除长低速记录,0.0,0.0,连续低于10 km/h的记录超过180条
2017-12-01 23:46:40,删除长低速记录,0.0,0.0,连续低于10 km/h的记录超过180条
2017-12-01 23:46:41,删除长低速记录,0.0,0.0,连续低于10 km/h的记录超过180条
2017-12-01 23:46:42,删除长低速记录,0.0,0.0,连续低于10 km/h的记录超过180条
2017-12-01 23:46:43,删除长低速记录,0.0,0.0,连续低于10 km/h的记录超过180条
2017-12-01 23:46:44,删除长低速记录,0.0,0.0,连续低于10 km/h的记录超过180条
2017-12-01 23:46:45,删除长低速记录,0.0,0.0,连续低于10 km/h的记录超过180条
2017-12-01 23:46:46,删除长低速记录,0.0,0.0,连续低于10 km/h的记录超过180条
2017-12-01 23:46:47,删除长低速记录,0.0,0.0,连续低于10 km/h的记录超过180条
2017-12-01 23:46:48,删除长低速记录,0.0,0.0,连续低于10 km/h的记录超过180条
2017-12-01 23:46:49,删除长低速记录,0.0,0.0,连续低于10 km/h的记录超过180条
2017-12-01 23:46:50,删除长低速记录,0.0,0.0,连续低于10 km/h的记录超过180条
2017-12-01 23:46:51,删除长低速记录,0.0,0.0,连续低于10 km/h的记录超过180条
2017-12-01 23:46:52,删除长低速记录,0.0,0.0,连续低于10 km/h的记录超过180条
2017-12-01 23:46:53,删除长低速记录,0.0,0.0,连续低于10 km/h的记录超过180条
2017-12-01 23:46:54,删除长低速记录,0.0,0.0,连续低于10 km/h的记录超过180条
2017-12-01 23:46:55,删除长低速记录,0.0,0.0,连续低于10 km/h的记录超过180条
2017-12-01 23:46:56,删除长低速记录,0.0,0.0,连续低于10 km/h的记录超过180条
2017-12-01 23:46:57,删除长低速记录,0.0,0.0,连续低于10 km/h的记录超过180条
2017-12-01 23:46:58,删除长低速记录,0.0,0.0,连续低于10 km/h的记录超过180条
2017-12-01 23:46:59,删除长低速记录,0.0,0.0,连续低于10 km/h的记录超过180条
2017-12-01 23:47:00,删除长低速记录,0.0,0.0,连续低于10 km/h的记录超过180条
2017-12-01 23:47:01,删除长低速记录,0.0,0.0,连续低于10 km/h的记录超过180条
2017-12-01 23:47:02,删除长低速记录,0.0,0.0,连续低于10 km/h的记录超过180条
2017-12-01 23:47:03,删除长低速记录,0.0,0.0,连续低于10 km/h的记录超过180条
2017-12-01 23:47:04,删除长低速记录,0.0,0.0,连续低于10 km/h的记录超过180条
2017-12-01 23:47:05,删除长低速记录,0.0,0.0,连续低于10 km/h的记录超过180条
2017-12-01 23:47:06,删除长低速记录,0.0,0.0,连续低于10 km/h的记录超过180条
2017-12-01 23:47:07,删除长低速记录,0.0,0.0,连续低于10 km/h的记录超过180条
2017-12-01 23:47:08,删除长低速记录,0.0,0.0,连续低于10 km/h的记录超过180条
2017-12-01 23:47:09,删除长低速记录,0.0,0.0,连续低于10 km/h的记录超过180条
2017-12-01 23:47:10,删除长低速记录,0.0,0.0,连续低于10 km/h的记录超过180条
2017-12-01 23:47:11,删除长低速记录,0.0,0.0,连续低于10 km/h的记录超过180条
2017-12-01 23:47:12,删除长低速记录,0.0,0.0,连续低于10 km/h的记录超过180条
2017-12-01 23:47:13,删除长低速记录,0.0,0.0,连续低于10 km/h的记录超过180条
2017-12-01 23:47:14,删除长低速记录,0.0,0.0,连续低于10 km/h的记录超过180条
2017-12-01 23:47:15,删除长低速记录,0.0,0.0,连续低于10 km/h的记录超过180条
2017-12-01 23:47:16,删除长低速记录,0.0,0.0,连续低于10 km/h的记录超过180条
2017-12-01 23:47:17,删除长低速记录,0.0,0.0,连续低于10 km/h的记录超过180条
2017-12-01 23:47:18,删除长低速记录,0.0,0.0,连续低于10 km/h的记录超过180条
2017-12-01 23:47:19,删除长低速记录,0.0,0.0,连续低于10 km/h的记录超过180条
2017-12-01 23:47:20,删除长低速记录,0.0,0.0,连续低于10 km/h的记录超过180条
2017-12-01 23:47:21,删除长低速记录,0.0,0.0,连续低于10 km/h的记录超过180条
2017-12-01 23:47:22,删除长低速记录,0.0,0.0,连续低于10 km/h的记录超过180条
2017-12-01 23:47:23,删除长低速记录,0.0,0.0,连续低于10 km/h的记录超过180条
2017-12-01 23:47:24,删除长低速记录,0.0,0.0,连续低于10 km/h的记录超过180条
2017-12-01 23:47:25,删除长低速记录,0.0,0.0,连续低于10 km/h的记录超过180条
2017-12-01 23:47:26,删除长低速记录,0.0,0.0,连续低于10 km/h的记录超过180条
2017-12-01 23:47:27,删除长低速记录,0.0,0.0,连续低于10 km/h的记录超过180条
2017-12-01 23:47:28,删除长低速记录,0.0,0.0,连续低于10 km/h的记录超过180条
2017-12-01 23:47:29,删除长低速记录,0.0,0.0,连续低于10 km/h的记录超过180条
2017-12-01 23:47:30,删除长低速记录,0.0,0.0,连续低于10 km/h的记录超过180条
2017-12-01 23:47:31,删除长低速记录,0.0,0.0,连续低于10 km/h的记录超过180条
2017-12-01 23:47:32,删除长低速记录,0.0,0.0,连续低于10 km/h的记录超过180条
2017-12-01 23:47:33,删除长低速记录,0.0,0.0,连续低于10 km/h的记录超过180条
2017-12-01 23:47:34,删除长低速记录,0.0,0.0,连续低于10 km/h的记录超过180条
2017-12-01 23:47:35,删除长低速记录,0.0,0.0,连续低于10 km/h的记录超过180条
2017-12-01 23:47:36,删除长低速记录,0.0,0.0,连续低于10 km/h的记录超过180条
2017-12-01 23:47:37,删除长低速记录,0.0,0.0,连续低于10 km/h的记录超过180条
2017-12-01 23:47:38,删除长低速记录,0.0,0.0,连续低于10 km/h的记录超过180条
2017-12-01 23:47:39,删除长低速记录,0.0,0.0,连续低于10 km/h的记录超过180条
2017-12-01 23:47:40,删除长低速记录,0.0,0.0,连续低于10 km/h的记录超过180条
2017-12-01 23:47:41,删除长低速记录,0.0,0.0,连续低于10 km/h的记录超过180条
2017-12-01 23:47:42,删除长低速记录,0.0,0.0,连续低于10 km/h的记录超过180条
2017-12-01 23:47:43,删除长低速记录,0.0,0.0,连续低于10 km/h的记录超过180条
2017-12-01 23:47:44,删除长低速记录,0.0,0.0,连续低于10 km/h的记录超过180条
2017-12-01 23:47:45,删除长低速记录,0.0,0.0,连续低于10 km/h的记录超过180条
2017-12-01 23:47:46,删除长低速记录,0.0,0.0,连续低于10 km/h的记录超过180条
2017-12-01 23:47:47,删除长低速记录,0.0,0.0,连续低于10 km/h的记录超过180条
2017-12-01 23:47:48,删除长低速记录,0.0,0.0,连续低于10 km/h的记录超过180条
2017-12-01 23:47:49,删除长低速记录,0.0,0.0,连续低于10 km/h的记录超过180条
2017-12-01 23:47:50,删除长低速记录,0.0,0.0,连续低于10 km/h的记录超过180条
2017-12-01 23:47:51,删除长低速记录,0.0,0.0,连续低于10 km/h的记录超过180条
2017-12-01 23:47:52,删除长低速记录,0.0,0.0,连续低于10 km/h的记录超过180条
2017-12-01 23:47:53,删除长低速记录,0.0,0.0,连续低于10 km/h的记录超过180条
2017-12-01 23:47:54,删除长低速记录,0.0,0.0,连续低于10 km/h的记录超过180条
2017-12-01 23:47:55,删除长低速记录,0.0,0.0,连续低于10 km/h的记录超过180条
2017-12-01 23:47:56,删除长低速记录,0.0,0.0,连续低于10 km/h的记录超过180条
2017-12-01 23:47:57,删除长低速记录,0.0,0.0,连续低于10 km/h的记录超过180条
2017-12-01 23:47:58,删除长低速记录,0.0,0.0,连续低于10 km/h的记录超过180条
2017-12-01 23:47:59,删除长低速记录,0.0,0.0,连续低于10 km/h的记录超过180条
2017-12-01 23:48:00,删除长低速记录,0.0,0.0,连续低于10 km/h的记录超过180条
2017-12-01 23:48:01,删除长低速记录,0.0,0.0,连续低于10 km/h的记录超过180条
2017-12-01 23:48:02,删除长低速记录,0.0,0.0,连续低于10 km/h的记录超过180条
2017-12-01 23:48:03,删除长低速记录,0.0,0.0,连续低于10 km/h的记录超过180条
2017-12-01 23:48:04,删除长低速记录,0.0,0.0,连续低于10 km/h的记录超过180条
2017-12-01 23:48:05,删除长低速记录,0.0,0.0,连续低于10 km/h的记录超过180条
2017-12-01 23:48:06,删除长低速记录,0.0,0.0,连续低于10 km/h的记录超过180条
2017-12-01 23:48:07,删除长低速记录,0.0,0.0,连续低于10 km/h的记录超过180条
2017-12-01 23:48:08,删除长低速记录,0.0,0.0,连续低于10 km/h的记录超过180条
2017-12-01 23:48:09,删除长低速记录,0.0,0.0,连续低于10 km/h的记录超过180条
2017-12-01 23:48:10,删除长低速记录,0.0,0.0,连续低于10 km/h的记录超过180条
2017-12-01 23:48:11,删除长低速记录,0.0,0.0,连续低于10 km/h的记录超过180条
2017-12-01 23:48:12,删除长低速记录,0.0,0.0,连续低于10 km/h的记录超过180条
2017-12-01 23:48:13,删除长低速记录,0.0,0.0,连续低于10 km/h的记录超过180条
2017-12-01 23:48:14,删除长低速记录,0.0,0.0,连续低于10 km/h的记录超过180条
2017-12-01 23:48:15,删除长低速记录,0.0,0.0,连续低于10 km/h的记录超过180条
2017-12-01 23:48:16,删除长低速记录,0.0,0.0,连续低于10 km/h的记录超过180条
2017-12-01 23:48:17,删除长低速记录,0.0,0.0,连续低于10 km/h的记录超过180条
2017-12-01 23:48:18,删除长低速记录,0.0,0.0,连续低于10 km/h的记录超过180条
2017-12-01 23:48:19,删除长低速记录,0.0,0.0,连续低于10 km/h的记录超过180条
2017-12-01 23:48:20,删除长低速记录,0.0,0.0,连续低于10 km/h的记录超过180条
2017-12-01 23:48:21,删除长低速记录,0.0,0.0,连续低于10 km/h的记录超过180条
2017-12-01 23:48:22,删除长低速记录,0.0,0.0,连续低于10 km/h的记录超过180条
2017-12-01 23:48:23,删除长低速记录,0.0,0.0,连续低于10 km/h的记录超过180条
2017-12-01 23:48:24,删除长低速记录,0.0,0.0,连续低于10 km/h的记录超过180条
2017-12-01 23:48:25,删除长低速记录,0.0,0.0,连续低于10 km/h的记录超过180条
2017-12-01 23:48:26,删除长低速记录,0.0,0.0,连续低于10 km/h的记录超过180条
2017-12-01 23:48:27,删除长低速记录,0.0,0.0,连续低于10 km/h的记录超过180条
2017-12-01 23:48:28,删除长低速记录,0.0,0.0,连续低于10 km/h的记录超过180条
2017-12-01 23:48:29,删除长低速记录,0.0,0.0,连续低于10 km/h的记录超过180条
2017-12-01 23:48:30,删除长低速记录,0.0,0.0,连续低于10 km/h的记录超过180条
2017-12-01 23:48:31,删除长低速记录,0.0,0.0,连续低于10 km/h的记录超过180条
2017-12-01 23:48:32,删除长低速记录,0.0,0.0,连续低于10 km/h的记录超过180条
2017-12-01 23:48:33,删除长低速记录,0.0,0.0,连续低于10 km/h的记录超过180条
2017-12-01 23:48:34,删除长低速记录,0.0,0.0,连续低于10 km/h的记录超过180条
2017-12-01 23:48:35,删除长低速记录,0.0,0.0,连续低于10 km/h的记录超过180条
2017-12-01 23:48:36,删除长低速记录,0.0,0.0,连续低于10 km/h的记录超过180条
2017-12-01 23:48:37,删除长低速记录,0.0,0.0,连续低于10 km/h的记录超过180条
2017-12-01 23:48:38,删除长低速记录,0.0,0.0,连续低于10 km/h的记录超过180条
2017-12-01 23:48:39,删除长低速记录,0.0,0.0,连续低于10 km/h的记录超过180条
2017-12-01 23:48:40,删除长低速记录,0.0,0.0,连续低于10 km/h的记录超过180条
2017-12-01 23:48:41,删除长低速记录,0.0,0.0,连续低于10 km/h的记录超过180条
2017-12-01 23:48:42,删除长低速记录,0.0,0.0,连续低于10 km/h的记录超过180条
2017-12-01 23:48:43,删除长低速记录,0.0,0.0,连续低于10 km/h的记录超过180条
2017-12-01 23:48:44,删除长低速记录,0.0,0.0,连续低于10 km/h的记录超过180条
2017-12-01 23:48:45,删除长低速记录,0.0,0.0,连续低于10 km/h的记录超过180条
2017-12-01 23:48:46,删除长低速记录,0.0,0.0,连续低于10 km/h的记录超过180条
2017-12-01 23:48:47,删除长低速记录,0.0,0.0,连续低于10 km/h的记录超过180条
2017-12-01 23:48:48,删除长低速记录,0.0,0.0,连续低于10 km/h的记录超过180条
2017-12-01 23:48:49,删除长低速记录,0.0,0.0,连续低于10 km/h的记录超过180条
2017-12-01 23:48:50,删除长低速记录,0.0,0.0,连续低于10 km/h的记录超过180条
2017-12-01 23:48:51,删除长低速记录,0.0,0.0,连续低于10 km/h的记录超过180条
2017-12-01 23:48:52,删除长低速记录,0.0,0.0,连续低于10 km/h的记录超过180条
2017-12-01 23:48:53,删除长低速记录,0.0,0.0,连续低于10 km/h的记录超过180条
2017-12-01 23:48:54,删除长低速记录,0.0,0.0,连续低于10 km/h的记录超过180条
2017-12-01 23:48:55,删除长低速记录,0.0,0.0,连续低于10 km/h的记录超过180条
2017-12-01 23:48:56,删除长低速记录,0.0,0.0,连续低于10 km/h的记录超过180条
2017-12-01 23:48:57,删除长低速记录,0.0,0.0,连续低于10 km/h的记录超过180条
2017-12-01 23:48:58,删除长低速记录,0.0,0.0,连续低于10 km/h的记录超过180条
2017-12-01 23:48:59,删除长低速记录,0.0,0.0,连续低于10 km/h的记录超过180条
2017-12-01 23:49:00,删除长低速记录,0.0,0.0,连续低于10 km/h的记录超过180条
2017-12-01 23:49:01,删除长低速记录,0.0,0.0,连续低于10 km/h的记录超过180条
2017-12-01 23:49:02,删除长低速记录,0.0,0.0,连续低于10 km/h的记录超过180条
2017-12-01 23:49:03,删除长低速记录,0.0,0.0,连续低于10 km/h的记录超过180条
2017-12-01 23:49:04,删除长低速记录,0.0,0.0,连续低于10 km/h的记录超过180条
2017-12-01 23:49:05,删除长低速记录,0.0,0.0,连续低于10 km/h的记录超过180条
2017-12-01 23:49:06,删除长低速记录,0.0,0.0,连续低于10 km/h的记录超过180条
2017-12-01 23:49:07,删除长低速记录,0.0,0.0,连续低于10 km/h的记录超过180条
2017-12-01 23:49:08,删除长低速记录,0.0,0.0,连续低于10 km/h的记录超过180条
2017-12-01 23:49:09,删除长低速记录,0.0,0.0,连续低于10 km/h的记录超过180条
2017-12-01 23:49:10,删除长低速记录,0.0,0.0,连续低于10 km/h的记录超过180条
2017-12-01 23:49:11,删除长低速记录,0.0,0.0,连续低于10 km/h的记录超过180条
2017-12-01 23:49:12,删除长低速记录,0.0,0.0,连续低于10 km/h的记录超过180条
2017-12-01 23:49:13,删除长低速记录,0.0,0.0,连续低于10 km/h的记录超过180条
2017-12-01 23:49:14,删除长低速记录,0.0,0.0,连续低于10 km/h的记录超过180条
2017-12-01 23:49:15,删除长低速记录,0.0,0.0,连续低于10 km/h的记录超过180条
2017-12-01 23:49:16,删除长低速记录,0.0,0.0,连续低于10 km/h的记录超过180条
2017-12-01 23:49:17,删除长低速记录,0.0,0.0,连续低于10 km/h的记录超过180条
2017-12-01 23:49:18,删除长低速记录,0.0,0.0,连续低于10 km/h的记录超过180条
2017-12-01 23:49:19,删除长低速记录,0.0,0.0,连续低于10 km/h的记录超过180条
2017-12-01 23:49:20,删除长低速记录,0.0,0.0,连续低于10 km/h的记录超过180条
2017-12-01 23:49:21,删除长低速记录,0.0,0.0,连续低于10 km/h的记录超过180条
2017-12-01 23:49:22,删除长低速记录,0.0,0.0,连续低于10 km/h的记录超过180条
2017-12-01 23:49:23,删除长低速记录,0.0,0.0,连续低于10 km/h的记录超过180条
2017-12-01 23:49:24,删除长低速记录,0.0,0.0,连续低于10 km/h的记录超过180条
2017-12-01 23:49:25,删除长低速记录,0.0,0.0,连续低于10 km/h的记录超过180条
2017-12-01 23:49:26,删除长低速记录,0.0,0.0,连续低于10 km/h的记录超过180条
2017-12-01 23:49:27,删除长低速记录,0.0,0.0,连续低于10 km/h的记录超过180条
2017-12-01 23:49:28,删除长低速记录,0.0,0.0,连续低于10 km/h的记录超过180条
2017-12-01 23:49:29,删除长低速记录,0.0,0.0,连续低于10 km/h的记录超过180条
2017-12-01 23:49:30,删除长低速记录,0.0,0.0,连续低于10 km/h的记录超过180条
2017-12-01 23:49:31,删除长低速记录,0.0,0.0,连续低于10 km/h的记录超过180条
2017-12-01 23:49:32,删除长低速记录,0.0,0.0,连续低于10 km/h的记录超过180条
2017-12-01 23:49:33,删除长低速记录,0.0,0.0,连续低于10 km/h的记录超过180条
2017-12-01 23:49:34,删除长低速记录,0.0,0.0,连续低于10 km/h的记录超过180条
2017-12-01 23:49:35,删除长低速记录,0.0,0.0,连续低于10 km/h的记录超过180条
2017-12-01 23:49:36,删除长低速记录,0.0,0.0,连续低于10 km/h的记录超过180条
2017-12-01 23:49:37,删除长低速记录,0.0,0.0,连续低于10 km/h的记录超过180条
2017-12-01 23:49:38,删除长低速记录,0.0,0.0,连续低于10 km/h的记录超过180条
2017-12-01 23:49:39,删除长低速记录,0.0,0.0,连续低于10 km/h的记录超过180条
2017-12-01 23:49:40,删除长低速记录,0.0,0.0,连续低于10 km/h的记录超过180条
2017-12-01 23:49:41,删除长低速记录,0.0,0.0,连续低于10 km/h的记录超过180条
2017-12-01 23:49:42,删除长低速记录,0.0,0.0,连续低于10 km/h的记录超过180条
2017-12-01 23:49:43,删除长低速记录,0.0,0.0,连续低于10 km/h的记录超过180条
2017-12-01 23:49:44,删除长低速记录,0.0,0.0,连续低于10 km/h的记录超过180条
2017-12-01 23:49:45,删除长低速记录,0.0,0.0,连续低于10 km/h的记录超过180条
2017-12-01 23:49:46,删除长低速记录,0.0,0.0,连续低于10 km/h的记录超过180条
2017-12-01 23:49:47,删除长低速记录,0.0,0.0,连续低于10 km/h的记录超过180条
2017-12-01 23:49:48,删除长低速记录,0.0,0.0,连续低于10 km/h的记录超过180条
2017-12-01 23:49:49,删除长低速记录,0.0,0.0,连续低于10 km/h的记录超过180条
2017-12-01 23:49:50,删除长低速记录,0.0,0.0,连续低于10 km/h的记录超过180条
2017-12-01 23:49:51,删除长低速记录,0.0,0.0,连续低于10 km/h的记录超过180条
2017-12-01 23:49:52,删除长低速记录,0.0,0.0,连续低于10 km/h的记录超过180条
2017-12-01 23:49:53,删除长低速记录,0.0,0.0,连续低于10 km/h的记录超过180条
2017-12-01 23:49:54,删除长低速记录,0.0,0.0,连续低于10 km/h的记录超过180条
2017-12-01 23:49:55,删除长低速记录,0.0,0.0,连续低于10 km/h的记录超过180条
2017-12-01 23:49:56,删除长低速记录,0.0,0.0,连续低于10 km/h的记录超过180条
2017-12-01 23:49:57,删除长低速记录,0.0,0.0,连续低于10 km/h的记录超过180条
2017-12-01 23:49:58,删除长低速记录,0.0,0.0,连续低于10 km/h的记录超过180条
2017-12-01 23:49:59,删除长低速记录,0.0,0.0,连续低于10 km/h的记录超过180条
2017-12-01 23:50:00,删除长低速记录,0.0,0.0,连续低于10 km/h的记录超过180条
2017-12-01 23:50:01,删除长低速记录,0.0,0.0,连续低于10 km/h的记录超过180条
2017-12-01 23:50:02,删除长低速记录,0.0,0.0,连续低于10 km/h的记录超过180条
2017-12-01 23:50:03,删除长低速记录,0.0,0.0,连续低于10 km/h的记录超过180条
2017-12-01 23:50:04,删除长低速记录,0.0,0.0,连续低于10 km/h的记录超过180条
2017-12-01 23:50:05,删除长低速记录,0.0,0.0,连续低于10 km/h的记录超过180条
2017-12-01 23:50:06,删除长低速记录,0.0,0.0,连续低于10 km/h的记录超过180条
2017-12-01 23:50:07,删除长低速记录,0.0,0.0,连续低于10 km/h的记录超过180条
2017-12-01 23:50:08,删除长低速记录,0.0,0.0,连续低于10 km/h的记录超过180条
2017-12-01 23:50:09,删除长低速记录,0.0,0.0,连续低于10 km/h的记录超过180条
2017-12-01 23:50:10,删除长低速记录,0.0,0.0,连续低于10 km/h的记录超过180条
2017-12-01 23:50:11,删除长低速记录,0.0,0.0,连续低于10 km/h的记录超过180条
2017-12-01 23:50:12,删除长低速记录,0.0,0.0,连续低于10 km/h的记录超过180条
2017-12-01 23:51:43,新增插值记录,,3.1,相邻速度 1.7 与 4.5 km/h 的线性中点
2017-12-01 23:54:01,新增插值记录,,37.65,相邻速度 37.9 与 37.4 km/h 的线性中点
2017-12-02 00:00:27,新增插值记录,,16.7,相邻速度 9.1 与 24.3 km/h 的线性中点
2017-12-02 00:00:30,新增插值记录,,13.05,相邻速度 24.3 与 1.8 km/h 的线性中点
2017-12-02 06:39:00,车速限幅,20.2,19.356,"连续1秒允许范围 [0.000000, 19.356000] km/h"
2017-12-02 06:41:00,车速限幅,15.9,14.256,"连续1秒允许范围 [0.000000, 14.256000] km/h"
2017-12-02 06:46:18,删除长低速记录,0.0,0.0,连续低于10 km/h的记录超过180条
2017-12-02 06:46:19,删除长低速记录,0.0,0.0,连续低于10 km/h的记录超过180条
2017-12-02 06:46:20,删除长低速记录,0.0,0.0,连续低于10 km/h的记录超过180条
2017-12-02 06:46:21,删除长低速记录,0.0,0.0,连续低于10 km/h的记录超过180条
2017-12-02 06:46:22,删除长低速记录,0.0,0.0,连续低于10 km/h的记录超过180条
2017-12-02 06:46:23,删除长低速记录,0.0,0.0,连续低于10 km/h的记录超过180条
2017-12-02 06:46:24,删除长低速记录,0.0,0.0,连续低于10 km/h的记录超过180条
2017-12-02 06:46:25,删除长低速记录,0.0,0.0,连续低于10 km/h的记录超过180条
2017-12-02 06:46:26,删除长低速记录,0.0,0.0,连续低于10 km/h的记录超过180条
2017-12-02 06:46:27,删除长低速记录,0.0,0.0,连续低于10 km/h的记录超过180条
2017-12-02 06:46:28,删除长低速记录,0.0,0.0,连续低于10 km/h的记录超过180条
2017-12-02 06:46:29,删除长低速记录,0.0,0.0,连续低于10 km/h的记录超过180条
2017-12-02 06:46:30,删除长低速记录,0.0,0.0,连续低于10 km/h的记录超过180条
2017-12-02 06:46:31,删除长低速记录,0.0,0.0,连续低于10 km/h的记录超过180条
2017-12-02 06:46:32,删除长低速记录,0.0,0.0,连续低于10 km/h的记录超过180条
2017-12-02 06:46:33,删除长低速记录,0.0,0.0,连续低于10 km/h的记录超过180条
2017-12-02 06:46:34,删除长低速记录,0.0,0.0,连续低于10 km/h的记录超过180条
2017-12-02 06:46:35,删除长低速记录,0.0,0.0,连续低于10 km/h的记录超过180条
2017-12-02 06:46:36,删除长低速记录,0.0,0.0,连续低于10 km/h的记录超过180条
2017-12-02 06:46:37,删除长低速记录,0.0,0.0,连续低于10 km/h的记录超过180条
2017-12-02 06:46:38,删除长低速记录,0.0,0.0,连续低于10 km/h的记录超过180条
2017-12-02 06:46:39,删除长低速记录,0.0,0.0,连续低于10 km/h的记录超过180条
2017-12-02 06:46:40,删除长低速记录,0.0,0.0,连续低于10 km/h的记录超过180条
2017-12-02 06:46:41,删除长低速记录,0.0,0.0,连续低于10 km/h的记录超过180条
2017-12-02 06:46:42,删除长低速记录,0.0,0.0,连续低于10 km/h的记录超过180条
2017-12-02 06:46:43,删除长低速记录,0.0,0.0,连续低于10 km/h的记录超过180条
2017-12-02 06:46:44,删除长低速记录,0.0,0.0,连续低于10 km/h的记录超过180条
2017-12-02 06:46:45,删除长低速记录,0.0,0.0,连续低于10 km/h的记录超过180条
2017-12-02 06:46:46,删除长低速记录,0.0,0.0,连续低于10 km/h的记录超过180条
2017-12-02 06:46:47,删除长低速记录,0.0,0.0,连续低于10 km/h的记录超过180条
2017-12-02 06:46:48,删除长低速记录,0.0,0.0,连续低于10 km/h的记录超过180条
2017-12-02 06:46:49,删除长低速记录,0.0,0.0,连续低于10 km/h的记录超过180条
2017-12-02 06:46:50,删除长低速记录,0.0,0.0,连续低于10 km/h的记录超过180条
2017-12-02 06:46:51,删除长低速记录,0.0,0.0,连续低于10 km/h的记录超过180条
2017-12-02 06:46:52,删除长低速记录,0.0,0.0,连续低于10 km/h的记录超过180条
2017-12-02 06:46:53,删除长低速记录,0.0,0.0,连续低于10 km/h的记录超过180条
2017-12-02 06:46:54,删除长低速记录,0.0,0.0,连续低于10 km/h的记录超过180条
2017-12-02 06:46:55,删除长低速记录,0.0,0.0,连续低于10 km/h的记录超过180条
2017-12-02 06:46:56,删除长低速记录,0.0,0.0,连续低于10 km/h的记录超过180条
2017-12-02 06:46:57,删除长低速记录,0.0,0.0,连续低于10 km/h的记录超过180条
2017-12-02 06:46:58,删除长低速记录,0.0,0.0,连续低于10 km/h的记录超过180条
2017-12-02 06:46:59,删除长低速记录,0.0,0.0,连续低于10 km/h的记录超过180条
2017-12-02 06:47:00,删除长低速记录,0.0,0.0,连续低于10 km/h的记录超过180条
2017-12-02 06:47:01,删除长低速记录,0.0,0.0,连续低于10 km/h的记录超过180条
2017-12-02 06:47:02,删除长低速记录,0.0,0.0,连续低于10 km/h的记录超过180条
2017-12-02 06:47:03,删除长低速记录,0.0,0.0,连续低于10 km/h的记录超过180条
2017-12-02 06:47:04,删除长低速记录,0.0,0.0,连续低于10 km/h的记录超过180条
2017-12-02 06:47:05,删除长低速记录,0.0,0.0,连续低于10 km/h的记录超过180条
2017-12-02 06:47:06,删除长低速记录,0.0,0.0,连续低于10 km/h的记录超过180条
2017-12-02 06:47:07,删除长低速记录,0.0,0.0,连续低于10 km/h的记录超过180条
2017-12-02 06:47:08,删除长低速记录,0.0,0.0,连续低于10 km/h的记录超过180条
2017-12-02 06:47:09,删除长低速记录,0.0,0.0,连续低于10 km/h的记录超过180条
2017-12-02 06:47:10,删除长低速记录,0.0,0.0,连续低于10 km/h的记录超过180条
2017-12-02 06:47:11,删除长低速记录,0.0,0.0,连续低于10 km/h的记录超过180条
2017-12-02 06:47:12,删除长低速记录,0.0,0.0,连续低于10 km/h的记录超过180条
2017-12-02 06:47:13,删除长低速记录,0.0,0.0,连续低于10 km/h的记录超过180条
2017-12-02 06:47:14,删除长低速记录,0.0,0.0,连续低于10 km/h的记录超过180条
2017-12-02 06:47:15,删除长低速记录,0.0,0.0,连续低于10 km/h的记录超过180条
2017-12-02 06:47:16,删除长低速记录,0.0,0.0,连续低于10 km/h的记录超过180条
2017-12-02 06:47:17,删除长低速记录,0.0,0.0,连续低于10 km/h的记录超过180条
2017-12-02 06:47:18,删除长低速记录,0.0,0.0,连续低于10 km/h的记录超过180条
2017-12-02 06:47:19,删除长低速记录,0.0,0.0,连续低于10 km/h的记录超过180条
2017-12-02 06:47:20,删除长低速记录,0.0,0.0,连续低于10 km/h的记录超过180条
2017-12-02 06:47:21,删除长低速记录,0.0,0.0,连续低于10 km/h的记录超过180条
2017-12-02 06:47:22,删除长低速记录,0.0,0.0,连续低于10 km/h的记录超过180条
2017-12-02 06:47:23,删除长低速记录,0.0,0.0,连续低于10 km/h的记录超过180条
2017-12-02 06:47:24,删除长低速记录,0.0,0.0,连续低于10 km/h的记录超过180条
2017-12-02 06:47:25,删除长低速记录,0.0,0.0,连续低于10 km/h的记录超过180条
2017-12-02 06:47:26,删除长低速记录,0.0,0.0,连续低于10 km/h的记录超过180条
2017-12-02 06:47:27,删除长低速记录,0.0,0.0,连续低于10 km/h的记录超过180条
2017-12-02 06:47:28,删除长低速记录,0.0,0.0,连续低于10 km/h的记录超过180条
2017-12-02 06:47:29,删除长低速记录,0.0,0.0,连续低于10 km/h的记录超过180条
2017-12-02 06:47:30,删除长低速记录,0.0,0.0,连续低于10 km/h的记录超过180条
2017-12-02 06:47:31,删除长低速记录,0.0,0.0,连续低于10 km/h的记录超过180条
2017-12-02 06:47:32,删除长低速记录,0.0,0.0,连续低于10 km/h的记录超过180条
2017-12-02 06:47:33,删除长低速记录,0.0,0.0,连续低于10 km/h的记录超过180条
2017-12-02 06:47:34,删除长低速记录,0.0,0.0,连续低于10 km/h的记录超过180条
2017-12-02 06:47:35,删除长低速记录,0.0,0.0,连续低于10 km/h的记录超过180条
2017-12-02 06:47:36,删除长低速记录,0.0,0.0,连续低于10 km/h的记录超过180条
2017-12-02 06:47:37,删除长低速记录,0.0,0.0,连续低于10 km/h的记录超过180条
2017-12-02 06:47:38,删除长低速记录,0.0,0.0,连续低于10 km/h的记录超过180条
2017-12-02 06:47:39,删除长低速记录,0.0,0.0,连续低于10 km/h的记录超过180条
2017-12-02 06:47:40,删除长低速记录,0.0,0.0,连续低于10 km/h的记录超过180条
2017-12-02 06:47:41,删除长低速记录,0.0,0.0,连续低于10 km/h的记录超过180条
2017-12-02 06:47:42,删除长低速记录,0.0,0.0,连续低于10 km/h的记录超过180条
2017-12-02 06:47:43,删除长低速记录,0.0,0.0,连续低于10 km/h的记录超过180条
2017-12-02 06:47:44,删除长低速记录,0.0,0.0,连续低于10 km/h的记录超过180条
2017-12-02 06:47:45,删除长低速记录,0.0,0.0,连续低于10 km/h的记录超过180条
2017-12-02 06:47:46,删除长低速记录,0.0,0.0,连续低于10 km/h的记录超过180条
2017-12-02 06:47:47,删除长低速记录,0.0,0.0,连续低于10 km/h的记录超过180条
2017-12-02 06:47:48,删除长低速记录,0.0,0.0,连续低于10 km/h的记录超过180条
2017-12-02 06:47:49,删除长低速记录,0.0,0.0,连续低于10 km/h的记录超过180条
2017-12-02 06:47:50,删除长低速记录,0.0,0.0,连续低于10 km/h的记录超过180条
2017-12-02 06:47:51,删除长低速记录,0.0,0.0,连续低于10 km/h的记录超过180条
2017-12-02 06:47:52,删除长低速记录,0.0,0.0,连续低于10 km/h的记录超过180条
2017-12-02 06:47:53,删除长低速记录,0.0,0.0,连续低于10 km/h的记录超过180条
2017-12-02 06:47:54,删除长低速记录,0.0,0.0,连续低于10 km/h的记录超过180条
2017-12-02 06:47:55,删除长低速记录,0.0,0.0,连续低于10 km/h的记录超过180条
2017-12-02 06:47:56,删除长低速记录,0.0,0.0,连续低于10 km/h的记录超过180条
2017-12-02 06:47:57,删除长低速记录,0.0,0.0,连续低于10 km/h的记录超过180条
2017-12-02 06:47:58,删除长低速记录,0.0,0.0,连续低于10 km/h的记录超过180条
2017-12-02 06:47:59,删除长低速记录,0.0,0.0,连续低于10 km/h的记录超过180条
2017-12-02 06:48:00,删除长低速记录,0.0,0.0,连续低于10 km/h的记录超过180条
2017-12-02 06:48:01,删除长低速记录,0.0,0.0,连续低于10 km/h的记录超过180条
2017-12-02 06:48:02,删除长低速记录,0.0,0.0,连续低于10 km/h的记录超过180条
2017-12-02 06:48:03,删除长低速记录,0.0,0.0,连续低于10 km/h的记录超过180条
2017-12-02 06:48:04,删除长低速记录,0.0,0.0,连续低于10 km/h的记录超过180条
2017-12-02 06:48:05,删除长低速记录,0.0,0.0,连续低于10 km/h的记录超过180条
2017-12-02 06:48:06,删除长低速记录,0.0,0.0,连续低于10 km/h的记录超过180条
2017-12-02 06:48:07,删除长低速记录,0.0,0.0,连续低于10 km/h的记录超过180条
2017-12-02 06:48:08,删除长低速记录,0.0,0.0,连续低于10 km/h的记录超过180条
2017-12-02 06:48:09,删除长低速记录,0.0,0.0,连续低于10 km/h的记录超过180条
2017-12-02 06:48:10,删除长低速记录,0.0,0.0,连续低于10 km/h的记录超过180条
2017-12-02 06:48:11,删除长低速记录,0.0,0.0,连续低于10 km/h的记录超过180条
2017-12-02 06:48:12,删除长低速记录,0.0,0.0,连续低于10 km/h的记录超过180条
2017-12-02 06:48:13,删除长低速记录,0.0,0.0,连续低于10 km/h的记录超过180条
2017-12-02 06:48:14,删除长低速记录,0.0,0.0,连续低于10 km/h的记录超过180条
2017-12-02 06:48:15,删除长低速记录,0.0,0.0,连续低于10 km/h的记录超过180条
2017-12-02 06:48:16,删除长低速记录,0.0,0.0,连续低于10 km/h的记录超过180条
2017-12-02 06:48:17,删除长低速记录,0.0,0.0,连续低于10 km/h的记录超过180条
2017-12-02 06:48:18,删除长低速记录,0.0,0.0,连续低于10 km/h的记录超过180条
2017-12-02 06:48:19,删除长低速记录,0.0,0.0,连续低于10 km/h的记录超过180条
2017-12-02 06:48:20,删除长低速记录,0.0,0.0,连续低于10 km/h的记录超过180条
2017-12-02 06:48:21,删除长低速记录,0.0,0.0,连续低于10 km/h的记录超过180条
2017-12-02 06:48:22,删除长低速记录,0.0,0.0,连续低于10 km/h的记录超过180条
2017-12-02 06:48:23,删除长低速记录,0.0,0.0,连续低于10 km/h的记录超过180条
2017-12-02 06:48:24,删除长低速记录,0.0,0.0,连续低于10 km/h的记录超过180条
2017-12-02 06:48:25,删除长低速记录,0.0,0.0,连续低于10 km/h的记录超过180条
2017-12-02 06:48:26,删除长低速记录,0.0,0.0,连续低于10 km/h的记录超过180条
2017-12-02 06:48:27,删除长低速记录,0.0,0.0,连续低于10 km/h的记录超过180条
2017-12-02 06:48:28,删除长低速记录,0.0,0.0,连续低于10 km/h的记录超过180条
2017-12-02 06:48:29,删除长低速记录,0.0,0.0,连续低于10 km/h的记录超过180条
2017-12-02 06:48:30,删除长低速记录,0.0,0.0,连续低于10 km/h的记录超过180条
2017-12-02 06:48:31,删除长低速记录,0.0,0.0,连续低于10 km/h的记录超过180条
2017-12-02 06:48:32,删除长低速记录,0.0,0.0,连续低于10 km/h的记录超过180条
2017-12-02 06:48:33,删除长低速记录,0.0,0.0,连续低于10 km/h的记录超过180条
2017-12-02 06:48:34,删除长低速记录,0.0,0.0,连续低于10 km/h的记录超过180条
2017-12-02 06:48:35,删除长低速记录,0.0,0.0,连续低于10 km/h的记录超过180条
2017-12-02 06:48:36,删除长低速记录,0.0,0.0,连续低于10 km/h的记录超过180条
2017-12-02 06:48:37,删除长低速记录,0.0,0.0,连续低于10 km/h的记录超过180条
2017-12-02 06:48:38,删除长低速记录,0.0,0.0,连续低于10 km/h的记录超过180条
2017-12-02 06:48:39,删除长低速记录,0.0,0.0,连续低于10 km/h的记录超过180条
2017-12-02 06:48:40,删除长低速记录,0.0,0.0,连续低于10 km/h的记录超过180条
2017-12-02 06:48:41,删除长低速记录,0.0,0.0,连续低于10 km/h的记录超过180条
2017-12-02 06:48:42,删除长低速记录,0.0,0.0,连续低于10 km/h的记录超过180条
2017-12-02 06:48:43,删除长低速记录,0.0,0.0,连续低于10 km/h的记录超过180条
2017-12-02 06:48:44,删除长低速记录,0.0,0.0,连续低于10 km/h的记录超过180条
2017-12-02 06:48:45,删除长低速记录,0.0,0.0,连续低于10 km/h的记录超过180条
2017-12-02 06:48:46,删除长低速记录,0.0,0.0,连续低于10 km/h的记录超过180条
2017-12-02 06:48:47,删除长低速记录,0.0,0.0,连续低于10 km/h的记录超过180条
2017-12-02 06:48:48,删除长低速记录,0.0,0.0,连续低于10 km/h的记录超过180条
2017-12-02 06:48:49,删除长低速记录,0.0,0.0,连续低于10 km/h的记录超过180条
2017-12-02 06:48:50,删除长低速记录,0.0,0.0,连续低于10 km/h的记录超过180条
2017-12-02 06:48:51,删除长低速记录,0.0,0.0,连续低于10 km/h的记录超过180条
2017-12-02 06:48:52,删除长低速记录,0.0,0.0,连续低于10 km/h的记录超过180条
2017-12-02 06:48:53,删除长低速记录,0.0,0.0,连续低于10 km/h的记录超过180条
2017-12-02 06:48:54,删除长低速记录,0.0,0.0,连续低于10 km/h的记录超过180条
2017-12-02 06:48:55,删除长低速记录,0.0,0.0,连续低于10 km/h的记录超过180条
2017-12-02 06:48:56,删除长低速记录,0.0,0.0,连续低于10 km/h的记录超过180条
2017-12-02 06:48:57,删除长低速记录,0.0,0.0,连续低于10 km/h的记录超过180条
2017-12-02 06:48:58,删除长低速记录,0.0,0.0,连续低于10 km/h的记录超过180条
2017-12-02 06:48:59,删除长低速记录,0.0,0.0,连续低于10 km/h的记录超过180条
2017-12-02 06:49:00,删除长低速记录,0.0,0.0,连续低于10 km/h的记录超过180条
2017-12-02 06:49:01,删除长低速记录,0.0,0.0,连续低于10 km/h的记录超过180条
2017-12-02 06:49:02,删除长低速记录,0.0,0.0,连续低于10 km/h的记录超过180条
2017-12-02 06:49:03,删除长低速记录,0.0,0.0,连续低于10 km/h的记录超过180条
2017-12-02 06:49:04,删除长低速记录,0.0,0.0,连续低于10 km/h的记录超过180条
2017-12-02 06:49:05,删除长低速记录,0.0,0.0,连续低于10 km/h的记录超过180条
2017-12-02 06:49:06,删除长低速记录,0.0,0.0,连续低于10 km/h的记录超过180条
2017-12-02 06:49:07,删除长低速记录,0.0,0.0,连续低于10 km/h的记录超过180条
2017-12-02 06:49:08,删除长低速记录,0.0,0.0,连续低于10 km/h的记录超过180条
2017-12-02 06:49:09,删除长低速记录,0.0,0.0,连续低于10 km/h的记录超过180条
2017-12-02 06:49:10,删除长低速记录,0.0,0.0,连续低于10 km/h的记录超过180条
2017-12-02 06:49:11,删除长低速记录,0.0,0.0,连续低于10 km/h的记录超过180条
2017-12-02 06:49:12,删除长低速记录,0.0,0.0,连续低于10 km/h的记录超过180条
2017-12-02 06:49:13,删除长低速记录,0.0,0.0,连续低于10 km/h的记录超过180条
2017-12-02 06:49:14,删除长低速记录,0.0,0.0,连续低于10 km/h的记录超过180条
2017-12-02 06:49:15,删除长低速记录,0.0,0.0,连续低于10 km/h的记录超过180条
2017-12-02 06:49:16,删除长低速记录,0.0,0.0,连续低于10 km/h的记录超过180条
2017-12-02 06:49:17,删除长低速记录,0.0,0.0,连续低于10 km/h的记录超过180条
2017-12-02 06:49:18,删除长低速记录,0.0,0.0,连续低于10 km/h的记录超过180条
2017-12-02 06:49:19,删除长低速记录,0.0,0.0,连续低于10 km/h的记录超过180条
2017-12-02 06:49:20,删除长低速记录,0.0,0.0,连续低于10 km/h的记录超过180条
2017-12-02 06:49:21,删除长低速记录,0.0,0.0,连续低于10 km/h的记录超过180条
2017-12-02 06:49:22,删除长低速记录,0.0,0.0,连续低于10 km/h的记录超过180条
2017-12-02 06:49:23,删除长低速记录,0.0,0.0,连续低于10 km/h的记录超过180条
2017-12-02 06:49:24,删除长低速记录,0.0,0.0,连续低于10 km/h的记录超过180条
2017-12-02 06:49:25,删除长低速记录,0.0,0.0,连续低于10 km/h的记录超过180条
2017-12-02 06:49:26,删除长低速记录,0.0,0.0,连续低于10 km/h的记录超过180条
2017-12-02 06:49:27,删除长低速记录,0.0,0.0,连续低于10 km/h的记录超过180条
2017-12-02 06:49:28,删除长低速记录,0.0,0.0,连续低于10 km/h的记录超过180条
2017-12-02 06:49:29,删除长低速记录,0.0,0.0,连续低于10 km/h的记录超过180条
2017-12-02 06:49:30,删除长低速记录,0.0,0.0,连续低于10 km/h的记录超过180条
2017-12-02 06:49:31,删除长低速记录,0.0,0.0,连续低于10 km/h的记录超过180条
2017-12-02 06:49:32,删除长低速记录,0.0,0.0,连续低于10 km/h的记录超过180条
2017-12-02 06:49:33,删除长低速记录,0.0,0.0,连续低于10 km/h的记录超过180条
2017-12-02 06:49:34,删除长低速记录,0.0,0.0,连续低于10 km/h的记录超过180条
2017-12-02 06:49:35,删除长低速记录,0.0,0.0,连续低于10 km/h的记录超过180条
2017-12-02 06:49:36,删除长低速记录,0.0,0.0,连续低于10 km/h的记录超过180条
2017-12-02 06:49:37,删除长低速记录,0.0,0.0,连续低于10 km/h的记录超过180条
2017-12-02 06:49:38,删除长低速记录,0.0,0.0,连续低于10 km/h的记录超过180条
2017-12-02 06:49:39,删除长低速记录,0.0,0.0,连续低于10 km/h的记录超过180条
2017-12-02 06:49:40,删除长低速记录,0.0,0.0,连续低于10 km/h的记录超过180条
2017-12-02 06:49:41,删除长低速记录,0.0,0.0,连续低于10 km/h的记录超过180条
2017-12-02 06:49:42,删除长低速记录,0.0,0.0,连续低于10 km/h的记录超过180条
2017-12-02 06:49:43,删除长低速记录,0.0,0.0,连续低于10 km/h的记录超过180条
2017-12-02 06:49:44,删除长低速记录,0.0,0.0,连续低于10 km/h的记录超过180条
2017-12-02 06:49:45,删除长低速记录,0.0,0.0,连续低于10 km/h的记录超过180条
2017-12-02 06:49:46,删除长低速记录,0.0,0.0,连续低于10 km/h的记录超过180条
2017-12-02 06:49:47,删除长低速记录,0.0,0.0,连续低于10 km/h的记录超过180条
2017-12-02 06:49:48,删除长低速记录,0.0,0.0,连续低于10 km/h的记录超过180条
2017-12-02 06:49:49,删除长低速记录,0.0,0.0,连续低于10 km/h的记录超过180条
2017-12-02 06:49:50,删除长低速记录,0.0,0.0,连续低于10 km/h的记录超过180条
2017-12-02 06:49:51,删除长低速记录,0.0,0.0,连续低于10 km/h的记录超过180条
2017-12-02 06:49:52,删除长低速记录,0.0,0.0,连续低于10 km/h的记录超过180条
2017-12-02 06:49:53,删除长低速记录,0.0,0.0,连续低于10 km/h的记录超过180条
2017-12-02 06:49:54,删除长低速记录,0.0,0.0,连续低于10 km/h的记录超过180条
2017-12-02 06:49:55,删除长低速记录,0.0,0.0,连续低于10 km/h的记录超过180条
2017-12-02 06:49:56,删除长低速记录,0.0,0.0,连续低于10 km/h的记录超过180条
2017-12-02 06:49:57,删除长低速记录,0.0,0.0,连续低于10 km/h的记录超过180条
2017-12-02 06:49:58,删除长低速记录,0.0,0.0,连续低于10 km/h的记录超过180条
2017-12-02 06:49:59,删除长低速记录,0.0,0.0,连续低于10 km/h的记录超过180条
2017-12-02 06:50:00,删除长低速记录,0.0,0.0,连续低于10 km/h的记录超过180条
2017-12-02 06:50:01,删除长低速记录,0.0,0.0,连续低于10 km/h的记录超过180条
2017-12-02 06:50:02,删除长低速记录,0.0,0.0,连续低于10 km/h的记录超过180条
2017-12-02 06:50:03,删除长低速记录,0.0,0.0,连续低于10 km/h的记录超过180条
2017-12-02 06:50:04,删除长低速记录,0.0,0.0,连续低于10 km/h的记录超过180条
2017-12-02 06:50:05,删除长低速记录,0.0,0.0,连续低于10 km/h的记录超过180条
2017-12-02 06:50:06,删除长低速记录,0.0,0.0,连续低于10 km/h的记录超过180条
2017-12-02 06:50:07,删除长低速记录,0.0,0.0,连续低于10 km/h的记录超过180条
2017-12-02 06:50:08,删除长低速记录,0.0,0.0,连续低于10 km/h的记录超过180条
2017-12-02 06:50:09,删除长低速记录,0.0,0.0,连续低于10 km/h的记录超过180条
2017-12-02 06:50:10,删除长低速记录,0.0,0.0,连续低于10 km/h的记录超过180条
2017-12-02 06:50:11,删除长低速记录,0.0,0.0,连续低于10 km/h的记录超过180条
2017-12-02 06:50:12,删除长低速记录,0.0,0.0,连续低于10 km/h的记录超过180条
2017-12-02 06:50:13,删除长低速记录,0.0,0.0,连续低于10 km/h的记录超过180条
2017-12-02 06:50:14,删除长低速记录,0.0,0.0,连续低于10 km/h的记录超过180条
2017-12-02 06:50:15,删除长低速记录,0.0,0.0,连续低于10 km/h的记录超过180条
2017-12-02 06:50:16,删除长低速记录,0.0,0.0,连续低于10 km/h的记录超过180条
2017-12-02 06:50:17,删除长低速记录,0.0,0.0,连续低于10 km/h的记录超过180条
2017-12-02 06:50:18,删除长低速记录,0.0,0.0,连续低于10 km/h的记录超过180条
2017-12-02 06:50:19,删除长低速记录,0.0,0.0,连续低于10 km/h的记录超过180条
2017-12-02 06:50:20,删除长低速记录,0.0,0.0,连续低于10 km/h的记录超过180条
2017-12-02 06:50:21,删除长低速记录,0.0,0.0,连续低于10 km/h的记录超过180条
2017-12-02 06:50:22,删除长低速记录,0.0,0.0,连续低于10 km/h的记录超过180条
2017-12-02 06:50:23,删除长低速记录,0.0,0.0,连续低于10 km/h的记录超过180条
2017-12-02 06:50:24,删除长低速记录,0.0,0.0,连续低于10 km/h的记录超过180条
2017-12-02 06:50:25,删除长低速记录,0.0,0.0,连续低于10 km/h的记录超过180条
2017-12-02 06:50:26,删除长低速记录,0.0,0.0,连续低于10 km/h的记录超过180条
2017-12-02 06:50:27,删除长低速记录,0.0,0.0,连续低于10 km/h的记录超过180条
2017-12-02 06:50:28,删除长低速记录,0.0,0.0,连续低于10 km/h的记录超过180条
2017-12-02 06:50:29,删除长低速记录,0.0,0.0,连续低于10 km/h的记录超过180条
2017-12-02 06:50:30,删除长低速记录,0.0,0.0,连续低于10 km/h的记录超过180条
2017-12-02 06:50:31,删除长低速记录,0.0,0.0,连续低于10 km/h的记录超过180条
2017-12-02 06:50:32,删除长低速记录,0.0,0.0,连续低于10 km/h的记录超过180条
2017-12-02 06:50:33,删除长低速记录,0.0,0.0,连续低于10 km/h的记录超过180条
2017-12-02 06:50:34,删除长低速记录,0.0,0.0,连续低于10 km/h的记录超过180条
2017-12-02 06:50:35,删除长低速记录,0.0,0.0,连续低于10 km/h的记录超过180条
2017-12-02 06:50:36,删除长低速记录,0.0,0.0,连续低于10 km/h的记录超过180条
2017-12-02 06:50:37,删除长低速记录,0.0,0.0,连续低于10 km/h的记录超过180条
2017-12-02 06:50:38,删除长低速记录,0.0,0.0,连续低于10 km/h的记录超过180条
2017-12-02 06:50:39,删除长低速记录,0.0,0.0,连续低于10 km/h的记录超过180条
2017-12-02 06:50:40,删除长低速记录,0.0,0.0,连续低于10 km/h的记录超过180条
2017-12-02 06:50:41,删除长低速记录,0.0,0.0,连续低于10 km/h的记录超过180条
2017-12-02 06:50:42,删除长低速记录,0.0,0.0,连续低于10 km/h的记录超过180条
2017-12-02 06:50:43,删除长低速记录,0.0,0.0,连续低于10 km/h的记录超过180条
2017-12-02 06:50:44,删除长低速记录,0.0,0.0,连续低于10 km/h的记录超过180条
2017-12-02 06:50:45,删除长低速记录,0.0,0.0,连续低于10 km/h的记录超过180条
2017-12-02 06:50:46,删除长低速记录,0.0,0.0,连续低于10 km/h的记录超过180条
2017-12-02 06:50:47,删除长低速记录,0.0,0.0,连续低于10 km/h的记录超过180条
2017-12-02 06:50:48,删除长低速记录,0.0,0.0,连续低于10 km/h的记录超过180条
2017-12-02 06:50:49,删除长低速记录,0.0,0.0,连续低于10 km/h的记录超过180条
2017-12-02 06:50:50,删除长低速记录,0.0,0.0,连续低于10 km/h的记录超过180条
2017-12-02 06:50:51,删除长低速记录,0.0,0.0,连续低于10 km/h的记录超过180条
2017-12-02 06:50:52,删除长低速记录,0.0,0.0,连续低于10 km/h的记录超过180条
2017-12-02 06:50:53,删除长低速记录,0.0,0.0,连续低于10 km/h的记录超过180条
2017-12-02 06:50:54,删除长低速记录,0.0,0.0,连续低于10 km/h的记录超过180条
2017-12-02 06:50:55,删除长低速记录,0.0,0.0,连续低于10 km/h的记录超过180条
2017-12-02 06:50:56,删除长低速记录,0.0,0.0,连续低于10 km/h的记录超过180条
2017-12-02 06:50:57,删除长低速记录,0.0,0.0,连续低于10 km/h的记录超过180条
2017-12-02 06:50:58,删除长低速记录,0.0,0.0,连续低于10 km/h的记录超过180条
2017-12-02 06:50:59,删除长低速记录,0.0,0.0,连续低于10 km/h的记录超过180条
2017-12-02 06:51:00,删除长低速记录,0.0,0.0,连续低于10 km/h的记录超过180条
2017-12-02 06:51:01,删除长低速记录,0.0,0.0,连续低于10 km/h的记录超过180条
2017-12-02 06:51:02,删除长低速记录,0.0,0.0,连续低于10 km/h的记录超过180条
2017-12-02 06:51:03,删除长低速记录,0.0,0.0,连续低于10 km/h的记录超过180条
2017-12-02 06:51:04,删除长低速记录,0.0,0.0,连续低于10 km/h的记录超过180条
2017-12-02 06:51:05,删除长低速记录,0.0,0.0,连续低于10 km/h的记录超过180条
2017-12-02 06:51:06,删除长低速记录,0.0,0.0,连续低于10 km/h的记录超过180条
2017-12-02 06:51:07,删除长低速记录,0.0,0.0,连续低于10 km/h的记录超过180条
2017-12-02 06:51:08,删除长低速记录,0.0,0.0,连续低于10 km/h的记录超过180条
2017-12-02 06:51:09,删除长低速记录,0.0,0.0,连续低于10 km/h的记录超过180条
2017-12-02 06:51:10,删除长低速记录,0.0,0.0,连续低于10 km/h的记录超过180条
2017-12-02 06:51:11,删除长低速记录,0.0,0.0,连续低于10 km/h的记录超过180条
2017-12-02 06:51:12,删除长低速记录,0.0,0.0,连续低于10 km/h的记录超过180条
2017-12-02 06:51:13,删除长低速记录,0.0,0.0,连续低于10 km/h的记录超过180条
2017-12-02 06:51:14,删除长低速记录,0.0,0.0,连续低于10 km/h的记录超过180条
2017-12-02 06:51:15,删除长低速记录,0.0,0.0,连续低于10 km/h的记录超过180条
2017-12-02 06:51:16,删除长低速记录,0.0,0.0,连续低于10 km/h的记录超过180条
2017-12-02 06:51:17,删除长低速记录,0.0,0.0,连续低于10 km/h的记录超过180条
2017-12-02 06:51:18,删除长低速记录,0.0,0.0,连续低于10 km/h的记录超过180条
2017-12-02 06:51:19,删除长低速记录,0.0,0.0,连续低于10 km/h的记录超过180条
2017-12-02 06:51:20,删除长低速记录,0.0,0.0,连续低于10 km/h的记录超过180条
2017-12-02 06:51:21,删除长低速记录,0.0,0.0,连续低于10 km/h的记录超过180条
2017-12-02 06:51:22,删除长低速记录,0.0,0.0,连续低于10 km/h的记录超过180条
2017-12-02 06:51:23,删除长低速记录,0.0,0.0,连续低于10 km/h的记录超过180条
2017-12-02 06:51:24,删除长低速记录,0.0,0.0,连续低于10 km/h的记录超过180条
2017-12-02 06:51:25,删除长低速记录,0.0,0.0,连续低于10 km/h的记录超过180条
2017-12-02 06:51:26,删除长低速记录,0.0,0.0,连续低于10 km/h的记录超过180条
2017-12-02 06:51:27,删除长低速记录,0.0,0.0,连续低于10 km/h的记录超过180条
2017-12-02 06:51:28,删除长低速记录,0.0,0.0,连续低于10 km/h的记录超过180条
2017-12-02 06:51:29,删除长低速记录,0.0,0.0,连续低于10 km/h的记录超过180条
2017-12-02 06:51:30,删除长低速记录,0.0,0.0,连续低于10 km/h的记录超过180条
2017-12-02 06:51:31,删除长低速记录,0.0,0.0,连续低于10 km/h的记录超过180条
2017-12-02 06:51:32,删除长低速记录,0.0,0.0,连续低于10 km/h的记录超过180条
2017-12-02 06:51:33,删除长低速记录,0.0,0.0,连续低于10 km/h的记录超过180条
2017-12-02 06:51:34,删除长低速记录,0.0,0.0,连续低于10 km/h的记录超过180条
2017-12-02 06:51:35,删除长低速记录,0.0,0.0,连续低于10 km/h的记录超过180条
2017-12-02 06:51:36,删除长低速记录,0.0,0.0,连续低于10 km/h的记录超过180条
2017-12-02 06:51:37,删除长低速记录,0.0,0.0,连续低于10 km/h的记录超过180条
2017-12-02 06:51:38,删除长低速记录,0.0,0.0,连续低于10 km/h的记录超过180条
2017-12-02 06:51:39,删除长低速记录,0.0,0.0,连续低于10 km/h的记录超过180条
2017-12-02 06:51:40,删除长低速记录,0.0,0.0,连续低于10 km/h的记录超过180条
2017-12-02 06:51:41,删除长低速记录,0.0,0.0,连续低于10 km/h的记录超过180条
2017-12-02 06:51:42,删除长低速记录,0.0,0.0,连续低于10 km/h的记录超过180条
2017-12-02 06:51:43,删除长低速记录,0.0,0.0,连续低于10 km/h的记录超过180条
2017-12-02 06:51:44,删除长低速记录,0.0,0.0,连续低于10 km/h的记录超过180条
2017-12-02 06:51:45,删除长低速记录,0.0,0.0,连续低于10 km/h的记录超过180条
2017-12-02 06:51:46,删除长低速记录,0.0,0.0,连续低于10 km/h的记录超过180条
2017-12-02 06:51:47,删除长低速记录,0.0,0.0,连续低于10 km/h的记录超过180条
2017-12-02 06:51:48,删除长低速记录,0.0,0.0,连续低于10 km/h的记录超过180条
2017-12-02 06:51:49,删除长低速记录,0.0,0.0,连续低于10 km/h的记录超过180条
2017-12-02 06:51:50,删除长低速记录,0.0,0.0,连续低于10 km/h的记录超过180条
2017-12-02 06:51:51,删除长低速记录,0.0,0.0,连续低于10 km/h的记录超过180条
2017-12-02 06:51:52,删除长低速记录,0.0,0.0,连续低于10 km/h的记录超过180条
2017-12-02 06:51:53,删除长低速记录,0.0,0.0,连续低于10 km/h的记录超过180条
2017-12-02 06:51:54,删除长低速记录,0.0,0.0,连续低于10 km/h的记录超过180条
2017-12-02 06:51:55,删除长低速记录,6.3,6.3,连续低于10 km/h的记录超过180条
2017-12-02 07:27:11,新增插值记录,,105.9,相邻速度 106.1 与 105.7 km/h 的线性中点
2017-12-02 07:32:26,新增插值记录,,104.0,相邻速度 103.8 与 104.2 km/h 的线性中点
2017-12-02 07:35:30,新增插值记录,,91.95,相邻速度 92.4 与 91.5 km/h 的线性中点
2017-12-02 07:45:39,新增插值记录,,89.5,相邻速度 89.5 与 89.5 km/h 的线性中点
2017-12-02 07:45:53,新增插值记录,,89.5,相邻速度 89.5 与 89.5 km/h 的线性中点
2017-12-02 07:51:19,新增插值记录,,61.25,相邻速度 60.8 与 61.7 km/h 的线性中点
2017-12-02 08:26:54,删除长低速记录,0.0,0.0,连续低于10 km/h的记录超过180条
2017-12-02 08:26:55,删除长低速记录,0.0,0.0,连续低于10 km/h的记录超过180条
2017-12-02 08:26:56,删除长低速记录,0.0,0.0,连续低于10 km/h的记录超过180条
2017-12-02 08:26:57,删除长低速记录,0.0,0.0,连续低于10 km/h的记录超过180条
2017-12-02 08:26:58,删除长低速记录,0.0,0.0,连续低于10 km/h的记录超过180条
2017-12-02 08:26:59,删除长低速记录,0.0,0.0,连续低于10 km/h的记录超过180条
2017-12-02 08:27:00,删除长低速记录,0.0,0.0,连续低于10 km/h的记录超过180条
2017-12-02 08:27:01,删除长低速记录,0.0,0.0,连续低于10 km/h的记录超过180条
2017-12-02 08:27:02,删除长低速记录,0.0,0.0,连续低于10 km/h的记录超过180条
2017-12-02 08:27:03,删除长低速记录,0.0,0.0,连续低于10 km/h的记录超过180条
2017-12-02 08:27:04,删除长低速记录,0.0,0.0,连续低于10 km/h的记录超过180条
2017-12-02 08:27:05,删除长低速记录,0.0,0.0,连续低于10 km/h的记录超过180条
2017-12-02 08:27:06,删除长低速记录,0.0,0.0,连续低于10 km/h的记录超过180条
2017-12-02 08:27:07,删除长低速记录,0.0,0.0,连续低于10 km/h的记录超过180条
2017-12-02 08:27:08,删除长低速记录,0.0,0.0,连续低于10 km/h的记录超过180条
2017-12-02 08:27:09,删除长低速记录,0.0,0.0,连续低于10 km/h的记录超过180条
2017-12-02 08:27:10,删除长低速记录,0.0,0.0,连续低于10 km/h的记录超过180条
2017-12-02 08:27:11,删除长低速记录,0.0,0.0,连续低于10 km/h的记录超过180条
2017-12-02 08:27:12,删除长低速记录,0.0,0.0,连续低于10 km/h的记录超过180条
2017-12-02 08:27:13,删除长低速记录,0.0,0.0,连续低于10 km/h的记录超过180条
2017-12-02 08:27:14,删除长低速记录,0.0,0.0,连续低于10 km/h的记录超过180条
2017-12-02 08:27:15,删除长低速记录,0.0,0.0,连续低于10 km/h的记录超过180条
2017-12-02 08:27:16,删除长低速记录,0.0,0.0,连续低于10 km/h的记录超过180条
2017-12-02 08:27:17,删除长低速记录,0.0,0.0,连续低于10 km/h的记录超过180条
2017-12-02 08:27:18,删除长低速记录,0.0,0.0,连续低于10 km/h的记录超过180条
2017-12-02 08:27:19,删除长低速记录,0.0,0.0,连续低于10 km/h的记录超过180条
2017-12-02 08:27:20,删除长低速记录,0.0,0.0,连续低于10 km/h的记录超过180条
2017-12-02 08:27:21,删除长低速记录,0.0,0.0,连续低于10 km/h的记录超过180条
2017-12-02 08:27:22,删除长低速记录,0.0,0.0,连续低于10 km/h的记录超过180条
2017-12-02 08:27:23,删除长低速记录,0.0,0.0,连续低于10 km/h的记录超过180条
2017-12-02 08:27:24,删除长低速记录,0.0,0.0,连续低于10 km/h的记录超过180条
2017-12-02 08:27:25,删除长低速记录,0.0,0.0,连续低于10 km/h的记录超过180条
2017-12-02 08:27:26,删除长低速记录,0.0,0.0,连续低于10 km/h的记录超过180条
2017-12-02 08:27:27,删除长低速记录,0.0,0.0,连续低于10 km/h的记录超过180条
2017-12-02 08:27:28,删除长低速记录,0.0,0.0,连续低于10 km/h的记录超过180条
2017-12-02 08:27:29,删除长低速记录,0.0,0.0,连续低于10 km/h的记录超过180条
2017-12-02 08:27:30,删除长低速记录,0.0,0.0,连续低于10 km/h的记录超过180条
2017-12-02 08:27:31,删除长低速记录,0.0,0.0,连续低于10 km/h的记录超过180条
2017-12-02 08:27:32,删除长低速记录,0.0,0.0,连续低于10 km/h的记录超过180条
2017-12-02 08:27:33,删除长低速记录,0.0,0.0,连续低于10 km/h的记录超过180条
2017-12-02 08:27:34,删除长低速记录,0.0,0.0,连续低于10 km/h的记录超过180条
2017-12-02 08:27:35,删除长低速记录,0.0,0.0,连续低于10 km/h的记录超过180条
2017-12-02 08:27:36,删除长低速记录,0.0,0.0,连续低于10 km/h的记录超过180条
2017-12-02 08:27:37,删除长低速记录,0.0,0.0,连续低于10 km/h的记录超过180条
2017-12-02 08:27:38,删除长低速记录,0.0,0.0,连续低于10 km/h的记录超过180条
2017-12-02 08:27:39,删除长低速记录,0.0,0.0,连续低于10 km/h的记录超过180条
2017-12-02 08:27:40,删除长低速记录,0.0,0.0,连续低于10 km/h的记录超过180条
2017-12-02 08:27:41,删除长低速记录,0.0,0.0,连续低于10 km/h的记录超过180条
2017-12-02 08:27:42,删除长低速记录,0.0,0.0,连续低于10 km/h的记录超过180条
2017-12-02 08:27:43,删除长低速记录,0.0,0.0,连续低于10 km/h的记录超过180条
2017-12-02 08:27:44,删除长低速记录,0.0,0.0,连续低于10 km/h的记录超过180条
2017-12-02 08:27:45,删除长低速记录,0.0,0.0,连续低于10 km/h的记录超过180条
2017-12-02 08:27:46,删除长低速记录,0.0,0.0,连续低于10 km/h的记录超过180条
2017-12-02 08:27:47,删除长低速记录,3.5,3.5,连续低于10 km/h的记录超过180条
2017-12-02 08:27:48,删除长低速记录,6.1,6.1,连续低于10 km/h的记录超过180条
2017-12-02 08:27:49,删除长低速记录,6.9,6.9,连续低于10 km/h的记录超过180条
2017-12-02 08:27:50,删除长低速记录,7.4,7.4,连续低于10 km/h的记录超过180条
2017-12-02 08:27:51,删除长低速记录,7.3,7.3,连续低于10 km/h的记录超过180条
2017-12-02 08:27:52,删除长低速记录,8.2,8.2,连续低于10 km/h的记录超过180条
2017-12-02 08:27:53,删除长低速记录,9.2,9.2,连续低于10 km/h的记录超过180条
2017-12-02 08:57:12,车速限幅,29.4,14.256,"连续1秒允许范围 [0.000000, 14.256000] km/h"
2017-12-02 08:57:13,车速限幅,32.8,28.512,"连续1秒允许范围 [0.000000, 28.512000] km/h"
2017-12-02 08:57:15,车速限幅,0.0,5.699999999999999,"连续1秒允许范围 [5.700000, 48.756000] km/h"
2017-12-02 08:57:16,车速限幅,33.3,19.956,"连续1秒允许范围 [0.000000, 19.956000] km/h"
2017-12-02 09:14:57,删除长低速记录,0.0,0.0,连续低于10 km/h的记录超过180条
2017-12-02 09:14:58,删除长低速记录,0.0,0.0,连续低于10 km/h的记录超过180条
2017-12-02 09:14:59,删除长低速记录,0.0,0.0,连续低于10 km/h的记录超过180条
2017-12-02 09:15:00,删除长低速记录,0.0,0.0,连续低于10 km/h的记录超过180条
2017-12-02 09:15:01,删除长低速记录,0.0,0.0,连续低于10 km/h的记录超过180条
2017-12-02 09:15:02,删除长低速记录,0.0,0.0,连续低于10 km/h的记录超过180条
2017-12-02 09:15:03,删除长低速记录,0.0,0.0,连续低于10 km/h的记录超过180条
2017-12-02 09:15:04,删除长低速记录,0.0,0.0,连续低于10 km/h的记录超过180条
2017-12-02 09:15:05,删除长低速记录,0.0,0.0,连续低于10 km/h的记录超过180条
2017-12-02 09:15:06,删除长低速记录,0.0,0.0,连续低于10 km/h的记录超过180条
2017-12-02 09:15:07,删除长低速记录,0.0,0.0,连续低于10 km/h的记录超过180条
2017-12-02 09:15:08,删除长低速记录,0.0,0.0,连续低于10 km/h的记录超过180条
2017-12-02 09:15:09,删除长低速记录,0.0,0.0,连续低于10 km/h的记录超过180条
2017-12-02 09:15:10,删除长低速记录,0.0,0.0,连续低于10 km/h的记录超过180条
2017-12-02 09:15:11,删除长低速记录,0.0,0.0,连续低于10 km/h的记录超过180条
2017-12-02 09:15:12,删除长低速记录,0.0,0.0,连续低于10 km/h的记录超过180条
2017-12-02 09:15:13,删除长低速记录,0.0,0.0,连续低于10 km/h的记录超过180条
2017-12-02 09:15:14,删除长低速记录,0.0,0.0,连续低于10 km/h的记录超过180条
2017-12-02 09:15:15,删除长低速记录,0.0,0.0,连续低于10 km/h的记录超过180条
2017-12-02 09:15:16,删除长低速记录,0.0,0.0,连续低于10 km/h的记录超过180条
2017-12-02 09:15:17,删除长低速记录,0.0,0.0,连续低于10 km/h的记录超过180条
2017-12-02 09:15:18,删除长低速记录,0.0,0.0,连续低于10 km/h的记录超过180条
2017-12-02 09:15:19,删除长低速记录,0.0,0.0,连续低于10 km/h的记录超过180条
2017-12-02 09:15:20,删除长低速记录,0.0,0.0,连续低于10 km/h的记录超过180条
2017-12-02 09:15:21,删除长低速记录,0.0,0.0,连续低于10 km/h的记录超过180条
2017-12-02 09:15:22,删除长低速记录,0.0,0.0,连续低于10 km/h的记录超过180条
2017-12-02 09:15:23,删除长低速记录,0.0,0.0,连续低于10 km/h的记录超过180条
2017-12-02 09:15:24,删除长低速记录,0.0,0.0,连续低于10 km/h的记录超过180条
2017-12-02 09:15:25,删除长低速记录,0.0,0.0,连续低于10 km/h的记录超过180条
2017-12-02 09:15:26,删除长低速记录,0.0,0.0,连续低于10 km/h的记录超过180条
2017-12-02 09:15:27,删除长低速记录,0.0,0.0,连续低于10 km/h的记录超过180条
2017-12-02 09:15:28,删除长低速记录,0.0,0.0,连续低于10 km/h的记录超过180条
2017-12-02 09:15:29,删除长低速记录,0.0,0.0,连续低于10 km/h的记录超过180条
2017-12-02 09:15:30,删除长低速记录,0.0,0.0,连续低于10 km/h的记录超过180条
2017-12-02 09:15:31,删除长低速记录,0.0,0.0,连续低于10 km/h的记录超过180条
2017-12-02 09:15:32,删除长低速记录,0.0,0.0,连续低于10 km/h的记录超过180条
2017-12-02 09:15:33,删除长低速记录,0.0,0.0,连续低于10 km/h的记录超过180条
2017-12-02 09:15:34,删除长低速记录,0.0,0.0,连续低于10 km/h的记录超过180条
2017-12-02 09:15:35,删除长低速记录,0.0,0.0,连续低于10 km/h的记录超过180条
2017-12-02 09:15:36,删除长低速记录,0.0,0.0,连续低于10 km/h的记录超过180条
2017-12-02 09:15:37,删除长低速记录,0.0,0.0,连续低于10 km/h的记录超过180条
2017-12-02 09:15:38,删除长低速记录,0.0,0.0,连续低于10 km/h的记录超过180条
2017-12-02 09:15:39,删除长低速记录,0.0,0.0,连续低于10 km/h的记录超过180条
2017-12-02 09:15:40,删除长低速记录,0.0,0.0,连续低于10 km/h的记录超过180条
2017-12-02 09:15:41,删除长低速记录,0.0,0.0,连续低于10 km/h的记录超过180条
2017-12-02 09:15:42,删除长低速记录,0.0,0.0,连续低于10 km/h的记录超过180条
2017-12-02 09:15:43,删除长低速记录,0.0,0.0,连续低于10 km/h的记录超过180条
2017-12-02 09:15:44,删除长低速记录,0.0,0.0,连续低于10 km/h的记录超过180条
2017-12-02 09:15:45,删除长低速记录,0.0,0.0,连续低于10 km/h的记录超过180条
2017-12-02 09:15:46,删除长低速记录,0.0,0.0,连续低于10 km/h的记录超过180条
2017-12-02 09:15:47,删除长低速记录,0.0,0.0,连续低于10 km/h的记录超过180条
2017-12-02 09:15:48,删除长低速记录,0.0,0.0,连续低于10 km/h的记录超过180条
2017-12-02 09:15:49,删除长低速记录,0.0,0.0,连续低于10 km/h的记录超过180条
2017-12-02 09:15:50,删除长低速记录,0.0,0.0,连续低于10 km/h的记录超过180条
2017-12-02 09:15:51,删除长低速记录,0.0,0.0,连续低于10 km/h的记录超过180条
2017-12-02 09:15:52,删除长低速记录,0.0,0.0,连续低于10 km/h的记录超过180条
2017-12-02 09:15:53,删除长低速记录,0.0,0.0,连续低于10 km/h的记录超过180条
2017-12-02 09:15:54,删除长低速记录,0.0,0.0,连续低于10 km/h的记录超过180条
2017-12-02 09:15:55,删除长低速记录,0.0,0.0,连续低于10 km/h的记录超过180条
2017-12-02 09:15:56,删除长低速记录,0.0,0.0,连续低于10 km/h的记录超过180条
2017-12-02 09:15:57,删除长低速记录,0.0,0.0,连续低于10 km/h的记录超过180条
2017-12-02 09:15:58,删除长低速记录,0.0,0.0,连续低于10 km/h的记录超过180条
2017-12-02 09:15:59,删除长低速记录,0.0,0.0,连续低于10 km/h的记录超过180条
2017-12-02 09:16:00,删除长低速记录,0.0,0.0,连续低于10 km/h的记录超过180条
2017-12-02 09:16:01,删除长低速记录,0.0,0.0,连续低于10 km/h的记录超过180条
2017-12-02 09:16:02,删除长低速记录,0.0,0.0,连续低于10 km/h的记录超过180条
2017-12-02 09:16:03,删除长低速记录,0.0,0.0,连续低于10 km/h的记录超过180条
2017-12-02 09:16:04,删除长低速记录,0.0,0.0,连续低于10 km/h的记录超过180条
2017-12-02 09:16:05,删除长低速记录,0.0,0.0,连续低于10 km/h的记录超过180条
2017-12-02 09:16:06,删除长低速记录,0.0,0.0,连续低于10 km/h的记录超过180条
2017-12-02 09:16:07,删除长低速记录,0.0,0.0,连续低于10 km/h的记录超过180条
2017-12-02 09:16:08,删除长低速记录,0.0,0.0,连续低于10 km/h的记录超过180条
2017-12-02 09:16:09,删除长低速记录,0.0,0.0,连续低于10 km/h的记录超过180条
2017-12-02 09:16:10,删除长低速记录,0.0,0.0,连续低于10 km/h的记录超过180条
2017-12-02 09:16:11,删除长低速记录,0.0,0.0,连续低于10 km/h的记录超过180条
2017-12-02 09:16:12,删除长低速记录,0.0,0.0,连续低于10 km/h的记录超过180条
2017-12-02 09:16:13,删除长低速记录,0.0,0.0,连续低于10 km/h的记录超过180条
2017-12-02 09:16:14,删除长低速记录,0.0,0.0,连续低于10 km/h的记录超过180条
2017-12-02 09:16:15,删除长低速记录,0.0,0.0,连续低于10 km/h的记录超过180条
2017-12-02 09:16:16,删除长低速记录,0.0,0.0,连续低于10 km/h的记录超过180条
2017-12-02 09:16:17,删除长低速记录,0.0,0.0,连续低于10 km/h的记录超过180条
2017-12-02 09:16:18,删除长低速记录,0.0,0.0,连续低于10 km/h的记录超过180条
2017-12-02 09:16:19,删除长低速记录,0.0,0.0,连续低于10 km/h的记录超过180条
2017-12-02 09:16:20,删除长低速记录,0.0,0.0,连续低于10 km/h的记录超过180条
2017-12-02 09:16:21,删除长低速记录,0.0,0.0,连续低于10 km/h的记录超过180条
2017-12-02 09:16:22,删除长低速记录,0.0,0.0,连续低于10 km/h的记录超过180条
2017-12-02 09:16:23,删除长低速记录,0.0,0.0,连续低于10 km/h的记录超过180条
2017-12-02 09:16:24,删除长低速记录,0.0,0.0,连续低于10 km/h的记录超过180条
2017-12-02 09:16:25,删除长低速记录,0.0,0.0,连续低于10 km/h的记录超过180条
2017-12-02 09:16:26,删除长低速记录,0.0,0.0,连续低于10 km/h的记录超过180条
2017-12-02 09:16:27,删除长低速记录,0.0,0.0,连续低于10 km/h的记录超过180条
2017-12-02 09:16:28,删除长低速记录,0.0,0.0,连续低于10 km/h的记录超过180条
2017-12-02 09:16:29,删除长低速记录,0.0,0.0,连续低于10 km/h的记录超过180条
2017-12-02 09:16:30,删除长低速记录,0.0,0.0,连续低于10 km/h的记录超过180条
2017-12-02 09:16:31,删除长低速记录,0.0,0.0,连续低于10 km/h的记录超过180条
2017-12-02 09:16:32,删除长低速记录,0.0,0.0,连续低于10 km/h的记录超过180条
2017-12-02 09:16:33,删除长低速记录,0.0,0.0,连续低于10 km/h的记录超过180条
2017-12-02 09:16:34,删除长低速记录,0.0,0.0,连续低于10 km/h的记录超过180条
2017-12-02 09:16:35,删除长低速记录,0.0,0.0,连续低于10 km/h的记录超过180条
2017-12-02 09:16:36,删除长低速记录,0.0,0.0,连续低于10 km/h的记录超过180条
2017-12-02 09:16:37,删除长低速记录,0.0,0.0,连续低于10 km/h的记录超过180条
2017-12-02 09:16:38,删除长低速记录,0.0,0.0,连续低于10 km/h的记录超过180条
2017-12-02 09:16:39,删除长低速记录,0.0,0.0,连续低于10 km/h的记录超过180条
2017-12-02 09:16:40,删除长低速记录,0.0,0.0,连续低于10 km/h的记录超过180条
2017-12-02 09:16:41,删除长低速记录,0.0,0.0,连续低于10 km/h的记录超过180条
2017-12-02 09:16:42,删除长低速记录,0.0,0.0,连续低于10 km/h的记录超过180条
2017-12-02 09:16:43,删除长低速记录,0.0,0.0,连续低于10 km/h的记录超过180条
2017-12-02 09:16:44,删除长低速记录,0.0,0.0,连续低于10 km/h的记录超过180条
2017-12-02 09:16:45,删除长低速记录,0.0,0.0,连续低于10 km/h的记录超过180条
2017-12-02 09:16:46,删除长低速记录,0.0,0.0,连续低于10 km/h的记录超过180条
2017-12-02 09:16:47,删除长低速记录,0.0,0.0,连续低于10 km/h的记录超过180条
2017-12-02 09:16:48,删除长低速记录,0.0,0.0,连续低于10 km/h的记录超过180条
2017-12-02 09:16:49,删除长低速记录,0.0,0.0,连续低于10 km/h的记录超过180条
2017-12-02 09:16:50,删除长低速记录,0.0,0.0,连续低于10 km/h的记录超过180条
2017-12-02 09:16:51,删除长低速记录,0.0,0.0,连续低于10 km/h的记录超过180条
2017-12-02 09:16:52,删除长低速记录,0.0,0.0,连续低于10 km/h的记录超过180条
2017-12-02 09:16:53,删除长低速记录,0.0,0.0,连续低于10 km/h的记录超过180条
2017-12-02 09:16:54,删除长低速记录,0.0,0.0,连续低于10 km/h的记录超过180条
2017-12-02 09:16:55,删除长低速记录,0.0,0.0,连续低于10 km/h的记录超过180条
2017-12-02 09:16:56,删除长低速记录,0.0,0.0,连续低于10 km/h的记录超过180条
2017-12-02 09:16:57,删除长低速记录,0.0,0.0,连续低于10 km/h的记录超过180条
2017-12-02 09:16:58,删除长低速记录,0.0,0.0,连续低于10 km/h的记录超过180条
2017-12-02 09:16:59,删除长低速记录,0.0,0.0,连续低于10 km/h的记录超过180条
2017-12-02 09:17:00,删除长低速记录,0.0,0.0,连续低于10 km/h的记录超过180条
2017-12-02 09:17:01,删除长低速记录,0.0,0.0,连续低于10 km/h的记录超过180条
2017-12-02 09:17:02,删除长低速记录,0.0,0.0,连续低于10 km/h的记录超过180条
2017-12-02 09:17:03,删除长低速记录,0.0,0.0,连续低于10 km/h的记录超过180条
2017-12-02 09:17:04,删除长低速记录,0.0,0.0,连续低于10 km/h的记录超过180条
2017-12-02 09:17:05,删除长低速记录,0.0,0.0,连续低于10 km/h的记录超过180条
2017-12-02 09:17:06,删除长低速记录,0.0,0.0,连续低于10 km/h的记录超过180条
2017-12-02 09:17:07,删除长低速记录,0.0,0.0,连续低于10 km/h的记录超过180条
2017-12-02 09:17:08,删除长低速记录,0.0,0.0,连续低于10 km/h的记录超过180条
2017-12-02 09:17:09,删除长低速记录,0.0,0.0,连续低于10 km/h的记录超过180条
2017-12-02 09:17:10,删除长低速记录,0.0,0.0,连续低于10 km/h的记录超过180条
2017-12-02 09:17:11,删除长低速记录,0.0,0.0,连续低于10 km/h的记录超过180条
2017-12-02 09:17:12,删除长低速记录,0.0,0.0,连续低于10 km/h的记录超过180条
2017-12-02 09:17:13,删除长低速记录,0.0,0.0,连续低于10 km/h的记录超过180条
2017-12-02 09:17:14,删除长低速记录,0.0,0.0,连续低于10 km/h的记录超过180条
2017-12-02 09:17:15,删除长低速记录,0.0,0.0,连续低于10 km/h的记录超过180条
2017-12-02 09:17:16,删除长低速记录,0.0,0.0,连续低于10 km/h的记录超过180条
2017-12-02 09:17:17,删除长低速记录,0.0,0.0,连续低于10 km/h的记录超过180条
2017-12-02 09:17:18,删除长低速记录,0.0,0.0,连续低于10 km/h的记录超过180条
2017-12-02 09:17:19,删除长低速记录,0.0,0.0,连续低于10 km/h的记录超过180条
2017-12-02 09:17:20,删除长低速记录,0.0,0.0,连续低于10 km/h的记录超过180条
2017-12-02 09:17:21,删除长低速记录,0.0,0.0,连续低于10 km/h的记录超过180条
2017-12-02 09:17:22,删除长低速记录,0.0,0.0,连续低于10 km/h的记录超过180条
2017-12-02 09:17:23,删除长低速记录,0.0,0.0,连续低于10 km/h的记录超过180条
2017-12-02 09:17:24,删除长低速记录,0.0,0.0,连续低于10 km/h的记录超过180条
2017-12-02 09:17:25,删除长低速记录,0.0,0.0,连续低于10 km/h的记录超过180条
2017-12-02 09:17:26,删除长低速记录,0.0,0.0,连续低于10 km/h的记录超过180条
2017-12-02 09:17:27,删除长低速记录,0.0,0.0,连续低于10 km/h的记录超过180条
2017-12-02 09:17:28,删除长低速记录,0.0,0.0,连续低于10 km/h的记录超过180条
2017-12-02 09:17:29,删除长低速记录,0.0,0.0,连续低于10 km/h的记录超过180条
2017-12-02 09:17:30,删除长低速记录,0.0,0.0,连续低于10 km/h的记录超过180条
2017-12-02 09:17:31,删除长低速记录,0.0,0.0,连续低于10 km/h的记录超过180条
2017-12-02 09:17:32,删除长低速记录,0.0,0.0,连续低于10 km/h的记录超过180条
2017-12-02 09:17:33,删除长低速记录,0.0,0.0,连续低于10 km/h的记录超过180条
2017-12-02 09:17:34,删除长低速记录,0.0,0.0,连续低于10 km/h的记录超过180条
2017-12-02 09:17:35,删除长低速记录,0.0,0.0,连续低于10 km/h的记录超过180条
2017-12-02 09:17:36,删除长低速记录,0.0,0.0,连续低于10 km/h的记录超过180条
2017-12-02 09:17:37,删除长低速记录,0.0,0.0,连续低于10 km/h的记录超过180条
2017-12-02 09:17:38,删除长低速记录,0.0,0.0,连续低于10 km/h的记录超过180条
2017-12-02 09:17:39,删除长低速记录,0.0,0.0,连续低于10 km/h的记录超过180条
2017-12-02 09:17:40,删除长低速记录,0.0,0.0,连续低于10 km/h的记录超过180条
2017-12-02 09:17:41,删除长低速记录,0.0,0.0,连续低于10 km/h的记录超过180条
2017-12-02 09:17:42,删除长低速记录,0.0,0.0,连续低于10 km/h的记录超过180条
2017-12-02 09:17:43,删除长低速记录,0.0,0.0,连续低于10 km/h的记录超过180条
2017-12-02 09:17:44,删除长低速记录,0.0,0.0,连续低于10 km/h的记录超过180条
2017-12-02 09:17:45,删除长低速记录,0.0,0.0,连续低于10 km/h的记录超过180条
2017-12-02 09:17:46,删除长低速记录,0.0,0.0,连续低于10 km/h的记录超过180条
2017-12-02 09:17:47,删除长低速记录,0.0,0.0,连续低于10 km/h的记录超过180条
2017-12-02 09:17:48,删除长低速记录,0.0,0.0,连续低于10 km/h的记录超过180条
2017-12-02 09:17:49,删除长低速记录,0.0,0.0,连续低于10 km/h的记录超过180条
2017-12-02 09:17:50,删除长低速记录,0.0,0.0,连续低于10 km/h的记录超过180条
2017-12-02 09:17:51,删除长低速记录,0.0,0.0,连续低于10 km/h的记录超过180条
2017-12-02 09:17:52,删除长低速记录,0.0,0.0,连续低于10 km/h的记录超过180条
2017-12-02 09:17:53,删除长低速记录,0.0,0.0,连续低于10 km/h的记录超过180条
2017-12-02 09:17:54,删除长低速记录,0.0,0.0,连续低于10 km/h的记录超过180条
2017-12-02 09:17:55,删除长低速记录,0.0,0.0,连续低于10 km/h的记录超过180条
2017-12-02 09:17:56,删除长低速记录,0.0,0.0,连续低于10 km/h的记录超过180条
2017-12-02 09:17:57,删除长低速记录,0.0,0.0,连续低于10 km/h的记录超过180条
2017-12-02 09:17:58,删除长低速记录,0.0,0.0,连续低于10 km/h的记录超过180条
2017-12-02 09:17:59,删除长低速记录,0.0,0.0,连续低于10 km/h的记录超过180条
2017-12-02 09:18:00,删除长低速记录,0.0,0.0,连续低于10 km/h的记录超过180条
2017-12-02 09:18:01,删除长低速记录,0.0,0.0,连续低于10 km/h的记录超过180条
2017-12-02 09:18:02,删除长低速记录,0.0,0.0,连续低于10 km/h的记录超过180条
2017-12-02 09:18:03,删除长低速记录,0.0,0.0,连续低于10 km/h的记录超过180条
2017-12-02 09:18:04,删除长低速记录,0.0,0.0,连续低于10 km/h的记录超过180条
2017-12-02 09:18:05,删除长低速记录,0.0,0.0,连续低于10 km/h的记录超过180条
2017-12-02 09:18:06,删除长低速记录,0.0,0.0,连续低于10 km/h的记录超过180条
2017-12-02 09:18:07,删除长低速记录,0.0,0.0,连续低于10 km/h的记录超过180条
2017-12-02 09:18:08,删除长低速记录,0.0,0.0,连续低于10 km/h的记录超过180条
2017-12-02 09:18:09,删除长低速记录,0.0,0.0,连续低于10 km/h的记录超过180条
2017-12-02 09:18:10,删除长低速记录,0.0,0.0,连续低于10 km/h的记录超过180条
2017-12-02 09:18:11,删除长低速记录,0.0,0.0,连续低于10 km/h的记录超过180条
2017-12-02 09:18:12,删除长低速记录,0.0,0.0,连续低于10 km/h的记录超过180条
2017-12-02 09:18:13,删除长低速记录,0.0,0.0,连续低于10 km/h的记录超过180条
2017-12-02 09:18:14,删除长低速记录,0.0,0.0,连续低于10 km/h的记录超过180条
2017-12-02 09:18:15,删除长低速记录,0.0,0.0,连续低于10 km/h的记录超过180条
2017-12-02 09:18:16,删除长低速记录,0.0,0.0,连续低于10 km/h的记录超过180条
2017-12-02 09:18:17,删除长低速记录,0.0,0.0,连续低于10 km/h的记录超过180条
2017-12-02 09:18:18,删除长低速记录,0.0,0.0,连续低于10 km/h的记录超过180条
2017-12-02 09:18:19,删除长低速记录,0.0,0.0,连续低于10 km/h的记录超过180条
2017-12-02 09:18:20,删除长低速记录,0.0,0.0,连续低于10 km/h的记录超过180条
2017-12-02 09:18:21,删除长低速记录,0.0,0.0,连续低于10 km/h的记录超过180条
2017-12-02 09:18:22,删除长低速记录,0.0,0.0,连续低于10 km/h的记录超过180条
2017-12-02 09:18:23,删除长低速记录,0.0,0.0,连续低于10 km/h的记录超过180条
2017-12-02 09:18:24,删除长低速记录,0.0,0.0,连续低于10 km/h的记录超过180条
2017-12-02 09:18:25,删除长低速记录,0.0,0.0,连续低于10 km/h的记录超过180条
2017-12-02 09:18:26,删除长低速记录,0.0,0.0,连续低于10 km/h的记录超过180条
2017-12-02 09:18:27,删除长低速记录,0.0,0.0,连续低于10 km/h的记录超过180条
2017-12-02 09:18:28,删除长低速记录,0.0,0.0,连续低于10 km/h的记录超过180条
2017-12-02 09:18:29,删除长低速记录,0.0,0.0,连续低于10 km/h的记录超过180条
2017-12-02 09:18:30,删除长低速记录,0.0,0.0,连续低于10 km/h的记录超过180条
2017-12-02 09:18:31,删除长低速记录,0.0,0.0,连续低于10 km/h的记录超过180条
2017-12-02 09:18:32,删除长低速记录,0.0,0.0,连续低于10 km/h的记录超过180条
2017-12-02 09:18:33,删除长低速记录,0.0,0.0,连续低于10 km/h的记录超过180条
2017-12-02 09:18:34,删除长低速记录,0.0,0.0,连续低于10 km/h的记录超过180条
2017-12-02 09:18:35,删除长低速记录,0.0,0.0,连续低于10 km/h的记录超过180条
2017-12-02 09:18:36,删除长低速记录,0.0,0.0,连续低于10 km/h的记录超过180条
2017-12-02 09:18:37,删除长低速记录,0.0,0.0,连续低于10 km/h的记录超过180条
2017-12-02 09:18:38,删除长低速记录,0.0,0.0,连续低于10 km/h的记录超过180条
2017-12-02 09:18:39,删除长低速记录,0.0,0.0,连续低于10 km/h的记录超过180条
2017-12-02 09:18:40,删除长低速记录,0.0,0.0,连续低于10 km/h的记录超过180条
2017-12-02 09:18:41,删除长低速记录,0.0,0.0,连续低于10 km/h的记录超过180条
2017-12-02 09:18:42,删除长低速记录,0.0,0.0,连续低于10 km/h的记录超过180条
2017-12-02 09:18:43,删除长低速记录,0.0,0.0,连续低于10 km/h的记录超过180条
2017-12-02 09:18:44,删除长低速记录,0.0,0.0,连续低于10 km/h的记录超过180条
2017-12-02 09:18:45,删除长低速记录,0.0,0.0,连续低于10 km/h的记录超过180条
2017-12-02 09:18:46,删除长低速记录,0.0,0.0,连续低于10 km/h的记录超过180条
2017-12-02 09:18:47,删除长低速记录,0.0,0.0,连续低于10 km/h的记录超过180条
2017-12-02 09:18:48,删除长低速记录,0.0,0.0,连续低于10 km/h的记录超过180条
2017-12-02 09:18:49,删除长低速记录,0.0,0.0,连续低于10 km/h的记录超过180条
2017-12-02 09:18:50,删除长低速记录,0.0,0.0,连续低于10 km/h的记录超过180条
2017-12-02 09:18:51,删除长低速记录,0.0,0.0,连续低于10 km/h的记录超过180条
2017-12-02 09:18:52,删除长低速记录,0.0,0.0,连续低于10 km/h的记录超过180条
2017-12-02 09:18:53,删除长低速记录,0.0,0.0,连续低于10 km/h的记录超过180条
2017-12-02 09:18:54,删除长低速记录,0.0,0.0,连续低于10 km/h的记录超过180条
2017-12-02 09:18:55,删除长低速记录,0.0,0.0,连续低于10 km/h的记录超过180条
2017-12-02 09:18:56,删除长低速记录,0.0,0.0,连续低于10 km/h的记录超过180条
2017-12-02 09:18:57,删除长低速记录,0.0,0.0,连续低于10 km/h的记录超过180条
2017-12-02 09:18:58,删除长低速记录,0.0,0.0,连续低于10 km/h的记录超过180条
2017-12-02 09:18:59,删除长低速记录,0.0,0.0,连续低于10 km/h的记录超过180条
2017-12-02 09:19:00,删除长低速记录,0.0,0.0,连续低于10 km/h的记录超过180条
2017-12-02 09:19:01,删除长低速记录,0.0,0.0,连续低于10 km/h的记录超过180条
2017-12-02 09:19:02,删除长低速记录,0.0,0.0,连续低于10 km/h的记录超过180条
2017-12-02 09:19:03,删除长低速记录,0.0,0.0,连续低于10 km/h的记录超过180条
2017-12-02 09:19:04,删除长低速记录,0.0,0.0,连续低于10 km/h的记录超过180条
2017-12-02 09:19:05,删除长低速记录,0.0,0.0,连续低于10 km/h的记录超过180条
2017-12-02 09:19:06,删除长低速记录,0.0,0.0,连续低于10 km/h的记录超过180条
2017-12-02 09:19:07,删除长低速记录,0.0,0.0,连续低于10 km/h的记录超过180条
2017-12-02 09:19:08,删除长低速记录,0.0,0.0,连续低于10 km/h的记录超过180条
2017-12-02 09:19:09,删除长低速记录,0.0,0.0,连续低于10 km/h的记录超过180条
2017-12-02 09:19:10,删除长低速记录,0.0,0.0,连续低于10 km/h的记录超过180条
2017-12-02 09:19:11,删除长低速记录,0.0,0.0,连续低于10 km/h的记录超过180条
2017-12-02 09:19:12,删除长低速记录,0.0,0.0,连续低于10 km/h的记录超过180条
2017-12-02 09:19:13,删除长低速记录,0.0,0.0,连续低于10 km/h的记录超过180条
2017-12-02 09:19:14,删除长低速记录,0.0,0.0,连续低于10 km/h的记录超过180条
2017-12-02 09:19:15,删除长低速记录,0.0,0.0,连续低于10 km/h的记录超过180条
2017-12-02 09:19:16,删除长低速记录,0.0,0.0,连续低于10 km/h的记录超过180条
2017-12-02 09:19:17,删除长低速记录,0.0,0.0,连续低于10 km/h的记录超过180条
2017-12-02 09:19:18,删除长低速记录,0.0,0.0,连续低于10 km/h的记录超过180条
2017-12-02 09:19:19,删除长低速记录,0.0,0.0,连续低于10 km/h的记录超过180条
2017-12-02 09:19:20,删除长低速记录,0.0,0.0,连续低于10 km/h的记录超过180条
2017-12-02 09:19:21,删除长低速记录,0.0,0.0,连续低于10 km/h的记录超过180条
2017-12-02 09:19:22,删除长低速记录,0.0,0.0,连续低于10 km/h的记录超过180条
2017-12-02 09:19:23,删除长低速记录,0.0,0.0,连续低于10 km/h的记录超过180条
2017-12-02 09:19:24,删除长低速记录,0.0,0.0,连续低于10 km/h的记录超过180条
2017-12-02 09:19:25,删除长低速记录,0.0,0.0,连续低于10 km/h的记录超过180条
2017-12-02 09:19:26,删除长低速记录,0.0,0.0,连续低于10 km/h的记录超过180条
2017-12-02 09:19:27,删除长低速记录,0.0,0.0,连续低于10 km/h的记录超过180条
2017-12-02 09:19:28,删除长低速记录,0.0,0.0,连续低于10 km/h的记录超过180条
2017-12-02 09:19:29,删除长低速记录,0.0,0.0,连续低于10 km/h的记录超过180条
2017-12-02 09:19:30,删除长低速记录,0.0,0.0,连续低于10 km/h的记录超过180条
2017-12-02 09:19:31,删除长低速记录,0.0,0.0,连续低于10 km/h的记录超过180条
2017-12-02 09:19:32,删除长低速记录,0.0,0.0,连续低于10 km/h的记录超过180条
2017-12-02 09:19:33,删除长低速记录,0.0,0.0,连续低于10 km/h的记录超过180条
2017-12-02 09:19:34,删除长低速记录,0.0,0.0,连续低于10 km/h的记录超过180条
2017-12-02 09:19:35,删除长低速记录,0.0,0.0,连续低于10 km/h的记录超过180条
2017-12-02 09:19:36,删除长低速记录,0.0,0.0,连续低于10 km/h的记录超过180条
2017-12-02 09:19:37,删除长低速记录,0.0,0.0,连续低于10 km/h的记录超过180条
2017-12-02 09:19:38,删除长低速记录,0.0,0.0,连续低于10 km/h的记录超过180条
2017-12-02 09:19:39,删除长低速记录,0.0,0.0,连续低于10 km/h的记录超过180条
2017-12-02 09:19:40,删除长低速记录,0.0,0.0,连续低于10 km/h的记录超过180条
2017-12-02 09:19:41,删除长低速记录,0.0,0.0,连续低于10 km/h的记录超过180条
2017-12-02 09:19:42,删除长低速记录,0.0,0.0,连续低于10 km/h的记录超过180条
2017-12-02 09:19:43,删除长低速记录,0.0,0.0,连续低于10 km/h的记录超过180条
2017-12-02 09:19:44,删除长低速记录,0.0,0.0,连续低于10 km/h的记录超过180条
2017-12-02 09:19:45,删除长低速记录,0.0,0.0,连续低于10 km/h的记录超过180条
2017-12-02 09:19:46,删除长低速记录,0.0,0.0,连续低于10 km/h的记录超过180条
2017-12-02 09:19:47,删除长低速记录,0.0,0.0,连续低于10 km/h的记录超过180条
2017-12-02 09:19:48,删除长低速记录,0.0,0.0,连续低于10 km/h的记录超过180条
2017-12-02 09:19:49,删除长低速记录,0.0,0.0,连续低于10 km/h的记录超过180条
2017-12-02 09:19:50,删除长低速记录,0.0,0.0,连续低于10 km/h的记录超过180条
2017-12-02 09:19:51,删除长低速记录,0.0,0.0,连续低于10 km/h的记录超过180条
2017-12-02 09:19:52,删除长低速记录,0.0,0.0,连续低于10 km/h的记录超过180条
2017-12-02 09:19:53,删除长低速记录,0.0,0.0,连续低于10 km/h的记录超过180条
2017-12-02 09:19:54,删除长低速记录,0.0,0.0,连续低于10 km/h的记录超过180条
2017-12-02 09:19:55,删除长低速记录,0.0,0.0,连续低于10 km/h的记录超过180条
2017-12-02 09:19:56,删除长低速记录,0.0,0.0,连续低于10 km/h的记录超过180条
2017-12-02 09:19:57,删除长低速记录,0.0,0.0,连续低于10 km/h的记录超过180条
2017-12-02 09:19:58,删除长低速记录,0.0,0.0,连续低于10 km/h的记录超过180条
2017-12-02 09:19:59,删除长低速记录,0.0,0.0,连续低于10 km/h的记录超过180条
2017-12-02 09:20:00,删除长低速记录,0.0,0.0,连续低于10 km/h的记录超过180条
2017-12-02 09:20:01,删除长低速记录,0.0,0.0,连续低于10 km/h的记录超过180条
2017-12-02 09:20:02,删除长低速记录,0.0,0.0,连续低于10 km/h的记录超过180条
2017-12-02 09:20:03,删除长低速记录,0.0,0.0,连续低于10 km/h的记录超过180条
2017-12-02 09:20:04,删除长低速记录,0.0,0.0,连续低于10 km/h的记录超过180条
2017-12-02 09:20:05,删除长低速记录,0.0,0.0,连续低于10 km/h的记录超过180条
2017-12-02 09:20:06,删除长低速记录,0.0,0.0,连续低于10 km/h的记录超过180条
2017-12-02 09:20:07,删除长低速记录,0.0,0.0,连续低于10 km/h的记录超过180条
2017-12-02 09:20:08,删除长低速记录,0.0,0.0,连续低于10 km/h的记录超过180条
2017-12-02 09:20:09,删除长低速记录,0.0,0.0,连续低于10 km/h的记录超过180条
2017-12-02 09:20:10,删除长低速记录,0.0,0.0,连续低于10 km/h的记录超过180条
2017-12-02 09:20:11,删除长低速记录,0.0,0.0,连续低于10 km/h的记录超过180条
2017-12-02 09:20:12,删除长低速记录,0.0,0.0,连续低于10 km/h的记录超过180条
2017-12-02 09:20:13,删除长低速记录,0.0,0.0,连续低于10 km/h的记录超过180条
2017-12-02 09:20:14,删除长低速记录,0.0,0.0,连续低于10 km/h的记录超过180条
2017-12-02 09:20:15,删除长低速记录,0.0,0.0,连续低于10 km/h的记录超过180条
2017-12-02 09:20:16,删除长低速记录,0.0,0.0,连续低于10 km/h的记录超过180条
2017-12-02 09:20:17,删除长低速记录,0.0,0.0,连续低于10 km/h的记录超过180条
2017-12-02 09:20:18,删除长低速记录,0.0,0.0,连续低于10 km/h的记录超过180条
2017-12-02 09:20:19,删除长低速记录,0.0,0.0,连续低于10 km/h的记录超过180条
2017-12-02 09:20:20,删除长低速记录,0.0,0.0,连续低于10 km/h的记录超过180条
2017-12-02 09:20:21,删除长低速记录,0.0,0.0,连续低于10 km/h的记录超过180条
2017-12-02 09:20:22,删除长低速记录,0.0,0.0,连续低于10 km/h的记录超过180条
2017-12-02 09:20:23,删除长低速记录,0.0,0.0,连续低于10 km/h的记录超过180条
2017-12-02 09:20:24,删除长低速记录,0.0,0.0,连续低于10 km/h的记录超过180条
2017-12-02 09:20:25,删除长低速记录,0.0,0.0,连续低于10 km/h的记录超过180条
2017-12-02 09:20:26,删除长低速记录,0.0,0.0,连续低于10 km/h的记录超过180条
2017-12-02 09:20:27,删除长低速记录,0.0,0.0,连续低于10 km/h的记录超过180条
2017-12-02 09:20:28,删除长低速记录,0.0,0.0,连续低于10 km/h的记录超过180条
2017-12-02 09:20:29,删除长低速记录,0.0,0.0,连续低于10 km/h的记录超过180条
2017-12-02 09:20:30,删除长低速记录,0.0,0.0,连续低于10 km/h的记录超过180条
2017-12-02 09:20:31,删除长低速记录,0.0,0.0,连续低于10 km/h的记录超过180条
2017-12-02 09:20:32,删除长低速记录,0.0,0.0,连续低于10 km/h的记录超过180条
2017-12-02 09:20:33,删除长低速记录,0.0,0.0,连续低于10 km/h的记录超过180条
2017-12-02 09:20:34,删除长低速记录,0.0,0.0,连续低于10 km/h的记录超过180条
2017-12-02 09:20:35,删除长低速记录,0.0,0.0,连续低于10 km/h的记录超过180条
2017-12-02 09:20:36,删除长低速记录,0.0,0.0,连续低于10 km/h的记录超过180条
2017-12-02 09:20:37,删除长低速记录,0.0,0.0,连续低于10 km/h的记录超过180条
2017-12-02 09:20:38,删除长低速记录,0.0,0.0,连续低于10 km/h的记录超过180条
2017-12-02 09:20:39,删除长低速记录,0.0,0.0,连续低于10 km/h的记录超过180条
2017-12-02 09:20:40,删除长低速记录,0.0,0.0,连续低于10 km/h的记录超过180条
2017-12-02 09:20:41,删除长低速记录,0.0,0.0,连续低于10 km/h的记录超过180条
2017-12-02 09:20:42,删除长低速记录,0.0,0.0,连续低于10 km/h的记录超过180条
2017-12-02 09:20:43,删除长低速记录,0.0,0.0,连续低于10 km/h的记录超过180条
2017-12-02 09:20:44,删除长低速记录,0.0,0.0,连续低于10 km/h的记录超过180条
2017-12-02 09:20:45,删除长低速记录,0.0,0.0,连续低于10 km/h的记录超过180条
2017-12-02 09:20:46,删除长低速记录,0.0,0.0,连续低于10 km/h的记录超过180条
2017-12-02 09:20:47,删除长低速记录,0.0,0.0,连续低于10 km/h的记录超过180条
2017-12-02 09:20:48,删除长低速记录,0.0,0.0,连续低于10 km/h的记录超过180条
2017-12-02 09:20:49,删除长低速记录,0.0,0.0,连续低于10 km/h的记录超过180条
2017-12-02 09:20:50,删除长低速记录,0.0,0.0,连续低于10 km/h的记录超过180条
2017-12-02 09:20:51,删除长低速记录,0.0,0.0,连续低于10 km/h的记录超过180条
2017-12-02 09:20:52,删除长低速记录,0.0,0.0,连续低于10 km/h的记录超过180条
2017-12-02 09:20:53,删除长低速记录,0.0,0.0,连续低于10 km/h的记录超过180条
2017-12-02 09:20:54,删除长低速记录,0.0,0.0,连续低于10 km/h的记录超过180条
2017-12-02 09:20:55,删除长低速记录,0.0,0.0,连续低于10 km/h的记录超过180条
2017-12-02 09:20:56,删除长低速记录,0.0,0.0,连续低于10 km/h的记录超过180条
2017-12-02 09:20:57,删除长低速记录,0.0,0.0,连续低于10 km/h的记录超过180条
2017-12-02 09:20:58,删除长低速记录,0.0,0.0,连续低于10 km/h的记录超过180条
2017-12-02 09:20:59,删除长低速记录,0.0,0.0,连续低于10 km/h的记录超过180条
2017-12-02 09:21:00,删除长低速记录,0.0,0.0,连续低于10 km/h的记录超过180条
2017-12-02 09:21:01,删除长低速记录,0.0,0.0,连续低于10 km/h的记录超过180条
2017-12-02 09:21:02,删除长低速记录,0.0,0.0,连续低于10 km/h的记录超过180条
2017-12-02 09:21:03,删除长低速记录,0.0,0.0,连续低于10 km/h的记录超过180条
2017-12-02 09:21:04,删除长低速记录,0.0,0.0,连续低于10 km/h的记录超过180条
2017-12-02 09:21:05,删除长低速记录,0.0,0.0,连续低于10 km/h的记录超过180条
2017-12-02 09:21:06,删除长低速记录,0.0,0.0,连续低于10 km/h的记录超过180条
2017-12-02 09:21:07,删除长低速记录,0.0,0.0,连续低于10 km/h的记录超过180条
2017-12-02 09:21:08,删除长低速记录,0.0,0.0,连续低于10 km/h的记录超过180条
2017-12-02 09:21:09,删除长低速记录,4.5,4.5,连续低于10 km/h的记录超过180条
2017-12-02 09:21:10,删除长低速记录,7.3,7.3,连续低于10 km/h的记录超过180条
2017-12-02 09:26:54,新增插值记录,,31.9,相邻速度 31.9 与 31.9 km/h 的线性中点
2017-12-02 09:27:04,新增插值记录,,31.9,相邻速度 31.9 与 31.9 km/h 的线性中点
2017-12-02 09:27:08,新增插值记录,,31.9,相邻速度 31.9 与 31.9 km/h 的线性中点
2017-12-02 09:27:21,新增插值记录,,31.9,相邻速度 31.9 与 31.9 km/h 的线性中点
2017-12-02 09:27:27,新增插值记录,,31.9,相邻速度 31.9 与 31.9 km/h 的线性中点
2017-12-02 09:27:36,车速限幅,0.0,3.099999999999998,"连续1秒允许范围 [3.100000, 46.156000] km/h"
2017-12-02 09:27:39,车速限幅,31.9,21.456,"连续1秒允许范围 [0.000000, 21.456000] km/h"
2017-12-02 09:29:06,新增插值记录,,40.2,相邻速度 40.2 与 40.2 km/h 的线性中点
2017-12-02 09:29:15,新增插值记录,,40.2,相邻速度 40.2 与 40.2 km/h 的线性中点
2017-12-02 09:29:20,新增插值记录,,40.2,相邻速度 40.2 与 40.2 km/h 的线性中点
2017-12-02 09:29:31,新增插值记录,,40.2,相邻速度 40.2 与 40.2 km/h 的线性中点
2017-12-02 09:29:39,新增插值记录,,40.2,相邻速度 40.2 与 40.2 km/h 的线性中点
2017-12-02 09:29:48,新增插值记录,,40.2,相邻速度 40.2 与 40.2 km/h 的线性中点
2017-12-02 09:29:53,新增插值记录,,40.2,相邻速度 40.2 与 40.2 km/h 的线性中点
2017-12-02 09:30:04,新增插值记录,,40.2,相邻速度 40.2 与 40.2 km/h 的线性中点
2017-12-02 09:30:12,新增插值记录,,40.2,相邻速度 40.2 与 40.2 km/h 的线性中点
2017-12-02 09:30:20,新增插值记录,,40.2,相邻速度 40.2 与 40.2 km/h 的线性中点
2017-12-02 09:32:56,车速限幅,47.6,37.556,"连续1秒允许范围 [0.000000, 37.556000] km/h"
2017-12-02 09:39:22,新增插值记录,,56.0,相邻速度 56 与 56 km/h 的线性中点
2017-12-02 09:39:26,新增插值记录,,56.0,相邻速度 56 与 56 km/h 的线性中点
2017-12-02 09:39:41,新增插值记录,,64.4,相邻速度 64.4 与 64.4 km/h 的线性中点
2017-12-02 09:39:45,新增插值记录,,64.6,相邻速度 64.4 与 64.8 km/h 的线性中点
2017-12-02 09:39:49,新增插值记录,,60.300000000000004,相邻速度 64.4 与 56.2 km/h 的线性中点
2017-12-02 09:39:55,新增插值记录,,56.2,相邻速度 56.2 与 56.2 km/h 的线性中点
2017-12-02 09:39:59,新增插值记录,,56.2,相邻速度 56.2 与 56.2 km/h 的线性中点
2017-12-02 09:40:14,新增插值记录,,56.2,相邻速度 56.2 与 56.2 km/h 的线性中点
2017-12-02 09:40:28,新增插值记录,,56.2,相邻速度 56.2 与 56.2 km/h 的线性中点
2017-12-02 09:40:31,新增插值记录,,56.2,相邻速度 56.2 与 56.2 km/h 的线性中点
2017-12-02 09:40:47,新增插值记录,,56.2,相邻速度 56.2 与 56.2 km/h 的线性中点
2017-12-02 09:41:01,新增插值记录,,56.2,相邻速度 56.2 与 56.2 km/h 的线性中点
2017-12-02 09:41:04,新增插值记录,,56.2,相邻速度 56.2 与 56.2 km/h 的线性中点
2017-12-02 09:41:20,新增插值记录,,56.2,相邻速度 56.2 与 56.2 km/h 的线性中点
2017-12-02 09:41:34,新增插值记录,,56.2,相邻速度 56.2 与 56.2 km/h 的线性中点
2017-12-02 09:41:37,新增插值记录,,56.2,相邻速度 56.2 与 56.2 km/h 的线性中点
2017-12-02 09:41:53,新增插值记录,,56.2,相邻速度 56.2 与 56.2 km/h 的线性中点
2017-12-02 09:42:07,新增插值记录,,56.2,相邻速度 56.2 与 56.2 km/h 的线性中点
2017-12-02 09:42:26,车速限幅,193.1,211.7,"连续1秒允许范围 [211.700000, 254.756000] km/h"
2017-12-02 09:42:27,车速限幅,173.8,182.89999999999998,"连续1秒允许范围 [182.900000, 225.956000] km/h"
2017-12-02 09:42:28,车速限幅,135.6,154.09999999999997,"连续1秒允许范围 [154.100000, 197.156000] km/h"
2017-12-02 09:42:29,车速限幅,98.3,125.29999999999997,"连续1秒允许范围 [125.300000, 168.356000] km/h"
2017-12-02 09:42:30,车速限幅,70.3,96.49999999999997,"连续1秒允许范围 [96.500000, 139.556000] km/h"
2017-12-02 09:42:31,车速限幅,60.2,67.69999999999997,"连续1秒允许范围 [67.700000, 110.756000] km/h"
2017-12-02 09:42:58,新增插值记录,,35.2,相邻速度 35.2 与 35.2 km/h 的线性中点
2017-12-02 09:44:17,车速限幅,19.9,17.756,"连续1秒允许范围 [0.000000, 17.756000] km/h"
2017-12-02 09:44:37,车速限幅,35.1,34.856,"连续1秒允许范围 [0.000000, 34.856000] km/h"
2017-12-02 09:48:52,新增插值记录,,63.45,相邻速度 66 与 60.9 km/h 的线性中点
2017-12-02 09:49:24,新增插值记录,,5.0,相邻速度 5 与 5 km/h 的线性中点
2017-12-02 09:53:06,新增插值记录,,71.1,相邻速度 69.9 与 72.3 km/h 的线性中点
2017-12-02 09:54:20,新增插值记录,,63.5,相邻速度 63.7 与 63.3 km/h 的线性中点
2017-12-02 10:03:41,车速限幅,35.9,21.356,"连续1秒允许范围 [0.000000, 21.356000] km/h"
2017-12-02 10:04:15,新增插值记录,,18.200000000000003,相邻速度 20.1 与 16.3 km/h 的线性中点
2017-12-02 10:05:47,车速限幅,27.8,22.756,"连续1秒允许范围 [0.000000, 22.756000] km/h"
2017-12-02 10:06:37,新增插值记录,,5.35,相邻速度 4.1 与 6.6 km/h 的线性中点
2017-12-02 10:07:41,新增插值记录,,20.950000000000003,相邻速度 25.1 与 16.8 km/h 的线性中点
2017-12-02 10:07:50,新增插值记录,,18.25,相邻速度 16.8 与 19.7 km/h 的线性中点
2017-12-02 10:08:19,新增插值记录,,5.75,相邻速度 6 与 5.5 km/h 的线性中点
2017-12-02 10:09:00,新增插值记录,,7.35,相邻速度 6.6 与 8.1 km/h 的线性中点
2017-12-02 10:10:29,新增插值记录,,2.25,相邻速度 1.5 与 3 km/h 的线性中点
2017-12-02 10:13:18,删除长低速记录,0.0,0.0,连续低于10 km/h的记录超过180条
2017-12-02 10:13:19,删除长低速记录,0.0,0.0,连续低于10 km/h的记录超过180条
2017-12-02 10:13:20,删除长低速记录,0.0,0.0,连续低于10 km/h的记录超过180条
2017-12-02 10:13:21,删除长低速记录,0.0,0.0,连续低于10 km/h的记录超过180条
2017-12-02 10:13:22,删除长低速记录,0.0,0.0,连续低于10 km/h的记录超过180条
2017-12-02 10:13:23,删除长低速记录,0.0,0.0,连续低于10 km/h的记录超过180条
2017-12-02 10:13:24,删除长低速记录,0.0,0.0,连续低于10 km/h的记录超过180条
2017-12-02 10:13:25,删除长低速记录,0.0,0.0,连续低于10 km/h的记录超过180条
2017-12-02 10:13:26,删除长低速记录,0.0,0.0,连续低于10 km/h的记录超过180条
2017-12-02 10:13:27,删除长低速记录,0.0,0.0,连续低于10 km/h的记录超过180条
2017-12-02 10:13:28,删除长低速记录,0.0,0.0,连续低于10 km/h的记录超过180条
2017-12-02 10:13:29,删除长低速记录,0.0,0.0,连续低于10 km/h的记录超过180条
2017-12-02 10:13:30,删除长低速记录,0.0,0.0,连续低于10 km/h的记录超过180条
2017-12-02 10:13:31,删除长低速记录,0.0,0.0,连续低于10 km/h的记录超过180条
2017-12-02 10:13:32,删除长低速记录,0.0,0.0,连续低于10 km/h的记录超过180条
2017-12-02 10:13:33,删除长低速记录,0.0,0.0,连续低于10 km/h的记录超过180条
2017-12-02 10:13:34,删除长低速记录,0.0,0.0,连续低于10 km/h的记录超过180条
2017-12-02 10:13:35,删除长低速记录,0.0,0.0,连续低于10 km/h的记录超过180条
2017-12-02 10:13:36,删除长低速记录,0.0,0.0,连续低于10 km/h的记录超过180条
2017-12-02 10:13:37,删除长低速记录,0.0,0.0,连续低于10 km/h的记录超过180条
2017-12-02 10:13:38,删除长低速记录,0.0,0.0,连续低于10 km/h的记录超过180条
2017-12-02 10:13:39,删除长低速记录,0.0,0.0,连续低于10 km/h的记录超过180条
2017-12-02 10:13:40,删除长低速记录,0.0,0.0,连续低于10 km/h的记录超过180条
2017-12-02 10:13:41,删除长低速记录,0.0,0.0,连续低于10 km/h的记录超过180条
2017-12-02 10:13:42,删除长低速记录,0.0,0.0,连续低于10 km/h的记录超过180条
2017-12-02 10:13:43,删除长低速记录,0.0,0.0,连续低于10 km/h的记录超过180条
2017-12-02 10:13:44,删除长低速记录,0.0,0.0,连续低于10 km/h的记录超过180条
2017-12-02 10:13:45,删除长低速记录,0.0,0.0,连续低于10 km/h的记录超过180条
2017-12-02 10:13:46,删除长低速记录,0.0,0.0,连续低于10 km/h的记录超过180条
2017-12-02 10:13:47,删除长低速记录,0.0,0.0,连续低于10 km/h的记录超过180条
2017-12-02 10:13:48,删除长低速记录,0.0,0.0,连续低于10 km/h的记录超过180条
2017-12-02 10:13:49,删除长低速记录,0.0,0.0,连续低于10 km/h的记录超过180条
2017-12-02 10:13:50,删除长低速记录,0.0,0.0,连续低于10 km/h的记录超过180条
2017-12-02 10:13:51,删除长低速记录,0.0,0.0,连续低于10 km/h的记录超过180条
2017-12-02 10:13:52,删除长低速记录,0.0,0.0,连续低于10 km/h的记录超过180条
2017-12-02 10:13:53,删除长低速记录,0.0,0.0,连续低于10 km/h的记录超过180条
2017-12-02 10:13:54,删除长低速记录,0.0,0.0,连续低于10 km/h的记录超过180条
2017-12-02 10:13:55,删除长低速记录,0.0,0.0,连续低于10 km/h的记录超过180条
2017-12-02 10:13:56,删除长低速记录,0.0,0.0,连续低于10 km/h的记录超过180条
2017-12-02 10:13:57,删除长低速记录,0.0,0.0,连续低于10 km/h的记录超过180条
2017-12-02 10:13:58,删除长低速记录,0.0,0.0,连续低于10 km/h的记录超过180条
2017-12-02 10:13:59,删除长低速记录,0.0,0.0,连续低于10 km/h的记录超过180条
2017-12-02 10:14:00,删除长低速记录,0.0,0.0,连续低于10 km/h的记录超过180条
2017-12-02 10:14:01,删除长低速记录,0.0,0.0,连续低于10 km/h的记录超过180条
2017-12-02 10:14:02,删除长低速记录,0.0,0.0,连续低于10 km/h的记录超过180条
2017-12-02 10:14:03,删除长低速记录,0.0,0.0,连续低于10 km/h的记录超过180条
2017-12-02 10:14:04,删除长低速记录,0.0,0.0,连续低于10 km/h的记录超过180条
2017-12-02 10:14:05,删除长低速记录,0.0,0.0,连续低于10 km/h的记录超过180条
2017-12-02 10:14:06,删除长低速记录,0.0,0.0,连续低于10 km/h的记录超过180条
2017-12-02 10:14:07,删除长低速记录,0.0,0.0,连续低于10 km/h的记录超过180条
2017-12-02 10:14:08,删除长低速记录,0.0,0.0,连续低于10 km/h的记录超过180条
2017-12-02 10:14:09,删除长低速记录,0.0,0.0,连续低于10 km/h的记录超过180条
2017-12-02 10:14:10,删除长低速记录,0.0,0.0,连续低于10 km/h的记录超过180条
2017-12-02 10:14:11,删除长低速记录,0.0,0.0,连续低于10 km/h的记录超过180条
2017-12-02 10:14:12,删除长低速记录,0.0,0.0,连续低于10 km/h的记录超过180条
2017-12-02 10:14:13,删除长低速记录,0.0,0.0,连续低于10 km/h的记录超过180条
2017-12-02 10:14:14,删除长低速记录,0.0,0.0,连续低于10 km/h的记录超过180条
2017-12-02 10:14:15,删除长低速记录,0.0,0.0,连续低于10 km/h的记录超过180条
2017-12-02 10:14:16,删除长低速记录,0.0,0.0,连续低于10 km/h的记录超过180条
2017-12-02 10:14:17,删除长低速记录,0.0,0.0,连续低于10 km/h的记录超过180条
2017-12-02 10:14:18,删除长低速记录,0.0,0.0,连续低于10 km/h的记录超过180条
2017-12-02 10:14:19,删除长低速记录,0.0,0.0,连续低于10 km/h的记录超过180条
2017-12-02 10:14:20,删除长低速记录,0.0,0.0,连续低于10 km/h的记录超过180条
2017-12-02 10:14:21,删除长低速记录,0.0,0.0,连续低于10 km/h的记录超过180条
2017-12-02 10:14:22,删除长低速记录,0.0,0.0,连续低于10 km/h的记录超过180条
2017-12-02 10:14:23,删除长低速记录,0.0,0.0,连续低于10 km/h的记录超过180条
2017-12-02 10:14:24,删除长低速记录,0.0,0.0,连续低于10 km/h的记录超过180条
2017-12-02 10:14:25,删除长低速记录,0.0,0.0,连续低于10 km/h的记录超过180条
2017-12-02 10:14:26,删除长低速记录,0.0,0.0,连续低于10 km/h的记录超过180条
2017-12-02 10:14:27,删除长低速记录,0.0,0.0,连续低于10 km/h的记录超过180条
2017-12-02 10:14:28,删除长低速记录,0.0,0.0,连续低于10 km/h的记录超过180条
2017-12-02 10:14:29,删除长低速记录,0.0,0.0,连续低于10 km/h的记录超过180条
2017-12-02 10:14:30,删除长低速记录,0.0,0.0,连续低于10 km/h的记录超过180条
2017-12-02 10:14:31,删除长低速记录,0.0,0.0,连续低于10 km/h的记录超过180条
2017-12-02 10:14:32,删除长低速记录,0.0,0.0,连续低于10 km/h的记录超过180条
2017-12-02 10:14:33,删除长低速记录,0.0,0.0,连续低于10 km/h的记录超过180条
2017-12-02 10:14:34,删除长低速记录,0.0,0.0,连续低于10 km/h的记录超过180条
2017-12-02 10:14:35,删除长低速记录,0.0,0.0,连续低于10 km/h的记录超过180条
2017-12-02 10:14:36,删除长低速记录,0.0,0.0,连续低于10 km/h的记录超过180条
2017-12-02 10:14:37,删除长低速记录,0.0,0.0,连续低于10 km/h的记录超过180条
2017-12-02 10:14:38,删除长低速记录,0.0,0.0,连续低于10 km/h的记录超过180条
2017-12-02 10:14:39,删除长低速记录,0.0,0.0,连续低于10 km/h的记录超过180条
2017-12-02 10:14:40,删除长低速记录,0.0,0.0,连续低于10 km/h的记录超过180条
2017-12-02 10:14:41,删除长低速记录,0.0,0.0,连续低于10 km/h的记录超过180条
2017-12-02 10:14:42,删除长低速记录,0.0,0.0,连续低于10 km/h的记录超过180条
2017-12-02 10:14:43,删除长低速记录,0.0,0.0,连续低于10 km/h的记录超过180条
2017-12-02 10:14:44,删除长低速记录,0.0,0.0,连续低于10 km/h的记录超过180条
2017-12-02 10:14:45,删除长低速记录,0.0,0.0,连续低于10 km/h的记录超过180条
2017-12-02 10:14:46,删除长低速记录,0.0,0.0,连续低于10 km/h的记录超过180条
2017-12-02 10:14:47,删除长低速记录,0.0,0.0,连续低于10 km/h的记录超过180条
2017-12-02 10:14:48,删除长低速记录,0.0,0.0,连续低于10 km/h的记录超过180条
2017-12-02 10:14:49,删除长低速记录,0.0,0.0,连续低于10 km/h的记录超过180条
2017-12-02 10:14:50,删除长低速记录,0.0,0.0,连续低于10 km/h的记录超过180条
2017-12-02 10:14:51,删除长低速记录,0.0,0.0,连续低于10 km/h的记录超过180条
2017-12-02 10:14:52,删除长低速记录,0.0,0.0,连续低于10 km/h的记录超过180条
2017-12-02 10:14:53,删除长低速记录,0.0,0.0,连续低于10 km/h的记录超过180条
2017-12-02 10:14:54,删除长低速记录,0.0,0.0,连续低于10 km/h的记录超过180条
2017-12-02 10:14:55,删除长低速记录,0.0,0.0,连续低于10 km/h的记录超过180条
2017-12-02 10:14:56,删除长低速记录,0.0,0.0,连续低于10 km/h的记录超过180条
2017-12-02 10:14:57,删除长低速记录,0.0,0.0,连续低于10 km/h的记录超过180条
2017-12-02 10:14:58,删除长低速记录,0.0,0.0,连续低于10 km/h的记录超过180条
2017-12-02 10:14:59,删除长低速记录,0.0,0.0,连续低于10 km/h的记录超过180条
2017-12-02 10:15:00,删除长低速记录,0.0,0.0,连续低于10 km/h的记录超过180条
2017-12-02 10:15:01,删除长低速记录,0.0,0.0,连续低于10 km/h的记录超过180条
2017-12-02 10:15:02,删除长低速记录,0.0,0.0,连续低于10 km/h的记录超过180条
2017-12-02 10:15:03,删除长低速记录,0.0,0.0,连续低于10 km/h的记录超过180条
2017-12-02 10:15:04,删除长低速记录,0.0,0.0,连续低于10 km/h的记录超过180条
2017-12-02 10:15:05,删除长低速记录,0.0,0.0,连续低于10 km/h的记录超过180条
2017-12-02 10:15:06,删除长低速记录,0.0,0.0,连续低于10 km/h的记录超过180条
2017-12-02 10:15:07,删除长低速记录,0.0,0.0,连续低于10 km/h的记录超过180条
2017-12-02 10:15:08,删除长低速记录,0.0,0.0,连续低于10 km/h的记录超过180条
2017-12-02 10:15:09,删除长低速记录,0.0,0.0,连续低于10 km/h的记录超过180条
2017-12-02 10:15:10,删除长低速记录,0.0,0.0,连续低于10 km/h的记录超过180条
2017-12-02 10:15:11,删除长低速记录,0.0,0.0,连续低于10 km/h的记录超过180条
2017-12-02 10:15:12,删除长低速记录,0.0,0.0,连续低于10 km/h的记录超过180条
2017-12-02 10:15:13,删除长低速记录,0.0,0.0,连续低于10 km/h的记录超过180条
2017-12-02 10:15:14,删除长低速记录,0.0,0.0,连续低于10 km/h的记录超过180条
2017-12-02 10:15:15,删除长低速记录,0.0,0.0,连续低于10 km/h的记录超过180条
2017-12-02 10:15:16,删除长低速记录,0.0,0.0,连续低于10 km/h的记录超过180条
2017-12-02 10:15:17,删除长低速记录,0.0,0.0,连续低于10 km/h的记录超过180条
2017-12-02 10:15:18,删除长低速记录,0.0,0.0,连续低于10 km/h的记录超过180条
2017-12-02 10:15:19,删除长低速记录,0.0,0.0,连续低于10 km/h的记录超过180条
2017-12-02 10:15:20,删除长低速记录,0.0,0.0,连续低于10 km/h的记录超过180条
2017-12-02 10:15:21,删除长低速记录,0.0,0.0,连续低于10 km/h的记录超过180条
2017-12-02 10:15:22,删除长低速记录,0.0,0.0,连续低于10 km/h的记录超过180条
2017-12-02 10:15:23,删除长低速记录,0.0,0.0,连续低于10 km/h的记录超过180条
2017-12-02 10:15:24,删除长低速记录,0.0,0.0,连续低于10 km/h的记录超过180条
2017-12-02 10:15:25,删除长低速记录,0.0,0.0,连续低于10 km/h的记录超过180条
2017-12-02 10:15:26,删除长低速记录,0.0,0.0,连续低于10 km/h的记录超过180条
2017-12-02 10:15:27,删除长低速记录,0.0,0.0,连续低于10 km/h的记录超过180条
2017-12-02 10:15:28,删除长低速记录,0.0,0.0,连续低于10 km/h的记录超过180条
2017-12-02 10:15:29,删除长低速记录,0.0,0.0,连续低于10 km/h的记录超过180条
2017-12-02 10:15:30,删除长低速记录,0.0,0.0,连续低于10 km/h的记录超过180条
2017-12-02 10:15:31,删除长低速记录,0.0,0.0,连续低于10 km/h的记录超过180条
2017-12-02 10:15:32,删除长低速记录,0.0,0.0,连续低于10 km/h的记录超过180条
2017-12-02 10:15:33,删除长低速记录,0.0,0.0,连续低于10 km/h的记录超过180条
2017-12-02 10:15:34,删除长低速记录,0.0,0.0,连续低于10 km/h的记录超过180条
2017-12-02 10:15:35,删除长低速记录,0.0,0.0,连续低于10 km/h的记录超过180条
2017-12-02 10:15:36,删除长低速记录,0.0,0.0,连续低于10 km/h的记录超过180条
2017-12-02 10:15:37,删除长低速记录,0.0,0.0,连续低于10 km/h的记录超过180条
2017-12-02 10:15:38,删除长低速记录,0.0,0.0,连续低于10 km/h的记录超过180条
2017-12-02 10:15:39,删除长低速记录,0.0,0.0,连续低于10 km/h的记录超过180条
2017-12-02 10:15:40,删除长低速记录,0.0,0.0,连续低于10 km/h的记录超过180条
2017-12-02 10:15:41,删除长低速记录,0.0,0.0,连续低于10 km/h的记录超过180条
2017-12-02 10:15:42,删除长低速记录,0.0,0.0,连续低于10 km/h的记录超过180条
2017-12-02 10:15:43,删除长低速记录,0.0,0.0,连续低于10 km/h的记录超过180条
2017-12-02 10:15:44,删除长低速记录,0.0,0.0,连续低于10 km/h的记录超过180条
2017-12-02 10:15:45,删除长低速记录,0.0,0.0,连续低于10 km/h的记录超过180条
2017-12-02 10:15:46,删除长低速记录,0.0,0.0,连续低于10 km/h的记录超过180条
2017-12-02 10:15:47,删除长低速记录,0.0,0.0,连续低于10 km/h的记录超过180条
2017-12-02 10:15:48,删除长低速记录,0.0,0.0,连续低于10 km/h的记录超过180条
2017-12-02 10:15:49,删除长低速记录,0.0,0.0,连续低于10 km/h的记录超过180条
2017-12-02 10:15:50,删除长低速记录,0.0,0.0,连续低于10 km/h的记录超过180条
2017-12-02 10:15:51,删除长低速记录,0.0,0.0,连续低于10 km/h的记录超过180条
2017-12-02 10:15:52,删除长低速记录,0.0,0.0,连续低于10 km/h的记录超过180条
2017-12-02 10:15:53,删除长低速记录,0.0,0.0,连续低于10 km/h的记录超过180条
2017-12-02 10:15:54,删除长低速记录,0.0,0.0,连续低于10 km/h的记录超过180条
2017-12-02 10:15:55,删除长低速记录,0.0,0.0,连续低于10 km/h的记录超过180条
2017-12-02 10:15:56,删除长低速记录,0.0,0.0,连续低于10 km/h的记录超过180条
2017-12-02 10:15:57,删除长低速记录,0.0,0.0,连续低于10 km/h的记录超过180条
2017-12-02 10:15:58,删除长低速记录,0.0,0.0,连续低于10 km/h的记录超过180条
2017-12-02 10:15:59,删除长低速记录,0.0,0.0,连续低于10 km/h的记录超过180条
2017-12-02 10:16:00,删除长低速记录,0.0,0.0,连续低于10 km/h的记录超过180条
2017-12-02 10:16:01,删除长低速记录,0.0,0.0,连续低于10 km/h的记录超过180条
2017-12-02 10:16:02,删除长低速记录,0.0,0.0,连续低于10 km/h的记录超过180条
2017-12-02 10:16:03,删除长低速记录,0.0,0.0,连续低于10 km/h的记录超过180条
2017-12-02 10:16:04,删除长低速记录,0.0,0.0,连续低于10 km/h的记录超过180条
2017-12-02 10:16:05,删除长低速记录,0.0,0.0,连续低于10 km/h的记录超过180条
2017-12-02 10:16:06,删除长低速记录,0.0,0.0,连续低于10 km/h的记录超过180条
2017-12-02 10:16:07,删除长低速记录,0.0,0.0,连续低于10 km/h的记录超过180条
2017-12-02 10:16:08,删除长低速记录,0.0,0.0,连续低于10 km/h的记录超过180条
2017-12-02 10:16:09,删除长低速记录,0.0,0.0,连续低于10 km/h的记录超过180条
2017-12-02 10:16:10,删除长低速记录,0.0,0.0,连续低于10 km/h的记录超过180条
2017-12-02 10:16:11,删除长低速记录,0.0,0.0,连续低于10 km/h的记录超过180条
2017-12-02 10:16:12,删除长低速记录,0.0,0.0,连续低于10 km/h的记录超过180条
2017-12-02 10:16:13,删除长低速记录,0.0,0.0,连续低于10 km/h的记录超过180条
2017-12-02 10:16:14,删除长低速记录,0.0,0.0,连续低于10 km/h的记录超过180条
2017-12-02 10:16:15,删除长低速记录,0.0,0.0,连续低于10 km/h的记录超过180条
2017-12-02 10:16:16,删除长低速记录,0.0,0.0,连续低于10 km/h的记录超过180条
2017-12-02 10:16:17,删除长低速记录,0.0,0.0,连续低于10 km/h的记录超过180条
2017-12-02 10:16:18,删除长低速记录,0.0,0.0,连续低于10 km/h的记录超过180条
2017-12-02 10:16:19,删除长低速记录,0.0,0.0,连续低于10 km/h的记录超过180条
2017-12-02 10:16:20,删除长低速记录,0.0,0.0,连续低于10 km/h的记录超过180条
2017-12-02 10:16:21,删除长低速记录,0.0,0.0,连续低于10 km/h的记录超过180条
2017-12-02 10:16:22,删除长低速记录,0.0,0.0,连续低于10 km/h的记录超过180条
2017-12-02 10:16:23,删除长低速记录,0.0,0.0,连续低于10 km/h的记录超过180条
2017-12-02 10:16:24,删除长低速记录,0.0,0.0,连续低于10 km/h的记录超过180条
2017-12-02 10:16:25,删除长低速记录,0.0,0.0,连续低于10 km/h的记录超过180条
2017-12-02 10:16:26,删除长低速记录,0.0,0.0,连续低于10 km/h的记录超过180条
2017-12-02 10:16:27,删除长低速记录,0.0,0.0,连续低于10 km/h的记录超过180条
2017-12-02 10:16:28,删除长低速记录,0.0,0.0,连续低于10 km/h的记录超过180条
2017-12-02 10:16:29,删除长低速记录,0.0,0.0,连续低于10 km/h的记录超过180条
2017-12-02 10:16:30,删除长低速记录,0.0,0.0,连续低于10 km/h的记录超过180条
2017-12-02 10:16:31,删除长低速记录,0.0,0.0,连续低于10 km/h的记录超过180条
2017-12-02 10:16:32,删除长低速记录,0.0,0.0,连续低于10 km/h的记录超过180条
2017-12-02 10:16:33,删除长低速记录,0.0,0.0,连续低于10 km/h的记录超过180条
2017-12-02 10:16:34,删除长低速记录,0.0,0.0,连续低于10 km/h的记录超过180条
2017-12-02 10:16:35,删除长低速记录,0.0,0.0,连续低于10 km/h的记录超过180条
2017-12-02 10:16:36,删除长低速记录,0.0,0.0,连续低于10 km/h的记录超过180条
2017-12-02 10:16:37,删除长低速记录,0.0,0.0,连续低于10 km/h的记录超过180条
2017-12-02 10:16:38,删除长低速记录,0.0,0.0,连续低于10 km/h的记录超过180条
2017-12-02 10:16:39,删除长低速记录,0.0,0.0,连续低于10 km/h的记录超过180条
2017-12-02 10:16:40,删除长低速记录,0.0,0.0,连续低于10 km/h的记录超过180条
2017-12-02 10:16:41,删除长低速记录,0.0,0.0,连续低于10 km/h的记录超过180条
2017-12-02 10:16:42,删除长低速记录,0.0,0.0,连续低于10 km/h的记录超过180条
2017-12-02 10:16:43,删除长低速记录,0.0,0.0,连续低于10 km/h的记录超过180条
2017-12-02 10:16:44,删除长低速记录,0.0,0.0,连续低于10 km/h的记录超过180条
2017-12-02 10:16:45,删除长低速记录,0.0,0.0,连续低于10 km/h的记录超过180条
2017-12-02 10:16:46,删除长低速记录,0.0,0.0,连续低于10 km/h的记录超过180条
2017-12-02 10:16:47,删除长低速记录,0.0,0.0,连续低于10 km/h的记录超过180条
2017-12-02 10:16:48,删除长低速记录,0.0,0.0,连续低于10 km/h的记录超过180条
2017-12-02 10:16:49,删除长低速记录,0.0,0.0,连续低于10 km/h的记录超过180条
2017-12-02 10:16:50,删除长低速记录,0.0,0.0,连续低于10 km/h的记录超过180条
2017-12-02 10:16:51,删除长低速记录,0.0,0.0,连续低于10 km/h的记录超过180条
2017-12-02 10:16:52,删除长低速记录,0.0,0.0,连续低于10 km/h的记录超过180条
2017-12-02 10:16:53,删除长低速记录,0.0,0.0,连续低于10 km/h的记录超过180条
2017-12-02 10:16:54,删除长低速记录,0.0,0.0,连续低于10 km/h的记录超过180条
2017-12-02 10:16:55,删除长低速记录,0.0,0.0,连续低于10 km/h的记录超过180条
2017-12-02 10:16:56,删除长低速记录,0.0,0.0,连续低于10 km/h的记录超过180条
2017-12-02 10:16:57,删除长低速记录,0.0,0.0,连续低于10 km/h的记录超过180条
2017-12-02 10:16:58,删除长低速记录,0.0,0.0,连续低于10 km/h的记录超过180条
2017-12-02 10:16:59,删除长低速记录,0.0,0.0,连续低于10 km/h的记录超过180条
2017-12-02 10:17:00,删除长低速记录,0.0,0.0,连续低于10 km/h的记录超过180条
2017-12-02 10:17:01,删除长低速记录,0.0,0.0,连续低于10 km/h的记录超过180条
2017-12-02 10:17:02,删除长低速记录,0.0,0.0,连续低于10 km/h的记录超过180条
2017-12-02 10:17:03,删除长低速记录,0.0,0.0,连续低于10 km/h的记录超过180条
2017-12-02 10:17:04,删除长低速记录,0.0,0.0,连续低于10 km/h的记录超过180条
2017-12-02 10:17:05,删除长低速记录,0.0,0.0,连续低于10 km/h的记录超过180条
2017-12-02 10:17:06,删除长低速记录,0.0,0.0,连续低于10 km/h的记录超过180条
2017-12-02 10:17:07,删除长低速记录,0.0,0.0,连续低于10 km/h的记录超过180条
2017-12-02 10:17:08,删除长低速记录,0.0,0.0,连续低于10 km/h的记录超过180条
2017-12-02 10:17:09,删除长低速记录,0.0,0.0,连续低于10 km/h的记录超过180条
2017-12-02 10:17:10,删除长低速记录,0.0,0.0,连续低于10 km/h的记录超过180条
2017-12-02 10:17:11,删除长低速记录,0.0,0.0,连续低于10 km/h的记录超过180条
2017-12-02 10:17:12,删除长低速记录,0.0,0.0,连续低于10 km/h的记录超过180条
2017-12-02 10:17:13,删除长低速记录,0.0,0.0,连续低于10 km/h的记录超过180条
2017-12-02 10:17:14,删除长低速记录,0.0,0.0,连续低于10 km/h的记录超过180条
2017-12-02 10:17:15,删除长低速记录,0.0,0.0,连续低于10 km/h的记录超过180条
2017-12-02 10:17:16,删除长低速记录,0.0,0.0,连续低于10 km/h的记录超过180条
2017-12-02 10:17:17,删除长低速记录,0.0,0.0,连续低于10 km/h的记录超过180条
2017-12-02 10:17:18,删除长低速记录,0.0,0.0,连续低于10 km/h的记录超过180条
2017-12-02 10:17:19,删除长低速记录,0.0,0.0,连续低于10 km/h的记录超过180条
2017-12-02 10:17:20,删除长低速记录,0.0,0.0,连续低于10 km/h的记录超过180条
2017-12-02 10:17:21,删除长低速记录,0.0,0.0,连续低于10 km/h的记录超过180条
2017-12-02 10:17:22,删除长低速记录,0.0,0.0,连续低于10 km/h的记录超过180条
2017-12-02 10:17:23,删除长低速记录,0.0,0.0,连续低于10 km/h的记录超过180条
2017-12-02 10:17:24,删除长低速记录,0.0,0.0,连续低于10 km/h的记录超过180条
2017-12-02 10:17:25,删除长低速记录,0.0,0.0,连续低于10 km/h的记录超过180条
2017-12-02 10:17:26,删除长低速记录,0.0,0.0,连续低于10 km/h的记录超过180条
2017-12-02 10:17:27,删除长低速记录,0.0,0.0,连续低于10 km/h的记录超过180条
2017-12-02 10:17:28,删除长低速记录,0.0,0.0,连续低于10 km/h的记录超过180条
2017-12-02 10:17:29,删除长低速记录,0.0,0.0,连续低于10 km/h的记录超过180条
2017-12-02 10:17:30,删除长低速记录,0.0,0.0,连续低于10 km/h的记录超过180条
2017-12-02 10:17:31,删除长低速记录,0.0,0.0,连续低于10 km/h的记录超过180条
2017-12-02 10:17:32,删除长低速记录,0.0,0.0,连续低于10 km/h的记录超过180条
2017-12-02 10:17:33,删除长低速记录,0.0,0.0,连续低于10 km/h的记录超过180条
2017-12-02 10:17:34,删除长低速记录,0.0,0.0,连续低于10 km/h的记录超过180条
2017-12-02 10:17:35,删除长低速记录,0.0,0.0,连续低于10 km/h的记录超过180条
2017-12-02 10:17:36,删除长低速记录,0.0,0.0,连续低于10 km/h的记录超过180条
2017-12-02 10:17:37,删除长低速记录,0.0,0.0,连续低于10 km/h的记录超过180条
2017-12-02 10:17:38,删除长低速记录,0.0,0.0,连续低于10 km/h的记录超过180条
2017-12-02 10:17:39,删除长低速记录,0.0,0.0,连续低于10 km/h的记录超过180条
2017-12-02 10:17:40,删除长低速记录,0.0,0.0,连续低于10 km/h的记录超过180条
2017-12-02 10:17:41,删除长低速记录,0.0,0.0,连续低于10 km/h的记录超过180条
2017-12-02 10:17:42,删除长低速记录,0.0,0.0,连续低于10 km/h的记录超过180条
2017-12-02 10:17:43,删除长低速记录,0.0,0.0,连续低于10 km/h的记录超过180条
2017-12-02 10:17:44,删除长低速记录,0.0,0.0,连续低于10 km/h的记录超过180条
2017-12-02 10:17:45,删除长低速记录,0.0,0.0,连续低于10 km/h的记录超过180条
2017-12-02 10:17:46,删除长低速记录,0.0,0.0,连续低于10 km/h的记录超过180条
2017-12-02 10:17:47,删除长低速记录,0.0,0.0,连续低于10 km/h的记录超过180条
2017-12-02 10:17:48,删除长低速记录,0.0,0.0,连续低于10 km/h的记录超过180条
2017-12-02 10:17:49,删除长低速记录,0.0,0.0,连续低于10 km/h的记录超过180条
2017-12-02 10:17:50,删除长低速记录,0.0,0.0,连续低于10 km/h的记录超过180条
2017-12-02 10:17:51,删除长低速记录,0.0,0.0,连续低于10 km/h的记录超过180条
2017-12-02 10:17:52,删除长低速记录,0.0,0.0,连续低于10 km/h的记录超过180条
2017-12-02 10:17:53,删除长低速记录,0.0,0.0,连续低于10 km/h的记录超过180条
2017-12-02 10:17:54,删除长低速记录,0.0,0.0,连续低于10 km/h的记录超过180条
2017-12-02 10:17:55,删除长低速记录,0.0,0.0,连续低于10 km/h的记录超过180条
2017-12-02 10:17:56,删除长低速记录,0.0,0.0,连续低于10 km/h的记录超过180条
2017-12-02 10:17:57,删除长低速记录,0.0,0.0,连续低于10 km/h的记录超过180条
2017-12-02 10:17:58,删除长低速记录,0.0,0.0,连续低于10 km/h的记录超过180条
2017-12-02 10:17:59,删除长低速记录,0.0,0.0,连续低于10 km/h的记录超过180条
2017-12-02 10:18:00,删除长低速记录,0.0,0.0,连续低于10 km/h的记录超过180条
2017-12-02 10:18:01,删除长低速记录,0.0,0.0,连续低于10 km/h的记录超过180条
2017-12-02 10:18:02,删除长低速记录,0.0,0.0,连续低于10 km/h的记录超过180条
2017-12-02 10:18:03,删除长低速记录,0.0,0.0,连续低于10 km/h的记录超过180条
2017-12-02 10:18:04,删除长低速记录,0.0,0.0,连续低于10 km/h的记录超过180条
2017-12-02 10:18:05,删除长低速记录,0.0,0.0,连续低于10 km/h的记录超过180条
2017-12-02 10:18:06,删除长低速记录,0.0,0.0,连续低于10 km/h的记录超过180条
2017-12-02 10:18:07,删除长低速记录,0.0,0.0,连续低于10 km/h的记录超过180条
2017-12-02 10:18:08,删除长低速记录,0.0,0.0,连续低于10 km/h的记录超过180条
2017-12-02 10:18:09,删除长低速记录,0.0,0.0,连续低于10 km/h的记录超过180条
2017-12-02 10:18:10,删除长低速记录,0.0,0.0,连续低于10 km/h的记录超过180条
2017-12-02 10:18:11,删除长低速记录,0.0,0.0,连续低于10 km/h的记录超过180条
2017-12-02 10:18:12,删除长低速记录,0.0,0.0,连续低于10 km/h的记录超过180条
2017-12-02 10:18:13,删除长低速记录,0.0,0.0,连续低于10 km/h的记录超过180条
2017-12-02 10:18:14,删除长低速记录,0.0,0.0,连续低于10 km/h的记录超过180条
2017-12-02 10:18:15,删除长低速记录,0.0,0.0,连续低于10 km/h的记录超过180条
2017-12-02 10:18:16,删除长低速记录,0.0,0.0,连续低于10 km/h的记录超过180条
2017-12-02 10:18:17,删除长低速记录,0.0,0.0,连续低于10 km/h的记录超过180条
2017-12-02 10:18:18,删除长低速记录,0.0,0.0,连续低于10 km/h的记录超过180条
2017-12-02 10:18:19,删除长低速记录,0.0,0.0,连续低于10 km/h的记录超过180条
2017-12-02 10:18:20,删除长低速记录,0.0,0.0,连续低于10 km/h的记录超过180条
2017-12-02 10:18:21,删除长低速记录,0.0,0.0,连续低于10 km/h的记录超过180条
2017-12-02 10:18:22,删除长低速记录,0.0,0.0,连续低于10 km/h的记录超过180条
2017-12-02 10:18:23,删除长低速记录,0.0,0.0,连续低于10 km/h的记录超过180条
2017-12-02 10:18:24,删除长低速记录,0.0,0.0,连续低于10 km/h的记录超过180条
2017-12-02 10:18:25,删除长低速记录,0.0,0.0,连续低于10 km/h的记录超过180条
2017-12-02 10:18:26,删除长低速记录,0.0,0.0,连续低于10 km/h的记录超过180条
2017-12-02 10:18:27,删除长低速记录,0.0,0.0,连续低于10 km/h的记录超过180条
2017-12-02 10:18:28,删除长低速记录,0.0,0.0,连续低于10 km/h的记录超过180条
2017-12-02 10:18:29,删除长低速记录,0.0,0.0,连续低于10 km/h的记录超过180条
2017-12-02 10:18:30,删除长低速记录,0.0,0.0,连续低于10 km/h的记录超过180条
2017-12-02 10:18:31,删除长低速记录,0.0,0.0,连续低于10 km/h的记录超过180条
2017-12-02 10:18:32,删除长低速记录,0.0,0.0,连续低于10 km/h的记录超过180条
2017-12-02 10:18:33,删除长低速记录,0.0,0.0,连续低于10 km/h的记录超过180条
2017-12-02 10:18:34,删除长低速记录,0.0,0.0,连续低于10 km/h的记录超过180条
2017-12-02 10:18:35,删除长低速记录,0.0,0.0,连续低于10 km/h的记录超过180条
2017-12-02 10:18:36,删除长低速记录,0.0,0.0,连续低于10 km/h的记录超过180条
2017-12-02 10:18:37,删除长低速记录,0.0,0.0,连续低于10 km/h的记录超过180条
2017-12-02 10:18:38,删除长低速记录,0.0,0.0,连续低于10 km/h的记录超过180条
2017-12-02 10:18:39,删除长低速记录,0.0,0.0,连续低于10 km/h的记录超过180条
2017-12-02 10:18:40,删除长低速记录,0.0,0.0,连续低于10 km/h的记录超过180条
2017-12-02 10:18:41,删除长低速记录,0.0,0.0,连续低于10 km/h的记录超过180条
2017-12-02 10:18:42,删除长低速记录,0.0,0.0,连续低于10 km/h的记录超过180条
2017-12-02 10:18:43,删除长低速记录,0.0,0.0,连续低于10 km/h的记录超过180条
2017-12-02 10:18:44,删除长低速记录,0.0,0.0,连续低于10 km/h的记录超过180条
2017-12-02 10:18:45,删除长低速记录,0.0,0.0,连续低于10 km/h的记录超过180条
2017-12-02 10:18:46,删除长低速记录,0.0,0.0,连续低于10 km/h的记录超过180条
2017-12-02 10:18:47,删除长低速记录,0.0,0.0,连续低于10 km/h的记录超过180条
2017-12-02 10:18:48,删除长低速记录,0.0,0.0,连续低于10 km/h的记录超过180条
2017-12-02 10:18:49,删除长低速记录,0.0,0.0,连续低于10 km/h的记录超过180条
2017-12-02 10:18:50,删除长低速记录,0.0,0.0,连续低于10 km/h的记录超过180条
2017-12-02 10:18:51,删除长低速记录,0.0,0.0,连续低于10 km/h的记录超过180条
2017-12-02 10:18:52,删除长低速记录,0.0,0.0,连续低于10 km/h的记录超过180条
2017-12-02 10:18:53,删除长低速记录,0.0,0.0,连续低于10 km/h的记录超过180条
2017-12-02 10:18:54,删除长低速记录,0.0,0.0,连续低于10 km/h的记录超过180条
2017-12-02 10:18:55,删除长低速记录,0.0,0.0,连续低于10 km/h的记录超过180条
2017-12-02 10:18:56,删除长低速记录,0.0,0.0,连续低于10 km/h的记录超过180条
2017-12-02 10:18:57,删除长低速记录,0.0,0.0,连续低于10 km/h的记录超过180条
2017-12-02 10:18:58,删除长低速记录,0.0,0.0,连续低于10 km/h的记录超过180条
2017-12-02 10:18:59,删除长低速记录,0.0,0.0,连续低于10 km/h的记录超过180条
2017-12-02 10:19:00,删除长低速记录,0.0,0.0,连续低于10 km/h的记录超过180条
2017-12-02 10:19:01,删除长低速记录,0.0,0.0,连续低于10 km/h的记录超过180条
2017-12-02 10:19:02,删除长低速记录,0.0,0.0,连续低于10 km/h的记录超过180条
2017-12-02 10:19:03,删除长低速记录,0.0,0.0,连续低于10 km/h的记录超过180条
2017-12-02 10:19:04,删除长低速记录,0.0,0.0,连续低于10 km/h的记录超过180条
2017-12-02 10:19:05,删除长低速记录,0.0,0.0,连续低于10 km/h的记录超过180条
2017-12-02 10:19:06,删除长低速记录,0.0,0.0,连续低于10 km/h的记录超过180条
2017-12-02 10:19:07,删除长低速记录,0.0,0.0,连续低于10 km/h的记录超过180条
2017-12-02 10:19:08,删除长低速记录,0.0,0.0,连续低于10 km/h的记录超过180条
2017-12-02 10:19:09,删除长低速记录,0.0,0.0,连续低于10 km/h的记录超过180条
2017-12-02 10:19:10,删除长低速记录,0.0,0.0,连续低于10 km/h的记录超过180条
2017-12-02 10:19:11,删除长低速记录,0.0,0.0,连续低于10 km/h的记录超过180条
2017-12-02 10:19:12,删除长低速记录,0.0,0.0,连续低于10 km/h的记录超过180条
2017-12-02 10:19:13,删除长低速记录,0.0,0.0,连续低于10 km/h的记录超过180条
2017-12-02 10:19:14,删除长低速记录,0.0,0.0,连续低于10 km/h的记录超过180条
2017-12-02 10:19:15,删除长低速记录,0.0,0.0,连续低于10 km/h的记录超过180条
2017-12-02 10:19:16,删除长低速记录,0.0,0.0,连续低于10 km/h的记录超过180条
2017-12-02 10:19:17,删除长低速记录,0.0,0.0,连续低于10 km/h的记录超过180条
2017-12-02 10:19:18,删除长低速记录,0.0,0.0,连续低于10 km/h的记录超过180条
2017-12-02 10:19:19,删除长低速记录,0.0,0.0,连续低于10 km/h的记录超过180条
2017-12-02 10:19:20,删除长低速记录,0.0,0.0,连续低于10 km/h的记录超过180条
2017-12-02 10:19:21,删除长低速记录,0.0,0.0,连续低于10 km/h的记录超过180条
2017-12-02 10:19:22,删除长低速记录,0.0,0.0,连续低于10 km/h的记录超过180条
2017-12-02 10:19:23,删除长低速记录,0.0,0.0,连续低于10 km/h的记录超过180条
2017-12-02 10:19:24,删除长低速记录,0.0,0.0,连续低于10 km/h的记录超过180条
2017-12-02 10:19:25,删除长低速记录,0.0,0.0,连续低于10 km/h的记录超过180条
2017-12-02 10:19:26,删除长低速记录,0.0,0.0,连续低于10 km/h的记录超过180条
2017-12-02 10:19:27,删除长低速记录,0.0,0.0,连续低于10 km/h的记录超过180条
2017-12-02 10:19:28,删除长低速记录,0.0,0.0,连续低于10 km/h的记录超过180条
2017-12-02 10:19:29,删除长低速记录,0.0,0.0,连续低于10 km/h的记录超过180条
2017-12-02 10:19:30,删除长低速记录,0.0,0.0,连续低于10 km/h的记录超过180条
2017-12-02 10:19:31,删除长低速记录,0.0,0.0,连续低于10 km/h的记录超过180条
2017-12-02 10:19:32,删除长低速记录,0.0,0.0,连续低于10 km/h的记录超过180条
2017-12-02 10:19:33,删除长低速记录,0.0,0.0,连续低于10 km/h的记录超过180条
2017-12-02 10:19:34,删除长低速记录,0.0,0.0,连续低于10 km/h的记录超过180条
2017-12-02 10:19:35,删除长低速记录,0.0,0.0,连续低于10 km/h的记录超过180条
2017-12-02 10:19:36,删除长低速记录,0.0,0.0,连续低于10 km/h的记录超过180条
2017-12-02 10:19:37,删除长低速记录,0.0,0.0,连续低于10 km/h的记录超过180条
2017-12-02 10:19:38,删除长低速记录,0.0,0.0,连续低于10 km/h的记录超过180条
2017-12-02 10:19:39,删除长低速记录,0.0,0.0,连续低于10 km/h的记录超过180条
2017-12-02 10:19:40,删除长低速记录,0.0,0.0,连续低于10 km/h的记录超过180条
2017-12-02 10:19:41,删除长低速记录,0.0,0.0,连续低于10 km/h的记录超过180条
2017-12-02 10:19:42,删除长低速记录,0.0,0.0,连续低于10 km/h的记录超过180条
2017-12-02 10:19:43,删除长低速记录,0.0,0.0,连续低于10 km/h的记录超过180条
2017-12-02 10:19:44,删除长低速记录,0.0,0.0,连续低于10 km/h的记录超过180条
2017-12-02 10:19:45,删除长低速记录,0.0,0.0,连续低于10 km/h的记录超过180条
2017-12-02 10:19:46,删除长低速记录,0.0,0.0,连续低于10 km/h的记录超过180条
2017-12-02 10:19:47,删除长低速记录,0.0,0.0,连续低于10 km/h的记录超过180条
2017-12-02 10:19:48,删除长低速记录,0.0,0.0,连续低于10 km/h的记录超过180条
2017-12-02 10:19:49,删除长低速记录,0.0,0.0,连续低于10 km/h的记录超过180条
2017-12-02 10:19:50,删除长低速记录,0.0,0.0,连续低于10 km/h的记录超过180条
2017-12-02 10:19:51,删除长低速记录,0.0,0.0,连续低于10 km/h的记录超过180条
2017-12-02 10:19:52,删除长低速记录,0.0,0.0,连续低于10 km/h的记录超过180条
2017-12-02 10:19:53,删除长低速记录,0.0,0.0,连续低于10 km/h的记录超过180条
2017-12-02 10:19:54,删除长低速记录,0.0,0.0,连续低于10 km/h的记录超过180条
2017-12-02 10:19:55,删除长低速记录,0.0,0.0,连续低于10 km/h的记录超过180条
2017-12-02 10:19:56,删除长低速记录,0.0,0.0,连续低于10 km/h的记录超过180条
2017-12-02 10:19:57,删除长低速记录,0.0,0.0,连续低于10 km/h的记录超过180条
2017-12-02 10:19:58,删除长低速记录,0.0,0.0,连续低于10 km/h的记录超过180条
2017-12-02 10:19:59,删除长低速记录,0.0,0.0,连续低于10 km/h的记录超过180条
2017-12-02 10:20:00,删除长低速记录,0.0,0.0,连续低于10 km/h的记录超过180条
2017-12-02 10:20:01,删除长低速记录,0.0,0.0,连续低于10 km/h的记录超过180条
2017-12-02 10:20:02,删除长低速记录,0.0,0.0,连续低于10 km/h的记录超过180条
2017-12-02 10:20:03,删除长低速记录,0.0,0.0,连续低于10 km/h的记录超过180条
2017-12-02 10:20:04,删除长低速记录,0.0,0.0,连续低于10 km/h的记录超过180条
2017-12-02 10:20:05,删除长低速记录,0.0,0.0,连续低于10 km/h的记录超过180条
2017-12-02 10:20:06,删除长低速记录,0.0,0.0,连续低于10 km/h的记录超过180条
2017-12-02 10:20:07,删除长低速记录,0.0,0.0,连续低于10 km/h的记录超过180条
2017-12-02 10:20:08,删除长低速记录,0.0,0.0,连续低于10 km/h的记录超过180条
2017-12-02 10:20:09,删除长低速记录,0.0,0.0,连续低于10 km/h的记录超过180条
2017-12-02 10:20:10,删除长低速记录,0.0,0.0,连续低于10 km/h的记录超过180条
2017-12-02 10:20:11,删除长低速记录,0.0,0.0,连续低于10 km/h的记录超过180条
2017-12-02 10:20:12,删除长低速记录,0.0,0.0,连续低于10 km/h的记录超过180条
2017-12-02 10:20:13,删除长低速记录,0.0,0.0,连续低于10 km/h的记录超过180条
2017-12-02 10:20:14,删除长低速记录,0.0,0.0,连续低于10 km/h的记录超过180条
2017-12-02 10:20:15,删除长低速记录,0.0,0.0,连续低于10 km/h的记录超过180条
2017-12-02 10:20:16,删除长低速记录,0.0,0.0,连续低于10 km/h的记录超过180条
2017-12-02 10:20:17,删除长低速记录,0.0,0.0,连续低于10 km/h的记录超过180条
2017-12-02 10:20:18,删除长低速记录,0.0,0.0,连续低于10 km/h的记录超过180条
2017-12-02 10:20:19,删除长低速记录,0.0,0.0,连续低于10 km/h的记录超过180条
2017-12-02 10:20:20,删除长低速记录,0.0,0.0,连续低于10 km/h的记录超过180条
2017-12-02 10:20:21,删除长低速记录,0.0,0.0,连续低于10 km/h的记录超过180条
2017-12-02 10:20:22,删除长低速记录,0.0,0.0,连续低于10 km/h的记录超过180条
2017-12-02 10:20:23,删除长低速记录,0.0,0.0,连续低于10 km/h的记录超过180条
2017-12-02 10:20:24,删除长低速记录,0.0,0.0,连续低于10 km/h的记录超过180条
2017-12-02 10:20:25,删除长低速记录,0.0,0.0,连续低于10 km/h的记录超过180条
2017-12-02 10:20:26,删除长低速记录,0.0,0.0,连续低于10 km/h的记录超过180条
2017-12-02 10:20:27,删除长低速记录,0.0,0.0,连续低于10 km/h的记录超过180条
2017-12-02 10:20:28,删除长低速记录,0.0,0.0,连续低于10 km/h的记录超过180条
2017-12-02 10:20:29,删除长低速记录,0.0,0.0,连续低于10 km/h的记录超过180条
2017-12-02 10:20:30,删除长低速记录,0.0,0.0,连续低于10 km/h的记录超过180条
2017-12-02 10:20:31,删除长低速记录,0.0,0.0,连续低于10 km/h的记录超过180条
2017-12-02 10:20:32,删除长低速记录,0.0,0.0,连续低于10 km/h的记录超过180条
2017-12-02 10:20:33,删除长低速记录,0.0,0.0,连续低于10 km/h的记录超过180条
2017-12-02 10:20:34,删除长低速记录,0.0,0.0,连续低于10 km/h的记录超过180条
2017-12-02 10:20:35,删除长低速记录,0.0,0.0,连续低于10 km/h的记录超过180条
2017-12-02 10:20:36,删除长低速记录,0.0,0.0,连续低于10 km/h的记录超过180条
2017-12-02 10:20:37,删除长低速记录,0.0,0.0,连续低于10 km/h的记录超过180条
2017-12-02 10:20:38,删除长低速记录,0.0,0.0,连续低于10 km/h的记录超过180条
2017-12-02 10:20:39,删除长低速记录,0.0,0.0,连续低于10 km/h的记录超过180条
2017-12-02 10:20:40,删除长低速记录,0.0,0.0,连续低于10 km/h的记录超过180条
2017-12-02 10:20:41,删除长低速记录,0.0,0.0,连续低于10 km/h的记录超过180条
2017-12-02 10:20:42,删除长低速记录,0.0,0.0,连续低于10 km/h的记录超过180条
2017-12-02 10:20:43,删除长低速记录,0.0,0.0,连续低于10 km/h的记录超过180条
2017-12-02 10:20:44,删除长低速记录,0.0,0.0,连续低于10 km/h的记录超过180条
2017-12-02 10:20:45,删除长低速记录,0.0,0.0,连续低于10 km/h的记录超过180条
2017-12-02 10:20:46,删除长低速记录,0.0,0.0,连续低于10 km/h的记录超过180条
2017-12-02 10:20:47,删除长低速记录,0.0,0.0,连续低于10 km/h的记录超过180条
2017-12-02 10:20:48,删除长低速记录,0.0,0.0,连续低于10 km/h的记录超过180条
2017-12-02 10:20:49,删除长低速记录,0.0,0.0,连续低于10 km/h的记录超过180条
2017-12-02 10:20:50,删除长低速记录,0.0,0.0,连续低于10 km/h的记录超过180条
2017-12-02 10:20:51,删除长低速记录,0.0,0.0,连续低于10 km/h的记录超过180条
2017-12-02 10:20:52,删除长低速记录,0.0,0.0,连续低于10 km/h的记录超过180条
2017-12-02 10:20:53,删除长低速记录,0.0,0.0,连续低于10 km/h的记录超过180条
2017-12-02 10:20:54,删除长低速记录,0.0,0.0,连续低于10 km/h的记录超过180条
2017-12-02 10:20:55,删除长低速记录,0.0,0.0,连续低于10 km/h的记录超过180条
2017-12-02 10:20:56,删除长低速记录,0.0,0.0,连续低于10 km/h的记录超过180条
2017-12-02 10:20:57,删除长低速记录,0.0,0.0,连续低于10 km/h的记录超过180条
2017-12-02 10:20:58,删除长低速记录,0.0,0.0,连续低于10 km/h的记录超过180条
2017-12-02 10:20:59,删除长低速记录,0.0,0.0,连续低于10 km/h的记录超过180条
2017-12-02 10:21:00,删除长低速记录,0.0,0.0,连续低于10 km/h的记录超过180条
2017-12-02 10:21:01,删除长低速记录,0.0,0.0,连续低于10 km/h的记录超过180条
2017-12-02 10:21:02,删除长低速记录,0.0,0.0,连续低于10 km/h的记录超过180条
2017-12-02 10:21:03,删除长低速记录,0.0,0.0,连续低于10 km/h的记录超过180条
2017-12-02 10:21:04,删除长低速记录,0.0,0.0,连续低于10 km/h的记录超过180条
2017-12-02 10:21:05,删除长低速记录,0.0,0.0,连续低于10 km/h的记录超过180条
2017-12-02 10:21:06,删除长低速记录,0.0,0.0,连续低于10 km/h的记录超过180条
2017-12-02 10:21:07,删除长低速记录,0.0,0.0,连续低于10 km/h的记录超过180条
2017-12-02 10:21:08,删除长低速记录,0.0,0.0,连续低于10 km/h的记录超过180条
2017-12-02 10:21:09,删除长低速记录,0.0,0.0,连续低于10 km/h的记录超过180条
2017-12-02 10:21:10,删除长低速记录,0.0,0.0,连续低于10 km/h的记录超过180条
2017-12-02 10:21:11,删除长低速记录,0.0,0.0,连续低于10 km/h的记录超过180条
2017-12-02 10:21:12,删除长低速记录,0.0,0.0,连续低于10 km/h的记录超过180条
2017-12-02 10:21:13,删除长低速记录,0.0,0.0,连续低于10 km/h的记录超过180条
2017-12-02 10:21:14,删除长低速记录,0.0,0.0,连续低于10 km/h的记录超过180条
2017-12-02 10:21:15,删除长低速记录,0.0,0.0,连续低于10 km/h的记录超过180条
2017-12-02 10:21:16,删除长低速记录,0.0,0.0,连续低于10 km/h的记录超过180条
2017-12-02 10:21:17,删除长低速记录,0.0,0.0,连续低于10 km/h的记录超过180条
2017-12-02 10:21:18,删除长低速记录,0.0,0.0,连续低于10 km/h的记录超过180条
2017-12-02 10:21:19,删除长低速记录,0.0,0.0,连续低于10 km/h的记录超过180条
2017-12-02 10:21:20,删除长低速记录,0.0,0.0,连续低于10 km/h的记录超过180条
2017-12-02 10:21:21,删除长低速记录,0.0,0.0,连续低于10 km/h的记录超过180条
2017-12-02 10:21:22,删除长低速记录,0.0,0.0,连续低于10 km/h的记录超过180条
2017-12-02 10:21:23,删除长低速记录,0.0,0.0,连续低于10 km/h的记录超过180条
2017-12-02 10:21:24,删除长低速记录,0.0,0.0,连续低于10 km/h的记录超过180条
2017-12-02 10:21:25,删除长低速记录,0.0,0.0,连续低于10 km/h的记录超过180条
2017-12-02 10:21:26,删除长低速记录,0.0,0.0,连续低于10 km/h的记录超过180条
2017-12-02 10:21:27,删除长低速记录,0.0,0.0,连续低于10 km/h的记录超过180条
2017-12-02 10:21:28,删除长低速记录,0.0,0.0,连续低于10 km/h的记录超过180条
2017-12-02 10:21:29,删除长低速记录,0.0,0.0,连续低于10 km/h的记录超过180条
2017-12-02 10:21:30,删除长低速记录,0.0,0.0,连续低于10 km/h的记录超过180条
2017-12-02 10:21:31,删除长低速记录,0.0,0.0,连续低于10 km/h的记录超过180条
2017-12-02 10:21:32,删除长低速记录,0.0,0.0,连续低于10 km/h的记录超过180条
2017-12-02 10:21:33,删除长低速记录,0.0,0.0,连续低于10 km/h的记录超过180条
2017-12-02 10:21:34,删除长低速记录,0.0,0.0,连续低于10 km/h的记录超过180条
2017-12-02 10:21:35,删除长低速记录,0.0,0.0,连续低于10 km/h的记录超过180条
2017-12-02 10:21:36,删除长低速记录,0.0,0.0,连续低于10 km/h的记录超过180条
2017-12-02 10:21:37,删除长低速记录,0.0,0.0,连续低于10 km/h的记录超过180条
2017-12-02 10:21:38,删除长低速记录,0.0,0.0,连续低于10 km/h的记录超过180条
2017-12-02 10:21:39,删除长低速记录,0.0,0.0,连续低于10 km/h的记录超过180条
2017-12-02 10:21:40,删除长低速记录,0.0,0.0,连续低于10 km/h的记录超过180条
2017-12-02 10:21:41,删除长低速记录,0.0,0.0,连续低于10 km/h的记录超过180条
2017-12-02 10:21:42,删除长低速记录,0.0,0.0,连续低于10 km/h的记录超过180条
2017-12-02 10:21:43,删除长低速记录,0.0,0.0,连续低于10 km/h的记录超过180条
2017-12-02 10:21:44,删除长低速记录,0.0,0.0,连续低于10 km/h的记录超过180条
2017-12-02 10:21:45,删除长低速记录,0.0,0.0,连续低于10 km/h的记录超过180条
2017-12-02 10:21:46,删除长低速记录,0.0,0.0,连续低于10 km/h的记录超过180条
2017-12-02 10:21:47,删除长低速记录,0.0,0.0,连续低于10 km/h的记录超过180条
2017-12-02 10:21:48,删除长低速记录,0.0,0.0,连续低于10 km/h的记录超过180条
2017-12-02 10:21:49,删除长低速记录,0.0,0.0,连续低于10 km/h的记录超过180条
2017-12-02 10:21:50,删除长低速记录,0.0,0.0,连续低于10 km/h的记录超过180条
2017-12-02 10:21:51,删除长低速记录,0.0,0.0,连续低于10 km/h的记录超过180条
2017-12-02 10:21:52,删除长低速记录,0.0,0.0,连续低于10 km/h的记录超过180条
2017-12-02 10:21:53,删除长低速记录,0.0,0.0,连续低于10 km/h的记录超过180条
2017-12-02 10:21:54,删除长低速记录,0.0,0.0,连续低于10 km/h的记录超过180条
2017-12-02 10:21:55,删除长低速记录,0.0,0.0,连续低于10 km/h的记录超过180条
2017-12-02 10:21:56,删除长低速记录,0.0,0.0,连续低于10 km/h的记录超过180条
2017-12-02 10:21:57,删除长低速记录,0.0,0.0,连续低于10 km/h的记录超过180条
2017-12-02 10:21:58,删除长低速记录,0.0,0.0,连续低于10 km/h的记录超过180条
2017-12-02 10:21:59,删除长低速记录,0.0,0.0,连续低于10 km/h的记录超过180条
2017-12-02 10:22:00,删除长低速记录,0.0,0.0,连续低于10 km/h的记录超过180条
2017-12-02 10:22:01,删除长低速记录,0.0,0.0,连续低于10 km/h的记录超过180条
2017-12-02 10:22:02,删除长低速记录,0.0,0.0,连续低于10 km/h的记录超过180条
2017-12-02 10:22:03,删除长低速记录,0.0,0.0,连续低于10 km/h的记录超过180条
2017-12-02 10:22:04,删除长低速记录,0.0,0.0,连续低于10 km/h的记录超过180条
2017-12-02 10:22:05,删除长低速记录,0.0,0.0,连续低于10 km/h的记录超过180条
2017-12-02 10:22:06,删除长低速记录,0.0,0.0,连续低于10 km/h的记录超过180条
2017-12-02 10:22:07,删除长低速记录,0.0,0.0,连续低于10 km/h的记录超过180条
2017-12-02 10:22:08,删除长低速记录,0.0,0.0,连续低于10 km/h的记录超过180条
2017-12-02 10:22:09,删除长低速记录,0.0,0.0,连续低于10 km/h的记录超过180条
2017-12-02 10:22:10,删除长低速记录,0.0,0.0,连续低于10 km/h的记录超过180条
2017-12-02 10:22:11,删除长低速记录,0.0,0.0,连续低于10 km/h的记录超过180条
2017-12-02 10:22:12,删除长低速记录,0.0,0.0,连续低于10 km/h的记录超过180条
2017-12-02 10:22:13,删除长低速记录,0.0,0.0,连续低于10 km/h的记录超过180条
2017-12-02 10:22:14,删除长低速记录,0.0,0.0,连续低于10 km/h的记录超过180条
2017-12-02 10:22:15,删除长低速记录,0.0,0.0,连续低于10 km/h的记录超过180条
2017-12-02 10:22:16,删除长低速记录,0.0,0.0,连续低于10 km/h的记录超过180条
2017-12-02 10:22:17,删除长低速记录,0.0,0.0,连续低于10 km/h的记录超过180条
2017-12-02 10:22:18,删除长低速记录,0.0,0.0,连续低于10 km/h的记录超过180条
2017-12-02 10:22:19,删除长低速记录,0.0,0.0,连续低于10 km/h的记录超过180条
2017-12-02 10:22:20,删除长低速记录,0.0,0.0,连续低于10 km/h的记录超过180条
2017-12-02 10:22:21,删除长低速记录,0.0,0.0,连续低于10 km/h的记录超过180条
2017-12-02 10:22:22,删除长低速记录,0.0,0.0,连续低于10 km/h的记录超过180条
2017-12-02 10:22:23,删除长低速记录,0.0,0.0,连续低于10 km/h的记录超过180条
2017-12-02 10:22:24,删除长低速记录,0.0,0.0,连续低于10 km/h的记录超过180条
2017-12-02 10:22:25,删除长低速记录,0.0,0.0,连续低于10 km/h的记录超过180条
2017-12-02 10:22:26,删除长低速记录,0.0,0.0,连续低于10 km/h的记录超过180条
2017-12-02 10:22:27,删除长低速记录,0.0,0.0,连续低于10 km/h的记录超过180条
2017-12-02 10:22:28,删除长低速记录,0.0,0.0,连续低于10 km/h的记录超过180条
2017-12-02 10:22:29,删除长低速记录,0.0,0.0,连续低于10 km/h的记录超过180条
2017-12-02 10:22:30,删除长低速记录,0.0,0.0,连续低于10 km/h的记录超过180条
2017-12-02 10:22:31,删除长低速记录,0.0,0.0,连续低于10 km/h的记录超过180条
2017-12-02 10:22:32,删除长低速记录,0.0,0.0,连续低于10 km/h的记录超过180条
2017-12-02 10:22:33,删除长低速记录,0.0,0.0,连续低于10 km/h的记录超过180条
2017-12-02 10:22:34,删除长低速记录,0.0,0.0,连续低于10 km/h的记录超过180条
2017-12-02 10:22:35,删除长低速记录,0.0,0.0,连续低于10 km/h的记录超过180条
2017-12-02 10:22:36,删除长低速记录,0.0,0.0,连续低于10 km/h的记录超过180条
2017-12-02 10:22:37,删除长低速记录,0.0,0.0,连续低于10 km/h的记录超过180条
2017-12-02 10:22:38,删除长低速记录,0.0,0.0,连续低于10 km/h的记录超过180条
2017-12-02 10:22:39,删除长低速记录,0.0,0.0,连续低于10 km/h的记录超过180条
2017-12-02 10:22:40,删除长低速记录,0.0,0.0,连续低于10 km/h的记录超过180条
2017-12-02 10:22:41,删除长低速记录,0.0,0.0,连续低于10 km/h的记录超过180条
2017-12-02 10:22:42,删除长低速记录,0.0,0.0,连续低于10 km/h的记录超过180条
2017-12-02 10:22:43,删除长低速记录,0.0,0.0,连续低于10 km/h的记录超过180条
2017-12-02 10:22:44,删除长低速记录,0.0,0.0,连续低于10 km/h的记录超过180条
2017-12-02 10:22:45,删除长低速记录,0.0,0.0,连续低于10 km/h的记录超过180条
2017-12-02 10:22:46,删除长低速记录,0.0,0.0,连续低于10 km/h的记录超过180条
2017-12-02 10:22:47,删除长低速记录,0.0,0.0,连续低于10 km/h的记录超过180条
2017-12-02 10:22:48,删除长低速记录,0.0,0.0,连续低于10 km/h的记录超过180条
2017-12-02 10:22:49,删除长低速记录,0.0,0.0,连续低于10 km/h的记录超过180条
2017-12-02 10:22:50,删除长低速记录,0.0,0.0,连续低于10 km/h的记录超过180条
2017-12-02 10:22:51,删除长低速记录,0.0,0.0,连续低于10 km/h的记录超过180条
2017-12-02 10:22:52,删除长低速记录,0.0,0.0,连续低于10 km/h的记录超过180条
2017-12-02 10:22:53,删除长低速记录,0.0,0.0,连续低于10 km/h的记录超过180条
2017-12-02 10:22:54,删除长低速记录,0.0,0.0,连续低于10 km/h的记录超过180条
2017-12-02 10:22:55,删除长低速记录,0.0,0.0,连续低于10 km/h的记录超过180条
2017-12-02 10:22:56,删除长低速记录,0.0,0.0,连续低于10 km/h的记录超过180条
2017-12-02 10:22:57,删除长低速记录,0.0,0.0,连续低于10 km/h的记录超过180条
2017-12-02 10:22:58,删除长低速记录,0.0,0.0,连续低于10 km/h的记录超过180条
2017-12-02 10:22:59,删除长低速记录,0.0,0.0,连续低于10 km/h的记录超过180条
2017-12-02 10:23:00,删除长低速记录,0.0,0.0,连续低于10 km/h的记录超过180条
2017-12-02 10:23:01,删除长低速记录,2.2,2.2,连续低于10 km/h的记录超过180条
2017-12-02 10:23:02,删除长低速记录,2.5,2.5,连续低于10 km/h的记录超过180条
2017-12-02 10:23:03,删除长低速记录,2.4,2.4,连续低于10 km/h的记录超过180条
2017-12-02 10:23:04,删除长低速记录,2.5,2.5,连续低于10 km/h的记录超过180条
2017-12-02 10:23:05,删除长低速记录,3.0,3.0,连续低于10 km/h的记录超过180条
2017-12-02 10:23:06,删除长低速记录,2.5,2.5,连续低于10 km/h的记录超过180条
2017-12-02 10:23:07,删除长低速记录,2.2,2.2,连续低于10 km/h的记录超过180条
2017-12-02 10:23:08,删除长低速记录,0.0,0.0,连续低于10 km/h的记录超过180条
2017-12-02 10:23:09,删除长低速记录,0.0,0.0,连续低于10 km/h的记录超过180条
2017-12-02 10:23:10,删除长低速记录,0.0,0.0,连续低于10 km/h的记录超过180条
2017-12-02 10:23:11,删除长低速记录,0.0,0.0,连续低于10 km/h的记录超过180条
2017-12-02 10:23:12,删除长低速记录,0.0,0.0,连续低于10 km/h的记录超过180条
2017-12-02 10:23:13,删除长低速记录,0.0,0.0,连续低于10 km/h的记录超过180条
2017-12-02 10:23:14,删除长低速记录,0.0,0.0,连续低于10 km/h的记录超过180条
2017-12-02 10:23:15,删除长低速记录,0.0,0.0,连续低于10 km/h的记录超过180条
2017-12-02 10:23:16,删除长低速记录,2.7,2.7,连续低于10 km/h的记录超过180条
2017-12-02 10:23:17,删除长低速记录,3.6,3.6,连续低于10 km/h的记录超过180条
2017-12-02 10:23:18,删除长低速记录,3.5,3.5,连续低于10 km/h的记录超过180条
2017-12-02 10:23:19,删除长低速记录,2.7,2.7,连续低于10 km/h的记录超过180条
2017-12-02 10:23:20,删除长低速记录,3.5,3.5,连续低于10 km/h的记录超过180条
2017-12-02 10:23:21,删除长低速记录,3.6,3.6,连续低于10 km/h的记录超过180条
2017-12-02 10:23:22,删除长低速记录,4.8,4.8,连续低于10 km/h的记录超过180条
2017-12-02 10:23:23,删除长低速记录,4.9,4.9,连续低于10 km/h的记录超过180条
2017-12-02 10:23:24,删除长低速记录,5.3,5.3,连续低于10 km/h的记录超过180条
2017-12-02 10:23:25,删除长低速记录,5.4,5.4,连续低于10 km/h的记录超过180条
2017-12-02 10:23:26,删除长低速记录,4.1,4.1,连续低于10 km/h的记录超过180条
2017-12-02 10:23:27,删除长低速记录,3.2,3.2,连续低于10 km/h的记录超过180条
2017-12-02 10:23:28,删除长低速记录,4.5,4.5,连续低于10 km/h的记录超过180条
2017-12-02 10:23:29,删除长低速记录,4.4,4.4,连续低于10 km/h的记录超过180条
2017-12-02 10:23:30,删除长低速记录,5.0,5.0,连续低于10 km/h的记录超过180条
2017-12-02 10:23:31,删除长低速记录,6.7,6.7,连续低于10 km/h的记录超过180条
2017-12-02 10:23:32,删除长低速记录,6.6,6.6,连续低于10 km/h的记录超过180条
2017-12-02 10:23:33,删除长低速记录,6.5,6.5,连续低于10 km/h的记录超过180条
2017-12-02 10:23:34,删除长低速记录,5.5,5.5,连续低于10 km/h的记录超过180条
2017-12-02 10:23:35,删除长低速记录,5.9,5.9,连续低于10 km/h的记录超过180条
2017-12-02 10:23:36,删除长低速记录,6.8,6.8,连续低于10 km/h的记录超过180条
2017-12-02 10:23:37,删除长低速记录,7.2,7.2,连续低于10 km/h的记录超过180条
2017-12-02 10:23:38,删除长低速记录,7.2,7.2,连续低于10 km/h的记录超过180条
2017-12-02 10:23:39,删除长低速记录,5.9,5.9,连续低于10 km/h的记录超过180条
2017-12-02 10:23:40,删除长低速记录,5.8,5.8,连续低于10 km/h的记录超过180条
2017-12-02 10:23:41,删除长低速记录,3.8,3.8,连续低于10 km/h的记录超过180条
2017-12-02 10:23:42,删除长低速记录,4.1,4.1,连续低于10 km/h的记录超过180条
2017-12-02 10:23:43,删除长低速记录,2.9,2.9,连续低于10 km/h的记录超过180条
2017-12-02 10:23:44,删除长低速记录,5.2,5.2,连续低于10 km/h的记录超过180条
2017-12-02 10:23:45,删除长低速记录,6.0,6.0,连续低于10 km/h的记录超过180条
2017-12-02 10:23:46,删除长低速记录,8.8,8.8,连续低于10 km/h的记录超过180条
2017-12-02 10:23:47,删除长低速记录,8.9,8.9,连续低于10 km/h的记录超过180条
2017-12-02 10:23:48,删除长低速记录,7.0,7.0,连续低于10 km/h的记录超过180条
2017-12-02 10:23:49,删除长低速记录,6.3,6.3,连续低于10 km/h的记录超过180条
2017-12-02 10:23:50,删除长低速记录,4.9,4.9,连续低于10 km/h的记录超过180条
2017-12-02 10:23:51,删除长低速记录,5.9,5.9,连续低于10 km/h的记录超过180条
2017-12-02 10:23:52,删除长低速记录,5.8,5.8,连续低于10 km/h的记录超过180条
2017-12-02 10:23:53,删除长低速记录,5.8,5.8,连续低于10 km/h的记录超过180条
2017-12-02 10:23:54,删除长低速记录,7.8,7.8,连续低于10 km/h的记录超过180条
2017-12-02 10:23:55,删除长低速记录,8.5,8.5,连续低于10 km/h的记录超过180条
2017-12-02 10:23:56,删除长低速记录,8.5,8.5,连续低于10 km/h的记录超过180条
2017-12-02 10:23:57,删除长低速记录,7.8,7.8,连续低于10 km/h的记录超过180条
2017-12-02 10:23:58,删除长低速记录,9.6,9.6,连续低于10 km/h的记录超过180条
2017-12-02 10:23:59,删除长低速记录,8.9,8.9,连续低于10 km/h的记录超过180条
2017-12-02 10:24:00,删除长低速记录,8.9,8.9,连续低于10 km/h的记录超过180条
2017-12-02 10:24:01,删除长低速记录,8.5,8.5,连续低于10 km/h的记录超过180条
2017-12-02 10:24:02,删除长低速记录,9.4,9.4,连续低于10 km/h的记录超过180条
2017-12-02 10:44:00,车速限幅,17.2,14.256,"连续1秒允许范围 [0.000000, 14.256000] km/h"
2017-12-02 11:45:49,车速限幅,16.7,14.556000000000001,"连续1秒允许范围 [0.000000, 14.556000] km/h"
2017-12-02 17:21:55,删除长低速记录,5.3,5.3,连续低于10 km/h的记录超过180条
2017-12-02 17:21:56,删除长低速记录,4.6,4.6,连续低于10 km/h的记录超过180条
2017-12-02 17:21:57,删除长低速记录,2.4,2.4,连续低于10 km/h的记录超过180条
2017-12-02 17:21:58,删除长低速记录,2.6,2.6,连续低于10 km/h的记录超过180条
2017-12-02 17:21:59,删除长低速记录,2.5,2.5,连续低于10 km/h的记录超过180条
2017-12-02 17:22:00,删除长低速记录,1.8,1.8,连续低于10 km/h的记录超过180条
2017-12-02 17:22:01,删除长低速记录,2.2,2.2,连续低于10 km/h的记录超过180条
2017-12-02 17:22:02,删除长低速记录,3.2,3.2,连续低于10 km/h的记录超过180条
2017-12-02 17:22:03,删除长低速记录,3.0,3.0,连续低于10 km/h的记录超过180条
2017-12-02 17:22:04,删除长低速记录,5.1,5.1,连续低于10 km/h的记录超过180条
2017-12-02 17:22:05,删除长低速记录,7.7,7.7,连续低于10 km/h的记录超过180条
2017-12-02 17:22:06,删除长低速记录,7.7,7.7,连续低于10 km/h的记录超过180条
2017-12-02 17:22:07,删除长低速记录,8.3,8.3,连续低于10 km/h的记录超过180条
2017-12-02 17:22:08,删除长低速记录,8.2,8.2,连续低于10 km/h的记录超过180条
2017-12-02 17:22:09,删除长低速记录,8.0,8.0,连续低于10 km/h的记录超过180条
2017-12-02 17:22:10,删除长低速记录,8.0,8.0,连续低于10 km/h的记录超过180条
2017-12-02 17:22:11,删除长低速记录,7.4,7.4,连续低于10 km/h的记录超过180条
2017-12-02 17:22:12,删除长低速记录,6.6,6.6,连续低于10 km/h的记录超过180条
2017-12-02 17:22:13,删除长低速记录,6.7,6.7,连续低于10 km/h的记录超过180条
2017-12-02 17:22:14,删除长低速记录,6.5,6.5,连续低于10 km/h的记录超过180条
2017-12-02 17:22:15,删除长低速记录,7.6,7.6,连续低于10 km/h的记录超过180条
2017-12-02 18:33:30,车速限幅,16.2,14.256,"连续1秒允许范围 [0.000000, 14.256000] km/h"
2017-12-02 18:40:52,删除长低速记录,0.0,0.0,连续低于10 km/h的记录超过180条
2017-12-02 18:40:53,删除长低速记录,0.0,0.0,连续低于10 km/h的记录超过180条
2017-12-02 18:40:54,删除长低速记录,0.0,0.0,连续低于10 km/h的记录超过180条
2017-12-02 18:40:55,删除长低速记录,0.0,0.0,连续低于10 km/h的记录超过180条
2017-12-02 18:40:56,删除长低速记录,0.0,0.0,连续低于10 km/h的记录超过180条
2017-12-02 18:40:57,删除长低速记录,0.0,0.0,连续低于10 km/h的记录超过180条
2017-12-02 18:40:58,删除长低速记录,0.0,0.0,连续低于10 km/h的记录超过180条
2017-12-02 18:40:59,删除长低速记录,0.0,0.0,连续低于10 km/h的记录超过180条
2017-12-02 18:41:00,删除长低速记录,1.4,1.4,连续低于10 km/h的记录超过180条
2017-12-02 18:41:01,删除长低速记录,2.9,2.9,连续低于10 km/h的记录超过180条
2017-12-02 18:41:02,删除长低速记录,6.5,6.5,连续低于10 km/h的记录超过180条
2017-12-02 18:58:25,新增插值记录,,30.799999999999997,相邻速度 31.7 与 29.9 km/h 的线性中点
2017-12-02 18:58:27,新增插值记录,,26.75,相邻速度 29.9 与 23.6 km/h 的线性中点
2017-12-02 19:18:36,车速限幅,112.3,113.50000000000001,"连续1秒允许范围 [113.500000, 156.556000] km/h"
2017-12-02 19:18:38,车速限幅,138.5,126.556,"连续1秒允许范围 [83.500000, 126.556000] km/h"
2017-12-02 19:19:58,新增插值记录,,46.2,相邻速度 46.2 与 46.2 km/h 的线性中点
2017-12-02 19:50:10,新增插值记录,,42.65,相邻速度 44.9 与 40.4 km/h 的线性中点
2017-12-02 19:51:10,新增插值记录,,54.0,相邻速度 54 与 54 km/h 的线性中点
2017-12-02 19:51:37,新增插值记录,,48.4,相邻速度 49.4 与 47.4 km/h 的线性中点
2017-12-02 19:51:41,新增插值记录,,45.25,相邻速度 46.5 与 44 km/h 的线性中点
2017-12-02 19:52:10,新增插值记录,,46.5,相邻速度 46.5 与 46.5 km/h 的线性中点
2017-12-02 19:54:14,新增插值记录,,42.2,相邻速度 42.2 与 42.2 km/h 的线性中点
2017-12-02 19:54:21,新增插值记录,,42.2,相邻速度 42.2 与 42.2 km/h 的线性中点
2017-12-02 19:54:28,新增插值记录,,42.2,相邻速度 42.2 与 42.2 km/h 的线性中点
2017-12-02 19:54:37,新增插值记录,,42.2,相邻速度 42.2 与 42.2 km/h 的线性中点
2017-12-02 19:54:42,新增插值记录,,42.2,相邻速度 42.2 与 42.2 km/h 的线性中点
2017-12-02 19:54:53,新增插值记录,,42.2,相邻速度 42.2 与 42.2 km/h 的线性中点
2017-12-02 19:55:48,新增插值记录,,46.8,相邻速度 46.8 与 46.8 km/h 的线性中点
2017-12-02 19:55:53,新增插值记录,,46.8,相邻速度 46.8 与 46.8 km/h 的线性中点
2017-12-02 19:55:59,新增插值记录,,46.8,相邻速度 46.8 与 46.8 km/h 的线性中点
2017-12-02 20:33:40,车速限幅,17.0,14.256,"连续1秒允许范围 [0.000000, 14.256000] km/h"
2017-12-02 20:41:19,新增插值记录,,29.85,相邻速度 30.5 与 29.2 km/h 的线性中点
2017-12-02 20:41:22,新增插值记录,,26.65,相邻速度 28.7 与 24.6 km/h 的线性中点
2017-12-02 20:44:29,删除长低速记录,0.0,0.0,连续低于10 km/h的记录超过180条
2017-12-02 20:44:30,删除长低速记录,0.0,0.0,连续低于10 km/h的记录超过180条
2017-12-02 20:44:31,删除长低速记录,0.0,0.0,连续低于10 km/h的记录超过180条
2017-12-02 20:44:32,删除长低速记录,0.0,0.0,连续低于10 km/h的记录超过180条
2017-12-02 20:44:33,删除长低速记录,0.0,0.0,连续低于10 km/h的记录超过180条
2017-12-02 20:44:34,删除长低速记录,0.0,0.0,连续低于10 km/h的记录超过180条
2017-12-02 20:44:35,删除长低速记录,0.0,0.0,连续低于10 km/h的记录超过180条
2017-12-02 20:44:36,删除长低速记录,0.0,0.0,连续低于10 km/h的记录超过180条
2017-12-02 20:44:37,删除长低速记录,0.0,0.0,连续低于10 km/h的记录超过180条
2017-12-02 20:44:38,删除长低速记录,0.0,0.0,连续低于10 km/h的记录超过180条
2017-12-02 20:44:39,删除长低速记录,0.0,0.0,连续低于10 km/h的记录超过180条
2017-12-02 20:44:40,删除长低速记录,0.0,0.0,连续低于10 km/h的记录超过180条
2017-12-02 20:44:41,删除长低速记录,0.0,0.0,连续低于10 km/h的记录超过180条
2017-12-02 20:44:42,删除长低速记录,0.0,0.0,连续低于10 km/h的记录超过180条
2017-12-02 20:44:43,删除长低速记录,0.0,0.0,连续低于10 km/h的记录超过180条
2017-12-02 20:44:44,删除长低速记录,0.0,0.0,连续低于10 km/h的记录超过180条
2017-12-02 20:44:45,删除长低速记录,0.0,0.0,连续低于10 km/h的记录超过180条
2017-12-02 20:44:46,删除长低速记录,0.0,0.0,连续低于10 km/h的记录超过180条
2017-12-02 20:44:47,删除长低速记录,0.0,0.0,连续低于10 km/h的记录超过180条
2017-12-02 20:44:48,删除长低速记录,0.0,0.0,连续低于10 km/h的记录超过180条
2017-12-02 20:44:49,删除长低速记录,0.0,0.0,连续低于10 km/h的记录超过180条
2017-12-02 20:44:50,删除长低速记录,0.0,0.0,连续低于10 km/h的记录超过180条
2017-12-02 20:44:51,删除长低速记录,0.0,0.0,连续低于10 km/h的记录超过180条
2017-12-02 20:44:52,删除长低速记录,0.0,0.0,连续低于10 km/h的记录超过180条
2017-12-02 20:44:53,删除长低速记录,0.0,0.0,连续低于10 km/h的记录超过180条
2017-12-02 20:44:54,删除长低速记录,0.0,0.0,连续低于10 km/h的记录超过180条
2017-12-02 20:44:55,删除长低速记录,0.0,0.0,连续低于10 km/h的记录超过180条
2017-12-02 20:44:56,删除长低速记录,0.0,0.0,连续低于10 km/h的记录超过180条
2017-12-02 20:44:57,删除长低速记录,0.0,0.0,连续低于10 km/h的记录超过180条
2017-12-02 20:44:58,删除长低速记录,0.0,0.0,连续低于10 km/h的记录超过180条
2017-12-02 20:44:59,删除长低速记录,0.0,0.0,连续低于10 km/h的记录超过180条
2017-12-02 20:45:00,删除长低速记录,0.0,0.0,连续低于10 km/h的记录超过180条
2017-12-02 20:45:01,删除长低速记录,0.0,0.0,连续低于10 km/h的记录超过180条
2017-12-02 20:45:02,删除长低速记录,0.0,0.0,连续低于10 km/h的记录超过180条
2017-12-02 20:45:03,删除长低速记录,0.0,0.0,连续低于10 km/h的记录超过180条
2017-12-02 20:45:04,删除长低速记录,0.0,0.0,连续低于10 km/h的记录超过180条
2017-12-02 20:45:05,删除长低速记录,0.0,0.0,连续低于10 km/h的记录超过180条
2017-12-02 20:45:06,删除长低速记录,0.0,0.0,连续低于10 km/h的记录超过180条
2017-12-02 20:45:07,删除长低速记录,0.0,0.0,连续低于10 km/h的记录超过180条
2017-12-02 20:45:08,删除长低速记录,0.0,0.0,连续低于10 km/h的记录超过180条
2017-12-02 20:45:09,删除长低速记录,0.0,0.0,连续低于10 km/h的记录超过180条
2017-12-02 20:45:10,删除长低速记录,0.0,0.0,连续低于10 km/h的记录超过180条
2017-12-02 20:45:11,删除长低速记录,0.0,0.0,连续低于10 km/h的记录超过180条
2017-12-02 20:45:12,删除长低速记录,0.0,0.0,连续低于10 km/h的记录超过180条
2017-12-02 20:45:13,删除长低速记录,0.0,0.0,连续低于10 km/h的记录超过180条
2017-12-02 20:45:14,删除长低速记录,0.0,0.0,连续低于10 km/h的记录超过180条
2017-12-02 20:45:15,删除长低速记录,0.0,0.0,连续低于10 km/h的记录超过180条
2017-12-02 20:45:16,删除长低速记录,0.0,0.0,连续低于10 km/h的记录超过180条
2017-12-02 20:45:17,删除长低速记录,0.0,0.0,连续低于10 km/h的记录超过180条
2017-12-02 20:45:18,删除长低速记录,0.0,0.0,连续低于10 km/h的记录超过180条
2017-12-02 20:45:19,删除长低速记录,0.0,0.0,连续低于10 km/h的记录超过180条
2017-12-02 20:45:20,删除长低速记录,0.0,0.0,连续低于10 km/h的记录超过180条
2017-12-02 20:45:21,删除长低速记录,0.0,0.0,连续低于10 km/h的记录超过180条
2017-12-02 20:45:22,删除长低速记录,0.0,0.0,连续低于10 km/h的记录超过180条
2017-12-02 20:45:23,删除长低速记录,0.0,0.0,连续低于10 km/h的记录超过180条
2017-12-02 20:45:24,删除长低速记录,0.0,0.0,连续低于10 km/h的记录超过180条
2017-12-02 20:45:25,删除长低速记录,0.0,0.0,连续低于10 km/h的记录超过180条
2017-12-02 20:45:26,删除长低速记录,0.0,0.0,连续低于10 km/h的记录超过180条
2017-12-02 20:45:27,删除长低速记录,0.0,0.0,连续低于10 km/h的记录超过180条
2017-12-02 20:45:28,删除长低速记录,0.0,0.0,连续低于10 km/h的记录超过180条
2017-12-02 20:45:29,删除长低速记录,0.0,0.0,连续低于10 km/h的记录超过180条
2017-12-02 20:45:30,删除长低速记录,0.0,0.0,连续低于10 km/h的记录超过180条
2017-12-02 20:45:31,删除长低速记录,0.0,0.0,连续低于10 km/h的记录超过180条
2017-12-02 20:45:32,删除长低速记录,0.0,0.0,连续低于10 km/h的记录超过180条
2017-12-02 20:45:33,删除长低速记录,0.0,0.0,连续低于10 km/h的记录超过180条
2017-12-02 20:45:34,删除长低速记录,0.0,0.0,连续低于10 km/h的记录超过180条
2017-12-02 20:45:35,删除长低速记录,0.0,0.0,连续低于10 km/h的记录超过180条
2017-12-02 20:45:36,删除长低速记录,0.0,0.0,连续低于10 km/h的记录超过180条
2017-12-02 20:45:37,删除长低速记录,0.0,0.0,连续低于10 km/h的记录超过180条
2017-12-02 20:45:38,删除长低速记录,0.0,0.0,连续低于10 km/h的记录超过180条
2017-12-02 20:45:39,删除长低速记录,0.0,0.0,连续低于10 km/h的记录超过180条
2017-12-02 20:45:40,删除长低速记录,0.0,0.0,连续低于10 km/h的记录超过180条
2017-12-02 20:45:41,删除长低速记录,0.0,0.0,连续低于10 km/h的记录超过180条
2017-12-02 20:45:42,删除长低速记录,0.0,0.0,连续低于10 km/h的记录超过180条
2017-12-02 20:45:43,删除长低速记录,0.0,0.0,连续低于10 km/h的记录超过180条
2017-12-02 20:45:44,删除长低速记录,0.0,0.0,连续低于10 km/h的记录超过180条
2017-12-02 20:45:45,删除长低速记录,0.0,0.0,连续低于10 km/h的记录超过180条
2017-12-02 20:45:46,删除长低速记录,0.0,0.0,连续低于10 km/h的记录超过180条
2017-12-02 20:45:47,删除长低速记录,0.0,0.0,连续低于10 km/h的记录超过180条
2017-12-02 20:45:48,删除长低速记录,0.0,0.0,连续低于10 km/h的记录超过180条
2017-12-02 20:45:49,删除长低速记录,0.0,0.0,连续低于10 km/h的记录超过180条
2017-12-02 20:45:50,删除长低速记录,0.0,0.0,连续低于10 km/h的记录超过180条
2017-12-02 20:45:51,删除长低速记录,0.0,0.0,连续低于10 km/h的记录超过180条
2017-12-02 20:45:52,删除长低速记录,0.0,0.0,连续低于10 km/h的记录超过180条
2017-12-02 20:45:53,删除长低速记录,0.0,0.0,连续低于10 km/h的记录超过180条
2017-12-02 20:45:54,删除长低速记录,0.0,0.0,连续低于10 km/h的记录超过180条
2017-12-02 20:45:55,删除长低速记录,0.0,0.0,连续低于10 km/h的记录超过180条
2017-12-02 20:45:56,删除长低速记录,0.0,0.0,连续低于10 km/h的记录超过180条
2017-12-02 20:45:57,删除长低速记录,0.0,0.0,连续低于10 km/h的记录超过180条
2017-12-02 20:45:58,删除长低速记录,0.0,0.0,连续低于10 km/h的记录超过180条
2017-12-02 20:45:59,删除长低速记录,0.0,0.0,连续低于10 km/h的记录超过180条
2017-12-02 20:46:00,删除长低速记录,0.0,0.0,连续低于10 km/h的记录超过180条
2017-12-02 20:46:01,删除长低速记录,0.0,0.0,连续低于10 km/h的记录超过180条
2017-12-02 20:46:02,删除长低速记录,0.0,0.0,连续低于10 km/h的记录超过180条
2017-12-02 20:46:03,删除长低速记录,0.0,0.0,连续低于10 km/h的记录超过180条
2017-12-02 20:46:04,删除长低速记录,0.0,0.0,连续低于10 km/h的记录超过180条
2017-12-02 20:46:05,删除长低速记录,0.0,0.0,连续低于10 km/h的记录超过180条
2017-12-02 20:46:06,删除长低速记录,0.0,0.0,连续低于10 km/h的记录超过180条
2017-12-02 20:46:07,删除长低速记录,0.0,0.0,连续低于10 km/h的记录超过180条
2017-12-02 20:46:08,删除长低速记录,0.0,0.0,连续低于10 km/h的记录超过180条
2017-12-02 20:46:09,删除长低速记录,0.0,0.0,连续低于10 km/h的记录超过180条
2017-12-02 20:46:10,删除长低速记录,0.0,0.0,连续低于10 km/h的记录超过180条
2017-12-02 20:46:11,删除长低速记录,0.0,0.0,连续低于10 km/h的记录超过180条
2017-12-02 20:46:12,删除长低速记录,0.0,0.0,连续低于10 km/h的记录超过180条
2017-12-02 20:46:13,删除长低速记录,0.0,0.0,连续低于10 km/h的记录超过180条
2017-12-02 20:46:14,删除长低速记录,0.0,0.0,连续低于10 km/h的记录超过180条
2017-12-02 20:46:15,删除长低速记录,0.0,0.0,连续低于10 km/h的记录超过180条
2017-12-02 20:46:16,删除长低速记录,0.0,0.0,连续低于10 km/h的记录超过180条
2017-12-02 20:46:17,删除长低速记录,0.0,0.0,连续低于10 km/h的记录超过180条
2017-12-02 20:46:18,删除长低速记录,0.0,0.0,连续低于10 km/h的记录超过180条
2017-12-02 20:46:19,删除长低速记录,0.0,0.0,连续低于10 km/h的记录超过180条
2017-12-02 20:46:20,删除长低速记录,0.0,0.0,连续低于10 km/h的记录超过180条
2017-12-02 20:46:21,删除长低速记录,0.0,0.0,连续低于10 km/h的记录超过180条
2017-12-02 20:46:22,删除长低速记录,0.0,0.0,连续低于10 km/h的记录超过180条
2017-12-02 20:46:23,删除长低速记录,0.0,0.0,连续低于10 km/h的记录超过180条
2017-12-02 20:46:24,删除长低速记录,0.0,0.0,连续低于10 km/h的记录超过180条
2017-12-02 20:46:25,删除长低速记录,0.0,0.0,连续低于10 km/h的记录超过180条
2017-12-02 20:46:26,删除长低速记录,0.0,0.0,连续低于10 km/h的记录超过180条
2017-12-02 20:46:27,删除长低速记录,0.0,0.0,连续低于10 km/h的记录超过180条
2017-12-02 20:46:28,删除长低速记录,0.0,0.0,连续低于10 km/h的记录超过180条
2017-12-02 20:46:29,删除长低速记录,0.0,0.0,连续低于10 km/h的记录超过180条
2017-12-02 20:46:30,删除长低速记录,0.0,0.0,连续低于10 km/h的记录超过180条
2017-12-02 20:46:31,删除长低速记录,0.0,0.0,连续低于10 km/h的记录超过180条
2017-12-02 20:46:32,删除长低速记录,0.0,0.0,连续低于10 km/h的记录超过180条
2017-12-02 20:46:33,删除长低速记录,0.0,0.0,连续低于10 km/h的记录超过180条
2017-12-02 20:46:34,删除长低速记录,0.0,0.0,连续低于10 km/h的记录超过180条
2017-12-02 20:46:35,删除长低速记录,0.0,0.0,连续低于10 km/h的记录超过180条
2017-12-02 20:46:36,删除长低速记录,0.0,0.0,连续低于10 km/h的记录超过180条
2017-12-02 20:46:37,删除长低速记录,0.0,0.0,连续低于10 km/h的记录超过180条
2017-12-02 20:46:38,删除长低速记录,0.0,0.0,连续低于10 km/h的记录超过180条
2017-12-02 20:46:39,删除长低速记录,0.0,0.0,连续低于10 km/h的记录超过180条
2017-12-02 20:46:40,删除长低速记录,0.0,0.0,连续低于10 km/h的记录超过180条
2017-12-02 20:46:41,删除长低速记录,0.0,0.0,连续低于10 km/h的记录超过180条
2017-12-02 20:46:42,删除长低速记录,0.0,0.0,连续低于10 km/h的记录超过180条
2017-12-02 20:46:43,删除长低速记录,0.0,0.0,连续低于10 km/h的记录超过180条
2017-12-02 20:46:44,删除长低速记录,0.0,0.0,连续低于10 km/h的记录超过180条
2017-12-02 20:46:45,删除长低速记录,0.0,0.0,连续低于10 km/h的记录超过180条
2017-12-02 20:46:46,删除长低速记录,0.0,0.0,连续低于10 km/h的记录超过180条
2017-12-02 20:46:47,删除长低速记录,0.0,0.0,连续低于10 km/h的记录超过180条
2017-12-02 20:46:48,删除长低速记录,0.0,0.0,连续低于10 km/h的记录超过180条
2017-12-02 20:46:49,删除长低速记录,0.0,0.0,连续低于10 km/h的记录超过180条
2017-12-02 20:46:50,删除长低速记录,0.0,0.0,连续低于10 km/h的记录超过180条
2017-12-02 20:46:51,删除长低速记录,0.0,0.0,连续低于10 km/h的记录超过180条
2017-12-02 20:46:52,删除长低速记录,0.0,0.0,连续低于10 km/h的记录超过180条
2017-12-02 20:46:53,删除长低速记录,0.0,0.0,连续低于10 km/h的记录超过180条
2017-12-02 20:46:54,删除长低速记录,0.0,0.0,连续低于10 km/h的记录超过180条
2017-12-02 20:46:55,删除长低速记录,0.0,0.0,连续低于10 km/h的记录超过180条
2017-12-02 20:46:56,删除长低速记录,0.0,0.0,连续低于10 km/h的记录超过180条
2017-12-02 20:46:57,删除长低速记录,0.0,0.0,连续低于10 km/h的记录超过180条
2017-12-02 20:46:58,删除长低速记录,0.0,0.0,连续低于10 km/h的记录超过180条
2017-12-02 20:46:59,删除长低速记录,0.0,0.0,连续低于10 km/h的记录超过180条
2017-12-02 20:47:00,删除长低速记录,0.0,0.0,连续低于10 km/h的记录超过180条
2017-12-02 20:47:01,删除长低速记录,0.0,0.0,连续低于10 km/h的记录超过180条
2017-12-02 20:47:02,删除长低速记录,0.0,0.0,连续低于10 km/h的记录超过180条
2017-12-02 20:47:03,删除长低速记录,0.0,0.0,连续低于10 km/h的记录超过180条
2017-12-02 20:47:04,删除长低速记录,0.0,0.0,连续低于10 km/h的记录超过180条
2017-12-02 20:47:05,删除长低速记录,0.0,0.0,连续低于10 km/h的记录超过180条
2017-12-02 20:47:06,删除长低速记录,0.0,0.0,连续低于10 km/h的记录超过180条
2017-12-02 20:47:07,删除长低速记录,0.0,0.0,连续低于10 km/h的记录超过180条
2017-12-02 20:47:08,删除长低速记录,0.0,0.0,连续低于10 km/h的记录超过180条
2017-12-02 20:47:09,删除长低速记录,0.0,0.0,连续低于10 km/h的记录超过180条
2017-12-02 20:47:10,删除长低速记录,0.0,0.0,连续低于10 km/h的记录超过180条
2017-12-02 20:47:11,删除长低速记录,0.0,0.0,连续低于10 km/h的记录超过180条
2017-12-02 20:47:12,删除长低速记录,0.0,0.0,连续低于10 km/h的记录超过180条
2017-12-02 20:47:13,删除长低速记录,0.0,0.0,连续低于10 km/h的记录超过180条
2017-12-02 20:47:14,删除长低速记录,0.0,0.0,连续低于10 km/h的记录超过180条
2017-12-02 20:47:15,删除长低速记录,0.0,0.0,连续低于10 km/h的记录超过180条
2017-12-02 20:47:16,删除长低速记录,0.0,0.0,连续低于10 km/h的记录超过180条
2017-12-02 20:47:17,删除长低速记录,0.0,0.0,连续低于10 km/h的记录超过180条
2017-12-02 20:47:18,删除长低速记录,0.0,0.0,连续低于10 km/h的记录超过180条
2017-12-02 20:47:19,删除长低速记录,0.0,0.0,连续低于10 km/h的记录超过180条
2017-12-02 20:47:20,删除长低速记录,0.0,0.0,连续低于10 km/h的记录超过180条
2017-12-02 20:47:21,删除长低速记录,0.0,0.0,连续低于10 km/h的记录超过180条
2017-12-02 20:47:22,删除长低速记录,0.0,0.0,连续低于10 km/h的记录超过180条
2017-12-02 20:47:23,删除长低速记录,0.0,0.0,连续低于10 km/h的记录超过180条
2017-12-02 20:47:24,删除长低速记录,0.0,0.0,连续低于10 km/h的记录超过180条
2017-12-02 20:47:25,删除长低速记录,0.0,0.0,连续低于10 km/h的记录超过180条
2017-12-02 20:47:26,删除长低速记录,0.0,0.0,连续低于10 km/h的记录超过180条
2017-12-02 20:47:27,删除长低速记录,0.0,0.0,连续低于10 km/h的记录超过180条
2017-12-02 20:47:28,删除长低速记录,0.0,0.0,连续低于10 km/h的记录超过180条
2017-12-02 20:47:29,删除长低速记录,0.0,0.0,连续低于10 km/h的记录超过180条
2017-12-02 20:47:30,删除长低速记录,0.0,0.0,连续低于10 km/h的记录超过180条
2017-12-02 20:47:31,删除长低速记录,0.0,0.0,连续低于10 km/h的记录超过180条
2017-12-02 20:47:32,删除长低速记录,0.0,0.0,连续低于10 km/h的记录超过180条
2017-12-02 20:47:33,删除长低速记录,0.0,0.0,连续低于10 km/h的记录超过180条
2017-12-02 20:47:34,删除长低速记录,0.0,0.0,连续低于10 km/h的记录超过180条
2017-12-02 20:47:35,删除长低速记录,0.0,0.0,连续低于10 km/h的记录超过180条
2017-12-02 20:47:36,删除长低速记录,0.0,0.0,连续低于10 km/h的记录超过180条
2017-12-02 20:47:37,删除长低速记录,0.0,0.0,连续低于10 km/h的记录超过180条
2017-12-02 20:47:38,删除长低速记录,0.0,0.0,连续低于10 km/h的记录超过180条
2017-12-02 20:47:39,删除长低速记录,0.0,0.0,连续低于10 km/h的记录超过180条
2017-12-02 20:47:40,删除长低速记录,0.0,0.0,连续低于10 km/h的记录超过180条
2017-12-02 20:47:41,删除长低速记录,0.0,0.0,连续低于10 km/h的记录超过180条
2017-12-02 20:47:42,删除长低速记录,0.0,0.0,连续低于10 km/h的记录超过180条
2017-12-02 20:47:43,删除长低速记录,0.0,0.0,连续低于10 km/h的记录超过180条
2017-12-02 20:47:44,删除长低速记录,0.0,0.0,连续低于10 km/h的记录超过180条
2017-12-02 20:47:45,删除长低速记录,0.0,0.0,连续低于10 km/h的记录超过180条
2017-12-02 20:47:46,删除长低速记录,0.0,0.0,连续低于10 km/h的记录超过180条
2017-12-02 20:47:47,删除长低速记录,0.0,0.0,连续低于10 km/h的记录超过180条
2017-12-02 20:47:48,删除长低速记录,0.0,0.0,连续低于10 km/h的记录超过180条
2017-12-02 20:47:49,删除长低速记录,2.3,2.3,连续低于10 km/h的记录超过180条
2017-12-02 20:47:50,删除长低速记录,3.1,3.1,连续低于10 km/h的记录超过180条
2017-12-02 20:47:51,删除长低速记录,3.7,3.7,连续低于10 km/h的记录超过180条
2017-12-02 20:47:52,删除长低速记录,4.0,4.0,连续低于10 km/h的记录超过180条
2017-12-02 20:47:53,删除长低速记录,4.8,4.8,连续低于10 km/h的记录超过180条
2017-12-02 20:47:54,删除长低速记录,7.0,7.0,连续低于10 km/h的记录超过180条
2017-12-02 21:33:53,新增插值记录,,83.15,相邻速度 44.2 与 122.1 km/h 的线性中点
2017-12-02 21:33:53,车速限幅,83.15,58.456,"连续1秒允许范围 [15.400000, 58.456000] km/h"
2017-12-02 21:33:54,车速限幅,122.1,72.712,"连续1秒允许范围 [29.656000, 72.712000] km/h"
2017-12-02 21:34:03,新增插值记录,,75.89999999999999,相邻速度 122.1 与 29.7 km/h 的线性中点
2017-12-02 21:34:03,车速限幅,75.89999999999999,93.3,"连续1秒允许范围 [93.300000, 136.356000] km/h"
2017-12-02 21:34:04,车速限幅,29.7,64.5,"连续1秒允许范围 [64.500000, 107.556000] km/h"
2017-12-02 21:34:05,车速限幅,19.1,35.7,"连续1秒允许范围 [35.700000, 78.756000] km/h"
2017-12-02 21:57:07,新增插值记录,,90.6,相邻速度 90.6 与 90.6 km/h 的线性中点
2017-12-02 22:04:24,新增插值记录,,68.95,相邻速度 68.9 与 69 km/h 的线性中点
2017-12-02 22:09:55,新增插值记录,,83.5,相邻速度 83.5 与 83.5 km/h 的线性中点
2017-12-02 22:10:06,新增插值记录,,83.5,相邻速度 83.5 与 83.5 km/h 的线性中点
2017-12-02 22:10:11,新增插值记录,,83.5,相邻速度 83.5 与 83.5 km/h 的线性中点
2017-12-02 22:10:20,新增插值记录,,83.5,相邻速度 83.5 与 83.5 km/h 的线性中点
2017-12-02 22:10:25,新增插值记录,,83.5,相邻速度 83.5 与 83.5 km/h 的线性中点
2017-12-02 22:10:28,新增插值记录,,83.5,相邻速度 83.5 与 83.5 km/h 的线性中点
2017-12-02 22:10:39,新增插值记录,,83.5,相邻速度 83.5 与 83.5 km/h 的线性中点
2017-12-02 22:10:44,新增插值记录,,83.5,相邻速度 83.5 与 83.5 km/h 的线性中点
2017-12-02 22:10:53,新增插值记录,,83.5,相邻速度 83.5 与 83.5 km/h 的线性中点
2017-12-02 22:11:00,新增插值记录,,83.5,相邻速度 83.5 与 83.5 km/h 的线性中点
2017-12-02 22:11:45,新增插值记录,,81.5,相邻速度 81.5 与 81.5 km/h 的线性中点
2017-12-02 22:11:49,新增插值记录,,81.5,相邻速度 81.5 与 81.5 km/h 的线性中点
2017-12-02 22:11:59,新增插值记录,,81.5,相邻速度 81.5 与 81.5 km/h 的线性中点
2017-12-02 22:12:06,新增插值记录,,81.5,相邻速度 81.5 与 81.5 km/h 的线性中点
2017-12-02 22:12:18,新增插值记录,,81.5,相邻速度 81.5 与 81.5 km/h 的线性中点
2017-12-02 22:12:22,新增插值记录,,81.5,相邻速度 81.5 与 81.5 km/h 的线性中点
2017-12-02 22:12:32,新增插值记录,,77.0,相邻速度 77 与 77 km/h 的线性中点
2017-12-02 22:12:37,车速限幅,91.8,91.256,"连续1秒允许范围 [48.200000, 91.256000] km/h"
2017-12-02 22:14:36,新增插值记录,,81.1,相邻速度 81.1 与 81.1 km/h 的线性中点
2017-12-02 22:14:39,新增插值记录,,81.1,相邻速度 81.1 与 81.1 km/h 的线性中点
2017-12-02 22:14:50,新增插值记录,,81.1,相邻速度 81.1 与 81.1 km/h 的线性中点
2017-12-02 22:14:55,新增插值记录,,81.1,相邻速度 81.1 与 81.1 km/h 的线性中点
2017-12-02 22:15:09,新增插值记录,,81.1,相邻速度 81.1 与 81.1 km/h 的线性中点
2017-12-02 22:15:11,新增插值记录,,81.1,相邻速度 81.1 与 81.1 km/h 的线性中点
2017-12-02 22:15:23,新增插值记录,,81.1,相邻速度 81.1 与 81.1 km/h 的线性中点
2017-12-02 22:15:28,新增插值记录,,81.1,相邻速度 81.1 与 81.1 km/h 的线性中点
2017-12-02 22:15:42,新增插值记录,,81.1,相邻速度 81.1 与 81.1 km/h 的线性中点
2017-12-02 22:15:44,新增插值记录,,81.1,相邻速度 81.1 与 81.1 km/h 的线性中点
2017-12-02 22:15:56,新增插值记录,,81.1,相邻速度 81.1 与 81.1 km/h 的线性中点
2017-12-02 22:16:00,新增插值记录,,81.1,相邻速度 81.1 与 81.1 km/h 的线性中点
2017-12-02 22:16:15,新增插值记录,,81.1,相邻速度 81.1 与 81.1 km/h 的线性中点
2017-12-02 22:16:17,新增插值记录,,81.1,相邻速度 81.1 与 81.1 km/h 的线性中点
2017-12-02 22:16:29,新增插值记录,,81.1,相邻速度 81.1 与 81.1 km/h 的线性中点
2017-12-02 22:16:33,新增插值记录,,81.1,相邻速度 81.1 与 81.1 km/h 的线性中点
2017-12-02 22:16:48,新增插值记录,,84.05,相邻速度 83.8 与 84.3 km/h 的线性中点
2017-12-02 22:17:02,新增插值记录,,83.8,相邻速度 83.8 与 83.8 km/h 的线性中点
2017-12-02 22:17:14,车速限幅,85.1,188.29999999999998,"连续1秒允许范围 [188.300000, 231.356000] km/h"
2017-12-02 22:17:15,车速限幅,104.5,159.49999999999997,"连续1秒允许范围 [159.500000, 202.556000] km/h"
2017-12-02 22:17:16,车速限幅,104.6,130.69999999999996,"连续1秒允许范围 [130.700000, 173.756000] km/h"
2017-12-02 22:17:17,新增插值记录,,110.85,相邻速度 104.6 与 117.1 km/h 的线性中点
2017-12-02 22:17:19,车速限幅,137.4,131.356,"连续1秒允许范围 [88.300000, 131.356000] km/h"
2017-12-02 22:17:35,新增插值记录,,137.4,相邻速度 137.4 与 137.4 km/h 的线性中点
2017-12-02 22:17:38,新增插值记录,,137.4,相邻速度 137.4 与 137.4 km/h 的线性中点
2017-12-02 22:17:54,新增插值记录,,137.4,相邻速度 137.4 与 137.4 km/h 的线性中点
2017-12-02 22:18:08,新增插值记录,,137.4,相邻速度 137.4 与 137.4 km/h 的线性中点
2017-12-02 22:18:11,新增插值记录,,137.4,相邻速度 137.4 与 137.4 km/h 的线性中点
2017-12-02 22:18:27,新增插值记录,,137.4,相邻速度 137.4 与 137.4 km/h 的线性中点
2017-12-02 22:18:41,新增插值记录,,137.4,相邻速度 137.4 与 137.4 km/h 的线性中点
2017-12-02 22:18:44,新增插值记录,,137.4,相邻速度 137.4 与 137.4 km/h 的线性中点
2017-12-02 22:19:00,新增插值记录,,137.4,相邻速度 137.4 与 137.4 km/h 的线性中点
2017-12-02 22:19:14,新增插值记录,,137.4,相邻速度 137.4 与 137.4 km/h 的线性中点
2017-12-02 22:19:33,新增插值记录,,137.4,相邻速度 137.4 与 137.4 km/h 的线性中点
2017-12-02 22:19:47,新增插值记录,,137.4,相邻速度 137.4 与 137.4 km/h 的线性中点
2017-12-02 22:20:05,新增插值记录,,137.4,相邻速度 137.4 与 137.4 km/h 的线性中点
2017-12-02 22:20:20,新增插值记录,,137.4,相邻速度 137.4 与 137.4 km/h 的线性中点
2017-12-02 22:20:34,新增插值记录,,137.4,相邻速度 137.4 与 137.4 km/h 的线性中点
2017-12-02 22:20:38,新增插值记录,,137.4,相邻速度 137.4 与 137.4 km/h 的线性中点
2017-12-02 22:21:07,新增插值记录,,110.9,相邻速度 110.9 与 110.9 km/h 的线性中点
2017-12-02 22:21:11,新增插值记录,,110.9,相邻速度 110.9 与 110.9 km/h 的线性中点
2017-12-02 22:21:26,新增插值记录,,110.9,相邻速度 110.9 与 110.9 km/h 的线性中点
2017-12-02 22:21:40,新增插值记录,,110.9,相邻速度 110.9 与 110.9 km/h 的线性中点
2017-12-02 22:21:43,新增插值记录,,110.9,相邻速度 110.9 与 110.9 km/h 的线性中点
2017-12-02 22:21:59,新增插值记录,,110.9,相邻速度 110.9 与 110.9 km/h 的线性中点
2017-12-02 22:22:13,新增插值记录,,110.9,相邻速度 110.9 与 110.9 km/h 的线性中点
2017-12-02 22:22:16,新增插值记录,,110.9,相邻速度 110.9 与 110.9 km/h 的线性中点
2017-12-02 22:22:32,新增插值记录,,110.9,相邻速度 110.9 与 110.9 km/h 的线性中点
2017-12-02 22:22:46,新增插值记录,,110.9,相邻速度 110.9 与 110.9 km/h 的线性中点
2017-12-02 22:23:05,新增插值记录,,110.9,相邻速度 110.9 与 110.9 km/h 的线性中点
2017-12-02 22:23:19,新增插值记录,,110.9,相邻速度 110.9 与 110.9 km/h 的线性中点
2017-12-02 22:23:35,新增插值记录,,143.35,相邻速度 144.6 与 142.1 km/h 的线性中点
2017-12-02 22:23:37,新增插值记录,,142.1,相邻速度 142.1 与 142.1 km/h 的线性中点
2017-12-02 22:23:52,新增插值记录,,142.1,相邻速度 142.1 与 142.1 km/h 的线性中点
2017-12-02 22:24:10,新增插值记录,,142.1,相邻速度 142.1 与 142.1 km/h 的线性中点
2017-12-02 22:24:25,新增插值记录,,142.1,相邻速度 142.1 与 142.1 km/h 的线性中点
2017-12-02 22:24:58,新增插值记录,,142.1,相邻速度 142.1 与 142.1 km/h 的线性中点
2017-12-02 22:31:55,新增插值记录,,64.05,相邻速度 64.7 与 63.4 km/h 的线性中点
2017-12-02 22:47:08,新增插值记录,,50.05,相邻速度 50.3 与 49.8 km/h 的线性中点
2017-12-02 22:47:10,新增插值记录,,47.8,相邻速度 49.8 与 45.8 km/h 的线性中点
2017-12-02 22:47:14,新增插值记录,,45.099999999999994,相邻速度 45.8 与 44.4 km/h 的线性中点
2017-12-02 22:50:04,车速限幅,34.7,28.356,"连续1秒允许范围 [0.000000, 28.356000] km/h"
2017-12-02 22:50:14,新增插值记录,,14.5,相邻速度 14.1 与 14.9 km/h 的线性中点
2017-12-02 22:54:03,删除长低速记录,0.0,0.0,连续低于10 km/h的记录超过180条
2017-12-02 22:54:04,删除长低速记录,0.0,0.0,连续低于10 km/h的记录超过180条
2017-12-02 22:54:05,删除长低速记录,0.0,0.0,连续低于10 km/h的记录超过180条
2017-12-02 22:54:06,删除长低速记录,0.0,0.0,连续低于10 km/h的记录超过180条
2017-12-02 22:54:07,删除长低速记录,0.0,0.0,连续低于10 km/h的记录超过180条
2017-12-02 22:54:08,删除长低速记录,0.0,0.0,连续低于10 km/h的记录超过180条
2017-12-02 22:54:09,删除长低速记录,0.0,0.0,连续低于10 km/h的记录超过180条
2017-12-02 22:54:10,删除长低速记录,0.0,0.0,连续低于10 km/h的记录超过180条
2017-12-02 22:54:11,删除长低速记录,0.0,0.0,连续低于10 km/h的记录超过180条
2017-12-02 22:54:12,删除长低速记录,0.0,0.0,连续低于10 km/h的记录超过180条
2017-12-02 22:54:13,删除长低速记录,0.0,0.0,连续低于10 km/h的记录超过180条
2017-12-02 22:54:14,删除长低速记录,0.0,0.0,连续低于10 km/h的记录超过180条
2017-12-02 22:54:15,删除长低速记录,0.0,0.0,连续低于10 km/h的记录超过180条
2017-12-02 22:54:16,删除长低速记录,0.0,0.0,连续低于10 km/h的记录超过180条
2017-12-02 22:54:17,删除长低速记录,0.0,0.0,连续低于10 km/h的记录超过180条
2017-12-02 22:54:18,删除长低速记录,0.0,0.0,连续低于10 km/h的记录超过180条
2017-12-02 22:54:19,删除长低速记录,0.0,0.0,连续低于10 km/h的记录超过180条
2017-12-02 22:54:20,删除长低速记录,0.0,0.0,连续低于10 km/h的记录超过180条
2017-12-02 22:54:21,删除长低速记录,0.0,0.0,连续低于10 km/h的记录超过180条
2017-12-02 22:54:22,删除长低速记录,0.0,0.0,连续低于10 km/h的记录超过180条
2017-12-02 22:54:23,删除长低速记录,0.0,0.0,连续低于10 km/h的记录超过180条
2017-12-02 22:54:24,删除长低速记录,0.0,0.0,连续低于10 km/h的记录超过180条
2017-12-02 22:54:25,删除长低速记录,0.0,0.0,连续低于10 km/h的记录超过180条
2017-12-02 22:54:26,删除长低速记录,0.0,0.0,连续低于10 km/h的记录超过180条
2017-12-02 22:54:27,删除长低速记录,0.0,0.0,连续低于10 km/h的记录超过180条
2017-12-02 22:54:28,删除长低速记录,0.0,0.0,连续低于10 km/h的记录超过180条
2017-12-02 22:54:29,删除长低速记录,0.0,0.0,连续低于10 km/h的记录超过180条
2017-12-02 22:54:30,删除长低速记录,0.0,0.0,连续低于10 km/h的记录超过180条
2017-12-02 22:54:31,删除长低速记录,0.0,0.0,连续低于10 km/h的记录超过180条
2017-12-02 22:54:32,删除长低速记录,0.0,0.0,连续低于10 km/h的记录超过180条
2017-12-02 22:54:33,删除长低速记录,0.0,0.0,连续低于10 km/h的记录超过180条
2017-12-02 22:54:34,删除长低速记录,0.0,0.0,连续低于10 km/h的记录超过180条
2017-12-02 22:54:35,删除长低速记录,6.6,6.6,连续低于10 km/h的记录超过180条
2017-12-02 22:54:36,删除长低速记录,7.6,7.6,连续低于10 km/h的记录超过180条
2017-12-02 22:54:37,删除长低速记录,7.2,7.2,连续低于10 km/h的记录超过180条
2017-12-02 22:54:38,删除长低速记录,9.5,9.5,连续低于10 km/h的记录超过180条
2017-12-02 22:57:11,车速限幅,166.8,154.456,"连续1秒允许范围 [111.400000, 154.456000] km/h"
2017-12-02 22:59:02,车速限幅,57.5,55.356,"连续1秒允许范围 [12.300000, 55.356000] km/h"
2017-12-02 23:00:59,新增插值记录,,17.2,相邻速度 17 与 17.4 km/h 的线性中点
2017-12-02 23:19:54,删除长低速记录,0.0,0.0,连续低于10 km/h的记录超过180条
2017-12-02 23:19:55,删除长低速记录,0.0,0.0,连续低于10 km/h的记录超过180条
2017-12-02 23:19:56,删除长低速记录,0.0,0.0,连续低于10 km/h的记录超过180条
2017-12-02 23:19:57,删除长低速记录,0.0,0.0,连续低于10 km/h的记录超过180条
2017-12-02 23:19:58,删除长低速记录,0.0,0.0,连续低于10 km/h的记录超过180条
2017-12-02 23:19:59,删除长低速记录,0.0,0.0,连续低于10 km/h的记录超过180条
2017-12-02 23:20:00,删除长低速记录,0.0,0.0,连续低于10 km/h的记录超过180条
2017-12-02 23:20:01,删除长低速记录,0.0,0.0,连续低于10 km/h的记录超过180条
2017-12-02 23:20:02,删除长低速记录,0.0,0.0,连续低于10 km/h的记录超过180条
2017-12-02 23:20:03,删除长低速记录,0.0,0.0,连续低于10 km/h的记录超过180条
2017-12-02 23:20:04,删除长低速记录,0.0,0.0,连续低于10 km/h的记录超过180条
2017-12-02 23:20:05,删除长低速记录,0.0,0.0,连续低于10 km/h的记录超过180条
2017-12-02 23:20:06,删除长低速记录,0.0,0.0,连续低于10 km/h的记录超过180条
2017-12-02 23:20:07,删除长低速记录,0.0,0.0,连续低于10 km/h的记录超过180条
2017-12-02 23:20:08,删除长低速记录,0.0,0.0,连续低于10 km/h的记录超过180条
2017-12-02 23:20:09,删除长低速记录,0.0,0.0,连续低于10 km/h的记录超过180条
2017-12-02 23:20:10,删除长低速记录,0.0,0.0,连续低于10 km/h的记录超过180条
2017-12-02 23:20:11,删除长低速记录,0.0,0.0,连续低于10 km/h的记录超过180条
2017-12-02 23:20:12,删除长低速记录,0.0,0.0,连续低于10 km/h的记录超过180条
2017-12-02 23:20:13,删除长低速记录,0.0,0.0,连续低于10 km/h的记录超过180条
2017-12-02 23:20:14,删除长低速记录,0.0,0.0,连续低于10 km/h的记录超过180条
2017-12-02 23:20:15,删除长低速记录,0.0,0.0,连续低于10 km/h的记录超过180条
2017-12-02 23:20:16,删除长低速记录,0.0,0.0,连续低于10 km/h的记录超过180条
2017-12-02 23:20:17,删除长低速记录,0.0,0.0,连续低于10 km/h的记录超过180条
2017-12-02 23:20:18,删除长低速记录,0.0,0.0,连续低于10 km/h的记录超过180条
2017-12-02 23:20:19,删除长低速记录,0.0,0.0,连续低于10 km/h的记录超过180条
2017-12-02 23:20:20,删除长低速记录,0.0,0.0,连续低于10 km/h的记录超过180条
2017-12-02 23:20:21,删除长低速记录,0.0,0.0,连续低于10 km/h的记录超过180条
2017-12-02 23:20:22,删除长低速记录,0.0,0.0,连续低于10 km/h的记录超过180条
2017-12-02 23:20:23,删除长低速记录,0.0,0.0,连续低于10 km/h的记录超过180条
2017-12-02 23:20:24,删除长低速记录,0.0,0.0,连续低于10 km/h的记录超过180条
2017-12-02 23:20:25,删除长低速记录,0.0,0.0,连续低于10 km/h的记录超过180条
2017-12-02 23:20:26,删除长低速记录,0.0,0.0,连续低于10 km/h的记录超过180条
2017-12-02 23:20:27,删除长低速记录,0.0,0.0,连续低于10 km/h的记录超过180条
2017-12-02 23:20:28,删除长低速记录,0.0,0.0,连续低于10 km/h的记录超过180条
2017-12-02 23:20:29,删除长低速记录,0.0,0.0,连续低于10 km/h的记录超过180条
2017-12-02 23:20:30,删除长低速记录,0.0,0.0,连续低于10 km/h的记录超过180条
2017-12-02 23:20:31,删除长低速记录,0.0,0.0,连续低于10 km/h的记录超过180条
2017-12-02 23:20:32,删除长低速记录,0.0,0.0,连续低于10 km/h的记录超过180条
2017-12-02 23:20:33,删除长低速记录,0.0,0.0,连续低于10 km/h的记录超过180条
2017-12-02 23:20:34,删除长低速记录,0.0,0.0,连续低于10 km/h的记录超过180条
2017-12-02 23:20:35,删除长低速记录,0.0,0.0,连续低于10 km/h的记录超过180条
2017-12-02 23:20:36,删除长低速记录,0.0,0.0,连续低于10 km/h的记录超过180条
2017-12-02 23:20:37,删除长低速记录,0.0,0.0,连续低于10 km/h的记录超过180条
2017-12-02 23:20:38,删除长低速记录,0.0,0.0,连续低于10 km/h的记录超过180条
2017-12-02 23:20:39,删除长低速记录,0.0,0.0,连续低于10 km/h的记录超过180条
2017-12-02 23:20:40,删除长低速记录,0.0,0.0,连续低于10 km/h的记录超过180条
2017-12-02 23:20:41,删除长低速记录,0.0,0.0,连续低于10 km/h的记录超过180条
2017-12-02 23:20:42,删除长低速记录,0.0,0.0,连续低于10 km/h的记录超过180条
2017-12-02 23:20:43,删除长低速记录,6.0,6.0,连续低于10 km/h的记录超过180条
2017-12-02 23:20:44,删除长低速记录,6.5,6.5,连续低于10 km/h的记录超过180条
2017-12-02 23:20:45,删除长低速记录,6.1,6.1,连续低于10 km/h的记录超过180条
2017-12-02 23:20:46,删除长低速记录,6.6,6.6,连续低于10 km/h的记录超过180条
2017-12-02 23:20:47,删除长低速记录,4.1,4.1,连续低于10 km/h的记录超过180条
2017-12-02 23:20:48,删除长低速记录,6.4,6.4,连续低于10 km/h的记录超过180条
2017-12-02 23:20:49,删除长低速记录,7.2,7.2,连续低于10 km/h的记录超过180条
2017-12-02 23:20:50,删除长低速记录,6.7,6.7,连续低于10 km/h的记录超过180条
2017-12-02 23:20:51,删除长低速记录,4.5,4.5,连续低于10 km/h的记录超过180条
2017-12-02 23:20:52,删除长低速记录,0.0,0.0,连续低于10 km/h的记录超过180条
2017-12-02 23:20:53,删除长低速记录,0.0,0.0,连续低于10 km/h的记录超过180条
2017-12-02 23:20:54,删除长低速记录,0.0,0.0,连续低于10 km/h的记录超过180条
2017-12-02 23:20:55,删除长低速记录,0.0,0.0,连续低于10 km/h的记录超过180条
2017-12-02 23:20:56,删除长低速记录,3.3,3.3,连续低于10 km/h的记录超过180条
2017-12-02 23:20:57,删除长低速记录,4.2,4.2,连续低于10 km/h的记录超过180条
2017-12-02 23:20:58,删除长低速记录,2.4,2.4,连续低于10 km/h的记录超过180条
2017-12-02 23:20:59,删除长低速记录,0.0,0.0,连续低于10 km/h的记录超过180条
2017-12-02 23:21:00,删除长低速记录,0.0,0.0,连续低于10 km/h的记录超过180条
2017-12-02 23:21:01,删除长低速记录,0.0,0.0,连续低于10 km/h的记录超过180条
2017-12-02 23:21:02,删除长低速记录,2.8,2.8,连续低于10 km/h的记录超过180条
2017-12-02 23:21:03,删除长低速记录,3.9,3.9,连续低于10 km/h的记录超过180条
2017-12-02 23:21:04,删除长低速记录,4.8,4.8,连续低于10 km/h的记录超过180条
2017-12-02 23:21:05,删除长低速记录,6.1,6.1,连续低于10 km/h的记录超过180条
2017-12-02 23:21:06,删除长低速记录,7.6,7.6,连续低于10 km/h的记录超过180条
2017-12-02 23:21:07,删除长低速记录,8.0,8.0,连续低于10 km/h的记录超过180条
2017-12-02 23:23:45,车速限幅,71.7,63.956,"连续1秒允许范围 [20.900000, 63.956000] km/h"
2017-12-02 23:23:47,车速限幅,69.8,63.956,"连续1秒允许范围 [20.900000, 63.956000] km/h"
2017-12-02 23:24:14,新增插值记录,,79.25,相邻速度 76.8 与 81.7 km/h 的线性中点
2017-12-02 23:30:40,新增插值记录,,60.300000000000004,相邻速度 69.4 与 51.2 km/h 的线性中点
2017-12-02 23:37:08,新增插值记录,,68.1,相邻速度 68.1 与 68.1 km/h 的线性中点
2017-12-02 23:37:26,新增插值记录,,68.1,相邻速度 68.1 与 68.1 km/h 的线性中点
2017-12-02 23:37:41,新增插值记录,,68.1,相邻速度 68.1 与 68.1 km/h 的线性中点
2017-12-02 23:38:10,车速限幅,53.6,53.156,"连续1秒允许范围 [10.100000, 53.156000] km/h"
2017-12-02 23:46:26,新增插值记录,,28.7,相邻速度 28.7 与 28.7 km/h 的线性中点
2017-12-02 23:55:40,删除长低速记录,0.0,0.0,连续低于10 km/h的记录超过180条
2017-12-02 23:55:41,删除长低速记录,0.0,0.0,连续低于10 km/h的记录超过180条
2017-12-02 23:55:42,删除长低速记录,0.0,0.0,连续低于10 km/h的记录超过180条
2017-12-02 23:55:43,删除长低速记录,0.0,0.0,连续低于10 km/h的记录超过180条
2017-12-02 23:55:44,删除长低速记录,0.0,0.0,连续低于10 km/h的记录超过180条
2017-12-02 23:55:45,删除长低速记录,0.0,0.0,连续低于10 km/h的记录超过180条
2017-12-02 23:55:46,删除长低速记录,0.0,0.0,连续低于10 km/h的记录超过180条
2017-12-02 23:55:47,删除长低速记录,0.0,0.0,连续低于10 km/h的记录超过180条
2017-12-02 23:55:48,删除长低速记录,0.0,0.0,连续低于10 km/h的记录超过180条
2017-12-02 23:55:49,删除长低速记录,0.0,0.0,连续低于10 km/h的记录超过180条
2017-12-02 23:55:50,删除长低速记录,0.0,0.0,连续低于10 km/h的记录超过180条
2017-12-02 23:55:51,删除长低速记录,0.0,0.0,连续低于10 km/h的记录超过180条
2017-12-02 23:55:52,删除长低速记录,0.0,0.0,连续低于10 km/h的记录超过180条
2017-12-02 23:55:53,删除长低速记录,0.0,0.0,连续低于10 km/h的记录超过180条
2017-12-02 23:55:54,删除长低速记录,0.0,0.0,连续低于10 km/h的记录超过180条
2017-12-02 23:55:55,删除长低速记录,0.0,0.0,连续低于10 km/h的记录超过180条
2017-12-02 23:55:56,删除长低速记录,0.0,0.0,连续低于10 km/h的记录超过180条
2017-12-02 23:55:57,删除长低速记录,0.0,0.0,连续低于10 km/h的记录超过180条
2017-12-02 23:55:58,删除长低速记录,0.0,0.0,连续低于10 km/h的记录超过180条
2017-12-02 23:55:59,删除长低速记录,0.0,0.0,连续低于10 km/h的记录超过180条
2017-12-02 23:56:00,删除长低速记录,0.0,0.0,连续低于10 km/h的记录超过180条
2017-12-02 23:56:01,删除长低速记录,0.0,0.0,连续低于10 km/h的记录超过180条
2017-12-02 23:56:02,删除长低速记录,0.0,0.0,连续低于10 km/h的记录超过180条
2017-12-02 23:56:03,删除长低速记录,0.0,0.0,连续低于10 km/h的记录超过180条
2017-12-02 23:56:04,删除长低速记录,0.0,0.0,连续低于10 km/h的记录超过180条
2017-12-02 23:56:05,删除长低速记录,0.0,0.0,连续低于10 km/h的记录超过180条
2017-12-02 23:56:06,删除长低速记录,0.0,0.0,连续低于10 km/h的记录超过180条
2017-12-02 23:56:07,删除长低速记录,0.0,0.0,连续低于10 km/h的记录超过180条
2017-12-02 23:56:08,删除长低速记录,0.0,0.0,连续低于10 km/h的记录超过180条
2017-12-02 23:56:09,删除长低速记录,4.5,4.5,连续低于10 km/h的记录超过180条
2017-12-02 23:56:10,删除长低速记录,6.4,6.4,连续低于10 km/h的记录超过180条
2017-12-02 23:56:11,删除长低速记录,7.4,7.4,连续低于10 km/h的记录超过180条
2017-12-02 23:56:12,删除长低速记录,9.1,9.1,连续低于10 km/h的记录超过180条
2017-12-02 23:56:13,删除长低速记录,9.7,9.7,连续低于10 km/h的记录超过180条
2017-12-02 23:56:14,删除长低速记录,9.2,9.2,连续低于10 km/h的记录超过180条
2017-12-02 23:56:15,删除长低速记录,7.9,7.9,连续低于10 km/h的记录超过180条
2017-12-02 23:56:16,删除长低速记录,7.2,7.2,连续低于10 km/h的记录超过180条
2017-12-02 23:56:17,删除长低速记录,6.9,6.9,连续低于10 km/h的记录超过180条
2017-12-02 23:56:18,删除长低速记录,7.4,7.4,连续低于10 km/h的记录超过180条
2017-12-02 23:56:19,删除长低速记录,7.7,7.7,连续低于10 km/h的记录超过180条
2017-12-02 23:56:20,删除长低速记录,8.3,8.3,连续低于10 km/h的记录超过180条
2017-12-03 00:04:52,新增插值记录,,92.55,相邻速度 92.8 与 92.3 km/h 的线性中点
2017-12-03 00:05:17,新增插值记录,,95.1,相邻速度 95.1 与 95.1 km/h 的线性中点
2017-12-03 00:25:10,新增插值记录,,67.9,相邻速度 67.3 与 68.5 km/h 的线性中点
2017-12-03 00:25:21,新增插值记录,,68.3,相邻速度 68.5 与 68.1 km/h 的线性中点
2017-12-03 00:28:20,新增插值记录,,34.650000000000006,相邻速度 29.1 与 40.2 km/h 的线性中点
2017-12-03 00:29:15,新增插值记录,,31.0,相邻速度 30.6 与 31.4 km/h 的线性中点
2017-12-03 00:32:49,删除长低速记录,0.0,0.0,连续低于10 km/h的记录超过180条
2017-12-03 00:32:50,删除长低速记录,0.0,0.0,连续低于10 km/h的记录超过180条
2017-12-03 00:32:51,删除长低速记录,0.0,0.0,连续低于10 km/h的记录超过180条
2017-12-03 00:32:52,删除长低速记录,0.0,0.0,连续低于10 km/h的记录超过180条
2017-12-03 00:32:53,删除长低速记录,0.0,0.0,连续低于10 km/h的记录超过180条
2017-12-03 00:32:54,删除长低速记录,0.0,0.0,连续低于10 km/h的记录超过180条
2017-12-03 00:32:55,删除长低速记录,0.0,0.0,连续低于10 km/h的记录超过180条
2017-12-03 00:32:56,删除长低速记录,0.0,0.0,连续低于10 km/h的记录超过180条
2017-12-03 00:32:57,删除长低速记录,0.0,0.0,连续低于10 km/h的记录超过180条
2017-12-03 00:32:58,删除长低速记录,0.0,0.0,连续低于10 km/h的记录超过180条
2017-12-03 00:32:59,删除长低速记录,0.0,0.0,连续低于10 km/h的记录超过180条
2017-12-03 00:33:00,删除长低速记录,0.0,0.0,连续低于10 km/h的记录超过180条
2017-12-03 00:33:01,删除长低速记录,0.0,0.0,连续低于10 km/h的记录超过180条
2017-12-03 00:33:02,删除长低速记录,0.0,0.0,连续低于10 km/h的记录超过180条
2017-12-03 00:33:03,删除长低速记录,0.0,0.0,连续低于10 km/h的记录超过180条
2017-12-03 00:33:04,删除长低速记录,0.0,0.0,连续低于10 km/h的记录超过180条
2017-12-03 00:33:05,删除长低速记录,0.0,0.0,连续低于10 km/h的记录超过180条
2017-12-03 00:33:06,删除长低速记录,0.0,0.0,连续低于10 km/h的记录超过180条
2017-12-03 00:33:07,删除长低速记录,0.0,0.0,连续低于10 km/h的记录超过180条
2017-12-03 00:33:08,删除长低速记录,0.0,0.0,连续低于10 km/h的记录超过180条
2017-12-03 00:33:09,删除长低速记录,0.0,0.0,连续低于10 km/h的记录超过180条
2017-12-03 00:33:10,删除长低速记录,0.0,0.0,连续低于10 km/h的记录超过180条
2017-12-03 00:33:11,删除长低速记录,0.0,0.0,连续低于10 km/h的记录超过180条
2017-12-03 00:33:12,删除长低速记录,0.0,0.0,连续低于10 km/h的记录超过180条
2017-12-03 00:33:13,删除长低速记录,0.0,0.0,连续低于10 km/h的记录超过180条
2017-12-03 00:33:14,删除长低速记录,0.0,0.0,连续低于10 km/h的记录超过180条
2017-12-03 00:33:15,删除长低速记录,0.0,0.0,连续低于10 km/h的记录超过180条
2017-12-03 00:33:16,删除长低速记录,0.0,0.0,连续低于10 km/h的记录超过180条
2017-12-03 00:33:17,删除长低速记录,0.0,0.0,连续低于10 km/h的记录超过180条
2017-12-03 00:33:18,删除长低速记录,0.0,0.0,连续低于10 km/h的记录超过180条
2017-12-03 00:33:19,删除长低速记录,0.0,0.0,连续低于10 km/h的记录超过180条
2017-12-03 00:33:20,删除长低速记录,0.0,0.0,连续低于10 km/h的记录超过180条
2017-12-03 00:33:21,删除长低速记录,0.0,0.0,连续低于10 km/h的记录超过180条
2017-12-03 00:33:22,删除长低速记录,0.0,0.0,连续低于10 km/h的记录超过180条
2017-12-03 00:33:23,删除长低速记录,0.0,0.0,连续低于10 km/h的记录超过180条
2017-12-03 00:33:24,删除长低速记录,0.0,0.0,连续低于10 km/h的记录超过180条
2017-12-03 00:33:25,删除长低速记录,0.0,0.0,连续低于10 km/h的记录超过180条
2017-12-03 00:33:26,删除长低速记录,0.0,0.0,连续低于10 km/h的记录超过180条
2017-12-03 00:33:27,删除长低速记录,0.0,0.0,连续低于10 km/h的记录超过180条
2017-12-03 00:33:28,删除长低速记录,0.0,0.0,连续低于10 km/h的记录超过180条
2017-12-03 00:33:29,删除长低速记录,0.0,0.0,连续低于10 km/h的记录超过180条
2017-12-03 00:33:30,删除长低速记录,0.0,0.0,连续低于10 km/h的记录超过180条
2017-12-03 00:33:31,删除长低速记录,0.0,0.0,连续低于10 km/h的记录超过180条
2017-12-03 00:33:32,删除长低速记录,0.0,0.0,连续低于10 km/h的记录超过180条
2017-12-03 00:33:33,删除长低速记录,0.0,0.0,连续低于10 km/h的记录超过180条
2017-12-03 00:33:34,删除长低速记录,0.0,0.0,连续低于10 km/h的记录超过180条
2017-12-03 00:33:35,删除长低速记录,0.0,0.0,连续低于10 km/h的记录超过180条
2017-12-03 00:33:36,删除长低速记录,0.0,0.0,连续低于10 km/h的记录超过180条
2017-12-03 00:33:37,删除长低速记录,0.0,0.0,连续低于10 km/h的记录超过180条
2017-12-03 00:33:38,删除长低速记录,0.0,0.0,连续低于10 km/h的记录超过180条
2017-12-03 00:33:39,删除长低速记录,0.0,0.0,连续低于10 km/h的记录超过180条
2017-12-03 00:33:40,删除长低速记录,0.0,0.0,连续低于10 km/h的记录超过180条
2017-12-03 00:33:41,删除长低速记录,0.0,0.0,连续低于10 km/h的记录超过180条
2017-12-03 00:33:42,删除长低速记录,0.0,0.0,连续低于10 km/h的记录超过180条
2017-12-03 00:33:43,删除长低速记录,0.0,0.0,连续低于10 km/h的记录超过180条
2017-12-03 00:33:44,删除长低速记录,0.0,0.0,连续低于10 km/h的记录超过180条
2017-12-03 00:33:45,删除长低速记录,0.0,0.0,连续低于10 km/h的记录超过180条
2017-12-03 00:33:46,删除长低速记录,0.0,0.0,连续低于10 km/h的记录超过180条
2017-12-03 00:33:47,删除长低速记录,0.0,0.0,连续低于10 km/h的记录超过180条
2017-12-03 00:33:48,删除长低速记录,0.0,0.0,连续低于10 km/h的记录超过180条
2017-12-03 00:33:49,删除长低速记录,0.0,0.0,连续低于10 km/h的记录超过180条
2017-12-03 00:33:50,删除长低速记录,0.0,0.0,连续低于10 km/h的记录超过180条
2017-12-03 00:33:51,删除长低速记录,0.0,0.0,连续低于10 km/h的记录超过180条
2017-12-03 00:33:52,删除长低速记录,0.0,0.0,连续低于10 km/h的记录超过180条
2017-12-03 00:33:53,删除长低速记录,0.0,0.0,连续低于10 km/h的记录超过180条
2017-12-03 00:33:54,删除长低速记录,0.0,0.0,连续低于10 km/h的记录超过180条
2017-12-03 00:33:55,删除长低速记录,0.0,0.0,连续低于10 km/h的记录超过180条
2017-12-03 00:33:56,删除长低速记录,0.0,0.0,连续低于10 km/h的记录超过180条
2017-12-03 00:33:57,删除长低速记录,0.0,0.0,连续低于10 km/h的记录超过180条
2017-12-03 00:33:58,删除长低速记录,0.0,0.0,连续低于10 km/h的记录超过180条
2017-12-03 00:33:59,删除长低速记录,0.0,0.0,连续低于10 km/h的记录超过180条
2017-12-03 00:34:00,删除长低速记录,0.0,0.0,连续低于10 km/h的记录超过180条
2017-12-03 00:34:01,删除长低速记录,0.0,0.0,连续低于10 km/h的记录超过180条
2017-12-03 00:34:02,删除长低速记录,0.0,0.0,连续低于10 km/h的记录超过180条
2017-12-03 00:34:03,删除长低速记录,0.0,0.0,连续低于10 km/h的记录超过180条
2017-12-03 00:34:04,删除长低速记录,0.0,0.0,连续低于10 km/h的记录超过180条
2017-12-03 00:34:05,删除长低速记录,0.0,0.0,连续低于10 km/h的记录超过180条
2017-12-03 00:34:06,删除长低速记录,0.0,0.0,连续低于10 km/h的记录超过180条
2017-12-03 00:34:07,删除长低速记录,0.0,0.0,连续低于10 km/h的记录超过180条
2017-12-03 00:34:08,删除长低速记录,0.0,0.0,连续低于10 km/h的记录超过180条
2017-12-03 00:34:09,删除长低速记录,0.0,0.0,连续低于10 km/h的记录超过180条
2017-12-03 00:34:10,删除长低速记录,0.0,0.0,连续低于10 km/h的记录超过180条
2017-12-03 00:34:11,删除长低速记录,0.0,0.0,连续低于10 km/h的记录超过180条
2017-12-03 00:34:12,删除长低速记录,0.0,0.0,连续低于10 km/h的记录超过180条
2017-12-03 00:34:13,删除长低速记录,0.0,0.0,连续低于10 km/h的记录超过180条
2017-12-03 00:34:14,删除长低速记录,0.0,0.0,连续低于10 km/h的记录超过180条
2017-12-03 00:34:15,删除长低速记录,0.0,0.0,连续低于10 km/h的记录超过180条
2017-12-03 00:34:16,删除长低速记录,0.0,0.0,连续低于10 km/h的记录超过180条
2017-12-03 00:34:17,删除长低速记录,0.0,0.0,连续低于10 km/h的记录超过180条
2017-12-03 00:34:18,删除长低速记录,0.0,0.0,连续低于10 km/h的记录超过180条
2017-12-03 00:34:19,删除长低速记录,0.0,0.0,连续低于10 km/h的记录超过180条
2017-12-03 00:34:20,删除长低速记录,0.0,0.0,连续低于10 km/h的记录超过180条
2017-12-03 00:34:21,删除长低速记录,0.0,0.0,连续低于10 km/h的记录超过180条
2017-12-03 00:34:22,删除长低速记录,0.0,0.0,连续低于10 km/h的记录超过180条
2017-12-03 00:34:23,删除长低速记录,0.0,0.0,连续低于10 km/h的记录超过180条
2017-12-03 00:34:24,删除长低速记录,0.0,0.0,连续低于10 km/h的记录超过180条
2017-12-03 00:34:25,删除长低速记录,0.0,0.0,连续低于10 km/h的记录超过180条
2017-12-03 00:34:26,删除长低速记录,0.0,0.0,连续低于10 km/h的记录超过180条
2017-12-03 00:34:27,删除长低速记录,0.0,0.0,连续低于10 km/h的记录超过180条
2017-12-03 00:34:28,删除长低速记录,0.0,0.0,连续低于10 km/h的记录超过180条
2017-12-03 00:34:29,删除长低速记录,0.0,0.0,连续低于10 km/h的记录超过180条
2017-12-03 00:34:30,删除长低速记录,0.0,0.0,连续低于10 km/h的记录超过180条
2017-12-03 00:34:31,删除长低速记录,0.0,0.0,连续低于10 km/h的记录超过180条
2017-12-03 00:34:32,删除长低速记录,0.0,0.0,连续低于10 km/h的记录超过180条
2017-12-03 00:34:33,删除长低速记录,0.0,0.0,连续低于10 km/h的记录超过180条
2017-12-03 00:34:34,删除长低速记录,0.0,0.0,连续低于10 km/h的记录超过180条
2017-12-03 00:34:35,删除长低速记录,0.0,0.0,连续低于10 km/h的记录超过180条
2017-12-03 00:34:36,删除长低速记录,0.0,0.0,连续低于10 km/h的记录超过180条
2017-12-03 00:34:37,删除长低速记录,0.0,0.0,连续低于10 km/h的记录超过180条
2017-12-03 00:34:38,删除长低速记录,0.0,0.0,连续低于10 km/h的记录超过180条
2017-12-03 00:34:39,删除长低速记录,0.0,0.0,连续低于10 km/h的记录超过180条
2017-12-03 00:34:40,删除长低速记录,0.0,0.0,连续低于10 km/h的记录超过180条
2017-12-03 00:34:41,删除长低速记录,0.0,0.0,连续低于10 km/h的记录超过180条
2017-12-03 00:34:42,删除长低速记录,0.0,0.0,连续低于10 km/h的记录超过180条
2017-12-03 00:34:43,删除长低速记录,0.0,0.0,连续低于10 km/h的记录超过180条
2017-12-03 00:34:44,删除长低速记录,0.0,0.0,连续低于10 km/h的记录超过180条
2017-12-03 00:34:45,删除长低速记录,0.0,0.0,连续低于10 km/h的记录超过180条
2017-12-03 00:34:46,删除长低速记录,0.0,0.0,连续低于10 km/h的记录超过180条
2017-12-03 00:34:47,删除长低速记录,0.0,0.0,连续低于10 km/h的记录超过180条
2017-12-03 00:34:48,删除长低速记录,0.0,0.0,连续低于10 km/h的记录超过180条
2017-12-03 00:34:49,删除长低速记录,0.0,0.0,连续低于10 km/h的记录超过180条
2017-12-03 00:34:50,删除长低速记录,0.0,0.0,连续低于10 km/h的记录超过180条
2017-12-03 00:34:51,删除长低速记录,0.0,0.0,连续低于10 km/h的记录超过180条
2017-12-03 00:34:52,删除长低速记录,0.0,0.0,连续低于10 km/h的记录超过180条
2017-12-03 00:34:53,删除长低速记录,0.0,0.0,连续低于10 km/h的记录超过180条
2017-12-03 00:34:54,删除长低速记录,0.0,0.0,连续低于10 km/h的记录超过180条
2017-12-03 00:34:55,删除长低速记录,0.0,0.0,连续低于10 km/h的记录超过180条
2017-12-03 00:34:56,删除长低速记录,0.0,0.0,连续低于10 km/h的记录超过180条
2017-12-03 00:34:57,删除长低速记录,0.0,0.0,连续低于10 km/h的记录超过180条
2017-12-03 00:34:58,删除长低速记录,0.0,0.0,连续低于10 km/h的记录超过180条
2017-12-03 00:34:59,删除长低速记录,0.0,0.0,连续低于10 km/h的记录超过180条
2017-12-03 00:35:00,删除长低速记录,0.0,0.0,连续低于10 km/h的记录超过180条
2017-12-03 00:35:01,删除长低速记录,0.0,0.0,连续低于10 km/h的记录超过180条
2017-12-03 00:35:02,删除长低速记录,0.0,0.0,连续低于10 km/h的记录超过180条
2017-12-03 00:35:03,删除长低速记录,0.0,0.0,连续低于10 km/h的记录超过180条
2017-12-03 00:35:04,删除长低速记录,0.0,0.0,连续低于10 km/h的记录超过180条
2017-12-03 00:35:05,删除长低速记录,0.0,0.0,连续低于10 km/h的记录超过180条
2017-12-03 00:35:06,删除长低速记录,0.0,0.0,连续低于10 km/h的记录超过180条
2017-12-03 00:35:07,删除长低速记录,0.0,0.0,连续低于10 km/h的记录超过180条
2017-12-03 00:35:08,删除长低速记录,0.0,0.0,连续低于10 km/h的记录超过180条
2017-12-03 00:35:09,删除长低速记录,0.0,0.0,连续低于10 km/h的记录超过180条
2017-12-03 00:35:10,删除长低速记录,0.0,0.0,连续低于10 km/h的记录超过180条
2017-12-03 00:35:11,删除长低速记录,0.0,0.0,连续低于10 km/h的记录超过180条
2017-12-03 00:35:12,删除长低速记录,0.0,0.0,连续低于10 km/h的记录超过180条
2017-12-03 00:35:13,删除长低速记录,0.0,0.0,连续低于10 km/h的记录超过180条
2017-12-03 00:35:14,删除长低速记录,0.0,0.0,连续低于10 km/h的记录超过180条
2017-12-03 00:35:15,删除长低速记录,0.0,0.0,连续低于10 km/h的记录超过180条
2017-12-03 00:35:16,删除长低速记录,0.0,0.0,连续低于10 km/h的记录超过180条
2017-12-03 00:35:17,删除长低速记录,0.0,0.0,连续低于10 km/h的记录超过180条
2017-12-03 00:35:18,删除长低速记录,0.0,0.0,连续低于10 km/h的记录超过180条
2017-12-03 00:36:11,车速限幅,34.7,33.756,"连续1秒允许范围 [0.000000, 33.756000] km/h"
2017-12-03 09:35:09,删除长低速记录,0.0,0.0,连续低于10 km/h的记录超过180条
2017-12-03 09:35:10,删除长低速记录,0.0,0.0,连续低于10 km/h的记录超过180条
2017-12-03 09:35:11,删除长低速记录,0.0,0.0,连续低于10 km/h的记录超过180条
2017-12-03 09:35:12,删除长低速记录,0.0,0.0,连续低于10 km/h的记录超过180条
2017-12-03 09:35:13,删除长低速记录,0.0,0.0,连续低于10 km/h的记录超过180条
2017-12-03 09:35:14,删除长低速记录,0.0,0.0,连续低于10 km/h的记录超过180条
2017-12-03 09:35:15,删除长低速记录,0.0,0.0,连续低于10 km/h的记录超过180条
2017-12-03 09:35:16,删除长低速记录,0.0,0.0,连续低于10 km/h的记录超过180条
2017-12-03 09:35:17,删除长低速记录,0.0,0.0,连续低于10 km/h的记录超过180条
2017-12-03 09:35:18,删除长低速记录,0.0,0.0,连续低于10 km/h的记录超过180条
2017-12-03 09:35:19,删除长低速记录,0.0,0.0,连续低于10 km/h的记录超过180条
2017-12-03 09:35:20,删除长低速记录,0.0,0.0,连续低于10 km/h的记录超过180条
2017-12-03 09:35:21,删除长低速记录,0.0,0.0,连续低于10 km/h的记录超过180条
2017-12-03 09:35:22,删除长低速记录,0.0,0.0,连续低于10 km/h的记录超过180条
2017-12-03 09:35:23,删除长低速记录,0.0,0.0,连续低于10 km/h的记录超过180条
2017-12-03 09:35:24,删除长低速记录,0.0,0.0,连续低于10 km/h的记录超过180条
2017-12-03 09:35:25,删除长低速记录,0.0,0.0,连续低于10 km/h的记录超过180条
2017-12-03 09:35:26,删除长低速记录,0.0,0.0,连续低于10 km/h的记录超过180条
2017-12-03 09:35:27,删除长低速记录,0.0,0.0,连续低于10 km/h的记录超过180条
2017-12-03 09:35:28,删除长低速记录,0.0,0.0,连续低于10 km/h的记录超过180条
2017-12-03 09:35:29,删除长低速记录,0.0,0.0,连续低于10 km/h的记录超过180条
2017-12-03 09:35:30,删除长低速记录,0.0,0.0,连续低于10 km/h的记录超过180条
2017-12-03 09:35:31,删除长低速记录,0.0,0.0,连续低于10 km/h的记录超过180条
2017-12-03 09:35:32,删除长低速记录,0.0,0.0,连续低于10 km/h的记录超过180条
2017-12-03 09:35:33,删除长低速记录,0.0,0.0,连续低于10 km/h的记录超过180条
2017-12-03 09:35:34,删除长低速记录,0.0,0.0,连续低于10 km/h的记录超过180条
2017-12-03 09:35:35,删除长低速记录,0.0,0.0,连续低于10 km/h的记录超过180条
2017-12-03 09:35:36,删除长低速记录,0.0,0.0,连续低于10 km/h的记录超过180条
2017-12-03 09:35:37,删除长低速记录,0.0,0.0,连续低于10 km/h的记录超过180条
2017-12-03 09:35:38,删除长低速记录,0.0,0.0,连续低于10 km/h的记录超过180条
2017-12-03 09:35:39,删除长低速记录,0.0,0.0,连续低于10 km/h的记录超过180条
2017-12-03 09:35:40,删除长低速记录,0.0,0.0,连续低于10 km/h的记录超过180条
2017-12-03 09:35:41,删除长低速记录,0.0,0.0,连续低于10 km/h的记录超过180条
2017-12-03 09:35:42,删除长低速记录,0.0,0.0,连续低于10 km/h的记录超过180条
2017-12-03 09:35:43,删除长低速记录,0.0,0.0,连续低于10 km/h的记录超过180条
2017-12-03 09:35:44,删除长低速记录,0.0,0.0,连续低于10 km/h的记录超过180条
2017-12-03 09:35:45,删除长低速记录,0.0,0.0,连续低于10 km/h的记录超过180条
2017-12-03 09:35:46,删除长低速记录,0.0,0.0,连续低于10 km/h的记录超过180条
2017-12-03 09:35:47,删除长低速记录,0.0,0.0,连续低于10 km/h的记录超过180条
2017-12-03 09:35:48,删除长低速记录,0.0,0.0,连续低于10 km/h的记录超过180条
2017-12-03 09:35:49,删除长低速记录,0.0,0.0,连续低于10 km/h的记录超过180条
2017-12-03 09:35:50,删除长低速记录,0.0,0.0,连续低于10 km/h的记录超过180条
2017-12-03 09:35:51,删除长低速记录,0.0,0.0,连续低于10 km/h的记录超过180条
2017-12-03 09:35:52,删除长低速记录,0.0,0.0,连续低于10 km/h的记录超过180条
2017-12-03 09:35:53,删除长低速记录,0.0,0.0,连续低于10 km/h的记录超过180条
2017-12-03 09:35:54,删除长低速记录,0.0,0.0,连续低于10 km/h的记录超过180条
2017-12-03 09:35:55,删除长低速记录,0.0,0.0,连续低于10 km/h的记录超过180条
2017-12-03 09:35:56,删除长低速记录,0.0,0.0,连续低于10 km/h的记录超过180条
2017-12-03 09:35:57,删除长低速记录,0.0,0.0,连续低于10 km/h的记录超过180条
2017-12-03 09:35:58,删除长低速记录,0.0,0.0,连续低于10 km/h的记录超过180条
2017-12-03 09:35:59,删除长低速记录,0.0,0.0,连续低于10 km/h的记录超过180条
2017-12-03 09:36:00,删除长低速记录,0.0,0.0,连续低于10 km/h的记录超过180条
2017-12-03 09:36:01,删除长低速记录,0.0,0.0,连续低于10 km/h的记录超过180条
2017-12-03 09:36:02,删除长低速记录,0.0,0.0,连续低于10 km/h的记录超过180条
2017-12-03 09:36:03,删除长低速记录,0.0,0.0,连续低于10 km/h的记录超过180条
2017-12-03 09:36:04,删除长低速记录,0.0,0.0,连续低于10 km/h的记录超过180条
2017-12-03 09:36:05,删除长低速记录,0.0,0.0,连续低于10 km/h的记录超过180条
2017-12-03 09:36:06,删除长低速记录,0.0,0.0,连续低于10 km/h的记录超过180条
2017-12-03 09:36:07,删除长低速记录,0.0,0.0,连续低于10 km/h的记录超过180条
2017-12-03 09:36:08,删除长低速记录,0.0,0.0,连续低于10 km/h的记录超过180条
2017-12-03 09:36:09,删除长低速记录,0.0,0.0,连续低于10 km/h的记录超过180条
2017-12-03 09:36:10,删除长低速记录,0.0,0.0,连续低于10 km/h的记录超过180条
2017-12-03 09:36:11,删除长低速记录,0.0,0.0,连续低于10 km/h的记录超过180条
2017-12-03 09:36:12,删除长低速记录,0.0,0.0,连续低于10 km/h的记录超过180条
2017-12-03 09:36:13,删除长低速记录,0.0,0.0,连续低于10 km/h的记录超过180条
2017-12-03 09:36:14,删除长低速记录,0.0,0.0,连续低于10 km/h的记录超过180条
2017-12-03 09:36:15,删除长低速记录,0.0,0.0,连续低于10 km/h的记录超过180条
2017-12-03 09:36:16,删除长低速记录,0.0,0.0,连续低于10 km/h的记录超过180条
2017-12-03 09:36:17,删除长低速记录,0.0,0.0,连续低于10 km/h的记录超过180条
2017-12-03 09:36:18,删除长低速记录,0.0,0.0,连续低于10 km/h的记录超过180条
2017-12-03 09:36:19,删除长低速记录,0.0,0.0,连续低于10 km/h的记录超过180条
2017-12-03 09:36:20,删除长低速记录,0.0,0.0,连续低于10 km/h的记录超过180条
2017-12-03 09:36:21,删除长低速记录,0.0,0.0,连续低于10 km/h的记录超过180条
2017-12-03 09:36:22,删除长低速记录,0.0,0.0,连续低于10 km/h的记录超过180条
2017-12-03 09:36:23,删除长低速记录,0.0,0.0,连续低于10 km/h的记录超过180条
2017-12-03 09:36:24,删除长低速记录,0.0,0.0,连续低于10 km/h的记录超过180条
2017-12-03 09:36:25,删除长低速记录,0.0,0.0,连续低于10 km/h的记录超过180条
2017-12-03 09:36:26,删除长低速记录,0.0,0.0,连续低于10 km/h的记录超过180条
2017-12-03 09:36:27,删除长低速记录,0.0,0.0,连续低于10 km/h的记录超过180条
2017-12-03 09:36:28,删除长低速记录,0.0,0.0,连续低于10 km/h的记录超过180条
2017-12-03 09:36:29,删除长低速记录,0.0,0.0,连续低于10 km/h的记录超过180条
2017-12-03 09:36:30,删除长低速记录,0.0,0.0,连续低于10 km/h的记录超过180条
2017-12-03 09:36:31,删除长低速记录,0.0,0.0,连续低于10 km/h的记录超过180条
2017-12-03 09:36:32,删除长低速记录,0.0,0.0,连续低于10 km/h的记录超过180条
2017-12-03 09:36:33,删除长低速记录,0.0,0.0,连续低于10 km/h的记录超过180条
2017-12-03 09:36:34,删除长低速记录,0.0,0.0,连续低于10 km/h的记录超过180条
2017-12-03 09:36:35,删除长低速记录,0.0,0.0,连续低于10 km/h的记录超过180条
2017-12-03 09:36:36,删除长低速记录,0.0,0.0,连续低于10 km/h的记录超过180条
2017-12-03 09:36:37,删除长低速记录,0.0,0.0,连续低于10 km/h的记录超过180条
2017-12-03 09:36:38,删除长低速记录,0.0,0.0,连续低于10 km/h的记录超过180条
2017-12-03 09:36:39,删除长低速记录,0.0,0.0,连续低于10 km/h的记录超过180条
2017-12-03 09:36:40,删除长低速记录,0.0,0.0,连续低于10 km/h的记录超过180条
2017-12-03 09:36:41,删除长低速记录,0.0,0.0,连续低于10 km/h的记录超过180条
2017-12-03 09:36:42,删除长低速记录,0.0,0.0,连续低于10 km/h的记录超过180条
2017-12-03 09:36:43,删除长低速记录,0.0,0.0,连续低于10 km/h的记录超过180条
2017-12-03 09:36:44,删除长低速记录,0.0,0.0,连续低于10 km/h的记录超过180条
2017-12-03 09:36:45,删除长低速记录,0.0,0.0,连续低于10 km/h的记录超过180条
2017-12-03 09:36:46,删除长低速记录,0.0,0.0,连续低于10 km/h的记录超过180条
2017-12-03 09:36:47,删除长低速记录,0.0,0.0,连续低于10 km/h的记录超过180条
2017-12-03 09:36:48,删除长低速记录,0.0,0.0,连续低于10 km/h的记录超过180条
2017-12-03 09:36:49,删除长低速记录,0.0,0.0,连续低于10 km/h的记录超过180条
2017-12-03 09:36:50,删除长低速记录,0.0,0.0,连续低于10 km/h的记录超过180条
2017-12-03 09:36:51,删除长低速记录,0.0,0.0,连续低于10 km/h的记录超过180条
2017-12-03 09:36:52,删除长低速记录,0.0,0.0,连续低于10 km/h的记录超过180条
2017-12-03 09:36:53,删除长低速记录,0.0,0.0,连续低于10 km/h的记录超过180条
2017-12-03 09:36:54,删除长低速记录,0.0,0.0,连续低于10 km/h的记录超过180条
2017-12-03 09:36:55,删除长低速记录,0.0,0.0,连续低于10 km/h的记录超过180条
2017-12-03 09:36:56,删除长低速记录,0.0,0.0,连续低于10 km/h的记录超过180条
2017-12-03 09:36:57,删除长低速记录,0.0,0.0,连续低于10 km/h的记录超过180条
2017-12-03 09:36:58,删除长低速记录,0.0,0.0,连续低于10 km/h的记录超过180条
2017-12-03 09:36:59,删除长低速记录,0.0,0.0,连续低于10 km/h的记录超过180条
2017-12-03 09:37:00,删除长低速记录,0.0,0.0,连续低于10 km/h的记录超过180条
2017-12-03 09:37:01,删除长低速记录,0.0,0.0,连续低于10 km/h的记录超过180条
2017-12-03 09:37:02,删除长低速记录,0.0,0.0,连续低于10 km/h的记录超过180条
2017-12-03 09:37:03,删除长低速记录,0.0,0.0,连续低于10 km/h的记录超过180条
2017-12-03 09:37:04,删除长低速记录,0.0,0.0,连续低于10 km/h的记录超过180条
2017-12-03 09:37:05,删除长低速记录,0.0,0.0,连续低于10 km/h的记录超过180条
2017-12-03 09:37:06,删除长低速记录,0.0,0.0,连续低于10 km/h的记录超过180条
2017-12-03 09:37:07,删除长低速记录,0.0,0.0,连续低于10 km/h的记录超过180条
2017-12-03 09:37:08,删除长低速记录,0.0,0.0,连续低于10 km/h的记录超过180条
2017-12-03 09:37:09,删除长低速记录,0.0,0.0,连续低于10 km/h的记录超过180条
2017-12-03 09:37:10,删除长低速记录,0.0,0.0,连续低于10 km/h的记录超过180条
2017-12-03 09:37:11,删除长低速记录,0.0,0.0,连续低于10 km/h的记录超过180条
2017-12-03 09:37:12,删除长低速记录,0.0,0.0,连续低于10 km/h的记录超过180条
2017-12-03 09:37:13,删除长低速记录,0.0,0.0,连续低于10 km/h的记录超过180条
2017-12-03 09:37:14,删除长低速记录,0.0,0.0,连续低于10 km/h的记录超过180条
2017-12-03 09:37:15,删除长低速记录,0.0,0.0,连续低于10 km/h的记录超过180条
2017-12-03 09:37:16,删除长低速记录,0.0,0.0,连续低于10 km/h的记录超过180条
2017-12-03 09:37:17,删除长低速记录,0.0,0.0,连续低于10 km/h的记录超过180条
2017-12-03 09:37:18,删除长低速记录,0.0,0.0,连续低于10 km/h的记录超过180条
2017-12-03 09:37:19,删除长低速记录,0.0,0.0,连续低于10 km/h的记录超过180条
2017-12-03 09:37:20,删除长低速记录,0.0,0.0,连续低于10 km/h的记录超过180条
2017-12-03 09:37:21,删除长低速记录,0.0,0.0,连续低于10 km/h的记录超过180条
2017-12-03 09:37:22,删除长低速记录,0.0,0.0,连续低于10 km/h的记录超过180条
2017-12-03 09:37:23,删除长低速记录,0.0,0.0,连续低于10 km/h的记录超过180条
2017-12-03 09:37:24,删除长低速记录,0.0,0.0,连续低于10 km/h的记录超过180条
2017-12-03 09:37:25,删除长低速记录,0.0,0.0,连续低于10 km/h的记录超过180条
2017-12-03 09:37:26,删除长低速记录,0.0,0.0,连续低于10 km/h的记录超过180条
2017-12-03 09:37:27,删除长低速记录,0.0,0.0,连续低于10 km/h的记录超过180条
2017-12-03 09:37:28,删除长低速记录,0.0,0.0,连续低于10 km/h的记录超过180条
2017-12-03 09:37:29,删除长低速记录,0.0,0.0,连续低于10 km/h的记录超过180条
2017-12-03 09:37:30,删除长低速记录,0.0,0.0,连续低于10 km/h的记录超过180条
2017-12-03 09:37:31,删除长低速记录,0.0,0.0,连续低于10 km/h的记录超过180条
2017-12-03 09:37:32,删除长低速记录,0.0,0.0,连续低于10 km/h的记录超过180条
2017-12-03 09:37:33,删除长低速记录,0.0,0.0,连续低于10 km/h的记录超过180条
2017-12-03 09:37:34,删除长低速记录,0.0,0.0,连续低于10 km/h的记录超过180条
2017-12-03 09:37:35,删除长低速记录,0.0,0.0,连续低于10 km/h的记录超过180条
2017-12-03 09:37:36,删除长低速记录,0.0,0.0,连续低于10 km/h的记录超过180条
2017-12-03 09:37:37,删除长低速记录,0.0,0.0,连续低于10 km/h的记录超过180条
2017-12-03 09:37:38,删除长低速记录,0.0,0.0,连续低于10 km/h的记录超过180条
2017-12-03 09:37:39,删除长低速记录,0.0,0.0,连续低于10 km/h的记录超过180条
2017-12-03 09:37:40,删除长低速记录,0.0,0.0,连续低于10 km/h的记录超过180条
2017-12-03 09:37:41,删除长低速记录,0.0,0.0,连续低于10 km/h的记录超过180条
2017-12-03 09:37:42,删除长低速记录,0.0,0.0,连续低于10 km/h的记录超过180条
2017-12-03 09:37:43,删除长低速记录,0.0,0.0,连续低于10 km/h的记录超过180条
2017-12-03 09:37:44,删除长低速记录,0.0,0.0,连续低于10 km/h的记录超过180条
2017-12-03 09:37:45,删除长低速记录,0.0,0.0,连续低于10 km/h的记录超过180条
2017-12-03 09:37:46,删除长低速记录,0.0,0.0,连续低于10 km/h的记录超过180条
2017-12-03 09:37:47,删除长低速记录,0.0,0.0,连续低于10 km/h的记录超过180条
2017-12-03 09:37:48,删除长低速记录,0.0,0.0,连续低于10 km/h的记录超过180条
2017-12-03 09:37:49,删除长低速记录,0.0,0.0,连续低于10 km/h的记录超过180条
2017-12-03 09:37:50,删除长低速记录,0.0,0.0,连续低于10 km/h的记录超过180条
2017-12-03 09:37:51,删除长低速记录,0.0,0.0,连续低于10 km/h的记录超过180条
2017-12-03 09:37:52,删除长低速记录,0.0,0.0,连续低于10 km/h的记录超过180条
2017-12-03 09:37:53,删除长低速记录,0.0,0.0,连续低于10 km/h的记录超过180条
2017-12-03 09:37:54,删除长低速记录,0.0,0.0,连续低于10 km/h的记录超过180条
2017-12-03 09:37:55,删除长低速记录,0.0,0.0,连续低于10 km/h的记录超过180条
2017-12-03 09:37:56,删除长低速记录,0.0,0.0,连续低于10 km/h的记录超过180条
2017-12-03 09:37:57,删除长低速记录,0.0,0.0,连续低于10 km/h的记录超过180条
2017-12-03 09:37:58,删除长低速记录,0.0,0.0,连续低于10 km/h的记录超过180条
2017-12-03 09:37:59,删除长低速记录,0.0,0.0,连续低于10 km/h的记录超过180条
2017-12-03 09:38:00,删除长低速记录,0.0,0.0,连续低于10 km/h的记录超过180条
2017-12-03 09:38:01,删除长低速记录,0.0,0.0,连续低于10 km/h的记录超过180条
2017-12-03 09:38:02,删除长低速记录,5.1,5.1,连续低于10 km/h的记录超过180条
2017-12-03 09:38:03,删除长低速记录,9.7,9.7,连续低于10 km/h的记录超过180条
2017-12-03 10:08:46,删除长低速记录,4.8,4.8,连续低于10 km/h的记录超过180条
2017-12-03 10:08:47,删除长低速记录,5.7,5.7,连续低于10 km/h的记录超过180条
2017-12-03 10:08:48,删除长低速记录,6.4,6.4,连续低于10 km/h的记录超过180条
2017-12-03 10:08:49,删除长低速记录,7.1,7.1,连续低于10 km/h的记录超过180条
2017-12-03 10:08:50,删除长低速记录,7.7,7.7,连续低于10 km/h的记录超过180条
2017-12-03 10:08:51,删除长低速记录,8.5,8.5,连续低于10 km/h的记录超过180条
2017-12-03 10:08:52,删除长低速记录,7.0,7.0,连续低于10 km/h的记录超过180条
2017-12-03 10:08:53,删除长低速记录,6.3,6.3,连续低于10 km/h的记录超过180条
2017-12-03 10:08:54,删除长低速记录,6.3,6.3,连续低于10 km/h的记录超过180条
2017-12-03 10:08:55,删除长低速记录,6.3,6.3,连续低于10 km/h的记录超过180条
2017-12-03 10:08:56,删除长低速记录,8.5,8.5,连续低于10 km/h的记录超过180条
2017-12-03 10:12:30,新增插值记录,,8.2,相邻速度 7.7 与 8.7 km/h 的线性中点
2017-12-03 10:13:12,新增插值记录,,13.05,相邻速度 13.1 与 13 km/h 的线性中点
2017-12-03 10:13:44,新增插值记录,,7.75,相邻速度 9.2 与 6.3 km/h 的线性中点
2017-12-03 10:14:19,车速限幅,16.0,14.556000000000001,"连续1秒允许范围 [0.000000, 14.556000] km/h"
2017-12-03 10:14:50,车速限幅,17.1,16.556,"连续1秒允许范围 [0.000000, 16.556000] km/h"
2017-12-03 10:14:55,车速限幅,17.1,15.956,"连续1秒允许范围 [0.000000, 15.956000] km/h"
2017-12-03 10:15:01,车速限幅,17.1,16.956,"连续1秒允许范围 [0.000000, 16.956000] km/h"
2017-12-03 10:15:27,新增插值记录,,3.95,相邻速度 3.7 与 4.2 km/h 的线性中点
2017-12-03 10:15:31,新增插值记录,,3.95,相邻速度 3.7 与 4.2 km/h 的线性中点
2017-12-03 10:15:35,新增插值记录,,5.2,相邻速度 6 与 4.4 km/h 的线性中点
2017-12-03 10:16:14,新增插值记录,,20.2,相邻速度 20.2 与 20.2 km/h 的线性中点
2017-12-03 10:16:20,新增插值记录,,20.2,相邻速度 20.2 与 20.2 km/h 的线性中点
2017-12-03 10:16:28,车速限幅,20.2,17.956,"连续1秒允许范围 [0.000000, 17.956000] km/h"
2017-12-03 10:16:33,新增插值记录,,20.2,相邻速度 20.2 与 20.2 km/h 的线性中点
2017-12-03 10:16:36,新增插值记录,,20.2,相邻速度 20.2 与 20.2 km/h 的线性中点
2017-12-03 10:16:47,新增插值记录,,3.7,相邻速度 3.7 与 3.7 km/h 的线性中点
2017-12-03 10:16:53,新增插值记录,,3.7,相邻速度 3.7 与 3.7 km/h 的线性中点
2017-12-03 10:17:09,新增插值记录,,0.2,相邻速度 0.2 与 0.2 km/h 的线性中点
2017-12-03 10:17:20,新增插值记录,,0.2,相邻速度 0.2 与 0.2 km/h 的线性中点
2017-12-03 10:17:39,车速限幅,57.3,14.456,"连续1秒允许范围 [0.000000, 14.456000] km/h"
2017-12-03 10:17:40,车速限幅,43.4,28.712,"连续1秒允许范围 [0.000000, 28.712000] km/h"
2017-12-03 10:17:42,车速限幅,25.1,14.456,"连续1秒允许范围 [0.000000, 14.456000] km/h"
2017-12-03 10:17:53,新增插值记录,,0.2,相邻速度 0.2 与 0.2 km/h 的线性中点
2017-12-03 10:18:01,车速限幅,22.9,19.856,"连续1秒允许范围 [0.000000, 19.856000] km/h"
2017-12-03 10:18:12,新增插值记录,,0.2,相邻速度 0.2 与 0.2 km/h 的线性中点
2017-12-03 10:18:14,新增插值记录,,0.2,相邻速度 0.2 与 0.2 km/h 的线性中点
2017-12-03 10:18:30,新增插值记录,,7.3,相邻速度 7.3 与 7.3 km/h 的线性中点
2017-12-03 10:18:45,新增插值记录,,7.3,相邻速度 7.3 与 7.3 km/h 的线性中点
2017-12-03 10:18:47,新增插值记录,,7.3,相邻速度 7.3 与 7.3 km/h 的线性中点
2017-12-03 10:18:59,新增插值记录,,7.3,相邻速度 7.3 与 7.3 km/h 的线性中点
2017-12-03 10:19:03,新增插值记录,,7.3,相邻速度 7.3 与 7.3 km/h 的线性中点
2017-12-03 10:19:18,新增插值记录,,7.3,相邻速度 7.3 与 7.3 km/h 的线性中点
2017-12-03 10:19:32,新增插值记录,,7.3,相邻速度 7.3 与 7.3 km/h 的线性中点
2017-12-03 10:19:36,新增插值记录,,7.3,相邻速度 7.3 与 7.3 km/h 的线性中点
2017-12-03 10:19:51,新增插值记录,,7.3,相邻速度 7.3 与 7.3 km/h 的线性中点
2017-12-03 10:20:05,新增插值记录,,7.3,相邻速度 7.3 与 7.3 km/h 的线性中点
2017-12-03 10:20:08,新增插值记录,,7.3,相邻速度 7.3 与 7.3 km/h 的线性中点
2017-12-03 10:20:24,新增插值记录,,7.3,相邻速度 7.3 与 7.3 km/h 的线性中点
2017-12-03 10:20:38,新增插值记录,,7.3,相邻速度 7.3 与 7.3 km/h 的线性中点
2017-12-03 10:20:41,新增插值记录,,7.3,相邻速度 7.3 与 7.3 km/h 的线性中点
2017-12-03 10:20:57,新增插值记录,,7.3,相邻速度 7.3 与 7.3 km/h 的线性中点
2017-12-03 10:21:11,新增插值记录,,7.3,相邻速度 7.3 与 7.3 km/h 的线性中点
2017-12-03 10:21:14,新增插值记录,,7.3,相邻速度 7.3 与 7.3 km/h 的线性中点
2017-12-03 10:21:27,删除长低速记录,7.3,7.3,连续低于10 km/h的记录超过180条
2017-12-03 10:21:28,删除长低速记录,7.3,7.3,连续低于10 km/h的记录超过180条
2017-12-03 10:21:29,删除长低速记录,7.3,7.3,连续低于10 km/h的记录超过180条
2017-12-03 10:21:30,删除长低速记录,,7.3,连续低于10 km/h的记录超过180条
2017-12-03 10:21:30,新增插值记录,,7.3,相邻速度 7.3 与 7.3 km/h 的线性中点
2017-12-03 10:21:31,删除长低速记录,7.3,7.3,连续低于10 km/h的记录超过180条
2017-12-03 10:21:32,删除长低速记录,7.3,7.3,连续低于10 km/h的记录超过180条
2017-12-03 10:21:33,删除长低速记录,7.3,7.3,连续低于10 km/h的记录超过180条
2017-12-03 10:21:34,删除长低速记录,7.3,7.3,连续低于10 km/h的记录超过180条
2017-12-03 10:21:35,删除长低速记录,7.3,7.3,连续低于10 km/h的记录超过180条
2017-12-03 10:21:36,删除长低速记录,7.3,7.3,连续低于10 km/h的记录超过180条
2017-12-03 10:21:37,删除长低速记录,7.3,7.3,连续低于10 km/h的记录超过180条
2017-12-03 10:21:38,删除长低速记录,7.3,7.3,连续低于10 km/h的记录超过180条
2017-12-03 10:21:39,删除长低速记录,7.3,7.3,连续低于10 km/h的记录超过180条
2017-12-03 10:21:40,删除长低速记录,7.3,7.3,连续低于10 km/h的记录超过180条
2017-12-03 10:21:41,删除长低速记录,7.3,7.3,连续低于10 km/h的记录超过180条
2017-12-03 10:21:42,删除长低速记录,7.3,7.3,连续低于10 km/h的记录超过180条
2017-12-03 10:21:43,删除长低速记录,7.3,7.3,连续低于10 km/h的记录超过180条
2017-12-03 10:21:44,删除长低速记录,,7.3,连续低于10 km/h的记录超过180条
2017-12-03 10:21:44,新增插值记录,,7.3,相邻速度 7.3 与 7.3 km/h 的线性中点
2017-12-03 10:21:45,删除长低速记录,7.3,7.3,连续低于10 km/h的记录超过180条
2017-12-03 10:21:46,删除长低速记录,,7.3,连续低于10 km/h的记录超过180条
2017-12-03 10:21:46,新增插值记录,,7.3,相邻速度 7.3 与 7.3 km/h 的线性中点
2017-12-03 10:21:47,删除长低速记录,7.3,7.3,连续低于10 km/h的记录超过180条
2017-12-03 10:21:48,删除长低速记录,7.3,7.3,连续低于10 km/h的记录超过180条
2017-12-03 10:21:49,删除长低速记录,7.3,7.3,连续低于10 km/h的记录超过180条
2017-12-03 10:21:50,删除长低速记录,7.3,7.3,连续低于10 km/h的记录超过180条
2017-12-03 10:21:51,删除长低速记录,7.3,7.3,连续低于10 km/h的记录超过180条
2017-12-03 10:21:52,删除长低速记录,7.3,7.3,连续低于10 km/h的记录超过180条
2017-12-03 10:21:53,删除长低速记录,7.3,7.3,连续低于10 km/h的记录超过180条
2017-12-03 10:21:54,删除长低速记录,7.3,7.3,连续低于10 km/h的记录超过180条
2017-12-03 10:21:55,删除长低速记录,7.3,7.3,连续低于10 km/h的记录超过180条
2017-12-03 10:21:56,删除长低速记录,7.3,7.3,连续低于10 km/h的记录超过180条
2017-12-03 10:21:57,删除长低速记录,7.3,7.3,连续低于10 km/h的记录超过180条
2017-12-03 10:21:58,删除长低速记录,,7.3,连续低于10 km/h的记录超过180条
2017-12-03 10:21:58,新增插值记录,,7.3,相邻速度 7.3 与 7.3 km/h 的线性中点
2017-12-03 10:21:59,删除长低速记录,7.3,7.3,连续低于10 km/h的记录超过180条
2017-12-03 10:22:00,删除长低速记录,7.3,7.3,连续低于10 km/h的记录超过180条
2017-12-03 10:22:01,删除长低速记录,7.3,7.3,连续低于10 km/h的记录超过180条
2017-12-03 10:22:02,删除长低速记录,7.3,7.3,连续低于10 km/h的记录超过180条
2017-12-03 10:22:03,删除长低速记录,,7.3,连续低于10 km/h的记录超过180条
2017-12-03 10:22:03,新增插值记录,,7.3,相邻速度 7.3 与 7.3 km/h 的线性中点
2017-12-03 10:22:04,删除长低速记录,7.3,7.3,连续低于10 km/h的记录超过180条
2017-12-03 10:22:05,删除长低速记录,7.3,7.3,连续低于10 km/h的记录超过180条
2017-12-03 10:22:06,删除长低速记录,7.3,7.3,连续低于10 km/h的记录超过180条
2017-12-03 10:22:07,删除长低速记录,7.3,7.3,连续低于10 km/h的记录超过180条
2017-12-03 10:22:08,删除长低速记录,7.3,7.3,连续低于10 km/h的记录超过180条
2017-12-03 10:22:09,删除长低速记录,7.3,7.3,连续低于10 km/h的记录超过180条
2017-12-03 10:22:10,删除长低速记录,7.3,7.3,连续低于10 km/h的记录超过180条
2017-12-03 10:22:11,删除长低速记录,7.3,7.3,连续低于10 km/h的记录超过180条
2017-12-03 10:22:12,删除长低速记录,7.3,7.3,连续低于10 km/h的记录超过180条
2017-12-03 10:22:13,删除长低速记录,7.3,7.3,连续低于10 km/h的记录超过180条
2017-12-03 10:22:14,删除长低速记录,7.3,7.3,连续低于10 km/h的记录超过180条
2017-12-03 10:22:15,删除长低速记录,7.3,7.3,连续低于10 km/h的记录超过180条
2017-12-03 10:22:16,删除长低速记录,7.3,7.3,连续低于10 km/h的记录超过180条
2017-12-03 10:22:17,删除长低速记录,,7.3,连续低于10 km/h的记录超过180条
2017-12-03 10:22:17,新增插值记录,,7.3,相邻速度 7.3 与 7.3 km/h 的线性中点
2017-12-03 10:22:18,删除长低速记录,7.3,7.3,连续低于10 km/h的记录超过180条
2017-12-03 10:22:19,删除长低速记录,,7.3,连续低于10 km/h的记录超过180条
2017-12-03 10:22:19,新增插值记录,,7.3,相邻速度 7.3 与 7.3 km/h 的线性中点
2017-12-03 10:22:20,删除长低速记录,7.3,7.3,连续低于10 km/h的记录超过180条
2017-12-03 10:22:21,删除长低速记录,7.3,7.3,连续低于10 km/h的记录超过180条
2017-12-03 10:22:22,删除长低速记录,7.3,7.3,连续低于10 km/h的记录超过180条
2017-12-03 10:22:23,删除长低速记录,7.3,7.3,连续低于10 km/h的记录超过180条
2017-12-03 10:22:24,删除长低速记录,7.3,7.3,连续低于10 km/h的记录超过180条
2017-12-03 10:22:25,删除长低速记录,2.7,2.7,连续低于10 km/h的记录超过180条
2017-12-03 10:22:26,删除长低速记录,0.0,0.0,连续低于10 km/h的记录超过180条
2017-12-03 10:22:27,删除长低速记录,0.0,0.0,连续低于10 km/h的记录超过180条
2017-12-03 10:22:28,删除长低速记录,1.7,1.7,连续低于10 km/h的记录超过180条
2017-12-03 10:22:29,删除长低速记录,7.3,7.3,连续低于10 km/h的记录超过180条
2017-12-03 10:22:30,删除长低速记录,7.3,7.3,连续低于10 km/h的记录超过180条
2017-12-03 10:22:31,删除长低速记录,,7.3,连续低于10 km/h的记录超过180条
2017-12-03 10:22:31,新增插值记录,,7.3,相邻速度 7.3 与 7.3 km/h 的线性中点
2017-12-03 10:22:32,删除长低速记录,7.3,7.3,连续低于10 km/h的记录超过180条
2017-12-03 10:22:33,删除长低速记录,7.3,7.3,连续低于10 km/h的记录超过180条
2017-12-03 10:22:34,删除长低速记录,0.0,0.0,连续低于10 km/h的记录超过180条
2017-12-03 10:22:35,删除长低速记录,0.0,0.0,连续低于10 km/h的记录超过180条
2017-12-03 10:22:36,删除长低速记录,2.2,2.2,连续低于10 km/h的记录超过180条
2017-12-03 10:22:37,删除长低速记录,0.0,0.0,连续低于10 km/h的记录超过180条
2017-12-03 10:22:38,删除长低速记录,0.0,0.0,连续低于10 km/h的记录超过180条
2017-12-03 10:22:39,删除长低速记录,0.0,0.0,连续低于10 km/h的记录超过180条
2017-12-03 10:22:40,删除长低速记录,0.0,0.0,连续低于10 km/h的记录超过180条
2017-12-03 10:22:41,删除长低速记录,,0.0,连续低于10 km/h的记录超过180条
2017-12-03 10:22:41,新增插值记录,,0.0,相邻速度 0 与 0 km/h 的线性中点
2017-12-03 10:22:42,删除长低速记录,0.0,0.0,连续低于10 km/h的记录超过180条
2017-12-03 10:22:43,删除长低速记录,0.0,0.0,连续低于10 km/h的记录超过180条
2017-12-03 10:22:44,删除长低速记录,0.0,0.0,连续低于10 km/h的记录超过180条
2017-12-03 10:22:45,删除长低速记录,0.0,0.0,连续低于10 km/h的记录超过180条
2017-12-03 10:22:46,删除长低速记录,0.0,0.0,连续低于10 km/h的记录超过180条
2017-12-03 10:22:47,删除长低速记录,0.0,0.0,连续低于10 km/h的记录超过180条
2017-12-03 10:22:48,删除长低速记录,0.0,0.0,连续低于10 km/h的记录超过180条
2017-12-03 10:22:49,删除长低速记录,0.0,0.0,连续低于10 km/h的记录超过180条
2017-12-03 10:22:50,删除长低速记录,0.0,0.0,连续低于10 km/h的记录超过180条
2017-12-03 10:22:51,删除长低速记录,0.0,0.0,连续低于10 km/h的记录超过180条
2017-12-03 10:22:52,删除长低速记录,0.0,0.0,连续低于10 km/h的记录超过180条
2017-12-03 10:22:53,删除长低速记录,0.0,0.0,连续低于10 km/h的记录超过180条
2017-12-03 10:22:54,删除长低速记录,0.0,0.0,连续低于10 km/h的记录超过180条
2017-12-03 10:22:55,删除长低速记录,0.0,0.0,连续低于10 km/h的记录超过180条
2017-12-03 10:22:56,删除长低速记录,0.0,0.0,连续低于10 km/h的记录超过180条
2017-12-03 10:22:57,删除长低速记录,0.0,0.0,连续低于10 km/h的记录超过180条
2017-12-03 10:22:58,删除长低速记录,0.0,0.0,连续低于10 km/h的记录超过180条
2017-12-03 10:22:59,删除长低速记录,0.0,0.0,连续低于10 km/h的记录超过180条
2017-12-03 10:23:00,删除长低速记录,0.0,0.0,连续低于10 km/h的记录超过180条
2017-12-03 10:23:01,删除长低速记录,0.0,0.0,连续低于10 km/h的记录超过180条
2017-12-03 10:23:02,删除长低速记录,0.0,0.0,连续低于10 km/h的记录超过180条
2017-12-03 10:23:03,删除长低速记录,0.0,0.0,连续低于10 km/h的记录超过180条
2017-12-03 10:23:04,删除长低速记录,0.0,0.0,连续低于10 km/h的记录超过180条
2017-12-03 10:23:05,删除长低速记录,0.0,0.0,连续低于10 km/h的记录超过180条
2017-12-03 10:23:06,删除长低速记录,0.0,0.0,连续低于10 km/h的记录超过180条
2017-12-03 10:23:07,删除长低速记录,0.0,0.0,连续低于10 km/h的记录超过180条
2017-12-03 10:23:08,删除长低速记录,0.0,0.0,连续低于10 km/h的记录超过180条
2017-12-03 10:23:37,新增插值记录,,0.0,相邻速度 0 与 0 km/h 的线性中点
2017-12-03 10:23:41,新增插值记录,,0.0,相邻速度 0 与 0 km/h 的线性中点
2017-12-03 10:23:56,新增插值记录,,0.0,相邻速度 0 与 0 km/h 的线性中点
2017-12-03 10:24:10,新增插值记录,,0.0,相邻速度 0 与 0 km/h 的线性中点
2017-12-03 10:26:22,新增插值记录,,0.0,相邻速度 0 与 0 km/h 的线性中点
2017-12-03 10:27:28,新增插值记录,,32.0,相邻速度 32 与 32 km/h 的线性中点
2017-12-03 10:27:46,新增插值记录,,32.0,相邻速度 32 与 32 km/h 的线性中点
2017-12-03 10:27:51,车速限幅,0.0,3.1999999999999993,"连续1秒允许范围 [3.200000, 46.256000] km/h"
2017-12-03 10:52:35,新增插值记录,,0.0,相邻速度 0 与 0 km/h 的线性中点
2017-12-03 13:24:54,车速限幅,18.0,16.956,"连续1秒允许范围 [0.000000, 16.956000] km/h"
2017-12-03 14:30:23,车速限幅,19.7,14.256,"连续1秒允许范围 [0.000000, 14.256000] km/h"
2017-12-03 15:24:31,删除长低速记录,0.0,0.0,连续低于10 km/h的记录超过180条
2017-12-03 15:24:32,删除长低速记录,0.0,0.0,连续低于10 km/h的记录超过180条
2017-12-03 15:24:33,删除长低速记录,0.0,0.0,连续低于10 km/h的记录超过180条
2017-12-03 15:24:34,删除长低速记录,0.0,0.0,连续低于10 km/h的记录超过180条
2017-12-03 15:24:35,删除长低速记录,0.0,0.0,连续低于10 km/h的记录超过180条
2017-12-03 15:24:36,删除长低速记录,0.0,0.0,连续低于10 km/h的记录超过180条
2017-12-03 15:24:37,删除长低速记录,0.0,0.0,连续低于10 km/h的记录超过180条
2017-12-03 15:24:38,删除长低速记录,0.0,0.0,连续低于10 km/h的记录超过180条
2017-12-03 15:24:39,删除长低速记录,0.0,0.0,连续低于10 km/h的记录超过180条
2017-12-03 15:24:40,删除长低速记录,0.0,0.0,连续低于10 km/h的记录超过180条
2017-12-03 15:24:41,删除长低速记录,0.0,0.0,连续低于10 km/h的记录超过180条
2017-12-03 15:24:42,删除长低速记录,0.0,0.0,连续低于10 km/h的记录超过180条
2017-12-03 15:24:43,删除长低速记录,0.0,0.0,连续低于10 km/h的记录超过180条
2017-12-03 15:24:44,删除长低速记录,0.0,0.0,连续低于10 km/h的记录超过180条
2017-12-03 15:24:45,删除长低速记录,0.0,0.0,连续低于10 km/h的记录超过180条
2017-12-03 15:24:46,删除长低速记录,0.0,0.0,连续低于10 km/h的记录超过180条
2017-12-03 15:24:47,删除长低速记录,0.0,0.0,连续低于10 km/h的记录超过180条
2017-12-03 15:24:48,删除长低速记录,0.0,0.0,连续低于10 km/h的记录超过180条
2017-12-03 15:24:49,删除长低速记录,0.0,0.0,连续低于10 km/h的记录超过180条
2017-12-03 15:24:50,删除长低速记录,0.0,0.0,连续低于10 km/h的记录超过180条
2017-12-03 15:24:51,删除长低速记录,0.0,0.0,连续低于10 km/h的记录超过180条
2017-12-03 15:24:52,删除长低速记录,0.0,0.0,连续低于10 km/h的记录超过180条
2017-12-03 15:24:53,删除长低速记录,0.0,0.0,连续低于10 km/h的记录超过180条
2017-12-03 15:24:54,删除长低速记录,0.0,0.0,连续低于10 km/h的记录超过180条
2017-12-03 15:24:55,删除长低速记录,0.0,0.0,连续低于10 km/h的记录超过180条
2017-12-03 15:24:56,删除长低速记录,0.0,0.0,连续低于10 km/h的记录超过180条
2017-12-03 15:24:57,删除长低速记录,0.0,0.0,连续低于10 km/h的记录超过180条
2017-12-03 15:24:58,删除长低速记录,0.0,0.0,连续低于10 km/h的记录超过180条
2017-12-03 15:24:59,删除长低速记录,0.0,0.0,连续低于10 km/h的记录超过180条
2017-12-03 15:25:00,删除长低速记录,0.0,0.0,连续低于10 km/h的记录超过180条
2017-12-03 15:25:01,删除长低速记录,0.0,0.0,连续低于10 km/h的记录超过180条
2017-12-03 15:25:02,删除长低速记录,0.0,0.0,连续低于10 km/h的记录超过180条
2017-12-03 15:25:03,删除长低速记录,0.0,0.0,连续低于10 km/h的记录超过180条
2017-12-03 15:25:04,删除长低速记录,0.0,0.0,连续低于10 km/h的记录超过180条
2017-12-03 15:25:05,删除长低速记录,0.0,0.0,连续低于10 km/h的记录超过180条
2017-12-03 15:25:06,删除长低速记录,0.0,0.0,连续低于10 km/h的记录超过180条
2017-12-03 15:25:07,删除长低速记录,0.0,0.0,连续低于10 km/h的记录超过180条
2017-12-03 15:25:08,删除长低速记录,0.0,0.0,连续低于10 km/h的记录超过180条
2017-12-03 15:25:09,删除长低速记录,0.0,0.0,连续低于10 km/h的记录超过180条
2017-12-03 15:25:10,删除长低速记录,0.0,0.0,连续低于10 km/h的记录超过180条
2017-12-03 15:25:11,删除长低速记录,0.0,0.0,连续低于10 km/h的记录超过180条
2017-12-03 15:25:12,删除长低速记录,0.0,0.0,连续低于10 km/h的记录超过180条
2017-12-03 15:25:13,删除长低速记录,0.0,0.0,连续低于10 km/h的记录超过180条
2017-12-03 15:25:14,删除长低速记录,0.0,0.0,连续低于10 km/h的记录超过180条
2017-12-03 15:25:15,删除长低速记录,0.0,0.0,连续低于10 km/h的记录超过180条
2017-12-03 15:25:16,删除长低速记录,0.0,0.0,连续低于10 km/h的记录超过180条
2017-12-03 15:25:17,删除长低速记录,0.0,0.0,连续低于10 km/h的记录超过180条
2017-12-03 15:25:18,删除长低速记录,0.0,0.0,连续低于10 km/h的记录超过180条
2017-12-03 15:25:19,删除长低速记录,0.0,0.0,连续低于10 km/h的记录超过180条
2017-12-03 15:25:20,删除长低速记录,0.0,0.0,连续低于10 km/h的记录超过180条
2017-12-03 15:25:21,删除长低速记录,0.0,0.0,连续低于10 km/h的记录超过180条
2017-12-03 15:25:22,删除长低速记录,0.0,0.0,连续低于10 km/h的记录超过180条
2017-12-03 15:25:23,删除长低速记录,0.0,0.0,连续低于10 km/h的记录超过180条
2017-12-03 15:25:24,删除长低速记录,0.0,0.0,连续低于10 km/h的记录超过180条
2017-12-03 15:25:25,删除长低速记录,0.0,0.0,连续低于10 km/h的记录超过180条
2017-12-03 15:25:26,删除长低速记录,0.0,0.0,连续低于10 km/h的记录超过180条
2017-12-03 15:25:27,删除长低速记录,0.0,0.0,连续低于10 km/h的记录超过180条
2017-12-03 15:25:28,删除长低速记录,0.0,0.0,连续低于10 km/h的记录超过180条
2017-12-03 15:25:29,删除长低速记录,0.0,0.0,连续低于10 km/h的记录超过180条
2017-12-03 15:25:30,删除长低速记录,0.0,0.0,连续低于10 km/h的记录超过180条
2017-12-03 15:25:31,删除长低速记录,0.0,0.0,连续低于10 km/h的记录超过180条
2017-12-03 15:25:32,删除长低速记录,0.0,0.0,连续低于10 km/h的记录超过180条
2017-12-03 15:25:33,删除长低速记录,0.0,0.0,连续低于10 km/h的记录超过180条
2017-12-03 15:25:34,删除长低速记录,0.0,0.0,连续低于10 km/h的记录超过180条
2017-12-03 15:25:35,删除长低速记录,0.0,0.0,连续低于10 km/h的记录超过180条
2017-12-03 15:25:36,删除长低速记录,0.0,0.0,连续低于10 km/h的记录超过180条
2017-12-03 15:25:37,删除长低速记录,0.0,0.0,连续低于10 km/h的记录超过180条
2017-12-03 15:25:38,删除长低速记录,0.0,0.0,连续低于10 km/h的记录超过180条
2017-12-03 15:25:39,删除长低速记录,0.0,0.0,连续低于10 km/h的记录超过180条
2017-12-03 15:25:40,删除长低速记录,0.0,0.0,连续低于10 km/h的记录超过180条
2017-12-03 15:25:41,删除长低速记录,0.0,0.0,连续低于10 km/h的记录超过180条
2017-12-03 15:25:42,删除长低速记录,0.0,0.0,连续低于10 km/h的记录超过180条
2017-12-03 15:25:43,删除长低速记录,0.0,0.0,连续低于10 km/h的记录超过180条
2017-12-03 15:25:44,删除长低速记录,0.0,0.0,连续低于10 km/h的记录超过180条
2017-12-03 15:25:45,删除长低速记录,0.0,0.0,连续低于10 km/h的记录超过180条
2017-12-03 15:25:46,删除长低速记录,0.0,0.0,连续低于10 km/h的记录超过180条
2017-12-03 15:25:47,删除长低速记录,0.0,0.0,连续低于10 km/h的记录超过180条
2017-12-03 15:25:48,删除长低速记录,0.0,0.0,连续低于10 km/h的记录超过180条
2017-12-03 15:25:49,删除长低速记录,0.0,0.0,连续低于10 km/h的记录超过180条
2017-12-03 15:25:50,删除长低速记录,0.0,0.0,连续低于10 km/h的记录超过180条
2017-12-03 15:25:51,删除长低速记录,0.0,0.0,连续低于10 km/h的记录超过180条
2017-12-03 15:25:52,删除长低速记录,0.0,0.0,连续低于10 km/h的记录超过180条
2017-12-03 15:25:53,删除长低速记录,0.0,0.0,连续低于10 km/h的记录超过180条
2017-12-03 15:25:54,删除长低速记录,0.0,0.0,连续低于10 km/h的记录超过180条
2017-12-03 15:25:55,删除长低速记录,0.0,0.0,连续低于10 km/h的记录超过180条
2017-12-03 15:25:56,删除长低速记录,0.0,0.0,连续低于10 km/h的记录超过180条
2017-12-03 15:25:57,删除长低速记录,0.0,0.0,连续低于10 km/h的记录超过180条
2017-12-03 15:25:58,删除长低速记录,0.0,0.0,连续低于10 km/h的记录超过180条
2017-12-03 15:25:59,删除长低速记录,0.0,0.0,连续低于10 km/h的记录超过180条
2017-12-03 15:26:00,删除长低速记录,0.0,0.0,连续低于10 km/h的记录超过180条
2017-12-03 15:26:01,删除长低速记录,0.0,0.0,连续低于10 km/h的记录超过180条
2017-12-03 15:26:02,删除长低速记录,0.0,0.0,连续低于10 km/h的记录超过180条
2017-12-03 15:26:03,删除长低速记录,0.0,0.0,连续低于10 km/h的记录超过180条
2017-12-03 15:26:04,删除长低速记录,0.0,0.0,连续低于10 km/h的记录超过180条
2017-12-03 15:26:05,删除长低速记录,0.0,0.0,连续低于10 km/h的记录超过180条
2017-12-03 15:26:06,删除长低速记录,0.0,0.0,连续低于10 km/h的记录超过180条
2017-12-03 15:26:07,删除长低速记录,0.0,0.0,连续低于10 km/h的记录超过180条
2017-12-03 15:26:08,删除长低速记录,0.0,0.0,连续低于10 km/h的记录超过180条
2017-12-03 15:26:09,删除长低速记录,0.0,0.0,连续低于10 km/h的记录超过180条
2017-12-03 15:26:10,删除长低速记录,0.0,0.0,连续低于10 km/h的记录超过180条
2017-12-03 15:26:11,删除长低速记录,0.0,0.0,连续低于10 km/h的记录超过180条
2017-12-03 15:26:12,删除长低速记录,0.0,0.0,连续低于10 km/h的记录超过180条
2017-12-03 15:26:13,删除长低速记录,0.0,0.0,连续低于10 km/h的记录超过180条
2017-12-03 15:26:14,删除长低速记录,0.0,0.0,连续低于10 km/h的记录超过180条
2017-12-03 15:26:15,删除长低速记录,0.0,0.0,连续低于10 km/h的记录超过180条
2017-12-03 15:26:16,删除长低速记录,0.0,0.0,连续低于10 km/h的记录超过180条
2017-12-03 15:26:17,删除长低速记录,0.0,0.0,连续低于10 km/h的记录超过180条
2017-12-03 15:26:18,删除长低速记录,0.0,0.0,连续低于10 km/h的记录超过180条
2017-12-03 15:26:19,删除长低速记录,0.0,0.0,连续低于10 km/h的记录超过180条
2017-12-03 15:26:20,删除长低速记录,0.0,0.0,连续低于10 km/h的记录超过180条
2017-12-03 15:26:21,删除长低速记录,0.0,0.0,连续低于10 km/h的记录超过180条
2017-12-03 15:26:22,删除长低速记录,0.0,0.0,连续低于10 km/h的记录超过180条
2017-12-03 15:26:23,删除长低速记录,0.0,0.0,连续低于10 km/h的记录超过180条
2017-12-03 15:26:24,删除长低速记录,0.0,0.0,连续低于10 km/h的记录超过180条
2017-12-03 15:26:25,删除长低速记录,0.0,0.0,连续低于10 km/h的记录超过180条
2017-12-03 15:26:26,删除长低速记录,0.0,0.0,连续低于10 km/h的记录超过180条
2017-12-03 15:26:27,删除长低速记录,0.0,0.0,连续低于10 km/h的记录超过180条
2017-12-03 15:26:28,删除长低速记录,0.0,0.0,连续低于10 km/h的记录超过180条
2017-12-03 15:26:29,删除长低速记录,0.0,0.0,连续低于10 km/h的记录超过180条
2017-12-03 15:26:30,删除长低速记录,0.0,0.0,连续低于10 km/h的记录超过180条
2017-12-03 15:26:31,删除长低速记录,0.0,0.0,连续低于10 km/h的记录超过180条
2017-12-03 15:26:32,删除长低速记录,0.0,0.0,连续低于10 km/h的记录超过180条
2017-12-03 15:26:33,删除长低速记录,0.0,0.0,连续低于10 km/h的记录超过180条
2017-12-03 15:26:34,删除长低速记录,0.0,0.0,连续低于10 km/h的记录超过180条
2017-12-03 15:26:35,删除长低速记录,0.0,0.0,连续低于10 km/h的记录超过180条
2017-12-03 15:26:36,删除长低速记录,0.0,0.0,连续低于10 km/h的记录超过180条
2017-12-03 15:26:37,删除长低速记录,0.0,0.0,连续低于10 km/h的记录超过180条
2017-12-03 15:26:38,删除长低速记录,0.0,0.0,连续低于10 km/h的记录超过180条
2017-12-03 15:26:39,删除长低速记录,0.0,0.0,连续低于10 km/h的记录超过180条
2017-12-03 15:26:40,删除长低速记录,0.0,0.0,连续低于10 km/h的记录超过180条
2017-12-03 15:26:41,删除长低速记录,0.0,0.0,连续低于10 km/h的记录超过180条
2017-12-03 15:26:42,删除长低速记录,0.0,0.0,连续低于10 km/h的记录超过180条
2017-12-03 15:26:43,删除长低速记录,0.0,0.0,连续低于10 km/h的记录超过180条
2017-12-03 15:26:44,删除长低速记录,0.0,0.0,连续低于10 km/h的记录超过180条
2017-12-03 15:26:45,删除长低速记录,0.0,0.0,连续低于10 km/h的记录超过180条
2017-12-03 15:26:46,删除长低速记录,0.0,0.0,连续低于10 km/h的记录超过180条
2017-12-03 15:26:47,删除长低速记录,0.0,0.0,连续低于10 km/h的记录超过180条
2017-12-03 15:26:48,删除长低速记录,0.0,0.0,连续低于10 km/h的记录超过180条
2017-12-03 15:26:49,删除长低速记录,0.0,0.0,连续低于10 km/h的记录超过180条
2017-12-03 15:26:50,删除长低速记录,0.0,0.0,连续低于10 km/h的记录超过180条
2017-12-03 15:26:51,删除长低速记录,0.0,0.0,连续低于10 km/h的记录超过180条
2017-12-03 15:26:52,删除长低速记录,0.0,0.0,连续低于10 km/h的记录超过180条
2017-12-03 15:26:53,删除长低速记录,0.0,0.0,连续低于10 km/h的记录超过180条
2017-12-03 15:26:54,删除长低速记录,0.0,0.0,连续低于10 km/h的记录超过180条
2017-12-03 15:26:55,删除长低速记录,0.0,0.0,连续低于10 km/h的记录超过180条
2017-12-03 15:26:56,删除长低速记录,0.0,0.0,连续低于10 km/h的记录超过180条
2017-12-03 15:26:57,删除长低速记录,0.0,0.0,连续低于10 km/h的记录超过180条
2017-12-03 15:26:58,删除长低速记录,0.0,0.0,连续低于10 km/h的记录超过180条
2017-12-03 15:26:59,删除长低速记录,0.0,0.0,连续低于10 km/h的记录超过180条
2017-12-03 15:27:00,删除长低速记录,0.0,0.0,连续低于10 km/h的记录超过180条
2017-12-03 15:27:01,删除长低速记录,0.0,0.0,连续低于10 km/h的记录超过180条
2017-12-03 15:27:02,删除长低速记录,0.0,0.0,连续低于10 km/h的记录超过180条
2017-12-03 15:27:03,删除长低速记录,0.0,0.0,连续低于10 km/h的记录超过180条
2017-12-03 15:27:04,删除长低速记录,0.0,0.0,连续低于10 km/h的记录超过180条
2017-12-03 15:27:05,删除长低速记录,0.0,0.0,连续低于10 km/h的记录超过180条
2017-12-03 15:27:06,删除长低速记录,0.0,0.0,连续低于10 km/h的记录超过180条
2017-12-03 15:27:07,删除长低速记录,0.0,0.0,连续低于10 km/h的记录超过180条
2017-12-03 15:27:08,删除长低速记录,0.0,0.0,连续低于10 km/h的记录超过180条
2017-12-03 15:27:09,删除长低速记录,0.0,0.0,连续低于10 km/h的记录超过180条
2017-12-03 15:27:10,删除长低速记录,0.0,0.0,连续低于10 km/h的记录超过180条
2017-12-03 15:27:11,删除长低速记录,0.0,0.0,连续低于10 km/h的记录超过180条
2017-12-03 15:27:12,删除长低速记录,0.0,0.0,连续低于10 km/h的记录超过180条
2017-12-03 15:27:13,删除长低速记录,0.0,0.0,连续低于10 km/h的记录超过180条
2017-12-03 15:27:14,删除长低速记录,0.0,0.0,连续低于10 km/h的记录超过180条
2017-12-03 15:27:15,删除长低速记录,0.0,0.0,连续低于10 km/h的记录超过180条
2017-12-03 15:27:16,删除长低速记录,0.0,0.0,连续低于10 km/h的记录超过180条
2017-12-03 15:27:17,删除长低速记录,0.0,0.0,连续低于10 km/h的记录超过180条
2017-12-03 15:27:18,删除长低速记录,0.0,0.0,连续低于10 km/h的记录超过180条
2017-12-03 15:27:19,删除长低速记录,0.0,0.0,连续低于10 km/h的记录超过180条
2017-12-03 15:27:20,删除长低速记录,0.0,0.0,连续低于10 km/h的记录超过180条
2017-12-03 15:27:21,删除长低速记录,0.0,0.0,连续低于10 km/h的记录超过180条
2017-12-03 15:27:22,删除长低速记录,0.0,0.0,连续低于10 km/h的记录超过180条
2017-12-03 15:27:23,删除长低速记录,0.0,0.0,连续低于10 km/h的记录超过180条
2017-12-03 15:27:24,删除长低速记录,0.0,0.0,连续低于10 km/h的记录超过180条
2017-12-03 15:27:25,删除长低速记录,0.0,0.0,连续低于10 km/h的记录超过180条
2017-12-03 15:27:26,删除长低速记录,0.0,0.0,连续低于10 km/h的记录超过180条
2017-12-03 15:27:27,删除长低速记录,0.0,0.0,连续低于10 km/h的记录超过180条
2017-12-03 15:27:28,删除长低速记录,0.0,0.0,连续低于10 km/h的记录超过180条
2017-12-03 15:27:29,删除长低速记录,0.0,0.0,连续低于10 km/h的记录超过180条
2017-12-03 15:27:30,删除长低速记录,0.0,0.0,连续低于10 km/h的记录超过180条
2017-12-03 15:27:31,删除长低速记录,0.0,0.0,连续低于10 km/h的记录超过180条
2017-12-03 15:27:32,删除长低速记录,0.0,0.0,连续低于10 km/h的记录超过180条
2017-12-03 15:27:33,删除长低速记录,0.0,0.0,连续低于10 km/h的记录超过180条
2017-12-03 15:27:34,删除长低速记录,0.0,0.0,连续低于10 km/h的记录超过180条
2017-12-03 15:27:35,删除长低速记录,0.0,0.0,连续低于10 km/h的记录超过180条
2017-12-03 15:27:36,删除长低速记录,0.0,0.0,连续低于10 km/h的记录超过180条
2017-12-03 15:27:37,删除长低速记录,0.0,0.0,连续低于10 km/h的记录超过180条
2017-12-03 15:27:38,删除长低速记录,0.0,0.0,连续低于10 km/h的记录超过180条
2017-12-03 15:27:39,删除长低速记录,0.0,0.0,连续低于10 km/h的记录超过180条
2017-12-03 15:27:40,删除长低速记录,0.0,0.0,连续低于10 km/h的记录超过180条
2017-12-03 15:27:41,删除长低速记录,0.0,0.0,连续低于10 km/h的记录超过180条
2017-12-03 15:27:42,删除长低速记录,0.0,0.0,连续低于10 km/h的记录超过180条
2017-12-03 15:27:43,删除长低速记录,0.0,0.0,连续低于10 km/h的记录超过180条
2017-12-03 15:27:44,删除长低速记录,0.0,0.0,连续低于10 km/h的记录超过180条
2017-12-03 15:27:45,删除长低速记录,0.0,0.0,连续低于10 km/h的记录超过180条
2017-12-03 15:27:46,删除长低速记录,0.0,0.0,连续低于10 km/h的记录超过180条
2017-12-03 15:27:47,删除长低速记录,0.0,0.0,连续低于10 km/h的记录超过180条
2017-12-03 15:27:48,删除长低速记录,0.0,0.0,连续低于10 km/h的记录超过180条
2017-12-03 15:27:49,删除长低速记录,0.0,0.0,连续低于10 km/h的记录超过180条
2017-12-03 15:27:50,删除长低速记录,0.0,0.0,连续低于10 km/h的记录超过180条
2017-12-03 15:27:51,删除长低速记录,0.0,0.0,连续低于10 km/h的记录超过180条
2017-12-03 15:27:52,删除长低速记录,0.0,0.0,连续低于10 km/h的记录超过180条
2017-12-03 15:27:53,删除长低速记录,0.0,0.0,连续低于10 km/h的记录超过180条
2017-12-03 15:27:54,删除长低速记录,3.1,3.1,连续低于10 km/h的记录超过180条
2017-12-03 15:27:55,删除长低速记录,3.6,3.6,连续低于10 km/h的记录超过180条
2017-12-03 15:27:56,删除长低速记录,3.5,3.5,连续低于10 km/h的记录超过180条
2017-12-03 15:27:57,删除长低速记录,2.7,2.7,连续低于10 km/h的记录超过180条
2017-12-03 15:27:58,删除长低速记录,2.7,2.7,连续低于10 km/h的记录超过180条
2017-12-03 15:27:59,删除长低速记录,2.7,2.7,连续低于10 km/h的记录超过180条
2017-12-03 15:28:00,删除长低速记录,2.7,2.7,连续低于10 km/h的记录超过180条
2017-12-03 15:28:01,删除长低速记录,4.3,4.3,连续低于10 km/h的记录超过180条
2017-12-03 15:28:02,删除长低速记录,7.5,7.5,连续低于10 km/h的记录超过180条
2017-12-03 15:28:03,删除长低速记录,8.4,8.4,连续低于10 km/h的记录超过180条
2017-12-03 15:59:47,车速限幅,17.0,14.256,"连续1秒允许范围 [0.000000, 14.256000] km/h"
2017-12-03 17:17:59,删除长低速记录,0.0,0.0,连续低于10 km/h的记录超过180条
2017-12-03 17:18:00,删除长低速记录,0.0,0.0,连续低于10 km/h的记录超过180条
2017-12-03 17:18:01,删除长低速记录,0.0,0.0,连续低于10 km/h的记录超过180条
2017-12-03 17:18:02,删除长低速记录,0.0,0.0,连续低于10 km/h的记录超过180条
2017-12-03 17:18:03,删除长低速记录,0.0,0.0,连续低于10 km/h的记录超过180条
2017-12-03 17:18:04,删除长低速记录,0.0,0.0,连续低于10 km/h的记录超过180条
2017-12-03 17:18:05,删除长低速记录,0.0,0.0,连续低于10 km/h的记录超过180条
2017-12-03 17:18:06,删除长低速记录,0.0,0.0,连续低于10 km/h的记录超过180条
2017-12-03 17:18:07,删除长低速记录,0.0,0.0,连续低于10 km/h的记录超过180条
2017-12-03 17:18:08,删除长低速记录,0.0,0.0,连续低于10 km/h的记录超过180条
2017-12-03 17:18:09,删除长低速记录,0.0,0.0,连续低于10 km/h的记录超过180条
2017-12-03 17:18:10,删除长低速记录,0.0,0.0,连续低于10 km/h的记录超过180条
2017-12-03 17:18:11,删除长低速记录,0.0,0.0,连续低于10 km/h的记录超过180条
2017-12-03 17:18:12,删除长低速记录,0.0,0.0,连续低于10 km/h的记录超过180条
2017-12-03 17:18:13,删除长低速记录,0.0,0.0,连续低于10 km/h的记录超过180条
2017-12-03 17:18:14,删除长低速记录,0.0,0.0,连续低于10 km/h的记录超过180条
2017-12-03 17:18:15,删除长低速记录,0.0,0.0,连续低于10 km/h的记录超过180条
2017-12-03 17:18:16,删除长低速记录,0.0,0.0,连续低于10 km/h的记录超过180条
2017-12-03 17:18:17,删除长低速记录,0.0,0.0,连续低于10 km/h的记录超过180条
2017-12-03 17:18:18,删除长低速记录,0.0,0.0,连续低于10 km/h的记录超过180条
2017-12-03 17:18:19,删除长低速记录,0.0,0.0,连续低于10 km/h的记录超过180条
2017-12-03 17:18:20,删除长低速记录,0.0,0.0,连续低于10 km/h的记录超过180条
2017-12-03 17:18:21,删除长低速记录,0.0,0.0,连续低于10 km/h的记录超过180条
2017-12-03 17:18:22,删除长低速记录,0.0,0.0,连续低于10 km/h的记录超过180条
2017-12-03 17:18:23,删除长低速记录,0.0,0.0,连续低于10 km/h的记录超过180条
2017-12-03 17:18:24,删除长低速记录,0.0,0.0,连续低于10 km/h的记录超过180条
2017-12-03 17:18:25,删除长低速记录,0.0,0.0,连续低于10 km/h的记录超过180条
2017-12-03 17:18:26,删除长低速记录,0.0,0.0,连续低于10 km/h的记录超过180条
2017-12-03 17:18:27,删除长低速记录,0.0,0.0,连续低于10 km/h的记录超过180条
2017-12-03 17:18:28,删除长低速记录,0.0,0.0,连续低于10 km/h的记录超过180条
2017-12-03 17:18:29,删除长低速记录,0.0,0.0,连续低于10 km/h的记录超过180条
2017-12-03 17:18:30,删除长低速记录,0.0,0.0,连续低于10 km/h的记录超过180条
2017-12-03 17:18:31,删除长低速记录,0.0,0.0,连续低于10 km/h的记录超过180条
2017-12-03 17:18:32,删除长低速记录,0.0,0.0,连续低于10 km/h的记录超过180条
2017-12-03 17:18:33,删除长低速记录,0.0,0.0,连续低于10 km/h的记录超过180条
2017-12-03 17:18:34,删除长低速记录,0.0,0.0,连续低于10 km/h的记录超过180条
2017-12-03 17:18:35,删除长低速记录,0.0,0.0,连续低于10 km/h的记录超过180条
2017-12-03 17:18:36,删除长低速记录,0.0,0.0,连续低于10 km/h的记录超过180条
2017-12-03 17:18:37,删除长低速记录,0.0,0.0,连续低于10 km/h的记录超过180条
2017-12-03 17:18:38,删除长低速记录,0.0,0.0,连续低于10 km/h的记录超过180条
2017-12-03 17:18:39,删除长低速记录,0.0,0.0,连续低于10 km/h的记录超过180条
2017-12-03 17:18:40,删除长低速记录,0.0,0.0,连续低于10 km/h的记录超过180条
2017-12-03 17:18:41,删除长低速记录,0.0,0.0,连续低于10 km/h的记录超过180条
2017-12-03 17:18:42,删除长低速记录,0.0,0.0,连续低于10 km/h的记录超过180条
2017-12-03 17:18:43,删除长低速记录,0.0,0.0,连续低于10 km/h的记录超过180条
2017-12-03 17:18:44,删除长低速记录,0.0,0.0,连续低于10 km/h的记录超过180条
2017-12-03 17:18:45,删除长低速记录,0.0,0.0,连续低于10 km/h的记录超过180条
2017-12-03 17:18:46,删除长低速记录,0.0,0.0,连续低于10 km/h的记录超过180条
2017-12-03 17:18:47,删除长低速记录,0.0,0.0,连续低于10 km/h的记录超过180条
2017-12-03 17:18:48,删除长低速记录,0.0,0.0,连续低于10 km/h的记录超过180条
2017-12-03 17:18:49,删除长低速记录,0.0,0.0,连续低于10 km/h的记录超过180条
2017-12-03 17:18:50,删除长低速记录,0.0,0.0,连续低于10 km/h的记录超过180条
2017-12-03 17:18:51,删除长低速记录,0.0,0.0,连续低于10 km/h的记录超过180条
2017-12-03 17:18:52,删除长低速记录,0.0,0.0,连续低于10 km/h的记录超过180条
2017-12-03 17:18:53,删除长低速记录,0.0,0.0,连续低于10 km/h的记录超过180条
2017-12-03 17:18:54,删除长低速记录,0.0,0.0,连续低于10 km/h的记录超过180条
2017-12-03 17:18:55,删除长低速记录,0.0,0.0,连续低于10 km/h的记录超过180条
2017-12-03 17:18:56,删除长低速记录,0.0,0.0,连续低于10 km/h的记录超过180条
2017-12-03 17:18:57,删除长低速记录,0.0,0.0,连续低于10 km/h的记录超过180条
2017-12-03 17:18:58,删除长低速记录,0.0,0.0,连续低于10 km/h的记录超过180条
2017-12-03 17:18:59,删除长低速记录,0.0,0.0,连续低于10 km/h的记录超过180条
2017-12-03 17:19:00,删除长低速记录,0.0,0.0,连续低于10 km/h的记录超过180条
2017-12-03 17:19:01,删除长低速记录,0.0,0.0,连续低于10 km/h的记录超过180条
2017-12-03 17:19:02,删除长低速记录,0.0,0.0,连续低于10 km/h的记录超过180条
2017-12-03 17:19:03,删除长低速记录,0.0,0.0,连续低于10 km/h的记录超过180条
2017-12-03 17:19:04,删除长低速记录,0.0,0.0,连续低于10 km/h的记录超过180条
2017-12-03 17:19:05,删除长低速记录,0.0,0.0,连续低于10 km/h的记录超过180条
2017-12-03 17:19:06,删除长低速记录,0.0,0.0,连续低于10 km/h的记录超过180条
2017-12-03 17:19:07,删除长低速记录,0.0,0.0,连续低于10 km/h的记录超过180条
2017-12-03 17:19:08,删除长低速记录,0.0,0.0,连续低于10 km/h的记录超过180条
2017-12-03 17:19:09,删除长低速记录,0.0,0.0,连续低于10 km/h的记录超过180条
2017-12-03 17:19:10,删除长低速记录,0.0,0.0,连续低于10 km/h的记录超过180条
2017-12-03 17:19:11,删除长低速记录,0.0,0.0,连续低于10 km/h的记录超过180条
2017-12-03 17:19:12,删除长低速记录,0.0,0.0,连续低于10 km/h的记录超过180条
2017-12-03 17:19:13,删除长低速记录,0.0,0.0,连续低于10 km/h的记录超过180条
2017-12-03 17:19:14,删除长低速记录,0.0,0.0,连续低于10 km/h的记录超过180条
2017-12-03 17:19:15,删除长低速记录,0.0,0.0,连续低于10 km/h的记录超过180条
2017-12-03 17:19:16,删除长低速记录,0.0,0.0,连续低于10 km/h的记录超过180条
2017-12-03 17:19:17,删除长低速记录,0.0,0.0,连续低于10 km/h的记录超过180条
2017-12-03 17:19:18,删除长低速记录,0.0,0.0,连续低于10 km/h的记录超过180条
2017-12-03 17:19:19,删除长低速记录,0.0,0.0,连续低于10 km/h的记录超过180条
2017-12-03 17:19:20,删除长低速记录,0.0,0.0,连续低于10 km/h的记录超过180条
2017-12-03 17:19:21,删除长低速记录,0.0,0.0,连续低于10 km/h的记录超过180条
2017-12-03 17:19:22,删除长低速记录,0.0,0.0,连续低于10 km/h的记录超过180条
2017-12-03 17:19:23,删除长低速记录,0.0,0.0,连续低于10 km/h的记录超过180条
2017-12-03 17:19:24,删除长低速记录,0.0,0.0,连续低于10 km/h的记录超过180条
2017-12-03 17:19:25,删除长低速记录,0.0,0.0,连续低于10 km/h的记录超过180条
2017-12-03 17:19:26,删除长低速记录,0.0,0.0,连续低于10 km/h的记录超过180条
2017-12-03 17:19:27,删除长低速记录,0.0,0.0,连续低于10 km/h的记录超过180条
2017-12-03 17:19:28,删除长低速记录,0.0,0.0,连续低于10 km/h的记录超过180条
2017-12-03 17:19:29,删除长低速记录,0.0,0.0,连续低于10 km/h的记录超过180条
2017-12-03 17:19:30,删除长低速记录,0.0,0.0,连续低于10 km/h的记录超过180条
2017-12-03 17:19:31,删除长低速记录,0.0,0.0,连续低于10 km/h的记录超过180条
2017-12-03 17:19:32,删除长低速记录,0.0,0.0,连续低于10 km/h的记录超过180条
2017-12-03 17:19:33,删除长低速记录,0.0,0.0,连续低于10 km/h的记录超过180条
2017-12-03 17:19:34,删除长低速记录,0.0,0.0,连续低于10 km/h的记录超过180条
2017-12-03 17:19:35,删除长低速记录,0.0,0.0,连续低于10 km/h的记录超过180条
2017-12-03 17:19:36,删除长低速记录,0.0,0.0,连续低于10 km/h的记录超过180条
2017-12-03 17:19:37,删除长低速记录,0.0,0.0,连续低于10 km/h的记录超过180条
2017-12-03 17:19:38,删除长低速记录,0.0,0.0,连续低于10 km/h的记录超过180条
2017-12-03 17:19:39,删除长低速记录,0.0,0.0,连续低于10 km/h的记录超过180条
2017-12-03 17:19:40,删除长低速记录,0.0,0.0,连续低于10 km/h的记录超过180条
2017-12-03 17:19:41,删除长低速记录,0.0,0.0,连续低于10 km/h的记录超过180条
2017-12-03 17:19:42,删除长低速记录,0.0,0.0,连续低于10 km/h的记录超过180条
2017-12-03 17:19:43,删除长低速记录,0.0,0.0,连续低于10 km/h的记录超过180条
2017-12-03 17:19:44,删除长低速记录,0.0,0.0,连续低于10 km/h的记录超过180条
2017-12-03 17:19:45,删除长低速记录,0.0,0.0,连续低于10 km/h的记录超过180条
2017-12-03 17:19:46,删除长低速记录,0.0,0.0,连续低于10 km/h的记录超过180条
2017-12-03 17:19:47,删除长低速记录,0.0,0.0,连续低于10 km/h的记录超过180条
2017-12-03 17:19:48,删除长低速记录,0.0,0.0,连续低于10 km/h的记录超过180条
2017-12-03 17:19:49,删除长低速记录,0.0,0.0,连续低于10 km/h的记录超过180条
2017-12-03 17:19:50,删除长低速记录,0.0,0.0,连续低于10 km/h的记录超过180条
2017-12-03 17:19:51,删除长低速记录,0.0,0.0,连续低于10 km/h的记录超过180条
2017-12-03 17:19:52,删除长低速记录,0.0,0.0,连续低于10 km/h的记录超过180条
2017-12-03 17:19:53,删除长低速记录,0.0,0.0,连续低于10 km/h的记录超过180条
2017-12-03 17:19:54,删除长低速记录,0.0,0.0,连续低于10 km/h的记录超过180条
2017-12-03 17:19:55,删除长低速记录,0.0,0.0,连续低于10 km/h的记录超过180条
2017-12-03 17:19:56,删除长低速记录,0.0,0.0,连续低于10 km/h的记录超过180条
2017-12-03 17:19:57,删除长低速记录,0.0,0.0,连续低于10 km/h的记录超过180条
2017-12-03 17:19:58,删除长低速记录,0.0,0.0,连续低于10 km/h的记录超过180条
2017-12-03 17:19:59,删除长低速记录,0.0,0.0,连续低于10 km/h的记录超过180条
2017-12-03 17:20:00,删除长低速记录,0.0,0.0,连续低于10 km/h的记录超过180条
2017-12-03 17:20:01,删除长低速记录,0.0,0.0,连续低于10 km/h的记录超过180条
2017-12-03 17:20:02,删除长低速记录,0.0,0.0,连续低于10 km/h的记录超过180条
2017-12-03 17:20:03,删除长低速记录,0.0,0.0,连续低于10 km/h的记录超过180条
2017-12-03 17:20:04,删除长低速记录,0.0,0.0,连续低于10 km/h的记录超过180条
2017-12-03 17:20:05,删除长低速记录,0.0,0.0,连续低于10 km/h的记录超过180条
2017-12-03 17:20:06,删除长低速记录,0.0,0.0,连续低于10 km/h的记录超过180条
2017-12-03 17:20:07,删除长低速记录,0.0,0.0,连续低于10 km/h的记录超过180条
2017-12-03 17:20:08,删除长低速记录,0.0,0.0,连续低于10 km/h的记录超过180条
2017-12-03 17:20:09,删除长低速记录,0.0,0.0,连续低于10 km/h的记录超过180条
2017-12-03 17:20:10,删除长低速记录,0.0,0.0,连续低于10 km/h的记录超过180条
2017-12-03 17:20:11,删除长低速记录,0.0,0.0,连续低于10 km/h的记录超过180条
2017-12-03 17:20:12,删除长低速记录,0.0,0.0,连续低于10 km/h的记录超过180条
2017-12-03 17:20:13,删除长低速记录,0.0,0.0,连续低于10 km/h的记录超过180条
2017-12-03 17:20:14,删除长低速记录,0.0,0.0,连续低于10 km/h的记录超过180条
2017-12-03 17:20:15,删除长低速记录,0.0,0.0,连续低于10 km/h的记录超过180条
2017-12-03 17:20:16,删除长低速记录,0.0,0.0,连续低于10 km/h的记录超过180条
2017-12-03 17:20:17,删除长低速记录,0.0,0.0,连续低于10 km/h的记录超过180条
2017-12-03 17:20:18,删除长低速记录,0.0,0.0,连续低于10 km/h的记录超过180条
2017-12-03 17:20:19,删除长低速记录,0.0,0.0,连续低于10 km/h的记录超过180条
2017-12-03 17:20:20,删除长低速记录,0.0,0.0,连续低于10 km/h的记录超过180条
2017-12-03 17:20:21,删除长低速记录,0.0,0.0,连续低于10 km/h的记录超过180条
2017-12-03 17:20:22,删除长低速记录,0.0,0.0,连续低于10 km/h的记录超过180条
2017-12-03 17:20:23,删除长低速记录,0.0,0.0,连续低于10 km/h的记录超过180条
2017-12-03 17:20:24,删除长低速记录,0.0,0.0,连续低于10 km/h的记录超过180条
2017-12-03 17:20:25,删除长低速记录,0.0,0.0,连续低于10 km/h的记录超过180条
2017-12-03 17:20:26,删除长低速记录,0.0,0.0,连续低于10 km/h的记录超过180条
2017-12-03 17:20:27,删除长低速记录,0.0,0.0,连续低于10 km/h的记录超过180条
2017-12-03 17:20:28,删除长低速记录,0.0,0.0,连续低于10 km/h的记录超过180条
2017-12-03 17:20:29,删除长低速记录,0.0,0.0,连续低于10 km/h的记录超过180条
2017-12-03 17:20:30,删除长低速记录,0.0,0.0,连续低于10 km/h的记录超过180条
2017-12-03 17:20:31,删除长低速记录,0.0,0.0,连续低于10 km/h的记录超过180条
2017-12-03 17:20:32,删除长低速记录,0.0,0.0,连续低于10 km/h的记录超过180条
2017-12-03 17:20:33,删除长低速记录,0.0,0.0,连续低于10 km/h的记录超过180条
2017-12-03 17:20:34,删除长低速记录,0.0,0.0,连续低于10 km/h的记录超过180条
2017-12-03 17:20:35,删除长低速记录,0.0,0.0,连续低于10 km/h的记录超过180条
2017-12-03 17:20:36,删除长低速记录,0.0,0.0,连续低于10 km/h的记录超过180条
2017-12-03 17:20:37,删除长低速记录,0.0,0.0,连续低于10 km/h的记录超过180条
2017-12-03 17:20:38,删除长低速记录,0.0,0.0,连续低于10 km/h的记录超过180条
2017-12-03 17:20:39,删除长低速记录,0.0,0.0,连续低于10 km/h的记录超过180条
2017-12-03 17:20:40,删除长低速记录,0.0,0.0,连续低于10 km/h的记录超过180条
2017-12-03 17:20:41,删除长低速记录,0.0,0.0,连续低于10 km/h的记录超过180条
2017-12-03 17:20:42,删除长低速记录,0.0,0.0,连续低于10 km/h的记录超过180条
2017-12-03 17:20:43,删除长低速记录,0.0,0.0,连续低于10 km/h的记录超过180条
2017-12-03 17:20:44,删除长低速记录,0.0,0.0,连续低于10 km/h的记录超过180条
2017-12-03 17:20:45,删除长低速记录,0.0,0.0,连续低于10 km/h的记录超过180条
2017-12-03 17:20:46,删除长低速记录,0.0,0.0,连续低于10 km/h的记录超过180条
2017-12-03 17:20:47,删除长低速记录,0.0,0.0,连续低于10 km/h的记录超过180条
2017-12-03 17:20:48,删除长低速记录,0.0,0.0,连续低于10 km/h的记录超过180条
2017-12-03 17:20:49,删除长低速记录,0.0,0.0,连续低于10 km/h的记录超过180条
2017-12-03 17:20:50,删除长低速记录,0.0,0.0,连续低于10 km/h的记录超过180条
2017-12-03 17:20:51,删除长低速记录,0.0,0.0,连续低于10 km/h的记录超过180条
2017-12-03 17:20:52,删除长低速记录,0.0,0.0,连续低于10 km/h的记录超过180条
2017-12-03 17:20:53,删除长低速记录,0.0,0.0,连续低于10 km/h的记录超过180条
2017-12-03 17:20:54,删除长低速记录,0.0,0.0,连续低于10 km/h的记录超过180条
2017-12-03 17:20:55,删除长低速记录,0.0,0.0,连续低于10 km/h的记录超过180条
2017-12-03 17:20:56,删除长低速记录,0.0,0.0,连续低于10 km/h的记录超过180条
2017-12-03 17:20:57,删除长低速记录,0.0,0.0,连续低于10 km/h的记录超过180条
2017-12-03 17:20:58,删除长低速记录,0.0,0.0,连续低于10 km/h的记录超过180条
2017-12-03 17:20:59,删除长低速记录,0.0,0.0,连续低于10 km/h的记录超过180条
2017-12-03 17:21:00,删除长低速记录,0.0,0.0,连续低于10 km/h的记录超过180条
2017-12-03 17:21:01,删除长低速记录,0.0,0.0,连续低于10 km/h的记录超过180条
2017-12-03 17:21:02,删除长低速记录,0.0,0.0,连续低于10 km/h的记录超过180条
2017-12-03 17:21:03,删除长低速记录,0.0,0.0,连续低于10 km/h的记录超过180条
2017-12-03 17:21:04,删除长低速记录,0.0,0.0,连续低于10 km/h的记录超过180条
2017-12-03 17:21:05,删除长低速记录,0.0,0.0,连续低于10 km/h的记录超过180条
2017-12-03 17:21:06,删除长低速记录,0.0,0.0,连续低于10 km/h的记录超过180条
2017-12-03 17:21:07,删除长低速记录,0.0,0.0,连续低于10 km/h的记录超过180条
2017-12-03 17:21:08,删除长低速记录,0.0,0.0,连续低于10 km/h的记录超过180条
2017-12-03 17:21:09,删除长低速记录,0.0,0.0,连续低于10 km/h的记录超过180条
2017-12-03 17:21:10,删除长低速记录,0.0,0.0,连续低于10 km/h的记录超过180条
2017-12-03 17:21:11,删除长低速记录,0.0,0.0,连续低于10 km/h的记录超过180条
2017-12-03 17:21:12,删除长低速记录,0.0,0.0,连续低于10 km/h的记录超过180条
2017-12-03 17:21:13,删除长低速记录,0.0,0.0,连续低于10 km/h的记录超过180条
2017-12-03 17:21:14,删除长低速记录,0.0,0.0,连续低于10 km/h的记录超过180条
2017-12-03 17:21:15,删除长低速记录,0.0,0.0,连续低于10 km/h的记录超过180条
2017-12-03 17:21:16,删除长低速记录,0.0,0.0,连续低于10 km/h的记录超过180条
2017-12-03 17:21:17,删除长低速记录,0.0,0.0,连续低于10 km/h的记录超过180条
2017-12-03 17:21:18,删除长低速记录,0.0,0.0,连续低于10 km/h的记录超过180条
2017-12-03 17:21:19,删除长低速记录,0.0,0.0,连续低于10 km/h的记录超过180条
2017-12-03 17:21:20,删除长低速记录,0.0,0.0,连续低于10 km/h的记录超过180条
2017-12-03 17:21:21,删除长低速记录,0.0,0.0,连续低于10 km/h的记录超过180条
2017-12-03 17:21:22,删除长低速记录,0.0,0.0,连续低于10 km/h的记录超过180条
2017-12-03 17:21:23,删除长低速记录,0.0,0.0,连续低于10 km/h的记录超过180条
2017-12-03 17:21:24,删除长低速记录,0.0,0.0,连续低于10 km/h的记录超过180条
2017-12-03 17:21:25,删除长低速记录,0.0,0.0,连续低于10 km/h的记录超过180条
2017-12-03 17:21:26,删除长低速记录,0.0,0.0,连续低于10 km/h的记录超过180条
2017-12-03 17:21:27,删除长低速记录,0.0,0.0,连续低于10 km/h的记录超过180条
2017-12-03 17:21:28,删除长低速记录,0.0,0.0,连续低于10 km/h的记录超过180条
2017-12-03 17:21:29,删除长低速记录,0.0,0.0,连续低于10 km/h的记录超过180条
2017-12-03 17:21:30,删除长低速记录,0.0,0.0,连续低于10 km/h的记录超过180条
2017-12-03 17:21:31,删除长低速记录,0.0,0.0,连续低于10 km/h的记录超过180条
2017-12-03 17:21:32,删除长低速记录,0.0,0.0,连续低于10 km/h的记录超过180条
2017-12-03 17:21:33,删除长低速记录,0.0,0.0,连续低于10 km/h的记录超过180条
2017-12-03 17:21:34,删除长低速记录,0.0,0.0,连续低于10 km/h的记录超过180条
2017-12-03 17:21:35,删除长低速记录,0.0,0.0,连续低于10 km/h的记录超过180条
2017-12-03 17:21:36,删除长低速记录,0.0,0.0,连续低于10 km/h的记录超过180条
2017-12-03 17:21:37,删除长低速记录,0.0,0.0,连续低于10 km/h的记录超过180条
2017-12-03 17:21:38,删除长低速记录,0.0,0.0,连续低于10 km/h的记录超过180条
2017-12-03 17:21:39,删除长低速记录,0.0,0.0,连续低于10 km/h的记录超过180条
2017-12-03 17:21:40,删除长低速记录,0.0,0.0,连续低于10 km/h的记录超过180条
2017-12-03 17:21:41,删除长低速记录,0.0,0.0,连续低于10 km/h的记录超过180条
2017-12-03 17:21:42,删除长低速记录,0.0,0.0,连续低于10 km/h的记录超过180条
2017-12-03 17:21:43,删除长低速记录,0.0,0.0,连续低于10 km/h的记录超过180条
2017-12-03 17:21:44,删除长低速记录,0.0,0.0,连续低于10 km/h的记录超过180条
2017-12-03 17:21:45,删除长低速记录,0.0,0.0,连续低于10 km/h的记录超过180条
2017-12-03 17:21:46,删除长低速记录,0.0,0.0,连续低于10 km/h的记录超过180条
2017-12-03 17:21:47,删除长低速记录,0.0,0.0,连续低于10 km/h的记录超过180条
2017-12-03 17:21:48,删除长低速记录,0.0,0.0,连续低于10 km/h的记录超过180条
2017-12-03 17:21:49,删除长低速记录,0.0,0.0,连续低于10 km/h的记录超过180条
2017-12-03 17:21:50,删除长低速记录,0.0,0.0,连续低于10 km/h的记录超过180条
2017-12-03 17:21:51,删除长低速记录,0.0,0.0,连续低于10 km/h的记录超过180条
2017-12-03 17:21:52,删除长低速记录,0.0,0.0,连续低于10 km/h的记录超过180条
2017-12-03 17:21:53,删除长低速记录,0.0,0.0,连续低于10 km/h的记录超过180条
2017-12-03 17:21:54,删除长低速记录,0.0,0.0,连续低于10 km/h的记录超过180条
2017-12-03 17:21:55,删除长低速记录,0.0,0.0,连续低于10 km/h的记录超过180条
2017-12-03 17:21:56,删除长低速记录,0.0,0.0,连续低于10 km/h的记录超过180条
2017-12-03 17:21:57,删除长低速记录,0.0,0.0,连续低于10 km/h的记录超过180条
2017-12-03 17:21:58,删除长低速记录,0.0,0.0,连续低于10 km/h的记录超过180条
2017-12-03 17:21:59,删除长低速记录,0.0,0.0,连续低于10 km/h的记录超过180条
2017-12-03 17:22:00,删除长低速记录,0.0,0.0,连续低于10 km/h的记录超过180条
2017-12-03 17:22:01,删除长低速记录,0.0,0.0,连续低于10 km/h的记录超过180条
2017-12-03 17:22:02,删除长低速记录,0.0,0.0,连续低于10 km/h的记录超过180条
2017-12-03 17:22:03,删除长低速记录,0.0,0.0,连续低于10 km/h的记录超过180条
2017-12-03 17:22:04,删除长低速记录,0.0,0.0,连续低于10 km/h的记录超过180条
2017-12-03 17:22:05,删除长低速记录,0.0,0.0,连续低于10 km/h的记录超过180条
2017-12-03 17:22:06,删除长低速记录,0.0,0.0,连续低于10 km/h的记录超过180条
2017-12-03 17:22:07,删除长低速记录,0.0,0.0,连续低于10 km/h的记录超过180条
2017-12-03 17:22:08,删除长低速记录,0.0,0.0,连续低于10 km/h的记录超过180条
2017-12-03 17:22:09,删除长低速记录,0.0,0.0,连续低于10 km/h的记录超过180条
2017-12-03 17:22:10,删除长低速记录,0.0,0.0,连续低于10 km/h的记录超过180条
2017-12-03 17:22:11,删除长低速记录,0.0,0.0,连续低于10 km/h的记录超过180条
2017-12-03 17:22:12,删除长低速记录,0.0,0.0,连续低于10 km/h的记录超过180条
2017-12-03 17:22:13,删除长低速记录,0.0,0.0,连续低于10 km/h的记录超过180条
2017-12-03 17:22:14,删除长低速记录,0.0,0.0,连续低于10 km/h的记录超过180条
2017-12-03 17:22:15,删除长低速记录,0.0,0.0,连续低于10 km/h的记录超过180条
2017-12-03 17:22:16,删除长低速记录,0.0,0.0,连续低于10 km/h的记录超过180条
2017-12-03 17:22:17,删除长低速记录,0.0,0.0,连续低于10 km/h的记录超过180条
2017-12-03 17:22:18,删除长低速记录,0.0,0.0,连续低于10 km/h的记录超过180条
2017-12-03 17:22:19,删除长低速记录,0.0,0.0,连续低于10 km/h的记录超过180条
2017-12-03 17:22:20,删除长低速记录,0.0,0.0,连续低于10 km/h的记录超过180条
2017-12-03 17:22:21,删除长低速记录,0.0,0.0,连续低于10 km/h的记录超过180条
2017-12-03 17:22:22,删除长低速记录,0.0,0.0,连续低于10 km/h的记录超过180条
2017-12-03 17:22:23,删除长低速记录,0.0,0.0,连续低于10 km/h的记录超过180条
2017-12-03 17:22:24,删除长低速记录,0.0,0.0,连续低于10 km/h的记录超过180条
2017-12-03 17:22:25,删除长低速记录,0.0,0.0,连续低于10 km/h的记录超过180条
2017-12-03 17:22:26,删除长低速记录,0.0,0.0,连续低于10 km/h的记录超过180条
2017-12-03 17:22:27,删除长低速记录,0.0,0.0,连续低于10 km/h的记录超过180条
2017-12-03 17:22:28,删除长低速记录,0.0,0.0,连续低于10 km/h的记录超过180条
2017-12-03 17:22:29,删除长低速记录,0.0,0.0,连续低于10 km/h的记录超过180条
2017-12-03 17:22:30,删除长低速记录,0.0,0.0,连续低于10 km/h的记录超过180条
2017-12-03 17:22:31,删除长低速记录,0.0,0.0,连续低于10 km/h的记录超过180条
2017-12-03 17:22:32,删除长低速记录,0.0,0.0,连续低于10 km/h的记录超过180条
2017-12-03 17:22:33,删除长低速记录,0.0,0.0,连续低于10 km/h的记录超过180条
2017-12-03 17:22:34,删除长低速记录,0.0,0.0,连续低于10 km/h的记录超过180条
2017-12-03 17:22:35,删除长低速记录,0.0,0.0,连续低于10 km/h的记录超过180条
2017-12-03 17:22:36,删除长低速记录,0.0,0.0,连续低于10 km/h的记录超过180条
2017-12-03 17:22:37,删除长低速记录,0.0,0.0,连续低于10 km/h的记录超过180条
2017-12-03 17:22:38,删除长低速记录,0.0,0.0,连续低于10 km/h的记录超过180条
2017-12-03 17:22:39,删除长低速记录,0.0,0.0,连续低于10 km/h的记录超过180条
2017-12-03 17:22:40,删除长低速记录,0.0,0.0,连续低于10 km/h的记录超过180条
2017-12-03 17:22:41,删除长低速记录,0.0,0.0,连续低于10 km/h的记录超过180条
2017-12-03 17:22:42,删除长低速记录,0.0,0.0,连续低于10 km/h的记录超过180条
2017-12-03 17:22:43,删除长低速记录,0.0,0.0,连续低于10 km/h的记录超过180条
2017-12-03 17:22:44,删除长低速记录,0.0,0.0,连续低于10 km/h的记录超过180条
2017-12-03 17:22:45,删除长低速记录,0.0,0.0,连续低于10 km/h的记录超过180条
2017-12-03 17:22:46,删除长低速记录,0.0,0.0,连续低于10 km/h的记录超过180条
2017-12-03 17:22:47,删除长低速记录,0.0,0.0,连续低于10 km/h的记录超过180条
2017-12-03 17:22:48,删除长低速记录,0.0,0.0,连续低于10 km/h的记录超过180条
2017-12-03 17:22:49,删除长低速记录,0.0,0.0,连续低于10 km/h的记录超过180条
2017-12-03 17:22:50,删除长低速记录,0.0,0.0,连续低于10 km/h的记录超过180条
2017-12-03 17:22:51,删除长低速记录,0.0,0.0,连续低于10 km/h的记录超过180条
2017-12-03 17:22:52,删除长低速记录,0.0,0.0,连续低于10 km/h的记录超过180条
2017-12-03 17:22:53,删除长低速记录,0.0,0.0,连续低于10 km/h的记录超过180条
2017-12-03 17:22:54,删除长低速记录,0.0,0.0,连续低于10 km/h的记录超过180条
2017-12-03 17:22:55,删除长低速记录,0.0,0.0,连续低于10 km/h的记录超过180条
2017-12-03 17:22:56,删除长低速记录,0.0,0.0,连续低于10 km/h的记录超过180条
2017-12-03 17:22:57,删除长低速记录,0.0,0.0,连续低于10 km/h的记录超过180条
2017-12-03 17:22:58,删除长低速记录,0.0,0.0,连续低于10 km/h的记录超过180条
2017-12-03 17:22:59,删除长低速记录,0.0,0.0,连续低于10 km/h的记录超过180条
2017-12-03 17:23:00,删除长低速记录,0.0,0.0,连续低于10 km/h的记录超过180条
2017-12-03 17:23:01,删除长低速记录,0.0,0.0,连续低于10 km/h的记录超过180条
2017-12-03 17:23:02,删除长低速记录,0.0,0.0,连续低于10 km/h的记录超过180条
2017-12-03 17:23:03,删除长低速记录,0.0,0.0,连续低于10 km/h的记录超过180条
2017-12-03 17:23:04,删除长低速记录,0.0,0.0,连续低于10 km/h的记录超过180条
2017-12-03 17:23:05,删除长低速记录,0.0,0.0,连续低于10 km/h的记录超过180条
2017-12-03 17:23:06,删除长低速记录,0.0,0.0,连续低于10 km/h的记录超过180条
2017-12-03 17:23:07,删除长低速记录,0.0,0.0,连续低于10 km/h的记录超过180条
2017-12-03 17:23:08,删除长低速记录,0.0,0.0,连续低于10 km/h的记录超过180条
2017-12-03 17:23:09,删除长低速记录,0.0,0.0,连续低于10 km/h的记录超过180条
2017-12-03 17:23:10,删除长低速记录,0.0,0.0,连续低于10 km/h的记录超过180条
2017-12-03 17:23:11,删除长低速记录,0.0,0.0,连续低于10 km/h的记录超过180条
2017-12-03 17:23:12,删除长低速记录,0.0,0.0,连续低于10 km/h的记录超过180条
2017-12-03 17:23:13,删除长低速记录,0.0,0.0,连续低于10 km/h的记录超过180条
2017-12-03 17:23:14,删除长低速记录,0.0,0.0,连续低于10 km/h的记录超过180条
2017-12-03 17:23:15,删除长低速记录,0.0,0.0,连续低于10 km/h的记录超过180条
2017-12-03 17:23:16,删除长低速记录,0.0,0.0,连续低于10 km/h的记录超过180条
2017-12-03 17:23:17,删除长低速记录,0.0,0.0,连续低于10 km/h的记录超过180条
2017-12-03 17:23:18,删除长低速记录,0.0,0.0,连续低于10 km/h的记录超过180条
2017-12-03 17:23:19,删除长低速记录,0.0,0.0,连续低于10 km/h的记录超过180条
2017-12-03 17:23:20,删除长低速记录,0.0,0.0,连续低于10 km/h的记录超过180条
2017-12-03 17:23:21,删除长低速记录,0.0,0.0,连续低于10 km/h的记录超过180条
2017-12-03 17:23:22,删除长低速记录,0.0,0.0,连续低于10 km/h的记录超过180条
2017-12-03 17:23:23,删除长低速记录,0.0,0.0,连续低于10 km/h的记录超过180条
2017-12-03 17:23:24,删除长低速记录,0.0,0.0,连续低于10 km/h的记录超过180条
2017-12-03 17:23:25,删除长低速记录,0.0,0.0,连续低于10 km/h的记录超过180条
2017-12-03 17:23:26,删除长低速记录,0.0,0.0,连续低于10 km/h的记录超过180条
2017-12-03 17:23:27,删除长低速记录,0.0,0.0,连续低于10 km/h的记录超过180条
2017-12-03 17:23:28,删除长低速记录,0.0,0.0,连续低于10 km/h的记录超过180条
2017-12-03 17:23:29,删除长低速记录,0.0,0.0,连续低于10 km/h的记录超过180条
2017-12-03 17:23:30,删除长低速记录,0.0,0.0,连续低于10 km/h的记录超过180条
2017-12-03 17:23:31,删除长低速记录,0.0,0.0,连续低于10 km/h的记录超过180条
2017-12-03 17:23:32,删除长低速记录,0.0,0.0,连续低于10 km/h的记录超过180条
2017-12-03 17:23:33,删除长低速记录,0.0,0.0,连续低于10 km/h的记录超过180条
2017-12-03 17:23:34,删除长低速记录,0.0,0.0,连续低于10 km/h的记录超过180条
2017-12-03 17:23:35,删除长低速记录,0.0,0.0,连续低于10 km/h的记录超过180条
2017-12-03 17:23:36,删除长低速记录,0.0,0.0,连续低于10 km/h的记录超过180条
2017-12-03 17:23:37,删除长低速记录,0.0,0.0,连续低于10 km/h的记录超过180条
2017-12-03 17:23:38,删除长低速记录,0.0,0.0,连续低于10 km/h的记录超过180条
2017-12-03 17:23:39,删除长低速记录,0.0,0.0,连续低于10 km/h的记录超过180条
2017-12-03 17:23:40,删除长低速记录,0.0,0.0,连续低于10 km/h的记录超过180条
2017-12-03 17:23:41,删除长低速记录,0.0,0.0,连续低于10 km/h的记录超过180条
2017-12-03 17:23:42,删除长低速记录,0.0,0.0,连续低于10 km/h的记录超过180条
2017-12-03 17:23:43,删除长低速记录,0.0,0.0,连续低于10 km/h的记录超过180条
2017-12-03 17:23:44,删除长低速记录,0.0,0.0,连续低于10 km/h的记录超过180条
2017-12-03 17:23:45,删除长低速记录,0.0,0.0,连续低于10 km/h的记录超过180条
2017-12-03 17:23:46,删除长低速记录,0.0,0.0,连续低于10 km/h的记录超过180条
2017-12-03 17:23:47,删除长低速记录,0.0,0.0,连续低于10 km/h的记录超过180条
2017-12-03 17:23:48,删除长低速记录,0.0,0.0,连续低于10 km/h的记录超过180条
2017-12-03 17:23:49,删除长低速记录,0.0,0.0,连续低于10 km/h的记录超过180条
2017-12-03 17:23:50,删除长低速记录,0.0,0.0,连续低于10 km/h的记录超过180条
2017-12-03 17:23:51,删除长低速记录,0.0,0.0,连续低于10 km/h的记录超过180条
2017-12-03 17:23:52,删除长低速记录,0.0,0.0,连续低于10 km/h的记录超过180条
2017-12-03 17:23:53,删除长低速记录,0.0,0.0,连续低于10 km/h的记录超过180条
2017-12-03 17:23:54,删除长低速记录,0.0,0.0,连续低于10 km/h的记录超过180条
2017-12-03 17:23:55,删除长低速记录,0.0,0.0,连续低于10 km/h的记录超过180条
2017-12-03 17:23:56,删除长低速记录,0.0,0.0,连续低于10 km/h的记录超过180条
2017-12-03 17:23:57,删除长低速记录,0.0,0.0,连续低于10 km/h的记录超过180条
2017-12-03 17:23:58,删除长低速记录,0.0,0.0,连续低于10 km/h的记录超过180条
2017-12-03 17:23:59,删除长低速记录,0.0,0.0,连续低于10 km/h的记录超过180条
2017-12-03 17:24:00,删除长低速记录,0.0,0.0,连续低于10 km/h的记录超过180条
2017-12-03 17:24:01,删除长低速记录,0.0,0.0,连续低于10 km/h的记录超过180条
2017-12-03 17:24:02,删除长低速记录,0.0,0.0,连续低于10 km/h的记录超过180条
2017-12-03 17:24:03,删除长低速记录,0.0,0.0,连续低于10 km/h的记录超过180条
2017-12-03 17:24:04,删除长低速记录,0.0,0.0,连续低于10 km/h的记录超过180条
2017-12-03 17:24:05,删除长低速记录,0.0,0.0,连续低于10 km/h的记录超过180条
2017-12-03 17:24:06,删除长低速记录,0.0,0.0,连续低于10 km/h的记录超过180条
2017-12-03 17:24:07,删除长低速记录,0.0,0.0,连续低于10 km/h的记录超过180条
2017-12-03 17:24:08,删除长低速记录,0.0,0.0,连续低于10 km/h的记录超过180条
2017-12-03 17:24:09,删除长低速记录,0.0,0.0,连续低于10 km/h的记录超过180条
2017-12-03 17:24:10,删除长低速记录,0.0,0.0,连续低于10 km/h的记录超过180条
2017-12-03 17:24:11,删除长低速记录,0.0,0.0,连续低于10 km/h的记录超过180条
2017-12-03 17:24:12,删除长低速记录,0.0,0.0,连续低于10 km/h的记录超过180条
2017-12-03 17:24:13,删除长低速记录,0.0,0.0,连续低于10 km/h的记录超过180条
2017-12-03 17:24:14,删除长低速记录,0.0,0.0,连续低于10 km/h的记录超过180条
2017-12-03 17:24:15,删除长低速记录,0.0,0.0,连续低于10 km/h的记录超过180条
2017-12-03 17:24:16,删除长低速记录,0.0,0.0,连续低于10 km/h的记录超过180条
2017-12-03 17:24:17,删除长低速记录,0.0,0.0,连续低于10 km/h的记录超过180条
2017-12-03 17:24:18,删除长低速记录,0.0,0.0,连续低于10 km/h的记录超过180条
2017-12-03 17:24:19,删除长低速记录,0.0,0.0,连续低于10 km/h的记录超过180条
2017-12-03 17:24:20,删除长低速记录,0.0,0.0,连续低于10 km/h的记录超过180条
2017-12-03 17:24:21,删除长低速记录,0.0,0.0,连续低于10 km/h的记录超过180条
2017-12-03 17:24:22,删除长低速记录,0.0,0.0,连续低于10 km/h的记录超过180条
2017-12-03 17:24:23,删除长低速记录,0.0,0.0,连续低于10 km/h的记录超过180条
2017-12-03 17:24:24,删除长低速记录,0.0,0.0,连续低于10 km/h的记录超过180条
2017-12-03 17:24:25,删除长低速记录,0.0,0.0,连续低于10 km/h的记录超过180条
2017-12-03 17:24:26,删除长低速记录,0.0,0.0,连续低于10 km/h的记录超过180条
2017-12-03 17:24:27,删除长低速记录,0.0,0.0,连续低于10 km/h的记录超过180条
2017-12-03 17:24:28,删除长低速记录,0.0,0.0,连续低于10 km/h的记录超过180条
2017-12-03 17:24:29,删除长低速记录,0.0,0.0,连续低于10 km/h的记录超过180条
2017-12-03 17:24:30,删除长低速记录,0.0,0.0,连续低于10 km/h的记录超过180条
2017-12-03 17:24:31,删除长低速记录,0.0,0.0,连续低于10 km/h的记录超过180条
2017-12-03 17:24:32,删除长低速记录,0.0,0.0,连续低于10 km/h的记录超过180条
2017-12-03 17:24:33,删除长低速记录,0.0,0.0,连续低于10 km/h的记录超过180条
2017-12-03 17:24:34,删除长低速记录,0.0,0.0,连续低于10 km/h的记录超过180条
2017-12-03 17:24:35,删除长低速记录,0.0,0.0,连续低于10 km/h的记录超过180条
2017-12-03 17:24:36,删除长低速记录,0.0,0.0,连续低于10 km/h的记录超过180条
2017-12-03 17:24:37,删除长低速记录,0.0,0.0,连续低于10 km/h的记录超过180条
2017-12-03 17:24:38,删除长低速记录,0.0,0.0,连续低于10 km/h的记录超过180条
2017-12-03 17:24:39,删除长低速记录,0.0,0.0,连续低于10 km/h的记录超过180条
2017-12-03 17:24:40,删除长低速记录,0.0,0.0,连续低于10 km/h的记录超过180条
2017-12-03 17:24:41,删除长低速记录,0.0,0.0,连续低于10 km/h的记录超过180条
2017-12-03 17:24:42,删除长低速记录,0.0,0.0,连续低于10 km/h的记录超过180条
2017-12-03 17:24:43,删除长低速记录,0.0,0.0,连续低于10 km/h的记录超过180条
2017-12-03 17:24:44,删除长低速记录,0.0,0.0,连续低于10 km/h的记录超过180条
2017-12-03 17:24:45,删除长低速记录,0.0,0.0,连续低于10 km/h的记录超过180条
2017-12-03 17:24:46,删除长低速记录,0.0,0.0,连续低于10 km/h的记录超过180条
2017-12-03 17:24:47,删除长低速记录,0.0,0.0,连续低于10 km/h的记录超过180条
2017-12-03 17:24:48,删除长低速记录,0.0,0.0,连续低于10 km/h的记录超过180条
2017-12-03 17:24:49,删除长低速记录,0.0,0.0,连续低于10 km/h的记录超过180条
2017-12-03 17:24:50,删除长低速记录,0.0,0.0,连续低于10 km/h的记录超过180条
2017-12-03 17:24:51,删除长低速记录,0.0,0.0,连续低于10 km/h的记录超过180条
2017-12-03 17:24:52,删除长低速记录,0.0,0.0,连续低于10 km/h的记录超过180条
2017-12-03 17:24:53,删除长低速记录,0.0,0.0,连续低于10 km/h的记录超过180条
2017-12-03 17:24:54,删除长低速记录,0.0,0.0,连续低于10 km/h的记录超过180条
2017-12-03 17:24:55,删除长低速记录,0.0,0.0,连续低于10 km/h的记录超过180条
2017-12-03 17:24:56,删除长低速记录,0.0,0.0,连续低于10 km/h的记录超过180条
2017-12-03 17:24:57,删除长低速记录,0.0,0.0,连续低于10 km/h的记录超过180条
2017-12-03 17:24:58,删除长低速记录,0.0,0.0,连续低于10 km/h的记录超过180条
2017-12-03 17:24:59,删除长低速记录,0.0,0.0,连续低于10 km/h的记录超过180条
2017-12-03 17:25:00,删除长低速记录,0.0,0.0,连续低于10 km/h的记录超过180条
2017-12-03 17:25:01,删除长低速记录,0.0,0.0,连续低于10 km/h的记录超过180条
2017-12-03 17:25:02,删除长低速记录,0.0,0.0,连续低于10 km/h的记录超过180条
2017-12-03 17:25:03,删除长低速记录,0.0,0.0,连续低于10 km/h的记录超过180条
2017-12-03 17:25:04,删除长低速记录,0.0,0.0,连续低于10 km/h的记录超过180条
2017-12-03 17:25:05,删除长低速记录,0.0,0.0,连续低于10 km/h的记录超过180条
2017-12-03 17:25:06,删除长低速记录,0.0,0.0,连续低于10 km/h的记录超过180条
2017-12-03 17:25:07,删除长低速记录,0.0,0.0,连续低于10 km/h的记录超过180条
2017-12-03 17:25:08,删除长低速记录,0.0,0.0,连续低于10 km/h的记录超过180条
2017-12-03 17:25:09,删除长低速记录,0.0,0.0,连续低于10 km/h的记录超过180条
2017-12-03 17:25:10,删除长低速记录,0.0,0.0,连续低于10 km/h的记录超过180条
2017-12-03 17:25:11,删除长低速记录,0.0,0.0,连续低于10 km/h的记录超过180条
2017-12-03 17:25:12,删除长低速记录,0.0,0.0,连续低于10 km/h的记录超过180条
2017-12-03 17:25:13,删除长低速记录,0.0,0.0,连续低于10 km/h的记录超过180条
2017-12-03 17:25:14,删除长低速记录,0.0,0.0,连续低于10 km/h的记录超过180条
2017-12-03 17:28:57,删除长低速记录,0.0,0.0,连续低于10 km/h的记录超过180条
2017-12-03 17:28:58,删除长低速记录,0.0,0.0,连续低于10 km/h的记录超过180条
2017-12-03 17:28:59,删除长低速记录,0.0,0.0,连续低于10 km/h的记录超过180条
2017-12-03 17:29:00,删除长低速记录,0.0,0.0,连续低于10 km/h的记录超过180条
2017-12-03 17:29:01,删除长低速记录,0.0,0.0,连续低于10 km/h的记录超过180条
2017-12-03 17:29:02,删除长低速记录,0.0,0.0,连续低于10 km/h的记录超过180条
2017-12-03 17:29:03,删除长低速记录,0.0,0.0,连续低于10 km/h的记录超过180条
2017-12-03 17:29:04,删除长低速记录,0.0,0.0,连续低于10 km/h的记录超过180条
2017-12-03 17:29:05,删除长低速记录,0.0,0.0,连续低于10 km/h的记录超过180条
2017-12-03 17:29:06,删除长低速记录,0.0,0.0,连续低于10 km/h的记录超过180条
2017-12-03 17:29:07,删除长低速记录,0.0,0.0,连续低于10 km/h的记录超过180条
2017-12-03 17:29:08,删除长低速记录,0.0,0.0,连续低于10 km/h的记录超过180条
2017-12-03 17:29:09,删除长低速记录,0.0,0.0,连续低于10 km/h的记录超过180条
2017-12-03 17:29:10,删除长低速记录,0.0,0.0,连续低于10 km/h的记录超过180条
2017-12-03 17:29:11,删除长低速记录,0.0,0.0,连续低于10 km/h的记录超过180条
2017-12-03 17:29:12,删除长低速记录,0.0,0.0,连续低于10 km/h的记录超过180条
2017-12-03 17:29:13,删除长低速记录,0.0,0.0,连续低于10 km/h的记录超过180条
2017-12-03 17:29:14,删除长低速记录,0.0,0.0,连续低于10 km/h的记录超过180条
2017-12-03 17:29:15,删除长低速记录,0.0,0.0,连续低于10 km/h的记录超过180条
2017-12-03 17:29:16,删除长低速记录,0.0,0.0,连续低于10 km/h的记录超过180条
2017-12-03 17:29:17,删除长低速记录,0.0,0.0,连续低于10 km/h的记录超过180条
2017-12-03 17:29:18,删除长低速记录,0.0,0.0,连续低于10 km/h的记录超过180条
2017-12-03 17:29:19,删除长低速记录,0.0,0.0,连续低于10 km/h的记录超过180条
2017-12-03 17:29:20,删除长低速记录,0.0,0.0,连续低于10 km/h的记录超过180条
2017-12-03 17:29:21,删除长低速记录,0.0,0.0,连续低于10 km/h的记录超过180条
2017-12-03 17:29:22,删除长低速记录,0.0,0.0,连续低于10 km/h的记录超过180条
2017-12-03 17:29:23,删除长低速记录,0.0,0.0,连续低于10 km/h的记录超过180条
2017-12-03 17:29:24,删除长低速记录,0.0,0.0,连续低于10 km/h的记录超过180条
2017-12-03 17:29:25,删除长低速记录,0.0,0.0,连续低于10 km/h的记录超过180条
2017-12-03 17:29:26,删除长低速记录,0.0,0.0,连续低于10 km/h的记录超过180条
2017-12-03 17:29:27,删除长低速记录,0.0,0.0,连续低于10 km/h的记录超过180条
2017-12-03 17:29:28,删除长低速记录,0.0,0.0,连续低于10 km/h的记录超过180条
2017-12-03 17:29:29,删除长低速记录,0.0,0.0,连续低于10 km/h的记录超过180条
2017-12-03 17:29:30,删除长低速记录,0.0,0.0,连续低于10 km/h的记录超过180条
2017-12-03 17:29:31,删除长低速记录,0.0,0.0,连续低于10 km/h的记录超过180条
2017-12-03 17:29:32,删除长低速记录,0.0,0.0,连续低于10 km/h的记录超过180条
2017-12-03 17:29:33,删除长低速记录,0.0,0.0,连续低于10 km/h的记录超过180条
2017-12-03 17:29:34,删除长低速记录,0.0,0.0,连续低于10 km/h的记录超过180条
2017-12-03 17:29:35,删除长低速记录,0.0,0.0,连续低于10 km/h的记录超过180条
2017-12-03 17:29:36,删除长低速记录,0.0,0.0,连续低于10 km/h的记录超过180条
2017-12-03 17:29:37,删除长低速记录,0.0,0.0,连续低于10 km/h的记录超过180条
2017-12-03 17:29:38,删除长低速记录,0.0,0.0,连续低于10 km/h的记录超过180条
2017-12-03 17:29:39,删除长低速记录,0.0,0.0,连续低于10 km/h的记录超过180条
2017-12-03 17:29:40,删除长低速记录,0.0,0.0,连续低于10 km/h的记录超过180条
2017-12-03 17:29:41,删除长低速记录,0.0,0.0,连续低于10 km/h的记录超过180条
2017-12-03 17:29:42,删除长低速记录,0.0,0.0,连续低于10 km/h的记录超过180条
2017-12-03 17:29:43,删除长低速记录,0.0,0.0,连续低于10 km/h的记录超过180条
2017-12-03 17:29:44,删除长低速记录,0.0,0.0,连续低于10 km/h的记录超过180条
2017-12-03 17:29:45,删除长低速记录,0.0,0.0,连续低于10 km/h的记录超过180条
2017-12-03 17:29:46,删除长低速记录,0.0,0.0,连续低于10 km/h的记录超过180条
2017-12-03 17:29:47,删除长低速记录,0.0,0.0,连续低于10 km/h的记录超过180条
2017-12-03 17:29:48,删除长低速记录,0.0,0.0,连续低于10 km/h的记录超过180条
2017-12-03 17:29:49,删除长低速记录,0.0,0.0,连续低于10 km/h的记录超过180条
2017-12-03 17:29:50,删除长低速记录,0.0,0.0,连续低于10 km/h的记录超过180条
2017-12-03 17:29:51,删除长低速记录,0.0,0.0,连续低于10 km/h的记录超过180条
2017-12-03 17:29:52,删除长低速记录,0.0,0.0,连续低于10 km/h的记录超过180条
2017-12-03 17:29:53,删除长低速记录,0.0,0.0,连续低于10 km/h的记录超过180条
2017-12-03 17:29:54,删除长低速记录,0.0,0.0,连续低于10 km/h的记录超过180条
2017-12-03 17:29:55,删除长低速记录,0.0,0.0,连续低于10 km/h的记录超过180条
2017-12-03 17:29:56,删除长低速记录,0.0,0.0,连续低于10 km/h的记录超过180条
2017-12-03 17:29:57,删除长低速记录,0.0,0.0,连续低于10 km/h的记录超过180条
2017-12-03 17:29:58,删除长低速记录,0.0,0.0,连续低于10 km/h的记录超过180条
2017-12-03 17:29:59,删除长低速记录,0.0,0.0,连续低于10 km/h的记录超过180条
2017-12-03 17:30:00,删除长低速记录,0.0,0.0,连续低于10 km/h的记录超过180条
2017-12-03 17:30:01,删除长低速记录,0.0,0.0,连续低于10 km/h的记录超过180条
2017-12-03 17:30:02,删除长低速记录,0.0,0.0,连续低于10 km/h的记录超过180条
2017-12-03 17:30:03,删除长低速记录,0.0,0.0,连续低于10 km/h的记录超过180条
2017-12-03 17:30:04,删除长低速记录,0.0,0.0,连续低于10 km/h的记录超过180条
2017-12-03 17:30:05,删除长低速记录,0.0,0.0,连续低于10 km/h的记录超过180条
2017-12-03 17:30:06,删除长低速记录,0.0,0.0,连续低于10 km/h的记录超过180条
2017-12-03 17:30:07,删除长低速记录,0.0,0.0,连续低于10 km/h的记录超过180条
2017-12-03 17:30:08,删除长低速记录,0.0,0.0,连续低于10 km/h的记录超过180条
2017-12-03 17:30:09,删除长低速记录,0.0,0.0,连续低于10 km/h的记录超过180条
2017-12-03 17:30:10,删除长低速记录,0.0,0.0,连续低于10 km/h的记录超过180条
2017-12-03 17:30:11,删除长低速记录,0.0,0.0,连续低于10 km/h的记录超过180条
2017-12-03 17:30:12,删除长低速记录,0.0,0.0,连续低于10 km/h的记录超过180条
2017-12-03 17:30:13,删除长低速记录,0.0,0.0,连续低于10 km/h的记录超过180条
2017-12-03 17:30:14,删除长低速记录,0.0,0.0,连续低于10 km/h的记录超过180条
2017-12-03 17:30:15,删除长低速记录,0.0,0.0,连续低于10 km/h的记录超过180条
2017-12-03 17:30:16,删除长低速记录,0.0,0.0,连续低于10 km/h的记录超过180条
2017-12-03 17:30:17,删除长低速记录,0.0,0.0,连续低于10 km/h的记录超过180条
2017-12-03 17:30:18,删除长低速记录,0.0,0.0,连续低于10 km/h的记录超过180条
2017-12-03 17:30:19,删除长低速记录,0.0,0.0,连续低于10 km/h的记录超过180条
2017-12-03 17:30:20,删除长低速记录,0.0,0.0,连续低于10 km/h的记录超过180条
2017-12-03 17:30:21,删除长低速记录,0.0,0.0,连续低于10 km/h的记录超过180条
2017-12-03 17:30:22,删除长低速记录,0.0,0.0,连续低于10 km/h的记录超过180条
2017-12-03 17:30:23,删除长低速记录,0.0,0.0,连续低于10 km/h的记录超过180条
2017-12-03 17:30:24,删除长低速记录,0.0,0.0,连续低于10 km/h的记录超过180条
2017-12-03 17:30:25,删除长低速记录,0.0,0.0,连续低于10 km/h的记录超过180条
2017-12-03 17:30:26,删除长低速记录,0.0,0.0,连续低于10 km/h的记录超过180条
2017-12-03 17:30:27,删除长低速记录,0.0,0.0,连续低于10 km/h的记录超过180条
2017-12-03 17:30:28,删除长低速记录,0.0,0.0,连续低于10 km/h的记录超过180条
2017-12-03 17:30:29,删除长低速记录,0.0,0.0,连续低于10 km/h的记录超过180条
2017-12-03 17:30:30,删除长低速记录,0.0,0.0,连续低于10 km/h的记录超过180条
2017-12-03 17:30:31,删除长低速记录,0.0,0.0,连续低于10 km/h的记录超过180条
2017-12-03 17:30:32,删除长低速记录,0.0,0.0,连续低于10 km/h的记录超过180条
2017-12-03 17:30:33,删除长低速记录,0.0,0.0,连续低于10 km/h的记录超过180条
2017-12-03 17:30:34,删除长低速记录,0.0,0.0,连续低于10 km/h的记录超过180条
2017-12-03 17:30:35,删除长低速记录,0.0,0.0,连续低于10 km/h的记录超过180条
2017-12-03 17:30:36,删除长低速记录,0.0,0.0,连续低于10 km/h的记录超过180条
2017-12-03 17:30:37,删除长低速记录,0.0,0.0,连续低于10 km/h的记录超过180条
2017-12-03 17:30:38,删除长低速记录,0.0,0.0,连续低于10 km/h的记录超过180条
2017-12-03 17:30:39,删除长低速记录,0.0,0.0,连续低于10 km/h的记录超过180条
2017-12-03 17:30:40,删除长低速记录,0.0,0.0,连续低于10 km/h的记录超过180条
2017-12-03 17:30:41,删除长低速记录,0.0,0.0,连续低于10 km/h的记录超过180条
2017-12-03 17:30:42,删除长低速记录,0.0,0.0,连续低于10 km/h的记录超过180条
2017-12-03 17:30:43,删除长低速记录,0.0,0.0,连续低于10 km/h的记录超过180条
2017-12-03 17:30:44,删除长低速记录,0.0,0.0,连续低于10 km/h的记录超过180条
2017-12-03 17:30:45,删除长低速记录,0.0,0.0,连续低于10 km/h的记录超过180条
2017-12-03 17:30:46,删除长低速记录,0.0,0.0,连续低于10 km/h的记录超过180条
2017-12-03 17:30:47,删除长低速记录,0.0,0.0,连续低于10 km/h的记录超过180条
2017-12-03 17:30:48,删除长低速记录,0.0,0.0,连续低于10 km/h的记录超过180条
2017-12-03 17:30:49,删除长低速记录,0.0,0.0,连续低于10 km/h的记录超过180条
2017-12-03 17:30:50,删除长低速记录,0.0,0.0,连续低于10 km/h的记录超过180条
2017-12-03 17:30:51,删除长低速记录,0.0,0.0,连续低于10 km/h的记录超过180条
2017-12-03 17:30:52,删除长低速记录,0.0,0.0,连续低于10 km/h的记录超过180条
2017-12-03 17:30:53,删除长低速记录,0.0,0.0,连续低于10 km/h的记录超过180条
2017-12-03 17:30:54,删除长低速记录,0.0,0.0,连续低于10 km/h的记录超过180条
2017-12-03 17:30:55,删除长低速记录,0.0,0.0,连续低于10 km/h的记录超过180条
2017-12-03 17:30:56,删除长低速记录,0.0,0.0,连续低于10 km/h的记录超过180条
2017-12-03 17:30:57,删除长低速记录,0.0,0.0,连续低于10 km/h的记录超过180条
2017-12-03 17:30:58,删除长低速记录,0.0,0.0,连续低于10 km/h的记录超过180条
2017-12-03 17:30:59,删除长低速记录,0.0,0.0,连续低于10 km/h的记录超过180条
2017-12-03 17:31:00,删除长低速记录,0.0,0.0,连续低于10 km/h的记录超过180条
2017-12-03 17:31:01,删除长低速记录,0.0,0.0,连续低于10 km/h的记录超过180条
2017-12-03 17:31:02,删除长低速记录,0.0,0.0,连续低于10 km/h的记录超过180条
2017-12-03 17:31:03,删除长低速记录,0.0,0.0,连续低于10 km/h的记录超过180条
2017-12-03 17:31:04,删除长低速记录,0.0,0.0,连续低于10 km/h的记录超过180条
2017-12-03 17:31:05,删除长低速记录,0.0,0.0,连续低于10 km/h的记录超过180条
2017-12-03 17:31:06,删除长低速记录,0.0,0.0,连续低于10 km/h的记录超过180条
2017-12-03 17:31:07,删除长低速记录,0.0,0.0,连续低于10 km/h的记录超过180条
2017-12-03 17:31:08,删除长低速记录,0.0,0.0,连续低于10 km/h的记录超过180条
2017-12-03 17:31:09,删除长低速记录,0.0,0.0,连续低于10 km/h的记录超过180条
2017-12-03 17:31:10,删除长低速记录,0.0,0.0,连续低于10 km/h的记录超过180条
2017-12-03 17:31:11,删除长低速记录,0.0,0.0,连续低于10 km/h的记录超过180条
2017-12-03 17:31:12,删除长低速记录,0.0,0.0,连续低于10 km/h的记录超过180条
2017-12-03 17:31:13,删除长低速记录,0.0,0.0,连续低于10 km/h的记录超过180条
2017-12-03 17:31:14,删除长低速记录,0.0,0.0,连续低于10 km/h的记录超过180条
2017-12-03 17:31:15,删除长低速记录,0.0,0.0,连续低于10 km/h的记录超过180条
2017-12-03 17:31:16,删除长低速记录,0.0,0.0,连续低于10 km/h的记录超过180条
2017-12-03 17:31:17,删除长低速记录,0.0,0.0,连续低于10 km/h的记录超过180条
2017-12-03 17:31:18,删除长低速记录,0.0,0.0,连续低于10 km/h的记录超过180条
2017-12-03 17:31:19,删除长低速记录,0.0,0.0,连续低于10 km/h的记录超过180条
2017-12-03 17:31:20,删除长低速记录,0.0,0.0,连续低于10 km/h的记录超过180条
2017-12-03 17:31:21,删除长低速记录,0.0,0.0,连续低于10 km/h的记录超过180条
2017-12-03 17:31:22,删除长低速记录,0.0,0.0,连续低于10 km/h的记录超过180条
2017-12-03 17:31:23,删除长低速记录,0.0,0.0,连续低于10 km/h的记录超过180条
2017-12-03 17:31:24,删除长低速记录,0.0,0.0,连续低于10 km/h的记录超过180条
2017-12-03 17:31:25,删除长低速记录,0.0,0.0,连续低于10 km/h的记录超过180条
2017-12-03 17:31:26,删除长低速记录,0.0,0.0,连续低于10 km/h的记录超过180条
2017-12-03 17:31:27,删除长低速记录,0.0,0.0,连续低于10 km/h的记录超过180条
2017-12-03 17:31:28,删除长低速记录,0.0,0.0,连续低于10 km/h的记录超过180条
2017-12-03 17:31:29,删除长低速记录,0.0,0.0,连续低于10 km/h的记录超过180条
2017-12-03 17:31:30,删除长低速记录,0.0,0.0,连续低于10 km/h的记录超过180条
2017-12-03 17:31:31,删除长低速记录,0.0,0.0,连续低于10 km/h的记录超过180条
2017-12-03 17:31:32,删除长低速记录,0.0,0.0,连续低于10 km/h的记录超过180条
2017-12-03 17:31:33,删除长低速记录,0.0,0.0,连续低于10 km/h的记录超过180条
2017-12-03 17:31:34,删除长低速记录,0.0,0.0,连续低于10 km/h的记录超过180条
2017-12-03 17:31:35,删除长低速记录,0.0,0.0,连续低于10 km/h的记录超过180条
2017-12-03 17:31:36,删除长低速记录,0.0,0.0,连续低于10 km/h的记录超过180条
2017-12-03 17:31:37,删除长低速记录,0.0,0.0,连续低于10 km/h的记录超过180条
2017-12-03 17:31:38,删除长低速记录,0.0,0.0,连续低于10 km/h的记录超过180条
2017-12-03 17:31:39,删除长低速记录,0.0,0.0,连续低于10 km/h的记录超过180条
2017-12-03 17:31:40,删除长低速记录,0.0,0.0,连续低于10 km/h的记录超过180条
2017-12-03 17:31:41,删除长低速记录,0.0,0.0,连续低于10 km/h的记录超过180条
2017-12-03 17:31:42,删除长低速记录,0.0,0.0,连续低于10 km/h的记录超过180条
2017-12-03 17:31:43,删除长低速记录,0.0,0.0,连续低于10 km/h的记录超过180条
2017-12-03 17:31:44,删除长低速记录,0.0,0.0,连续低于10 km/h的记录超过180条
2017-12-03 17:31:45,删除长低速记录,0.0,0.0,连续低于10 km/h的记录超过180条
2017-12-03 17:31:46,删除长低速记录,0.0,0.0,连续低于10 km/h的记录超过180条
2017-12-03 17:31:47,删除长低速记录,0.0,0.0,连续低于10 km/h的记录超过180条
2017-12-03 17:31:48,删除长低速记录,0.0,0.0,连续低于10 km/h的记录超过180条
2017-12-03 17:31:49,删除长低速记录,0.0,0.0,连续低于10 km/h的记录超过180条
2017-12-03 17:31:50,删除长低速记录,0.0,0.0,连续低于10 km/h的记录超过180条
2017-12-03 17:31:51,删除长低速记录,0.0,0.0,连续低于10 km/h的记录超过180条
2017-12-03 17:31:52,删除长低速记录,0.0,0.0,连续低于10 km/h的记录超过180条
2017-12-03 17:31:53,删除长低速记录,0.0,0.0,连续低于10 km/h的记录超过180条
2017-12-03 17:31:54,删除长低速记录,0.0,0.0,连续低于10 km/h的记录超过180条
2017-12-03 17:31:55,删除长低速记录,0.0,0.0,连续低于10 km/h的记录超过180条
2017-12-03 17:31:56,删除长低速记录,0.0,0.0,连续低于10 km/h的记录超过180条
2017-12-03 17:31:57,删除长低速记录,0.0,0.0,连续低于10 km/h的记录超过180条
2017-12-03 17:31:58,删除长低速记录,0.0,0.0,连续低于10 km/h的记录超过180条
2017-12-03 17:31:59,删除长低速记录,0.0,0.0,连续低于10 km/h的记录超过180条
2017-12-03 17:32:00,删除长低速记录,0.0,0.0,连续低于10 km/h的记录超过180条
2017-12-03 17:32:01,删除长低速记录,0.0,0.0,连续低于10 km/h的记录超过180条
2017-12-03 17:32:02,删除长低速记录,0.0,0.0,连续低于10 km/h的记录超过180条
2017-12-03 17:32:03,删除长低速记录,0.0,0.0,连续低于10 km/h的记录超过180条
2017-12-03 17:32:04,删除长低速记录,0.0,0.0,连续低于10 km/h的记录超过180条
2017-12-03 17:32:05,删除长低速记录,0.0,0.0,连续低于10 km/h的记录超过180条
2017-12-03 17:32:06,删除长低速记录,0.0,0.0,连续低于10 km/h的记录超过180条
2017-12-03 17:32:07,删除长低速记录,0.0,0.0,连续低于10 km/h的记录超过180条
2017-12-03 17:32:08,删除长低速记录,0.0,0.0,连续低于10 km/h的记录超过180条
2017-12-03 17:32:09,删除长低速记录,0.0,0.0,连续低于10 km/h的记录超过180条
2017-12-03 17:32:10,删除长低速记录,0.0,0.0,连续低于10 km/h的记录超过180条
2017-12-03 17:32:11,删除长低速记录,0.0,0.0,连续低于10 km/h的记录超过180条
2017-12-03 17:32:12,删除长低速记录,0.0,0.0,连续低于10 km/h的记录超过180条
2017-12-03 17:32:13,删除长低速记录,0.0,0.0,连续低于10 km/h的记录超过180条
2017-12-03 17:32:14,删除长低速记录,0.0,0.0,连续低于10 km/h的记录超过180条
2017-12-03 17:32:15,删除长低速记录,0.0,0.0,连续低于10 km/h的记录超过180条
2017-12-03 17:32:16,删除长低速记录,0.0,0.0,连续低于10 km/h的记录超过180条
2017-12-03 17:32:17,删除长低速记录,0.0,0.0,连续低于10 km/h的记录超过180条
2017-12-03 17:32:18,删除长低速记录,0.0,0.0,连续低于10 km/h的记录超过180条
2017-12-03 17:32:19,删除长低速记录,0.0,0.0,连续低于10 km/h的记录超过180条
2017-12-03 17:32:20,删除长低速记录,0.0,0.0,连续低于10 km/h的记录超过180条
2017-12-03 17:32:21,删除长低速记录,0.0,0.0,连续低于10 km/h的记录超过180条
2017-12-03 17:32:22,删除长低速记录,0.0,0.0,连续低于10 km/h的记录超过180条
2017-12-03 17:32:23,删除长低速记录,0.0,0.0,连续低于10 km/h的记录超过180条
2017-12-03 17:32:24,删除长低速记录,0.0,0.0,连续低于10 km/h的记录超过180条
2017-12-03 17:32:25,删除长低速记录,0.0,0.0,连续低于10 km/h的记录超过180条
2017-12-03 17:32:26,删除长低速记录,0.0,0.0,连续低于10 km/h的记录超过180条
2017-12-03 17:32:27,删除长低速记录,0.0,0.0,连续低于10 km/h的记录超过180条
2017-12-03 17:32:28,删除长低速记录,0.0,0.0,连续低于10 km/h的记录超过180条
2017-12-03 17:32:29,删除长低速记录,0.0,0.0,连续低于10 km/h的记录超过180条
2017-12-03 17:32:30,删除长低速记录,0.0,0.0,连续低于10 km/h的记录超过180条
2017-12-03 17:32:31,删除长低速记录,0.0,0.0,连续低于10 km/h的记录超过180条
2017-12-03 17:32:32,删除长低速记录,0.0,0.0,连续低于10 km/h的记录超过180条
2017-12-03 17:32:33,删除长低速记录,0.0,0.0,连续低于10 km/h的记录超过180条
2017-12-03 17:32:34,删除长低速记录,0.0,0.0,连续低于10 km/h的记录超过180条
2017-12-03 17:32:35,删除长低速记录,0.0,0.0,连续低于10 km/h的记录超过180条
2017-12-03 17:32:36,删除长低速记录,0.0,0.0,连续低于10 km/h的记录超过180条
2017-12-03 17:32:37,删除长低速记录,0.0,0.0,连续低于10 km/h的记录超过180条
2017-12-03 17:32:38,删除长低速记录,0.0,0.0,连续低于10 km/h的记录超过180条
2017-12-03 17:32:39,删除长低速记录,0.0,0.0,连续低于10 km/h的记录超过180条
2017-12-03 17:32:40,删除长低速记录,0.0,0.0,连续低于10 km/h的记录超过180条
2017-12-03 17:32:41,删除长低速记录,0.0,0.0,连续低于10 km/h的记录超过180条
2017-12-03 17:32:42,删除长低速记录,0.0,0.0,连续低于10 km/h的记录超过180条
2017-12-03 17:32:43,删除长低速记录,0.0,0.0,连续低于10 km/h的记录超过180条
2017-12-03 17:32:44,删除长低速记录,0.0,0.0,连续低于10 km/h的记录超过180条
2017-12-03 17:32:45,删除长低速记录,0.0,0.0,连续低于10 km/h的记录超过180条
2017-12-03 17:32:46,删除长低速记录,0.0,0.0,连续低于10 km/h的记录超过180条
2017-12-03 17:32:47,删除长低速记录,0.0,0.0,连续低于10 km/h的记录超过180条
2017-12-03 17:32:48,删除长低速记录,0.0,0.0,连续低于10 km/h的记录超过180条
2017-12-03 17:32:49,删除长低速记录,0.0,0.0,连续低于10 km/h的记录超过180条
2017-12-03 17:32:50,删除长低速记录,0.0,0.0,连续低于10 km/h的记录超过180条
2017-12-03 17:32:51,删除长低速记录,0.0,0.0,连续低于10 km/h的记录超过180条
2017-12-03 17:32:52,删除长低速记录,0.0,0.0,连续低于10 km/h的记录超过180条
2017-12-03 17:32:53,删除长低速记录,0.0,0.0,连续低于10 km/h的记录超过180条
2017-12-03 17:32:54,删除长低速记录,0.0,0.0,连续低于10 km/h的记录超过180条
2017-12-03 17:32:55,删除长低速记录,0.0,0.0,连续低于10 km/h的记录超过180条
2017-12-03 17:32:56,删除长低速记录,0.0,0.0,连续低于10 km/h的记录超过180条
2017-12-03 17:32:57,删除长低速记录,0.0,0.0,连续低于10 km/h的记录超过180条
2017-12-03 17:32:58,删除长低速记录,0.0,0.0,连续低于10 km/h的记录超过180条
2017-12-03 17:32:59,删除长低速记录,0.0,0.0,连续低于10 km/h的记录超过180条
2017-12-03 17:33:00,删除长低速记录,0.0,0.0,连续低于10 km/h的记录超过180条
2017-12-03 17:33:01,删除长低速记录,0.0,0.0,连续低于10 km/h的记录超过180条
2017-12-03 17:33:02,删除长低速记录,0.0,0.0,连续低于10 km/h的记录超过180条
2017-12-03 17:33:03,删除长低速记录,0.0,0.0,连续低于10 km/h的记录超过180条
2017-12-03 17:33:04,删除长低速记录,0.0,0.0,连续低于10 km/h的记录超过180条
2017-12-03 17:33:05,删除长低速记录,0.0,0.0,连续低于10 km/h的记录超过180条
2017-12-03 17:33:06,删除长低速记录,0.0,0.0,连续低于10 km/h的记录超过180条
2017-12-03 17:33:07,删除长低速记录,0.0,0.0,连续低于10 km/h的记录超过180条
2017-12-03 17:33:08,删除长低速记录,0.0,0.0,连续低于10 km/h的记录超过180条
2017-12-03 17:33:09,删除长低速记录,0.0,0.0,连续低于10 km/h的记录超过180条
2017-12-03 17:33:10,删除长低速记录,0.0,0.0,连续低于10 km/h的记录超过180条
2017-12-03 17:33:11,删除长低速记录,0.0,0.0,连续低于10 km/h的记录超过180条
2017-12-03 17:33:12,删除长低速记录,0.0,0.0,连续低于10 km/h的记录超过180条
2017-12-03 17:33:13,删除长低速记录,0.0,0.0,连续低于10 km/h的记录超过180条
2017-12-03 17:33:14,删除长低速记录,0.0,0.0,连续低于10 km/h的记录超过180条
2017-12-03 17:33:15,删除长低速记录,0.0,0.0,连续低于10 km/h的记录超过180条
2017-12-03 17:33:16,删除长低速记录,0.0,0.0,连续低于10 km/h的记录超过180条
2017-12-03 17:33:17,删除长低速记录,0.0,0.0,连续低于10 km/h的记录超过180条
2017-12-03 17:33:18,删除长低速记录,0.0,0.0,连续低于10 km/h的记录超过180条
2017-12-03 17:33:19,删除长低速记录,0.0,0.0,连续低于10 km/h的记录超过180条
2017-12-03 17:33:20,删除长低速记录,0.0,0.0,连续低于10 km/h的记录超过180条
2017-12-03 17:33:21,删除长低速记录,0.0,0.0,连续低于10 km/h的记录超过180条
2017-12-03 17:33:22,删除长低速记录,0.0,0.0,连续低于10 km/h的记录超过180条
2017-12-03 17:33:23,删除长低速记录,0.0,0.0,连续低于10 km/h的记录超过180条
2017-12-03 17:33:24,删除长低速记录,0.0,0.0,连续低于10 km/h的记录超过180条
2017-12-03 17:33:25,删除长低速记录,0.0,0.0,连续低于10 km/h的记录超过180条
2017-12-03 17:33:26,删除长低速记录,0.0,0.0,连续低于10 km/h的记录超过180条
2017-12-03 17:33:27,删除长低速记录,0.0,0.0,连续低于10 km/h的记录超过180条
2017-12-03 17:33:28,删除长低速记录,0.0,0.0,连续低于10 km/h的记录超过180条
2017-12-03 17:33:29,删除长低速记录,0.0,0.0,连续低于10 km/h的记录超过180条
2017-12-03 17:33:30,删除长低速记录,0.0,0.0,连续低于10 km/h的记录超过180条
2017-12-03 17:33:31,删除长低速记录,0.0,0.0,连续低于10 km/h的记录超过180条
2017-12-03 17:33:32,删除长低速记录,0.0,0.0,连续低于10 km/h的记录超过180条
2017-12-03 17:33:33,删除长低速记录,0.0,0.0,连续低于10 km/h的记录超过180条
2017-12-03 17:33:34,删除长低速记录,0.0,0.0,连续低于10 km/h的记录超过180条
2017-12-03 17:33:35,删除长低速记录,0.0,0.0,连续低于10 km/h的记录超过180条
2017-12-03 17:33:36,删除长低速记录,0.0,0.0,连续低于10 km/h的记录超过180条
2017-12-03 17:33:37,删除长低速记录,0.0,0.0,连续低于10 km/h的记录超过180条
2017-12-03 17:33:38,删除长低速记录,0.0,0.0,连续低于10 km/h的记录超过180条
2017-12-03 17:33:39,删除长低速记录,0.0,0.0,连续低于10 km/h的记录超过180条
2017-12-03 17:33:40,删除长低速记录,0.0,0.0,连续低于10 km/h的记录超过180条
2017-12-03 17:33:41,删除长低速记录,0.0,0.0,连续低于10 km/h的记录超过180条
2017-12-03 17:33:42,删除长低速记录,0.0,0.0,连续低于10 km/h的记录超过180条
2017-12-03 17:33:43,删除长低速记录,0.0,0.0,连续低于10 km/h的记录超过180条
2017-12-03 17:33:44,删除长低速记录,0.0,0.0,连续低于10 km/h的记录超过180条
2017-12-03 17:33:45,删除长低速记录,0.0,0.0,连续低于10 km/h的记录超过180条
2017-12-03 17:33:46,删除长低速记录,0.0,0.0,连续低于10 km/h的记录超过180条
2017-12-03 17:33:47,删除长低速记录,0.0,0.0,连续低于10 km/h的记录超过180条
2017-12-03 17:33:48,删除长低速记录,0.0,0.0,连续低于10 km/h的记录超过180条
2017-12-03 17:33:49,删除长低速记录,0.0,0.0,连续低于10 km/h的记录超过180条
2017-12-03 17:33:50,删除长低速记录,0.0,0.0,连续低于10 km/h的记录超过180条
2017-12-03 17:33:51,删除长低速记录,0.0,0.0,连续低于10 km/h的记录超过180条
2017-12-03 17:33:52,删除长低速记录,0.0,0.0,连续低于10 km/h的记录超过180条
2017-12-03 17:33:53,删除长低速记录,0.0,0.0,连续低于10 km/h的记录超过180条
2017-12-03 17:33:54,删除长低速记录,0.0,0.0,连续低于10 km/h的记录超过180条
2017-12-03 17:33:55,删除长低速记录,0.0,0.0,连续低于10 km/h的记录超过180条
2017-12-03 17:33:56,删除长低速记录,0.0,0.0,连续低于10 km/h的记录超过180条
2017-12-03 17:33:57,删除长低速记录,0.0,0.0,连续低于10 km/h的记录超过180条
2017-12-03 17:33:58,删除长低速记录,0.0,0.0,连续低于10 km/h的记录超过180条
2017-12-03 17:33:59,删除长低速记录,0.0,0.0,连续低于10 km/h的记录超过180条
2017-12-03 17:34:00,删除长低速记录,0.0,0.0,连续低于10 km/h的记录超过180条
2017-12-03 17:34:01,删除长低速记录,0.0,0.0,连续低于10 km/h的记录超过180条
2017-12-03 17:34:02,删除长低速记录,0.0,0.0,连续低于10 km/h的记录超过180条
2017-12-03 17:34:03,删除长低速记录,0.0,0.0,连续低于10 km/h的记录超过180条
2017-12-03 17:34:04,删除长低速记录,0.0,0.0,连续低于10 km/h的记录超过180条
2017-12-03 17:34:05,删除长低速记录,0.0,0.0,连续低于10 km/h的记录超过180条
2017-12-03 17:34:06,删除长低速记录,0.0,0.0,连续低于10 km/h的记录超过180条
2017-12-03 17:34:07,删除长低速记录,0.0,0.0,连续低于10 km/h的记录超过180条
2017-12-03 17:34:08,删除长低速记录,0.0,0.0,连续低于10 km/h的记录超过180条
2017-12-03 17:34:09,删除长低速记录,0.0,0.0,连续低于10 km/h的记录超过180条
2017-12-03 17:34:10,删除长低速记录,0.0,0.0,连续低于10 km/h的记录超过180条
2017-12-03 17:34:11,删除长低速记录,0.0,0.0,连续低于10 km/h的记录超过180条
2017-12-03 17:34:12,删除长低速记录,0.0,0.0,连续低于10 km/h的记录超过180条
2017-12-03 17:34:13,删除长低速记录,0.0,0.0,连续低于10 km/h的记录超过180条
2017-12-03 17:34:14,删除长低速记录,0.0,0.0,连续低于10 km/h的记录超过180条
2017-12-03 17:34:15,删除长低速记录,0.0,0.0,连续低于10 km/h的记录超过180条
2017-12-03 17:34:16,删除长低速记录,0.0,0.0,连续低于10 km/h的记录超过180条
2017-12-03 17:34:17,删除长低速记录,0.0,0.0,连续低于10 km/h的记录超过180条
2017-12-03 17:34:18,删除长低速记录,0.0,0.0,连续低于10 km/h的记录超过180条
2017-12-03 17:34:19,删除长低速记录,0.0,0.0,连续低于10 km/h的记录超过180条
2017-12-03 17:34:20,删除长低速记录,0.0,0.0,连续低于10 km/h的记录超过180条
2017-12-03 17:34:21,删除长低速记录,0.0,0.0,连续低于10 km/h的记录超过180条
2017-12-03 17:34:22,删除长低速记录,0.0,0.0,连续低于10 km/h的记录超过180条
2017-12-03 17:34:23,删除长低速记录,0.0,0.0,连续低于10 km/h的记录超过180条
2017-12-03 17:34:24,删除长低速记录,0.0,0.0,连续低于10 km/h的记录超过180条
2017-12-03 17:34:25,删除长低速记录,0.0,0.0,连续低于10 km/h的记录超过180条
2017-12-03 17:34:26,删除长低速记录,0.0,0.0,连续低于10 km/h的记录超过180条
2017-12-03 17:34:27,删除长低速记录,0.0,0.0,连续低于10 km/h的记录超过180条
2017-12-03 17:34:28,删除长低速记录,0.0,0.0,连续低于10 km/h的记录超过180条
2017-12-03 17:34:29,删除长低速记录,0.0,0.0,连续低于10 km/h的记录超过180条
2017-12-03 17:34:30,删除长低速记录,0.0,0.0,连续低于10 km/h的记录超过180条
2017-12-03 17:34:31,删除长低速记录,0.0,0.0,连续低于10 km/h的记录超过180条
2017-12-03 17:34:32,删除长低速记录,0.0,0.0,连续低于10 km/h的记录超过180条
2017-12-03 17:34:33,删除长低速记录,0.0,0.0,连续低于10 km/h的记录超过180条
2017-12-03 17:34:34,删除长低速记录,0.0,0.0,连续低于10 km/h的记录超过180条
2017-12-03 17:34:35,删除长低速记录,0.0,0.0,连续低于10 km/h的记录超过180条
2017-12-03 17:34:36,删除长低速记录,0.0,0.0,连续低于10 km/h的记录超过180条
2017-12-03 17:34:37,删除长低速记录,0.0,0.0,连续低于10 km/h的记录超过180条
2017-12-03 17:34:38,删除长低速记录,0.0,0.0,连续低于10 km/h的记录超过180条
2017-12-03 17:34:39,删除长低速记录,0.0,0.0,连续低于10 km/h的记录超过180条
2017-12-03 17:34:40,删除长低速记录,0.0,0.0,连续低于10 km/h的记录超过180条
2017-12-03 17:34:41,删除长低速记录,0.0,0.0,连续低于10 km/h的记录超过180条
2017-12-03 17:34:42,删除长低速记录,0.0,0.0,连续低于10 km/h的记录超过180条
2017-12-03 17:34:43,删除长低速记录,0.0,0.0,连续低于10 km/h的记录超过180条
2017-12-03 17:34:44,删除长低速记录,0.0,0.0,连续低于10 km/h的记录超过180条
2017-12-03 17:34:45,删除长低速记录,0.0,0.0,连续低于10 km/h的记录超过180条
2017-12-03 17:34:46,删除长低速记录,0.0,0.0,连续低于10 km/h的记录超过180条
2017-12-03 17:34:47,删除长低速记录,0.0,0.0,连续低于10 km/h的记录超过180条
2017-12-03 17:34:48,删除长低速记录,0.0,0.0,连续低于10 km/h的记录超过180条
2017-12-03 17:34:49,删除长低速记录,0.0,0.0,连续低于10 km/h的记录超过180条
2017-12-03 17:34:50,删除长低速记录,0.0,0.0,连续低于10 km/h的记录超过180条
2017-12-03 17:34:51,删除长低速记录,0.0,0.0,连续低于10 km/h的记录超过180条
2017-12-03 17:34:52,删除长低速记录,0.0,0.0,连续低于10 km/h的记录超过180条
2017-12-03 17:34:53,删除长低速记录,0.0,0.0,连续低于10 km/h的记录超过180条
2017-12-03 17:34:54,删除长低速记录,0.0,0.0,连续低于10 km/h的记录超过180条
2017-12-03 17:34:55,删除长低速记录,0.0,0.0,连续低于10 km/h的记录超过180条
2017-12-03 17:34:56,删除长低速记录,0.0,0.0,连续低于10 km/h的记录超过180条
2017-12-03 17:34:57,删除长低速记录,0.0,0.0,连续低于10 km/h的记录超过180条
2017-12-03 17:34:58,删除长低速记录,0.0,0.0,连续低于10 km/h的记录超过180条
2017-12-03 17:34:59,删除长低速记录,0.0,0.0,连续低于10 km/h的记录超过180条
2017-12-03 17:35:00,删除长低速记录,0.0,0.0,连续低于10 km/h的记录超过180条
2017-12-03 17:35:01,删除长低速记录,0.0,0.0,连续低于10 km/h的记录超过180条
2017-12-03 17:35:02,删除长低速记录,0.0,0.0,连续低于10 km/h的记录超过180条
2017-12-03 17:35:03,删除长低速记录,0.0,0.0,连续低于10 km/h的记录超过180条
2017-12-03 17:35:04,删除长低速记录,0.0,0.0,连续低于10 km/h的记录超过180条
2017-12-03 17:35:05,删除长低速记录,0.0,0.0,连续低于10 km/h的记录超过180条
2017-12-03 17:35:06,删除长低速记录,0.0,0.0,连续低于10 km/h的记录超过180条
2017-12-03 17:35:07,删除长低速记录,0.0,0.0,连续低于10 km/h的记录超过180条
2017-12-03 17:35:08,删除长低速记录,0.0,0.0,连续低于10 km/h的记录超过180条
2017-12-03 17:35:09,删除长低速记录,0.0,0.0,连续低于10 km/h的记录超过180条
2017-12-03 17:35:10,删除长低速记录,0.0,0.0,连续低于10 km/h的记录超过180条
2017-12-03 17:35:11,删除长低速记录,0.0,0.0,连续低于10 km/h的记录超过180条
2017-12-03 17:35:12,删除长低速记录,0.0,0.0,连续低于10 km/h的记录超过180条
2017-12-03 17:35:13,删除长低速记录,0.0,0.0,连续低于10 km/h的记录超过180条
2017-12-03 17:35:14,删除长低速记录,0.0,0.0,连续低于10 km/h的记录超过180条
2017-12-03 17:35:15,删除长低速记录,0.0,0.0,连续低于10 km/h的记录超过180条
2017-12-03 17:35:16,删除长低速记录,0.0,0.0,连续低于10 km/h的记录超过180条
2017-12-03 17:35:17,删除长低速记录,0.0,0.0,连续低于10 km/h的记录超过180条
2017-12-03 17:35:18,删除长低速记录,0.0,0.0,连续低于10 km/h的记录超过180条
2017-12-03 17:35:19,删除长低速记录,0.0,0.0,连续低于10 km/h的记录超过180条
2017-12-03 17:35:20,删除长低速记录,0.0,0.0,连续低于10 km/h的记录超过180条
2017-12-03 17:35:21,删除长低速记录,0.0,0.0,连续低于10 km/h的记录超过180条
2017-12-03 17:35:22,删除长低速记录,0.0,0.0,连续低于10 km/h的记录超过180条
2017-12-03 17:35:23,删除长低速记录,0.0,0.0,连续低于10 km/h的记录超过180条
2017-12-03 17:35:24,删除长低速记录,0.0,0.0,连续低于10 km/h的记录超过180条
2017-12-03 17:35:25,删除长低速记录,0.0,0.0,连续低于10 km/h的记录超过180条
2017-12-03 17:35:26,删除长低速记录,0.0,0.0,连续低于10 km/h的记录超过180条
2017-12-03 17:35:27,删除长低速记录,0.0,0.0,连续低于10 km/h的记录超过180条
2017-12-03 17:35:28,删除长低速记录,0.0,0.0,连续低于10 km/h的记录超过180条
2017-12-03 17:35:29,删除长低速记录,0.0,0.0,连续低于10 km/h的记录超过180条
2017-12-03 17:35:30,删除长低速记录,0.0,0.0,连续低于10 km/h的记录超过180条
2017-12-03 17:35:31,删除长低速记录,0.0,0.0,连续低于10 km/h的记录超过180条
2017-12-03 17:35:32,删除长低速记录,0.0,0.0,连续低于10 km/h的记录超过180条
2017-12-03 17:35:33,删除长低速记录,0.0,0.0,连续低于10 km/h的记录超过180条
2017-12-03 17:35:34,删除长低速记录,0.0,0.0,连续低于10 km/h的记录超过180条
2017-12-03 17:35:35,删除长低速记录,0.0,0.0,连续低于10 km/h的记录超过180条
2017-12-03 17:35:36,删除长低速记录,0.0,0.0,连续低于10 km/h的记录超过180条
2017-12-03 17:35:37,删除长低速记录,0.0,0.0,连续低于10 km/h的记录超过180条
2017-12-03 17:35:38,删除长低速记录,0.0,0.0,连续低于10 km/h的记录超过180条
2017-12-03 17:35:39,删除长低速记录,0.0,0.0,连续低于10 km/h的记录超过180条
2017-12-03 17:35:40,删除长低速记录,0.0,0.0,连续低于10 km/h的记录超过180条
2017-12-03 17:35:41,删除长低速记录,0.0,0.0,连续低于10 km/h的记录超过180条
2017-12-03 17:35:42,删除长低速记录,0.0,0.0,连续低于10 km/h的记录超过180条
2017-12-03 17:35:43,删除长低速记录,0.0,0.0,连续低于10 km/h的记录超过180条
2017-12-03 17:35:44,删除长低速记录,0.0,0.0,连续低于10 km/h的记录超过180条
2017-12-03 17:35:45,删除长低速记录,0.0,0.0,连续低于10 km/h的记录超过180条
2017-12-03 17:35:46,删除长低速记录,0.0,0.0,连续低于10 km/h的记录超过180条
2017-12-03 17:35:47,删除长低速记录,0.0,0.0,连续低于10 km/h的记录超过180条
2017-12-03 17:35:48,删除长低速记录,0.0,0.0,连续低于10 km/h的记录超过180条
2017-12-03 17:35:49,删除长低速记录,0.0,0.0,连续低于10 km/h的记录超过180条
2017-12-03 17:35:50,删除长低速记录,0.0,0.0,连续低于10 km/h的记录超过180条
2017-12-03 17:35:51,删除长低速记录,0.0,0.0,连续低于10 km/h的记录超过180条
2017-12-03 17:35:52,删除长低速记录,0.0,0.0,连续低于10 km/h的记录超过180条
2017-12-03 17:35:53,删除长低速记录,0.0,0.0,连续低于10 km/h的记录超过180条
2017-12-03 17:35:54,删除长低速记录,0.0,0.0,连续低于10 km/h的记录超过180条
2017-12-03 17:35:55,删除长低速记录,0.0,0.0,连续低于10 km/h的记录超过180条
2017-12-03 17:35:56,删除长低速记录,2.4,2.4,连续低于10 km/h的记录超过180条
2017-12-03 17:35:57,删除长低速记录,4.0,4.0,连续低于10 km/h的记录超过180条
2017-12-03 17:35:58,删除长低速记录,5.2,5.2,连续低于10 km/h的记录超过180条
2017-12-03 17:35:59,删除长低速记录,5.3,5.3,连续低于10 km/h的记录超过180条
2017-12-03 17:36:00,删除长低速记录,6.7,6.7,连续低于10 km/h的记录超过180条
2017-12-03 17:36:01,删除长低速记录,6.0,6.0,连续低于10 km/h的记录超过180条
2017-12-03 17:36:02,删除长低速记录,6.5,6.5,连续低于10 km/h的记录超过180条
2017-12-03 17:36:03,删除长低速记录,7.6,7.6,连续低于10 km/h的记录超过180条
2017-12-03 18:21:42,车速限幅,0.0,19.2,"连续1秒允许范围 [19.200000, 62.256000] km/h"
2017-12-03 18:21:46,车速限幅,37.8,14.256,"连续1秒允许范围 [0.000000, 14.256000] km/h"
2017-12-03 18:21:47,车速限幅,34.2,28.512,"连续1秒允许范围 [0.000000, 28.512000] km/h"
2017-12-03 19:52:03,删除长低速记录,0.0,0.0,连续低于10 km/h的记录超过180条
2017-12-03 19:52:04,删除长低速记录,0.0,0.0,连续低于10 km/h的记录超过180条
2017-12-03 19:52:05,删除长低速记录,0.0,0.0,连续低于10 km/h的记录超过180条
2017-12-03 19:52:06,删除长低速记录,0.0,0.0,连续低于10 km/h的记录超过180条
2017-12-03 19:52:07,删除长低速记录,0.0,0.0,连续低于10 km/h的记录超过180条
2017-12-03 19:52:08,删除长低速记录,0.0,0.0,连续低于10 km/h的记录超过180条
2017-12-03 19:52:09,删除长低速记录,0.0,0.0,连续低于10 km/h的记录超过180条
2017-12-03 19:52:10,删除长低速记录,0.0,0.0,连续低于10 km/h的记录超过180条
2017-12-03 19:52:11,删除长低速记录,0.0,0.0,连续低于10 km/h的记录超过180条
2017-12-03 19:52:12,删除长低速记录,0.0,0.0,连续低于10 km/h的记录超过180条
2017-12-03 19:52:13,删除长低速记录,0.0,0.0,连续低于10 km/h的记录超过180条
2017-12-03 19:52:14,删除长低速记录,0.0,0.0,连续低于10 km/h的记录超过180条
2017-12-03 19:52:15,删除长低速记录,0.0,0.0,连续低于10 km/h的记录超过180条
2017-12-03 19:52:16,删除长低速记录,0.0,0.0,连续低于10 km/h的记录超过180条
2017-12-03 19:52:17,删除长低速记录,0.0,0.0,连续低于10 km/h的记录超过180条
2017-12-03 19:52:18,删除长低速记录,0.0,0.0,连续低于10 km/h的记录超过180条
2017-12-03 19:52:19,删除长低速记录,0.0,0.0,连续低于10 km/h的记录超过180条
2017-12-03 19:52:20,删除长低速记录,0.0,0.0,连续低于10 km/h的记录超过180条
2017-12-03 19:52:21,删除长低速记录,0.0,0.0,连续低于10 km/h的记录超过180条
2017-12-03 19:52:22,删除长低速记录,0.0,0.0,连续低于10 km/h的记录超过180条
2017-12-03 19:52:23,删除长低速记录,0.0,0.0,连续低于10 km/h的记录超过180条
2017-12-03 19:52:24,删除长低速记录,0.0,0.0,连续低于10 km/h的记录超过180条
2017-12-03 19:52:25,删除长低速记录,0.0,0.0,连续低于10 km/h的记录超过180条
2017-12-03 19:52:26,删除长低速记录,0.0,0.0,连续低于10 km/h的记录超过180条
2017-12-03 19:52:27,删除长低速记录,0.0,0.0,连续低于10 km/h的记录超过180条
2017-12-03 19:52:28,删除长低速记录,0.0,0.0,连续低于10 km/h的记录超过180条
2017-12-03 19:52:29,删除长低速记录,0.0,0.0,连续低于10 km/h的记录超过180条
2017-12-03 19:52:30,删除长低速记录,0.0,0.0,连续低于10 km/h的记录超过180条
2017-12-03 19:52:31,删除长低速记录,0.0,0.0,连续低于10 km/h的记录超过180条
2017-12-03 19:52:32,删除长低速记录,0.0,0.0,连续低于10 km/h的记录超过180条
2017-12-03 19:52:33,删除长低速记录,0.0,0.0,连续低于10 km/h的记录超过180条
2017-12-03 19:52:34,删除长低速记录,0.0,0.0,连续低于10 km/h的记录超过180条
2017-12-03 19:52:35,删除长低速记录,0.0,0.0,连续低于10 km/h的记录超过180条
2017-12-03 19:52:36,删除长低速记录,0.0,0.0,连续低于10 km/h的记录超过180条
2017-12-03 19:52:37,删除长低速记录,0.0,0.0,连续低于10 km/h的记录超过180条
2017-12-03 19:52:38,删除长低速记录,0.0,0.0,连续低于10 km/h的记录超过180条
2017-12-03 19:52:39,删除长低速记录,0.0,0.0,连续低于10 km/h的记录超过180条
2017-12-03 19:52:40,删除长低速记录,0.0,0.0,连续低于10 km/h的记录超过180条
2017-12-03 19:52:41,删除长低速记录,0.0,0.0,连续低于10 km/h的记录超过180条
2017-12-03 20:52:21,新增插值记录,,77.5,相邻速度 77.5 与 77.5 km/h 的线性中点
2017-12-03 21:04:04,车速限幅,64.4,31.756,"连续1秒允许范围 [0.000000, 31.756000] km/h"
2017-12-03 21:05:27,新增插值记录,,39.3,相邻速度 39.3 与 39.3 km/h 的线性中点
2017-12-03 21:05:32,新增插值记录,,24.299999999999997,相邻速度 39.3 与 9.3 km/h 的线性中点
2017-12-03 21:05:34,车速限幅,39.3,23.556,"连续1秒允许范围 [0.000000, 23.556000] km/h"
2017-12-03 21:05:36,车速限幅,39.3,24.356,"连续1秒允许范围 [0.000000, 24.356000] km/h"
2017-12-03 21:05:38,车速限幅,39.3,27.756,"连续1秒允许范围 [0.000000, 27.756000] km/h"
2017-12-03 21:21:03,新增插值记录,,68.05,相邻速度 67.8 与 68.3 km/h 的线性中点
2017-12-03 21:58:15,新增插值记录,,23.1,相邻速度 23.1 与 23.1 km/h 的线性中点
2017-12-03 23:47:38,车速限幅,21.2,33.2,"连续1秒允许范围 [33.200000, 76.256000] km/h"
2017-12-03 23:49:21,车速限幅,85.4,70.356,"连续1秒允许范围 [27.300000, 70.356000] km/h"
2017-12-03 23:49:35,车速限幅,101.0,94.756,"连续1秒允许范围 [51.700000, 94.756000] km/h"
2017-12-03 23:49:38,车速限幅,101.0,99.256,"连续1秒允许范围 [56.200000, 99.256000] km/h"
2017-12-03 23:52:47,车速限幅,80.2,79.656,"连续1秒允许范围 [36.600000, 79.656000] km/h"
2017-12-03 23:53:45,车速限幅,79.7,73.756,"连续1秒允许范围 [30.700000, 73.756000] km/h"
2017-12-04 00:08:59,删除长低速记录,0.0,0.0,连续低于10 km/h的记录超过180条
2017-12-04 00:09:00,删除长低速记录,0.0,0.0,连续低于10 km/h的记录超过180条
2017-12-04 00:09:01,删除长低速记录,0.0,0.0,连续低于10 km/h的记录超过180条
2017-12-04 00:09:02,删除长低速记录,0.0,0.0,连续低于10 km/h的记录超过180条
2017-12-04 00:09:03,删除长低速记录,0.0,0.0,连续低于10 km/h的记录超过180条
2017-12-04 00:09:04,删除长低速记录,0.0,0.0,连续低于10 km/h的记录超过180条
2017-12-04 00:09:05,删除长低速记录,0.0,0.0,连续低于10 km/h的记录超过180条
2017-12-04 00:09:06,删除长低速记录,0.0,0.0,连续低于10 km/h的记录超过180条
2017-12-04 00:09:07,删除长低速记录,0.0,0.0,连续低于10 km/h的记录超过180条
2017-12-04 00:09:08,删除长低速记录,0.0,0.0,连续低于10 km/h的记录超过180条
2017-12-04 00:09:09,删除长低速记录,0.0,0.0,连续低于10 km/h的记录超过180条
2017-12-04 00:09:10,删除长低速记录,0.0,0.0,连续低于10 km/h的记录超过180条
2017-12-04 00:09:11,删除长低速记录,0.0,0.0,连续低于10 km/h的记录超过180条
2017-12-04 00:09:12,删除长低速记录,0.0,0.0,连续低于10 km/h的记录超过180条
2017-12-04 00:09:13,删除长低速记录,0.0,0.0,连续低于10 km/h的记录超过180条
2017-12-04 00:09:14,删除长低速记录,0.0,0.0,连续低于10 km/h的记录超过180条
2017-12-04 00:09:15,删除长低速记录,0.0,0.0,连续低于10 km/h的记录超过180条
2017-12-04 00:09:16,删除长低速记录,0.0,0.0,连续低于10 km/h的记录超过180条
2017-12-04 00:09:17,删除长低速记录,0.0,0.0,连续低于10 km/h的记录超过180条
2017-12-04 00:09:18,删除长低速记录,0.0,0.0,连续低于10 km/h的记录超过180条
2017-12-04 00:09:19,删除长低速记录,0.0,0.0,连续低于10 km/h的记录超过180条
2017-12-04 00:09:20,删除长低速记录,0.0,0.0,连续低于10 km/h的记录超过180条
2017-12-04 00:09:21,删除长低速记录,0.0,0.0,连续低于10 km/h的记录超过180条
2017-12-04 00:09:22,删除长低速记录,0.0,0.0,连续低于10 km/h的记录超过180条
2017-12-04 00:09:23,删除长低速记录,0.0,0.0,连续低于10 km/h的记录超过180条
2017-12-04 00:09:24,删除长低速记录,0.0,0.0,连续低于10 km/h的记录超过180条
2017-12-04 00:09:25,删除长低速记录,0.0,0.0,连续低于10 km/h的记录超过180条
2017-12-04 00:09:26,删除长低速记录,0.0,0.0,连续低于10 km/h的记录超过180条
2017-12-04 00:09:27,删除长低速记录,0.0,0.0,连续低于10 km/h的记录超过180条
2017-12-04 00:09:28,删除长低速记录,0.0,0.0,连续低于10 km/h的记录超过180条
2017-12-04 00:09:29,删除长低速记录,0.0,0.0,连续低于10 km/h的记录超过180条
2017-12-04 00:09:30,删除长低速记录,0.0,0.0,连续低于10 km/h的记录超过180条
2017-12-04 00:09:31,删除长低速记录,0.0,0.0,连续低于10 km/h的记录超过180条
2017-12-04 00:09:32,删除长低速记录,0.0,0.0,连续低于10 km/h的记录超过180条
2017-12-04 00:09:33,删除长低速记录,0.0,0.0,连续低于10 km/h的记录超过180条
2017-12-04 00:09:34,删除长低速记录,0.0,0.0,连续低于10 km/h的记录超过180条
2017-12-04 00:09:35,删除长低速记录,0.0,0.0,连续低于10 km/h的记录超过180条
2017-12-04 00:09:36,删除长低速记录,0.0,0.0,连续低于10 km/h的记录超过180条
2017-12-04 00:09:37,删除长低速记录,0.0,0.0,连续低于10 km/h的记录超过180条
2017-12-04 00:09:38,删除长低速记录,0.0,0.0,连续低于10 km/h的记录超过180条
2017-12-04 00:09:39,删除长低速记录,0.0,0.0,连续低于10 km/h的记录超过180条
2017-12-04 00:09:40,删除长低速记录,0.0,0.0,连续低于10 km/h的记录超过180条
2017-12-04 00:09:41,删除长低速记录,0.0,0.0,连续低于10 km/h的记录超过180条
2017-12-04 00:09:42,删除长低速记录,0.0,0.0,连续低于10 km/h的记录超过180条
2017-12-04 00:09:43,删除长低速记录,0.0,0.0,连续低于10 km/h的记录超过180条
2017-12-04 00:09:44,删除长低速记录,0.0,0.0,连续低于10 km/h的记录超过180条
2017-12-04 00:09:45,删除长低速记录,0.0,0.0,连续低于10 km/h的记录超过180条
2017-12-04 00:09:46,删除长低速记录,0.0,0.0,连续低于10 km/h的记录超过180条
2017-12-04 00:09:47,删除长低速记录,0.0,0.0,连续低于10 km/h的记录超过180条
2017-12-04 00:09:48,删除长低速记录,0.0,0.0,连续低于10 km/h的记录超过180条
2017-12-04 00:09:49,删除长低速记录,0.0,0.0,连续低于10 km/h的记录超过180条
2017-12-04 00:09:50,删除长低速记录,0.0,0.0,连续低于10 km/h的记录超过180条
2017-12-04 00:09:51,删除长低速记录,0.0,0.0,连续低于10 km/h的记录超过180条
2017-12-04 00:09:52,删除长低速记录,0.0,0.0,连续低于10 km/h的记录超过180条
2017-12-04 00:09:53,删除长低速记录,0.0,0.0,连续低于10 km/h的记录超过180条
2017-12-04 00:09:54,删除长低速记录,0.0,0.0,连续低于10 km/h的记录超过180条
2017-12-04 00:09:55,删除长低速记录,0.0,0.0,连续低于10 km/h的记录超过180条
2017-12-04 00:09:56,删除长低速记录,0.0,0.0,连续低于10 km/h的记录超过180条
2017-12-04 00:09:57,删除长低速记录,0.0,0.0,连续低于10 km/h的记录超过180条
2017-12-04 00:09:58,删除长低速记录,0.0,0.0,连续低于10 km/h的记录超过180条
2017-12-04 00:09:59,删除长低速记录,0.0,0.0,连续低于10 km/h的记录超过180条
2017-12-04 00:10:00,删除长低速记录,0.0,0.0,连续低于10 km/h的记录超过180条
2017-12-04 00:10:01,删除长低速记录,0.0,0.0,连续低于10 km/h的记录超过180条
2017-12-04 00:10:02,删除长低速记录,0.0,0.0,连续低于10 km/h的记录超过180条
2017-12-04 00:10:03,删除长低速记录,0.0,0.0,连续低于10 km/h的记录超过180条
2017-12-04 00:10:04,删除长低速记录,0.0,0.0,连续低于10 km/h的记录超过180条
2017-12-04 00:10:05,删除长低速记录,0.0,0.0,连续低于10 km/h的记录超过180条
2017-12-04 00:10:06,删除长低速记录,0.0,0.0,连续低于10 km/h的记录超过180条
2017-12-04 00:10:07,删除长低速记录,0.0,0.0,连续低于10 km/h的记录超过180条
2017-12-04 00:10:08,删除长低速记录,0.0,0.0,连续低于10 km/h的记录超过180条
2017-12-04 00:10:09,删除长低速记录,0.0,0.0,连续低于10 km/h的记录超过180条
2017-12-04 00:10:10,删除长低速记录,0.0,0.0,连续低于10 km/h的记录超过180条
2017-12-04 00:10:11,删除长低速记录,0.0,0.0,连续低于10 km/h的记录超过180条
2017-12-04 00:10:12,删除长低速记录,0.0,0.0,连续低于10 km/h的记录超过180条
2017-12-04 00:10:13,删除长低速记录,0.0,0.0,连续低于10 km/h的记录超过180条
2017-12-04 00:10:14,删除长低速记录,0.0,0.0,连续低于10 km/h的记录超过180条
2017-12-04 00:10:15,删除长低速记录,0.0,0.0,连续低于10 km/h的记录超过180条
2017-12-04 00:10:16,删除长低速记录,0.0,0.0,连续低于10 km/h的记录超过180条
2017-12-04 00:10:17,删除长低速记录,0.0,0.0,连续低于10 km/h的记录超过180条
2017-12-04 00:10:18,删除长低速记录,0.0,0.0,连续低于10 km/h的记录超过180条
2017-12-04 00:10:19,删除长低速记录,0.0,0.0,连续低于10 km/h的记录超过180条
2017-12-04 00:10:20,删除长低速记录,0.0,0.0,连续低于10 km/h的记录超过180条
2017-12-04 00:10:21,删除长低速记录,0.0,0.0,连续低于10 km/h的记录超过180条
2017-12-04 00:10:22,删除长低速记录,0.0,0.0,连续低于10 km/h的记录超过180条
2017-12-04 00:10:23,删除长低速记录,0.0,0.0,连续低于10 km/h的记录超过180条
2017-12-04 00:10:24,删除长低速记录,0.0,0.0,连续低于10 km/h的记录超过180条
2017-12-04 00:10:25,删除长低速记录,0.0,0.0,连续低于10 km/h的记录超过180条
2017-12-04 00:10:26,删除长低速记录,0.0,0.0,连续低于10 km/h的记录超过180条
2017-12-04 00:10:27,删除长低速记录,0.0,0.0,连续低于10 km/h的记录超过180条
2017-12-04 00:10:28,删除长低速记录,0.0,0.0,连续低于10 km/h的记录超过180条
2017-12-04 00:10:29,删除长低速记录,0.0,0.0,连续低于10 km/h的记录超过180条
2017-12-04 00:10:30,删除长低速记录,0.0,0.0,连续低于10 km/h的记录超过180条
2017-12-04 00:10:31,删除长低速记录,0.0,0.0,连续低于10 km/h的记录超过180条
2017-12-04 00:10:32,删除长低速记录,0.0,0.0,连续低于10 km/h的记录超过180条
2017-12-04 00:10:33,删除长低速记录,0.0,0.0,连续低于10 km/h的记录超过180条
2017-12-04 00:10:34,删除长低速记录,0.0,0.0,连续低于10 km/h的记录超过180条
2017-12-04 00:10:35,删除长低速记录,0.0,0.0,连续低于10 km/h的记录超过180条
2017-12-04 00:10:36,删除长低速记录,0.0,0.0,连续低于10 km/h的记录超过180条
2017-12-04 00:10:37,删除长低速记录,0.0,0.0,连续低于10 km/h的记录超过180条
2017-12-04 00:10:38,删除长低速记录,0.0,0.0,连续低于10 km/h的记录超过180条
2017-12-04 00:10:39,删除长低速记录,0.0,0.0,连续低于10 km/h的记录超过180条
2017-12-04 00:10:40,删除长低速记录,0.0,0.0,连续低于10 km/h的记录超过180条
2017-12-04 00:10:41,删除长低速记录,0.0,0.0,连续低于10 km/h的记录超过180条
2017-12-04 00:10:42,删除长低速记录,0.0,0.0,连续低于10 km/h的记录超过180条
2017-12-04 00:10:43,删除长低速记录,0.0,0.0,连续低于10 km/h的记录超过180条
2017-12-04 00:10:44,删除长低速记录,0.0,0.0,连续低于10 km/h的记录超过180条
2017-12-04 00:10:45,删除长低速记录,0.0,0.0,连续低于10 km/h的记录超过180条
2017-12-04 00:10:46,删除长低速记录,0.0,0.0,连续低于10 km/h的记录超过180条
2017-12-04 00:10:47,删除长低速记录,0.0,0.0,连续低于10 km/h的记录超过180条
2017-12-04 00:10:48,删除长低速记录,0.0,0.0,连续低于10 km/h的记录超过180条
2017-12-04 00:10:49,删除长低速记录,0.0,0.0,连续低于10 km/h的记录超过180条
2017-12-04 00:10:50,删除长低速记录,0.0,0.0,连续低于10 km/h的记录超过180条
2017-12-04 00:10:51,删除长低速记录,0.0,0.0,连续低于10 km/h的记录超过180条
2017-12-04 00:10:52,删除长低速记录,0.0,0.0,连续低于10 km/h的记录超过180条
2017-12-04 00:10:53,删除长低速记录,0.0,0.0,连续低于10 km/h的记录超过180条
2017-12-04 00:10:54,删除长低速记录,0.0,0.0,连续低于10 km/h的记录超过180条
2017-12-04 00:10:55,删除长低速记录,0.0,0.0,连续低于10 km/h的记录超过180条
2017-12-04 00:10:56,删除长低速记录,0.0,0.0,连续低于10 km/h的记录超过180条
2017-12-04 00:10:57,删除长低速记录,0.0,0.0,连续低于10 km/h的记录超过180条
2017-12-04 00:10:58,删除长低速记录,0.0,0.0,连续低于10 km/h的记录超过180条
2017-12-04 00:10:59,删除长低速记录,0.0,0.0,连续低于10 km/h的记录超过180条
2017-12-04 00:11:00,删除长低速记录,0.0,0.0,连续低于10 km/h的记录超过180条
2017-12-04 00:11:01,删除长低速记录,0.0,0.0,连续低于10 km/h的记录超过180条
2017-12-04 00:11:02,删除长低速记录,0.0,0.0,连续低于10 km/h的记录超过180条
2017-12-04 00:11:03,删除长低速记录,0.0,0.0,连续低于10 km/h的记录超过180条
2017-12-04 00:11:47,车速限幅,25.7,22.256,"连续1秒允许范围 [0.000000, 22.256000] km/h"
2017-12-04 00:12:04,新增插值记录,,18.2,相邻速度 8 与 28.4 km/h 的线性中点
2017-12-04 00:12:13,车速限幅,31.6,28.556,"连续1秒允许范围 [0.000000, 28.556000] km/h"
2017-12-04 00:12:30,新增插值记录,,19.05,相邻速度 14.3 与 23.8 km/h 的线性中点
2017-12-04 00:22:22,新增插值记录,,44.15,相邻速度 44.4 与 43.9 km/h 的线性中点
2017-12-04 00:24:20,车速限幅,32.7,31.156,"连续1秒允许范围 [0.000000, 31.156000] km/h"
2017-12-04 00:28:03,新增插值记录,,30.9,相邻速度 36.6 与 25.2 km/h 的线性中点
2017-12-04 00:28:52,新增插值记录,,33.8,相邻速度 36.1 与 31.5 km/h 的线性中点
2017-12-04 00:33:26,新增插值记录,,33.85,相邻速度 34 与 33.7 km/h 的线性中点
2017-12-04 00:35:05,新增插值记录,,19.299999999999997,相邻速度 22.9 与 15.7 km/h 的线性中点
2017-12-04 00:35:55,新增插值记录,,26.6,相邻速度 27.4 与 25.8 km/h 的线性中点
2017-12-04 00:37:03,车速限幅,38.5,33.056,"连续1秒允许范围 [0.000000, 33.056000] km/h"
2017-12-04 00:43:37,新增插值记录,,9.8,相邻速度 9.8 与 9.8 km/h 的线性中点
2017-12-04 00:43:39,新增插值记录,,4.9,相邻速度 9.8 与 0 km/h 的线性中点
2017-12-04 00:46:57,删除长低速记录,0.0,0.0,连续低于10 km/h的记录超过180条
2017-12-04 00:46:58,删除长低速记录,0.0,0.0,连续低于10 km/h的记录超过180条
2017-12-04 00:46:59,删除长低速记录,0.0,0.0,连续低于10 km/h的记录超过180条
2017-12-04 00:47:00,删除长低速记录,0.0,0.0,连续低于10 km/h的记录超过180条
2017-12-04 00:47:01,删除长低速记录,0.0,0.0,连续低于10 km/h的记录超过180条
2017-12-04 00:47:02,删除长低速记录,0.0,0.0,连续低于10 km/h的记录超过180条
2017-12-04 00:47:03,删除长低速记录,0.0,0.0,连续低于10 km/h的记录超过180条
2017-12-04 00:47:04,删除长低速记录,0.0,0.0,连续低于10 km/h的记录超过180条
2017-12-04 00:47:05,删除长低速记录,0.0,0.0,连续低于10 km/h的记录超过180条
2017-12-04 00:47:06,删除长低速记录,0.0,0.0,连续低于10 km/h的记录超过180条
2017-12-04 00:47:07,删除长低速记录,0.0,0.0,连续低于10 km/h的记录超过180条
2017-12-04 00:47:08,删除长低速记录,0.0,0.0,连续低于10 km/h的记录超过180条
2017-12-04 00:47:09,删除长低速记录,0.0,0.0,连续低于10 km/h的记录超过180条
2017-12-04 00:47:10,删除长低速记录,0.0,0.0,连续低于10 km/h的记录超过180条
2017-12-04 00:47:11,删除长低速记录,0.0,0.0,连续低于10 km/h的记录超过180条
2017-12-04 00:47:12,删除长低速记录,0.0,0.0,连续低于10 km/h的记录超过180条
2017-12-04 00:47:13,删除长低速记录,0.0,0.0,连续低于10 km/h的记录超过180条
2017-12-04 00:47:14,删除长低速记录,0.0,0.0,连续低于10 km/h的记录超过180条
2017-12-04 00:47:15,删除长低速记录,0.0,0.0,连续低于10 km/h的记录超过180条
2017-12-04 00:47:16,删除长低速记录,0.0,0.0,连续低于10 km/h的记录超过180条
2017-12-04 00:47:17,删除长低速记录,0.0,0.0,连续低于10 km/h的记录超过180条
2017-12-04 00:47:18,删除长低速记录,0.0,0.0,连续低于10 km/h的记录超过180条
2017-12-04 00:47:19,删除长低速记录,0.0,0.0,连续低于10 km/h的记录超过180条
2017-12-04 00:47:20,删除长低速记录,0.0,0.0,连续低于10 km/h的记录超过180条
2017-12-04 00:47:21,删除长低速记录,0.0,0.0,连续低于10 km/h的记录超过180条
2017-12-04 00:47:22,删除长低速记录,0.0,0.0,连续低于10 km/h的记录超过180条
2017-12-04 00:47:23,删除长低速记录,0.0,0.0,连续低于10 km/h的记录超过180条
2017-12-04 00:47:24,删除长低速记录,0.0,0.0,连续低于10 km/h的记录超过180条
2017-12-04 00:47:25,删除长低速记录,0.0,0.0,连续低于10 km/h的记录超过180条
2017-12-04 00:47:26,删除长低速记录,2.2,2.2,连续低于10 km/h的记录超过180条
2017-12-04 00:47:27,删除长低速记录,2.8,2.8,连续低于10 km/h的记录超过180条
2017-12-04 00:47:28,删除长低速记录,4.3,4.3,连续低于10 km/h的记录超过180条
2017-12-04 10:35:31,车速限幅,20.1,19.756,"连续1秒允许范围 [0.000000, 19.756000] km/h"
2017-12-04 10:38:09,新增插值记录,,0.0,相邻速度 0 与 0 km/h 的线性中点
2017-12-04 10:38:20,新增插值记录,,0.0,相邻速度 0 与 0 km/h 的线性中点
2017-12-04 10:44:01,车速限幅,23.8,14.256,"连续1秒允许范围 [0.000000, 14.256000] km/h"
2017-12-04 10:44:05,车速限幅,28.6,14.256,"连续1秒允许范围 [0.000000, 14.256000] km/h"
2017-12-04 10:44:06,车速限幅,28.6,28.512,"连续1秒允许范围 [0.000000, 28.512000] km/h"
2017-12-04 10:44:58,新增插值记录,,18.75,相邻速度 18.3 与 19.2 km/h 的线性中点
2017-12-04 10:54:20,删除长低速记录,0.0,0.0,连续低于10 km/h的记录超过180条
2017-12-04 10:54:21,删除长低速记录,0.0,0.0,连续低于10 km/h的记录超过180条
2017-12-04 10:54:22,删除长低速记录,0.0,0.0,连续低于10 km/h的记录超过180条
2017-12-04 10:54:23,删除长低速记录,0.0,0.0,连续低于10 km/h的记录超过180条
2017-12-04 10:54:24,删除长低速记录,0.0,0.0,连续低于10 km/h的记录超过180条
2017-12-04 10:54:25,删除长低速记录,3.3,3.3,连续低于10 km/h的记录超过180条
2017-12-04 10:54:26,删除长低速记录,0.0,0.0,连续低于10 km/h的记录超过180条
2017-12-04 10:54:27,删除长低速记录,0.0,0.0,连续低于10 km/h的记录超过180条
2017-12-04 10:54:28,删除长低速记录,2.9,2.9,连续低于10 km/h的记录超过180条
2017-12-04 10:54:29,删除长低速记录,1.5,1.5,连续低于10 km/h的记录超过180条
2017-12-04 10:54:30,删除长低速记录,2.7,2.7,连续低于10 km/h的记录超过180条
2017-12-04 10:54:31,删除长低速记录,0.0,0.0,连续低于10 km/h的记录超过180条
2017-12-04 10:54:32,删除长低速记录,0.0,0.0,连续低于10 km/h的记录超过180条
2017-12-04 10:54:33,删除长低速记录,0.0,0.0,连续低于10 km/h的记录超过180条
2017-12-04 10:54:34,删除长低速记录,0.0,0.0,连续低于10 km/h的记录超过180条
2017-12-04 10:54:35,删除长低速记录,0.0,0.0,连续低于10 km/h的记录超过180条
2017-12-04 10:54:36,删除长低速记录,0.0,0.0,连续低于10 km/h的记录超过180条
2017-12-04 10:54:37,删除长低速记录,3.0,3.0,连续低于10 km/h的记录超过180条
2017-12-04 10:54:38,删除长低速记录,6.3,6.3,连续低于10 km/h的记录超过180条
2017-12-04 10:54:39,删除长低速记录,6.2,6.2,连续低于10 km/h的记录超过180条
2017-12-04 10:54:40,删除长低速记录,7.3,7.3,连续低于10 km/h的记录超过180条
2017-12-04 10:54:41,删除长低速记录,8.6,8.6,连续低于10 km/h的记录超过180条
2017-12-04 10:54:42,删除长低速记录,5.7,5.7,连续低于10 km/h的记录超过180条
2017-12-04 10:57:52,删除长低速记录,0.0,0.0,连续低于10 km/h的记录超过180条
2017-12-04 10:57:53,删除长低速记录,0.0,0.0,连续低于10 km/h的记录超过180条
2017-12-04 10:57:54,删除长低速记录,0.0,0.0,连续低于10 km/h的记录超过180条
2017-12-04 10:57:55,删除长低速记录,0.0,0.0,连续低于10 km/h的记录超过180条
2017-12-04 10:57:56,删除长低速记录,0.0,0.0,连续低于10 km/h的记录超过180条
2017-12-04 10:57:57,删除长低速记录,0.0,0.0,连续低于10 km/h的记录超过180条
2017-12-04 10:57:58,删除长低速记录,0.0,0.0,连续低于10 km/h的记录超过180条
2017-12-04 10:57:59,删除长低速记录,0.0,0.0,连续低于10 km/h的记录超过180条
2017-12-04 10:58:00,删除长低速记录,0.0,0.0,连续低于10 km/h的记录超过180条
2017-12-04 10:58:01,删除长低速记录,0.0,0.0,连续低于10 km/h的记录超过180条
2017-12-04 10:58:02,删除长低速记录,0.0,0.0,连续低于10 km/h的记录超过180条
2017-12-04 10:58:03,删除长低速记录,0.0,0.0,连续低于10 km/h的记录超过180条
2017-12-04 10:58:04,删除长低速记录,0.0,0.0,连续低于10 km/h的记录超过180条
2017-12-04 10:58:05,删除长低速记录,0.0,0.0,连续低于10 km/h的记录超过180条
2017-12-04 10:58:06,删除长低速记录,0.0,0.0,连续低于10 km/h的记录超过180条
2017-12-04 10:58:07,删除长低速记录,0.0,0.0,连续低于10 km/h的记录超过180条
2017-12-04 10:58:08,删除长低速记录,0.0,0.0,连续低于10 km/h的记录超过180条
2017-12-04 10:58:09,删除长低速记录,0.0,0.0,连续低于10 km/h的记录超过180条
2017-12-04 10:58:10,删除长低速记录,0.0,0.0,连续低于10 km/h的记录超过180条
2017-12-04 10:58:11,删除长低速记录,0.0,0.0,连续低于10 km/h的记录超过180条
2017-12-04 10:58:12,删除长低速记录,0.0,0.0,连续低于10 km/h的记录超过180条
2017-12-04 10:58:13,删除长低速记录,0.0,0.0,连续低于10 km/h的记录超过180条
2017-12-04 10:58:14,删除长低速记录,0.0,0.0,连续低于10 km/h的记录超过180条
2017-12-04 11:51:53,车速限幅,16.6,14.256,"连续1秒允许范围 [0.000000, 14.256000] km/h"
2017-12-04 13:51:12,车速限幅,0.0,36.7,"连续1秒允许范围 [36.700000, 79.756000] km/h"
2017-12-04 13:51:13,车速限幅,58.8,50.956,"连续1秒允许范围 [7.900000, 50.956000] km/h"
2017-12-04 13:51:22,新增插值记录,,27.950000000000003,相邻速度 33.2 与 22.7 km/h 的线性中点
2017-12-04 13:51:29,新增插值记录,,0.0,相邻速度 0 与 0 km/h 的线性中点
2017-12-04 13:55:40,车速限幅,18.6,17.656,"连续1秒允许范围 [0.000000, 17.656000] km/h"
2017-12-04 14:26:51,车速限幅,36.2,35.256,"连续1秒允许范围 [0.000000, 35.256000] km/h"
2017-12-04 14:26:55,车速限幅,6.0,6.199999999999999,"连续1秒允许范围 [6.200000, 49.256000] km/h"
2017-12-04 14:26:57,车速限幅,34.8,20.256,"连续1秒允许范围 [0.000000, 20.256000] km/h"
2017-12-04 14:26:58,车速限幅,34.8,34.512,"连续1秒允许范围 [0.000000, 34.512000] km/h"
2017-12-04 14:27:06,新增插值记录,,3.45,相邻速度 0.2 与 6.7 km/h 的线性中点
2017-12-04 14:28:39,新增插值记录,,15.0,相邻速度 25.1 与 4.9 km/h 的线性中点
2017-12-04 14:52:35,车速限幅,71.3,69.056,"连续1秒允许范围 [26.000000, 69.056000] km/h"
2017-12-04 14:54:25,新增插值记录,,35.55,相邻速度 42.3 与 28.8 km/h 的线性中点
2017-12-04 14:55:40,新增插值记录,,43.5,相邻速度 44.9 与 42.1 km/h 的线性中点
2017-12-04 14:55:47,车速限幅,40.9,35.656,"连续1秒允许范围 [0.000000, 35.656000] km/h"
2017-12-04 14:56:16,车速限幅,42.8,41.756,"连续1秒允许范围 [0.000000, 41.756000] km/h"
2017-12-04 14:56:31,新增插值记录,,24.2,相邻速度 27.5 与 20.9 km/h 的线性中点
2017-12-04 14:57:27,车速限幅,48.5,45.756,"连续1秒允许范围 [2.700000, 45.756000] km/h"
2017-12-04 14:57:42,新增插值记录,,27.1,相邻速度 31.5 与 22.7 km/h 的线性中点
2017-12-04 15:05:09,车速限幅,16.7,14.256,"连续1秒允许范围 [0.000000, 14.256000] km/h"
2017-12-04 15:05:41,新增插值记录,,0.0,相邻速度 0 与 0 km/h 的线性中点
2017-12-04 16:56:17,新增插值记录,,9.3,相邻速度 9.1 与 9.5 km/h 的线性中点
2017-12-04 17:45:38,删除长低速记录,0.0,0.0,连续低于10 km/h的记录超过180条
2017-12-04 17:45:39,删除长低速记录,0.0,0.0,连续低于10 km/h的记录超过180条
2017-12-04 17:45:40,删除长低速记录,0.0,0.0,连续低于10 km/h的记录超过180条
2017-12-04 17:45:41,删除长低速记录,0.0,0.0,连续低于10 km/h的记录超过180条
2017-12-04 17:45:42,删除长低速记录,0.0,0.0,连续低于10 km/h的记录超过180条
2017-12-04 17:45:43,删除长低速记录,0.0,0.0,连续低于10 km/h的记录超过180条
2017-12-04 17:45:44,删除长低速记录,0.0,0.0,连续低于10 km/h的记录超过180条
2017-12-04 17:45:45,删除长低速记录,0.0,0.0,连续低于10 km/h的记录超过180条
2017-12-04 17:45:46,删除长低速记录,0.0,0.0,连续低于10 km/h的记录超过180条
2017-12-04 17:45:47,删除长低速记录,0.0,0.0,连续低于10 km/h的记录超过180条
2017-12-04 17:45:48,删除长低速记录,0.0,0.0,连续低于10 km/h的记录超过180条
2017-12-04 17:45:49,删除长低速记录,0.0,0.0,连续低于10 km/h的记录超过180条
2017-12-04 17:45:50,删除长低速记录,0.0,0.0,连续低于10 km/h的记录超过180条
2017-12-04 17:45:51,删除长低速记录,0.0,0.0,连续低于10 km/h的记录超过180条
2017-12-04 17:45:52,删除长低速记录,0.0,0.0,连续低于10 km/h的记录超过180条
2017-12-04 17:45:53,删除长低速记录,0.0,0.0,连续低于10 km/h的记录超过180条
2017-12-04 17:45:54,删除长低速记录,0.0,0.0,连续低于10 km/h的记录超过180条
2017-12-04 17:45:55,删除长低速记录,0.0,0.0,连续低于10 km/h的记录超过180条
2017-12-04 17:45:56,删除长低速记录,0.0,0.0,连续低于10 km/h的记录超过180条
2017-12-04 17:45:57,删除长低速记录,0.0,0.0,连续低于10 km/h的记录超过180条
2017-12-04 17:45:58,删除长低速记录,0.0,0.0,连续低于10 km/h的记录超过180条
2017-12-04 17:45:59,删除长低速记录,0.0,0.0,连续低于10 km/h的记录超过180条
2017-12-04 17:46:00,删除长低速记录,0.0,0.0,连续低于10 km/h的记录超过180条
2017-12-04 17:46:01,删除长低速记录,0.0,0.0,连续低于10 km/h的记录超过180条
2017-12-04 17:46:02,删除长低速记录,0.0,0.0,连续低于10 km/h的记录超过180条
2017-12-04 17:46:03,删除长低速记录,0.0,0.0,连续低于10 km/h的记录超过180条
2017-12-04 17:46:04,删除长低速记录,0.0,0.0,连续低于10 km/h的记录超过180条
2017-12-04 17:46:05,删除长低速记录,0.0,0.0,连续低于10 km/h的记录超过180条
2017-12-04 17:46:06,删除长低速记录,0.0,0.0,连续低于10 km/h的记录超过180条
2017-12-04 17:46:07,删除长低速记录,0.0,0.0,连续低于10 km/h的记录超过180条
2017-12-04 17:46:08,删除长低速记录,0.0,0.0,连续低于10 km/h的记录超过180条
2017-12-04 17:46:09,删除长低速记录,0.0,0.0,连续低于10 km/h的记录超过180条
2017-12-04 17:46:10,删除长低速记录,0.0,0.0,连续低于10 km/h的记录超过180条
2017-12-04 17:46:11,删除长低速记录,0.0,0.0,连续低于10 km/h的记录超过180条
2017-12-04 17:46:12,删除长低速记录,0.0,0.0,连续低于10 km/h的记录超过180条
2017-12-04 17:46:13,删除长低速记录,0.0,0.0,连续低于10 km/h的记录超过180条
2017-12-04 17:46:14,删除长低速记录,0.0,0.0,连续低于10 km/h的记录超过180条
2017-12-04 17:46:15,删除长低速记录,0.0,0.0,连续低于10 km/h的记录超过180条
2017-12-04 17:46:16,删除长低速记录,0.0,0.0,连续低于10 km/h的记录超过180条
2017-12-04 17:46:17,删除长低速记录,0.0,0.0,连续低于10 km/h的记录超过180条
2017-12-04 17:46:18,删除长低速记录,0.0,0.0,连续低于10 km/h的记录超过180条
2017-12-04 17:46:19,删除长低速记录,0.0,0.0,连续低于10 km/h的记录超过180条
2017-12-04 17:46:20,删除长低速记录,0.0,0.0,连续低于10 km/h的记录超过180条
2017-12-04 17:46:21,删除长低速记录,0.0,0.0,连续低于10 km/h的记录超过180条
2017-12-04 17:46:22,删除长低速记录,0.0,0.0,连续低于10 km/h的记录超过180条
2017-12-04 17:46:23,删除长低速记录,0.0,0.0,连续低于10 km/h的记录超过180条
2017-12-04 17:46:24,删除长低速记录,0.0,0.0,连续低于10 km/h的记录超过180条
2017-12-04 17:46:25,删除长低速记录,0.0,0.0,连续低于10 km/h的记录超过180条
2017-12-04 17:46:26,删除长低速记录,0.0,0.0,连续低于10 km/h的记录超过180条
2017-12-04 17:46:27,删除长低速记录,0.0,0.0,连续低于10 km/h的记录超过180条
2017-12-04 17:46:28,删除长低速记录,0.0,0.0,连续低于10 km/h的记录超过180条
2017-12-04 17:46:29,删除长低速记录,0.0,0.0,连续低于10 km/h的记录超过180条
2017-12-04 17:46:30,删除长低速记录,0.0,0.0,连续低于10 km/h的记录超过180条
2017-12-04 17:46:31,删除长低速记录,0.0,0.0,连续低于10 km/h的记录超过180条
2017-12-04 17:46:32,删除长低速记录,0.0,0.0,连续低于10 km/h的记录超过180条
2017-12-04 17:46:33,删除长低速记录,0.0,0.0,连续低于10 km/h的记录超过180条
2017-12-04 17:46:34,删除长低速记录,0.0,0.0,连续低于10 km/h的记录超过180条
2017-12-04 17:46:35,删除长低速记录,0.0,0.0,连续低于10 km/h的记录超过180条
2017-12-04 17:46:36,删除长低速记录,0.0,0.0,连续低于10 km/h的记录超过180条
2017-12-04 17:46:37,删除长低速记录,0.0,0.0,连续低于10 km/h的记录超过180条
2017-12-04 17:46:38,删除长低速记录,0.0,0.0,连续低于10 km/h的记录超过180条
2017-12-04 17:46:39,删除长低速记录,0.0,0.0,连续低于10 km/h的记录超过180条
2017-12-04 17:46:40,删除长低速记录,0.0,0.0,连续低于10 km/h的记录超过180条
2017-12-04 17:46:41,删除长低速记录,0.0,0.0,连续低于10 km/h的记录超过180条
2017-12-04 17:46:42,删除长低速记录,0.0,0.0,连续低于10 km/h的记录超过180条
2017-12-04 17:46:43,删除长低速记录,0.0,0.0,连续低于10 km/h的记录超过180条
2017-12-04 17:46:44,删除长低速记录,0.0,0.0,连续低于10 km/h的记录超过180条
2017-12-04 17:46:45,删除长低速记录,0.0,0.0,连续低于10 km/h的记录超过180条
2017-12-04 17:46:46,删除长低速记录,0.0,0.0,连续低于10 km/h的记录超过180条
2017-12-04 17:46:47,删除长低速记录,0.0,0.0,连续低于10 km/h的记录超过180条
2017-12-04 17:46:48,删除长低速记录,0.0,0.0,连续低于10 km/h的记录超过180条
2017-12-04 17:46:49,删除长低速记录,0.0,0.0,连续低于10 km/h的记录超过180条
2017-12-04 17:46:50,删除长低速记录,0.0,0.0,连续低于10 km/h的记录超过180条
2017-12-04 17:46:51,删除长低速记录,0.0,0.0,连续低于10 km/h的记录超过180条
2017-12-04 17:46:52,删除长低速记录,0.0,0.0,连续低于10 km/h的记录超过180条
2017-12-04 17:46:53,删除长低速记录,0.0,0.0,连续低于10 km/h的记录超过180条
2017-12-04 17:46:54,删除长低速记录,0.0,0.0,连续低于10 km/h的记录超过180条
2017-12-04 17:46:55,删除长低速记录,0.0,0.0,连续低于10 km/h的记录超过180条
2017-12-04 17:46:56,删除长低速记录,0.0,0.0,连续低于10 km/h的记录超过180条
2017-12-04 17:46:57,删除长低速记录,0.0,0.0,连续低于10 km/h的记录超过180条
2017-12-04 17:46:58,删除长低速记录,0.0,0.0,连续低于10 km/h的记录超过180条
2017-12-04 17:46:59,删除长低速记录,0.0,0.0,连续低于10 km/h的记录超过180条
2017-12-04 17:47:00,删除长低速记录,0.0,0.0,连续低于10 km/h的记录超过180条
2017-12-04 17:47:01,删除长低速记录,0.0,0.0,连续低于10 km/h的记录超过180条
2017-12-04 17:47:02,删除长低速记录,0.0,0.0,连续低于10 km/h的记录超过180条
2017-12-04 17:47:03,删除长低速记录,0.0,0.0,连续低于10 km/h的记录超过180条
2017-12-04 17:47:04,删除长低速记录,0.0,0.0,连续低于10 km/h的记录超过180条
2017-12-04 17:47:05,删除长低速记录,0.0,0.0,连续低于10 km/h的记录超过180条
2017-12-04 17:47:06,删除长低速记录,0.0,0.0,连续低于10 km/h的记录超过180条
2017-12-04 17:47:07,删除长低速记录,0.0,0.0,连续低于10 km/h的记录超过180条
2017-12-04 17:47:08,删除长低速记录,0.0,0.0,连续低于10 km/h的记录超过180条
2017-12-04 17:47:09,删除长低速记录,0.0,0.0,连续低于10 km/h的记录超过180条
2017-12-04 17:47:10,删除长低速记录,0.0,0.0,连续低于10 km/h的记录超过180条
2017-12-04 17:47:11,删除长低速记录,0.0,0.0,连续低于10 km/h的记录超过180条
2017-12-04 17:47:12,删除长低速记录,0.0,0.0,连续低于10 km/h的记录超过180条
2017-12-04 17:47:13,删除长低速记录,0.0,0.0,连续低于10 km/h的记录超过180条
2017-12-04 17:47:14,删除长低速记录,0.0,0.0,连续低于10 km/h的记录超过180条
2017-12-04 17:47:15,删除长低速记录,0.0,0.0,连续低于10 km/h的记录超过180条
2017-12-04 17:47:16,删除长低速记录,0.0,0.0,连续低于10 km/h的记录超过180条
2017-12-04 17:47:17,删除长低速记录,0.0,0.0,连续低于10 km/h的记录超过180条
2017-12-04 17:47:18,删除长低速记录,0.0,0.0,连续低于10 km/h的记录超过180条
2017-12-04 17:47:19,删除长低速记录,0.0,0.0,连续低于10 km/h的记录超过180条
2017-12-04 17:47:20,删除长低速记录,0.0,0.0,连续低于10 km/h的记录超过180条
2017-12-04 17:47:21,删除长低速记录,0.0,0.0,连续低于10 km/h的记录超过180条
2017-12-04 17:47:22,删除长低速记录,0.0,0.0,连续低于10 km/h的记录超过180条
2017-12-04 17:47:23,删除长低速记录,0.0,0.0,连续低于10 km/h的记录超过180条
2017-12-04 17:47:24,删除长低速记录,0.0,0.0,连续低于10 km/h的记录超过180条
2017-12-04 17:47:25,删除长低速记录,0.0,0.0,连续低于10 km/h的记录超过180条
2017-12-04 17:47:26,删除长低速记录,0.0,0.0,连续低于10 km/h的记录超过180条
2017-12-04 17:47:27,删除长低速记录,0.0,0.0,连续低于10 km/h的记录超过180条
2017-12-04 17:47:28,删除长低速记录,0.0,0.0,连续低于10 km/h的记录超过180条
2017-12-04 17:47:29,删除长低速记录,0.0,0.0,连续低于10 km/h的记录超过180条
2017-12-04 17:47:30,删除长低速记录,0.0,0.0,连续低于10 km/h的记录超过180条
2017-12-04 17:47:31,删除长低速记录,0.0,0.0,连续低于10 km/h的记录超过180条
2017-12-04 17:47:32,删除长低速记录,0.0,0.0,连续低于10 km/h的记录超过180条
2017-12-04 17:47:33,删除长低速记录,0.0,0.0,连续低于10 km/h的记录超过180条
2017-12-04 17:47:34,删除长低速记录,0.0,0.0,连续低于10 km/h的记录超过180条
2017-12-04 17:47:35,删除长低速记录,0.0,0.0,连续低于10 km/h的记录超过180条
2017-12-04 17:47:36,删除长低速记录,0.0,0.0,连续低于10 km/h的记录超过180条
2017-12-04 17:47:37,删除长低速记录,0.0,0.0,连续低于10 km/h的记录超过180条
2017-12-04 17:47:38,删除长低速记录,0.0,0.0,连续低于10 km/h的记录超过180条
2017-12-04 17:47:39,删除长低速记录,0.0,0.0,连续低于10 km/h的记录超过180条
2017-12-04 17:47:40,删除长低速记录,0.0,0.0,连续低于10 km/h的记录超过180条
2017-12-04 17:47:41,删除长低速记录,0.0,0.0,连续低于10 km/h的记录超过180条
2017-12-04 17:47:42,删除长低速记录,0.0,0.0,连续低于10 km/h的记录超过180条
2017-12-04 17:47:43,删除长低速记录,0.0,0.0,连续低于10 km/h的记录超过180条
2017-12-04 17:47:44,删除长低速记录,0.0,0.0,连续低于10 km/h的记录超过180条
2017-12-04 17:47:45,删除长低速记录,0.0,0.0,连续低于10 km/h的记录超过180条
2017-12-04 17:47:46,删除长低速记录,0.0,0.0,连续低于10 km/h的记录超过180条
2017-12-04 17:47:47,删除长低速记录,0.0,0.0,连续低于10 km/h的记录超过180条
2017-12-04 17:47:48,删除长低速记录,0.0,0.0,连续低于10 km/h的记录超过180条
2017-12-04 17:47:49,删除长低速记录,0.0,0.0,连续低于10 km/h的记录超过180条
2017-12-04 17:47:50,删除长低速记录,0.0,0.0,连续低于10 km/h的记录超过180条
2017-12-04 17:47:51,删除长低速记录,0.0,0.0,连续低于10 km/h的记录超过180条
2017-12-04 17:47:52,删除长低速记录,0.0,0.0,连续低于10 km/h的记录超过180条
2017-12-04 17:47:53,删除长低速记录,3.9,3.9,连续低于10 km/h的记录超过180条
2017-12-04 17:47:54,删除长低速记录,4.8,4.8,连续低于10 km/h的记录超过180条
2017-12-04 17:47:55,删除长低速记录,5.3,5.3,连续低于10 km/h的记录超过180条
2017-12-04 17:47:56,删除长低速记录,6.0,6.0,连续低于10 km/h的记录超过180条
2017-12-04 17:47:57,删除长低速记录,7.7,7.7,连续低于10 km/h的记录超过180条
2017-12-04 17:47:58,删除长低速记录,9.3,9.3,连续低于10 km/h的记录超过180条
2017-12-04 17:51:25,车速限幅,27.0,23.256,"连续1秒允许范围 [0.000000, 23.256000] km/h"
2017-12-04 17:54:53,车速限幅,16.6,14.256,"连续1秒允许范围 [0.000000, 14.256000] km/h"
2017-12-04 18:22:00,新增插值记录,,86.0,相邻速度 86 与 86 km/h 的线性中点
2017-12-04 18:22:11,新增插值记录,,86.0,相邻速度 86 与 86 km/h 的线性中点
2017-12-04 18:25:59,新增插值记录,,87.1,相邻速度 87.1 与 87.1 km/h 的线性中点
2017-12-04 18:28:53,新增插值记录,,87.8,相邻速度 87.8 与 87.8 km/h 的线性中点
2017-12-04 18:29:03,新增插值记录,,87.8,相邻速度 87.8 与 87.8 km/h 的线性中点
2017-12-04 18:29:10,新增插值记录,,87.8,相邻速度 87.8 与 87.8 km/h 的线性中点
2017-12-04 18:29:17,新增插值记录,,87.8,相邻速度 87.8 与 87.8 km/h 的线性中点
2017-12-04 19:55:57,车速限幅,16.9,14.856,"连续1秒允许范围 [0.000000, 14.856000] km/h"
2017-12-04 20:12:32,新增插值记录,,84.0,相邻速度 84 与 84 km/h 的线性中点
2017-12-04 20:12:42,新增插值记录,,84.0,相邻速度 84 与 84 km/h 的线性中点
2017-12-04 20:12:46,新增插值记录,,84.0,相邻速度 84 与 84 km/h 的线性中点
2017-12-04 20:17:42,新增插值记录,,92.0,相邻速度 92 与 92 km/h 的线性中点
2017-12-04 20:17:49,新增插值记录,,92.0,相邻速度 92 与 92 km/h 的线性中点
2017-12-04 20:40:07,新增插值记录,,31.9,相邻速度 31.9 与 31.9 km/h 的线性中点
2017-12-04 20:40:21,车速限幅,35.7,25.056,"连续1秒允许范围 [0.000000, 25.056000] km/h"
2017-12-04 20:40:31,新增插值记录,,7.65,相邻速度 10.8 与 4.5 km/h 的线性中点
2017-12-04 20:40:55,新增插值记录,,12.100000000000001,相邻速度 13.4 与 10.8 km/h 的线性中点
2017-12-04 20:41:11,新增插值记录,,13.4,相邻速度 13.4 与 13.4 km/h 的线性中点
2017-12-04 20:41:25,新增插值记录,,13.4,相邻速度 13.4 与 13.4 km/h 的线性中点
2017-12-04 20:42:31,新增插值记录,,15.7,相邻速度 15.4 与 16 km/h 的线性中点
2017-12-04 20:42:45,新增插值记录,,7.35,相邻速度 8.1 与 6.6 km/h 的线性中点
2017-12-04 20:50:38,新增插值记录,,0.0,相邻速度 0 与 0 km/h 的线性中点
2017-12-04 21:00:48,新增插值记录,,15.85,相邻速度 21.9 与 9.8 km/h 的线性中点
2017-12-04 21:02:09,新增插值记录,,27.95,相邻速度 27.5 与 28.4 km/h 的线性中点
2017-12-04 21:03:37,新增插值记录,,62.75,相邻速度 62.6 与 62.9 km/h 的线性中点
2017-12-04 21:06:13,新增插值记录,,15.25,相邻速度 18.3 与 12.2 km/h 的线性中点
2017-12-04 21:06:31,新增插值记录,,11.7,相邻速度 9.8 与 13.6 km/h 的线性中点
2017-12-04 21:06:36,新增插值记录,,12.85,相邻速度 11 与 14.7 km/h 的线性中点
2017-12-04 21:09:18,新增插值记录,,23.85,相邻速度 25.4 与 22.3 km/h 的线性中点
2017-12-04 21:58:36,删除长低速记录,0.0,0.0,连续低于10 km/h的记录超过180条
2017-12-04 21:58:37,删除长低速记录,0.0,0.0,连续低于10 km/h的记录超过180条
2017-12-04 21:58:38,删除长低速记录,0.0,0.0,连续低于10 km/h的记录超过180条
2017-12-04 21:58:39,删除长低速记录,0.0,0.0,连续低于10 km/h的记录超过180条
2017-12-04 21:58:40,删除长低速记录,0.0,0.0,连续低于10 km/h的记录超过180条
2017-12-04 21:58:41,删除长低速记录,5.3,5.3,连续低于10 km/h的记录超过180条
2017-12-04 21:58:42,删除长低速记录,7.8,7.8,连续低于10 km/h的记录超过180条
2017-12-04 21:58:43,删除长低速记录,7.9,7.9,连续低于10 km/h的记录超过180条
2017-12-04 21:58:44,删除长低速记录,8.0,8.0,连续低于10 km/h的记录超过180条
2017-12-04 21:58:45,删除长低速记录,6.9,6.9,连续低于10 km/h的记录超过180条
2017-12-04 21:58:46,删除长低速记录,5.5,5.5,连续低于10 km/h的记录超过180条
2017-12-04 21:58:47,删除长低速记录,5.6,5.6,连续低于10 km/h的记录超过180条
2017-12-04 21:58:48,删除长低速记录,6.2,6.2,连续低于10 km/h的记录超过180条
2017-12-04 21:58:49,删除长低速记录,6.7,6.7,连续低于10 km/h的记录超过180条
2017-12-04 21:58:50,删除长低速记录,6.7,6.7,连续低于10 km/h的记录超过180条
2017-12-04 21:58:51,删除长低速记录,4.7,4.7,连续低于10 km/h的记录超过180条
2017-12-04 21:58:52,删除长低速记录,2.2,2.2,连续低于10 km/h的记录超过180条
2017-12-04 21:58:53,删除长低速记录,0.0,0.0,连续低于10 km/h的记录超过180条
2017-12-04 21:58:54,删除长低速记录,0.0,0.0,连续低于10 km/h的记录超过180条
2017-12-04 21:58:55,删除长低速记录,0.0,0.0,连续低于10 km/h的记录超过180条
2017-12-04 21:58:56,删除长低速记录,0.0,0.0,连续低于10 km/h的记录超过180条
2017-12-04 21:58:57,删除长低速记录,0.0,0.0,连续低于10 km/h的记录超过180条
2017-12-04 21:58:58,删除长低速记录,0.0,0.0,连续低于10 km/h的记录超过180条
2017-12-04 21:58:59,删除长低速记录,4.9,4.9,连续低于10 km/h的记录超过180条
2017-12-04 21:59:00,删除长低速记录,8.7,8.7,连续低于10 km/h的记录超过180条
2017-12-04 23:27:50,删除长低速记录,0.0,0.0,连续低于10 km/h的记录超过180条
2017-12-04 23:27:51,删除长低速记录,0.0,0.0,连续低于10 km/h的记录超过180条
2017-12-04 23:27:52,删除长低速记录,0.0,0.0,连续低于10 km/h的记录超过180条
2017-12-04 23:27:53,删除长低速记录,0.0,0.0,连续低于10 km/h的记录超过180条
2017-12-04 23:27:54,删除长低速记录,0.0,0.0,连续低于10 km/h的记录超过180条
2017-12-04 23:27:55,删除长低速记录,0.0,0.0,连续低于10 km/h的记录超过180条
2017-12-04 23:27:56,删除长低速记录,0.0,0.0,连续低于10 km/h的记录超过180条
2017-12-04 23:27:57,删除长低速记录,0.0,0.0,连续低于10 km/h的记录超过180条
2017-12-04 23:27:58,删除长低速记录,0.0,0.0,连续低于10 km/h的记录超过180条
2017-12-04 23:27:59,删除长低速记录,0.0,0.0,连续低于10 km/h的记录超过180条
2017-12-04 23:28:00,删除长低速记录,0.0,0.0,连续低于10 km/h的记录超过180条
2017-12-04 23:28:01,删除长低速记录,0.0,0.0,连续低于10 km/h的记录超过180条
2017-12-04 23:28:02,删除长低速记录,0.0,0.0,连续低于10 km/h的记录超过180条
2017-12-04 23:28:03,删除长低速记录,0.0,0.0,连续低于10 km/h的记录超过180条
2017-12-04 23:28:04,删除长低速记录,0.0,0.0,连续低于10 km/h的记录超过180条
2017-12-04 23:28:05,删除长低速记录,0.0,0.0,连续低于10 km/h的记录超过180条
2017-12-04 23:28:06,删除长低速记录,0.0,0.0,连续低于10 km/h的记录超过180条
2017-12-04 23:28:07,删除长低速记录,0.0,0.0,连续低于10 km/h的记录超过180条
2017-12-04 23:28:08,删除长低速记录,0.0,0.0,连续低于10 km/h的记录超过180条
2017-12-04 23:28:09,删除长低速记录,0.0,0.0,连续低于10 km/h的记录超过180条
2017-12-04 23:28:10,删除长低速记录,0.0,0.0,连续低于10 km/h的记录超过180条
2017-12-04 23:28:11,删除长低速记录,0.0,0.0,连续低于10 km/h的记录超过180条
2017-12-04 23:28:12,删除长低速记录,0.0,0.0,连续低于10 km/h的记录超过180条
2017-12-04 23:28:13,删除长低速记录,0.0,0.0,连续低于10 km/h的记录超过180条
2017-12-04 23:28:14,删除长低速记录,0.0,0.0,连续低于10 km/h的记录超过180条
2017-12-04 23:28:15,删除长低速记录,0.0,0.0,连续低于10 km/h的记录超过180条
2017-12-04 23:28:16,删除长低速记录,0.0,0.0,连续低于10 km/h的记录超过180条
2017-12-04 23:28:17,删除长低速记录,0.0,0.0,连续低于10 km/h的记录超过180条
2017-12-04 23:28:18,删除长低速记录,0.0,0.0,连续低于10 km/h的记录超过180条
2017-12-04 23:28:19,删除长低速记录,0.0,0.0,连续低于10 km/h的记录超过180条
2017-12-04 23:28:20,删除长低速记录,0.0,0.0,连续低于10 km/h的记录超过180条
2017-12-04 23:28:21,删除长低速记录,0.0,0.0,连续低于10 km/h的记录超过180条
2017-12-04 23:28:22,删除长低速记录,0.0,0.0,连续低于10 km/h的记录超过180条
2017-12-04 23:28:23,删除长低速记录,0.0,0.0,连续低于10 km/h的记录超过180条
2017-12-04 23:28:24,删除长低速记录,0.0,0.0,连续低于10 km/h的记录超过180条
2017-12-04 23:28:25,删除长低速记录,0.0,0.0,连续低于10 km/h的记录超过180条
2017-12-04 23:28:26,删除长低速记录,0.0,0.0,连续低于10 km/h的记录超过180条
2017-12-04 23:28:27,删除长低速记录,0.0,0.0,连续低于10 km/h的记录超过180条
2017-12-04 23:28:28,删除长低速记录,0.0,0.0,连续低于10 km/h的记录超过180条
2017-12-04 23:28:29,删除长低速记录,0.0,0.0,连续低于10 km/h的记录超过180条
2017-12-04 23:28:30,删除长低速记录,0.0,0.0,连续低于10 km/h的记录超过180条
2017-12-04 23:28:31,删除长低速记录,0.0,0.0,连续低于10 km/h的记录超过180条
2017-12-04 23:28:32,删除长低速记录,0.0,0.0,连续低于10 km/h的记录超过180条
2017-12-04 23:28:33,删除长低速记录,0.0,0.0,连续低于10 km/h的记录超过180条
2017-12-04 23:28:34,删除长低速记录,0.0,0.0,连续低于10 km/h的记录超过180条
2017-12-04 23:28:35,删除长低速记录,0.0,0.0,连续低于10 km/h的记录超过180条
2017-12-04 23:28:36,删除长低速记录,0.0,0.0,连续低于10 km/h的记录超过180条
2017-12-04 23:28:37,删除长低速记录,0.0,0.0,连续低于10 km/h的记录超过180条
2017-12-04 23:28:38,删除长低速记录,0.0,0.0,连续低于10 km/h的记录超过180条
2017-12-04 23:28:39,删除长低速记录,0.0,0.0,连续低于10 km/h的记录超过180条
2017-12-04 23:28:40,删除长低速记录,0.0,0.0,连续低于10 km/h的记录超过180条
2017-12-04 23:28:41,删除长低速记录,0.0,0.0,连续低于10 km/h的记录超过180条
2017-12-04 23:28:42,删除长低速记录,0.0,0.0,连续低于10 km/h的记录超过180条
2017-12-04 23:28:43,删除长低速记录,0.0,0.0,连续低于10 km/h的记录超过180条
2017-12-04 23:28:44,删除长低速记录,0.0,0.0,连续低于10 km/h的记录超过180条
2017-12-04 23:28:45,删除长低速记录,0.0,0.0,连续低于10 km/h的记录超过180条
2017-12-04 23:28:46,删除长低速记录,0.0,0.0,连续低于10 km/h的记录超过180条
2017-12-04 23:28:47,删除长低速记录,0.0,0.0,连续低于10 km/h的记录超过180条
2017-12-04 23:28:48,删除长低速记录,0.0,0.0,连续低于10 km/h的记录超过180条
2017-12-04 23:28:49,删除长低速记录,0.0,0.0,连续低于10 km/h的记录超过180条
2017-12-04 23:28:50,删除长低速记录,0.0,0.0,连续低于10 km/h的记录超过180条
2017-12-04 23:28:51,删除长低速记录,0.0,0.0,连续低于10 km/h的记录超过180条
2017-12-04 23:28:52,删除长低速记录,0.0,0.0,连续低于10 km/h的记录超过180条
2017-12-04 23:28:53,删除长低速记录,0.0,0.0,连续低于10 km/h的记录超过180条
2017-12-04 23:28:54,删除长低速记录,0.0,0.0,连续低于10 km/h的记录超过180条
2017-12-04 23:28:55,删除长低速记录,0.0,0.0,连续低于10 km/h的记录超过180条
2017-12-04 23:28:56,删除长低速记录,0.0,0.0,连续低于10 km/h的记录超过180条
2017-12-04 23:28:57,删除长低速记录,0.0,0.0,连续低于10 km/h的记录超过180条
2017-12-04 23:28:58,删除长低速记录,0.0,0.0,连续低于10 km/h的记录超过180条
2017-12-04 23:28:59,删除长低速记录,0.0,0.0,连续低于10 km/h的记录超过180条
2017-12-04 23:29:00,删除长低速记录,0.0,0.0,连续低于10 km/h的记录超过180条
2017-12-04 23:29:01,删除长低速记录,0.0,0.0,连续低于10 km/h的记录超过180条
2017-12-04 23:29:02,删除长低速记录,0.0,0.0,连续低于10 km/h的记录超过180条
2017-12-04 23:29:03,删除长低速记录,0.0,0.0,连续低于10 km/h的记录超过180条
2017-12-04 23:29:04,删除长低速记录,0.0,0.0,连续低于10 km/h的记录超过180条
2017-12-04 23:29:05,删除长低速记录,0.0,0.0,连续低于10 km/h的记录超过180条
2017-12-04 23:29:06,删除长低速记录,0.0,0.0,连续低于10 km/h的记录超过180条
2017-12-04 23:29:07,删除长低速记录,0.0,0.0,连续低于10 km/h的记录超过180条
2017-12-04 23:29:08,删除长低速记录,0.0,0.0,连续低于10 km/h的记录超过180条
2017-12-04 23:29:09,删除长低速记录,0.0,0.0,连续低于10 km/h的记录超过180条
2017-12-04 23:29:10,删除长低速记录,0.0,0.0,连续低于10 km/h的记录超过180条
2017-12-04 23:29:11,删除长低速记录,0.0,0.0,连续低于10 km/h的记录超过180条
2017-12-04 23:29:12,删除长低速记录,0.0,0.0,连续低于10 km/h的记录超过180条
2017-12-04 23:29:13,删除长低速记录,0.0,0.0,连续低于10 km/h的记录超过180条
2017-12-04 23:29:14,删除长低速记录,0.0,0.0,连续低于10 km/h的记录超过180条
2017-12-04 23:29:15,删除长低速记录,0.0,0.0,连续低于10 km/h的记录超过180条
2017-12-04 23:29:16,删除长低速记录,0.0,0.0,连续低于10 km/h的记录超过180条
2017-12-04 23:29:17,删除长低速记录,0.0,0.0,连续低于10 km/h的记录超过180条
2017-12-04 23:29:18,删除长低速记录,0.0,0.0,连续低于10 km/h的记录超过180条
2017-12-04 23:29:19,删除长低速记录,0.0,0.0,连续低于10 km/h的记录超过180条
2017-12-04 23:29:20,删除长低速记录,0.0,0.0,连续低于10 km/h的记录超过180条
2017-12-04 23:29:21,删除长低速记录,0.0,0.0,连续低于10 km/h的记录超过180条
2017-12-04 23:29:22,删除长低速记录,0.0,0.0,连续低于10 km/h的记录超过180条
2017-12-04 23:29:23,删除长低速记录,0.0,0.0,连续低于10 km/h的记录超过180条
2017-12-04 23:29:24,删除长低速记录,0.0,0.0,连续低于10 km/h的记录超过180条
2017-12-04 23:29:25,删除长低速记录,0.0,0.0,连续低于10 km/h的记录超过180条
2017-12-04 23:29:26,删除长低速记录,0.0,0.0,连续低于10 km/h的记录超过180条
2017-12-04 23:29:27,删除长低速记录,0.0,0.0,连续低于10 km/h的记录超过180条
2017-12-04 23:29:28,删除长低速记录,0.0,0.0,连续低于10 km/h的记录超过180条
2017-12-04 23:29:29,删除长低速记录,0.0,0.0,连续低于10 km/h的记录超过180条
2017-12-04 23:29:30,删除长低速记录,0.0,0.0,连续低于10 km/h的记录超过180条
2017-12-04 23:29:31,删除长低速记录,0.0,0.0,连续低于10 km/h的记录超过180条
2017-12-04 23:29:32,删除长低速记录,0.0,0.0,连续低于10 km/h的记录超过180条
2017-12-04 23:29:33,删除长低速记录,0.0,0.0,连续低于10 km/h的记录超过180条
2017-12-04 23:29:34,删除长低速记录,0.0,0.0,连续低于10 km/h的记录超过180条
2017-12-04 23:29:35,删除长低速记录,0.0,0.0,连续低于10 km/h的记录超过180条
2017-12-04 23:29:36,删除长低速记录,0.0,0.0,连续低于10 km/h的记录超过180条
2017-12-04 23:29:37,删除长低速记录,0.0,0.0,连续低于10 km/h的记录超过180条
2017-12-04 23:29:38,删除长低速记录,0.0,0.0,连续低于10 km/h的记录超过180条
2017-12-04 23:29:39,删除长低速记录,0.0,0.0,连续低于10 km/h的记录超过180条
2017-12-04 23:29:40,删除长低速记录,0.0,0.0,连续低于10 km/h的记录超过180条
2017-12-04 23:29:41,删除长低速记录,0.0,0.0,连续低于10 km/h的记录超过180条
2017-12-04 23:29:42,删除长低速记录,0.0,0.0,连续低于10 km/h的记录超过180条
2017-12-04 23:29:43,删除长低速记录,0.0,0.0,连续低于10 km/h的记录超过180条
2017-12-04 23:29:44,删除长低速记录,0.0,0.0,连续低于10 km/h的记录超过180条
2017-12-04 23:29:45,删除长低速记录,0.0,0.0,连续低于10 km/h的记录超过180条
2017-12-04 23:29:46,删除长低速记录,0.0,0.0,连续低于10 km/h的记录超过180条
2017-12-04 23:29:47,删除长低速记录,0.0,0.0,连续低于10 km/h的记录超过180条
2017-12-04 23:29:48,删除长低速记录,0.0,0.0,连续低于10 km/h的记录超过180条
2017-12-04 23:29:49,删除长低速记录,0.0,0.0,连续低于10 km/h的记录超过180条
2017-12-04 23:29:50,删除长低速记录,0.0,0.0,连续低于10 km/h的记录超过180条
2017-12-04 23:29:51,删除长低速记录,0.0,0.0,连续低于10 km/h的记录超过180条
2017-12-04 23:29:52,删除长低速记录,0.0,0.0,连续低于10 km/h的记录超过180条
2017-12-04 23:29:53,删除长低速记录,0.0,0.0,连续低于10 km/h的记录超过180条
2017-12-04 23:29:54,删除长低速记录,0.0,0.0,连续低于10 km/h的记录超过180条
2017-12-04 23:29:55,删除长低速记录,0.0,0.0,连续低于10 km/h的记录超过180条
2017-12-04 23:29:56,删除长低速记录,0.0,0.0,连续低于10 km/h的记录超过180条
2017-12-04 23:29:57,删除长低速记录,0.0,0.0,连续低于10 km/h的记录超过180条
2017-12-04 23:29:58,删除长低速记录,0.0,0.0,连续低于10 km/h的记录超过180条
2017-12-04 23:29:59,删除长低速记录,0.0,0.0,连续低于10 km/h的记录超过180条
2017-12-04 23:30:00,删除长低速记录,0.0,0.0,连续低于10 km/h的记录超过180条
2017-12-04 23:30:01,删除长低速记录,0.0,0.0,连续低于10 km/h的记录超过180条
2017-12-04 23:30:02,删除长低速记录,0.0,0.0,连续低于10 km/h的记录超过180条
2017-12-04 23:30:03,删除长低速记录,0.0,0.0,连续低于10 km/h的记录超过180条
2017-12-04 23:30:04,删除长低速记录,0.0,0.0,连续低于10 km/h的记录超过180条
2017-12-04 23:30:05,删除长低速记录,0.0,0.0,连续低于10 km/h的记录超过180条
2017-12-04 23:30:06,删除长低速记录,0.0,0.0,连续低于10 km/h的记录超过180条
2017-12-04 23:30:07,删除长低速记录,0.0,0.0,连续低于10 km/h的记录超过180条
2017-12-04 23:30:08,删除长低速记录,0.0,0.0,连续低于10 km/h的记录超过180条
2017-12-04 23:30:09,删除长低速记录,0.0,0.0,连续低于10 km/h的记录超过180条
2017-12-04 23:30:10,删除长低速记录,0.0,0.0,连续低于10 km/h的记录超过180条
2017-12-04 23:30:11,删除长低速记录,0.0,0.0,连续低于10 km/h的记录超过180条
2017-12-04 23:30:12,删除长低速记录,0.0,0.0,连续低于10 km/h的记录超过180条
2017-12-04 23:30:13,删除长低速记录,0.0,0.0,连续低于10 km/h的记录超过180条
2017-12-04 23:30:14,删除长低速记录,0.0,0.0,连续低于10 km/h的记录超过180条
2017-12-04 23:30:15,删除长低速记录,0.0,0.0,连续低于10 km/h的记录超过180条
2017-12-04 23:30:16,删除长低速记录,0.0,0.0,连续低于10 km/h的记录超过180条
2017-12-04 23:30:17,删除长低速记录,0.0,0.0,连续低于10 km/h的记录超过180条
2017-12-04 23:30:18,删除长低速记录,0.0,0.0,连续低于10 km/h的记录超过180条
2017-12-04 23:30:19,删除长低速记录,0.0,0.0,连续低于10 km/h的记录超过180条
2017-12-04 23:30:20,删除长低速记录,0.0,0.0,连续低于10 km/h的记录超过180条
2017-12-04 23:30:21,删除长低速记录,0.0,0.0,连续低于10 km/h的记录超过180条
2017-12-04 23:30:22,删除长低速记录,0.0,0.0,连续低于10 km/h的记录超过180条
2017-12-04 23:30:23,删除长低速记录,0.0,0.0,连续低于10 km/h的记录超过180条
2017-12-04 23:30:24,删除长低速记录,0.0,0.0,连续低于10 km/h的记录超过180条
2017-12-04 23:30:25,删除长低速记录,0.0,0.0,连续低于10 km/h的记录超过180条
2017-12-04 23:30:26,删除长低速记录,0.0,0.0,连续低于10 km/h的记录超过180条
2017-12-04 23:30:27,删除长低速记录,0.0,0.0,连续低于10 km/h的记录超过180条
2017-12-04 23:30:28,删除长低速记录,0.0,0.0,连续低于10 km/h的记录超过180条
2017-12-04 23:30:29,删除长低速记录,0.0,0.0,连续低于10 km/h的记录超过180条
2017-12-04 23:30:30,删除长低速记录,0.0,0.0,连续低于10 km/h的记录超过180条
2017-12-04 23:30:31,删除长低速记录,0.0,0.0,连续低于10 km/h的记录超过180条
2017-12-04 23:30:32,删除长低速记录,0.0,0.0,连续低于10 km/h的记录超过180条
2017-12-04 23:30:33,删除长低速记录,0.0,0.0,连续低于10 km/h的记录超过180条
2017-12-04 23:30:34,删除长低速记录,0.0,0.0,连续低于10 km/h的记录超过180条
2017-12-04 23:30:35,删除长低速记录,0.0,0.0,连续低于10 km/h的记录超过180条
2017-12-04 23:30:36,删除长低速记录,0.0,0.0,连续低于10 km/h的记录超过180条
2017-12-04 23:30:37,删除长低速记录,0.0,0.0,连续低于10 km/h的记录超过180条
2017-12-04 23:30:38,删除长低速记录,0.0,0.0,连续低于10 km/h的记录超过180条
2017-12-04 23:30:39,删除长低速记录,0.0,0.0,连续低于10 km/h的记录超过180条
2017-12-04 23:30:40,删除长低速记录,0.0,0.0,连续低于10 km/h的记录超过180条
2017-12-04 23:30:41,删除长低速记录,0.0,0.0,连续低于10 km/h的记录超过180条
2017-12-04 23:30:42,删除长低速记录,0.0,0.0,连续低于10 km/h的记录超过180条
2017-12-04 23:30:43,删除长低速记录,0.0,0.0,连续低于10 km/h的记录超过180条
2017-12-04 23:30:44,删除长低速记录,0.0,0.0,连续低于10 km/h的记录超过180条
2017-12-04 23:30:45,删除长低速记录,0.0,0.0,连续低于10 km/h的记录超过180条
2017-12-04 23:30:46,删除长低速记录,0.0,0.0,连续低于10 km/h的记录超过180条
2017-12-04 23:30:47,删除长低速记录,0.0,0.0,连续低于10 km/h的记录超过180条
2017-12-04 23:30:48,删除长低速记录,0.0,0.0,连续低于10 km/h的记录超过180条
2017-12-04 23:30:49,删除长低速记录,0.0,0.0,连续低于10 km/h的记录超过180条
2017-12-04 23:30:50,删除长低速记录,0.0,0.0,连续低于10 km/h的记录超过180条
2017-12-04 23:30:51,删除长低速记录,0.0,0.0,连续低于10 km/h的记录超过180条
2017-12-04 23:30:52,删除长低速记录,0.0,0.0,连续低于10 km/h的记录超过180条
2017-12-04 23:30:53,删除长低速记录,0.0,0.0,连续低于10 km/h的记录超过180条
2017-12-04 23:30:54,删除长低速记录,0.0,0.0,连续低于10 km/h的记录超过180条
2017-12-04 23:30:55,删除长低速记录,0.0,0.0,连续低于10 km/h的记录超过180条
2017-12-04 23:30:56,删除长低速记录,0.0,0.0,连续低于10 km/h的记录超过180条
2017-12-04 23:30:57,删除长低速记录,0.0,0.0,连续低于10 km/h的记录超过180条
2017-12-04 23:30:58,删除长低速记录,0.0,0.0,连续低于10 km/h的记录超过180条
2017-12-04 23:30:59,删除长低速记录,0.0,0.0,连续低于10 km/h的记录超过180条
2017-12-04 23:31:00,删除长低速记录,0.0,0.0,连续低于10 km/h的记录超过180条
2017-12-04 23:31:01,删除长低速记录,0.0,0.0,连续低于10 km/h的记录超过180条
2017-12-04 23:31:02,删除长低速记录,0.0,0.0,连续低于10 km/h的记录超过180条
2017-12-04 23:31:03,删除长低速记录,0.0,0.0,连续低于10 km/h的记录超过180条
2017-12-04 23:31:04,删除长低速记录,0.0,0.0,连续低于10 km/h的记录超过180条
2017-12-04 23:31:05,删除长低速记录,0.0,0.0,连续低于10 km/h的记录超过180条
2017-12-04 23:31:06,删除长低速记录,0.0,0.0,连续低于10 km/h的记录超过180条
2017-12-04 23:31:07,删除长低速记录,0.0,0.0,连续低于10 km/h的记录超过180条
2017-12-04 23:31:08,删除长低速记录,0.0,0.0,连续低于10 km/h的记录超过180条
2017-12-04 23:31:09,删除长低速记录,0.0,0.0,连续低于10 km/h的记录超过180条
2017-12-04 23:31:10,删除长低速记录,0.0,0.0,连续低于10 km/h的记录超过180条
2017-12-04 23:31:11,删除长低速记录,0.0,0.0,连续低于10 km/h的记录超过180条
2017-12-04 23:31:12,删除长低速记录,0.0,0.0,连续低于10 km/h的记录超过180条
2017-12-04 23:31:13,删除长低速记录,0.0,0.0,连续低于10 km/h的记录超过180条
2017-12-04 23:31:14,删除长低速记录,0.0,0.0,连续低于10 km/h的记录超过180条
2017-12-04 23:31:15,删除长低速记录,0.0,0.0,连续低于10 km/h的记录超过180条
2017-12-04 23:31:16,删除长低速记录,0.0,0.0,连续低于10 km/h的记录超过180条
2017-12-04 23:31:17,删除长低速记录,0.0,0.0,连续低于10 km/h的记录超过180条
2017-12-04 23:31:18,删除长低速记录,0.0,0.0,连续低于10 km/h的记录超过180条
2017-12-04 23:31:19,删除长低速记录,0.0,0.0,连续低于10 km/h的记录超过180条
2017-12-04 23:31:20,删除长低速记录,0.0,0.0,连续低于10 km/h的记录超过180条
2017-12-04 23:31:21,删除长低速记录,0.0,0.0,连续低于10 km/h的记录超过180条
2017-12-04 23:31:22,删除长低速记录,0.0,0.0,连续低于10 km/h的记录超过180条
2017-12-04 23:31:23,删除长低速记录,0.0,0.0,连续低于10 km/h的记录超过180条
2017-12-04 23:31:24,删除长低速记录,0.0,0.0,连续低于10 km/h的记录超过180条
2017-12-04 23:31:25,删除长低速记录,0.0,0.0,连续低于10 km/h的记录超过180条
2017-12-04 23:31:26,删除长低速记录,0.0,0.0,连续低于10 km/h的记录超过180条
2017-12-04 23:31:27,删除长低速记录,0.0,0.0,连续低于10 km/h的记录超过180条
2017-12-04 23:31:28,删除长低速记录,0.0,0.0,连续低于10 km/h的记录超过180条
2017-12-04 23:31:29,删除长低速记录,0.0,0.0,连续低于10 km/h的记录超过180条
2017-12-04 23:31:30,删除长低速记录,0.0,0.0,连续低于10 km/h的记录超过180条
2017-12-04 23:31:31,删除长低速记录,0.0,0.0,连续低于10 km/h的记录超过180条
2017-12-04 23:31:32,删除长低速记录,0.0,0.0,连续低于10 km/h的记录超过180条
2017-12-04 23:31:33,删除长低速记录,0.0,0.0,连续低于10 km/h的记录超过180条
2017-12-04 23:31:34,删除长低速记录,0.0,0.0,连续低于10 km/h的记录超过180条
2017-12-04 23:31:35,删除长低速记录,0.0,0.0,连续低于10 km/h的记录超过180条
2017-12-04 23:31:36,删除长低速记录,0.0,0.0,连续低于10 km/h的记录超过180条
2017-12-04 23:31:37,删除长低速记录,0.0,0.0,连续低于10 km/h的记录超过180条
2017-12-04 23:31:38,删除长低速记录,0.0,0.0,连续低于10 km/h的记录超过180条
2017-12-04 23:31:39,删除长低速记录,0.0,0.0,连续低于10 km/h的记录超过180条
2017-12-04 23:31:40,删除长低速记录,0.0,0.0,连续低于10 km/h的记录超过180条
2017-12-04 23:31:41,删除长低速记录,0.0,0.0,连续低于10 km/h的记录超过180条
2017-12-04 23:31:42,删除长低速记录,0.0,0.0,连续低于10 km/h的记录超过180条
2017-12-04 23:31:43,删除长低速记录,0.0,0.0,连续低于10 km/h的记录超过180条
2017-12-04 23:31:44,删除长低速记录,0.0,0.0,连续低于10 km/h的记录超过180条
2017-12-04 23:31:45,删除长低速记录,0.0,0.0,连续低于10 km/h的记录超过180条
2017-12-04 23:31:46,删除长低速记录,0.0,0.0,连续低于10 km/h的记录超过180条
2017-12-04 23:31:47,删除长低速记录,0.0,0.0,连续低于10 km/h的记录超过180条
2017-12-04 23:31:48,删除长低速记录,0.0,0.0,连续低于10 km/h的记录超过180条
2017-12-04 23:31:49,删除长低速记录,0.0,0.0,连续低于10 km/h的记录超过180条
2017-12-04 23:31:50,删除长低速记录,0.0,0.0,连续低于10 km/h的记录超过180条
2017-12-04 23:31:51,删除长低速记录,0.0,0.0,连续低于10 km/h的记录超过180条
2017-12-04 23:31:52,删除长低速记录,0.0,0.0,连续低于10 km/h的记录超过180条
2017-12-04 23:31:53,删除长低速记录,0.0,0.0,连续低于10 km/h的记录超过180条
2017-12-04 23:31:54,删除长低速记录,0.0,0.0,连续低于10 km/h的记录超过180条
2017-12-04 23:31:55,删除长低速记录,0.0,0.0,连续低于10 km/h的记录超过180条
2017-12-04 23:31:56,删除长低速记录,0.0,0.0,连续低于10 km/h的记录超过180条
2017-12-04 23:31:57,删除长低速记录,0.0,0.0,连续低于10 km/h的记录超过180条
2017-12-04 23:31:58,删除长低速记录,0.0,0.0,连续低于10 km/h的记录超过180条
2017-12-04 23:31:59,删除长低速记录,0.0,0.0,连续低于10 km/h的记录超过180条
2017-12-04 23:32:00,删除长低速记录,0.0,0.0,连续低于10 km/h的记录超过180条
2017-12-04 23:32:01,删除长低速记录,0.0,0.0,连续低于10 km/h的记录超过180条
2017-12-04 23:32:02,删除长低速记录,0.0,0.0,连续低于10 km/h的记录超过180条
2017-12-04 23:32:03,删除长低速记录,0.0,0.0,连续低于10 km/h的记录超过180条
2017-12-04 23:32:04,删除长低速记录,0.0,0.0,连续低于10 km/h的记录超过180条
2017-12-04 23:32:05,删除长低速记录,0.0,0.0,连续低于10 km/h的记录超过180条
2017-12-04 23:32:06,删除长低速记录,0.0,0.0,连续低于10 km/h的记录超过180条
2017-12-04 23:32:07,删除长低速记录,0.0,0.0,连续低于10 km/h的记录超过180条
2017-12-04 23:32:08,删除长低速记录,0.0,0.0,连续低于10 km/h的记录超过180条
2017-12-04 23:32:09,删除长低速记录,0.0,0.0,连续低于10 km/h的记录超过180条
2017-12-04 23:32:10,删除长低速记录,0.0,0.0,连续低于10 km/h的记录超过180条
2017-12-04 23:32:11,删除长低速记录,0.0,0.0,连续低于10 km/h的记录超过180条
2017-12-04 23:32:12,删除长低速记录,0.0,0.0,连续低于10 km/h的记录超过180条
2017-12-04 23:32:13,删除长低速记录,0.0,0.0,连续低于10 km/h的记录超过180条
2017-12-04 23:32:14,删除长低速记录,0.0,0.0,连续低于10 km/h的记录超过180条
2017-12-04 23:32:15,删除长低速记录,0.0,0.0,连续低于10 km/h的记录超过180条
2017-12-04 23:32:16,删除长低速记录,0.0,0.0,连续低于10 km/h的记录超过180条
2017-12-04 23:32:17,删除长低速记录,0.0,0.0,连续低于10 km/h的记录超过180条
2017-12-04 23:32:18,删除长低速记录,0.0,0.0,连续低于10 km/h的记录超过180条
2017-12-04 23:32:19,删除长低速记录,0.0,0.0,连续低于10 km/h的记录超过180条
2017-12-04 23:32:20,删除长低速记录,0.0,0.0,连续低于10 km/h的记录超过180条
2017-12-04 23:32:21,删除长低速记录,0.0,0.0,连续低于10 km/h的记录超过180条
2017-12-04 23:32:22,删除长低速记录,0.0,0.0,连续低于10 km/h的记录超过180条
2017-12-04 23:32:23,删除长低速记录,0.0,0.0,连续低于10 km/h的记录超过180条
2017-12-04 23:32:24,删除长低速记录,0.0,0.0,连续低于10 km/h的记录超过180条
2017-12-04 23:32:25,删除长低速记录,0.0,0.0,连续低于10 km/h的记录超过180条
2017-12-04 23:32:26,删除长低速记录,0.0,0.0,连续低于10 km/h的记录超过180条
2017-12-04 23:32:27,删除长低速记录,0.0,0.0,连续低于10 km/h的记录超过180条
2017-12-04 23:32:28,删除长低速记录,0.0,0.0,连续低于10 km/h的记录超过180条
2017-12-04 23:32:29,删除长低速记录,0.0,0.0,连续低于10 km/h的记录超过180条
2017-12-04 23:32:30,删除长低速记录,0.0,0.0,连续低于10 km/h的记录超过180条
2017-12-04 23:32:31,删除长低速记录,0.0,0.0,连续低于10 km/h的记录超过180条
2017-12-04 23:32:32,删除长低速记录,0.0,0.0,连续低于10 km/h的记录超过180条
2017-12-04 23:32:33,删除长低速记录,0.0,0.0,连续低于10 km/h的记录超过180条
2017-12-04 23:32:34,删除长低速记录,0.0,0.0,连续低于10 km/h的记录超过180条
2017-12-04 23:32:35,删除长低速记录,0.0,0.0,连续低于10 km/h的记录超过180条
2017-12-04 23:32:36,删除长低速记录,0.0,0.0,连续低于10 km/h的记录超过180条
2017-12-04 23:32:37,删除长低速记录,0.0,0.0,连续低于10 km/h的记录超过180条
2017-12-04 23:32:38,删除长低速记录,0.0,0.0,连续低于10 km/h的记录超过180条
2017-12-04 23:32:39,删除长低速记录,0.0,0.0,连续低于10 km/h的记录超过180条
2017-12-04 23:32:40,删除长低速记录,0.0,0.0,连续低于10 km/h的记录超过180条
2017-12-04 23:32:41,删除长低速记录,0.0,0.0,连续低于10 km/h的记录超过180条
2017-12-04 23:32:42,删除长低速记录,0.0,0.0,连续低于10 km/h的记录超过180条
2017-12-04 23:32:43,删除长低速记录,0.0,0.0,连续低于10 km/h的记录超过180条
2017-12-04 23:32:44,删除长低速记录,0.0,0.0,连续低于10 km/h的记录超过180条
2017-12-04 23:32:45,删除长低速记录,0.0,0.0,连续低于10 km/h的记录超过180条
2017-12-04 23:32:46,删除长低速记录,0.0,0.0,连续低于10 km/h的记录超过180条
2017-12-04 23:32:47,删除长低速记录,0.0,0.0,连续低于10 km/h的记录超过180条
2017-12-04 23:32:48,删除长低速记录,0.0,0.0,连续低于10 km/h的记录超过180条
2017-12-04 23:32:49,删除长低速记录,0.0,0.0,连续低于10 km/h的记录超过180条
2017-12-04 23:32:50,删除长低速记录,0.0,0.0,连续低于10 km/h的记录超过180条
2017-12-04 23:32:51,删除长低速记录,0.0,0.0,连续低于10 km/h的记录超过180条
2017-12-04 23:32:52,删除长低速记录,2.7,2.7,连续低于10 km/h的记录超过180条
2017-12-04 23:32:53,删除长低速记录,3.9,3.9,连续低于10 km/h的记录超过180条
2017-12-04 23:32:54,删除长低速记录,5.1,5.1,连续低于10 km/h的记录超过180条
2017-12-04 23:32:55,删除长低速记录,5.8,5.8,连续低于10 km/h的记录超过180条
2017-12-04 23:32:56,删除长低速记录,6.3,6.3,连续低于10 km/h的记录超过180条
2017-12-04 23:32:57,删除长低速记录,6.1,6.1,连续低于10 km/h的记录超过180条
2017-12-04 23:32:58,删除长低速记录,5.9,5.9,连续低于10 km/h的记录超过180条
2017-12-04 23:32:59,删除长低速记录,4.9,4.9,连续低于10 km/h的记录超过180条
2017-12-04 23:33:00,删除长低速记录,0.0,0.0,连续低于10 km/h的记录超过180条
2017-12-04 23:33:01,删除长低速记录,0.0,0.0,连续低于10 km/h的记录超过180条
2017-12-04 23:33:02,删除长低速记录,0.0,0.0,连续低于10 km/h的记录超过180条
2017-12-04 23:33:03,删除长低速记录,3.0,3.0,连续低于10 km/h的记录超过180条
2017-12-04 23:33:04,删除长低速记录,4.7,4.7,连续低于10 km/h的记录超过180条
2017-12-04 23:33:05,删除长低速记录,5.3,5.3,连续低于10 km/h的记录超过180条
2017-12-04 23:33:06,删除长低速记录,6.0,6.0,连续低于10 km/h的记录超过180条
2017-12-04 23:33:07,删除长低速记录,4.7,4.7,连续低于10 km/h的记录超过180条
2017-12-04 23:33:08,删除长低速记录,0.0,0.0,连续低于10 km/h的记录超过180条
2017-12-04 23:33:09,删除长低速记录,0.0,0.0,连续低于10 km/h的记录超过180条
2017-12-04 23:33:10,删除长低速记录,0.0,0.0,连续低于10 km/h的记录超过180条
2017-12-04 23:33:11,删除长低速记录,5.2,5.2,连续低于10 km/h的记录超过180条
2017-12-04 23:33:12,删除长低速记录,6.5,6.5,连续低于10 km/h的记录超过180条
2017-12-04 23:37:34,新增插值记录,,53.3,相邻速度 53.3 与 53.3 km/h 的线性中点
2017-12-05 00:38:16,新增插值记录,,30.25,相邻速度 35.1 与 25.4 km/h 的线性中点
2017-12-05 01:28:46,新增插值记录,,33.150000000000006,相邻速度 33.7 与 32.6 km/h 的线性中点
2017-12-05 01:32:46,车速限幅,59.2,54.956,"连续1秒允许范围 [11.900000, 54.956000] km/h"
2017-12-05 01:32:48,车速限幅,59.2,57.756,"连续1秒允许范围 [14.700000, 57.756000] km/h"
2017-12-05 01:37:06,车速限幅,70.2,66.456,"连续1秒允许范围 [23.400000, 66.456000] km/h"
2017-12-05 01:37:11,车速限幅,70.1,66.456,"连续1秒允许范围 [23.400000, 66.456000] km/h"
2017-12-05 01:50:53,车速限幅,2.9,39.2,"连续1秒允许范围 [39.200000, 82.256000] km/h"
2017-12-05 01:50:54,车速限幅,0.0,10.400000000000002,"连续1秒允许范围 [10.400000, 53.456000] km/h"
2017-12-05 01:53:23,车速限幅,28.6,31.599999999999998,"连续1秒允许范围 [31.600000, 74.656000] km/h"
2017-12-05 01:53:26,车速限幅,58.5,42.856,"连续1秒允许范围 [0.000000, 42.856000] km/h"
2017-12-05 01:53:28,车速限幅,57.7,42.856,"连续1秒允许范围 [0.000000, 42.856000] km/h"
2017-12-05 01:53:29,车速限幅,57.2,57.112,"连续1秒允许范围 [14.056000, 57.112000] km/h"
2017-12-05 02:03:54,删除长低速记录,0.0,0.0,连续低于10 km/h的记录超过180条
2017-12-05 02:03:55,删除长低速记录,0.0,0.0,连续低于10 km/h的记录超过180条
2017-12-05 02:03:56,删除长低速记录,0.0,0.0,连续低于10 km/h的记录超过180条
2017-12-05 02:03:57,删除长低速记录,0.0,0.0,连续低于10 km/h的记录超过180条
2017-12-05 02:03:58,删除长低速记录,0.0,0.0,连续低于10 km/h的记录超过180条
2017-12-05 02:03:59,删除长低速记录,0.0,0.0,连续低于10 km/h的记录超过180条
2017-12-05 02:04:00,删除长低速记录,0.0,0.0,连续低于10 km/h的记录超过180条
2017-12-05 02:04:01,删除长低速记录,0.0,0.0,连续低于10 km/h的记录超过180条
2017-12-05 02:04:02,删除长低速记录,0.0,0.0,连续低于10 km/h的记录超过180条
2017-12-05 02:04:03,删除长低速记录,0.0,0.0,连续低于10 km/h的记录超过180条
2017-12-05 02:04:04,删除长低速记录,0.0,0.0,连续低于10 km/h的记录超过180条
2017-12-05 02:04:05,删除长低速记录,0.0,0.0,连续低于10 km/h的记录超过180条
2017-12-05 02:04:06,删除长低速记录,0.0,0.0,连续低于10 km/h的记录超过180条
2017-12-05 02:04:07,删除长低速记录,0.0,0.0,连续低于10 km/h的记录超过180条
2017-12-05 02:04:08,删除长低速记录,0.0,0.0,连续低于10 km/h的记录超过180条
2017-12-05 02:04:09,删除长低速记录,0.0,0.0,连续低于10 km/h的记录超过180条
2017-12-05 02:04:10,删除长低速记录,0.0,0.0,连续低于10 km/h的记录超过180条
2017-12-05 02:04:11,删除长低速记录,0.0,0.0,连续低于10 km/h的记录超过180条
2017-12-05 02:04:12,删除长低速记录,0.0,0.0,连续低于10 km/h的记录超过180条
2017-12-05 02:04:13,删除长低速记录,0.0,0.0,连续低于10 km/h的记录超过180条
2017-12-05 02:04:14,删除长低速记录,0.0,0.0,连续低于10 km/h的记录超过180条
2017-12-05 02:04:15,删除长低速记录,0.0,0.0,连续低于10 km/h的记录超过180条
2017-12-05 02:04:16,删除长低速记录,0.0,0.0,连续低于10 km/h的记录超过180条
2017-12-05 02:04:17,删除长低速记录,0.0,0.0,连续低于10 km/h的记录超过180条
2017-12-05 02:04:18,删除长低速记录,0.0,0.0,连续低于10 km/h的记录超过180条
2017-12-05 02:04:19,删除长低速记录,0.0,0.0,连续低于10 km/h的记录超过180条
2017-12-05 02:04:20,删除长低速记录,0.0,0.0,连续低于10 km/h的记录超过180条
2017-12-05 02:04:21,删除长低速记录,0.0,0.0,连续低于10 km/h的记录超过180条
2017-12-05 02:04:22,删除长低速记录,0.0,0.0,连续低于10 km/h的记录超过180条
2017-12-05 02:04:23,删除长低速记录,0.0,0.0,连续低于10 km/h的记录超过180条
2017-12-05 02:04:24,删除长低速记录,0.0,0.0,连续低于10 km/h的记录超过180条
2017-12-05 02:04:25,删除长低速记录,0.0,0.0,连续低于10 km/h的记录超过180条
2017-12-05 02:04:26,删除长低速记录,0.0,0.0,连续低于10 km/h的记录超过180条
2017-12-05 02:04:27,删除长低速记录,0.0,0.0,连续低于10 km/h的记录超过180条
2017-12-05 02:04:28,删除长低速记录,0.0,0.0,连续低于10 km/h的记录超过180条
2017-12-05 02:04:29,删除长低速记录,0.0,0.0,连续低于10 km/h的记录超过180条
2017-12-05 02:04:30,删除长低速记录,0.0,0.0,连续低于10 km/h的记录超过180条
2017-12-05 02:04:31,删除长低速记录,0.0,0.0,连续低于10 km/h的记录超过180条
2017-12-05 02:04:32,删除长低速记录,0.0,0.0,连续低于10 km/h的记录超过180条
2017-12-05 02:04:33,删除长低速记录,0.0,0.0,连续低于10 km/h的记录超过180条
2017-12-05 02:04:34,删除长低速记录,0.0,0.0,连续低于10 km/h的记录超过180条
2017-12-05 02:04:35,删除长低速记录,0.0,0.0,连续低于10 km/h的记录超过180条
2017-12-05 02:04:36,删除长低速记录,0.0,0.0,连续低于10 km/h的记录超过180条
2017-12-05 02:04:37,删除长低速记录,0.0,0.0,连续低于10 km/h的记录超过180条
2017-12-05 02:04:38,删除长低速记录,0.0,0.0,连续低于10 km/h的记录超过180条
2017-12-05 02:04:39,删除长低速记录,0.0,0.0,连续低于10 km/h的记录超过180条
2017-12-05 02:04:40,删除长低速记录,0.0,0.0,连续低于10 km/h的记录超过180条
2017-12-05 02:04:41,删除长低速记录,0.0,0.0,连续低于10 km/h的记录超过180条
2017-12-05 02:04:42,删除长低速记录,0.0,0.0,连续低于10 km/h的记录超过180条
2017-12-05 02:04:43,删除长低速记录,0.0,0.0,连续低于10 km/h的记录超过180条
2017-12-05 02:04:44,删除长低速记录,0.0,0.0,连续低于10 km/h的记录超过180条
2017-12-05 02:04:45,删除长低速记录,0.0,0.0,连续低于10 km/h的记录超过180条
2017-12-05 02:04:46,删除长低速记录,0.0,0.0,连续低于10 km/h的记录超过180条
2017-12-05 02:04:47,删除长低速记录,0.0,0.0,连续低于10 km/h的记录超过180条
2017-12-05 02:04:48,删除长低速记录,0.0,0.0,连续低于10 km/h的记录超过180条
2017-12-05 02:04:49,删除长低速记录,0.0,0.0,连续低于10 km/h的记录超过180条
2017-12-05 02:04:50,删除长低速记录,0.0,0.0,连续低于10 km/h的记录超过180条
2017-12-05 02:04:51,删除长低速记录,0.0,0.0,连续低于10 km/h的记录超过180条
2017-12-05 02:04:52,删除长低速记录,0.0,0.0,连续低于10 km/h的记录超过180条
2017-12-05 02:04:53,删除长低速记录,0.0,0.0,连续低于10 km/h的记录超过180条
2017-12-05 02:04:54,删除长低速记录,0.0,0.0,连续低于10 km/h的记录超过180条
2017-12-05 02:04:55,删除长低速记录,0.0,0.0,连续低于10 km/h的记录超过180条
2017-12-05 02:04:56,删除长低速记录,0.0,0.0,连续低于10 km/h的记录超过180条
2017-12-05 02:04:57,删除长低速记录,0.0,0.0,连续低于10 km/h的记录超过180条
2017-12-05 02:04:58,删除长低速记录,0.0,0.0,连续低于10 km/h的记录超过180条
2017-12-05 02:04:59,删除长低速记录,0.0,0.0,连续低于10 km/h的记录超过180条
2017-12-05 02:05:00,删除长低速记录,0.0,0.0,连续低于10 km/h的记录超过180条
2017-12-05 02:05:01,删除长低速记录,0.0,0.0,连续低于10 km/h的记录超过180条
2017-12-05 02:05:02,删除长低速记录,0.0,0.0,连续低于10 km/h的记录超过180条
2017-12-05 02:05:03,删除长低速记录,0.0,0.0,连续低于10 km/h的记录超过180条
2017-12-05 02:05:04,删除长低速记录,0.0,0.0,连续低于10 km/h的记录超过180条
2017-12-05 02:05:05,删除长低速记录,4.1,4.1,连续低于10 km/h的记录超过180条
2017-12-05 02:05:06,删除长低速记录,7.1,7.1,连续低于10 km/h的记录超过180条
2017-12-05 02:05:07,删除长低速记录,9.9,9.9,连续低于10 km/h的记录超过180条
2017-12-05 02:08:48,删除长低速记录,0.0,0.0,连续低于10 km/h的记录超过180条
2017-12-05 02:08:49,删除长低速记录,0.0,0.0,连续低于10 km/h的记录超过180条
2017-12-05 02:08:50,删除长低速记录,0.0,0.0,连续低于10 km/h的记录超过180条
2017-12-05 02:08:51,删除长低速记录,0.0,0.0,连续低于10 km/h的记录超过180条
2017-12-05 02:08:52,删除长低速记录,0.0,0.0,连续低于10 km/h的记录超过180条
2017-12-05 02:08:53,删除长低速记录,0.0,0.0,连续低于10 km/h的记录超过180条
2017-12-05 02:08:54,删除长低速记录,0.0,0.0,连续低于10 km/h的记录超过180条
2017-12-05 02:08:55,删除长低速记录,0.0,0.0,连续低于10 km/h的记录超过180条
2017-12-05 02:08:56,删除长低速记录,0.0,0.0,连续低于10 km/h的记录超过180条
2017-12-05 02:08:57,删除长低速记录,0.0,0.0,连续低于10 km/h的记录超过180条
2017-12-05 02:08:58,删除长低速记录,0.0,0.0,连续低于10 km/h的记录超过180条
2017-12-05 02:08:59,删除长低速记录,0.0,0.0,连续低于10 km/h的记录超过180条
2017-12-05 02:09:00,删除长低速记录,0.0,0.0,连续低于10 km/h的记录超过180条
2017-12-05 02:09:01,删除长低速记录,0.0,0.0,连续低于10 km/h的记录超过180条
2017-12-05 02:09:02,删除长低速记录,0.0,0.0,连续低于10 km/h的记录超过180条
2017-12-05 02:09:03,删除长低速记录,0.0,0.0,连续低于10 km/h的记录超过180条
2017-12-05 02:09:04,删除长低速记录,0.0,0.0,连续低于10 km/h的记录超过180条
2017-12-05 02:09:05,删除长低速记录,0.0,0.0,连续低于10 km/h的记录超过180条
2017-12-05 02:09:06,删除长低速记录,0.0,0.0,连续低于10 km/h的记录超过180条
2017-12-05 02:09:07,删除长低速记录,0.0,0.0,连续低于10 km/h的记录超过180条
2017-12-05 02:09:08,删除长低速记录,0.0,0.0,连续低于10 km/h的记录超过180条
2017-12-05 02:09:09,删除长低速记录,0.0,0.0,连续低于10 km/h的记录超过180条
2017-12-05 02:09:10,删除长低速记录,0.0,0.0,连续低于10 km/h的记录超过180条
2017-12-05 02:09:11,删除长低速记录,0.0,0.0,连续低于10 km/h的记录超过180条
2017-12-05 02:09:12,删除长低速记录,0.0,0.0,连续低于10 km/h的记录超过180条
2017-12-05 02:09:13,删除长低速记录,0.0,0.0,连续低于10 km/h的记录超过180条
2017-12-05 02:09:14,删除长低速记录,0.0,0.0,连续低于10 km/h的记录超过180条
2017-12-05 02:09:15,删除长低速记录,0.0,0.0,连续低于10 km/h的记录超过180条
2017-12-05 02:09:16,删除长低速记录,0.0,0.0,连续低于10 km/h的记录超过180条
2017-12-05 02:09:17,删除长低速记录,0.0,0.0,连续低于10 km/h的记录超过180条
2017-12-05 02:09:18,删除长低速记录,0.0,0.0,连续低于10 km/h的记录超过180条
2017-12-05 02:09:19,删除长低速记录,0.0,0.0,连续低于10 km/h的记录超过180条
2017-12-05 02:09:20,删除长低速记录,0.0,0.0,连续低于10 km/h的记录超过180条
2017-12-05 02:09:21,删除长低速记录,0.0,0.0,连续低于10 km/h的记录超过180条
2017-12-05 02:09:22,删除长低速记录,0.0,0.0,连续低于10 km/h的记录超过180条
2017-12-05 02:09:23,删除长低速记录,0.0,0.0,连续低于10 km/h的记录超过180条
2017-12-05 02:09:24,删除长低速记录,0.0,0.0,连续低于10 km/h的记录超过180条
2017-12-05 02:09:25,删除长低速记录,0.0,0.0,连续低于10 km/h的记录超过180条
2017-12-05 02:09:26,删除长低速记录,0.0,0.0,连续低于10 km/h的记录超过180条
2017-12-05 02:09:27,删除长低速记录,0.0,0.0,连续低于10 km/h的记录超过180条
2017-12-05 02:09:28,删除长低速记录,0.0,0.0,连续低于10 km/h的记录超过180条
2017-12-05 02:09:29,删除长低速记录,0.0,0.0,连续低于10 km/h的记录超过180条
2017-12-05 02:09:30,删除长低速记录,0.0,0.0,连续低于10 km/h的记录超过180条
2017-12-05 02:09:31,删除长低速记录,0.0,0.0,连续低于10 km/h的记录超过180条
2017-12-05 02:09:32,删除长低速记录,0.0,0.0,连续低于10 km/h的记录超过180条
2017-12-05 02:09:33,删除长低速记录,0.0,0.0,连续低于10 km/h的记录超过180条
2017-12-05 02:09:34,删除长低速记录,0.0,0.0,连续低于10 km/h的记录超过180条
2017-12-05 02:09:35,删除长低速记录,0.0,0.0,连续低于10 km/h的记录超过180条
2017-12-05 02:09:36,删除长低速记录,0.0,0.0,连续低于10 km/h的记录超过180条
2017-12-05 02:09:37,删除长低速记录,0.0,0.0,连续低于10 km/h的记录超过180条
2017-12-05 02:09:38,删除长低速记录,0.0,0.0,连续低于10 km/h的记录超过180条
2017-12-05 02:09:39,删除长低速记录,0.0,0.0,连续低于10 km/h的记录超过180条
2017-12-05 02:09:40,删除长低速记录,0.0,0.0,连续低于10 km/h的记录超过180条
2017-12-05 02:09:41,删除长低速记录,0.0,0.0,连续低于10 km/h的记录超过180条
2017-12-05 02:09:42,删除长低速记录,0.0,0.0,连续低于10 km/h的记录超过180条
2017-12-05 02:09:43,删除长低速记录,0.0,0.0,连续低于10 km/h的记录超过180条
2017-12-05 02:09:44,删除长低速记录,0.0,0.0,连续低于10 km/h的记录超过180条
2017-12-05 02:09:45,删除长低速记录,0.0,0.0,连续低于10 km/h的记录超过180条
2017-12-05 02:09:46,删除长低速记录,0.0,0.0,连续低于10 km/h的记录超过180条
2017-12-05 02:09:47,删除长低速记录,0.0,0.0,连续低于10 km/h的记录超过180条
2017-12-05 02:09:48,删除长低速记录,0.0,0.0,连续低于10 km/h的记录超过180条
2017-12-05 02:09:49,删除长低速记录,0.0,0.0,连续低于10 km/h的记录超过180条
2017-12-05 02:09:50,删除长低速记录,0.0,0.0,连续低于10 km/h的记录超过180条
2017-12-05 02:09:51,删除长低速记录,0.0,0.0,连续低于10 km/h的记录超过180条
2017-12-05 02:09:52,删除长低速记录,0.0,0.0,连续低于10 km/h的记录超过180条
2017-12-05 02:09:53,删除长低速记录,0.0,0.0,连续低于10 km/h的记录超过180条
2017-12-05 02:09:54,删除长低速记录,0.0,0.0,连续低于10 km/h的记录超过180条
2017-12-05 02:09:55,删除长低速记录,0.0,0.0,连续低于10 km/h的记录超过180条
2017-12-05 02:09:56,删除长低速记录,0.0,0.0,连续低于10 km/h的记录超过180条
2017-12-05 02:09:57,删除长低速记录,0.0,0.0,连续低于10 km/h的记录超过180条
2017-12-05 02:09:58,删除长低速记录,0.0,0.0,连续低于10 km/h的记录超过180条
2017-12-05 02:09:59,删除长低速记录,0.0,0.0,连续低于10 km/h的记录超过180条
2017-12-05 02:10:00,删除长低速记录,0.0,0.0,连续低于10 km/h的记录超过180条
2017-12-05 02:10:01,删除长低速记录,0.0,0.0,连续低于10 km/h的记录超过180条
2017-12-05 02:10:02,删除长低速记录,0.0,0.0,连续低于10 km/h的记录超过180条
2017-12-05 02:10:03,删除长低速记录,0.0,0.0,连续低于10 km/h的记录超过180条
2017-12-05 02:10:04,删除长低速记录,0.0,0.0,连续低于10 km/h的记录超过180条
2017-12-05 02:10:05,删除长低速记录,0.0,0.0,连续低于10 km/h的记录超过180条
2017-12-05 02:10:06,删除长低速记录,7.0,7.0,连续低于10 km/h的记录超过180条
2017-12-05 02:12:50,新增插值记录,,36.3,相邻速度 34.8 与 37.8 km/h 的线性中点
2017-12-05 02:12:55,新增插值记录,,42.55,相邻速度 41.6 与 43.5 km/h 的线性中点
2017-12-05 02:13:18,车速限幅,31.3,19.556,"连续1秒允许范围 [0.000000, 19.556000] km/h"
2017-12-05 02:13:24,车速限幅,37.2,15.856,"连续1秒允许范围 [0.000000, 15.856000] km/h"
2017-12-05 02:13:38,新增插值记录,,31.299999999999997,相邻速度 29.8 与 32.8 km/h 的线性中点
2017-12-05 02:13:43,新增插值记录,,37.0,相邻速度 36.3 与 37.7 km/h 的线性中点
2017-12-05 02:14:39,新增插值记录,,40.05,相邻速度 41.6 与 38.5 km/h 的线性中点
2017-12-05 02:40:22,车速限幅,86.2,72.156,"连续1秒允许范围 [29.100000, 72.156000] km/h"
2017-12-05 02:40:25,车速限幅,81.6,72.156,"连续1秒允许范围 [29.100000, 72.156000] km/h"
2017-12-05 02:40:29,车速限幅,75.3,72.156,"连续1秒允许范围 [29.100000, 72.156000] km/h"
2017-12-05 02:40:39,车速限幅,0.1,29.099999999999998,"连续1秒允许范围 [29.100000, 72.156000] km/h"
2017-12-05 02:40:40,车速限幅,0.1,0.29999999999999716,"连续1秒允许范围 [0.300000, 43.356000] km/h"
2017-12-05 02:40:50,车速限幅,40.1,159.6,"连续1秒允许范围 [159.600000, 202.656000] km/h"
2017-12-05 02:40:51,车速限幅,44.5,130.79999999999998,"连续1秒允许范围 [130.800000, 173.856000] km/h"
2017-12-05 02:40:52,车速限幅,23.6,101.99999999999999,"连续1秒允许范围 [102.000000, 145.056000] km/h"
2017-12-05 02:40:53,车速限幅,21.9,73.19999999999999,"连续1秒允许范围 [73.200000, 116.256000] km/h"
2017-12-05 02:40:54,车速限幅,21.0,44.39999999999999,"连续1秒允许范围 [44.400000, 87.456000] km/h"
2017-12-05 02:40:55,车速限幅,8.9,15.59999999999999,"连续1秒允许范围 [15.600000, 58.656000] km/h"
2017-12-05 02:49:28,新增插值记录,,24.35,相邻速度 21.7 与 27 km/h 的线性中点
2017-12-05 02:52:17,车速限幅,71.9,60.556,"连续1秒允许范围 [17.500000, 60.556000] km/h"
2017-12-05 02:52:19,车速限幅,70.4,60.556,"连续1秒允许范围 [17.500000, 60.556000] km/h"
2017-12-05 02:52:33,新增插值记录,,46.849999999999994,相邻速度 47.4 与 46.3 km/h 的线性中点
2017-12-05 02:55:06,新增插值记录,,19.7,相邻速度 17.2 与 22.2 km/h 的线性中点
2017-12-05 10:55:59,删除长低速记录,0.0,0.0,连续低于10 km/h的记录超过180条
2017-12-05 10:56:00,删除长低速记录,0.0,0.0,连续低于10 km/h的记录超过180条
2017-12-05 10:56:01,删除长低速记录,0.0,0.0,连续低于10 km/h的记录超过180条
2017-12-05 10:56:02,删除长低速记录,0.0,0.0,连续低于10 km/h的记录超过180条
2017-12-05 10:56:03,删除长低速记录,0.0,0.0,连续低于10 km/h的记录超过180条
2017-12-05 10:56:04,删除长低速记录,0.0,0.0,连续低于10 km/h的记录超过180条
2017-12-05 10:56:05,删除长低速记录,5.0,5.0,连续低于10 km/h的记录超过180条
2017-12-05 10:56:06,删除长低速记录,4.6,4.6,连续低于10 km/h的记录超过180条
2017-12-05 10:56:07,删除长低速记录,4.9,4.9,连续低于10 km/h的记录超过180条
2017-12-05 10:56:08,删除长低速记录,4.5,4.5,连续低于10 km/h的记录超过180条
2017-12-05 10:56:09,删除长低速记录,6.1,6.1,连续低于10 km/h的记录超过180条
2017-12-05 11:10:59,新增插值记录,,0.75,相邻速度 0 与 1.5 km/h 的线性中点
2017-12-05 11:11:09,车速限幅,16.1,14.256,"连续1秒允许范围 [0.000000, 14.256000] km/h"
2017-12-05 11:11:25,车速限幅,23.8,14.256,"连续1秒允许范围 [0.000000, 14.256000] km/h"
2017-12-05 11:11:27,车速限幅,23.2,14.256,"连续1秒允许范围 [0.000000, 14.256000] km/h"
2017-12-05 11:12:48,车速限幅,16.5,14.256,"连续1秒允许范围 [0.000000, 14.256000] km/h"
2017-12-05 11:12:50,车速限幅,16.5,14.256,"连续1秒允许范围 [0.000000, 14.256000] km/h"
2017-12-05 11:13:11,新增插值记录,,17.5,相邻速度 17.5 与 17.5 km/h 的线性中点
2017-12-05 13:18:57,车速限幅,28.4,14.456,"连续1秒允许范围 [0.000000, 14.456000] km/h"
2017-12-05 13:19:04,车速限幅,14.5,14.456,"连续1秒允许范围 [0.000000, 14.456000] km/h"
2017-12-05 13:19:09,车速限幅,0.2,3.8000000000000007,"连续1秒允许范围 [3.800000, 46.856000] km/h"
2017-12-05 13:19:10,车速限幅,35.7,18.056,"连续1秒允许范围 [0.000000, 18.056000] km/h"
2017-12-05 13:19:11,车速限幅,38.0,32.312,"连续1秒允许范围 [0.000000, 32.312000] km/h"
2017-12-05 13:20:19,车速限幅,12.4,26.099999999999998,"连续1秒允许范围 [26.100000, 69.156000] km/h"
2017-12-05 13:20:20,车速限幅,54.9,40.355999999999995,"连续1秒允许范围 [0.000000, 40.356000] km/h"
2017-12-05 13:23:53,车速限幅,0.0,17.7,"连续1秒允许范围 [17.700000, 60.756000] km/h"
2017-12-05 13:23:56,车速限幅,46.5,14.256,"连续1秒允许范围 [0.000000, 14.256000] km/h"
2017-12-05 13:37:31,删除长低速记录,0.0,0.0,连续低于10 km/h的记录超过180条
2017-12-05 13:37:32,删除长低速记录,0.0,0.0,连续低于10 km/h的记录超过180条
2017-12-05 13:37:33,删除长低速记录,0.0,0.0,连续低于10 km/h的记录超过180条
2017-12-05 13:37:34,删除长低速记录,0.0,0.0,连续低于10 km/h的记录超过180条
2017-12-05 13:37:35,删除长低速记录,0.0,0.0,连续低于10 km/h的记录超过180条
2017-12-05 13:37:36,删除长低速记录,0.0,0.0,连续低于10 km/h的记录超过180条
2017-12-05 13:37:37,删除长低速记录,3.7,3.7,连续低于10 km/h的记录超过180条
2017-12-05 13:37:38,删除长低速记录,7.5,7.5,连续低于10 km/h的记录超过180条
2017-12-05 13:48:09,删除长低速记录,0.0,0.0,连续低于10 km/h的记录超过180条
2017-12-05 13:48:10,删除长低速记录,0.0,0.0,连续低于10 km/h的记录超过180条
2017-12-05 13:48:11,删除长低速记录,0.0,0.0,连续低于10 km/h的记录超过180条
2017-12-05 13:48:12,删除长低速记录,0.0,0.0,连续低于10 km/h的记录超过180条
2017-12-05 13:48:13,删除长低速记录,0.0,0.0,连续低于10 km/h的记录超过180条
2017-12-05 13:48:14,删除长低速记录,0.0,0.0,连续低于10 km/h的记录超过180条
2017-12-05 13:48:15,删除长低速记录,0.0,0.0,连续低于10 km/h的记录超过180条
2017-12-05 13:48:16,删除长低速记录,0.0,0.0,连续低于10 km/h的记录超过180条
2017-12-05 13:48:17,删除长低速记录,0.0,0.0,连续低于10 km/h的记录超过180条
2017-12-05 13:48:18,删除长低速记录,0.0,0.0,连续低于10 km/h的记录超过180条
2017-12-05 13:48:19,删除长低速记录,0.0,0.0,连续低于10 km/h的记录超过180条
2017-12-05 13:48:20,删除长低速记录,0.0,0.0,连续低于10 km/h的记录超过180条
2017-12-05 13:48:21,删除长低速记录,0.0,0.0,连续低于10 km/h的记录超过180条
2017-12-05 13:48:22,删除长低速记录,0.0,0.0,连续低于10 km/h的记录超过180条
2017-12-05 13:48:23,删除长低速记录,0.0,0.0,连续低于10 km/h的记录超过180条
2017-12-05 13:48:24,删除长低速记录,0.0,0.0,连续低于10 km/h的记录超过180条
2017-12-05 13:48:25,删除长低速记录,0.0,0.0,连续低于10 km/h的记录超过180条
2017-12-05 13:48:26,删除长低速记录,0.0,0.0,连续低于10 km/h的记录超过180条
2017-12-05 13:48:27,删除长低速记录,0.0,0.0,连续低于10 km/h的记录超过180条
2017-12-05 13:48:28,删除长低速记录,0.0,0.0,连续低于10 km/h的记录超过180条
2017-12-05 13:48:29,删除长低速记录,0.0,0.0,连续低于10 km/h的记录超过180条
2017-12-05 13:48:30,删除长低速记录,0.0,0.0,连续低于10 km/h的记录超过180条
2017-12-05 13:48:31,删除长低速记录,0.0,0.0,连续低于10 km/h的记录超过180条
2017-12-05 13:48:32,删除长低速记录,0.0,0.0,连续低于10 km/h的记录超过180条
2017-12-05 13:48:33,删除长低速记录,0.0,0.0,连续低于10 km/h的记录超过180条
2017-12-05 13:48:34,删除长低速记录,0.0,0.0,连续低于10 km/h的记录超过180条
2017-12-05 13:48:35,删除长低速记录,0.0,0.0,连续低于10 km/h的记录超过180条
2017-12-05 13:48:36,删除长低速记录,0.0,0.0,连续低于10 km/h的记录超过180条
2017-12-05 13:48:37,删除长低速记录,0.0,0.0,连续低于10 km/h的记录超过180条
2017-12-05 13:48:38,删除长低速记录,0.0,0.0,连续低于10 km/h的记录超过180条
2017-12-05 13:48:39,删除长低速记录,0.0,0.0,连续低于10 km/h的记录超过180条
2017-12-05 13:48:40,删除长低速记录,0.0,0.0,连续低于10 km/h的记录超过180条
2017-12-05 13:48:41,删除长低速记录,0.0,0.0,连续低于10 km/h的记录超过180条
2017-12-05 13:48:42,删除长低速记录,0.0,0.0,连续低于10 km/h的记录超过180条
2017-12-05 13:48:43,删除长低速记录,0.0,0.0,连续低于10 km/h的记录超过180条
2017-12-05 13:48:44,删除长低速记录,0.0,0.0,连续低于10 km/h的记录超过180条
2017-12-05 13:48:45,删除长低速记录,0.0,0.0,连续低于10 km/h的记录超过180条
2017-12-05 13:48:46,删除长低速记录,0.0,0.0,连续低于10 km/h的记录超过180条
2017-12-05 13:48:47,删除长低速记录,0.0,0.0,连续低于10 km/h的记录超过180条
2017-12-05 13:48:48,删除长低速记录,0.0,0.0,连续低于10 km/h的记录超过180条
2017-12-05 13:48:49,删除长低速记录,0.0,0.0,连续低于10 km/h的记录超过180条
2017-12-05 13:48:50,删除长低速记录,0.0,0.0,连续低于10 km/h的记录超过180条
2017-12-05 13:48:51,删除长低速记录,0.0,0.0,连续低于10 km/h的记录超过180条
2017-12-05 13:48:52,删除长低速记录,0.0,0.0,连续低于10 km/h的记录超过180条
2017-12-05 13:48:53,删除长低速记录,0.0,0.0,连续低于10 km/h的记录超过180条
2017-12-05 13:48:54,删除长低速记录,0.0,0.0,连续低于10 km/h的记录超过180条
2017-12-05 13:48:55,删除长低速记录,0.0,0.0,连续低于10 km/h的记录超过180条
2017-12-05 13:48:56,删除长低速记录,0.0,0.0,连续低于10 km/h的记录超过180条
2017-12-05 13:48:57,删除长低速记录,0.0,0.0,连续低于10 km/h的记录超过180条
2017-12-05 13:48:58,删除长低速记录,0.0,0.0,连续低于10 km/h的记录超过180条
2017-12-05 13:48:59,删除长低速记录,0.0,0.0,连续低于10 km/h的记录超过180条
2017-12-05 13:49:00,删除长低速记录,0.0,0.0,连续低于10 km/h的记录超过180条
2017-12-05 13:49:01,删除长低速记录,0.0,0.0,连续低于10 km/h的记录超过180条
2017-12-05 13:49:02,删除长低速记录,0.0,0.0,连续低于10 km/h的记录超过180条
2017-12-05 13:49:03,删除长低速记录,0.0,0.0,连续低于10 km/h的记录超过180条
2017-12-05 13:49:04,删除长低速记录,0.0,0.0,连续低于10 km/h的记录超过180条
2017-12-05 13:49:05,删除长低速记录,0.0,0.0,连续低于10 km/h的记录超过180条
2017-12-05 13:49:06,删除长低速记录,0.0,0.0,连续低于10 km/h的记录超过180条
2017-12-05 13:49:07,删除长低速记录,0.0,0.0,连续低于10 km/h的记录超过180条
2017-12-05 13:49:08,删除长低速记录,0.0,0.0,连续低于10 km/h的记录超过180条
2017-12-05 13:49:09,删除长低速记录,0.0,0.0,连续低于10 km/h的记录超过180条
2017-12-05 13:49:10,删除长低速记录,0.0,0.0,连续低于10 km/h的记录超过180条
2017-12-05 13:49:11,删除长低速记录,0.0,0.0,连续低于10 km/h的记录超过180条
2017-12-05 13:49:12,删除长低速记录,0.0,0.0,连续低于10 km/h的记录超过180条
2017-12-05 13:49:13,删除长低速记录,0.0,0.0,连续低于10 km/h的记录超过180条
2017-12-05 13:49:14,删除长低速记录,0.0,0.0,连续低于10 km/h的记录超过180条
2017-12-05 13:49:15,删除长低速记录,0.0,0.0,连续低于10 km/h的记录超过180条
2017-12-05 13:49:16,删除长低速记录,0.0,0.0,连续低于10 km/h的记录超过180条
2017-12-05 13:49:17,删除长低速记录,0.0,0.0,连续低于10 km/h的记录超过180条
2017-12-05 13:49:18,删除长低速记录,0.0,0.0,连续低于10 km/h的记录超过180条
2017-12-05 13:49:19,删除长低速记录,0.0,0.0,连续低于10 km/h的记录超过180条
2017-12-05 13:49:20,删除长低速记录,0.0,0.0,连续低于10 km/h的记录超过180条
2017-12-05 13:49:21,删除长低速记录,0.0,0.0,连续低于10 km/h的记录超过180条
2017-12-05 13:49:22,删除长低速记录,0.0,0.0,连续低于10 km/h的记录超过180条
2017-12-05 13:49:23,删除长低速记录,0.0,0.0,连续低于10 km/h的记录超过180条
2017-12-05 13:49:24,删除长低速记录,0.0,0.0,连续低于10 km/h的记录超过180条
2017-12-05 13:49:25,删除长低速记录,0.0,0.0,连续低于10 km/h的记录超过180条
2017-12-05 13:49:26,删除长低速记录,0.0,0.0,连续低于10 km/h的记录超过180条
2017-12-05 13:49:27,删除长低速记录,0.0,0.0,连续低于10 km/h的记录超过180条
2017-12-05 13:49:28,删除长低速记录,0.0,0.0,连续低于10 km/h的记录超过180条
2017-12-05 13:49:29,删除长低速记录,0.0,0.0,连续低于10 km/h的记录超过180条
2017-12-05 13:49:30,删除长低速记录,0.0,0.0,连续低于10 km/h的记录超过180条
2017-12-05 13:49:31,删除长低速记录,0.0,0.0,连续低于10 km/h的记录超过180条
2017-12-05 13:49:32,删除长低速记录,0.0,0.0,连续低于10 km/h的记录超过180条
2017-12-05 13:49:33,删除长低速记录,0.0,0.0,连续低于10 km/h的记录超过180条
2017-12-05 13:49:34,删除长低速记录,0.0,0.0,连续低于10 km/h的记录超过180条
2017-12-05 13:49:35,删除长低速记录,0.0,0.0,连续低于10 km/h的记录超过180条
2017-12-05 13:49:36,删除长低速记录,0.0,0.0,连续低于10 km/h的记录超过180条
2017-12-05 13:49:37,删除长低速记录,0.0,0.0,连续低于10 km/h的记录超过180条
2017-12-05 13:49:38,删除长低速记录,0.0,0.0,连续低于10 km/h的记录超过180条
2017-12-05 13:49:39,删除长低速记录,0.0,0.0,连续低于10 km/h的记录超过180条
2017-12-05 13:49:40,删除长低速记录,0.0,0.0,连续低于10 km/h的记录超过180条
2017-12-05 13:49:41,删除长低速记录,1.5,1.5,连续低于10 km/h的记录超过180条
2017-12-05 13:49:42,车速限幅,19.7,15.756,"连续1秒允许范围 [0.000000, 15.756000] km/h"
2017-12-05 14:10:17,新增插值记录,,46.55,相邻速度 45.1 与 48 km/h 的线性中点
2017-12-05 14:12:39,新增插值记录,,57.15,相邻速度 57.3 与 57 km/h 的线性中点
2017-12-05 14:26:49,删除长低速记录,0.0,0.0,连续低于10 km/h的记录超过180条
2017-12-05 14:26:50,删除长低速记录,0.0,0.0,连续低于10 km/h的记录超过180条
2017-12-05 14:26:51,删除长低速记录,0.0,0.0,连续低于10 km/h的记录超过180条
2017-12-05 14:26:52,删除长低速记录,0.0,0.0,连续低于10 km/h的记录超过180条
2017-12-05 14:26:53,删除长低速记录,0.0,0.0,连续低于10 km/h的记录超过180条
2017-12-05 14:26:54,删除长低速记录,0.0,0.0,连续低于10 km/h的记录超过180条
2017-12-05 14:26:55,删除长低速记录,0.0,0.0,连续低于10 km/h的记录超过180条
2017-12-05 14:26:56,删除长低速记录,0.0,0.0,连续低于10 km/h的记录超过180条
2017-12-05 14:26:57,删除长低速记录,0.0,0.0,连续低于10 km/h的记录超过180条
2017-12-05 14:26:58,删除长低速记录,0.0,0.0,连续低于10 km/h的记录超过180条
2017-12-05 14:26:59,删除长低速记录,0.0,0.0,连续低于10 km/h的记录超过180条
2017-12-05 14:27:00,删除长低速记录,0.0,0.0,连续低于10 km/h的记录超过180条
2017-12-05 14:27:01,删除长低速记录,0.0,0.0,连续低于10 km/h的记录超过180条
2017-12-05 14:27:02,删除长低速记录,0.0,0.0,连续低于10 km/h的记录超过180条
2017-12-05 14:27:03,删除长低速记录,0.0,0.0,连续低于10 km/h的记录超过180条
2017-12-05 14:27:04,删除长低速记录,0.0,0.0,连续低于10 km/h的记录超过180条
2017-12-05 14:27:05,删除长低速记录,0.0,0.0,连续低于10 km/h的记录超过180条
2017-12-05 14:27:06,删除长低速记录,0.0,0.0,连续低于10 km/h的记录超过180条
2017-12-05 14:27:07,删除长低速记录,0.0,0.0,连续低于10 km/h的记录超过180条
2017-12-05 14:27:08,删除长低速记录,0.0,0.0,连续低于10 km/h的记录超过180条
2017-12-05 14:27:09,删除长低速记录,0.0,0.0,连续低于10 km/h的记录超过180条
2017-12-05 14:27:10,删除长低速记录,0.0,0.0,连续低于10 km/h的记录超过180条
2017-12-05 14:27:11,删除长低速记录,0.0,0.0,连续低于10 km/h的记录超过180条
2017-12-05 14:27:12,删除长低速记录,0.0,0.0,连续低于10 km/h的记录超过180条
2017-12-05 14:27:13,删除长低速记录,0.0,0.0,连续低于10 km/h的记录超过180条
2017-12-05 14:27:14,删除长低速记录,0.0,0.0,连续低于10 km/h的记录超过180条
2017-12-05 14:27:15,删除长低速记录,0.0,0.0,连续低于10 km/h的记录超过180条
2017-12-05 14:27:16,删除长低速记录,0.0,0.0,连续低于10 km/h的记录超过180条
2017-12-05 14:27:17,删除长低速记录,0.0,0.0,连续低于10 km/h的记录超过180条
2017-12-05 14:27:18,删除长低速记录,0.0,0.0,连续低于10 km/h的记录超过180条
2017-12-05 14:27:19,删除长低速记录,0.0,0.0,连续低于10 km/h的记录超过180条
2017-12-05 14:27:20,删除长低速记录,0.0,0.0,连续低于10 km/h的记录超过180条
2017-12-05 14:27:21,删除长低速记录,0.0,0.0,连续低于10 km/h的记录超过180条
2017-12-05 14:27:22,删除长低速记录,0.0,0.0,连续低于10 km/h的记录超过180条
2017-12-05 14:27:23,删除长低速记录,0.0,0.0,连续低于10 km/h的记录超过180条
2017-12-05 14:27:24,删除长低速记录,1.7,1.7,连续低于10 km/h的记录超过180条
2017-12-05 14:27:25,删除长低速记录,3.9,3.9,连续低于10 km/h的记录超过180条
2017-12-05 14:27:26,删除长低速记录,8.7,8.7,连续低于10 km/h的记录超过180条
2017-12-05 14:27:27,删除长低速记录,9.6,9.6,连续低于10 km/h的记录超过180条
2017-12-05 14:33:23,车速限幅,14.3,14.256,"连续1秒允许范围 [0.000000, 14.256000] km/h"
2017-12-05 15:09:11,车速限幅,15.5,14.256,"连续1秒允许范围 [0.000000, 14.256000] km/h"
2017-12-05 16:53:10,删除长低速记录,0.0,0.0,连续低于10 km/h的记录超过180条
2017-12-05 16:53:11,删除长低速记录,0.0,0.0,连续低于10 km/h的记录超过180条
2017-12-05 16:53:12,删除长低速记录,0.0,0.0,连续低于10 km/h的记录超过180条
2017-12-05 16:53:13,删除长低速记录,0.0,0.0,连续低于10 km/h的记录超过180条
2017-12-05 16:53:14,删除长低速记录,0.0,0.0,连续低于10 km/h的记录超过180条
2017-12-05 16:53:15,删除长低速记录,0.0,0.0,连续低于10 km/h的记录超过180条
2017-12-05 16:53:16,删除长低速记录,0.0,0.0,连续低于10 km/h的记录超过180条
2017-12-05 16:53:17,删除长低速记录,0.0,0.0,连续低于10 km/h的记录超过180条
2017-12-05 16:53:18,删除长低速记录,0.0,0.0,连续低于10 km/h的记录超过180条
2017-12-05 16:53:19,删除长低速记录,0.0,0.0,连续低于10 km/h的记录超过180条
2017-12-05 16:53:20,删除长低速记录,0.0,0.0,连续低于10 km/h的记录超过180条
2017-12-05 16:53:21,删除长低速记录,0.0,0.0,连续低于10 km/h的记录超过180条
2017-12-05 16:53:22,删除长低速记录,0.0,0.0,连续低于10 km/h的记录超过180条
2017-12-05 16:53:23,删除长低速记录,0.0,0.0,连续低于10 km/h的记录超过180条
2017-12-05 16:53:24,删除长低速记录,0.0,0.0,连续低于10 km/h的记录超过180条
2017-12-05 16:53:25,删除长低速记录,0.0,0.0,连续低于10 km/h的记录超过180条
2017-12-05 16:53:26,删除长低速记录,0.0,0.0,连续低于10 km/h的记录超过180条
2017-12-05 16:53:27,删除长低速记录,0.0,0.0,连续低于10 km/h的记录超过180条
2017-12-05 16:53:28,删除长低速记录,0.0,0.0,连续低于10 km/h的记录超过180条
2017-12-05 16:53:29,删除长低速记录,0.0,0.0,连续低于10 km/h的记录超过180条
2017-12-05 16:53:30,删除长低速记录,0.0,0.0,连续低于10 km/h的记录超过180条
2017-12-05 16:53:31,删除长低速记录,0.0,0.0,连续低于10 km/h的记录超过180条
2017-12-05 16:53:32,删除长低速记录,0.0,0.0,连续低于10 km/h的记录超过180条
2017-12-05 16:53:33,删除长低速记录,0.0,0.0,连续低于10 km/h的记录超过180条
2017-12-05 16:53:34,删除长低速记录,0.0,0.0,连续低于10 km/h的记录超过180条
2017-12-05 16:53:35,删除长低速记录,0.0,0.0,连续低于10 km/h的记录超过180条
2017-12-05 16:53:36,删除长低速记录,0.0,0.0,连续低于10 km/h的记录超过180条
2017-12-05 16:53:37,删除长低速记录,0.0,0.0,连续低于10 km/h的记录超过180条
2017-12-05 16:53:38,删除长低速记录,0.0,0.0,连续低于10 km/h的记录超过180条
2017-12-05 16:53:39,删除长低速记录,0.0,0.0,连续低于10 km/h的记录超过180条
2017-12-05 16:53:40,删除长低速记录,0.0,0.0,连续低于10 km/h的记录超过180条
2017-12-05 16:53:41,删除长低速记录,0.0,0.0,连续低于10 km/h的记录超过180条
2017-12-05 16:53:42,删除长低速记录,0.0,0.0,连续低于10 km/h的记录超过180条
2017-12-05 16:53:43,删除长低速记录,0.0,0.0,连续低于10 km/h的记录超过180条
2017-12-05 16:53:44,删除长低速记录,0.0,0.0,连续低于10 km/h的记录超过180条
2017-12-05 16:53:45,删除长低速记录,0.0,0.0,连续低于10 km/h的记录超过180条
2017-12-05 16:53:46,删除长低速记录,0.0,0.0,连续低于10 km/h的记录超过180条
2017-12-05 16:53:47,删除长低速记录,0.0,0.0,连续低于10 km/h的记录超过180条
2017-12-05 16:53:48,删除长低速记录,0.0,0.0,连续低于10 km/h的记录超过180条
2017-12-05 16:53:49,删除长低速记录,0.0,0.0,连续低于10 km/h的记录超过180条
2017-12-05 16:53:50,删除长低速记录,0.0,0.0,连续低于10 km/h的记录超过180条
2017-12-05 16:53:51,删除长低速记录,0.0,0.0,连续低于10 km/h的记录超过180条
2017-12-05 16:53:52,删除长低速记录,1.5,1.5,连续低于10 km/h的记录超过180条
2017-12-05 16:53:53,删除长低速记录,1.5,1.5,连续低于10 km/h的记录超过180条
2017-12-05 16:53:54,删除长低速记录,0.0,0.0,连续低于10 km/h的记录超过180条
2017-12-05 16:53:55,删除长低速记录,0.0,0.0,连续低于10 km/h的记录超过180条
2017-12-05 16:53:56,删除长低速记录,0.0,0.0,连续低于10 km/h的记录超过180条
2017-12-05 16:53:57,删除长低速记录,0.0,0.0,连续低于10 km/h的记录超过180条
2017-12-05 16:53:58,删除长低速记录,0.0,0.0,连续低于10 km/h的记录超过180条
2017-12-05 16:53:59,删除长低速记录,0.0,0.0,连续低于10 km/h的记录超过180条
2017-12-05 16:54:00,删除长低速记录,0.0,0.0,连续低于10 km/h的记录超过180条
2017-12-05 16:54:01,删除长低速记录,0.0,0.0,连续低于10 km/h的记录超过180条
2017-12-05 16:54:02,删除长低速记录,0.0,0.0,连续低于10 km/h的记录超过180条
2017-12-05 16:54:03,删除长低速记录,0.0,0.0,连续低于10 km/h的记录超过180条
2017-12-05 16:54:04,删除长低速记录,0.0,0.0,连续低于10 km/h的记录超过180条
2017-12-05 16:54:05,删除长低速记录,0.0,0.0,连续低于10 km/h的记录超过180条
2017-12-05 16:54:06,删除长低速记录,0.0,0.0,连续低于10 km/h的记录超过180条
2017-12-05 16:54:07,删除长低速记录,0.0,0.0,连续低于10 km/h的记录超过180条
2017-12-05 16:54:08,删除长低速记录,0.0,0.0,连续低于10 km/h的记录超过180条
2017-12-05 16:54:09,删除长低速记录,0.0,0.0,连续低于10 km/h的记录超过180条
2017-12-05 16:54:10,删除长低速记录,0.0,0.0,连续低于10 km/h的记录超过180条
2017-12-05 16:54:11,删除长低速记录,0.0,0.0,连续低于10 km/h的记录超过180条
2017-12-05 16:54:12,删除长低速记录,0.0,0.0,连续低于10 km/h的记录超过180条
2017-12-05 16:54:13,删除长低速记录,0.0,0.0,连续低于10 km/h的记录超过180条
2017-12-05 16:54:14,删除长低速记录,0.0,0.0,连续低于10 km/h的记录超过180条
2017-12-05 16:54:15,删除长低速记录,0.0,0.0,连续低于10 km/h的记录超过180条
2017-12-05 16:54:16,删除长低速记录,0.0,0.0,连续低于10 km/h的记录超过180条
2017-12-05 16:54:17,删除长低速记录,0.0,0.0,连续低于10 km/h的记录超过180条
2017-12-05 16:54:18,删除长低速记录,0.0,0.0,连续低于10 km/h的记录超过180条
2017-12-05 16:54:19,删除长低速记录,0.0,0.0,连续低于10 km/h的记录超过180条
2017-12-05 16:54:20,删除长低速记录,0.0,0.0,连续低于10 km/h的记录超过180条
2017-12-05 16:54:21,删除长低速记录,0.0,0.0,连续低于10 km/h的记录超过180条
2017-12-05 16:54:22,删除长低速记录,0.0,0.0,连续低于10 km/h的记录超过180条
2017-12-05 16:54:23,删除长低速记录,0.0,0.0,连续低于10 km/h的记录超过180条
2017-12-05 16:54:24,删除长低速记录,0.0,0.0,连续低于10 km/h的记录超过180条
2017-12-05 16:54:25,删除长低速记录,0.0,0.0,连续低于10 km/h的记录超过180条
2017-12-05 16:54:26,删除长低速记录,0.0,0.0,连续低于10 km/h的记录超过180条
2017-12-05 16:54:27,删除长低速记录,0.0,0.0,连续低于10 km/h的记录超过180条
2017-12-05 16:54:28,删除长低速记录,0.0,0.0,连续低于10 km/h的记录超过180条
2017-12-05 16:54:29,删除长低速记录,0.0,0.0,连续低于10 km/h的记录超过180条
2017-12-05 16:54:30,删除长低速记录,0.0,0.0,连续低于10 km/h的记录超过180条
2017-12-05 16:54:31,删除长低速记录,0.0,0.0,连续低于10 km/h的记录超过180条
2017-12-05 16:54:32,删除长低速记录,0.0,0.0,连续低于10 km/h的记录超过180条
2017-12-05 16:54:33,删除长低速记录,0.0,0.0,连续低于10 km/h的记录超过180条
2017-12-05 16:54:34,删除长低速记录,0.0,0.0,连续低于10 km/h的记录超过180条
2017-12-05 16:54:35,删除长低速记录,0.0,0.0,连续低于10 km/h的记录超过180条
2017-12-05 16:54:36,删除长低速记录,0.0,0.0,连续低于10 km/h的记录超过180条
2017-12-05 16:54:37,删除长低速记录,0.0,0.0,连续低于10 km/h的记录超过180条
2017-12-05 16:54:38,删除长低速记录,0.0,0.0,连续低于10 km/h的记录超过180条
2017-12-05 16:54:39,删除长低速记录,0.0,0.0,连续低于10 km/h的记录超过180条
2017-12-05 16:54:40,删除长低速记录,0.0,0.0,连续低于10 km/h的记录超过180条
2017-12-05 16:54:41,删除长低速记录,0.0,0.0,连续低于10 km/h的记录超过180条
2017-12-05 16:54:42,删除长低速记录,0.0,0.0,连续低于10 km/h的记录超过180条
2017-12-05 16:54:43,删除长低速记录,0.0,0.0,连续低于10 km/h的记录超过180条
2017-12-05 16:54:44,删除长低速记录,0.0,0.0,连续低于10 km/h的记录超过180条
2017-12-05 16:54:45,删除长低速记录,0.0,0.0,连续低于10 km/h的记录超过180条
2017-12-05 16:54:46,删除长低速记录,0.0,0.0,连续低于10 km/h的记录超过180条
2017-12-05 16:54:47,删除长低速记录,0.0,0.0,连续低于10 km/h的记录超过180条
2017-12-05 16:54:48,删除长低速记录,0.0,0.0,连续低于10 km/h的记录超过180条
2017-12-05 16:54:49,删除长低速记录,0.0,0.0,连续低于10 km/h的记录超过180条
2017-12-05 16:54:50,删除长低速记录,0.0,0.0,连续低于10 km/h的记录超过180条
2017-12-05 16:54:51,删除长低速记录,0.0,0.0,连续低于10 km/h的记录超过180条
2017-12-05 16:54:52,删除长低速记录,0.0,0.0,连续低于10 km/h的记录超过180条
2017-12-05 16:54:53,删除长低速记录,0.0,0.0,连续低于10 km/h的记录超过180条
2017-12-05 16:54:54,删除长低速记录,0.0,0.0,连续低于10 km/h的记录超过180条
2017-12-05 16:54:55,删除长低速记录,0.0,0.0,连续低于10 km/h的记录超过180条
2017-12-05 16:54:56,删除长低速记录,0.0,0.0,连续低于10 km/h的记录超过180条
2017-12-05 16:54:57,删除长低速记录,0.0,0.0,连续低于10 km/h的记录超过180条
2017-12-05 16:54:58,删除长低速记录,0.0,0.0,连续低于10 km/h的记录超过180条
2017-12-05 16:54:59,删除长低速记录,0.0,0.0,连续低于10 km/h的记录超过180条
2017-12-05 16:55:00,删除长低速记录,0.0,0.0,连续低于10 km/h的记录超过180条
2017-12-05 16:55:01,删除长低速记录,0.0,0.0,连续低于10 km/h的记录超过180条
2017-12-05 16:55:02,删除长低速记录,0.0,0.0,连续低于10 km/h的记录超过180条
2017-12-05 16:55:03,删除长低速记录,0.0,0.0,连续低于10 km/h的记录超过180条
2017-12-05 16:55:04,删除长低速记录,0.0,0.0,连续低于10 km/h的记录超过180条
2017-12-05 16:55:05,删除长低速记录,0.0,0.0,连续低于10 km/h的记录超过180条
2017-12-05 16:55:06,删除长低速记录,0.0,0.0,连续低于10 km/h的记录超过180条
2017-12-05 16:55:07,删除长低速记录,0.0,0.0,连续低于10 km/h的记录超过180条
2017-12-05 16:55:08,删除长低速记录,0.0,0.0,连续低于10 km/h的记录超过180条
2017-12-05 16:55:09,删除长低速记录,0.0,0.0,连续低于10 km/h的记录超过180条
2017-12-05 16:55:10,删除长低速记录,0.0,0.0,连续低于10 km/h的记录超过180条
2017-12-05 16:55:11,删除长低速记录,0.0,0.0,连续低于10 km/h的记录超过180条
2017-12-05 16:55:12,删除长低速记录,0.0,0.0,连续低于10 km/h的记录超过180条
2017-12-05 16:55:13,删除长低速记录,0.0,0.0,连续低于10 km/h的记录超过180条
2017-12-05 16:55:14,删除长低速记录,0.0,0.0,连续低于10 km/h的记录超过180条
2017-12-05 16:55:15,删除长低速记录,0.0,0.0,连续低于10 km/h的记录超过180条
2017-12-05 16:55:16,删除长低速记录,0.0,0.0,连续低于10 km/h的记录超过180条
2017-12-05 16:55:17,删除长低速记录,0.0,0.0,连续低于10 km/h的记录超过180条
2017-12-05 16:55:18,删除长低速记录,0.0,0.0,连续低于10 km/h的记录超过180条
2017-12-05 16:55:19,删除长低速记录,0.0,0.0,连续低于10 km/h的记录超过180条
2017-12-05 16:55:20,删除长低速记录,0.0,0.0,连续低于10 km/h的记录超过180条
2017-12-05 16:55:21,删除长低速记录,0.0,0.0,连续低于10 km/h的记录超过180条
2017-12-05 16:55:22,删除长低速记录,0.0,0.0,连续低于10 km/h的记录超过180条
2017-12-05 16:55:23,删除长低速记录,0.0,0.0,连续低于10 km/h的记录超过180条
2017-12-05 16:55:24,删除长低速记录,0.0,0.0,连续低于10 km/h的记录超过180条
2017-12-05 16:55:25,删除长低速记录,0.0,0.0,连续低于10 km/h的记录超过180条
2017-12-05 16:55:26,删除长低速记录,0.0,0.0,连续低于10 km/h的记录超过180条
2017-12-05 16:55:27,删除长低速记录,0.0,0.0,连续低于10 km/h的记录超过180条
2017-12-05 16:55:28,删除长低速记录,0.0,0.0,连续低于10 km/h的记录超过180条
2017-12-05 16:55:29,删除长低速记录,0.0,0.0,连续低于10 km/h的记录超过180条
2017-12-05 16:55:30,删除长低速记录,0.0,0.0,连续低于10 km/h的记录超过180条
2017-12-05 16:55:31,删除长低速记录,0.0,0.0,连续低于10 km/h的记录超过180条
2017-12-05 16:55:32,删除长低速记录,0.0,0.0,连续低于10 km/h的记录超过180条
2017-12-05 16:55:33,删除长低速记录,0.0,0.0,连续低于10 km/h的记录超过180条
2017-12-05 16:55:34,删除长低速记录,0.0,0.0,连续低于10 km/h的记录超过180条
2017-12-05 16:55:35,删除长低速记录,0.0,0.0,连续低于10 km/h的记录超过180条
2017-12-05 16:55:36,删除长低速记录,0.0,0.0,连续低于10 km/h的记录超过180条
2017-12-05 16:55:37,删除长低速记录,0.0,0.0,连续低于10 km/h的记录超过180条
2017-12-05 16:55:38,删除长低速记录,0.0,0.0,连续低于10 km/h的记录超过180条
2017-12-05 16:55:39,删除长低速记录,0.0,0.0,连续低于10 km/h的记录超过180条
2017-12-05 16:55:40,删除长低速记录,0.0,0.0,连续低于10 km/h的记录超过180条
2017-12-05 16:55:41,删除长低速记录,0.0,0.0,连续低于10 km/h的记录超过180条
2017-12-05 16:55:42,删除长低速记录,0.0,0.0,连续低于10 km/h的记录超过180条
2017-12-05 16:55:43,删除长低速记录,0.0,0.0,连续低于10 km/h的记录超过180条
2017-12-05 16:55:44,删除长低速记录,0.0,0.0,连续低于10 km/h的记录超过180条
2017-12-05 16:55:45,删除长低速记录,0.0,0.0,连续低于10 km/h的记录超过180条
2017-12-05 16:55:46,删除长低速记录,0.0,0.0,连续低于10 km/h的记录超过180条
2017-12-05 16:55:47,删除长低速记录,0.0,0.0,连续低于10 km/h的记录超过180条
2017-12-05 16:55:48,删除长低速记录,0.0,0.0,连续低于10 km/h的记录超过180条
2017-12-05 16:55:49,删除长低速记录,0.0,0.0,连续低于10 km/h的记录超过180条
2017-12-05 16:55:50,删除长低速记录,0.0,0.0,连续低于10 km/h的记录超过180条
2017-12-05 16:55:51,删除长低速记录,0.0,0.0,连续低于10 km/h的记录超过180条
2017-12-05 16:55:52,删除长低速记录,0.0,0.0,连续低于10 km/h的记录超过180条
2017-12-05 16:55:53,删除长低速记录,0.0,0.0,连续低于10 km/h的记录超过180条
2017-12-05 16:55:54,删除长低速记录,0.0,0.0,连续低于10 km/h的记录超过180条
2017-12-05 16:55:55,删除长低速记录,0.0,0.0,连续低于10 km/h的记录超过180条
2017-12-05 16:55:56,删除长低速记录,0.0,0.0,连续低于10 km/h的记录超过180条
2017-12-05 16:55:57,删除长低速记录,0.0,0.0,连续低于10 km/h的记录超过180条
2017-12-05 16:55:58,删除长低速记录,0.0,0.0,连续低于10 km/h的记录超过180条
2017-12-05 16:55:59,删除长低速记录,0.0,0.0,连续低于10 km/h的记录超过180条
2017-12-05 16:56:00,删除长低速记录,0.0,0.0,连续低于10 km/h的记录超过180条
2017-12-05 16:56:01,删除长低速记录,0.0,0.0,连续低于10 km/h的记录超过180条
2017-12-05 16:56:02,删除长低速记录,0.0,0.0,连续低于10 km/h的记录超过180条
2017-12-05 16:56:03,删除长低速记录,0.0,0.0,连续低于10 km/h的记录超过180条
2017-12-05 16:56:04,删除长低速记录,0.0,0.0,连续低于10 km/h的记录超过180条
2017-12-05 16:56:05,删除长低速记录,0.0,0.0,连续低于10 km/h的记录超过180条
2017-12-05 16:56:06,删除长低速记录,0.0,0.0,连续低于10 km/h的记录超过180条
2017-12-05 16:56:07,删除长低速记录,0.0,0.0,连续低于10 km/h的记录超过180条
2017-12-05 16:56:08,删除长低速记录,0.0,0.0,连续低于10 km/h的记录超过180条
2017-12-05 16:56:09,删除长低速记录,0.0,0.0,连续低于10 km/h的记录超过180条
2017-12-05 16:56:10,删除长低速记录,0.0,0.0,连续低于10 km/h的记录超过180条
2017-12-05 16:56:11,删除长低速记录,0.0,0.0,连续低于10 km/h的记录超过180条
2017-12-05 16:56:12,删除长低速记录,0.0,0.0,连续低于10 km/h的记录超过180条
2017-12-05 16:56:13,删除长低速记录,0.0,0.0,连续低于10 km/h的记录超过180条
2017-12-05 16:56:14,删除长低速记录,0.0,0.0,连续低于10 km/h的记录超过180条
2017-12-05 16:56:15,删除长低速记录,0.0,0.0,连续低于10 km/h的记录超过180条
2017-12-05 16:56:16,删除长低速记录,0.0,0.0,连续低于10 km/h的记录超过180条
2017-12-05 16:56:17,删除长低速记录,0.0,0.0,连续低于10 km/h的记录超过180条
2017-12-05 16:56:18,删除长低速记录,0.0,0.0,连续低于10 km/h的记录超过180条
2017-12-05 16:56:19,删除长低速记录,0.0,0.0,连续低于10 km/h的记录超过180条
2017-12-05 16:56:20,删除长低速记录,0.0,0.0,连续低于10 km/h的记录超过180条
2017-12-05 16:56:21,删除长低速记录,0.0,0.0,连续低于10 km/h的记录超过180条
2017-12-05 16:56:22,删除长低速记录,0.0,0.0,连续低于10 km/h的记录超过180条
2017-12-05 16:56:23,删除长低速记录,0.0,0.0,连续低于10 km/h的记录超过180条
2017-12-05 16:56:24,删除长低速记录,0.0,0.0,连续低于10 km/h的记录超过180条
2017-12-05 16:56:25,删除长低速记录,0.0,0.0,连续低于10 km/h的记录超过180条
2017-12-05 16:56:26,删除长低速记录,0.0,0.0,连续低于10 km/h的记录超过180条
2017-12-05 16:56:27,删除长低速记录,0.0,0.0,连续低于10 km/h的记录超过180条
2017-12-05 16:56:28,删除长低速记录,0.0,0.0,连续低于10 km/h的记录超过180条
2017-12-05 16:56:29,删除长低速记录,0.0,0.0,连续低于10 km/h的记录超过180条
2017-12-05 16:56:30,删除长低速记录,0.0,0.0,连续低于10 km/h的记录超过180条
2017-12-05 16:56:31,删除长低速记录,0.0,0.0,连续低于10 km/h的记录超过180条
2017-12-05 16:56:32,删除长低速记录,0.0,0.0,连续低于10 km/h的记录超过180条
2017-12-05 16:56:33,删除长低速记录,0.0,0.0,连续低于10 km/h的记录超过180条
2017-12-05 16:56:34,删除长低速记录,0.0,0.0,连续低于10 km/h的记录超过180条
2017-12-05 16:56:35,删除长低速记录,0.0,0.0,连续低于10 km/h的记录超过180条
2017-12-05 16:56:36,删除长低速记录,0.0,0.0,连续低于10 km/h的记录超过180条
2017-12-05 16:56:37,删除长低速记录,0.0,0.0,连续低于10 km/h的记录超过180条
2017-12-05 16:56:38,删除长低速记录,0.0,0.0,连续低于10 km/h的记录超过180条
2017-12-05 16:56:39,删除长低速记录,0.0,0.0,连续低于10 km/h的记录超过180条
2017-12-05 16:56:40,删除长低速记录,0.0,0.0,连续低于10 km/h的记录超过180条
2017-12-05 16:56:41,删除长低速记录,0.0,0.0,连续低于10 km/h的记录超过180条
2017-12-05 16:56:42,删除长低速记录,0.0,0.0,连续低于10 km/h的记录超过180条
2017-12-05 16:56:43,删除长低速记录,0.0,0.0,连续低于10 km/h的记录超过180条
2017-12-05 16:56:44,删除长低速记录,0.0,0.0,连续低于10 km/h的记录超过180条
2017-12-05 16:56:45,删除长低速记录,0.0,0.0,连续低于10 km/h的记录超过180条
2017-12-05 16:56:46,删除长低速记录,0.0,0.0,连续低于10 km/h的记录超过180条
2017-12-05 16:56:47,删除长低速记录,0.0,0.0,连续低于10 km/h的记录超过180条
2017-12-05 16:56:48,删除长低速记录,0.0,0.0,连续低于10 km/h的记录超过180条
2017-12-05 16:56:49,删除长低速记录,0.0,0.0,连续低于10 km/h的记录超过180条
2017-12-05 16:56:50,删除长低速记录,0.0,0.0,连续低于10 km/h的记录超过180条
2017-12-05 16:56:51,删除长低速记录,0.0,0.0,连续低于10 km/h的记录超过180条
2017-12-05 16:56:52,删除长低速记录,0.0,0.0,连续低于10 km/h的记录超过180条
2017-12-05 16:56:53,删除长低速记录,0.0,0.0,连续低于10 km/h的记录超过180条
2017-12-05 16:56:54,删除长低速记录,0.0,0.0,连续低于10 km/h的记录超过180条
2017-12-05 16:56:55,删除长低速记录,0.0,0.0,连续低于10 km/h的记录超过180条
2017-12-05 16:56:56,删除长低速记录,0.0,0.0,连续低于10 km/h的记录超过180条
2017-12-05 16:56:57,删除长低速记录,0.0,0.0,连续低于10 km/h的记录超过180条
2017-12-05 16:56:58,删除长低速记录,0.0,0.0,连续低于10 km/h的记录超过180条
2017-12-05 16:56:59,删除长低速记录,0.0,0.0,连续低于10 km/h的记录超过180条
2017-12-05 16:57:00,删除长低速记录,0.0,0.0,连续低于10 km/h的记录超过180条
2017-12-05 16:57:01,删除长低速记录,0.0,0.0,连续低于10 km/h的记录超过180条
2017-12-05 16:57:02,删除长低速记录,0.0,0.0,连续低于10 km/h的记录超过180条
2017-12-05 16:57:03,删除长低速记录,0.0,0.0,连续低于10 km/h的记录超过180条
2017-12-05 16:57:04,删除长低速记录,0.0,0.0,连续低于10 km/h的记录超过180条
2017-12-05 16:57:05,删除长低速记录,0.0,0.0,连续低于10 km/h的记录超过180条
2017-12-05 16:57:06,删除长低速记录,0.0,0.0,连续低于10 km/h的记录超过180条
2017-12-05 16:57:07,删除长低速记录,0.0,0.0,连续低于10 km/h的记录超过180条
2017-12-05 16:57:08,删除长低速记录,0.0,0.0,连续低于10 km/h的记录超过180条
2017-12-05 16:57:09,删除长低速记录,0.0,0.0,连续低于10 km/h的记录超过180条
2017-12-05 16:57:10,删除长低速记录,0.0,0.0,连续低于10 km/h的记录超过180条
2017-12-05 16:57:11,删除长低速记录,0.0,0.0,连续低于10 km/h的记录超过180条
2017-12-05 16:57:12,删除长低速记录,0.0,0.0,连续低于10 km/h的记录超过180条
2017-12-05 16:57:13,删除长低速记录,0.0,0.0,连续低于10 km/h的记录超过180条
2017-12-05 16:57:14,删除长低速记录,0.0,0.0,连续低于10 km/h的记录超过180条
2017-12-05 16:57:15,删除长低速记录,0.0,0.0,连续低于10 km/h的记录超过180条
2017-12-05 16:57:16,删除长低速记录,0.0,0.0,连续低于10 km/h的记录超过180条
2017-12-05 16:57:17,删除长低速记录,0.0,0.0,连续低于10 km/h的记录超过180条
2017-12-05 16:57:18,删除长低速记录,0.0,0.0,连续低于10 km/h的记录超过180条
2017-12-05 16:57:19,删除长低速记录,0.0,0.0,连续低于10 km/h的记录超过180条
2017-12-05 16:57:20,删除长低速记录,0.0,0.0,连续低于10 km/h的记录超过180条
2017-12-05 16:57:21,删除长低速记录,0.0,0.0,连续低于10 km/h的记录超过180条
2017-12-05 16:57:22,删除长低速记录,0.0,0.0,连续低于10 km/h的记录超过180条
2017-12-05 16:57:23,删除长低速记录,0.0,0.0,连续低于10 km/h的记录超过180条
2017-12-05 16:57:24,删除长低速记录,0.0,0.0,连续低于10 km/h的记录超过180条
2017-12-05 16:57:25,删除长低速记录,0.0,0.0,连续低于10 km/h的记录超过180条
2017-12-05 16:57:26,删除长低速记录,0.0,0.0,连续低于10 km/h的记录超过180条
2017-12-05 16:57:27,删除长低速记录,0.0,0.0,连续低于10 km/h的记录超过180条
2017-12-05 16:57:28,删除长低速记录,0.0,0.0,连续低于10 km/h的记录超过180条
2017-12-05 16:57:29,删除长低速记录,0.0,0.0,连续低于10 km/h的记录超过180条
2017-12-05 16:57:30,删除长低速记录,0.0,0.0,连续低于10 km/h的记录超过180条
2017-12-05 16:57:31,删除长低速记录,0.0,0.0,连续低于10 km/h的记录超过180条
2017-12-05 16:57:32,删除长低速记录,0.0,0.0,连续低于10 km/h的记录超过180条
2017-12-05 16:57:33,删除长低速记录,0.0,0.0,连续低于10 km/h的记录超过180条
2017-12-05 16:57:34,删除长低速记录,0.0,0.0,连续低于10 km/h的记录超过180条
2017-12-05 16:57:35,删除长低速记录,0.0,0.0,连续低于10 km/h的记录超过180条
2017-12-05 16:57:36,删除长低速记录,0.0,0.0,连续低于10 km/h的记录超过180条
2017-12-05 16:57:37,删除长低速记录,0.0,0.0,连续低于10 km/h的记录超过180条
2017-12-05 16:57:38,删除长低速记录,0.0,0.0,连续低于10 km/h的记录超过180条
2017-12-05 16:57:39,删除长低速记录,0.0,0.0,连续低于10 km/h的记录超过180条
2017-12-05 16:57:40,删除长低速记录,0.0,0.0,连续低于10 km/h的记录超过180条
2017-12-05 16:57:41,删除长低速记录,0.0,0.0,连续低于10 km/h的记录超过180条
2017-12-05 16:57:42,删除长低速记录,0.0,0.0,连续低于10 km/h的记录超过180条
2017-12-05 16:57:43,删除长低速记录,0.0,0.0,连续低于10 km/h的记录超过180条
2017-12-05 16:57:44,删除长低速记录,0.0,0.0,连续低于10 km/h的记录超过180条
2017-12-05 16:57:45,删除长低速记录,0.0,0.0,连续低于10 km/h的记录超过180条
2017-12-05 16:57:46,删除长低速记录,0.0,0.0,连续低于10 km/h的记录超过180条
2017-12-05 16:57:47,删除长低速记录,0.0,0.0,连续低于10 km/h的记录超过180条
2017-12-05 16:57:48,删除长低速记录,0.0,0.0,连续低于10 km/h的记录超过180条
2017-12-05 16:57:49,删除长低速记录,0.0,0.0,连续低于10 km/h的记录超过180条
2017-12-05 16:57:50,删除长低速记录,0.0,0.0,连续低于10 km/h的记录超过180条
2017-12-05 16:57:51,删除长低速记录,0.0,0.0,连续低于10 km/h的记录超过180条
2017-12-05 16:57:52,删除长低速记录,0.0,0.0,连续低于10 km/h的记录超过180条
2017-12-05 16:57:53,删除长低速记录,0.0,0.0,连续低于10 km/h的记录超过180条
2017-12-05 16:57:54,删除长低速记录,0.0,0.0,连续低于10 km/h的记录超过180条
2017-12-05 16:57:55,删除长低速记录,0.0,0.0,连续低于10 km/h的记录超过180条
2017-12-05 16:57:56,删除长低速记录,0.0,0.0,连续低于10 km/h的记录超过180条
2017-12-05 16:57:57,删除长低速记录,0.0,0.0,连续低于10 km/h的记录超过180条
2017-12-05 16:57:58,删除长低速记录,0.0,0.0,连续低于10 km/h的记录超过180条
2017-12-05 16:57:59,删除长低速记录,0.0,0.0,连续低于10 km/h的记录超过180条
2017-12-05 16:58:00,删除长低速记录,0.0,0.0,连续低于10 km/h的记录超过180条
2017-12-05 16:58:01,删除长低速记录,0.0,0.0,连续低于10 km/h的记录超过180条
2017-12-05 16:58:02,删除长低速记录,0.0,0.0,连续低于10 km/h的记录超过180条
2017-12-05 16:58:03,删除长低速记录,0.0,0.0,连续低于10 km/h的记录超过180条
2017-12-05 16:58:04,删除长低速记录,0.0,0.0,连续低于10 km/h的记录超过180条
2017-12-05 16:58:05,删除长低速记录,0.0,0.0,连续低于10 km/h的记录超过180条
2017-12-05 16:58:06,删除长低速记录,0.0,0.0,连续低于10 km/h的记录超过180条
2017-12-05 16:58:07,删除长低速记录,3.2,3.2,连续低于10 km/h的记录超过180条
2017-12-05 16:58:08,删除长低速记录,2.8,2.8,连续低于10 km/h的记录超过180条
2017-12-05 16:58:09,删除长低速记录,1.9,1.9,连续低于10 km/h的记录超过180条
2017-12-05 16:58:10,删除长低速记录,1.4,1.4,连续低于10 km/h的记录超过180条
2017-12-05 16:58:11,删除长低速记录,1.7,1.7,连续低于10 km/h的记录超过180条
2017-12-05 16:58:12,删除长低速记录,1.7,1.7,连续低于10 km/h的记录超过180条
2017-12-05 16:58:13,删除长低速记录,1.9,1.9,连续低于10 km/h的记录超过180条
2017-12-05 16:58:14,删除长低速记录,3.6,3.6,连续低于10 km/h的记录超过180条
2017-12-05 16:58:15,删除长低速记录,4.0,4.0,连续低于10 km/h的记录超过180条
2017-12-05 16:58:16,删除长低速记录,2.1,2.1,连续低于10 km/h的记录超过180条
2017-12-05 16:58:17,删除长低速记录,0.0,0.0,连续低于10 km/h的记录超过180条
2017-12-05 16:58:18,删除长低速记录,0.0,0.0,连续低于10 km/h的记录超过180条
2017-12-05 17:15:45,删除长低速记录,0.0,0.0,连续低于10 km/h的记录超过180条
2017-12-05 17:15:46,删除长低速记录,0.0,0.0,连续低于10 km/h的记录超过180条
2017-12-05 17:15:47,删除长低速记录,0.0,0.0,连续低于10 km/h的记录超过180条
2017-12-05 17:15:48,删除长低速记录,0.0,0.0,连续低于10 km/h的记录超过180条
2017-12-05 17:15:49,删除长低速记录,0.0,0.0,连续低于10 km/h的记录超过180条
2017-12-05 17:15:50,删除长低速记录,0.0,0.0,连续低于10 km/h的记录超过180条
2017-12-05 17:15:51,删除长低速记录,0.0,0.0,连续低于10 km/h的记录超过180条
2017-12-05 17:15:52,删除长低速记录,0.0,0.0,连续低于10 km/h的记录超过180条
2017-12-05 17:15:53,删除长低速记录,0.0,0.0,连续低于10 km/h的记录超过180条
2017-12-05 17:15:54,删除长低速记录,0.0,0.0,连续低于10 km/h的记录超过180条
2017-12-05 17:15:55,删除长低速记录,0.0,0.0,连续低于10 km/h的记录超过180条
2017-12-05 17:15:56,删除长低速记录,0.0,0.0,连续低于10 km/h的记录超过180条
2017-12-05 17:15:57,删除长低速记录,0.0,0.0,连续低于10 km/h的记录超过180条
2017-12-05 17:15:58,删除长低速记录,0.0,0.0,连续低于10 km/h的记录超过180条
2017-12-05 17:15:59,删除长低速记录,0.0,0.0,连续低于10 km/h的记录超过180条
2017-12-05 17:16:00,删除长低速记录,0.0,0.0,连续低于10 km/h的记录超过180条
2017-12-05 17:16:01,删除长低速记录,0.0,0.0,连续低于10 km/h的记录超过180条
2017-12-05 17:16:02,删除长低速记录,0.0,0.0,连续低于10 km/h的记录超过180条
2017-12-05 17:16:03,删除长低速记录,0.0,0.0,连续低于10 km/h的记录超过180条
2017-12-05 17:16:04,删除长低速记录,0.0,0.0,连续低于10 km/h的记录超过180条
2017-12-05 17:16:05,删除长低速记录,8.7,8.7,连续低于10 km/h的记录超过180条
2017-12-05 17:19:19,删除长低速记录,0.0,0.0,连续低于10 km/h的记录超过180条
2017-12-05 17:19:20,删除长低速记录,0.0,0.0,连续低于10 km/h的记录超过180条
2017-12-05 17:19:21,删除长低速记录,0.0,0.0,连续低于10 km/h的记录超过180条
2017-12-05 17:19:22,删除长低速记录,0.0,0.0,连续低于10 km/h的记录超过180条
2017-12-05 17:19:23,删除长低速记录,0.0,0.0,连续低于10 km/h的记录超过180条
2017-12-05 17:19:24,删除长低速记录,0.0,0.0,连续低于10 km/h的记录超过180条
2017-12-05 17:19:25,删除长低速记录,0.0,0.0,连续低于10 km/h的记录超过180条
2017-12-05 17:19:26,删除长低速记录,0.0,0.0,连续低于10 km/h的记录超过180条
2017-12-05 17:19:27,删除长低速记录,0.0,0.0,连续低于10 km/h的记录超过180条
2017-12-05 17:19:28,删除长低速记录,8.4,8.4,连续低于10 km/h的记录超过180条
2017-12-05 17:46:11,车速限幅,15.0,14.256,"连续1秒允许范围 [0.000000, 14.256000] km/h"
2017-12-05 17:55:57,删除长低速记录,0.0,0.0,连续低于10 km/h的记录超过180条
2017-12-05 17:55:58,删除长低速记录,0.0,0.0,连续低于10 km/h的记录超过180条
2017-12-05 17:55:59,删除长低速记录,0.0,0.0,连续低于10 km/h的记录超过180条
2017-12-05 17:56:00,删除长低速记录,0.0,0.0,连续低于10 km/h的记录超过180条
2017-12-05 17:56:01,删除长低速记录,0.0,0.0,连续低于10 km/h的记录超过180条
2017-12-05 17:56:02,删除长低速记录,0.0,0.0,连续低于10 km/h的记录超过180条
2017-12-05 17:56:03,删除长低速记录,0.0,0.0,连续低于10 km/h的记录超过180条
2017-12-05 17:56:04,删除长低速记录,0.0,0.0,连续低于10 km/h的记录超过180条
2017-12-05 17:56:05,删除长低速记录,0.0,0.0,连续低于10 km/h的记录超过180条
2017-12-05 17:56:06,删除长低速记录,0.0,0.0,连续低于10 km/h的记录超过180条
2017-12-05 17:56:07,删除长低速记录,0.0,0.0,连续低于10 km/h的记录超过180条
2017-12-05 17:56:08,删除长低速记录,0.0,0.0,连续低于10 km/h的记录超过180条
2017-12-05 17:56:09,删除长低速记录,0.0,0.0,连续低于10 km/h的记录超过180条
2017-12-05 17:56:10,删除长低速记录,0.0,0.0,连续低于10 km/h的记录超过180条
2017-12-05 17:56:11,删除长低速记录,0.0,0.0,连续低于10 km/h的记录超过180条
2017-12-05 17:56:12,删除长低速记录,0.0,0.0,连续低于10 km/h的记录超过180条
2017-12-05 17:56:13,删除长低速记录,0.0,0.0,连续低于10 km/h的记录超过180条
2017-12-05 17:56:14,删除长低速记录,0.0,0.0,连续低于10 km/h的记录超过180条
2017-12-05 17:56:15,删除长低速记录,0.0,0.0,连续低于10 km/h的记录超过180条
2017-12-05 17:56:16,删除长低速记录,0.0,0.0,连续低于10 km/h的记录超过180条
2017-12-05 17:56:17,删除长低速记录,0.0,0.0,连续低于10 km/h的记录超过180条
2017-12-05 17:56:18,删除长低速记录,0.0,0.0,连续低于10 km/h的记录超过180条
2017-12-05 17:56:19,删除长低速记录,0.0,0.0,连续低于10 km/h的记录超过180条
2017-12-05 17:56:20,删除长低速记录,0.0,0.0,连续低于10 km/h的记录超过180条
2017-12-05 17:56:21,删除长低速记录,0.0,0.0,连续低于10 km/h的记录超过180条
2017-12-05 17:56:22,删除长低速记录,0.0,0.0,连续低于10 km/h的记录超过180条
2017-12-05 17:56:23,删除长低速记录,0.0,0.0,连续低于10 km/h的记录超过180条
2017-12-05 17:56:24,删除长低速记录,0.0,0.0,连续低于10 km/h的记录超过180条
2017-12-05 17:56:25,删除长低速记录,0.0,0.0,连续低于10 km/h的记录超过180条
2017-12-05 17:56:26,删除长低速记录,0.0,0.0,连续低于10 km/h的记录超过180条
2017-12-05 17:56:27,删除长低速记录,0.0,0.0,连续低于10 km/h的记录超过180条
2017-12-05 17:56:28,删除长低速记录,0.0,0.0,连续低于10 km/h的记录超过180条
2017-12-05 17:56:29,删除长低速记录,0.0,0.0,连续低于10 km/h的记录超过180条
2017-12-05 17:56:30,删除长低速记录,0.0,0.0,连续低于10 km/h的记录超过180条
2017-12-05 17:56:31,删除长低速记录,0.0,0.0,连续低于10 km/h的记录超过180条
2017-12-05 17:56:32,删除长低速记录,0.0,0.0,连续低于10 km/h的记录超过180条
2017-12-05 17:56:33,删除长低速记录,0.0,0.0,连续低于10 km/h的记录超过180条
2017-12-05 17:56:34,删除长低速记录,0.0,0.0,连续低于10 km/h的记录超过180条
2017-12-05 17:56:35,删除长低速记录,0.0,0.0,连续低于10 km/h的记录超过180条
2017-12-05 17:56:36,删除长低速记录,0.0,0.0,连续低于10 km/h的记录超过180条
2017-12-05 17:56:37,删除长低速记录,0.0,0.0,连续低于10 km/h的记录超过180条
2017-12-05 17:56:38,删除长低速记录,0.0,0.0,连续低于10 km/h的记录超过180条
2017-12-05 17:56:39,删除长低速记录,0.0,0.0,连续低于10 km/h的记录超过180条
2017-12-05 17:56:40,删除长低速记录,0.0,0.0,连续低于10 km/h的记录超过180条
2017-12-05 17:56:41,删除长低速记录,0.0,0.0,连续低于10 km/h的记录超过180条
2017-12-05 17:56:42,删除长低速记录,0.0,0.0,连续低于10 km/h的记录超过180条
2017-12-05 17:56:43,删除长低速记录,0.0,0.0,连续低于10 km/h的记录超过180条
2017-12-05 17:56:44,删除长低速记录,0.0,0.0,连续低于10 km/h的记录超过180条
2017-12-05 17:56:45,删除长低速记录,0.0,0.0,连续低于10 km/h的记录超过180条
2017-12-05 17:56:46,删除长低速记录,0.0,0.0,连续低于10 km/h的记录超过180条
2017-12-05 17:56:47,删除长低速记录,0.0,0.0,连续低于10 km/h的记录超过180条
2017-12-05 17:56:48,删除长低速记录,0.0,0.0,连续低于10 km/h的记录超过180条
2017-12-05 17:56:49,删除长低速记录,0.0,0.0,连续低于10 km/h的记录超过180条
2017-12-05 17:56:50,删除长低速记录,0.0,0.0,连续低于10 km/h的记录超过180条
2017-12-05 17:56:51,删除长低速记录,0.0,0.0,连续低于10 km/h的记录超过180条
2017-12-05 17:56:52,删除长低速记录,0.0,0.0,连续低于10 km/h的记录超过180条
2017-12-05 17:56:53,删除长低速记录,0.0,0.0,连续低于10 km/h的记录超过180条
2017-12-05 17:56:54,删除长低速记录,0.0,0.0,连续低于10 km/h的记录超过180条
2017-12-05 17:56:55,删除长低速记录,0.0,0.0,连续低于10 km/h的记录超过180条
2017-12-05 17:56:56,删除长低速记录,0.0,0.0,连续低于10 km/h的记录超过180条
2017-12-05 17:56:57,删除长低速记录,0.0,0.0,连续低于10 km/h的记录超过180条
2017-12-05 17:56:58,删除长低速记录,0.0,0.0,连续低于10 km/h的记录超过180条
2017-12-05 17:56:59,删除长低速记录,0.0,0.0,连续低于10 km/h的记录超过180条
2017-12-05 17:57:00,删除长低速记录,0.0,0.0,连续低于10 km/h的记录超过180条
2017-12-05 17:57:01,删除长低速记录,0.0,0.0,连续低于10 km/h的记录超过180条
2017-12-05 17:57:02,删除长低速记录,0.0,0.0,连续低于10 km/h的记录超过180条
2017-12-05 17:57:03,删除长低速记录,0.0,0.0,连续低于10 km/h的记录超过180条
2017-12-05 17:57:04,删除长低速记录,0.0,0.0,连续低于10 km/h的记录超过180条
2017-12-05 17:57:05,删除长低速记录,0.0,0.0,连续低于10 km/h的记录超过180条
2017-12-05 17:57:06,删除长低速记录,0.0,0.0,连续低于10 km/h的记录超过180条
2017-12-05 17:57:07,删除长低速记录,0.0,0.0,连续低于10 km/h的记录超过180条
2017-12-05 17:57:08,删除长低速记录,0.0,0.0,连续低于10 km/h的记录超过180条
2017-12-05 17:57:09,删除长低速记录,0.0,0.0,连续低于10 km/h的记录超过180条
2017-12-05 17:57:10,删除长低速记录,0.0,0.0,连续低于10 km/h的记录超过180条
2017-12-05 17:57:11,删除长低速记录,0.0,0.0,连续低于10 km/h的记录超过180条
2017-12-05 17:57:12,删除长低速记录,0.0,0.0,连续低于10 km/h的记录超过180条
2017-12-05 17:57:13,删除长低速记录,0.0,0.0,连续低于10 km/h的记录超过180条
2017-12-05 17:57:14,删除长低速记录,0.0,0.0,连续低于10 km/h的记录超过180条
2017-12-05 17:57:15,删除长低速记录,0.0,0.0,连续低于10 km/h的记录超过180条
2017-12-05 17:57:16,删除长低速记录,0.0,0.0,连续低于10 km/h的记录超过180条
2017-12-05 17:57:17,删除长低速记录,0.0,0.0,连续低于10 km/h的记录超过180条
2017-12-05 17:57:18,删除长低速记录,0.0,0.0,连续低于10 km/h的记录超过180条
2017-12-05 17:57:19,删除长低速记录,0.0,0.0,连续低于10 km/h的记录超过180条
2017-12-05 17:57:20,删除长低速记录,0.0,0.0,连续低于10 km/h的记录超过180条
2017-12-05 17:57:21,删除长低速记录,0.0,0.0,连续低于10 km/h的记录超过180条
2017-12-05 17:57:22,删除长低速记录,0.0,0.0,连续低于10 km/h的记录超过180条
2017-12-05 17:57:23,删除长低速记录,0.0,0.0,连续低于10 km/h的记录超过180条
2017-12-05 17:57:24,删除长低速记录,0.0,0.0,连续低于10 km/h的记录超过180条
2017-12-05 17:57:25,删除长低速记录,0.0,0.0,连续低于10 km/h的记录超过180条
2017-12-05 17:57:26,删除长低速记录,0.0,0.0,连续低于10 km/h的记录超过180条
2017-12-05 17:57:27,删除长低速记录,0.0,0.0,连续低于10 km/h的记录超过180条
2017-12-05 17:57:28,删除长低速记录,0.0,0.0,连续低于10 km/h的记录超过180条
2017-12-05 17:57:29,删除长低速记录,0.0,0.0,连续低于10 km/h的记录超过180条
2017-12-05 17:57:30,删除长低速记录,0.0,0.0,连续低于10 km/h的记录超过180条
2017-12-05 17:57:31,删除长低速记录,0.0,0.0,连续低于10 km/h的记录超过180条
2017-12-05 17:57:32,删除长低速记录,0.0,0.0,连续低于10 km/h的记录超过180条
2017-12-05 17:57:33,删除长低速记录,0.0,0.0,连续低于10 km/h的记录超过180条
2017-12-05 17:57:34,删除长低速记录,0.0,0.0,连续低于10 km/h的记录超过180条
2017-12-05 17:57:35,删除长低速记录,0.0,0.0,连续低于10 km/h的记录超过180条
2017-12-05 17:57:36,删除长低速记录,0.0,0.0,连续低于10 km/h的记录超过180条
2017-12-05 17:57:37,删除长低速记录,0.0,0.0,连续低于10 km/h的记录超过180条
2017-12-05 17:57:38,删除长低速记录,0.0,0.0,连续低于10 km/h的记录超过180条
2017-12-05 17:57:39,删除长低速记录,0.0,0.0,连续低于10 km/h的记录超过180条
2017-12-05 17:57:40,删除长低速记录,0.0,0.0,连续低于10 km/h的记录超过180条
2017-12-05 17:57:41,删除长低速记录,0.0,0.0,连续低于10 km/h的记录超过180条
2017-12-05 17:57:42,删除长低速记录,0.0,0.0,连续低于10 km/h的记录超过180条
2017-12-05 17:57:43,删除长低速记录,0.0,0.0,连续低于10 km/h的记录超过180条
2017-12-05 17:57:44,删除长低速记录,0.0,0.0,连续低于10 km/h的记录超过180条
2017-12-05 17:57:45,删除长低速记录,0.0,0.0,连续低于10 km/h的记录超过180条
2017-12-05 17:57:46,删除长低速记录,0.0,0.0,连续低于10 km/h的记录超过180条
2017-12-05 17:57:47,删除长低速记录,0.0,0.0,连续低于10 km/h的记录超过180条
2017-12-05 17:57:48,删除长低速记录,0.0,0.0,连续低于10 km/h的记录超过180条
2017-12-05 17:57:49,删除长低速记录,0.0,0.0,连续低于10 km/h的记录超过180条
2017-12-05 17:57:50,删除长低速记录,0.0,0.0,连续低于10 km/h的记录超过180条
2017-12-05 17:57:51,删除长低速记录,0.0,0.0,连续低于10 km/h的记录超过180条
2017-12-05 17:57:52,删除长低速记录,0.0,0.0,连续低于10 km/h的记录超过180条
2017-12-05 17:57:53,删除长低速记录,0.0,0.0,连续低于10 km/h的记录超过180条
2017-12-05 17:57:54,删除长低速记录,0.0,0.0,连续低于10 km/h的记录超过180条
2017-12-05 17:57:55,删除长低速记录,0.0,0.0,连续低于10 km/h的记录超过180条
2017-12-05 17:57:56,删除长低速记录,0.0,0.0,连续低于10 km/h的记录超过180条
2017-12-05 17:57:57,删除长低速记录,0.0,0.0,连续低于10 km/h的记录超过180条
2017-12-05 17:57:58,删除长低速记录,0.0,0.0,连续低于10 km/h的记录超过180条
2017-12-05 17:57:59,删除长低速记录,0.0,0.0,连续低于10 km/h的记录超过180条
2017-12-05 17:58:00,删除长低速记录,0.0,0.0,连续低于10 km/h的记录超过180条
2017-12-05 17:58:01,删除长低速记录,0.0,0.0,连续低于10 km/h的记录超过180条
2017-12-05 17:58:02,删除长低速记录,0.0,0.0,连续低于10 km/h的记录超过180条
2017-12-05 17:58:03,删除长低速记录,0.0,0.0,连续低于10 km/h的记录超过180条
2017-12-05 17:58:04,删除长低速记录,0.0,0.0,连续低于10 km/h的记录超过180条
2017-12-05 17:58:05,删除长低速记录,0.0,0.0,连续低于10 km/h的记录超过180条
2017-12-05 17:58:06,删除长低速记录,0.0,0.0,连续低于10 km/h的记录超过180条
2017-12-05 17:58:07,删除长低速记录,1.5,1.5,连续低于10 km/h的记录超过180条
2017-12-05 17:58:08,删除长低速记录,2.7,2.7,连续低于10 km/h的记录超过180条
2017-12-05 17:58:09,删除长低速记录,5.9,5.9,连续低于10 km/h的记录超过180条
2017-12-05 17:58:10,删除长低速记录,6.9,6.9,连续低于10 km/h的记录超过180条
2017-12-05 17:58:11,删除长低速记录,6.2,6.2,连续低于10 km/h的记录超过180条
2017-12-05 17:58:12,删除长低速记录,2.4,2.4,连续低于10 km/h的记录超过180条
2017-12-05 17:58:13,删除长低速记录,2.3,2.3,连续低于10 km/h的记录超过180条
2017-12-05 17:58:14,删除长低速记录,2.7,2.7,连续低于10 km/h的记录超过180条
2017-12-05 17:58:15,删除长低速记录,3.8,3.8,连续低于10 km/h的记录超过180条
2017-12-05 17:58:16,删除长低速记录,6.6,6.6,连续低于10 km/h的记录超过180条
2017-12-05 17:58:17,删除长低速记录,8.6,8.6,连续低于10 km/h的记录超过180条
2017-12-05 17:58:18,删除长低速记录,9.0,9.0,连续低于10 km/h的记录超过180条
2017-12-05 19:20:41,车速限幅,14.3,14.256,"连续1秒允许范围 [0.000000, 14.256000] km/h"
2017-12-05 19:26:17,车速限幅,15.5,14.256,"连续1秒允许范围 [0.000000, 14.256000] km/h"
2017-12-06 10:17:20,删除长低速记录,0.0,0.0,连续低于10 km/h的记录超过180条
2017-12-06 10:17:21,删除长低速记录,0.0,0.0,连续低于10 km/h的记录超过180条
2017-12-06 10:17:22,删除长低速记录,0.0,0.0,连续低于10 km/h的记录超过180条
2017-12-06 10:17:23,删除长低速记录,0.0,0.0,连续低于10 km/h的记录超过180条
2017-12-06 10:17:24,删除长低速记录,0.0,0.0,连续低于10 km/h的记录超过180条
2017-12-06 10:17:25,删除长低速记录,0.0,0.0,连续低于10 km/h的记录超过180条
2017-12-06 10:17:26,删除长低速记录,0.0,0.0,连续低于10 km/h的记录超过180条
2017-12-06 10:17:27,删除长低速记录,0.0,0.0,连续低于10 km/h的记录超过180条
2017-12-06 10:17:28,删除长低速记录,0.0,0.0,连续低于10 km/h的记录超过180条
2017-12-06 10:17:29,删除长低速记录,2.1,2.1,连续低于10 km/h的记录超过180条
2017-12-06 10:17:30,删除长低速记录,0.0,0.0,连续低于10 km/h的记录超过180条
2017-12-06 10:17:31,删除长低速记录,0.0,0.0,连续低于10 km/h的记录超过180条
2017-12-06 10:17:32,删除长低速记录,0.0,0.0,连续低于10 km/h的记录超过180条
2017-12-06 10:17:33,删除长低速记录,0.0,0.0,连续低于10 km/h的记录超过180条
2017-12-06 10:17:34,删除长低速记录,5.9,5.9,连续低于10 km/h的记录超过180条
2017-12-06 10:17:35,删除长低速记录,8.7,8.7,连续低于10 km/h的记录超过180条
2017-12-06 10:19:43,新增插值记录,,34.8,相邻速度 34 与 35.6 km/h 的线性中点
2017-12-06 10:20:10,新增插值记录,,30.15,相邻速度 26.3 与 34 km/h 的线性中点
2017-12-06 10:21:54,新增插值记录,,39.05,相邻速度 41.5 与 36.6 km/h 的线性中点
2017-12-06 10:22:27,新增插值记录,,41.5,相邻速度 41.5 与 41.5 km/h 的线性中点
2017-12-06 10:24:00,新增插值记录,,39.4,相邻速度 39.4 与 39.4 km/h 的线性中点
2017-12-06 10:24:05,新增插值记录,,19.7,相邻速度 39.4 与 0 km/h 的线性中点
2017-12-06 10:24:11,车速限幅,39.4,17.756,"连续1秒允许范围 [0.000000, 17.756000] km/h"
2017-12-06 10:24:13,车速限幅,39.4,24.356,"连续1秒允许范围 [0.000000, 24.356000] km/h"
2017-12-06 10:24:14,车速限幅,39.4,38.612,"连续1秒允许范围 [0.000000, 38.612000] km/h"
2017-12-06 10:24:19,新增插值记录,,39.4,相邻速度 39.4 与 39.4 km/h 的线性中点
2017-12-06 10:24:21,新增插值记录,,39.4,相邻速度 39.4 与 39.4 km/h 的线性中点
2017-12-06 10:24:33,新增插值记录,,39.4,相邻速度 39.4 与 39.4 km/h 的线性中点
2017-12-06 11:14:51,车速限幅,0.0,20.400000000000002,"连续1秒允许范围 [20.400000, 63.456000] km/h"
2017-12-06 11:16:30,车速限幅,0.0,25.099999999999998,"连续1秒允许范围 [25.100000, 68.156000] km/h"
2017-12-06 11:19:22,车速限幅,0.0,21.7,"连续1秒允许范围 [21.700000, 64.756000] km/h"
2017-12-06 11:19:24,车速限幅,50.5,14.456,"连续1秒允许范围 [0.000000, 14.456000] km/h"
2017-12-06 11:19:25,车速限幅,50.5,28.712,"连续1秒允许范围 [0.000000, 28.712000] km/h"
2017-12-06 11:20:33,新增插值记录,,39.15,相邻速度 39.4 与 38.9 km/h 的线性中点
2017-12-06 11:22:22,车速限幅,45.3,43.956,"连续1秒允许范围 [0.900000, 43.956000] km/h"
2017-12-06 11:37:34,车速限幅,10.9,29.900000000000002,"连续1秒允许范围 [29.900000, 72.956000] km/h"
2017-12-06 11:37:36,车速限幅,58.7,31.456,"连续1秒允许范围 [0.000000, 31.456000] km/h"
2017-12-06 11:40:22,车速限幅,27.3,23.656,"连续1秒允许范围 [0.000000, 23.656000] km/h"
2017-12-06 11:40:29,新增插值记录,,3.0999999999999996,相邻速度 3.3 与 2.9 km/h 的线性中点
2017-12-06 11:40:45,新增插值记录,,0.0,相邻速度 0 与 0 km/h 的线性中点
2017-12-06 13:33:31,新增插值记录,,27.8,相邻速度 27.5 与 28.1 km/h 的线性中点
2017-12-06 13:56:10,车速限幅,43.7,41.256,"连续1秒允许范围 [0.000000, 41.256000] km/h"
2017-12-06 13:56:17,新增插值记录,,37.75,相邻速度 35.3 与 40.2 km/h 的线性中点
2017-12-06 14:37:46,车速限幅,14.4,14.256,"连续1秒允许范围 [0.000000, 14.256000] km/h"
2017-12-06 15:02:23,车速限幅,15.5,14.256,"连续1秒允许范围 [0.000000, 14.256000] km/h"
2017-12-06 15:04:33,新增插值记录,,18.75,相邻速度 15.3 与 22.2 km/h 的线性中点
2017-12-06 15:26:14,删除长低速记录,0.0,0.0,连续低于10 km/h的记录超过180条
2017-12-06 15:26:15,删除长低速记录,0.0,0.0,连续低于10 km/h的记录超过180条
2017-12-06 15:26:16,删除长低速记录,0.0,0.0,连续低于10 km/h的记录超过180条
2017-12-06 15:26:17,删除长低速记录,0.0,0.0,连续低于10 km/h的记录超过180条
2017-12-06 15:26:18,删除长低速记录,0.0,0.0,连续低于10 km/h的记录超过180条
2017-12-06 15:26:19,删除长低速记录,0.0,0.0,连续低于10 km/h的记录超过180条
2017-12-06 15:26:20,删除长低速记录,0.0,0.0,连续低于10 km/h的记录超过180条
2017-12-06 15:26:21,删除长低速记录,0.0,0.0,连续低于10 km/h的记录超过180条
2017-12-06 15:26:22,删除长低速记录,0.0,0.0,连续低于10 km/h的记录超过180条
2017-12-06 15:26:23,删除长低速记录,0.0,0.0,连续低于10 km/h的记录超过180条
2017-12-06 15:26:24,删除长低速记录,0.0,0.0,连续低于10 km/h的记录超过180条
2017-12-06 15:26:25,删除长低速记录,0.0,0.0,连续低于10 km/h的记录超过180条
2017-12-06 15:26:26,删除长低速记录,0.0,0.0,连续低于10 km/h的记录超过180条
2017-12-06 15:26:27,删除长低速记录,0.0,0.0,连续低于10 km/h的记录超过180条
2017-12-06 15:26:28,删除长低速记录,0.0,0.0,连续低于10 km/h的记录超过180条
2017-12-06 15:26:29,删除长低速记录,2.8,2.8,连续低于10 km/h的记录超过180条
2017-12-06 15:26:30,删除长低速记录,3.6,3.6,连续低于10 km/h的记录超过180条
2017-12-06 15:26:31,删除长低速记录,4.7,4.7,连续低于10 km/h的记录超过180条
2017-12-06 15:26:32,删除长低速记录,8.5,8.5,连续低于10 km/h的记录超过180条
2017-12-06 15:30:32,删除长低速记录,0.0,0.0,连续低于10 km/h的记录超过180条
2017-12-06 15:30:33,删除长低速记录,0.0,0.0,连续低于10 km/h的记录超过180条
2017-12-06 15:30:34,删除长低速记录,0.0,0.0,连续低于10 km/h的记录超过180条
2017-12-06 15:30:35,删除长低速记录,0.0,0.0,连续低于10 km/h的记录超过180条
2017-12-06 15:30:36,删除长低速记录,0.0,0.0,连续低于10 km/h的记录超过180条
2017-12-06 15:30:37,删除长低速记录,0.0,0.0,连续低于10 km/h的记录超过180条
2017-12-06 15:30:38,删除长低速记录,0.0,0.0,连续低于10 km/h的记录超过180条
2017-12-06 15:30:39,删除长低速记录,0.0,0.0,连续低于10 km/h的记录超过180条
2017-12-06 15:30:40,删除长低速记录,0.0,0.0,连续低于10 km/h的记录超过180条
2017-12-06 15:30:41,删除长低速记录,0.0,0.0,连续低于10 km/h的记录超过180条
2017-12-06 15:30:42,删除长低速记录,0.0,0.0,连续低于10 km/h的记录超过180条
2017-12-06 15:30:43,删除长低速记录,0.0,0.0,连续低于10 km/h的记录超过180条
2017-12-06 15:30:44,删除长低速记录,0.0,0.0,连续低于10 km/h的记录超过180条
2017-12-06 15:30:45,删除长低速记录,0.0,0.0,连续低于10 km/h的记录超过180条
2017-12-06 15:30:46,删除长低速记录,0.0,0.0,连续低于10 km/h的记录超过180条
2017-12-06 15:30:47,删除长低速记录,0.0,0.0,连续低于10 km/h的记录超过180条
2017-12-06 15:30:48,删除长低速记录,0.0,0.0,连续低于10 km/h的记录超过180条
2017-12-06 15:30:49,删除长低速记录,0.0,0.0,连续低于10 km/h的记录超过180条
2017-12-06 15:30:50,删除长低速记录,0.0,0.0,连续低于10 km/h的记录超过180条
2017-12-06 15:30:51,删除长低速记录,0.0,0.0,连续低于10 km/h的记录超过180条
2017-12-06 15:30:52,删除长低速记录,0.0,0.0,连续低于10 km/h的记录超过180条
2017-12-06 15:30:53,删除长低速记录,0.0,0.0,连续低于10 km/h的记录超过180条
2017-12-06 15:30:54,删除长低速记录,0.0,0.0,连续低于10 km/h的记录超过180条
2017-12-06 15:30:55,删除长低速记录,0.0,0.0,连续低于10 km/h的记录超过180条
2017-12-06 15:30:56,删除长低速记录,0.0,0.0,连续低于10 km/h的记录超过180条
2017-12-06 15:30:57,删除长低速记录,0.0,0.0,连续低于10 km/h的记录超过180条
2017-12-06 15:30:58,删除长低速记录,0.0,0.0,连续低于10 km/h的记录超过180条
2017-12-06 15:30:59,删除长低速记录,0.0,0.0,连续低于10 km/h的记录超过180条
2017-12-06 15:31:00,删除长低速记录,0.0,0.0,连续低于10 km/h的记录超过180条
2017-12-06 15:31:01,删除长低速记录,0.0,0.0,连续低于10 km/h的记录超过180条
2017-12-06 15:31:02,删除长低速记录,0.0,0.0,连续低于10 km/h的记录超过180条
2017-12-06 15:31:03,删除长低速记录,0.0,0.0,连续低于10 km/h的记录超过180条
2017-12-06 15:31:04,删除长低速记录,0.0,0.0,连续低于10 km/h的记录超过180条
2017-12-06 15:31:05,删除长低速记录,0.0,0.0,连续低于10 km/h的记录超过180条
2017-12-06 15:31:06,删除长低速记录,0.0,0.0,连续低于10 km/h的记录超过180条
2017-12-06 15:31:07,删除长低速记录,0.0,0.0,连续低于10 km/h的记录超过180条
2017-12-06 15:31:08,删除长低速记录,0.0,0.0,连续低于10 km/h的记录超过180条
2017-12-06 15:31:09,删除长低速记录,0.0,0.0,连续低于10 km/h的记录超过180条
2017-12-06 15:31:10,删除长低速记录,0.0,0.0,连续低于10 km/h的记录超过180条
2017-12-06 15:31:11,删除长低速记录,0.0,0.0,连续低于10 km/h的记录超过180条
2017-12-06 15:31:12,删除长低速记录,0.0,0.0,连续低于10 km/h的记录超过180条
2017-12-06 15:31:13,删除长低速记录,0.0,0.0,连续低于10 km/h的记录超过180条
2017-12-06 15:31:14,删除长低速记录,0.0,0.0,连续低于10 km/h的记录超过180条
2017-12-06 15:31:15,删除长低速记录,0.0,0.0,连续低于10 km/h的记录超过180条
2017-12-06 15:31:16,删除长低速记录,0.0,0.0,连续低于10 km/h的记录超过180条
2017-12-06 15:31:17,删除长低速记录,0.0,0.0,连续低于10 km/h的记录超过180条
2017-12-06 15:31:18,删除长低速记录,0.0,0.0,连续低于10 km/h的记录超过180条
2017-12-06 15:31:19,删除长低速记录,0.0,0.0,连续低于10 km/h的记录超过180条
2017-12-06 15:31:20,删除长低速记录,0.0,0.0,连续低于10 km/h的记录超过180条
2017-12-06 15:31:21,删除长低速记录,0.0,0.0,连续低于10 km/h的记录超过180条
2017-12-06 15:31:22,删除长低速记录,0.0,0.0,连续低于10 km/h的记录超过180条
2017-12-06 15:31:23,删除长低速记录,0.0,0.0,连续低于10 km/h的记录超过180条
2017-12-06 15:31:24,删除长低速记录,0.0,0.0,连续低于10 km/h的记录超过180条
2017-12-06 15:31:25,删除长低速记录,0.0,0.0,连续低于10 km/h的记录超过180条
2017-12-06 15:31:26,删除长低速记录,0.0,0.0,连续低于10 km/h的记录超过180条
2017-12-06 15:31:27,删除长低速记录,0.0,0.0,连续低于10 km/h的记录超过180条
2017-12-06 15:31:28,删除长低速记录,0.0,0.0,连续低于10 km/h的记录超过180条
2017-12-06 15:31:29,删除长低速记录,0.0,0.0,连续低于10 km/h的记录超过180条
2017-12-06 15:31:30,删除长低速记录,0.0,0.0,连续低于10 km/h的记录超过180条
2017-12-06 15:31:31,删除长低速记录,0.0,0.0,连续低于10 km/h的记录超过180条
2017-12-06 15:31:32,删除长低速记录,0.0,0.0,连续低于10 km/h的记录超过180条
2017-12-06 15:31:33,删除长低速记录,0.0,0.0,连续低于10 km/h的记录超过180条
2017-12-06 15:31:34,删除长低速记录,0.0,0.0,连续低于10 km/h的记录超过180条
2017-12-06 15:31:35,删除长低速记录,0.0,0.0,连续低于10 km/h的记录超过180条
2017-12-06 15:31:36,删除长低速记录,0.0,0.0,连续低于10 km/h的记录超过180条
2017-12-06 15:31:37,删除长低速记录,0.0,0.0,连续低于10 km/h的记录超过180条
2017-12-06 15:31:38,删除长低速记录,0.0,0.0,连续低于10 km/h的记录超过180条
2017-12-06 15:31:39,删除长低速记录,0.0,0.0,连续低于10 km/h的记录超过180条
2017-12-06 15:31:40,删除长低速记录,0.0,0.0,连续低于10 km/h的记录超过180条
2017-12-06 15:31:41,删除长低速记录,0.0,0.0,连续低于10 km/h的记录超过180条
2017-12-06 15:31:42,删除长低速记录,0.0,0.0,连续低于10 km/h的记录超过180条
2017-12-06 15:31:43,删除长低速记录,0.0,0.0,连续低于10 km/h的记录超过180条
2017-12-06 15:31:44,删除长低速记录,0.0,0.0,连续低于10 km/h的记录超过180条
2017-12-06 15:31:45,删除长低速记录,0.0,0.0,连续低于10 km/h的记录超过180条
2017-12-06 15:31:46,删除长低速记录,0.0,0.0,连续低于10 km/h的记录超过180条
2017-12-06 15:31:47,删除长低速记录,0.0,0.0,连续低于10 km/h的记录超过180条
2017-12-06 15:31:48,删除长低速记录,0.0,0.0,连续低于10 km/h的记录超过180条
2017-12-06 15:31:49,删除长低速记录,0.0,0.0,连续低于10 km/h的记录超过180条
2017-12-06 15:31:50,删除长低速记录,0.0,0.0,连续低于10 km/h的记录超过180条
2017-12-06 15:31:51,删除长低速记录,0.0,0.0,连续低于10 km/h的记录超过180条
2017-12-06 15:31:52,删除长低速记录,0.0,0.0,连续低于10 km/h的记录超过180条
2017-12-06 15:31:53,删除长低速记录,0.0,0.0,连续低于10 km/h的记录超过180条
2017-12-06 15:31:54,删除长低速记录,0.0,0.0,连续低于10 km/h的记录超过180条
2017-12-06 15:31:55,删除长低速记录,0.0,0.0,连续低于10 km/h的记录超过180条
2017-12-06 15:31:56,删除长低速记录,0.0,0.0,连续低于10 km/h的记录超过180条
2017-12-06 15:31:57,删除长低速记录,0.0,0.0,连续低于10 km/h的记录超过180条
2017-12-06 15:31:58,删除长低速记录,0.0,0.0,连续低于10 km/h的记录超过180条
2017-12-06 15:31:59,删除长低速记录,0.0,0.0,连续低于10 km/h的记录超过180条
2017-12-06 15:32:00,删除长低速记录,0.0,0.0,连续低于10 km/h的记录超过180条
2017-12-06 15:32:01,删除长低速记录,0.0,0.0,连续低于10 km/h的记录超过180条
2017-12-06 15:32:02,删除长低速记录,0.0,0.0,连续低于10 km/h的记录超过180条
2017-12-06 15:32:03,删除长低速记录,0.0,0.0,连续低于10 km/h的记录超过180条
2017-12-06 15:32:04,删除长低速记录,0.0,0.0,连续低于10 km/h的记录超过180条
2017-12-06 15:32:05,删除长低速记录,0.0,0.0,连续低于10 km/h的记录超过180条
2017-12-06 15:32:06,删除长低速记录,0.0,0.0,连续低于10 km/h的记录超过180条
2017-12-06 15:32:07,删除长低速记录,0.0,0.0,连续低于10 km/h的记录超过180条
2017-12-06 15:32:08,删除长低速记录,0.0,0.0,连续低于10 km/h的记录超过180条
2017-12-06 15:32:09,删除长低速记录,0.0,0.0,连续低于10 km/h的记录超过180条
2017-12-06 15:32:10,删除长低速记录,0.0,0.0,连续低于10 km/h的记录超过180条
2017-12-06 15:32:11,删除长低速记录,0.0,0.0,连续低于10 km/h的记录超过180条
2017-12-06 15:32:12,删除长低速记录,0.0,0.0,连续低于10 km/h的记录超过180条
2017-12-06 15:32:13,删除长低速记录,0.0,0.0,连续低于10 km/h的记录超过180条
2017-12-06 15:32:14,删除长低速记录,0.0,0.0,连续低于10 km/h的记录超过180条
2017-12-06 15:32:15,删除长低速记录,0.0,0.0,连续低于10 km/h的记录超过180条
2017-12-06 15:32:16,删除长低速记录,0.0,0.0,连续低于10 km/h的记录超过180条
2017-12-06 15:32:17,删除长低速记录,0.0,0.0,连续低于10 km/h的记录超过180条
2017-12-06 15:32:18,删除长低速记录,0.0,0.0,连续低于10 km/h的记录超过180条
2017-12-06 15:32:19,删除长低速记录,0.0,0.0,连续低于10 km/h的记录超过180条
2017-12-06 15:32:20,删除长低速记录,0.0,0.0,连续低于10 km/h的记录超过180条
2017-12-06 15:32:21,删除长低速记录,0.0,0.0,连续低于10 km/h的记录超过180条
2017-12-06 15:32:22,删除长低速记录,0.0,0.0,连续低于10 km/h的记录超过180条
2017-12-06 15:32:23,删除长低速记录,0.0,0.0,连续低于10 km/h的记录超过180条
2017-12-06 15:32:24,删除长低速记录,0.0,0.0,连续低于10 km/h的记录超过180条
2017-12-06 15:32:25,删除长低速记录,0.0,0.0,连续低于10 km/h的记录超过180条
2017-12-06 15:32:26,删除长低速记录,0.0,0.0,连续低于10 km/h的记录超过180条
2017-12-06 15:32:27,删除长低速记录,0.0,0.0,连续低于10 km/h的记录超过180条
2017-12-06 15:32:28,删除长低速记录,0.0,0.0,连续低于10 km/h的记录超过180条
2017-12-06 15:32:29,删除长低速记录,0.0,0.0,连续低于10 km/h的记录超过180条
2017-12-06 15:32:30,删除长低速记录,0.0,0.0,连续低于10 km/h的记录超过180条
2017-12-06 15:32:31,删除长低速记录,0.0,0.0,连续低于10 km/h的记录超过180条
2017-12-06 15:32:32,删除长低速记录,0.0,0.0,连续低于10 km/h的记录超过180条
2017-12-06 15:32:33,删除长低速记录,0.0,0.0,连续低于10 km/h的记录超过180条
2017-12-06 15:32:34,删除长低速记录,0.0,0.0,连续低于10 km/h的记录超过180条
2017-12-06 15:32:35,删除长低速记录,0.0,0.0,连续低于10 km/h的记录超过180条
2017-12-06 15:32:36,删除长低速记录,0.0,0.0,连续低于10 km/h的记录超过180条
2017-12-06 15:32:37,删除长低速记录,0.0,0.0,连续低于10 km/h的记录超过180条
2017-12-06 15:32:38,删除长低速记录,0.0,0.0,连续低于10 km/h的记录超过180条
2017-12-06 15:32:39,删除长低速记录,0.0,0.0,连续低于10 km/h的记录超过180条
2017-12-06 15:32:40,删除长低速记录,0.0,0.0,连续低于10 km/h的记录超过180条
2017-12-06 15:32:41,删除长低速记录,0.0,0.0,连续低于10 km/h的记录超过180条
2017-12-06 15:32:42,删除长低速记录,0.0,0.0,连续低于10 km/h的记录超过180条
2017-12-06 15:32:43,删除长低速记录,0.0,0.0,连续低于10 km/h的记录超过180条
2017-12-06 15:32:44,删除长低速记录,0.0,0.0,连续低于10 km/h的记录超过180条
2017-12-06 15:32:45,删除长低速记录,0.0,0.0,连续低于10 km/h的记录超过180条
2017-12-06 15:32:46,删除长低速记录,0.0,0.0,连续低于10 km/h的记录超过180条
2017-12-06 15:32:47,删除长低速记录,0.0,0.0,连续低于10 km/h的记录超过180条
2017-12-06 15:32:48,删除长低速记录,0.0,0.0,连续低于10 km/h的记录超过180条
2017-12-06 15:32:49,删除长低速记录,0.0,0.0,连续低于10 km/h的记录超过180条
2017-12-06 15:32:50,删除长低速记录,0.0,0.0,连续低于10 km/h的记录超过180条
2017-12-06 15:32:51,删除长低速记录,0.0,0.0,连续低于10 km/h的记录超过180条
2017-12-06 15:32:52,删除长低速记录,0.0,0.0,连续低于10 km/h的记录超过180条
2017-12-06 15:32:53,删除长低速记录,0.0,0.0,连续低于10 km/h的记录超过180条
2017-12-06 15:32:54,删除长低速记录,0.0,0.0,连续低于10 km/h的记录超过180条
2017-12-06 15:32:55,删除长低速记录,0.0,0.0,连续低于10 km/h的记录超过180条
2017-12-06 15:32:56,删除长低速记录,0.0,0.0,连续低于10 km/h的记录超过180条
2017-12-06 15:32:57,删除长低速记录,0.0,0.0,连续低于10 km/h的记录超过180条
2017-12-06 15:32:58,删除长低速记录,0.0,0.0,连续低于10 km/h的记录超过180条
2017-12-06 15:32:59,删除长低速记录,0.0,0.0,连续低于10 km/h的记录超过180条
2017-12-06 15:33:00,删除长低速记录,0.0,0.0,连续低于10 km/h的记录超过180条
2017-12-06 15:33:01,删除长低速记录,0.0,0.0,连续低于10 km/h的记录超过180条
2017-12-06 15:33:02,删除长低速记录,0.0,0.0,连续低于10 km/h的记录超过180条
2017-12-06 15:33:03,删除长低速记录,0.0,0.0,连续低于10 km/h的记录超过180条
2017-12-06 15:33:04,删除长低速记录,0.0,0.0,连续低于10 km/h的记录超过180条
2017-12-06 15:33:05,删除长低速记录,0.0,0.0,连续低于10 km/h的记录超过180条
2017-12-06 15:33:06,删除长低速记录,0.0,0.0,连续低于10 km/h的记录超过180条
2017-12-06 15:33:07,删除长低速记录,0.0,0.0,连续低于10 km/h的记录超过180条
2017-12-06 15:33:08,删除长低速记录,0.0,0.0,连续低于10 km/h的记录超过180条
2017-12-06 15:33:09,删除长低速记录,0.0,0.0,连续低于10 km/h的记录超过180条
2017-12-06 15:33:10,删除长低速记录,2.3,2.3,连续低于10 km/h的记录超过180条
2017-12-06 15:33:11,删除长低速记录,2.4,2.4,连续低于10 km/h的记录超过180条
2017-12-06 15:33:12,删除长低速记录,2.8,2.8,连续低于10 km/h的记录超过180条
2017-12-06 15:33:13,删除长低速记录,0.0,0.0,连续低于10 km/h的记录超过180条
2017-12-06 15:33:14,删除长低速记录,0.0,0.0,连续低于10 km/h的记录超过180条
2017-12-06 15:33:15,删除长低速记录,0.0,0.0,连续低于10 km/h的记录超过180条
2017-12-06 15:33:16,删除长低速记录,0.0,0.0,连续低于10 km/h的记录超过180条
2017-12-06 15:33:17,删除长低速记录,0.0,0.0,连续低于10 km/h的记录超过180条
2017-12-06 15:33:18,删除长低速记录,0.0,0.0,连续低于10 km/h的记录超过180条
2017-12-06 15:33:19,删除长低速记录,0.0,0.0,连续低于10 km/h的记录超过180条
2017-12-06 15:33:20,删除长低速记录,0.0,0.0,连续低于10 km/h的记录超过180条
2017-12-06 15:33:21,删除长低速记录,0.0,0.0,连续低于10 km/h的记录超过180条
2017-12-06 15:33:22,删除长低速记录,0.0,0.0,连续低于10 km/h的记录超过180条
2017-12-06 15:33:23,删除长低速记录,0.0,0.0,连续低于10 km/h的记录超过180条
2017-12-06 15:33:24,删除长低速记录,5.7,5.7,连续低于10 km/h的记录超过180条
2017-12-06 15:33:25,删除长低速记录,7.1,7.1,连续低于10 km/h的记录超过180条
2017-12-06 15:33:26,删除长低速记录,6.0,6.0,连续低于10 km/h的记录超过180条
2017-12-06 15:33:27,删除长低速记录,6.0,6.0,连续低于10 km/h的记录超过180条
2017-12-06 15:33:28,删除长低速记录,4.8,4.8,连续低于10 km/h的记录超过180条
2017-12-06 15:33:29,删除长低速记录,2.0,2.0,连续低于10 km/h的记录超过180条
2017-12-06 15:33:30,删除长低速记录,0.0,0.0,连续低于10 km/h的记录超过180条
2017-12-06 15:33:31,删除长低速记录,0.0,0.0,连续低于10 km/h的记录超过180条
2017-12-06 15:33:32,删除长低速记录,0.0,0.0,连续低于10 km/h的记录超过180条
2017-12-06 15:33:33,删除长低速记录,0.0,0.0,连续低于10 km/h的记录超过180条
2017-12-06 15:33:34,删除长低速记录,1.7,1.7,连续低于10 km/h的记录超过180条
2017-12-06 15:33:35,删除长低速记录,0.0,0.0,连续低于10 km/h的记录超过180条
2017-12-06 15:33:36,删除长低速记录,0.0,0.0,连续低于10 km/h的记录超过180条
2017-12-06 15:33:37,删除长低速记录,0.0,0.0,连续低于10 km/h的记录超过180条
2017-12-06 15:33:38,删除长低速记录,2.2,2.2,连续低于10 km/h的记录超过180条
2017-12-06 15:33:39,删除长低速记录,2.8,2.8,连续低于10 km/h的记录超过180条
2017-12-06 15:33:40,删除长低速记录,4.4,4.4,连续低于10 km/h的记录超过180条
2017-12-06 15:33:41,删除长低速记录,5.0,5.0,连续低于10 km/h的记录超过180条
2017-12-06 15:33:42,删除长低速记录,6.3,6.3,连续低于10 km/h的记录超过180条
2017-12-06 15:33:43,删除长低速记录,8.7,8.7,连续低于10 km/h的记录超过180条
2017-12-06 15:33:44,删除长低速记录,9.1,9.1,连续低于10 km/h的记录超过180条
2017-12-06 15:33:45,删除长低速记录,7.8,7.8,连续低于10 km/h的记录超过180条
2017-12-06 15:33:46,删除长低速记录,6.2,6.2,连续低于10 km/h的记录超过180条
2017-12-06 15:33:47,删除长低速记录,6.3,6.3,连续低于10 km/h的记录超过180条
2017-12-06 15:33:48,删除长低速记录,6.2,6.2,连续低于10 km/h的记录超过180条
2017-12-06 15:33:49,删除长低速记录,7.5,7.5,连续低于10 km/h的记录超过180条
2017-12-06 15:33:50,删除长低速记录,7.6,7.6,连续低于10 km/h的记录超过180条
2017-12-06 15:33:51,删除长低速记录,5.9,5.9,连续低于10 km/h的记录超过180条
2017-12-06 15:33:52,删除长低速记录,2.7,2.7,连续低于10 km/h的记录超过180条
2017-12-06 15:33:53,删除长低速记录,0.0,0.0,连续低于10 km/h的记录超过180条
2017-12-06 15:33:54,删除长低速记录,0.0,0.0,连续低于10 km/h的记录超过180条
2017-12-06 15:33:55,删除长低速记录,0.0,0.0,连续低于10 km/h的记录超过180条
2017-12-06 15:33:56,删除长低速记录,0.0,0.0,连续低于10 km/h的记录超过180条
2017-12-06 15:33:57,删除长低速记录,0.0,0.0,连续低于10 km/h的记录超过180条
2017-12-06 15:33:58,删除长低速记录,0.0,0.0,连续低于10 km/h的记录超过180条
2017-12-06 15:33:59,删除长低速记录,0.0,0.0,连续低于10 km/h的记录超过180条
2017-12-06 15:34:00,删除长低速记录,0.0,0.0,连续低于10 km/h的记录超过180条
2017-12-06 15:34:01,删除长低速记录,0.0,0.0,连续低于10 km/h的记录超过180条
2017-12-06 15:34:02,删除长低速记录,0.0,0.0,连续低于10 km/h的记录超过180条
2017-12-06 15:34:03,删除长低速记录,0.0,0.0,连续低于10 km/h的记录超过180条
2017-12-06 15:34:04,删除长低速记录,5.0,5.0,连续低于10 km/h的记录超过180条
2017-12-06 15:34:05,删除长低速记录,5.5,5.5,连续低于10 km/h的记录超过180条
2017-12-06 15:34:06,删除长低速记录,5.0,5.0,连续低于10 km/h的记录超过180条
2017-12-06 15:34:07,删除长低速记录,2.6,2.6,连续低于10 km/h的记录超过180条
2017-12-06 15:34:08,删除长低速记录,1.5,1.5,连续低于10 km/h的记录超过180条
2017-12-06 15:34:09,删除长低速记录,0.0,0.0,连续低于10 km/h的记录超过180条
2017-12-06 15:34:10,删除长低速记录,0.0,0.0,连续低于10 km/h的记录超过180条
2017-12-06 15:34:11,删除长低速记录,3.2,3.2,连续低于10 km/h的记录超过180条
2017-12-06 15:34:12,删除长低速记录,3.3,3.3,连续低于10 km/h的记录超过180条
2017-12-06 15:34:13,删除长低速记录,2.3,2.3,连续低于10 km/h的记录超过180条
2017-12-06 15:34:14,删除长低速记录,3.2,3.2,连续低于10 km/h的记录超过180条
2017-12-06 15:34:15,删除长低速记录,3.5,3.5,连续低于10 km/h的记录超过180条
2017-12-06 15:34:16,删除长低速记录,2.8,2.8,连续低于10 km/h的记录超过180条
2017-12-06 15:34:17,删除长低速记录,2.9,2.9,连续低于10 km/h的记录超过180条
2017-12-06 15:34:18,删除长低速记录,1.8,1.8,连续低于10 km/h的记录超过180条
2017-12-06 15:34:19,删除长低速记录,2.7,2.7,连续低于10 km/h的记录超过180条
2017-12-06 15:34:20,删除长低速记录,3.1,3.1,连续低于10 km/h的记录超过180条
2017-12-06 15:34:21,删除长低速记录,4.2,4.2,连续低于10 km/h的记录超过180条
2017-12-06 15:34:22,删除长低速记录,5.0,5.0,连续低于10 km/h的记录超过180条
2017-12-06 15:34:23,删除长低速记录,4.1,4.1,连续低于10 km/h的记录超过180条
2017-12-06 15:34:24,删除长低速记录,5.1,5.1,连续低于10 km/h的记录超过180条
2017-12-06 15:34:25,删除长低速记录,6.0,6.0,连续低于10 km/h的记录超过180条
2017-12-06 15:34:26,删除长低速记录,7.0,7.0,连续低于10 km/h的记录超过180条
2017-12-06 15:41:17,车速限幅,15.0,14.256,"连续1秒允许范围 [0.000000, 14.256000] km/h"
2017-12-06 15:59:31,删除长低速记录,0.0,0.0,连续低于10 km/h的记录超过180条
2017-12-06 15:59:32,删除长低速记录,0.0,0.0,连续低于10 km/h的记录超过180条
2017-12-06 15:59:33,删除长低速记录,0.0,0.0,连续低于10 km/h的记录超过180条
2017-12-06 15:59:34,删除长低速记录,0.0,0.0,连续低于10 km/h的记录超过180条
2017-12-06 15:59:35,删除长低速记录,0.0,0.0,连续低于10 km/h的记录超过180条
2017-12-06 15:59:36,删除长低速记录,0.0,0.0,连续低于10 km/h的记录超过180条
2017-12-06 15:59:37,删除长低速记录,0.0,0.0,连续低于10 km/h的记录超过180条
2017-12-06 15:59:38,删除长低速记录,0.0,0.0,连续低于10 km/h的记录超过180条
2017-12-06 15:59:39,删除长低速记录,0.0,0.0,连续低于10 km/h的记录超过180条
2017-12-06 15:59:40,删除长低速记录,0.0,0.0,连续低于10 km/h的记录超过180条
2017-12-06 15:59:41,删除长低速记录,0.0,0.0,连续低于10 km/h的记录超过180条
2017-12-06 15:59:42,删除长低速记录,0.0,0.0,连续低于10 km/h的记录超过180条
2017-12-06 15:59:43,删除长低速记录,0.0,0.0,连续低于10 km/h的记录超过180条
2017-12-06 15:59:44,删除长低速记录,0.0,0.0,连续低于10 km/h的记录超过180条
2017-12-06 15:59:45,删除长低速记录,0.0,0.0,连续低于10 km/h的记录超过180条
2017-12-06 15:59:46,删除长低速记录,0.0,0.0,连续低于10 km/h的记录超过180条
2017-12-06 15:59:47,删除长低速记录,0.0,0.0,连续低于10 km/h的记录超过180条
2017-12-06 15:59:48,删除长低速记录,0.0,0.0,连续低于10 km/h的记录超过180条
2017-12-06 15:59:49,删除长低速记录,0.0,0.0,连续低于10 km/h的记录超过180条
2017-12-06 15:59:50,删除长低速记录,0.0,0.0,连续低于10 km/h的记录超过180条
2017-12-06 15:59:51,删除长低速记录,0.0,0.0,连续低于10 km/h的记录超过180条
2017-12-06 15:59:52,删除长低速记录,0.0,0.0,连续低于10 km/h的记录超过180条
2017-12-06 15:59:53,删除长低速记录,0.0,0.0,连续低于10 km/h的记录超过180条
2017-12-06 15:59:54,删除长低速记录,0.0,0.0,连续低于10 km/h的记录超过180条
2017-12-06 15:59:55,删除长低速记录,0.0,0.0,连续低于10 km/h的记录超过180条
2017-12-06 15:59:56,删除长低速记录,0.0,0.0,连续低于10 km/h的记录超过180条
2017-12-06 15:59:57,删除长低速记录,0.0,0.0,连续低于10 km/h的记录超过180条
2017-12-06 15:59:58,删除长低速记录,0.0,0.0,连续低于10 km/h的记录超过180条
2017-12-06 15:59:59,删除长低速记录,0.0,0.0,连续低于10 km/h的记录超过180条
2017-12-06 16:00:00,删除长低速记录,0.0,0.0,连续低于10 km/h的记录超过180条
2017-12-06 16:00:01,删除长低速记录,0.0,0.0,连续低于10 km/h的记录超过180条
2017-12-06 16:00:02,删除长低速记录,0.0,0.0,连续低于10 km/h的记录超过180条
2017-12-06 16:00:03,删除长低速记录,0.0,0.0,连续低于10 km/h的记录超过180条
2017-12-06 16:00:04,删除长低速记录,0.0,0.0,连续低于10 km/h的记录超过180条
2017-12-06 16:00:05,删除长低速记录,0.0,0.0,连续低于10 km/h的记录超过180条
2017-12-06 16:00:06,删除长低速记录,0.0,0.0,连续低于10 km/h的记录超过180条
2017-12-06 16:00:07,删除长低速记录,0.0,0.0,连续低于10 km/h的记录超过180条
2017-12-06 16:00:08,删除长低速记录,0.0,0.0,连续低于10 km/h的记录超过180条
2017-12-06 16:00:09,删除长低速记录,0.0,0.0,连续低于10 km/h的记录超过180条
2017-12-06 16:00:10,删除长低速记录,0.0,0.0,连续低于10 km/h的记录超过180条
2017-12-06 16:00:11,删除长低速记录,0.0,0.0,连续低于10 km/h的记录超过180条
2017-12-06 16:00:12,删除长低速记录,0.0,0.0,连续低于10 km/h的记录超过180条
2017-12-06 16:00:13,删除长低速记录,0.0,0.0,连续低于10 km/h的记录超过180条
2017-12-06 16:00:14,删除长低速记录,0.0,0.0,连续低于10 km/h的记录超过180条
2017-12-06 16:00:15,删除长低速记录,0.0,0.0,连续低于10 km/h的记录超过180条
2017-12-06 16:00:16,删除长低速记录,0.0,0.0,连续低于10 km/h的记录超过180条
2017-12-06 16:00:17,删除长低速记录,0.0,0.0,连续低于10 km/h的记录超过180条
2017-12-06 16:00:18,删除长低速记录,0.0,0.0,连续低于10 km/h的记录超过180条
2017-12-06 16:00:19,删除长低速记录,0.0,0.0,连续低于10 km/h的记录超过180条
2017-12-06 16:00:20,删除长低速记录,0.0,0.0,连续低于10 km/h的记录超过180条
2017-12-06 16:00:21,删除长低速记录,0.0,0.0,连续低于10 km/h的记录超过180条
2017-12-06 16:00:22,删除长低速记录,0.0,0.0,连续低于10 km/h的记录超过180条
2017-12-06 16:00:23,删除长低速记录,0.0,0.0,连续低于10 km/h的记录超过180条
2017-12-06 16:00:24,删除长低速记录,0.0,0.0,连续低于10 km/h的记录超过180条
2017-12-06 16:00:25,删除长低速记录,0.0,0.0,连续低于10 km/h的记录超过180条
2017-12-06 16:00:26,删除长低速记录,0.0,0.0,连续低于10 km/h的记录超过180条
2017-12-06 16:00:27,删除长低速记录,0.0,0.0,连续低于10 km/h的记录超过180条
2017-12-06 16:00:28,删除长低速记录,0.0,0.0,连续低于10 km/h的记录超过180条
2017-12-06 16:00:29,删除长低速记录,0.0,0.0,连续低于10 km/h的记录超过180条
2017-12-06 16:00:30,删除长低速记录,0.0,0.0,连续低于10 km/h的记录超过180条
2017-12-06 16:00:31,删除长低速记录,0.0,0.0,连续低于10 km/h的记录超过180条
2017-12-06 16:00:32,删除长低速记录,0.0,0.0,连续低于10 km/h的记录超过180条
2017-12-06 16:00:33,删除长低速记录,2.9,2.9,连续低于10 km/h的记录超过180条
2017-12-06 16:00:34,删除长低速记录,3.3,3.3,连续低于10 km/h的记录超过180条
2017-12-06 16:00:35,删除长低速记录,3.9,3.9,连续低于10 km/h的记录超过180条
2017-12-06 16:00:36,删除长低速记录,3.3,3.3,连续低于10 km/h的记录超过180条
2017-12-06 16:00:37,删除长低速记录,3.3,3.3,连续低于10 km/h的记录超过180条
2017-12-06 16:00:38,删除长低速记录,0.0,0.0,连续低于10 km/h的记录超过180条
2017-12-06 16:00:39,删除长低速记录,0.0,0.0,连续低于10 km/h的记录超过180条
2017-12-06 16:00:40,删除长低速记录,0.0,0.0,连续低于10 km/h的记录超过180条
2017-12-06 16:00:41,删除长低速记录,4.8,4.8,连续低于10 km/h的记录超过180条
2017-12-06 16:00:42,删除长低速记录,6.8,6.8,连续低于10 km/h的记录超过180条
2017-12-06 16:00:43,删除长低速记录,5.0,5.0,连续低于10 km/h的记录超过180条
2017-12-06 16:00:44,删除长低速记录,0.0,0.0,连续低于10 km/h的记录超过180条
2017-12-06 16:00:45,删除长低速记录,0.0,0.0,连续低于10 km/h的记录超过180条
2017-12-06 16:00:46,删除长低速记录,0.0,0.0,连续低于10 km/h的记录超过180条
2017-12-06 16:00:47,删除长低速记录,0.0,0.0,连续低于10 km/h的记录超过180条
2017-12-06 16:00:48,删除长低速记录,3.2,3.2,连续低于10 km/h的记录超过180条
2017-12-06 16:00:49,删除长低速记录,3.1,3.1,连续低于10 km/h的记录超过180条
2017-12-06 16:00:50,删除长低速记录,3.0,3.0,连续低于10 km/h的记录超过180条
2017-12-06 16:00:51,删除长低速记录,1.6,1.6,连续低于10 km/h的记录超过180条
2017-12-06 16:00:52,删除长低速记录,1.5,1.5,连续低于10 km/h的记录超过180条
2017-12-06 16:00:53,删除长低速记录,0.0,0.0,连续低于10 km/h的记录超过180条
2017-12-06 16:00:54,删除长低速记录,0.0,0.0,连续低于10 km/h的记录超过180条
2017-12-06 16:00:55,删除长低速记录,0.0,0.0,连续低于10 km/h的记录超过180条
2017-12-06 16:00:56,删除长低速记录,3.2,3.2,连续低于10 km/h的记录超过180条
2017-12-06 16:00:57,删除长低速记录,0.0,0.0,连续低于10 km/h的记录超过180条
2017-12-06 16:00:58,删除长低速记录,0.0,0.0,连续低于10 km/h的记录超过180条
2017-12-06 16:00:59,删除长低速记录,0.0,0.0,连续低于10 km/h的记录超过180条
2017-12-06 16:01:00,删除长低速记录,2.1,2.1,连续低于10 km/h的记录超过180条
2017-12-06 16:01:01,删除长低速记录,2.0,2.0,连续低于10 km/h的记录超过180条
2017-12-06 16:01:02,删除长低速记录,0.0,0.0,连续低于10 km/h的记录超过180条
2017-12-06 16:01:03,删除长低速记录,0.0,0.0,连续低于10 km/h的记录超过180条
2017-12-06 16:01:04,删除长低速记录,0.0,0.0,连续低于10 km/h的记录超过180条
2017-12-06 16:01:05,删除长低速记录,6.1,6.1,连续低于10 km/h的记录超过180条
2017-12-06 16:01:06,删除长低速记录,6.0,6.0,连续低于10 km/h的记录超过180条
2017-12-06 16:01:07,删除长低速记录,5.6,5.6,连续低于10 km/h的记录超过180条
2017-12-06 16:01:08,删除长低速记录,5.5,5.5,连续低于10 km/h的记录超过180条
2017-12-06 16:01:09,删除长低速记录,4.3,4.3,连续低于10 km/h的记录超过180条
2017-12-06 16:01:10,删除长低速记录,1.9,1.9,连续低于10 km/h的记录超过180条
2017-12-06 16:01:11,删除长低速记录,0.0,0.0,连续低于10 km/h的记录超过180条
2017-12-06 16:01:12,删除长低速记录,0.0,0.0,连续低于10 km/h的记录超过180条
2017-12-06 16:01:13,删除长低速记录,0.0,0.0,连续低于10 km/h的记录超过180条
2017-12-06 16:01:14,删除长低速记录,0.0,0.0,连续低于10 km/h的记录超过180条
2017-12-06 16:01:15,删除长低速记录,0.0,0.0,连续低于10 km/h的记录超过180条
2017-12-06 16:01:16,删除长低速记录,0.0,0.0,连续低于10 km/h的记录超过180条
2017-12-06 16:01:17,删除长低速记录,0.0,0.0,连续低于10 km/h的记录超过180条
2017-12-06 16:01:18,删除长低速记录,0.0,0.0,连续低于10 km/h的记录超过180条
2017-12-06 16:01:19,删除长低速记录,0.0,0.0,连续低于10 km/h的记录超过180条
2017-12-06 16:01:20,删除长低速记录,0.0,0.0,连续低于10 km/h的记录超过180条
2017-12-06 16:01:21,删除长低速记录,0.0,0.0,连续低于10 km/h的记录超过180条
2017-12-06 16:01:22,删除长低速记录,0.0,0.0,连续低于10 km/h的记录超过180条
2017-12-06 16:01:23,删除长低速记录,0.0,0.0,连续低于10 km/h的记录超过180条
2017-12-06 16:01:24,删除长低速记录,0.0,0.0,连续低于10 km/h的记录超过180条
2017-12-06 16:01:25,删除长低速记录,0.0,0.0,连续低于10 km/h的记录超过180条
2017-12-06 16:01:26,删除长低速记录,0.0,0.0,连续低于10 km/h的记录超过180条
2017-12-06 16:01:27,删除长低速记录,0.0,0.0,连续低于10 km/h的记录超过180条
2017-12-06 16:01:28,删除长低速记录,0.0,0.0,连续低于10 km/h的记录超过180条
2017-12-06 16:01:29,删除长低速记录,0.0,0.0,连续低于10 km/h的记录超过180条
2017-12-06 16:01:30,删除长低速记录,0.0,0.0,连续低于10 km/h的记录超过180条
2017-12-06 16:01:31,删除长低速记录,0.0,0.0,连续低于10 km/h的记录超过180条
2017-12-06 16:01:32,删除长低速记录,0.0,0.0,连续低于10 km/h的记录超过180条
2017-12-06 16:01:33,删除长低速记录,0.0,0.0,连续低于10 km/h的记录超过180条
2017-12-06 16:01:34,删除长低速记录,0.0,0.0,连续低于10 km/h的记录超过180条
2017-12-06 16:01:35,删除长低速记录,0.0,0.0,连续低于10 km/h的记录超过180条
2017-12-06 16:01:36,删除长低速记录,0.0,0.0,连续低于10 km/h的记录超过180条
2017-12-06 16:01:37,删除长低速记录,0.0,0.0,连续低于10 km/h的记录超过180条
2017-12-06 16:01:38,删除长低速记录,0.0,0.0,连续低于10 km/h的记录超过180条
2017-12-06 16:01:39,删除长低速记录,0.0,0.0,连续低于10 km/h的记录超过180条
2017-12-06 16:01:40,删除长低速记录,0.0,0.0,连续低于10 km/h的记录超过180条
2017-12-06 16:01:41,删除长低速记录,0.0,0.0,连续低于10 km/h的记录超过180条
2017-12-06 16:01:42,删除长低速记录,0.0,0.0,连续低于10 km/h的记录超过180条
2017-12-06 16:01:43,删除长低速记录,0.0,0.0,连续低于10 km/h的记录超过180条
2017-12-06 16:01:44,删除长低速记录,0.0,0.0,连续低于10 km/h的记录超过180条
2017-12-06 16:01:45,删除长低速记录,0.0,0.0,连续低于10 km/h的记录超过180条
2017-12-06 16:01:46,删除长低速记录,0.0,0.0,连续低于10 km/h的记录超过180条
2017-12-06 16:01:47,删除长低速记录,0.0,0.0,连续低于10 km/h的记录超过180条
2017-12-06 16:01:48,删除长低速记录,0.0,0.0,连续低于10 km/h的记录超过180条
2017-12-06 16:01:49,删除长低速记录,0.0,0.0,连续低于10 km/h的记录超过180条
2017-12-06 16:01:50,删除长低速记录,0.0,0.0,连续低于10 km/h的记录超过180条
2017-12-06 16:01:51,删除长低速记录,0.0,0.0,连续低于10 km/h的记录超过180条
2017-12-06 16:01:52,删除长低速记录,0.0,0.0,连续低于10 km/h的记录超过180条
2017-12-06 16:01:53,删除长低速记录,0.0,0.0,连续低于10 km/h的记录超过180条
2017-12-06 16:01:54,删除长低速记录,0.0,0.0,连续低于10 km/h的记录超过180条
2017-12-06 16:01:55,删除长低速记录,0.0,0.0,连续低于10 km/h的记录超过180条
2017-12-06 16:01:56,删除长低速记录,0.0,0.0,连续低于10 km/h的记录超过180条
2017-12-06 16:01:57,删除长低速记录,0.0,0.0,连续低于10 km/h的记录超过180条
2017-12-06 16:01:58,删除长低速记录,0.0,0.0,连续低于10 km/h的记录超过180条
2017-12-06 16:01:59,删除长低速记录,0.0,0.0,连续低于10 km/h的记录超过180条
2017-12-06 16:02:00,删除长低速记录,0.0,0.0,连续低于10 km/h的记录超过180条
2017-12-06 16:02:01,删除长低速记录,0.0,0.0,连续低于10 km/h的记录超过180条
2017-12-06 16:02:02,删除长低速记录,0.0,0.0,连续低于10 km/h的记录超过180条
2017-12-06 16:02:03,删除长低速记录,0.0,0.0,连续低于10 km/h的记录超过180条
2017-12-06 16:02:04,删除长低速记录,0.0,0.0,连续低于10 km/h的记录超过180条
2017-12-06 16:02:05,删除长低速记录,0.0,0.0,连续低于10 km/h的记录超过180条
2017-12-06 16:02:06,删除长低速记录,0.0,0.0,连续低于10 km/h的记录超过180条
2017-12-06 16:02:07,删除长低速记录,0.0,0.0,连续低于10 km/h的记录超过180条
2017-12-06 16:02:08,删除长低速记录,0.0,0.0,连续低于10 km/h的记录超过180条
2017-12-06 16:02:09,删除长低速记录,0.0,0.0,连续低于10 km/h的记录超过180条
2017-12-06 16:02:10,删除长低速记录,0.0,0.0,连续低于10 km/h的记录超过180条
2017-12-06 16:02:11,删除长低速记录,0.0,0.0,连续低于10 km/h的记录超过180条
2017-12-06 16:02:12,删除长低速记录,0.0,0.0,连续低于10 km/h的记录超过180条
2017-12-06 16:02:13,删除长低速记录,0.0,0.0,连续低于10 km/h的记录超过180条
2017-12-06 16:02:14,删除长低速记录,0.0,0.0,连续低于10 km/h的记录超过180条
2017-12-06 16:02:15,删除长低速记录,0.0,0.0,连续低于10 km/h的记录超过180条
2017-12-06 16:02:16,删除长低速记录,0.0,0.0,连续低于10 km/h的记录超过180条
2017-12-06 16:02:17,删除长低速记录,0.0,0.0,连续低于10 km/h的记录超过180条
2017-12-06 16:02:18,删除长低速记录,0.0,0.0,连续低于10 km/h的记录超过180条
2017-12-06 16:02:19,删除长低速记录,0.0,0.0,连续低于10 km/h的记录超过180条
2017-12-06 16:02:20,删除长低速记录,0.0,0.0,连续低于10 km/h的记录超过180条
2017-12-06 16:02:21,删除长低速记录,0.0,0.0,连续低于10 km/h的记录超过180条
2017-12-06 16:02:22,删除长低速记录,0.0,0.0,连续低于10 km/h的记录超过180条
2017-12-06 16:02:23,删除长低速记录,0.0,0.0,连续低于10 km/h的记录超过180条
2017-12-06 16:02:24,删除长低速记录,0.0,0.0,连续低于10 km/h的记录超过180条
2017-12-06 16:02:25,删除长低速记录,0.0,0.0,连续低于10 km/h的记录超过180条
2017-12-06 16:02:26,删除长低速记录,0.0,0.0,连续低于10 km/h的记录超过180条
2017-12-06 16:02:27,删除长低速记录,0.0,0.0,连续低于10 km/h的记录超过180条
2017-12-06 16:02:28,删除长低速记录,0.0,0.0,连续低于10 km/h的记录超过180条
2017-12-06 16:02:29,删除长低速记录,0.0,0.0,连续低于10 km/h的记录超过180条
2017-12-06 16:02:30,删除长低速记录,0.0,0.0,连续低于10 km/h的记录超过180条
2017-12-06 16:02:31,删除长低速记录,0.0,0.0,连续低于10 km/h的记录超过180条
2017-12-06 16:02:32,删除长低速记录,0.0,0.0,连续低于10 km/h的记录超过180条
2017-12-06 16:02:33,删除长低速记录,0.0,0.0,连续低于10 km/h的记录超过180条
2017-12-06 16:02:34,删除长低速记录,0.0,0.0,连续低于10 km/h的记录超过180条
2017-12-06 16:02:35,删除长低速记录,0.0,0.0,连续低于10 km/h的记录超过180条
2017-12-06 16:02:36,删除长低速记录,0.0,0.0,连续低于10 km/h的记录超过180条
2017-12-06 16:02:37,删除长低速记录,0.0,0.0,连续低于10 km/h的记录超过180条
2017-12-06 16:02:38,删除长低速记录,0.0,0.0,连续低于10 km/h的记录超过180条
2017-12-06 16:02:39,删除长低速记录,0.0,0.0,连续低于10 km/h的记录超过180条
2017-12-06 16:02:40,删除长低速记录,0.0,0.0,连续低于10 km/h的记录超过180条
2017-12-06 16:02:41,删除长低速记录,0.0,0.0,连续低于10 km/h的记录超过180条
2017-12-06 16:02:42,删除长低速记录,0.0,0.0,连续低于10 km/h的记录超过180条
2017-12-06 16:02:43,删除长低速记录,0.0,0.0,连续低于10 km/h的记录超过180条
2017-12-06 16:02:44,删除长低速记录,0.0,0.0,连续低于10 km/h的记录超过180条
2017-12-06 16:02:45,删除长低速记录,0.0,0.0,连续低于10 km/h的记录超过180条
2017-12-06 16:02:46,删除长低速记录,0.0,0.0,连续低于10 km/h的记录超过180条
2017-12-06 16:02:47,删除长低速记录,0.0,0.0,连续低于10 km/h的记录超过180条
2017-12-06 16:02:48,删除长低速记录,0.0,0.0,连续低于10 km/h的记录超过180条
2017-12-06 16:02:49,删除长低速记录,0.0,0.0,连续低于10 km/h的记录超过180条
2017-12-06 16:02:50,删除长低速记录,0.0,0.0,连续低于10 km/h的记录超过180条
2017-12-06 16:02:51,删除长低速记录,0.0,0.0,连续低于10 km/h的记录超过180条
2017-12-06 16:02:52,删除长低速记录,0.0,0.0,连续低于10 km/h的记录超过180条
2017-12-06 16:02:53,删除长低速记录,0.0,0.0,连续低于10 km/h的记录超过180条
2017-12-06 16:02:54,删除长低速记录,0.0,0.0,连续低于10 km/h的记录超过180条
2017-12-06 16:02:55,删除长低速记录,0.0,0.0,连续低于10 km/h的记录超过180条
2017-12-06 16:02:56,删除长低速记录,0.0,0.0,连续低于10 km/h的记录超过180条
2017-12-06 16:02:57,删除长低速记录,0.0,0.0,连续低于10 km/h的记录超过180条
2017-12-06 16:02:58,删除长低速记录,0.0,0.0,连续低于10 km/h的记录超过180条
2017-12-06 16:02:59,删除长低速记录,0.0,0.0,连续低于10 km/h的记录超过180条
2017-12-06 16:03:00,删除长低速记录,0.0,0.0,连续低于10 km/h的记录超过180条
2017-12-06 16:03:01,删除长低速记录,0.0,0.0,连续低于10 km/h的记录超过180条
2017-12-06 16:03:02,删除长低速记录,0.0,0.0,连续低于10 km/h的记录超过180条
2017-12-06 16:03:03,删除长低速记录,0.0,0.0,连续低于10 km/h的记录超过180条
2017-12-06 16:03:04,删除长低速记录,0.0,0.0,连续低于10 km/h的记录超过180条
2017-12-06 16:03:05,删除长低速记录,0.0,0.0,连续低于10 km/h的记录超过180条
2017-12-06 16:03:06,删除长低速记录,0.0,0.0,连续低于10 km/h的记录超过180条
2017-12-06 16:03:07,删除长低速记录,0.0,0.0,连续低于10 km/h的记录超过180条
2017-12-06 16:03:08,删除长低速记录,0.0,0.0,连续低于10 km/h的记录超过180条
2017-12-06 16:03:09,删除长低速记录,0.0,0.0,连续低于10 km/h的记录超过180条
2017-12-06 16:03:10,删除长低速记录,0.0,0.0,连续低于10 km/h的记录超过180条
2017-12-06 16:03:11,删除长低速记录,0.0,0.0,连续低于10 km/h的记录超过180条
2017-12-06 16:03:12,删除长低速记录,0.0,0.0,连续低于10 km/h的记录超过180条
2017-12-06 16:03:13,删除长低速记录,0.0,0.0,连续低于10 km/h的记录超过180条
2017-12-06 16:03:14,删除长低速记录,0.0,0.0,连续低于10 km/h的记录超过180条
2017-12-06 16:03:15,删除长低速记录,0.0,0.0,连续低于10 km/h的记录超过180条
2017-12-06 16:03:16,删除长低速记录,0.0,0.0,连续低于10 km/h的记录超过180条
2017-12-06 16:03:17,删除长低速记录,0.0,0.0,连续低于10 km/h的记录超过180条
2017-12-06 16:03:18,删除长低速记录,0.0,0.0,连续低于10 km/h的记录超过180条
2017-12-06 16:03:19,删除长低速记录,0.0,0.0,连续低于10 km/h的记录超过180条
2017-12-06 16:03:20,删除长低速记录,0.0,0.0,连续低于10 km/h的记录超过180条
2017-12-06 16:03:21,删除长低速记录,0.0,0.0,连续低于10 km/h的记录超过180条
2017-12-06 16:03:22,删除长低速记录,0.0,0.0,连续低于10 km/h的记录超过180条
2017-12-06 16:03:23,删除长低速记录,0.0,0.0,连续低于10 km/h的记录超过180条
2017-12-06 16:03:24,删除长低速记录,0.0,0.0,连续低于10 km/h的记录超过180条
2017-12-06 16:03:25,删除长低速记录,0.0,0.0,连续低于10 km/h的记录超过180条
2017-12-06 16:03:26,删除长低速记录,0.0,0.0,连续低于10 km/h的记录超过180条
2017-12-06 16:03:27,删除长低速记录,0.0,0.0,连续低于10 km/h的记录超过180条
2017-12-06 16:03:28,删除长低速记录,0.0,0.0,连续低于10 km/h的记录超过180条
2017-12-06 16:03:29,删除长低速记录,0.0,0.0,连续低于10 km/h的记录超过180条
2017-12-06 16:03:30,删除长低速记录,0.0,0.0,连续低于10 km/h的记录超过180条
2017-12-06 16:03:31,删除长低速记录,0.0,0.0,连续低于10 km/h的记录超过180条
2017-12-06 16:03:32,删除长低速记录,0.0,0.0,连续低于10 km/h的记录超过180条
2017-12-06 16:03:33,删除长低速记录,0.0,0.0,连续低于10 km/h的记录超过180条
2017-12-06 16:03:34,删除长低速记录,0.0,0.0,连续低于10 km/h的记录超过180条
2017-12-06 16:03:35,删除长低速记录,0.0,0.0,连续低于10 km/h的记录超过180条
2017-12-06 16:03:36,删除长低速记录,0.0,0.0,连续低于10 km/h的记录超过180条
2017-12-06 16:03:37,删除长低速记录,0.0,0.0,连续低于10 km/h的记录超过180条
2017-12-06 16:03:38,删除长低速记录,0.0,0.0,连续低于10 km/h的记录超过180条
2017-12-06 16:03:39,删除长低速记录,0.0,0.0,连续低于10 km/h的记录超过180条
2017-12-06 16:03:40,删除长低速记录,0.0,0.0,连续低于10 km/h的记录超过180条
2017-12-06 16:03:41,删除长低速记录,0.0,0.0,连续低于10 km/h的记录超过180条
2017-12-06 16:03:42,删除长低速记录,0.0,0.0,连续低于10 km/h的记录超过180条
2017-12-06 16:03:43,删除长低速记录,0.0,0.0,连续低于10 km/h的记录超过180条
2017-12-06 16:03:44,删除长低速记录,0.0,0.0,连续低于10 km/h的记录超过180条
2017-12-06 16:03:45,删除长低速记录,0.0,0.0,连续低于10 km/h的记录超过180条
2017-12-06 16:03:46,删除长低速记录,0.0,0.0,连续低于10 km/h的记录超过180条
2017-12-06 16:03:47,删除长低速记录,0.0,0.0,连续低于10 km/h的记录超过180条
2017-12-06 16:03:48,删除长低速记录,0.0,0.0,连续低于10 km/h的记录超过180条
2017-12-06 16:03:49,删除长低速记录,0.0,0.0,连续低于10 km/h的记录超过180条
2017-12-06 16:03:50,删除长低速记录,0.0,0.0,连续低于10 km/h的记录超过180条
2017-12-06 16:03:51,删除长低速记录,0.0,0.0,连续低于10 km/h的记录超过180条
2017-12-06 16:03:52,删除长低速记录,0.0,0.0,连续低于10 km/h的记录超过180条
2017-12-06 16:03:53,删除长低速记录,0.0,0.0,连续低于10 km/h的记录超过180条
2017-12-06 16:03:54,删除长低速记录,0.0,0.0,连续低于10 km/h的记录超过180条
2017-12-06 16:03:55,删除长低速记录,0.0,0.0,连续低于10 km/h的记录超过180条
2017-12-06 16:03:56,删除长低速记录,0.0,0.0,连续低于10 km/h的记录超过180条
2017-12-06 16:03:57,删除长低速记录,0.0,0.0,连续低于10 km/h的记录超过180条
2017-12-06 16:03:58,删除长低速记录,0.0,0.0,连续低于10 km/h的记录超过180条
2017-12-06 16:03:59,删除长低速记录,0.0,0.0,连续低于10 km/h的记录超过180条
2017-12-06 16:04:00,删除长低速记录,0.0,0.0,连续低于10 km/h的记录超过180条
2017-12-06 16:04:01,删除长低速记录,0.0,0.0,连续低于10 km/h的记录超过180条
2017-12-06 16:04:02,删除长低速记录,0.0,0.0,连续低于10 km/h的记录超过180条
2017-12-06 16:04:03,删除长低速记录,0.0,0.0,连续低于10 km/h的记录超过180条
2017-12-06 16:04:04,删除长低速记录,0.0,0.0,连续低于10 km/h的记录超过180条
2017-12-06 16:04:05,删除长低速记录,0.0,0.0,连续低于10 km/h的记录超过180条
2017-12-06 16:04:06,删除长低速记录,0.0,0.0,连续低于10 km/h的记录超过180条
2017-12-06 16:04:07,删除长低速记录,0.0,0.0,连续低于10 km/h的记录超过180条
2017-12-06 16:04:08,删除长低速记录,0.0,0.0,连续低于10 km/h的记录超过180条
2017-12-06 16:04:09,删除长低速记录,0.0,0.0,连续低于10 km/h的记录超过180条
2017-12-06 16:04:10,删除长低速记录,0.0,0.0,连续低于10 km/h的记录超过180条
2017-12-06 16:04:11,删除长低速记录,0.0,0.0,连续低于10 km/h的记录超过180条
2017-12-06 16:04:12,删除长低速记录,0.0,0.0,连续低于10 km/h的记录超过180条
2017-12-06 16:04:13,删除长低速记录,0.0,0.0,连续低于10 km/h的记录超过180条
2017-12-06 16:04:14,删除长低速记录,0.0,0.0,连续低于10 km/h的记录超过180条
2017-12-06 16:04:15,删除长低速记录,0.0,0.0,连续低于10 km/h的记录超过180条
2017-12-06 16:04:16,删除长低速记录,0.0,0.0,连续低于10 km/h的记录超过180条
2017-12-06 16:04:17,删除长低速记录,0.0,0.0,连续低于10 km/h的记录超过180条
2017-12-06 16:04:18,删除长低速记录,0.0,0.0,连续低于10 km/h的记录超过180条
2017-12-06 16:04:19,删除长低速记录,0.0,0.0,连续低于10 km/h的记录超过180条
2017-12-06 16:04:20,删除长低速记录,0.0,0.0,连续低于10 km/h的记录超过180条
2017-12-06 16:04:21,删除长低速记录,0.0,0.0,连续低于10 km/h的记录超过180条
2017-12-06 16:04:22,删除长低速记录,0.0,0.0,连续低于10 km/h的记录超过180条
2017-12-06 16:04:23,删除长低速记录,0.0,0.0,连续低于10 km/h的记录超过180条
2017-12-06 16:04:24,删除长低速记录,0.0,0.0,连续低于10 km/h的记录超过180条
2017-12-06 16:04:25,删除长低速记录,0.0,0.0,连续低于10 km/h的记录超过180条
2017-12-06 16:04:26,删除长低速记录,0.0,0.0,连续低于10 km/h的记录超过180条
2017-12-06 16:04:27,删除长低速记录,0.0,0.0,连续低于10 km/h的记录超过180条
2017-12-06 16:04:28,删除长低速记录,0.0,0.0,连续低于10 km/h的记录超过180条
2017-12-06 16:04:29,删除长低速记录,0.0,0.0,连续低于10 km/h的记录超过180条
2017-12-06 16:04:30,删除长低速记录,0.0,0.0,连续低于10 km/h的记录超过180条
2017-12-06 16:04:31,删除长低速记录,0.0,0.0,连续低于10 km/h的记录超过180条
2017-12-06 16:04:32,删除长低速记录,0.0,0.0,连续低于10 km/h的记录超过180条
2017-12-06 16:04:33,删除长低速记录,0.0,0.0,连续低于10 km/h的记录超过180条
2017-12-06 16:04:34,删除长低速记录,0.0,0.0,连续低于10 km/h的记录超过180条
2017-12-06 16:04:35,删除长低速记录,0.0,0.0,连续低于10 km/h的记录超过180条
2017-12-06 16:04:36,删除长低速记录,0.0,0.0,连续低于10 km/h的记录超过180条
2017-12-06 16:04:37,删除长低速记录,0.0,0.0,连续低于10 km/h的记录超过180条
2017-12-06 16:04:38,删除长低速记录,0.0,0.0,连续低于10 km/h的记录超过180条
2017-12-06 16:04:39,删除长低速记录,0.0,0.0,连续低于10 km/h的记录超过180条
2017-12-06 16:04:40,删除长低速记录,0.0,0.0,连续低于10 km/h的记录超过180条
2017-12-06 16:04:41,删除长低速记录,0.0,0.0,连续低于10 km/h的记录超过180条
2017-12-06 16:04:42,删除长低速记录,0.0,0.0,连续低于10 km/h的记录超过180条
2017-12-06 16:04:43,删除长低速记录,0.0,0.0,连续低于10 km/h的记录超过180条
2017-12-06 16:04:44,删除长低速记录,0.0,0.0,连续低于10 km/h的记录超过180条
2017-12-06 16:04:45,删除长低速记录,0.0,0.0,连续低于10 km/h的记录超过180条
2017-12-06 16:04:46,删除长低速记录,0.0,0.0,连续低于10 km/h的记录超过180条
2017-12-06 16:04:47,删除长低速记录,0.0,0.0,连续低于10 km/h的记录超过180条
2017-12-06 16:04:48,删除长低速记录,0.0,0.0,连续低于10 km/h的记录超过180条
2017-12-06 16:04:49,删除长低速记录,0.0,0.0,连续低于10 km/h的记录超过180条
2017-12-06 16:04:50,删除长低速记录,0.0,0.0,连续低于10 km/h的记录超过180条
2017-12-06 16:04:51,删除长低速记录,0.0,0.0,连续低于10 km/h的记录超过180条
2017-12-06 16:04:52,删除长低速记录,0.0,0.0,连续低于10 km/h的记录超过180条
2017-12-06 16:04:53,删除长低速记录,0.0,0.0,连续低于10 km/h的记录超过180条
2017-12-06 16:04:54,删除长低速记录,0.0,0.0,连续低于10 km/h的记录超过180条
2017-12-06 16:04:55,删除长低速记录,0.0,0.0,连续低于10 km/h的记录超过180条
2017-12-06 16:04:56,删除长低速记录,0.0,0.0,连续低于10 km/h的记录超过180条
2017-12-06 16:04:57,删除长低速记录,0.0,0.0,连续低于10 km/h的记录超过180条
2017-12-06 16:04:58,删除长低速记录,0.0,0.0,连续低于10 km/h的记录超过180条
2017-12-06 16:04:59,删除长低速记录,0.0,0.0,连续低于10 km/h的记录超过180条
2017-12-06 16:05:00,删除长低速记录,0.0,0.0,连续低于10 km/h的记录超过180条
2017-12-06 16:05:01,删除长低速记录,0.0,0.0,连续低于10 km/h的记录超过180条
2017-12-06 16:05:02,删除长低速记录,0.0,0.0,连续低于10 km/h的记录超过180条
2017-12-06 16:05:03,删除长低速记录,0.0,0.0,连续低于10 km/h的记录超过180条
2017-12-06 16:05:04,删除长低速记录,0.0,0.0,连续低于10 km/h的记录超过180条
2017-12-06 16:05:05,删除长低速记录,0.0,0.0,连续低于10 km/h的记录超过180条
2017-12-06 16:05:06,删除长低速记录,0.0,0.0,连续低于10 km/h的记录超过180条
2017-12-06 16:05:07,删除长低速记录,0.0,0.0,连续低于10 km/h的记录超过180条
2017-12-06 16:05:08,删除长低速记录,0.0,0.0,连续低于10 km/h的记录超过180条
2017-12-06 16:05:09,删除长低速记录,0.0,0.0,连续低于10 km/h的记录超过180条
2017-12-06 16:05:10,删除长低速记录,0.0,0.0,连续低于10 km/h的记录超过180条
2017-12-06 16:05:11,删除长低速记录,0.0,0.0,连续低于10 km/h的记录超过180条
2017-12-06 16:05:12,删除长低速记录,0.0,0.0,连续低于10 km/h的记录超过180条
2017-12-06 16:05:13,删除长低速记录,0.0,0.0,连续低于10 km/h的记录超过180条
2017-12-06 16:05:14,删除长低速记录,0.0,0.0,连续低于10 km/h的记录超过180条
2017-12-06 16:05:15,删除长低速记录,0.0,0.0,连续低于10 km/h的记录超过180条
2017-12-06 16:05:16,删除长低速记录,0.0,0.0,连续低于10 km/h的记录超过180条
2017-12-06 16:05:17,删除长低速记录,0.0,0.0,连续低于10 km/h的记录超过180条
2017-12-06 16:05:18,删除长低速记录,0.0,0.0,连续低于10 km/h的记录超过180条
2017-12-06 16:05:19,删除长低速记录,0.0,0.0,连续低于10 km/h的记录超过180条
2017-12-06 16:05:20,删除长低速记录,0.0,0.0,连续低于10 km/h的记录超过180条
2017-12-06 16:05:21,删除长低速记录,0.0,0.0,连续低于10 km/h的记录超过180条
2017-12-06 16:05:22,删除长低速记录,0.0,0.0,连续低于10 km/h的记录超过180条
2017-12-06 16:05:23,删除长低速记录,0.0,0.0,连续低于10 km/h的记录超过180条
2017-12-06 16:05:24,删除长低速记录,0.0,0.0,连续低于10 km/h的记录超过180条
2017-12-06 16:05:25,删除长低速记录,0.0,0.0,连续低于10 km/h的记录超过180条
2017-12-06 16:05:26,删除长低速记录,0.0,0.0,连续低于10 km/h的记录超过180条
2017-12-06 16:05:27,删除长低速记录,0.0,0.0,连续低于10 km/h的记录超过180条
2017-12-06 16:05:28,删除长低速记录,0.0,0.0,连续低于10 km/h的记录超过180条
2017-12-06 16:05:29,删除长低速记录,2.3,2.3,连续低于10 km/h的记录超过180条
2017-12-06 16:05:30,删除长低速记录,1.7,1.7,连续低于10 km/h的记录超过180条
2017-12-06 16:05:31,删除长低速记录,1.8,1.8,连续低于10 km/h的记录超过180条
2017-12-06 16:05:32,删除长低速记录,2.2,2.2,连续低于10 km/h的记录超过180条
2017-12-06 16:05:33,删除长低速记录,2.2,2.2,连续低于10 km/h的记录超过180条
2017-12-06 16:05:34,删除长低速记录,2.6,2.6,连续低于10 km/h的记录超过180条
2017-12-06 16:05:35,删除长低速记录,3.3,3.3,连续低于10 km/h的记录超过180条
2017-12-06 16:05:36,删除长低速记录,4.5,4.5,连续低于10 km/h的记录超过180条
2017-12-06 16:05:37,删除长低速记录,4.5,4.5,连续低于10 km/h的记录超过180条
2017-12-06 16:05:38,删除长低速记录,5.9,5.9,连续低于10 km/h的记录超过180条
2017-12-06 16:05:39,删除长低速记录,9.7,9.7,连续低于10 km/h的记录超过180条
2017-12-06 16:25:54,删除长低速记录,0.0,0.0,连续低于10 km/h的记录超过180条
2017-12-06 16:25:55,删除长低速记录,0.0,0.0,连续低于10 km/h的记录超过180条
2017-12-06 16:25:56,删除长低速记录,0.0,0.0,连续低于10 km/h的记录超过180条
2017-12-06 16:25:57,删除长低速记录,0.0,0.0,连续低于10 km/h的记录超过180条
2017-12-06 16:25:58,删除长低速记录,0.0,0.0,连续低于10 km/h的记录超过180条
2017-12-06 16:25:59,删除长低速记录,0.0,0.0,连续低于10 km/h的记录超过180条
2017-12-06 16:26:00,删除长低速记录,0.0,0.0,连续低于10 km/h的记录超过180条
2017-12-06 16:26:01,删除长低速记录,0.0,0.0,连续低于10 km/h的记录超过180条
2017-12-06 16:26:02,删除长低速记录,0.0,0.0,连续低于10 km/h的记录超过180条
2017-12-06 16:26:03,删除长低速记录,0.0,0.0,连续低于10 km/h的记录超过180条
2017-12-06 16:26:04,删除长低速记录,0.0,0.0,连续低于10 km/h的记录超过180条
2017-12-06 16:26:05,删除长低速记录,0.0,0.0,连续低于10 km/h的记录超过180条
2017-12-06 16:26:06,删除长低速记录,0.0,0.0,连续低于10 km/h的记录超过180条
2017-12-06 16:26:07,删除长低速记录,0.0,0.0,连续低于10 km/h的记录超过180条
2017-12-06 16:26:08,删除长低速记录,0.0,0.0,连续低于10 km/h的记录超过180条
2017-12-06 16:26:09,删除长低速记录,0.0,0.0,连续低于10 km/h的记录超过180条
2017-12-06 16:26:10,删除长低速记录,0.0,0.0,连续低于10 km/h的记录超过180条
2017-12-06 16:26:11,删除长低速记录,0.0,0.0,连续低于10 km/h的记录超过180条
2017-12-06 16:26:12,删除长低速记录,0.0,0.0,连续低于10 km/h的记录超过180条
2017-12-06 16:26:13,删除长低速记录,0.0,0.0,连续低于10 km/h的记录超过180条
2017-12-06 16:26:14,删除长低速记录,0.0,0.0,连续低于10 km/h的记录超过180条
2017-12-06 16:26:15,删除长低速记录,0.0,0.0,连续低于10 km/h的记录超过180条
2017-12-06 16:26:16,删除长低速记录,0.0,0.0,连续低于10 km/h的记录超过180条
2017-12-06 16:26:17,删除长低速记录,0.0,0.0,连续低于10 km/h的记录超过180条
2017-12-06 16:26:18,删除长低速记录,0.0,0.0,连续低于10 km/h的记录超过180条
2017-12-06 16:26:19,删除长低速记录,0.0,0.0,连续低于10 km/h的记录超过180条
2017-12-06 16:26:20,删除长低速记录,0.0,0.0,连续低于10 km/h的记录超过180条
2017-12-06 16:26:21,删除长低速记录,0.0,0.0,连续低于10 km/h的记录超过180条
2017-12-06 16:26:22,删除长低速记录,0.0,0.0,连续低于10 km/h的记录超过180条
2017-12-06 16:26:23,删除长低速记录,0.0,0.0,连续低于10 km/h的记录超过180条
2017-12-06 16:26:24,删除长低速记录,0.0,0.0,连续低于10 km/h的记录超过180条
2017-12-06 16:36:40,新增插值记录,,29.0,相邻速度 27.9 与 30.1 km/h 的线性中点
2017-12-06 16:44:14,新增插值记录,,21.35,相邻速度 20.5 与 22.2 km/h 的线性中点
2017-12-06 17:08:45,删除长低速记录,0.0,0.0,连续低于10 km/h的记录超过180条
2017-12-06 17:08:46,删除长低速记录,0.0,0.0,连续低于10 km/h的记录超过180条
2017-12-06 17:08:47,删除长低速记录,0.0,0.0,连续低于10 km/h的记录超过180条
2017-12-06 17:08:48,删除长低速记录,0.0,0.0,连续低于10 km/h的记录超过180条
2017-12-06 17:08:49,删除长低速记录,0.0,0.0,连续低于10 km/h的记录超过180条
2017-12-06 17:08:50,删除长低速记录,0.0,0.0,连续低于10 km/h的记录超过180条
2017-12-06 17:08:51,删除长低速记录,0.0,0.0,连续低于10 km/h的记录超过180条
2017-12-06 17:08:52,删除长低速记录,0.0,0.0,连续低于10 km/h的记录超过180条
2017-12-06 17:08:53,删除长低速记录,0.0,0.0,连续低于10 km/h的记录超过180条
2017-12-06 17:08:54,删除长低速记录,0.0,0.0,连续低于10 km/h的记录超过180条
2017-12-06 17:08:55,删除长低速记录,0.0,0.0,连续低于10 km/h的记录超过180条
2017-12-06 17:08:56,删除长低速记录,0.0,0.0,连续低于10 km/h的记录超过180条
2017-12-06 17:08:57,删除长低速记录,0.0,0.0,连续低于10 km/h的记录超过180条
2017-12-06 17:08:58,删除长低速记录,0.0,0.0,连续低于10 km/h的记录超过180条
2017-12-06 17:08:59,删除长低速记录,0.0,0.0,连续低于10 km/h的记录超过180条
2017-12-06 17:09:00,删除长低速记录,0.0,0.0,连续低于10 km/h的记录超过180条
2017-12-06 17:09:01,删除长低速记录,0.0,0.0,连续低于10 km/h的记录超过180条
2017-12-06 17:09:02,删除长低速记录,0.0,0.0,连续低于10 km/h的记录超过180条
2017-12-06 17:09:03,删除长低速记录,0.0,0.0,连续低于10 km/h的记录超过180条
2017-12-06 17:09:04,删除长低速记录,0.0,0.0,连续低于10 km/h的记录超过180条
2017-12-06 17:09:05,删除长低速记录,0.0,0.0,连续低于10 km/h的记录超过180条
2017-12-06 17:09:06,删除长低速记录,0.0,0.0,连续低于10 km/h的记录超过180条
2017-12-06 17:09:07,删除长低速记录,0.0,0.0,连续低于10 km/h的记录超过180条
2017-12-06 17:09:08,删除长低速记录,0.0,0.0,连续低于10 km/h的记录超过180条
2017-12-06 17:09:09,删除长低速记录,0.0,0.0,连续低于10 km/h的记录超过180条
2017-12-06 17:09:10,删除长低速记录,0.0,0.0,连续低于10 km/h的记录超过180条
2017-12-06 17:09:11,删除长低速记录,0.0,0.0,连续低于10 km/h的记录超过180条
2017-12-06 17:09:12,删除长低速记录,0.0,0.0,连续低于10 km/h的记录超过180条
2017-12-06 17:09:13,删除长低速记录,0.0,0.0,连续低于10 km/h的记录超过180条
2017-12-06 17:09:14,删除长低速记录,0.0,0.0,连续低于10 km/h的记录超过180条
2017-12-06 17:09:15,删除长低速记录,0.0,0.0,连续低于10 km/h的记录超过180条
2017-12-06 17:09:16,删除长低速记录,0.0,0.0,连续低于10 km/h的记录超过180条
2017-12-06 17:09:17,删除长低速记录,0.0,0.0,连续低于10 km/h的记录超过180条
2017-12-06 17:09:18,删除长低速记录,0.0,0.0,连续低于10 km/h的记录超过180条
2017-12-06 17:09:19,删除长低速记录,0.0,0.0,连续低于10 km/h的记录超过180条
2017-12-06 17:09:20,删除长低速记录,0.0,0.0,连续低于10 km/h的记录超过180条
2017-12-06 17:09:21,删除长低速记录,0.0,0.0,连续低于10 km/h的记录超过180条
2017-12-06 17:09:22,删除长低速记录,0.0,0.0,连续低于10 km/h的记录超过180条
2017-12-06 17:09:23,删除长低速记录,0.0,0.0,连续低于10 km/h的记录超过180条
2017-12-06 17:09:24,删除长低速记录,0.0,0.0,连续低于10 km/h的记录超过180条
2017-12-06 17:09:25,删除长低速记录,0.0,0.0,连续低于10 km/h的记录超过180条
2017-12-06 17:09:26,删除长低速记录,0.0,0.0,连续低于10 km/h的记录超过180条
2017-12-06 17:09:27,删除长低速记录,0.0,0.0,连续低于10 km/h的记录超过180条
2017-12-06 17:09:28,删除长低速记录,0.0,0.0,连续低于10 km/h的记录超过180条
2017-12-06 17:09:29,删除长低速记录,0.0,0.0,连续低于10 km/h的记录超过180条
2017-12-06 17:09:30,删除长低速记录,0.0,0.0,连续低于10 km/h的记录超过180条
2017-12-06 17:09:31,删除长低速记录,0.0,0.0,连续低于10 km/h的记录超过180条
2017-12-06 17:09:32,删除长低速记录,0.0,0.0,连续低于10 km/h的记录超过180条
2017-12-06 17:09:33,删除长低速记录,0.0,0.0,连续低于10 km/h的记录超过180条
2017-12-06 17:09:34,删除长低速记录,7.5,7.5,连续低于10 km/h的记录超过180条
2017-12-06 18:15:40,删除长低速记录,0.0,0.0,连续低于10 km/h的记录超过180条
2017-12-06 18:15:41,删除长低速记录,0.0,0.0,连续低于10 km/h的记录超过180条
2017-12-06 18:15:42,删除长低速记录,0.0,0.0,连续低于10 km/h的记录超过180条
2017-12-06 18:15:43,删除长低速记录,0.0,0.0,连续低于10 km/h的记录超过180条
2017-12-06 18:15:44,删除长低速记录,0.0,0.0,连续低于10 km/h的记录超过180条
2017-12-06 18:15:45,删除长低速记录,0.0,0.0,连续低于10 km/h的记录超过180条
2017-12-06 18:15:46,删除长低速记录,0.0,0.0,连续低于10 km/h的记录超过180条
2017-12-06 18:15:47,删除长低速记录,0.0,0.0,连续低于10 km/h的记录超过180条
2017-12-06 18:15:48,删除长低速记录,0.0,0.0,连续低于10 km/h的记录超过180条
2017-12-06 18:15:49,删除长低速记录,0.0,0.0,连续低于10 km/h的记录超过180条
2017-12-06 18:15:50,删除长低速记录,0.0,0.0,连续低于10 km/h的记录超过180条
2017-12-06 18:15:51,删除长低速记录,0.0,0.0,连续低于10 km/h的记录超过180条
2017-12-06 18:15:52,删除长低速记录,0.0,0.0,连续低于10 km/h的记录超过180条
2017-12-06 18:15:53,删除长低速记录,5.2,5.2,连续低于10 km/h的记录超过180条
2017-12-06 18:15:54,删除长低速记录,6.7,6.7,连续低于10 km/h的记录超过180条
2017-12-06 18:15:55,删除长低速记录,7.9,7.9,连续低于10 km/h的记录超过180条
2017-12-06 18:15:56,删除长低速记录,9.4,9.4,连续低于10 km/h的记录超过180条
2017-12-06 18:58:33,删除长低速记录,0.0,0.0,连续低于10 km/h的记录超过180条
2017-12-06 18:58:34,删除长低速记录,0.0,0.0,连续低于10 km/h的记录超过180条
2017-12-06 18:58:35,删除长低速记录,0.0,0.0,连续低于10 km/h的记录超过180条
2017-12-06 18:58:36,删除长低速记录,0.0,0.0,连续低于10 km/h的记录超过180条
2017-12-06 18:58:37,删除长低速记录,0.0,0.0,连续低于10 km/h的记录超过180条
2017-12-06 18:58:38,删除长低速记录,0.0,0.0,连续低于10 km/h的记录超过180条
2017-12-06 18:58:39,删除长低速记录,0.0,0.0,连续低于10 km/h的记录超过180条
2017-12-06 18:58:40,删除长低速记录,0.0,0.0,连续低于10 km/h的记录超过180条
2017-12-06 18:58:41,删除长低速记录,0.0,0.0,连续低于10 km/h的记录超过180条
2017-12-06 18:58:42,删除长低速记录,0.0,0.0,连续低于10 km/h的记录超过180条
2017-12-06 18:58:43,删除长低速记录,0.0,0.0,连续低于10 km/h的记录超过180条
2017-12-06 18:58:44,删除长低速记录,0.0,0.0,连续低于10 km/h的记录超过180条
2017-12-06 18:58:45,删除长低速记录,0.0,0.0,连续低于10 km/h的记录超过180条
2017-12-06 18:58:46,删除长低速记录,0.0,0.0,连续低于10 km/h的记录超过180条
2017-12-06 18:58:47,删除长低速记录,0.0,0.0,连续低于10 km/h的记录超过180条
2017-12-06 18:58:48,删除长低速记录,0.0,0.0,连续低于10 km/h的记录超过180条
2017-12-06 18:58:49,删除长低速记录,0.0,0.0,连续低于10 km/h的记录超过180条
2017-12-06 18:58:50,删除长低速记录,0.0,0.0,连续低于10 km/h的记录超过180条
2017-12-06 18:58:51,删除长低速记录,0.0,0.0,连续低于10 km/h的记录超过180条
2017-12-06 18:58:52,删除长低速记录,0.0,0.0,连续低于10 km/h的记录超过180条
2017-12-06 18:58:53,删除长低速记录,0.0,0.0,连续低于10 km/h的记录超过180条
2017-12-06 18:58:54,删除长低速记录,0.0,0.0,连续低于10 km/h的记录超过180条
2017-12-06 18:58:55,删除长低速记录,0.0,0.0,连续低于10 km/h的记录超过180条
2017-12-06 18:58:56,删除长低速记录,0.0,0.0,连续低于10 km/h的记录超过180条
2017-12-06 18:58:57,删除长低速记录,0.0,0.0,连续低于10 km/h的记录超过180条
2017-12-06 18:58:58,删除长低速记录,0.0,0.0,连续低于10 km/h的记录超过180条
2017-12-06 18:58:59,删除长低速记录,0.0,0.0,连续低于10 km/h的记录超过180条
2017-12-06 18:59:00,删除长低速记录,0.0,0.0,连续低于10 km/h的记录超过180条
2017-12-06 18:59:01,删除长低速记录,0.0,0.0,连续低于10 km/h的记录超过180条
2017-12-06 18:59:02,删除长低速记录,0.0,0.0,连续低于10 km/h的记录超过180条
2017-12-06 18:59:03,删除长低速记录,0.0,0.0,连续低于10 km/h的记录超过180条
2017-12-06 18:59:04,删除长低速记录,0.0,0.0,连续低于10 km/h的记录超过180条
2017-12-06 18:59:05,删除长低速记录,0.0,0.0,连续低于10 km/h的记录超过180条
2017-12-06 18:59:06,删除长低速记录,0.0,0.0,连续低于10 km/h的记录超过180条
2017-12-06 18:59:07,删除长低速记录,0.0,0.0,连续低于10 km/h的记录超过180条
2017-12-06 18:59:08,删除长低速记录,0.0,0.0,连续低于10 km/h的记录超过180条
2017-12-06 18:59:09,删除长低速记录,0.0,0.0,连续低于10 km/h的记录超过180条
2017-12-06 18:59:10,删除长低速记录,0.0,0.0,连续低于10 km/h的记录超过180条
2017-12-06 18:59:11,删除长低速记录,0.0,0.0,连续低于10 km/h的记录超过180条
2017-12-06 18:59:12,删除长低速记录,0.0,0.0,连续低于10 km/h的记录超过180条
2017-12-06 18:59:13,删除长低速记录,0.0,0.0,连续低于10 km/h的记录超过180条
2017-12-06 18:59:14,删除长低速记录,0.0,0.0,连续低于10 km/h的记录超过180条
2017-12-06 18:59:15,删除长低速记录,0.0,0.0,连续低于10 km/h的记录超过180条
2017-12-06 18:59:16,删除长低速记录,0.0,0.0,连续低于10 km/h的记录超过180条
2017-12-06 18:59:17,删除长低速记录,0.0,0.0,连续低于10 km/h的记录超过180条
2017-12-06 18:59:18,删除长低速记录,0.0,0.0,连续低于10 km/h的记录超过180条
2017-12-06 18:59:19,删除长低速记录,0.0,0.0,连续低于10 km/h的记录超过180条
2017-12-06 18:59:20,删除长低速记录,0.0,0.0,连续低于10 km/h的记录超过180条
2017-12-06 18:59:21,删除长低速记录,0.0,0.0,连续低于10 km/h的记录超过180条
2017-12-06 18:59:22,删除长低速记录,0.0,0.0,连续低于10 km/h的记录超过180条
2017-12-06 18:59:23,删除长低速记录,0.0,0.0,连续低于10 km/h的记录超过180条
2017-12-06 18:59:24,删除长低速记录,0.0,0.0,连续低于10 km/h的记录超过180条
2017-12-06 18:59:25,删除长低速记录,0.0,0.0,连续低于10 km/h的记录超过180条
2017-12-06 18:59:26,删除长低速记录,0.0,0.0,连续低于10 km/h的记录超过180条
2017-12-06 18:59:27,删除长低速记录,0.0,0.0,连续低于10 km/h的记录超过180条
2017-12-06 18:59:28,删除长低速记录,0.0,0.0,连续低于10 km/h的记录超过180条
2017-12-06 18:59:29,删除长低速记录,0.0,0.0,连续低于10 km/h的记录超过180条
2017-12-06 18:59:30,删除长低速记录,0.0,0.0,连续低于10 km/h的记录超过180条
2017-12-06 18:59:31,删除长低速记录,0.0,0.0,连续低于10 km/h的记录超过180条
2017-12-06 18:59:32,删除长低速记录,0.0,0.0,连续低于10 km/h的记录超过180条
2017-12-06 18:59:33,删除长低速记录,0.0,0.0,连续低于10 km/h的记录超过180条
2017-12-06 18:59:34,删除长低速记录,0.0,0.0,连续低于10 km/h的记录超过180条
2017-12-06 18:59:35,删除长低速记录,0.0,0.0,连续低于10 km/h的记录超过180条
2017-12-06 18:59:36,删除长低速记录,0.0,0.0,连续低于10 km/h的记录超过180条
2017-12-06 18:59:37,删除长低速记录,0.0,0.0,连续低于10 km/h的记录超过180条
2017-12-06 18:59:38,删除长低速记录,0.0,0.0,连续低于10 km/h的记录超过180条
2017-12-06 18:59:39,删除长低速记录,0.0,0.0,连续低于10 km/h的记录超过180条
2017-12-06 18:59:40,删除长低速记录,0.0,0.0,连续低于10 km/h的记录超过180条
2017-12-06 18:59:41,删除长低速记录,0.0,0.0,连续低于10 km/h的记录超过180条
2017-12-06 18:59:42,删除长低速记录,0.0,0.0,连续低于10 km/h的记录超过180条
2017-12-06 18:59:43,删除长低速记录,0.0,0.0,连续低于10 km/h的记录超过180条
2017-12-06 18:59:44,删除长低速记录,0.0,0.0,连续低于10 km/h的记录超过180条
2017-12-06 18:59:45,删除长低速记录,0.0,0.0,连续低于10 km/h的记录超过180条
2017-12-06 18:59:46,删除长低速记录,0.0,0.0,连续低于10 km/h的记录超过180条
2017-12-06 18:59:47,删除长低速记录,0.0,0.0,连续低于10 km/h的记录超过180条
2017-12-06 18:59:48,删除长低速记录,0.0,0.0,连续低于10 km/h的记录超过180条
2017-12-06 18:59:49,删除长低速记录,0.0,0.0,连续低于10 km/h的记录超过180条
2017-12-06 18:59:50,删除长低速记录,0.0,0.0,连续低于10 km/h的记录超过180条
2017-12-06 18:59:51,删除长低速记录,0.0,0.0,连续低于10 km/h的记录超过180条
2017-12-06 18:59:52,删除长低速记录,0.0,0.0,连续低于10 km/h的记录超过180条
2017-12-06 18:59:53,删除长低速记录,0.0,0.0,连续低于10 km/h的记录超过180条
2017-12-06 18:59:54,删除长低速记录,0.0,0.0,连续低于10 km/h的记录超过180条
2017-12-06 18:59:55,删除长低速记录,0.0,0.0,连续低于10 km/h的记录超过180条
2017-12-06 18:59:56,删除长低速记录,0.0,0.0,连续低于10 km/h的记录超过180条
2017-12-06 18:59:57,删除长低速记录,0.0,0.0,连续低于10 km/h的记录超过180条
2017-12-06 19:21:32,新增插值记录,,4.7,相邻速度 3.4 与 6 km/h 的线性中点
