维度,类别,年份,事件数,累计危害,平均危害,一级事件数,有效坐标数,已知死亡记录数,已记录死亡人数,已知受伤记录数,已记录受伤人数,一级占比,坐标覆盖率,死亡信息覆盖率,年度事件占比
袭击类型,Armed Assault,2015,3368,1428.5002789185448,0.42413903768365346,571,3354,3250,11717.0,2974,6319.0,0.16953681710213778,0.9958432304038005,0.9649643705463183,0.22505846976277982
袭击类型,Armed Assault,2016,2733,1102.3354856437095,0.40334265848653844,428,2723,2638,8368.0,2523,5498.0,0.1566044639590194,0.9963410171972191,0.9652396633735821,0.20114815632589975
袭击类型,Armed Assault,2017,2365,973.4642922008096,0.41161280854156856,369,2360,2270,6733.0,2164,5133.0,0.15602536997885835,0.9978858350951374,0.959830866807611,0.21697247706422018
袭击类型,Assassination,2015,927,391.8129619616605,0.4226677043815108,63,923,927,1231.0,916,933.0,0.06796116504854369,0.9956850053937433,1.0,0.06194453725359171
袭击类型,Assassination,2016,821,306.7113368432508,0.37358262709287554,58,821,818,929.0,807,787.0,0.07064555420219244,1.0,0.9963459196102314,0.060425406638698755
袭击类型,Assassination,2017,816,309.9449519177776,0.37983449989923723,44,815,815,826.0,808,664.0,0.05392156862745098,0.9987745098039216,0.9987745098039216,0.07486238532110091
袭击类型,Bombing/Explosion,2015,7662,3951.5631057099954,0.5157352004320015,2817,7638,7524,17059.0,7326,31861.0,0.3676585747846515,0.9968676585747847,0.9819890368050117,0.5119946541931173
袭击类型,Bombing/Explosion,2016,7108,3666.2631343710864,0.5157939131079188,2576,7090,6969,16030.0,6837,29225.0,0.3624085537422622,0.9974676420934159,0.9804445694991559,0.523147125929197
袭击类型,Bombing/Explosion,2017,5024,2393.111742569169,0.4763359360209333,1692,5002,4931,11831.0,4811,15815.0,0.33678343949044587,0.9956210191082803,0.9814888535031847,0.46091743119266054
袭击类型,Facility/Infrastructure Attack,2015,705,471.4803316094065,0.668766427814761,161,696,700,95.0,693,230.0,0.22836879432624113,0.9872340425531915,0.9929078014184397,0.04710992315402606
袭击类型,Facility/Infrastructure Attack,2016,696,475.9001379768386,0.6837645660586762,253,691,684,191.0,671,183.0,0.3635057471264368,0.992816091954023,0.9827586206896551,0.051225436078604546
袭击类型,Facility/Infrastructure Attack,2017,751,509.39045246944556,0.6782828927689022,232,745,740,166.0,732,197.0,0.30892143808255657,0.9920106524633822,0.9853528628495339,0.06889908256880733
袭击类型,Hijacking,2015,38,25.58455828650634,0.6732778496449037,13,37,36,56.0,35,19.0,0.34210526315789475,0.9736842105263158,0.9473684210526315,0.0025392582692950216
袭击类型,Hijacking,2016,43,27.163415237818594,0.6317073311120603,14,43,34,27.0,34,19.0,0.32558139534883723,1.0,0.7906976744186046,0.0031647898726724073
袭击类型,Hijacking,2017,58,35.630936410471435,0.6143264898357144,19,58,48,22.0,46,23.0,0.3275862068965517,1.0,0.8275862068965517,0.005321100917431192
袭击类型,Hostage Taking (Barricade Incident),2015,82,48.17802364890931,0.5875368737671867,41,82,80,712.0,74,778.0,0.5,1.0,0.975609756097561,0.005479452054794521
袭击类型,Hostage Taking (Barricade Incident),2016,61,38.95295268632109,0.6385729948577228,37,61,60,381.0,51,515.0,0.6065573770491803,1.0,0.9836065573770492,0.004489585633325973
袭击类型,Hostage Taking (Barricade Incident),2017,82,48.716372309502724,0.5941021013353991,43,82,80,814.0,71,254.0,0.524390243902439,1.0,0.975609756097561,0.007522935779816514
袭击类型,Hostage Taking (Kidnapping),2015,1197,389.26046111213867,0.32519670936686607,103,1153,732,3188.0,660,994.0,0.0860484544695071,0.9632414369256475,0.6115288220551378,0.07998663548279318
袭击类型,Hostage Taking (Kidnapping),2016,1132,388.25727335305737,0.34298345702566907,107,1114,724,4605.0,673,1510.0,0.09452296819787986,0.9840989399293286,0.6395759717314488,0.08331493339221314
袭击类型,Hostage Taking (Kidnapping),2017,878,283.4174885317064,0.3227989618812146,68,871,583,2123.0,519,530.0,0.0774487471526196,0.9920273348519362,0.664009111617312,0.08055045871559632
袭击类型,Unarmed Assault,2015,95,34.59822136743,0.3641918038676842,5,95,94,32.0,82,764.0,0.05263157894736842,1.0,0.9894736842105263,0.006348145673237555
袭击类型,Unarmed Assault,2016,71,28.93527811522671,0.4075391283834748,6,71,70,30.0,60,570.0,0.08450704225352113,1.0,0.9859154929577465,0.00522558327813351
袭击类型,Unarmed Assault,2017,101,48.205264765798034,0.47727984916631716,11,101,101,78.0,80,816.0,0.10891089108910891,1.0,1.0,0.00926605504587156
袭击类型,Unknown,2015,891,316.9210393070643,0.355691402140364,67,883,817,4763.0,721,2145.0,0.07519640852974187,0.9910213243546577,0.9169472502805837,0.05953892415636485
袭击类型,Unknown,2016,922,277.0416091153051,0.3004789686716975,26,916,812,4310.0,781,1694.0,0.028199566160520606,0.9934924078091106,0.8806941431670282,0.06785898285125487
袭击类型,Unknown,2017,825,252.05105413851578,0.305516429258807,21,819,717,3852.0,710,1495.0,0.025454545454545455,0.9927272727272727,0.8690909090909091,0.07568807339449542
目标类型,Abortion Related,2015,5,2.6633819052274452,0.5326763810454891,0,5,5,3.0,5,9.0,0.0,1.0,1.0,0.0003341129301703976
目标类型,Abortion Related,2016,1,0.6635977791581559,0.6635977791581559,0,1,1,0.0,1,0.0,0.0,1.0,1.0,7.359976448075366e-05
目标类型,Abortion Related,2017,1,0.6811633448522194,0.6811633448522194,0,1,1,0.0,1,0.0,0.0,1.0,1.0,9.174311926605505e-05
目标类型,Airports & Aircraft,2015,34,15.466965420087163,0.45491074764962247,9,34,33,239.0,33,31.0,0.2647058823529412,1.0,0.9705882352941176,0.0022719679251587037
目标类型,Airports & Aircraft,2016,29,12.727164862217018,0.43886775386955235,7,29,29,170.0,28,393.0,0.2413793103448276,1.0,1.0,0.002134393169941856
目标类型,Airports & Aircraft,2017,10,2.517329113985212,0.2517329113985212,0,10,10,24.0,10,6.0,0.0,1.0,1.0,0.0009174311926605505
目标类型,Business,2015,1134,644.2081743831496,0.568084809861684,339,1126,1098,1916.0,1075,4541.0,0.29894179894179895,0.9929453262786596,0.9682539682539683,0.07577681256264618
目标类型,Business,2016,926,543.5511639965765,0.5869882980524584,315,924,894,1944.0,871,4051.0,0.34017278617710583,0.9978401727861771,0.9654427645788337,0.06815338190917788
目标类型,Business,2017,772,428.8208332548812,0.5554674005892244,246,764,755,1353.0,738,2900.0,0.31865284974093266,0.9896373056994818,0.977979274611399,0.0708256880733945
目标类型,Educational Institution,2015,293,126.8257854192714,0.4328525099633836,78,291,276,282.0,273,765.0,0.26621160409556316,0.9931740614334471,0.9419795221843004,0.0195790177079853
目标类型,Educational Institution,2016,213,108.61606764433405,0.5099345898795026,63,213,202,184.0,201,750.0,0.29577464788732394,1.0,0.9483568075117371,0.01567674983440053
目标类型,Educational Institution,2017,150,71.68972607010097,0.4779315071340065,42,150,140,106.0,139,269.0,0.28,1.0,0.9333333333333333,0.013761467889908258
目标类型,Food or Water Supply,2015,17,9.080042053969523,0.5341201208217367,7,17,17,16.0,17,14.0,0.4117647058823529,1.0,1.0,0.0011359839625793519
目标类型,Food or Water Supply,2016,11,7.91062231604665,0.7191474832769682,8,11,10,0.0,10,6.0,0.7272727272727273,1.0,0.9090909090909091,0.0008095974092882902
目标类型,Food or Water Supply,2017,11,7.663155766418977,0.696650524219907,6,11,11,32.0,11,13.0,0.5454545454545454,1.0,1.0,0.0010091743119266055
目标类型,Government (Diplomatic),2015,152,71.89220066596346,0.47297500438133855,46,151,148,172.0,144,280.0,0.3026315789473684,0.993421052631579,0.9736842105263158,0.010157033077180086
目标类型,Government (Diplomatic),2016,92,47.14221996789565,0.5124154344336483,29,92,89,116.0,88,333.0,0.31521739130434784,1.0,0.967391304347826,0.006771178332229337
目标类型,Government (Diplomatic),2017,96,45.62946672864779,0.47530694509008115,20,94,93,351.0,86,755.0,0.20833333333333334,0.9791666666666666,0.96875,0.008807339449541285
目标类型,Government (General),2015,1158,539.4801609977299,0.46587233246781506,250,1152,1107,2031.0,1079,2371.0,0.2158894645941278,0.9948186528497409,0.9559585492227979,0.07738055462746408
目标类型,Government (General),2016,1017,445.781946182801,0.4383303305632261,242,1014,976,1424.0,962,1762.0,0.23795476892822026,0.9970501474926253,0.95968534906588,0.07485096047692648
目标类型,Government (General),2017,939,405.75198993728924,0.4321107454071238,178,938,895,1244.0,880,1456.0,0.18956336528221512,0.9989350372736954,0.9531416400425985,0.08614678899082569
目标类型,Journalists & Media,2015,177,57.59751454305632,0.325409686683934,13,161,150,115.0,147,82.0,0.07344632768361582,0.9096045197740112,0.847457627118644,0.011827597728032074
目标类型,Journalists & Media,2016,143,51.22621702141788,0.3582252938560691,11,139,134,68.0,132,110.0,0.07692307692307693,0.972027972027972,0.9370629370629371,0.010524766320747773
目标类型,Journalists & Media,2017,126,45.32755323120662,0.3597424859619573,12,124,118,99.0,117,139.0,0.09523809523809523,0.9841269841269841,0.9365079365079365,0.011559633027522935
目标类型,Maritime,2015,7,4.579731410570782,0.6542473443672545,4,7,6,89.0,6,83.0,0.5714285714285714,1.0,0.8571428571428571,0.0004677581022385566
目标类型,Maritime,2016,32,15.887926713687154,0.49649770980272356,11,32,24,43.0,25,51.0,0.34375,1.0,0.75,0.002355192463384117
目标类型,Maritime,2017,13,5.108891397687948,0.392991645975996,1,13,10,15.0,8,0.0,0.07692307692307693,1.0,0.7692307692307693,0.0011926605504587156
目标类型,Military,2015,2968,1287.9849419582638,0.43395719068674654,647,2947,2780,12021.0,2592,8928.0,0.21799191374663074,0.9929245283018868,0.9366576819407008,0.19832943534914801
目标类型,Military,2016,2600,1123.0748847164148,0.43195187873708263,595,2584,2394,10463.0,2293,7037.0,0.22884615384615384,0.9938461538461538,0.9207692307692308,0.19135938764995952
目标类型,Military,2017,2352,1020.3104679723308,0.4338054710766713,566,2344,2139,8524.0,2046,5385.0,0.24064625850340135,0.9965986394557823,0.9094387755102041,0.21577981651376146
目标类型,NGO,2015,60,24.171984223406334,0.4028664037234389,8,59,52,48.0,49,12.0,0.13333333333333333,0.9833333333333333,0.8666666666666667,0.004009355162044771
目标类型,NGO,2016,48,19.23080814273088,0.4006418363068933,2,47,45,30.0,44,29.0,0.041666666666666664,0.9791666666666666,0.9375,0.0035327886950761757
目标类型,NGO,2017,51,23.46567521396898,0.4601112787052741,8,51,44,137.0,42,47.0,0.1568627450980392,1.0,0.8627450980392157,0.004678899082568807
目标类型,Other,2015,19,9.835896628508817,0.5176787699215166,7,19,19,18.0,19,7.0,0.3684210526315789,1.0,1.0,0.0012696291346475108
目标类型,Other,2016,14,6.345063199420948,0.4532187999586391,5,14,13,9.0,12,32.0,0.35714285714285715,1.0,0.9285714285714286,0.0010303967027305513
目标类型,Other,2017,7,4.014465059641458,0.5734950085202083,3,7,7,3.0,7,6.0,0.42857142857142855,1.0,1.0,0.0006422018348623853
目标类型,Police,2015,2124,996.1210784322554,0.46898355858392443,537,2117,2072,4862.0,2000,5374.0,0.2528248587570621,0.9967043314500942,0.975517890772128,0.1419311727363849
目标类型,Police,2016,1697,786.3043514206626,0.4633496472720463,457,1695,1647,4779.0,1605,4888.0,0.26929876252209783,0.9988214496169712,0.9705362404242781,0.12489880032383896
目标类型,Police,2017,1539,707.2003122969104,0.4595193712130672,366,1536,1507,4311.0,1455,3993.0,0.2378167641325536,0.9980506822612085,0.9792072774528915,0.1411926605504587
目标类型,Private Citizens & Property,2015,4184,2112.4097391476516,0.5048780447293623,1139,4153,3849,12951.0,3556,16451.0,0.2722275334608031,0.9925908221797323,0.9199330783938815,0.2795856999665887
目标类型,Private Citizens & Property,2016,4370,2152.406346214699,0.4925414979896337,1132,4353,4006,13194.0,3845,17365.0,0.2590389016018307,0.9961098398169337,0.9167048054919908,0.3216309707808935
目标类型,Private Citizens & Property,2017,2947,1382.4175538236516,0.469093163835647,705,2936,2704,7228.0,2574,7176.0,0.23922633186291142,0.996267390566678,0.9175432643366135,0.2703669724770642
目标类型,Religious Figures/Institutions,2015,404,221.21929842244,0.5475725208476238,150,404,390,1166.0,382,2161.0,0.3712871287128713,1.0,0.9653465346534653,0.026996324757768125
目标类型,Religious Figures/Institutions,2016,298,153.49164283200977,0.5150726269530529,84,297,289,554.0,284,1020.0,0.28187919463087246,0.9966442953020134,0.9697986577181208,0.02193272981526459
目标类型,Religious Figures/Institutions,2017,233,121.26632832126789,0.5204563447264716,63,233,224,1160.0,221,1489.0,0.2703862660944206,1.0,0.9613733905579399,0.021376146788990826
目标类型,Telecommunication,2015,46,29.294076076916806,0.6368277408025392,24,46,46,1.0,46,5.0,0.5217391304347826,1.0,1.0,0.0030738389575676577
目标类型,Telecommunication,2016,46,32.83555640627361,0.7138164436146437,33,46,45,0.0,44,1.0,0.717391304347826,1.0,0.9782608695652174,0.0033855891661146685
目标类型,Telecommunication,2017,30,20.921236986719737,0.6973745662239913,15,30,30,6.0,30,1.0,0.5,1.0,1.0,0.0027522935779816515
目标类型,Terrorists/Non-State Militia,2015,320,167.94632026672946,0.5248322508335296,99,318,297,1294.0,272,985.0,0.309375,0.99375,0.928125,0.021383227530905446
目标类型,Terrorists/Non-State Militia,2016,317,154.46447850556552,0.4872696482825411,79,315,301,779.0,296,1126.0,0.24921135646687698,0.9936908517350158,0.9495268138801262,0.02333112534039891
目标类型,Terrorists/Non-State Militia,2017,175,85.86252339328085,0.49064299081874774,43,175,162,919.0,145,471.0,0.24571428571428572,1.0,0.9257142857142857,0.016055045871559634
目标类型,Tourists,2015,5,2.902227088942287,0.5804454177884575,2,5,5,27.0,5,58.0,0.4,1.0,1.0,0.0003341129301703976
目标类型,Tourists,2016,8,4.392852041509334,0.5491065051886668,4,8,8,29.0,8,50.0,0.5,1.0,1.0,0.0005887981158460292
目标类型,Tourists,2017,11,6.50125840316851,0.5910234911971373,4,11,11,13.0,11,17.0,0.36363636363636365,1.0,1.0,0.0010091743119266055
目标类型,Transportation,2015,390,241.33922644942277,0.6188185293574943,229,389,386,538.0,378,1368.0,0.5871794871794872,0.9974358974358974,0.9897435897435898,0.02606080855329101
目标类型,Transportation,2016,227,131.98639936403944,0.5814378826609667,115,227,223,384.0,215,695.0,0.5066079295154186,1.0,0.9823788546255506,0.016707146537131082
目标类型,Transportation,2017,138,79.50425034475272,0.5761177561213965,58,137,136,344.0,135,470.0,0.42028985507246375,0.9927536231884058,0.9855072463768116,0.012660550458715596
目标类型,Unknown,2015,953,210.16962890609167,0.2205347627556051,18,947,944,378.0,943,132.0,0.01888772298006296,0.993704092339979,0.9905561385099685,0.06368192449047778
目标类型,Unknown,2016,1070,228.5988997639452,0.21364383155508898,16,1063,1058,462.0,1056,149.0,0.014953271028037384,0.9934579439252337,0.9887850467289719,0.07875174799440642
目标类型,Unknown,2017,996,227.9025367792269,0.22881780801127197,26,994,992,455.0,994,163.0,0.02610441767068273,0.9979919678714859,0.9959839357429718,0.09137614678899082
目标类型,Utilities,2015,258,169.25253717934956,0.6560175859664712,190,256,257,147.0,252,53.0,0.7364341085271318,0.9922480620155039,0.9961240310077519,0.017240227196792517
目标类型,Utilities,2016,348,255.136168697625,0.7331499100506466,289,346,346,172.0,341,75.0,0.8304597701149425,0.9942528735632183,0.9942528735632183,0.025612718039302273
目标类型,Utilities,2017,156,105.34759291168724,0.6753050827672259,114,147,155,70.0,153,67.0,0.7307692307692307,0.9423076923076923,0.9935897435897436,0.014311926605504587
目标类型,Violent Political Party,2015,257,113.45807034265167,0.4414710908274384,45,257,223,539.0,208,333.0,0.17509727626459143,1.0,0.867704280155642,0.017173404610758437
目标类型,Violent Political Party,2016,80,29.786245553583974,0.3723280694197997,8,80,75,67.0,76,78.0,0.1,1.0,0.9375,0.005887981158460293
目标类型,Violent Political Party,2017,147,56.028244961518986,0.3811445235477482,23,147,141,51.0,138,104.0,0.1564625850340136,1.0,0.9591836734693877,0.013486238532110091
武器类型,Chemical,2015,23,10.118211895016993,0.43992225630508663,2,23,22,11.0,20,620.0,0.08695652173913043,1.0,0.9565217391304348,0.0015369194787838289
武器类型,Chemical,2016,29,13.32443605687892,0.45946331230616966,4,29,28,51.0,28,2164.0,0.13793103448275862,1.0,0.9655172413793104,0.002134393169941856
武器类型,Chemical,2017,27,11.512865919763847,0.4264024414727351,0,27,26,44.0,23,595.0,0.0,1.0,0.9629629629629629,0.002477064220183486
武器类型,Explosives,2015,8380,4324.894081642593,0.5160971457807391,3019,8353,8205,19901.0,7964,34093.0,0.36026252983293555,0.9967780429594272,0.9791169451073986,0.5599732709655864
武器类型,Explosives,2016,7603,3924.7134416783088,0.5162058978927145,2719,7585,7446,18575.0,7286,29699.0,0.3576219913192161,0.9976325134815205,0.9793502564777061,0.5595790093471701
武器类型,Explosives,2017,5465,2616.786057018799,0.47882635993024686,1813,5442,5343,13374.0,5206,17083.0,0.33174748398902104,0.9957913998170174,0.977676120768527,0.5013761467889908
武器类型,Fake Weapons,2017,1,0.2838559142719158,0.2838559142719158,0,1,1,0.0,1,0.0,0.0,1.0,1.0,9.174311926605505e-05
武器类型,Firearms,2015,3953,1622.714812869397,0.41050210292673844,550,3926,3691,12223.0,3414,6103.0,0.13913483430306098,0.9931697444978498,0.9337212243865418,0.2641496825927163
武器类型,Firearms,2016,3481,1382.8872466500518,0.39726723546396203,489,3468,3257,9758.0,3115,4979.0,0.14047687446136167,0.9962654409652398,0.935650675093364,0.25620078015750347
武器类型,Firearms,2017,3146,1264.6353765388656,0.40198200144274177,411,3137,2949,7933.0,2831,4882.0,0.13064208518753972,0.9971392244119517,0.9373808010171647,0.2886238532110092
武器类型,Incendiary,2015,703,459.5485153647007,0.6536963234206269,139,694,685,438.0,664,311.0,0.19772403982930298,0.9871977240398293,0.9743954480796586,0.0469762779819579
武器类型,Incendiary,2016,630,420.093737991835,0.6668154571298968,212,628,612,304.0,595,887.0,0.33650793650793653,0.9968253968253968,0.9714285714285714,0.04636785162287481
武器类型,Incendiary,2017,656,437.097712329094,0.6663074883065457,193,653,639,202.0,617,187.0,0.2942073170731707,0.9954268292682927,0.9740853658536586,0.06018348623853211
武器类型,Melee,2015,388,116.41496239712,0.30003856287917524,10,387,377,607.0,354,395.0,0.02577319587628866,0.9974226804123711,0.9716494845360825,0.025927163381222855
武器类型,Melee,2016,333,96.06240707295095,0.28847569691576863,4,332,315,348.0,318,416.0,0.012012012012012012,0.996996996996997,0.9459459459459459,0.02450872157209097
武器类型,Melee,2017,307,102.75453346786436,0.3347053207422292,26,306,307,410.0,270,308.0,0.08469055374592833,0.996742671009772,1.0,0.028165137614678898
武器类型,Other,2015,8,1.9518682534351004,0.24398353167938755,0,8,8,8.0,8,1.0,0.0,1.0,1.0,0.0005345806882726361
武器类型,Other,2016,10,4.1138990725743145,0.41138990725743146,0,10,10,68.0,10,2.0,0.0,1.0,1.0,0.0007359976448075366
武器类型,Other,2017,10,2.8271956706812356,0.28271956706812357,0,10,10,9.0,10,2.0,0.0,1.0,1.0,0.0009174311926605505
武器类型,Sabotage Equipment,2015,10,7.313830471753454,0.7313830471753454,9,10,10,0.0,10,61.0,0.9,1.0,1.0,0.0006682258603407952
武器类型,Sabotage Equipment,2016,8,5.474130141953381,0.6842662677441727,7,6,8,0.0,8,0.0,0.875,0.75,1.0,0.0005887981158460292
武器类型,Sabotage Equipment,2017,11,7.436991501648191,0.6760901365134719,6,10,11,34.0,11,61.0,0.5454545454545454,0.9090909090909091,1.0,0.0010091743119266055
武器类型,Unknown,2015,1466,502.4550781867632,0.3427387982174374,108,1426,1128,5645.0,1013,2380.0,0.07366984993178717,0.9727148703956344,0.7694406548431105,0.09796191112596057
武器类型,Unknown,2016,1480,458.4505644308446,0.3097638948857058,64,1459,1120,5746.0,1064,1782.0,0.043243243243243246,0.9858108108108108,0.7567567567567568,0.10892765143151542
武器类型,Unknown,2017,1254,399.3703819198451,0.3184771785644698,47,1244,976,4398.0,950,1601.0,0.037480063795853266,0.9920255183413078,0.7783094098883573,0.11504587155963303
武器类型,"Vehicle (not to include vehicle-borne explosives, i.e., car or truck bombs)",2015,34,12.487620840876591,0.36728296590813503,4,34,34,20.0,34,79.0,0.11764705882352941,1.0,1.0,0.0022719679251587037
武器类型,"Vehicle (not to include vehicle-borne explosives, i.e., car or truck bombs)",2016,13,6.440760247216633,0.495443095939741,6,13,13,21.0,13,72.0,0.46153846153846156,1.0,1.0,0.0009567969382497976
武器类型,"Vehicle (not to include vehicle-borne explosives, i.e., car or truck bombs)",2017,23,11.227585032362942,0.48815587097230184,3,23,23,41.0,22,208.0,0.13043478260869565,1.0,1.0,0.002110091743119266
归属记录,A'chik Matgrik Elite Force (AMEF),2015,5,2.599002266080328,0.5198004532160656,2,5,4,0.0,4,2.0,0.4,1.0,0.8,0.0003341129301703976
归属记录,A'chik Matgrik Elite Force (AMEF),2016,1,0.2647104155422918,0.2647104155422918,0,1,1,0.0,1,0.0,0.0,1.0,1.0,7.359976448075366e-05
归属记录,Abbala extremists,2016,4,1.5525103048316016,0.3881275762079004,1,4,2,4.0,3,6.0,0.25,1.0,0.5,0.0002943990579230146
归属记录,Abbala extremists,2017,1,0.6795632698466678,0.6795632698466678,0,1,1,5.0,1,9.0,0.0,1.0,1.0,9.174311926605505e-05
归属记录,Abdul Ghani Kikli Militia,2015,1,0.2268465821156295,0.2268465821156295,0,1,1,1.0,1,0.0,0.0,1.0,1.0,6.682258603407952e-05
归属记录,Abu Abbas Brigade,2017,1,0.2531804331024324,0.2531804331024324,0,1,1,0.0,1,0.0,0.0,1.0,1.0,9.174311926605505e-05
归属记录,Abu Amarah Battalion,2016,1,0.4043970592051023,0.4043970592051023,0,1,1,0.0,1,4.0,0.0,1.0,1.0,7.359976448075366e-05
归属记录,Abu Amarah Battalion,2017,2,1.5177103298585455,0.7588551649292727,2,2,2,7.0,2,35.0,1.0,1.0,1.0,0.0001834862385321101
归属记录,Abu Salim Martyr's Brigade,2015,1,0.2844068899559457,0.2844068899559457,0,1,1,0.0,1,0.0,0.0,1.0,1.0,6.682258603407952e-05
归属记录,Abu Sayyaf Group (ASG),2015,92,32.580472320716204,0.354135568703437,16,90,91,47.0,90,180.0,0.17391304347826086,0.9782608695652174,0.9891304347826086,0.0061476779151353154
归属记录,Abu Sayyaf Group (ASG),2016,68,26.226180950654665,0.3856791316272745,10,68,61,32.0,61,56.0,0.14705882352941177,1.0,0.8970588235294118,0.005004783984691249
归属记录,Abu Sayyaf Group (ASG),2017,54,21.140565280861015,0.3914919496455744,9,54,51,52.0,50,54.0,0.16666666666666666,1.0,0.9444444444444444,0.004954128440366972
归属记录,Aceh Singkil Islamic Care Youth Students Association (PPI),2015,3,2.164597283158265,0.7215324277194216,3,3,3,1.0,3,4.0,1.0,1.0,1.0,0.00020046775810223855
归属记录,Achik Matgrik Army (AMA),2016,1,0.7446987403333412,0.7446987403333412,1,1,1,0.0,1,9.0,1.0,1.0,1.0,7.359976448075366e-05
归属记录,Achik National Cooperative Army (ANCA),2015,1,0.4018948077650872,0.4018948077650872,0,1,1,0.0,1,4.0,0.0,1.0,1.0,6.682258603407952e-05
归属记录,Achik National Liberation Army (ANLA),2015,1,0.1954281163533949,0.1954281163533949,0,1,1,0.0,1,0.0,0.0,1.0,1.0,6.682258603407952e-05
归属记录,Achik National Liberation Army (ANLA),2016,1,0.2848737108170501,0.2848737108170501,0,1,1,0.0,1,0.0,0.0,1.0,1.0,7.359976448075366e-05
归属记录,Achik National Volunteer Council-B (ANVC-B),2015,1,0.1446349573482225,0.1446349573482225,0,1,1,0.0,1,0.0,0.0,1.0,1.0,6.682258603407952e-05
归属记录,Achik Songna An'pachakgipa Kotok (ASAK),2015,3,0.5512384090132239,0.18374613633774128,0,3,2,0.0,2,0.0,0.0,1.0,0.6666666666666666,0.00020046775810223855
归属记录,Achik Songna An'pachakgipa Kotok (ASAK),2016,6,1.8944955534954033,0.31574925891590055,0,6,5,0.0,4,1.0,0.0,1.0,0.8333333333333334,0.00044159858688452196
归属记录,Achik Songna An'pachakgipa Kotok (ASAK),2017,3,0.8509445361155668,0.28364817870518894,0,3,2,0.0,2,0.0,0.0,1.0,0.6666666666666666,0.00027522935779816516
归属记录,Adan-Abyan Province of the Islamic State,2015,12,6.2912861295826294,0.5242738441318858,5,12,12,33.0,12,18.0,0.4166666666666667,1.0,1.0,0.0008018710324089542
归属记录,Adan-Abyan Province of the Islamic State,2016,31,16.523081743828445,0.5330026368976918,11,31,31,337.0,29,299.0,0.3548387096774194,1.0,1.0,0.0022815926989033634
归属记录,Adan-Abyan Province of the Islamic State,2017,4,2.6867469248675073,0.6716867312168768,3,4,4,72.0,4,77.0,0.75,1.0,1.0,0.0003669724770642202
归属记录,Afar Revolutionary Democratic Unity Front,2017,1,0.321359940517278,0.321359940517278,0,1,1,1.0,1,1.0,0.0,1.0,1.0,9.174311926605505e-05
归属记录,Agwelek Forces,2016,1,0.7298059309297932,0.7298059309297932,1,1,1,56.0,1,0.0,1.0,1.0,1.0,7.359976448075366e-05
归属记录,Ahfad al-Sahaba-Aknaf Bayt al-Maqdis,2016,2,1.5113667598075797,0.7556833799037899,2,2,2,0.0,2,0.0,1.0,1.0,1.0,0.0001471995289615073
归属记录,Ahle Sunnat Wal Jamaat (ASWJ-Pakistan),2015,2,0.9776943265555781,0.48884716327778904,0,2,2,3.0,2,0.0,0.0,1.0,1.0,0.00013364517206815904
归属记录,Ahle Sunnat Wal Jamaat (ASWJ-Pakistan),2017,1,0.2066049544888977,0.2066049544888977,0,1,1,0.0,1,0.0,0.0,1.0,1.0,9.174311926605505e-05
归属记录,Ahlu-sunah Wal-jamea (Somalia),2015,5,1.3409382100122236,0.2681876420024447,0,5,2,10.0,2,0.0,0.0,1.0,0.4,0.0003341129301703976
归属记录,Ahlu-sunah Wal-jamea (Somalia),2016,3,1.5717667690053267,0.5239222563351089,1,3,3,1.0,3,2.0,0.3333333333333333,1.0,1.0,0.00022079929344226098
归属记录,Ahmad Luebaesa Group,2016,1,0.2403739147323336,0.2403739147323336,0,1,1,1.0,1,1.0,0.0,1.0,1.0,7.359976448075366e-05
归属记录,Ahneish Militia,2017,3,1.6495902662539972,0.5498634220846658,1,3,3,0.0,3,0.0,0.3333333333333333,1.0,1.0,0.00027522935779816516
归属记录,Ahrar al-Sham,2015,11,6.013862452936978,0.5467147684488162,6,11,8,41.0,6,0.0,0.5454545454545454,1.0,0.7272727272727273,0.0007350484463748748
归属记录,Ahrar al-Sham,2016,12,6.079965161178256,0.5066637634315213,5,12,7,29.0,5,78.0,0.4166666666666667,1.0,0.5833333333333334,0.0008831971737690439
归属记录,Ahrar al-Sham,2017,2,1.324874795492924,0.662437397746462,1,2,1,61.0,0,,0.5,1.0,0.5,0.0001834862385321101
归属记录,Ajnad Misr,2015,10,4.034137084847904,0.4034137084847904,0,10,10,4.0,10,34.0,0.0,1.0,1.0,0.0006682258603407952
归属记录,Ajnad al-Sham,2016,1,0.8396376895790455,0.8396376895790455,1,1,1,2.0,1,13.0,1.0,1.0,1.0,7.359976448075366e-05
归属记录,Akhil Terai Mukti Morcha (ATMM),2015,1,0.1970259760925058,0.1970259760925058,0,1,1,0.0,1,0.0,0.0,1.0,1.0,6.682258603407952e-05
归属记录,Akhil Terai Mukti Morcha (ATMM),2016,1,0.2725686926805155,0.2725686926805155,0,1,1,1.0,1,0.0,0.0,1.0,1.0,7.359976448075366e-05
归属记录,Akhil Terai Mukti Morcha (ATMM),2017,1,0.7348406267131476,0.7348406267131476,1,1,1,0.0,1,0.0,1.0,1.0,1.0,9.174311926605505e-05
归属记录,Al Bayda Province of the Islamic State,2016,1,0.2209870489303511,0.2209870489303511,0,1,1,1.0,1,0.0,0.0,1.0,1.0,7.359976448075366e-05
归属记录,Al Bayda Province of the Islamic State,2017,1,0.8236119207870696,0.8236119207870696,1,1,1,4.0,1,8.0,1.0,1.0,1.0,9.174311926605505e-05
归属记录,Al-Aqsa Martyrs Brigade,2015,7,2.184696865112139,0.312099552158877,0,7,7,7.0,7,16.0,0.0,1.0,1.0,0.0004677581022385566
归属记录,Al-Aqsa Martyrs Brigade,2016,3,0.9875676082120683,0.32918920273735613,0,3,3,3.0,3,9.0,0.0,1.0,1.0,0.00022079929344226098
归属记录,Al-Ashtar Brigades,2015,2,0.7058571855418786,0.3529285927709393,0,2,2,0.0,2,4.0,0.0,1.0,1.0,0.00013364517206815904
归属记录,Al-Ashtar Brigades,2017,2,0.5488360368896246,0.2744180184448123,0,2,2,1.0,2,1.0,0.0,1.0,1.0,0.0001834862385321101
归属记录,Al-Fateh Al-Jadid,2016,1,0.3043081934084552,0.3043081934084552,0,1,1,0.0,1,0.0,0.0,1.0,1.0,7.359976448075366e-05
归属记录,Al-Furqan (Tunisia),2015,1,0.6680169845451281,0.6680169845451281,0,1,1,0.0,1,1.0,0.0,1.0,1.0,6.682258603407952e-05
归属记录,Al-Furqan Brigades,2015,1,0.5073270564991917,0.5073270564991917,0,1,1,7.0,0,,0.0,1.0,1.0,6.682258603407952e-05
归属记录,Al-Haydariyah Battalion,2015,1,0.2614737692520518,0.2614737692520518,0,1,1,0.0,1,0.0,0.0,1.0,1.0,6.682258603407952e-05
归属记录,Al-Islah Party,2017,1,0.7610059488121266,0.7610059488121266,1,1,1,1.0,1,1.0,1.0,1.0,1.0,9.174311926605505e-05
归属记录,Al-Khobar,2015,1,0.7401515443385374,0.7401515443385374,1,1,1,0.0,1,18.0,1.0,1.0,1.0,6.682258603407952e-05
归属记录,Al-Khobar,2016,1,0.7235281796694649,0.7235281796694649,1,1,1,0.0,1,0.0,1.0,1.0,1.0,7.359976448075366e-05
归属记录,Al-Mua'qi'oon Biddam Brigade (Those who Sign with Blood),2015,8,4.477254430326332,0.5596568037907915,4,8,7,46.0,8,38.0,0.5,1.0,0.875,0.0005345806882726361
归属记录,Al-Naqshabandiya Army,2015,11,6.318316190780826,0.5743923809800751,4,11,11,15.0,10,70.0,0.36363636363636365,1.0,1.0,0.0007350484463748748
归属记录,Al-Nasir Army (Syria),2016,3,0.7973955404312627,0.26579851347708755,0,3,3,0.0,3,0.0,0.0,1.0,1.0,0.00022079929344226098
归属记录,Al-Nusrah Front,2015,73,38.53187409034892,0.5278338916486154,23,71,57,924.0,27,267.0,0.3150684931506849,0.9726027397260274,0.7808219178082192,0.004878048780487805
归属记录,Al-Nusrah Front,2016,60,33.291721855553384,0.5548620309258897,30,59,52,264.0,49,355.0,0.5,0.9833333333333333,0.8666666666666667,0.00441598586884522
归属记录,Al-Nusrah Front,2017,5,2.453569560477936,0.4907139120955872,2,5,5,24.0,5,32.0,0.4,1.0,1.0,0.00045871559633027525
归属记录,Al-Qaida in the Arabian Peninsula (AQAP),2015,131,60.25327402682061,0.4599486566932871,32,131,123,361.0,114,313.0,0.24427480916030533,1.0,0.9389312977099237,0.008753758770464417
归属记录,Al-Qaida in the Arabian Peninsula (AQAP),2016,82,40.88685391346633,0.4986201696764187,31,82,74,193.0,72,208.0,0.3780487804878049,1.0,0.9024390243902439,0.0060351806874218
归属记录,Al-Qaida in the Arabian Peninsula (AQAP),2017,44,24.116865758489585,0.5481105854202178,16,44,43,171.0,41,129.0,0.36363636363636365,1.0,0.9772727272727273,0.004036697247706422
归属记录,Al-Qaida in the Indian Subcontinent,2015,5,1.3093953022864637,0.26187906045729276,0,5,5,3.0,5,3.0,0.0,1.0,1.0,0.0003341129301703976
归属记录,Al-Qaida in the Indian Subcontinent,2016,7,3.907074248043564,0.5581534640062235,4,7,7,4.0,7,3.0,0.5714285714285714,1.0,1.0,0.0005151983513652757
归属记录,Al-Qaida in the Indian Subcontinent,2017,3,1.037879024490822,0.345959674830274,0,3,3,2.0,3,4.0,0.0,1.0,1.0,0.00027522935779816516
归属记录,Al-Qaida in the Islamic Maghreb (AQIM),2015,16,8.64785292500654,0.5404908078129087,6,15,16,49.0,15,39.0,0.375,0.9375,1.0,0.0010691613765452723
归属记录,Al-Qaida in the Islamic Maghreb (AQIM),2016,23,9.766454525180583,0.4246284576165471,5,23,20,76.0,19,88.0,0.21739130434782608,1.0,0.8695652173913043,0.0016927945830573343
归属记录,Al-Qaida in the Islamic Maghreb (AQIM),2017,1,0.8403129817971694,0.8403129817971694,1,1,1,82.0,1,115.0,1.0,1.0,1.0,9.174311926605505e-05
归属记录,Al-Saadawi Militia,2015,1,0.2021579030134302,0.2021579030134302,0,1,1,0.0,1,0.0,0.0,1.0,1.0,6.682258603407952e-05
归属记录,Al-Shabaab,2015,397,175.43763681686173,0.44190840508025625,96,395,330,1646.0,294,925.0,0.24181360201511334,0.9949622166246851,0.8312342569269522,0.026528566655529568
归属记录,Al-Shabaab,2016,564,269.677921438534,0.4781523429761241,178,563,470,1564.0,436,1294.0,0.31560283687943264,0.99822695035461,0.8333333333333334,0.041510267167145065
归属记录,Al-Shabaab,2017,570,284.6641568879675,0.49941080155783774,190,570,473,1883.0,426,1241.0,0.3333333333333333,1.0,0.8298245614035088,0.05229357798165138
归属记录,Al-Sham Legion,2015,3,0.9323513264948602,0.31078377549828673,0,3,2,1.0,0,,0.0,1.0,0.6666666666666666,0.00020046775810223855
归属记录,Al-Sham Legion,2016,3,0.7560456795222472,0.25201522650741576,0,3,2,0.0,2,0.0,0.0,1.0,0.6666666666666666,0.00022079929344226098
归属记录,Al-Umar Mujahideen,2016,1,0.4932574245475003,0.4932574245475003,0,1,1,1.0,1,8.0,0.0,1.0,1.0,7.359976448075366e-05
归属记录,Al-Yakin Mujahidin,2016,3,1.5017654724346712,0.5005884908115571,0,3,3,16.0,2,4.0,0.0,1.0,1.0,0.00022079929344226098
归属记录,Al-Yakin Mujahidin,2017,2,0.6427812664682107,0.3213906332341053,0,2,2,3.0,2,2.0,0.0,1.0,1.0,0.0001834862385321101
归属记录,Al-Zawiya Syndicates Council,2017,1,0.203012165533823,0.203012165533823,0,1,1,0.0,1,0.0,0.0,1.0,1.0,9.174311926605505e-05
归属记录,Albanian extremists,2017,1,0.1876609545311808,0.1876609545311808,0,1,1,0.0,1,1.0,0.0,1.0,1.0,9.174311926605505e-05
归属记录,Alde Hemendik Movement,2016,1,0.3200948460476799,0.3200948460476799,0,1,1,0.0,1,4.0,0.0,1.0,1.0,7.359976448075366e-05
归属记录,Aleppo Fatah Operations Room,2015,2,1.6319741724388757,0.8159870862194378,2,2,2,7.0,2,200.0,1.0,1.0,1.0,0.00013364517206815904
归属记录,Aleppo Fatah Operations Room,2016,6,3.822886640805222,0.6371477734675369,0,6,6,8.0,6,80.0,0.0,1.0,1.0,0.00044159858688452196
归属记录,Alex Boncayao Brigade (ABB),2017,1,0.2654269356427483,0.2654269356427483,0,1,1,1.0,1,0.0,0.0,1.0,1.0,9.174311926605505e-05
归属记录,Algeria Province of the Islamic State,2015,3,1.48677648597779,0.4955921619925967,1,3,3,2.0,3,6.0,0.3333333333333333,1.0,1.0,0.00020046775810223855
归属记录,Algeria Province of the Islamic State,2016,2,0.54927789229138,0.27463894614569,0,2,2,1.0,2,0.0,0.0,1.0,1.0,0.0001471995289615073
归属记录,Algeria Province of the Islamic State,2017,5,1.7345406970645887,0.34690813941291776,0,5,5,5.0,5,8.0,0.0,1.0,1.0,0.00045871559633027525
归属记录,All Assam Revolutionary Army (AARA),2016,1,0.1725516794787059,0.1725516794787059,0,1,1,0.0,1,0.0,0.0,1.0,1.0,7.359976448075366e-05
归属记录,All Nepal National Free Student Union-Revolutionary,2015,1,0.6749846117958698,0.6749846117958698,0,1,1,0.0,1,0.0,0.0,1.0,1.0,6.682258603407952e-05
归属记录,All Nepal National Free Student Union-Revolutionary,2017,2,0.9248470542622955,0.46242352713114776,0,2,2,0.0,2,0.0,0.0,1.0,1.0,0.0001834862385321101
归属记录,All Tripura Tiger Force (ATTF),2017,1,0.2633542136663893,0.2633542136663893,0,1,1,0.0,1,0.0,0.0,1.0,1.0,9.174311926605505e-05
归属记录,Alliance of Patriots for a Free and Sovereign Congo (APCLS),2015,5,2.6920909445973678,0.5384181889194736,3,5,2,1.0,2,0.0,0.6,1.0,0.4,0.0003341129301703976
归属记录,Alliance of Patriots for a Free and Sovereign Congo (APCLS),2017,1,0.1850433908075611,0.1850433908075611,0,1,1,0.0,1,0.0,0.0,1.0,1.0,9.174311926605505e-05
归属记录,Allied Democratic Forces (ADF),2015,54,29.50473789240078,0.5463840350444589,17,54,51,230.0,48,66.0,0.3148148148148148,1.0,0.9444444444444444,0.003608419645840294
归属记录,Allied Democratic Forces (ADF),2016,58,26.8620580465587,0.463138931837219,10,58,53,248.0,44,32.0,0.1724137931034483,1.0,0.9137931034482759,0.004268786339883712
归属记录,Allied Democratic Forces (ADF),2017,22,10.212112189735016,0.464186917715228,3,22,17,94.0,14,71.0,0.13636363636363635,1.0,0.7727272727272727,0.002018348623853211
归属记录,Ambazonia Defense Forces (ADF),2017,13,5.367401170923936,0.41287701314799513,3,13,12,13.0,11,2.0,0.23076923076923078,1.0,0.9230769230769231,0.0011926605504587156
归属记录,Anarchist Cell Acca (C.A.A.),2015,1,0.7181668413008214,0.7181668413008214,0,1,1,0.0,1,0.0,0.0,1.0,1.0,6.682258603407952e-05
归属记录,Anarchist Collective of Kallithea-Moschato,2017,1,0.6420752070468606,0.6420752070468606,0,1,1,0.0,1,0.0,0.0,1.0,1.0,9.174311926605505e-05
归属记录,Anarchist Commando Nestor Makhno Group,2015,1,0.663974440981415,0.663974440981415,0,1,1,0.0,1,0.0,0.0,1.0,1.0,6.682258603407952e-05
归属记录,Anarchist Revolt Against Exiled Gendarmes,2017,1,0.66104478721048,0.66104478721048,0,1,1,0.0,1,0.0,0.0,1.0,1.0,9.174311926605505e-05
归属记录,Anarchists,2015,7,2.189178865031975,0.3127398378617107,0,7,7,1.0,7,2.0,0.0,1.0,1.0,0.0004677581022385566
归属记录,Anarchists,2016,23,11.045951417076369,0.48025875726418993,3,23,23,0.0,23,1.0,0.13043478260869565,1.0,1.0,0.0016927945830573343
归属记录,Anarchists,2017,11,6.4253528370307365,0.5841229851846124,1,11,11,0.0,11,1.0,0.09090909090909091,1.0,1.0,0.0010091743119266055
归属记录,Anas al-Dabbashi Brigade,2017,3,1.1336268817361754,0.3778756272453918,0,3,3,3.0,3,7.0,0.0,1.0,1.0,0.00027522935779816516
归属记录,Animal Liberation Front (ALF),2015,4,2.6668834819909644,0.6667208704977411,0,4,4,0.0,4,0.0,0.0,1.0,1.0,0.00026729034413631807
归属记录,Animal Liberation Front (ALF),2016,1,0.7334925251953606,0.7334925251953606,1,1,1,0.0,1,0.0,1.0,1.0,1.0,7.359976448075366e-05
归属记录,Animal Rights extremists,2017,1,0.663974440981415,0.663974440981415,0,1,1,0.0,1,0.0,0.0,1.0,1.0,9.174311926605505e-05
归属记录,Ansar Al-Khilafa (Philippines),2015,2,0.8928267232508517,0.44641336162542583,0,2,2,8.0,2,0.0,0.0,1.0,1.0,0.00013364517206815904
归属记录,Ansar Al-Khilafa (Philippines),2016,1,0.5086657699340629,0.5086657699340629,0,1,1,1.0,1,7.0,0.0,1.0,1.0,7.359976448075366e-05
归属记录,Ansar Ghazwat-ul-Hind,2017,1,0.6957695970236559,0.6957695970236559,0,1,1,0.0,1,0.0,0.0,1.0,1.0,9.174311926605505e-05
归属记录,Ansar al-Din Front,2015,2,1.2677907181276589,0.6338953590638294,1,2,2,206.0,0,,0.5,1.0,1.0,0.00013364517206815904
归属记录,Ansar al-Dine (Mali),2015,10,5.7086151147643385,0.5708615114764338,4,10,10,26.0,9,26.0,0.4,1.0,1.0,0.0006682258603407952
归属记录,Ansar al-Dine (Mali),2016,34,23.068348171723567,0.6784808285801049,25,34,31,76.0,29,115.0,0.7352941176470589,1.0,0.9117647058823529,0.0025023919923456246
归属记录,Ansar al-Dine (Mali),2017,1,0.3451055964986207,0.3451055964986207,0,1,1,2.0,1,0.0,0.0,1.0,1.0,9.174311926605505e-05
归属记录,Ansar al-Furqan,2016,1,0.2957032952959196,0.2957032952959196,0,1,1,6.0,1,0.0,0.0,1.0,1.0,7.359976448075366e-05
归属记录,Ansar al-Imam Musa al-Sadr,2015,1,0.1231348696714163,0.1231348696714163,0,1,1,0.0,1,0.0,0.0,1.0,1.0,6.682258603407952e-05
归属记录,Ansar al-Islam (Burkina Faso),2016,1,0.8047314265347074,0.8047314265347074,1,1,1,17.0,0,,1.0,1.0,1.0,7.359976448075366e-05
归属记录,Ansar al-Islam (Burkina Faso),2017,10,4.491967593846621,0.4491967593846621,3,10,10,12.0,10,4.0,0.3,1.0,1.0,0.0009174311926605505
归属记录,Ansar al-Islam (Egypt),2017,1,0.7904479416697595,0.7904479416697595,1,1,1,16.0,1,13.0,1.0,1.0,1.0,9.174311926605505e-05
归属记录,Ansar al-Sharia (Libya),2015,23,11.60763074609867,0.5046795976564639,8,23,19,16.0,19,28.0,0.34782608695652173,1.0,0.8260869565217391,0.0015369194787838289
归属记录,Ansar al-Sharia (Libya),2016,2,0.967235333654761,0.4836176668273805,0,2,2,3.0,1,9.0,0.0,1.0,1.0,0.0001471995289615073
归属记录,Ansar al-Sharia (Libya),2017,1,0.3771457977044625,0.3771457977044625,0,1,1,2.0,1,0.0,0.0,1.0,1.0,9.174311926605505e-05
归属记录,Ansar al-Sharia (Pakistan),2017,6,2.7517228865346026,0.4586204810891004,0,6,6,15.0,6,8.0,0.0,1.0,1.0,0.0005504587155963303
归属记录,Ansar al-Sharia Operations Room (Syria),2015,7,4.051902945777771,0.578843277968253,0,7,7,4.0,7,70.0,0.0,1.0,1.0,0.0004677581022385566
归属记录,Ansar al-Sunna (Mozambique),2017,6,3.1825941218365226,0.5304323536394204,3,6,6,18.0,6,5.0,0.5,1.0,1.0,0.0005504587155963303
归属记录,Ansarullah Bangla Team,2015,4,1.42869207155334,0.357173017888335,1,4,4,11.0,4,27.0,0.25,1.0,1.0,0.00026729034413631807
归属记录,Ansarullah Bangla Team,2017,1,0.275365325253588,0.275365325253588,0,1,1,0.0,1,3.0,0.0,1.0,1.0,9.174311926605505e-05
归属记录,Antagonistic Nuclei of the New Urban Guerrilla,2016,1,0.2038944952007581,0.2038944952007581,0,1,1,0.0,1,0.0,0.0,1.0,1.0,7.359976448075366e-05
归属记录,Anti-Abortion extremists,2015,1,0.5465776613059998,0.5465776613059998,0,1,1,3.0,1,9.0,0.0,1.0,1.0,6.682258603407952e-05
归属记录,Anti-Arab extremists,2017,1,0.6750789710340862,0.6750789710340862,0,1,1,0.0,1,0.0,0.0,1.0,1.0,9.174311926605505e-05
归属记录,Anti-Balaka Militia,2015,20,7.053134388085129,0.35265671940425647,2,19,20,58.0,19,12.0,0.1,0.95,1.0,0.0013364517206815904
归属记录,Anti-Balaka Militia,2016,3,1.405039992861996,0.468346664287332,1,3,3,3.0,3,1.0,0.3333333333333333,1.0,1.0,0.00022079929344226098
归属记录,Anti-Balaka Militia,2017,15,6.966888238233432,0.4644592158822288,4,15,15,287.0,14,122.0,0.26666666666666666,1.0,1.0,0.0013761467889908258
归属记录,Anti-Government extremists,2015,1,0.5787874307802177,0.5787874307802177,0,1,1,3.0,1,9.0,0.0,1.0,1.0,6.682258603407952e-05
归属记录,Anti-Government extremists,2017,4,1.3841811933301675,0.3460452983325419,1,4,4,61.0,4,853.0,0.25,1.0,1.0,0.0003669724770642202
归属记录,Anti-Immigrant extremists,2015,5,2.154994083461469,0.43099881669229384,0,5,5,4.0,4,6.0,0.0,1.0,1.0,0.0003341129301703976
归属记录,Anti-Immigrant extremists,2016,1,0.2752641523225636,0.2752641523225636,0,1,1,0.0,1,1.0,0.0,1.0,1.0,7.359976448075366e-05
归属记录,Anti-Immigrant extremists,2017,2,1.4519822352423541,0.7259911176211771,2,2,2,0.0,2,0.0,1.0,1.0,1.0,0.0001834862385321101
归属记录,Anti-LGBT extremists,2017,4,2.2824840305726743,0.5706210076431686,0,4,4,0.0,4,2.0,0.0,1.0,1.0,0.0003669724770642202
归属记录,Anti-Muslim extremists,2015,8,4.237483050987261,0.5296853813734076,0,8,8,3.0,8,2.0,0.0,1.0,1.0,0.0005345806882726361
归属记录,Anti-Muslim extremists,2016,7,3.8187723445291,0.5455389063613,0,7,7,0.0,7,2.0,0.0,1.0,1.0,0.0005151983513652757
归属记录,Anti-Muslim extremists,2017,50,33.3732455031049,0.667464910062098,22,50,50,3.0,34,19.0,0.44,1.0,1.0,0.0045871559633027525
归属记录,Anti-Nuclear extremists,2015,7,4.964430610500731,0.7092043729286759,0,7,7,0.0,7,0.0,0.0,1.0,1.0,0.0004677581022385566
归属记录,Anti-Park extremists,2016,1,0.7050171384740944,0.7050171384740944,0,1,1,0.0,1,0.0,0.0,1.0,1.0,7.359976448075366e-05
归属记录,Anti-Police extremists,2016,4,2.5840866413286627,0.6460216603321657,0,4,4,7.0,4,12.0,0.0,1.0,1.0,0.0002943990579230146
归属记录,Anti-Police extremists,2017,1,0.3832494599572958,0.3832494599572958,0,1,1,2.0,1,1.0,0.0,1.0,1.0,9.174311926605505e-05
归属记录,Anti-Republican extremists,2017,1,0.3383853882397013,0.3383853882397013,0,1,1,1.0,1,6.0,0.0,1.0,1.0,9.174311926605505e-05
归属记录,Anti-Semitic extremists,2015,2,0.5648527730171943,0.28242638650859714,0,2,2,0.0,2,5.0,0.0,1.0,1.0,0.00013364517206815904
归属记录,Anti-Semitic extremists,2016,5,1.5511887502131674,0.3102377500426335,0,5,5,1.0,5,4.0,0.0,1.0,1.0,0.0003679988224037683
归属记录,Anti-Semitic extremists,2017,7,3.5930297286043786,0.5132899612291969,0,7,7,0.0,7,0.0,0.0,1.0,1.0,0.0006422018348623853
归属记录,Anti-Sikh extremists,2015,1,0.2082893370124856,0.2082893370124856,0,1,1,0.0,1,1.0,0.0,1.0,1.0,6.682258603407952e-05
归属记录,Anti-Trump extremists,2016,1,0.1519277856109781,0.1519277856109781,0,1,1,0.0,1,0.0,0.0,1.0,1.0,7.359976448075366e-05
归属记录,Anti-White extremists,2016,3,2.084546270301563,0.6948487567671876,0,3,3,6.0,3,9.0,0.0,1.0,1.0,0.00022079929344226098
归属记录,Anti-White extremists,2017,3,1.0850356061218047,0.3616785353739349,0,3,3,4.0,3,1.0,0.0,1.0,1.0,0.00027522935779816516
归属记录,Apella,2017,1,0.663974440981415,0.663974440981415,0,1,1,0.0,1,0.0,0.0,1.0,1.0,9.174311926605505e-05
归属记录,Arab Movement of Azawad (MAA),2015,4,2.2394720951790603,0.5598680237947651,1,4,4,6.0,4,1.0,0.25,1.0,1.0,0.00026729034413631807
归属记录,Arab-Israeli extremists,2017,2,1.2296421687747072,0.6148210843873536,0,2,2,5.0,2,3.0,0.0,1.0,1.0,0.0001834862385321101
归属记录,Arakan Army (AA),2015,1,0.2430713084066688,0.2430713084066688,0,1,1,0.0,1,1.0,0.0,1.0,1.0,6.682258603407952e-05
归属记录,Arakan Army (AA),2016,1,0.1575482446255042,0.1575482446255042,0,1,1,0.0,1,0.0,0.0,1.0,1.0,7.359976448075366e-05
归属记录,Arakan Liberation Party (ALP),2015,2,0.6453423736223327,0.32267118681116636,0,2,1,1.0,1,2.0,0.0,1.0,0.5,0.00013364517206815904
归属记录,Arakan Rohingya Salvation Army (ARSA),2017,46,19.09679612322671,0.4151477418092763,10,46,46,145.0,17,2.0,0.21739130434782608,1.0,1.0,0.004220183486238532
归属记录,Arauco Malleco Coordinating Group (CAM) - Chile,2017,2,1.4785514186561532,0.7392757093280766,1,2,2,0.0,2,0.0,0.5,1.0,1.0,0.0001834862385321101
归属记录,Arm na Poblachta' (Army of the Republic),2017,1,0.1511991163623757,0.1511991163623757,0,1,1,0.0,1,0.0,0.0,1.0,1.0,9.174311926605505e-05
归属记录,Army of the Tribes,2015,2,1.0986478248184044,0.5493239124092022,1,2,1,19.0,2,1.0,0.5,1.0,0.5,0.00013364517206815904
归属记录,Asa'ib Ahl al-Haqq,2016,53,38.95633458907287,0.7350251809259032,50,53,53,4.0,52,0.0,0.9433962264150944,1.0,1.0,0.003900787517479944
归属记录,Asa'ib Ahl al-Haqq,2017,2,0.7950301735622445,0.39751508678112224,0,2,2,20.0,1,2.0,0.0,1.0,1.0,0.0001834862385321101
归属记录,Authenticity and Development Front,2016,1,0.8353562211791388,0.8353562211791388,1,1,1,0.0,1,0.0,1.0,1.0,1.0,7.359976448075366e-05
归属记录,Awami League,2015,7,3.8814827997160553,0.5544975428165794,1,7,7,0.0,7,0.0,0.14285714285714285,1.0,1.0,0.0004677581022385566
归属记录,Awami League,2016,5,3.6662775216909296,0.7332555043381859,5,5,5,0.0,5,0.0,1.0,1.0,1.0,0.0003679988224037683
归属记录,Awami League,2017,3,2.297758828414657,0.7659196094715522,3,3,3,1.0,0,,1.0,1.0,1.0,0.00027522935779816516
归属记录,Awdal Regional Administration Army (ARAA),2015,1,0.4575565170969493,0.4575565170969493,0,1,1,2.0,1,2.0,0.0,1.0,1.0,6.682258603407952e-05
归属记录,Azawad National Liberation Movement (MNLA),2015,6,3.212064453871644,0.535344075645274,2,6,6,32.0,6,36.0,0.3333333333333333,1.0,1.0,0.0004009355162044771
归属记录,Bab Tajura Brigade,2017,1,0.2210135967941537,0.2210135967941537,0,1,0,,0,,0.0,1.0,0.0,9.174311926605505e-05
归属记录,Baba Ladla Gang,2015,2,0.6028649292543212,0.3014324646271606,0,2,2,0.0,2,7.0,0.0,1.0,1.0,0.00013364517206815904
归属记录,Babbar Khalsa International (BKI),2017,1,0.74605032187649,0.74605032187649,1,1,1,7.0,1,11.0,1.0,1.0,1.0,9.174311926605505e-05
归属记录,Bachama extremists,2017,4,3.0358193673419667,0.7589548418354917,4,4,4,30.0,0,,1.0,1.0,1.0,0.0003669724770642202
归属记录,Badr Brigades,2017,2,0.2869589954860078,0.1434794977430039,0,2,0,,0,,0.0,1.0,0.0,0.0001834862385321101
归属记录,Bahoz,2016,1,0.6626136572975776,0.6626136572975776,0,1,1,0.0,1,1.0,0.0,1.0,1.0,7.359976448075366e-05
归属记录,Bahrain Province of the Islamic State,2015,1,0.74675096299094,0.74675096299094,1,1,1,6.0,1,9.0,1.0,1.0,1.0,6.682258603407952e-05
归属记录,Bahrain Province of the Islamic State,2016,1,0.7597312874297247,0.7597312874297247,1,1,1,0.0,1,1.0,1.0,1.0,1.0,7.359976448075366e-05
归属记录,Baloch Liberation Army (BLA),2015,26,15.836116735265266,0.6090814128948179,13,26,26,54.0,25,52.0,0.5,1.0,1.0,0.0017373872368860676
归属记录,Baloch Liberation Army (BLA),2016,24,11.73797586478419,0.48908232769934123,9,24,23,33.0,23,41.0,0.375,1.0,0.9583333333333334,0.0017663943475380878
归属记录,Baloch Liberation Army (BLA),2017,12,6.96213189326372,0.5801776577719767,4,12,12,32.0,12,19.0,0.3333333333333333,1.0,1.0,0.0011009174311926607
归属记录,Baloch Liberation Front (BLF),2015,51,21.41488964004779,0.4198997968636822,12,51,47,75.0,46,50.0,0.23529411764705882,1.0,0.9215686274509803,0.0034079518877380556
归属记录,Baloch Liberation Front (BLF),2016,34,13.5012323299805,0.39709506852883825,5,34,34,27.0,34,32.0,0.14705882352941177,1.0,1.0,0.0025023919923456246
归属记录,Baloch Liberation Front (BLF),2017,24,13.863684451246806,0.5776535188019503,11,24,24,27.0,24,47.0,0.4583333333333333,1.0,1.0,0.0022018348623853213
归属记录,Baloch Liberation Tigers (BLT),2015,2,1.4148528886912213,0.7074264443456106,0,2,2,8.0,2,0.0,0.0,1.0,1.0,0.00013364517206815904
归属记录,Baloch National Liberation Front,2015,1,0.2435131978523192,0.2435131978523192,0,1,1,0.0,1,0.0,0.0,1.0,1.0,6.682258603407952e-05
归属记录,Baloch Nationalists,2015,6,4.3101337361811884,0.7183556226968647,3,6,6,11.0,6,7.0,0.5,1.0,1.0,0.0004009355162044771
归属记录,Baloch Nationalists,2016,1,0.7460612069638204,0.7460612069638204,1,1,1,1.0,1,1.0,1.0,1.0,1.0,7.359976448075366e-05
归属记录,Baloch Nationalists,2017,3,1.1824650499509608,0.39415501665032027,0,3,3,2.0,3,14.0,0.0,1.0,1.0,0.00027522935779816516
归属记录,Baloch Republican Army (BRA),2015,81,52.821289801873945,0.6521146889120241,60,81,81,13.0,81,45.0,0.7407407407407407,1.0,1.0,0.0054126294687604415
归属记录,Baloch Republican Army (BRA),2016,21,10.050514973938085,0.4785959511399088,8,21,20,17.0,20,14.0,0.38095238095238093,1.0,0.9523809523809523,0.0015455950540958269
归属记录,Baloch Republican Army (BRA),2017,14,6.724572505892385,0.4803266075637418,6,14,14,9.0,14,11.0,0.42857142857142855,1.0,1.0,0.0012844036697247706
归属记录,Baloch Republican Guards (BRG),2015,2,1.52897243126985,0.764486215634925,2,2,2,4.0,2,18.0,1.0,1.0,1.0,0.00013364517206815904
归属记录,Baloch Republican Guards (BRG),2016,1,0.744708328729826,0.744708328729826,1,1,1,0.0,1,0.0,1.0,1.0,1.0,7.359976448075366e-05
归属记录,Baloch Republican Party,2017,2,1.3134952669419302,0.6567476334709651,1,2,2,7.0,2,3.0,0.5,1.0,1.0,0.0001834862385321101
归属记录,Baloch Young Tigers (BYT),2015,3,2.276880730351638,0.758960243450546,2,3,3,29.0,3,173.0,0.6666666666666666,1.0,1.0,0.00020046775810223855
归属记录,Balochistan Liberation United Front (BLUF),2015,5,2.0240646300163543,0.40481292600327085,1,5,5,4.0,5,2.0,0.2,1.0,1.0,0.0003341129301703976
归属记录,Bangladesh Nationalist Party (BNP),2015,19,6.839412885073679,0.3599690992144041,4,19,19,3.0,19,34.0,0.21052631578947367,1.0,1.0,0.0012696291346475108
归属记录,Bangladesh Nationalist Party (BNP),2016,4,2.926674089433125,0.7316685223582813,4,4,4,0.0,4,0.0,1.0,1.0,1.0,0.0002943990579230146
归属记录,Bangladesh Tiger Force,2015,1,0.3571421440930861,0.3571421440930861,0,1,1,2.0,1,0.0,0.0,1.0,1.0,6.682258603407952e-05
归属记录,Bangsamoro Islamic Freedom Movement (BIFM),2015,90,33.89217000374182,0.37657966670824244,19,90,89,55.0,89,83.0,0.2111111111111111,1.0,0.9888888888888889,0.006014032743067156
归属记录,Bangsamoro Islamic Freedom Movement (BIFM),2016,53,18.314045187966563,0.3455480224144635,10,53,52,32.0,53,194.0,0.18867924528301888,1.0,0.9811320754716981,0.003900787517479944
归属记录,Bangsamoro Islamic Freedom Movement (BIFM),2017,70,28.85034494353272,0.4121477849076103,16,70,70,44.0,70,111.0,0.22857142857142856,1.0,1.0,0.006422018348623854
归属记录,Barak Valley Tiger Force (BVTF),2015,1,0.7447027615324104,0.7447027615324104,1,1,1,0.0,1,3.0,1.0,1.0,1.0,6.682258603407952e-05
归属记录,Barisan Revolusi Nasional (BRN),2015,1,0.4468501221664928,0.4468501221664928,0,1,1,0.0,1,7.0,0.0,1.0,1.0,6.682258603407952e-05
归属记录,Barisan Revolusi Nasional (BRN),2016,10,4.970674203659916,0.4970674203659916,4,10,10,3.0,10,41.0,0.4,1.0,1.0,0.0007359976448075366
归属记录,Barisan Revolusi Nasional (BRN),2017,62,42.73181897952142,0.6892228867664746,47,62,61,15.0,61,93.0,0.7580645161290323,1.0,0.9838709677419355,0.005688073394495413
归属记录,Barqa Province of the Islamic State,2015,84,39.16105493495432,0.4662030349399324,28,81,80,206.0,76,256.0,0.3333333333333333,0.9642857142857143,0.9523809523809523,0.00561309722686268
归属记录,Barqa Province of the Islamic State,2016,58,28.475685996085794,0.49096010338078955,17,58,57,143.0,55,155.0,0.29310344827586204,1.0,0.9827586206896551,0.004268786339883712
归属记录,Barqa Province of the Islamic State,2017,7,4.513845476898589,0.6448350681283699,3,7,7,12.0,6,8.0,0.42857142857142855,1.0,1.0,0.0006422018348623853
归属记录,Base Movement,2016,5,2.7115732899199663,0.5423146579839933,3,5,5,0.0,5,5.0,0.6,1.0,1.0,0.0003679988224037683
归属记录,Bedouin Israeli extremists,2017,1,0.7090136427023074,0.7090136427023074,0,1,1,1.0,1,0.0,0.0,1.0,1.0,9.174311926605505e-05
归属记录,Benghazi Defense Brigades (BDB),2016,5,2.9176703847114327,0.5835340769422865,2,5,5,29.0,5,23.0,0.4,1.0,1.0,0.0003679988224037683
归属记录,Benghazi Defense Brigades (BDB),2017,3,2.453566572023155,0.8178555240077183,3,3,3,9.0,3,0.0,1.0,1.0,1.0,0.00027522935779816516
归属记录,Benishangul Gumuz People's Liberation Movement,2017,1,0.2082831620459426,0.2082831620459426,0,1,1,13.0,1,0.0,0.0,1.0,1.0,9.174311926605505e-05
归属记录,Berom Militants,2015,1,0.3503008896250152,0.3503008896250152,0,1,1,2.0,1,0.0,0.0,1.0,1.0,6.682258603407952e-05
归属记录,Bharatiya Janata Party,2016,1,0.7431343149822508,0.7431343149822508,1,1,1,0.0,1,0.0,1.0,1.0,1.0,7.359976448075366e-05
归属记录,Bilal Badr Group,2017,2,1.30599042019941,0.652995210099705,1,2,2,7.0,2,37.0,0.5,1.0,1.0,0.0001834862385321101
归属记录,Birsa Commando Force (BCF),2017,1,0.1455085361789223,0.1455085361789223,0,1,1,0.0,1,0.0,0.0,1.0,1.0,9.174311926605505e-05
归属记录,Black Hebrew Israelites,2016,3,1.447047741581517,0.48234924719383904,0,3,3,0.0,3,0.0,0.0,1.0,1.0,0.00022079929344226098
归属记录,Bodu Bala Sena,2017,4,2.740732124541732,0.685183031135433,0,4,4,0.0,4,1.0,0.0,1.0,1.0,0.0003669724770642202
归属记录,Boko Haram,2015,540,330.0573798390492,0.6112173700723134,272,538,487,6510.0,349,3507.0,0.5037037037037037,0.9962962962962963,0.9018518518518519,0.03608419645840294
归属记录,Boko Haram,2016,240,136.60349651756886,0.5691812354898702,98,239,226,1468.0,193,1364.0,0.4083333333333333,0.9958333333333333,0.9416666666666667,0.01766394347538088
归属记录,Boko Haram,2017,333,180.56224566230665,0.5422289659528728,125,333,314,1544.0,273,1124.0,0.37537537537537535,1.0,0.9429429429429429,0.03055045871559633
归属记录,Bru Democratic Front of Mizoram (BDFM),2015,1,0.2749581669965604,0.2749581669965604,0,1,1,0.0,1,0.0,0.0,1.0,1.0,6.682258603407952e-05
归属记录,Bru National Liberation Front (BNLF),2016,1,0.2797526778549767,0.2797526778549767,0,1,1,0.0,1,0.0,0.0,1.0,1.0,7.359976448075366e-05
归属记录,Bunda Dia Kongo (BDK),2017,3,1.6844907241892257,0.5614969080630753,1,3,3,64.0,1,0.0,0.3333333333333333,1.0,1.0,0.00027522935779816516
归属记录,Caucasus Emirate,2016,1,0.1507112277827093,0.1507112277827093,0,1,1,3.0,1,0.0,0.0,1.0,1.0,7.359976448075366e-05
归属记录,Caucasus Province of the Islamic State,2015,1,0.5029087056308112,0.5029087056308112,0,1,1,1.0,1,11.0,0.0,1.0,1.0,6.682258603407952e-05
归属记录,Caucasus Province of the Islamic State,2016,7,3.5703436021072767,0.5100490860153253,1,7,7,12.0,7,21.0,0.14285714285714285,1.0,1.0,0.0005151983513652757
归属记录,Caucasus Province of the Islamic State,2017,9,3.8125160988640547,0.42361289987378387,0,9,9,30.0,9,10.0,0.0,1.0,1.0,0.0008256880733944954
归属记录,Cells of Direct Attack - Living Waste Group,2017,1,0.6500171381144404,0.6500171381144404,0,1,1,0.0,1,0.0,0.0,1.0,1.0,9.174311926605505e-05
归属记录,Chama Pueblo en Rebelion,2016,1,0.7234344440244711,0.7234344440244711,1,1,1,0.0,1,0.0,1.0,1.0,1.0,7.359976448075366e-05
归属记录,Chechen Rebels,2015,1,0.1174032661227277,0.1174032661227277,0,1,1,0.0,1,0.0,0.0,1.0,1.0,6.682258603407952e-05
归属记录,Chechen Rebels,2016,1,0.6702973524228185,0.6702973524228185,0,1,1,0.0,1,8.0,0.0,1.0,1.0,7.359976448075366e-05
归属记录,Christian State-Holy Rus,2017,1,0.6769608878784116,0.6769608878784116,0,1,1,0.0,1,0.0,0.0,1.0,1.0,9.174311926605505e-05
归属记录,Christian extremists,2015,3,2.2451180269472846,0.7483726756490948,3,3,3,1.0,3,10.0,1.0,1.0,1.0,0.00020046775810223855
归属记录,Citizens for Constitutional Freedom,2016,1,0.2042876897289451,0.2042876897289451,0,1,1,0.0,1,0.0,0.0,1.0,1.0,7.359976448075366e-05
归属记录,Civil Protection Units (YPS),2016,2,1.4245660147094843,0.7122830073547421,1,2,2,5.0,2,17.0,0.5,1.0,1.0,0.0001471995289615073
归属记录,Comite d'Action Viticole,2016,2,1.3252376019161103,0.6626188009580551,0,2,2,0.0,2,0.0,0.0,1.0,1.0,0.0001471995289615073
归属记录,Comite d'Action Viticole,2017,1,0.6626188009580551,0.6626188009580551,0,1,1,0.0,1,0.0,0.0,1.0,1.0,9.174311926605505e-05
归属记录,Communist Party of India - Maoist (CPI-Maoist),2015,87,39.17377433551223,0.4502732682242785,18,87,85,95.0,80,69.0,0.20689655172413793,1.0,0.9770114942528736,0.005813564984964918
归属记录,Communist Party of India - Maoist (CPI-Maoist),2016,95,47.7395588320368,0.5025216719161768,36,95,92,60.0,85,47.0,0.37894736842105264,1.0,0.968421052631579,0.006991977625671598
归属记录,Communist Party of India - Maoist (CPI-Maoist),2017,108,51.576754403231256,0.4775625407706598,31,106,105,101.0,100,67.0,0.28703703703703703,0.9814814814814815,0.9722222222222222,0.009908256880733945
归属记录,Communist Party of Nepal - Maoist (CPN-Maoist-Chand),2015,8,5.1220537543382925,0.6402567192922866,0,6,8,0.0,8,2.0,0.0,0.75,1.0,0.0005345806882726361
归属记录,Communist Party of Nepal - Maoist (CPN-Maoist-Chand),2016,22,15.862485226055883,0.7210220557298128,11,22,22,0.0,22,2.0,0.5,1.0,1.0,0.0016191948185765804
归属记录,Communist Party of Nepal - Maoist (CPN-Maoist-Chand),2017,61,22.98934902537358,0.37687457418645215,10,61,57,2.0,56,39.0,0.16393442622950818,1.0,0.9344262295081968,0.005596330275229358
归属记录,Communist Party of Nepal-Maoist (Baidya),2016,1,0.6875862746394845,0.6875862746394845,0,1,1,0.0,1,0.0,0.0,1.0,1.0,7.359976448075366e-05
归属记录,Communists,2017,6,2.0172725085076926,0.3362120847512821,0,6,6,6.0,6,0.0,0.0,1.0,1.0,0.0005504587155963303
归属记录,Concerned Militant Leaders (CML),2016,3,1.2903954810118021,0.43013182700393404,0,3,3,11.0,3,0.0,0.0,1.0,1.0,0.00022079929344226098
归属记录,Conspiracy of Cells of Fire,2016,1,0.7098731530317183,0.7098731530317183,0,1,1,0.0,1,0.0,0.0,1.0,1.0,7.359976448075366e-05
归属记录,Conspiracy of Cells of Fire,2017,4,1.141718745426437,0.28542968635660926,0,4,4,0.0,4,4.0,0.0,1.0,1.0,0.0003669724770642202
归属记录,Conspiracy of Vengeful Arsonists,2017,1,0.6626188009580551,0.6626188009580551,0,1,1,0.0,1,0.0,0.0,1.0,1.0,9.174311926605505e-05
归属记录,Continuity Irish Republican Army (CIRA),2015,1,0.2199173580143061,0.2199173580143061,0,1,1,0.0,1,0.0,0.0,1.0,1.0,6.682258603407952e-05
归属记录,Continuity Irish Republican Army (CIRA),2016,1,0.3419854118178213,0.3419854118178213,0,1,1,1.0,1,2.0,0.0,1.0,1.0,7.359976448075366e-05
归属记录,Coordination Committee (CORCOM),2016,1,0.774430092483215,0.774430092483215,1,1,1,6.0,1,7.0,1.0,1.0,1.0,7.359976448075366e-05
归属记录,Coordination of Azawad Movements (CMA),2015,9,3.8143937723221644,0.4238215302580183,3,9,7,17.0,5,2.0,0.3333333333333333,1.0,0.7777777777777778,0.0006014032743067157
归属记录,Coordination of Azawad Movements (CMA),2016,2,1.0138889184807915,0.5069444592403958,0,2,2,1.0,2,1.0,0.0,1.0,1.0,0.0001471995289615073
归属记录,Coordination of Azawad Movements (CMA),2017,2,0.6868423298517933,0.34342116492589664,0,2,2,14.0,2,0.0,0.0,1.0,1.0,0.0001834862385321101
归属记录,Corsican Nationalists,2017,4,2.7962244372732448,0.6990561093183112,1,4,4,0.0,4,0.0,0.25,1.0,1.0,0.0003669724770642202
归属记录,Cossack Separatists,2015,1,0.3899085553037797,0.3899085553037797,0,1,1,2.0,1,0.0,0.0,1.0,1.0,6.682258603407952e-05
归属记录,Cossack Separatists,2016,1,0.7101152980991893,0.7101152980991893,0,1,1,0.0,1,2.0,0.0,1.0,1.0,7.359976448075366e-05
归属记录,Council for Justice in Azawad,2017,1,0.1807516045165913,0.1807516045165913,0,1,1,0.0,1,0.0,0.0,1.0,1.0,9.174311926605505e-05
归属记录,Court Reform extremists,2016,1,0.6639709481110214,0.6639709481110214,0,1,1,0.0,1,0.0,0.0,1.0,1.0,7.359976448075366e-05
归属记录,Crypteia,2017,3,0.5712728163119887,0.19042427210399623,0,3,3,0.0,3,0.0,0.0,1.0,1.0,0.00027522935779816516
归属记录,Dashmesh Regiment,2016,1,0.2666216652109067,0.2666216652109067,0,1,1,1.0,1,0.0,0.0,1.0,1.0,7.359976448075366e-05
归属记录,Death Squad (Iraq),2015,1,0.3013423357868248,0.3013423357868248,0,1,1,0.0,1,0.0,0.0,1.0,1.0,6.682258603407952e-05
归属记录,Democratic Front for the Liberation of Rwanda (FDLR),2015,27,11.074896420054214,0.4101813488908968,2,27,22,70.0,17,12.0,0.07407407407407407,1.0,0.8148148148148148,0.001804209822920147
归属记录,Democratic Front for the Liberation of Rwanda (FDLR),2016,24,11.013267102740178,0.45888612928084077,3,24,21,53.0,20,22.0,0.125,1.0,0.875,0.0017663943475380878
归属记录,Democratic Front for the Liberation of Rwanda (FDLR),2017,4,1.816262599820657,0.45406564995516424,1,4,3,12.0,3,9.0,0.25,1.0,0.75,0.0003669724770642202
归属记录,Democratic Front of the Central African People (FDPC),2015,2,0.6281449050835484,0.3140724525417742,0,2,1,0.0,1,2.0,0.0,1.0,0.5,0.00013364517206815904
归属记录,Democratic Karen Buddhist Army (DKBA),2017,1,0.2673356133359467,0.2673356133359467,0,1,1,0.0,1,1.0,0.0,1.0,1.0,9.174311926605505e-05
归属记录,Democratic Youth Federation of India (DYFI),2016,2,1.5748958093151846,0.7874479046575923,2,2,2,0.0,2,0.0,1.0,1.0,1.0,0.0001471995289615073
归属记录,Devrimici Halk Kurtulus Cephesi (DHKP/C),2015,7,2.7246010412294477,0.38922872017563537,2,7,7,6.0,7,5.0,0.2857142857142857,1.0,1.0,0.0004677581022385566
归属记录,Devrimici Halk Kurtulus Cephesi (DHKP/C),2016,4,2.855078500666936,0.713769625166734,2,4,4,3.0,4,3.0,0.5,1.0,1.0,0.0002943990579230146
归属记录,Devrimici Halk Kurtulus Cephesi (DHKP/C),2017,3,1.2594264858651536,0.41980882862171787,1,3,3,0.0,3,0.0,0.3333333333333333,1.0,1.0,0.00027522935779816516
归属记录,Dissident Republicans,2015,24,9.980648261265472,0.41586034421939466,1,24,24,0.0,24,2.0,0.041666666666666664,1.0,1.0,0.0016037420648179084
归属记录,Dissident Republicans,2016,17,4.5861540862355845,0.2697737697785638,0,17,17,1.0,17,5.0,0.0,1.0,1.0,0.0012511959961728123
归属记录,Dissident Republicans,2017,11,2.610791875081644,0.23734471591651307,0,11,11,0.0,11,5.0,0.0,1.0,1.0,0.0010091743119266055
归属记录,Donetsk People's Republic,2015,273,97.96965831390852,0.3588632172670642,52,273,257,597.0,253,957.0,0.19047619047619047,1.0,0.9413919413919414,0.01824256598730371
归属记录,Donetsk People's Republic,2016,10,4.1209224387145875,0.41209224387145876,1,10,10,30.0,10,16.0,0.1,1.0,1.0,0.0007359976448075366
归属记录,Donetsk People's Republic,2017,10,5.255746568295795,0.5255746568295795,2,10,10,24.0,10,17.0,0.2,1.0,1.0,0.0009174311926605505
归属记录,Dravidar Viduthalai Kazhagam (DVK),2015,3,1.7189147306657784,0.5729715768885928,2,3,3,0.0,3,3.0,0.6666666666666666,1.0,1.0,0.00020046775810223855
归属记录,Earth Liberation Front (ELF),2015,1,0.6626188009580551,0.6626188009580551,0,1,1,0.0,1,0.0,0.0,1.0,1.0,6.682258603407952e-05
归属记录,Environmentalists,2017,2,1.3501579420681724,0.6750789710340862,0,2,2,0.0,2,0.0,0.0,1.0,1.0,0.0001834862385321101
归属记录,Equilibrio Nacional,2017,1,0.7221155975994772,0.7221155975994772,1,1,1,0.0,1,0.0,1.0,1.0,1.0,9.174311926605505e-05
归属记录,Fajr al-Umma Brigade,2017,1,0.758361964137003,0.758361964137003,1,1,1,9.0,0,,1.0,1.0,1.0,9.174311926605505e-05
归属记录,Fatah al-Islam,2015,1,0.7043734796942959,0.7043734796942959,0,1,1,0.0,1,0.0,0.0,1.0,1.0,6.682258603407952e-05
归属记录,Fatah al-Islam,2016,1,0.4146086879332792,0.4146086879332792,0,1,1,2.0,1,1.0,0.0,1.0,1.0,7.359976448075366e-05
归属记录,Fatoni Warriors,2017,1,0.6865360097287913,0.6865360097287913,0,1,1,0.0,1,0.0,0.0,1.0,1.0,9.174311926605505e-05
归属记录,February 14th Movement,2017,1,0.7501983683908526,0.7501983683908526,1,1,1,0.0,1,0.0,1.0,1.0,1.0,9.174311926605505e-05
归属记录,Feminist extremists,2017,1,0.66104478721048,0.66104478721048,0,1,1,0.0,1,0.0,0.0,1.0,1.0,9.174311926605505e-05
归属记录,Fetullah Terrorist Organization,2016,1,0.5847935174605485,0.5847935174605485,0,1,1,2.0,1,5.0,0.0,1.0,1.0,7.359976448075366e-05
归属记录,Fezzan Province of the Islamic State,2015,3,1.5258735504210488,0.5086245168070163,1,3,3,25.0,3,3.0,0.3333333333333333,1.0,1.0,0.00020046775810223855
归属记录,Fezzan Province of the Islamic State,2016,4,2.124221477952559,0.5310553694881397,1,4,4,2.0,4,5.0,0.25,1.0,1.0,0.0002943990579230146
归属记录,Fezzan Province of the Islamic State,2017,3,1.3854371693243857,0.4618123897747952,1,3,3,12.0,3,3.0,0.3333333333333333,1.0,1.0,0.00027522935779816516
归属记录,Fight Xenophobia,2017,1,0.6527510989413768,0.6527510989413768,0,1,1,0.0,1,0.0,0.0,1.0,1.0,9.174311926605505e-05
归属记录,Fire and Flame for the Police (FFdP),2017,2,1.410716753771643,0.7053583768858215,0,2,2,0.0,2,0.0,0.0,1.0,1.0,0.0001834862385321101
归属记录,Free Libya Martyrs Brigade,2015,3,1.5117072802909663,0.5039024267636555,1,3,3,13.0,3,42.0,0.3333333333333333,1.0,1.0,0.00020046775810223855
归属记录,Free Papua Movement (OPM-Organisasi Papua Merdeka),2015,3,1.3064735713758067,0.43549119045860224,0,3,3,3.0,3,1.0,0.0,1.0,1.0,0.00020046775810223855
归属记录,Free Papua Movement (OPM-Organisasi Papua Merdeka),2016,1,0.7024427885705462,0.7024427885705462,0,1,1,4.0,0,,0.0,1.0,1.0,7.359976448075366e-05
归属记录,Free Papua Movement (OPM-Organisasi Papua Merdeka),2017,7,2.330097285605625,0.33287104080080354,0,7,5,2.0,5,3.0,0.0,1.0,0.7142857142857143,0.0006422018348623853
归属记录,Free Syrian Army,2015,17,10.574253634027997,0.6220149196487057,11,17,14,29.0,14,62.0,0.6470588235294118,1.0,0.8235294117647058,0.0011359839625793519
归属记录,Free Syrian Army,2016,42,14.51268916885821,0.34554021830614784,5,42,31,80.0,28,27.0,0.11904761904761904,1.0,0.7380952380952381,0.0030911901081916537
归属记录,Free Syrian Army,2017,9,4.738308772152171,0.5264787524613523,4,9,5,16.0,6,13.0,0.4444444444444444,1.0,0.5555555555555556,0.0008256880733944954
归属记录,Free and Democratic Society of Eastern Kurdistan (KODAR),2015,1,0.4650692899165504,0.4650692899165504,0,1,1,20.0,1,0.0,0.0,1.0,1.0,6.682258603407952e-05
归属记录,Freital Group,2015,3,2.0930563218918636,0.6976854406306212,2,3,3,0.0,3,1.0,0.6666666666666666,1.0,1.0,0.00020046775810223855
归属记录,Front for the Liberation of Cabinda / Cabinda Armed Forces (FLEC-FAC),2016,1,0.1923913707823858,0.1923913707823858,0,1,0,,0,,0.0,1.0,0.0,7.359976448075366e-05
归属记录,Front for the Liberation of Cabinda / Cabinda Armed Forces (FLEC-FAC),2017,4,1.43421827527522,0.358554568818805,0,4,2,6.0,1,6.0,0.0,1.0,0.5,0.0003669724770642202
归属记录,Front for the Restoration of Unity and Democracy,2017,1,0.2238380728728957,0.2238380728728957,0,1,0,,0,,0.0,1.0,0.0,9.174311926605505e-05
归属记录,Fulani extremists,2015,97,60.488903978567805,0.6235969482326578,54,95,96,572.0,38,141.0,0.5567010309278351,0.979381443298969,0.9896907216494846,0.006481790845305714
归属记录,Fulani extremists,2016,155,93.99608863821652,0.6064263783110744,96,155,135,819.0,93,129.0,0.6193548387096774,1.0,0.8709677419354839,0.011407963494516818
归属记录,Fulani extremists,2017,78,36.57842312494986,0.4689541426275623,13,78,71,340.0,53,62.0,0.16666666666666666,1.0,0.9102564102564102,0.007155963302752293
归属记录,Garo National Liberation Army,2015,24,8.756418107348715,0.36485075447286314,2,24,24,12.0,24,21.0,0.08333333333333333,1.0,1.0,0.0016037420648179084
归属记录,Garo National Liberation Army,2016,15,3.538926383590251,0.2359284255726834,1,15,13,5.0,12,3.0,0.06666666666666667,1.0,0.8666666666666667,0.001103996467211305
归属记录,Garo National Liberation Army,2017,8,2.3824484514547284,0.29780605643184105,0,8,7,2.0,7,8.0,0.0,1.0,0.875,0.0007339449541284404
归属记录,Gathering to Aid the Oppressed,2015,1,0.7903370044980478,0.7903370044980478,1,1,1,3.0,0,,1.0,1.0,1.0,6.682258603407952e-05
归属记录,Gbagbo Loyalists,2017,11,6.6335362203712895,0.6030487473064808,6,11,11,0.0,11,2.0,0.5454545454545454,1.0,1.0,0.0010091743119266055
归属记录,Ghniwah Militia,2016,1,0.1522362313581102,0.1522362313581102,0,1,0,,0,,0.0,1.0,0.0,7.359976448075366e-05
归属记录,Good Vision Party (India),2017,1,0.707649329101831,0.707649329101831,0,1,1,0.0,1,0.0,0.0,1.0,1.0,9.174311926605505e-05
归属记录,Gorkha Janmukti Morcha (GJM),2017,67,47.032292801503196,0.7019745194254209,36,67,67,0.0,65,19.0,0.5373134328358209,1.0,1.0,0.006146788990825688
归属记录,Gorkha Liberation Army (GLA),2017,9,4.667141947572437,0.5185713275080486,5,9,9,1.0,9,2.0,0.5555555555555556,1.0,1.0,0.0008256880733944954
归属记录,Government Supporters,2017,1,0.7333403688774236,0.7333403688774236,1,1,1,0.0,1,20.0,1.0,1.0,1.0,9.174311926605505e-05
归属记录,Group of Popular Fighters,2015,1,0.7210964950717563,0.7210964950717563,1,1,1,0.0,1,0.0,1.0,1.0,1.0,6.682258603407952e-05
归属记录,Group of Popular Fighters,2016,1,0.1720675334684088,0.1720675334684088,0,1,1,0.0,1,0.0,0.0,1.0,1.0,7.359976448075366e-05
归属记录,Group of Popular Fighters,2017,2,1.4296140080801147,0.7148070040400574,1,2,2,0.0,2,0.0,0.5,1.0,1.0,0.0001834862385321101
归属记录,Group of the Fatima Church Attack,2015,1,0.2169073395093602,0.2169073395093602,0,1,0,,0,,0.0,1.0,0.0,6.682258603407952e-05
归属记录,Groups of Martyr Baha Eleyan,2017,1,0.700650247837727,0.700650247837727,0,1,1,5.0,1,17.0,0.0,1.0,1.0,9.174311926605505e-05
归属记录,Gunib Group,2016,1,0.1590045639323287,0.1590045639323287,0,1,1,1.0,1,0.0,0.0,1.0,1.0,7.359976448075366e-05
归属记录,Hadramawt Province of the Islamic State,2015,7,3.6602314817724726,0.5228902116817818,3,7,7,40.0,6,30.0,0.42857142857142855,1.0,1.0,0.0004677581022385566
归属记录,Hadramawt Province of the Islamic State,2016,9,5.62907035329854,0.6254522614776156,6,9,9,93.0,9,98.0,0.6666666666666666,1.0,1.0,0.0006623978803267829
归属记录,Hadramawt Tribes Alliance,2015,1,0.1403157134774496,0.1403157134774496,0,1,0,,0,,0.0,1.0,0.0,6.682258603407952e-05
归属记录,Hafeez Brohi Group,2017,1,0.2768419527832572,0.2768419527832572,0,1,1,3.0,1,0.0,0.0,1.0,1.0,9.174311926605505e-05
归属记录,Haji Fateh,2016,1,0.269559219836663,0.269559219836663,0,1,1,0.0,1,0.0,0.0,1.0,1.0,7.359976448075366e-05
归属记录,Halqa-e-Mehsud,2015,12,5.46570426134228,0.45547535511185666,3,12,12,60.0,12,27.0,0.25,1.0,1.0,0.0008018710324089542
归属记录,Halqa-e-Mehsud,2016,10,4.5229619344151235,0.45229619344151234,0,10,8,8.0,8,14.0,0.0,1.0,0.8,0.0007359976448075366
归属记录,Hamas (Islamic Resistance Movement),2015,10,3.837660344193761,0.3837660344193761,0,10,10,4.0,10,27.0,0.0,1.0,1.0,0.0006682258603407952
归属记录,Hamas (Islamic Resistance Movement),2016,20,10.94942023149124,0.547471011574562,9,20,20,16.0,20,56.0,0.45,1.0,1.0,0.0014719952896150733
归属记录,Hamas (Islamic Resistance Movement),2017,2,0.6412904188647983,0.32064520943239916,0,2,2,3.0,2,0.0,0.0,1.0,1.0,0.0001834862385321101
归属记录,Haqqani Network,2015,6,1.8371519317455074,0.30619198862425123,1,6,6,23.0,6,64.0,0.16666666666666666,1.0,1.0,0.0004009355162044771
归属记录,Haqqani Network,2016,1,0.2051945276264409,0.2051945276264409,0,1,1,1.0,1,0.0,0.0,1.0,1.0,7.359976448075366e-05
归属记录,Haqqani Network,2017,8,2.1510149170926507,0.26887686463658134,1,8,8,20.0,8,20.0,0.125,1.0,1.0,0.0007339449541284404
归属记录,Harakat al-Nujaba,2016,1,0.7533122114004658,0.7533122114004658,1,1,1,0.0,1,0.0,1.0,1.0,1.0,7.359976448075366e-05
归属记录,Harkatul Jihad-e-Islami,2015,2,0.9665887041473586,0.4832943520736793,0,2,2,3.0,2,2.0,0.0,1.0,1.0,0.00013364517206815904
归属记录,Harkatul Jihad-e-Islami,2017,1,0.2618594559393209,0.2618594559393209,0,1,1,1.0,1,0.0,0.0,1.0,1.0,9.174311926605505e-05
归属记录,Hasam Movement,2016,8,3.3032806033890365,0.41291007542362956,2,8,8,9.0,8,13.0,0.25,1.0,1.0,0.0005887981158460292
归属记录,Hasam Movement,2017,8,4.489218757591366,0.5611523446989207,5,8,8,14.0,8,12.0,0.625,1.0,1.0,0.0007339449541284404
归属记录,Hay Andalus Defense Operations Room,2017,1,0.1612024526745911,0.1612024526745911,0,1,0,,0,,0.0,1.0,0.0,9.174311926605505e-05
归属记录,Hay'at Tahrir al-Sham,2017,40,21.03715544787541,0.5259288861968853,14,39,34,317.0,27,118.0,0.35,0.975,0.85,0.003669724770642202
归属记录,Hezbollah,2015,2,1.0281004019136633,0.5140502009568316,1,2,2,2.0,2,7.0,0.5,1.0,1.0,0.00013364517206815904
归属记录,Hezbollah,2016,3,2.3232321345074696,0.7744107115024899,2,3,3,4.0,1,2.0,0.6666666666666666,1.0,1.0,0.00022079929344226098
归属记录,Hezbollah,2017,2,0.6010572107858432,0.3005286053929216,0,2,1,3.0,1,0.0,0.0,1.0,0.5,0.0001834862385321101
归属记录,High Council for the Unity of Azawad (HCUA),2017,4,1.2033451429551225,0.30083628573878063,0,4,4,2.0,4,3.0,0.0,1.0,1.0,0.0003669724770642202
归属记录,Hijaz Province of the Islamic State,2015,2,1.5740044714330919,0.7870022357165459,2,2,2,18.0,2,21.0,1.0,1.0,1.0,0.00013364517206815904
归属记录,Hijaz Province of the Islamic State,2016,4,1.6625706224259154,0.41564265560647884,1,4,4,7.0,4,7.0,0.25,1.0,1.0,0.0002943990579230146
归属记录,Hindu Illaignar Sena,2015,1,0.2266232503371561,0.2266232503371561,0,1,1,0.0,1,0.0,0.0,1.0,1.0,6.682258603407952e-05
归属记录,Hindu Illaignar Sena,2016,1,0.6660086630899187,0.6660086630899187,0,1,1,0.0,1,0.0,0.0,1.0,1.0,7.359976448075366e-05
归属记录,Hindu Morcha Nepal,2015,4,2.0330480891455815,0.5082620222863954,2,4,4,0.0,4,2.0,0.5,1.0,1.0,0.00026729034413631807
归属记录,Hindu extremists,2016,3,1.2269573131503346,0.4089857710501115,1,3,3,0.0,3,5.0,0.3333333333333333,1.0,1.0,0.00022079929344226098
归属记录,Hindu extremists,2017,4,2.927599457259304,0.731899864314826,4,4,4,0.0,4,0.0,1.0,1.0,1.0,0.0003669724770642202
归属记录,Hizb al-Tahrir al-Islami (HT),2016,1,0.2184133010932207,0.2184133010932207,0,1,1,0.0,1,1.0,0.0,1.0,1.0,7.359976448075366e-05
归属记录,Hizb-I-Islami,2015,1,0.4918951351407155,0.4918951351407155,0,1,1,2.0,1,8.0,0.0,1.0,1.0,6.682258603407952e-05
归属记录,Hizb-I-Islami,2016,2,1.455652889282054,0.727826444641027,1,2,2,2.0,2,2.0,0.5,1.0,1.0,0.0001471995289615073
归属记录,Hizb-I-Islami,2017,1,0.2687231096519846,0.2687231096519846,0,1,0,,0,,0.0,1.0,0.0,9.174311926605505e-05
归属记录,Hizballah-Iraq,2017,1,0.7137232996311073,0.7137232996311073,0,1,1,0.0,1,0.0,0.0,1.0,1.0,9.174311926605505e-05
归属记录,Hizbul Mujahideen (HM),2015,12,4.409762832891736,0.3674802360743113,0,12,12,13.0,12,32.0,0.0,1.0,1.0,0.0008018710324089542
归属记录,Hizbul Mujahideen (HM),2016,16,7.349168734578165,0.4593230459111353,5,16,16,22.0,16,25.0,0.3125,1.0,1.0,0.0011775962316920585
归属记录,Hizbul Mujahideen (HM),2017,41,18.433755195580147,0.4496037852580524,9,41,41,29.0,41,44.0,0.21951219512195122,1.0,1.0,0.003761467889908257
归属记录,Hmar People's Convention-Democracy (HPC-D),2015,3,1.0774419964255568,0.3591473321418523,0,3,3,5.0,3,6.0,0.0,1.0,1.0,0.00020046775810223855
归属记录,Houthi extremists (Ansar Allah),2015,381,169.14857183934816,0.44395950614002144,90,361,308,1306.0,282,1935.0,0.23622047244094488,0.94750656167979,0.8083989501312336,0.0254594052789843
归属记录,Houthi extremists (Ansar Allah),2016,353,141.7285600592624,0.40149733727836373,73,343,317,857.0,293,728.0,0.20679886685552407,0.9716713881019831,0.8980169971671388,0.025980716861706044
归属记录,Houthi extremists (Ansar Allah),2017,158,67.32952819878213,0.4261362544226717,43,153,137,443.0,131,422.0,0.2721518987341772,0.9683544303797469,0.8670886075949367,0.014495412844036697
归属记录,Hutu extremists,2016,1,0.490891887552131,0.490891887552131,0,1,1,19.0,1,0.0,0.0,1.0,1.0,7.359976448075366e-05
归属记录,Hynniewtrep National Liberation Council (HNLC),2015,2,0.8449730017697235,0.4224865008848617,1,2,2,0.0,2,0.0,0.5,1.0,1.0,0.00013364517206815904
归属记录,Hynniewtrep National Liberation Council (HNLC),2016,1,0.1761575589864727,0.1761575589864727,0,1,1,0.0,1,0.0,0.0,1.0,1.0,7.359976448075366e-05
归属记录,Ijaw extremists,2016,10,6.476269513701851,0.6476269513701851,5,10,10,63.0,2,0.0,0.5,1.0,1.0,0.0007359976448075366
归属记录,Ijaw extremists,2017,2,0.6020441416835156,0.3010220708417578,0,2,1,1.0,1,0.0,0.0,1.0,0.5,0.0001834862385321101
归属记录,Imam Shamil Battalion,2017,2,1.1016620472061531,0.5508310236030766,1,2,2,16.0,2,63.0,0.5,1.0,1.0,0.0001834862385321101
归属记录,Incel extremists,2015,1,0.7240436094788805,0.7240436094788805,1,1,1,10.0,1,7.0,1.0,1.0,1.0,6.682258603407952e-05
归属记录,Indian Mujahideen,2017,1,0.2124351779074609,0.2124351779074609,0,1,1,0.0,1,0.0,0.0,1.0,1.0,9.174311926605505e-05
归属记录,Indigenous People of Biafra (IPOB),2017,4,1.953795827037971,0.48844895675949274,0,4,4,5.0,4,8.0,0.0,1.0,1.0,0.0003669724770642202
归属记录,Indigenous People's Front of Tripura (IPFT),2017,1,0.1637704129758609,0.1637704129758609,0,1,1,1.0,1,0.0,0.0,1.0,1.0,9.174311926605505e-05
归属记录,Individuals Tending Toward Savagery,2017,1,0.6842552458713127,0.6842552458713127,0,1,1,0.0,1,1.0,0.0,1.0,1.0,9.174311926605505e-05
归属记录,Informal Anarchist Federation,2015,1,0.7098731530317183,0.7098731530317183,0,1,1,0.0,1,0.0,0.0,1.0,1.0,6.682258603407952e-05
归属记录,Informal Anarchist Federation,2016,1,0.7188101079404446,0.7188101079404446,0,1,1,0.0,1,0.0,0.0,1.0,1.0,7.359976448075366e-05
归属记录,Informal Anarchist Federation,2017,1,0.2199173580143061,0.2199173580143061,0,1,1,0.0,1,0.0,0.0,1.0,1.0,9.174311926605505e-05
归属记录,Informal Feminist Commando for Anti-authoritarian Action,2017,1,0.7319083029793781,0.7319083029793781,1,1,1,0.0,1,0.0,1.0,1.0,1.0,9.174311926605505e-05
归属记录,International Revolutionary Front,2015,1,0.7197408550483965,0.7197408550483965,1,1,1,0.0,1,0.0,1.0,1.0,1.0,6.682258603407952e-05
归属记录,Irish National Liberation Army (INLA),2016,2,0.5010671094139084,0.2505335547069542,0,2,2,2.0,2,0.0,0.0,1.0,1.0,0.0001471995289615073
归属记录,Irrintzi,2017,1,0.663974440981415,0.663974440981415,0,1,1,0.0,1,0.0,0.0,1.0,1.0,9.174311926605505e-05
归属记录,Islamic Front (Syria),2015,19,13.766511749112974,0.7245532499533144,14,19,18,32.0,16,85.0,0.7368421052631579,1.0,0.9473684210526315,0.0012696291346475108
归属记录,Islamic Movement (Nigeria),2015,1,0.1725901049022049,0.1725901049022049,0,1,1,7.0,1,0.0,0.0,1.0,1.0,6.682258603407952e-05
归属记录,Islamic Movement for the Liberation of Raja,2016,2,1.2433261970794205,0.6216630985397102,1,2,2,84.0,2,5.0,0.5,1.0,1.0,0.0001471995289615073
归属记录,Islamic Movement of Uzbekistan (IMU),2015,1,0.7454226201951135,0.7454226201951135,1,1,1,3.0,1,28.0,1.0,1.0,1.0,6.682258603407952e-05
归属记录,Islamic State in Bangladesh,2015,10,4.134621587471636,0.4134621587471636,2,10,10,8.0,10,120.0,0.2,1.0,1.0,0.0006682258603407952
归属记录,Islamic State in Bangladesh,2016,21,6.610709088771434,0.3147956708938778,1,21,21,49.0,21,48.0,0.047619047619047616,1.0,1.0,0.0015455950540958269
归属记录,Islamic State in Bangladesh,2017,4,2.6361437783548443,0.6590359445887111,3,4,4,9.0,4,43.0,0.75,1.0,1.0,0.0003669724770642202
归属记录,Islamic State in Egypt,2015,6,3.2911983636407762,0.5485330606067961,3,6,6,5.0,6,51.0,0.5,1.0,1.0,0.0004009355162044771
归属记录,Islamic State in Egypt,2016,7,4.049688783598731,0.578526969085533,4,7,7,39.0,7,52.0,0.5714285714285714,1.0,1.0,0.0005151983513652757
归属记录,Islamic State in Egypt,2017,9,6.233230138515038,0.6925811265016709,6,9,8,98.0,9,165.0,0.6666666666666666,1.0,0.8888888888888888,0.0008256880733944954
归属记录,Islamic State in the Greater Sahara (ISGS),2016,4,1.8281021420271548,0.4570255355067887,0,4,4,14.0,4,8.0,0.0,1.0,1.0,0.0002943990579230146
归属记录,Islamic State in the Greater Sahara (ISGS),2017,4,2.6449053345781803,0.6612263336445451,2,4,4,61.0,4,34.0,0.5,1.0,1.0,0.0003669724770642202
归属记录,Islamic State of Iraq and the Levant (ISIL),2015,1221,632.9097819881506,0.5183536298019251,364,1215,1100,8461.0,985,7602.0,0.29811629811629814,0.995085995085995,0.9009009009009009,0.08159037754761109
归属记录,Islamic State of Iraq and the Levant (ISIL),2016,1454,752.3664555583107,0.5174459804390033,500,1447,1295,11690.0,1230,8617.0,0.343878954607978,0.9951856946354883,0.890646492434663,0.10701405755501582
归属记录,Islamic State of Iraq and the Levant (ISIL),2017,1315,588.4123061995055,0.4474618298095098,296,1312,1176,7053.0,1154,4207.0,0.22509505703422053,0.9977186311787072,0.8942965779467681,0.12064220183486239
归属记录,Israeli extremists,2015,11,4.681866256702997,0.4256242051548179,2,11,11,0.0,11,9.0,0.18181818181818182,1.0,1.0,0.0007350484463748748
归属记录,Israeli extremists,2016,2,0.9429059810655492,0.4714529905327746,0,2,2,0.0,2,1.0,0.0,1.0,1.0,0.0001471995289615073
归属记录,Israeli settlers,2015,11,6.407815575860421,0.5825286887145837,0,11,11,0.0,10,8.0,0.0,1.0,1.0,0.0007350484463748748
归属记录,Israeli settlers,2016,4,2.854100951521738,0.7135252378804345,1,4,4,0.0,4,2.0,0.25,1.0,1.0,0.0002943990579230146
归属记录,Israeli settlers,2017,4,2.408716164011534,0.6021790410028836,0,4,4,1.0,4,0.0,0.0,1.0,1.0,0.0003669724770642202
归属记录,Jabha East Africa,2016,5,2.425635152361054,0.48512703047221084,1,5,5,15.0,5,7.0,0.2,1.0,1.0,0.0003679988224037683
归属记录,Jabha East Africa,2017,12,5.922018936914746,0.49350157807622885,2,12,12,30.0,11,19.0,0.16666666666666666,1.0,1.0,0.0011009174311926607
归属记录,Jai Shri Ram Hindu Bhai Group,2015,1,0.7444156065847765,0.7444156065847765,1,1,1,0.0,1,0.0,1.0,1.0,1.0,6.682258603407952e-05
归属记录,Jaish al-Adl,2015,3,1.2734462498956334,0.4244820832985445,0,3,3,13.0,3,4.0,0.0,1.0,1.0,0.00020046775810223855
归属记录,Jaish al-Adl,2017,2,0.9675777632358238,0.4837888816179119,0,2,2,11.0,2,6.0,0.0,1.0,1.0,0.0001834862385321101
归属记录,Jaish al-Fatah (Syria),2015,7,2.957571514770602,0.4225102163958003,0,7,5,31.0,4,16.0,0.0,1.0,0.7142857142857143,0.0004677581022385566
归属记录,Jaish al-Fatah (Syria),2016,8,4.87630930398489,0.6095386629981112,4,8,8,16.0,8,111.0,0.5,1.0,1.0,0.0005887981158460292
归属记录,Jaish al-Mujahideen (Syria),2016,2,1.059724572151954,0.529862286075977,1,2,2,7.0,2,13.0,0.5,1.0,1.0,0.0001471995289615073
归属记录,Jaish al-Sunnah,2016,2,1.0886932875282385,0.5443466437641192,0,2,2,86.0,0,,0.0,1.0,1.0,0.0001471995289615073
归属记录,Jaish al-Umar (JaU),2016,1,0.2725686926805155,0.2725686926805155,0,1,1,1.0,1,0.0,0.0,1.0,1.0,7.359976448075366e-05
归属记录,Jaish-e-Islam,2015,5,2.1634694720266405,0.4326938944053281,1,5,5,8.0,5,10.0,0.2,1.0,1.0,0.0003341129301703976
归属记录,Jaish-e-Islam,2016,2,0.7343930497432236,0.3671965248716118,0,2,2,5.0,2,6.0,0.0,1.0,1.0,0.0001471995289615073
归属记录,Jaish-e-Mohammad (JeM),2015,3,1.7426298179314963,0.5808766059771654,1,3,3,14.0,3,6.0,0.3333333333333333,1.0,1.0,0.00020046775810223855
归属记录,Jaish-e-Mohammad (JeM),2016,3,1.3972757026662337,0.46575856755541123,0,3,3,19.0,3,8.0,0.0,1.0,1.0,0.00022079929344226098
归属记录,Jaish-e-Mohammad (JeM),2017,8,4.491875080188222,0.5614843850235277,1,8,8,31.0,8,47.0,0.125,1.0,1.0,0.0007339449541284404
归属记录,Jama'atul Mujahideen Bangladesh (JMB),2015,10,5.7622549388386926,0.5762254938838692,4,10,10,7.0,10,10.0,0.4,1.0,1.0,0.0006682258603407952
归属记录,Jama'atul Mujahideen Bangladesh (JMB),2016,1,0.2430713084066688,0.2430713084066688,0,1,1,2.0,1,1.0,0.0,1.0,1.0,7.359976448075366e-05
归属记录,Jama'atul Mujahideen Bangladesh (JMB),2017,3,1.1592066253420492,0.38640220844734974,1,3,3,1.0,3,0.0,0.3333333333333333,1.0,1.0,0.00027522935779816516
归属记录,Jamaah Ansharut Daulah,2015,1,0.1769973894114641,0.1769973894114641,0,1,1,0.0,1,0.0,0.0,1.0,1.0,6.682258603407952e-05
归属记录,Jamaah Ansharut Daulah,2016,5,3.4380168774596305,0.6876033754919261,3,5,5,11.0,5,32.0,0.6,1.0,1.0,0.0003679988224037683
归属记录,Jamaah Ansharut Daulah,2017,9,4.212149001084794,0.4680165556760882,3,9,9,16.0,9,16.0,0.3333333333333333,1.0,1.0,0.0008256880733944954
归属记录,Jamaat Nusrat al-Islam wal Muslimin (JNIM),2017,59,31.499148624985,0.5338838749997458,23,59,56,161.0,50,149.0,0.3898305084745763,1.0,0.9491525423728814,0.005412844036697248
归属记录,Jamaat-E-Islami (Bangladesh),2015,25,9.680065793587449,0.38720263174349795,2,25,25,27.0,25,79.0,0.08,1.0,1.0,0.001670564650851988
归属记录,Jamaat-E-Islami (Bangladesh),2016,4,1.065084580262314,0.2662711450655785,0,4,4,4.0,4,3.0,0.0,1.0,1.0,0.0002943990579230146
归属记录,Jamaat-ul-Ahrar,2015,6,3.2440706572076694,0.5406784428679449,3,6,5,16.0,5,49.0,0.5,1.0,0.8333333333333334,0.0004009355162044771
归属记录,Jammu and Kashmir Islamic Front,2016,1,0.3415320684120411,0.3415320684120411,0,1,1,0.0,1,3.0,0.0,1.0,1.0,7.359976448075366e-05
归属记录,Janatantrik Terai Mukti Morcha (JTMM),2016,3,0.8232472906500261,0.2744157635500087,0,3,3,0.0,3,4.0,0.0,1.0,1.0,0.00022079929344226098
归属记录,Janatantrik Terai Mukti Morcha- Goit (JTMM-G),2017,7,2.0497601739388926,0.2928228819912704,1,7,7,0.0,7,0.0,0.14285714285714285,1.0,1.0,0.0006422018348623853
归属记录,Janatantrik Tiger Janashakti Party,2016,1,0.253355814033381,0.253355814033381,0,1,1,1.0,1,0.0,0.0,1.0,1.0,7.359976448075366e-05
归属记录,Janjaweed,2015,66,35.70761960593417,0.5410245394838511,29,66,51,31.0,41,55.0,0.4393939393939394,1.0,0.7727272727272727,0.004410290678249248
归属记录,Janjaweed,2016,31,14.209105811238272,0.4583582519754281,9,31,13,17.0,15,50.0,0.2903225806451613,1.0,0.41935483870967744,0.0022815926989033634
归属记录,Janjaweed,2017,11,6.115521510648364,0.5559565009680331,5,11,8,5.0,8,6.0,0.45454545454545453,1.0,0.7272727272727273,0.0010091743119266055
归属记录,Jaysh al-Islam (Syria),2015,10,6.916974180162941,0.6916974180162941,7,10,9,49.0,8,30.0,0.7,1.0,0.9,0.0006682258603407952
归属记录,Jaysh al-Islam (Syria),2016,19,7.529891618000037,0.3963100851578967,2,19,19,89.0,18,62.0,0.10526315789473684,1.0,1.0,0.0013983955251343195
归属记录,Jaysh al-Islam (Syria),2017,2,1.3461986156208048,0.6730993078104024,1,2,2,155.0,2,55.0,0.5,1.0,1.0,0.0001834862385321101
归属记录,Jemaah Islamiya (JI),2017,1,0.1660881864570587,0.1660881864570587,0,1,1,0.0,1,0.0,0.0,1.0,1.0,9.174311926605505e-05
归属记录,Jewish Extremists,2015,1,0.4602999276604514,0.4602999276604514,0,1,1,1.0,1,5.0,0.0,1.0,1.0,6.682258603407952e-05
归属记录,Jharkhand Janmukti Parishad (JJP),2015,1,0.3035622143741807,0.3035622143741807,0,1,1,0.0,1,2.0,0.0,1.0,1.0,6.682258603407952e-05
归属记录,Jharkhand Janmukti Parishad (JJP),2016,1,0.1468609865398784,0.1468609865398784,0,1,1,0.0,1,0.0,0.0,1.0,1.0,7.359976448075366e-05
归属记录,Jharkhand Janmukti Parishad (JJP),2017,2,1.4196929405256957,0.7098464702628479,1,2,2,0.0,2,0.0,0.5,1.0,1.0,0.0001834862385321101
归属记录,Jharkhand Kranti Raksha Dal (Utari Chotanagpur),2016,1,0.6834178365142247,0.6834178365142247,0,1,1,0.0,1,3.0,0.0,1.0,1.0,7.359976448075366e-05
归属记录,Jharkhand Liberation Tigers (JLT),2017,1,0.6875862746394845,0.6875862746394845,0,1,1,0.0,1,0.0,0.0,1.0,1.0,9.174311926605505e-05
归属记录,Jharkhand Prastuti Committee (JPC),2016,2,1.026845444773206,0.513422722386603,0,2,2,2.0,1,1.0,0.0,1.0,1.0,0.0001471995289615073
归属记录,Jharkhand Prastuti Committee (JPC),2017,1,0.2464506464423971,0.2464506464423971,0,1,1,0.0,1,0.0,0.0,1.0,1.0,9.174311926605505e-05
归属记录,Jharkhand Sangharsh Jan Mukti Morcha,2015,1,0.7074363275692811,0.7074363275692811,0,1,1,0.0,0,,0.0,1.0,1.0,6.682258603407952e-05
归属记录,Jharkhand Sangharsh Jan Mukti Morcha,2017,1,0.6837418345804522,0.6837418345804522,0,1,1,0.0,1,0.0,0.0,1.0,1.0,9.174311926605505e-05
归属记录,Jihadi-inspired extremists,2015,13,5.44044916557029,0.41849608965925306,4,13,13,31.0,13,38.0,0.3076923076923077,1.0,1.0,0.0008686936184430338
归属记录,Jihadi-inspired extremists,2016,36,13.852530993181082,0.3847925275883634,8,35,36,166.0,36,625.0,0.2222222222222222,0.9722222222222222,1.0,0.0026495915213071318
归属记录,Jihadi-inspired extremists,2017,27,11.149896318923812,0.41295912292310416,2,27,27,43.0,27,120.0,0.07407407407407407,1.0,1.0,0.002477064220183486
归属记录,Jordanian extremists,2017,1,0.3035870299636592,0.3035870299636592,0,1,1,1.0,1,2.0,0.0,1.0,1.0,9.174311926605505e-05
归属记录,Jund al-Aqsa,2016,5,1.2143843127696838,0.24287686255393676,0,5,4,21.0,4,30.0,0.0,1.0,0.8,0.0003679988224037683
归属记录,Jund al-Khilafah (Tunisia),2015,6,3.6358288153239444,0.6059714692206574,3,6,6,84.0,6,102.0,0.5,1.0,1.0,0.0004009355162044771
归属记录,Jund al-Khilafah (Tunisia),2016,2,0.7442544371171126,0.3721272185585563,0,2,2,4.0,2,0.0,0.0,1.0,1.0,0.0001471995289615073
归属记录,Jund al-Khilafah (Tunisia),2017,2,0.6234739121569398,0.3117369560784699,0,2,2,4.0,2,3.0,0.0,1.0,1.0,0.0001834862385321101
归属记录,Jund al-Sham for Tawhid and Jihad,2015,2,0.9553168032397363,0.47765840161986817,0,2,2,4.0,2,13.0,0.0,1.0,1.0,0.00013364517206815904
归属记录,Jundallah (Pakistan),2015,3,2.4173012246193206,0.8057670748731068,3,3,3,89.0,3,98.0,1.0,1.0,1.0,0.00020046775810223855
归属记录,Jundallah (Pakistan),2016,1,0.1761575589864727,0.1761575589864727,0,1,1,0.0,1,0.0,0.0,1.0,1.0,7.359976448075366e-05
归属记录,Jundul Khilafah (Philippines),2016,2,1.0707586894272785,0.5353793447136392,1,2,2,22.0,2,52.0,0.5,1.0,1.0,0.0001471995289615073
归属记录,Justice and Equality Movement (JEM),2016,3,1.7931721496334971,0.5977240498778323,2,2,1,0.0,1,0.0,0.6666666666666666,0.6666666666666666,0.3333333333333333,0.00022079929344226098
归属记录,Justicieros de la Frontera,2017,1,0.7117688267093728,0.7117688267093728,0,1,1,0.0,1,1.0,0.0,1.0,1.0,9.174311926605505e-05
归属记录,Kachin Independence Army (KIA),2015,9,6.356940551283536,0.7063267279203929,7,8,9,2.0,9,6.0,0.7777777777777778,0.8888888888888888,1.0,0.0006014032743067157
归属记录,Kachin Independence Army (KIA),2016,12,6.402458283894731,0.533538190324561,5,12,11,11.0,9,1.0,0.4166666666666667,1.0,0.9166666666666666,0.0008831971737690439
归属记录,Kachin Independence Army (KIA),2017,4,0.8347959320224094,0.20869898300560236,0,4,4,2.0,4,0.0,0.0,1.0,1.0,0.0003669724770642202
归属记录,Kamtapur Liberation Organization (KLO),2015,1,0.2124351779074609,0.2124351779074609,0,1,1,1.0,1,0.0,0.0,1.0,1.0,6.682258603407952e-05
归属记录,Kamwina Nsapu Militia,2016,2,0.9193788050868295,0.4596894025434147,0,2,2,49.0,0,,0.0,1.0,1.0,0.0001471995289615073
归属记录,Kamwina Nsapu Militia,2017,19,9.612433880730263,0.5059175726700138,6,19,13,142.0,12,14.0,0.3157894736842105,1.0,0.6842105263157895,0.0017431192660550458
归属记录,Kangleipak Communist Party (KCP),2016,3,0.699523488965973,0.23317449632199103,0,3,2,1.0,2,2.0,0.0,1.0,0.6666666666666666,0.00022079929344226098
归属记录,Kangleipak Communist Party (KCP),2017,2,1.1891444408584155,0.5945722204292078,0,2,2,0.0,2,10.0,0.0,1.0,1.0,0.0001834862385321101
归属记录,Kani Brigade,2016,1,0.2727095878516467,0.2727095878516467,0,1,1,1.0,1,0.0,0.0,1.0,1.0,7.359976448075366e-05
归属记录,Kani Brigade,2017,3,1.0278088367058662,0.3426029455686221,0,3,3,5.0,3,2.0,0.0,1.0,1.0,0.00027522935779816516
归属记录,Karbi People's Liberation Tigers (KPLT),2017,1,0.1404590597730964,0.1404590597730964,0,1,1,0.0,1,0.0,0.0,1.0,1.0,9.174311926605505e-05
归属记录,Kata'ib Hezbollah,2015,1,0.7055399772469357,0.7055399772469357,0,1,1,0.0,1,0.0,0.0,1.0,1.0,6.682258603407952e-05
归属记录,Kata'ib Hezbollah,2016,1,0.8508339152445417,0.8508339152445417,1,1,1,49.0,1,600.0,1.0,1.0,1.0,7.359976448075366e-05
归属记录,Kata'ib Hezbollah,2017,2,0.4452985442217306,0.2226492721108653,0,2,2,0.0,2,0.0,0.0,1.0,1.0,0.0001834862385321101
归属记录,Kata'ib al-Imam Ali,2015,1,0.2916877819533842,0.2916877819533842,0,1,1,0.0,1,0.0,0.0,1.0,1.0,6.682258603407952e-05
归属记录,Kazakhstan Liberation Army,2016,3,1.6468126782031671,0.5489375594010557,1,3,3,10.0,3,11.0,0.3333333333333333,1.0,1.0,0.00022079929344226098
归属记录,Khaled Ibn al-Walid Army,2016,1,0.2488235212943943,0.2488235212943943,0,1,1,4.0,1,0.0,0.0,1.0,1.0,7.359976448075366e-05
归属记录,Khaled Ibn al-Walid Army,2017,1,0.5342184758314177,0.5342184758314177,0,1,1,24.0,1,0.0,0.0,1.0,1.0,9.174311926605505e-05
归属记录,Khalistan Liberation Force,2016,3,0.6095064222170923,0.20316880740569743,0,3,3,1.0,3,1.0,0.0,1.0,1.0,0.00022079929344226098
归属记录,Khalistan Liberation Force,2017,4,1.1726477193284628,0.2931619298321157,0,4,4,5.0,4,0.0,0.0,1.0,1.0,0.0003669724770642202
归属记录,Kharkiv Partisans,2015,2,1.4694736190753992,0.7347368095376996,2,2,2,4.0,2,9.0,1.0,1.0,1.0,0.00013364517206815904
归属记录,Khasi Students Union,2017,8,5.23432462506816,0.65429057813352,5,8,8,0.0,8,0.0,0.625,1.0,1.0,0.0007339449541284404
归属记录,Khorasan Chapter of the Islamic State,2015,78,33.04783104850989,0.4236901416475627,15,77,75,314.0,71,257.0,0.19230769230769232,0.9871794871794872,0.9615384615384616,0.005212161710658202
归属记录,Khorasan Chapter of the Islamic State,2016,88,44.82995369903479,0.5094312920344862,30,88,87,696.0,85,871.0,0.3409090909090909,1.0,0.9886363636363636,0.006476779274306322
归属记录,Khorasan Chapter of the Islamic State,2017,175,86.96523434303516,0.49694419624591524,57,175,164,1045.0,162,1777.0,0.32571428571428573,1.0,0.9371428571428572,0.016055045871559634
归属记录,Kilafah Islamic Movement,2015,2,1.1374298601299082,0.5687149300649541,1,2,2,3.0,2,9.0,0.5,1.0,1.0,0.00013364517206815904
归属记录,Kizilyurtovskiy Group,2016,1,0.1590045639323287,0.1590045639323287,0,1,1,3.0,1,0.0,0.0,1.0,1.0,7.359976448075366e-05
归属记录,Kosovo Liberation Army (KLA),2015,2,0.9667139187071893,0.48335695935359463,1,2,2,0.0,2,1.0,0.5,1.0,1.0,0.00013364517206815904
归属记录,Kouweikhat Group,2015,1,0.7269614962305132,0.7269614962305132,1,1,1,1.0,1,0.0,1.0,1.0,1.0,6.682258603407952e-05
归属记录,Ku Klux Klan,2017,3,2.0279481931489785,0.6759827310496594,0,3,3,0.0,3,0.0,0.0,1.0,1.0,0.00027522935779816516
归属记录,Kuki Independent Organization (KIO/KIA),2016,1,0.6758314102721363,0.6758314102721363,0,1,1,0.0,1,0.0,0.0,1.0,1.0,7.359976448075366e-05
归属记录,Kuki National Front (KNF),2015,1,0.2624656810279326,0.2624656810279326,0,1,0,,0,,0.0,1.0,0.0,6.682258603407952e-05
归属记录,Kuki National Front (KNF),2016,4,0.6289971919754197,0.15724929799385493,0,4,3,0.0,3,0.0,0.0,1.0,0.75,0.0002943990579230146
归属记录,Kuki National Front (KNF),2017,1,0.4340520700323667,0.4340520700323667,0,1,1,2.0,1,0.0,0.0,1.0,1.0,9.174311926605505e-05
归属记录,Kuki Revolutionary Army (KRA),2015,3,0.6923404221370484,0.23078014071234945,0,3,2,2.0,2,1.0,0.0,1.0,0.6666666666666666,0.00020046775810223855
归属记录,Kuki Tribal Militants,2015,3,1.5404871272937957,0.5134957090979319,0,3,1,0.0,1,0.0,0.0,1.0,0.3333333333333333,0.00020046775810223855
归属记录,Kuki Unification Frontal Organization (KUFO),2016,1,0.2900026641970455,0.2900026641970455,0,1,1,1.0,1,1.0,0.0,1.0,1.0,7.359976448075366e-05
归属记录,Kurdish Democratic Party-Iraq (KDP),2016,1,0.1939821821158548,0.1939821821158548,0,1,1,1.0,1,0.0,0.0,1.0,1.0,7.359976448075366e-05
归属记录,Kurdish Militants,2017,2,1.577391650534493,0.7886958252672465,2,2,2,0.0,2,0.0,1.0,1.0,1.0,0.0001834862385321101
归属记录,Kurdistan Free Life Party,2016,3,1.260371130298824,0.420123710099608,0,3,2,4.0,2,3.0,0.0,1.0,0.6666666666666666,0.00022079929344226098
归属记录,Kurdistan Freedom Hawks (TAK),2015,1,0.7503597823072681,0.7503597823072681,1,1,1,1.0,1,1.0,1.0,1.0,1.0,6.682258603407952e-05
归属记录,Kurdistan Freedom Hawks (TAK),2016,13,10.577778403326782,0.8136752617943679,13,13,13,151.0,12,494.0,1.0,1.0,1.0,0.0009567969382497976
归属记录,Kurdistan Freedom Hawks (TAK),2017,1,0.7840985482263861,0.7840985482263861,1,1,1,4.0,1,6.0,1.0,1.0,1.0,9.174311926605505e-05
归属记录,Kurdistan Workers' Party (PKK),2015,336,159.50304241003192,0.47471143574414265,98,332,330,319.0,327,595.0,0.2916666666666667,0.9880952380952381,0.9821428571428571,0.02245238890745072
归属记录,Kurdistan Workers' Party (PKK),2016,363,192.59577136758352,0.53056686327158,138,363,361,584.0,359,1540.0,0.38016528925619836,1.0,0.9944903581267218,0.02671671450651358
归属记录,Kurdistan Workers' Party (PKK),2017,156,70.86396581370067,0.4542561911134659,37,153,154,179.0,153,246.0,0.23717948717948717,0.9807692307692307,0.9871794871794872,0.014311926605504587
归属记录,Lahij Province of the Islamic State,2015,2,1.6394811440075436,0.8197405720037718,2,2,2,20.0,2,40.0,1.0,1.0,1.0,0.00013364517206815904
归属记录,Lahij Province of the Islamic State,2016,1,0.4026255182569523,0.4026255182569523,0,1,1,3.0,1,1.0,0.0,1.0,1.0,7.359976448075366e-05
归属记录,Lama Group,2015,1,0.1266579443422755,0.1266579443422755,0,1,1,0.0,1,0.0,0.0,1.0,1.0,6.682258603407952e-05
归属记录,Lashkar-e-Balochistan,2015,10,5.349008426590383,0.5349008426590383,5,9,10,0.0,10,0.0,0.5,0.9,1.0,0.0006682258603407952
归属记录,Lashkar-e-Balochistan,2016,5,1.753183983108383,0.3506367966216766,1,5,5,0.0,5,4.0,0.2,1.0,1.0,0.0003679988224037683
归属记录,Lashkar-e-Balochistan,2017,1,0.7417675706119136,0.7417675706119136,1,1,1,0.0,1,3.0,1.0,1.0,1.0,9.174311926605505e-05
归属记录,Lashkar-e-Islam (India),2015,13,5.6912173739605665,0.4377859518431205,4,13,13,4.0,13,8.0,0.3076923076923077,1.0,1.0,0.0008686936184430338
归属记录,Lashkar-e-Islam (Pakistan),2015,8,5.2924282341265885,0.6615535292658236,4,8,8,35.0,8,18.0,0.5,1.0,1.0,0.0005345806882726361
归属记录,Lashkar-e-Islam (Pakistan),2016,6,3.026458500123044,0.5044097500205074,2,6,6,36.0,6,85.0,0.3333333333333333,1.0,1.0,0.00044159858688452196
归属记录,Lashkar-e-Islam (Pakistan),2017,5,3.2527627054405377,0.6505525410881076,4,5,5,13.0,5,11.0,0.8,1.0,1.0,0.00045871559633027525
归属记录,Lashkar-e-Jhangvi,2015,14,7.507900166824324,0.5362785833445946,3,14,14,96.0,14,122.0,0.21428571428571427,1.0,1.0,0.0009355162044771133
归属记录,Lashkar-e-Jhangvi,2016,21,10.420096505441302,0.49619507168768107,6,21,21,107.0,21,197.0,0.2857142857142857,1.0,1.0,0.0015455950540958269
归属记录,Lashkar-e-Jhangvi,2017,14,8.015201893133623,0.572514420938116,4,14,14,119.0,14,367.0,0.2857142857142857,1.0,1.0,0.0012844036697247706
归属记录,Lashkar-e-Taiba (LeT),2015,14,7.189756403256289,0.5135540288040207,6,14,14,26.0,14,48.0,0.42857142857142855,1.0,1.0,0.0009355162044771133
归属记录,Lashkar-e-Taiba (LeT),2016,16,9.084840195815856,0.567802512238491,5,16,16,66.0,15,74.0,0.3125,1.0,1.0,0.0011775962316920585
归属记录,Lashkar-e-Taiba (LeT),2017,32,12.766286260025696,0.398946445625803,4,32,32,56.0,32,74.0,0.125,1.0,1.0,0.0029357798165137615
归属记录,League of Damascus for Special Tasks,2016,1,0.7953349688559025,0.7953349688559025,1,1,1,0.0,0,,1.0,1.0,1.0,7.359976448075366e-05
归属记录,Left-wing extremists,2015,1,0.6681616754359964,0.6681616754359964,0,1,1,0.0,1,0.0,0.0,1.0,1.0,6.682258603407952e-05
归属记录,Left-wing extremists,2016,3,1.9467692150517764,0.6489230716839255,0,3,3,0.0,3,0.0,0.0,1.0,1.0,0.00022079929344226098
归属记录,Left-wing extremists,2017,1,0.66104478721048,0.66104478721048,0,1,1,0.0,1,0.0,0.0,1.0,1.0,9.174311926605505e-05
归属记录,Lekagak Tenggamati,2015,1,0.4825984582671975,0.4825984582671975,0,1,1,3.0,1,2.0,0.0,1.0,1.0,6.682258603407952e-05
归属记录,Lekagak Tenggamati,2016,1,0.4103812259352775,0.4103812259352775,0,1,1,6.0,1,0.0,0.0,1.0,1.0,7.359976448075366e-05
归属记录,Les Casseurs,2016,1,0.6626188009580551,0.6626188009580551,0,1,1,0.0,1,0.0,0.0,1.0,1.0,7.359976448075366e-05
归属记录,Liberal Democratic Council for Missing Land,2017,1,0.2673346391086724,0.2673346391086724,0,1,1,1.0,1,0.0,0.0,1.0,1.0,9.174311926605505e-05
归属记录,Liberation Front for English-speaking Cameroon,2017,1,0.755617394004076,0.755617394004076,1,1,1,0.0,1,3.0,1.0,1.0,1.0,9.174311926605505e-05
归属记录,Liberation of Achik Elite Force (LAEF),2016,1,0.1280103947032315,0.1280103947032315,0,1,0,,0,,0.0,1.0,0.0,7.359976448075366e-05
归属记录,Libya Revolutionaries Operations Room (LROR),2017,1,0.716424934639909,0.716424934639909,0,1,1,0.0,1,0.0,0.0,1.0,1.0,9.174311926605505e-05
归属记录,"Lone Wolves of Radical, Autonomous, Militant National Socialism",2016,1,0.663974440981415,0.663974440981415,0,1,1,0.0,1,0.0,0.0,1.0,1.0,7.359976448075366e-05
归属记录,Lord's Resistance Army (LRA),2015,24,11.871042434005304,0.4946267680835543,5,23,9,34.0,8,6.0,0.20833333333333334,0.9583333333333334,0.375,0.0016037420648179084
归属记录,Lord's Resistance Army (LRA),2016,28,16.94666208646222,0.6052379316593649,11,25,17,5.0,14,1.0,0.39285714285714285,0.8928571428571429,0.6071428571428571,0.0020607934054611026
归属记录,Lord's Resistance Army (LRA),2017,15,8.888277137568842,0.5925518091712562,1,15,7,10.0,6,2.0,0.06666666666666667,1.0,0.4666666666666667,0.0013761467889908258
归属记录,Loyalists,2015,11,3.280562197759755,0.2982329270690686,1,11,11,1.0,11,5.0,0.09090909090909091,1.0,1.0,0.0007350484463748748
归属记录,Loyalists,2016,1,0.2210389478582231,0.2210389478582231,0,1,1,0.0,1,1.0,0.0,1.0,1.0,7.359976448075366e-05
归属记录,Loyalists,2017,5,3.498646799952864,0.6997293599905727,0,5,5,0.0,5,0.0,0.0,1.0,1.0,0.00045871559633027525
归属记录,Luhansk People's Republic,2015,96,39.66359966550091,0.41316249651563447,27,96,87,77.0,88,84.0,0.28125,1.0,0.90625,0.006414968259271634
归属记录,Luhansk People's Republic,2016,2,0.2926649497810273,0.14633247489051365,0,2,2,0.0,2,1.0,0.0,1.0,1.0,0.0001471995289615073
归属记录,Luhansk People's Republic,2017,1,0.1512909034697219,0.1512909034697219,0,1,1,0.0,1,1.0,0.0,1.0,1.0,9.174311926605505e-05
归属记录,M23,2017,1,0.4649404204540618,0.4649404204540618,0,1,1,3.0,0,,0.0,1.0,1.0,9.174311926605505e-05
归属记录,Ma'sadat al-Mujahideen,2016,2,1.6232034911617985,0.8116017455808993,2,2,2,0.0,2,100.0,1.0,1.0,1.0,0.0001471995289615073
归属记录,Macina Liberation Front (FLM),2015,9,5.036679555736325,0.5596310617484805,4,9,9,13.0,9,11.0,0.4444444444444444,1.0,1.0,0.0006014032743067157
归属记录,Macina Liberation Front (FLM),2016,4,2.6587240650605364,0.6646810162651341,2,4,3,11.0,3,4.0,0.5,1.0,0.75,0.0002943990579230146
归属记录,Macina Liberation Front (FLM),2017,1,0.7247536911400109,0.7247536911400109,1,1,0,,0,,1.0,1.0,0.0,9.174311926605505e-05
归属记录,Madhesi Mukti Tigers (MMT),2015,1,0.2460006622809545,0.2460006622809545,0,1,1,0.0,1,1.0,0.0,1.0,1.0,6.682258603407952e-05
归属记录,Magahat Militia,2015,2,1.116107535787818,0.558053767893909,0,2,2,3.0,2,0.0,0.0,1.0,1.0,0.00013364517206815904
归属记录,Mai Mai Charles Militia,2017,3,1.0415538608106014,0.3471846202702005,1,3,1,0.0,1,0.0,0.3333333333333333,1.0,0.3333333333333333,0.00027522935779816516
归属记录,Mai Mai Karakara Militia,2016,1,0.1528348823861078,0.1528348823861078,0,1,1,0.0,1,0.0,0.0,1.0,1.0,7.359976448075366e-05
归属记录,Mai Mai Malaika Militia,2017,2,0.5083331117572532,0.2541665558786266,0,2,0,,0,,0.0,1.0,0.0,0.0001834862385321101
归属记录,Mai Mai Manu Militia,2016,1,0.722853921298865,0.722853921298865,1,1,1,0.0,1,1.0,1.0,1.0,1.0,7.359976448075366e-05
归属记录,Mai Mai Mazembe Militia,2016,6,2.6547267217176445,0.4424544536196074,1,6,5,61.0,5,20.0,0.16666666666666666,1.0,0.8333333333333334,0.00044159858688452196
归属记录,Mai Mai Mazembe Militia,2017,5,2.9925581145129336,0.5985116229025867,2,5,5,47.0,5,9.0,0.4,1.0,1.0,0.00045871559633027525
归属记录,Mai Mai Simba Militia,2015,3,2.0170069327142683,0.6723356442380894,2,3,3,2.0,3,4.0,0.6666666666666666,1.0,1.0,0.00020046775810223855
归属记录,Mai Mai Simba Militia,2016,2,0.6136455989920977,0.30682279949604885,0,2,1,0.0,1,2.0,0.0,1.0,0.5,0.0001471995289615073
归属记录,Mai Mai Simba Militia,2017,4,2.6052834229447557,0.6513208557361889,2,4,4,19.0,3,0.0,0.5,1.0,1.0,0.0003669724770642202
归属记录,Mai Mai Yakutumba Militia,2017,3,0.5465465998407437,0.18218219994691456,0,3,3,0.0,3,0.0,0.0,1.0,1.0,0.00027522935779816516
归属记录,Majlis-e-Askari,2015,1,0.5830894188505955,0.5830894188505955,0,1,1,7.0,1,3.0,0.0,1.0,1.0,6.682258603407952e-05
归属记录,Makhachkala Gang,2015,1,0.1319873705372188,0.1319873705372188,0,1,1,0.0,1,0.0,0.0,1.0,1.0,6.682258603407952e-05
归属记录,Manipur Naga People's Army (MNPA),2015,1,0.7460639687531858,0.7460639687531858,1,1,1,0.0,1,0.0,1.0,1.0,1.0,6.682258603407952e-05
归属记录,Manipur Naga People's Army (MNPA),2016,5,2.7851097318174185,0.5570219463634837,3,5,5,0.0,5,0.0,0.6,1.0,1.0,0.0003679988224037683
归属记录,Manipur Naga People's Army (MNPA),2017,1,0.1468609865398784,0.1468609865398784,0,1,1,0.0,1,0.0,0.0,1.0,1.0,9.174311926605505e-05
归属记录,Maoist Communist Party (MKP),2015,1,0.6680123497822654,0.6680123497822654,0,1,1,0.0,1,2.0,0.0,1.0,1.0,6.682258603407952e-05
归属记录,Maoist Communist Party of Manipur,2016,2,1.4288334272710654,0.7144167136355327,1,2,2,0.0,2,0.0,0.5,1.0,1.0,0.0001471995289615073
归属记录,Maoists,2015,274,103.42110161707572,0.3774492759747289,23,274,267,92.0,263,119.0,0.08394160583941605,1.0,0.9744525547445255,0.01830938857333779
归属记录,Maoists,2016,267,81.06214384942206,0.303603535016562,15,267,259,134.0,253,119.0,0.056179775280898875,1.0,0.9700374531835206,0.01965113711636123
归属记录,Maoists,2017,206,75.64881781414188,0.3672272709424363,25,206,200,121.0,194,165.0,0.12135922330097088,1.0,0.970873786407767,0.01889908256880734
归属记录,Mapuche Ancestral Resistance (RAM),2017,2,1.3791974616940834,0.6895987308470417,0,2,2,0.0,2,0.0,0.0,1.0,1.0,0.0001834862385321101
归属记录,Mapuche activists,2016,7,4.4516414860716615,0.6359487837245231,0,6,7,2.0,7,2.0,0.0,0.8571428571428571,1.0,0.0005151983513652757
归属记录,Mapuche activists,2017,5,3.567759363658875,0.713551872731775,2,4,5,0.0,5,1.0,0.4,0.8,1.0,0.00045871559633027525
归属记录,Mariscal Lopez Army (EML),2016,1,0.1153816171635601,0.1153816171635601,0,0,0,,0,,0.0,0.0,0.0,7.359976448075366e-05
归属记录,Martyr al-Nimr Battalion,2016,1,0.1583037424569853,0.1583037424569853,0,1,1,0.0,1,0.0,0.0,1.0,1.0,7.359976448075366e-05
归属记录,Marwan Al-Qawasimi and Amir Abu-Ayshah Group,2015,1,0.7553440585184952,0.7553440585184952,1,1,1,0.0,1,0.0,1.0,1.0,1.0,6.682258603407952e-05
归属记录,Maute Group,2015,1,0.2543338691802759,0.2543338691802759,0,1,1,1.0,1,0.0,0.0,1.0,1.0,6.682258603407952e-05
归属记录,Maute Group,2016,14,4.887903481872296,0.3491359629908783,2,14,14,15.0,14,13.0,0.14285714285714285,1.0,1.0,0.0010303967027305513
归属记录,Maute Group,2017,16,6.340025890637436,0.3962516181648397,0,16,15,27.0,14,9.0,0.0,1.0,0.9375,0.0014678899082568807
归属记录,Mayi Mayi,2016,12,4.6341456640660414,0.3861788053388368,3,12,11,22.0,10,2.0,0.25,1.0,0.9166666666666666,0.0008831971737690439
归属记录,Mayi Mayi,2017,23,10.213818370976393,0.44407905960766925,6,23,17,57.0,16,10.0,0.2608695652173913,1.0,0.7391304347826086,0.002110091743119266
归属记录,Medfaiyah Wal-Sewarigh Brigade,2015,1,0.2926162176507713,0.2926162176507713,0,1,1,0.0,1,0.0,0.0,1.0,1.0,6.682258603407952e-05
归属记录,Minorities of Metropolitan Attacks,2017,2,1.2710177283940096,0.6355088641970048,0,2,2,0.0,2,1.0,0.0,1.0,1.0,0.0001834862385321101
归属记录,Misanthropic Division,2017,1,0.1664752392784267,0.1664752392784267,0,1,1,0.0,1,1.0,0.0,1.0,1.0,9.174311926605505e-05
归属记录,Misrata Brigades,2015,3,0.8996782938977967,0.2998927646325989,0,3,2,4.0,1,1.0,0.0,1.0,0.6666666666666666,0.00020046775810223855
归属记录,Misrata Brigades,2016,2,0.4444814362263816,0.2222407181131908,0,2,2,0.0,2,0.0,0.0,1.0,1.0,0.0001471995289615073
归属记录,Misrata Brigades,2017,1,0.7666287721773702,0.7666287721773702,1,1,1,141.0,0,,1.0,1.0,1.0,9.174311926605505e-05
归属记录,Misseriya Arab Tribesmen,2015,1,0.7263604282190793,0.7263604282190793,1,1,1,3.0,1,0.0,1.0,1.0,1.0,6.682258603407952e-05
归属记录,Misurata Rebels,2017,1,0.7484126426377957,0.7484126426377957,1,1,1,0.0,1,0.0,1.0,1.0,1.0,9.174311926605505e-05
归属记录,Moran Tiger Force (MTF),2016,2,0.3978135129805732,0.1989067564902866,0,2,2,0.0,2,1.0,0.0,1.0,1.0,0.0001471995289615073
归属记录,Moro Ghuraba,2015,1,0.2316383727818273,0.2316383727818273,0,1,1,0.0,1,2.0,0.0,1.0,1.0,6.682258603407952e-05
归属记录,Moro Islamic Liberation Front (MILF),2015,6,1.8249350421155695,0.3041558403525949,0,6,5,7.0,5,12.0,0.0,1.0,0.8333333333333334,0.0004009355162044771
归属记录,Moro Islamic Liberation Front (MILF),2016,3,0.781730254491338,0.2605767514971127,0,3,3,1.0,3,3.0,0.0,1.0,1.0,0.00022079929344226098
归属记录,Moro Islamic Liberation Front (MILF),2017,3,1.7187923398713476,0.5729307799571158,2,3,3,0.0,3,17.0,0.6666666666666666,1.0,1.0,0.00027522935779816516
归属记录,Moro National Liberation Front (MNLF),2015,2,0.5389531531780789,0.26947657658903945,0,2,2,1.0,2,7.0,0.0,1.0,1.0,0.00013364517206815904
归属记录,Moro National Liberation Front (MNLF),2017,1,0.6960017015378597,0.6960017015378597,0,1,1,0.0,1,0.0,0.0,1.0,1.0,9.174311926605505e-05
归属记录,Movement for Oneness and Jihad in West Africa (MUJAO),2015,7,3.0650725547240674,0.43786750781772393,1,6,6,6.0,6,5.0,0.14285714285714285,0.8571428571428571,0.8571428571428571,0.0004677581022385566
归属记录,Movement for Oneness and Jihad in West Africa (MUJAO),2016,2,0.6000983734101143,0.30004918670505715,0,2,2,3.0,1,1.0,0.0,1.0,1.0,0.0001471995289615073
归属记录,Movement for Oneness and Jihad in West Africa (MUJAO),2017,1,0.4579531021009353,0.4579531021009353,0,1,1,6.0,1,0.0,0.0,1.0,1.0,9.174311926605505e-05
归属记录,Movement for the Emancipation of the Niger Delta (MEND),2016,4,3.0888743639946856,0.7722185909986714,4,4,4,0.0,4,0.0,1.0,1.0,1.0,0.0002943990579230146
归属记录,Movement for the Restoration of the Independence of Southern Cameroons,2017,2,0.9536884275717794,0.4768442137858897,1,2,2,0.0,2,0.0,0.5,1.0,1.0,0.0001834862385321101
归属记录,Movement of Democratic Forces of Casamance,2015,2,0.7040133825804504,0.3520066912902252,0,2,1,0.0,2,4.0,0.0,1.0,0.5,0.00013364517206815904
归属记录,Mozambique Liberation Front (FRELIMO),2016,3,1.2404590367543138,0.41348634558477126,0,3,3,4.0,3,3.0,0.0,1.0,1.0,0.00022079929344226098
归属记录,Mozambique National Resistance Movement (MNR),2015,4,0.7224321000193474,0.18060802500483686,0,4,3,0.0,3,0.0,0.0,1.0,0.75,0.00026729034413631807
归属记录,Mozambique National Resistance Movement (MNR),2016,65,34.00602951185419,0.5231696847977567,25,62,63,52.0,62,78.0,0.38461538461538464,0.9538461538461539,0.9692307692307692,0.004783984691248988
归属记录,Mozambique National Resistance Movement (MNR),2017,2,0.6681894132454298,0.3340947066227149,0,2,2,2.0,2,1.0,0.0,1.0,1.0,0.0001834862385321101
归属记录,Mujahidin Indonesia Timur (MIT),2015,8,2.1458794855276326,0.2682349356909541,0,8,8,11.0,8,0.0,0.0,1.0,1.0,0.0005345806882726361
归属记录,Mujahidin Indonesia Timur (MIT),2017,1,0.2654269356427483,0.2654269356427483,0,1,1,1.0,1,0.0,0.0,1.0,1.0,9.174311926605505e-05
归属记录,Mukhtar Army,2015,1,0.7939525269075798,0.7939525269075798,1,1,1,23.0,1,24.0,1.0,1.0,1.0,6.682258603407952e-05
归属记录,Murle Tribe,2015,6,2.743838578173981,0.4573064296956635,0,6,4,21.0,3,1.0,0.0,1.0,0.6666666666666666,0.0004009355162044771
归属记录,Murle Tribe,2016,15,10.609716724735854,0.7073144483157237,11,15,15,306.0,13,109.0,0.7333333333333333,1.0,1.0,0.001103996467211305
归属记录,Murle Tribe,2017,5,2.867362572107984,0.5734725144215969,1,5,5,41.0,1,2.0,0.2,1.0,1.0,0.00045871559633027525
归属记录,Muslim Brotherhood,2015,7,3.019116933438325,0.4313024190626179,1,7,7,5.0,7,14.0,0.14285714285714285,1.0,1.0,0.0004677581022385566
归属记录,Muslim Brotherhood,2016,3,0.8817813167155655,0.29392710557185514,0,3,3,3.0,3,5.0,0.0,1.0,1.0,0.00022079929344226098
归属记录,Muslim extremists,2015,131,61.78558404347005,0.47164567972114546,41,127,122,170.0,115,466.0,0.31297709923664124,0.9694656488549618,0.9312977099236641,0.008753758770464417
归属记录,Muslim extremists,2016,79,38.614562336026225,0.48879192830412943,25,77,78,110.0,73,146.0,0.31645569620253167,0.9746835443037974,0.9873417721518988,0.0058143813939795395
归属记录,Muslim extremists,2017,69,29.129979227232706,0.4221736119888798,16,67,66,140.0,65,261.0,0.2318840579710145,0.9710144927536232,0.9565217391304348,0.006330275229357798
归属记录,Mutassim Billah Gaddafi Battalion,2015,1,0.2133804226679354,0.2133804226679354,0,1,0,,0,,0.0,1.0,0.0,6.682258603407952e-05
归属记录,Muttahida Qami Movement (MQM),2016,3,2.225312512408098,0.741770837469366,3,3,3,0.0,3,2.0,1.0,1.0,1.0,0.00022079929344226098
归属记录,Muttahida Qami Movement (MQM),2017,1,0.3648400677497925,0.3648400677497925,0,1,1,2.0,1,0.0,0.0,1.0,1.0,9.174311926605505e-05
归属记录,Naga extremists,2017,2,0.666005898040398,0.333002949020199,0,2,2,1.0,2,1.0,0.0,1.0,1.0,0.0001834862385321101
归属记录,Najd Province of the Islamic State,2015,5,3.2303739630565143,0.6460747926113029,3,5,5,58.0,5,333.0,0.6,1.0,1.0,0.0003341129301703976
归属记录,Najd Province of the Islamic State,2016,3,1.8033955083244402,0.6011318361081467,2,3,3,2.0,3,0.0,0.6666666666666666,1.0,1.0,0.00022079929344226098
归属记录,Najd Province of the Islamic State,2017,1,0.2426609133461227,0.2426609133461227,0,1,1,0.0,1,0.0,0.0,1.0,1.0,9.174311926605505e-05
归属记录,Nalut Group,2017,1,0.7450374512086492,0.7450374512086492,1,1,1,0.0,1,0.0,1.0,1.0,1.0,9.174311926605505e-05
归属记录,National Council for Revival and Democracy (CNRD),2017,2,1.4899336941681567,0.7449668470840783,2,2,2,26.0,2,0.0,1.0,1.0,1.0,0.0001834862385321101
归属记录,National Democratic Alliance (NDA),2016,1,0.5067495092873258,0.5067495092873258,0,1,1,2.0,1,3.0,0.0,1.0,1.0,7.359976448075366e-05
归属记录,National Democratic Alliance Army (NDAA-ESSA),2015,8,5.935505552640965,0.7419381940801206,6,8,8,52.0,8,86.0,0.75,1.0,1.0,0.0005345806882726361
归属记录,National Democratic Alliance Army (NDAA-ESSA),2016,1,0.2427653419750276,0.2427653419750276,0,1,0,,0,,0.0,1.0,0.0,7.359976448075366e-05
归属记录,National Democratic Alliance Army (NDAA-ESSA),2017,2,1.5846167165560932,0.7923083582780466,2,2,2,31.0,0,,1.0,1.0,1.0,0.0001834862385321101
归属记录,National Democratic Front of Bodoland (NDFB),2015,5,0.947079034199692,0.1894158068399384,0,5,5,1.0,5,2.0,0.0,1.0,1.0,0.0003341129301703976
归属记录,National Democratic Front of Bodoland (NDFB),2016,6,1.56498206375562,0.26083034395927,1,6,5,15.0,4,26.0,0.16666666666666666,1.0,0.8333333333333334,0.00044159858688452196
归属记录,National Democratic Front of Bodoland (NDFB),2017,2,0.2622976030377396,0.1311488015188698,0,2,2,0.0,2,0.0,0.0,1.0,1.0,0.0001834862385321101
归属记录,National Liberation Army of Colombia (ELN),2015,44,18.64480322769225,0.4237455279020966,9,43,42,50.0,41,56.0,0.20454545454545456,0.9772727272727273,0.9545454545454546,0.002940193785499499
归属记录,National Liberation Army of Colombia (ELN),2016,83,37.315549375898726,0.44958493223974366,24,82,82,36.0,82,52.0,0.2891566265060241,0.9879518072289156,0.9879518072289156,0.006108780451902554
归属记录,National Liberation Army of Colombia (ELN),2017,59,30.181672768555497,0.5115537757382288,22,52,58,41.0,57,60.0,0.3728813559322034,0.8813559322033898,0.9830508474576272,0.005412844036697248
归属记录,National Liberation Front (Ecuador),2015,1,0.7446271677100924,0.7446271677100924,1,1,1,0.0,1,0.0,1.0,1.0,1.0,6.682258603407952e-05
归属记录,National Liberation Front (FNL) (Burundi),2016,1,0.1550639899694528,0.1550639899694528,0,1,1,0.0,1,0.0,0.0,1.0,1.0,7.359976448075366e-05
归属记录,National Liberation Front of Tripura (NLFT),2015,1,0.2638218585187989,0.2638218585187989,0,1,0,,0,,0.0,1.0,0.0,6.682258603407952e-05
归属记录,National Movement of Revolutionaries (MNR),2017,6,4.193448453162731,0.6989080755271219,5,6,6,22.0,6,10.0,0.8333333333333334,1.0,1.0,0.0005504587155963303
归属记录,National Revolutionary Front of Manipur (NRFM),2016,1,0.2803430933248783,0.2803430933248783,0,1,1,0.0,1,1.0,0.0,1.0,1.0,7.359976448075366e-05
归属记录,National Socialist Council of Nagaland-Isak-Muivah (NSCN-IM),2015,9,4.074094366093539,0.45267715178817103,1,9,7,1.0,7,8.0,0.1111111111111111,1.0,0.7777777777777778,0.0006014032743067157
归属记录,National Socialist Council of Nagaland-Isak-Muivah (NSCN-IM),2016,16,6.124193457196425,0.38276209107477654,2,16,16,6.0,16,25.0,0.125,1.0,1.0,0.0011775962316920585
归属记录,National Socialist Council of Nagaland-Isak-Muivah (NSCN-IM),2017,8,3.7996394366400743,0.4749549295800093,2,8,8,4.0,8,5.0,0.25,1.0,1.0,0.0007339449541284404
归属记录,National Socialist Council of Nagaland-Khaplang (NSCN-K),2015,26,8.606332724770976,0.331012797106576,2,26,24,32.0,24,46.0,0.07692307692307693,1.0,0.9230769230769231,0.0017373872368860676
归属记录,National Socialist Council of Nagaland-Khaplang (NSCN-K),2016,7,3.573817052749347,0.5105452932499067,3,7,6,6.0,6,12.0,0.42857142857142855,1.0,0.8571428571428571,0.0005151983513652757
归属记录,National Socialist Council of Nagaland-Khaplang (NSCN-K),2017,7,1.524622087662081,0.2178031553802973,0,7,6,3.0,6,2.0,0.0,1.0,0.8571428571428571,0.0006422018348623853
归属记录,National Socialist Council of Nagaland-Khole-Kitovi (NSCN-KK),2015,1,0.1041565610744128,0.1041565610744128,0,1,1,0.0,1,0.0,0.0,1.0,1.0,6.682258603407952e-05
归属记录,National Socialist Council of Nagaland-Reformation (NSCN-R),2017,2,0.3970759444268906,0.1985379722134453,0,2,2,1.0,2,1.0,0.0,1.0,1.0,0.0001834862385321101
归属记录,National Socialist Council of Nagaland-Unification (NSCN-U),2016,1,0.2638218585187989,0.2638218585187989,0,1,1,0.0,0,,0.0,1.0,1.0,7.359976448075366e-05
归属记录,National Union for the Total Independence of Angola (UNITA),2017,1,0.5005881377311049,0.5005881377311049,0,1,1,0.0,1,405.0,0.0,1.0,1.0,9.174311926605505e-05
归属记录,Nawasi Brigade,2017,1,0.1569411396709013,0.1569411396709013,0,1,1,0.0,1,0.0,0.0,1.0,1.0,9.174311926605505e-05
归属记录,Nazhdak,2017,1,0.7260887620553014,0.7260887620553014,1,1,1,0.0,1,0.0,1.0,1.0,1.0,9.174311926605505e-05
归属记录,Nduma Defense of Congo (NDC),2015,1,0.2842107562717355,0.2842107562717355,0,1,0,,0,,0.0,1.0,0.0,6.682258603407952e-05
归属记录,Neo-Fascists,2017,3,1.1760284958891947,0.39200949862973156,1,3,3,1.0,3,2.0,0.3333333333333333,1.0,1.0,0.00027522935779816516
归属记录,Neo-Nazi extremists,2015,1,0.663974440981415,0.663974440981415,0,1,1,0.0,1,0.0,0.0,1.0,1.0,6.682258603407952e-05
归属记录,Neo-Nazi extremists,2016,5,2.043874011556883,0.40877480231137664,0,5,5,1.0,5,5.0,0.0,1.0,1.0,0.0003679988224037683
归属记录,Neo-Nazi extremists,2017,6,3.0162011195244594,0.5027001865874099,0,6,6,1.0,6,19.0,0.0,1.0,1.0,0.0005504587155963303
归属记录,Nepali Congress Party (NC),2017,1,0.6933452964390862,0.6933452964390862,0,1,1,0.0,1,0.0,0.0,1.0,1.0,9.174311926605505e-05
归属记录,New Indigenous People's Army,2016,1,0.4758960790212613,0.4758960790212613,0,1,1,1.0,1,7.0,0.0,1.0,1.0,7.359976448075366e-05
归属记录,New People's Army (NPA),2015,322,124.98883471453723,0.38816408296440136,38,322,317,198.0,312,298.0,0.11801242236024845,1.0,0.984472049689441,0.021516872702973606
归属记录,New People's Army (NPA),2016,172,70.16689106252707,0.4079470410612039,25,171,167,99.0,167,101.0,0.14534883720930233,0.9941860465116279,0.9709302325581395,0.01265915949068963
归属记录,New People's Army (NPA),2017,358,153.0387372164455,0.42748250619118855,48,358,344,197.0,339,269.0,0.1340782122905028,1.0,0.9608938547486033,0.032844036697247704
归属记录,Niger Delta Avengers (NDA),2016,49,39.063662178842314,0.7972175954865779,48,49,49,6.0,48,2.0,0.9795918367346939,1.0,1.0,0.0036063884595569293
归属记录,Niger Delta Avengers (NDA),2017,1,0.778758963494818,0.778758963494818,1,1,1,0.0,1,0.0,1.0,1.0,1.0,9.174311926605505e-05
归属记录,Niger Delta Forest Army (NDFA),2017,1,0.2978625736751288,0.2978625736751288,0,1,1,0.0,1,0.0,0.0,1.0,1.0,9.174311926605505e-05
归属记录,Niger Delta Greenland Justice Mandate (NDGJM),2016,11,8.587173576803352,0.7806521433457593,10,11,11,0.0,11,0.0,0.9090909090909091,1.0,1.0,0.0008095974092882902
归属记录,Niger Delta Justice Defense Group (NDJDG),2016,1,0.778758963494818,0.778758963494818,1,1,1,0.0,1,0.0,1.0,1.0,1.0,7.359976448075366e-05
归属记录,Niger Delta extremists,2016,1,0.1446696236471542,0.1446696236471542,0,1,0,,0,,0.0,1.0,0.0,7.359976448075366e-05
归属记录,Niger Delta extremists,2017,3,1.881013968216389,0.6270046560721297,1,3,3,5.0,2,0.0,0.3333333333333333,1.0,1.0,0.00027522935779816516
归属记录,Nihilistic Patrol and Neighborhood Arsonists,2015,1,0.663974440981415,0.663974440981415,0,1,1,0.0,1,0.0,0.0,1.0,1.0,6.682258603407952e-05
归属记录,Nikhil Bharat Bangali Udbastu Samannay Samiti (NBBUSS),2017,1,0.6782660227683281,0.6782660227683281,0,1,1,0.0,1,0.0,0.0,1.0,1.0,9.174311926605505e-05
归属记录,No Borders Group,2016,1,0.663974440981415,0.663974440981415,0,1,1,0.0,0,,0.0,1.0,1.0,7.359976448075366e-05
归属记录,Nordic Resistance Movement,2016,1,0.7197408550483965,0.7197408550483965,1,1,1,0.0,1,0.0,1.0,1.0,1.0,7.359976448075366e-05
归属记录,Nordic Resistance Movement,2017,2,0.4400262415352564,0.2200131207676282,0,2,2,0.0,2,1.0,0.0,1.0,1.0,0.0001834862385321101
归属记录,Nuer White Army,2016,1,0.4236766251355771,0.4236766251355771,0,1,1,5.0,1,0.0,0.0,1.0,1.0,7.359976448075366e-05
归属记录,Nuer White Army,2017,1,0.7237023723051572,0.7237023723051572,1,1,1,19.0,1,20.0,1.0,1.0,1.0,9.174311926605505e-05
归属记录,Nur-al-Din al-Zinki Movement,2016,7,4.9169039122098726,0.7024148446014103,5,7,7,66.0,6,136.0,0.7142857142857143,1.0,1.0,0.0005151983513652757
归属记录,Nyatura Militia,2015,3,0.9447970243768741,0.31493234145895804,0,3,1,5.0,2,1.0,0.0,1.0,0.3333333333333333,0.00020046775810223855
归属记录,Nyatura Militia,2016,11,4.2905941817010085,0.3900540165182735,3,11,10,12.0,10,7.0,0.2727272727272727,1.0,0.9090909090909091,0.0008095974092882902
归属记录,Nyatura Militia,2017,11,4.922181489601192,0.4474710445091992,3,11,9,15.0,10,13.0,0.2727272727272727,1.0,0.8181818181818182,0.0010091743119266055
归属记录,Odessa Underground,2015,2,1.4665918701899308,0.7332959350949654,2,2,2,0.0,2,0.0,1.0,1.0,1.0,0.00013364517206815904
归属记录,Oglaigh na hEireann,2015,7,2.2856732268799926,0.3265247466971418,2,7,7,0.0,7,1.0,0.2857142857142857,1.0,1.0,0.0004677581022385566
归属记录,Oglaigh na hEireann,2016,2,0.3477415596773811,0.17387077983869054,0,2,2,0.0,2,2.0,0.0,1.0,1.0,0.0001471995289615073
归属记录,Oglaigh na hEireann,2017,4,0.8311938771082553,0.20779846927706383,0,4,4,0.0,4,3.0,0.0,1.0,1.0,0.0003669724770642202
归属记录,Okba Ibn Nafaa Brigade,2015,6,2.6949427974220734,0.4491571329036789,1,6,6,16.0,6,13.0,0.16666666666666666,1.0,1.0,0.0004009355162044771
归属记录,Okba Ibn Nafaa Brigade,2016,3,1.8698744425257445,0.6232914808419149,2,3,3,6.0,3,8.0,0.6666666666666666,1.0,1.0,0.00022079929344226098
归属记录,Omar Mukhtar Militia,2016,1,0.1964976280671793,0.1964976280671793,0,1,0,,0,,0.0,1.0,0.0,7.359976448075366e-05
归属记录,Opponents of disabled people,2016,1,0.7573420479339339,0.7573420479339339,1,1,1,19.0,1,26.0,1.0,1.0,1.0,7.359976448075366e-05
归属记录,Organization for Revolutionary Self Defense,2016,2,1.3877905031485591,0.6938952515742796,0,2,2,0.0,2,1.0,0.0,1.0,1.0,0.0001471995289615073
归属记录,Organization for Revolutionary Self Defense,2017,2,0.8271317077400046,0.4135658538700023,0,2,2,0.0,2,1.0,0.0,1.0,1.0,0.0001834862385321101
归属记录,Pagan Sect of the Mountain,2015,9,4.349661823758146,0.4832957581953496,4,9,9,0.0,9,0.0,0.4444444444444444,1.0,1.0,0.0006014032743067157
归属记录,Pakistani People's Party (PPP),2015,1,0.3669522456250269,0.3669522456250269,0,1,1,1.0,1,2.0,0.0,1.0,1.0,6.682258603407952e-05
归属记录,Pakistani People's Party (PPP),2017,1,0.3859314732687857,0.3859314732687857,0,1,1,0.0,1,3.0,0.0,1.0,1.0,9.174311926605505e-05
归属记录,Palestinian Extremists,2015,185,55.47813733224614,0.2998818234175467,11,184,185,108.0,185,252.0,0.05945945945945946,0.9945945945945946,1.0,0.012362178416304711
归属记录,Palestinian Extremists,2016,133,38.93040504806271,0.29270981239144894,15,133,133,79.0,133,115.0,0.11278195488721804,1.0,1.0,0.009788768675940238
归属记录,Palestinian Extremists,2017,52,14.486354942210728,0.2785837488886678,3,52,52,29.0,52,50.0,0.057692307692307696,1.0,1.0,0.0047706422018348625
归属记录,Palestinian Islamic Jihad (PIJ),2015,3,0.979039484049868,0.3263464946832893,0,3,3,5.0,3,3.0,0.0,1.0,1.0,0.00020046775810223855
归属记录,Palestinian Islamic Jihad (PIJ),2017,1,0.2323120159963993,0.2323120159963993,0,1,1,2.0,1,0.0,0.0,1.0,1.0,9.174311926605505e-05
归属记录,Paraguayan People's Army (EPP),2015,18,8.138874490695994,0.4521596939275552,3,17,18,14.0,18,0.0,0.16666666666666666,0.9444444444444444,1.0,0.0012028065486134314
归属记录,Paraguayan People's Army (EPP),2016,11,4.597901632599944,0.41799105750908583,1,11,11,9.0,11,0.0,0.09090909090909091,1.0,1.0,0.0008095974092882902
归属记录,Paraguayan People's Army (EPP),2017,9,3.874004440959811,0.43044493788442345,0,9,9,4.0,9,0.0,0.0,1.0,1.0,0.0008256880733944954
归属记录,Parbatya Chattagram Jana Sanghati Samity (PCJSS) - Bangladesh,2016,1,0.1329115485941461,0.1329115485941461,0,1,0,,0,,0.0,1.0,0.0,7.359976448075366e-05
归属记录,Parbatya Chattagram Jana Sanghati Samity (PCJSS) - Bangladesh,2017,1,0.2992700689497388,0.2992700689497388,0,1,1,1.0,1,2.0,0.0,1.0,1.0,9.174311926605505e-05
归属记录,Partido Marxista-Leninista ng Pilipinas (PMLP),2016,1,0.246040291223668,0.246040291223668,0,1,1,1.0,1,0.0,0.0,1.0,1.0,7.359976448075366e-05
归属记录,Patria Grande Ejercito del Pueblo,2017,1,0.274065152447932,0.274065152447932,0,1,1,1.0,1,0.0,0.0,1.0,1.0,9.174311926605505e-05
归属记录,Patriotic Europeans against the Islamization of the West (PEGIDA),2015,1,0.2228465415191919,0.2228465415191919,0,1,1,0.0,1,0.0,0.0,1.0,1.0,6.682258603407952e-05
归属记录,Patriotic Europeans against the Islamization of the West (PEGIDA),2016,2,1.5278161673024266,0.7639080836512133,2,2,2,0.0,2,0.0,1.0,1.0,1.0,0.0001471995289615073
归属记录,Patriotic Ginbot 7 Movement for Unity and Democracy (PGMUD),2015,2,0.9933170276410401,0.49665851382052006,1,2,1,19.0,1,20.0,0.5,1.0,0.5,0.00013364517206815904
归属记录,Patriotic Ginbot 7 Movement for Unity and Democracy (PGMUD),2016,1,0.2216706956989532,0.2216706956989532,0,1,0,,0,,0.0,1.0,0.0,7.359976448075366e-05
归属记录,Patriotic Ginbot 7 Movement for Unity and Democracy (PGMUD),2017,8,4.865991321091834,0.6082489151364793,1,7,7,7.0,7,9.0,0.125,0.875,0.875,0.0007339449541284404
归属记录,Patriotic Resistance Front in Ituri (FRPI),2015,14,8.560257254376118,0.6114469467411513,7,14,14,2.0,13,22.0,0.5,1.0,1.0,0.0009355162044771133
归属记录,Patriotic Resistance Front in Ituri (FRPI),2016,15,7.977864286356064,0.5318576190904042,1,13,11,4.0,15,14.0,0.06666666666666667,0.8666666666666667,0.7333333333333333,0.001103996467211305
归属记录,Patriotic Resistance Front in Ituri (FRPI),2017,7,4.193643404326438,0.5990919149037769,5,7,6,4.0,6,3.0,0.7142857142857143,1.0,0.8571428571428571,0.0006422018348623853
归属记录,Pattani United Liberation Organization (PULO),2015,15,9.089941670932836,0.6059961113955225,10,15,15,0.0,15,0.0,0.6666666666666666,1.0,1.0,0.0010023387905111927
归属记录,Pattani United Liberation Organization (PULO),2016,1,0.2056446748533366,0.2056446748533366,0,1,1,0.0,1,0.0,0.0,1.0,1.0,7.359976448075366e-05
归属记录,Peace at Home Council,2016,20,8.951515475140777,0.44757577375703883,4,19,20,77.0,18,13.0,0.2,0.95,1.0,0.0014719952896150733
归属记录,People's Defense Unit (Turkey),2015,1,0.7414408774956549,0.7414408774956549,1,1,1,1.0,1,3.0,1.0,1.0,1.0,6.682258603407952e-05
归属记录,People's Democratic Party (PDP),2016,1,0.7228745150490938,0.7228745150490938,1,1,1,0.0,1,0.0,1.0,1.0,1.0,7.359976448075366e-05
归属记录,People's Liberation Army (India),2015,17,5.728485484013415,0.3369697343537303,2,17,17,8.0,16,6.0,0.11764705882352941,1.0,1.0,0.0011359839625793519
归属记录,People's Liberation Army (India),2016,3,1.2654130283551037,0.4218043427850346,1,3,3,0.0,3,3.0,0.3333333333333333,1.0,1.0,0.00022079929344226098
归属记录,People's Liberation Army (India),2017,8,3.419735519819747,0.4274669399774684,1,8,8,11.0,7,20.0,0.125,1.0,1.0,0.0007339449541284404
归属记录,People's Liberation Front of India,2015,5,3.1750267934926857,0.6350053586985371,4,5,5,0.0,5,1.0,0.8,1.0,1.0,0.0003341129301703976
归属记录,People's Liberation Front of India,2016,12,5.778392397379447,0.48153269978162055,3,12,12,21.0,11,8.0,0.25,1.0,1.0,0.0008831971737690439
归属记录,People's Liberation Front of India,2017,12,6.29970773852568,0.52497564487714,2,12,12,7.0,10,2.0,0.16666666666666666,1.0,1.0,0.0011009174311926607
归属记录,People's Protection Units (YPG),2016,2,0.6524339712223816,0.3262169856111908,0,2,0,,0,,0.0,1.0,0.0,0.0001471995289615073
归属记录,People's Protection Units (YPG),2017,2,0.6088495122826184,0.3044247561413092,0,2,2,0.0,2,0.0,0.0,1.0,1.0,0.0001834862385321101
归属记录,People's Revolutionary Movement (MRP),2017,2,1.4765670616075166,0.7382835308037583,2,2,2,3.0,2,17.0,1.0,1.0,1.0,0.0001834862385321101
归属记录,People's Revolutionary Party of Kangleipak (PREPAK),2016,6,2.567980917610492,0.4279968196017487,2,6,6,2.0,6,1.0,0.3333333333333333,1.0,1.0,0.00044159858688452196
归属记录,People's Revolutionary Party of Kangleipak (PREPAK),2017,3,1.8870056095835794,0.6290018698611931,1,3,3,0.0,3,6.0,0.3333333333333333,1.0,1.0,0.00027522935779816516
归属记录,People's Revolutionary Party of Kangleipak-Progressive (PREPAK-P),2015,4,1.6541866151111708,0.4135466537777927,1,4,4,0.0,4,6.0,0.25,1.0,1.0,0.00026729034413631807
归属记录,People's Revolutionary Party of Kangleipak-Progressive (PREPAK-P),2016,1,0.7447069031094096,0.7447069031094096,1,1,1,0.0,1,1.0,1.0,1.0,1.0,7.359976448075366e-05
归属记录,Peoples' United Revolutionary Movement (HBDH),2016,1,0.3792579729254507,0.3792579729254507,0,1,1,1.0,1,2.0,0.0,1.0,1.0,7.359976448075366e-05
归属记录,Pokot extremists,2017,1,0.3131225650773268,0.3131225650773268,0,1,1,0.0,1,2.0,0.0,1.0,1.0,9.174311926605505e-05
归属记录,Popular Front for the Liberation of Palestine (PFLP),2015,2,1.128634451791625,0.5643172258958125,0,2,2,1.0,2,3.0,0.0,1.0,1.0,0.00013364517206815904
归属记录,Popular Front for the Liberation of Palestine (PFLP),2016,1,0.7626620313372772,0.7626620313372772,1,1,1,0.0,1,0.0,1.0,1.0,1.0,7.359976448075366e-05
归属记录,Popular Front for the Liberation of Palestine (PFLP),2017,2,0.7511240627968494,0.3755620313984247,0,2,2,4.0,2,4.0,0.0,1.0,1.0,0.0001834862385321101
归属记录,Popular Front for the Renaissance of the Central African Republic (FPRC),2016,2,0.9347334208997293,0.46736671044986466,1,2,2,85.0,2,76.0,0.5,1.0,1.0,0.0001471995289615073
归属记录,Popular Front for the Renaissance of the Central African Republic (FPRC),2017,4,1.568567532080519,0.39214188302012976,1,4,4,43.0,4,47.0,0.25,1.0,1.0,0.0003669724770642202
归属记录,Popular Liberation Army (EPL),2016,4,1.2680450385049162,0.31701125962622906,0,4,4,6.0,4,5.0,0.0,1.0,1.0,0.0002943990579230146
归属记录,Popular Liberation Army (EPL),2017,9,2.6426586975995074,0.29362874417772306,1,9,9,2.0,9,2.0,0.1111111111111111,1.0,1.0,0.0008256880733944954
归属记录,Popular Mobilization Forces (Iraq),2016,4,2.6981445068670724,0.6745361267167681,3,4,3,0.0,3,0.0,0.75,1.0,0.75,0.0002943990579230146
归属记录,Popular Resistance Committees,2017,2,0.4432062978904632,0.2216031489452316,0,2,2,0.0,2,0.0,0.0,1.0,1.0,0.0001834862385321101
归属记录,Popular Resistance Committees (Yemen),2015,22,8.54400477421851,0.38836385337356866,1,22,18,99.0,13,42.0,0.045454545454545456,1.0,0.8181818181818182,0.0014700968927497495
归属记录,Popular Resistance Committees (Yemen),2016,3,1.8174140399434984,0.6058046799811662,2,3,3,2.0,3,4.0,0.6666666666666666,1.0,1.0,0.00022079929344226098
归属记录,Popular Resistance Movement (Egypt),2015,14,8.21143649060398,0.5865311779002843,5,14,14,4.0,14,15.0,0.35714285714285715,1.0,1.0,0.0009355162044771133
归属记录,Pragatishil Tarai Mukti Morcha,2017,1,0.7431289683832896,0.7431289683832896,1,1,1,0.0,1,4.0,1.0,1.0,1.0,9.174311926605505e-05
归属记录,Pro Hartal Activists,2015,89,44.81477726149807,0.5035368231628997,30,89,89,5.0,89,152.0,0.33707865168539325,1.0,1.0,0.005947210157033077
归属记录,Pro-Government extremists,2017,5,1.4946560806646332,0.2989312161329266,0,5,5,4.0,5,0.0,0.0,1.0,1.0,0.00045871559633027525
归属记录,Pro-LGBT Rights extremists,2017,1,0.6747862488890367,0.6747862488890367,0,1,1,0.0,1,0.0,0.0,1.0,1.0,9.174311926605505e-05
归属记录,Pro-Russia Militia,2015,4,2.2038149638930324,0.5509537409732581,2,3,3,0.0,3,13.0,0.5,0.75,0.75,0.00026729034413631807
归属记录,Pro-Russia Militia,2016,1,0.7242152399520746,0.7242152399520746,1,1,1,0.0,1,0.0,1.0,1.0,1.0,7.359976448075366e-05
归属记录,Pro-Russia Militia,2017,4,2.3391072925669656,0.5847768231417414,2,4,4,2.0,4,2.0,0.5,1.0,1.0,0.0003669724770642202
归属记录,Provisional National Government of Vietnam,2017,2,0.8047913239031184,0.4023956619515592,0,2,2,0.0,2,0.0,0.0,1.0,1.0,0.0001834862385321101
归属记录,Puratchi Puligal,2015,1,0.6875862746394845,0.6875862746394845,0,1,1,0.0,1,0.0,0.0,1.0,1.0,6.682258603407952e-05
归属记录,Qaddafi loyalists,2015,1,0.2234921266597678,0.2234921266597678,0,1,1,0.0,1,0.0,0.0,1.0,1.0,6.682258603407952e-05
归属记录,Qaddafi loyalists,2016,1,0.2920962322707269,0.2920962322707269,0,1,1,1.0,1,0.0,0.0,1.0,1.0,7.359976448075366e-05
归属记录,Quit Kashmir Movement (QKM),2017,1,0.3363305322947117,0.3363305322947117,0,1,1,0.0,1,2.0,0.0,1.0,1.0,9.174311926605505e-05
归属记录,Raia Mutomboki Militia,2015,1,0.2683668642158579,0.2683668642158579,0,1,1,1.0,0,,0.0,1.0,1.0,6.682258603407952e-05
归属记录,Raia Mutomboki Militia,2016,3,1.610948215747698,0.536982738582566,1,3,2,9.0,2,2.0,0.3333333333333333,1.0,0.6666666666666666,0.00022079929344226098
归属记录,Raia Mutomboki Militia,2017,6,2.4104217313294196,0.40173695522156994,1,6,5,15.0,5,7.0,0.16666666666666666,1.0,0.8333333333333334,0.0005504587155963303
归属记录,Rajput extremists,2017,1,0.7202529009844011,0.7202529009844011,1,1,1,0.0,1,0.0,1.0,1.0,1.0,9.174311926605505e-05
归属记录,Ramiro Ledesma Social Centre,2015,1,0.6527510989413768,0.6527510989413768,0,1,1,0.0,1,0.0,0.0,1.0,1.0,6.682258603407952e-05
归属记录,Ramiro Ledesma Social Centre,2016,1,0.6623260788130056,0.6623260788130056,0,1,1,0.0,1,0.0,0.0,1.0,1.0,7.359976448075366e-05
归属记录,Rashtriya Swayamsevak Sangh,2015,4,1.9653938338410195,0.4913484584602549,1,4,4,1.0,4,1.0,0.25,1.0,1.0,0.00026729034413631807
归属记录,Red Egbesu Water Lions,2016,1,0.778758963494818,0.778758963494818,1,1,1,0.0,1,0.0,1.0,1.0,1.0,7.359976448075366e-05
归属记录,Red Scorpion,2016,1,0.778758963494818,0.778758963494818,1,1,1,0.0,1,0.0,1.0,1.0,1.0,7.359976448075366e-05
归属记录,Republican Forces of Burundi (FOREBU),2016,1,0.2755331054294608,0.2755331054294608,0,1,1,1.0,1,0.0,0.0,1.0,1.0,7.359976448075366e-05
归属记录,"Return, Reclamation, Rehabilitation (3R)",2016,1,0.1571266686770776,0.1571266686770776,0,1,1,0.0,1,0.0,0.0,1.0,1.0,7.359976448075366e-05
归属记录,"Return, Reclamation, Rehabilitation (3R)",2017,1,0.7568459296814327,0.7568459296814327,1,1,1,20.0,1,24.0,1.0,1.0,1.0,9.174311926605505e-05
归属记录,Revenge Movement,2015,1,0.6783165279017713,0.6783165279017713,0,1,1,0.0,1,0.0,0.0,1.0,1.0,6.682258603407952e-05
归属记录,Revolution's Brigade,2016,2,0.9501042564255483,0.47505212821277415,0,2,2,4.0,2,6.0,0.0,1.0,1.0,0.0001471995289615073
归属记录,Revolution's Brigade,2017,1,0.6624066199354395,0.6624066199354395,0,1,1,2.0,1,14.0,0.0,1.0,1.0,9.174311926605505e-05
归属记录,Revolutionaries Army (Jaysh al-Thowwar),2015,1,0.4973028818694186,0.4973028818694186,0,1,1,20.0,1,0.0,0.0,1.0,1.0,6.682258603407952e-05
归属记录,Revolutionary Armed Forces of Colombia (FARC),2015,78,40.75646996844301,0.5225188457492693,26,78,78,48.0,78,76.0,0.3333333333333333,1.0,1.0,0.005212161710658202
归属记录,Revolutionary Armed Forces of Colombia (FARC),2016,11,3.190767847542608,0.29006980432205526,1,11,11,6.0,11,10.0,0.09090909090909091,1.0,1.0,0.0008095974092882902
归属记录,Revolutionary Armed Forces of Colombia (FARC) dissidents,2017,20,7.931273737994444,0.3965636868997222,3,20,20,14.0,20,22.0,0.15,1.0,1.0,0.001834862385321101
归属记录,Revolutionary Army,2015,1,0.2597268405486029,0.2597268405486029,0,1,1,0.0,1,0.0,0.0,1.0,1.0,6.682258603407952e-05
归属记录,Revolutionary Cells Network (SRN),2015,3,2.026160622392509,0.6753868741308363,0,3,3,0.0,3,0.0,0.0,1.0,1.0,0.00020046775810223855
归属记录,Revolutionary Communist Centre (RCC),2016,1,0.7203051019070611,0.7203051019070611,1,1,1,0.0,1,0.0,1.0,1.0,1.0,7.359976448075366e-05
归属记录,Revolutionary Movement for National Salvation (REMNASA),2015,3,1.3546012371118716,0.4515337457039572,0,3,2,6.0,2,0.0,0.0,1.0,0.6666666666666666,0.00020046775810223855
归属记录,Revolutionary Punishment Movement,2015,11,4.736603563929394,0.43060032399358134,3,11,11,6.0,11,17.0,0.2727272727272727,1.0,1.0,0.0007350484463748748
归属记录,Revolutionary Struggle,2015,1,0.7181668413008214,0.7181668413008214,0,1,1,0.0,1,0.0,0.0,1.0,1.0,6.682258603407952e-05
归属记录,Right Sector,2015,1,0.6873183839598224,0.6873183839598224,0,1,1,7.0,1,14.0,0.0,1.0,1.0,6.682258603407952e-05
归属记录,Right-Wing Paramilitaries,2017,3,0.8140318973266384,0.27134396577554615,0,3,3,3.0,3,0.0,0.0,1.0,1.0,0.00027522935779816516
归属记录,Right-wing extremists,2015,8,3.80565133811681,0.4757064172646012,0,8,8,0.0,8,1.0,0.0,1.0,1.0,0.0005345806882726361
归属记录,Right-wing extremists,2016,6,3.2301484028837546,0.5383580671472924,0,6,6,10.0,6,31.0,0.0,1.0,1.0,0.00044159858688452196
归属记录,Right-wing extremists,2017,4,2.3900041013802378,0.5975010253450594,1,4,4,6.0,4,22.0,0.25,1.0,1.0,0.0003669724770642202
归属记录,Rohingya extremists,2016,16,9.639826060409437,0.6024891287755898,10,16,16,11.0,15,0.0,0.625,1.0,1.0,0.0011775962316920585
归属记录,Rohingya extremists,2017,4,1.6025140650762426,0.40062851626906065,0,4,4,12.0,4,8.0,0.0,1.0,1.0,0.0003669724770642202
归属记录,Rubicon (Rouvikonas),2015,2,1.3336553471847172,0.6668276735923586,0,2,2,0.0,2,0.0,0.0,1.0,1.0,0.00013364517206815904
归属记录,Rubicon (Rouvikonas),2017,4,0.9673461600577071,0.24183654001442678,0,4,4,0.0,4,0.0,0.0,1.0,1.0,0.0003669724770642202
归属记录,Rugovasit Group,2016,2,0.8712455434199181,0.43562277170995906,0,2,2,0.0,2,0.0,0.0,1.0,1.0,0.0001471995289615073
归属记录,Runda Kumpulan Kecil (RKK),2015,59,25.733395833625305,0.43615925141737805,13,59,59,5.0,59,52.0,0.22033898305084745,1.0,1.0,0.003942532576010692
归属记录,Runda Kumpulan Kecil (RKK),2016,28,14.791093316904078,0.5282533327465743,14,28,28,15.0,28,67.0,0.5,1.0,1.0,0.0020607934054611026
归属记录,Runda Kumpulan Kecil (RKK),2017,4,1.6449616968752703,0.41124042421881757,1,4,4,0.0,4,13.0,0.25,1.0,1.0,0.0003669724770642202
归属记录,Sabaot Land Defense Force (SLDF),2017,2,0.882596934508141,0.4412984672540705,0,2,2,8.0,2,0.0,0.0,1.0,1.0,0.0001834862385321101
归属记录,Sanaa Province of the Islamic State,2015,29,19.40672099496157,0.66919727568833,19,29,29,304.0,28,679.0,0.6551724137931034,1.0,1.0,0.001937854994988306
归属记录,Sanaa Province of the Islamic State,2016,1,0.2627594114988242,0.2627594114988242,0,1,1,0.0,1,0.0,0.0,1.0,1.0,7.359976448075366e-05
归属记录,Sanatan Sanstha,2015,1,0.3012260465352744,0.3012260465352744,0,1,1,1.0,1,1.0,0.0,1.0,1.0,6.682258603407952e-05
归属记录,Saraya Waad Allah,2015,1,0.6119918134440281,0.6119918134440281,0,1,1,2.0,1,6.0,0.0,1.0,1.0,6.682258603407952e-05
归属记录,Saraya Waad Allah,2017,2,1.2030730244480319,0.6015365122240159,1,2,2,1.0,2,14.0,0.5,1.0,1.0,0.0001834862385321101
归属记录,Sasna Tsrer,2016,1,0.7845555537398173,0.7845555537398173,1,1,1,6.0,1,1.0,1.0,1.0,1.0,7.359976448075366e-05
归属记录,Seleka,2015,9,4.0525069695112,0.45027855216791113,1,9,8,49.0,6,34.0,0.1111111111111111,1.0,0.8888888888888888,0.0006014032743067157
归属记录,Seleka,2016,2,1.4783387489495095,0.7391693744747547,2,2,2,20.0,2,10.0,1.0,1.0,1.0,0.0001471995289615073
归属记录,Self-Defense Group of Imghad Tuaregs and Allies (GATIA),2015,3,1.2644110945274574,0.4214703648424858,0,3,2,21.0,1,0.0,0.0,1.0,0.6666666666666666,0.00020046775810223855
归属记录,Separatists,2015,53,28.400277094194273,0.5358542847961184,19,52,51,30.0,51,89.0,0.3584905660377358,0.9811320754716981,0.9622641509433962,0.0035415970598062143
归属记录,Separatists,2016,49,23.729092741965264,0.48426719881561764,16,49,47,91.0,45,49.0,0.32653061224489793,1.0,0.9591836734693877,0.0036063884595569293
归属记录,Separatists,2017,18,9.918643064658655,0.5510357258143697,8,18,17,36.0,16,41.0,0.4444444444444444,1.0,0.9444444444444444,0.0016513761467889909
归属记录,Shabwah Province of the Islamic State,2015,1,0.5180923368006441,0.5180923368006441,0,1,1,14.0,1,0.0,0.0,1.0,1.0,6.682258603407952e-05
归属记录,Shamil Group,2016,1,0.6889121037424673,0.6889121037424673,0,1,1,0.0,1,1.0,0.0,1.0,1.0,7.359976448075366e-05
归属记录,Shamiya Front,2015,1,0.7837730241177231,0.7837730241177231,1,1,1,10.0,1,25.0,1.0,1.0,1.0,6.682258603407952e-05
归属记录,Shamiya Front,2016,7,2.448154068322769,0.34973629547468127,1,7,6,3.0,6,11.0,0.14285714285714285,1.0,0.8571428571428571,0.0005151983513652757
归属记录,Shan State Army - North (SSA-N),2015,3,1.8513414358318494,0.6171138119439498,1,3,1,0.0,1,4.0,0.3333333333333333,1.0,0.3333333333333333,0.00020046775810223855
归属记录,Sheikh Omar Hadid Brigade,2015,4,1.4446669760549957,0.36116674401374893,1,4,4,0.0,4,0.0,0.25,1.0,1.0,0.00026729034413631807
归属记录,Shia Muslim extremists,2016,1,0.72322880222419,0.72322880222419,1,1,1,4.0,1,4.0,1.0,1.0,1.0,7.359976448075366e-05
归属记录,Shia Muslim extremists,2017,2,0.5315926430663798,0.2657963215331899,0,2,1,2.0,1,0.0,0.0,1.0,0.5,0.0001834862385321101
归属记录,Shining Path (SL),2015,6,1.475100434290106,0.24585007238168433,0,6,6,3.0,6,2.0,0.0,1.0,1.0,0.0004009355162044771
归属记录,Shining Path (SL),2016,2,1.03514532317185,0.517572661585925,1,2,2,10.0,2,7.0,0.5,1.0,1.0,0.0001471995289615073
归属记录,Shining Path (SL),2017,4,1.1360569747350924,0.2840142436837731,0,4,3,3.0,3,3.0,0.0,1.0,0.75,0.0003669724770642202
归属记录,Shuar extremists,2016,2,1.2524574811623133,0.6262287405811566,1,2,2,1.0,2,14.0,0.5,1.0,1.0,0.0001471995289615073
归属记录,Shuar extremists,2017,1,0.1910658507219499,0.1910658507219499,0,1,1,0.0,1,0.0,0.0,1.0,1.0,9.174311926605505e-05
归属记录,Shura Council of Ajdabiya Revolutionaries,2015,3,0.9459502532795445,0.3153167510931815,0,3,3,4.0,3,0.0,0.0,1.0,1.0,0.00020046775810223855
归属记录,Shura Council of Benghazi Revolutionaries,2015,9,4.676018978359098,0.519557664262122,4,9,8,17.0,7,34.0,0.4444444444444444,1.0,0.8888888888888888,0.0006014032743067157
归属记录,Shura Council of Benghazi Revolutionaries,2016,3,1.3426585052097924,0.44755283506993077,1,3,2,23.0,2,20.0,0.3333333333333333,1.0,0.6666666666666666,0.00022079929344226098
归属记录,Shura Council of Benghazi Revolutionaries,2017,2,1.5905625005632997,0.7952812502816499,2,2,2,0.0,2,0.0,1.0,1.0,1.0,0.0001834862385321101
归属记录,Shura Council of Mujahideen in Derna,2015,2,0.9167888698252828,0.4583944349126414,0,2,2,39.0,2,0.0,0.0,1.0,1.0,0.00013364517206815904
归属记录,Shura Council of Mujahideen in Derna,2016,5,1.7934360820709299,0.358687216414186,1,5,4,4.0,5,2.0,0.2,1.0,0.8,0.0003679988224037683
归属记录,Shura Council of Mujahideen in Derna,2017,8,2.3828038630756816,0.2978504828844602,0,8,6,7.0,5,4.0,0.0,1.0,0.75,0.0007339449541284404
归属记录,Shutdown G20: Take Hamburg offline!,2017,10,7.124752651113378,0.7124752651113379,0,10,10,0.0,10,0.0,0.0,1.0,1.0,0.0009174311926605505
归属记录,Sikh Extremists,2017,1,0.2656877872419335,0.2656877872419335,0,1,1,1.0,1,0.0,0.0,1.0,1.0,9.174311926605505e-05
归属记录,Sinai Province of the Islamic State,2015,164,82.28226919606631,0.5017211536345507,48,164,161,626.0,158,549.0,0.2926829268292683,1.0,0.9817073170731707,0.010958904109589041
归属记录,Sinai Province of the Islamic State,2016,145,68.62263100602834,0.4732595241795058,47,145,136,338.0,135,268.0,0.32413793103448274,1.0,0.9379310344827586,0.01067196584970928
归属记录,Sinai Province of the Islamic State,2017,117,60.41122867220472,0.5163352877966215,42,117,112,636.0,108,326.0,0.358974358974359,1.0,0.9572649572649573,0.01073394495412844
归属记录,Sindh Revolutionary Army,2016,1,0.7447069031094096,0.7447069031094096,1,1,1,0.0,1,1.0,1.0,1.0,1.0,7.359976448075366e-05
归属记录,Sindhu Desh Liberation Army (SDLA),2015,1,0.7829217594901897,0.7829217594901897,1,1,1,0.0,1,0.0,1.0,1.0,1.0,6.682258603407952e-05
归属记录,Sindhu Desh Liberation Army (SDLA),2016,3,2.1151458701631665,0.7050486233877221,2,3,3,1.0,3,16.0,0.6666666666666666,1.0,1.0,0.00022079929344226098
归属记录,Sindhu Desh Liberation Army (SDLA),2017,1,0.7460577580440985,0.7460577580440985,1,1,1,0.0,1,8.0,1.0,1.0,1.0,9.174311926605505e-05
归属记录,Sindhudesh Revolutionary Army (SRA),2015,1,0.7744445219344844,0.7744445219344844,1,1,1,0.0,1,0.0,1.0,1.0,1.0,6.682258603407952e-05
归属记录,Sindhudesh Revolutionary Army (SRA),2016,1,0.7460602440206412,0.7460602440206412,1,1,1,0.0,1,3.0,1.0,1.0,1.0,7.359976448075366e-05
归属记录,Sindhudesh Revolutionary Army (SRA),2017,1,0.2478049841432889,0.2478049841432889,0,1,1,0.0,1,0.0,0.0,1.0,1.0,9.174311926605505e-05
归属记录,Sinhale Jathika Balamuluwa,2017,1,0.685097474603812,0.685097474603812,0,1,1,0.0,0,,0.0,1.0,1.0,9.174311926605505e-05
归属记录,South East Antrim Brigade,2016,1,0.1364869675070794,0.1364869675070794,0,1,1,0.0,1,0.0,0.0,1.0,1.0,7.359976448075366e-05
归属记录,South East Antrim Brigade,2017,1,0.6772299965378106,0.6772299965378106,0,1,1,1.0,1,0.0,0.0,1.0,1.0,9.174311926605505e-05
归属记录,South Group (Russia),2016,1,0.6643592250347968,0.6643592250347968,0,1,1,0.0,1,0.0,0.0,1.0,1.0,7.359976448075366e-05
归属记录,South Sudan Armed Forces (SSAF),2015,1,0.1923913707823858,0.1923913707823858,0,1,0,,0,,0.0,1.0,0.0,6.682258603407952e-05
归属记录,South Sudan Democratic Army,2015,1,0.2992646547997166,0.2992646547997166,0,1,0,,0,,0.0,1.0,0.0,6.682258603407952e-05
归属记录,South Sudanese extremists,2017,1,0.2410727364130841,0.2410727364130841,0,1,1,0.0,1,0.0,0.0,1.0,1.0,9.174311926605505e-05
归属记录,Southern Front,2015,12,4.983119101809515,0.4152599251507929,2,12,3,42.0,2,31.0,0.16666666666666666,1.0,0.25,0.0008018710324089542
归属记录,Southern Front,2016,14,4.260529091119153,0.3043235065085109,1,14,13,0.0,13,0.0,0.07142857142857142,1.0,0.9285714285714286,0.0010303967027305513
归属记录,Southern Front,2017,1,0.2601111664659678,0.2601111664659678,0,1,0,,0,,0.0,1.0,0.0,9.174311926605505e-05
归属记录,Southern Mobility Movement (Yemen),2015,7,2.699846996560457,0.38569242808006526,0,7,7,46.0,5,8.0,0.0,1.0,1.0,0.0004677581022385566
归属记录,Sovereign Citizen,2015,1,0.3814331964793588,0.3814331964793588,0,1,1,0.0,1,5.0,0.0,1.0,1.0,6.682258603407952e-05
归属记录,Students Islamic Movement of India (SIMI),2015,3,1.1907279822806995,0.3969093274268998,0,3,3,0.0,3,2.0,0.0,1.0,1.0,0.00020046775810223855
归属记录,Students Islamic Movement of India (SIMI),2016,1,0.7502512032077672,0.7502512032077672,1,1,1,0.0,1,0.0,1.0,1.0,1.0,7.359976448075366e-05
归属记录,Sudan Liberation Army-Minni Minawi (SLA-MM),2015,1,0.6960481716454088,0.6960481716454088,0,1,1,0.0,1,40.0,0.0,1.0,1.0,6.682258603407952e-05
归属记录,Sudan Liberation Army-Minni Minawi (SLA-MM),2017,2,0.5316126442888423,0.2658063221444211,0,2,0,,0,,0.0,1.0,0.0,0.0001834862385321101
归属记录,Sudan Liberation Movement,2015,2,1.46590667444332,0.73295333722166,2,2,0,,1,1.0,1.0,1.0,0.0,0.00013364517206815904
归属记录,Sudan Liberation Movement,2016,3,1.4407482935584524,0.48024943118615077,1,3,3,5.0,2,2.0,0.3333333333333333,1.0,1.0,0.00022079929344226098
归属记录,Sudan Liberation Movement,2017,2,1.5077292825389566,0.7538646412694783,2,2,2,17.0,2,60.0,1.0,1.0,1.0,0.0001834862385321101
归属记录,Sudan People's Liberation Movement - North,2015,21,11.437376088397794,0.5446369565903711,10,21,20,110.0,21,128.0,0.47619047619047616,1.0,0.9523809523809523,0.00140327430671567
归属记录,Sudan People's Liberation Movement - North,2016,6,2.39220746392642,0.39870124398773665,2,6,5,72.0,4,2.0,0.3333333333333333,1.0,0.8333333333333334,0.00044159858688452196
归属记录,Sudan People's Liberation Movement - North,2017,1,0.4896497628682091,0.4896497628682091,0,1,1,1.0,1,10.0,0.0,1.0,1.0,9.174311926605505e-05
归属记录,Sudan People's Liberation Movement in Opposition (SPLM-IO),2015,20,7.070266544330686,0.3535133272165343,1,20,18,88.0,15,27.0,0.05,1.0,0.9,0.0013364517206815904
归属记录,Sudan People's Liberation Movement in Opposition (SPLM-IO),2016,23,13.084441388253016,0.5688887560110006,8,23,18,404.0,15,98.0,0.34782608695652173,1.0,0.782608695652174,0.0016927945830573343
归属记录,Sudan People's Liberation Movement in Opposition (SPLM-IO),2017,36,16.70016873239799,0.4638935758999442,9,36,34,487.0,33,139.0,0.25,1.0,0.9444444444444444,0.0033027522935779817
归属记录,Sudan Revolutionary Front (SRF),2015,1,0.7671533450956725,0.7671533450956725,1,1,1,20.0,1,0.0,1.0,1.0,1.0,6.682258603407952e-05
归属记录,Sudanese Rebels,2017,1,0.139152201660278,0.139152201660278,0,1,1,0.0,1,0.0,0.0,1.0,1.0,9.174311926605505e-05
归属记录,Sunni Resistance Committees in Lebanon (SRCL),2015,1,0.7486788959876869,0.7486788959876869,1,1,1,0.0,1,0.0,1.0,1.0,1.0,6.682258603407952e-05
归属记录,Supporters of Abd Rabbuh Mansur Hadi,2015,17,5.999130070216205,0.35289000413036503,2,17,12,76.0,9,3.0,0.11764705882352941,1.0,0.7058823529411765,0.0011359839625793519
归属记录,Supporters of Abd Rabbuh Mansur Hadi,2016,2,0.8868413298628187,0.44342066493140936,1,2,1,0.0,1,0.0,0.5,1.0,0.5,0.0001471995289615073
归属记录,Supporters of Ali Abdullah Saleh,2015,1,0.2644029527569376,0.2644029527569376,0,1,1,0.0,1,0.0,0.0,1.0,1.0,6.682258603407952e-05
归属记录,Supporters of the Islamic State in Jerusalem,2015,9,6.585251245030958,0.7316945827812176,8,9,9,0.0,9,2.0,0.8888888888888888,1.0,1.0,0.0006014032743067157
归属记录,Suqour al-Ahvaz,2016,3,2.359714671573763,0.7865715571912544,3,3,3,0.0,3,0.0,1.0,1.0,1.0,0.00022079929344226098
归属记录,Syrian Democratic Forces (SDF),2016,1,0.2287061364886325,0.2287061364886325,0,1,0,,0,,0.0,1.0,0.0,7.359976448075366e-05
归属记录,Syrian Democratic Forces (SDF),2017,1,0.4711772338365369,0.4711772338365369,0,1,1,0.0,1,12.0,0.0,1.0,1.0,9.174311926605505e-05
归属记录,Syrian Turkmen Brigades,2016,1,0.1788922110009604,0.1788922110009604,0,1,1,1.0,1,0.0,0.0,1.0,1.0,7.359976448075366e-05
归属记录,Ta'ang National Liberation Army (TNLA),2015,2,0.6503546136791196,0.3251773068395598,0,2,1,2.0,1,2.0,0.0,1.0,0.5,0.00013364517206815904
归属记录,Ta'ang National Liberation Army (TNLA),2016,19,6.0216026395038815,0.3169264547107306,2,19,15,16.0,16,50.0,0.10526315789473684,1.0,0.7894736842105263,0.0013983955251343195
归属记录,Ta'ang National Liberation Army (TNLA),2017,7,3.227847797187447,0.46112111388392096,2,7,6,4.0,6,13.0,0.2857142857142857,1.0,0.8571428571428571,0.0006422018348623853
归属记录,Taliban,2015,1249,585.0258907506548,0.46839542894367875,324,1246,1184,5220.0,1118,5252.0,0.2594075260208166,0.9975980784627703,0.9479583666933546,0.08346140995656531
归属记录,Taliban,2016,1065,461.172745278254,0.43302605190446386,259,1064,1002,5030.0,976,4643.0,0.2431924882629108,0.9990610328638497,0.9408450704225352,0.07838374917200265
归属记录,Taliban,2017,894,382.7850302705639,0.42817117479928846,170,891,832,4814.0,805,3974.0,0.19015659955257272,0.9966442953020134,0.930648769574944,0.08201834862385321
归属记录,Tawheed Militia,2016,2,1.542856571703561,0.7714282858517805,2,2,2,0.0,2,0.0,1.0,1.0,1.0,0.0001471995289615073
归属记录,Tehrik al-Mojahedin,2015,4,2.0728290711153403,0.5182072677788351,1,4,4,0.0,4,20.0,0.25,1.0,1.0,0.00026729034413631807
归属记录,Tehrik al-Mojahedin,2016,5,1.4698882979122498,0.29397765958245,0,5,5,0.0,5,17.0,0.0,1.0,1.0,0.0003679988224037683
归属记录,Tehrik al-Mojahedin,2017,2,0.8486292832986113,0.42431464164930566,0,2,2,3.0,2,11.0,0.0,1.0,1.0,0.0001834862385321101
归属记录,Tehrik-e-Hurriyat (TeH),2016,1,0.6931291491174258,0.6931291491174258,0,1,1,0.0,1,0.0,0.0,1.0,1.0,7.359976448075366e-05
归属记录,Tehrik-e-Taliban Islami (TTI),2015,1,0.3064610167170862,0.3064610167170862,0,1,1,1.0,1,1.0,0.0,1.0,1.0,6.682258603407952e-05
归属记录,Tehrik-i-Taliban Pakistan (TTP),2015,109,55.455185484173306,0.5087631695795716,30,109,108,365.0,106,367.0,0.27522935779816515,1.0,0.9908256880733946,0.007283661877714668
归属记录,Tehrik-i-Taliban Pakistan (TTP),2016,95,43.99775316341686,0.4631342438254406,26,95,94,337.0,94,710.0,0.2736842105263158,1.0,0.9894736842105263,0.006991977625671598
归属记录,Tehrik-i-Taliban Pakistan (TTP),2017,98,50.6968951393623,0.517315256524105,35,98,94,349.0,92,614.0,0.35714285714285715,1.0,0.9591836734693877,0.008990825688073394
归属记录,Tepi Youth,2015,2,0.8460105969223011,0.42300529846115054,0,2,2,23.0,1,0.0,0.0,1.0,1.0,0.00013364517206815904
归属记录,Thadou People's Liberation Army (TPLA),2017,1,0.1030949147863039,0.1030949147863039,0,1,1,0.0,1,0.0,0.0,1.0,1.0,9.174311926605505e-05
归属记录,Thanthai Periyar Dravidar Kazhagam (TPDK),2016,1,0.6875862746394845,0.6875862746394845,0,1,1,0.0,1,0.0,0.0,1.0,1.0,7.359976448075366e-05
归属记录,The 78 Unemployed,2016,1,0.1642998564689223,0.1642998564689223,0,1,1,0.0,1,0.0,0.0,1.0,1.0,7.359976448075366e-05
归属记录,The Defense Command of the French People and the Motherland (CDPPF),2017,6,1.3985428576099632,0.2330904762683272,0,6,6,0.0,6,6.0,0.0,1.0,1.0,0.0005504587155963303
归属记录,The Independent Military Wing of the Syrian Revolution Abroad,2016,1,0.7094109415523158,0.7094109415523158,0,1,1,2.0,1,3.0,0.0,1.0,1.0,7.359976448075366e-05
归属记录,The New Irish Republican Army,2015,6,2.601017715940875,0.43350295265681255,0,6,6,0.0,6,1.0,0.0,1.0,1.0,0.0004009355162044771
归属记录,The New Irish Republican Army,2016,6,1.8711658534602476,0.31186097557670794,0,6,6,4.0,6,1.0,0.0,1.0,1.0,0.00044159858688452196
归属记录,The New Irish Republican Army,2017,6,1.7483502380941505,0.29139170634902506,0,6,6,0.0,6,2.0,0.0,1.0,1.0,0.0005504587155963303
归属记录,The Nocturnals,2017,1,0.6937074689875453,0.6937074689875453,0,1,1,0.0,1,1.0,0.0,1.0,1.0,9.174311926605505e-05
归属记录,The Owners of the White Flags,2017,1,0.7953237329989357,0.7953237329989357,1,1,1,2.0,1,20.0,1.0,1.0,1.0,9.174311926605505e-05
归属记录,The Revolt,2015,3,2.230055940746087,0.7433519802486956,2,3,3,3.0,3,1.0,0.6666666666666666,1.0,1.0,0.00020046775810223855
归属记录,The Third Way (Der III. Weg),2015,1,0.663974440981415,0.663974440981415,0,1,1,0.0,1,0.0,0.0,1.0,1.0,6.682258603407952e-05
归属记录,Tigray Peoples Liberation Front (TPLF),2016,1,0.4203399679190804,0.4203399679190804,0,1,1,1.0,1,3.0,0.0,1.0,1.0,7.359976448075366e-05
归属记录,Tiwa Liberation Army,2016,1,0.3788042102105189,0.3788042102105189,0,1,1,0.0,1,3.0,0.0,1.0,1.0,7.359976448075366e-05
归属记录,Torpedy Group,2017,2,0.9330592844730738,0.4665296422365369,1,2,2,0.0,2,2.0,0.5,1.0,1.0,0.0001834862385321101
归属记录,Tribal Revolutionary Army (TRA),2016,1,0.1356396586954641,0.1356396586954641,0,1,1,0.0,1,0.0,0.0,1.0,1.0,7.359976448075366e-05
归属记录,Tribesmen,2015,24,9.985707591862543,0.4160711496609393,4,22,14,18.0,15,44.0,0.16666666666666666,0.9166666666666666,0.5833333333333334,0.0016037420648179084
归属记录,Tribesmen,2016,12,6.580642649042172,0.548386887420181,6,12,10,16.0,8,17.0,0.5,1.0,0.8333333333333334,0.0008831971737690439
归属记录,Tribesmen,2017,5,1.5403605478134559,0.30807210956269115,0,5,3,1.0,3,1.0,0.0,1.0,0.6,0.00045871559633027525
归属记录,Tripoli Province of the Islamic State,2015,140,69.73883518954429,0.4981345370681735,47,140,125,177.0,120,153.0,0.3357142857142857,1.0,0.8928571428571429,0.009355162044771133
归属记录,Tripoli Province of the Islamic State,2016,185,77.82455160412499,0.42067325191418914,44,185,136,320.0,130,351.0,0.23783783783783785,1.0,0.7351351351351352,0.013615956428939428
归属记录,Tripoli Province of the Islamic State,2017,21,8.435171307620715,0.401674824172415,6,21,14,14.0,14,23.0,0.2857142857142857,1.0,0.6666666666666666,0.001926605504587156
归属记录,Tripoli Revolutionaries Battalion,2016,6,2.8559420189766533,0.4759903364961089,0,6,6,2.0,5,1.0,0.0,1.0,1.0,0.00044159858688452196
归属记录,Tripura Group,2016,1,0.713876694772187,0.713876694772187,0,1,1,3.0,1,0.0,0.0,1.0,1.0,7.359976448075366e-05
归属记录,Tritiya Prastuti Committee (TPC),2017,8,3.380814792079584,0.422601849009948,3,8,8,3.0,7,2.0,0.375,1.0,1.0,0.0007339449541284404
归属记录,Tuareg extremists,2015,2,1.0789313396949356,0.5394656698474678,1,2,2,1.0,0,,0.5,1.0,1.0,0.00013364517206815904
归属记录,Tuareg extremists,2016,1,0.1482494894263884,0.1482494894263884,0,1,1,1.0,1,0.0,0.0,1.0,1.0,7.359976448075366e-05
归属记录,Turkestan Islamic Party,2016,3,1.3646516137002485,0.45488387123341617,1,3,3,1.0,3,3.0,0.3333333333333333,1.0,1.0,0.00022079929344226098
归属记录,Turkish Communist Party/Marxist (TKP-ML),2015,2,0.4524882518489211,0.22624412592446055,0,2,2,0.0,2,0.0,0.0,1.0,1.0,0.00013364517206815904
归属记录,Tutsi extremists,2017,1,0.7340982682818985,0.7340982682818985,1,1,1,0.0,1,0.0,1.0,1.0,1.0,9.174311926605505e-05
归属记录,Twa Militia,2017,4,2.672868638562749,0.6682171596406873,2,4,4,62.0,3,33.0,0.5,1.0,1.0,0.0003669724770642202
归属记录,Uighur Separatists,2015,11,5.171651234421756,0.4701501122201596,1,11,10,116.0,9,39.0,0.09090909090909091,1.0,0.9090909090909091,0.0007350484463748748
归属记录,Uighur Separatists,2016,2,1.464711503092456,0.732355751546228,1,2,2,13.0,2,8.0,0.5,1.0,1.0,0.0001471995289615073
归属记录,Uighur Separatists,2017,1,0.6229050287802349,0.6229050287802349,0,1,1,8.0,1,5.0,0.0,1.0,1.0,9.174311926605505e-05
归属记录,Ukrainian Insurgent Army,2015,2,0.4810108103832324,0.2405054051916162,0,2,2,2.0,2,0.0,0.0,1.0,1.0,0.00013364517206815904
归属记录,Ukrainian nationalists,2015,3,2.092903783280709,0.697634594426903,1,3,3,3.0,3,140.0,0.3333333333333333,1.0,1.0,0.00020046775810223855
归属记录,Ukrainian nationalists,2016,1,0.1311816603244963,0.1311816603244963,0,1,1,0.0,1,0.0,0.0,1.0,1.0,7.359976448075366e-05
归属记录,Ulster Freedom Fighters (UFF),2015,2,1.5308201694941956,0.7654100847470978,2,2,2,0.0,2,0.0,1.0,1.0,1.0,0.00013364517206815904
归属记录,Ulster Freedom Fighters (UFF),2017,3,1.6820192858565712,0.5606730952855238,2,3,3,0.0,3,0.0,0.6666666666666666,1.0,1.0,0.00027522935779816516
归属记录,Ulster Volunteer Force (UVF),2015,2,1.3626136929334018,0.6813068464667009,0,2,2,0.0,2,0.0,0.0,1.0,1.0,0.00013364517206815904
归属记录,Ulster Volunteer Force (UVF),2017,3,2.1157024422541606,0.7052341474180536,2,3,3,0.0,3,0.0,0.6666666666666666,1.0,1.0,0.00027522935779816516
归属记录,Unified Communist Party of Nepal (Maoist),2017,1,0.2725686926805155,0.2725686926805155,0,1,1,1.0,0,,0.0,1.0,1.0,9.174311926605505e-05
归属记录,Union for Peace in Central Africa (UPC),2016,1,0.755497615880575,0.755497615880575,1,1,1,10.0,1,12.0,1.0,1.0,1.0,7.359976448075366e-05
归属记录,Union for Peace in Central Africa (UPC),2017,5,3.7132884363655374,0.7426576872731074,4,5,5,213.0,3,24.0,0.8,1.0,1.0,0.00045871559633027525
归属记录,Union of Congolese Patriots (UPC),2015,1,0.6234254635648537,0.6234254635648537,0,1,1,7.0,1,9.0,0.0,1.0,1.0,6.682258603407952e-05
归属记录,Union of Patriots for the Defense of Innocents (UPDI),2016,2,1.525240027578377,0.7626200137891885,2,2,2,21.0,2,40.0,1.0,1.0,1.0,0.0001471995289615073
归属记录,Union of Peoples and Organizations of the State of Guerrero (UPOEG),2017,1,0.6976828625277329,0.6976828625277329,0,1,1,7.0,1,2.0,0.0,1.0,1.0,9.174311926605505e-05
归属记录,United Achik National Front (UANF),2017,1,0.1280103947032315,0.1280103947032315,0,1,1,0.0,1,0.0,0.0,1.0,1.0,9.174311926605505e-05
归属记录,United Baloch Army (UBA),2015,16,10.924839870928748,0.6828024919330468,13,16,16,41.0,16,92.0,0.8125,1.0,1.0,0.0010691613765452723
归属记录,United Baloch Army (UBA),2016,14,8.394378306003048,0.5995984504287891,9,14,14,10.0,14,33.0,0.6428571428571429,1.0,1.0,0.0010303967027305513
归属记录,United Baloch Army (UBA),2017,1,0.2430713084066688,0.2430713084066688,0,1,1,2.0,1,1.0,0.0,1.0,1.0,9.174311926605505e-05
归属记录,United Democratic Liberation Army (UDLA),2016,2,0.4171980961822517,0.20859904809112584,0,2,2,2.0,2,0.0,0.0,1.0,1.0,0.0001471995289615073
归属记录,United Democratic Madhesi Front (UDMF),2015,7,4.936382858296822,0.7051975511852603,4,7,7,0.0,7,0.0,0.5714285714285714,1.0,1.0,0.0004677581022385566
归属记录,United Democratic Madhesi Front (UDMF),2016,1,0.1643745936360622,0.1643745936360622,0,1,1,2.0,1,8.0,0.0,1.0,1.0,7.359976448075366e-05
归属记录,United Democratic Madhesi Front (UDMF),2017,7,3.7961756458310516,0.5423108065472931,0,7,7,0.0,7,0.0,0.0,1.0,1.0,0.0006422018348623853
归属记录,United Front for Democracy Against Dictatorship,2015,2,1.0331166454955785,0.5165583227477892,1,2,2,20.0,2,124.0,0.5,1.0,1.0,0.00013364517206815904
归属记录,United Garo Security Force (UGSF),2015,1,0.1266579443422755,0.1266579443422755,0,1,1,0.0,1,0.0,0.0,1.0,1.0,6.682258603407952e-05
归属记录,United Gorkha People's Organization (UGPO),2015,1,0.7829217594901897,0.7829217594901897,1,1,1,0.0,1,0.0,1.0,1.0,1.0,6.682258603407952e-05
归属记录,United Jihad Council,2016,1,0.8325666433994707,0.8325666433994707,1,1,1,12.0,1,20.0,1.0,1.0,1.0,7.359976448075366e-05
归属记录,United Liberation Front of Assam (ULFA),2015,14,5.194633809437995,0.37104527210271393,3,14,14,5.0,14,8.0,0.21428571428571427,1.0,1.0,0.0009355162044771133
归属记录,United Liberation Front of Assam (ULFA),2016,24,8.419122022509667,0.3507967509379028,2,24,23,10.0,23,49.0,0.08333333333333333,1.0,0.9583333333333334,0.0017663943475380878
归属记录,United Liberation Front of Assam (ULFA),2017,19,8.385046882959166,0.4413182569978509,5,19,19,5.0,19,5.0,0.2631578947368421,1.0,1.0,0.0017431192660550458
归属记录,United National Liberation Front (UNLF),2015,6,2.795919903046669,0.46598665050777816,2,6,6,2.0,6,9.0,0.3333333333333333,1.0,1.0,0.0004009355162044771
归属记录,United National Liberation Front (UNLF),2016,2,0.6730942748240261,0.33654713741201303,0,2,2,1.0,2,3.0,0.0,1.0,1.0,0.0001471995289615073
归属记录,United National Liberation Front (UNLF),2017,2,0.4617147096637051,0.23085735483185255,0,2,2,0.0,2,1.0,0.0,1.0,1.0,0.0001834862385321101
归属记录,United National Liberation Front of WESEA (UNLFW),2015,1,0.7708592885244109,0.7708592885244109,1,1,1,9.0,1,6.0,1.0,1.0,1.0,6.682258603407952e-05
归属记录,United Party for National Development (UPND),2017,1,0.7014318691810651,0.7014318691810651,0,1,1,0.0,1,0.0,0.0,1.0,1.0,9.174311926605505e-05
归属记录,United Reformation Protest of India,2016,1,0.7460630149420732,0.7460630149420732,1,1,1,0.0,1,1.0,1.0,1.0,1.0,7.359976448075366e-05
归属记录,United Revolutionary Front,2015,1,0.7446895893482929,0.7446895893482929,1,1,1,3.0,1,15.0,1.0,1.0,1.0,6.682258603407952e-05
归属记录,United Tribal Liberation Army (UTLA),2015,1,0.2828098506673494,0.2828098506673494,0,1,1,0.0,1,0.0,0.0,1.0,1.0,6.682258603407952e-05
归属记录,United Tribal Liberation Army (UTLA),2017,1,0.2754981991258302,0.2754981991258302,0,1,1,1.0,1,0.0,0.0,1.0,1.0,9.174311926605505e-05
归属记录,Unknown,2015,6397,2980.992186101317,0.4659984658592023,1463,6359,6221,6538.0,6131,14019.0,0.22870095357198686,0.9940597154916367,0.9724871033296858,0.4274640828600067
归属记录,Unknown,2016,5969,2688.653001951658,0.45043608677360664,1192,5951,5805,5644.0,5758,12631.0,0.19969844195007538,0.9969844195007539,0.9725247110068688,0.4393169941856186
归属记录,Unknown,2017,4349,1799.9437164433987,0.4138753084487005,845,4330,4228,2948.0,4180,5280.0,0.19429753966429064,0.995631179581513,0.9721775120717406,0.39899082568807337
归属记录,Unrepentant Anarchists,2016,1,0.6623260788130056,0.6623260788130056,0,1,1,0.0,1,0.0,0.0,1.0,1.0,7.359976448075366e-05
归属记录,Urhobo Gbagbako,2015,2,1.5248492238198,0.7624246119099,2,2,2,0.0,2,0.0,1.0,1.0,1.0,0.00013364517206815904
归属记录,Vetevendosje,2016,1,0.7242152399520746,0.7242152399520746,1,1,1,0.0,1,0.0,1.0,1.0,1.0,7.359976448075366e-05
归属记录,Vishwa Hindu Parishad (VHP),2016,1,0.7005197687696529,0.7005197687696529,0,1,1,0.0,1,2.0,0.0,1.0,1.0,7.359976448075366e-05
归属记录,Vishwa Hindu Parishad (VHP),2017,2,1.3638685457274387,0.6819342728637193,0,2,2,0.0,1,0.0,0.0,1.0,1.0,0.0001834862385321101
归属记录,Weichan Auka Mapu,2016,6,4.232077892015986,0.7053463153359977,2,5,6,0.0,6,2.0,0.3333333333333333,0.8333333333333334,1.0,0.00044159858688452196
归属记录,Weichan Auka Mapu,2017,2,1.4373274937358396,0.7186637468679198,1,2,2,0.0,2,0.0,0.5,1.0,1.0,0.0001834862385321101
归属记录,West Indonesia Mujahideen,2015,1,0.3248983400304844,0.3248983400304844,0,1,1,2.0,1,0.0,0.0,1.0,1.0,6.682258603407952e-05
归属记录,White Rabbit Three Percent Illinois Patriot Freedom Fighters Militia,2017,2,1.4130716478315977,0.7065358239157988,1,2,2,0.0,2,0.0,0.5,1.0,1.0,0.0001834862385321101
归属记录,White extremists,2015,2,1.1115492121035662,0.5557746060517831,0,2,2,9.0,2,0.0,0.0,1.0,1.0,0.00013364517206815904
归属记录,White extremists,2016,2,0.5381737572062918,0.2690868786031459,0,2,2,0.0,2,4.0,0.0,1.0,1.0,0.0001471995289615073
归属记录,White extremists,2017,9,4.077402455649577,0.45304471729439744,0,9,9,7.0,9,3.0,0.0,1.0,1.0,0.0008256880733944954
归属记录,Wild Individualities,2017,6,3.974839422053159,0.6624732370088598,0,6,6,0.0,6,0.0,0.0,1.0,1.0,0.0005504587155963303
归属记录,Young Communist League,2016,8,3.0240564172539237,0.37800705215674046,2,8,8,0.0,8,0.0,0.25,1.0,1.0,0.0005887981158460292
归属记录,Youth Movement for the Total Liberation of Azawad,2016,1,0.7476531877017768,0.7476531877017768,1,1,1,2.0,1,1.0,1.0,1.0,1.0,7.359976448075366e-05
归属记录,Zagros Eagles,2017,1,0.3831042110653548,0.3831042110653548,0,1,1,2.0,1,1.0,0.0,1.0,1.0,9.174311926605505e-05
归属记录,Zeliangrong United Front,2015,2,0.5672644228856587,0.28363221144282935,0,2,2,1.0,2,3.0,0.0,1.0,1.0,0.00013364517206815904
归属记录,Zeliangrong United Front,2016,1,0.2601683978950695,0.2601683978950695,0,1,1,1.0,1,0.0,0.0,1.0,1.0,7.359976448075366e-05
归属记录,Zeliangrong United Front,2017,7,1.8535672398046437,0.26479531997209194,1,7,7,0.0,7,2.0,0.14285714285714285,1.0,1.0,0.0006422018348623853
归属记录,Zero Tolerance,2015,1,0.7098731530317183,0.7098731530317183,0,1,1,0.0,1,0.0,0.0,1.0,1.0,6.682258603407952e-05
归属记录,Zimbabwe African Nationalist Union (ZANU),2017,3,2.110452047702522,0.7034840159008406,1,3,3,0.0,3,1.0,0.3333333333333333,1.0,1.0,0.00027522935779816516
