年份,经度格,纬度格,事件数,累计危害,中心经度,中心纬度
2015,28,75,1,0.7240436094788805,-123.0,42.670233871257594
2015,29,72,2,1.0211709244967273,-121.0,37.669886964329635
2015,30,70,2,0.8718871161706414,-119.0,34.51810784106126
2015,30,73,1,0.6750789710340862,-119.0,39.2964802391875
2015,31,69,1,0.6747862488890367,-117.0,32.98670708247892
2015,31,70,1,0.741416964546348,-117.0,34.51810784106126
2015,31,77,1,0.6635977791581559,-117.0,46.23825730732021
2015,36,69,3,1.7465863455449955,-107.0,32.98670708247892
2015,37,73,2,1.2787786864304274,-105.0,39.2964802391875
2015,39,61,1,0.2200133808223254,-101.0,21.510188266887486
2015,40,58,2,0.807036546867038,-99.0,17.457603123722095
2015,40,60,10,4.571025760415004,-99.0,20.147886287247108
2015,41,57,2,0.4484461366456175,-97.0,16.127620213160753
2015,41,59,2,0.4350895170822646,-97.0,18.797368824406544
2015,41,64,2,0.8403178589408706,-97.0,25.679288619456855
2015,41,69,1,0.2335219981323701,-97.0,32.98670708247892
2015,41,78,1,0.6750789710340862,-97.0,48.11140308495899
2015,42,67,1,0.6747862488890367,-95.0,29.999999999999996
2015,42,68,1,0.1584457439672512,-95.0,31.48143215916898
2015,43,67,1,0.5787874307802177,-93.0,29.999999999999996
2015,43,76,1,0.3814331964793588,-93.0,44.4270040008057
2015,44,67,2,0.9342140580598592,-91.0,29.999999999999996
2015,45,70,1,0.2339882521890557,-89.0,34.51810784106126
2015,45,74,1,0.1260109064469776,-89.0,40.961788552349354
2015,47,70,2,1.2958649601917291,-85.0,34.51810784106126
2015,47,75,1,0.6750789710340862,-85.0,42.670233871257594
2015,48,69,1,0.6747862488890367,-83.0,32.98670708247892
2015,48,71,1,0.6747862488890367,-83.0,36.07819997184263
2015,49,66,1,0.6747862488890367,-81.0,28.540365484875558
2015,49,69,1,0.6747862488890367,-81.0,32.98670708247892
2015,49,70,1,0.6747862488890367,-81.0,34.51810784106126
2015,49,74,1,0.672142457392386,-81.0,40.961788552349354
2015,50,43,1,0.7446271677100924,-79.0,-1.9102131717099302
2015,50,45,1,0.764827094337958,-79.0,0.6366328722676353
2015,50,46,5,3.2230299948091354,-79.0,1.9102131717099364
2015,50,69,1,0.4492231332905605,-79.0,32.98670708247892
2015,50,71,1,0.3915970000004868,-79.0,36.07819997184263
2015,50,76,4,1.78587739988119,-79.0,44.4270040008057
2015,51,35,3,0.5438321175659317,-77.0,-12.18747413542504
2015,51,45,8,5.553620415023904,-77.0,0.6366328722676353
2015,51,46,11,4.307794015759691,-77.0,1.9102131717099364
2015,51,47,10,4.157412510168105,-77.0,3.1847385367204106
2015,51,48,4,1.770593696257088,-77.0,4.460843697873993
2015,51,49,5,1.9842508689970173,-77.0,5.739170477266791
2015,51,73,1,0.6747862488890367,-77.0,39.2964802391875
2015,52,34,2,0.5979841954083864,-75.0,-13.493398821551686
2015,52,36,1,0.3332841213157879,-75.0,-10.887948130120165
2015,52,45,7,4.199093855186898,-75.0,0.6366328722676353
2015,52,46,10,3.8755155157163355,-75.0,1.9102131717099364
2015,52,47,5,1.7997234529708912,-75.0,3.1847385367204106
2015,52,48,7,3.945498476361724,-75.0,4.460843697873993
2015,52,50,10,4.034703238577987,-75.0,7.020370749121086
2015,52,52,1,0.1711268624373388,-75.0,9.594068226860466
2015,52,53,1,0.2463801671019219,-75.0,10.887948130120165
2015,53,34,3,1.2055487666438596,-73.0,-13.493398821551686
2015,53,45,2,0.7625787012957237,-73.0,0.6366328722676353
2015,53,46,1,0.4265197963566842,-73.0,1.9102131717099364
2015,53,47,4,2.8899683252047783,-73.0,3.1847385367204106
2015,53,50,5,2.7384907294542167,-73.0,7.020370749121086
2015,53,51,24,11.46125764760057,-73.0,8.305109528050382
2015,53,52,1,0.3348940000663933,-73.0,9.594068226860466
2015,53,74,2,0.904499652578894,-73.0,40.961788552349354
2015,53,77,1,0.7321833296087682,-73.0,46.23825730732021
2015,54,20,1,0.2142892303413836,-71.0,-32.98670708247892
2015,54,34,1,0.3182521168622397,-71.0,-13.493398821551686
2015,54,50,12,4.101809662863565,-71.0,7.020370749121086
2015,56,52,1,0.2659015924307744,-67.0,9.594068226860466
2015,56,53,1,0.7352773477732811,-67.0,10.887948130120165
2015,58,52,1,0.675473581701875,-63.0,9.594068226860466
2015,59,53,1,0.1482407770649046,-61.0,10.887948130120165
2015,60,19,1,0.2068236787056439,-59.0,-34.51810784106126
2015,61,26,9,4.58615825350584,-57.0,-24.27465219458477
2015,61,27,8,3.7006715481268357,-57.0,-22.885380476158566
2015,62,26,1,0.1402809568019696,-55.0,-24.27465219458477
2015,66,26,1,0.7306252679839866,-47.0,-24.27465219458477
2015,66,27,1,0.2110103608660939,-47.0,-22.885380476158566
2015,67,30,1,0.1914560953307666,-45.0,-18.797368824406544
2015,69,42,1,0.2447123116703122,-41.0,-3.1847385367204106
2015,70,35,1,0.1759692686404266,-39.0,-12.18747413542504
2015,81,54,1,0.405907213747901,-17.0,12.187474135425033
2015,82,55,1,0.2981061688325494,-15.0,13.493398821551693
2015,83,52,2,0.6216986168534995,-13.0,9.594068226860466
2015,84,56,1,0.1541974851721918,-11.0,14.806506911897516
2015,85,54,1,0.665823610311485,-9.0,12.187474135425033
2015,85,80,9,2.4767561992392046,-9.0,52.08179734355447
2015,85,81,1,0.1511991163623757,-9.0,54.2046324563124
2015,86,48,4,1.915193041096377,-7.0,4.460843697873993
2015,86,53,2,1.4642200300104822,-7.0,10.887948130120165
2015,86,54,5,2.3217514343976133,-7.0,12.187474135425033
2015,86,56,2,0.9369470741947934,-7.0,14.806506911897516
2015,86,69,1,0.1207531337370589,-7.0,32.98670708247892
2015,86,80,2,0.872295611434132,-7.0,52.08179734355447
2015,86,81,68,23.978403856507796,-7.0,54.2046324563124
2015,87,53,1,0.5096462775420874,-5.0,10.887948130120165
2015,87,55,3,1.5578498159545153,-5.0,13.493398821551693
2015,87,56,13,5.545468649429718,-5.0,14.806506911897516
2015,87,57,1,0.7418979831229606,-5.0,16.127620213160753
2015,87,59,1,0.4123483322619944,-5.0,18.797368824406544
2015,87,60,2,1.5719081512377295,-5.0,20.147886287247108
2015,87,81,51,19.603765264723442,-5.0,54.2046324563124
2015,87,82,1,0.6623260788130056,-5.0,56.44269023807928
2015,88,55,3,1.531535141352186,-3.0,13.493398821551693
2015,88,56,2,1.224871061772788,-3.0,14.806506911897516
2015,88,57,20,9.087899191584407,-3.0,16.127620213160753
2015,88,58,3,0.7970889954420578,-3.0,17.457603123722095
2015,88,59,1,0.7491812774500858,-3.0,18.797368824406544
2015,88,74,1,0.6527510989413768,-3.0,40.961788552349354
2015,88,80,3,1.9878564028741654,-3.0,52.08179734355447
2015,88,81,1,0.2212030002610786,-3.0,54.2046324563124
2015,88,82,1,0.2533276973713688,-3.0,56.44269023807928
2015,89,54,1,0.8555990190408609,-1.0,12.187474135425033
2015,89,55,1,0.6802295067662473,-1.0,13.493398821551693
2015,89,56,1,0.3189508851488097,-1.0,14.806506911897516
2015,89,57,10,5.119391284670997,-1.0,16.127620213160753
2015,89,58,4,2.6659655117704086,-1.0,17.457603123722095
2015,89,75,1,0.1248248873861873,-1.0,42.670233871257594
2015,89,80,4,1.8163214877770022,-1.0,52.08179734355447
2015,89,81,1,0.660108608124975,-1.0,54.2046324563124
2015,90,56,2,1.0026251895097449,1.0,14.806506911897516
2015,90,57,14,7.875970147317604,1.0,16.127620213160753
2015,90,58,3,1.042275764079681,1.0,17.457603123722095
2015,90,59,17,9.897535601986819,1.0,18.797368824406544
2015,90,60,2,1.6290264411354989,1.0,20.147886287247108
2015,90,71,1,0.79103461748827,1.0,36.07819997184263
2015,90,76,1,0.6623260788130056,1.0,44.4270040008057
2015,90,77,1,0.6623260788130056,1.0,46.23825730732021
2015,90,78,2,1.3919100503231472,1.0,48.11140308495899
2015,91,50,3,1.6076483548989697,3.0,7.020370749121086
2015,91,56,3,1.4272902433165586,3.0,14.806506911897516
2015,91,57,2,0.5201052580431746,3.0,16.127620213160753
2015,91,71,5,2.0290960294756584,3.0,36.07819997184263
2015,91,75,3,1.9988273232447598,3.0,42.670233871257594
2015,91,76,1,0.6837501454903773,3.0,44.4270040008057
2015,91,78,14,8.481655608076771,3.0,48.11140308495899
2015,91,79,3,1.6601813856667385,3.0,50.05549481018511
2015,92,48,2,0.9861781788206785,5.0,4.460843697873993
2015,92,49,5,3.672109028795769,5.0,5.739170477266791
2015,92,50,4,1.737979111934672,5.0,7.020370749121086
2015,92,51,1,0.6611518121384123,5.0,8.305109528050382
2015,92,54,1,0.6358207500774558,5.0,12.187474135425033
2015,92,71,1,0.7262246108904636,5.0,36.07819997184263
2015,92,75,4,1.5345756718253551,5.0,42.670233871257594
2015,92,77,3,2.1018077311837455,5.0,46.23825730732021
2015,92,80,3,1.4000563731870705,5.0,52.08179734355447
2015,93,48,28,12.892861339393088,7.0,4.460843697873993
2015,93,49,11,5.650377645833045,7.0,5.739170477266791
2015,93,50,9,4.6283034065281825,7.0,7.020370749121086
2015,93,51,10,5.8827124366102295,7.0,8.305109528050382
2015,93,52,3,1.4300409607900966,7.0,9.594068226860466
2015,93,53,11,6.668926612691885,7.0,10.887948130120165
2015,93,54,7,4.144670736179922,7.0,12.187474135425033
2015,93,55,1,0.49319123924397,7.0,13.493398821551693
2015,93,70,1,0.4255977287587721,7.0,34.51810784106126
2015,93,71,5,2.337317490819805,7.0,36.07819997184263
2015,93,72,1,0.1598785882609792,7.0,37.669886964329635
2015,93,76,1,0.2606591961807706,7.0,44.4270040008057
2015,93,79,2,0.9716072075048454,7.0,50.05549481018511
2015,93,80,3,1.9809251408390243,7.0,52.08179734355447
2015,94,48,4,1.8528173015473195,9.0,4.460843697873993
2015,94,49,3,1.022620273013291,9.0,5.739170477266791
2015,94,50,28,17.927052977617738,9.0,7.020370749121086
2015,94,51,43,28.892321975947993,9.0,8.305109528050382
2015,94,52,39,19.530909668742666,9.0,9.594068226860466
2015,94,53,2,0.9512090448968995,9.0,10.887948130120165
2015,94,54,6,3.9190814604245605,9.0,12.187474135425033
2015,94,70,4,1.725823161934972,9.0,34.51810784106126
2015,94,71,6,2.248984785521191,9.0,36.07819997184263
2015,94,75,3,1.7185217172689988,9.0,42.670233871257594
2015,94,77,1,0.207405624171147,9.0,46.23825730732021
2015,94,78,3,2.005146420294672,9.0,48.11140308495899
2015,94,79,5,2.795287480041266,9.0,50.05549481018511
2015,94,80,4,2.670054998449135,9.0,52.08179734355447
2015,94,81,5,3.4713424831270787,9.0,54.2046324563124
2015,95,50,3,1.7068897771772769,11.0,7.020370749121086
2015,95,51,3,1.9756887681212119,11.0,8.305109528050382
2015,95,52,1,0.7029765136614484,11.0,9.594068226860466
2015,95,53,42,27.60756070032472,11.0,10.887948130120165
2015,95,54,35,24.06189197153289,11.0,12.187474135425033
2015,95,55,3,2.0114205352420154,11.0,13.493398821551693
2015,95,56,1,0.751211879425037,11.0,14.806506911897516
2015,95,64,1,0.2000811171094165,11.0,25.679288619456855
2015,95,69,2,0.34969666727102255,11.0,32.98670708247892
2015,95,71,7,4.3806658134445895,11.0,36.07819997184263
2015,95,76,1,0.6681616754359964,11.0,44.4270040008057
2015,95,77,1,0.7181668413008214,11.0,46.23825730732021
2015,95,78,4,2.246231689638981,11.0,48.11140308495899
2015,95,79,3,1.5210680073520244,11.0,50.05549481018511
2015,95,80,5,2.9501007872649674,11.0,52.08179734355447
2015,95,81,3,1.5812765793341987,11.0,54.2046324563124
2015,95,83,6,4.130028159207715,11.0,58.82116446134409
2015,96,51,1,0.4675160303986072,13.0,8.305109528050382
2015,96,52,14,7.832766237435941,13.0,9.594068226860466
2015,96,53,140,83.8198910343048,13.0,10.887948130120165
2015,96,54,135,77.43066096469184,13.0,12.187474135425033
2015,96,55,73,45.11433522901704,13.0,13.493398821551693
2015,96,56,6,4.359580313738561,13.0,14.806506911897516
2015,96,67,1,0.2664084663480712,13.0,29.999999999999996
2015,96,68,13,7.10242944769575,13.0,31.48143215916898
2015,96,69,97,39.28200411567631,13.0,32.98670708247892
2015,96,75,2,0.1969592091910623,13.0,42.670233871257594
2015,96,79,13,8.303053023832124,13.0,50.05549481018511
2015,96,80,11,5.791049922235701,13.0,52.08179734355447
2015,96,81,4,2.1445802182494105,13.0,54.2046324563124
2015,96,82,13,8.433839189945468,13.0,56.44269023807928
2015,96,83,4,1.847361316938039,13.0,58.82116446134409
2015,97,49,4,1.5585464766258375,15.0,5.739170477266791
2015,97,50,1,0.4791428907433687,15.0,7.020370749121086
2015,97,53,35,20.683158788750294,15.0,10.887948130120165
2015,97,54,50,27.398624746314514,15.0,12.187474135425033
2015,97,55,19,10.909427983443845,15.0,13.493398821551693
2015,97,63,1,0.5914000746915512,15.0,24.274652194584778
2015,97,64,1,0.300169251771752,15.0,25.679288619456855
2015,97,65,6,1.8408945674682977,15.0,27.1006853482402
2015,97,66,1,0.4613946854622257,15.0,28.540365484875558
2015,97,67,1,0.4201575562508016,15.0,29.999999999999996
2015,97,68,3,1.3805495206153449,15.0,31.48143215916898
2015,97,69,19,9.47063563856944,15.0,32.98670708247892
2015,97,71,1,0.7197408550483965,15.0,36.07819997184263
2015,97,76,1,0.2201014180421312,15.0,44.4270040008057
2015,97,79,3,2.017866934123406,15.0,50.05549481018511
2015,97,80,1,0.663974440981415,15.0,52.08179734355447
2015,97,82,1,0.6772151852746152,15.0,56.44269023807928
2015,97,83,2,1.3952242775244805,15.0,58.82116446134409
2015,98,50,1,0.6948732050492793,17.0,7.020370749121086
2015,98,66,4,1.9630774404822398,17.0,28.540365484875558
2015,98,67,23,12.844685187066814,17.0,29.999999999999996
2015,98,68,88,41.06973605647759,17.0,31.48143215916898
2015,98,75,2,1.3604720017418561,17.0,42.670233871257594
2015,98,82,1,0.663974440981415,17.0,56.44269023807928
2015,98,83,3,0.9146893498974601,17.0,58.82116446134409
2015,98,84,1,0.6527510989413768,17.0,61.37544904657465
2015,98,85,1,0.663974440981415,17.0,64.15806723683286
2015,99,19,2,1.4773390750267623,19.0,-34.51810784106126
2015,99,48,26,9.970056164849124,19.0,4.460843697873993
2015,99,49,1,0.1190325543267728,19.0,5.739170477266791
2015,99,50,2,0.7896667545145704,19.0,7.020370749121086
2015,99,67,11,5.240451654822594,19.0,29.999999999999996
2015,99,68,2,0.3453963817240267,19.0,31.48143215916898
2015,99,74,4,1.9078802955858944,19.0,40.961788552349354
2015,99,75,1,0.6464479123216338,19.0,42.670233871257594
2015,99,76,3,1.781313625647324,19.0,44.4270040008057
2015,99,78,1,0.2018172458659695,19.0,48.11140308495899
2015,99,83,2,1.3837152960298114,19.0,58.82116446134409
2015,100,38,1,0.7625350482555738,21.0,-8.305109528050389
2015,100,43,1,0.2449971200560692,21.0,-1.9102131717099302
2015,100,48,3,1.342508197749306,21.0,4.460843697873993
2015,100,49,7,3.3357362892099656,21.0,5.739170477266791
2015,100,68,179,88.7436570084845,21.0,31.48143215916898
2015,100,69,9,2.3423967817417064,21.0,32.98670708247892
2015,100,75,6,3.4025496398040214,21.0,42.670233871257594
2015,100,84,1,0.663974440981415,21.0,61.37544904657465
2015,100,86,1,0.663974440981415,21.0,67.25314872563517
2015,101,36,1,0.7625350482555738,23.0,-10.887948130120165
2015,101,41,1,0.2777944661987903,23.0,-4.460843697873993
2015,101,47,3,1.2794646979492907,23.0,3.1847385367204106
2015,101,48,1,0.2679676014275886,23.0,4.460843697873993
2015,101,50,1,0.2472689195563534,23.0,7.020370749121086
2015,101,53,1,0.6850771861442003,23.0,10.887948130120165
2015,101,54,4,1.2356238299917268,23.0,12.187474135425033
2015,101,55,23,10.20315798559602,23.0,13.493398821551693
2015,101,56,1,0.7228480687917813,23.0,14.806506911897516
2015,101,63,1,0.6843472535613144,23.0,24.274652194584778
2015,101,65,1,0.7828679969512273,23.0,27.1006853482402
2015,101,68,14,4.975663194841626,23.0,31.48143215916898
2015,101,69,54,25.090677764339432,23.0,32.98670708247892
2015,101,72,26,15.340329545742872,23.0,37.669886964329635
2015,101,73,1,0.2394404882444818,23.0,39.2964802391875
2015,101,74,1,0.6546246210446036,23.0,40.961788552349354
2015,101,75,1,0.7242152399520746,23.0,42.670233871257594
2015,101,78,1,0.6873183839598224,23.0,48.11140308495899
2015,101,79,1,0.7325051033224163,23.0,50.05549481018511
2015,101,84,3,1.991923322944245,23.0,61.37544904657465
2015,102,39,1,0.6949306559472701,25.0,-7.020370749121086
2015,102,46,2,1.1578999703430428,25.0,1.9102131717099364
2015,102,47,1,0.3580108791013517,25.0,3.1847385367204106
2015,102,48,7,3.827262722373047,25.0,4.460843697873993
2015,102,51,1,0.6638692744562034,25.0,8.305109528050382
2015,102,53,10,4.965906378452659,25.0,10.887948130120165
2015,102,54,11,5.009543752945907,25.0,12.187474135425033
2015,102,55,60,32.51168989876693,25.0,13.493398821551693
2015,102,56,6,2.130246692335703,25.0,14.806506911897516
2015,102,57,7,2.796927242514077,25.0,16.127620213160753
2015,102,71,1,0.2212030002610786,25.0,36.07819997184263
2015,102,74,1,0.6623260788130056,25.0,40.961788552349354
2015,102,75,1,0.7093293054245738,25.0,42.670233871257594
2015,102,78,4,1.7607079915261885,25.0,48.11140308495899
2015,102,79,7,4.500539573826085,25.0,50.05549481018511
2015,102,83,1,0.7354385819921128,25.0,58.82116446134409
2015,102,84,3,1.535354506133977,25.0,61.37544904657465
2015,102,85,1,0.1261792250870792,25.0,64.15806723683286
2015,103,22,1,0.3751486354089673,27.0,-29.999999999999996
2015,103,25,2,0.537204119202236,27.0,-25.679288619456855
2015,103,38,1,0.7625350482555738,27.0,-8.305109528050389
2015,103,46,2,1.4024721574557808,27.0,1.9102131717099364
2015,103,47,1,0.2984443214932361,27.0,3.1847385367204106
2015,103,49,1,0.4683448184959894,27.0,5.739170477266791
2015,103,50,1,0.3451055964986207,27.0,7.020370749121086
2015,103,51,2,0.561546678006657,27.0,8.305109528050382
2015,103,53,1,0.5778304520341376,27.0,10.887948130120165
2015,103,56,1,0.1593552438578809,27.0,14.806506911897516
2015,103,59,1,0.3125301665231635,27.0,18.797368824406544
2015,103,72,3,0.7186322496091107,27.0,37.669886964329635
2015,103,73,1,0.650863936590707,27.0,39.2964802391875
2015,103,79,2,1.4880306477656953,27.0,50.05549481018511
2015,103,80,1,0.6766681657333621,27.0,52.08179734355447
2015,103,83,1,0.6915572721949717,27.0,58.82116446134409
2015,103,84,1,0.663974440981415,27.0,61.37544904657465
2015,104,38,1,0.399996551946639,29.0,-8.305109528050389
2015,104,40,1,0.7146480696748386,29.0,-5.739170477266785
2015,104,41,4,2.3848322566901548,29.0,-4.460843697873993
2015,104,42,95,42.23706388616149,29.0,-3.1847385367204106
2015,104,43,15,6.6364754336109115,29.0,-1.9102131717099302
2015,104,44,31,11.481981846438382,29.0,-0.6366328722676353
2015,104,45,50,27.780199742929963,29.0,0.6366328722676353
2015,104,46,8,5.707099153136521,29.0,1.9102131717099364
2015,104,47,8,4.4274248854165075,29.0,3.1847385367204106
2015,104,48,10,4.821466887626482,29.0,4.460843697873993
2015,104,50,2,0.8842231537320463,29.0,7.020370749121086
2015,104,51,7,3.8952639051175044,29.0,8.305109528050382
2015,104,52,4,1.6369147814544789,29.0,9.594068226860466
2015,104,53,6,2.6284913254014475,29.0,10.887948130120165
2015,104,54,3,1.251261673084404,29.0,12.187474135425033
2015,104,66,3,1.7120988082204873,29.0,28.540365484875558
2015,104,68,32,13.54362847484841,29.0,31.48143215916898
2015,104,74,37,16.741656448571636,29.0,40.961788552349354
2015,105,22,1,0.268602059601118,31.0,-29.999999999999996
2015,105,42,7,3.3876822914747615,31.0,-3.1847385367204106
2015,105,43,6,4.331641811101959,31.0,-1.9102131717099302
2015,105,47,2,0.9048804102138115,31.0,3.1847385367204106
2015,105,48,6,2.5615921598375904,31.0,4.460843697873993
2015,105,49,6,2.4146814591067582,31.0,5.739170477266791
2015,105,50,2,1.1601714630556939,31.0,7.020370749121086
2015,105,52,8,1.99673289944693,31.0,9.594068226860466
2015,105,53,5,3.86311975535272,31.0,10.887948130120165
2015,105,54,7,4.121487539123365,31.0,12.187474135425033
2015,105,65,3,0.735102686527966,31.0,27.1006853482402
2015,105,66,20,7.285272143400097,31.0,28.540365484875558
2015,105,67,179,87.5808133147503,31.0,29.999999999999996
2015,105,68,36,16.39035089455412,31.0,31.48143215916898
2015,105,77,28,15.96964943618015,31.0,46.23825730732021
2015,105,79,19,9.98892851205025,31.0,50.05549481018511
2015,106,25,2,0.5245053085049962,33.0,-25.679288619456855
2015,106,26,1,0.1807516045165913,33.0,-24.27465219458477
2015,106,30,1,0.7088454685976423,33.0,-18.797368824406544
2015,106,32,1,0.1821142073026753,33.0,-16.127620213160757
2015,106,42,1,0.2661864008165313,33.0,-3.1847385367204106
2015,106,45,9,2.574635859040121,33.0,0.6366328722676353
2015,106,47,1,0.7199240971585303,33.0,3.1847385367204106
2015,106,48,2,0.9194076216756951,33.0,4.460843697873993
2015,106,50,1,0.2092741653831419,33.0,7.020370749121086
2015,106,51,2,0.802526055557806,33.0,8.305109528050382
2015,106,53,1,0.1446696236471542,33.0,10.887948130120165
2015,106,54,1,0.1966831570733556,33.0,12.187474135425033
2015,106,57,3,1.7089370342614982,33.0,16.127620213160753
2015,106,63,5,2.441401873439688,33.0,24.274652194584778
2015,106,64,5,2.939761761194769,33.0,25.679288619456855
2015,106,65,1,0.7828679969512273,33.0,27.1006853482402
2015,106,67,38,10.96497674018831,33.0,29.999999999999996
2015,106,68,128,61.614888309327895,33.0,31.48143215916898
2015,106,70,3,1.1638599243392052,33.0,34.51810784106126
2015,106,73,5,2.2087075675329384,33.0,39.2964802391875
2015,106,77,5,3.0481063594256392,33.0,46.23825730732021
2015,106,78,2,0.4988194100332012,33.0,48.11140308495899
2015,106,79,1,0.6750047223370047,33.0,50.05549481018511
2015,107,30,2,0.35956628820008085,35.0,-18.797368824406544
2015,107,50,3,1.5985941249295816,35.0,7.020370749121086
2015,107,53,1,0.3746793398735898,35.0,10.887948130120165
2015,107,54,1,0.1807516045165913,35.0,12.187474135425033
2015,107,55,2,0.4972628694033402,35.0,13.493398821551693
2015,107,57,1,0.7250413141091738,35.0,16.127620213160753
2015,107,67,3,1.4427377662643477,35.0,29.999999999999996
2015,107,68,465,184.30504680805032,35.0,31.48143215916898
2015,107,69,44,14.42239482615351,35.0,32.98670708247892
2015,107,70,12,6.6354249248172295,35.0,34.51810784106126
2015,107,71,13,7.695488550297828,35.0,36.07819997184263
2015,107,72,9,3.274104572515574,35.0,37.669886964329635
2015,107,76,1,0.6783165279017713,35.0,44.4270040008057
2015,107,77,6,3.4896624693024116,35.0,46.23825730732021
2015,107,78,4,1.4351030883581837,35.0,48.11140308495899
2015,107,79,2,0.9474199790898148,35.0,50.05549481018511
2015,108,38,1,0.7473216009102783,37.0,-8.305109528050389
2015,108,43,2,1.4661632635271542,37.0,-1.9102131717099302
2015,108,44,4,0.8462284713258077,37.0,-0.6366328722676353
2015,108,46,1,0.5167655263038896,37.0,1.9102131717099364
2015,108,55,1,0.7194085020999519,37.0,13.493398821551693
2015,108,67,1,0.6915826743799612,37.0,29.999999999999996
2015,108,68,1,0.6632693546355798,37.0,31.48143215916898
2015,108,69,121,77.17100086996767,37.0,32.98670708247892
2015,108,70,77,39.09515662506559,37.0,34.51810784106126
2015,108,71,195,106.00908793243124,37.0,36.07819997184263
2015,108,72,6,2.04523899037602,37.0,37.669886964329635
2015,108,77,63,21.013987748102146,37.0,46.23825730732021
2015,108,78,255,93.43217404027811,37.0,48.11140308495899
2015,108,79,18,10.490436164693755,37.0,50.05549481018511
2015,108,82,3,1.2164101352399705,37.0,56.44269023807928
2015,109,33,1,0.4174093121234646,39.0,-14.806506911897516
2015,109,39,1,0.7525712107191483,39.0,-7.020370749121086
2015,109,40,4,1.4207804990576705,39.0,-5.739170477266785
2015,109,41,4,1.2949004255932266,39.0,-4.460843697873993
2015,109,44,3,1.7151792574292473,39.0,-0.6366328722676353
2015,109,50,1,0.5968380570730306,39.0,7.020370749121086
2015,109,52,1,0.5133488231842592,39.0,9.594068226860466
2015,109,55,1,0.2739085255410883,39.0,13.493398821551693
2015,109,61,1,0.2596693110642123,39.0,21.510188266887486
2015,109,69,5,3.104922021777071,39.0,32.98670708247892
2015,109,70,21,12.501811815894563,39.0,34.51810784106126
2015,109,71,13,5.784990409176251,39.0,36.07819997184263
2015,109,72,18,9.833359231681792,39.0,37.669886964329635
2015,109,73,22,10.944121849989015,39.0,39.2964802391875
2015,109,74,2,1.4740383377263842,39.0,40.961788552349354
2015,109,78,213,89.62501484091239,39.0,48.11140308495899
2015,109,79,1,0.6954017790452509,39.0,50.05549481018511
2015,110,43,20,10.642340517429435,41.0,-1.9102131717099302
2015,110,44,7,3.0156093346855677,41.0,-0.6366328722676353
2015,110,45,7,2.3194181766915682,41.0,0.6366328722676353
2015,110,46,10,2.973445963950057,41.0,1.9102131717099364
2015,110,47,14,8.264225631602411,41.0,3.1847385367204106
2015,110,48,20,9.321767686321058,41.0,4.460843697873993
2015,110,61,1,0.5501740457389566,41.0,21.510188266887486
2015,110,65,1,0.1934537142578975,41.0,27.1006853482402
2015,110,68,5,2.669981980583757,41.0,31.48143215916898
2015,110,69,38,10.478535846887935,41.0,32.98670708247892
2015,110,70,24,8.789161682651315,41.0,34.51810784106126
2015,110,71,67,35.27078464915469,41.0,36.07819997184263
2015,110,72,126,59.39775267993585,41.0,37.669886964329635
2015,110,73,22,11.652212752624251,41.0,39.2964802391875
2015,110,79,1,0.7311464283270527,41.0,50.05549481018511
2015,111,44,20,10.418063754145244,43.0,-0.6366328722676353
2015,111,45,3,0.7523972403360925,43.0,0.6366328722676353
2015,111,46,22,8.286720735306702,43.0,1.9102131717099364
2015,111,47,41,16.96320033218354,43.0,3.1847385367204106
2015,111,48,10,3.2125548616904758,43.0,4.460843697873993
2015,111,52,1,0.4575565170969493,43.0,9.594068226860466
2015,111,54,1,0.2203080929128692,43.0,12.187474135425033
2015,111,55,23,12.322457547619457,43.0,13.493398821551693
2015,111,56,23,8.653408340766509,43.0,14.806506911897516
2015,111,57,15,6.427131026873902,43.0,16.127620213160753
2015,111,58,40,17.710317707145364,43.0,17.457603123722095
2015,111,59,7,3.0000607361434364,43.0,18.797368824406544
2015,111,66,2,0.7563021354237389,43.0,28.540365484875558
2015,111,68,4,2.868513925543575,43.0,31.48143215916898
2015,111,69,337,170.83929461363238,43.0,32.98670708247892
2015,111,70,321,147.38326040149713,43.0,34.51810784106126
2015,111,71,136,56.169384988778425,43.0,36.07819997184263
2015,111,72,81,34.3017046538261,43.0,37.669886964329635
2015,111,73,32,17.043058860879146,43.0,39.2964802391875
2015,111,74,11,6.852762836160151,43.0,40.961788552349354
2015,112,45,1,0.2203080929128692,45.0,0.6366328722676353
2015,112,46,174,81.12671089781347,45.0,1.9102131717099364
2015,112,47,27,11.748090427180431,45.0,3.1847385367204106
2015,112,48,31,10.795154441466142,45.0,4.460843697873993
2015,112,49,1,0.4332875082662425,45.0,5.739170477266791
2015,112,52,1,0.2836966654466185,45.0,9.594068226860466
2015,112,54,104,49.86089794865919,45.0,12.187474135425033
2015,112,55,238,115.95483536528866,45.0,13.493398821551693
2015,112,56,145,57.36583334218012,45.0,14.806506911897516
2015,112,57,19,8.893441592598622,45.0,16.127620213160753
2015,112,58,22,11.243844072118087,45.0,17.457603123722095
2015,112,59,9,3.994824463174248,45.0,18.797368824406544
2015,112,68,2,0.8851850004563491,45.0,31.48143215916898
2015,112,69,1596,938.4518946789284,45.0,32.98670708247892
2015,112,70,192,95.95267622196513,45.0,34.51810784106126
2015,112,71,67,37.656399479182745,45.0,36.07819997184263
2015,112,72,38,14.329270957157926,45.0,37.669886964329635
2015,112,73,12,7.209029465411396,45.0,39.2964802391875
2015,112,74,3,0.5203839382285524,45.0,40.961788552349354
2015,112,75,4,1.405188302563031,45.0,42.670233871257594
2015,112,76,1,0.2632282959232273,45.0,44.4270040008057
2015,113,47,2,1.529672672988486,47.0,3.1847385367204106
2015,113,48,13,3.2223966626180887,47.0,4.460843697873993
2015,113,49,10,3.4468282947839075,47.0,5.739170477266791
2015,113,50,10,5.701434741086834,47.0,7.020370749121086
2015,113,51,1,0.2879887040201983,47.0,8.305109528050382
2015,113,55,9,3.81844225215473,47.0,13.493398821551693
2015,113,56,10,3.7441818154739703,47.0,14.806506911897516
2015,113,57,2,1.00728234714889,47.0,16.127620213160753
2015,113,58,1,0.1569411396709013,47.0,17.457603123722095
2015,113,62,1,0.7240274736491508,47.0,22.885380476158566
2015,113,63,3,1.4274349047915227,47.0,24.274652194584778
2015,113,67,9,4.1269368966184565,47.0,29.999999999999996
2015,113,71,1,0.4650692899165504,47.0,36.07819997184263
2015,113,75,8,2.220963684687872,47.0,42.670233871257594
2015,113,76,1,0.1962762260046277,47.0,44.4270040008057
2015,114,51,2,1.2051716158087902,49.0,8.305109528050382
2015,114,52,1,0.2447172640096008,49.0,9.594068226860466
2015,114,53,24,10.724263971525444,49.0,10.887948130120165
2015,114,56,25,9.885234563365566,49.0,14.806506911897516
2015,114,57,27,14.033582168202889,49.0,16.127620213160753
2015,114,58,6,2.695471987608025,49.0,17.457603123722095
2015,114,64,2,1.1048645609640624,49.0,25.679288619456855
2015,114,65,2,1.1046488806445025,49.0,27.1006853482402
2015,114,69,1,0.4712360995985907,49.0,32.98670708247892
2015,114,75,4,1.7785940310563522,49.0,42.670233871257594
2015,115,64,19,8.202532696027241,51.0,25.679288619456855
2015,115,65,4,3.133749723528331,51.0,27.1006853482402
2015,120,64,5,2.639734424204304,61.0,25.679288619456855
2015,120,65,3,1.0271205455126728,61.0,27.1006853482402
2015,120,66,1,0.3806204044697405,61.0,28.540365484875558
2015,120,67,1,0.1682598931877361,61.0,29.999999999999996
2015,120,68,6,2.746900262778018,61.0,31.48143215916898
2015,120,69,4,3.019762157810058,61.0,32.98670708247892
2015,120,70,11,4.871208208476977,61.0,34.51810784106126
2015,120,71,1,0.4517247572010424,61.0,36.07819997184263
2015,121,64,81,33.91012085051463,63.0,25.679288619456855
2015,121,65,5,1.25758895809365,63.0,27.1006853482402
2015,121,67,8,3.8535927964006027,63.0,29.999999999999996
2015,121,68,22,9.30843949541635,63.0,31.48143215916898
2015,121,69,101,43.67045244757513,63.0,32.98670708247892
2015,121,70,94,36.73051153390894,63.0,34.51810784106126
2015,121,71,10,3.7296780660001594,63.0,36.07819997184263
2015,122,64,9,3.073906795538352,65.0,25.679288619456855
2015,122,65,32,14.995976935401618,65.0,27.1006853482402
2015,122,66,14,4.596290939951267,65.0,28.540365484875558
2015,122,67,3,0.8223129078581326,65.0,29.999999999999996
2015,122,68,200,90.42048829815572,65.0,31.48143215916898
2015,122,69,83,40.132010543165684,65.0,32.98670708247892
2015,122,70,20,7.898995590215583,65.0,34.51810784106126
2015,122,71,141,57.9856879184883,65.0,36.07819997184263
2015,122,72,17,8.310436020610252,65.0,37.669886964329635
2015,123,63,144,63.99149765663863,67.0,24.274652194584778
2015,123,64,12,6.5473937809762965,67.0,25.679288619456855
2015,123,65,6,2.3777772782131494,67.0,27.1006853482402
2015,123,66,19,8.750642687463328,67.0,28.540365484875558
2015,123,67,133,63.59407243010406,67.0,29.999999999999996
2015,123,68,66,30.072864244639018,67.0,31.48143215916898
2015,123,69,91,38.40644481195599,67.0,32.98670708247892
2015,123,70,6,2.5611906434652982,67.0,34.51810784106126
2015,123,71,41,18.459254611639956,67.0,36.07819997184263
2015,123,72,7,3.021956314478325,67.0,37.669886964329635
2015,124,63,2,0.44965688380486707,69.0,24.274652194584778
2015,124,64,10,5.809625129307453,69.0,25.679288619456855
2015,124,65,6,2.6666285565100285,69.0,27.1006853482402
2015,124,66,148,76.18729252541203,69.0,28.540365484875558
2015,124,67,32,15.78249790646168,69.0,29.999999999999996
2015,124,68,16,8.257470301405672,69.0,31.48143215916898
2015,124,69,232,118.02238805196606,69.0,32.98670708247892
2015,124,70,298,145.17119424897396,69.0,34.51810784106126
2015,124,71,141,71.68170250267549,69.0,36.07819997184263
2015,124,72,45,19.415241801674284,69.0,37.669886964329635
2015,124,73,2,1.2305283877756454,69.0,39.2964802391875
2015,124,74,1,0.1461287413264567,69.0,40.961788552349354
2015,125,66,5,2.661979938353606,71.0,28.540365484875558
2015,125,67,10,3.9805756653660915,71.0,29.999999999999996
2015,125,68,37,16.324565190088798,71.0,31.48143215916898
2015,125,69,123,55.933179244200836,71.0,32.98670708247892
2015,125,70,489,216.66514583865657,71.0,34.51810784106126
2015,125,71,47,23.979790520590768,71.0,36.07819997184263
2015,125,72,19,6.921981498768548,71.0,37.669886964329635
2015,126,48,2,0.8728474287327441,73.0,4.460843697873993
2015,126,57,1,0.6777185726228062,73.0,16.127620213160753
2015,126,59,4,1.943260949090602,73.0,18.797368824406544
2015,126,60,1,0.2068941580461191,73.0,20.147886287247108
2015,126,65,1,0.6738741325637739,73.0,27.1006853482402
2015,126,67,1,0.6749846117958698,73.0,29.999999999999996
2015,126,68,14,6.1444133646336905,73.0,31.48143215916898
2015,126,69,17,7.666962420990585,73.0,32.98670708247892
2015,126,70,57,22.545799483996966,73.0,34.51810784106126
2015,126,71,4,0.8487785089797811,73.0,36.07819997184263
2015,127,54,12,6.279110479497355,75.0,12.187474135425033
2015,127,56,3,0.5587164651030505,75.0,14.806506911897516
2015,127,57,2,0.5543396316192795,75.0,16.127620213160753
2015,127,58,1,0.6931291491174258,75.0,17.457603123722095
2015,127,59,1,0.3482551954393743,75.0,18.797368824406544
2015,127,60,1,0.2073205230413664,75.0,20.147886287247108
2015,127,62,1,0.2901338969100022,75.0,22.885380476158566
2015,127,63,1,0.3884598958179616,75.0,24.274652194584778
2015,127,68,24,11.691796917739683,75.0,31.48143215916898
2015,127,69,37,12.88103624046486,75.0,32.98670708247892
2015,127,70,71,24.897935008992967,75.0,34.51810784106126
2015,127,71,2,1.4135020458580647,75.0,36.07819997184263
2015,127,73,2,1.414687194240446,75.0,39.2964802391875
2015,127,75,3,0.6533216044311654,75.0,42.670233871257594
2015,128,51,1,0.3308110126635949,77.0,8.305109528050382
2015,128,52,2,1.456454478098283,77.0,9.594068226860466
2015,128,53,5,1.490875141322572,77.0,10.887948130120165
2015,128,54,1,0.6957695970236559,77.0,12.187474135425033
2015,128,55,1,0.679592094726033,77.0,13.493398821551693
2015,128,62,2,0.3635582150829697,77.0,22.885380476158566
2015,128,66,3,1.260893157178319,77.0,28.540365484875558
2015,128,68,1,0.6795110476581143,77.0,31.48143215916898
2015,128,70,1,0.4212610306456953,77.0,34.51810784106126
2015,128,72,1,0.5762397854253859,77.0,37.669886964329635
2015,129,50,3,1.5681098205110375,79.0,7.020370749121086
2015,129,52,5,2.63401523521195,79.0,9.594068226860466
2015,129,53,3,0.558920072461843,79.0,10.887948130120165
2015,129,54,1,0.3098405876110098,79.0,12.187474135425033
2015,129,55,1,0.2475756002084316,79.0,13.493398821551693
2015,129,56,2,0.3520383954579997,79.0,14.806506911897516
2015,129,57,4,2.4363750007009948,79.0,16.127620213160753
2015,129,58,4,1.9255990753692456,79.0,17.457603123722095
2015,129,59,3,0.6828624794847908,79.0,18.797368824406544
2015,129,60,4,1.9550496359137555,79.0,20.147886287247108
2015,129,62,2,0.9339159614544634,79.0,22.885380476158566
2015,129,65,2,0.4585805362556712,79.0,27.1006853482402
2015,129,66,3,1.8267728056993042,79.0,28.540365484875558
2015,129,72,6,2.2074116863494004,79.0,37.669886964329635
2015,130,49,1,0.2068941580461191,81.0,5.739170477266791
2015,130,50,1,0.234777844690143,81.0,7.020370749121086
2015,130,51,4,0.9333135439322849,81.0,8.305109528050382
2015,130,52,2,1.4921279375063716,81.0,9.594068226860466
2015,130,55,4,1.9455379810029345,81.0,13.493398821551693
2015,130,57,1,0.2475756002084316,81.0,16.127620213160753
2015,130,58,12,3.710567135357173,81.0,17.457603123722095
2015,130,59,139,49.368140044087184,81.0,18.797368824406544
2015,130,60,42,15.998778666040552,81.0,20.147886287247108
2015,130,61,10,3.3127822916524514,81.0,21.510188266887486
2015,130,64,5,1.2567786902114737,81.0,25.679288619456855
2015,130,65,6,1.3660901846243558,81.0,27.1006853482402
2015,130,66,2,0.49605714070762885,81.0,28.540365484875558
2015,130,75,1,0.487880280370137,81.0,42.670233871257594
2015,131,58,9,5.759651419720751,83.0,17.457603123722095
2015,131,59,15,5.962566607670228,83.0,18.797368824406544
2015,131,60,9,4.4423485680779775,83.0,20.147886287247108
2015,131,61,4,1.9730158099475148,83.0,21.510188266887486
2015,131,63,2,0.89015333589489,83.0,24.274652194584778
2015,131,64,3,1.7003347363443289,83.0,25.679288619456855
2015,131,65,7,3.4458568759963466,83.0,27.1006853482402
2015,131,66,2,0.9192918739687235,83.0,28.540365484875558
2015,132,59,4,1.2594623695687828,85.0,18.797368824406544
2015,132,60,11,3.9188190008806023,85.0,20.147886287247108
2015,132,61,3,1.6495091416969159,85.0,21.510188266887486
2015,132,62,20,5.811803920775231,85.0,22.885380476158566
2015,132,63,60,25.402301155574868,85.0,24.274652194584778
2015,132,64,13,4.760696014429298,85.0,25.679288619456855
2015,132,65,18,9.40895112916855,85.0,27.1006853482402
2015,132,66,3,1.5215187636694996,85.0,28.540365484875558
2015,133,60,1,0.3178581483920187,87.0,20.147886287247108
2015,133,62,9,1.9583359011713002,87.0,22.885380476158566
2015,133,63,24,11.19338789316478,87.0,24.274652194584778
2015,133,64,3,1.1816393506967762,87.0,25.679288619456855
2015,133,65,20,8.804355179085938,87.0,27.1006853482402
2015,133,76,1,0.1722088667011768,87.0,44.4270040008057
2015,134,62,54,28.636390555849193,89.0,22.885380476158566
2015,134,63,58,25.87186345621449,89.0,24.274652194584778
2015,134,64,35,16.004815311463513,89.0,25.679288619456855
2015,134,65,2,0.3434270520391944,89.0,27.1006853482402
2015,135,62,80,40.87334082963418,91.0,22.885380476158566
2015,135,63,254,93.42748424696582,91.0,24.274652194584778
2015,135,64,60,19.219894246062694,91.0,25.679288619456855
2015,135,65,12,2.949878984400576,91.0,27.1006853482402
2015,136,61,2,0.5257538341110265,93.0,21.510188266887486
2015,136,62,4,1.4640347904436917,93.0,22.885380476158566
2015,136,63,86,37.37355212540751,93.0,24.274652194584778
2015,136,64,17,6.806440275559558,93.0,25.679288619456855
2015,136,65,8,1.7454565481957685,93.0,27.1006853482402
2015,137,49,1,0.7215350160324803,95.0,5.739170477266791
2015,137,63,18,7.276656534081349,95.0,24.274652194584778
2015,137,64,25,8.099389476368046,95.0,25.679288619456855
2015,137,65,23,9.16142276493204,95.0,27.1006853482402
2015,138,46,2,1.443062267125785,97.0,1.9102131717099364
2015,138,48,1,0.3248983400304844,97.0,4.460843697873993
2015,138,58,1,0.1633550758982677,97.0,17.457603123722095
2015,138,60,1,0.7643614430811083,97.0,20.147886287247108
2015,138,62,5,1.99808067094494,97.0,22.885380476158566
2015,138,63,5,2.603814808278758,97.0,24.274652194584778
2015,138,64,8,5.5863089955926695,97.0,25.679288619456855
2015,139,60,1,0.7729476033849471,99.0,20.147886287247108
2015,139,61,7,3.5195999317384423,99.0,21.510188266887486
2015,139,63,5,3.697390794239271,99.0,24.274652194584778
2015,140,47,2,0.889567419571852,101.0,3.1847385367204106
2015,140,49,93,47.532983974883706,101.0,5.739170477266791
2015,140,50,173,75.3871220510223,101.0,7.020370749121086
2015,140,52,1,0.4468501221664928,101.0,9.594068226860466
2015,140,55,4,2.038156899064443,101.0,13.493398821551693
2015,140,61,2,1.4540678024093605,101.0,21.510188266887486
2015,141,49,6,4.127279403500784,103.0,5.739170477266791
2015,141,58,1,0.2637800837760093,103.0,17.457603123722095
2015,141,59,2,0.9020800290729482,103.0,18.797368824406544
2015,143,39,1,0.7176698446822455,107.0,-7.020370749121086
2015,143,40,3,1.0989035122671855,107.0,-5.739170477266785
2015,144,38,1,0.6772214263571388,109.0,-8.305109528050389
2015,144,63,1,0.4754332402586005,109.0,24.274652194584778
2015,144,70,1,0.1677397068847924,109.0,34.51810784106126
2015,144,73,1,0.7032087671218937,109.0,39.2964802391875
2015,145,38,1,0.6772214263571388,111.0,-8.305109528050389
2015,145,46,2,1.456798824030863,111.0,1.9102131717099364
2015,146,62,1,0.4464502444355614,113.0,22.885380476158566
2015,147,70,1,0.708047813370236,115.0,34.51810784106126
2015,148,51,2,1.307089089106975,117.0,8.305109528050382
2015,149,40,1,0.1769973894114641,119.0,-5.739170477266785
2015,149,48,1,0.1354431542081075,119.0,4.460843697873993
2015,149,49,1,0.2676000137541245,119.0,5.739170477266791
2015,150,43,3,0.8161282778447574,121.0,-1.9102131717099302
2015,150,44,4,1.0779630152266362,121.0,-0.6366328722676353
2015,150,45,1,0.251788192456239,121.0,0.6366328722676353
2015,150,49,41,13.399977205521584,121.0,5.739170477266791
2015,150,50,22,8.043166335858697,121.0,7.020370749121086
2015,150,55,9,3.4291453907959943,121.0,13.493398821551693
2015,150,56,30,11.922241975062452,121.0,14.806506911897516
2015,150,57,21,7.894719366571662,121.0,16.127620213160753
2015,150,58,22,8.860823998867195,121.0,17.457603123722095
2015,150,59,3,0.8178125903258036,121.0,18.797368824406544
2015,150,66,1,0.7058160431403768,121.0,28.540365484875558
2015,151,50,46,16.932148206576414,123.0,7.020370749121086
2015,151,51,19,6.2531480088806735,123.0,8.305109528050382
2015,151,52,10,3.2938541464176434,123.0,9.594068226860466
2015,151,53,24,9.591863825029073,123.0,10.887948130120165
2015,151,54,25,8.466514484952045,123.0,12.187474135425033
2015,151,55,42,14.928455206340274,123.0,13.493398821551693
2015,151,56,7,2.9173104541179584,123.0,14.806506911897516
2015,151,57,1,0.6856974708863597,123.0,16.127620213160753
2015,152,49,19,7.4512386785502756,125.0,5.739170477266791
2015,152,50,222,87.92774234900612,125.0,7.020370749121086
2015,152,51,54,22.86354380106733,125.0,8.305109528050382
2015,152,52,17,6.092658726806756,125.0,9.594068226860466
2015,152,53,2,1.324402787174623,125.0,10.887948130120165
2015,152,54,20,7.347291923010339,125.0,12.187474135425033
2015,152,55,10,3.443194084005347,125.0,13.493398821551693
2015,153,50,21,7.699100924715261,127.0,7.020370749121086
2015,153,51,25,10.885999586341464,127.0,8.305109528050382
2015,153,52,4,2.4584171243924633,127.0,9.594068226860466
2015,153,72,1,0.1914694292786166,127.0,37.669886964329635
2015,158,41,3,1.2696459786985421,137.0,-4.460843697873993
2015,158,42,2,1.2126333527232882,137.0,-3.1847385367204106
2015,158,43,1,0.2611348970691685,137.0,-1.9102131717099302
2015,159,42,3,2.2451180269472846,139.0,-3.1847385367204106
2015,159,71,10,6.182199855168077,139.0,36.07819997184263
2015,160,42,1,0.2381045816918912,141.0,-3.1847385367204106
2015,162,17,7,4.903490796955517,145.0,-37.669886964329635
2015,163,14,1,0.6754693561813568,147.0,-42.670233871257594
2015,164,20,2,1.3503532680726147,149.0,-32.98670708247892
2015,165,19,2,0.4248463174333675,151.0,-34.51810784106126
2015,165,24,2,0.8523798101251774,151.0,-27.10068534824021
2016,28,77,3,2.0896435714170583,-123.0,46.23825730732021
2016,28,79,1,0.4633664674748687,-123.0,50.05549481018511
2016,29,72,1,0.6635977791581559,-121.0,37.669886964329635
2016,30,75,1,0.2042876897289451,-119.0,42.670233871257594
2016,31,70,2,0.9930713316500346,-117.0,34.51810784106126
2016,31,78,1,0.7400710736389847,-117.0,48.11140308495899
2016,32,71,4,2.263250268232414,-115.0,36.07819997184263
2016,32,79,1,0.2321671886221745,-115.0,50.05549481018511
2016,36,65,1,0.6289449656787621,-107.0,27.1006853482402
2016,36,66,1,0.2336521240088347,-107.0,28.540365484875558
2016,36,70,1,0.6750789710340862,-107.0,34.51810784106126
2016,40,59,1,0.2336521240088347,-99.0,18.797368824406544
2016,40,67,1,0.6949290239638828,-99.0,29.999999999999996
2016,41,59,1,0.1940581584427301,-97.0,18.797368824406544
2016,41,60,1,0.2172756641100434,-97.0,20.147886287247108
2016,41,67,1,0.6962103155664083,-97.0,29.999999999999996
2016,41,69,2,0.8478092953795289,-97.0,32.98670708247892
2016,41,74,2,1.4381996771287564,-97.0,40.961788552349354
2016,42,73,1,0.6747862488890367,-95.0,39.2964802391875
2016,42,75,1,0.6750789710340862,-95.0,42.670233871257594
2016,42,77,1,0.4184070621443683,-95.0,46.23825730732021
2016,43,74,4,2.865220927730951,-93.0,40.961788552349354
2016,44,67,1,0.5209563865170334,-91.0,29.999999999999996
2016,44,73,3,1.447047741581517,-91.0,39.2964802391875
2016,46,68,1,0.7074286612640108,-87.0,31.48143215916898
2016,46,73,3,1.6097467223730595,-87.0,39.2964802391875
2016,47,57,1,0.3531381317865172,-85.0,16.127620213160753
2016,48,66,4,2.7631542935096993,-83.0,28.540365484875558
2016,48,71,1,0.694825666139527,-83.0,36.07819997184263
2016,48,73,2,0.7703401277554711,-83.0,39.2964802391875
2016,49,65,1,0.7074286612640108,-81.0,27.1006853482402
2016,49,66,2,1.3810800717244613,-81.0,28.540365484875558
2016,49,75,1,0.7377249845770697,-81.0,42.670233871257594
2016,50,43,2,1.2524574811623133,-79.0,-1.9102131717099302
2016,50,46,2,0.6998241774560008,-79.0,1.9102131717099364
2016,50,71,1,0.6764346110574461,-79.0,36.07819997184263
2016,50,72,1,0.2774123164721591,-79.0,37.669886964329635
2016,50,73,1,0.1941425602355563,-79.0,39.2964802391875
2016,50,75,1,0.6747862488890367,-79.0,42.670233871257594
2016,50,76,1,0.2731201710477172,-79.0,44.4270040008057
2016,51,45,1,0.764827094337958,-77.0,0.6366328722676353
2016,51,46,6,1.188658187785411,-77.0,1.9102131717099364
2016,51,48,2,0.8196896430461572,-77.0,4.460843697873993
2016,51,49,3,1.7438043388654267,-77.0,5.739170477266791
2016,51,50,1,0.3604654606302009,-77.0,7.020370749121086
2016,51,51,1,0.2304589868591612,-77.0,8.305109528050382
2016,51,73,1,0.65694654931518,-77.0,39.2964802391875
2016,51,75,1,0.6764346110574461,-77.0,42.670233871257594
2016,52,35,1,0.7209232847255107,-75.0,-12.18747413542504
2016,52,46,5,1.3637567463133151,-75.0,1.9102131717099364
2016,52,48,9,5.813048144037206,-75.0,4.460843697873993
2016,52,49,3,2.2826410749116066,-75.0,5.739170477266791
2016,52,50,7,2.320136107961939,-75.0,7.020370749121086
2016,52,51,1,0.1425250348544269,-75.0,8.305109528050382
2016,52,53,3,0.6116856878495146,-75.0,10.887948130120165
2016,52,73,3,2.167550829873525,-75.0,39.2964802391875
2016,52,74,1,0.7820574892777103,-75.0,40.961788552349354
2016,53,16,9,5.416210430385358,-73.0,-39.2964802391875
2016,53,17,2,1.3934135848308915,-73.0,-37.669886964329635
2016,53,32,1,0.679551507418671,-73.0,-16.127620213160757
2016,53,35,1,0.3142220384463392,-73.0,-12.18747413542504
2016,53,46,3,1.0921411306170048,-73.0,1.9102131717099364
2016,53,47,1,0.3332841213157879,-73.0,3.1847385367204106
2016,53,49,3,1.893957443972139,-73.0,5.739170477266791
2016,53,50,1,0.764827094337958,-73.0,7.020370749121086
2016,53,51,28,9.602549368559478,-73.0,8.305109528050382
2016,53,52,1,0.1266029450079743,-73.0,9.594068226860466
2016,53,59,1,0.703890028166925,-73.0,18.797368824406544
2016,53,74,8,3.980582234633743,-73.0,40.961788552349354
2016,53,77,1,0.6552418873718246,-73.0,46.23825730732021
2016,54,17,1,0.6861494735963912,-71.0,-37.669886964329635
2016,54,20,2,0.9227046031412027,-71.0,-32.98670708247892
2016,54,49,2,1.4277816565146206,-71.0,5.739170477266791
2016,54,50,26,13.3147559399549,-71.0,7.020370749121086
2016,54,52,1,0.1762646911025979,-71.0,9.594068226860466
2016,54,75,3,2.051121138462224,-71.0,42.670233871257594
2016,55,52,1,0.7303541683580643,-69.0,9.594068226860466
2016,56,49,1,0.3984105265960766,-67.0,5.739170477266791
2016,56,52,1,0.7416448832708822,-67.0,9.594068226860466
2016,56,53,2,1.4650515731189184,-67.0,10.887948130120165
2016,60,19,1,0.3021256821458622,-59.0,-34.51810784106126
2016,60,20,1,0.2943085103490264,-59.0,-32.98670708247892
2016,60,29,1,0.7729614951072526,-59.0,-20.1478862872471
2016,60,50,1,0.1661928001135512,-59.0,7.020370749121086
2016,61,26,3,1.536265361211827,-57.0,-24.27465219458477
2016,61,27,8,3.15320367787558,-57.0,-22.885380476158566
2016,62,24,1,0.0961491329603244,-55.0,-27.10068534824021
2016,62,25,1,0.6877364566115013,-55.0,-25.679288619456855
2016,62,27,1,0.3166311661185887,-55.0,-22.885380476158566
2016,65,31,1,0.6989681804996728,-49.0,-17.457603123722095
2016,66,40,1,0.2447123116703122,-47.0,-5.739170477266785
2016,83,51,1,0.2755331054294608,-13.0,8.305109528050382
2016,83,52,1,0.2586358632425785,-13.0,9.594068226860466
2016,85,54,1,0.1757053154623726,-9.0,12.187474135425033
2016,85,80,4,0.7280582805374619,-9.0,52.08179734355447
2016,85,81,2,0.8686885607817006,-9.0,54.2046324563124
2016,86,53,1,0.1807516045165913,-7.0,10.887948130120165
2016,86,54,2,0.735739009557633,-7.0,12.187474135425033
2016,86,55,5,3.4609528349392096,-7.0,13.493398821551693
2016,86,56,3,2.171529251622852,-7.0,14.806506911897516
2016,86,80,1,0.1511991163623757,-7.0,52.08179734355447
2016,86,81,58,22.89484191582003,-7.0,54.2046324563124
2016,87,55,3,1.7637497924155672,-5.0,13.493398821551693
2016,87,56,7,3.7713980576780495,-5.0,14.806506911897516
2016,87,57,2,1.2001008304085818,-5.0,16.127620213160753
2016,87,79,2,1.3592610010701338,-5.0,50.05549481018511
2016,87,81,36,12.042723881017796,-5.0,54.2046324563124
2016,87,82,1,0.2707784721464375,-5.0,56.44269023807928
2016,88,49,1,0.7867133052678993,-3.0,5.739170477266791
2016,88,55,1,0.7182207824724818,-3.0,13.493398821551693
2016,88,56,7,3.406042115163755,-3.0,14.806506911897516
2016,88,57,20,8.970684001996242,-3.0,16.127620213160753
2016,88,58,1,0.2509586201269557,-3.0,17.457603123722095
2016,88,60,1,0.5053872223108719,-3.0,20.147886287247108
2016,88,62,1,0.3059362095475622,-3.0,22.885380476158566
2016,88,68,1,0.2108942818940639,-3.0,31.48143215916898
2016,88,74,1,0.6623260788130056,-3.0,40.961788552349354
2016,88,75,1,0.3200948460476799,-3.0,42.670233871257594
2016,88,80,1,0.6758557849207442,-3.0,52.08179734355447
2016,88,81,2,0.886254606387275,-3.0,54.2046324563124
2016,88,82,1,0.6623260788130056,-3.0,56.44269023807928
2016,89,50,1,0.2095176874213609,-1.0,7.020370749121086
2016,89,54,3,2.430037360981036,-1.0,12.187474135425033
2016,89,55,2,0.961859091618439,-1.0,13.493398821551693
2016,89,56,8,4.421528065542626,-1.0,14.806506911897516
2016,89,57,9,3.7655286151693614,-1.0,16.127620213160753
2016,89,58,2,0.9790795327897974,-1.0,17.457603123722095
2016,89,75,1,0.6623260788130056,-1.0,42.670233871257594
2016,89,78,1,0.6546246210446036,-1.0,48.11140308495899
2016,89,80,3,0.9976129402881329,-1.0,52.08179734355447
2016,89,81,4,2.2328635144120996,-1.0,54.2046324563124
2016,90,55,1,0.3778574948601593,1.0,13.493398821551693
2016,90,56,4,1.4581568428820022,1.0,14.806506911897516
2016,90,57,2,0.9397485850827387,1.0,16.127620213160753
2016,90,58,2,1.0511884361448636,1.0,17.457603123722095
2016,90,59,16,10.233495985934235,1.0,18.797368824406544
2016,90,60,2,1.5687551843498104,1.0,20.147886287247108
2016,90,75,1,0.6623260788130056,1.0,42.670233871257594
2016,90,76,2,0.3861227821616619,1.0,44.4270040008057
2016,90,78,1,0.2463769868499138,1.0,48.11140308495899
2016,90,79,2,1.026971684072626,1.0,50.05549481018511
2016,90,80,5,2.786366942234546,1.0,52.08179734355447
2016,91,50,24,11.974539425092456,3.0,7.020370749121086
2016,91,56,1,0.655424487839147,3.0,14.806506911897516
2016,91,57,4,2.6527598615210115,3.0,16.127620213160753
2016,91,66,1,0.2519459077270141,3.0,28.540365484875558
2016,91,71,3,1.158079848475602,3.0,36.07819997184263
2016,91,75,2,1.3252376019161103,3.0,42.670233871257594
2016,91,76,1,0.2031137047867859,3.0,44.4270040008057
2016,91,78,8,4.058431164896801,3.0,48.11140308495899
2016,92,48,12,8.610441463410291,5.0,4.460843697873993
2016,92,49,56,41.01601267930191,5.0,5.739170477266791
2016,92,50,6,2.0257017625359994,5.0,7.020370749121086
2016,92,51,3,1.7457490165865392,5.0,8.305109528050382
2016,92,58,2,1.040878133344937,5.0,17.457603123722095
2016,92,71,1,0.3515660905688307,5.0,36.07819997184263
2016,92,75,1,0.1934515866704893,5.0,42.670233871257594
2016,92,76,1,0.2835974417847242,5.0,44.4270040008057
2016,92,79,6,3.1077384277693043,5.0,50.05549481018511
2016,92,80,4,2.25355975981326,5.0,52.08179734355447
2016,93,48,44,24.378756146014233,7.0,4.460843697873993
2016,93,49,24,11.9806971244128,7.0,5.739170477266791
2016,93,50,9,3.667745731635098,7.0,7.020370749121086
2016,93,51,21,11.89796307565574,7.0,8.305109528050382
2016,93,52,3,1.2236054923351825,7.0,9.594068226860466
2016,93,53,9,5.373511136260532,7.0,10.887948130120165
2016,93,54,7,3.8067266404679247,7.0,12.187474135425033
2016,93,55,1,0.4609544725366167,7.0,13.493398821551693
2016,93,56,1,0.3104356823695051,7.0,14.806506911897516
2016,93,58,1,0.6751201965786129,7.0,17.457603123722095
2016,93,70,1,0.7626561608414321,7.0,34.51810784106126
2016,93,71,2,0.54927789229138,7.0,36.07819997184263
2016,93,76,3,1.088013322238154,7.0,44.4270040008057
2016,93,77,1,0.1339659648856819,7.0,46.23825730732021
2016,93,78,2,0.41051932895793286,7.0,48.11140308495899
2016,93,80,7,4.802144374212326,7.0,52.08179734355447
2016,94,48,5,2.0005729559438477,9.0,4.460843697873993
2016,94,49,1,0.7199240971585303,9.0,5.739170477266791
2016,94,50,49,30.482501102235595,9.0,7.020370749121086
2016,94,51,37,22.999287664487166,9.0,8.305109528050382
2016,94,52,28,16.269640880722328,9.0,9.594068226860466
2016,94,53,4,2.663004268285728,9.0,10.887948130120165
2016,94,70,5,1.7158063075517678,9.0,34.51810784106126
2016,94,71,2,1.2474802903613964,9.0,36.07819997184263
2016,94,74,2,1.341604246684453,9.0,40.961788552349354
2016,94,75,1,0.6623260788130056,9.0,42.670233871257594
2016,94,76,1,0.6626188009580551,9.0,44.4270040008057
2016,94,77,1,0.2181095939839374,9.0,46.23825730732021
2016,94,78,1,0.677197538331842,9.0,48.11140308495899
2016,94,79,5,2.069660251098765,9.0,50.05549481018511
2016,94,80,3,0.9985170423534302,9.0,52.08179734355447
2016,94,81,3,1.5111767110869971,9.0,54.2046324563124
2016,95,50,3,2.257150917669219,11.0,7.020370749121086
2016,95,51,9,6.131379618898206,11.0,8.305109528050382
2016,95,53,5,2.940707108316439,11.0,10.887948130120165
2016,95,54,2,1.232474325883694,11.0,12.187474135425033
2016,95,63,1,0.2979244495791142,11.0,24.274652194584778
2016,95,69,5,3.3634244165572977,11.0,32.98670708247892
2016,95,76,2,0.892118819078547,11.0,44.4270040008057
2016,95,78,2,1.0740759214612379,11.0,48.11140308495899
2016,95,79,1,0.4723591799798992,11.0,50.05549481018511
2016,95,80,3,1.98763802914995,11.0,52.08179734355447
2016,95,81,1,0.2707784721464375,11.0,54.2046324563124
2016,95,83,2,0.8890787257047147,11.0,58.82116446134409
2016,96,40,1,0.1557723309761857,13.0,-5.739170477266785
2016,96,41,1,0.1923913707823858,13.0,-4.460843697873993
2016,96,50,1,0.3319971458517474,13.0,7.020370749121086
2016,96,52,10,7.614207684226956,13.0,9.594068226860466
2016,96,53,79,45.79582187849914,13.0,10.887948130120165
2016,96,54,65,32.20251213004981,13.0,12.187474135425033
2016,96,55,25,15.06532262697261,13.0,13.493398821551693
2016,96,57,1,0.7869121733746204,13.0,16.127620213160753
2016,96,68,3,1.3645364380643699,13.0,31.48143215916898
2016,96,69,53,19.57572896945457,13.0,32.98670708247892
2016,96,75,5,2.521926625996864,13.0,42.670233871257594
2016,96,78,1,0.663974440981415,13.0,48.11140308495899
2016,96,79,5,3.096842840994534,13.0,50.05549481018511
2016,96,80,13,8.612087755352146,13.0,52.08179734355447
2016,96,82,7,4.417746744120352,13.0,56.44269023807928
2016,96,83,1,0.6623260788130056,13.0,58.82116446134409
2016,97,41,15,10.389804267017608,15.0,-4.460843697873993
2016,97,42,1,0.2092741653831419,15.0,-3.1847385367204106
2016,97,50,3,1.6354946328099815,15.0,7.020370749121086
2016,97,51,1,0.3604488078338304,15.0,8.305109528050382
2016,97,53,35,16.666615267138262,15.0,10.887948130120165
2016,97,54,25,13.56371259254579,15.0,12.187474135425033
2016,97,55,4,2.610119783537749,15.0,13.493398821551693
2016,97,64,1,0.1522362313581102,15.0,25.679288619456855
2016,97,65,6,2.945453276671379,15.0,27.1006853482402
2016,97,66,1,0.2217924962400896,15.0,28.540365484875558
2016,97,67,6,1.9307654944266868,15.0,29.999999999999996
2016,97,68,26,12.942069133122635,15.0,31.48143215916898
2016,97,69,12,4.520422690548672,15.0,32.98670708247892
2016,97,78,1,0.663974440981415,15.0,48.11140308495899
2016,97,79,3,1.1267024730246904,15.0,50.05549481018511
2016,97,80,1,0.663974440981415,15.0,52.08179734355447
2016,98,38,1,0.1477885933318892,17.0,-8.305109528050389
2016,98,50,1,0.7088342536743546,17.0,7.020370749121086
2016,98,66,5,2.4481415258270744,17.0,28.540365484875558
2016,98,67,3,1.107425170454002,17.0,29.999999999999996
2016,98,68,133,50.445867328370404,17.0,31.48143215916898
2016,98,78,2,0.8601347343401916,17.0,48.11140308495899
2016,98,80,1,0.2752641523225636,17.0,52.08179734355447
2016,98,83,3,1.638777643042058,17.0,58.82116446134409
2016,98,84,2,1.32794888196283,17.0,61.37544904657465
2016,99,19,2,1.4611391043439352,19.0,-34.51810784106126
2016,99,47,1,0.6907559772865489,19.0,3.1847385367204106
2016,99,48,6,1.7396566854856226,19.0,4.460843697873993
2016,99,49,1,0.1757053154623726,19.0,5.739170477266791
2016,99,50,2,1.5230285360038436,19.0,7.020370749121086
2016,99,66,4,1.962295948789361,19.0,28.540365484875558
2016,99,67,14,9.176759559131852,19.0,29.999999999999996
2016,99,68,5,2.5363457191355048,19.0,31.48143215916898
2016,99,74,1,0.1175066719298235,19.0,40.961788552349354
2016,99,78,1,0.7324986072791719,19.0,48.11140308495899
2016,99,83,2,0.8228214251991578,19.0,58.82116446134409
2016,100,46,3,1.4205472098634058,21.0,1.9102131717099364
2016,100,49,8,4.059953641460724,21.0,5.739170477266791
2016,100,50,2,0.9347334208997293,21.0,7.020370749121086
2016,100,65,1,0.7791984852849829,21.0,27.1006853482402
2016,100,67,1,0.281254749171954,21.0,29.999999999999996
2016,100,68,104,52.89778325357747,21.0,31.48143215916898
2016,100,69,3,0.6351801865961687,21.0,32.98670708247892
2016,100,73,1,0.1526183886824489,21.0,39.2964802391875
2016,100,75,9,4.8167937466986634,21.0,42.670233871257594
2016,100,80,1,0.1947013802006337,21.0,52.08179734355447
2016,101,23,1,0.3024925326287689,23.0,-28.54036548487555
2016,101,40,3,1.1092568039425599,23.0,-5.739170477266785
2016,101,47,2,1.041484286507744,23.0,3.1847385367204106
2016,101,48,2,0.5243964114736032,23.0,4.460843697873993
2016,101,49,1,0.7651624505485087,23.0,5.739170477266791
2016,101,50,1,0.722840793979279,23.0,7.020370749121086
2016,101,51,1,0.726371675868262,23.0,8.305109528050382
2016,101,53,2,0.8014877554790043,23.0,10.887948130120165
2016,101,54,6,2.5725313762329436,23.0,12.187474135425033
2016,101,55,20,10.094342563485828,23.0,13.493398821551693
2016,101,56,1,0.676754077560443,23.0,14.806506911897516
2016,101,65,1,0.7255968139985327,23.0,27.1006853482402
2016,101,68,8,3.1273806284332104,23.0,31.48143215916898
2016,101,69,25,9.583405895652428,23.0,32.98670708247892
2016,101,72,23,11.063304683673804,23.0,37.669886964329635
2016,101,74,6,3.9573736801397734,23.0,40.961788552349354
2016,101,75,1,0.1961602933587766,23.0,42.670233871257594
2016,101,79,1,0.6766681657333621,23.0,50.05549481018511
2016,102,19,1,0.2798251440030406,25.0,-34.51810784106126
2016,102,25,1,0.6874745663140907,25.0,-25.679288619456855
2016,102,36,1,0.722853921298865,25.0,-10.887948130120165
2016,102,48,6,3.91884361427462,25.0,4.460843697873993
2016,102,49,4,1.797715948612944,25.0,5.739170477266791
2016,102,51,2,1.4081840130113816,25.0,8.305109528050382
2016,102,53,17,9.32194993477805,25.0,10.887948130120165
2016,102,54,27,10.90357253805778,25.0,12.187474135425033
2016,102,55,72,33.248193219301044,25.0,13.493398821551693
2016,102,56,9,4.966332556755762,25.0,14.806506911897516
2016,102,57,3,1.8391488327109915,25.0,16.127620213160753
2016,102,67,1,0.4491993559349258,25.0,29.999999999999996
2016,102,78,1,0.66896670796496,25.0,48.11140308495899
2016,102,79,5,3.1674099308544195,25.0,50.05549481018511
2016,102,84,2,1.3974669661767756,25.0,61.37544904657465
2016,102,85,1,0.6623260788130056,25.0,64.15806723683286
2016,103,20,1,0.268602059601118,27.0,-32.98670708247892
2016,103,37,3,0.8731122097577758,27.0,-9.59406822686046
2016,103,38,1,0.318764052727303,27.0,-8.305109528050389
2016,103,39,1,0.1807516045165913,27.0,-7.020370749121086
2016,103,41,3,1.0732952473951862,27.0,-4.460843697873993
2016,103,47,2,0.8876805939190403,27.0,3.1847385367204106
2016,103,48,2,0.9743378487225967,27.0,4.460843697873993
2016,103,49,3,1.700537920330901,27.0,5.739170477266791
2016,103,51,2,0.67113022179364,27.0,8.305109528050382
2016,103,53,5,3.5576623066255455,27.0,10.887948130120165
2016,103,65,1,0.5930551200924672,27.0,27.1006853482402
2016,103,72,7,3.7770380257874745,27.0,37.669886964329635
2016,103,73,2,1.6423307893311483,27.0,39.2964802391875
2016,103,79,1,0.7242152399520746,27.0,50.05549481018511
2016,104,21,1,0.3691624083487057,29.0,-31.48143215916898
2016,104,22,2,0.5484272036041586,29.0,-29.999999999999996
2016,104,23,3,1.2235621510921613,29.0,-28.54036548487555
2016,104,24,2,0.6017057059665648,29.0,-27.10068534824021
2016,104,38,1,0.7181792539479868,29.0,-8.305109528050389
2016,104,41,3,1.8138776755752557,29.0,-4.460843697873993
2016,104,42,80,36.45907351577291,29.0,-3.1847385367204106
2016,104,43,15,7.093068177604564,29.0,-1.9102131717099302
2016,104,44,40,18.63262997188104,29.0,-0.6366328722676353
2016,104,45,59,26.525093668325447,29.0,0.6366328722676353
2016,104,46,4,1.4050453911366418,29.0,1.9102131717099364
2016,104,47,5,3.560543913279046,29.0,3.1847385367204106
2016,104,48,11,6.134511815677654,29.0,4.460843697873993
2016,104,51,2,1.5265900607439795,29.0,8.305109528050382
2016,104,52,6,3.4930929821448355,29.0,9.594068226860466
2016,104,53,4,2.281161199919651,29.0,10.887948130120165
2016,104,54,1,0.1571266686770776,29.0,12.187474135425033
2016,104,69,1,0.7413671237065507,29.0,32.98670708247892
2016,104,71,1,0.414527901163766,29.0,36.07819997184263
2016,104,74,38,20.170100099770153,29.0,40.961788552349354
2016,104,77,1,0.6652060235110634,29.0,46.23825730732021
2016,105,21,2,0.651099684043611,31.0,-31.48143215916898
2016,105,22,5,2.2850446719733832,31.0,-29.999999999999996
2016,105,23,5,1.8793181064829647,31.0,-28.54036548487555
2016,105,25,1,0.2683312872307045,31.0,-25.679288619456855
2016,105,42,2,0.9296385704281283,31.0,-3.1847385367204106
2016,105,44,1,0.3747435213105298,31.0,-0.6366328722676353
2016,105,45,9,5.018772353288565,31.0,0.6366328722676353
2016,105,46,4,1.5988940812734365,31.0,1.9102131717099364
2016,105,47,6,2.9322404574197587,31.0,3.1847385367204106
2016,105,48,18,10.420960705925742,31.0,4.460843697873993
2016,105,49,4,1.24378215089116,31.0,5.739170477266791
2016,105,50,2,0.8094660735122783,31.0,7.020370749121086
2016,105,51,1,0.3451055964986207,31.0,8.305109528050382
2016,105,52,1,0.7298059309297932,31.0,9.594068226860466
2016,105,53,1,0.1528348823861078,31.0,10.887948130120165
2016,105,54,2,0.9478749933814031,31.0,12.187474135425033
2016,105,66,2,1.0285990611528137,31.0,28.540365484875558
2016,105,67,35,17.540529510993395,31.0,29.999999999999996
2016,105,68,4,1.784331179083067,31.0,31.48143215916898
2016,105,71,3,1.3448314864245015,31.0,36.07819997184263
2016,105,72,2,1.1185139197972411,31.0,37.669886964329635
2016,105,77,1,0.7340829419687529,31.0,46.23825730732021
2016,105,79,8,4.453211809984266,31.0,50.05549481018511
2016,105,80,1,0.7340829419687529,31.0,52.08179734355447
2016,105,83,1,0.6769608878784116,31.0,58.82116446134409
2016,106,25,2,0.40882138951869196,33.0,-25.679288619456855
2016,106,26,1,0.1821142073026753,33.0,-24.27465219458477
2016,106,27,1,0.2768348478608683,33.0,-22.885380476158566
2016,106,29,8,3.689120939355491,33.0,-20.1478862872471
2016,106,30,4,2.0685606022743435,33.0,-18.797368824406544
2016,106,31,9,4.851645200315329,33.0,-17.457603123722095
2016,106,32,1,0.7199262820875019,33.0,-16.127620213160757
2016,106,43,1,0.4845771003632763,33.0,-1.9102131717099302
2016,106,45,5,2.9616287243910886,33.0,0.6366328722676353
2016,106,47,5,2.447268306953016,33.0,3.1847385367204106
2016,106,48,2,0.5772018288358811,33.0,4.460843697873993
2016,106,50,1,0.4977341846766915,33.0,7.020370749121086
2016,106,51,11,9.1583367917949,33.0,8.305109528050382
2016,106,55,1,0.2049823790921722,33.0,13.493398821551693
2016,106,63,1,0.3935077436103285,33.0,24.274652194584778
2016,106,64,1,0.7316880732819427,33.0,25.679288619456855
2016,106,65,1,0.3597038386201917,33.0,27.1006853482402
2016,106,67,34,11.082718289310122,33.0,29.999999999999996
2016,106,68,129,62.93457574575231,33.0,31.48143215916898
2016,106,70,2,1.3131900154037126,33.0,34.51810784106126
2016,106,71,1,0.7910385199725691,33.0,36.07819997184263
2016,106,73,16,9.179520647199528,33.0,39.2964802391875
2016,106,74,1,0.2222407181131908,33.0,40.961788552349354
2016,106,76,1,0.1061819382783134,33.0,44.4270040008057
2016,106,77,1,0.7242152399520746,33.0,46.23825730732021
2016,106,78,1,0.7354287207675543,33.0,48.11140308495899
2016,106,80,1,0.65712380421615,33.0,52.08179734355447
2016,107,29,4,2.3780944670014224,35.0,-20.1478862872471
2016,107,30,17,7.624652522574653,35.0,-18.797368824406544
2016,107,31,10,4.542782380948152,35.0,-17.457603123722095
2016,107,33,2,1.4254313139597015,35.0,-14.806506911897516
2016,107,44,1,0.1001819624901259,35.0,-0.6366328722676353
2016,107,45,1,0.7014318691810651,35.0,0.6366328722676353
2016,107,47,1,0.6108095368906745,35.0,3.1847385367204106
2016,107,51,1,0.4791428907433687,35.0,8.305109528050382
2016,107,67,4,2.802430471515384,35.0,29.999999999999996
2016,107,68,354,134.91033953727057,35.0,31.48143215916898
2016,107,69,41,16.84684237005858,35.0,32.98670708247892
2016,107,70,13,7.954950011538102,35.0,34.51810784106126
2016,107,71,8,4.393751702272189,35.0,36.07819997184263
2016,107,72,2,1.036335903666112,35.0,37.669886964329635
2016,107,73,1,0.8288140584230203,35.0,39.2964802391875
2016,107,77,3,1.3627327467238832,35.0,46.23825730732021
2016,107,78,3,0.8222335329397332,35.0,48.11140308495899
2016,107,79,1,0.6783165279017713,35.0,50.05549481018511
2016,108,31,2,0.6222198829973011,37.0,-17.457603123722095
2016,108,33,5,3.1474726579968255,37.0,-14.806506911897516
2016,108,43,1,0.2405664940757277,37.0,-1.9102131717099302
2016,108,44,2,0.9762928869827383,37.0,-0.6366328722676353
2016,108,49,1,0.2216706956989532,37.0,5.739170477266791
2016,108,53,1,0.4203399679190804,37.0,10.887948130120165
2016,108,56,1,0.2941889777012843,37.0,14.806506911897516
2016,108,66,1,0.2878041936971471,37.0,28.540365484875558
2016,108,67,2,1.456590178017926,37.0,29.999999999999996
2016,108,68,1,0.3615442213034165,37.0,31.48143215916898
2016,108,69,64,31.12294204915269,37.0,32.98670708247892
2016,108,70,52,26.7084383349173,37.0,34.51810784106126
2016,108,71,353,194.53381444521293,37.0,36.07819997184263
2016,108,72,15,7.31732838851417,37.0,37.669886964329635
2016,108,78,18,7.819274718366077,37.0,48.11140308495899
2016,108,79,2,0.9343481319732941,37.0,50.05549481018511
2016,108,82,5,1.5992031510154228,37.0,56.44269023807928
2016,109,32,1,0.7228559358584368,39.0,-16.127620213160757
2016,109,33,9,5.691289856131851,39.0,-14.806506911897516
2016,109,39,1,0.1584673167807159,39.0,-7.020370749121086
2016,109,40,1,0.6966150530594604,39.0,-5.739170477266785
2016,109,41,6,2.366425154353661,39.0,-4.460843697873993
2016,109,44,3,1.8055050099902785,39.0,-0.6366328722676353
2016,109,61,4,1.3162366183513081,39.0,21.510188266887486
2016,109,63,1,0.7314150642526952,39.0,24.274652194584778
2016,109,69,5,2.6812094722157194,39.0,32.98670708247892
2016,109,70,10,6.31036729640846,39.0,34.51810784106126
2016,109,71,17,8.044510730458457,39.0,36.07819997184263
2016,109,72,12,4.992286913349958,39.0,37.669886964329635
2016,109,73,19,10.862189087448474,39.0,39.2964802391875
2016,109,74,6,3.049863017196026,39.0,40.961788552349354
2016,109,76,1,0.7101152980991893,39.0,44.4270040008057
2016,109,78,11,4.686697908365119,39.0,48.11140308495899
2016,109,79,1,0.245488503370886,39.0,50.05549481018511
2016,109,83,1,0.1664752392784267,39.0,58.82116446134409
2016,110,42,1,0.174788027740836,41.0,-3.1847385367204106
2016,110,43,19,8.451008090247942,41.0,-1.9102131717099302
2016,110,44,11,4.497385573549988,41.0,-0.6366328722676353
2016,110,45,8,5.851172097238817,41.0,0.6366328722676353
2016,110,46,3,1.2094403355209584,41.0,1.9102131717099364
2016,110,47,30,17.763490735857356,41.0,3.1847385367204106
2016,110,48,12,4.950681157722569,41.0,4.460843697873993
2016,110,60,1,0.2891667258254122,41.0,20.147886287247108
2016,110,61,2,0.4819222534255335,41.0,21.510188266887486
2016,110,68,1,0.664433326210137,41.0,31.48143215916898
2016,110,69,84,25.822998941108544,41.0,32.98670708247892
2016,110,70,20,10.058720092592962,41.0,34.51810784106126
2016,110,71,34,18.272688995061532,41.0,36.07819997184263
2016,110,72,163,87.43818070126582,41.0,37.669886964329635
2016,110,73,22,11.176888361320078,41.0,39.2964802391875
2016,110,75,1,0.718192532831073,41.0,42.670233871257594
2016,111,44,22,13.48242989918184,43.0,-0.6366328722676353
2016,111,45,11,4.635037163796014,43.0,0.6366328722676353
2016,111,46,23,8.242444700154135,43.0,1.9102131717099364
2016,111,47,39,21.207730582941245,43.0,3.1847385367204106
2016,111,48,9,4.168871014120146,43.0,4.460843697873993
2016,111,54,4,2.563201667337934,43.0,12.187474135425033
2016,111,55,19,9.618081950264065,43.0,13.493398821551693
2016,111,56,6,1.9734873872097236,43.0,14.806506911897516
2016,111,57,33,15.244750171048743,43.0,16.127620213160753
2016,111,58,26,10.978889173600573,43.0,17.457603123722095
2016,111,59,11,2.7634186491965926,43.0,18.797368824406544
2016,111,60,2,0.5368769672752705,43.0,20.147886287247108
2016,111,68,1,0.8200707129436662,43.0,31.48143215916898
2016,111,69,541,226.96796567946672,43.0,32.98670708247892
2016,111,70,325,162.94269929099323,43.0,34.51810784106126
2016,111,71,486,208.81192588061464,43.0,36.07819997184263
2016,111,72,91,44.75591715030754,43.0,37.669886964329635
2016,111,73,35,21.21626486316328,43.0,39.2964802391875
2016,111,74,3,1.6550764707868786,43.0,40.961788552349354
2016,111,75,1,0.1507112277827093,43.0,42.670233871257594
2016,111,76,2,1.0070344002320322,43.0,44.4270040008057
2016,111,82,1,0.2342578685969117,43.0,56.44269023807928
2016,112,45,5,1.3827788762859805,45.0,0.6366328722676353
2016,112,46,305,138.56703997009956,45.0,1.9102131717099364
2016,112,47,38,21.772278648109236,45.0,3.1847385367204106
2016,112,48,42,16.445109121098056,45.0,4.460843697873993
2016,112,49,2,0.8205416100195947,45.0,5.739170477266791
2016,112,52,1,0.1656593715386695,45.0,9.594068226860466
2016,112,54,63,30.99626611705877,45.0,12.187474135425033
2016,112,55,251,107.94679143879402,45.0,13.493398821551693
2016,112,56,69,25.13051741753947,45.0,14.806506911897516
2016,112,57,41,12.202978916148844,45.0,16.127620213160753
2016,112,58,23,12.339079906929815,45.0,17.457603123722095
2016,112,59,2,1.0904534022628707,45.0,18.797368824406544
2016,112,63,1,0.2810031658082544,45.0,24.274652194584778
2016,112,67,1,0.3967584919349144,45.0,29.999999999999996
2016,112,68,5,2.9937138056567503,45.0,31.48143215916898
2016,112,69,1598,915.4033073610494,45.0,32.98670708247892
2016,112,70,191,103.88445717636624,45.0,34.51810784106126
2016,112,71,85,37.61719027887602,45.0,36.07819997184263
2016,112,72,41,19.853006475116647,45.0,37.669886964329635
2016,112,73,5,2.63601631600487,45.0,39.2964802391875
2016,112,74,4,2.4537533708206887,45.0,40.961788552349354
2016,112,75,10,4.593807349741595,45.0,42.670233871257594
2016,112,76,1,0.3512798396864409,45.0,44.4270040008057
2016,113,30,1,0.7293390498020984,47.0,-18.797368824406544
2016,113,47,8,4.843453615198648,47.0,3.1847385367204106
2016,113,48,26,11.8916363055568,47.0,4.460843697873993
2016,113,49,10,5.12214378084651,47.0,5.739170477266791
2016,113,50,12,8.073926759338496,47.0,7.020370749121086
2016,113,51,2,0.5210592197159223,47.0,8.305109528050382
2016,113,55,8,3.8033872153125996,47.0,13.493398821551693
2016,113,56,12,5.585528973249921,47.0,14.806506911897516
2016,113,63,2,1.5223923425161858,47.0,24.274652194584778
2016,113,66,1,0.2248464643606596,47.0,28.540365484875558
2016,113,67,6,4.185553808546625,47.0,29.999999999999996
2016,113,68,5,1.909058070123372,47.0,31.48143215916898
2016,113,70,1,0.6679998863353529,47.0,34.51810784106126
2016,113,71,2,0.9689944024993495,47.0,36.07819997184263
2016,113,74,1,0.2830577741827755,47.0,40.961788552349354
2016,113,75,23,7.48402654410189,47.0,42.670233871257594
2016,113,76,1,0.2632282959232273,47.0,44.4270040008057
2016,114,51,2,0.586645279951824,49.0,8.305109528050382
2016,114,53,10,5.364832009988294,49.0,10.887948130120165
2016,114,56,24,11.215401190876502,49.0,14.806506911897516
2016,114,57,5,1.544631269373689,49.0,16.127620213160753
2016,114,58,4,2.314367652902681,49.0,17.457603123722095
2016,114,64,2,1.0119711791722392,49.0,25.679288619456855
2016,114,65,3,1.2827645699702228,49.0,27.1006853482402
2016,114,67,1,0.7939786776713087,49.0,29.999999999999996
2016,114,68,2,1.5657359939024547,49.0,31.48143215916898
2016,114,74,3,0.8247404603738443,49.0,40.961788552349354
2016,114,75,5,2.0253675630488885,49.0,42.670233871257594
2016,115,53,1,0.3883573102170435,51.0,10.887948130120165
2016,115,61,1,0.7751155761940838,51.0,21.510188266887486
2016,115,64,3,1.5838646854435492,51.0,25.679288619456855
2016,115,65,13,6.099270238573282,51.0,27.1006853482402
2016,118,79,3,1.6468126782031671,57.0,50.05549481018511
2016,120,64,4,2.518150764578654,61.0,25.679288619456855
2016,120,65,1,0.3573946338545304,61.0,27.1006853482402
2016,120,66,2,0.6720286755644581,61.0,28.540365484875558
2016,120,68,11,4.608487770645261,61.0,31.48143215916898
2016,120,69,5,2.081872409196824,61.0,32.98670708247892
2016,120,70,8,2.666077403717759,61.0,34.51810784106126
2016,121,64,46,16.656321740218818,63.0,25.679288619456855
2016,121,65,3,0.7599492022360491,63.0,27.1006853482402
2016,121,66,1,0.2673346391086724,63.0,28.540365484875558
2016,121,67,7,3.444276154304225,63.0,29.999999999999996
2016,121,68,16,6.688986700927907,63.0,31.48143215916898
2016,121,69,87,33.47039634880006,63.0,32.98670708247892
2016,121,70,46,20.32229889062804,63.0,34.51810784106126
2016,121,71,14,6.2664525011782,63.0,36.07819997184263
2016,122,64,10,3.422699897650426,65.0,25.679288619456855
2016,122,65,20,8.965540997183567,65.0,27.1006853482402
2016,122,66,4,1.230280790849503,65.0,28.540365484875558
2016,122,67,6,3.767603591281668,65.0,29.999999999999996
2016,122,68,188,88.86672616194534,65.0,31.48143215916898
2016,122,69,62,27.562447274484562,65.0,32.98670708247892
2016,122,70,20,8.686555768067723,65.0,34.51810784106126
2016,122,71,148,48.6774607564812,65.0,36.07819997184263
2016,122,72,8,3.054256389414235,65.0,37.669886964329635
2016,123,63,76,30.717086414721745,67.0,24.274652194584778
2016,123,64,6,2.1069080756953036,67.0,25.679288619456855
2016,123,65,11,3.055549730435674,67.0,27.1006853482402
2016,123,66,5,1.601522159332443,67.0,28.540365484875558
2016,123,67,130,55.259563141817665,67.0,29.999999999999996
2016,123,68,63,25.582532948093995,67.0,31.48143215916898
2016,123,69,51,18.03013426102364,67.0,32.98670708247892
2016,123,70,1,0.2561115547067499,67.0,34.51810784106126
2016,123,71,49,20.368899951511644,67.0,36.07819997184263
2016,123,72,22,8.405289725532297,67.0,37.669886964329635
2016,124,62,1,0.1942963132804153,69.0,22.885380476158566
2016,124,64,7,3.1848786342478137,69.0,25.679288619456855
2016,124,65,6,2.794219783585968,69.0,27.1006853482402
2016,124,66,84,34.285703523788165,69.0,28.540365484875558
2016,124,67,14,7.9259557544660435,69.0,29.999999999999996
2016,124,68,8,3.546696938983568,69.0,31.48143215916898
2016,124,69,143,62.86312987044987,69.0,32.98670708247892
2016,124,70,264,123.19790240576505,69.0,34.51810784106126
2016,124,71,150,66.83454539678,69.0,36.07819997184263
2016,124,72,40,15.665701743151274,69.0,37.669886964329635
2016,125,66,3,0.7735716847014495,71.0,28.540365484875558
2016,125,67,4,1.4995994651058233,71.0,29.999999999999996
2016,125,68,20,6.538840281272572,71.0,31.48143215916898
2016,125,69,50,19.663053203396736,71.0,32.98670708247892
2016,125,70,424,179.3443082704023,71.0,34.51810784106126
2016,125,71,16,7.041429789298386,71.0,36.07819997184263
2016,125,72,16,4.213754075227753,71.0,37.669886964329635
2016,126,47,1,0.6711987071556986,73.0,3.1847385367204106
2016,126,67,2,0.9874649335826582,73.0,29.999999999999996
2016,126,68,8,3.3017073162284576,73.0,31.48143215916898
2016,126,69,15,4.704895892527267,73.0,32.98670708247892
2016,126,70,66,27.17576889321089,73.0,34.51810784106126
2016,126,71,4,2.4255007676592344,73.0,36.07819997184263
2016,127,54,17,8.5236069727645,75.0,12.187474135425033
2016,127,55,2,1.006567784669147,75.0,13.493398821551693
2016,127,56,1,0.2424728115202406,75.0,14.806506911897516
2016,127,58,1,0.3342978480448798,75.0,17.457603123722095
2016,127,60,1,0.1811479862852956,75.0,20.147886287247108
2016,127,61,1,0.253355814033381,75.0,21.510188266887486
2016,127,62,1,0.744708328729826,75.0,22.885380476158566
2016,127,64,1,0.2446458527707589,75.0,25.679288619456855
2016,127,67,1,0.1725516794787059,75.0,29.999999999999996
2016,127,68,19,5.196239767471574,75.0,31.48143215916898
2016,127,69,67,32.293160845338136,75.0,32.98670708247892
2016,127,70,133,54.53303541248423,75.0,34.51810784106126
2016,127,71,1,0.2712061605522504,75.0,36.07819997184263
2016,127,75,4,1.8570507004703987,75.0,42.670233871257594
2016,128,51,3,0.6532375987196328,77.0,8.305109528050382
2016,128,53,9,4.900464098391926,77.0,10.887948130120165
2016,128,54,2,0.8525989998189132,77.0,12.187474135425033
2016,128,55,2,1.463214284339553,77.0,13.493398821551693
2016,128,57,1,0.2124351779074609,77.0,16.127620213160753
2016,128,61,1,0.2673346391086724,77.0,21.510188266887486
2016,128,66,10,3.092589371737508,77.0,28.540365484875558
2016,128,67,4,2.5040921999809886,77.0,29.999999999999996
2016,128,68,2,0.49626620028690016,77.0,31.48143215916898
2016,128,70,5,2.1862285253031732,77.0,34.51810784106126
2016,129,50,1,0.7460613950303786,79.0,7.020370749121086
2016,129,52,14,5.154980470946521,79.0,9.594068226860466
2016,129,53,2,0.9641410838325669,79.0,10.887948130120165
2016,129,54,1,0.2448758006384031,79.0,12.187474135425033
2016,129,55,4,2.409518176755847,79.0,13.493398821551693
2016,129,56,2,0.49844192042810465,79.0,14.806506911897516
2016,129,58,2,0.4899463985820849,79.0,17.457603123722095
2016,129,59,1,0.2816979028350739,79.0,18.797368824406544
2016,129,60,1,0.7774692464127386,79.0,20.147886287247108
2016,129,62,1,0.1709081382205926,79.0,22.885380476158566
2016,129,63,1,0.7722209503751304,79.0,24.274652194584778
2016,129,65,2,0.5285502294478152,79.0,27.1006853482402
2016,129,66,2,0.5747304266162647,79.0,28.540365484875558
2016,129,72,1,0.75068110866236,79.0,37.669886964329635
2016,130,55,2,1.376528189302329,81.0,13.493398821551693
2016,130,57,3,1.2820922991799941,81.0,16.127620213160753
2016,130,58,16,3.708058497705178,81.0,17.457603123722095
2016,130,59,115,35.546677747092815,81.0,18.797368824406544
2016,130,60,60,14.829654895573816,81.0,20.147886287247108
2016,130,61,17,6.084107110730934,81.0,21.510188266887486
2016,130,62,1,0.6931291491174258,81.0,22.885380476158566
2016,130,64,4,0.9636483531918623,81.0,25.679288619456855
2016,130,65,2,0.9893049006732758,81.0,27.1006853482402
2016,130,66,2,1.375172549278969,81.0,28.540365484875558
2016,131,58,4,1.4324438862862057,83.0,17.457603123722095
2016,131,59,26,10.417009817761791,83.0,18.797368824406544
2016,131,60,16,7.021778068788383,83.0,20.147886287247108
2016,131,61,6,2.2402392640684115,83.0,21.510188266887486
2016,131,62,1,0.2589299494940062,83.0,22.885380476158566
2016,131,63,4,0.9565219455450757,83.0,24.274652194584778
2016,131,64,3,1.0831716888322716,83.0,25.679288619456855
2016,131,65,3,1.412219593544574,83.0,27.1006853482402
2016,131,66,7,4.613309100237447,83.0,28.540365484875558
2016,131,81,1,0.1889616531485753,83.0,54.2046324563124
2016,132,59,2,0.3523151179729454,85.0,18.797368824406544
2016,132,60,8,3.1386725708477123,85.0,20.147886287247108
2016,132,61,2,0.4941330807425348,85.0,21.510188266887486
2016,132,62,27,9.2377304807536,85.0,22.885380476158566
2016,132,63,64,27.382590626185902,85.0,24.274652194584778
2016,132,64,24,10.351920997150778,85.0,25.679288619456855
2016,132,65,24,11.868855648281155,85.0,27.1006853482402
2016,132,66,4,2.944886432312547,85.0,28.540365484875558
2016,133,60,5,2.477114122387327,87.0,20.147886287247108
2016,133,61,2,0.44550250382912626,87.0,21.510188266887486
2016,133,62,15,5.1642200397455325,87.0,22.885380476158566
2016,133,63,24,11.196314666319887,87.0,24.274652194584778
2016,133,64,10,3.0896079500004876,87.0,25.679288619456855
2016,133,65,10,3.9470041076595197,87.0,27.1006853482402
2016,134,61,2,0.7675052086920062,89.0,21.510188266887486
2016,134,62,32,11.890055559831854,89.0,22.885380476158566
2016,134,63,10,3.3709175116124053,89.0,24.274652194584778
2016,134,64,19,7.961420373899531,89.0,25.679288619456855
2016,134,65,1,0.1761575589864727,89.0,27.1006853482402
2016,135,61,1,0.1329115485941461,91.0,21.510188266887486
2016,135,62,5,1.7017035763008423,91.0,22.885380476158566
2016,135,63,27,13.698562722486505,91.0,24.274652194584778
2016,135,64,36,9.272453091318734,91.0,25.679288619456855
2016,135,65,7,2.0501173955228524,91.0,27.1006853482402
2016,136,60,20,9.30492637681455,93.0,20.147886287247108
2016,136,61,15,6.280931930680929,93.0,21.510188266887486
2016,136,63,84,34.398415446453406,93.0,24.274652194584778
2016,136,64,21,7.013155687663476,93.0,25.679288619456855
2016,136,65,1,0.1725516794787059,93.0,27.1006853482402
2016,137,49,1,0.1543208073349055,95.0,5.739170477266791
2016,137,59,1,0.755849278903099,95.0,18.797368824406544
2016,137,60,1,0.755849278903099,95.0,20.147886287247108
2016,137,63,35,12.483180469094778,95.0,24.274652194584778
2016,137,64,11,3.9675313138249204,95.0,25.679288619456855
2016,137,65,31,10.225224824040483,95.0,27.1006853482402
2016,138,49,1,0.1965355819594836,97.0,5.739170477266791
2016,138,58,7,4.650822637484711,97.0,17.457603123722095
2016,138,61,2,0.898040113840566,97.0,21.510188266887486
2016,138,62,11,5.057068011821193,97.0,22.885380476158566
2016,138,63,4,1.7095533628686157,97.0,24.274652194584778
2016,138,64,10,5.1508716522500935,97.0,25.679288619456855
2016,138,65,2,0.4321816175438849,97.0,27.1006853482402
2016,139,47,1,0.2594627251719915,99.0,3.1847385367204106
2016,139,50,1,0.5432179490388553,99.0,7.020370749121086
2016,139,51,12,4.903160642838245,99.0,8.305109528050382
2016,139,52,3,1.0269028508528246,99.0,9.594068226860466
2016,139,54,4,1.765008592199391,99.0,12.187474135425033
2016,139,61,3,0.6563290879820891,99.0,21.510188266887486
2016,139,62,4,0.8423187591099796,99.0,22.885380476158566
2016,139,63,2,0.7223238533215414,99.0,24.274652194584778
2016,140,47,3,1.2990926311550868,101.0,3.1847385367204106
2016,140,49,87,44.1991408143407,101.0,5.739170477266791
2016,140,50,208,105.61246511926083,101.0,7.020370749121086
2016,140,54,1,0.6772214263571388,101.0,12.187474135425033
2016,140,55,3,1.7338719230289263,101.0,13.493398821551693
2016,140,82,1,0.1889616531485753,101.0,56.44269023807928
2016,141,49,12,6.665865047872793,103.0,5.739170477266791
2016,141,55,1,0.3291881111463021,103.0,13.493398821551693
2016,141,59,4,1.923131582694444,103.0,18.797368824406544
2016,141,64,2,0.6505072049112942,103.0,25.679288619456855
2016,143,39,1,0.714799118930268,107.0,-7.020370749121086
2016,143,40,4,2.747591724199537,107.0,-5.739170477266785
2016,143,69,1,0.4422697169029565,107.0,32.98670708247892
2016,144,45,1,0.1394247539236489,109.0,0.6366328722676353
2016,144,70,1,0.7140303944300959,109.0,34.51810784106126
2016,145,38,2,1.4385376607420124,111.0,-8.305109528050389
2016,145,39,2,0.928185222176117,111.0,-7.020370749121086
2016,146,38,1,0.2252785665839514,113.0,-8.305109528050389
2016,146,48,1,0.2572633756255905,113.0,4.460843697873993
2016,147,21,2,1.3440496508486028,115.0,-31.48143215916898
2016,148,44,1,0.6904251532600932,117.0,-0.6366328722676353
2016,148,49,2,0.576095566418687,117.0,5.739170477266791
2016,149,48,10,4.907590140331928,119.0,4.460843697873993
2016,149,49,4,1.8859322970575785,119.0,5.739170477266791
2016,149,56,2,0.38913857890406833,119.0,14.806506911897516
2016,150,43,1,0.198179123217597,121.0,-1.9102131717099302
2016,150,49,30,9.910215222413452,121.0,5.739170477266791
2016,150,50,13,5.892132122512834,121.0,7.020370749121086
2016,150,54,2,0.9046963283538043,121.0,12.187474135425033
2016,150,55,30,8.504541987123293,121.0,13.493398821551693
2016,150,56,31,8.85076525824027,121.0,14.806506911897516
2016,150,57,29,10.93156507820042,121.0,16.127620213160753
2016,150,58,26,10.243537112680299,121.0,17.457603123722095
2016,150,59,6,2.4214805540947366,121.0,18.797368824406544
2016,150,64,1,0.7050171384740944,121.0,25.679288619456855
2016,151,50,59,20.895409438058067,123.0,7.020370749121086
2016,151,51,22,7.225338846970155,123.0,8.305109528050382
2016,151,52,16,6.106869551045193,123.0,9.594068226860466
2016,151,53,12,4.058104074366583,123.0,10.887948130120165
2016,151,54,20,9.844956765002717,123.0,12.187474135425033
2016,151,55,10,2.940980479811661,123.0,13.493398821551693
2016,151,56,1,0.7643588547375766,123.0,14.806506911897516
2016,151,57,1,0.3300963429877245,123.0,16.127620213160753
2016,151,58,1,0.2795329619928615,123.0,17.457603123722095
2016,152,49,13,7.699289764784149,125.0,5.739170477266791
2016,152,50,177,66.27790417990954,125.0,7.020370749121086
2016,152,51,63,25.118852681583178,125.0,8.305109528050382
2016,152,52,13,3.733349536419195,125.0,9.594068226860466
2016,152,53,9,4.682173737984628,125.0,10.887948130120165
2016,152,54,15,5.586478975486832,125.0,12.187474135425033
2016,152,55,3,0.699312912796935,125.0,13.493398821551693
2016,153,50,11,3.2769287417103987,127.0,7.020370749121086
2016,153,51,12,3.762651423610868,127.0,8.305109528050382
2016,154,71,1,0.7050171384740944,129.0,36.07819997184263
2016,158,42,2,1.1128240145058237,137.0,-3.1847385367204106
2016,159,71,1,0.7573420479339339,139.0,36.07819997184263
2016,160,43,1,0.7359918426158895,141.0,-1.9102131717099302
2016,162,17,5,3.408413297383711,145.0,-37.669886964329635
2016,164,20,1,0.7077067612384813,149.0,-32.98670708247892
2016,165,19,1,0.2204222719173907,151.0,-34.51810784106126
2016,178,17,1,0.6656016541646785,177.0,-37.669886964329635
2017,28,72,3,2.172555692720628,-123.0,37.669886964329635
2017,28,77,1,0.3725186294928167,-123.0,46.23825730732021
2017,28,78,2,0.9083082470214068,-123.0,48.11140308495899
2017,29,72,1,0.6764346110574461,-121.0,37.669886964329635
2017,30,71,2,0.9594070643090858,-119.0,36.07819997184263
2017,31,69,1,0.2182433866532874,-117.0,32.98670708247892
2017,31,78,1,0.6978410297426477,-117.0,48.11140308495899
2017,32,71,1,0.7540066295108683,-115.0,36.07819997184263
2017,32,79,1,0.6764346110574461,-115.0,50.05549481018511
2017,32,80,1,0.7074286612640108,-115.0,52.08179734355447
2017,33,81,2,0.6754192266336262,-113.0,54.2046324563124
2017,34,63,1,0.1903217982196158,-111.0,24.274652194584778
2017,35,62,1,0.2336521240088347,-109.0,22.885380476158566
2017,36,63,1,0.2336521240088347,-107.0,24.274652194584778
2017,36,66,1,0.6684583944068628,-107.0,28.540365484875558
2017,36,71,1,0.7128492714230189,-107.0,36.07819997184263
2017,37,60,1,0.2279667916972944,-105.0,20.147886287247108
2017,37,61,1,0.2613581129197156,-105.0,21.510188266887486
2017,37,73,1,0.2600754583411399,-105.0,39.2964802391875
2017,38,59,1,0.1940581584427301,-103.0,18.797368824406544
2017,38,60,1,0.1764605929311436,-103.0,20.147886287247108
2017,39,59,1,0.2336521240088347,-101.0,18.797368824406544
2017,39,61,1,0.6207616432945907,-101.0,21.510188266887486
2017,39,64,1,0.1825667964085403,-101.0,25.679288619456855
2017,40,57,1,0.2336521240088347,-99.0,16.127620213160753
2017,40,58,1,0.6976828625277329,-99.0,17.457603123722095
2017,40,59,2,0.9796276727125844,-99.0,18.797368824406544
2017,40,74,1,0.1642759673858145,-99.0,40.961788552349354
2017,41,59,1,0.2336521240088347,-97.0,18.797368824406544
2017,41,60,1,0.1646172078895829,-97.0,20.147886287247108
2017,41,66,1,0.7074286612640108,-97.0,28.540365484875558
2017,41,67,1,0.6747862488890367,-97.0,29.999999999999996
2017,41,69,2,1.3512208599464828,-97.0,32.98670708247892
2017,41,77,1,0.6764346110574461,-97.0,46.23825730732021
2017,42,58,1,0.2336521240088347,-95.0,17.457603123722095
2017,42,59,1,0.3622246604006774,-95.0,18.797368824406544
2017,42,67,1,0.1957861014936696,-95.0,29.999999999999996
2017,42,73,3,1.470006579531504,-95.0,39.2964802391875
2017,43,76,1,0.7319083029793781,-93.0,44.4270040008057
2017,44,67,3,1.2238686073077267,-91.0,29.999999999999996
2017,44,69,2,1.3512208599464828,-91.0,32.98670708247892
2017,45,73,1,0.6811633448522194,-89.0,39.2964802391875
2017,46,57,1,0.3613045957339945,-87.0,16.127620213160753
2017,46,71,1,0.4717215677979095,-87.0,36.07819997184263
2017,46,73,1,0.6747862488890367,-87.0,39.2964802391875
2017,46,75,1,0.125628541812719,-87.0,42.670233871257594
2017,47,72,2,0.9540782705213553,-85.0,37.669886964329635
2017,48,66,3,1.392279906002474,-83.0,28.540365484875558
2017,48,71,1,0.1835689954604127,-83.0,36.07819997184263
2017,48,75,1,0.2169593205710083,-83.0,42.670233871257594
2017,49,64,1,0.6118411597519339,-81.0,25.679288619456855
2017,49,65,1,0.6750789710340862,-81.0,27.1006853482402
2017,49,70,1,0.6764346110574461,-81.0,34.51810784106126
2017,49,71,1,0.6747862488890367,-81.0,36.07819997184263
2017,50,39,1,0.1154605429431891,-79.0,-7.020370749121086
2017,50,43,1,0.1910658507219499,-79.0,-1.9102131717099302
2017,50,44,2,0.3617939591646899,-79.0,-0.6366328722676353
2017,50,46,8,2.5277287125385177,-79.0,1.9102131717099364
2017,50,72,1,0.7059511745642939,-79.0,37.669886964329635
2017,50,75,1,0.6747862488890367,-79.0,42.670233871257594
2017,50,76,2,0.893320113824135,-79.0,44.4270040008057
2017,51,35,2,0.3716310417447567,-77.0,-12.18747413542504
2017,51,45,1,0.2659015924307744,-77.0,0.6366328722676353
2017,51,46,2,1.1091994020891813,-77.0,1.9102131717099364
2017,51,47,10,4.11467881436203,-77.0,3.1847385367204106
2017,51,48,3,0.946263479607395,-77.0,4.460843697873993
2017,51,49,4,1.1445117676337246,-77.0,5.739170477266791
2017,51,51,1,0.1797323069535074,-77.0,8.305109528050382
2017,51,58,2,1.3678376418245712,-77.0,17.457603123722095
2017,51,73,2,0.5877516098396466,-77.0,39.2964802391875
2017,51,74,4,2.8286253509850514,-77.0,40.961788552349354
2017,52,34,1,0.2549555619849541,-75.0,-13.493398821551686
2017,52,35,1,0.1668350761463691,-75.0,-12.18747413542504
2017,52,46,2,0.5287436604767838,-75.0,1.9102131717099364
2017,52,47,2,1.415179383385146,-75.0,3.1847385367204106
2017,52,48,4,2.5220136621262714,-75.0,4.460843697873993
2017,52,49,1,0.2659015924307744,-75.0,5.739170477266791
2017,52,50,4,1.857309932161285,-75.0,7.020370749121086
2017,52,51,1,0.1971426227475768,-75.0,8.305109528050382
2017,52,53,1,0.2659015924307744,-75.0,10.887948130120165
2017,52,77,1,0.6747862488890367,-75.0,46.23825730732021
2017,53,15,1,0.751470742284498,-73.0,-40.96178855234936
2017,53,16,4,2.8561005181818273,-73.0,-39.2964802391875
2017,53,17,3,2.189917541988151,-73.0,-37.669886964329635
2017,53,34,1,0.2623801116871752,-73.0,-13.493398821551686
2017,53,35,1,0.5321090449564425,-73.0,-12.18747413542504
2017,53,46,5,1.973148037165874,-73.0,1.9102131717099364
2017,53,47,2,0.7037470173765163,-73.0,3.1847385367204106
2017,53,48,4,3.051343737588052,-73.0,4.460843697873993
2017,53,49,1,0.6644644368470047,-73.0,5.739170477266791
2017,53,50,8,3.377503817644154,-73.0,7.020370749121086
2017,53,51,29,12.201923183935342,-73.0,8.305109528050382
2017,53,53,1,0.274065152447932,-73.0,10.887948130120165
2017,53,74,9,4.722822687216489,-73.0,40.961788552349354
2017,53,77,2,1.3838632723214568,-73.0,46.23825730732021
2017,54,14,1,0.6916923480743324,-71.0,-42.670233871257594
2017,54,15,1,0.6875051136197511,-71.0,-40.96178855234936
2017,54,20,4,2.3655992887342996,-71.0,-32.98670708247892
2017,54,44,1,0.7118095854644738,-71.0,-0.6366328722676353
2017,54,45,1,0.1172818900531608,-71.0,0.6366328722676353
2017,54,46,1,0.4378086664740552,-71.0,1.9102131717099364
2017,54,47,1,0.2659015924307744,-71.0,3.1847385367204106
2017,54,50,12,4.7749991530761955,-71.0,7.020370749121086
2017,54,53,1,0.15172725694019,-71.0,10.887948130120165
2017,54,75,1,0.6750789710340862,-71.0,42.670233871257594
2017,54,77,2,1.370712254968865,-71.0,46.23825730732021
2017,55,52,2,0.8759765731973587,-69.0,9.594068226860466
2017,55,59,1,0.3657366770399814,-69.0,18.797368824406544
2017,56,52,1,0.1668350761463691,-67.0,9.594068226860466
2017,56,53,9,5.266747252404369,-67.0,10.887948130120165
2017,56,59,1,0.6883197153272864,-67.0,18.797368824406544
2017,57,59,3,2.207726231114358,-65.0,18.797368824406544
2017,58,51,4,2.523919713644905,-63.0,8.305109528050382
2017,61,26,4,1.3542779112053185,-57.0,-24.27465219458477
2017,61,27,6,3.2314953564638658,-57.0,-22.885380476158566
2017,65,29,1,0.6663123899341297,-49.0,-20.1478862872471
2017,65,31,1,0.1680876052599542,-49.0,-17.457603123722095
2017,83,51,3,1.6209899524962812,-13.0,8.305109528050382
2017,84,49,1,0.1475230715443982,-11.0,5.739170477266791
2017,85,80,5,1.2658412526599827,-9.0,52.08179734355447
2017,86,54,2,0.8430004421401746,-7.0,12.187474135425033
2017,86,55,1,0.3472176706716296,-7.0,13.493398821551693
2017,86,56,1,0.2872249755879098,-7.0,14.806506911897516
2017,86,80,2,0.3023982327247514,-7.0,52.08179734355447
2017,86,81,56,19.950631157371703,-7.0,54.2046324563124
2017,87,49,8,4.798839930004713,-5.0,5.739170477266791
2017,87,52,1,0.1807516045165913,-5.0,9.594068226860466
2017,87,54,2,0.9055052956566022,-5.0,12.187474135425033
2017,87,55,9,3.848545160564174,-5.0,13.493398821551693
2017,87,56,14,5.68567819130811,-5.0,14.806506911897516
2017,87,57,5,2.6374605084282146,-5.0,16.127620213160753
2017,87,81,44,18.856530390577596,-5.0,54.2046324563124
2017,88,49,4,2.016810497669251,-3.0,5.739170477266791
2017,88,55,6,1.5280729530292005,-3.0,13.493398821551693
2017,88,56,21,9.347108195397706,-3.0,14.806506911897516
2017,88,57,14,7.872918179710368,-3.0,16.127620213160753
2017,88,59,1,0.3117600628752182,-3.0,18.797368824406544
2017,88,70,1,0.2044762702968613,-3.0,34.51810784106126
2017,88,79,1,0.6949914274885212,-3.0,50.05549481018511
2017,88,81,12,6.582733765855979,-3.0,54.2046324563124
2017,88,82,1,0.6772151852746152,-3.0,56.44269023807928
2017,89,54,2,1.5196915241026212,-1.0,12.187474135425033
2017,89,55,16,8.8491946675925,-1.0,13.493398821551693
2017,89,56,18,8.001195417034344,-1.0,14.806506911897516
2017,89,57,8,4.110802744687996,-1.0,16.127620213160753
2017,89,58,4,1.6930216857601974,-1.0,17.457603123722095
2017,89,70,1,0.1927555276001213,-1.0,34.51810784106126
2017,89,75,1,0.663974440981415,-1.0,42.670233871257594
2017,89,79,1,0.6623260788130056,-1.0,50.05549481018511
2017,89,80,15,7.633554280968538,-1.0,52.08179734355447
2017,89,81,1,0.6527510989413768,-1.0,54.2046324563124
2017,90,55,1,0.4137107209851345,1.0,13.493398821551693
2017,90,56,7,4.186932090500791,1.0,14.806506911897516
2017,90,57,6,3.274179343400291,1.0,16.127620213160753
2017,90,58,6,3.791826003825625,1.0,17.457603123722095
2017,90,59,18,8.13969550933845,1.0,18.797368824406544
2017,90,60,5,2.9203962704052446,1.0,20.147886287247108
2017,90,71,2,0.6907606799800412,1.0,36.07819997184263
2017,90,74,1,0.5304156022448785,1.0,40.961788552349354
2017,90,76,1,0.3693482374195239,1.0,44.4270040008057
2017,90,77,1,0.66104478721048,1.0,46.23825730732021
2017,90,80,1,0.6623260788130056,1.0,52.08179734355447
2017,91,50,6,3.37297927551716,3.0,7.020370749121086
2017,91,56,2,1.1998573668641996,3.0,14.806506911897516
2017,91,57,5,2.622405170966047,3.0,16.127620213160753
2017,91,59,1,0.4867018962273456,3.0,18.797368824406544
2017,91,71,4,1.5915552067885654,3.0,36.07819997184263
2017,91,74,2,1.4894664936299908,3.0,40.961788552349354
2017,91,75,1,0.6626188009580551,3.0,42.670233871257594
2017,91,78,15,5.488669460751557,3.0,48.11140308495899
2017,92,48,3,1.5806899220665034,5.0,4.460843697873993
2017,92,49,14,5.025393150633893,5.0,5.739170477266791
2017,92,50,16,6.366294862594172,5.0,7.020370749121086
2017,92,51,4,1.3811768903908423,5.0,8.305109528050382
2017,92,52,1,0.6765603755426487,5.0,9.594068226860466
2017,92,56,1,0.7190925853586072,5.0,14.806506911897516
2017,92,71,2,0.504874833610572,5.0,36.07819997184263
2017,92,75,2,0.5532490339472836,5.0,42.670233871257594
2017,92,76,8,5.329591678251184,5.0,44.4270040008057
2017,92,77,3,1.1425658316403657,5.0,46.23825730732021
2017,92,78,4,0.9183031047826032,5.0,48.11140308495899
2017,92,79,3,0.6076476286966984,5.0,50.05549481018511
2017,92,80,1,0.6571581469792731,5.0,52.08179734355447
2017,93,48,15,6.808453563407724,7.0,4.460843697873993
2017,93,49,24,9.671991886692423,7.0,5.739170477266791
2017,93,50,13,5.536032202714596,7.0,7.020370749121086
2017,93,51,8,2.9390767616085363,7.0,8.305109528050382
2017,93,52,6,3.30747297270121,7.0,9.594068226860466
2017,93,53,5,1.102526485188668,7.0,10.887948130120165
2017,93,54,1,0.3261327139885636,7.0,12.187474135425033
2017,93,71,3,0.8704350609834381,7.0,36.07819997184263
2017,93,72,1,0.1927555276001213,7.0,37.669886964329635
2017,93,78,1,0.6623260788130056,7.0,48.11140308495899
2017,93,79,1,0.7124752651113379,7.0,50.05549481018511
2017,93,80,3,1.5824568030360135,7.0,52.08179734355447
2017,94,45,4,1.3752557916700485,9.0,0.6366328722676353
2017,94,48,7,3.200161402151001,9.0,4.460843697873993
2017,94,49,11,4.255255916854171,9.0,5.739170477266791
2017,94,50,17,8.500612179576368,9.0,7.020370749121086
2017,94,51,4,1.1034175536909727,9.0,8.305109528050382
2017,94,52,29,14.214138226218774,9.0,9.594068226860466
2017,94,53,1,0.7998267179297696,9.0,10.887948130120165
2017,94,54,1,0.4009212170598505,9.0,12.187474135425033
2017,94,69,1,0.3230590839058779,9.0,32.98670708247892
2017,94,70,1,0.574038694734544,9.0,34.51810784106126
2017,94,71,2,0.5944188143593182,9.0,36.07819997184263
2017,94,74,1,0.7210948629912051,9.0,40.961788552349354
2017,94,75,5,3.515965292321641,9.0,42.670233871257594
2017,94,77,1,0.3029140896774946,9.0,46.23825730732021
2017,94,80,1,0.7124752651113379,9.0,52.08179734355447
2017,94,81,6,3.8814971573130683,9.0,54.2046324563124
2017,95,49,16,6.816536100298456,11.0,5.739170477266791
2017,95,50,1,0.7555273624141912,11.0,7.020370749121086
2017,95,51,5,2.1868363309878065,11.0,8.305109528050382
2017,95,52,4,2.6624559858350194,11.0,9.594068226860466
2017,95,53,3,1.697432286681801,11.0,10.887948130120165
2017,95,54,1,0.653529226341949,11.0,12.187474135425033
2017,95,55,1,0.2679602911495123,11.0,13.493398821551693
2017,95,63,2,0.6102095080542419,11.0,24.274652194584778
2017,95,65,1,0.7329834933067241,11.0,27.1006853482402
2017,95,66,2,1.4900749024172983,11.0,28.540365484875558
2017,95,71,1,0.3094142890012195,11.0,36.07819997184263
2017,95,76,1,0.7197397783967368,11.0,44.4270040008057
2017,95,80,2,0.8518914161233031,11.0,52.08179734355447
2017,95,83,5,1.3780871205396037,11.0,58.82116446134409
2017,96,38,1,0.5005881377311049,13.0,-8.305109528050389
2017,96,40,2,0.3847827415647716,13.0,-5.739170477266785
2017,96,41,2,1.0494355337104484,13.0,-4.460843697873993
2017,96,52,14,7.984260487469267,13.0,9.594068226860466
2017,96,53,100,54.47534470844188,13.0,10.887948130120165
2017,96,54,167,92.93359402845053,13.0,12.187474135425033
2017,96,55,13,8.06077862300354,13.0,13.493398821551693
2017,96,56,2,1.0481253039953682,13.0,14.806506911897516
2017,96,65,2,0.4836709116972343,13.0,27.1006853482402
2017,96,68,3,1.7155278953627588,13.0,31.48143215916898
2017,96,69,46,18.15317115729171,13.0,32.98670708247892
2017,96,74,1,0.2228465415191919,13.0,40.961788552349354
2017,96,75,4,1.8343135752020827,13.0,42.670233871257594
2017,96,80,13,6.959561385702833,13.0,52.08179734355447
2017,96,82,5,2.3192354936434914,13.0,56.44269023807928
2017,96,83,4,2.2214385248271444,13.0,58.82116446134409
2017,97,40,1,0.6795232121038062,15.0,-5.739170477266785
2017,97,41,7,4.055911625063647,15.0,-4.460843697873993
2017,97,48,2,1.214441733103778,15.0,4.460843697873993
2017,97,50,2,1.0354884931272754,15.0,7.020370749121086
2017,97,51,1,0.2951717551881464,15.0,8.305109528050382
2017,97,53,46,21.93250856173915,15.0,10.887948130120165
2017,97,54,18,7.855204195042789,15.0,12.187474135425033
2017,97,55,1,0.443718600219003,15.0,13.493398821551693
2017,97,65,4,1.4891268968145814,15.0,27.1006853482402
2017,97,67,1,0.7154031669529934,15.0,29.999999999999996
2017,97,68,5,1.5714963009082707,15.0,31.48143215916898
2017,97,69,12,5.699501644623293,15.0,32.98670708247892
2017,97,71,3,2.0053847689705324,15.0,36.07819997184263
2017,97,78,1,0.6772001663008238,15.0,48.11140308495899
2017,97,79,2,1.4519822352423541,15.0,50.05549481018511
2017,97,83,1,0.6623260788130056,15.0,58.82116446134409
2017,97,85,1,0.663974440981415,15.0,64.15806723683286
2017,98,50,1,0.7555157935105116,17.0,7.020370749121086
2017,98,65,1,0.5383379228125585,17.0,27.1006853482402
2017,98,66,2,0.9652796130735839,17.0,28.540365484875558
2017,98,67,2,0.9739284052134813,17.0,29.999999999999996
2017,98,68,16,4.787993682346191,17.0,31.48143215916898
2017,98,83,1,0.6623260788130056,17.0,58.82116446134409
2017,98,84,1,0.6772151852746152,17.0,61.37544904657465
2017,99,19,6,2.270928833787183,19.0,-34.51810784106126
2017,99,48,1,0.7571693491766055,19.0,4.460843697873993
2017,99,49,1,0.708854036132331,19.0,5.739170477266791
2017,99,50,3,0.9199390397036082,19.0,7.020370749121086
2017,99,67,5,2.9693630543715006,19.0,29.999999999999996
2017,99,75,1,0.7568839919329213,19.0,42.670233871257594
2017,99,79,1,0.7093293054245738,19.0,50.05549481018511
2017,99,80,1,0.7325089282211779,19.0,52.08179734355447
2017,99,83,1,0.7017107168224901,19.0,58.82116446134409
2017,100,39,2,0.401677903086985,21.0,-7.020370749121086
2017,100,40,4,2.4064087898680087,21.0,-5.739170477266785
2017,100,48,3,1.989466306188295,21.0,4.460843697873993
2017,100,49,6,3.0377430016573292,21.0,5.739170477266791
2017,100,50,3,1.9633894647517385,21.0,7.020370749121086
2017,100,54,1,0.139152201660278,21.0,12.187474135425033
2017,100,67,1,0.733955710735904,21.0,29.999999999999996
2017,100,68,60,30.924872635231043,21.0,31.48143215916898
2017,100,69,7,1.2377991719049846,21.0,32.98670708247892
2017,100,74,1,0.7096237868635373,21.0,40.961788552349354
2017,100,75,8,4.2760539264554565,21.0,42.670233871257594
2017,100,76,1,0.1862744917994309,21.0,44.4270040008057
2017,101,39,9,3.6773769458901175,23.0,-7.020370749121086
2017,101,40,2,1.0471133234988441,23.0,-5.739170477266785
2017,101,42,3,2.276958609448821,23.0,-3.1847385367204106
2017,101,48,14,6.145349813239537,23.0,4.460843697873993
2017,101,49,1,0.7182001618432332,23.0,5.739170477266791
2017,101,53,1,0.7393548200328741,23.0,10.887948130120165
2017,101,54,6,2.443163072561349,23.0,12.187474135425033
2017,101,55,7,3.091712232563025,23.0,13.493398821551693
2017,101,56,2,1.4242819718204007,23.0,14.806506911897516
2017,101,60,1,0.2804199598844216,23.0,20.147886287247108
2017,101,68,4,1.433398329609117,23.0,31.48143215916898
2017,101,69,13,4.783765079995717,23.0,32.98670708247892
2017,101,72,37,18.549883766010765,23.0,37.669886964329635
2017,101,74,6,4.303544510373503,23.0,40.961788552349354
2017,101,78,1,0.1976305637055195,23.0,48.11140308495899
2017,101,79,2,1.3992807058459813,23.0,50.05549481018511
2017,101,84,1,0.5468710218382496,23.0,61.37544904657465
2017,102,48,5,2.7952804582735693,25.0,4.460843697873993
2017,102,49,2,0.780870955704012,25.0,5.739170477266791
2017,102,50,1,0.2799127728419959,25.0,7.020370749121086
2017,102,51,5,2.7081056056780546,25.0,8.305109528050382
2017,102,53,5,3.358893157804276,25.0,10.887948130120165
2017,102,54,9,4.915006436000224,25.0,12.187474135425033
2017,102,55,63,33.5604722485884,25.0,13.493398821551693
2017,102,56,7,3.19692535107041,25.0,14.806506911897516
2017,102,57,2,1.192778050725384,25.0,16.127620213160753
2017,102,60,1,0.2658063221444211,25.0,20.147886287247108
2017,102,79,2,1.4357125489188387,25.0,50.05549481018511
2017,102,82,1,0.6766681657333621,25.0,56.44269023807928
2017,102,84,1,0.6639697691302412,25.0,61.37544904657465
2017,103,20,1,0.268602059601118,27.0,-32.98670708247892
2017,103,25,1,0.2879887040201983,27.0,-25.679288619456855
2017,103,35,1,0.357016606806214,27.0,-12.18747413542504
2017,103,40,2,1.455197929417791,27.0,-5.739170477266785
2017,103,41,2,0.9791705599409346,27.0,-4.460843697873993
2017,103,42,2,0.4349181603952179,27.0,-3.1847385367204106
2017,103,46,1,0.7075071319693516,27.0,1.9102131717099364
2017,103,48,1,0.7220688031662472,27.0,4.460843697873993
2017,103,53,1,0.2658063221444211,27.0,10.887948130120165
2017,103,72,5,3.353704875839675,27.0,37.669886964329635
2017,103,79,1,0.6670931858617333,27.0,50.05549481018511
2017,104,21,1,0.7212004444218724,29.0,-31.48143215916898
2017,104,22,4,1.4809252518459983,29.0,-29.999999999999996
2017,104,26,4,2.9066208928657487,29.0,-24.27465219458477
2017,104,33,2,0.8438795144149637,29.0,-14.806506911897516
2017,104,38,1,0.7457454588564066,29.0,-8.305109528050389
2017,104,40,1,0.4719252502885513,29.0,-5.739170477266785
2017,104,41,4,2.458616130931172,29.0,-4.460843697873993
2017,104,42,26,12.762633319757844,29.0,-3.1847385367204106
2017,104,43,11,4.882289398205442,29.0,-1.9102131717099302
2017,104,44,35,15.859796306244354,29.0,-0.6366328722676353
2017,104,45,32,15.176339814467887,29.0,0.6366328722676353
2017,104,46,10,5.594518822679626,29.0,1.9102131717099364
2017,104,47,1,0.7097171803797645,29.0,3.1847385367204106
2017,104,48,1,0.4071745342476923,29.0,4.460843697873993
2017,104,50,1,0.7237023723051572,29.0,7.020370749121086
2017,104,51,3,1.3467841949041692,29.0,8.305109528050382
2017,104,52,8,2.9569703434207337,29.0,9.594068226860466
2017,104,53,1,0.4896497628682091,29.0,10.887948130120165
2017,104,67,1,0.7904479416697595,29.0,29.999999999999996
2017,104,68,5,1.8655864987794895,29.0,31.48143215916898
2017,104,74,11,5.5052263007597855,29.0,40.961788552349354
2017,105,22,7,1.8405166894471492,31.0,-29.999999999999996
2017,105,23,3,1.591281710130627,31.0,-28.54036548487555
2017,105,31,3,2.110452047702522,31.0,-17.457603123722095
2017,105,42,1,0.2447172640096008,31.0,-3.1847385367204106
2017,105,43,1,0.2091278638591511,31.0,-1.9102131717099302
2017,105,45,2,1.4838554986628307,31.0,0.6366328722676353
2017,105,46,3,1.8924488335344818,31.0,1.9102131717099364
2017,105,47,9,3.684063029117151,31.0,3.1847385367204106
2017,105,48,6,2.7229401594824174,31.0,4.460843697873993
2017,105,49,6,3.9810588000678866,31.0,5.739170477266791
2017,105,50,6,4.095964627358583,31.0,7.020370749121086
2017,105,51,5,2.2592940330997116,31.0,8.305109528050382
2017,105,64,1,0.6059859342005385,31.0,25.679288619456855
2017,105,66,2,1.5496267125395407,31.0,28.540365484875558
2017,105,67,17,8.340642245169306,31.0,29.999999999999996
2017,105,68,6,3.022424834125209,31.0,31.48143215916898
2017,105,77,5,3.035824823956837,31.0,46.23825730732021
2017,105,78,1,0.7354287207675543,31.0,48.11140308495899
2017,105,79,10,4.737955142075057,31.0,50.05549481018511
2017,105,83,4,2.512674688952241,31.0,58.82116446134409
2017,106,23,1,0.268602059601118,33.0,-28.54036548487555
2017,106,25,1,0.7014318691810651,33.0,-25.679288619456855
2017,106,36,1,0.6997835070126558,33.0,-10.887948130120165
2017,106,45,8,3.439687579628969,33.0,0.6366328722676353
2017,106,47,1,0.2755331054294608,33.0,3.1847385367204106
2017,106,50,3,1.1145131955720484,33.0,7.020370749121086
2017,106,51,3,1.8564249865445592,33.0,8.305109528050382
2017,106,52,5,0.8547708519507535,33.0,9.594068226860466
2017,106,53,1,0.4678745856112583,33.0,10.887948130120165
2017,106,64,1,0.4699619088919723,33.0,25.679288619456855
2017,106,65,2,0.8660378424950799,33.0,27.1006853482402
2017,106,66,1,0.4215199428123393,33.0,28.540365484875558
2017,106,67,18,9.681923379614219,33.0,29.999999999999996
2017,106,68,125,58.6109204967329,33.0,31.48143215916898
2017,106,78,1,0.7226301175771128,33.0,48.11140308495899
2017,106,79,1,0.245488503370886,33.0,50.05549481018511
2017,107,27,2,0.6681894132454298,35.0,-22.885380476158566
2017,107,40,1,0.1995498445663204,35.0,-5.739170477266785
2017,107,44,4,2.29114387617635,35.0,-0.6366328722676353
2017,107,45,4,1.8626153817214235,35.0,0.6366328722676353
2017,107,50,1,0.5614981805537738,35.0,7.020370749121086
2017,107,51,2,1.0180107484329062,35.0,8.305109528050382
2017,107,53,1,0.2082831620459426,35.0,10.887948130120165
2017,107,67,4,2.0984424552278598,35.0,29.999999999999996
2017,107,68,145,56.844154163351554,35.0,31.48143215916898
2017,107,69,29,12.793741381173827,35.0,32.98670708247892
2017,107,70,5,1.744724766360421,35.0,34.51810784106126
2017,107,71,9,5.41903092067746,35.0,36.07819997184263
2017,107,72,1,0.7597323775663423,35.0,37.669886964329635
2017,107,78,2,1.4009466454788841,35.0,48.11140308495899
2017,107,79,1,0.7340788156300874,35.0,50.05549481018511
2017,108,43,1,0.1926674968356982,37.0,-1.9102131717099302
2017,108,44,2,1.4398326066385367,37.0,-0.6366328722676353
2017,108,45,1,0.3131225650773268,37.0,0.6366328722676353
2017,108,51,1,0.5060149971407866,37.0,8.305109528050382
2017,108,53,1,0.2602966954721441,37.0,10.887948130120165
2017,108,54,13,6.942200628863448,37.0,12.187474135425033
2017,108,55,2,0.9989148133382091,37.0,13.493398821551693
2017,108,59,1,0.7214888737358868,37.0,18.797368824406544
2017,108,67,2,1.472556995370807,37.0,29.999999999999996
2017,108,69,50,29.919587135508923,37.0,32.98670708247892
2017,108,70,46,25.0479253726973,37.0,34.51810784106126
2017,108,71,78,39.00654980052078,37.0,36.07819997184263
2017,108,72,2,0.734984570200815,37.0,37.669886964329635
2017,108,77,2,1.4811542344387745,37.0,46.23825730732021
2017,108,78,21,10.963668096718262,37.0,48.11140308495899
2017,108,79,2,1.088672831142805,37.0,50.05549481018511
2017,108,82,4,2.6678766620440735,37.0,56.44269023807928
2017,109,33,1,0.268602059601118,39.0,-14.806506911897516
2017,109,38,3,1.158828744397561,39.0,-8.305109528050389
2017,109,39,2,0.3546146587862375,39.0,-7.020370749121086
2017,109,41,3,1.673640565817256,39.0,-4.460843697873993
2017,109,47,2,1.5085153428839855,39.0,3.1847385367204106
2017,109,52,1,0.6985022154101301,39.0,9.594068226860466
2017,109,53,1,0.6864377401446465,39.0,10.887948130120165
2017,109,54,1,0.2203080929128692,39.0,12.187474135425033
2017,109,61,1,0.509499160258117,39.0,21.510188266887486
2017,109,63,1,0.7939786776713087,39.0,24.274652194584778
2017,109,68,1,0.5067406223668509,39.0,31.48143215916898
2017,109,69,21,10.040330316277666,39.0,32.98670708247892
2017,109,70,8,3.275644371355951,39.0,34.51810784106126
2017,109,71,24,11.248380004103128,39.0,36.07819997184263
2017,109,72,3,1.0727515672430166,39.0,37.669886964329635
2017,109,73,4,1.8986415376500825,39.0,39.2964802391875
2017,109,74,2,1.0785226520283429,39.0,40.961788552349354
2017,109,76,1,0.6604373238227566,39.0,44.4270040008057
2017,109,78,10,3.3892063357157354,39.0,48.11140308495899
2017,110,36,7,3.9351757289276166,41.0,-10.887948130120165
2017,110,43,44,26.988918244860912,41.0,-1.9102131717099302
2017,110,44,14,9.867349396035875,41.0,-0.6366328722676353
2017,110,45,13,5.790428385830464,41.0,0.6366328722676353
2017,110,46,2,1.077184189528034,41.0,1.9102131717099364
2017,110,47,26,17.6277242142306,41.0,3.1847385367204106
2017,110,48,10,5.475486669938525,41.0,4.460843697873993
2017,110,55,1,0.321359940517278,41.0,13.493398821551693
2017,110,61,2,0.4496929287213192,41.0,21.510188266887486
2017,110,69,42,16.647559114596366,41.0,32.98670708247892
2017,110,70,55,20.41164610215314,41.0,34.51810784106126
2017,110,71,64,24.88781515061897,41.0,36.07819997184263
2017,110,72,32,15.851322608920542,41.0,37.669886964329635
2017,110,73,6,2.644761371633176,41.0,39.2964802391875
2017,110,76,1,0.1507112277827093,41.0,44.4270040008057
2017,110,77,1,0.2464772717625406,41.0,46.23825730732021
2017,110,78,1,0.1664752392784267,41.0,48.11140308495899
2017,111,44,22,10.864906389216241,43.0,-0.6366328722676353
2017,111,45,7,2.0803463585191375,43.0,0.6366328722676353
2017,111,46,14,6.005084521681699,43.0,1.9102131717099364
2017,111,47,37,17.944443185045177,43.0,3.1847385367204106
2017,111,48,11,5.5827031437786,43.0,4.460843697873993
2017,111,54,3,1.243573610730396,43.0,12.187474135425033
2017,111,55,23,10.996206151685728,43.0,13.493398821551693
2017,111,56,8,2.896293176021535,43.0,14.806506911897516
2017,111,57,8,3.7679290145369344,43.0,16.127620213160753
2017,111,58,15,6.39505735978406,43.0,17.457603123722095
2017,111,59,3,0.6259395639972138,43.0,18.797368824406544
2017,111,68,2,0.5239579833621468,43.0,31.48143215916898
2017,111,69,127,55.32098909191981,43.0,32.98670708247892
2017,111,70,159,70.76476479867665,43.0,34.51810784106126
2017,111,71,744,289.39890311783984,43.0,36.07819997184263
2017,111,72,66,28.124093498176336,43.0,37.669886964329635
2017,111,73,3,1.3042842749930315,43.0,39.2964802391875
2017,111,74,1,0.4467373713667458,43.0,40.961788552349354
2017,112,45,6,2.687652675113667,45.0,0.6366328722676353
2017,112,46,347,169.16084431973349,45.0,1.9102131717099364
2017,112,47,46,22.15537699794172,45.0,3.1847385367204106
2017,112,48,33,13.915923065633311,45.0,4.460843697873993
2017,112,54,10,5.5634095293436685,45.0,12.187474135425033
2017,112,55,80,36.69783297880031,45.0,13.493398821551693
2017,112,56,41,18.86463641363335,45.0,14.806506911897516
2017,112,57,12,6.372429336852798,45.0,16.127620213160753
2017,112,58,9,4.314252375816237,45.0,17.457603123722095
2017,112,62,1,0.2248464643606596,45.0,22.885380476158566
2017,112,68,6,3.1101225224361184,45.0,31.48143215916898
2017,112,69,834,369.2914681365612,45.0,32.98670708247892
2017,112,70,318,126.15390485391411,45.0,34.51810784106126
2017,112,71,89,36.05176662787391,45.0,36.07819997184263
2017,112,72,30,14.710188824575239,45.0,37.669886964329635
2017,112,73,6,2.920650002654576,45.0,39.2964802391875
2017,112,74,1,0.6666364736215451,45.0,40.961788552349354
2017,112,75,8,3.7936757613348444,45.0,42.670233871257594
2017,112,76,1,0.5948461856895801,45.0,44.4270040008057
2017,113,48,7,3.0782189570393776,47.0,4.460843697873993
2017,113,49,5,2.018946104199677,47.0,5.739170477266791
2017,113,50,11,4.57297090247479,47.0,7.020370749121086
2017,113,55,12,6.4494123237934025,47.0,13.493398821551693
2017,113,56,8,3.8774629140276815,47.0,14.806506911897516
2017,113,58,1,0.1527652420957752,47.0,17.457603123722095
2017,113,63,4,1.459956847883477,47.0,24.274652194584778
2017,113,67,25,14.41909459357416,47.0,29.999999999999996
2017,113,68,10,4.776811964157444,47.0,31.48143215916898
2017,113,71,2,1.141466443121658,47.0,36.07819997184263
2017,113,73,1,0.4109546725769792,47.0,39.2964802391875
2017,113,75,2,0.7059892430356304,47.0,42.670233871257594
2017,113,76,2,1.379950325116193,47.0,44.4270040008057
2017,114,52,5,2.9131959365537514,49.0,9.594068226860466
2017,114,53,33,16.26229202361197,49.0,10.887948130120165
2017,114,55,1,0.718883796294778,49.0,13.493398821551693
2017,114,56,4,1.7656195534413333,49.0,14.806506911897516
2017,114,57,11,4.216611642750319,49.0,16.127620213160753
2017,114,65,11,6.461491861578162,49.0,27.1006853482402
2017,114,68,1,0.4124005883281096,49.0,31.48143215916898
2017,114,74,1,0.3421259851710961,49.0,40.961788552349354
2017,114,77,2,0.6808209722492968,49.0,46.23825730732021
2017,114,83,1,0.6783165279017713,49.0,58.82116446134409
2017,115,64,21,13.27213554876208,51.0,25.679288619456855
2017,115,65,7,3.7913463259042173,51.0,27.1006853482402
2017,115,69,1,0.1927555276001213,51.0,32.98670708247892
2017,115,71,2,1.7271006447230002,51.0,36.07819997184263
2017,120,64,2,1.1262168043371443,61.0,25.679288619456855
2017,120,65,1,0.3695896663478992,61.0,27.1006853482402
2017,120,66,3,1.3599550686677913,61.0,28.540365484875558
2017,120,67,1,0.1403431710572527,61.0,29.999999999999996
2017,120,68,11,5.372711397498067,61.0,31.48143215916898
2017,120,69,8,4.720254344815476,61.0,32.98670708247892
2017,120,70,7,3.494187442610056,61.0,34.51810784106126
2017,121,64,54,23.571700558978396,63.0,25.679288619456855
2017,121,65,5,2.1444376279659787,63.0,27.1006853482402
2017,121,66,1,0.6875862746394845,63.0,28.540365484875558
2017,121,68,21,8.302815511411895,63.0,31.48143215916898
2017,121,69,59,26.733728267748972,63.0,32.98670708247892
2017,121,70,45,19.695857813188276,63.0,34.51810784106126
2017,121,71,14,4.362249531271901,63.0,36.07819997184263
2017,122,64,9,4.6679014771548895,65.0,25.679288619456855
2017,122,65,20,9.119303319996936,65.0,27.1006853482402
2017,122,66,10,4.233762349524182,65.0,28.540365484875558
2017,122,67,1,0.6841156390715057,65.0,29.999999999999996
2017,122,68,127,63.08182499471944,65.0,31.48143215916898
2017,122,69,33,15.178763753625486,65.0,32.98670708247892
2017,122,70,16,7.977719463073768,65.0,34.51810784106126
2017,122,71,142,54.3431338694024,65.0,36.07819997184263
2017,122,72,6,2.15262821894419,65.0,37.669886964329635
2017,123,63,41,17.518776262364227,67.0,24.274652194584778
2017,123,64,8,4.850755705879917,67.0,25.679288619456855
2017,123,65,11,4.431883572643114,67.0,27.1006853482402
2017,123,66,8,3.511150987233432,67.0,28.540365484875558
2017,123,67,106,51.054227816904834,67.0,29.999999999999996
2017,123,68,49,24.48454548591963,67.0,31.48143215916898
2017,123,69,57,25.112199580737542,67.0,32.98670708247892
2017,123,71,40,16.785561597371352,67.0,36.07819997184263
2017,123,72,8,3.1044317584991075,67.0,37.669886964329635
2017,124,63,1,0.3859314732687857,69.0,24.274652194584778
2017,124,64,3,1.6241803750451853,69.0,25.679288619456855
2017,124,65,7,3.343024661018111,69.0,27.1006853482402
2017,124,66,63,30.2198012783536,69.0,28.540365484875558
2017,124,67,18,8.556773820964171,69.0,29.999999999999996
2017,124,68,7,2.57506917074635,69.0,31.48143215916898
2017,124,69,163,73.0118366725171,69.0,32.98670708247892
2017,124,70,230,104.9412287446002,69.0,34.51810784106126
2017,124,71,96,35.59565818084662,69.0,36.07819997184263
2017,124,72,62,23.28898016482472,69.0,37.669886964329635
2017,125,61,1,0.6710876130268071,71.0,21.510188266887486
2017,125,62,1,0.1761575589864727,71.0,22.885380476158566
2017,125,66,2,0.5819592158429163,71.0,28.540365484875558
2017,125,67,3,0.703918936241899,71.0,29.999999999999996
2017,125,68,17,6.673122812722245,71.0,31.48143215916898
2017,125,69,63,27.51786683497632,71.0,32.98670708247892
2017,125,70,389,164.81859894657063,71.0,34.51810784106126
2017,125,71,11,3.6229071345822046,71.0,36.07819997184263
2017,125,72,18,5.712311825773748,71.0,37.669886964329635
2017,126,48,2,0.9102251877845072,73.0,4.460843697873993
2017,126,59,3,0.7756069864691775,73.0,18.797368824406544
2017,126,61,1,0.1613291598242007,73.0,21.510188266887486
2017,126,62,1,0.1843072259537379,73.0,22.885380476158566
2017,126,67,1,0.1761575589864727,73.0,29.999999999999996
2017,126,68,3,0.8327586486615428,73.0,31.48143215916898
2017,126,69,14,4.381555514904353,73.0,32.98670708247892
2017,126,70,19,6.82317867424474,73.0,34.51810784106126
2017,126,71,1,0.1643901798643195,73.0,36.07819997184263
2017,126,74,1,0.6931608632071383,73.0,40.961788552349354
2017,126,84,1,0.4766852223686519,73.0,61.37544904657465
2017,127,53,1,0.6782660227683281,75.0,10.887948130120165
2017,127,54,15,6.492385549907235,75.0,12.187474135425033
2017,127,55,1,0.2178386472867844,75.0,13.493398821551693
2017,127,58,2,0.9627257125046417,75.0,17.457603123722095
2017,127,67,2,0.8964711248648763,75.0,29.999999999999996
2017,127,68,20,7.534286680621474,75.0,31.48143215916898
2017,127,69,96,40.18926170012609,75.0,32.98670708247892
2017,127,70,164,61.29331906323641,75.0,34.51810784106126
2017,127,71,3,1.080085449862617,75.0,36.07819997184263
2017,127,75,1,0.2507797954028661,75.0,42.670233871257594
2017,128,51,1,0.2561115547067499,77.0,8.305109528050382
2017,128,52,1,0.2365824644887837,77.0,9.594068226860466
2017,128,53,2,0.9368182352525749,77.0,10.887948130120165
2017,128,54,2,0.4188886381366186,77.0,12.187474135425033
2017,128,55,1,0.2461453583482103,77.0,13.493398821551693
2017,128,62,1,0.7502329485333097,77.0,22.885380476158566
2017,128,65,3,1.2966941243873924,77.0,27.1006853482402
2017,128,66,4,1.5606213472881114,77.0,28.540365484875558
2017,128,67,2,0.6181958817831734,77.0,29.999999999999996
2017,129,50,11,7.582652740674774,79.0,7.020370749121086
2017,129,52,1,0.674958779313254,79.0,9.594068226860466
2017,129,54,1,0.6777185726228062,79.0,12.187474135425033
2017,129,58,1,0.7013124715015973,79.0,17.457603123722095
2017,129,60,1,0.1761575589864727,79.0,20.147886287247108
2017,129,62,1,0.3566736038023152,79.0,22.885380476158566
2017,129,64,1,0.2642751147239076,79.0,25.679288619456855
2017,129,65,4,2.927599457259304,79.0,27.1006853482402
2017,129,67,2,0.8699355038097468,79.0,29.999999999999996
2017,129,72,1,0.6229050287802349,79.0,37.669886964329635
2017,130,49,5,3.6151857318987886,81.0,5.739170477266791
2017,130,50,3,2.0951327281183207,81.0,7.020370749121086
2017,130,51,18,13.22212908970443,81.0,8.305109528050382
2017,130,52,4,0.7126498225737508,81.0,9.594068226860466
2017,130,55,1,0.6860122608919094,81.0,13.493398821551693
2017,130,58,19,8.073453969402522,81.0,17.457603123722095
2017,130,59,103,37.13252797027096,81.0,18.797368824406544
2017,130,60,48,14.805123729936339,81.0,20.147886287247108
2017,130,61,4,1.3525050031624586,81.0,21.510188266887486
2017,130,63,1,0.6889097664141847,81.0,24.274652194584778
2017,130,64,2,0.49795035507682306,81.0,25.679288619456855
2017,130,65,2,0.9782444449676339,81.0,27.1006853482402
2017,130,66,27,7.557532696485131,81.0,28.540365484875558
2017,130,67,9,2.4754388762019115,81.0,29.999999999999996
2017,131,58,15,5.388467706186395,83.0,17.457603123722095
2017,131,59,23,11.798932680324706,83.0,18.797368824406544
2017,131,60,14,5.8627410754618,83.0,20.147886287247108
2017,131,61,1,0.7284393416393363,83.0,21.510188266887486
2017,131,62,1,0.2448758006384031,83.0,22.885380476158566
2017,131,63,4,2.393804614755697,83.0,24.274652194584778
2017,131,64,2,0.38321525890389574,83.0,25.679288619456855
2017,131,65,17,6.994709136774266,83.0,27.1006853482402
2017,131,66,34,10.123250141912012,83.0,28.540365484875558
2017,131,67,1,0.1748299740851179,83.0,29.999999999999996
2017,132,59,2,0.4099931662538284,85.0,18.797368824406544
2017,132,60,4,2.015946870830066,85.0,20.147886287247108
2017,132,62,28,13.424586477737584,85.0,22.885380476158566
2017,132,63,58,28.79376910861666,85.0,24.274652194584778
2017,132,64,11,3.706080819848362,85.0,25.679288619456855
2017,132,65,75,24.562902570538114,85.0,27.1006853482402
2017,132,66,21,7.099567010855595,85.0,28.540365484875558
2017,133,62,2,0.3041679536897042,87.0,22.885380476158566
2017,133,63,14,6.5735968935497295,87.0,24.274652194584778
2017,133,64,15,5.181210913277443,87.0,25.679288619456855
2017,133,65,69,23.86755775790836,87.0,27.1006853482402
2017,134,61,1,0.3392601755170449,89.0,21.510188266887486
2017,134,62,14,6.179604839896774,89.0,22.885380476158566
2017,134,63,3,0.5768198086528162,89.0,24.274652194584778
2017,134,64,2,0.5086970860923421,89.0,25.679288619456855
2017,134,65,83,55.56856372491039,89.0,27.1006853482402
2017,135,61,1,0.3939828986416867,91.0,21.510188266887486
2017,135,62,8,2.7453083780568273,91.0,22.885380476158566
2017,135,63,18,5.973923504421693,91.0,24.274652194584778
2017,135,64,35,16.166600295165136,91.0,25.679288619456855
2017,135,65,3,1.2789203730908525,91.0,27.1006853482402
2017,135,81,1,0.2355223070123464,91.0,54.2046324563124
2017,136,59,1,0.246040291223668,93.0,18.797368824406544
2017,136,60,77,29.989199476890512,93.0,20.147886287247108
2017,136,61,18,7.331143924961892,93.0,21.510188266887486
2017,136,62,2,1.5318360465703202,93.0,22.885380476158566
2017,136,63,56,19.94294100719907,93.0,24.274652194584778
2017,136,64,16,4.987949963940182,93.0,25.679288619456855
2017,137,60,1,0.2791200177843305,95.0,20.147886287247108
2017,137,63,23,9.3751622833597,95.0,24.274652194584778
2017,137,64,10,2.664239487396932,95.0,25.679288619456855
2017,137,65,25,10.38877936916639,95.0,27.1006853482402
2017,137,66,1,0.2600276370580921,95.0,28.540365484875558
2017,138,49,1,0.6772214263571388,97.0,5.739170477266791
2017,138,58,2,0.6139352885463162,97.0,17.457603123722095
2017,138,60,1,0.1015632029261719,97.0,20.147886287247108
2017,138,62,8,3.2298543511406317,97.0,22.885380476158566
2017,138,63,2,0.6402719633399232,97.0,24.274652194584778
2017,138,64,3,0.6268488136264795,97.0,25.679288619456855
2017,138,65,3,0.6017870944871393,97.0,27.1006853482402
2017,139,47,1,0.2488586860109243,99.0,3.1847385367204106
2017,139,51,1,0.6413495247924474,99.0,8.305109528050382
2017,139,63,3,1.7914126131807264,99.0,24.274652194584778
2017,140,44,1,0.6891808790478133,101.0,-0.6366328722676353
2017,140,47,4,0.908070063461647,101.0,3.1847385367204106
2017,140,49,67,38.736139409191765,101.0,5.739170477266791
2017,140,50,94,50.58941222800474,101.0,7.020370749121086
2017,140,55,4,2.3683878292978795,101.0,13.493398821551693
2017,140,58,1,0.7359828781198329,101.0,17.457603123722095
2017,141,49,12,7.392855486417283,103.0,5.739170477266791
2017,141,59,1,0.2654269356427483,103.0,18.797368824406544
2017,142,80,1,0.2101473684013294,105.0,52.08179734355447
2017,143,39,1,0.7247685005758514,107.0,-7.020370749121086
2017,143,40,5,2.779870211524983,107.0,-5.739170477266785
2017,143,53,2,0.8047913239031184,107.0,10.887948130120165
2017,144,39,2,1.0425763962192054,109.0,-7.020370749121086
2017,145,39,2,0.3956451938001677,111.0,-7.020370749121086
2017,146,39,1,0.2056446748533366,113.0,-7.020370749121086
2017,146,62,4,3.108324617848979,113.0,22.885380476158566
2017,148,51,4,2.5510128152926907,117.0,8.305109528050382
2017,148,70,1,0.7979040483402524,117.0,34.51810784106126
2017,149,38,2,0.4591909059544222,119.0,-8.305109528050389
2017,149,49,3,0.9198070144118468,119.0,5.739170477266791
2017,149,52,3,1.1971449353857624,119.0,9.594068226860466
2017,149,53,2,1.079136393992853,119.0,10.887948130120165
2017,149,57,1,0.246040291223668,119.0,16.127620213160753
2017,150,45,1,0.2654269356427483,121.0,0.6366328722676353
2017,150,49,16,5.034828505135529,121.0,5.739170477266791
2017,150,50,10,4.201020235448294,121.0,7.020370749121086
2017,150,54,4,1.5426652801017295,121.0,12.187474135425033
2017,150,55,11,3.2971770406026875,121.0,13.493398821551693
2017,150,56,45,17.769313430205983,121.0,14.806506911897516
2017,150,57,23,12.053195507865741,121.0,16.127620213160753
2017,150,58,29,15.5250016564546,121.0,17.457603123722095
2017,150,59,3,2.222035154761423,121.0,18.797368824406544
2017,150,64,1,0.7084473654046662,121.0,25.679288619456855
2017,151,50,36,15.781222366161357,123.0,7.020370749121086
2017,151,51,22,7.415012363871794,123.0,8.305109528050382
2017,151,52,19,7.523946580453321,123.0,9.594068226860466
2017,151,53,30,11.603628518006902,123.0,10.887948130120165
2017,151,54,23,8.180246478475986,123.0,12.187474135425033
2017,151,55,22,9.196520921886222,123.0,13.493398821551693
2017,151,56,3,1.2220000669652493,123.0,14.806506911897516
2017,151,57,1,0.1624823069492919,123.0,16.127620213160753
2017,151,58,2,0.28846431918616067,123.0,17.457603123722095
2017,152,49,21,9.586213833802994,125.0,5.739170477266791
2017,152,50,180,70.70432861389251,125.0,7.020370749121086
2017,152,51,77,34.17172862225097,125.0,8.305109528050382
2017,152,52,39,12.012743506499097,125.0,9.594068226860466
2017,152,53,3,0.7275796979599849,125.0,10.887948130120165
2017,152,54,16,7.788107558057602,125.0,12.187474135425033
2017,152,55,9,3.7181533210292605,125.0,13.493398821551693
2017,153,50,11,5.962956469898924,127.0,7.020370749121086
2017,153,51,20,9.218020512401253,127.0,8.305109528050382
2017,153,52,4,1.6411276168133089,127.0,9.594068226860466
2017,157,78,1,0.3768754166786368,135.0,48.11140308495899
2017,158,41,9,3.7688807264104076,137.0,-4.460843697873993
2017,159,41,1,0.297962728624148,139.0,-4.460843697873993
2017,162,17,2,0.861416772641395,145.0,-37.669886964329635
2017,162,40,2,0.9280363774621163,145.0,-5.739170477266785
2017,163,37,1,0.1388470577692592,147.0,-9.59406822686046
2017,163,39,4,2.839752781148374,147.0,-7.020370749121086
2017,164,18,1,0.2484717284362559,149.0,-36.078199971842636
2017,165,19,1,0.2132209195932516,151.0,-34.51810784106126
2017,165,42,1,0.1851785373320351,151.0,-3.1847385367204106
